day,phase,box,mouse,time_bin,time_window,s_wall_count,s_wall_duration,s_wall_mean_duration,nest_duration,outside_nest_duration,nest_count,nest_mean_duration,s_wall_duration_fraction,s_wall_event_rate,ramp1_count,ramp1_duration,ramp1_mean_duration,ramp1_duration_fraction,ramp1_event_rate,ramp2_count,ramp2_duration,ramp2_mean_duration,ramp2_duration_fraction,ramp2_event_rate,non_wall_count,non_wall_duration,non_wall_mean_duration,non_wall_duration_fraction,non_wall_event_rate,woodstick_count,woodstick_duration,woodstick_mean_duration,woodstick_duration_fraction,woodstick_event_rate,feeder_prox_count,feeder_prox_duration,feeder_prox_mean_duration,feeder_prox_duration_fraction,feeder_prox_event_rate,feeder_dist_count,feeder_dist_duration,feeder_dist_mean_duration,feeder_dist_duration_fraction,feeder_dist_event_rate,water_prox_count,water_prox_duration,water_prox_mean_duration,water_prox_duration_fraction,water_prox_event_rate,water_dist_count,water_dist_duration,water_dist_mean_duration,water_dist_duration_fraction,water_dist_event_rate,motionless_count,motionless_duration,motionless_mean_duration,motionless_duration_fraction,motionless_event_rate,speeding_count,speeding_duration,speeding_mean_duration,speeding_duration_fraction,speeding_event_rate,chasing_duration,chasing_count,chasing_mean_duration,chased_duration,chased_count,chased_mean_duration,chasing_duration_fraction,chasing_event_rate,chased_duration_fraction,chased_event_rate,chasing_duration_ratio,chased_duration_ratio,chasing_event_ratio,chased_event_ratio,total_distance,valid_locomotion_duration,mean_speed,median_speed,mean_abs_angular_velocity,mean_abs_acceleration,valid_locomotion_duration_fraction,nest_frames,weighted_sum,alone_sum,weighted_co_occupancy,alone_fraction,feeding_frames,drinking_frames,ramps_frames,s_wall_frames,feeding_together_frames,drinking_together_frames,ramps_together_frames,s_wall_together_frames,feeding_alone_frames,drinking_alone_frames,ramps_alone_frames,s_wall_alone_frames,feeding_together_fraction,feeding_alone_fraction,drinking_together_fraction,drinking_alone_fraction,ramps_together_fraction,ramps_alone_fraction,s_wall_together_fraction,s_wall_alone_fraction,time_point,exp,sex,age,mouse_ID,background,treatment,condition
1,inactive,1,blue,4,0-4,88.0,958.2,10.888636363636364,7585.44,6814.56,115.0,65.96034782608696,0.1406106923998027,0.0129135263318541,14.0,45.12,3.222857142857143,0.0066211171374233,0.002054424643704,11.0,55.16,5.014545454545455,0.008094433096194,0.0016141907914817,218.0,11869.04,54.445137614678906,1.7417177337935246,0.0319903265948205,,,,,,40.0,789.08,19.727,0.1157932427038576,0.0058697846962973,19.0,57.32,3.0168421052631578,0.008411401469794,0.0027881477307412,28.0,149.76,5.348571428571428,0.0219764739029372,0.0041088492874081,7.0,27.12,3.8742857142857146,0.0039797140240895,0.001027212321852,139.0,683.44,4.916834532374101,0.1002911413209363,0.0203975018196332,13.0,32.0,2.4615384615384617,0.0046958277570378,0.0019076800262966,5.4,5.0,1.08,0.0,0.0,0.0,0.0007924209340001,0.0007337230870371,0.0,0.0,1.0,0.0,1.0,0.0,284.1651610980557,6700.0,0.0424127106116501,0.0086550798792371,1.9688185641870015,0.0350255318991501,0.9831889366298044,189751.0,172589.33333333334,1588.0,0.9095569105476828,0.0083688623511865,21219.0,4457.0,2532.0,24043.0,1430.0,53.0,156.0,78.0,19789.0,4404.0,2376.0,23965.0,0.0673924313115603,0.9326075686884396,0.0118914067758582,0.9881085932241418,0.0616113744075829,0.9383886255924172,0.0032441874974004,0.9967558125025996,baseline,male_P35,male,P35,1072482,CTRL,MDMA,CTRL_MDMA
1,inactive,1,blue,8,4-8,8.0,63.8,7.975,13749.08,650.9200000000001,16.0,859.3175,0.0980151170650771,0.0122902968106679,1.0,1.68,1.68,0.0025809623302402,0.0015362871013334,1.0,1.28,1.28,0.0019664474897068,0.0015362871013334,18.0,14265.2,792.5111111111112,21.915442757942603,0.0276531678240029,,,,,,7.0,61.44,8.777142857142858,0.09438947950593,0.0107540097093344,2.0,18.76,9.38,0.0288207460210164,0.0030725742026669,,,,,,2.0,6.04,3.02,0.0092791740920543,0.0030725742026669,12.0,42.4,3.533333333333333,0.0651385730965402,0.0184354452160019,6.0,14.92,2.486666666666667,0.0229214035518957,0.0092177226080009,1.4,1.0,1.4,0.0,0.0,0.0,0.0021508019418668,0.0015362871013334,0.0,0.0,1.0,0.0,1.0,0.0,18.91805717407039,635.0,0.029792216022158,0.004125341133171,1.945521441834194,0.0238722915196298,0.9755423093467708,343743.0,262130.66666666663,886.0,0.7625774682442017,0.0025775070328704,2014.0,153.0,76.0,1603.0,0.0,0.0,0.0,739.0,2014.0,153.0,76.0,864.0,0.0,1.0,0.0,1.0,0.0,1.0,0.4610106051154086,0.5389893948845914,baseline,male_P35,male,P35,1072482,CTRL,MDMA,CTRL_MDMA
1,inactive,1,blue,12,8-12,5.0,27.6,5.5200000000000005,13500.84,899.1599999999999,16.0,843.8025,0.0306953156279193,0.005560745584768,1.0,4.64,4.64,0.0051603719026647,0.0011121491169536,2.0,9.56,4.78,0.0106321455580764,0.0022242982339072,18.0,14307.24,794.8466666666667,15.911784332043243,0.0200186841051648,,,,,,18.0,203.32,11.295555555555556,0.2261221584590062,0.0200186841051648,8.0,29.84,3.73,0.0331865296498954,0.0088971929356288,5.0,20.6,4.12,0.0229102718092441,0.005560745584768,3.0,29.12,9.706666666666669,0.0323857822856888,0.0033364473508608,10.0,35.8,3.5799999999999996,0.0398149383869389,0.011121491169536,5.0,12.28,2.456,0.0136571911561902,0.005560745584768,,,,,,,,,,,,,,,24.632112883121756,882.0,0.0279275656271221,0.00544539551509,1.9765057037251144,0.0246328932452611,0.9809155211530765,337537.0,319748.0,2498.0,0.9472976295932002,0.007400670148754,5855.0,1251.0,358.0,695.0,817.0,0.0,0.0,0.0,5038.0,1251.0,358.0,695.0,0.1395388556789069,0.8604611443210931,0.0,1.0,0.0,1.0,0.0,1.0,baseline,male_P35,male,P35,1072482,CTRL,MDMA,CTRL_MDMA
1,inactive,1,green,4,0-4,14.0,111.96,7.997142857142856,12456.12,1943.8799999999992,164.0,75.9519512195122,0.0575961479103648,0.0072020906640327,9.0,47.64,5.293333333333333,0.0245076856596086,0.0046299154268782,7.0,51.84,7.405714285714287,0.0266683128588184,0.0036010453320163,24.0,14171.8,590.4916666666667,7.290470605181392,0.0123464411383418,,,,,,25.0,461.92,18.4768,0.2376278371092867,0.0128608761857727,11.0,66.44,6.04,0.0341790645513097,0.00565878552174,14.0,71.2,5.085714285714286,0.0366277753770809,0.0072020906640327,4.0,30.12,7.53,0.015494783628619,0.0020577401897236,19.0,69.2,3.642105263157895,0.035598905282219,0.0097742659011873,,,,,,0.0,0.0,0.0,4.6,4.0,1.15,0.0,0.0,0.0023664012181821,0.0020577401897236,0.0,1.0,0.0,1.0,76.77566943569353,1798.0,0.0427005947918206,0.0102604692944157,1.953409601730922,0.040232994605332,0.924954215280779,311567.0,249581.3333333333,1055.0,0.8010518871810343,0.0033861095687283,13245.0,2551.0,2503.0,2813.0,1225.0,0.0,478.0,197.0,12020.0,2551.0,2025.0,2616.0,0.092487731219328,0.907512268780672,0.0,1.0,0.1909708349980024,0.8090291650019976,0.0700319943121222,0.9299680056878776,baseline,male_P35,male,P35,1072240,ELA,MDMA,ELA_MDMA
1,inactive,1,green,8,4-8,82.0,1072.44,13.078536585365857,8578.08,5821.92,55.0,155.96509090909092,0.1842072718278506,0.0140847005798774,10.0,32.2,3.22,0.0055308214472201,0.0017176464121801,13.0,74.76,5.750769230769231,0.0128411245774589,0.0022329403358342,145.0,11746.6,81.01103448275862,2.0176505345315636,0.0249058729766125,,,,,,20.0,159.24,7.962000000000001,0.027351801467557,0.0034352928243603,21.0,640.96,30.521904761904764,0.1100942644351004,0.0036070574655783,8.0,57.64,7.205,0.0099005139198065,0.0013741171297441,11.0,52.2,4.745454545454546,0.0089661142715805,0.0018894110533981,102.0,483.72,4.74235294117647,0.0830859922499794,0.0175199934042377,10.0,23.08,2.308,0.0039643279193118,0.0017176464121801,,,,,,,,,,,,,,,184.54554363481245,5772.0,0.0319725474072786,0.0076095846737401,2.016514614851567,0.0273903678486205,0.9914255091103964,214507.0,178987.66666666663,0.0,0.834414106144166,0.0,20046.0,2751.0,2697.0,26893.0,28.0,48.0,59.0,918.0,20018.0,2703.0,2638.0,25975.0,0.0013967873890052,0.9986032126109948,0.0174482006543075,0.9825517993456924,0.0218761586948461,0.9781238413051538,0.0341352768378388,0.9658647231621612,baseline,male_P35,male,P35,1072240,ELA,MDMA,ELA_MDMA
1,inactive,1,green,12,8-12,4.0,15.76,3.94,13209.12,1190.8799999999992,74.0,178.50162162162164,0.0132339110573693,0.0033588606744592,4.0,13.0,3.25,0.0109162971919924,0.0033588606744592,3.0,15.64,5.213333333333334,0.0131331452371355,0.0025191455058444,16.0,14352.88,897.055,12.052331049308082,0.0134354426978369,1.0,2.0,2.0,0.0016794303372296,0.0008397151686148,45.0,660.64,14.680888888888887,0.5547494289936857,0.0377871825876662,5.0,22.52,4.504,0.0189103855972054,0.004198575843074,2.0,4.44,2.22,0.0037283353486497,0.0016794303372296,1.0,1.32,1.32,0.0011084240225715,0.0008397151686148,7.0,22.28,3.182857142857143,0.0187088539567378,0.0058780061803036,1.0,2.68,2.68,0.0022504366518876,0.0008397151686148,,,,,,,,,,,,,,,36.40325050028954,1122.0,0.0324449647952669,0.003690406321252,2.2278751521611313,0.0271393574393137,0.9421604191858128,330302.0,319457.6666666667,1008.0,0.9671684296996892,0.0030517526384944,17129.0,147.0,723.0,398.0,1887.0,34.0,286.0,166.0,15242.0,113.0,437.0,232.0,0.1101640492731624,0.8898359507268375,0.2312925170068027,0.7687074829931972,0.3955739972337482,0.6044260027662517,0.4170854271356783,0.5829145728643216,baseline,male_P35,male,P35,1072240,ELA,MDMA,ELA_MDMA
1,inactive,1,red,4,0-4,5.0,138.12,27.624,12282.32,2117.6800000000003,108.0,113.72518518518518,0.0652223187639303,0.0023610743832873,2.0,9.6,4.8,0.0045332628159117,0.0009444297533149,2.0,11.16,5.58,0.0052699180234974,0.0009444297533149,27.0,14133.24,523.4533333333334,6.6739261833704795,0.0127498016697518,,,,,,51.0,959.12,18.80627450980392,0.4529107324997166,0.0240829587095311,2.0,50.52,25.26,0.0238562955687355,0.0009444297533149,15.0,135.92,9.061333333333332,0.0641834460352838,0.0070832231498621,1.0,1.16,1.16,0.0005477692569226,0.0004722148766574,26.0,117.16,4.506153846153846,0.0553246949491896,0.0122775867930943,3.0,7.48,2.4933333333333336,0.0035321672773979,0.0014166446299724,0.0,0.0,0.0,0.8,1.0,0.8,0.0,0.0,0.0003777719013259,0.0004722148766574,0.0,1.0,0.0,1.0,37.61986746102196,2009.0,0.0187256682235052,0.0038442392190344,1.93561902506327,0.0167800904631469,0.9486796872048656,307166.0,241056.66666666663,8605.0,0.7847765269159562,0.0280141682347655,25294.0,3443.0,523.0,3458.0,303.0,0.0,17.0,29.0,24991.0,3443.0,506.0,3429.0,0.0119791254843045,0.9880208745156954,0.0,1.0,0.0325047801147227,0.9674952198852772,0.0083863504916136,0.9916136495083864,baseline,male_P35,male,P35,1072442,CTRL,MDMA,CTRL_MDMA
1,inactive,1,red,8,4-8,23.0,683.8,29.730434782608693,10840.8,3559.2000000000007,28.0,387.1714285714285,0.1921218251292424,0.0064621263205214,9.0,64.4,7.155555555555556,0.0180939536974601,0.0025286581254214,7.0,44.12,6.3028571428571425,0.0123960440548437,0.00196673409755,59.0,12930.76,219.16542372881355,3.6330523713193967,0.0165767588222072,,,,,,9.0,276.36,30.706666666666667,0.0776466621712744,0.0025286581254214,16.0,600.2,37.5125,0.1686334007642166,0.0044953922229714,12.0,43.76,3.6466666666666665,0.0122948977298269,0.0033715441672285,11.0,76.48,6.952727272727273,0.0214879748258035,0.0030905821532928,56.0,217.28,3.88,0.0610474263879523,0.0157338727804,8.0,20.2,2.525,0.0056754326815014,0.0022476961114857,0.0,0.0,0.0,1.4,1.0,1.4,0.0,0.0,0.00039334681951,0.0002809620139357,0.0,1.0,0.0,1.0,69.52795095260598,3528.0,0.0197074690908747,0.0036971775054674,2.076893713567635,0.018368829299754,0.9912339851652054,271048.0,214000.3333333333,1265.0,0.7895292838660802,0.004667070039255,21939.0,3029.0,2729.0,17118.0,0.0,0.0,0.0,0.0,21939.0,3029.0,2729.0,17118.0,0.0,1.0,0.0,1.0,0.0,1.0,0.0,1.0,baseline,male_P35,male,P35,1072442,CTRL,MDMA,CTRL_MDMA
1,inactive,1,red,12,8-12,1.0,1.28,1.28,14004.72,395.28000000000065,10.0,1400.472,0.0032382108884841,0.0025298522566282,,,,,,1.0,11.48,11.48,0.0290427039060918,0.0025298522566282,9.0,14370.08,1596.6755555555555,36.35417931592789,0.0227686703096538,,,,,,11.0,170.08,15.461818181818185,0.4302772718073258,0.0278283748229102,2.0,43.36,21.68,0.1096943938473991,0.0050597045132564,3.0,16.64,5.546666666666667,0.0420967415502933,0.0075895567698846,1.0,1.8,1.8,0.0045537340619307,0.0025298522566282,9.0,34.44,3.826666666666666,0.0871281117182755,0.0227686703096538,1.0,1.96,1.96,0.0049585104229912,0.0025298522566282,,,,,,,,,,,,,,,8.579011436157373,386.0,0.0222254182283869,0.0051552835316699,1.956675828292987,0.0202089716434741,0.9765229710584886,350128.0,328734.3333333334,1468.0,0.9388975841216166,0.0041927523648494,5349.0,465.0,288.0,33.0,1028.0,229.0,0.0,0.0,4321.0,236.0,288.0,33.0,0.1921854552252757,0.8078145447747243,0.4924731182795699,0.5075268817204301,0.0,1.0,0.0,1.0,baseline,male_P35,male,P35,1072442,CTRL,MDMA,CTRL_MDMA
1,inactive,1,yellow,4,0-4,7.0,29.8,4.257142857142857,13122.72,1277.2800000000009,105.0,124.9782857142857,0.0233308280095202,0.0054803958411624,6.0,23.16,3.86,0.0181322810973318,0.0046974821495678,2.0,3.92,1.96,0.0030690216710509,0.0015658273831892,17.0,14333.68,843.1576470588235,11.222034322936231,0.0133095327571088,,,,,,17.0,107.0,6.294117647058823,0.0837717650006262,0.0133095327571088,2.0,8.64,4.32,0.0067643742953776,0.0015658273831892,6.0,30.52,5.086666666666667,0.0238945258674683,0.0046974821495678,1.0,1.44,1.44,0.0011273957158962,0.0007829136915946,14.0,67.72,4.837142857142857,0.0530189151947888,0.0109607916823249,1.0,2.56,2.56,0.0020042590504822,0.0007829136915946,,,,,,,,,,,,,,,52.61299095972824,1187.0,0.0443243394774458,0.0140300233558499,2.085471709506499,0.0404480690052974,0.9293185519228354,328173.0,254527.3333333333,3897.0,0.7755888916313448,0.0118748343099523,2910.0,806.0,685.0,752.0,226.0,53.0,339.0,246.0,2684.0,753.0,346.0,506.0,0.0776632302405498,0.9223367697594502,0.0657568238213399,0.93424317617866,0.4948905109489051,0.5051094890510949,0.3271276595744681,0.6728723404255319,baseline,male_P35,male,P35,1072421,ELA,MDMA,ELA_MDMA
1,inactive,1,yellow,8,4-8,9.0,69.88,7.764444444444444,13744.12,655.8799999999992,41.0,335.22243902439027,0.1065438799780448,0.0137220223211563,2.0,7.88,3.94,0.0120143928767457,0.0030493382935902,,,,,,11.0,14357.48,1305.2254545454546,21.89040678172839,0.0167713606147466,,,,,,8.0,89.96,11.245,0.1371592364456914,0.0121973531743611,1.0,1.48,1.48,0.0022565103372568,0.0015246691467951,1.0,2.28,2.28,0.0034762456546929,0.0015246691467951,3.0,27.44,9.146666666666668,0.0418369213880588,0.0045740074403854,11.0,42.24,3.84,0.064402024760627,0.0167713606147466,,,,,,,,,,,,,,,,,,,,21.31681238121162,622.0,0.0342714025421408,0.008219425771683,2.126754193926822,0.0314416607227411,0.9483442093065816,343644.0,265648.6666666666,0.0,0.7730344969406322,0.0,2295.0,747.0,199.0,1756.0,28.0,48.0,59.0,855.0,2267.0,699.0,140.0,901.0,0.0122004357298474,0.9877995642701524,0.0642570281124498,0.9357429718875502,0.2964824120603015,0.7035175879396985,0.4869020501138952,0.5130979498861048,baseline,male_P35,male,P35,1072421,ELA,MDMA,ELA_MDMA
1,inactive,1,yellow,12,8-12,7.0,79.88,11.411428571428573,13210.48,1189.5200000000004,24.0,550.4366666666666,0.0671531373999596,0.005884726612415,5.0,24.36,4.872,0.0204788486112045,0.004203376151725,1.0,1.48,1.48,0.0012441993409106,0.000840675230345,22.0,14304.56,650.2072727272727,12.025489272984055,0.0184948550675902,,,,,,46.0,365.92,7.954782608695653,0.3076198802878471,0.0386710605958705,10.0,73.44,7.343999999999999,0.0617391889165377,0.0084067523034501,3.0,11.8,3.9333333333333336,0.0099199677180711,0.002522025691035,5.0,47.52,9.504,0.039948886945995,0.004203376151725,8.0,26.2,3.275,0.0220256910350393,0.0067254018427601,2.0,5.44,2.72,0.0045732732530768,0.00168135046069,,,,,,,,,,,,,,,35.888473054669404,1162.0,0.030885088687323,0.0051415754525442,2.2118283293993413,0.0295462543602467,0.9768646176609048,330286.0,320348.6666666666,77.0,0.9699129441352846,0.0002331312862186,11040.0,1491.0,652.0,2004.0,1901.0,263.0,286.0,166.0,9139.0,1228.0,366.0,1838.0,0.1721920289855072,0.8278079710144928,0.1763916834339369,0.823608316566063,0.4386503067484663,0.5613496932515337,0.0828343313373253,0.9171656686626748,baseline,male_P35,male,P35,1072421,ELA,MDMA,ELA_MDMA
1,inactive,2,blue,4,0-4,35.0,445.04,12.715428571428571,3361.52,11038.48,39.0,86.19282051282052,0.0403171451141823,0.00317072640436,8.0,31.16,3.895,0.0028228524217102,0.0007247374638537,3.0,23.6,7.866666666666667,0.0021379755183684,0.0002717765489451,90.0,8513.36,94.5928888888889,0.7712438669092122,0.0081532964683543,,,,,,58.0,724.92,12.498620689655173,0.0656720852871047,0.0052543466129394,44.0,463.96,10.544545454545457,0.0420311492161964,0.0039860560511954,14.0,224.44,16.03142857142857,0.020332509548416,0.001268290561744,12.0,108.96,9.08,0.0098709242576876,0.0010871061957805,88.0,400.8,4.554545454545455,0.0363093469390713,0.0079721121023909,30.0,74.48,2.482666666666667,0.0067473057884781,0.0027177654894514,4.2,4.0,1.05,12.2,10.0,1.22,0.0003804871685232,0.0003623687319268,0.0011052246323769,0.0009059218298171,0.2560975609756097,0.7439024390243902,0.2857142857142857,0.7142857142857143,130.3899038165901,6190.0,0.0210646048168966,0.0036182115496824,2.097628969029969,0.0191048952425451,0.5607656126568151,84077.0,69382.66666666667,1257.0,0.8252276682881962,0.0149505810150219,29824.0,8361.0,1380.0,11161.0,10691.0,611.0,0.0,2139.0,19133.0,7750.0,1380.0,9022.0,0.3584696888412017,0.6415303111587983,0.0730773830881473,0.9269226169118526,0.0,1.0,0.1916494937729594,0.8083505062270406,baseline,male_P35,male,P35,1072265,ELA,MDMA,ELA_MDMA
1,inactive,2,blue,8,4-8,,,,12828.0,1572.0,4.0,3207.0,,,,,,,,,,,,,4.0,12831.0,3207.75,8.162213740458014,0.0025445292620865,,,,,,,,,,,,,,,,,,,,,,,,,,,,,,,,,,,,,,,,,,,,,,,,,,0.0,0.0,,,,,0.0,320704.0,320695.6666666666,0.0,0.9999740154992348,0.0,,,,,,,,,,,,,,,,,,,,,baseline,male_P35,male,P35,1072265,ELA,MDMA,ELA_MDMA
1,inactive,2,blue,12,8-12,1.0,3.48,3.48,13322.32,1077.6800000000003,17.0,783.6658823529411,0.0032291589340063,0.0009279192339098,2.0,21.24,10.62,0.0197090045282458,0.0018558384678197,1.0,8.44,8.44,0.0078316383341993,0.0009279192339098,22.0,14290.04,649.5472727272728,13.260002969341546,0.0204142231460173,,,,,,11.0,668.44,60.76727272727273,0.6202583327147204,0.0102071115730086,1.0,1.52,1.52,0.001410437235543,0.0009279192339098,5.0,46.28,9.256,0.0429441021453492,0.0046395961695494,1.0,2.04,2.04,0.0018929552371761,0.0009279192339098,8.0,22.44,2.805,0.0208225076089377,0.007423353871279,5.0,14.44,2.888,0.0133991537376586,0.0046395961695494,,,,,,,,,,,,,,,11.623171548916856,1058.0,0.010985984450772,0.0021929636597144,2.1253212867139606,0.0107973293149562,0.9817385494766532,333075.0,308782.0,4687.0,0.9270644749681004,0.0140719057269383,16761.0,1214.0,745.0,88.0,0.0,445.0,0.0,0.0,16761.0,769.0,745.0,88.0,0.0,1.0,0.3665568369028006,0.6334431630971994,0.0,1.0,0.0,1.0,baseline,male_P35,male,P35,1072265,ELA,MDMA,ELA_MDMA
1,inactive,2,green,4,0-4,27.0,366.12,13.56,4471.2,9928.8,97.0,46.09484536082474,0.0368745467730239,0.0027193618564176,8.0,23.44,2.93,0.0023608089597937,0.0008057368463459,5.0,20.6,4.12,0.0020747723793409,0.0005035855289662,84.0,8167.2,97.22857142857144,0.8225767464346145,0.0084602368866328,,,,,,33.0,1028.44,31.164848484848488,0.1035815002820079,0.0033236644911771,33.0,862.96,26.150303030303032,0.0869148336153412,0.0033236644911771,11.0,118.32,10.756363636363636,0.011916847957457,0.0011078881637257,7.0,100.32,14.331428571428573,0.0101039400531786,0.0007050197405527,62.0,240.32,3.876129032258064,0.0242043348642333,0.0062444605591813,17.0,46.48,2.7341176470588233,0.0046813310772701,0.0017121907984852,9.8,9.0,1.088888888888889,7.0,7.0,1.0,0.0009870276367738,0.0009064539521392,0.0007050197405527,0.0007050197405527,0.5833333333333334,0.4166666666666666,0.5625,0.4375,137.65331047288583,5023.0,0.0274046009302978,0.0033085898165382,2.117014985521806,0.0253242580228958,0.5059020223994843,111877.0,89846.33333333331,272.0,0.8030813601842498,0.0024312414526667,47351.0,5484.0,1114.0,9180.0,16551.0,793.0,230.0,989.0,30800.0,4691.0,884.0,8191.0,0.3495385525120905,0.6504614474879095,0.1446024799416484,0.8553975200583516,0.2064631956912028,0.7935368043087971,0.1077342047930283,0.8922657952069717,baseline,male_P35,male,P35,1072254,ELA,MDMA,ELA_MDMA
1,inactive,2,green,8,4-8,,,,12826.96,1573.0400000000009,5.0,2565.392,,,,,,,,,,,,,4.0,12831.0,3207.75,8.156817372730504,0.0025428469714692,,,,,,,,,,,,,,,,,,,,,,,,,,,,,,,,,,,,,,,,,,,,,,,,,,0.0,0.0,,,,,0.0,320679.0,320679.0,0.0,1.0,0.0,,,,,,,,,,,,,,,,,,,,,baseline,male_P35,male,P35,1072254,ELA,MDMA,ELA_MDMA
1,inactive,2,green,12,8-12,3.0,12.28,4.093333333333333,13369.16,1030.84,70.0,190.988,0.0119126149547941,0.0029102479531256,11.0,57.56,5.232727272727273,0.0558379573939699,0.0106709091614605,2.0,12.04,6.02,0.0116797951185441,0.0019401653020837,17.0,14348.2,844.0117647058823,13.918939893678944,0.0164914050677117,,,,,,28.0,277.72,9.918571428571427,0.2694113538473478,0.0271623142291723,6.0,14.04,2.34,0.0136199604206278,0.0058204959062512,6.0,30.56,5.093333333333333,0.0296457258158395,0.0058204959062512,1.0,7.28,7.28,0.0070622016995848,0.0009700826510418,9.0,31.36,3.484444444444444,0.030421791936673,0.0087307438593768,2.0,4.36,2.18,0.0042295603585425,0.0019401653020837,,,,,,,,,,,,,,,39.79283358855403,970.0,0.0410235397820144,0.0075912963394169,2.084295343120147,0.0378963962246055,0.9409801715106128,334299.0,316208.3333333333,0.0,0.9458847718160488,0.0,7328.0,953.0,1753.0,310.0,526.0,425.0,560.0,224.0,6802.0,528.0,1193.0,86.0,0.0717794759825327,0.9282205240174672,0.4459601259181532,0.5540398740818469,0.3194523673702225,0.6805476326297776,0.7225806451612903,0.2774193548387096,baseline,male_P35,male,P35,1072254,ELA,MDMA,ELA_MDMA
1,inactive,2,red,4,0-4,20.0,414.68,20.734,7681.68,6718.32,46.0,166.9930434782609,0.0617237642744019,0.0029769347098679,4.0,10.84,2.71,0.0016134986127484,0.0005953869419735,3.0,13.32,4.44,0.001982638516772,0.0004465402064801,40.0,8903.52,222.588,1.3252598864001717,0.0059538694197358,1.0,1.32,1.32,0.0001964776908512,0.0001488467354933,37.0,496.4,13.416216216216217,0.0738875194989223,0.0055073292132556,8.0,47.72,5.965,0.0071029662177449,0.0011907738839471,4.0,25.04,6.26,0.0037271222567546,0.0005953869419735,2.0,3.84,1.92,0.0005715714642946,0.0002976934709867,34.0,133.64,3.9305882352941177,0.0198918777313375,0.0050607890067755,3.0,6.8,2.2666666666666666,0.0010121578013551,0.0004465402064801,6.4,5.0,1.28,1.2,1.0,1.2,0.0009526191071577,0.0007442336774669,0.000178616082592,0.0001488467354933,0.8421052631578947,0.1578947368421052,0.8333333333333334,0.1666666666666666,47.913088444504346,1865.0,0.0256906640453106,0.0047802960003473,2.060354247076804,0.023332413270408,0.2775991616951857,192088.0,117425.0,8068.0,0.6113083586689433,0.0420015826079713,13648.0,728.0,611.0,10387.0,7020.0,0.0,0.0,1690.0,6628.0,728.0,611.0,8697.0,0.5143610785463072,0.4856389214536928,0.0,1.0,0.0,1.0,0.16270337922403,0.83729662077597,baseline,male_P35,male,P35,1072440,CTRL,MDMA,CTRL_MDMA
1,inactive,2,red,8,4-8,,,,12828.0,1572.0,4.0,3207.0,,,,,,,,,,,,,4.0,12831.0,3207.75,8.162213740458014,0.0025445292620865,,,,,,,,,,,,,,,,,,,,,,,,,,,,,,,,,,,,,,,,,,,,,,,,,,0.0,0.0,,,,,0.0,320704.0,320695.6666666666,0.0,0.9999740154992348,0.0,,,,,,,,,,,,,,,,,,,,,baseline,male_P35,male,P35,1072440,CTRL,MDMA,CTRL_MDMA
1,inactive,2,red,12,8-12,4.0,27.44,6.86,13123.96,1276.0400000000009,21.0,624.9504761904761,0.0215040280868938,0.0031346979718504,2.0,16.16,8.08,0.0126641798062756,0.0015673489859252,2.0,15.0,7.5,0.011755117394439,0.0015673489859252,15.0,14323.24,954.8826666666666,11.224757844581667,0.011755117394439,1.0,1.92,1.92,0.0015046550264881,0.0007836744929626,58.0,705.04,12.155862068965517,0.5525218645183533,0.0454531205918309,3.0,24.32,8.106666666666667,0.0190589636688504,0.0023510234788878,16.0,75.32,4.7075,0.0590263628099432,0.0125387918874016,3.0,14.36,4.786666666666666,0.0112535657189429,0.0023510234788878,16.0,51.56,3.2225,0.0404062568571517,0.0125387918874016,4.0,8.4,2.1,0.0065828657408858,0.0031346979718504,,,,,,,,,,,,,,,21.43591665348748,1257.0,0.0170532352056384,0.0035625017632613,2.1817141440602734,0.0151358118398584,0.9850788376539914,328120.0,309561.3333333333,589.0,0.943439392092324,0.001795074972571,18295.0,2261.0,783.0,690.0,267.0,48.0,0.0,0.0,18028.0,2213.0,783.0,690.0,0.0145941514074883,0.9854058485925116,0.0212295444493586,0.9787704555506412,0.0,1.0,0.0,1.0,baseline,male_P35,male,P35,1072440,CTRL,MDMA,CTRL_MDMA
1,inactive,2,yellow,4,0-4,7.0,27.72,3.96,8744.72,5655.280000000001,101.0,86.58138613861385,0.0049016140668543,0.0012377813300137,2.0,6.72,3.36,0.0011882700768131,0.0003536518085753,3.0,10.2,3.4,0.0018036242237342,0.000530477712863,16.0,9557.76,597.36,1.6900595549645638,0.0028292144686027,,,,,,16.0,136.0,8.5,0.0240483229831237,0.0028292144686027,1.0,2.96,2.96,0.0005234046766915,0.0001768259042876,9.0,77.36,8.595555555555556,0.0136792519556945,0.001591433138589,2.0,5.24,2.62,0.0009265677384674,0.0003536518085753,6.0,24.76,4.126666666666667,0.0043782093901628,0.001060955425726,,,,,,,,,,,,,,,,,,,,32.131491305301154,768.0,0.0418378793037775,0.0094891134258461,2.0397725000729703,0.0362209225932678,0.135802294492934,218719.0,122252.66666666666,25349.0,0.5589485443270437,0.1158975671980943,3491.0,2076.0,428.0,700.0,419.0,1151.0,230.0,442.0,3072.0,925.0,198.0,258.0,0.120022916069894,0.879977083930106,0.5544315992292871,0.4455684007707129,0.5373831775700935,0.4626168224299065,0.6314285714285715,0.3685714285714285,baseline,male_P35,male,P35,1072468,CTRL,MDMA,CTRL_MDMA
1,inactive,2,yellow,8,4-8,,,,12828.0,1572.0,4.0,3207.0,,,,,,,,,,,,,4.0,12831.0,3207.75,8.162213740458014,0.0025445292620865,,,,,,,,,,,,,,,,,,,,,,,,,,,,,,,,,,,,,,,,,,,,,,,,,,0.0,0.0,,,,,0.0,320704.0,320695.6666666666,0.0,0.9999740154992348,0.0,,,,,,,,,,,,,,,,,,,,,baseline,male_P35,male,P35,1072468,CTRL,MDMA,CTRL_MDMA
1,inactive,2,yellow,12,8-12,2.0,10.0,5.0,13369.04,1030.9599999999991,35.0,381.9725714285714,0.009699697369442,0.0019399394738884,6.0,25.2,4.2,0.024443237370994,0.0058198184216652,3.0,5.6,1.8666666666666665,0.0054318305268875,0.0029099092108326,13.0,14372.6,1105.5846153846155,13.940987041204329,0.0126096065802747,,,,,,32.0,271.16,8.47375,0.2630169938697915,0.0310390315822146,8.0,20.72,2.59,0.0200977729494839,0.0077597578955536,12.0,98.36,8.196666666666667,0.0954062233258323,0.0116396368433304,4.0,15.2,3.8,0.0147435400015519,0.0038798789477768,20.0,60.44,3.022,0.0586249709009079,0.0193993947388841,,,,,,,,,,,,,,,,,,,,32.657105108775085,1002.0,0.0325919212662426,0.0048692844553317,2.056130264131109,0.0306676393936291,0.9719096764180966,334261.0,313581.6666666666,2543.0,0.9381341725976606,0.0076078274163004,7337.0,2855.0,779.0,252.0,401.0,893.0,560.0,224.0,6936.0,1962.0,219.0,28.0,0.05465449093635,0.94534550906365,0.312784588441331,0.687215411558669,0.7188703465982028,0.2811296534017972,0.8888888888888888,0.1111111111111111,baseline,male_P35,male,P35,1072468,CTRL,MDMA,CTRL_MDMA
1,inactive,3,blue,4,0-4,87.0,482.04,5.540689655172414,5950.32,8449.68,145.0,41.03668965517241,0.0570483142556877,0.0102962479052461,66.0,214.24,3.246060606060606,0.0253548063358612,0.0078109466867384,76.0,216.4,2.847368421052632,0.0256104373183363,0.0089944234574563,241.0,12382.76,51.38074688796681,1.4654708817375333,0.0285217901743024,1.0,1.68,1.68,0.0001988240974806,0.0001183476770717,102.0,1515.12,14.854117647058825,0.1793109324850171,0.012071463061323,20.0,104.24,5.212,0.0123365618579638,0.0023669535414358,34.0,294.04,8.648235294117647,0.0347989509661904,0.004023821020441,11.0,36.36,3.305454545454545,0.0043031215383304,0.0013018244477897,175.0,770.92,4.405257142857143,0.0912365912081877,0.020710843487564,18.0,41.68,2.3155555555555556,0.0049327311803523,0.0021302581872922,10.0,9.0,1.1111111111111112,0.0,0.0,0.0,0.0011834767707179,0.0010651290936461,0.0,0.0,1.0,0.0,1.0,0.0,367.4343509434596,8282.0,0.0443654130576502,0.0090966731148769,1.9664746991477,0.0383280485837389,0.9801554615086014,148903.0,133094.66666666666,3410.0,0.8938346888018821,0.0229008146242856,40606.0,8305.0,10908.0,12138.0,525.0,82.0,87.0,54.0,40081.0,8223.0,10821.0,12084.0,0.0129291237748116,0.9870708762251884,0.0098735701384708,0.9901264298615292,0.0079757975797579,0.992024202420242,0.0044488383588729,0.995551161641127,baseline,male_P35,male,P35,1072479,CTRL,saline,CTRL_saline
1,inactive,3,blue,8,4-8,2.0,2.88,1.44,13868.88,531.1200000000008,17.0,815.8164705882352,0.0054225033890646,0.003765627353517,2.0,5.72,2.86,0.0107696942310588,0.003765627353517,1.0,2.4,2.4,0.0045187528242205,0.0018828136767585,12.0,14375.2,1197.9333333333334,27.06582316613944,0.0225937641211025,,,,,,13.0,302.0,23.23076923076923,0.5686097303810806,0.024476577797861,1.0,7.48,7.48,0.0140834463021539,0.0018828136767585,2.0,3.72,1.86,0.0070040668775417,0.003765627353517,1.0,11.88,11.88,0.0223678264798915,0.0018828136767585,10.0,31.72,3.1719999999999997,0.059722849826781,0.0188281367675854,3.0,6.76,2.2533333333333334,0.0127278204548877,0.0056484410302756,,,,,,,,,,,,,,,9.46611700665139,513.0,0.0184524697985407,0.0028837752112226,1.9917656805214532,0.017230011558873,0.9658834161771336,346739.0,321328.3333333333,0.0,0.9267152911363686,0.0,7751.0,393.0,206.0,74.0,0.0,0.0,0.0,0.0,7751.0,393.0,206.0,74.0,0.0,1.0,0.0,1.0,0.0,1.0,0.0,1.0,baseline,male_P35,male,P35,1072479,CTRL,saline,CTRL_saline
1,inactive,3,blue,12,8-12,25.0,129.6,5.184,9898.32,4501.68,61.0,162.26754098360655,0.0287892520125819,0.0055534822555134,24.0,59.04,2.46,0.0131151036946206,0.0053313429652929,26.0,81.2,3.123076923076923,0.0180377103659078,0.005775621545734,78.0,13364.32,171.33743589743588,2.968740559080165,0.0173268646372021,2.0,3.12,1.56,0.000693074585488,0.000444278580441,77.0,1062.72,13.80155844155844,0.2360718665031721,0.0171047253469815,11.0,37.44,3.4036363636363633,0.008316895025857,0.0024435321924259,20.0,240.84,12.042,0.0535000266567148,0.0044427858044107,9.0,42.72,4.746666666666666,0.0094897904782214,0.0019992536119848,69.0,297.68,4.314202898550724,0.0661264239128503,0.0153276110252172,16.0,46.76,2.9225,0.0103872332107124,0.0035542286435286,2.6,3.0,0.8666666666666667,0.0,0.0,0.0,0.0005775621545734,0.0006664178706616,0.0,0.0,1.0,0.0,1.0,0.0,127.50386244154733,3915.0,0.0325680363835369,0.0046842279705999,2.0330735030120017,0.0290807271569543,0.8696753212134136,247519.0,218351.0,2.0,0.8821585413645013,8.08018778356409e-06,27592.0,7118.0,3556.0,3265.0,930.0,30.0,48.0,172.0,26662.0,7088.0,3508.0,3093.0,0.0337054218614091,0.9662945781385908,0.0042146670413037,0.9957853329586964,0.0134983127109111,0.9865016872890888,0.0526799387442572,0.9473200612557428,baseline,male_P35,male,P35,1072479,CTRL,saline,CTRL_saline
1,inactive,3,green,4,0-4,10.0,39.72,3.972,13073.44,1326.5599999999995,78.0,167.60820512820513,0.0299421058979616,0.0075382945362441,6.0,61.64,10.273333333333332,0.0464660475214087,0.0045229767217464,5.0,35.76,7.151999999999999,0.0269569412616089,0.003769147268122,21.0,14231.28,677.6800000000001,10.727958026776026,0.0158304185261126,,,,,,35.0,233.44,6.669714285714286,0.1759739476540828,0.0263840308768544,2.0,5.36,2.68,0.0040405258714268,0.0015076589072488,8.0,114.12,14.265,0.0860270172476179,0.0060306356289952,1.0,2.24,2.24,0.0016885779761186,0.0007538294536244,8.0,70.96,8.87,0.0534917380291882,0.0060306356289952,5.0,11.04,2.2079999999999997,0.0083222771680135,0.003769147268122,0.0,0.0,0.0,5.2,5.0,1.04,0.0,0.0,0.0039199131588469,0.003769147268122,0.0,1.0,0.0,1.0,52.83382208077338,1246.0,0.0424027464532691,0.0102628981426474,2.0241296376303364,0.0378683567453237,0.9392714992160176,326914.0,254158.3333333333,1375.0,0.7774470757854767,0.0042059991312699,6007.0,2918.0,2446.0,1003.0,324.0,5.0,284.0,291.0,5683.0,2913.0,2162.0,712.0,0.0539370734143499,0.94606292658565,0.0017135023989033,0.9982864976010968,0.116107931316435,0.883892068683565,0.2901296111665005,0.7098703888334995,baseline,male_P35,male,P35,1072415,ELA,saline,ELA_saline
1,inactive,3,green,8,4-8,19.0,218.64,11.50736842105263,11665.12,2734.879999999999,28.0,416.6114285714286,0.0799450067279003,0.0069472883636576,11.0,88.64,8.058181818181819,0.0324109284502428,0.0040221143158017,13.0,71.56,5.504615384615385,0.0261656818580705,0.0047534078277657,64.0,13683.92,213.81125,5.00348095711695,0.0234013923828467,3.0,4.28,1.4266666666666667,0.0015649681156028,0.0010969402679459,26.0,734.84,28.263076923076923,0.2686918621657989,0.0095068156555315,11.0,44.32,4.029090909090909,0.0162054642251214,0.0040221143158017,6.0,110.92,18.486666666666668,0.0405575381735213,0.0021938805358918,5.0,27.84,5.568,0.0101796056865383,0.0018282337799099,56.0,262.2,4.682142857142857,0.0958725794184754,0.0204762183349909,13.0,29.92,2.3015384615384615,0.0109401509389808,0.0047534078277657,,,,,,,,,,,,,,,72.52087512144831,2708.0,0.0267802345352467,0.0057820010636142,1.9619500898241655,0.0231325073046573,0.9901714151992046,291656.0,284639.6666666666,0.0,0.9759431202055387,0.0,19516.0,3480.0,4029.0,5485.0,0.0,0.0,0.0,0.0,19516.0,3480.0,4029.0,5485.0,0.0,1.0,0.0,1.0,0.0,1.0,0.0,1.0,baseline,male_P35,male,P35,1072415,ELA,saline,ELA_saline
1,inactive,3,green,12,8-12,7.0,26.88,3.84,11816.08,2583.92,58.0,203.72551724137932,0.0104027988482615,0.0027090622000681,4.0,20.16,5.04,0.0078020991361961,0.001548035542896,9.0,36.84,4.093333333333334,0.0142574073500727,0.0034830799715161,16.0,13788.6,861.7875,5.33631072169417,0.0061921421715842,,,,,,88.0,965.4,10.970454545454546,0.3736183782779652,0.0340567819437134,7.0,14.8,2.1142857142857143,0.0057277315087154,0.0027090622000681,9.0,168.04,18.67111111111111,0.0650329731570636,0.0034830799715161,3.0,10.16,3.3866666666666667,0.003932010278956,0.001161026657172,23.0,88.68,3.855652173913043,0.0343199479860057,0.0089012043716523,6.0,14.56,2.4266666666666667,0.0056348493761416,0.002322053314344,,,,,,,,,,,,,,,67.21847674185584,2000.0,0.0336092383709279,0.0036282301833889,2.1613641137528967,0.0318052259796291,0.7740177714480324,295460.0,254483.0,0.0,0.8613111757936777,0.0,24564.0,4467.0,1438.0,679.0,1083.0,49.0,253.0,338.0,23481.0,4418.0,1185.0,341.0,0.0440889106008793,0.9559110893991206,0.0109693306469666,0.9890306693530334,0.1759388038942976,0.8240611961057024,0.4977908689248895,0.5022091310751104,baseline,male_P35,male,P35,1072415,ELA,saline,ELA_saline
1,inactive,3,red,4,0-4,1.0,5.28,5.28,13308.8,1091.2000000000007,34.0,391.43529411764706,0.0048387096774193,0.00091642228739,3.0,23.36,7.786666666666666,0.021407624633431,0.00274926686217,6.0,43.12,7.1866666666666665,0.039516129032258,0.0054985337243401,18.0,14294.76,794.1533333333333,13.100036656891486,0.0164956011730205,,,,,,55.0,395.92,7.198545454545455,0.3628299120234602,0.0504032258064515,4.0,34.36,8.59,0.0314882697947213,0.0036656891495601,6.0,65.68,10.946666666666667,0.060190615835777,0.0054985337243401,1.0,1.08,1.08,0.0009897360703812,0.00091642228739,19.0,80.04,4.212631578947369,0.0733504398826979,0.0174120234604105,1.0,2.92,2.92,0.0026759530791788,0.00091642228739,,,,,,,,,,,,,,,30.991915772666797,1052.0,0.0294599959816224,0.0063377922003352,2.021918120261344,0.0274832603357069,0.9640762463343102,332754.0,253702.33333333328,4026.0,0.7624321070019693,0.0120990281108566,10816.0,1676.0,1671.0,133.0,176.0,5.0,0.0,0.0,10640.0,1671.0,1671.0,133.0,0.0162721893491124,0.9837278106508875,0.0029832935560859,0.997016706443914,0.0,1.0,0.0,1.0,baseline,male_P35,male,P35,1072441,CTRL,saline,CTRL_saline
1,inactive,3,red,8,4-8,,,,14079.08,320.9200000000001,7.0,2011.297142857143,,,1.0,1.96,1.96,0.0061074411068178,0.0031160413810295,,,,,,9.0,14382.76,1598.0844444444444,44.81727533341642,0.0280443724292658,,,,,,5.0,192.12,38.424,0.5986538701233951,0.0155802069051476,,,,,,2.0,53.16,26.58,0.1656487598155303,0.006232082762059,,,,,,4.0,13.96,3.49,0.0434999376791723,0.0124641655241181,4.0,10.76,2.69,0.0335286052598778,0.0124641655241181,,,,,,,,,,,,,,,3.5559906632513427,316.0,0.011253135010289,0.0019641637005947,2.0182852711174832,0.0095658744304541,0.9846690764053344,351984.0,324796.3333333333,0.0,0.922758799642408,0.0,4808.0,1331.0,50.0,0.0,0.0,0.0,0.0,0.0,4808.0,1331.0,50.0,0.0,0.0,1.0,0.0,1.0,0.0,1.0,0.0,0.0,baseline,male_P35,male,P35,1072441,CTRL,saline,CTRL_saline
1,inactive,3,red,12,8-12,1.0,16.72,16.72,12757.12,1642.8799999999992,28.0,455.6114285714286,0.0101772497078301,0.0006086871834826,3.0,18.08,6.026666666666666,0.0110050642773665,0.0018260615504479,5.0,33.52,6.704000000000001,0.0204031943903389,0.0030434359174133,19.0,13776.36,725.0715789473685,8.385493767043245,0.0115650564861706,1.0,2.04,2.04,0.0012417218543046,0.0006086871834826,33.0,533.28,16.16,0.3246007012076355,0.0200866770549279,2.0,25.04,12.52,0.0152415270744059,0.0012173743669653,7.0,96.24,13.748571428571427,0.0585800545383716,0.0042608102843786,1.0,3.12,3.12,0.0018991040124659,0.0006086871834826,13.0,42.08,3.236923076923077,0.0256135566809505,0.0079129333852746,3.0,6.56,2.1866666666666665,0.0039929879236462,0.0018260615504479,0.0,0.0,0.0,0.8,1.0,0.8,0.0,0.0,0.0004869497467861,0.0006086871834826,0.0,1.0,0.0,1.0,21.08315756891706,1086.0,0.0194135889216547,0.0028602359055786,2.0520311517755734,0.0172255699049302,0.6610342812621741,318956.0,262909.3333333333,2996.0,0.8242808830476094,0.0093931451360062,13993.0,2492.0,1298.0,419.0,937.0,0.0,0.0,0.0,13056.0,2492.0,1298.0,419.0,0.0669620524547988,0.9330379475452012,0.0,1.0,0.0,1.0,0.0,1.0,baseline,male_P35,male,P35,1072441,CTRL,saline,CTRL_saline
1,inactive,3,yellow,4,0-4,4.0,23.6,5.9,13563.08,836.9200000000001,30.0,452.10266666666666,0.0281986330832098,0.0047794293361372,2.0,6.48,3.24,0.0077426755245423,0.0023897146680686,1.0,1.28,1.28,0.0015294173875639,0.0011948573340343,9.0,14381.32,1597.9244444444444,17.18362567509439,0.0107537160063088,,,,,,35.0,209.2,5.977142857142857,0.2499641542799789,0.041820006691201,1.0,1.96,1.96,0.0023419203747072,0.0011948573340343,3.0,9.68,3.2266666666666666,0.0115662189934521,0.0035845720021029,3.0,14.04,4.68,0.0167757969698418,0.0035845720021029,10.0,37.6,3.76,0.0449266357596902,0.0119485733403431,,,,,,0.0,0.0,0.0,4.8,4.0,1.2,0.0,0.0,0.0057353152033647,0.0047794293361372,0.0,1.0,0.0,1.0,26.639297046045236,801.0,0.0332575493708429,0.0067109408336609,2.2774939446326012,0.0312743908105617,0.9570807245614872,339107.0,259074.66666666663,472.0,0.7639909133891858,0.0013918910550357,5315.0,599.0,197.0,594.0,421.0,82.0,197.0,325.0,4894.0,517.0,0.0,269.0,0.0792097836312323,0.9207902163687676,0.1368948247078464,0.8631051752921536,1.0,0.0,0.5471380471380471,0.4528619528619528,baseline,male_P35,male,P35,1072239,ELA,saline,ELA_saline
1,inactive,3,yellow,8,4-8,,,,14391.72,8.280000000000655,13.0,1107.0553846153846,,,,,,,,,,,,,5.0,14399.96,2879.9919999999997,1739.1256038645963,0.6038647342994692,,,,,,,,,,,,,,,,,,,,,,,,,,,,,,,,,,,,,,,,,,,,,,,,,,0.4541005033046131,2.0,0.2270502516523065,0.2270502516523065,0.3097744426990859,0.2644219500378134,0.2415458937197876,359806.0,330044.3333333333,0.0,0.9172841290399084,0.0,,,,,,,,,,,,,,,,,,,,,baseline,male_P35,male,P35,1072239,ELA,saline,ELA_saline
1,inactive,3,yellow,12,8-12,6.0,42.96,7.16,12745.48,1654.5200000000004,63.0,202.3092063492063,0.0259652346299833,0.0036264294175954,1.0,2.36,2.36,0.0014263955709208,0.0006044049029325,4.0,14.92,3.73,0.0090177211517539,0.0024176196117302,10.0,13849.48,1384.948,8.370693615066603,0.0060440490293257,,,,,,29.0,101.2,3.4896551724137934,0.0611657761767763,0.0175277421850446,7.0,40.0,5.714285714285714,0.0241761961173028,0.004230834320528,3.0,50.52,16.84,0.0305345356961535,0.0018132147087977,3.0,15.2,5.066666666666666,0.0091869545245751,0.0018132147087977,9.0,30.52,3.391111111111111,0.0184464376375021,0.0054396441263931,,,,,,0.0,0.0,0.0,1.8,2.0,0.9,0.0,0.0,0.0010879288252786,0.0012088098058651,0.0,1.0,0.0,1.0,38.02254954572836,1061.0,0.0358365217207618,0.0071531151871199,2.069015084156765,0.0359487183562694,0.6412736020114593,318700.0,269225.3333333333,272.0,0.8447610082627339,0.0008534672105428,3566.0,1649.0,437.0,1080.0,1076.0,19.0,301.0,510.0,2490.0,1630.0,136.0,570.0,0.3017386427369601,0.6982613572630398,0.0115221346270466,0.9884778653729532,0.6887871853546911,0.3112128146453089,0.4722222222222222,0.5277777777777778,baseline,male_P35,male,P35,1072239,ELA,saline,ELA_saline
1,inactive,4,blue,4,0-4,14.0,205.2,14.657142857142857,10330.08,4069.92,133.0,77.66977443609022,0.0504186814482839,0.0034398710539764,1.0,2.24,2.24,0.0005503793686362,0.000245705075284,4.0,6.04,1.51,0.0014840586547155,0.0009828203011361,37.0,11832.4,319.79459459459457,2.907280732790817,0.0090910877855092,,,,,,8.0,31.2,3.9,0.0076659983488618,0.0019656406022722,22.0,354.88,16.13090909090909,0.0871958171167983,0.0054055116562487,3.0,17.16,5.72,0.004216299091874,0.0007371152258521,3.0,26.0,8.666666666666666,0.0063883319573849,0.0007371152258521,25.0,112.8,4.512,0.0277155324920391,0.0061426268821008,4.0,11.6,2.9,0.0028501788732948,0.0009828203011361,31.8,23.0,1.382608695652174,0.0,0.0,0.0,0.0078134213940323,0.0056512167315328,0.0,0.0,1.0,0.0,1.0,0.0,72.3878193163376,1695.0,0.042706678062736,0.0079637015657441,2.091528680871733,0.0339476369085496,0.4164701026064394,258385.0,124357.33333333331,44496.0,0.4812869684127689,0.1722081390173578,9682.0,1085.0,212.0,5144.0,1433.0,16.0,46.0,542.0,8249.0,1069.0,166.0,4602.0,0.1480066102045032,0.8519933897954968,0.0147465437788018,0.9852534562211982,0.2169811320754717,0.7830188679245284,0.1053654743390357,0.8946345256609642,baseline,male_P35,male,P35,1072480,CTRL,saline,CTRL_saline
1,inactive,4,blue,8,4-8,,,,12828.0,1572.0,4.0,3207.0,,,,,,,,,,,,,4.0,12831.0,3207.75,8.162213740458014,0.0025445292620865,,,,,,,,,,,,,,,,,,,,,,,,,,,,,,,,,,,,,,,,,,,,,,,,,,0.0,0.0,,,,,0.0,320704.0,318330.3333333333,0.0,0.992598574802102,0.0,,,,,,,,,,,,,,,,,,,,,baseline,male_P35,male,P35,1072480,CTRL,saline,CTRL_saline
1,inactive,4,blue,12,8-12,10.0,75.24,7.523999999999999,11145.64,3254.3600000000006,37.0,301.2335135135135,0.02311975319264,0.0030728007964699,12.0,44.16,3.68,0.0135694883172113,0.0036873609557639,4.0,20.88,5.22,0.0064160080630292,0.0012291203185879,32.0,12701.76,396.93,3.902997824457035,0.0098329625487038,3.0,7.32,2.44,0.002249290183016,0.0009218402389409,6.0,45.64,7.606666666666667,0.0140242628350889,0.0018436804778819,20.0,594.92,29.746,0.1828070649835912,0.0061456015929399,10.0,85.68,8.568000000000001,0.0263277572241546,0.0030728007964699,6.0,43.76,7.293333333333333,0.0134465762853525,0.0018436804778819,40.0,149.48,3.737,0.045932226305633,0.0122912031858798,3.0,6.76,2.2533333333333334,0.0020772133384136,0.0009218402389409,3.0,2.0,1.5,0.0,0.0,0.0,0.0009218402389409,0.0006145601592939,0.0,0.0,1.0,0.0,1.0,0.0,50.87678752986125,1749.0,0.0290890723441173,0.0038399555604187,2.121781196913815,0.0252979857592187,0.537432859302597,278678.0,243181.3333333333,641.0,0.8726247975560801,0.0023001456878548,16040.0,3252.0,1642.0,1891.0,18.0,49.0,0.0,116.0,16022.0,3203.0,1642.0,1775.0,0.0011221945137157,0.9988778054862842,0.0150676506765067,0.9849323493234932,0.0,1.0,0.0613432046536224,0.9386567953463776,baseline,male_P35,male,P35,1072480,CTRL,saline,CTRL_saline
1,inactive,4,green,4,0-4,115.0,1463.04,12.72208695652174,1180.72,13219.28,61.0,19.356065573770493,0.1106747114820171,0.0086994147941491,35.0,153.36,4.381714285714286,0.0116012369811366,0.002647647980828,48.0,285.56,5.949166666666667,0.0216017816401498,0.0036310600879926,246.0,8184.76,33.27138211382114,0.6191532367874801,0.0186091829509625,4.0,6.32,1.58,0.0004780895782523,0.000302588340666,38.0,741.88,19.52315789473684,0.0561210595433336,0.0028745892363275,86.0,1182.04,13.744651162790698,0.0894178805502266,0.0065056493243202,4.0,24.04,6.01,0.001818555927403,0.000302588340666,16.0,190.64,11.915,0.0144213603161442,0.0012103533626642,152.0,708.56,4.661578947368421,0.0536004986655854,0.0114983569453101,37.0,107.04,2.892972972972973,0.0080972639962236,0.002798942151161,42.8,36.0,1.1888888888888889,24.6,16.0,1.5375,0.0032376952451268,0.0027232950659945,0.0018609182950962,0.0012103533626642,0.6350148367952522,0.3649851632047478,0.6923076923076923,0.3076923076923077,406.48800044500024,10908.0,0.037265126553447,0.0060493406900334,2.0681291663546797,0.0319816305812308,0.8251584049963386,29579.0,24858.0,581.0,0.8403935224314547,0.019642313803712,48222.0,5387.0,11056.0,36691.0,8108.0,100.0,3169.0,5300.0,40114.0,5287.0,7887.0,31391.0,0.1681390236821368,0.8318609763178633,0.0185632077222944,0.9814367922777056,0.2866316931982633,0.7133683068017366,0.1444495925431304,0.8555504074568695,baseline,male_P35,male,P35,1072255,ELA,saline,ELA_saline
1,inactive,4,green,8,4-8,,,,12795.64,1604.3600000000006,12.0,1066.3033333333333,,,,,,,,1.0,2.08,2.08,0.0012964671270787,0.0006233015034032,4.0,12831.0,3207.75,7.997581590166792,0.0024932060136129,,,,,,,,,,,,,,,,,,,,,,,,,,,,,,,,,,,,,,,,,,,,,,,,,,1.346269964433297,22.0,0.0611940892924225,0.0172169644759852,1.6040438597431892,0.0448758398868846,0.0137126330748709,319903.0,318030.0,0.0,0.9941451002335084,0.0,0.0,0.0,53.0,0.0,0.0,0.0,0.0,0.0,0.0,0.0,53.0,0.0,0.0,0.0,0.0,0.0,0.0,1.0,0.0,0.0,baseline,male_P35,male,P35,1072255,ELA,saline,ELA_saline
1,inactive,4,green,12,8-12,8.0,38.68,4.835,10721.12,3678.879999999999,118.0,90.85694915254238,0.0105140694994128,0.0021745748706127,6.0,39.04,6.506666666666667,0.0106119253685904,0.0016309311529595,6.0,27.52,4.586666666666667,0.007480537554908,0.0016309311529595,33.0,12731.68,385.80848484848485,3.46074892358544,0.0089701213412777,2.0,5.72,2.86,0.0015548210324881,0.0005436437176531,3.0,6.64,2.213333333333334,0.0018048971426086,0.0008154655764797,73.0,1007.8,13.805479452054794,0.2739420693254469,0.0198429956943417,5.0,52.16,10.432,0.0141782281563954,0.0013591092941329,8.0,70.36,8.795,0.0191253859870395,0.0021745748706127,26.0,99.08,3.810769230769231,0.0269321097725394,0.0070673683294915,5.0,12.0,2.4,0.0032618623059191,0.0013591092941329,0.0,0.0,0.0,3.0,2.0,1.5,0.0,0.0,0.0008154655764797,0.0005436437176531,0.0,1.0,0.0,1.0,67.00813797123753,2108.0,0.0317875417320861,0.005092235866444,2.1419756272428963,0.027173703066885,0.5730004784064716,268146.0,241882.66666666663,51.0,0.9020558451987596,0.0001901948938264,25437.0,3076.0,1676.0,975.0,626.0,761.0,109.0,46.0,24811.0,2315.0,1567.0,929.0,0.0246098203404489,0.975390179659551,0.2473992197659297,0.7526007802340702,0.065035799522673,0.934964200477327,0.0471794871794871,0.9528205128205128,baseline,male_P35,male,P35,1072255,ELA,saline,ELA_saline
1,inactive,4,red,4,0-4,62.0,836.2,13.48709677419355,6773.32,7626.68,56.0,120.95214285714285,0.1096414167108099,0.008129356417209,34.0,293.6,8.63529411764706,0.0384964361950416,0.0044580341642759,13.0,54.24,4.172307692307692,0.007111875678539,0.001704542474576,119.0,10262.32,86.2379831932773,1.3455815636685948,0.0156031195749657,3.0,16.08,5.359999999999999,0.0021083879223987,0.0003933559556714,16.0,121.76,7.61,0.0159650070541834,0.0020978984302474,63.0,1350.08,21.42984126984127,0.177020669544284,0.0082604750690995,4.0,95.6,23.9,0.0125349431207288,0.0005244746075618,4.0,17.64,4.41,0.0023129330193478,0.0005244746075618,79.0,400.28,5.0668354430379745,0.0524841739787168,0.010358373499347,16.0,43.48,2.7175,0.0057010389841975,0.0020978984302474,3.0,2.0,1.5,47.2,40.0,1.1800000000000002,0.0003933559556714,0.0002622373037809,0.0061888003692301,0.0052447460756187,0.0597609561752988,0.9402390438247012,0.0476190476190476,0.9523809523809524,178.58546376043194,5319.0,0.0335750072871652,0.0065520434489518,2.1558254066262315,0.0294101627741369,0.6974201094054031,169389.0,107424.66666666664,1394.0,0.6341891543528012,0.0082295780717756,36875.0,2839.0,8743.0,20967.0,7779.0,0.0,1212.0,5756.0,29096.0,2839.0,7531.0,15211.0,0.2109559322033898,0.7890440677966102,0.0,1.0,0.1386251858629761,0.8613748141370239,0.2745266370963896,0.7254733629036104,baseline,male_P35,male,P35,1072419,ELA,saline,ELA_saline
1,inactive,4,red,8,4-8,1.0,6.2,6.2,12628.24,1771.7600000000002,9.0,1403.1377777777775,0.0034993452837856,0.0005644105296428,2.0,10.72,5.36,0.0060504808777712,0.0011288210592856,1.0,3.8,3.8,0.0021447600126427,0.0005644105296428,15.0,12734.32,848.9546666666666,7.187384295841422,0.0084661579446426,,,,,,,,,,,2.0,10.44,5.22,0.0058924459294712,0.0011288210592856,2.0,9.56,4.78,0.0053957646633855,0.0011288210592856,,,,,,4.0,18.76,4.69,0.0105883415360996,0.0022576421185713,,,,,,,,,,,,,,,,,,,,8.474197008993455,194.0,0.0436814278814095,0.0163288790501527,1.7202465313092192,0.0373107291335601,0.1094956427507111,315715.0,315004.3333333333,0.0,0.9977490247005474,0.0,263.0,241.0,366.0,156.0,0.0,0.0,0.0,0.0,263.0,241.0,366.0,156.0,0.0,1.0,0.0,1.0,0.0,1.0,0.0,1.0,baseline,male_P35,male,P35,1072419,ELA,saline,ELA_saline
1,inactive,4,red,12,8-12,4.0,22.76,5.69,11557.2,2842.7999999999993,24.0,481.55,0.0080061910792176,0.0014070634585619,4.0,21.36,5.34,0.0075137188687209,0.0014070634585619,2.0,11.68,5.84,0.0041086252990009,0.0007035317292809,26.0,12763.28,490.8953846153846,4.489686224848742,0.0091459124806528,,,,,,1.0,1.0,1.0,0.0003517658646404,0.0003517658646404,16.0,725.28,45.33,0.2551287463064585,0.0056282538342479,4.0,72.08,18.02,0.0253552835232869,0.0014070634585619,1.0,49.32,49.32,0.0173490924440692,0.0003517658646404,23.0,70.36,3.0591304347826087,0.0247502462361052,0.0080906148867313,5.0,13.88,2.776,0.00488251020121,0.0017588293232024,,,,,,,,,,,,,,,28.783439400244827,1348.0,0.0213526998518136,0.0024118866732535,2.1200942915818484,0.0196472301232872,0.4741803855353877,288954.0,249194.66666666663,330.0,0.862402550809702,0.0011420502917419,18174.0,3040.0,832.0,573.0,29.0,49.0,12.0,70.0,18145.0,2991.0,820.0,503.0,0.0015956861450423,0.9984043138549576,0.0161184210526315,0.9838815789473684,0.0144230769230769,0.9855769230769232,0.1221640488656195,0.8778359511343804,baseline,male_P35,male,P35,1072419,ELA,saline,ELA_saline
1,inactive,4,yellow,4,0-4,19.0,75.28,3.962105263157895,8840.24,5559.76,114.0,77.5459649122807,0.0135401528123516,0.0034174137013108,55.0,637.0,11.581818181818182,0.1145732909334215,0.0098925133458998,28.0,203.56,7.27,0.0366130912125703,0.005036188612458,82.0,11436.2,139.4658536585366,2.056959293206901,0.0147488380793415,2.0,3.28,1.64,0.0005899535231736,0.0003597277580327,8.0,28.88,3.61,0.0051944688259924,0.0014389110321308,33.0,139.48,4.226666666666667,0.0250874138452019,0.0059355080075398,7.0,43.96,6.28,0.0079068161215592,0.0012590471531145,5.0,29.12,5.824,0.0052376361569564,0.0008993193950818,30.0,114.52,3.817333333333333,0.0205980114249535,0.0053959163704908,3.0,8.12,2.7066666666666666,0.0014604946976128,0.000539591637049,0.0,0.0,0.0,5.8,5.0,1.16,0.0,0.0,0.0010432104982948,0.0008993193950818,0.0,1.0,0.0,1.0,165.53112684020212,3209.0,0.0515833988283584,0.0109552332499723,2.1781049828375623,0.0475558935228776,0.5771831877635005,221120.0,125586.0,3640.0,0.567954052098408,0.0164616497829233,4250.0,1839.0,21097.0,1901.0,910.0,84.0,3654.0,356.0,3340.0,1755.0,17443.0,1545.0,0.2141176470588235,0.7858823529411765,0.0456769983686786,0.9543230016313212,0.1731999810399583,0.8268000189600417,0.1872698579694897,0.8127301420305103,baseline,male_P35,male,P35,1072469,CTRL,saline,CTRL_saline
1,inactive,4,yellow,8,4-8,,,,12774.56,1625.4400000000005,9.0,1419.3955555555556,,,,,,,,,,,,,4.0,12831.0,3207.75,7.893862584900086,0.0024608721330839,,,,,,,,,,,1.0,4.92,4.92,0.0030268727236932,0.0006152180332709,,,,,,,,,,,,,,,,,,,,,,,,,,,,,,,,,,,4.570460537067836,46.0,0.0993578377623442,0.0283015047860173,2.284062269156133,0.0779572294553159,0.0283000295304655,319373.0,317676.6666666666,0.0,0.9946885512133667,0.0,124.0,0.0,0.0,0.0,0.0,0.0,0.0,0.0,124.0,0.0,0.0,0.0,0.0,1.0,0.0,0.0,0.0,0.0,0.0,0.0,baseline,male_P35,male,P35,1072469,CTRL,saline,CTRL_saline
1,inactive,4,yellow,12,8-12,6.0,13.72,2.286666666666666,11659.0,2741.0,58.0,201.01724137931035,0.0050054724553082,0.0021889821233126,5.0,20.56,4.112,0.0075009120758847,0.0018241517694272,3.0,12.2,4.066666666666666,0.0044509303174024,0.0010944910616563,17.0,12856.24,756.2494117647059,4.690346588836191,0.0062021160160525,2.0,6.0,3.0,0.0021889821233126,0.0007296607077708,2.0,5.2,2.6,0.0018971178402043,0.0007296607077708,64.0,312.84,4.888125,0.114133527909522,0.0233491426486683,6.0,85.52,14.253333333333332,0.0312002918642831,0.0021889821233126,6.0,90.2,15.033333333333331,0.0329076979204669,0.0021889821233126,12.0,33.08,2.7566666666666664,0.0120685881065304,0.0043779642466253,2.0,5.44,2.72,0.0019846771251368,0.0007296607077708,,,,,,,,,,,,,,,47.34212916065095,1218.0,0.0388687431532438,0.005713002858453,2.203965879914014,0.0368868259907465,0.4443633710324699,291533.0,254446.66666666663,278.0,0.8727885579562746,0.0009535798691743,8017.0,4405.0,827.0,349.0,579.0,761.0,97.0,0.0,7438.0,3644.0,730.0,349.0,0.072221529250343,0.927778470749657,0.1727582292849035,0.8272417707150965,0.117291414752116,0.8827085852478839,0.0,1.0,baseline,male_P35,male,P35,1072469,CTRL,saline,CTRL_saline
1,inactive,5,blue,4,0-4,12.0,186.8,15.566666666666668,13502.64,897.3600000000006,41.0,329.33268292682925,0.2081661763394846,0.0133725595078898,,,,,,,,,,,27.0,13715.28,507.97333333333336,15.284033163947573,0.030088258892752,,,,,,,,,,,,,,,,2.0,9.56,4.78,0.0106534724079522,0.0022287599179816,,,,,,7.0,33.72,4.817142857142857,0.0375768922171703,0.0078006597129357,1.0,2.08,2.08,0.0023179103147008,0.0011143799589908,,,,,,,,,,,,,,,17.688492462324245,522.0,0.0338860008856786,0.008779606242027,1.9930060294802443,0.0302911566275728,0.5817063385932064,337607.0,298496.3333333333,3668.0,0.8841532709136165,0.0108647036346995,0.0,241.0,0.0,4682.0,0.0,0.0,0.0,81.0,0.0,241.0,0.0,4601.0,0.0,0.0,0.0,1.0,0.0,0.0,0.0173002990175138,0.9826997009824862,baseline,male_P35,male,P35,1073127,CTRL,saline,CTRL_saline
1,inactive,5,blue,8,4-8,,,,13719.56,680.4400000000005,12.0,1143.2966666666666,,,,,,,,,,,,,8.0,13755.16,1719.395,20.215096114278985,0.0117570983481276,,,,,,,,,,,,,,,,,,,,,,,,,,,,,,,,,,,,,,,,,,,,,,,,,,0.4111406998951692,63.0,0.0065260428554788,0.0006455382658819,2.2130353345433615,0.0081488147396323,0.0925871494915054,343001.0,341847.6666666667,0.0,0.9966375219508592,0.0,,,,,,,,,,,,,,,,,,,,,baseline,male_P35,male,P35,1073127,CTRL,saline,CTRL_saline
1,inactive,5,blue,12,8-12,,,,12962.4,1437.6000000000004,33.0,392.8,,,2.0,29.04,14.52,0.0202003338898163,0.0013912075681691,,,,,,15.0,13438.48,895.8986666666666,9.347857540345016,0.0104340567612687,,,,,,18.0,110.12,6.117777777777778,0.0765998887033945,0.0125208681135225,3.0,8.84,2.9466666666666668,0.0061491374513077,0.0020868113522537,3.0,14.24,4.746666666666667,0.0099053978853644,0.0020868113522537,1.0,15.64,15.64,0.0108792431830829,0.0006956037840845,8.0,26.92,3.365,0.018725653867557,0.0055648302726766,1.0,2.68,2.68,0.0018642181413466,0.0006956037840845,,,,,,,,,,,,,,,18.09134347121347,503.0,0.035966885628655,0.0081928594581536,2.0634986811180744,0.0307873696271114,0.3498887033945463,324093.0,304381.0,3527.0,0.9391779520076028,0.010882678737276,2995.0,751.0,728.0,0.0,220.0,70.0,0.0,0.0,2775.0,681.0,728.0,0.0,0.0734557595993322,0.9265442404006676,0.0932090545938748,0.9067909454061251,0.0,1.0,0.0,0.0,baseline,male_P35,male,P35,1073127,CTRL,saline,CTRL_saline
1,inactive,5,green,4,0-4,35.0,238.16,6.804571428571428,12280.0,2120.0,160.0,76.75,0.1123396226415094,0.0165094339622641,8.0,32.24,4.03,0.0152075471698113,0.0037735849056603,4.0,15.04,3.76,0.0070943396226415,0.0018867924528301,32.0,13879.6,433.7375,6.546981132075472,0.0150943396226415,,,,,,1.0,1.04,1.04,0.0004905660377358,0.0004716981132075,26.0,158.04,6.078461538461538,0.0745471698113207,0.0122641509433962,1.0,1.68,1.68,0.0007924528301886,0.0004716981132075,7.0,38.8,5.542857142857143,0.0183018867924528,0.0033018867924528,10.0,30.6,3.06,0.0144339622641509,0.0047169811320754,,,,,,,,,,,,,,,,,,,,77.31324423770965,1663.0,0.0464902250377087,0.0092692228938836,2.147285798743553,0.0379688080853218,0.784433962264151,307160.0,288026.0,984.0,0.9377067326474802,0.0032035421278812,4004.0,1020.0,1194.0,5989.0,153.0,609.0,808.0,2474.0,3851.0,411.0,386.0,3515.0,0.0382117882117882,0.9617882117882118,0.5970588235294118,0.4029411764705882,0.6767169179229481,0.3232830820770519,0.4130906662214059,0.5869093337785941,baseline,male_P35,male,P35,1073091,ELA,saline,ELA_saline
1,inactive,5,green,8,4-8,,,,13742.32,657.6800000000003,14.0,981.5942857142855,,,,,,,,,,,,,5.0,13785.32,2757.064,20.960527916311875,0.0076024814499452,,,,,,,,,,,,,,,,1.0,4.56,4.56,0.00693346308235,0.001520496289989,,,,,,,,,,,,,,,,,,,,,,,,,,,,,,1.792308937082727,39.0,0.0459566394123776,0.0154056543586191,2.2996827366441677,0.0402502860635315,0.059299355309573,343572.0,342430.6666666667,0.0,0.9966780374031255,0.0,0.0,115.0,0.0,0.0,0.0,0.0,0.0,0.0,0.0,115.0,0.0,0.0,0.0,0.0,0.0,1.0,0.0,0.0,0.0,0.0,baseline,male_P35,male,P35,1073091,ELA,saline,ELA_saline
1,inactive,5,green,12,8-12,9.0,63.8,7.088888888888889,12681.36,1718.6399999999994,124.0,102.26903225806451,0.0371223758320532,0.0052366987850858,5.0,18.24,3.648,0.0106130428711073,0.0029092771028254,3.0,11.52,3.84,0.0067029744449099,0.0017455662616952,18.0,13439.28,746.6266666666667,7.819717916492113,0.0104733975701717,1.0,3.16,3.16,0.0018386631289857,0.000581855420565,8.0,17.12,2.14,0.0099613648000744,0.0046548433645207,2.0,3.36,1.68,0.0019550342130987,0.0011637108411301,3.0,11.6,3.8666666666666663,0.0067495228785551,0.0017455662616952,3.0,27.08,9.026666666666666,0.0157566447889028,0.0017455662616952,5.0,21.16,4.232,0.0123120606991574,0.0029092771028254,,,,,,,,,,,,,,,,,,,,48.794073617800855,722.0,0.0675818194152366,0.0182348573456109,2.1200193945862673,0.0589841093846472,0.4200996136480009,317158.0,302867.3333333333,2252.0,0.9549414907816712,0.0071005618650641,522.0,973.0,752.0,1604.0,102.0,265.0,271.0,687.0,420.0,708.0,481.0,917.0,0.1954022988505747,0.8045977011494253,0.2723535457348407,0.7276464542651593,0.3603723404255319,0.6396276595744681,0.4283042394014962,0.5716957605985037,baseline,male_P35,male,P35,1073091,ELA,saline,ELA_saline
1,inactive,5,red,4,0-4,7.0,26.08,3.7257142857142855,13043.52,1356.4799999999996,51.0,255.75529411764705,0.0192262326020287,0.0051604151922623,,,,,,,,,,,49.0,13743.24,280.4742857142857,10.131546355272471,0.0361229063458362,,,,,,6.0,155.84,25.973333333333333,0.1148855862231658,0.0044232130219391,,,,,,5.0,37.2,7.44,0.0274239207360226,0.0036860108516159,1.0,7.84,7.84,0.0057796650153338,0.0007372021703231,13.0,51.04,3.926153846153846,0.0376267987732956,0.0095836282142014,,,,,,,,,,,,,,,,,,,,31.88096352760854,965.0,0.0330372679042575,0.0123481416233892,1.9788051346163156,0.0288556897446729,0.711400094361878,326139.0,294454.3333333333,174.0,0.9028491941575012,0.0005335148510297,3902.0,1132.0,0.0,659.0,0.0,0.0,0.0,76.0,3902.0,1132.0,0.0,583.0,0.0,1.0,0.0,1.0,0.0,0.0,0.1153262518968133,0.8846737481031867,baseline,male_P35,male,P35,1073117,CTRL,saline,CTRL_saline
1,inactive,5,red,8,4-8,,,,13728.2,671.7999999999993,11.0,1248.0181818181818,,,,,,,,,,,,,8.0,13766.72,1720.84,20.49228937183688,0.0119083060434653,,,,,,,,,,,,,,,,,,,,,,,,,,2.0,4.56,2.28,0.0067877344447752,0.0029770765108663,,,,,,,,,,,,,,,,,,,,2.494792769708608,53.0,0.0470715616926152,0.0257073554909217,1.6546700238475505,0.0430778438693965,0.0788925275379578,343216.0,341990.3333333333,0.0,0.9964288766646464,0.0,,,,,,,,,,,,,,,,,,,,,baseline,male_P35,male,P35,1073117,CTRL,saline,CTRL_saline
1,inactive,5,red,12,8-12,2.0,36.0,18.0,12840.2,1559.7999999999993,33.0,389.0969696969697,0.0230798820361584,0.0012822156686754,1.0,8.44,8.44,0.0054109501218104,0.0006411078343377,,,,,,19.0,13345.08,702.3726315789473,8.555635337863833,0.0121810488524169,,,,,,7.0,42.76,6.1085714285714285,0.0274137709962815,0.0044877548403641,1.0,3.64,3.64,0.0023336325169893,0.0006411078343377,4.0,39.92,9.98,0.0255930247467624,0.0025644313373509,1.0,1.32,1.32,0.0008462623413258,0.0006411078343377,11.0,40.68,3.6981818181818182,0.026080266700859,0.007052186177715,,,,,,,,,,,,,,,,,,,,18.255644732996213,622.0,0.0293499111462961,0.0092302331072248,2.0012291166845446,0.0265367244596577,0.3987690729580717,321038.0,304955.6666666666,1452.0,0.9499052033300316,0.0045228290731938,1168.0,1036.0,212.0,902.0,0.0,262.0,0.0,0.0,1168.0,774.0,212.0,902.0,0.0,1.0,0.2528957528957529,0.747104247104247,0.0,1.0,0.0,1.0,baseline,male_P35,male,P35,1073117,CTRL,saline,CTRL_saline
1,inactive,5,yellow,4,0-4,31.0,295.6,9.535483870967743,11472.48,2927.5200000000004,94.0,122.04765957446808,0.1009728370771164,0.0105891676231076,4.0,36.84,9.21,0.0125840301688801,0.0013663442094332,5.0,13.88,2.776,0.0047412144067333,0.0017079302617915,54.0,13739.24,254.43037037037035,4.693132754003388,0.0184456468273487,,,,,,6.0,415.24,69.20666666666666,0.1418401923812646,0.0020495163141498,38.0,168.04,4.422105263157895,0.0574001202382904,0.0129802699896157,1.0,2.56,2.56,0.0008744602940372,0.0003415860523583,4.0,60.64,15.16,0.0207137782150079,0.0013663442094332,18.0,58.68,3.26,0.0200442695523856,0.0061485489424495,,,,,,,,,,,,,,,,,,,,76.88946295524835,2506.0,0.0306821480268349,0.0053697679918299,2.1591361687463952,0.0274802110071692,0.856014647209925,286906.0,275481.3333333333,116.0,0.960179756900634,0.0004043136079412,14626.0,1585.0,1277.0,7421.0,153.0,609.0,808.0,2479.0,14473.0,976.0,469.0,4942.0,0.0104608231915766,0.9895391768084234,0.3842271293375394,0.6157728706624606,0.6327329678935004,0.3672670321064996,0.3340520145532947,0.6659479854467053,baseline,male_P35,male,P35,1073101,ELA,saline,ELA_saline
1,inactive,5,yellow,8,4-8,,,,13757.04,642.9599999999991,11.0,1250.64,,,,,,,,,,,,,5.0,13787.2,2757.44,21.44332462361581,0.0077765335324126,,,,,,,,,,,,,,,,,,,,,,,,,,,,,,,,,,,,,,,,,,,,,,,,,,1.5591969513031465,24.0,0.064966539637631,0.0269002772850444,1.8197685882474837,0.0540606460548546,0.0373273609555804,343937.0,342673.3333333334,0.0,0.9963258775105132,0.0,,,,,,,,,,,,,,,,,,,,,baseline,male_P35,male,P35,1073101,ELA,saline,ELA_saline
1,inactive,5,yellow,12,8-12,9.0,78.2,8.68888888888889,11777.84,2622.16,38.0,309.9431578947368,0.0298227415565793,0.0034322848338774,4.0,18.72,4.68,0.007139152454465,0.0015254599261677,2.0,14.84,7.42,0.0056594563260823,0.0007627299630838,19.0,13415.44,706.0757894736843,5.116179027976935,0.0072459346492967,,,,,,53.0,760.84,14.355471698113208,0.2901577325563658,0.0202123440217225,3.0,10.44,3.48,0.0039814504072978,0.0011440949446258,6.0,42.56,7.093333333333334,0.0162308936144247,0.0022881898892516,4.0,40.8,10.2,0.0155596912469109,0.0015254599261677,14.0,51.52,3.68,0.0196479238490404,0.005339109741587,3.0,6.6,2.1999999999999997,0.0025170088781767,0.0011440949446258,,,,,,,,,,,,,,,44.72452360345572,1681.0,0.0266059033928945,0.0040637396985666,2.1571437040180523,0.0239718003801709,0.6410745339719925,294484.0,291000.6666666666,639.0,0.9881714003703652,0.0021698971760774,19338.0,2094.0,845.0,1964.0,218.0,597.0,271.0,687.0,19120.0,1497.0,574.0,1277.0,0.0112731409659737,0.9887268590340262,0.2851002865329513,0.7148997134670487,0.3207100591715976,0.6792899408284023,0.3497963340122199,0.65020366598778,baseline,male_P35,male,P35,1073101,ELA,saline,ELA_saline
1,inactive,6,blue,4,0-4,,,,14141.24,258.7600000000002,26.0,543.8938461538462,,,,,,,,,,,,,5.0,14355.68,2871.136,55.47874478281028,0.0193229247178852,,,,,,1.0,3.64,3.64,0.0140670891946204,0.003864584943577,,,,,,1.0,1.24,1.24,0.0047920853300355,0.003864584943577,,,,,,3.0,7.8,2.6,0.030143762559901,0.0115937548307311,,,,,,,,,,,,,,,,,,,,3.3467860692202067,189.0,0.0177078628001069,0.0051351143083119,2.015318931523114,0.0128391059466845,0.7304065543360637,353557.0,347915.3333333333,48.0,0.9840431198741174,0.0001357631159897,92.0,32.0,0.0,0.0,0.0,0.0,0.0,0.0,92.0,32.0,0.0,0.0,0.0,1.0,0.0,1.0,0.0,0.0,0.0,0.0,baseline,male_P35,male,P35,1073092,ELA,saline,ELA_saline
1,inactive,6,blue,8,4-8,,,,14386.68,13.319999999999707,12.0,1198.89,,,,,,,,,,,,,5.0,14399.96,2879.9919999999997,1081.0780780781015,0.3753753753753836,,,,,,,,,,,,,,,,,,,,,,,,,,,,,,,,,,,,,,,,,,,,,,,,,,0.0134088124839206,5.0,0.0026817624967841,0.0029615824059045,2.361944434386154,0.0036469592565189,0.3753753753753836,359679.0,355194.3333333333,0.0,0.9875314748243108,0.0,,,,,,,,,,,,,,,,,,,,,baseline,male_P35,male,P35,1073092,ELA,saline,ELA_saline
1,inactive,6,blue,12,8-12,,,,13056.48,1343.5200000000004,36.0,362.68,,,1.0,17.68,17.68,0.0131594617125163,0.000744313445278,1.0,13.4,13.4,0.0099738001667262,0.000744313445278,13.0,14336.24,1102.7876923076924,10.670656186733352,0.0096760747886149,,,,,,40.0,743.24,18.581,0.5532035250684767,0.029772537811123,,,,,,7.0,57.6,8.22857142857143,0.0428724544480171,0.0052101941169465,,,,,,14.0,50.04,3.5742857142857143,0.0372454448017148,0.010420388233893,5.0,11.2,2.24,0.0083363105871144,0.0037215672263903,,,,,,,,,,,,,,,13.468353720442366,1316.0,0.0102343113377221,0.0024335114169628,2.13410295194969,0.0094256802543534,0.9795164939859472,326448.0,282196.6666666666,13121.0,0.864445996503782,0.040193231387541,18621.0,1447.0,779.0,0.0,0.0,0.0,0.0,0.0,18621.0,1447.0,779.0,0.0,0.0,1.0,0.0,1.0,0.0,1.0,0.0,0.0,baseline,male_P35,male,P35,1073092,ELA,saline,ELA_saline
1,inactive,6,green,4,0-4,1.0,111.96,111.96,13932.08,467.9200000000001,41.0,339.8068292682927,0.2392716703710035,0.0021371174559753,1.0,3.36,3.36,0.0071807146520772,0.0021371174559753,,,,,,21.0,14132.04,672.9542857142858,30.201829372542313,0.0448794665754829,,,,,,,,,,,,,,,,,,,,,,,,,,3.0,20.72,6.906666666666666,0.0442810736878098,0.0064113523679261,,,,,,,,,,,,,,,,,,,,7.94941852426271,392.0,0.0202791288884252,0.0045077390402115,2.0477676075888973,0.0167415978450767,0.837750042742349,348343.0,344869.3333333333,0.0,0.9900280279303252,0.0,0.0,0.0,85.0,2800.0,0.0,0.0,0.0,0.0,0.0,0.0,85.0,2800.0,0.0,0.0,0.0,0.0,0.0,1.0,0.0,1.0,baseline,male_P35,male,P35,1073102,ELA,saline,ELA_saline
1,inactive,6,green,8,4-8,,,,14212.64,187.36000000000055,17.0,836.0376470588235,,,,,,,,,,,,,6.0,14392.32,2398.72,76.81639624252753,0.0320239111870195,,,,,,2.0,9.6,4.8,0.0512382578992312,0.0106746370623398,,,,,,,,,,,,,,,,2.0,7.64,3.82,0.0407771135781382,0.0106746370623398,,,,,,,,,,,,,,,,,,,,5.317863414992572,175.0,0.0303877909428146,0.0099705047410443,2.051099719720089,0.0296069060973948,0.9340307429547368,355333.0,352832.0,0.0,0.992961531858848,0.0,242.0,0.0,0.0,0.0,0.0,0.0,0.0,0.0,242.0,0.0,0.0,0.0,0.0,1.0,0.0,0.0,0.0,0.0,0.0,0.0,baseline,male_P35,male,P35,1073102,ELA,saline,ELA_saline
1,inactive,6,green,12,8-12,6.0,49.48,8.246666666666666,12310.44,2089.5599999999995,94.0,130.96212765957446,0.0236796263328164,0.002871417906162,3.0,25.52,8.506666666666666,0.0122130974942093,0.001435708953081,2.0,17.6,8.8,0.0084228258580753,0.000957139302054,28.0,14188.32,506.7257142857143,6.790099351059554,0.0133999502287562,,,,,,76.0,796.08,10.474736842105264,0.3809797277895826,0.0363712934780528,29.0,145.92,5.031724137931034,0.0698328834778613,0.0138785198797833,5.0,19.4,3.88,0.009284251229924,0.002392848255135,1.0,0.96,0.96,0.0004594268649859,0.000478569651027,22.0,102.32,4.65090909090909,0.0489672466930837,0.0105285323225942,5.0,12.88,2.576,0.0061639771052278,0.002392848255135,,,,,,,,,,,,,,,55.87360753014558,2012.0,0.0277701826690584,0.0039697561439338,2.1854560066069473,0.0270811939312803,0.9628821378663454,307855.0,284019.6666666666,0.0,0.922576104551385,0.0,23655.0,515.0,1083.0,1243.0,1328.0,32.0,235.0,422.0,22327.0,483.0,848.0,821.0,0.0561403508771929,0.9438596491228072,0.062135922330097,0.9378640776699028,0.2169898430286242,0.7830101569713758,0.3395012067578439,0.6604987932421561,baseline,male_P35,male,P35,1073102,ELA,saline,ELA_saline
1,inactive,6,red,4,0-4,,,,14249.44,150.5599999999995,17.0,838.2023529411765,,,,,,,,,,,,,8.0,14347.32,1793.415,95.2930393198728,0.0531349628055262,,,,,,1.0,4.24,4.24,0.0281615302869288,0.0066418703506907,,,,,,1.0,2.96,2.96,0.0196599362380446,0.0066418703506907,,,,,,1.0,4.48,4.48,0.0297555791710946,0.0066418703506907,,,,,,,,,,,,,,,,,,,,3.5678331570798885,91.0,0.0392069577701086,0.0127370486136559,1.725642148492183,0.0444632092980421,0.6044102019128607,356253.0,349746.6666666667,0.0,0.9817367619828232,0.0,107.0,75.0,0.0,0.0,0.0,0.0,0.0,0.0,107.0,75.0,0.0,0.0,0.0,1.0,0.0,1.0,0.0,0.0,0.0,0.0,baseline,male_P35,male,P35,1073128,CTRL,saline,CTRL_saline
1,inactive,6,red,8,4-8,2.0,9.04,4.52,14133.96,266.0400000000009,20.0,706.698,0.0339798526537361,0.0075176665163133,1.0,3.48,3.48,0.0130807397383851,0.0037588332581566,1.0,1.36,1.36,0.005112013231093,0.0037588332581566,8.0,14382.2,1797.775,54.060291685460655,0.0300706660652532,,,,,,8.0,63.72,7.965,0.2395128552097421,0.0300706660652532,2.0,5.72,2.86,0.021500526236656,0.0075176665163133,4.0,12.2,3.05,0.0458577657495112,0.0150353330326266,,,,,,3.0,9.92,3.306666666666666,0.037287625920914,0.0112764997744699,,,,,,,,,,,,,,,,,,,,12.04754720414772,247.0,0.0487754947536344,0.0163611346292294,1.4613096175357725,0.0457702090171493,0.928431814764694,353369.0,350984.0,0.0,0.9932506812991518,0.0,1746.0,309.0,123.0,228.0,0.0,0.0,0.0,0.0,1746.0,309.0,123.0,228.0,0.0,1.0,0.0,1.0,0.0,1.0,0.0,1.0,baseline,male_P35,male,P35,1073128,CTRL,saline,CTRL_saline
1,inactive,6,red,12,8-12,1.0,3.0,3.0,12796.04,1603.9599999999991,22.0,581.6381818181818,0.0018703708321903,0.0006234569440634,2.0,7.8,3.9,0.0048629641636948,0.0012469138881268,2.0,18.0,9.0,0.0112222249931419,0.0012469138881268,20.0,14338.96,716.948,8.93972418264795,0.0124691388812688,,,,,,82.0,671.36,8.187317073170732,0.4185640539664333,0.0511234694132023,5.0,69.2,13.84,0.0431432205291902,0.0031172847203172,7.0,78.56,11.222857142857142,0.0489787775256241,0.0043641986084441,3.0,8.28,2.76,0.0051622234968453,0.0018703708321903,16.0,54.2,3.3875,0.0337913663682386,0.009975311105015,5.0,13.16,2.632,0.0082046933838749,0.0031172847203172,,,,,,,,,,,,,,,29.947365875278436,1585.0,0.018894237145286,0.0047769861356244,2.137174721772329,0.0172689310145141,0.9881792563405576,319923.0,292829.0,67.0,0.9153108716784976,0.0002094253929851,18601.0,2181.0,649.0,76.0,3519.0,0.0,142.0,0.0,15082.0,2181.0,507.0,76.0,0.1891833772377829,0.8108166227622171,0.0,1.0,0.2187981510015408,0.7812018489984591,0.0,1.0,baseline,male_P35,male,P35,1073128,CTRL,saline,CTRL_saline
1,inactive,6,yellow,4,0-4,,,,14147.92,252.07999999999993,45.0,314.3982222222222,,,,,,,,,,,,,6.0,14351.72,2391.9533333333334,56.93319581085371,0.023801967629324,,,,,,,,,,,,,,,,2.0,11.2,5.6,0.0444303395747381,0.0079339892097746,,,,,,4.0,17.6,4.4,0.0698191050460171,0.0158679784195493,,,,,,,,,,,,,,,,,,,,2.092418831008635,166.0,0.0126049327169194,0.0045368866464287,1.9177796148916515,0.0133049203803342,0.6585211044112982,353743.0,347940.0,25.0,0.983595435104016,7.067277656377653e-05,0.0,282.0,0.0,0.0,0.0,0.0,0.0,0.0,0.0,282.0,0.0,0.0,0.0,0.0,0.0,1.0,0.0,0.0,0.0,0.0,baseline,male_P35,male,P35,1073137,CTRL,saline,CTRL_saline
1,inactive,6,yellow,8,4-8,,,,14303.2,96.79999999999929,28.0,510.8285714285715,,,,,,,,,,,,,5.0,14399.96,2879.9919999999997,148.75991735537298,0.0516528925619838,,,,,,,,,,,,,,,,,,,,,,,,,,,,,,,,,,,,,,,,,,,,,,,,,,0.7411075257654808,67.0,0.0110613063547086,0.0081241513329959,1.6598995565759278,0.0070531101374832,0.6921487603305836,357608.0,354345.0,0.0,0.990875483769938,0.0,,,,,,,,,,,,,,,,,,,,,baseline,male_P35,male,P35,1073137,CTRL,saline,CTRL_saline
1,inactive,6,yellow,12,8-12,9.0,130.28,14.475555555555555,12741.6,1658.3999999999996,107.0,119.0803738317757,0.0785576459237819,0.0054269175108538,2.0,9.32,4.66,0.0056198745779064,0.0012059816690786,,,,,,23.0,14275.0,620.6521739130435,8.607694163048723,0.0138687891944042,,,,,,63.0,482.04,7.651428571428572,0.2906657018813315,0.0379884225759768,3.0,8.36,2.786666666666666,0.0050410033767486,0.0018089725036179,7.0,95.48,13.64,0.0575735648818138,0.0042209358417752,4.0,8.92,2.23,0.0053786782440906,0.0024119633381572,9.0,31.6,3.511111111111111,0.0190545103714423,0.0054269175108538,,,,,,,,,,,,,,,,,,,,43.705477958252104,1562.0,0.0279804596403662,0.0053599947529668,2.1447674297775983,0.0271530857423768,0.9418716835504104,318647.0,293214.6666666667,0.0,0.9201864968653924,0.0,12326.0,2621.0,235.0,3266.0,2689.0,32.0,222.0,422.0,9637.0,2589.0,13.0,2844.0,0.2181567418465033,0.7818432581534966,0.0122090805036245,0.9877909194963754,0.9446808510638298,0.0553191489361702,0.129210042865891,0.870789957134109,baseline,male_P35,male,P35,1073137,CTRL,saline,CTRL_saline
1,inactive,7,blue,4,0-4,2.0,7.56,3.78,13483.52,916.4799999999996,40.0,337.088,0.0082489525139664,0.0021822625698324,2.0,4.64,2.32,0.0050628491620111,0.0021822625698324,1.0,5.56,5.56,0.006066689944134,0.0010911312849162,21.0,14292.36,680.5885714285714,15.594841131284925,0.0229137569832402,,,,,,1.0,1.04,1.04,0.0011347765363128,0.0010911312849162,23.0,139.16,6.050434782608695,0.1518418296089386,0.0250960195530726,2.0,15.92,7.96,0.0173708100558659,0.0021822625698324,,,,,,12.0,38.68,3.223333333333333,0.0422049581005586,0.0130935754189944,3.0,9.24,3.08,0.0100820530726257,0.0032733938547486,0.0,0.0,0.0,2.4,2.0,1.2,0.0,0.0,0.0026187150837988,0.0021822625698324,0.0,1.0,0.0,1.0,20.893743282257493,876.0,0.0238513051167322,0.0041750542092693,2.1702265270237246,0.0209079470886489,0.9558310055865926,337128.0,284574.6666666666,6363.0,0.8441145994004254,0.0188741368263686,3529.0,400.0,258.0,191.0,27.0,0.0,0.0,0.0,3502.0,400.0,258.0,191.0,0.0076508926041371,0.9923491073958628,0.0,1.0,0.0,1.0,0.0,1.0,baseline,male_P35,male,P35,1073149,ELA,MDMA,ELA_MDMA
1,inactive,7,blue,8,4-8,,,,14034.44,365.5599999999995,9.0,1559.3822222222225,,,,,,,,1.0,3.68,3.68,0.0100667469088521,0.0027355290513185,7.0,14136.92,2019.56,38.67195535616594,0.0191487033592297,,,,,,,,,,,1.0,1.16,1.16,0.0031732136995294,0.0027355290513185,1.0,12.92,12.92,0.0353430353430353,0.0027355290513185,,,,,,1.0,2.2,2.2,0.0060181639129007,0.0027355290513185,,,,,,,,,,,,,,,,,,,,4.915204364396457,102.0,0.0481882780823182,0.007779420672878,2.308183407279843,0.0435630550099757,0.2790239632344899,350870.0,339805.6666666666,151.0,0.9684660035530728,0.0004303588223558,30.0,324.0,93.0,0.0,0.0,0.0,0.0,0.0,30.0,324.0,93.0,0.0,0.0,1.0,0.0,1.0,0.0,1.0,0.0,0.0,baseline,male_P35,male,P35,1073149,ELA,MDMA,ELA_MDMA
1,inactive,7,blue,12,8-12,1.0,7.0,7.0,12397.92,2002.08,45.0,275.50933333333336,0.003496363781667,0.0004994805402381,1.0,8.44,8.44,0.00421561575961,0.0004994805402381,,,,,,15.0,13467.56,897.8373333333333,6.726784144489731,0.0074922081035722,,,,,,14.0,115.08,8.22,0.0574802205706065,0.0069927275633341,49.0,383.24,7.8212244897959184,0.1914209222408695,0.0244745464716694,3.0,57.76,19.253333333333337,0.0288499960041556,0.0014984416207144,,,,,,14.0,53.72,3.837142857142857,0.0268320946215935,0.0069927275633341,4.0,8.64,2.16,0.0043155118676576,0.0019979221609526,0.0,0.0,0.0,1.4,1.0,1.4,0.0,0.0,0.0006992727563334,0.0004994805402381,0.0,1.0,0.0,1.0,23.68465875270402,1080.0,0.021930239585837,0.0023991459213657,2.2335175421035696,0.0186565627229099,0.5394389834572045,309993.0,276849.6666666666,5414.0,0.89308360726425,0.0174649104979789,12521.0,1447.0,212.0,176.0,1519.0,0.0,114.0,0.0,11002.0,1447.0,98.0,176.0,0.1213161888028112,0.8786838111971887,0.0,1.0,0.5377358490566038,0.4622641509433962,0.0,1.0,baseline,male_P35,male,P35,1073149,ELA,MDMA,ELA_MDMA
1,inactive,7,green,4,0-4,1.0,1.84,1.84,13309.28,1090.7199999999991,131.0,101.5975572519084,0.0016869590729059,0.000916825583101,,,,,,,,,,,6.0,14396.72,2399.4533333333334,13.19928120874286,0.0055009534986064,,,,,,,,,,,43.0,215.88,5.02046511627907,0.1979243068798593,0.039423500073346,3.0,85.76,28.58666666666667,0.0786269620067479,0.0027504767493032,,,,,,3.0,14.24,4.746666666666667,0.0130555963033592,0.0027504767493032,,,,,,,,,,,,,,,,,,,,28.011375576146268,982.0,0.0285248223789676,0.0031450349850252,2.154785336707639,0.0212909924735268,0.9003227226052523,332863.0,283270.3333333333,848.0,0.8510117776182192,0.0025475946560597,5440.0,2147.0,0.0,47.0,425.0,452.0,0.0,0.0,5015.0,1695.0,0.0,47.0,0.078125,0.921875,0.2105263157894736,0.7894736842105263,0.0,0.0,0.0,1.0,baseline,male_P35,male,P35,1073093,ELA,MDMA,ELA_MDMA
1,inactive,7,green,8,4-8,,,,13921.8,478.2000000000007,29.0,480.0620689655172,,,,,,,,,,,,,5.0,14142.96,2828.5919999999996,29.575407779171847,0.0104558762024257,,,,,,,,,,,,,,,,,,,,,,,,,,1.0,2.48,2.48,0.0051861145964031,0.0020911752404851,,,,,,,,,,,,,,,,,,,,0.5102758812710856,182.0,0.0028037136333576,2.6128008028652216e-12,1.442392236784562,0.0017212604322465,0.3805938937682972,348074.0,338371.3333333333,0.0,0.9721247014523732,0.0,,,,,,,,,,,,,,,,,,,,,baseline,male_P35,male,P35,1073093,ELA,MDMA,ELA_MDMA
1,inactive,7,green,12,8-12,1.0,12.28,12.28,12527.96,1872.0400000000009,128.0,97.8746875,0.0065596888955364,0.0005341766201576,8.0,34.04,4.255,0.0181833721501677,0.0042734129612615,2.0,3.24,1.62,0.0017307322493109,0.0010683532403153,10.0,13500.96,1350.096,7.211897181684148,0.0053417662015768,,,,,,4.0,4.84,1.21,0.0025854148415632,0.0021367064806307,66.0,248.64,3.767272727272727,0.1328176748360077,0.0352556569304074,,,,,,1.0,4.92,4.92,0.0026281489711758,0.0005341766201576,4.0,14.48,3.62,0.0077348774598833,0.0021367064806307,,,,,,,,,,,,,,,,,,,,38.87748896473619,883.0,0.0440288663247295,0.005423261325612,1.9834799456366248,0.0403028210221989,0.4716779555992391,313327.0,281073.6666666666,4831.0,0.8970617491204608,0.015418396754828,6407.0,124.0,942.0,308.0,529.0,70.0,715.0,221.0,5878.0,54.0,227.0,87.0,0.0825659434992976,0.9174340565007024,0.5645161290322581,0.4354838709677419,0.7590233545647559,0.2409766454352441,0.7175324675324676,0.2824675324675325,baseline,male_P35,male,P35,1073093,ELA,MDMA,ELA_MDMA
1,inactive,7,red,4,0-4,24.0,381.88,15.911666666666669,9268.56,5131.4400000000005,41.0,226.06243902439024,0.0744196560809441,0.0046770497170384,7.0,33.4,4.771428571428571,0.0065088941895452,0.0013641395008028,2.0,12.36,6.18,0.0024086806042748,0.0003897541430865,94.0,12885.0,137.0744680851064,2.5109910668350404,0.0183184447250674,,,,,,3.0,23.8,7.933333333333334,0.0046380743027298,0.0005846312146298,84.0,928.88,11.058095238095238,0.181017414215113,0.0163696740096347,9.0,98.6,10.955555555555556,0.0192148792541664,0.0017538936438894,7.0,82.72,11.817142857142857,0.0161202313580593,0.0013641395008028,80.0,353.48,4.4185,0.0688851472491152,0.0155901657234616,24.0,57.84,2.41,0.0112716898180627,0.0046770497170384,2.4,2.0,1.2,0.0,0.0,0.0,0.0004677049717038,0.0003897541430865,0.0,0.0,1.0,0.0,1.0,0.0,102.6617643529381,5096.0,0.0201455581540302,0.0033426216783205,2.145465381382865,0.0181839171507207,0.9930935565845064,231755.0,220227.6666666667,240.0,0.9502606919663726,0.0010355763629695,23904.0,4549.0,1153.0,9571.0,27.0,0.0,0.0,0.0,23877.0,4549.0,1153.0,9571.0,0.0011295180722891,0.9988704819277108,0.0,1.0,0.0,1.0,0.0,1.0,baseline,male_P35,male,P35,1073138,CTRL,MDMA,CTRL_MDMA
1,inactive,7,red,8,4-8,3.0,92.16,30.72,13076.56,1323.4400000000005,25.0,523.0624,0.0696367043462491,0.0022668198029377,1.0,12.04,12.04,0.0090975034757903,0.0007556066009792,1.0,5.6,5.6,0.0042313969654838,0.0007556066009792,19.0,13975.48,735.5515789473684,10.55996493985371,0.014356525418606,,,,,,2.0,5.36,2.68,0.0040500513812488,0.0015112132019585,13.0,56.32,4.332307692307692,0.0425557637671522,0.0098228858127304,7.0,50.12,7.159999999999999,0.0378710028410808,0.0052892462068548,5.0,74.8,14.96,0.056519373753249,0.0037780330048963,14.0,48.04,3.4314285714285715,0.0362993411110439,0.0105784924137097,6.0,14.84,2.473333333333333,0.0112132019585323,0.0045336396058755,,,,,,,,,,,,,,,23.788460408904303,1040.0,0.0228735196239464,0.0037594818002779,2.195370300687685,0.0210367493515157,0.7858308650184365,326939.0,324099.0,0.0,0.9913133642667288,0.0,1557.0,3135.0,443.0,2307.0,0.0,0.0,0.0,0.0,1557.0,3135.0,443.0,2307.0,0.0,1.0,0.0,1.0,0.0,1.0,0.0,1.0,baseline,male_P35,male,P35,1073138,CTRL,MDMA,CTRL_MDMA
1,inactive,7,red,12,8-12,3.0,178.36,59.45333333333334,11020.84,3379.16,22.0,500.9472727272727,0.0527823482759028,0.0008877945998413,7.0,51.44,7.348571428571428,0.0152227180719468,0.0020715207329632,2.0,13.2,6.6,0.003906296239302,0.0005918630665609,31.0,13136.96,423.7729032258064,3.887640715444075,0.0091738775316942,,,,,,11.0,39.16,3.5599999999999996,0.0115886788432628,0.003255246866085,105.0,995.8,9.483809523809525,0.2946886208406823,0.0310728109944483,6.0,62.84,10.473333333333334,0.0185963375513441,0.0017755891996827,7.0,90.0,12.857142857142858,0.0266338379952414,0.0020715207329632,35.0,135.4,3.8685714285714288,0.0400691296061743,0.0103576036648161,12.0,31.0,2.5833333333333335,0.0091738775316942,0.0035511783993655,3.8,4.0,0.95,0.8,1.0,0.8,0.0011245398264657,0.0011837261331218,0.0002367452266243,0.0002959315332804,0.8260869565217391,0.1739130434782609,0.8,0.2,43.60315216844611,2474.0,0.0176245562524034,0.0025534836634876,2.272104086151257,0.0166779479593638,0.7321346133358586,275543.0,258153.66666666663,2009.0,0.9368906728411416,0.0072910580199823,25990.0,3834.0,1625.0,4462.0,5399.0,80.0,153.0,0.0,20591.0,3754.0,1472.0,4462.0,0.2077337437475952,0.7922662562524048,0.0208659363588941,0.979134063641106,0.0941538461538461,0.905846153846154,0.0,1.0,baseline,male_P35,male,P35,1073138,CTRL,MDMA,CTRL_MDMA
1,inactive,7,yellow,4,0-4,1.0,3.52,3.52,13175.88,1224.1200000000008,68.0,193.76294117647055,0.0028755350782602,0.0008169133745057,2.0,8.12,4.06,0.0066333366009868,0.0016338267490115,,,,,,10.0,14381.0,1438.1,11.748031238767432,0.0081691337450576,,,,,,1.0,17.68,17.68,0.0144430284612619,0.0008169133745057,44.0,174.24,3.96,0.1423389863738848,0.0359441884782537,5.0,52.24,10.448,0.0426755546841812,0.0040845668725288,,,,,,12.0,43.56,3.63,0.0355847465934712,0.0098029604940692,1.0,2.4,2.4,0.0019605920988138,0.0008169133745057,,,,,,,,,,,,,,,36.20890724230671,1154.0,0.031376869360751,0.005125208955165,2.2339514281517405,0.0283833096213823,0.9427180341796548,329465.0,281960.0,975.0,0.855811694717193,0.0029593431775757,4843.0,1311.0,205.0,89.0,425.0,452.0,0.0,0.0,4418.0,859.0,205.0,89.0,0.0877555234358868,0.9122444765641132,0.3447749809305873,0.6552250190694127,0.0,1.0,0.0,1.0,baseline,male_P35,male,P35,1073118,CTRL,MDMA,CTRL_MDMA
1,inactive,7,yellow,8,4-8,,,,14091.0,309.0,14.0,1006.5,,,,,,,,,,,,,5.0,14142.96,2828.5919999999996,45.77009708737864,0.0161812297734627,,,,,,,,,,,,,,,,,,,,,,,,,,,,,,,,,,,,,,,,,,,,,,,,,,0.6952704103743667,40.0,0.0173817602593591,0.0068582303487194,1.7686733752752668,0.0134434529486088,0.1294498381877022,352289.0,341069.3333333333,0.0,0.9681520948236628,0.0,,,,,,,,,,,,,,,,,,,,,baseline,male_P35,male,P35,1073118,CTRL,MDMA,CTRL_MDMA
1,inactive,7,yellow,12,8-12,3.0,11.0,3.6666666666666665,11971.48,2428.5200000000004,44.0,272.0790909090909,0.0045295076836921,0.0012353202773705,9.0,39.4,4.377777777777777,0.0162238729761336,0.0037059608321117,2.0,12.08,6.04,0.0049742229835455,0.0008235468515803,12.0,13494.32,1124.5266666666666,5.556602375109119,0.0049412811094823,,,,,,17.0,375.56,22.091764705882355,0.1546456277897649,0.0070001482384332,75.0,348.04,4.640533333333334,0.1433136231120188,0.0308830069342644,6.0,56.88,9.48,0.0234216724589461,0.0024706405547411,2.0,3.96,1.98,0.0016306227661291,0.0008235468515803,6.0,16.64,2.7733333333333334,0.0068519098051488,0.0024706405547411,,,,,,0.8,1.0,0.8,2.4,3.0,0.7999999999999999,0.0003294187406321,0.0004117734257901,0.0009882562218964,0.0012353202773705,0.25,0.7499999999999999,0.25,0.75,38.25772724314589,1501.0,0.0254881593891711,0.003608027356654,2.2257558761483365,0.0241104304640961,0.6180719121110799,299331.0,277751.0,267.0,0.9279058968165677,0.0008919891357727,18182.0,1529.0,1298.0,278.0,6651.0,150.0,630.0,221.0,11531.0,1379.0,668.0,57.0,0.3658013419865801,0.6341986580134199,0.0981033355134074,0.9018966644865926,0.485362095531587,0.514637904468413,0.7949640287769785,0.2050359712230215,baseline,male_P35,male,P35,1073118,CTRL,MDMA,CTRL_MDMA
1,inactive,8,blue,4,0-4,71.0,1144.2,16.11549295774648,5194.88,9205.12,139.0,37.373237410071944,0.1243003893485364,0.0077130987971911,21.0,100.4,4.780952380952381,0.0109069735103942,0.0022813390808593,3.0,21.56,7.1866666666666665,0.0023421747896822,0.0003259055829799,134.0,11970.84,89.33462686567164,1.3004545296530623,0.0145571160397691,1.0,2.36,2.36,0.0002563790586108,0.0001086351943266,3.0,9.84,3.28,0.001068970312174,0.0003259055829799,123.0,2023.64,16.452357723577236,0.2198385246471529,0.0133621289021761,3.0,7.6,2.533333333333333,0.0008256274768824,0.0003259055829799,51.0,462.56,9.069803921568628,0.0502502954877285,0.0055403949106584,98.0,444.8,4.538775510204082,0.0483209344364875,0.0106462490440102,15.0,38.28,2.552,0.0041585552388236,0.0016295279148995,2.8,3.0,0.9333333333333332,7.0,8.0,0.875,0.0003041785441145,0.0003259055829799,0.0007604463602864,0.000869081554613,0.2857142857142857,0.7142857142857142,0.2727272727272727,0.7272727272727273,207.504277698432,9075.0,0.0228654851458327,0.0056132129136091,2.1667790127124396,0.0208896115582198,0.985864388514218,130011.0,47816.66666666665,33086.0,0.3677893921796359,0.2544861588634808,50963.0,11808.0,3073.0,28676.0,1228.0,3050.0,518.0,9232.0,49735.0,8758.0,2555.0,19444.0,0.0240959127209936,0.9759040872790063,0.2582994579945799,0.74170054200542,0.1685649202733485,0.8314350797266514,0.3219416934021481,0.6780583065978518,baseline,male_P35,male,P35,1073150,ELA,MDMA,ELA_MDMA
1,inactive,8,blue,8,4-8,59.0,13194.36,223.63322033898305,344.4,14055.6,15.0,22.959999999999997,0.9387262016562794,0.0041976151854065,,,,,,,,,,,122.0,1646.36,13.494754098360657,0.1171319616380659,0.0086798144511796,,,,,,,,,,,4.0,180.56,45.14,0.0128461253877458,0.0002845840803665,,,,,,,,,,,15.0,99.56,6.637333333333333,0.0070832977603232,0.0010671903013745,56.0,178.24,3.182857142857143,0.0126810666211332,0.0039841771251316,,,,,,,,,,,,,,,55.75698429718351,14039.0,0.0039715780537918,0.0007385425612312,2.291281113074359,0.0038357921216558,0.9988189760664788,8625.0,5658.0,0.0,0.656,0.0,4518.0,0.0,0.0,329918.0,0.0,0.0,0.0,30783.0,4518.0,0.0,0.0,299135.0,0.0,1.0,0.0,0.0,0.0,0.0,0.0933050030613667,0.9066949969386332,baseline,male_P35,male,P35,1073150,ELA,MDMA,ELA_MDMA
1,inactive,8,blue,12,8-12,196.0,3286.12,16.765918367346938,9163.08,5236.92,230.0,39.83947826086956,0.6274909679735416,0.0374265789815387,,,,,,,,,,,171.0,11614.44,67.92070175438597,2.2177997754405263,0.0326527806420567,,,,,,,,,,,19.0,131.88,6.941052631578947,0.0251827410004353,0.0036280867380063,,,,,,2.0,28.16,14.08,0.0053772064495925,0.0003819038671585,52.0,208.96,4.018461538461539,0.0399013160407262,0.0099295005461225,15.0,46.48,3.0986666666666665,0.0088754458727649,0.0028642790036891,0.0,0.0,0.0,8.2,6.0,1.3666666666666665,0.0,0.0,0.00156580585535,0.0011457116014756,0.0,1.0,0.0,1.0,52.58996835672263,5023.0,0.0104698324421108,0.0019191904953459,2.1393583377602323,0.0087363943416774,0.9591515623687206,229307.0,125778.66666666664,13064.0,0.5485164720949061,0.0569716580828321,3316.0,706.0,0.0,82349.0,258.0,0.0,0.0,41628.0,3058.0,706.0,0.0,40721.0,0.0778045838359469,0.9221954161640532,0.0,1.0,0.0,0.0,0.5055070492659292,0.4944929507340708,baseline,male_P35,male,P35,1073150,ELA,MDMA,ELA_MDMA
1,inactive,8,green,4,0-4,130.0,1479.36,11.379692307692308,71.4,14328.6,9.0,7.933333333333334,0.1032452577362756,0.0090727635637815,54.0,277.68,5.142222222222222,0.0193794229722373,0.0037686864034169,30.0,113.72,3.790666666666666,0.0079365744036402,0.0020937146685649,207.0,11729.52,56.66434782608696,0.8186089359742055,0.0144466312130982,5.0,11.6,2.32,0.0008095696718451,0.0003489524447608,9.0,35.72,3.968888888888889,0.0024929162653713,0.0006281144005694,187.0,1365.04,7.299679144385027,0.0952668090392641,0.0130508214340549,1.0,6.48,6.48,0.00045224236841,6.97904889521656e-05,99.0,1180.64,11.925656565656569,0.0823974428764848,0.0069092584062643,213.0,950.32,4.461596244131456,0.066323297461022,0.0148653741468112,51.0,126.12,2.4729411764705884,0.0088019764666471,0.0035593149365604,3.8,4.0,0.95,17.8,15.0,1.1866666666666668,0.0002652038580182,0.0002791619558086,0.0012422707033485,0.0010468573342824,0.1759259259259259,0.8240740740740741,0.2105263157894736,0.7894736842105263,509.2653836788837,14319.0,0.0355657087561201,0.0060748024238235,2.1952428211558663,0.034192804827438,0.9993300113060593,1794.0,460.0,536.0,0.2564102564102564,0.2987736900780379,35215.0,29778.0,9869.0,37114.0,1267.0,5213.0,1066.0,7796.0,33948.0,24565.0,8803.0,29318.0,0.0359789862274598,0.96402101377254,0.1750621264020417,0.8249378735979582,0.1080149964535413,0.8919850035464586,0.2100555046613137,0.7899444953386862,baseline,male_P35,male,P35,1073129,CTRL,MDMA,CTRL_MDMA
1,inactive,8,green,8,4-8,78.0,977.0,12.525641025641026,12599.08,1800.92,164.0,76.82365853658537,0.5425004997445749,0.0433111964995668,,,,,,,,,,,38.0,13675.0,359.86842105263156,7.593341181174067,0.0211003264997889,,,,,,,,,,,1.0,5.52,5.52,0.0030651000599693,0.0005552717499944,,,,,,2.0,5.68,2.84,0.0031539435399684,0.0011105434999888,1.0,1.96,1.96,0.0010883326299891,0.0005552717499944,1.0,3.6,3.6,0.00199897829998,0.0005552717499944,,,,,,,,,,,,,,,12.819373807491845,1640.0,0.0078166913460316,0.0028814850751067,2.143544332128894,0.0075751748921488,0.9106456699908936,315141.0,191117.66666666663,0.0,0.6064512921729214,0.0,139.0,144.0,0.0,24503.0,0.0,0.0,0.0,9033.0,139.0,144.0,0.0,15470.0,0.0,1.0,0.0,1.0,0.0,0.0,0.3686487368893605,0.6313512631106395,baseline,male_P35,male,P35,1073129,CTRL,MDMA,CTRL_MDMA
1,inactive,8,green,12,8-12,133.0,12205.88,91.77353383458646,371.8,14028.2,30.0,12.393333333333334,0.8700959495872599,0.009480902753026,4.0,18.64,4.66,0.0013287520850857,0.0002851399324218,3.0,12.88,4.293333333333334,0.0009181505823983,0.0002138549493163,194.0,2908.44,14.9919587628866,0.2073280962632411,0.013829286722459,,,,,,1.0,1.08,1.08,7.698778175389572e-05,7.1284983105459e-05,39.0,275.12,7.0543589743589745,0.0196119245519738,0.0027801143411129,,,,,,11.0,150.28,13.661818181818182,0.0107127072610883,0.00078413481416,129.0,417.88,3.23937984496124,0.0297885687401092,0.0091957628206042,67.0,282.28,4.213134328358208,0.0201223250310089,0.0047760938680657,0.0,0.0,0.0,1.6,2.0,0.8,0.0,0.0,0.0001140559729687,0.0001425699662109,0.0,1.0,0.0,1.0,119.67992639665836,13998.0,0.008549787569414,0.001476981539772,2.303402069208032,0.0085544603874226,0.9978471935102152,9325.0,3898.333333333333,49.0,0.4180518319928507,0.005254691689008,6945.0,3768.0,795.0,305280.0,129.0,606.0,0.0,59301.0,6816.0,3162.0,795.0,245979.0,0.0185745140388768,0.9814254859611232,0.160828025477707,0.839171974522293,0.0,1.0,0.194251179245283,0.805748820754717,baseline,male_P35,male,P35,1073129,CTRL,MDMA,CTRL_MDMA
1,inactive,8,red,4,0-4,27.0,139.04,5.149629629629629,11798.08,2601.92,77.0,153.22181818181818,0.0534374615668429,0.0103769524043783,7.0,29.52,4.217142857142857,0.0113454679621202,0.0026903209937277,7.0,28.36,4.051428571428572,0.0108996433403025,0.0026903209937277,85.0,13680.04,160.94164705882355,5.2576712581478295,0.032668183495265,,,,,,3.0,17.12,5.706666666666667,0.0065797564875169,0.0011529947115975,21.0,762.56,36.31238095238095,0.2930758824252859,0.0080709629811831,6.0,98.72,16.453333333333333,0.0379412126429713,0.0023059894231951,5.0,10.36,2.072,0.003981675070717,0.0019216578526626,36.0,154.68,4.296666666666667,0.0594484073299717,0.013835936539171,14.0,39.48,2.82,0.0151734104046242,0.0053806419874554,17.4,15.0,1.16,0.0,0.0,0.0,0.006687369327266,0.0057649735579879,0.0,0.0,1.0,0.0,1.0,0.0,104.71541615549069,2525.0,0.0414714519427685,0.0072098912280503,1.9368449175789677,0.0322143084398796,0.9704372155946378,295029.0,61476.99999999999,157245.0,0.2083761257367919,0.5329815035132139,19516.0,2738.0,1461.0,3503.0,0.0,134.0,0.0,33.0,19516.0,2604.0,1461.0,3470.0,0.0,1.0,0.0489408327246165,0.9510591672753836,0.0,1.0,0.0094204967170996,0.9905795032829005,baseline,male_P35,male,P35,1073139,CTRL,MDMA,CTRL_MDMA
1,inactive,8,red,8,4-8,101.0,1376.68,13.630495049504953,11923.72,2476.2800000000007,135.0,88.32385185185184,0.5559468234609978,0.0407869869320109,1.0,3.72,3.72,0.0015022533800701,0.0004038315537822,,,,,,77.0,13202.32,171.4587012987013,5.331513399130953,0.031095029641236,,,,,,,,,,,1.0,4.32,4.32,0.0017445523123394,0.0004038315537822,,,,,,,,,,,36.0,152.4,4.233333333333333,0.0615439287964204,0.0145379359361623,16.0,44.36,2.7725,0.0179139677257822,0.0064613048605165,,,,,,,,,,,,,,,24.51643189746865,2357.0,0.0104015408983744,0.0014955014896496,2.0890515481182077,0.0090672705264016,0.9518309722648486,298228.0,187219.3333333333,135.0,0.6277724872692481,0.0004526737932051,109.0,0.0,94.0,34518.0,0.0,0.0,0.0,21905.0,109.0,0.0,94.0,12613.0,0.0,1.0,0.0,0.0,0.0,1.0,0.6345964424358306,0.3654035575641694,baseline,male_P35,male,P35,1073139,CTRL,MDMA,CTRL_MDMA
1,inactive,8,red,12,8-12,67.0,1092.72,16.309253731343283,9730.36,4669.639999999999,16.0,608.1475,0.2340051909783195,0.0143480011307081,14.0,65.2,4.6571428571428575,0.0139625324436144,0.0029980897885061,10.0,56.52,5.652,0.0121037167747406,0.0021414927060758,76.0,12628.72,166.16736842105263,2.7044311767074123,0.0162753445661764,,,,,,2.0,9.68,4.84,0.0020729649394814,0.0004282985412151,53.0,1524.16,28.757735849056605,0.3263977522892557,0.0113499113422019,4.0,66.64,16.66,0.0142709073932894,0.0008565970824303,22.0,270.64,12.30181818181818,0.0579573585972366,0.0047112839533668,79.0,299.72,3.793924050632912,0.0641848193865051,0.0169177923779991,17.0,68.04,4.002352941176471,0.01457071637214,0.0036405376003289,10.6,9.0,1.1777777777777778,0.0,0.0,0.0,0.0022699822684403,0.0019273434354682,0.0,0.0,1.0,0.0,1.0,0.0,111.47277515448332,4651.0,0.0239674855202071,0.0051687525327743,2.0600774454951716,0.0190371557336496,0.9960082575958747,243275.0,130333.99999999996,14775.0,0.5357476107285991,0.0607337375398211,38401.0,8458.0,3067.0,27385.0,72.0,423.0,0.0,21758.0,38329.0,8035.0,3067.0,5627.0,0.0018749511731465,0.9981250488268536,0.0500118231260345,0.9499881768739656,0.0,1.0,0.7945225488406061,0.2054774511593938,baseline,male_P35,male,P35,1073139,CTRL,MDMA,CTRL_MDMA
1,inactive,8,yellow,4,0-4,46.0,404.32,8.789565217391305,4918.6,9481.4,357.0,13.777591036414568,0.0426434914675048,0.0048516041934735,20.0,140.92,7.045999999999999,0.0148627839770498,0.0021093931275971,4.0,11.24,2.81,0.0011854789377096,0.0004218786255194,79.0,13840.76,175.19949367088608,1.4597802012361043,0.0083321028540089,,,,,,3.0,5.04,1.68,0.0005315670681544,0.0003164089691395,140.0,416.48,2.974857142857143,0.0439260024890839,0.0147657518931803,1.0,1.96,1.96,0.0002067205265045,0.0001054696563798,94.0,905.96,9.637872340425533,0.0955512898938975,0.0099141476997067,43.0,213.04,4.9544186046511625,0.0224692555951652,0.0045351952243339,7.0,15.36,2.1942857142857144,0.0016200139219946,0.000738287594659,0.8,1.0,0.8,0.0,0.0,0.0,8.437572510388762e-05,0.0001054696563798,0.0,0.0,1.0,0.0,1.0,0.0,223.05748260434197,9131.0,0.0244285929913856,0.0052911576002193,2.224147716211152,0.0247469373184206,0.9630434324044972,123322.0,54242.99999999999,7240.0,0.4398485266213651,0.0587080975008514,10681.0,22793.0,3828.0,10154.0,672.0,3531.0,548.0,4011.0,10009.0,19262.0,3280.0,6143.0,0.0629154573541803,0.9370845426458196,0.1549159829772298,0.8450840170227701,0.1431556948798328,0.8568443051201672,0.3950167421705732,0.6049832578294269,baseline,male_P35,male,P35,1073094,ELA,MDMA,ELA_MDMA
1,inactive,8,yellow,8,4-8,,,,14380.32,19.68000000000029,10.0,1438.032,,,,,,,,,,,,,5.0,14399.96,2879.9919999999997,731.7052845528347,0.2540650406504027,,,,,,,,,,,,,,,,,,,,,,,,,,,,,,,,,,,,,,,,,,,,,,,,,,0.156780320280445,12.0,0.013065026690037,0.0152820963824913,2.3022716888670747,0.0076367526805723,0.6097560975609666,359518.0,207102.3333333333,3274.0,0.5760555336125961,0.0091066372198332,,,,,,,,,,,,,,,,,,,,,baseline,male_P35,male,P35,1073094,ELA,MDMA,ELA_MDMA
1,inactive,8,yellow,12,8-12,39.0,198.48,5.089230769230769,12655.04,1744.9599999999991,165.0,76.69721212121213,0.1137447276728406,0.0223500825233816,,,,,,,,,,,23.0,14286.36,621.1460869565218,8.187213460480473,0.0131808178984045,,,,,,,,,,,47.0,313.36,6.667234042553192,0.1795800476801761,0.0269347148358701,,,,,,15.0,114.28,7.618666666666667,0.0654914725838988,0.008596185585916,10.0,34.4,3.44,0.0197139189437007,0.0057307903906106,1.0,2.52,2.52,0.0014441591784338,0.000573079039061,0.0,0.0,0.0,0.8,1.0,0.8,0.0,0.0,0.0004584632312488,0.000573079039061,0.0,1.0,0.0,1.0,31.54421471490851,1604.0,0.0196659692736337,0.0033567563112954,2.1502143795394923,0.0185859362260127,0.9192187786539524,316541.0,147054.33333333328,38385.0,0.4645664647970824,0.1212639120998543,7881.0,2872.0,0.0,5001.0,315.0,183.0,0.0,2895.0,7566.0,2689.0,0.0,2106.0,0.0399695470118005,0.9600304529881994,0.0637186629526462,0.9362813370473536,0.0,0.0,0.5788842231553689,0.4211157768446311,baseline,male_P35,male,P35,1073094,ELA,MDMA,ELA_MDMA
2,inactive,1,blue,4,0-4,66.0,405.84,6.1490909090909085,6416.24,7983.76,102.0,62.90431372549019,0.0508331913784983,0.0082667815665801,22.0,57.12,2.596363636363636,0.0071545236830766,0.0027555938555267,12.0,45.8,3.8166666666666664,0.0057366453901419,0.0015030511939236,180.0,12059.88,66.99933333333333,1.510551419381344,0.0225457679088549,1.0,1.96,1.96,0.0002454983616741,0.0001252542661603,101.0,1345.4,13.32079207920792,0.1685170896920749,0.0126506808821908,8.0,30.84,3.855,0.0038628415683838,0.0010020341292824,22.0,192.08,8.730909090909092,0.0240588394440714,0.0027555938555267,8.0,78.48,9.81,0.0098299548082607,0.0010020341292824,143.0,587.84,4.110769230769231,0.0736294678196739,0.0179113600609236,18.0,42.6,2.3666666666666667,0.005335831738429,0.0022545767908854,6.6,7.0,0.9428571428571428,0.0,0.0,0.0,0.000826678156658,0.0008767798631221,0.0,0.0,1.0,0.0,1.0,0.0,225.19228634057893,7880.0,0.0285777013122562,0.0054132161552033,2.0106870662937864,0.0253807607609833,0.9870036173432066,160508.0,149479.0,790.0,0.931286914047898,0.0049218730530565,34515.0,6794.0,2607.0,10212.0,528.0,396.0,20.0,0.0,33987.0,6398.0,2587.0,10212.0,0.0152976966536288,0.9847023033463712,0.058286723579629,0.941713276420371,0.0076716532412734,0.9923283467587264,0.0,1.0,baseline,male_P35,male,P35,1072482,CTRL,MDMA,CTRL_MDMA
2,inactive,1,blue,8,4-8,8.0,45.56,5.695,12993.56,1406.4400000000005,32.0,406.04875,0.0323938454537697,0.0056881203606268,4.0,20.56,5.14,0.0146184693268109,0.0028440601803134,5.0,27.12,5.424,0.0192827280225249,0.0035550752253917,32.0,14220.68,444.39625,10.11111743124484,0.0227524814425073,,,,,,49.0,407.76,8.321632653061224,0.2899234947811495,0.0348397372088393,3.0,16.92,5.640000000000001,0.0120303745627257,0.002133045135235,5.0,43.2,8.64,0.0307158499473848,0.0035550752253917,2.0,7.4,3.7,0.0052615113335798,0.0014220300901567,25.0,93.52,3.7408,0.0664941270157276,0.0177753761269588,4.0,8.64,2.16,0.0061431699894769,0.0028440601803134,2.8,3.0,0.9333333333333332,0.0,0.0,0.0,0.0019908421262193,0.002133045135235,0.0,0.0,1.0,0.0,1.0,0.0,34.72522287787567,1375.0,0.0252547075475459,0.0051757773521673,1.9689229356795608,0.0213294455453176,0.9776456869827362,324871.0,304553.3333333333,310.0,0.9374592787085744,0.0009542249077326,10669.0,1272.0,1201.0,1147.0,312.0,0.0,0.0,0.0,10357.0,1272.0,1201.0,1147.0,0.029243602961852,0.970756397038148,0.0,1.0,0.0,1.0,0.0,1.0,baseline,male_P35,male,P35,1072482,CTRL,MDMA,CTRL_MDMA
2,inactive,1,blue,12,8-12,12.0,98.56,8.213333333333333,12184.68,2215.3199999999997,52.0,234.32076923076923,0.044490186519329,0.0054168246573858,6.0,22.36,3.7266666666666666,0.0100933499449289,0.0027084123286929,7.0,24.0,3.4285714285714284,0.0108336493147716,0.003159814383475,33.0,14036.8,425.3575757575757,6.336240362566131,0.014896267807811,2.0,4.52,2.26,0.0020403372876153,0.0009028041095643,41.0,698.36,17.03317073170732,0.3152411389776646,0.0185074842460682,3.0,41.24,13.746666666666668,0.018615820739216,0.0013542061643464,11.0,88.8,8.072727272727272,0.0400845024646552,0.0049654226026036,6.0,54.68,9.113333333333332,0.0246826643554881,0.0027084123286929,40.0,158.2,3.955,0.0714118050665366,0.0180560821912861,8.0,18.36,2.295,0.0082877417258003,0.0036112164382572,5.6,5.0,1.12,0.0,0.0,0.0,0.00252785150678,0.0022570102739107,0.0,0.0,1.0,0.0,1.0,0.0,57.032578202449535,2159.0,0.0264162011127603,0.0037696885236902,1.9603817036711195,0.0243942476503173,0.9745770362746692,304669.0,266517.0,4885.0,0.8747755761170319,0.0160337940519055,18534.0,3604.0,1172.0,2476.0,148.0,0.0,0.0,72.0,18386.0,3604.0,1172.0,2404.0,0.0079853242689111,0.9920146757310888,0.0,1.0,0.0,1.0,0.0290791599353796,0.9709208400646204,baseline,male_P35,male,P35,1072482,CTRL,MDMA,CTRL_MDMA
2,inactive,1,green,4,0-4,4.0,79.28,19.82,12145.04,2254.959999999999,160.0,75.90650000000001,0.0351580515840635,0.0017738673856742,6.0,31.52,5.253333333333333,0.013978074999113,0.0026608010785113,6.0,24.12,4.0200000000000005,0.0106964203356157,0.0026608010785113,21.0,14188.56,675.6457142857142,6.292155958420551,0.0093128037747898,,,,,,89.0,783.08,8.798651685393258,0.3472700180934475,0.039468549331252,2.0,2.64,1.32,0.001170752474545,0.0008869336928371,6.0,56.6,9.433333333333334,0.0251002235072906,0.0026608010785113,,,,,,12.0,41.0,3.4166666666666665,0.018182140703161,0.0053216021570227,2.0,3.96,1.98,0.0017561287118175,0.0008869336928371,0.0,0.0,0.0,4.8,5.0,0.96,0.0,0.0,0.002128640862809,0.0022173342320928,0.0,1.0,0.0,1.0,70.09711051639086,2128.0,0.0329403714832663,0.0067575537881043,2.138804359582737,0.0271797734233702,0.9436974491786998,303786.0,241857.3333333333,2777.0,0.7961437766497906,0.0091413034175373,19734.0,1421.0,1403.0,1986.0,451.0,117.0,155.0,54.0,19283.0,1304.0,1248.0,1932.0,0.0228539576365663,0.9771460423634336,0.0823363828289936,0.9176636171710064,0.1104775481111903,0.8895224518888097,0.0271903323262839,0.972809667673716,baseline,male_P35,male,P35,1072240,ELA,MDMA,ELA_MDMA
2,inactive,1,green,8,4-8,7.0,27.72,3.96,12524.6,1875.3999999999996,97.0,129.119587628866,0.0147808467526927,0.0037325370587607,3.0,12.0,4.0,0.0063986349578756,0.0015996587394689,2.0,17.08,8.54,0.0091073904233763,0.0010664391596459,21.0,14139.44,673.3066666666667,7.539426255732113,0.0111976111762823,,,,,,32.0,510.2,15.94375,0.2720486296256799,0.017063026554335,12.0,118.08,9.84,0.0629625679854964,0.0063986349578756,3.0,10.44,3.48,0.0055668124133518,0.0015996587394689,3.0,39.92,13.306666666666668,0.021286125626533,0.0015996587394689,28.0,106.36,3.798571428571429,0.0567132345099712,0.0149301482350431,1.0,3.68,3.68,0.0019622480537485,0.0005332195798229,0.0,0.0,0.0,1.6,2.0,0.8,0.0,0.0,0.0008531513277167,0.0010664391596459,0.0,1.0,0.0,1.0,42.166043185079985,1797.0,0.0234646873595325,0.0038403635121253,2.1246638295163174,0.0210085290849888,0.9581955849418792,313212.0,295974.0,1322.0,0.9449637944906324,0.0042207833671762,15751.0,1265.0,732.0,700.0,84.0,151.0,38.0,200.0,15667.0,1114.0,694.0,500.0,0.0053329947304933,0.9946670052695068,0.1193675889328063,0.8806324110671937,0.0519125683060109,0.9480874316939892,0.2857142857142857,0.7142857142857143,baseline,male_P35,male,P35,1072240,ELA,MDMA,ELA_MDMA
2,inactive,1,green,12,8-12,4.0,25.52,6.38,12663.32,1736.6800000000003,78.0,162.3502564102564,0.0146947048391183,0.002303245272589,4.0,17.28,4.32,0.0099500195775848,0.002303245272589,3.0,12.56,4.1866666666666665,0.0072321901559297,0.0017274339544418,17.0,14267.0,839.2352941176471,8.215100076007092,0.0097887924085035,,,,,,54.0,640.96,11.86962962962963,0.3690720224796738,0.0310938111799525,2.0,12.48,6.24,0.0071861252504779,0.0011516226362945,5.0,52.28,10.456,0.0301034157127392,0.0028790565907363,3.0,29.32,9.773333333333332,0.0168827878480779,0.0017274339544418,10.0,42.72,4.272,0.0245986595112513,0.0057581131814726,2.0,4.8,2.4,0.0027638943271068,0.0011516226362945,0.0,0.0,0.0,0.8,1.0,0.8,0.0,0.0,0.0004606490545178,0.0005758113181472,0.0,1.0,0.0,1.0,38.90028657223179,1670.0,0.0232935847737914,0.004668930544486,2.1554625449046454,0.0201247373169113,0.96160490130594,316661.0,279783.3333333333,211.0,0.883542126543317,0.0006663277132327,16392.0,2048.0,753.0,642.0,665.0,0.0,53.0,135.0,15727.0,2048.0,700.0,507.0,0.040568570034163,0.959431429965837,0.0,1.0,0.0703851261620186,0.9296148738379814,0.2102803738317757,0.7897196261682243,baseline,male_P35,male,P35,1072240,ELA,MDMA,ELA_MDMA
2,inactive,1,red,4,0-4,,,,13186.2,1213.7999999999993,85.0,155.13176470588238,,,1.0,2.4,2.4,0.0019772614928324,0.0008238589553468,,,,,,15.0,14334.88,955.6586666666666,11.809919261822383,0.0123578843302026,,,,,,64.0,400.52,6.258125,0.3299719887955183,0.052726973142198,1.0,2.24,2.24,0.0018454440599769,0.0008238589553468,7.0,67.2,9.6,0.0553633217993079,0.0057670126874279,,,,,,9.0,44.2,4.911111111111111,0.0364145658263305,0.0074147305981216,,,,,,0.0,0.0,0.0,1.0,1.0,1.0,0.0,0.0,0.0008238589553468,0.0008238589553468,0.0,1.0,0.0,1.0,22.73614549754881,1130.0,0.0201204827411936,0.0053243795504731,2.006862254019592,0.0166130797350483,0.930960619541935,329740.0,249506.66666666663,10951.0,0.7566769778209093,0.0332110147388851,10134.0,1687.0,61.0,0.0,254.0,194.0,0.0,0.0,9880.0,1493.0,61.0,0.0,0.0250641405170712,0.9749358594829288,0.1149970361588618,0.8850029638411381,0.0,1.0,0.0,0.0,baseline,male_P35,male,P35,1072442,CTRL,MDMA,CTRL_MDMA
2,inactive,1,red,8,4-8,,,,13691.36,708.6399999999994,30.0,456.3786666666667,,,,,,,,,,,,,6.0,14393.04,2398.84,20.310792503951248,0.0084669225558816,,,,,,16.0,241.2,15.075,0.3403702867464441,0.0225784601490178,,,,,,5.0,42.52,8.504000000000001,0.0600022578460149,0.007055768796568,,,,,,6.0,31.08,5.18,0.0438586588394671,0.0084669225558816,1.0,2.44,2.44,0.0034432151727252,0.0014111537593136,0.0,0.0,0.0,1.2,1.0,1.2,0.0,0.0,0.0016933845111763,0.0014111537593136,0.0,1.0,0.0,1.0,7.445897536792738,681.0,0.0109337702449232,0.0023401228151809,2.161476332187169,0.0082468265840131,0.9609957100925725,342314.0,313500.0,3100.0,0.9158258207376851,0.0090560129004364,6046.0,1068.0,0.0,0.0,307.0,0.0,0.0,0.0,5739.0,1068.0,0.0,0.0,0.0507773734700628,0.9492226265299372,0.0,1.0,0.0,0.0,0.0,0.0,baseline,male_P35,male,P35,1072442,CTRL,MDMA,CTRL_MDMA
2,inactive,1,red,12,8-12,13.0,318.36,24.48923076923077,11865.36,2534.6399999999994,40.0,296.634,0.1256036360193164,0.0051289334974592,4.0,29.84,7.46,0.0117728750433986,0.0015781333838336,3.0,33.48,11.159999999999998,0.0132089764226872,0.0011836000378752,35.0,13664.76,390.4217142857143,5.391203484518512,0.013808667108544,,,,,,45.0,522.64,11.614222222222224,0.2061989079316984,0.017754000568128,5.0,24.56,4.912,0.0096897389767383,0.001972666729792,9.0,103.76,11.52888888888889,0.0409367799766436,0.0035508001136256,2.0,7.2,3.6,0.0028406400909004,0.0007890666919168,40.0,183.4,4.585,0.0723574156487706,0.015781333838336,8.0,20.88,2.61,0.0082378562636114,0.0031562667676672,0.0,0.0,0.0,4.8,4.0,1.2,0.0,0.0,0.0018937600606003,0.0015781333838336,0.0,1.0,0.0,1.0,47.297836616762055,2494.0,0.0189646498062397,0.0046558793394433,2.0855780686574965,0.0173093661073558,0.9839661648202508,296674.0,264703.0,1982.0,0.8922352481174622,0.0066807337346717,13730.0,2785.0,1590.0,7972.0,661.0,0.0,0.0,0.0,13069.0,2785.0,1590.0,7972.0,0.0481427530954115,0.9518572469045884,0.0,1.0,0.0,1.0,0.0,1.0,baseline,male_P35,male,P35,1072442,CTRL,MDMA,CTRL_MDMA
2,inactive,1,yellow,4,0-4,6.0,16.72,2.786666666666666,12877.84,1522.16,129.0,99.82821705426356,0.0109843906028275,0.0039417669627371,4.0,8.64,2.16,0.0056761444263415,0.0026278446418247,,,,,,17.0,14353.36,844.3152941176471,9.429600042045514,0.0111683397277552,,,,,,55.0,254.28,4.623272727272727,0.1670520838808009,0.0361328638250906,,,,,,11.0,86.24,7.84,0.0566563304777421,0.0072265727650181,1.0,6.28,6.28,0.0041257160876648,0.0006569611604561,12.0,35.0,2.9166666666666665,0.0229936406159667,0.0078835339254743,,,,,,0.0,0.0,0.0,0.8,1.0,0.8,0.0,0.0,0.0005255689283649,0.0006569611604561,0.0,1.0,0.0,1.0,54.30686719538352,1408.0,0.0385702181785394,0.0086762977758935,2.067987638176469,0.0346504531109654,0.9250013139223208,322075.0,247541.66666666663,7707.0,0.7685839219643457,0.0239292090351626,6412.0,2325.0,220.0,424.0,363.0,319.0,156.0,54.0,6049.0,2006.0,64.0,370.0,0.0566126013724267,0.9433873986275731,0.1372043010752688,0.8627956989247312,0.7090909090909091,0.2909090909090909,0.1273584905660377,0.8726415094339622,baseline,male_P35,male,P35,1072421,ELA,MDMA,ELA_MDMA
2,inactive,1,yellow,8,4-8,4.0,17.16,4.29,13546.56,853.4400000000005,54.0,250.8622222222222,0.0201068616422947,0.004686914135733,3.0,7.84,2.6133333333333333,0.0091863517060367,0.0035151856017997,,,,,,8.0,14383.68,1797.96,16.85376827896512,0.009373828271466,,,,,,42.0,392.36,9.341904761904765,0.4597394075740529,0.0492125984251968,1.0,6.28,6.28,0.0073584551931008,0.0011717285339332,4.0,25.56,6.39,0.029949381327334,0.004686914135733,2.0,34.08,17.04,0.0399325084364454,0.0023434570678665,8.0,29.4,3.675,0.0344488188976377,0.009373828271466,,,,,,,,,,,,,,,,,,,,27.13519057179091,814.0,0.03333561495306,0.0033551847843177,2.196080173222549,0.0316797857912529,0.9537870266216716,338718.0,313057.3333333333,53.0,0.9242417979951856,0.0001564723457271,10009.0,1497.0,199.0,433.0,89.0,151.0,38.0,200.0,9920.0,1346.0,161.0,233.0,0.0088919972025177,0.9911080027974822,0.1008684034736139,0.8991315965263861,0.1909547738693467,0.8090452261306532,0.4618937644341801,0.5381062355658198,baseline,male_P35,male,P35,1072421,ELA,MDMA,ELA_MDMA
2,inactive,1,yellow,12,8-12,7.0,24.0,3.4285714285714284,13451.52,948.4799999999996,69.0,194.94956521739132,0.0253036437246963,0.0073802294197031,2.0,3.52,1.76,0.0037112010796221,0.002108636977058,1.0,3.08,3.08,0.0032473009446693,0.001054318488529,11.0,14372.56,1306.5963636363635,15.153255735492584,0.0115975033738191,,,,,,41.0,243.48,5.938536585365854,0.2567054655870446,0.0432270580296896,1.0,1.56,1.56,0.0016447368421052,0.001054318488529,2.0,35.72,17.86,0.0376602564102564,0.002108636977058,2.0,8.96,4.48,0.0094466936572199,0.002108636977058,6.0,26.72,4.453333333333333,0.0281713900134952,0.006325910931174,,,,,,,,,,,,,,,,,,,,33.39364187400181,884.0,0.03777561297964,0.0069155109255039,2.1651990006234154,0.0333818000480567,0.9320175438596496,336357.0,291542.0,951.0,0.8667635874978074,0.0028273530802094,6168.0,1121.0,168.0,607.0,666.0,0.0,53.0,137.0,5502.0,1121.0,115.0,470.0,0.107976653696498,0.892023346303502,0.0,1.0,0.3154761904761904,0.6845238095238095,0.2257001647446458,0.7742998352553542,baseline,male_P35,male,P35,1072421,ELA,MDMA,ELA_MDMA
2,inactive,2,blue,4,0-4,19.0,635.76,33.461052631578944,8861.88,5538.120000000001,70.0,126.59828571428572,0.1147970791532144,0.0034307671195279,10.0,36.6,3.66,0.0066087408723537,0.0018056669050146,4.0,20.52,5.13,0.0037052284890901,0.0007222667620058,79.0,13160.88,166.593417721519,2.3764165456869835,0.0142647685496161,1.0,1.4,1.4,0.000252793366702,0.0001805666905014,9.0,54.56,6.062222222222222,0.0098517186337601,0.0016251002145132,39.0,466.2,11.953846153846154,0.0841801911117852,0.0070421009295573,18.0,172.0,9.555555555555555,0.0310574707662528,0.0032502004290264,6.0,76.76,12.793333333333337,0.0138602991628928,0.0010834001430088,76.0,329.84,4.34,0.0595581171950047,0.0137230684781117,23.0,66.8,2.904347826086956,0.0120618549254981,0.0041530338815338,4.8,4.0,1.2,17.8,13.0,1.3692307692307693,0.000866720114407,0.0007222667620058,0.0032140870909261,0.0023473669765191,0.2123893805309734,0.7876106194690266,0.2352941176470588,0.7647058823529411,125.0396010616524,5468.0,0.0228675203112019,0.0036298385596287,2.1317603279386823,0.019641423707511,0.9873386636620368,221617.0,189875.3333333333,4141.0,0.856772419685012,0.0186853896587355,13067.0,6243.0,1442.0,15913.0,708.0,132.0,15.0,278.0,12359.0,6111.0,1427.0,15635.0,0.0541822912680799,0.94581770873192,0.0211436809226333,0.9788563190773668,0.0104022191400832,0.9895977808599168,0.0174699930874128,0.9825300069125872,baseline,male_P35,male,P35,1072265,ELA,MDMA,ELA_MDMA
2,inactive,2,blue,8,4-8,,,,12377.08,2022.92,7.0,1768.1542857142856,,,,,,,,,,,,,6.0,12418.88,2069.813333333333,6.139086073596583,0.0029660095307772,,,,,,,,,,,,,,,,1.0,20.52,20.52,0.0101437525952583,0.0004943349217962,,,,,,1.0,4.16,4.16,0.0020564332746722,0.0004943349217962,,,,,,,,,,,,,,,,,,,,1.3888104683537803,41.0,0.0338734260574092,0.0076399310046837,1.916936767058144,0.0227229732541687,0.0202677317936448,309434.0,299854.6666666666,0.0,0.9690424021493004,0.0,0.0,514.0,0.0,0.0,0.0,0.0,0.0,0.0,0.0,514.0,0.0,0.0,0.0,0.0,0.0,1.0,0.0,0.0,0.0,0.0,baseline,male_P35,male,P35,1072265,ELA,MDMA,ELA_MDMA
2,inactive,2,blue,12,8-12,5.0,65.44,13.088,11057.2,3342.7999999999993,25.0,442.288,0.0195764030154361,0.0014957520641378,4.0,26.48,6.62,0.007921502931674,0.0011966016513102,1.0,19.92,19.92,0.0059590762235251,0.0002991504128275,21.0,12637.28,601.7752380952381,3.780447529017591,0.0062821586693789,1.0,2.2,2.2,0.0006581309082206,0.0002991504128275,7.0,106.52,15.217142857142855,0.0318655019743927,0.0020940528897929,42.0,740.28,17.625714285714285,0.2214550676079933,0.0125643173387579,5.0,27.04,5.4079999999999995,0.0080890271628574,0.0014957520641378,3.0,44.68,14.893333333333333,0.0133660404451358,0.0008974512384827,28.0,93.84,3.351428571428571,0.0280722747397391,0.0083762115591719,6.0,18.48,3.08,0.0055282996290534,0.0017949024769654,0.8,1.0,0.8,0.0,0.0,0.0,0.000239320330262,0.0002991504128275,0.0,0.0,1.0,0.0,1.0,0.0,28.105762839151144,1741.0,0.0161434594136422,0.0025445748154483,2.1540858174762616,0.0151925583493309,0.520820868732799,276455.0,261954.0,457.0,0.9475466169901068,0.0016530719285236,21219.0,1801.0,1165.0,1641.0,8.0,0.0,82.0,231.0,21211.0,1801.0,1083.0,1410.0,0.0003770205947499,0.99962297940525,0.0,1.0,0.0703862660944206,0.9296137339055794,0.1407678244972577,0.8592321755027422,baseline,male_P35,male,P35,1072265,ELA,MDMA,ELA_MDMA
2,inactive,2,green,4,0-4,40.0,517.08,12.927,8261.96,6138.040000000001,129.0,64.0462015503876,0.0842418752565965,0.006516738242175,27.0,79.28,2.9362962962962964,0.0129161751959909,0.0043987983134681,11.0,41.8,3.8,0.0068099914630729,0.0017921030165981,121.0,12731.28,105.21719008264463,2.0741604811959515,0.0197131331825794,,,,,,24.0,669.32,27.888333333333335,0.1090445810063147,0.003910042945305,94.0,700.04,7.447234042553191,0.1140494359763051,0.0153143348691113,16.0,158.84,9.9275,0.025877967559677,0.00260669529687,4.0,14.44,3.61,0.0023525425054251,0.0006516738242175,92.0,311.6,3.38695652173913,0.0507653909065434,0.0149884979570025,10.0,28.12,2.8120000000000003,0.004581266984249,0.0016291845605437,16.2,11.0,1.4727272727272729,5.6,5.0,1.12,0.0026392789880808,0.0017921030165981,0.0009123433539045,0.0008145922802718,0.743119266055046,0.2568807339449541,0.6875,0.3125,265.568004650645,6028.0,0.0440557406520645,0.005125225355734,2.1317364073735607,0.0436420099902082,0.9820724530957764,206678.0,188069.3333333333,1320.0,0.9099630020289208,0.0063867465332546,34352.0,4352.0,3065.0,12967.0,372.0,174.0,144.0,193.0,33980.0,4178.0,2921.0,12774.0,0.0108290638099673,0.9891709361900326,0.0399816176470588,0.9600183823529412,0.0469820554649265,0.9530179445350734,0.0148839361456003,0.9851160638543996,baseline,male_P35,male,P35,1072254,ELA,MDMA,ELA_MDMA
2,inactive,2,green,8,4-8,,,,12127.08,2272.92,28.0,433.11,,,1.0,1.56,1.56,0.0006863417982155,0.0004399626911637,,,,,,5.0,12423.64,2484.728,5.465938088450099,0.0021998134558189,,,,,,8.0,20.24,2.53,0.008904844869155,0.0035197015293103,,,,,,2.0,3.0,1.5,0.0013198880734913,0.0008799253823275,,,,,,3.0,8.64,2.8800000000000003,0.0038012776516551,0.0013198880734913,1.0,2.04,2.04,0.0008975238899741,0.0004399626911637,,,,,,,,,,,,,,,10.007579710842126,273.0,0.0366578011386158,0.0075680648615526,2.035035617714058,0.0284672391367664,0.1201098146877144,303205.0,296521.6666666667,0.0,0.9779577073816944,0.0,514.0,77.0,40.0,0.0,56.0,30.0,0.0,0.0,458.0,47.0,40.0,0.0,0.1089494163424124,0.8910505836575876,0.3896103896103896,0.6103896103896104,0.0,1.0,0.0,0.0,baseline,male_P35,male,P35,1072254,ELA,MDMA,ELA_MDMA
2,inactive,2,green,12,8-12,7.0,143.36,20.48,11228.16,3171.84,50.0,224.5632,0.0451977401129943,0.0022069209039548,3.0,13.2,4.3999999999999995,0.004161622276029,0.000945823244552,1.0,4.36,4.36,0.0013745964487489,0.0003152744148506,14.0,12337.56,881.2542857142856,3.8897170096852296,0.0044138418079096,,,,,,41.0,629.24,15.347317073170732,0.1983832728006457,0.0129262510088781,6.0,41.48,6.913333333333333,0.0130775827280064,0.0018916464891041,6.0,27.36,4.56,0.0086259079903147,0.0018916464891041,1.0,2.32,2.32,0.0007314366424535,0.0003152744148506,23.0,78.68,3.4208695652173917,0.0248057909604519,0.0072513115415657,1.0,2.88,2.88,0.0009079903147699,0.0003152744148506,0.0,0.0,0.0,0.8,1.0,0.8,0.0,0.0,0.0002522195318805,0.0003152744148506,0.0,1.0,0.0,1.0,34.59668473327399,1552.0,0.0222916783075219,0.0034006364252045,2.06679621862363,0.0223766900931055,0.4893058918482647,280754.0,264115.0,942.0,0.9407345932738268,0.0033552505039999,16807.0,749.0,443.0,3591.0,2614.0,0.0,158.0,0.0,14193.0,749.0,285.0,3591.0,0.1555304337478431,0.8444695662521569,0.0,1.0,0.3566591422121896,0.6433408577878104,0.0,1.0,baseline,male_P35,male,P35,1072254,ELA,MDMA,ELA_MDMA
2,inactive,2,red,4,0-4,9.0,33.48,3.72,13582.08,817.9200000000001,52.0,261.19384615384615,0.0409330985915492,0.0110035211267605,2.0,3.2,1.6,0.0039123630672926,0.0024452269170579,,,,,,28.0,14226.44,508.0871428571429,17.393437010954617,0.0342331768388106,,,,,,5.0,25.64,5.128,0.0313478090766823,0.0061130672926447,6.0,43.08,7.18,0.0526701877934272,0.0073356807511737,4.0,23.88,5.97,0.0291960093896713,0.0048904538341158,,,,,,20.0,101.04,5.0520000000000005,0.1235328638497652,0.024452269170579,2.0,4.28,2.14,0.0052327856025039,0.0024452269170579,0.8,1.0,0.8,0.0,0.0,0.0,0.0009780907668231,0.0012226134585289,0.0,0.0,1.0,0.0,1.0,0.0,28.08234740662408,767.0,0.0366132299955985,0.0076120855615137,1.958182279666897,0.0309579514622565,0.9377445226917056,339604.0,233523.0,27914.0,0.6876332434246947,0.0821957338547249,1729.0,601.0,82.0,846.0,674.0,0.0,0.0,163.0,1055.0,601.0,82.0,683.0,0.3898207056101793,0.6101792943898207,0.0,1.0,0.0,1.0,0.1926713947990543,0.8073286052009456,baseline,male_P35,male,P35,1072440,CTRL,MDMA,CTRL_MDMA
2,inactive,2,red,8,4-8,4.0,16.0,4.0,11732.04,2667.959999999999,19.0,617.4757894736842,0.0059970914106658,0.0014992728526664,1.0,2.36,2.36,0.0008845709830732,0.0003748182131666,2.0,13.28,6.64,0.0049775858708526,0.0007496364263332,17.0,12351.64,726.5670588235294,4.6296196344772795,0.0063719096238324,,,,,,8.0,315.92,39.49,0.1184125699035968,0.0029985457053329,4.0,41.16,10.29,0.0154275176539378,0.0014992728526664,4.0,19.72,4.93,0.0073914151636456,0.0014992728526664,,,,,,7.0,27.0,3.857142857142857,0.0101200917554985,0.0026237274921663,1.0,2.28,2.28,0.0008545855260198,0.0003748182131666,,,,,,,,,,,,,,,14.778871263293317,672.0,0.0219923679513293,0.0038758883068414,2.0044983033501445,0.0186241089880467,0.2518778392479648,293320.0,288920.6666666667,15.0,0.9850015909814084,5.1138688122187375e-05,8939.0,497.0,394.0,404.0,0.0,0.0,0.0,0.0,8939.0,497.0,394.0,404.0,0.0,1.0,0.0,1.0,0.0,1.0,0.0,1.0,baseline,male_P35,male,P35,1072440,CTRL,MDMA,CTRL_MDMA
2,inactive,2,red,12,8-12,5.0,18.08,3.616,12144.0,2256.0,13.0,934.1538461538462,0.0080141843971631,0.0022163120567375,2.0,10.6,5.3,0.0046985815602836,0.000886524822695,4.0,25.2,6.3,0.0111702127659574,0.00177304964539,15.0,12759.96,850.664,5.656010638297872,0.0066489361702127,1.0,1.24,1.24,0.0005496453900709,0.0004432624113475,6.0,258.64,43.10666666666666,0.1146453900709219,0.0026595744680851,12.0,145.32,12.11,0.0644148936170212,0.0053191489361702,2.0,2.64,1.32,0.0011702127659574,0.000886524822695,3.0,10.16,3.3866666666666667,0.0045035460992907,0.0013297872340425,18.0,59.12,3.2844444444444445,0.0262056737588652,0.0079787234042553,,,,,,,,,,,,,,,,,,,,16.499895602294284,663.0,0.0248867203654514,0.0040555412530568,2.25055977745541,0.0243149771308255,0.2938829787234042,303613.0,280338.3333333334,604.0,0.9233410075765311,0.001989374631521,10117.0,325.0,901.0,457.0,2301.0,0.0,0.0,15.0,7816.0,325.0,901.0,442.0,0.2274389641197983,0.7725610358802016,0.0,1.0,0.0,1.0,0.0328227571115973,0.9671772428884028,baseline,male_P35,male,P35,1072440,CTRL,MDMA,CTRL_MDMA
2,inactive,2,yellow,4,0-4,17.0,72.04,4.23764705882353,11446.84,2953.16,158.0,72.44835443037975,0.0243942082379552,0.0057565455308889,5.0,6.92,1.384,0.0023432526513971,0.001693101626732,2.0,3.8,1.9,0.0012867572363163,0.0006772406506928,75.0,13971.24,186.2832,4.730945834292758,0.0253965244009806,,,,,,8.0,22.68,2.835,0.0076799089788565,0.0027089626027712,5.0,53.24,10.648,0.0180281461214427,0.001693101626732,10.0,120.2,12.02,0.0407021631066383,0.003386203253464,1.0,1.28,1.28,0.0004334340164434,0.0003386203253464,32.0,135.56,4.23625,0.0459033713039591,0.010835850411085,,,,,,1.6,2.0,0.8,0.0,0.0,0.0,0.0005417925205542,0.0006772406506928,0.0,0.0,1.0,0.0,1.0,0.0,108.47009294278982,2809.0,0.0386151986268386,0.0091834654166233,2.1035617020690545,0.0344276381042832,0.9511844938980618,286329.0,223227.66666666663,3464.0,0.7796194820177721,0.012097971214931,1911.0,3048.0,275.0,1818.0,216.0,216.0,129.0,360.0,1695.0,2832.0,146.0,1458.0,0.1130298273155416,0.8869701726844584,0.0708661417322834,0.9291338582677166,0.4690909090909091,0.5309090909090909,0.198019801980198,0.801980198019802,baseline,male_P35,male,P35,1072468,CTRL,MDMA,CTRL_MDMA
2,inactive,2,yellow,8,4-8,,,,12207.16,2192.84,19.0,642.4821052631579,,,,,,,,,,,,,6.0,12419.48,2069.9133333333334,5.663650790755367,0.0027361777421061,,,,,,13.0,72.52,5.578461538461538,0.0330712683095893,0.0059283851078966,,,,,,3.0,17.04,5.68,0.0077707447875814,0.001368088871053,,,,,,2.0,5.04,2.52,0.0022983893033691,0.0009120592473687,,,,,,,,,,,,,,,,,,,,9.302614705636946,197.0,0.0472213944448575,0.0103384099899842,1.9328819041542729,0.038922994476506,0.0898378358658178,305198.0,298036.3333333333,0.0,0.9765343591155032,0.0,1826.0,429.0,0.0,0.0,56.0,30.0,0.0,0.0,1770.0,399.0,0.0,0.0,0.0306681270536692,0.9693318729463308,0.0699300699300699,0.93006993006993,0.0,0.0,0.0,0.0,baseline,male_P35,male,P35,1072468,CTRL,MDMA,CTRL_MDMA
2,inactive,2,yellow,12,8-12,2.0,11.0,5.5,12356.04,2043.9599999999991,26.0,475.2323076923077,0.0053817100138945,0.000978492729799,1.0,8.6,8.6,0.0042075187381357,0.0004892463648995,3.0,5.6,1.8666666666666665,0.0027397796434372,0.0014677390946985,7.0,12807.92,1829.702857142857,6.26622830192372,0.0034247245542965,,,,,,31.0,158.2,5.103225806451612,0.0773987749271023,0.0151666373118847,1.0,1.92,1.92,0.000939353020607,0.0004892463648995,2.0,16.68,8.34,0.0081606293665238,0.000978492729799,1.0,0.96,0.96,0.0004696765103035,0.0004892463648995,8.0,36.36,4.545,0.0177889978277461,0.003913970919196,,,,,,,,,,,,,,,,,,,,16.21204339385736,442.0,0.036678831207822,0.0045836120777854,2.1117165625346783,0.0368340279021094,0.2162468932855829,308927.0,281852.6666666667,2027.0,0.9123600937006694,0.0065614206592495,4035.0,444.0,359.0,277.0,707.0,0.0,230.0,216.0,3328.0,444.0,129.0,61.0,0.1752168525402726,0.8247831474597274,0.0,1.0,0.6406685236768802,0.3593314763231198,0.779783393501805,0.2202166064981949,baseline,male_P35,male,P35,1072468,CTRL,MDMA,CTRL_MDMA
2,inactive,3,blue,4,0-4,48.0,429.52,8.948333333333332,4370.6,10029.4,121.0,36.1206611570248,0.0428260912916026,0.004785929367659,65.0,285.84,4.397538461538461,0.0285002093844098,0.006480946018705,56.0,181.72,3.245,0.0181187309310626,0.0055835842622689,192.0,11695.64,60.914791666666666,1.166135561449339,0.0191437174706363,4.0,6.24,1.56,0.0006221708177956,0.0003988274473049,115.0,1832.76,15.93704347826087,0.1827387480806429,0.0114662891100165,16.0,61.92,3.87,0.0061738488842802,0.0015953097892196,27.0,171.4,6.348148148148148,0.0170897561170159,0.0026920852693082,17.0,167.0,9.823529411764708,0.0166510459249805,0.0016950166510459,163.0,702.36,4.308957055214724,0.0700301114722715,0.0162522184776756,33.0,87.16,2.641212121212121,0.0086904500767742,0.0032903264402656,3.2,3.0,1.0666666666666669,0.0,0.0,0.0,0.0003190619578439,0.0002991205854786,0.0,0.0,1.0,0.0,1.0,0.0,297.0170771876744,8724.0,0.0340459740013381,0.006225396036488,2.0111422072758462,0.0306065615132902,0.8698426625720382,109386.0,104009.33333333334,2.0,0.9508468481646036,1.8283875450240432e-05,47498.0,8504.0,11810.0,10786.0,429.0,1032.0,11.0,0.0,47069.0,7472.0,11799.0,10786.0,0.009031959240389,0.990968040759611,0.1213546566321731,0.878645343367827,0.0009314140558848,0.9990685859441152,0.0,1.0,baseline,male_P35,male,P35,1072479,CTRL,saline,CTRL_saline
2,inactive,3,blue,8,4-8,9.0,88.32,9.813333333333333,10748.88,3651.120000000001,50.0,214.9776,0.0241898376388614,0.0024649970420035,9.0,24.56,2.7288888888888887,0.0067267030390674,0.0024649970420035,8.0,18.8,2.35,0.0051491049321851,0.0021911084817809,30.0,12633.92,421.1306666666667,3.46028615876772,0.0082166568066784,1.0,2.08,2.08,0.000569688205263,0.0002738885602226,58.0,674.8,11.634482758620688,0.1848200004382216,0.0158855364929117,6.0,13.2,2.1999999999999997,0.0036153289949385,0.0016433313613356,15.0,146.04,9.736,0.0399986853349109,0.0041083284033392,2.0,6.64,3.32,0.0018186200398781,0.0005477771204452,33.0,103.92,3.149090909090909,0.0284624991783343,0.0090383224873463,9.0,25.4,2.822222222222222,0.0069567694296544,0.0024649970420035,,,,,,,,,,,,,,,61.378721849297946,2022.0,0.0303554509640444,0.0055322238459016,2.0892500103462304,0.0261670138653324,0.5538026687701307,268772.0,236527.66666666663,1900.0,0.8800309059971524,0.007069188754781,17264.0,3834.0,1101.0,2217.0,331.0,0.0,0.0,0.0,16933.0,3834.0,1101.0,2217.0,0.019172845227062,0.980827154772938,0.0,1.0,0.0,1.0,0.0,1.0,baseline,male_P35,male,P35,1072479,CTRL,saline,CTRL_saline
2,inactive,3,blue,12,8-12,16.0,113.08,7.0675,9940.92,4459.08,78.0,127.44769230769232,0.0253594911954932,0.0035881841097266,18.0,128.64,7.146666666666666,0.0288490002422024,0.0040367071234425,15.0,46.88,3.1253333333333333,0.0105133794414991,0.0033639226028687,81.0,12702.48,156.82074074074075,2.848677305632552,0.0181651820554912,1.0,1.44,1.44,0.0003229365698754,0.0002242615068579,70.0,1002.6,14.322857142857144,0.2248445867757474,0.0156983054800541,3.0,13.8,4.6000000000000005,0.0030948087946392,0.0006727845205737,10.0,86.6,8.66,0.0194210464938956,0.0022426150685791,5.0,45.56,9.112,0.0102173542524466,0.0011213075342895,57.0,238.52,4.184561403508772,0.0534908546157503,0.0127829058909012,16.0,39.96,2.4975,0.0089614898140423,0.0035881841097266,4.4,4.0,1.1,0.0,0.0,0.0,0.0009867506301748,0.0008970460274316,0.0,0.0,1.0,0.0,1.0,0.0,97.63822741962844,3311.0,0.0294890448262242,0.005479964173372,1.9457048487737696,0.0266806941213093,0.7425298492065628,248601.0,188421.3333333333,11113.0,0.7579266910967104,0.0447021532495846,25483.0,3319.0,4421.0,2843.0,51.0,0.0,42.0,0.0,25432.0,3319.0,4379.0,2843.0,0.0020013342228152,0.9979986657771848,0.0,1.0,0.0095001130965844,0.9904998869034156,0.0,1.0,baseline,male_P35,male,P35,1072479,CTRL,saline,CTRL_saline
2,inactive,3,green,4,0-4,,,,12177.6,2222.3999999999996,137.0,88.88759124087592,,,1.0,9.04,9.04,0.0040676745860331,0.0004499640028797,1.0,2.32,2.32,0.001043916486681,0.0004499640028797,7.0,13212.44,1887.4914285714287,5.945122390208785,0.0031497480201583,,,,,,62.0,539.92,8.708387096774192,0.2429445644348452,0.0278977681785457,,,,,,5.0,35.48,7.095999999999999,0.0159647228221742,0.0022498200143988,,,,,,6.0,16.2,2.6999999999999997,0.0072894168466522,0.0026997840172786,1.0,2.68,2.68,0.0012059035277177,0.0004499640028797,0.0,0.0,0.0,1.0,1.0,1.0,0.0,0.0,0.0004499640028797,0.0004499640028797,0.0,1.0,0.0,1.0,18.94091828304004,939.0,0.0201713719734185,0.0031737589226142,2.103178546056585,0.0137509216532554,0.4225161987041037,304577.0,225753.66666666663,1845.0,0.7412039210664845,0.0060575814982746,13560.0,892.0,286.0,0.0,225.0,62.0,19.0,0.0,13335.0,830.0,267.0,0.0,0.0165929203539823,0.9834070796460176,0.0695067264573991,0.9304932735426008,0.0664335664335664,0.9335664335664337,0.0,0.0,baseline,male_P35,male,P35,1072415,ELA,saline,ELA_saline
2,inactive,3,green,8,4-8,3.0,23.76,7.920000000000001,11477.08,2922.92,70.0,163.95828571428572,0.0081288574439259,0.0010263708893845,7.0,56.4,8.057142857142857,0.0192957727204302,0.002394865408564,8.0,28.48,3.56,0.0097436809765576,0.0027369890383589,23.0,12676.96,551.1721739130435,4.3370875699642815,0.0078688434852818,,,,,,37.0,498.32,13.468108108108108,0.1704870471993759,0.0126585743024099,2.0,14.84,7.42,0.0050771146661557,0.0006842472595897,9.0,83.56,9.284444444444444,0.0285878505056587,0.0030791126681537,1.0,29.0,29.0,0.009921585264051,0.0003421236297948,17.0,70.36,4.138823529411765,0.0240718185923665,0.0058161017065126,2.0,4.32,2.16,0.0014779740807138,0.0006842472595897,,,,,,,,,,,,,,,36.798923953480575,1280.0,0.0287491593386567,0.0052067363301463,2.0414271205269188,0.0246304810910004,0.4379182461374242,286997.0,249064.3333333333,1249.0,0.8678290481549749,0.0043519618671972,12868.0,2824.0,2137.0,597.0,199.0,219.0,201.0,0.0,12669.0,2605.0,1936.0,597.0,0.0154647186820018,0.9845352813179982,0.0775495750708215,0.9224504249291784,0.0940570893776322,0.9059429106223678,0.0,1.0,baseline,male_P35,male,P35,1072415,ELA,saline,ELA_saline
2,inactive,3,green,12,8-12,50.0,251.96,5.0392,9728.0,4672.0,179.0,54.3463687150838,0.0539297945205479,0.0107020547945205,18.0,113.52,6.306666666666667,0.0242979452054794,0.0038527397260273,11.0,75.48,6.861818181818182,0.0161558219178082,0.0023544520547945,71.0,12891.88,181.5757746478873,2.7593921232876713,0.0151969178082191,,,,,,56.0,1242.08,22.18,0.2658561643835616,0.011986301369863,3.0,13.4,4.466666666666667,0.0028681506849315,0.0006421232876712,8.0,105.96,13.245,0.0226797945205479,0.0017123287671232,9.0,101.44,11.27111111111111,0.0217123287671232,0.0019263698630136,39.0,118.92,3.0492307692307694,0.0254537671232876,0.008347602739726,11.0,32.6,2.963636363636364,0.0069777397260273,0.0023544520547945,0.0,0.0,0.0,3.2,3.0,1.0666666666666669,0.0,0.0,0.0006849315068493,0.0006421232876712,0.0,1.0,0.0,1.0,123.69668631659296,3465.0,0.0356988993698681,0.0043448524355669,2.0945388366440847,0.0316413661326635,0.741652397260274,243379.0,199746.66666666663,430.0,0.8207226862903809,0.0017667917116924,31446.0,5202.0,4754.0,6349.0,70.0,583.0,621.0,2673.0,31376.0,4619.0,4133.0,3676.0,0.0022260382878585,0.9977739617121416,0.1120722798923491,0.8879277201076509,0.1306268405553218,0.8693731594446782,0.4210111828634431,0.5789888171365569,baseline,male_P35,male,P35,1072415,ELA,saline,ELA_saline
2,inactive,3,red,4,0-4,,,,12456.4,1943.6000000000004,54.0,230.67407407407407,,,3.0,19.4,6.466666666666666,0.0099814776703025,0.001543527474789,1.0,19.24,19.24,0.0098991562049804,0.000514509158263,9.0,13185.56,1465.062222222222,6.784091376826506,0.0046305824243671,,,,,,38.0,335.92,8.84,0.1728339164437126,0.0195513480139946,3.0,6.0,2.0,0.0030870549495781,0.001543527474789,7.0,78.48,11.211428571428572,0.0403786787404815,0.0036015641078411,1.0,8.16,8.16,0.0041983947314262,0.000514509158263,12.0,41.88,3.49,0.0215476435480551,0.0061741098991562,1.0,3.4,3.4,0.0017493311380942,0.000514509158263,0.0,0.0,0.0,1.4,1.0,1.4,0.0,0.0,0.0007203128215682,0.000514509158263,0.0,1.0,0.0,1.0,20.566889601411535,718.0,0.0286446930381776,0.002831408107336,2.0931011129805324,0.0196281725412801,0.3694175756328462,311464.0,228193.66666666663,8567.0,0.7326486100052225,0.0275055865204325,8589.0,2174.0,970.0,0.0,179.0,0.0,5.0,0.0,8410.0,2174.0,965.0,0.0,0.0208406100826638,0.979159389917336,0.0,1.0,0.0051546391752577,0.9948453608247424,0.0,0.0,baseline,male_P35,male,P35,1072441,CTRL,saline,CTRL_saline
2,inactive,3,red,8,4-8,17.0,351.44,20.672941176470587,10126.24,4273.76,28.0,361.65142857142854,0.0822320392347721,0.0039777619707236,16.0,79.64,4.9775,0.018634644902849,0.0037437759724458,16.0,71.04,4.44,0.0166223653176593,0.0037437759724458,60.0,12045.72,200.762,2.81852981917562,0.0140391598966717,4.0,7.56,1.89,0.0017689341469806,0.0009359439931114,41.0,650.92,15.876097560975609,0.1523061659990266,0.0095934259293923,18.0,183.6,10.2,0.0429598292838156,0.0042117479690015,14.0,138.32,9.88,0.032364943281794,0.00327580397589,6.0,24.12,4.0200000000000005,0.005643742278462,0.0014039159896671,52.0,222.76,4.283846153846154,0.0521227209763767,0.0121672719104488,4.0,10.72,2.68,0.0025083299015386,0.0009359439931114,,,,,,,,,,,,,,,73.63734365392098,2666.0,0.0276209090974947,0.0048096028417864,2.0428253384261668,0.0247241026664395,0.6238066714087829,253184.0,223077.3333333333,3944.0,0.8810877991236938,0.0155776036400404,20922.0,4081.0,3799.0,8803.0,284.0,20.0,0.0,0.0,20638.0,4061.0,3799.0,8803.0,0.013574228085269,0.9864257719147308,0.0049007596177407,0.9950992403822592,0.0,1.0,0.0,1.0,baseline,male_P35,male,P35,1072441,CTRL,saline,CTRL_saline
2,inactive,3,red,12,8-12,4.0,32.32,8.08,11867.64,2532.3600000000006,28.0,423.8442857142857,0.0127627983383089,0.0015795542497907,5.0,28.92,5.784000000000001,0.0114201772259868,0.0019744428122383,6.0,67.8,11.3,0.0267734445339525,0.002369331374686,22.0,13193.16,599.6890909090909,5.209827986542196,0.0086875483738488,1.0,1.2,1.2,0.0004738662749372,0.0003948885624476,51.0,715.12,14.021960784313723,0.2823927087775829,0.0201393166848315,8.0,39.4,4.925,0.0155586093604384,0.0031591084995814,4.0,61.36,15.34,0.0242303621917894,0.0015795542497907,5.0,25.52,5.104,0.0100775561136647,0.0019744428122383,18.0,72.16,4.0088888888888885,0.0284951586662243,0.0071079941240581,5.0,11.8,2.3600000000000003,0.0046596850368825,0.0019744428122383,,,,,,,,,,,,,,,34.56898171453392,1436.0,0.0240731070435472,0.0033922522439045,2.15161928967325,0.0221711339320884,0.5670599756748644,296719.0,230144.66666666663,1907.0,0.7756317144054362,0.0064269561436915,18922.0,2181.0,2429.0,812.0,970.0,297.0,440.0,0.0,17952.0,1884.0,1989.0,812.0,0.0512630800126836,0.9487369199873164,0.1361760660247593,0.8638239339752407,0.1811445039110745,0.8188554960889255,0.0,1.0,baseline,male_P35,male,P35,1072441,CTRL,saline,CTRL_saline
2,inactive,3,yellow,4,0-4,,,,12285.28,2114.7199999999993,79.0,155.50987341772154,,,,,,,,2.0,2.2,1.1,0.0010403268517817,0.0009457516834379,8.0,13211.44,1651.43,6.247370810320045,0.0037830067337519,,,,,,80.0,269.68,3.371,0.1275251569947794,0.0378300673375198,,,,,,3.0,71.24,23.746666666666663,0.0336876749640614,0.0014186275251569,,,,,,7.0,22.64,3.2342857142857144,0.0107059090565181,0.0033101308920329,,,,,,0.0,0.0,0.0,0.8,1.0,0.8,0.0,0.0,0.0003783006733751,0.0004728758417189,0.0,1.0,0.0,1.0,15.62625494743677,863.0,0.018106900286717,0.0044087300931431,2.121064205112188,0.0167362080121019,0.4080918514034956,307211.0,229507.33333333328,278.0,0.7470674335662892,0.0009049155140929,6822.0,1784.0,57.0,0.0,501.0,1061.0,25.0,0.0,6321.0,723.0,32.0,0.0,0.0734388742304309,0.9265611257695692,0.5947309417040358,0.4052690582959641,0.4385964912280701,0.5614035087719298,0.0,0.0,baseline,male_P35,male,P35,1072239,ELA,saline,ELA_saline
2,inactive,3,yellow,8,4-8,,,,12123.52,2276.4799999999996,48.0,252.57333333333335,,,1.0,6.6,6.6,0.0028992128197919,0.0004392746696654,2.0,10.32,5.16,0.0045333145909474,0.0008785493393308,5.0,12819.68,2563.936,5.631360697216757,0.0021963733483272,,,,,,34.0,246.28,7.2435294117647056,0.1081845656452066,0.0149353387686252,,,,,,1.0,1.08,1.08,0.0004744166432386,0.0004392746696654,4.0,13.52,3.38,0.0059389935338768,0.0017570986786617,6.0,17.88,2.98,0.0078542310936182,0.0026356480179926,1.0,1.96,1.96,0.0008609783525442,0.0004392746696654,,,,,,,,,,,,,,,15.75725289455348,655.0,0.0240568746481732,0.0043734069524565,2.0969839372808616,0.0208065745539312,0.2877249086308687,303136.0,260373.3333333333,232.0,0.8589324043773531,0.0007653330518315,6191.0,370.0,426.0,0.0,376.0,239.0,201.0,0.0,5815.0,131.0,225.0,0.0,0.0607333225650137,0.9392666774349864,0.6459459459459459,0.354054054054054,0.4718309859154929,0.528169014084507,0.0,0.0,baseline,male_P35,male,P35,1072239,ELA,saline,ELA_saline
2,inactive,3,yellow,12,8-12,26.0,404.52,15.558461538461538,10560.96,3839.040000000001,85.0,124.24658823529413,0.1053700925231307,0.0067725264649495,5.0,6.6,1.3199999999999998,0.0017191797949487,0.0013024089355672,3.0,11.12,3.7066666666666666,0.0028965574727015,0.0007814453613403,62.0,12964.04,209.0974193548387,3.376896307410185,0.0161498708010335,,,,,,65.0,420.64,6.471384615384615,0.1095690589313994,0.0169313161623739,1.0,8.04,8.04,0.002094273568392,0.0002604817871134,7.0,66.72,9.531428571428572,0.017379344836209,0.0018233725097941,6.0,43.28,7.213333333333334,0.0112736517462699,0.0015628907226806,27.0,103.4,3.82962962962963,0.0269338167875302,0.007033008252063,1.0,3.28,3.28,0.000854380261732,0.0002604817871134,0.0,0.0,0.0,1.2,1.0,1.2,0.0,0.0,0.0003125781445361,0.0002604817871134,0.0,1.0,0.0,1.0,81.55309410395007,2693.0,0.0302833620883587,0.0060242411186712,2.1516498652423435,0.0283944686893051,0.7014774526965073,264109.0,216253.33333333328,178.0,0.8188033476077425,0.0006739641587374,10783.0,2763.0,451.0,10139.0,991.0,880.0,139.0,2673.0,9792.0,1883.0,312.0,7466.0,0.0919039228415097,0.9080960771584902,0.3184943901556279,0.681505609844372,0.3082039911308204,0.6917960088691796,0.2636354670085807,0.7363645329914192,baseline,male_P35,male,P35,1072239,ELA,saline,ELA_saline
2,inactive,4,blue,4,0-4,16.0,879.12,54.945,10575.76,3824.24,114.0,92.76982456140352,0.22988096981361,0.0041838378344455,2.0,3.64,1.82,0.0009518231073363,0.0005229797293056,1.0,2.76,2.76,0.0007217120264418,0.0002614898646528,60.0,13067.12,217.78533333333337,3.416919440202498,0.0156893918791707,,,,,,3.0,63.4,21.133333333333333,0.0165784574189904,0.0007844695939585,34.0,898.72,26.43294117647059,0.2350061711608058,0.0088906553981967,17.0,109.36,6.432941176470588,0.0285965315984352,0.0044453276990983,4.0,80.12,20.03,0.020950567955986,0.0010459594586113,42.0,173.48,4.13047619047619,0.0453632617199757,0.0109825743154195,12.0,32.48,2.7066666666666666,0.0084931908039244,0.0031378783758341,16.6,14.0,1.1857142857142855,0.0,0.0,0.0,0.0043407317532372,0.0036608581051398,0.0,0.0,1.0,0.0,1.0,0.0,81.53827005907935,3716.0,0.0219424838695046,0.0032438241609075,2.145599402954319,0.0198156970722527,0.971696337049976,264508.0,231311.99999999997,3844.0,0.8744990699714186,0.0145326417348435,24090.0,4758.0,163.0,21994.0,751.0,44.0,0.0,254.0,23339.0,4714.0,163.0,21740.0,0.0311747613117476,0.9688252386882524,0.0092475830180748,0.9907524169819252,0.0,1.0,0.0115486041647722,0.9884513958352278,baseline,male_P35,male,P35,1072480,CTRL,saline,CTRL_saline
2,inactive,4,blue,8,4-8,1.0,4.56,4.56,14228.68,171.3199999999997,26.0,547.256923076923,0.0266168573429839,0.0058370301190754,1.0,1.68,1.68,0.0098062106000467,0.0058370301190754,1.0,1.88,1.88,0.0109736166238617,0.0058370301190754,10.0,14380.28,1438.028,83.93812748073795,0.0583703011907542,,,,,,,,,,,2.0,7.44,3.72,0.0434275040859211,0.0116740602381508,1.0,2.2,2.2,0.0128414662619659,0.0058370301190754,1.0,1.32,1.32,0.0077048797571795,0.0058370301190754,2.0,4.8,2.4,0.028017744571562,0.0116740602381508,,,,,,1.4,1.0,1.4,0.0,0.0,0.0,0.0081718421667055,0.0058370301190754,0.0,0.0,1.0,0.0,1.0,0.0,9.122538874173276,151.0,0.0604141647296243,0.0105567320659211,1.7293969595065557,0.0513137099351678,0.8813915479803891,355743.0,326497.3333333333,7501.0,0.917789902635704,0.0210854465161647,188.0,90.0,91.0,115.0,0.0,0.0,30.0,0.0,188.0,90.0,61.0,115.0,0.0,1.0,0.0,1.0,0.3296703296703296,0.6703296703296703,0.0,1.0,baseline,male_P35,male,P35,1072480,CTRL,saline,CTRL_saline
2,inactive,4,blue,12,8-12,3.0,14.72,4.906666666666667,12453.56,1946.4400000000005,59.0,211.0772881355932,0.0075625244035264,0.0015412753539795,2.0,8.76,4.38,0.0045005240336203,0.001027516902653,1.0,3.76,3.76,0.0019317317769877,0.0005137584513265,21.0,14178.0,675.1428571428571,7.28406732290746,0.010788927477857,1.0,1.56,1.56,0.0008014631840693,0.0005137584513265,3.0,16.88,5.626666666666666,0.0086722426583917,0.0015412753539795,44.0,683.2,15.52727272727273,0.3509997739462813,0.022605371858367,10.0,89.32,8.931999999999999,0.0458889048724851,0.0051375845132652,5.0,37.44,7.488,0.019235116417665,0.0025687922566326,26.0,79.4,3.053846153846154,0.040792421035326,0.0133577197344896,2.0,4.2,2.1,0.0021577854955714,0.001027516902653,2.0,2.0,1.0,0.0,0.0,0.0,0.001027516902653,0.001027516902653,0.0,0.0,1.0,0.0,1.0,0.0,36.82953799153628,1747.0,0.0210815901497059,0.0029086828664787,2.1018014593400496,0.0195198180023694,0.8975360144674378,311398.0,270055.6666666666,39.0,0.8672363556177838,0.0001252416521621,17549.0,3184.0,316.0,371.0,700.0,0.0,0.0,0.0,16849.0,3184.0,316.0,371.0,0.0398883127243717,0.9601116872756282,0.0,1.0,0.0,1.0,0.0,1.0,baseline,male_P35,male,P35,1072480,CTRL,saline,CTRL_saline
2,inactive,4,green,4,0-4,28.0,485.32,17.332857142857144,10455.68,3944.32,179.0,58.41162011173184,0.1230427551517118,0.007098815511926,5.0,15.04,3.008,0.0038130780464059,0.0012676456271296,3.0,8.96,2.986666666666667,0.0022716209638163,0.0007605873762777,45.0,13284.64,295.2142222222222,3.368043160798312,0.0114088106441668,1.0,1.4,1.4,0.0003549407755963,0.0002535291254259,,,,,,24.0,1423.4,59.30833333333334,0.3608733571312672,0.0060846990102222,8.0,52.48,6.56,0.0133052085023527,0.0020282330034074,5.0,78.96,15.791999999999998,0.0200186597436313,0.0012676456271296,56.0,216.4,3.8642857142857143,0.054863702742171,0.014197631023852,4.0,10.24,2.56,0.0025961382443615,0.0010141165017037,0.0,0.0,0.0,6.8,5.0,1.36,0.0,0.0,0.0017239980528963,0.0012676456271296,0.0,1.0,0.0,1.0,106.40914509370292,3813.0,0.0279069355084455,0.0033484939633978,2.1228781541237702,0.023375925229891,0.966706555249067,261571.0,223522.3333333333,4657.0,0.8545379011179883,0.0178039614483256,35609.0,3299.0,608.0,12161.0,360.0,124.0,124.0,1029.0,35249.0,3175.0,484.0,11132.0,0.0101098037013114,0.9898901962986886,0.037587147620491,0.9624128523795088,0.2039473684210526,0.7960526315789473,0.0846147520763095,0.9153852479236904,baseline,male_P35,male,P35,1072255,ELA,saline,ELA_saline
2,inactive,4,green,8,4-8,15.0,91.72,6.1146666666666665,12932.44,1467.5599999999995,94.0,137.5791489361702,0.0624982964921366,0.0102210471803537,2.0,7.16,3.58,0.0048788465207555,0.0013628062907138,3.0,5.52,1.84,0.0037613453623701,0.0020442094360707,39.0,14116.32,361.9569230769231,9.618904848864783,0.0265747226689198,,,,,,2.0,2.84,1.42,0.0019351849328136,0.0013628062907138,55.0,401.0,7.290909090909091,0.2732426612881246,0.0374771729946305,1.0,11.88,11.88,0.0080950693668402,0.0006814031453569,4.0,50.52,12.63,0.0344244869034315,0.0027256125814276,16.0,72.72,4.545,0.0495516367303551,0.0109024503257107,4.0,12.4,3.1,0.0084493990024257,0.0027256125814276,3.6,3.0,1.2,1.4,1.0,1.4,0.0024530513232849,0.0020442094360707,0.0009539644034996,0.0006814031453569,0.72,0.2799999999999999,0.75,0.25,58.45466277140518,1386.0,0.0421750813646502,0.0059862380320844,2.0077132373336783,0.035475746031771,0.94442475946469,323405.0,314495.6666666666,48.0,0.972451466942894,0.0001484207108733,10153.0,1565.0,322.0,2308.0,246.0,531.0,122.0,597.0,9907.0,1034.0,200.0,1711.0,0.0242292918349256,0.9757707081650744,0.339297124600639,0.660702875399361,0.3788819875776397,0.6211180124223602,0.2586655112651646,0.7413344887348353,baseline,male_P35,male,P35,1072255,ELA,saline,ELA_saline
2,inactive,4,green,12,8-12,7.0,20.36,2.9085714285714284,11160.4,3239.6000000000004,148.0,75.40810810810811,0.0062847265094456,0.0021607605877268,3.0,10.36,3.453333333333333,0.0031979256698357,0.0009260402518829,3.0,16.04,5.346666666666667,0.0049512285467341,0.0009260402518829,28.0,13912.96,496.89142857142855,4.294653660945795,0.0086430423509075,,,,,,2.0,3.56,1.78,0.001098901098901,0.0006173601679219,108.0,708.52,6.560370370370371,0.2187060130880355,0.0333374490677861,3.0,39.4,13.133333333333333,0.0121619953080627,0.0009260402518829,15.0,169.04,11.269333333333332,0.0521792813927645,0.0046302012594147,32.0,121.0,3.78125,0.0373502901592789,0.0098777626867514,11.0,25.32,2.3018181818181818,0.007815779725892,0.0033954809235708,,,,,,,,,,,,,,,62.089787834077136,2990.0,0.0207658153291227,0.0034777005760272,2.144887938478042,0.0170567019637132,0.9229534510433386,279158.0,252460.0,0.0,0.9043624040865746,0.0,17912.0,5229.0,666.0,516.0,1136.0,565.0,299.0,98.0,16776.0,4664.0,367.0,418.0,0.0634211701652523,0.9365788298347476,0.1080512526295658,0.8919487473704342,0.4489489489489489,0.551051051051051,0.189922480620155,0.810077519379845,baseline,male_P35,male,P35,1072255,ELA,saline,ELA_saline
2,inactive,4,red,4,0-4,23.0,179.52,7.805217391304348,12613.64,1786.3600000000006,32.0,394.17625,0.1004948610582413,0.0128753442755099,6.0,29.2,4.866666666666666,0.0163460892541257,0.0033587854631765,1.0,7.52,7.52,0.0042096777805145,0.000559797577196,44.0,13958.88,317.24727272727273,7.814147204370896,0.0246310933966277,1.0,3.24,3.24,0.0018137441501153,0.000559797577196,2.0,3.08,1.54,0.0017241765377639,0.0011195951543921,20.0,520.68,26.034,0.2914754024944578,0.0111959515439217,3.0,38.16,12.72,0.0213618755458026,0.0016793927315882,6.0,69.48,11.58,0.038894735663584,0.0033587854631765,40.0,187.24,4.681,0.1048164983541951,0.0223919030878434,1.0,2.4,2.4,0.0013435141852706,0.000559797577196,0.0,0.0,0.0,7.2,6.0,1.2,0.0,0.0,0.0040305425558118,0.0033587854631765,0.0,1.0,0.0,1.0,54.786037461676905,1753.0,0.0312527310106542,0.0047486383539499,2.1035646139157436,0.0268089274605794,0.9813251528247382,315373.0,261324.99999999997,4243.0,0.8286219809558839,0.0134539101318121,13116.0,2700.0,925.0,4511.0,235.0,0.0,0.0,782.0,12881.0,2700.0,925.0,3729.0,0.0179170478804513,0.9820829521195488,0.0,1.0,0.0,1.0,0.1733540234981157,0.8266459765018843,baseline,male_P35,male,P35,1072419,ELA,saline,ELA_saline
2,inactive,4,red,8,4-8,9.0,36.76,4.084444444444444,13172.2,1227.7999999999993,35.0,376.34857142857146,0.0299397295976543,0.0073301840690666,5.0,23.96,4.792,0.0195145789216484,0.0040723244828147,,,,,,30.0,14141.32,471.3773333333333,11.517608731063698,0.0244339468968887,1.0,1.4,1.4,0.0011402508551881,0.0008144648965629,,,,,,21.0,503.28,23.965714285714284,0.4099038931422057,0.0171037628278221,2.0,41.16,20.58,0.0335233751425313,0.0016289297931259,2.0,2.2,1.1,0.0017918227724385,0.0016289297931259,7.0,33.88,4.840000000000001,0.027594070695553,0.0057012542759407,6.0,19.88,3.313333333333333,0.0161915621436716,0.0048867893793777,0.0,0.0,0.0,3.6,3.0,1.2,0.0,0.0,0.0029320736276266,0.0024433946896888,0.0,1.0,0.0,1.0,34.22375698197291,1191.0,0.0287353123274331,0.003415393351155,2.064831003377773,0.0226561663442664,0.9700276918064836,329340.0,317754.3333333333,399.0,0.9648215623165524,0.0012115139369648,12603.0,1088.0,604.0,928.0,5.0,0.0,115.0,32.0,12598.0,1088.0,489.0,896.0,0.0003967309370784,0.9996032690629216,0.0,1.0,0.1903973509933774,0.8096026490066225,0.0344827586206896,0.9655172413793104,baseline,male_P35,male,P35,1072419,ELA,saline,ELA_saline
2,inactive,4,red,12,8-12,8.0,47.2,5.9,12337.32,2062.6800000000003,33.0,373.85818181818183,0.0228828514359958,0.0038784493959315,6.0,22.44,3.74,0.0108790505555878,0.0029088370469486,3.0,21.64,7.213333333333334,0.0104912056159947,0.0014544185234743,29.0,14062.64,484.91862068965514,6.817654701650279,0.0140593790602517,,,,,,1.0,1.48,1.48,0.0007175131382473,0.0004848061744914,44.0,1215.48,27.624545454545455,0.5892722089708534,0.0213314716776232,5.0,37.4,7.48,0.0181317509259797,0.0024240308724571,5.0,34.84,6.968000000000001,0.0168906471192817,0.0024240308724571,28.0,83.16,2.97,0.040316481470708,0.0135745728857602,8.0,21.64,2.705,0.0104912056159947,0.0038784493959315,0.0,0.0,0.0,0.8,1.0,0.8,0.0,0.0,0.0003878449395931,0.0004848061744914,0.0,1.0,0.0,1.0,46.32045110975461,1887.0,0.0245471389028906,0.0039085878466476,2.2221110559299357,0.0213773435298147,0.914829251265344,308466.0,267820.0,4911.0,0.8682318310607976,0.0159207173562078,30469.0,1816.0,1111.0,1188.0,985.0,0.0,0.0,0.0,29484.0,1816.0,1111.0,1188.0,0.0323279398733138,0.9676720601266862,0.0,1.0,0.0,1.0,0.0,1.0,baseline,male_P35,male,P35,1072419,ELA,saline,ELA_saline
2,inactive,4,yellow,4,0-4,10.0,90.16,9.016,13113.52,1286.4799999999996,78.0,168.12205128205127,0.0700827062993595,0.0077731484360425,8.0,59.24,7.405,0.0460481313351159,0.006218518748834,,,,,,26.0,14277.84,549.1476923076923,11.098376966606558,0.0202101859337105,,,,,,2.0,5.56,2.78,0.0043218705304396,0.0015546296872085,27.0,154.68,5.728888888888889,0.1202350600087059,0.0209875007773148,10.0,62.76,6.276,0.0487842795846029,0.0077731484360425,4.0,29.32,7.33,0.0227908712144767,0.003109259374417,9.0,30.52,3.391111111111111,0.0237236490268018,0.0069958335924382,,,,,,0.0,0.0,0.0,2.6,3.0,0.8666666666666667,0.0,0.0,0.002021018593371,0.0023319445308127,0.0,1.0,0.0,1.0,54.77863930539047,1212.0,0.0451968971166588,0.0063918821304651,2.123971830668915,0.0399459138857822,0.9421055904483556,327916.0,268104.6666666666,3396.0,0.8176016622143067,0.0103563107625123,4035.0,2316.0,1489.0,2264.0,285.0,168.0,124.0,843.0,3750.0,2148.0,1365.0,1421.0,0.070631970260223,0.929368029739777,0.0725388601036269,0.927461139896373,0.0832773673606447,0.9167226326393552,0.3723498233215547,0.6276501766784452,baseline,male_P35,male,P35,1072469,CTRL,saline,CTRL_saline
2,inactive,4,yellow,8,4-8,6.0,180.08,30.013333333333335,13369.92,1030.08,41.0,326.0956097560976,0.1748213730972352,0.0058247903075489,2.0,5.44,2.72,0.0052811432121776,0.0019415967691829,2.0,5.28,2.64,0.005125815470643,0.0019415967691829,20.0,14196.08,709.804,13.781531531531533,0.0194159676918297,,,,,,,,,,,58.0,317.16,5.468275862068966,0.3078984156570364,0.0563063063063063,2.0,6.24,3.12,0.0060577819198508,0.0019415967691829,8.0,50.32,6.29,0.0488505747126436,0.0077663870767319,5.0,15.12,3.024,0.0146784715750233,0.0048539919229574,1.0,2.52,2.52,0.0024464119291705,0.0009707983845914,,,,,,,,,,,,,,,37.34432962568655,994.0,0.0375697481143727,0.0041492155033259,2.249383720636094,0.0367373552320181,0.9649735942839393,334289.0,321026.6666666667,6.0,0.9603267432271678,1.794854153142939e-05,7987.0,1424.0,272.0,4508.0,251.0,531.0,37.0,565.0,7736.0,893.0,235.0,3943.0,0.0314260673594591,0.9685739326405408,0.3728932584269663,0.6271067415730337,0.1360294117647058,0.8639705882352942,0.1253327417923691,0.8746672582076309,baseline,male_P35,male,P35,1072469,CTRL,saline,CTRL_saline
2,inactive,4,yellow,12,8-12,6.0,27.8,4.633333333333334,12937.2,1462.7999999999993,35.0,369.63428571428574,0.0190046486190866,0.0041017227235438,6.0,28.76,4.793333333333334,0.0196609242548537,0.0041017227235438,3.0,13.4,4.466666666666667,0.0091605140825813,0.0020508613617719,9.0,14221.56,1580.1733333333332,9.72214930270714,0.0061525840853158,,,,,,1.0,1.4,1.4,0.0009570686354935,0.0006836204539239,82.0,634.28,7.735121951219512,0.4336067815149031,0.0560568772217665,3.0,38.2,12.733333333333334,0.0261143013398961,0.0020508613617719,8.0,98.04,12.255,0.0670221493027071,0.0054689636313918,8.0,32.64,4.08,0.0223133716160787,0.0054689636313918,7.0,17.04,2.434285714285714,0.0116488925348646,0.0047853431774678,0.0,0.0,0.0,1.2,1.0,1.2,0.0,0.0,0.0008203445447087,0.0006836204539239,0.0,1.0,0.0,1.0,36.11190026256365,1297.0,0.0278426370567183,0.0034375781793331,2.2426217501741803,0.0254027052632249,0.8866557287394043,323465.0,275800.3333333333,1771.0,0.8526435111475223,0.0054750900406535,15975.0,3417.0,1063.0,701.0,767.0,565.0,299.0,98.0,15208.0,2852.0,764.0,603.0,0.0480125195618153,0.9519874804381848,0.1653497219783435,0.8346502780216565,0.2812793979303857,0.7187206020696143,0.1398002853067047,0.8601997146932953,baseline,male_P35,male,P35,1072469,CTRL,saline,CTRL_saline
2,inactive,5,blue,4,0-4,1.0,28.72,28.72,13485.16,914.84,77.0,175.13194805194806,0.0313934677102006,0.0010930873158147,2.0,2.2,1.1,0.0024047920947925,0.0021861746316295,,,,,,45.0,13743.36,305.408,15.022692492676317,0.0491889292116654,,,,,,38.0,139.36,3.667368421052632,0.1523326483319487,0.0415373180009619,1.0,4.6,4.6,0.005028201652748,0.0010930873158147,4.0,19.96,4.99,0.0218180228236631,0.0043723492632591,,,,,,5.0,11.92,2.384,0.0130296008045122,0.0054654365790739,,,,,,,,,,,,,,,,,,,,17.0289459174529,577.0,0.0295129045363135,0.0039122531523263,1.9304412374187312,0.0249014486513077,0.6307113812251323,337206.0,238146.0,3278.0,0.7062329851781997,0.0097210607165946,3638.0,503.0,57.0,719.0,79.0,0.0,0.0,0.0,3559.0,503.0,57.0,719.0,0.0217152281473337,0.9782847718526664,0.0,1.0,0.0,1.0,0.0,1.0,baseline,male_P35,male,P35,1073127,CTRL,saline,CTRL_saline
2,inactive,5,blue,8,4-8,,,,14166.28,233.71999999999937,16.0,885.3925,,,,,,,,,,,,,8.0,14268.76,1783.595,61.05065890809532,0.0342289919561869,,,,,,2.0,9.64,4.82,0.0412459353072053,0.0085572479890467,,,,,,1.0,1.52,1.52,0.0065035084716755,0.0042786239945233,,,,,,,,,,,1.0,2.04,2.04,0.0087283929488276,0.0042786239945233,,,,,,,,,,,,,,,5.320415294432369,98.0,0.0542899519840037,0.0129100576112054,1.67997625494551,0.0600361124630494,0.4193051514632905,354173.0,352297.3333333334,0.0,0.9947040947032476,0.0,243.0,39.0,0.0,0.0,0.0,0.0,0.0,0.0,243.0,39.0,0.0,0.0,0.0,1.0,0.0,1.0,0.0,0.0,0.0,0.0,baseline,male_P35,male,P35,1073127,CTRL,saline,CTRL_saline
2,inactive,5,blue,12,8-12,,,,12952.32,1447.6800000000003,25.0,518.0928,,,1.0,6.08,6.08,0.0041998231653404,0.0006907603890362,,,,,,9.0,14378.8,1597.6444444444444,9.932305481874446,0.0062168435013262,,,,,,57.0,885.56,15.536140350877192,0.6117097701149423,0.0393733421750663,2.0,2.56,1.28,0.0017683465959328,0.0013815207780725,4.0,68.96,17.24,0.0476348364279398,0.002763041556145,,,,,,14.0,52.08,3.72,0.0359748010610079,0.0096706454465075,6.0,16.92,2.8200000000000003,0.0116876657824933,0.0041445623342175,,,,,,,,,,,,,,,14.615627262828216,1417.0,0.0103144864240142,0.002706593394353,2.185386059012286,0.0081786744901809,0.9788074712643676,323833.0,296971.3333333333,2695.0,0.9170508667533368,0.008322190758817,22262.0,1728.0,153.0,0.0,434.0,0.0,0.0,0.0,21828.0,1728.0,153.0,0.0,0.0194951037642619,0.980504896235738,0.0,1.0,0.0,1.0,0.0,0.0,baseline,male_P35,male,P35,1073127,CTRL,saline,CTRL_saline
2,inactive,5,green,4,0-4,37.0,328.32,8.873513513513513,9245.32,5154.68,425.0,21.753694117647058,0.0636935755468816,0.0071779431506902,2.0,3.88,1.94,0.0007527140385048,0.0003879969270643,5.0,54.52,10.904,0.0105767962317738,0.0009699923176608,95.0,13558.84,142.72463157894737,2.6303941272785116,0.018429854035556,,,,,,49.0,220.12,4.492244897959184,0.042702941792701,0.0095059247130762,74.0,391.12,5.285405405405405,0.0758766790567018,0.0143558863013804,1.0,26.72,26.72,0.0051836389455795,0.0001939984635321,8.0,76.92,9.615,0.0149223618148944,0.0015519877082573,27.0,100.6,3.725925925925926,0.0195162454313361,0.0052379585153685,1.0,1.96,1.96,0.000380236988523,0.0001939984635321,0.0,0.0,0.0,0.8,1.0,0.8,0.0,0.0,0.0001551987708257,0.0001939984635321,0.0,1.0,0.0,1.0,199.84194015534797,4548.0,0.0439406200869278,0.0058491176860607,2.1766943098736777,0.0445345254303565,0.8823050121443038,231558.0,197840.3333333333,747.0,0.8543878135643481,0.0032259736221594,15404.0,2600.0,1467.0,8245.0,511.0,837.0,368.0,4301.0,14893.0,1763.0,1099.0,3944.0,0.0331732017657751,0.9668267982342248,0.3219230769230769,0.678076923076923,0.250852079072938,0.7491479209270621,0.5216494845360825,0.4783505154639175,baseline,male_P35,male,P35,1073091,ELA,saline,ELA_saline
2,inactive,5,green,8,4-8,,,,14117.2,282.7999999999993,25.0,564.688,,,,,,,,,,,,,9.0,14221.4,1580.1555555555556,50.287835926449915,0.0318246110325319,,,,,,1.0,1.04,1.04,0.0036775106082036,0.0035360678925035,,,,,,2.0,12.72,6.36,0.044978783592645,0.007072135785007,,,,,,1.0,2.64,2.64,0.0093352192362093,0.0035360678925035,,,,,,,,,,,,,,,,,,,,1.1460200115475594,135.0,0.0084890371225745,0.0050260861534367,2.0317649181161945,0.007275758741088,0.4773691654879786,352955.0,351531.0,0.0,0.9959654913515888,0.0,27.0,320.0,0.0,0.0,0.0,0.0,0.0,0.0,27.0,320.0,0.0,0.0,0.0,1.0,0.0,1.0,0.0,0.0,0.0,0.0,baseline,male_P35,male,P35,1073091,ELA,saline,ELA_saline
2,inactive,5,green,12,8-12,2.0,11.84,5.92,13139.36,1260.6399999999994,81.0,162.21432098765433,0.009392054829293,0.0015864957481913,5.0,16.4,3.28,0.0130092651351694,0.0039662393704784,2.0,10.68,5.34,0.008471887295342,0.0015864957481913,12.0,14348.04,1195.67,11.381552227440036,0.0095189744891483,,,,,,60.0,242.24,4.037333333333334,0.1921563650209418,0.0475948724457418,12.0,47.32,3.943333333333334,0.0375364894022084,0.0095189744891483,4.0,6.12,1.53,0.0048546769894656,0.0031729914963827,5.0,59.52,11.904,0.0472141134661759,0.0039662393704784,10.0,30.0,3.0,0.0237974362228709,0.0079324787409569,,,,,,,,,,,,,,,,,,,,46.5762597710176,1200.0,0.0388135498091813,0.005976675431576,2.2270523547162715,0.0347322079720645,0.9518974489148372,328565.0,306396.3333333334,62.0,0.9325288248393266,0.0001886993441176,7311.0,1650.0,684.0,298.0,674.0,695.0,80.0,270.0,6637.0,955.0,604.0,28.0,0.0921898509095883,0.9078101490904116,0.4212121212121212,0.5787878787878787,0.1169590643274853,0.8830409356725146,0.906040268456376,0.0939597315436241,baseline,male_P35,male,P35,1073091,ELA,saline,ELA_saline
2,inactive,5,red,4,0-4,2.0,11.68,5.84,13139.2,1260.7999999999993,90.0,145.9911111111111,0.0092639593908629,0.0015862944162436,,,,,,,,,,,36.0,13937.76,387.16,11.054695431472089,0.0285532994923858,,,,,,13.0,90.04,6.926153846153847,0.0714149746192893,0.0103109137055837,,,,,,3.0,23.72,7.906666666666666,0.0188134517766497,0.0023794416243654,,,,,,10.0,37.56,3.756,0.0297906091370558,0.0079314720812182,,,,,,0.8,1.0,0.8,0.0,0.0,0.0,0.0006345177664974,0.0007931472081218,0.0,0.0,1.0,0.0,1.0,0.0,20.997067138935435,896.0,0.0234342267175618,0.0070844473943098,2.028928879470828,0.0206932813531206,0.7106598984771578,328570.0,233830.66666666663,3688.0,0.7116616449057025,0.0112243966278114,2264.0,596.0,0.0,294.0,0.0,0.0,0.0,14.0,2264.0,596.0,0.0,280.0,0.0,1.0,0.0,1.0,0.0,0.0,0.0476190476190476,0.9523809523809524,baseline,male_P35,male,P35,1073117,CTRL,saline,CTRL_saline
2,inactive,5,red,8,4-8,,,,14273.56,126.44000000000052,5.0,2854.712,,,,,,,,,,,,,5.0,14276.56,2855.312,112.91173679215392,0.0395444479595063,,,,,,,,,,,,,,,,,,,,,,,,,,,,,,,,,,,,,,,,,,,,,,,,,,0.0,0.0,,,,,0.0,356844.0,354056.3333333334,0.0,0.9921879962485942,0.0,,,,,,,,,,,,,,,,,,,,,baseline,male_P35,male,P35,1073117,CTRL,saline,CTRL_saline
2,inactive,5,red,12,8-12,,,,13543.12,856.8799999999992,20.0,677.1560000000001,,,,,,,,,,,,,9.0,14379.52,1597.7244444444443,16.781252917561403,0.0105032209877695,,,,,,21.0,406.72,19.367619047619048,0.4746522266828499,0.024507515638129,,,,,,5.0,58.6,11.72,0.068387638875922,0.0058351227709831,,,,,,5.0,23.04,4.608,0.0268882457286901,0.0058351227709831,5.0,11.76,2.352,0.0137242087573522,0.0058351227709831,,,,,,,,,,,,,,,6.871379508221632,831.0,0.0082688080724688,0.0024687445795197,2.212438178924961,0.006428888657737,0.9697974045373924,338598.0,303992.6666666666,2593.0,0.8977981756143469,0.0076580487776064,10189.0,1470.0,0.0,0.0,0.0,30.0,0.0,0.0,10189.0,1440.0,0.0,0.0,0.0,1.0,0.0204081632653061,0.979591836734694,0.0,0.0,0.0,0.0,baseline,male_P35,male,P35,1073117,CTRL,saline,CTRL_saline
2,inactive,5,yellow,4,0-4,38.0,338.36,8.90421052631579,7206.88,7193.12,215.0,33.520372093023255,0.0470393931979447,0.0052828258113308,4.0,17.12,4.28,0.0023800520497364,0.0005560869275085,4.0,17.48,4.37,0.0024300998732121,0.0005560869275085,175.0,12743.64,72.82079999999999,1.7716429032186312,0.0243288030784972,,,,,,42.0,1128.56,26.87047619047619,0.1568943657272505,0.0058389127388393,82.0,329.32,4.016097560975609,0.0457826367417754,0.0113997820139244,4.0,11.56,2.89,0.0016070912204995,0.0005560869275085,7.0,92.32,13.188571428571429,0.0128344862868963,0.0009731521231398,41.0,149.28,3.6409756097560977,0.0207531641346175,0.0056998910069622,3.0,6.56,2.1866666666666665,0.0009119825611139,0.0004170651956313,,,,,,,,,,,,,,,136.62868000915924,6682.0,0.0204472732728463,0.0036714132541194,2.221938894793026,0.019099966577831,0.9289432124029628,180387.0,166440.3333333333,741.0,0.9226847463139436,0.0041078348217997,36571.0,2608.0,873.0,8497.0,590.0,837.0,368.0,4287.0,35981.0,1771.0,505.0,4210.0,0.016133001558612,0.983866998441388,0.3209355828220859,0.6790644171779141,0.4215349369988545,0.5784650630011455,0.5045310109450394,0.4954689890549605,baseline,male_P35,male,P35,1073101,ELA,saline,ELA_saline
2,inactive,5,yellow,8,4-8,,,,14200.8,199.20000000000073,21.0,676.2285714285714,,,,,,,,,,,,,11.0,14242.96,1294.8145454545454,71.50080321285114,0.0552208835341363,,,,,,,,,,,,,,,,,,,,,,,,,,,,,,,,,,,,,,,,,,,,,,,,,,0.1266856394133623,65.0,0.0019490098371286,0.0001654518592364,2.2955878298802666,0.0017925241905483,0.3263052208835329,355041.0,352900.0,0.0,0.9939697105404728,0.0,,,,,,,,,,,,,,,,,,,,,baseline,male_P35,male,P35,1073101,ELA,saline,ELA_saline
2,inactive,5,yellow,12,8-12,2.0,13.72,6.86,12669.84,1730.16,51.0,248.42823529411768,0.0079299024367688,0.0011559624543394,4.0,16.32,4.08,0.0094326536274101,0.0023119249086789,,,,,,6.0,14392.96,2398.8266666666664,8.318860683405003,0.0034678873630184,,,,,,46.0,828.44,18.009565217391305,0.4788227678365007,0.0265871364498081,17.0,60.88,3.5811764705882356,0.0351874971100938,0.0098256808618856,2.0,22.24,11.12,0.012854302492255,0.0011559624543394,4.0,55.92,13.98,0.0323207102233319,0.0023119249086789,4.0,12.36,3.09,0.007143847967818,0.0023119249086789,4.0,8.68,2.17,0.0050168770518333,0.0023119249086789,,,,,,,,,,,,,,,35.20869837910654,1684.0,0.0209077781348613,0.002711901698496,2.22823755132941,0.0197313614484605,0.9733203865538448,316797.0,297413.0,0.0,0.9388125518865392,0.0,22296.0,1960.0,412.0,345.0,492.0,725.0,80.0,270.0,21804.0,1235.0,332.0,75.0,0.0220667384284176,0.9779332615715824,0.3698979591836734,0.6301020408163265,0.1941747572815534,0.8058252427184466,0.782608695652174,0.217391304347826,baseline,male_P35,male,P35,1073101,ELA,saline,ELA_saline
2,inactive,6,blue,4,0-4,1.0,2.2,2.2,13616.16,783.8400000000001,50.0,272.3232,0.0028066952439273,0.0012757705654215,,,,,,,,,,,21.0,14243.8,678.2761904761904,18.171820779750966,0.0267911818738518,,,,,,13.0,241.76,18.596923076923076,0.3084302918963053,0.0165850173504796,,,,,,2.0,9.6,4.8,0.0122473974280465,0.002551541130843,,,,,,5.0,19.6,3.92,0.0250051030822616,0.0063788528271075,3.0,6.72,2.24,0.0085731781996325,0.0038273116962645,,,,,,,,,,,,,,,13.200001711164449,739.0,0.0178619779582739,0.0036691811910195,2.037933548045711,0.0165687480122484,0.9427944478464992,340454.0,302614.3333333333,3305.0,0.8888552736444081,0.0097076256998008,6057.0,242.0,0.0,56.0,12.0,0.0,0.0,56.0,6045.0,242.0,0.0,0.0,0.0019811788013868,0.9980188211986132,0.0,1.0,0.0,0.0,1.0,0.0,baseline,male_P35,male,P35,1073092,ELA,saline,ELA_saline
2,inactive,6,blue,8,4-8,,,,13184.16,1215.84,20.0,659.208,,,1.0,5.96,5.96,0.0049019607843137,0.0008224766416633,1.0,9.0,9.0,0.0074022897749703,0.0008224766416633,11.0,13861.36,1260.1236363636365,11.400644821687065,0.0090472430582971,,,,,,14.0,486.8,34.77142857142857,0.4003816291617318,0.0115146729832872,,,,,,2.0,32.88,16.44,0.0270430319778918,0.0016449532833267,,,,,,12.0,38.8,3.233333333333333,0.031912093696539,0.0098697196999605,4.0,15.56,3.89,0.0127977365442821,0.0032899065666535,,,,,,,,,,,,,,,6.688782926376704,683.0,0.0097932400093363,0.0020699859516019,2.1699771412548587,0.0076831432106989,0.5617515462560864,329624.0,325782.0,0.0,0.988344295318302,0.0,12184.0,824.0,376.0,0.0,0.0,0.0,0.0,0.0,12184.0,824.0,376.0,0.0,0.0,1.0,0.0,1.0,0.0,1.0,0.0,0.0,baseline,male_P35,male,P35,1073092,ELA,saline,ELA_saline
2,inactive,6,blue,12,8-12,,,,13399.36,1000.6399999999994,22.0,609.0618181818182,,,1.0,5.32,5.32,0.0053165973776782,0.000999360409338,,,,,,6.0,14394.56,2399.0933333333332,14.38535337384075,0.0059961624560281,,,,,,60.0,660.28,11.004666666666669,0.6598576910777106,0.0599616245602814,,,,,,4.0,32.6,8.15,0.0325791493444195,0.003997441637352,1.0,14.28,14.28,0.0142708666453469,0.000999360409338,16.0,49.36,3.085,0.0493284298049248,0.0159897665494083,3.0,7.96,2.6533333333333333,0.0079549088583306,0.002998081228014,,,,,,,,,,,,,,,6.908003478244376,981.0,0.0070417976332766,0.0019324394410937,2.1884498812573097,0.0058903355457878,0.9803725615606018,335006.0,308740.6666666667,500.0,0.9215974241257372,0.0014925105819,16567.0,1177.0,134.0,0.0,0.0,233.0,0.0,0.0,16567.0,944.0,134.0,0.0,0.0,1.0,0.1979609175870858,0.8020390824129142,0.0,1.0,0.0,0.0,baseline,male_P35,male,P35,1073092,ELA,saline,ELA_saline
2,inactive,6,green,4,0-4,4.0,87.04,21.76,12489.16,1910.84,104.0,120.08807692307693,0.0455506478826066,0.0020933202151933,1.0,3.36,3.36,0.0017583889807623,0.0005233300537983,,,,,,29.0,14037.52,484.0524137931035,7.346256096795127,0.0151765715601515,,,,,,14.0,755.36,53.95428571428572,0.3953025894371062,0.0073266207531766,1.0,7.52,7.52,0.0039354420045634,0.0005233300537983,2.0,27.0,13.5,0.0141299114525548,0.0010466601075966,3.0,55.4,18.466666666666665,0.0289924849804274,0.0015699901613949,19.0,79.68,4.193684210526317,0.0416989386866509,0.0099432710221682,3.0,7.76,2.5866666666666664,0.004061041217475,0.0015699901613949,,,,,,,,,,,,,,,37.2879331119921,1818.0,0.0205104142530209,0.002968056035911,2.178477104001406,0.0183529393351233,0.9514140378053632,312333.0,293091.3333333333,320.0,0.9383937442836118,0.0010245475181937,19087.0,2065.0,85.0,2180.0,609.0,41.0,0.0,0.0,18478.0,2024.0,85.0,2180.0,0.031906533242521,0.9680934667574788,0.0198547215496368,0.9801452784503633,0.0,1.0,0.0,1.0,baseline,male_P35,male,P35,1073102,ELA,saline,ELA_saline
2,inactive,6,green,8,4-8,,,,13505.76,894.2399999999998,20.0,675.288,,,,,,,,,,,,,12.0,13552.12,1129.3433333333337,15.154902487028096,0.013419216317767,,,,,,,,,,,,,,,,,,,,,,,,,,,,,,,,,,,,,,,,,,,,,,,,,,0.4316298959926464,367.0,0.0011761032588355,0.0002331855457339,2.1869446432627107,0.0012376619973783,0.4104043657183754,337664.0,331191.3333333333,0.0,0.980831043088198,0.0,,,,,,,,,,,,,,,,,,,,,baseline,male_P35,male,P35,1073102,ELA,saline,ELA_saline
2,inactive,6,green,12,8-12,,,,12886.28,1513.7199999999991,99.0,130.16444444444446,,,3.0,13.16,4.386666666666667,0.0086938139153872,0.0019818724731125,2.0,9.72,4.86,0.0064212668128848,0.0013212483154083,16.0,14343.12,896.445,9.475411568850255,0.0105699865232671,,,,,,58.0,1002.92,17.291724137931034,0.6625531802446956,0.0383162011468435,3.0,6.88,2.2933333333333334,0.0045450942050048,0.0019818724731125,5.0,42.72,8.544,0.0282218640171233,0.0033031207885209,4.0,53.6,13.4,0.035409454852945,0.0026424966308167,13.0,46.72,3.5938461538461537,0.0308643606479401,0.0085881140501545,6.0,14.8,2.466666666666667,0.0097772375340221,0.0039637449462251,,,,,,,,,,,,,,,30.51628163697109,1429.0,0.0213549906486851,0.0024060133126494,2.20387031900082,0.0193686355212788,0.9440319213593008,322256.0,302611.6666666666,0.0,0.9390412177482084,0.0,25306.0,2417.0,577.0,0.0,310.0,281.0,147.0,0.0,24996.0,2136.0,430.0,0.0,0.0122500592744803,0.9877499407255196,0.1162598262308647,0.8837401737691353,0.2547660311958405,0.7452339688041595,0.0,0.0,baseline,male_P35,male,P35,1073102,ELA,saline,ELA_saline
2,inactive,6,red,4,0-4,25.0,290.96,11.6384,11477.2,2922.7999999999993,67.0,171.30149253731344,0.0995483782674148,0.0085534419050225,7.0,23.32,3.3314285714285714,0.007978650609005,0.0023949637334063,6.0,11.64,1.94,0.0039824825509785,0.0020528260572054,54.0,13236.24,245.11555555555557,4.528616395237445,0.0184754345148487,,,,,,38.0,373.64,9.832631578947368,0.1278363213357055,0.0130012316956343,6.0,27.92,4.653333333333333,0.0095524839195292,0.0020528260572054,6.0,51.56,8.593333333333334,0.0176406185849185,0.0020528260572054,4.0,52.56,13.14,0.0179827562611194,0.0013685507048036,41.0,185.44,4.522926829268292,0.0634460106746955,0.014027644724237,6.0,15.76,2.6266666666666665,0.0053920897769262,0.0020528260572054,,,,,,,,,,,,,,,76.54147556894533,2860.0,0.0267627536954354,0.0049517452301651,1.994915457540214,0.0226104220179218,0.9785137539345836,286997.0,276847.0,9.0,0.9646337766596864,3.1359212814071225e-05,10083.0,2613.0,887.0,7299.0,572.0,41.0,0.0,56.0,9511.0,2572.0,887.0,7243.0,0.0567291480710106,0.9432708519289894,0.0156907768848067,0.9843092231151932,0.0,1.0,0.0076722838745033,0.9923277161254966,baseline,male_P35,male,P35,1073128,CTRL,saline,CTRL_saline
2,inactive,6,red,8,4-8,,,,13877.52,522.4799999999996,8.0,1734.69,,,,,,,,,,,,,5.0,13887.64,2777.528,26.580232736181312,0.0095697442964324,,,,,,,,,,,,,,,,,,,,,,,,,,,,,,,,,,,,,,,,,,,,,,,,,,0.0647792296589429,5.0,0.0129558459317885,0.0080884015170584,0.9892359227422276,0.0102148973722467,0.0095697442964324,346946.0,336788.6666666666,173.0,0.9707235900303408,0.000498636675448,,,,,,,,,,,,,,,,,,,,,baseline,male_P35,male,P35,1073128,CTRL,saline,CTRL_saline
2,inactive,6,red,12,8-12,,,,13497.92,902.08,26.0,519.1507692307692,,,3.0,9.48,3.16,0.0105090457609081,0.0033256473926924,,,,,,12.0,14343.56,1195.2966666666666,15.900540971975875,0.0133025895707697,,,,,,42.0,487.76,11.613333333333332,0.5407059240865555,0.0465590634976942,,,,,,4.0,27.44,6.86,0.0304185881518268,0.0044341965235899,,,,,,10.0,32.88,3.2880000000000003,0.0364490954239091,0.0110854913089748,3.0,8.04,2.6799999999999997,0.0089127350124157,0.0033256473926924,,,,,,,,,,,,,,,11.940113837039195,875.0,0.0136458443851876,0.0029302494496672,2.056706569194962,0.0118045859676832,0.969980489535296,337474.0,308402.0,1241.0,0.9138541043161844,0.0036773203268992,12236.0,690.0,240.0,0.0,0.0,0.0,0.0,0.0,12236.0,690.0,240.0,0.0,0.0,1.0,0.0,1.0,0.0,1.0,0.0,0.0,baseline,male_P35,male,P35,1073128,CTRL,saline,CTRL_saline
2,inactive,6,yellow,4,0-4,,,,13618.84,781.1599999999999,177.0,76.9425988700565,,,,,,,,,,,,,9.0,14376.0,1597.3333333333333,18.40340007168826,0.0115213272568999,,,,,,16.0,161.68,10.105,0.2069742434328435,0.0204823595678222,,,,,,3.0,22.16,7.386666666666667,0.0283680680014337,0.0038404424189666,,,,,,4.0,13.48,3.37,0.0172563879358902,0.0051205898919555,,,,,,,,,,,,,,,,,,,,18.198218068282767,640.0,0.0284347157316918,0.0058244858174241,1.9750085936191528,0.0259346217149988,0.8192943827128887,340648.0,298885.3333333333,9480.0,0.8774022842738937,0.0278293135435992,4058.0,557.0,0.0,0.0,25.0,0.0,0.0,0.0,4033.0,557.0,0.0,0.0,0.0061606702809265,0.9938393297190734,0.0,1.0,0.0,0.0,0.0,0.0,baseline,male_P35,male,P35,1073137,CTRL,saline,CTRL_saline
2,inactive,6,yellow,8,4-8,,,,13742.52,657.4799999999996,34.0,404.1917647058823,,,,,,,,,,,,,9.0,13875.6,1541.7333333333331,21.10421609782809,0.0136886293119182,,,,,,1.0,1.48,1.48,0.0022510190424043,0.0015209588124353,,,,,,,,,,,,,,,,6.0,21.16,3.526666666666667,0.0321834884711322,0.0091257528746121,,,,,,,,,,,,,,,,,,,,0.910266204614669,116.0,0.0078471224535747,0.0021040654799651,2.016978346385797,0.0080033006050087,0.1764312222425018,343597.0,335504.0,0.0,0.9764462437099276,0.0,38.0,0.0,0.0,0.0,0.0,0.0,0.0,0.0,38.0,0.0,0.0,0.0,0.0,1.0,0.0,0.0,0.0,0.0,0.0,0.0,baseline,male_P35,male,P35,1073137,CTRL,saline,CTRL_saline
2,inactive,6,yellow,12,8-12,,,,13272.56,1127.4400000000005,66.0,201.0993939393939,,,1.0,10.24,10.24,0.0090825232384871,0.0008869651600085,,,,,,6.0,14395.4,2399.233333333333,12.768218264386569,0.005321790960051,,,,,,59.0,514.2,8.715254237288136,0.4560774852763782,0.0523309444405023,,,,,,3.0,19.24,6.413333333333333,0.0170652096785638,0.0026608954800255,3.0,61.28,20.426666666666662,0.0543532250053217,0.0026608954800255,5.0,13.12,2.6239999999999997,0.0116369828993117,0.0044348258000425,,,,,,,,,,,,,,,,,,,,19.60756160683931,1069.0,0.0183419659558833,0.0030943418238868,2.2128340863908815,0.0177973585557686,0.948165756049102,331880.0,309677.0,0.0,0.9330993130047004,0.0,12914.0,2019.0,257.0,0.0,310.0,116.0,147.0,0.0,12604.0,1903.0,110.0,0.0,0.0240049558618553,0.9759950441381446,0.0574541852402179,0.942545814759782,0.5719844357976653,0.4280155642023346,0.0,0.0,baseline,male_P35,male,P35,1073137,CTRL,saline,CTRL_saline
2,inactive,7,blue,4,0-4,10.0,223.12,22.312,12445.96,1954.0400000000009,71.0,175.29521126760562,0.1141839471044604,0.0051176025055781,1.0,4.8,4.8,0.0024564492026775,0.0005117602505578,4.0,10.92,2.73,0.0055884219360913,0.0020470410022312,44.0,13751.36,312.5309090909091,7.037399439110763,0.022517451024544,,,,,,14.0,459.16,32.79714285714286,0.2349798366461279,0.0071646435078094,1.0,3.36,3.36,0.0017195144418742,0.0005117602505578,5.0,52.0,10.4,0.0266115330290065,0.002558801252789,,,,,,26.0,103.12,3.9661538461538464,0.0527727170375222,0.0133057665145032,1.0,2.04,2.04,0.0010439909111379,0.0005117602505578,0.0,0.0,0.0,4.4,4.0,1.1,0.0,0.0,0.0022517451024544,0.0020470410022312,0.0,1.0,0.0,1.0,44.712959883581064,1883.0,0.0237455973890499,0.0042423531686188,2.1550042960183835,0.022989098187895,0.963644551800372,311220.0,265851.0,12169.0,0.854222093695778,0.0391009575220101,11578.0,1305.0,398.0,5588.0,189.0,0.0,0.0,232.0,11389.0,1305.0,398.0,5356.0,0.0163240628778718,0.9836759371221282,0.0,1.0,0.0,1.0,0.0415175375805297,0.9584824624194704,baseline,male_P35,male,P35,1073149,ELA,MDMA,ELA_MDMA
2,inactive,7,blue,8,4-8,1.0,20.0,20.0,12747.32,1652.6800000000003,21.0,607.015238095238,0.012101556260135,0.0006050778130067,1.0,1.12,1.12,0.0006776871505675,0.0006050778130067,,,,,,11.0,13059.4,1187.2181818181818,7.901953191180384,0.0066558559430742,,,,,,1.0,204.0,204.0,0.1234358738533775,0.0006050778130067,,,,,,2.0,1.84,0.92,0.0011133431759324,0.0012101556260135,,,,,,5.0,17.12,3.4240000000000004,0.0103589321586756,0.0030253890650337,,,,,,,,,,,,,,,,,,,,6.800653675967663,370.0,0.0183801450701828,0.0022042927790391,2.1113941056106693,0.0157365279572309,0.2238787908124984,318704.0,295523.6666666666,4988.0,0.927266889234734,0.015650886088659,5101.0,48.0,29.0,501.0,0.0,15.0,0.0,0.0,5101.0,33.0,29.0,501.0,0.0,1.0,0.3125,0.6875,0.0,1.0,0.0,1.0,baseline,male_P35,male,P35,1073149,ELA,MDMA,ELA_MDMA
2,inactive,7,blue,12,8-12,,,,13695.36,704.6399999999994,12.0,1141.28,,,,,,,,,,,,,5.0,14399.96,2879.9919999999997,20.43591053587649,0.0070958219800181,,,,,,21.0,543.72,25.891428571428573,0.7716280653950961,0.0298024523160763,,,,,,2.0,45.72,22.86,0.0648841961852861,0.0028383287920072,,,,,,8.0,30.88,3.86,0.0438237965485922,0.011353315168029,2.0,4.52,2.26,0.0064146230699364,0.0028383287920072,,,,,,,,,,,,,,,3.29940159523043,695.0,0.0047473404247919,0.0018647396552692,2.241944837668857,0.0036787063543504,0.9863192552225258,342396.0,322158.3333333333,3763.0,0.9408939746180834,0.0109901984836271,13614.0,1145.0,0.0,0.0,0.0,51.0,0.0,0.0,13614.0,1094.0,0.0,0.0,0.0,1.0,0.0445414847161572,0.9554585152838428,0.0,0.0,0.0,0.0,baseline,male_P35,male,P35,1073149,ELA,MDMA,ELA_MDMA
2,inactive,7,green,4,0-4,19.0,101.76,5.355789473684211,12968.16,1431.84,174.0,74.5296551724138,0.0710693932282936,0.0132696390658174,2.0,2.92,1.46,0.0020393340037993,0.0013968041121913,1.0,1.32,1.32,0.0009218907140462,0.0006984020560956,34.0,14165.4,416.6294117647059,9.893144485417366,0.0237456699072522,,,,,,,,,,,,,,,,1.0,10.04,10.04,0.0070119566432003,0.0006984020560956,,,,,,9.0,29.4,3.2666666666666666,0.0205330204492122,0.0062856185048608,,,,,,0.0,0.0,0.0,1.0,1.0,1.0,0.0,0.0,0.0006984020560956,0.0006984020560956,0.0,1.0,0.0,1.0,71.75844815530446,1287.0,0.0557563699730415,0.0117126851939831,2.08109747116737,0.0507516761891031,0.8988434461951057,324378.0,274867.0,5465.0,0.8473663442033676,0.016847628384169,0.0,252.0,109.0,2563.0,0.0,0.0,45.0,1864.0,0.0,252.0,64.0,699.0,0.0,0.0,0.0,1.0,0.4128440366972477,0.5871559633027523,0.7272727272727273,0.2727272727272727,baseline,male_P35,male,P35,1073093,ELA,MDMA,ELA_MDMA
2,inactive,7,green,8,4-8,6.0,20.48,3.4133333333333336,12471.16,1928.84,105.0,118.77295238095238,0.010617780634993,0.0031106779204081,1.0,1.8,1.8,0.0009332033761224,0.000518446320068,2.0,10.48,5.24,0.0054333174343128,0.001036892640136,7.0,13119.68,1874.24,6.801849816470003,0.0036291242404761,,,,,,1.0,1.32,1.32,0.0006843491424897,0.000518446320068,,,,,,1.0,6.0,6.0,0.0031106779204081,0.000518446320068,1.0,3.92,3.92,0.0020323095746666,0.000518446320068,2.0,7.56,3.78,0.0039194541797142,0.001036892640136,,,,,,,,,,,,,,,,,,,,41.17710417598859,582.0,0.0707510381030731,0.0204882446545566,2.0347434085766296,0.0612715227434887,0.3017357582795877,311884.0,297082.3333333333,145.0,0.952541115713962,0.000464916443293,34.0,250.0,310.0,518.0,0.0,114.0,250.0,365.0,34.0,136.0,60.0,153.0,0.0,1.0,0.456,0.544,0.8064516129032258,0.1935483870967742,0.7046332046332047,0.2953667953667954,baseline,male_P35,male,P35,1073093,ELA,MDMA,ELA_MDMA
2,inactive,7,green,12,8-12,9.0,35.88,3.986666666666667,13946.8,453.2000000000007,107.0,130.34392523364485,0.0791703442188877,0.0198587819947042,,,,,,,,,,,12.0,14373.2,1197.7666666666669,31.714916151809305,0.026478375992939,,,,,,7.0,39.28,5.611428571428571,0.0866725507502205,0.0154457193292144,,,,,,2.0,3.32,1.66,0.0073256840247131,0.0044130626654898,1.0,6.36,6.36,0.0140335392762577,0.0022065313327449,1.0,6.72,6.72,0.0148278905560458,0.0022065313327449,,,,,,,,,,,,,,,,,,,,17.262918703752355,372.0,0.0464056954401945,0.0093567404886695,1.9931820040770496,0.0368447900847555,0.8208296557811108,348777.0,330927.6666666666,0.0,0.9488230779743694,0.0,989.0,245.0,0.0,906.0,19.0,157.0,0.0,551.0,970.0,88.0,0.0,355.0,0.019211324570273,0.980788675429727,0.6408163265306123,0.3591836734693877,0.0,0.0,0.608167770419426,0.3918322295805739,baseline,male_P35,male,P35,1073093,ELA,MDMA,ELA_MDMA
2,inactive,7,red,4,0-4,37.0,398.44,10.768648648648648,8925.92,5474.08,35.0,255.0262857142857,0.0727866600415046,0.0067591266477654,24.0,104.12,4.338333333333334,0.0190205477450092,0.0043842983661181,7.0,18.52,2.6457142857142855,0.0033832169058544,0.0012787536901177,93.0,12407.84,133.41763440860214,2.2666530266273055,0.0169891561687078,,,,,,23.0,162.4,7.060869565217391,0.0296670856107327,0.0042016192675298,48.0,394.08,8.209999999999999,0.0719901791716599,0.0087685967322362,8.0,55.8,6.975,0.0101934937012246,0.001461432788706,7.0,94.56,13.508571428571427,0.0172741355625054,0.0012787536901177,103.0,465.52,4.5196116504854364,0.0850407739748048,0.0188159471545903,15.0,38.96,2.5973333333333333,0.0071171776809984,0.0027401864788238,5.4,5.0,1.08,0.0,0.0,0.0,0.0009864671323765,0.0009133954929412,0.0,0.0,1.0,0.0,1.0,0.0,126.2999008413314,5441.0,0.0232126265100774,0.0042743314878888,2.121579705631357,0.0217143612549478,0.9939569754187004,223183.0,216578.66666666663,2144.0,0.9704084391134926,0.0096064664423365,13983.0,3774.0,3097.0,9998.0,1270.0,88.0,130.0,801.0,12713.0,3686.0,2967.0,9197.0,0.0908245726954158,0.909175427304584,0.0233174350821409,0.976682564917859,0.0419761059089441,0.9580238940910558,0.0801160232046409,0.919883976795359,baseline,male_P35,male,P35,1073138,CTRL,MDMA,CTRL_MDMA
2,inactive,7,red,8,4-8,3.0,55.36,18.453333333333333,11876.04,2523.959999999999,26.0,456.7707692307693,0.0219337865893278,0.0011886083773118,1.0,6.16,6.16,0.0024406092014136,0.0003962027924372,1.0,2.96,2.96,0.0011727602656143,0.0003962027924372,30.0,12632.52,421.084,5.005039699519804,0.0118860837731184,,,,,,7.0,219.72,31.388571428571428,0.0870536775543194,0.0027734195470609,4.0,12.68,3.17,0.0050238514081047,0.0015848111697491,3.0,14.2,4.733333333333333,0.0056260796526093,0.0011886083773118,4.0,31.52,7.88,0.0124883120176231,0.0015848111697491,22.0,83.56,3.7981818181818183,0.0331067053360592,0.0087164614336201,8.0,22.36,2.795,0.0088590944388976,0.0031696223394982,,,,,,,,,,,,,,,26.535326094722347,1234.0,0.0215035057493698,0.0022968032749325,2.1473674938436447,0.0204365953203959,0.488914245867605,296927.0,285197.3333333333,0.0,0.9604964632159868,0.0,5821.0,1150.0,230.0,1387.0,0.0,32.0,0.0,0.0,5821.0,1118.0,230.0,1387.0,0.0,1.0,0.0278260869565217,0.9721739130434782,0.0,1.0,0.0,1.0,baseline,male_P35,male,P35,1073138,CTRL,MDMA,CTRL_MDMA
2,inactive,7,red,12,8-12,5.0,19.12,3.824,13008.44,1391.5599999999995,20.0,650.422,0.0137399752795423,0.0035930897697548,4.0,17.72,4.43,0.012733910144011,0.0028744718158038,1.0,4.48,4.48,0.0032194084337003,0.0007186179539509,23.0,14246.88,619.4295652173913,10.238063755784877,0.0165282129408721,,,,,,13.0,651.28,50.098461538461535,0.4680215010491824,0.0093420334013625,1.0,9.32,9.32,0.0066975193308229,0.0007186179539509,9.0,99.4,11.044444444444444,0.0714306246227256,0.0064675615855586,1.0,7.96,7.96,0.0057201989134496,0.0007186179539509,18.0,59.28,3.2933333333333334,0.042599672310213,0.0129351231711173,8.0,23.6,2.95,0.0169593837132427,0.0057489436316076,,,,,,,,,,,,,,,19.69536538804231,1368.0,0.0143971969210835,0.0021692828943527,2.1285036440148764,0.0143351935447511,0.9830693610049156,325231.0,315441.6666666666,0.0,0.9699003682510788,0.0,16529.0,2694.0,560.0,483.0,161.0,0.0,0.0,40.0,16368.0,2694.0,560.0,443.0,0.0097404561679472,0.9902595438320528,0.0,1.0,0.0,1.0,0.082815734989648,0.917184265010352,baseline,male_P35,male,P35,1073138,CTRL,MDMA,CTRL_MDMA
2,inactive,7,yellow,4,0-4,26.0,276.48,10.633846153846154,12756.08,1643.92,95.0,134.27452631578947,0.1681833665871818,0.0158158547861209,5.0,52.44,10.488,0.0318993624993916,0.0030415105357924,1.0,1.28,1.28,0.0007786266971628,0.0006083021071584,60.0,13999.04,233.31733333333335,8.515645530196117,0.0364981264295099,,,,,,10.0,61.8,6.18,0.0375930702223952,0.0060830210715849,,,,,,4.0,41.72,10.43,0.0253783639106525,0.0024332084286339,1.0,6.56,6.56,0.0039904618229597,0.0006083021071584,11.0,49.2,4.472727272727273,0.0299284636721981,0.0066913231787434,,,,,,,,,,,,,,,,,,,,63.18819200693713,1550.0,0.0407665754883465,0.0102424634255124,2.116586371380204,0.0348075418887395,0.9428682660956738,318997.0,273497.3333333333,3676.0,0.8573664747108384,0.0115236193443825,1555.0,1212.0,1349.0,6938.0,1081.0,88.0,175.0,2525.0,474.0,1124.0,1174.0,4413.0,0.6951768488745981,0.3048231511254019,0.0726072607260726,0.9273927392739274,0.1297257227575982,0.8702742772424018,0.3639377342173537,0.6360622657826462,baseline,male_P35,male,P35,1073118,CTRL,MDMA,CTRL_MDMA
2,inactive,7,yellow,8,4-8,6.0,21.2,3.533333333333333,12169.4,2230.6000000000004,44.0,276.5772727272727,0.0095041692818075,0.0026898592307002,2.0,9.6,4.8,0.0043037747691204,0.0008966197435667,2.0,11.68,5.84,0.0052362593024298,0.0008966197435667,20.0,13009.0,650.45,5.832063122029946,0.0089661974356675,,,,,,9.0,154.8,17.200000000000003,0.0693983681520667,0.0040347888460503,3.0,10.44,3.48,0.0046803550614184,0.0013449296153501,1.0,4.16,4.16,0.0018649690666188,0.0004483098717833,2.0,8.32,4.16,0.0037299381332376,0.0008966197435667,5.0,24.4,4.88,0.0109387608715143,0.0022415493589168,,,,,,,,,,,,,,,,,,,,41.93535729949187,927.0,0.0452377101396891,0.0088580444952955,2.1916632839651427,0.0462837863414556,0.4155832511431901,304279.0,292524.0,199.0,0.9613676921509536,0.0006540050414257,4143.0,315.0,536.0,536.0,0.0,99.0,250.0,365.0,4143.0,216.0,286.0,171.0,0.0,1.0,0.3142857142857143,0.6857142857142857,0.4664179104477612,0.5335820895522388,0.6809701492537313,0.3190298507462686,baseline,male_P35,male,P35,1073118,CTRL,MDMA,CTRL_MDMA
2,inactive,7,yellow,12,8-12,9.0,95.88,10.653333333333332,13794.68,605.3199999999997,46.0,299.884347826087,0.1583955593735545,0.0148681689023987,,,,,,,,,,,18.0,14308.2,794.9000000000001,23.63741492103351,0.0297363378047974,,,,,,26.0,164.2,6.315384615384615,0.2712614815304303,0.042952487940263,1.0,6.4,6.4,0.0105729201083724,0.0016520187669331,5.0,36.16,7.231999999999999,0.0597369986123042,0.0082600938346659,2.0,5.36,2.68,0.0088548205907619,0.0033040375338663,4.0,12.88,3.22,0.0212780017180995,0.0066080750677327,,,,,,,,,,,,,,,,,,,,16.98050007030708,555.0,0.0305954956221749,0.0042703210997928,2.120824156019143,0.0308268739116215,0.9168704156479222,344913.0,327924.3333333333,0.0,0.9507450671135426,0.0,4292.0,1045.0,0.0,2406.0,180.0,106.0,0.0,537.0,4112.0,939.0,0.0,1869.0,0.0419384902143522,0.9580615097856476,0.1014354066985645,0.8985645933014355,0.0,0.0,0.2231920199501247,0.7768079800498753,baseline,male_P35,male,P35,1073118,CTRL,MDMA,CTRL_MDMA
2,inactive,8,blue,4,0-4,130.0,1394.4,10.726153846153847,4725.08,9674.92,222.0,21.284144144144143,0.1441252227408598,0.0134368036118128,10.0,48.16,4.816,0.0049778189380377,0.0010336002778317,2.0,7.72,3.86,0.0007979394144861,0.0002067200555663,143.0,12723.28,88.97398601398602,1.3150785742931208,0.014780483972994,2.0,3.36,1.68,0.0003472896933514,0.0002067200555663,1.0,4.6,4.6,0.0004754561278026,0.0001033600277831,156.0,1472.52,9.43923076923077,0.1521997081112815,0.0161241643341753,1.0,3.12,3.12,0.0003224832866835,0.0001033600277831,29.0,890.76,30.715862068965517,0.0920689783481413,0.002997440805712,113.0,551.0,4.876106194690266,0.0569513753085296,0.0116796831394988,11.0,25.32,2.3018181818181818,0.00261707590347,0.0011369603056149,0.0,0.0,0.0,4.0,4.0,1.0,0.0,0.0,0.0004134401111327,0.0004134401111327,0.0,1.0,0.0,1.0,167.82023136570157,9463.0,0.0177343581703161,0.0041000933648299,2.1460507880163973,0.0163286776182599,0.9780959429121896,118349.0,42659.99999999999,14258.0,0.3604593194703799,0.1204741907409441,37085.0,22377.0,1409.0,34990.0,1275.0,2119.0,69.0,15846.0,35810.0,20258.0,1340.0,19144.0,0.0343804772819199,0.96561952271808,0.0946954462170979,0.905304553782902,0.048970901348474,0.951029098651526,0.4528722492140611,0.5471277507859389,baseline,male_P35,male,P35,1073150,ELA,MDMA,ELA_MDMA
2,inactive,8,blue,8,4-8,2.0,12.0,6.0,6093.12,8306.880000000001,182.0,33.47868131868132,0.0014445856928232,0.0002407642821372,1.0,3.6,3.6,0.0004333757078469,0.0001203821410686,1.0,4.88,4.88,0.0005874648484148,0.0001203821410686,16.0,14311.52,894.47,1.7228514195462072,0.0019261142570977,,,,,,,,,,,24.0,228.04,9.501666666666669,0.0274519434492854,0.0028891713856465,,,,,,34.0,436.2,12.82941176470588,0.0525106899341268,0.0040929927963326,76.0,250.96,3.3021052631578947,0.0302111021225779,0.0091490427212142,29.0,103.52,3.569655172413793,0.0124619592434223,0.0034910820909896,,,,,,,,,,,,,,,53.14956685428107,8143.0,0.0065270252799068,0.0010133297172052,2.1518719920352947,0.0061250429654977,0.9802717747216764,152510.0,64603.999999999985,3827.0,0.4236050095075732,0.0250934364959674,5725.0,10939.0,214.0,302.0,110.0,2293.0,0.0,0.0,5615.0,8646.0,214.0,302.0,0.0192139737991266,0.9807860262008734,0.2096169668159795,0.7903830331840205,0.0,1.0,0.0,1.0,baseline,male_P35,male,P35,1073150,ELA,MDMA,ELA_MDMA
2,inactive,8,blue,12,8-12,1.0,6.68,6.68,6690.52,7709.48,231.0,28.963290043290044,0.0008664657019669,0.0001297104344261,,,,,,,,,,,9.0,14372.52,1596.9466666666667,1.864265812999061,0.0011673939098356,,,,,,,,,,,47.0,321.88,6.848510638297872,0.041751194633101,0.0060963904180307,,,,,,69.0,1126.88,16.331594202898554,0.1461680943461816,0.0089500199754069,85.0,442.6,5.207058823529412,0.0574098382770303,0.0110253869262258,7.0,23.88,3.4114285714285715,0.0030974851740973,0.0009079730409833,0.0,0.0,0.0,2.2,2.0,1.1,0.0,0.0,0.0002853629557376,0.0002594208688523,0.0,1.0,0.0,1.0,42.29929300189543,7475.0,0.0056587682945679,0.001324607718377,2.155733031951317,0.0050152291360843,0.9695854973357476,167494.0,73105.66666666666,14029.0,0.436467375945805,0.0837582241751943,8094.0,28241.0,0.0,168.0,415.0,10283.0,0.0,0.0,7679.0,17958.0,0.0,168.0,0.0512725475660983,0.9487274524339016,0.3641160015580185,0.6358839984419815,0.0,0.0,0.0,1.0,baseline,male_P35,male,P35,1073150,ELA,MDMA,ELA_MDMA
2,inactive,8,green,4,0-4,173.0,4827.24,27.903121387283235,76.88,14323.12,15.0,5.125333333333333,0.3370243354799792,0.0120783739855562,30.0,155.92,5.197333333333333,0.0108858963689475,0.0020945157200386,16.0,79.6,4.975,0.0055574483771692,0.0011170750506872,206.0,9209.12,44.70446601941748,0.642954886924078,0.0143823412775987,4.0,5.36,1.34,0.0003742201419802,0.0002792687626718,,,,,,222.0,1438.64,6.480360360360361,0.1004418031825468,0.015499416328286,,,,,,61.0,697.44,11.43344262295082,0.0486933014594585,0.0042588486307452,173.0,802.2,4.63699421965318,0.0560073503538335,0.0120783739855562,32.0,85.8,2.68125,0.0059903149593105,0.0022341501013745,1.2,1.0,1.2,2.2,2.0,1.1,8.378062880154603e-05,6.981719066795503e-05,0.0001535978194695,0.0001396343813359,0.3529411764705882,0.6470588235294118,0.3333333333333333,0.6666666666666666,312.88939912108333,14309.0,0.0218666153554464,0.0052705075104275,2.263877764940284,0.0207779379072389,0.9990141812677684,1937.0,978.3333333333331,0.0,0.5050765789020822,0.0,36188.0,17497.0,5934.0,120854.0,2061.0,2688.0,147.0,28976.0,34127.0,14809.0,5787.0,91878.0,0.0569525809660661,0.943047419033934,0.1536263359433045,0.8463736640566955,0.0247724974721941,0.975227502527806,0.2397603720191305,0.7602396279808695,baseline,male_P35,male,P35,1073129,CTRL,MDMA,CTRL_MDMA
2,inactive,8,green,8,4-8,15.0,77.6,5.173333333333333,38.92,14361.08,6.0,6.486666666666667,0.0054034933305851,0.0010444896901904,11.0,69.88,6.352727272727273,0.0048659293033671,0.0007659591061396,8.0,31.04,3.88,0.002161397332234,0.0005570611681015,36.0,14139.36,392.76,0.9845610497260652,0.002506775256457,1.0,1.12,1.12,7.798856353421888e-05,6.963264601269542e-05,1.0,3.48,3.48,0.0002423216081241,6.963264601269542e-05,89.0,419.16,4.709662921348315,0.0291872199026814,0.0061973054951298,1.0,3.64,3.64,0.0002534628314862,6.963264601269542e-05,40.0,386.56,9.664,0.0269171956426675,0.0027853058405078,96.0,284.72,2.9658333333333338,0.0198258069727346,0.0066847340172187,98.0,428.32,4.370612244897959,0.0298250549401577,0.0068239993092441,,,,,,,,,,,,,,,175.70120534781302,14355.0,0.0122397217239855,0.0017919408863545,2.2738106560435756,0.0116744901965484,0.9995766335122428,979.0,576.3333333333333,0.0,0.58869594824651,0.0,10656.0,9796.0,2542.0,1955.0,594.0,1707.0,383.0,678.0,10062.0,8089.0,2159.0,1277.0,0.0557432432432432,0.9442567567567568,0.1742547978766843,0.8257452021233156,0.1506687647521636,0.8493312352478364,0.3468030690537084,0.6531969309462916,baseline,male_P35,male,P35,1073129,CTRL,MDMA,CTRL_MDMA
2,inactive,8,green,12,8-12,19.0,166.28,8.75157894736842,122.56,14277.44,19.0,6.450526315789474,0.0116463455633502,0.0013307707824371,12.0,68.48,5.706666666666667,0.0047963780621736,0.0008404868099603,3.0,23.6,7.866666666666667,0.0016529573929219,0.00021012170249,44.0,13978.88,317.70181818181817,0.979088688168187,0.0030817849698545,2.0,3.64,1.82,0.0002549476656879,0.0001400811349933,2.0,9.8,4.9,0.0006863975614676,0.0001400811349933,79.0,1246.68,15.780759493670889,0.0873181746867785,0.0055332048322388,2.0,3.4,1.7,0.0002381379294887,0.0001400811349933,123.0,1446.24,11.758048780487805,0.1012954703364188,0.0086149898020933,245.0,907.68,3.704816326530612,0.0635744223053992,0.01715993903669,70.0,223.4,3.1914285714285717,0.0156470627787614,0.0049028397247685,,,,,,,,,,,,,,,130.05560520873763,14261.0,0.0091196693926609,0.002298159149909,2.2782846898087765,0.0082818455033769,0.9988485330703544,3083.0,1191.3333333333333,493.0,0.3864201535301113,0.1599091793707427,31493.0,36366.0,2317.0,4176.0,435.0,8980.0,0.0,0.0,31058.0,27386.0,2317.0,4176.0,0.0138125932746959,0.986187406725304,0.2469339492932959,0.7530660507067041,0.0,1.0,0.0,1.0,baseline,male_P35,male,P35,1073129,CTRL,MDMA,CTRL_MDMA
2,inactive,8,red,4,0-4,53.0,1567.8,29.581132075471697,8969.56,5430.4400000000005,93.0,96.4468817204301,0.2887058875523898,0.0097597984693689,5.0,10.56,2.112,0.0019445938082365,0.0009207357046574,2.0,9.72,4.86,0.001789910209854,0.0003682942818629,96.0,11922.24,124.19,2.195446409499046,0.017678125529423,,,,,,4.0,13.6,3.4,0.0025044011166682,0.0007365885637259,35.0,1402.16,40.06171428571429,0.2582037551284978,0.0064451499326021,5.0,113.44,22.688,0.0208896516672682,0.0009207357046574,13.0,72.4,5.56923076923077,0.0133322530034398,0.0023939128321093,67.0,254.96,3.805373134328358,0.0469501550518926,0.0123378584424098,20.0,55.2,2.76,0.0101649221794182,0.0036829428186297,5.0,5.0,1.0,0.0,0.0,0.0,0.0009207357046574,0.0009207357046574,0.0,0.0,1.0,0.0,1.0,0.0,122.74246707348452,5342.0,0.0229768751541528,0.004281377039272,2.09950226347954,0.0202405323401962,0.9837140268560188,224332.0,50279.66666666666,96712.0,0.2241306040451949,0.431111031863488,35433.0,4664.0,514.0,39248.0,64.0,49.0,0.0,19461.0,35369.0,4615.0,514.0,19787.0,0.0018062258346738,0.998193774165326,0.0105060034305317,0.9894939965694682,0.0,1.0,0.4958469221361598,0.5041530778638402,baseline,male_P35,male,P35,1073139,CTRL,MDMA,CTRL_MDMA
2,inactive,8,red,8,4-8,3.0,15.48,5.16,14017.56,382.4400000000005,8.0,1752.195,0.0404769375588327,0.0078443677439598,1.0,5.64,5.64,0.0147474113586444,0.0026147892479866,,,,,,10.0,14371.4,1437.14,37.578182198514746,0.026147892479866,,,,,,,,,,,11.0,273.88,24.89818181818182,0.7161384792385724,0.0287626817278526,,,,,,,,,,,5.0,17.12,3.4240000000000004,0.0447651919255307,0.013073946239933,3.0,6.28,2.0933333333333333,0.0164208764773559,0.0078443677439598,,,,,,,,,,,,,,,5.047699406745936,374.0,0.0134965224779303,0.0022506639912534,2.309225182747548,0.0122628614756795,0.9779311787469916,350447.0,107706.99999999996,72728.0,0.3073417663726611,0.2075292412262054,6858.0,0.0,142.0,390.0,0.0,0.0,0.0,0.0,6858.0,0.0,142.0,390.0,0.0,1.0,0.0,0.0,0.0,1.0,0.0,1.0,baseline,male_P35,male,P35,1073139,CTRL,MDMA,CTRL_MDMA
2,inactive,8,red,12,8-12,9.0,398.52,44.28,11976.16,2423.84,20.0,598.808,0.1644167931876691,0.0037131163773186,1.0,4.76,4.76,0.0019638259951151,0.0004125684863687,1.0,2.84,2.84,0.0011716945012872,0.0004125684863687,22.0,13927.56,633.070909090909,5.746072348009769,0.0090765067001122,,,,,,,,,,,26.0,1158.96,44.575384615384614,0.4781503729619116,0.0107267806455871,7.0,108.04,15.434285714285716,0.0445738992672783,0.0028879794045811,8.0,57.04,7.13,0.0235329064624727,0.0033005478909498,31.0,133.64,4.3109677419354835,0.055135652518318,0.0127896230774308,6.0,16.68,2.78,0.0068816423526305,0.0024754109182124,2.2,2.0,1.1,0.0,0.0,0.0,0.0009076506700112,0.0008251369727374,0.0,0.0,1.0,0.0,1.0,0.0,36.82170284430079,2406.0,0.0153041158953868,0.0031000155086984,2.206806881254052,0.0130527143162814,0.9926397782031816,299424.0,104191.66666666664,53643.0,0.3479736649923408,0.1791539756332157,29000.0,4142.0,192.0,9972.0,0.0,648.0,0.0,0.0,29000.0,3494.0,192.0,9972.0,0.0,1.0,0.1564461612747465,0.8435538387252535,0.0,1.0,0.0,1.0,baseline,male_P35,male,P35,1073139,CTRL,MDMA,CTRL_MDMA
2,inactive,8,yellow,4,0-4,69.0,388.2,5.626086956521739,7939.92,6460.08,371.0,21.401401617250674,0.0600921350819184,0.0106809822788572,4.0,28.44,7.11,0.0044024222610246,0.0006191873784844,4.0,16.72,4.18,0.0025882032420651,0.0006191873784844,50.0,14177.2,283.54400000000004,2.1945858255625317,0.0077398422310559,1.0,1.88,1.88,0.0002910180678877,0.0001547968446211,,,,,,151.0,567.32,3.757086092715232,0.0878193458904533,0.023374323537789,,,,,,52.0,466.6,8.973076923076924,0.0722282077002142,0.0080494359202982,35.0,144.88,4.139428571428572,0.0224269668487077,0.0054178895617391,3.0,6.56,2.1866666666666665,0.0010154673007145,0.0004643905338633,,,,,,,,,,,,,,,132.55794650648878,6097.0,0.0217415034453811,0.0046887205795928,2.1053958005834112,0.0213604042304585,0.943796361654964,198869.0,61846.66666666665,37382.0,0.3109919930540539,0.1879729872428583,14334.0,11717.0,1137.0,9774.0,1040.0,898.0,100.0,6130.0,13294.0,10819.0,1037.0,3644.0,0.072554764894656,0.927445235105344,0.0766407783562345,0.9233592216437656,0.0879507475813544,0.9120492524186457,0.6271741354614283,0.3728258645385717,baseline,male_P35,male,P35,1073094,ELA,MDMA,ELA_MDMA
2,inactive,8,yellow,8,4-8,10.0,64.96,6.496,7108.64,7291.36,300.0,23.69546666666667,0.0089091746944328,0.0013714862522218,5.0,60.56,12.112,0.0083057207434552,0.0006857431261109,,,,,,23.0,14308.44,622.1060869565217,1.9623828750740604,0.0031544183801101,,,,,,1.0,3.32,3.32,0.0004553334357376,0.0001371486252221,78.0,236.6,3.033333333333333,0.0324493647275679,0.0106975927673301,,,,,,19.0,113.08,5.951578947368421,0.0155087665401242,0.0026058238792214,46.0,168.28,3.6582608695652175,0.0230793706523885,0.0063088367602203,14.0,39.48,2.82,0.0054146277237716,0.0019200807531105,,,,,,,,,,,,,,,77.8930697526796,7012.0,0.0111085381849229,0.0022458421567935,2.2525685674596567,0.0099983968670792,0.9616861600579316,178016.0,73783.99999999999,1589.0,0.4144795973395649,0.0089261639403199,6077.0,2846.0,1519.0,1634.0,544.0,752.0,383.0,678.0,5533.0,2094.0,1136.0,956.0,0.0895178542043771,0.9104821457956228,0.2642304989458889,0.735769501054111,0.2521395655036208,0.7478604344963792,0.4149326805385557,0.5850673194614443,baseline,male_P35,male,P35,1073094,ELA,MDMA,ELA_MDMA
2,inactive,8,yellow,12,8-12,,,,8525.48,5874.52,334.0,25.525389221556885,,,,,,,,,,,,,5.0,14399.96,2879.9919999999997,2.4512572942129736,0.0008511333691944,,,,,,,,,,,68.0,210.44,3.094705882352941,0.0358225012426547,0.0115754138210441,,,,,,59.0,495.56,8.399322033898304,0.0843575304875972,0.0100433737564941,36.0,137.96,3.832222222222222,0.0234844719228124,0.0061281602581998,3.0,8.76,2.92,0.0014911856628286,0.0005106800215166,,,,,,,,,,,,,,,30.167465153328568,5559.0,0.0054267791245419,0.0015037958292291,2.180086770701697,0.0047345614039238,0.9462900798703552,213471.0,86813.33333333331,19846.0,0.4066750674955067,0.0929681315026397,5329.0,12448.0,0.0,0.0,806.0,4353.0,0.0,0.0,4523.0,8095.0,0.0,0.0,0.1512478889097391,0.8487521110902608,0.3496947300771208,0.6503052699228792,0.0,0.0,0.0,0.0,baseline,male_P35,male,P35,1073094,ELA,MDMA,ELA_MDMA
3,inactive,1,blue,4,0-4,71.0,668.16,9.410704225352111,6433.92,7966.08,120.0,53.616,0.0838756326825741,0.0089127902305776,20.0,67.28,3.364,0.008445810235398,0.0025106451353739,27.0,85.12,3.1525925925925926,0.0106853056961516,0.0033893709327548,171.0,12076.68,70.6238596491228,1.5160128946734153,0.0214660159074475,,,,,,65.0,859.4,13.22153846153846,0.1078824214670201,0.0081595966899654,35.0,369.28,10.550857142857142,0.0463565517795452,0.0043936289869044,26.0,155.56,5.983076923076923,0.0195277978629388,0.0032638386759861,10.0,21.84,2.184,0.0027416244878283,0.0012553225676869,132.0,590.32,4.472121212121213,0.0741042018156985,0.0165702578934683,23.0,57.4,2.4956521739130433,0.0072055515385233,0.00288724190568,6.8,7.0,0.9714285714285714,0.0,0.0,0.0,0.0008536193460271,0.0008787257973808,0.0,0.0,1.0,0.0,1.0,0.0,232.49679852828947,7849.0,0.0296211999653827,0.00496808345693,1.958011049996288,0.026403541298108,0.9853026833775208,160968.0,130502.0,368.0,0.8107325679638189,0.002286168679489,30817.0,4471.0,3857.0,16775.0,5051.0,0.0,80.0,55.0,25766.0,4471.0,3777.0,16720.0,0.1639030405295778,0.8360969594704222,0.0,1.0,0.0207415089447757,0.9792584910552242,0.0032786885245901,0.99672131147541,baseline,male_P35,male,P35,1072482,CTRL,MDMA,CTRL_MDMA
3,inactive,1,blue,8,4-8,,,,1143.44,13256.56,1.0,1143.44,,,,,,,,,,,,,1.0,1143.44,1143.44,0.0862546542994562,7.54343509930178e-05,,,,,,,,,,,,,,,,,,,,,,,,,,,,,,,,,,,,,,,,,,,,,,,,,,,,,,,,,28587.0,28587.0,0.0,1.0,0.0,,,,,,,,,,,,,,,,,,,,,baseline,male_P35,male,P35,1072482,CTRL,MDMA,CTRL_MDMA
3,inactive,1,green,4,0-4,26.0,220.92,8.496923076923077,11796.48,2603.5200000000004,168.0,70.21714285714286,0.0848543510324483,0.0099864798426745,5.0,52.96,10.592,0.0203416912487708,0.001920476892822,7.0,38.88,5.554285714285714,0.014933628318584,0.0026886676499508,46.0,13855.2,301.2,5.3217182890855455,0.0176683874139626,,,,,,36.0,614.08,17.05777777777778,0.2358652900688298,0.0138274336283185,2.0,5.0,2.5,0.001920476892822,0.0007681907571288,1.0,1.36,1.36,0.0005223697148475,0.0003840953785644,3.0,14.28,4.76,0.0054848820058997,0.0011522861356932,26.0,84.28,3.2415384615384615,0.032371558505408,0.0099864798426745,5.0,11.76,2.352,0.0045169616519174,0.001920476892822,0.0,0.0,0.0,3.0,3.0,1.0,0.0,0.0,0.0011522861356932,0.0011522861356932,0.0,1.0,0.0,1.0,98.0461482257913,2454.0,0.0399536056339817,0.0075705376949655,2.097071561734755,0.0373158070778035,0.94257005899705,295080.0,212506.99999999997,4691.0,0.7201674122271925,0.0158973837603361,15515.0,395.0,2308.0,5549.0,4130.0,0.0,137.0,936.0,11385.0,395.0,2171.0,4613.0,0.2661940058008379,0.7338059941991621,0.0,1.0,0.0593587521663778,0.940641247833622,0.168679041268697,0.831320958731303,baseline,male_P35,male,P35,1072240,ELA,MDMA,ELA_MDMA
3,inactive,1,green,8,4-8,,,,1143.44,13256.56,1.0,1143.44,,,,,,,,,,,,,1.0,1143.44,1143.44,0.0862546542994562,7.54343509930178e-05,,,,,,,,,,,,,,,,,,,,,,,,,,,,,,,,,,,,,,,,,,,,,,,,,,,,,,,,,28587.0,28587.0,0.0,1.0,0.0,,,,,,,,,,,,,,,,,,,,,baseline,male_P35,male,P35,1072240,ELA,MDMA,ELA_MDMA
3,inactive,1,red,4,0-4,8.0,219.16,27.395,11457.6,2942.3999999999996,68.0,168.49411764705883,0.0744834148994018,0.0027188689505165,4.0,17.12,4.28,0.0058183795541054,0.0013594344752582,5.0,54.4,10.88,0.0184883088635127,0.0016992930940728,46.0,13811.68,300.2539130434783,4.694018488308864,0.0156334964654703,,,,,,6.0,196.52,32.75333333333334,0.0667890157694399,0.0020391517128874,18.0,546.84,30.380000000000003,0.1858482871125612,0.0061174551386623,5.0,75.88,15.175999999999998,0.0257884719956498,0.0016992930940728,4.0,31.6,7.9,0.0107395323545405,0.0013594344752582,51.0,211.28,4.1427450980392155,0.071805328983143,0.0173327895595432,13.0,33.36,2.566153846153846,0.0113376835236541,0.0044181620445894,0.0,0.0,0.0,1.6,2.0,0.8,0.0,0.0,0.0005437737901033,0.0006797172376291,0.0,1.0,0.0,1.0,59.83287224966121,2865.0,0.0208840740836513,0.0038539590572489,2.0368457516718768,0.0183954793924419,0.973694942903752,286508.0,205839.0,7491.0,0.7184406718137015,0.0261458667820793,18608.0,2696.0,1797.0,5487.0,6329.0,0.0,32.0,16.0,12279.0,2696.0,1765.0,5471.0,0.3401225279449699,0.6598774720550301,0.0,1.0,0.0178074568725653,0.9821925431274346,0.0029159832330964,0.9970840167669036,baseline,male_P35,male,P35,1072442,CTRL,MDMA,CTRL_MDMA
3,inactive,1,red,8,4-8,,,,1143.44,13256.56,1.0,1143.44,,,,,,,,,,,,,1.0,1143.44,1143.44,0.0862546542994562,7.54343509930178e-05,,,,,,,,,,,,,,,,,,,,,,,,,,,,,,,,,,,,,,,,,,,,,,,,,,,,,,,,,28587.0,28587.0,0.0,1.0,0.0,,,,,,,,,,,,,,,,,,,,,baseline,male_P35,male,P35,1072442,CTRL,MDMA,CTRL_MDMA
3,inactive,1,yellow,4,0-4,22.0,126.0,5.7272727272727275,12603.64,1796.3600000000006,114.0,110.55824561403509,0.0701418423923934,0.0122469883542274,4.0,19.72,4.93,0.0109777550156984,0.002226725155314,1.0,1.24,1.24,0.0006902847981473,0.0005566812888285,35.0,14221.56,406.3302857142857,7.916876349952123,0.0194838451089981,,,,,,39.0,282.68,7.248205128205129,0.1573626667260459,0.0217105702643122,3.0,19.0,6.333333333333333,0.0105769444877418,0.0016700438664855,11.0,47.44,4.3127272727272725,0.0264089603420249,0.0061234941771137,2.0,5.64,2.82,0.0031396824689928,0.001113362577657,12.0,33.68,2.806666666666666,0.0187490258077445,0.0066801754659422,1.0,2.08,2.08,0.0011578970807633,0.0005566812888285,0.0,0.0,0.0,2.2,2.0,1.1,0.0,0.0,0.0012246988354227,0.001113362577657,0.0,1.0,0.0,1.0,75.09282587807856,1690.0,0.0444336247799281,0.0124893606170634,2.1142599952590806,0.0385103878663697,0.9407913781201984,315205.0,225880.66666666663,3850.0,0.7166151129159329,0.0122142732507415,7584.0,1340.0,529.0,3172.0,1520.0,0.0,91.0,897.0,6064.0,1340.0,438.0,2275.0,0.20042194092827,0.79957805907173,0.0,1.0,0.1720226843100189,0.8279773156899811,0.2827868852459016,0.7172131147540983,baseline,male_P35,male,P35,1072421,ELA,MDMA,ELA_MDMA
3,inactive,1,yellow,8,4-8,,,,1143.44,13256.56,1.0,1143.44,,,,,,,,,,,,,1.0,1143.44,1143.44,0.0862546542994562,7.54343509930178e-05,,,,,,,,,,,,,,,,,,,,,,,,,,,,,,,,,,,,,,,,,,,,,,,,,,,,,,,,,28587.0,28587.0,0.0,1.0,0.0,,,,,,,,,,,,,,,,,,,,,baseline,male_P35,male,P35,1072421,ELA,MDMA,ELA_MDMA
3,inactive,2,blue,4,0-4,20.0,435.72,21.786,9282.2,5117.799999999999,80.0,116.0275,0.0851381452968072,0.0039079291883231,8.0,43.4,5.425,0.0084802063386611,0.0015631716753292,1.0,4.52,4.52,0.000883191996561,0.0001953964594161,65.0,13100.04,201.53907692307695,2.559701434210013,0.0127007698620501,,,,,,6.0,21.36,3.56,0.004173668373129,0.0011723787564969,82.0,505.52,6.164878048780488,0.0987768181640548,0.0160225096721247,7.0,46.84,6.691428571428572,0.0091523701590527,0.001367775215913,8.0,85.52,10.69,0.0167103052092696,0.0015631716753292,66.0,288.92,4.377575757575758,0.0564539450545156,0.0128961663214662,17.0,47.16,2.7741176470588234,0.0092148970260658,0.0033217398100746,4.4,5.0,0.8800000000000001,8.4,8.0,1.05,0.000859744421431,0.0009769822970807,0.0016413302590957,0.0015631716753292,0.34375,0.65625,0.3846153846153846,0.6153846153846154,87.58089972531067,4890.0,0.0179102044428038,0.0038079995334765,2.074879973270943,0.0162270630989963,0.955488686545,232135.0,221458.33333333337,916.0,0.954006648430152,0.0039459797100824,13260.0,3324.0,1207.0,10913.0,1289.0,233.0,0.0,582.0,11971.0,3091.0,1207.0,10331.0,0.097209653092006,0.902790346907994,0.0700962695547533,0.9299037304452468,0.0,1.0,0.053330889764501,0.9466691102354988,baseline,male_P35,male,P35,1072265,ELA,MDMA,ELA_MDMA
3,inactive,2,green,4,0-4,25.0,154.12,6.1648000000000005,10587.64,3812.3600000000006,120.0,88.23033333333333,0.0404264025433065,0.006557617853508,2.0,9.36,4.68,0.0024551721243534,0.0005246094282806,5.0,16.24,3.248,0.0042598285576388,0.0013115235707016,64.0,13583.56,212.243125,3.5630318228079187,0.0167875017049806,,,,,,19.0,553.6,29.13684210526316,0.1452118897480825,0.0049837895686661,40.0,365.04,9.126,0.0957517128497833,0.0104921885656129,12.0,93.88,7.823333333333333,0.0246251665634934,0.0031476565696838,6.0,90.2,15.033333333333331,0.023659885215457,0.0015738282848419,60.0,242.0,4.033333333333333,0.063477740821958,0.0157382828484193,6.0,16.96,2.8266666666666667,0.0044486879518198,0.0015738282848419,8.4,8.0,1.05,4.4,5.0,0.8800000000000001,0.0022033595987787,0.0020984377131225,0.0011541407422174,0.0013115235707016,0.65625,0.34375,0.6153846153846154,0.3846153846153846,99.59206342723104,3557.0,0.0279988932885102,0.0040552877743285,2.009013900088371,0.025559439406869,0.9330178681971272,264811.0,242821.3333333333,1391.0,0.9169609016745276,0.0052528029424759,23025.0,4620.0,647.0,3878.0,166.0,403.0,0.0,423.0,22859.0,4217.0,647.0,3455.0,0.0072095548317046,0.9927904451682952,0.0872294372294372,0.9127705627705628,0.0,1.0,0.1090768437338834,0.8909231562661165,baseline,male_P35,male,P35,1072254,ELA,MDMA,ELA_MDMA
3,inactive,2,red,4,0-4,6.0,13.6,2.2666666666666666,13815.16,584.8400000000001,25.0,552.6064,0.0232542233773339,0.0102592161958826,1.0,3.6,3.6,0.0061555297175295,0.0017098693659804,2.0,10.8,5.4,0.0184665891525887,0.0034197387319608,16.0,14187.88,886.7425,24.259421380206543,0.027357909855687,,,,,,7.0,82.08,11.725714285714286,0.1403460775596744,0.011969085561863,2.0,6.12,3.06,0.0104644005198002,0.0034197387319608,1.0,1.24,1.24,0.0021202380138157,0.0017098693659804,,,,,,8.0,32.84,4.105,0.0561521099787976,0.0136789549278435,,,,,,,,,,,,,,,,,,,,13.511765758450045,410.0,0.032955526240122,0.0080072534714593,1.9462443723987524,0.0306437679512818,0.7010464400519798,345404.0,273446.0,11233.0,0.7916700443538581,0.0325213373325149,2214.0,32.0,363.0,346.0,1093.0,0.0,0.0,26.0,1121.0,32.0,363.0,320.0,0.493676603432701,0.506323396567299,0.0,1.0,0.0,1.0,0.0751445086705202,0.9248554913294798,baseline,male_P35,male,P35,1072440,CTRL,MDMA,CTRL_MDMA
3,inactive,2,yellow,4,0-4,5.0,23.36,4.672,13528.84,871.1599999999999,119.0,113.68773109243698,0.0268148216171541,0.0057394738050415,1.0,1.32,1.32,0.0015152210845309,0.0011478947610083,,,,,,17.0,14179.32,834.0776470588235,16.276367142660362,0.0195142109371412,,,,,,2.0,8.72,4.36,0.0100096423159924,0.0022957895220166,1.0,2.04,2.04,0.0023417053124569,0.0011478947610083,2.0,15.8,7.9,0.0181367372239313,0.0022957895220166,1.0,2.76,2.76,0.0031681895403829,0.0011478947610083,8.0,29.84,3.73,0.0342531796684879,0.0091831580880664,,,,,,,,,,,,,,,,,,,,26.231353863676212,611.0,0.0429318393840854,0.0122451115760133,1.883490834367661,0.0363096494271952,0.701363698976078,338340.0,273615.6666666666,3858.0,0.8087003211759373,0.0114027309806703,272.0,467.0,34.0,589.0,30.0,170.0,0.0,319.0,242.0,297.0,34.0,270.0,0.1102941176470588,0.8897058823529411,0.3640256959314775,0.6359743040685225,0.0,1.0,0.5415959252971138,0.4584040747028862,baseline,male_P35,male,P35,1072468,CTRL,MDMA,CTRL_MDMA
3,inactive,3,blue,4,0-4,66.0,481.32,7.292727272727273,3295.88,11104.12,80.0,41.1985,0.0433460733493514,0.0059437398010828,36.0,139.52,3.875555555555555,0.0125647057128345,0.0032420398914997,30.0,89.56,2.9853333333333336,0.0080654747967421,0.0027016999095831,161.0,9705.64,60.283478260869565,0.8740575570148736,0.014499122848096,5.0,8.52,1.704,0.0007672827743216,0.0004502833182638,95.0,1844.56,19.416421052631577,0.166114919507354,0.0085553830470131,28.0,259.68,9.274285714285714,0.0233859144173513,0.0025215865822775,9.0,47.0,5.222222222222222,0.0042326631916802,0.0008105099728749,31.0,142.2,4.587096774193548,0.0128060575714239,0.0027917565732358,139.0,615.04,4.424748201438849,0.0553884504129998,0.012517876247735,37.0,94.6,2.5567567567567564,0.008519360381552,0.0033320965551525,6.2,6.0,1.0333333333333334,0.0,0.0,0.0,0.0005583513146471,0.0005403399819166,0.0,0.0,1.0,0.0,1.0,0.0,268.84655487757834,8364.0,0.0321432992440911,0.0056712835467128,2.0301697299232297,0.0284837239981773,0.7532339347917709,82477.0,67653.0,244.0,0.8202650435879093,0.0029584005237823,52729.0,4770.0,5793.0,12099.0,514.0,0.0,0.0,0.0,52215.0,4770.0,5793.0,12099.0,0.0097479565324584,0.9902520434675416,0.0,1.0,0.0,1.0,0.0,1.0,baseline,male_P35,male,P35,1072479,CTRL,saline,CTRL_saline
3,inactive,3,green,4,0-4,9.0,67.52,7.502222222222222,10407.88,3992.120000000001,169.0,61.58508875739645,0.0169133192389006,0.002254441249261,5.0,36.76,7.351999999999999,0.0092081400358706,0.0012524673607005,9.0,56.28,6.253333333333334,0.0140977726120457,0.002254441249261,29.0,11467.32,395.4248275862069,2.8724888029417945,0.0072643106920633,,,,,,32.0,134.76,4.21125,0.033756500305602,0.0080157911084837,2.0,6.72,3.36,0.0016833161327815,0.0005009869442802,2.0,25.04,12.52,0.0062723565423885,0.0005009869442802,3.0,10.16,3.3866666666666667,0.0025450136769435,0.0007514804164203,9.0,45.36,5.04,0.0113623838962756,0.002254441249261,1.0,2.04,2.04,0.0005110066831658,0.0002504934721401,0.0,0.0,0.0,2.0,2.0,1.0,0.0,0.0,0.0005009869442802,0.0005009869442802,0.0,1.0,0.0,1.0,47.16910664487273,1190.0,0.0396379047435905,0.0140849971359856,1.8805819890936688,0.0356573325037443,0.298087231846738,260366.0,186141.66666666663,340.0,0.7149230954374481,0.0013058540669672,3571.0,885.0,2340.0,1697.0,322.0,0.0,0.0,0.0,3249.0,885.0,2340.0,1697.0,0.0901708204984598,0.9098291795015402,0.0,1.0,0.0,1.0,0.0,1.0,baseline,male_P35,male,P35,1072415,ELA,saline,ELA_saline
3,inactive,3,red,4,0-4,2.0,10.6,5.3,11378.44,3021.5599999999995,26.0,437.63230769230773,0.0035081216325341,0.0006619097419875,2.0,16.6,8.3,0.0054938508584969,0.0006619097419875,2.0,8.24,4.12,0.0027270681369888,0.0006619097419875,9.0,11704.16,1300.4622222222222,3.873548762890693,0.0029785938389441,,,,,,9.0,75.2,8.355555555555556,0.0248878062987331,0.0029785938389441,3.0,29.48,9.826666666666666,0.0097565495968969,0.0009928646129813,2.0,24.92,12.46,0.0082473953851652,0.0006619097419875,2.0,14.44,7.22,0.0047789883371503,0.0006619097419875,7.0,34.6,4.942857142857143,0.0114510385363851,0.0023166840969565,2.0,4.28,2.14,0.0014164868478534,0.0006619097419875,0.0,0.0,0.0,0.8,1.0,0.8,0.0,0.0,0.000264763896795,0.0003309548709937,0.0,1.0,0.0,1.0,13.368511266214744,334.0,0.0400254828329782,0.0069655160414474,1.811801261244064,0.0363018365285653,0.1105389269119263,284487.0,195124.33333333328,3713.0,0.6858813700918962,0.0130515629888184,2629.0,988.0,625.0,267.0,212.0,0.0,0.0,0.0,2417.0,988.0,625.0,267.0,0.0806390262457208,0.9193609737542792,0.0,1.0,0.0,1.0,0.0,1.0,baseline,male_P35,male,P35,1072441,CTRL,saline,CTRL_saline
3,inactive,3,yellow,4,0-4,,,,10421.88,3978.120000000001,70.0,148.884,,,,,,,,,,,,,13.0,11702.6,900.2,2.941741325048012,0.0032678752777693,,,,,,39.0,330.8,8.482051282051282,0.0831548570681628,0.0098036258333081,,,,,,2.0,29.96,14.98,0.0075311956401516,0.0005027500427337,1.0,2.2,2.2,0.0005530250470071,0.0002513750213668,13.0,43.44,3.3415384615384616,0.0109197309281771,0.0032678752777693,,,,,,0.0,0.0,0.0,3.4,3.0,1.1333333333333333,0.0,0.0,0.0008546750726473,0.0007541250641006,0.0,1.0,0.0,1.0,27.710714991821774,1262.0,0.021957777331079,0.0037925922184947,2.139572316063139,0.0195128593210537,0.3172352769649985,260617.0,183659.66666666663,264.0,0.7047109999219798,0.0010129807341808,8309.0,807.0,0.0,0.0,20.0,0.0,0.0,0.0,8289.0,807.0,0.0,0.0,0.002407028523288,0.997592971476712,0.0,1.0,0.0,0.0,0.0,0.0,baseline,male_P35,male,P35,1072239,ELA,saline,ELA_saline
3,inactive,4,blue,4,0-4,5.0,126.32,25.264,11252.76,3147.24,94.0,119.71021276595744,0.040136754743839,0.0015886935854907,2.0,5.56,2.78,0.0017666272670657,0.0006354774341963,1.0,1.72,1.72,0.0005465105934088,0.0003177387170981,25.0,13300.36,532.0144,4.226039323343628,0.0079434679274538,,,,,,,,,,,23.0,749.92,32.60521739130434,0.238278618726249,0.0073079904932575,9.0,92.24,10.248888888888889,0.0293082192651338,0.0028596484538834,5.0,68.24,13.648,0.0216824900547781,0.0015886935854907,30.0,104.96,3.4986666666666664,0.0333498557466224,0.0095321615129446,10.0,24.56,2.456,0.0078036628919307,0.0031773871709815,16.0,12.0,1.3333333333333333,0.0,0.0,0.0,0.0050838194735704,0.0038128646051778,0.0,0.0,1.0,0.0,1.0,0.0,57.03686334829104,2186.0,0.0260918862526491,0.0030684738092032,2.1440199747546993,0.0232750845448427,0.6945768355765687,281413.0,241325.66666666663,19214.0,0.8575498170541753,0.0682768742026843,18771.0,4026.0,185.0,3163.0,88.0,30.0,47.0,295.0,18683.0,3996.0,138.0,2868.0,0.0046880826807309,0.995311917319269,0.007451564828614,0.992548435171386,0.254054054054054,0.745945945945946,0.0932658868163136,0.9067341131836864,baseline,male_P35,male,P35,1072480,CTRL,saline,CTRL_saline
3,inactive,4,blue,8,4-8,,,,1083.28,13316.72,4.0,270.82,,,,,,,,,,,,,2.0,1129.76,564.88,0.0848377077838987,0.0001501871331679,,,,,,,,,,,3.0,4.56,1.5199999999999998,0.0003424266636228,0.0002252806997518,1.0,1.04,1.04,7.809730924732218e-05,7.509356658396362e-05,,,,,,1.0,4.36,4.36,0.000327407950306,7.509356658396362e-05,,,,,,,,,,,,,,,,,,,,1.8882053975743032,44.0,0.0429137590357796,0.0033955951800764,1.632131983427886,0.049877804012723,0.0033041169296943,27086.0,20630.666666666664,38.0,0.761672696842157,0.0014029387875655,117.0,27.0,0.0,0.0,0.0,0.0,0.0,0.0,117.0,27.0,0.0,0.0,0.0,1.0,0.0,1.0,0.0,0.0,0.0,0.0,baseline,male_P35,male,P35,1072480,CTRL,saline,CTRL_saline
3,inactive,4,green,4,0-4,33.0,536.48,16.256969696969698,9647.72,4752.280000000001,90.0,107.19688888888888,0.1128889711885663,0.0069440352841162,9.0,35.24,3.915555555555556,0.0074153879821896,0.0018938278047589,8.0,22.12,2.765,0.0046546078934742,0.001683402493119,76.0,12572.6,165.42894736842106,2.6455932731236373,0.0159923236846313,1.0,2.28,2.28,0.0004797697105389,0.0002104253116398,3.0,5.08,1.6933333333333334,0.0010689605831306,0.0006312759349196,62.0,873.8,14.093548387096773,0.1838696373109328,0.0130463693216729,6.0,91.72,15.286666666666669,0.0193002095836103,0.0012625518698393,6.0,41.56,6.926666666666667,0.0087452759517536,0.0012625518698393,66.0,251.24,3.806666666666666,0.052867255296405,0.0138880705682325,10.0,25.28,2.528,0.0053195518782563,0.0021042531163988,2.6,2.0,1.3,13.0,9.0,1.4444444444444444,0.0005471058102637,0.0004208506232797,0.0027355290513185,0.0018938278047589,0.1666666666666666,0.8333333333333334,0.1818181818181818,0.8181818181818182,160.82006446127275,3802.0,0.0422988070650375,0.0067263747878688,2.1583630737379824,0.0412640326641106,0.8000370348548486,241283.0,228320.3333333333,777.0,0.9462760879686232,0.0032202848936725,22037.0,3344.0,1451.0,13445.0,246.0,391.0,402.0,3190.0,21791.0,2953.0,1049.0,10255.0,0.0111630439715024,0.9888369560284976,0.1169258373205741,0.8830741626794258,0.2770503101309441,0.7229496898690558,0.2372629230197099,0.76273707698029,baseline,male_P35,male,P35,1072255,ELA,saline,ELA_saline
3,inactive,4,green,8,4-8,2.0,15.36,7.68,789.32,13610.68,12.0,65.77666666666667,0.0011285255402375,0.0001469434297184,,,,,,1.0,12.08,12.08,0.0008875383154992,7.347171485921349e-05,18.0,1016.52,56.47333333333333,0.0746854675886877,0.0013224908674658,,,,,,,,,,,,,,,,,,,,,,,,,,,,,,,2.0,5.76,2.88,0.000423197077589,0.0001469434297184,1.8,1.0,1.8,0.0,0.0,0.0,0.0001322490867465,7.347171485921349e-05,0.0,0.0,1.0,0.0,1.0,0.0,17.657223673575718,333.0,0.0530246957164435,0.0271157412111603,1.8627408410129305,0.0446550908092026,0.024466081048118,19745.0,17334.0,0.0,0.8778931375031653,0.0,0.0,0.0,303.0,386.0,0.0,0.0,0.0,74.0,0.0,0.0,303.0,312.0,0.0,0.0,0.0,0.0,0.0,1.0,0.1917098445595854,0.8082901554404145,baseline,male_P35,male,P35,1072255,ELA,saline,ELA_saline
3,inactive,4,red,4,0-4,38.0,266.36,7.009473684210526,11489.44,2910.5599999999995,28.0,410.3371428571429,0.0915150349073718,0.0130559067670826,11.0,36.04,3.2763636363636364,0.0123824968390962,0.0037793414325765,6.0,27.72,4.62,0.0095239404100929,0.0020614589632235,55.0,12892.76,234.4138181818182,4.4296492771150575,0.0188967071628827,,,,,,,,,,,31.0,524.24,16.910967741935483,0.1801165411467209,0.0106508713099884,5.0,32.04,6.4079999999999995,0.0110081908636138,0.0017178824693529,5.0,43.96,8.792,0.0151036226705513,0.0017178824693529,34.0,150.76,4.434117647058823,0.0517975922159309,0.0116816007916002,4.0,9.96,2.49,0.0034220218789511,0.0013743059754823,0.0,0.0,0.0,4.2,4.0,1.05,0.0,0.0,0.0014430212742565,0.0013743059754823,0.0,1.0,0.0,1.0,71.05775131121234,2012.0,0.0353169738127297,0.0076727417314408,2.01493077143428,0.0296693131131964,0.691275905667638,287264.0,253841.0,5038.0,0.8836505792581041,0.0175378745683413,13137.0,1910.0,1611.0,6697.0,89.0,0.0,112.0,2012.0,13048.0,1910.0,1499.0,4685.0,0.0067747583162061,0.993225241683794,0.0,1.0,0.0695220360024829,0.930477963997517,0.3004330297147977,0.6995669702852023,baseline,male_P35,male,P35,1072419,ELA,saline,ELA_saline
3,inactive,4,red,8,4-8,4.0,29.28,7.32,707.72,13692.28,9.0,78.63555555555556,0.0021384312912093,0.0002921354222963,1.0,3.64,3.64,0.0002658432342896,7.303385557408992e-05,,,,,,12.0,1055.44,87.95333333333333,0.0770828525271174,0.000876406266889,1.0,2.24,2.24,0.0001635958364859,7.303385557408992e-05,,,,,,4.0,199.72,49.93,0.0145863216352572,0.0002921354222963,2.0,12.72,6.36,0.0009289906429024,0.0001460677111481,,,,,,12.0,46.32,3.86,0.0033829281901918,0.000876406266889,,,,,,0.0,0.0,0.0,1.8,1.0,1.8,0.0,0.0,0.0001314609400333,7.303385557408992e-05,0.0,1.0,0.0,1.0,11.398583718624767,417.0,0.0273347331381888,0.0034294343762613,2.051459093443574,0.022851657699323,0.0304551177743954,17702.0,15962.0,0.0,0.9017060219184272,0.0,4997.0,320.0,92.0,736.0,0.0,0.0,0.0,74.0,4997.0,320.0,92.0,662.0,0.0,1.0,0.0,1.0,0.0,1.0,0.1005434782608695,0.8994565217391305,baseline,male_P35,male,P35,1072419,ELA,saline,ELA_saline
3,inactive,4,yellow,4,0-4,17.0,147.2,8.658823529411764,11614.4,2785.6000000000004,67.0,173.34925373134328,0.0528431935669155,0.0061028144744399,18.0,61.12,3.395555555555555,0.0219414129810453,0.0064618035611717,7.0,21.48,3.0685714285714285,0.0077110855829982,0.0025129236071223,36.0,13365.44,371.26222222222225,4.798047099368179,0.0129236071223434,2.0,2.92,1.46,0.0010482481332567,0.0007179781734635,1.0,15.56,15.56,0.0055858701895462,0.0003589890867317,48.0,217.24,4.525833333333334,0.0779867892016082,0.0172314761631246,4.0,20.8,5.2,0.0074669730040206,0.001435956346927,7.0,92.68,13.24,0.0332711085582998,0.0025129236071223,23.0,79.16,3.441739130434782,0.0284175761056863,0.0082567489948305,1.0,2.28,2.28,0.0008184951177484,0.0003589890867317,0.0,0.0,0.0,1.4,1.0,1.4,0.0,0.0,0.0005025847214244,0.0003589890867317,0.0,1.0,0.0,1.0,84.50015551738385,1859.0,0.0454546291110187,0.011216332046068,2.1398303699215036,0.0431601602222764,0.667360712234348,290427.0,255977.0,4256.0,0.8813815519906896,0.0146542848977539,5869.0,2848.0,2090.0,3697.0,157.0,421.0,328.0,1734.0,5712.0,2427.0,1762.0,1963.0,0.0267507241438064,0.9732492758561936,0.1478230337078651,0.8521769662921348,0.1569377990430622,0.8430622009569378,0.4690289423857181,0.5309710576142819,baseline,male_P35,male,P35,1072469,CTRL,saline,CTRL_saline
3,inactive,4,yellow,8,4-8,,,,1120.6,13279.4,17.0,65.91764705882352,,,,,,,,,,,,,1.0,1132.8,1132.8,0.0853050589635073,7.530460713586457e-05,,,,,,,,,,,,,,,,,,,,,,,,,,,,,,,,,,,,,,,,,,,,,,,,,,0.0159363285691199,5.0,0.0031872657138239,0.001110285497786,0.7488979002380848,0.0040866685439778,0.0003765230356793,28032.0,21301.999999999996,0.0,0.7599172374429223,0.0,,,,,,,,,,,,,,,,,,,,,baseline,male_P35,male,P35,1072469,CTRL,saline,CTRL_saline
3,inactive,5,blue,4,0-4,12.0,588.76,49.06333333333333,11815.88,2584.120000000001,77.0,153.452987012987,0.2278377165147128,0.0046437471944027,2.0,7.28,3.64,0.0028172066312709,0.0007739578657337,2.0,9.64,4.82,0.0037304769128368,0.0007739578657337,44.0,13198.56,299.9672727272727,5.10756466417968,0.0170270730461433,,,,,,16.0,318.16,19.885,0.1231212172809312,0.0061916629258703,7.0,464.16,66.30857142857143,0.1796201414794978,0.0027088525300682,4.0,9.36,2.34,0.0036221228116341,0.0015479157314675,1.0,31.32,31.32,0.0121201801773911,0.0003869789328668,44.0,191.84,4.36,0.074238038481185,0.0170270730461433,5.0,15.72,3.144,0.0060833088246675,0.0019348946643344,2.8,3.0,0.9333333333333332,0.0,0.0,0.0,0.0010835410120273,0.0011609367986006,0.0,0.0,1.0,0.0,1.0,0.0,44.37489521361008,2149.0,0.020649090373946,0.0033187442876938,2.2126580797856925,0.0171102225287588,0.8316177267309565,295474.0,221573.66666666663,6285.0,0.7498922635042902,0.0212709070848873,19581.0,1022.0,427.0,14731.0,9567.0,0.0,27.0,1232.0,10014.0,1022.0,400.0,13499.0,0.4885858740615903,0.5114141259384097,0.0,1.0,0.063231850117096,0.936768149882904,0.083633154571991,0.916366845428009,baseline,male_P35,male,P35,1073127,CTRL,saline,CTRL_saline
3,inactive,5,blue,8,4-8,,,,1070.8,13329.2,1.0,1070.8,,,,,,,,,,,,,1.0,1070.8,1070.8,0.0803349038201842,7.502325720973501e-05,,,,,,,,,,,,,,,,,,,,,,,,,,,,,,,,,,,,,,,,,,,,,,,,,,,,,,,,,26771.0,26771.0,0.0,1.0,0.0,,,,,,,,,,,,,,,,,,,,,baseline,male_P35,male,P35,1073127,CTRL,saline,CTRL_saline
3,inactive,5,green,4,0-4,38.0,168.36,4.430526315789474,9621.48,4778.52,361.0,26.65229916897507,0.0352326661811606,0.0079522529988364,8.0,41.48,5.185,0.0086805119576772,0.0016741585260708,11.0,56.84,5.167272727272728,0.0118948963277332,0.0023019679733473,58.0,13689.8,236.0310344827586,2.8648619237755617,0.0121376493140135,4.0,8.56,2.14,0.0017913496228957,0.0008370792630354,23.0,99.8,4.339130434782609,0.0208851276127336,0.0048132057624536,106.0,961.16,9.06754716981132,0.2011417761147803,0.0221826004704385,5.0,46.92,9.384,0.0098189397554054,0.0010463490787942,8.0,117.72,14.715,0.0246352427111323,0.0016741585260708,26.0,78.92,3.0353846153846153,0.0165155738596887,0.0054410152097302,1.0,1.96,1.96,0.0004101688388873,0.0002092698157588,0.0,0.0,0.0,0.8,1.0,0.8,0.0,0.0,0.000167415852607,0.0002092698157588,0.0,1.0,0.0,1.0,173.84916925626726,4071.0,0.0427042911462213,0.007053985453568,2.150703462092999,0.0409427322067888,0.8519374199542954,240898.0,202658.0,4951.0,0.8412606165264966,0.0205522669345532,26653.0,4129.0,2477.0,4247.0,3077.0,1933.0,1781.0,3073.0,23576.0,2196.0,696.0,1174.0,0.1154466664165384,0.8845533335834616,0.4681520949382417,0.5318479050617583,0.7190149374243036,0.2809850625756964,0.7235695785260183,0.2764304214739816,baseline,male_P35,male,P35,1073091,ELA,saline,ELA_saline
3,inactive,5,green,8,4-8,,,,1070.8,13329.2,1.0,1070.8,,,,,,,,,,,,,1.0,1070.8,1070.8,0.0803349038201842,7.502325720973501e-05,,,,,,,,,,,,,,,,,,,,,,,,,,,,,,,,,,,,,,,,,,,,,,,,,,,,,,,,,26771.0,26771.0,0.0,1.0,0.0,,,,,,,,,,,,,,,,,,,,,baseline,male_P35,male,P35,1073091,ELA,saline,ELA_saline
3,inactive,5,red,4,0-4,6.0,39.2,6.533333333333334,12484.24,1915.76,90.0,138.71377777777778,0.0204618532592809,0.003131916315196,,,,,,,,,,,43.0,13692.68,318.43441860465117,7.147387981793127,0.022445400258905,,,,,,11.0,119.48,10.86181818181818,0.0623668935566041,0.0057418465778594,,,,,,7.0,35.48,5.0685714285714285,0.0185200651438593,0.0036539023677287,1.0,23.32,23.32,0.012172714745062,0.0005219860525326,24.0,73.52,3.063333333333333,0.0383764145822023,0.0125276652607842,3.0,7.84,2.6133333333333333,0.0040923706518561,0.001565958157598,,,,,,,,,,,,,,,27.378675816371793,1458.0,0.0187782413006665,0.0042539305606029,2.0215832926285366,0.0164309484930298,0.7610556645926421,312196.0,222521.99999999997,17384.0,0.7127637766018782,0.0556829683916514,2998.0,1478.0,0.0,986.0,1480.0,0.0,0.0,159.0,1518.0,1478.0,0.0,827.0,0.4936624416277518,0.5063375583722481,0.0,1.0,0.0,0.0,0.1612576064908722,0.8387423935091278,baseline,male_P35,male,P35,1073117,CTRL,saline,CTRL_saline
3,inactive,5,red,8,4-8,,,,1070.8,13329.2,1.0,1070.8,,,,,,,,,,,,,1.0,1070.8,1070.8,0.0803349038201842,7.502325720973501e-05,,,,,,,,,,,,,,,,,,,,,,,,,,,,,,,,,,,,,,,,,,,,,,,,,,,,,,,,,26771.0,26771.0,0.0,1.0,0.0,,,,,,,,,,,,,,,,,,,,,baseline,male_P35,male,P35,1073117,CTRL,saline,CTRL_saline
3,inactive,5,yellow,4,0-4,38.0,521.8,13.73157894736842,7368.6,7031.4,121.0,60.897520661157024,0.0742099724094774,0.0054043291520892,8.0,93.52,11.69,0.0133003384816679,0.0011377535057029,6.0,89.0,14.833333333333334,0.0126575077509457,0.0008533151292772,139.0,12617.96,90.776690647482,1.7945160281025117,0.0197684671615894,,,,,,51.0,1261.52,24.735686274509803,0.1794123503143044,0.0072531785988565,108.0,622.84,5.767037037037038,0.0885797991865062,0.0153596723269903,1.0,23.56,23.56,0.0033506840742953,0.0001422191882128,15.0,133.36,8.890666666666668,0.0189663509400688,0.0021332878231931,60.0,212.36,3.5393333333333334,0.0302016668088858,0.0085331512927724,3.0,7.32,2.44,0.0010410444577182,0.0004266575646386,0.0,0.0,0.0,2.0,2.0,1.0,0.0,0.0,0.0002844383764257,0.0002844383764257,0.0,1.0,0.0,1.0,148.98634535488753,6547.0,0.0227564297166469,0.0035559900555239,2.2659645670625452,0.020941447454418,0.931109025229684,184336.0,171339.0,1527.0,0.9294928825622776,0.0082837861296762,47268.0,3939.0,4577.0,13083.0,10334.0,1933.0,1808.0,3595.0,36934.0,2006.0,2769.0,9488.0,0.2186257087247186,0.7813742912752814,0.4907336887534907,0.5092663112465092,0.3950185711164518,0.6049814288835482,0.2747840709317435,0.7252159290682565,baseline,male_P35,male,P35,1073101,ELA,saline,ELA_saline
3,inactive,5,yellow,8,4-8,,,,1070.8,13329.2,1.0,1070.8,,,,,,,,,,,,,1.0,1070.8,1070.8,0.0803349038201842,7.502325720973501e-05,,,,,,,,,,,,,,,,,,,,,,,,,,,,,,,,,,,,,,,,,,,,,,,,,,,,,,,,,26771.0,26771.0,0.0,1.0,0.0,,,,,,,,,,,,,,,,,,,,,baseline,male_P35,male,P35,1073101,ELA,saline,ELA_saline
3,inactive,6,blue,4,0-4,,,,12738.56,1661.4400000000005,46.0,276.92521739130433,,,,,,,,,,,,,17.0,13374.84,786.755294117647,8.050149268104775,0.0102320878274268,,,,,,21.0,216.44,10.306666666666668,0.130272534668721,0.0126396379044684,,,,,,1.0,15.36,15.36,0.0092449922958397,0.0006018875192604,2.0,30.72,15.36,0.0184899845916795,0.0012037750385208,11.0,29.0,2.636363636363636,0.0174547380585516,0.0066207627118644,1.0,2.64,2.64,0.0015889830508474,0.0006018875192604,,,,,,,,,,,,,,,12.572685352354457,706.0,0.0178083361931366,0.0030147363109126,2.0422578187142544,0.0163547207121135,0.4249325885978427,318510.0,283218.6666666666,3207.0,0.8891986646154489,0.0100687576528209,5432.0,1155.0,0.0,0.0,0.0,70.0,0.0,0.0,5432.0,1085.0,0.0,0.0,0.0,1.0,0.0606060606060606,0.9393939393939394,0.0,0.0,0.0,0.0,baseline,male_P35,male,P35,1073092,ELA,saline,ELA_saline
3,inactive,6,blue,8,4-8,,,,468.52,13931.48,1.0,468.52,,,,,,,,,,,,,1.0,468.52,468.52,0.0336303106346203,7.177988268295974e-05,,,,,,,,,,,,,,,,,,,,,,,,,,,,,,,,,,,,,,,,,,,,,,,,,,,,,,,,,11714.0,10334.333333333332,0.0,0.8822207045700301,0.0,,,,,,,,,,,,,,,,,,,,,baseline,male_P35,male,P35,1073092,ELA,saline,ELA_saline
3,inactive,6,green,4,0-4,1.0,10.24,10.24,12444.12,1955.8799999999992,116.0,107.27689655172416,0.0052354950201443,0.0005112788105609,,,,,,2.0,6.96,3.48,0.0035585005215043,0.0010225576211219,30.0,13298.8,443.2933333333333,6.799394645888298,0.0153383643168292,,,,,,17.0,156.8,9.223529411764709,0.0801685174959609,0.0086917397795365,,,,,,3.0,36.28,12.093333333333334,0.0185491952471521,0.0015338364316829,1.0,14.2,14.2,0.0072601591099658,0.0005112788105609,11.0,46.12,4.192727272727272,0.0235801787430721,0.0056240669161707,3.0,8.0,2.6666666666666665,0.0040902304844878,0.0015338364316829,,,,,,,,,,,,,,,26.466563525638172,951.0,0.0278302455579791,0.0066269476813142,2.030694907289325,0.0216024127851925,0.4862261488434875,311219.0,281830.0,893.0,0.905568104775094,0.0028693620890755,3937.0,1266.0,176.0,257.0,37.0,113.0,0.0,0.0,3900.0,1153.0,176.0,257.0,0.0093980187960375,0.9906019812039624,0.089257503949447,0.9107424960505528,0.0,1.0,0.0,1.0,baseline,male_P35,male,P35,1073102,ELA,saline,ELA_saline
3,inactive,6,green,8,4-8,,,,458.4,13941.6,11.0,41.67272727272727,,,,,,,,,,,,,1.0,468.52,468.52,0.033605898892523,7.172777873414816e-05,,,,,,,,,,,,,,,,,,,,,,,,,,,,,,,,,,,,,,,,,,,,,,,,,,0.0569226140967035,3.0,0.0189742046989011,0.0148428146356783,0.650295836608188,0.0221338554589032,0.0002151833362024,11471.0,10233.666666666668,0.0,0.8921337866503939,0.0,,,,,,,,,,,,,,,,,,,,,baseline,male_P35,male,P35,1073102,ELA,saline,ELA_saline
3,inactive,6,red,4,0-4,20.0,457.24,22.862,10341.4,4058.6,26.0,397.74615384615385,0.1126595377716454,0.0049278076183905,7.0,39.2,5.6000000000000005,0.0096585029320455,0.0017247326664367,6.0,17.36,2.893333333333333,0.004277337012763,0.0014783422855171,57.0,12216.68,214.32771929824565,3.0100724387719904,0.0140442517124131,2.0,3.24,1.62,0.0007983048341792,0.000492780761839,46.0,694.68,15.10173913043478,0.1711624698171783,0.0113339575222983,8.0,33.4,4.175,0.0082294387227122,0.0019711230473562,11.0,92.64,8.421818181818182,0.0228256048883851,0.0027102941901148,6.0,36.2,6.033333333333334,0.0089193317892869,0.0014783422855171,52.0,204.12,3.925384615384615,0.0502932045532942,0.0128122998078155,13.0,35.64,2.7415384615384615,0.008781353175972,0.0032030749519538,,,,,,,,,,,,,,,79.41211744161417,3121.0,0.0254444464728017,0.0049796262749753,2.0888335304911454,0.0219038345577437,0.7689843788498497,258561.0,248456.66666666663,446.0,0.9609208916529044,0.0017249314475114,18256.0,3238.0,1427.0,11451.0,31.0,43.0,0.0,0.0,18225.0,3195.0,1427.0,11451.0,0.0016980718667835,0.9983019281332164,0.0132798023471278,0.986720197652872,0.0,1.0,0.0,1.0,baseline,male_P35,male,P35,1073128,CTRL,saline,CTRL_saline
3,inactive,6,red,8,4-8,,,,409.12,13990.88,2.0,204.56,,,,,,,,,,,,,2.0,465.76,232.88,0.0332902576535571,0.0001429502647438,,,,,,3.0,39.16,13.053333333333333,0.0027989661836853,0.0002144253971158,,,,,,1.0,2.0,2.0,0.0001429502647438,7.147513237194515e-05,,,,,,,,,,,,,,,,,,,,,,,,,,,,,,0.3458982106224996,57.0,0.0060683896600438,0.0022846520179485,1.959244151640616,0.005316395118338,0.0040740825452008,10230.0,9345.0,0.0,0.9134897360703812,0.0,982.0,51.0,0.0,0.0,0.0,0.0,0.0,0.0,982.0,51.0,0.0,0.0,0.0,1.0,0.0,1.0,0.0,0.0,0.0,0.0,baseline,male_P35,male,P35,1073128,CTRL,saline,CTRL_saline
3,inactive,6,yellow,4,0-4,1.0,2.68,2.68,12723.96,1676.0400000000009,143.0,88.97874125874125,0.0015990071835994,0.0005966444714923,,,,,,,,,,,9.0,13460.36,1495.5955555555556,8.031049378296457,0.0053698002434309,,,,,,23.0,174.2,7.57391304347826,0.1039354669339633,0.0137228228443235,,,,,,2.0,4.76,2.38,0.0028400276843034,0.0011932889429846,1.0,10.88,10.88,0.0064914918498365,0.0005966444714923,5.0,15.56,3.112,0.0092837879764206,0.0029832223574616,,,,,,,,,,,,,,,,,,,,16.176593555457497,637.0,0.0253949663350981,0.0059485113468559,1.982796125263114,0.0221731045619147,0.3800625283406122,318242.0,282874.0,1986.0,0.8888644490670622,0.006240533933296,4378.0,394.0,0.0,68.0,6.0,0.0,0.0,0.0,4372.0,394.0,0.0,68.0,0.0013704888076747,0.9986295111923252,0.0,1.0,0.0,0.0,0.0,1.0,baseline,male_P35,male,P35,1073137,CTRL,saline,CTRL_saline
3,inactive,6,yellow,8,4-8,,,,371.56,14028.44,13.0,28.58153846153846,,,,,,,,,,,,,1.0,468.52,468.52,0.0333978689006047,7.128376355460763e-05,,,,,,,,,,,,,,,,1.0,23.68,23.68,0.0016879995209731,7.128376355460763e-05,,,,,,2.0,8.96,4.48,0.0006387025214492,0.0001425675271092,,,,,,,,,,,,,,,,,,,,2.357956551104259,83.0,0.0284091150735452,0.004806696820357,2.042600790455372,0.0143061169563233,0.0059165523750324,9302.0,8787.666666666666,0.0,0.9447072314197664,0.0,0.0,593.0,0.0,0.0,0.0,0.0,0.0,0.0,0.0,593.0,0.0,0.0,0.0,0.0,0.0,1.0,0.0,0.0,0.0,0.0,baseline,male_P35,male,P35,1073137,CTRL,saline,CTRL_saline
3,inactive,7,blue,4,0-4,,,,13045.0,1355.0,53.0,246.1320754716981,,,1.0,4.08,4.08,0.0030110701107011,0.0007380073800738,1.0,3.64,3.64,0.0026863468634686,0.0007380073800738,6.0,13690.0,2281.6666666666665,10.103321033210332,0.0044280442804428,,,,,,,,,,,25.0,195.12,7.8048,0.144,0.018450184501845,3.0,30.4,10.133333333333333,0.0224354243542435,0.0022140221402214,,,,,,13.0,44.0,3.3846153846153846,0.0324723247232472,0.0095940959409594,1.0,2.16,2.16,0.0015940959409594,0.0007380073800738,0.0,0.0,0.0,1.8,1.0,1.8,0.0,0.0,0.0013284132841328,0.0007380073800738,0.0,1.0,0.0,1.0,14.523900064918276,599.0,0.0242469116275764,0.0032331881200721,2.002530867763138,0.020281553647084,0.4420664206642066,326178.0,269643.6666666666,14956.0,0.826676436383406,0.0458522647143584,4903.0,763.0,195.0,0.0,0.0,26.0,73.0,0.0,4903.0,737.0,122.0,0.0,0.0,1.0,0.0340760157273918,0.9659239842726082,0.3743589743589743,0.6256410256410256,0.0,0.0,baseline,male_P35,male,P35,1073149,ELA,MDMA,ELA_MDMA
3,inactive,7,blue,8,4-8,,,,1137.04,13262.96,1.0,1137.04,,,,,,,,,,,,,1.0,1137.04,1137.04,0.0857304855024821,7.539795038211682e-05,,,,,,,,,,,,,,,,,,,,,,,,,,,,,,,,,,,,,,,,,,,,,,,,,,,,,,,,,28427.0,28427.0,0.0,1.0,0.0,,,,,,,,,,,,,,,,,,,,,baseline,male_P35,male,P35,1073149,ELA,MDMA,ELA_MDMA
3,inactive,7,green,4,0-4,1.0,2.4,2.4,12566.04,1833.9599999999991,167.0,75.24574850299402,0.001308643590918,0.0005452681628825,1.0,2.44,2.44,0.0013304543174333,0.0005452681628825,1.0,3.04,3.04,0.0016576152151628,0.0005452681628825,7.0,13667.56,1952.5085714285713,7.452485332286422,0.0038168771401775,,,,,,22.0,134.2,6.1,0.0731749874588322,0.0119958995834151,3.0,3.92,1.3066666666666666,0.0021374511984994,0.0016358044886475,5.0,51.4,10.28,0.0280267835721608,0.0027263408144125,2.0,3.28,1.64,0.0017884795742546,0.001090536325765,12.0,37.68,3.14,0.0205457043774128,0.00654321795459,2.0,4.52,2.26,0.0024646120962289,0.001090536325765,,,,,,,,,,,,,,,49.721705431685855,982.0,0.0506331012542625,0.0065955005210719,2.094203245225055,0.0430636319462914,0.5354533359506207,314318.0,272827.3333333333,700.0,0.8679978026499702,0.0022270439491215,3478.0,1374.0,139.0,61.0,89.0,174.0,130.0,59.0,3389.0,1200.0,9.0,2.0,0.0255894192064404,0.9744105807935596,0.1266375545851528,0.8733624454148472,0.935251798561151,0.0647482014388489,0.9672131147540984,0.0327868852459016,baseline,male_P35,male,P35,1073093,ELA,MDMA,ELA_MDMA
3,inactive,7,green,8,4-8,,,,1137.04,13262.96,1.0,1137.04,,,,,,,,,,,,,1.0,1137.04,1137.04,0.0857304855024821,7.539795038211682e-05,,,,,,,,,,,,,,,,,,,,,,,,,,,,,,,,,,,,,,,,,,,,,,,,,,,,,,,,,28427.0,28427.0,0.0,1.0,0.0,,,,,,,,,,,,,,,,,,,,,baseline,male_P35,male,P35,1073093,ELA,MDMA,ELA_MDMA
3,inactive,7,red,4,0-4,38.0,734.92,19.34,8788.04,5611.959999999999,51.0,172.3145098039216,0.1309560296224492,0.0067712528243251,22.0,94.44,4.292727272727273,0.016828345177086,0.0039201990035566,7.0,43.24,6.177142857142857,0.0077049729506268,0.0012473360465862,100.0,11609.72,116.0972,2.0687460352532807,0.0178190863798031,,,,,,21.0,237.04,11.287619047619048,0.0422383623546853,0.0037420081397586,26.0,320.08,12.31076923076923,0.0570353316844738,0.0046329624587488,7.0,65.4,9.342857142857143,0.0116536824923912,0.0012473360465862,4.0,58.96,14.74,0.0105061333295319,0.0007127634551921,97.0,401.16,4.135670103092783,0.0714830469212182,0.017284513788409,16.0,39.12,2.445,0.0069708265917789,0.0028510538207685,1.8,1.0,1.8,0.0,0.0,0.0,0.0003207435548364,0.000178190863798,0.0,0.0,1.0,0.0,1.0,0.0,121.19650649282949,4857.0,0.02495295583546,0.0046557643747556,2.125969930274383,0.0224415379059892,0.8654730254670384,219752.0,214242.0,0.0,0.9749262805344208,0.0,13975.0,3120.0,3471.0,18411.0,53.0,64.0,31.0,0.0,13922.0,3056.0,3440.0,18411.0,0.0037924865831842,0.9962075134168158,0.0205128205128205,0.9794871794871794,0.0089311437626044,0.9910688562373956,0.0,1.0,baseline,male_P35,male,P35,1073138,CTRL,MDMA,CTRL_MDMA
3,inactive,7,red,8,4-8,,,,1137.04,13262.96,1.0,1137.04,,,,,,,,,,,,,1.0,1137.04,1137.04,0.0857304855024821,7.539795038211682e-05,,,,,,,,,,,,,,,,,,,,,,,,,,,,,,,,,,,,,,,,,,,,,,,,,,,,,,,,,28427.0,28427.0,0.0,1.0,0.0,,,,,,,,,,,,,,,,,,,,,baseline,male_P35,male,P35,1073138,CTRL,MDMA,CTRL_MDMA
3,inactive,7,yellow,4,0-4,1.0,2.68,2.68,12507.64,1892.3600000000008,109.0,114.74899082568808,0.0014162210150288,0.0005284406772495,2.0,3.44,1.72,0.0018178359297385,0.0010568813544991,,,,,,8.0,13683.76,1710.47,7.2310554017206,0.0042275254179965,,,,,,9.0,67.2,7.466666666666667,0.0355112135111712,0.0047559660952461,6.0,46.8,7.8,0.0247310236952799,0.0031706440634974,4.0,21.6,5.4,0.0114143186285907,0.0021137627089982,3.0,48.52,16.173333333333336,0.0256399416601492,0.0015853220317487,17.0,91.44,5.378823529411765,0.0483206155277008,0.0089834915132427,,,,,,,,,,,,,,,,,,,,37.50869242479694,1087.0,0.0345066167661425,0.0072443844461776,2.108903593977235,0.0315904198628746,0.5744150161702845,312800.0,272539.6666666667,481.0,0.8712904944586531,0.0015377237851662,2865.0,1760.0,88.0,68.0,142.0,84.0,88.0,59.0,2723.0,1676.0,0.0,9.0,0.0495636998254799,0.95043630017452,0.0477272727272727,0.9522727272727272,1.0,0.0,0.8676470588235294,0.1323529411764706,baseline,male_P35,male,P35,1073118,CTRL,MDMA,CTRL_MDMA
3,inactive,7,yellow,8,4-8,,,,1137.04,13262.96,1.0,1137.04,,,,,,,,,,,,,1.0,1137.04,1137.04,0.0857304855024821,7.539795038211682e-05,,,,,,,,,,,,,,,,,,,,,,,,,,,,,,,,,,,,,,,,,,,,,,,,,,,,,,,,,28427.0,28427.0,0.0,1.0,0.0,,,,,,,,,,,,,,,,,,,,,baseline,male_P35,male,P35,1073118,CTRL,MDMA,CTRL_MDMA
3,inactive,8,blue,4,0-4,69.0,816.72,11.836521739130434,4907.92,9492.08,276.0,17.78231884057971,0.0860422583880456,0.0072692181271122,2.0,9.32,4.66,0.0009818712020969,0.0002107019746989,2.0,14.04,7.02,0.0014791278623863,0.0002107019746989,68.0,13346.84,196.27705882352944,1.406102771995179,0.0071638671397628,,,,,,,,,,,127.0,712.48,5.610078740157481,0.0750604714667385,0.0133795753933805,,,,,,56.0,481.4,8.596428571428572,0.0507159653100268,0.0058996552915693,90.0,593.48,6.594222222222222,0.0625237039721536,0.0094815888614508,12.0,32.88,2.74,0.00346394046405,0.0012642118481934,0.8,1.0,0.8,3.6,4.0,0.9,8.428078987956276e-05,0.0001053509873494,0.000379263554458,0.0004214039493978,0.1818181818181818,0.8181818181818181,0.2,0.8,139.08494300140555,9255.0,0.0150280867640632,0.0035877356606016,2.1850007073330433,0.0141571794624435,0.9750233879191916,122974.0,35143.0,40100.0,0.2857758550587929,0.326085188739083,17939.0,12091.0,588.0,20487.0,1412.0,1647.0,67.0,10267.0,16527.0,10444.0,521.0,10220.0,0.0787111879145994,0.9212888120854004,0.1362170209246547,0.8637829790753453,0.1139455782312925,0.8860544217687075,0.5011470688729438,0.4988529311270562,baseline,male_P35,male,P35,1073150,ELA,MDMA,ELA_MDMA
3,inactive,8,blue,8,4-8,,,,,,,,,,,,,,,,,,,,1.0,1142.68,1142.68,,,,,,,,,,,,,,,,,,,,,,,3.0,5.04,1.68,,,,,,,,7.0,43.88,6.268571428571429,,,,,,,,,,,,,,,,,7.061695428786686,1142.0,0.0061836212161004,0.0014280849919413,2.226254405467763,0.00616680278978,,,,,,,0.0,129.0,0.0,0.0,0.0,32.0,0.0,0.0,0.0,97.0,0.0,0.0,0.0,0.0,0.2480620155038759,0.751937984496124,0.0,0.0,0.0,0.0,baseline,male_P35,male,P35,1073150,ELA,MDMA,ELA_MDMA
3,inactive,8,green,4,0-4,113.0,962.96,8.521769911504425,475.6,13924.4,48.0,9.908333333333331,0.0691563011691706,0.0081152509264313,32.0,192.6,6.01875,0.0138318347648731,0.0022981241561575,35.0,147.48,4.2137142857142855,0.010591479704691,0.0025135732957973,144.0,12380.92,85.9786111111111,0.8891528539829364,0.0103415587027089,9.0,20.28,2.2533333333333334,0.0014564361839648,0.0006463474189193,4.0,6.56,1.64,0.0004711154520122,0.0002872655195196,211.0,1804.64,8.552796208530806,0.1296027117865043,0.0151532561546637,,,,,,120.0,910.6,7.588333333333334,0.0653959955186578,0.0086179655855907,82.0,708.2,8.636585365853659,0.0508603602309614,0.0058889431501536,31.0,76.4,2.4645161290322584,0.0054867714228261,0.0022263077762776,0.8,1.0,0.8,3.0,3.0,1.0,5.745310390393841e-05,7.181637987992301e-05,0.0002154491396397,0.0002154491396397,0.2105263157894737,0.7894736842105263,0.25,0.75,323.1886139240974,13870.0,0.0233012699296393,0.0064162916923839,2.2156227030876625,0.0214456334658605,0.9960931889345322,11938.0,7160.999999999999,775.0,0.5998492209750376,0.0649187468587703,45495.0,22885.0,8569.0,24187.0,1697.0,2540.0,669.0,9808.0,43798.0,20345.0,7900.0,14379.0,0.0373008022859654,0.9626991977140346,0.1109897312650207,0.8890102687349792,0.078072120434123,0.921927879565877,0.4055070905858519,0.5944929094141481,baseline,male_P35,male,P35,1073129,CTRL,MDMA,CTRL_MDMA
3,inactive,8,green,8,4-8,,,,313.4,14086.6,24.0,13.058333333333332,,,,,,,,,,,,,1.0,1142.68,1142.68,0.0811182258316414,7.098945096758621e-05,,,,,,,,,,,,,,,,,,,,,2.0,7.44,3.72,0.0005281615151988,0.0001419789019351,,,,,,4.0,22.8,5.7,0.0016185594820609,0.0002839578038703,,,,,,,,,,,,,,,4.528118555232423,806.0,0.0056180130958218,0.0010184517489147,2.2062815312103727,0.0058233744864325,0.0572174974798744,7859.0,5239.333333333332,0.0,0.6666666666666665,0.0,0.0,188.0,0.0,0.0,0.0,32.0,0.0,0.0,0.0,156.0,0.0,0.0,0.0,0.0,0.1702127659574468,0.8297872340425532,0.0,0.0,0.0,0.0,baseline,male_P35,male,P35,1073129,CTRL,MDMA,CTRL_MDMA
3,inactive,8,red,4,0-4,35.0,503.72,14.392,8533.12,5866.879999999999,119.0,71.70689075630253,0.0858582415184902,0.0059656921566488,7.0,18.84,2.6914285714285713,0.0032112468637504,0.0011931384313297,6.0,39.32,6.553333333333334,0.0067020290171266,0.0010226900839969,92.0,13275.04,144.29391304347828,2.2627086287771356,0.0156812479546198,,,,,,4.0,14.12,3.53,0.0024067306643394,0.0006817933893312,66.0,977.56,14.81151515151515,0.1666234864186757,0.0112495909239664,13.0,165.36,12.72,0.0281853387149558,0.0022158285153267,11.0,51.24,4.658181818181818,0.0087337733173339,0.001874931820661,66.0,272.08,4.122424242424242,0.0463755863423148,0.0112495909239664,17.0,46.12,2.712941176470588,0.0078610777789898,0.002897621904658,5.0,5.0,1.0,0.0,0.0,0.0,0.0008522417366641,0.0008522417366641,0.0,0.0,1.0,0.0,1.0,0.0,140.6849099216007,5751.0,0.0244626864756739,0.0044906820797992,2.1104192609557164,0.0221393963018202,0.9802484455110724,213447.0,49249.99999999999,98556.0,0.2307364357428307,0.4617352316968615,24862.0,5439.0,1467.0,12628.0,422.0,1068.0,53.0,371.0,24440.0,4371.0,1414.0,12257.0,0.0169736947952698,0.98302630520473,0.1963596249310535,0.8036403750689465,0.0361281526925698,0.96387184730743,0.0293791574279379,0.970620842572062,baseline,male_P35,male,P35,1073139,CTRL,MDMA,CTRL_MDMA
3,inactive,8,red,8,4-8,,,,1142.68,13257.32,1.0,1142.68,,,,,,,,,,,,,1.0,1142.68,1142.68,0.0861923827741956,7.543002658154137e-05,,,,,,,,,,,,,,,,,,,,,,,,,,,,,,,,,,,,,,,,,,,,,,,,,,,,,,,,,28568.0,12142.333333333332,0.0,0.425032670587137,0.0,,,,,,,,,,,,,,,,,,,,,baseline,male_P35,male,P35,1073139,CTRL,MDMA,CTRL_MDMA
3,inactive,8,yellow,4,0-4,42.0,289.08,6.882857142857143,5904.28,8495.720000000001,322.0,18.336273291925465,0.03402654513096,0.0049436657516961,6.0,50.2,8.366666666666667,0.0059088576365511,0.000706237964528,5.0,8.56,1.7120000000000002,0.0010075661627266,0.0005885316371066,44.0,14146.6,321.51363636363635,1.6651443314986838,0.0051790784065388,,,,,,,,,,,150.0,568.76,3.791733333333333,0.0669466507841595,0.0176559491132005,,,,,,69.0,332.28,4.815652173913043,0.0391114584755618,0.0081217365920722,54.0,256.36,4.747407407407407,0.0301751940977339,0.0063561416807521,2.0,4.2,2.1,0.0004943665751696,0.0002354126548426,0.8,1.0,0.8,0.8,1.0,0.8,9.416506193706948e-05,0.0001177063274213,9.416506193706948e-05,0.0001177063274213,0.5,0.5,0.5,0.5,133.5985965652298,8193.0,0.0163064319010411,0.0044321509144826,2.2794085220877665,0.0158640654477483,0.9643679405630128,147929.0,48546.66666666666,35156.0,0.3281754535396484,0.2376545504938179,14369.0,8376.0,1480.0,7269.0,1129.0,1688.0,549.0,5010.0,13240.0,6688.0,931.0,2259.0,0.0785719256733245,0.9214280743266756,0.2015281757402101,0.7984718242597899,0.3709459459459459,0.629054054054054,0.6892282294676021,0.3107717705323978,baseline,male_P35,male,P35,1073094,ELA,MDMA,ELA_MDMA
3,inactive,8,yellow,8,4-8,,,,1142.68,13257.32,1.0,1142.68,,,,,,,,,,,,,1.0,1142.68,1142.68,0.0861923827741956,7.543002658154137e-05,,,,,,,,,,,,,,,,,,,,,,,,,,,,,,,,,,,,,,,,,,,,,,,,,,,,,,,,,28568.0,12142.333333333332,0.0,0.425032670587137,0.0,,,,,,,,,,,,,,,,,,,,,baseline,male_P35,male,P35,1073094,ELA,MDMA,ELA_MDMA
0,inactive,1,blue,12,8-12,15.0,172.64,11.509333333333332,46.12,14353.88,5.0,9.224,0.0120274100103944,0.0010450136130439,7.0,45.52,6.502857142857144,0.0031712679777175,0.0004876730194205,7.0,44.24,6.32,0.0030820934827377,0.0004876730194205,32.0,536.68,16.77125,0.0373891937232302,0.0022293623744938,,,,,,3.0,29.6,9.866666666666667,0.0020621601964068,0.0002090027226087,6.0,25.92,4.32,0.00180578352334,0.0004180054452175,3.0,10.68,3.56,0.0007440496924873,0.0002090027226087,4.0,24.96,6.24,0.0017389026521052,0.0002786702968117,6.0,36.84,6.140000000000001,0.002566553433636,0.0004180054452175,1.0,1.96,1.96,0.0001365484454377,6.966757420293328e-05,0.0,0.0,0.0,1.2,1.0,1.2,0.0,0.0,8.360108904351994e-05,6.966757420293328e-05,0.0,1.0,0.0,1.0,37.52051957175725,839.0,0.0447205239234293,0.0194471246106612,1.821793177092818,0.03953617764718,0.058451094756261,1158.0,159.0,739.0,0.1373056994818652,0.6381692573402418,1397.0,898.0,2258.0,4331.0,258.0,109.0,369.0,712.0,1139.0,789.0,1889.0,3619.0,0.1846814602720114,0.8153185397279885,0.121380846325167,0.878619153674833,0.1634189548272807,0.8365810451727193,0.1643962133456476,0.8356037866543523,baseline,male_P42,male,P42,1111862,CTRL,MDMA,CTRL_MDMA
0,inactive,1,green,12,8-12,10.0,75.96,7.595999999999999,13.68,14386.32,3.0,4.56,0.0052800160152144,0.0006951047939987,12.0,57.16,4.763333333333333,0.0039732190024968,0.0008341257527984,7.0,33.88,4.840000000000001,0.0023550150420677,0.0004865733557991,31.0,620.08,20.00258064516129,0.043102058066274,0.0021548248613961,,,,,,25.0,89.4,3.576,0.0062142368583487,0.0017377619849968,6.0,16.92,2.8200000000000003,0.0011761173114458,0.0004170628763992,1.0,1.8,1.8,0.0001251188629197,6.951047939987432e-05,1.0,2.8,2.8,0.0001946293423196,6.951047939987432e-05,12.0,44.04,3.67,0.0030612415127704,0.0008341257527984,1.0,2.08,2.08,0.0001445817971517,6.951047939987432e-05,,,,,,,,,,,,,,,81.45531137122323,874.0,0.0931982967634133,0.0369314994896914,2.1428440514555924,0.0859932435417174,0.0607521589954901,345.0,59.666666666666664,224.0,0.1729468599033816,0.6492753623188405,2689.0,117.0,2295.0,1909.0,168.0,39.0,567.0,814.0,2521.0,78.0,1728.0,1095.0,0.062476757158795,0.9375232428412048,0.3333333333333333,0.6666666666666666,0.2470588235294117,0.7529411764705882,0.4264012572027239,0.5735987427972761,baseline,male_P42,male,P42,1111966,CTRL,MDMA,CTRL_MDMA
0,inactive,1,red,12,8-12,12.0,83.28,6.94,53.32,14346.68,4.0,13.33,0.0058048273189337,0.000836430449414,9.0,34.76,3.862222222222222,0.0024228602018027,0.0006273228370605,10.0,64.52,6.452,0.0044972077163497,0.0006970253745117,44.0,569.76,12.94909090909091,0.0397137177381805,0.0030669116478516,1.0,1.0,1.0,6.970253745117337e-05,6.970253745117337e-05,13.0,45.84,3.5261538461538464,0.0031951643167617,0.0009061329868652,4.0,7.56,1.89,0.0005269511831308,0.0002788101498046,3.0,3.76,1.2533333333333332,0.0002620815408164,0.0002091076123535,3.0,5.8,1.9333333333333331,0.0004042747172168,0.0002091076123535,4.0,12.76,3.19,0.0008894043778769,0.0002788101498046,1.0,2.12,2.12,0.0001477693793964,6.970253745117337e-05,2.0,2.0,1.0,0.0,0.0,0.0,0.0001394050749023,0.0001394050749023,0.0,0.0,1.0,0.0,1.0,0.0,46.04536608306145,828.0,0.0556103455109437,0.0276678818184603,1.9122723540550135,0.0480415004844143,0.0577137010095715,1337.0,165.99999999999997,897.0,0.1241585639491398,0.6709050112191474,1352.0,245.0,2501.0,2094.0,282.0,0.0,338.0,350.0,1070.0,245.0,2163.0,1744.0,0.2085798816568047,0.7914201183431953,0.0,1.0,0.1351459416233506,0.8648540583766493,0.1671442215854823,0.8328557784145176,baseline,male_P42,male,P42,1111832,ELA,MDMA,ELA_MDMA
0,inactive,1,yellow,12,8-12,6.0,32.96,5.493333333333333,191.64,14208.36,29.0,6.6082758620689654,0.0023197610420907,0.0004222865974679,4.0,7.0,1.75,0.0004926676970459,0.0002815243983119,4.0,8.12,2.03,0.0005714945285733,0.0002815243983119,7.0,860.16,122.88,0.0605390066130081,0.0004926676970459,,,,,,14.0,45.48,3.248571428571428,0.0032009324088072,0.0009853353940919,3.0,6.4,2.1333333333333333,0.0004504390372991,0.0002111432987339,3.0,8.28,2.76,0.0005827555045057,0.0002111432987339,2.0,3.08,1.54,0.0002167737867002,0.0001407621991559,,,,,,,,,,,0.0,0.0,0.0,0.8,1.0,0.8,0.0,0.0,5.630487966239594e-05,7.038109957799493e-05,0.0,1.0,0.0,1.0,41.68989563483467,670.0,0.0622237248281114,0.0239591146188381,2.1172476050157587,0.0577906741597044,0.0471553367172566,4820.0,112.66666666666666,4482.0,0.0233748271092669,0.9298755186721992,1314.0,289.0,386.0,830.0,225.0,148.0,99.0,354.0,1089.0,141.0,287.0,476.0,0.1712328767123287,0.8287671232876712,0.5121107266435986,0.4878892733564013,0.2564766839378238,0.7435233160621761,0.4265060240963855,0.5734939759036145,baseline,male_P42,male,P42,1111916,ELA,MDMA,ELA_MDMA
0,inactive,2,blue,12,8-12,28.0,118.48,4.231428571428571,72.64,14327.36,11.0,6.6036363636363635,0.0082694927746633,0.0019543028164295,9.0,32.76,3.64,0.0022865342952225,0.0006281687624237,15.0,60.08,4.005333333333334,0.0041933754718245,0.0010469479373729,53.0,494.12,9.323018867924528,0.0344878609876488,0.0036992160453844,,,,,,3.0,11.36,3.786666666666666,0.0007928885712371,0.0002093895874745,3.0,8.88,2.9600000000000004,0.0006197931789247,0.0002093895874745,1.0,1.12,1.12,7.817211265718178e-05,6.979652915819802e-05,2.0,2.08,1.04,0.000145176780649,0.0001395930583163,5.0,21.8,4.36,0.0015215643356487,0.0003489826457909,3.0,7.48,2.4933333333333336,0.0005220780381033,0.0002093895874745,4.2,5.0,0.8400000000000001,0.0,0.0,0.0,0.0002931454224644,0.0003489826457909,0.0,0.0,1.0,0.0,1.0,0.0,67.0545610156161,804.0,0.0834011952930548,0.0552956302885928,1.786015453660008,0.0685028491684316,0.0561164094431912,1827.0,452.33333333333337,734.0,0.2475825579273855,0.4017515051997811,512.0,83.0,2345.0,2990.0,0.0,0.0,458.0,649.0,512.0,83.0,1887.0,2341.0,0.0,1.0,0.0,1.0,0.1953091684434968,0.8046908315565032,0.2170568561872909,0.782943143812709,baseline,male_P42,male,P42,1111967,CTRL,MDMA,CTRL_MDMA
0,inactive,2,green,12,8-12,24.0,153.84,6.41,44.24,14355.76,5.0,8.848,0.0107162560533193,0.0016718028164304,14.0,105.0,7.5,0.0073141373218833,0.0009752183095844,6.0,28.84,4.806666666666667,0.0020089497177439,0.0004179507041076,38.0,452.0,11.894736842105264,0.0314856197094406,0.0026470211260149,,,,,,4.0,14.4,3.6,0.0010030816898582,0.0002786338027384,1.0,1.52,1.52,0.0001058808450405,6.965845068460325e-05,1.0,6.92,6.92,0.0004820364787374,6.965845068460325e-05,2.0,3.44,1.72,0.000239625070355,0.0001393169013692,4.0,9.76,2.44,0.0006798664786817,0.0002786338027384,2.0,4.56,2.28,0.0003176425351217,0.0001393169013692,0.0,0.0,0.0,4.2,5.0,0.8400000000000001,0.0,0.0,0.0002925654928753,0.000348292253423,0.0,1.0,0.0,1.0,77.66906331634853,841.0,0.0923532262976795,0.0440207706224416,2.063488546584631,0.0801727699405067,0.0585827570257513,1111.0,525.3333333333333,28.0,0.4728472847284727,0.0252025202520252,403.0,262.0,3366.0,3870.0,110.0,0.0,922.0,676.0,293.0,262.0,2444.0,3194.0,0.2729528535980149,0.7270471464019851,0.0,1.0,0.2739156268568033,0.7260843731431966,0.1746770025839793,0.8253229974160207,baseline,male_P42,male,P42,1111833,ELA,MDMA,ELA_MDMA
0,inactive,2,red,12,8-12,4.0,28.76,7.19,273.44,14126.56,7.0,39.06285714285714,0.0020358813469096,0.0002831545684158,5.0,32.28,6.456,0.0022850573671155,0.0003539432105197,1.0,2.52,2.52,0.0001783873781019,7.07886421039517e-05,31.0,703.96,22.708387096774196,0.0498323724954978,0.0021944479052225,,,,,,1.0,7.96,7.96,0.0005634775911474,7.07886421039517e-05,6.0,21.84,3.64,0.0015460239435503,0.0004247318526237,,,,,,4.0,6.44,1.61,0.0004558788551494,0.0002831545684158,2.0,7.72,3.86,0.0005464883170425,0.0001415772842079,2.0,4.36,2.18,0.0003086384795732,0.0001415772842079,0.8,1.0,0.8,0.0,0.0,0.0,5.663091368316137e-05,7.07886421039517e-05,0.0,0.0,1.0,0.0,1.0,0.0,28.05783609073403,610.0,0.0459964526077607,0.0225623179274271,1.817041240341641,0.0397376800643848,0.0431810716834105,6843.0,1219.3333333333333,3942.0,0.1781869550392128,0.5760631302060499,752.0,165.0,876.0,723.0,110.0,0.0,494.0,37.0,642.0,165.0,382.0,686.0,0.1462765957446808,0.8537234042553191,0.0,1.0,0.5639269406392694,0.4360730593607306,0.0511756569847856,0.9488243430152145,baseline,male_P42,male,P42,1111863,CTRL,MDMA,CTRL_MDMA
0,inactive,2,yellow,12,8-12,15.0,57.4,3.826666666666666,191.68,14208.32,24.0,7.986666666666667,0.004039886489043,0.0010557194657777,5.0,13.44,2.6879999999999997,0.0009459246413369,0.0003519064885925,6.0,19.64,3.2733333333333334,0.0013822886871917,0.0004222877863111,13.0,847.56,65.19692307692307,0.0596523726943086,0.0009149568703407,,,,,,2.0,6.48,3.24,0.000456070809216,0.000140762595437,,,,,,,,,,,,,,,,4.0,11.32,2.83,0.0007967162901736,0.000281525190874,,,,,,0.0,0.0,0.0,0.8,1.0,0.8,0.0,0.0,5.6305038174815885e-05,7.038129771851986e-05,0.0,1.0,0.0,1.0,59.75896261182836,675.0,0.0885317964619679,0.0410369778738392,2.13255569341149,0.0780647650240725,0.0475073759600009,4816.0,1052.3333333333337,2416.0,0.2185077519379845,0.5016611295681063,164.0,0.0,838.0,1450.0,0.0,0.0,479.0,482.0,164.0,0.0,359.0,968.0,0.0,1.0,0.0,0.0,0.5715990453460621,0.4284009546539379,0.3324137931034482,0.6675862068965517,baseline,male_P42,male,P42,1111917,ELA,MDMA,ELA_MDMA
0,inactive,3,blue,12,8-12,16.0,163.72,10.2325,22.84,14377.16,3.0,7.613333333333333,0.0113875062947063,0.0011128762565068,6.0,33.56,5.593333333333334,0.0023342579480231,0.00041732859619,4.0,26.16,6.54,0.0018195526793886,0.0002782190641267,33.0,504.16,15.27757575757576,0.0350667308425307,0.0022953072790453,,,,,,2.0,15.36,7.68,0.0010683612062465,0.0001391095320633,2.0,3.28,1.64,0.0002281396325839,0.0001391095320633,1.0,6.08,6.08,0.0004228929774726,6.955476603167802e-05,4.0,7.8,1.95,0.000542527175047,0.0002782190641267,12.0,41.64,3.47,0.002896260457559,0.0008346571923801,,,,,,,,,,,,,,,,,,,,36.83348463399705,864.0,0.0426313479560151,0.0187347622835207,1.9038148318056831,0.0380991594830732,0.0600953178513698,574.0,0.0,574.0,0.0,1.0,470.0,352.0,1503.0,4109.0,44.0,0.0,328.0,1492.0,426.0,352.0,1175.0,2617.0,0.0936170212765957,0.9063829787234042,0.0,1.0,0.2182302062541583,0.7817697937458417,0.363105378437576,0.6368946215624239,baseline,male_P42,male,P42,1111864,CTRL,saline,CTRL_saline
0,inactive,3,green,12,8-12,23.0,110.0,4.782608695652174,,,,,,,4.0,15.92,3.98,,,12.0,45.92,3.826666666666666,,,46.0,539.64,11.731304347826086,,,4.0,6.6,1.65,,,1.0,1.24,1.24,,,7.0,18.52,2.6457142857142855,,,,,,,,2.0,4.76,2.38,,,3.0,11.04,3.68,,,,,,,,,,,,,,,,,,,,,,94.44367093918798,890.0,0.1061164842013348,0.0575803982870409,2.10363594490035,0.0917498848221186,,,,,,,502.0,121.0,1562.0,2773.0,0.0,0.0,950.0,1078.0,502.0,121.0,612.0,1695.0,0.0,1.0,0.0,1.0,0.6081946222791293,0.3918053777208706,0.3887486476739993,0.6112513523260007,baseline,male_P42,male,P42,1111968,CTRL,saline,CTRL_saline
0,inactive,3,red,12,8-12,19.0,207.12,10.901052631578947,6.92,14393.08,1.0,6.92,0.0143902486472666,0.001320078815653,9.0,38.32,4.257777777777778,0.002662390537675,0.0006253004916251,9.0,51.2,5.688888888888889,0.003557265019023,0.0006253004916251,40.0,417.44,10.436,0.0290028263582221,0.0027791132961117,1.0,2.08,2.08,0.0001445138913978,6.947783240279357e-05,3.0,5.36,1.7866666666666668,0.0003724011816789,0.0002084334972083,3.0,11.16,3.72,0.0007753726096151,0.0002084334972083,2.0,3.76,1.88,0.0002612366498345,0.0001389556648055,2.0,4.36,2.18,0.0003029233492761,0.0001389556648055,5.0,18.76,3.752,0.0013034041358764,0.0003473891620139,,,,,,,,,,,,,,,,,,,,53.43736885491607,882.0,0.0605865860033062,0.0347951025998316,1.7573806417624227,0.054151409176844,0.0612794481792639,174.0,0.0,174.0,0.0,1.0,419.0,207.0,2256.0,5197.0,0.0,0.0,686.0,1304.0,419.0,207.0,1570.0,3893.0,0.0,1.0,0.0,1.0,0.3040780141843971,0.6959219858156028,0.2509139888397152,0.7490860111602847,baseline,male_P42,male,P42,1111918,ELA,saline,ELA_saline
0,inactive,3,yellow,12,8-12,22.0,96.08,4.367272727272727,36.04,14363.96,6.0,6.006666666666667,0.0066889632107023,0.0015316110599027,4.0,18.56,4.64,0.0012921227850815,0.0002784747381641,10.0,57.64,5.764,0.004012820976945,0.0006961868454103,17.0,816.08,48.004705882352944,0.0568144160802452,0.0011835176371975,1.0,1.08,1.08,7.518817930431442e-05,6.961868454103186e-05,3.0,8.32,2.7733333333333334,0.0005792274553813,0.000208856053623,2.0,3.12,1.56,0.000217210295768,0.000139237369082,4.0,6.92,1.73,0.0004817612970239,0.0002784747381641,4.0,6.2,1.55,0.0004316358441543,0.0002784747381641,1.0,3.28,3.28,0.0002283492852945,6.961868454103186e-05,,,,,,,,,,,,,,,,,,,,64.89992746474002,846.0,0.0767138622514657,0.0407915246219443,2.17024948938957,0.0702603123290218,0.0588974071217129,907.0,0.0,907.0,0.0,1.0,291.0,336.0,1919.0,2424.0,44.0,0.0,732.0,1181.0,247.0,336.0,1187.0,1243.0,0.1512027491408934,0.8487972508591065,0.0,1.0,0.3814486711829077,0.6185513288170922,0.4872112211221122,0.5127887788778878,baseline,male_P42,male,P42,1111834,ELA,saline,ELA_saline
0,inactive,4,blue,12,8-12,5.0,23.8,4.76,323.2,14076.8,22.0,14.69090909090909,0.0016907251648101,0.000355194362355,,,,,,4.0,31.2,7.8,0.0022164128210957,0.000284155489884,20.0,782.8,39.14,0.0556092293703114,0.0014207774494203,,,,,,1.0,9.0,9.0,0.0006393498522391,7.103887247101615e-05,2.0,12.08,6.04,0.0008581495794498,0.000142077744942,2.0,6.88,3.44,0.0004887474426005,0.000142077744942,1.0,4.88,4.88,0.0003466696976585,7.103887247101615e-05,2.0,8.84,4.42,0.0006279836326437,0.000142077744942,2.0,4.32,2.16,0.0003068879290747,0.000142077744942,0.0,0.0,0.0,6.4,7.0,0.9142857142857144,0.0,0.0,0.0004546487838145,0.0004972721072971,0.0,1.0,0.0,1.0,36.88389536711763,545.0,0.0676768722332433,0.025146688853453,1.8656277976933375,0.0639061970130359,0.0387161854967037,8102.0,1055.0,5601.0,0.130214761787213,0.6913107874598865,530.0,297.0,784.0,600.0,0.0,0.0,62.0,38.0,530.0,297.0,722.0,562.0,0.0,1.0,0.0,1.0,0.0790816326530612,0.9209183673469388,0.0633333333333333,0.9366666666666666,baseline,male_P42,male,P42,1111865,CTRL,saline,CTRL_saline
0,inactive,4,green,12,8-12,20.0,104.28,5.214,9.16,14390.84,2.0,4.58,0.0072462761034102,0.0013897729388972,3.0,15.24,5.08,0.0010590069794396,0.0002084659408345,10.0,47.68,4.768,0.003313218686331,0.0006948864694486,34.0,618.56,18.192941176470587,0.0429828974542139,0.0023626139961253,3.0,7.48,2.4933333333333336,0.0005197750791475,0.0002084659408345,2.0,2.92,1.46,0.0002029068490789,0.0001389772938897,5.0,24.6,4.92,0.0017094207148436,0.0003474432347243,1.0,2.16,2.16,0.0001500954774009,6.948864694486215e-05,2.0,13.88,6.94,0.0009645024195946,0.0001389772938897,13.0,48.72,3.747692307692307,0.0033854868791536,0.0009033524102832,3.0,8.76,2.92,0.0006087205472369,0.0002084659408345,6.4,7.0,0.9142857142857144,0.0,0.0,0.0,0.0004447273404471,0.000486420528614,0.0,0.0,1.0,0.0,1.0,0.0,88.11795042503064,880.0,0.1001340345738984,0.0561109991586944,2.0350270226277365,0.0863655460468895,0.0611500093114786,231.0,107.33333333333336,0.0,0.4646464646464648,0.0,695.0,404.0,1586.0,2627.0,0.0,0.0,132.0,585.0,695.0,404.0,1454.0,2042.0,0.0,1.0,0.0,1.0,0.0832282471626734,0.9167717528373266,0.2226874762086029,0.777312523791397,baseline,male_P42,male,P42,1111969,CTRL,saline,CTRL_saline
0,inactive,4,red,12,8-12,19.0,169.64,8.928421052631577,81.32,14318.68,7.0,11.617142857142856,0.0118474607994591,0.0013269379579681,11.0,52.4,4.763636363636364,0.0036595552103964,0.0007682272388236,4.0,26.64,6.66,0.0018605066947511,0.0002793553595722,42.0,495.8,11.804761904761904,0.0346260968189805,0.0029332312755086,,,,,,3.0,10.24,3.4133333333333336,0.0007151497205049,0.0002095165196791,2.0,2.48,1.24,0.0001732003229347,0.0001396776797861,1.0,7.28,7.28,0.0005084267544214,6.983883989306276e-05,,,,,,8.0,24.0,3.0,0.0016761321574335,0.0005587107191445,,,,,,,,,,,,,,,,,,,,49.53900003468444,803.0,0.0616924035301176,0.0327912769718825,1.8227127518214763,0.0538829035821327,0.0560805884341294,2040.0,728.3333333333333,519.0,0.3570261437908496,0.2544117647058823,323.0,183.0,1991.0,4260.0,0.0,0.0,142.0,675.0,323.0,183.0,1849.0,3585.0,0.0,1.0,0.0,1.0,0.071320944249121,0.928679055750879,0.1584507042253521,0.8415492957746479,baseline,male_P42,male,P42,1111835,ELA,saline,ELA_saline
0,inactive,4,yellow,12,8-12,9.0,41.24,4.582222222222223,117.8,14282.2,18.0,6.544444444444444,0.0028875103275405,0.0006301550181344,4.0,10.8,2.7,0.0007561860217613,0.0002800688969486,3.0,6.76,2.2533333333333334,0.0004733164358432,0.0002100516727114,3.0,882.76,294.25333333333333,0.0618084048675974,0.0002100516727114,,,,,,3.0,6.2,2.066666666666667,0.0004341067902704,0.0002100516727114,,,,,,5.0,19.44,3.888,0.0013611348391704,0.0003500861211858,2.0,3.88,1.94,0.0002716668300401,0.0001400344484743,3.0,11.16,3.72,0.0007813922224867,0.0002100516727114,,,,,,,,,,,,,,,,,,,,66.6057653770805,748.0,0.0890451408784498,0.0317785259190489,2.1901975509319014,0.0834452858436009,0.0523728837293974,2963.0,750.6666666666667,1284.0,0.2533468331645854,0.4333445831927101,158.0,590.0,446.0,1040.0,0.0,0.0,92.0,605.0,158.0,590.0,354.0,435.0,0.0,1.0,0.0,1.0,0.2062780269058296,0.7937219730941704,0.5817307692307693,0.4182692307692308,baseline,male_P42,male,P42,1111919,ELA,saline,ELA_saline
0,inactive,5,blue,12,8-12,15.0,193.76,12.917333333333334,3.16,14396.84,1.0,3.16,0.0134585089505752,0.0010418953048029,12.0,64.04,5.336666666666667,0.0044481983546389,0.0008335162438423,12.0,85.48,7.123333333333334,0.0059374140436373,0.0008335162438423,39.0,462.2,11.851282051282052,0.0321042673253297,0.0027089277924877,1.0,1.76,1.76,0.0001222490490968,6.945968698686656e-05,2.0,3.68,1.84,0.0002556116481116,0.0001389193739737,6.0,33.6,5.6000000000000005,0.0023338454827587,0.0004167581219211,4.0,14.32,3.58,0.0009946627176519,0.0002778387479474,1.0,2.84,2.84,0.0001972655110427,6.945968698686656e-05,3.0,8.36,2.786666666666666,0.0005806829832102,0.0002083790609605,,,,,,0.8,1.0,0.8,0.0,0.0,0.0,5.556774958949325e-05,6.945968698686656e-05,0.0,0.0,1.0,0.0,1.0,0.0,43.24658576428748,885.0,0.0488661986037146,0.021123188503019,1.966191605310396,0.0443944471856211,0.0614718229833769,80.0,0.0,80.0,0.0,1.0,940.0,434.0,3762.0,4859.0,73.0,0.0,704.0,1600.0,867.0,434.0,3058.0,3259.0,0.0776595744680851,0.9223404255319148,0.0,1.0,0.1871345029239766,0.8128654970760234,0.3292858612883309,0.6707141387116691,baseline,male_P42,male,P42,1112041,ELA,saline,ELA_saline
0,inactive,5,green,12,8-12,21.0,119.32,5.681904761904762,16.32,14383.68,2.0,8.16,0.0082955126921622,0.0014599879863845,8.0,45.52,5.69,0.0031646977685821,0.000556185899575,14.0,99.48,7.105714285714286,0.006916171661216,0.0009733253242563,31.0,592.36,19.10838709677419,0.0411827849340363,0.0021552203608534,1.0,2.28,2.28,0.0001585129813788,6.952323744688425e-05,9.0,22.88,2.542222222222222,0.0015906916727847,0.0006257091370219,9.0,101.28,11.253333333333334,0.0070413134886204,0.0006257091370219,4.0,13.56,3.39,0.0009427350997797,0.0002780929497875,5.0,8.64,1.7280000000000002,0.000600680771541,0.0003476161872344,12.0,34.28,2.856666666666667,0.0023832565796791,0.0008342788493626,1.0,2.08,2.08,0.0001446083338895,6.952323744688425e-05,,,,,,,,,,,,,,,76.11768347880063,871.0,0.0873911406186,0.0314211289674694,2.03625037234049,0.0767898158056845,0.0605547398162361,410.0,31.333333333333332,316.0,0.0764227642276422,0.7707317073170732,3122.0,564.0,3647.0,3004.0,96.0,0.0,637.0,1584.0,3026.0,564.0,3010.0,1420.0,0.0307495195387572,0.9692504804612428,0.0,1.0,0.1746641074856046,0.8253358925143954,0.5272969374167776,0.4727030625832223,baseline,male_P42,male,P42,1112051,CTRL,saline,CTRL_saline
0,inactive,5,red,12,8-12,14.0,141.12,10.08,44.16,14355.84,4.0,11.04,0.0098301457803932,0.000975212875039,7.0,45.76,6.5371428571428565,0.0031875529401275,0.0004876064375195,4.0,28.6,7.15,0.0019922205875796,0.0002786322500111,32.0,529.48,16.54625,0.0368825509339753,0.0022290580000891,2.0,7.64,3.82,0.0005321875975212,0.0001393161250055,3.0,4.92,1.64,0.0003427176675137,0.0002089741875083,8.0,45.84,5.73,0.0031931255851277,0.0005572645000222,3.0,17.8,5.933333333333334,0.0012399135125495,0.0002089741875083,2.0,3.72,1.86,0.0002591279925103,0.0001393161250055,7.0,31.52,4.502857142857143,0.0021956221300878,0.0004876064375195,1.0,3.2,3.2,0.0002229058000089,6.965806250278632e-05,0.0,0.0,0.0,0.8,1.0,0.8,0.0,0.0,5.572645000222906e-05,6.965806250278632e-05,0.0,1.0,0.0,1.0,33.84632548225447,844.0,0.0401022813770787,0.0180340817197108,1.9086381217892845,0.0351173632498094,0.0587914047523516,1108.0,103.66666666666666,797.0,0.0935619735258724,0.7193140794223827,1280.0,543.0,1870.0,3542.0,111.0,0.0,533.0,1263.0,1169.0,543.0,1337.0,2279.0,0.08671875,0.91328125,0.0,1.0,0.2850267379679144,0.7149732620320856,0.3565782044042914,0.6434217955957087,baseline,male_P42,male,P42,1111882,ELA,saline,ELA_saline
0,inactive,5,yellow,12,8-12,18.0,162.4,9.022222222222222,95.56,14304.44,17.0,5.621176470588235,0.0113531183324897,0.0012583505540936,2.0,13.36,6.68,0.0009339757445939,0.0001398167282326,6.0,26.36,4.3933333333333335,0.001842784478106,0.0004194501846978,22.0,777.8,35.35454545454545,0.0543747256096708,0.0015379840105589,1.0,0.96,0.96,6.711202955166368e-05,6.990836411631633e-05,2.0,6.96,3.48,0.0004865622142495,0.0001398167282326,7.0,18.64,2.662857142857143,0.0013030919071281,0.0004893585488142,2.0,16.92,8.46,0.001182849520848,0.0001398167282326,,,,,,3.0,9.08,3.026666666666667,0.0006347679461761,0.0002097250923489,,,,,,,,,,,,,,,,,,,,44.511223914041885,772.0,0.057657025795391,0.0209326239346218,2.185562312178902,0.0546179790095225,0.0539692570977962,2406.0,135.0,2001.0,0.0561097256857855,0.8316708229426434,649.0,425.0,1001.0,4078.0,0.0,0.0,426.0,1320.0,649.0,425.0,575.0,2758.0,0.0,1.0,0.0,1.0,0.4255744255744256,0.5744255744255744,0.3236880823933301,0.67631191760667,baseline,male_P42,male,P42,1111983,CTRL,saline,CTRL_saline
0,inactive,6,blue,12,8-12,9.0,70.68,7.853333333333334,33.64,14366.36,4.0,8.41,0.0049198265949064,0.0006264634883157,1.0,10.04,10.04,0.0006988548247433,6.960705425730665e-05,6.0,36.72,6.12,0.0025559710323283,0.0004176423255438,31.0,618.84,19.962580645161292,0.0430756294565916,0.0021578186819765,,,,,,4.0,33.48,8.37,0.0023304441765346,0.0002784282170292,8.0,53.8,6.725,0.003744859519043,0.0005568564340584,2.0,4.88,2.44,0.0003396824247756,0.0001392141085146,2.0,3.48,1.74,0.0002422325488154,0.0001392141085146,4.0,31.88,7.97,0.0022190728897229,0.0002784282170292,2.0,4.04,2.02,0.0002812124991995,0.0001392141085146,,,,,,,,,,,,,,,32.48728609426806,853.0,0.0380859157025416,0.0139059013047591,1.9931424378867575,0.0342724433674389,0.0593748172814825,845.0,0.0,845.0,0.0,1.0,2194.0,213.0,1176.0,1776.0,128.0,35.0,202.0,912.0,2066.0,178.0,974.0,864.0,0.0583409298085688,0.9416590701914312,0.1643192488262911,0.8356807511737089,0.1717687074829932,0.8282312925170068,0.5135135135135135,0.4864864864864865,baseline,male_P42,male,P42,1111883,ELA,saline,ELA_saline
0,inactive,6,green,12,8-12,14.0,120.8,8.628571428571428,6.8,14393.2,2.0,3.4,0.0083928521801962,0.0009726815440624,16.0,114.28,7.1425,0.0079398604896756,0.0011116360503571,5.0,21.16,4.232,0.0014701386765972,0.0003473862657365,42.0,554.96,13.213333333333336,0.0385570964066364,0.0029180446321874,,,,,,8.0,19.6,2.45,0.0013617541616874,0.0005558180251785,11.0,47.24,4.294545454545455,0.0032821054386793,0.0007642497846205,2.0,2.92,1.46,0.0002028735791901,0.0001389545062946,8.0,20.08,2.51,0.0013951032431981,0.0005558180251785,4.0,17.32,4.33,0.0012033460245115,0.0002779090125892,3.0,7.6,2.533333333333333,0.0005280271239196,0.0002084317594419,,,,,,,,,,,,,,,79.8430897636069,883.0,0.0904225252135978,0.0337183749047589,2.0359198105398058,0.0825407751620003,0.0613484145290831,172.0,27.33333333333333,90.0,0.1589147286821705,0.5232558139534884,1690.0,585.0,3365.0,3034.0,21.0,19.0,433.0,633.0,1669.0,566.0,2932.0,2401.0,0.0124260355029585,0.9875739644970414,0.0324786324786324,0.9675213675213676,0.1286775631500742,0.8713224368499257,0.2086354647330257,0.7913645352669743,baseline,male_P42,male,P42,1112052,CTRL,saline,CTRL_saline
0,inactive,6,red,12,8-12,7.0,62.68,8.954285714285714,90.56,14309.44,10.0,9.056,0.0043803251559809,0.0004891875573048,5.0,49.32,9.864,0.0034466757608963,0.0003494196837891,3.0,39.96,13.32,0.0027925621128429,0.0002096518102734,24.0,612.88,25.536666666666665,0.0428304671601404,0.0016772144821879,,,,,,3.0,13.84,4.613333333333333,0.0009671936847284,0.0002096518102734,3.0,3.76,1.2533333333333332,0.0002627636022094,0.0002096518102734,4.0,5.32,1.33,0.0003717825435516,0.0002795357470313,2.0,4.24,2.12,0.0002963078918532,0.0001397678735156,6.0,16.48,2.7466666666666666,0.001151687277769,0.0004193036205469,1.0,2.32,2.32,0.0001621307332781,6.98839367578326e-05,,,,,,,,,,,,,,,32.430864018947425,787.0,0.0412082134929446,0.0146068196945447,1.8799506207732757,0.0378287963520192,0.0549986582284142,2274.0,143.66666666666666,1843.0,0.0631779536792729,0.8104661389621812,446.0,245.0,2240.0,1574.0,60.0,35.0,457.0,253.0,386.0,210.0,1783.0,1321.0,0.1345291479820627,0.8654708520179372,0.1428571428571428,0.8571428571428571,0.2040178571428571,0.7959821428571429,0.1607369758576874,0.8392630241423126,baseline,male_P42,male,P42,1112042,ELA,saline,ELA_saline
0,inactive,6,yellow,12,8-12,11.0,87.36,7.941818181818181,152.96,14247.04,23.0,6.650434782608696,0.0061318000089843,0.0007720902025964,2.0,2.64,1.32,0.0001853016486231,0.0001403800368357,3.0,14.56,4.8533333333333335,0.001021966668164,0.0002105700552535,11.0,852.12,77.46545454545455,0.0598103184942275,0.0007720902025964,,,,,,5.0,7.56,1.512,0.000530636539239,0.0003509500920893,9.0,16.32,1.8133333333333337,0.0011455011005794,0.0006317101657607,2.0,12.48,6.24,0.0008759714298549,0.0001403800368357,3.0,7.92,2.64,0.0005559049458694,0.0002105700552535,,,,,,,,,,,,,,,,,,,,,,,,,44.89252358889516,713.0,0.0629628661835836,0.0227444468341042,2.208813889323074,0.0570084812894156,0.0500454831319347,3847.0,116.33333333333331,3498.0,0.0302400138636166,0.90927995840915,611.0,515.0,435.0,2195.0,63.0,19.0,207.0,1270.0,548.0,496.0,228.0,925.0,0.1031096563011456,0.8968903436988543,0.0368932038834951,0.9631067961165048,0.4758620689655172,0.5241379310344828,0.5785876993166287,0.4214123006833713,baseline,male_P42,male,P42,1111984,CTRL,saline,CTRL_saline
0,inactive,7,blue,12,8-12,2.0,9.32,4.66,218.12,14181.88,10.0,21.812,0.0006571766225634,0.0001410250263011,4.0,37.2,9.3,0.0026230654892017,0.0002820500526023,3.0,38.76,12.92,0.0027330650097166,0.0002115375394517,18.0,726.44,40.357777777777784,0.05122311005311,0.0012692252367105,,,,,,8.0,24.72,3.09,0.0017430693250824,0.0005641001052046,3.0,17.84,5.946666666666666,0.0012579432346064,0.0002115375394517,5.0,25.64,5.128,0.0018079408371809,0.0003525625657529,4.0,9.12,2.28,0.0006430741199333,0.0002820500526023,5.0,15.56,3.112,0.001097174704623,0.0003525625657529,2.0,4.2,2.1,0.0002961525552324,0.0001410250263011,0.0,0.0,0.0,0.8,1.0,0.8,0.0,0.0,5.641001052046697e-05,7.05125131505837e-05,0.0,1.0,0.0,1.0,31.58200585499399,661.0,0.0477791313993857,0.0146599121564295,2.0341492659906057,0.0450856903211723,0.0466087711925358,5463.0,549.6666666666667,3814.0,0.1006162670083592,0.6981511989749222,1075.0,878.0,1906.0,235.0,170.0,0.0,349.0,0.0,905.0,878.0,1557.0,235.0,0.1581395348837209,0.8418604651162791,0.0,1.0,0.183105981112277,0.816894018887723,0.0,1.0,baseline,male_P42,male,P42,1112053,CTRL,MDMA,CTRL_MDMA
0,inactive,7,green,12,8-12,17.0,155.64,9.155294117647058,4.04,14395.96,1.0,4.04,0.0108113665222743,0.0011808868599245,7.0,29.8,4.257142857142857,0.0020700252015148,0.0004862475305571,17.0,102.44,6.025882352941176,0.0071158852900397,0.0011808868599245,42.0,478.96,11.403809523809525,0.0332704453193812,0.0029174851833431,1.0,2.16,2.16,0.0001500420951433,6.946393293674059e-05,5.0,9.08,1.816,0.0006307325110656,0.0003473196646837,8.0,28.2,3.525,0.001958882908816,0.0005557114634939,2.0,6.56,3.28,0.000455683400065,0.0001389278658734,2.0,4.04,2.02,0.0002806342890644,0.0001389278658734,2.0,5.12,2.56,0.0003556553366361,0.0001389278658734,2.0,5.92,2.96,0.0004112264829855,0.0001389278658734,,,,,,,,,,,,,,,80.33185474666973,886.0,0.0906680076147514,0.0323379403746664,2.031651574723275,0.0840467748905085,0.0615450445819521,102.0,19.333333333333332,44.0,0.1895424836601307,0.4313725490196078,945.0,269.0,3171.0,3908.0,202.0,0.0,516.0,1474.0,743.0,269.0,2655.0,2434.0,0.2137566137566137,0.7862433862433862,0.0,1.0,0.162724692526017,0.8372753074739829,0.3771750255885363,0.6228249744114637,baseline,male_P42,male,P42,1111884,ELA,MDMA,ELA_MDMA
0,inactive,7,red,12,8-12,15.0,215.96,14.397333333333334,77.76,14322.24,5.0,15.552,0.0150786469155662,0.0010473222065822,2.0,23.2,11.6,0.0016198583461804,0.0001396429608776,2.0,21.12,10.56,0.0014746296668677,0.0001396429608776,28.0,503.04,17.965714285714288,0.035122997519941,0.0019550014522867,,,,,,3.0,13.36,4.453333333333333,0.0009328149786625,0.0002094644413164,4.0,25.16,6.29,0.0017567084478405,0.0002792859217552,2.0,2.96,1.48,0.0002066715820988,0.0001396429608776,2.0,3.48,1.74,0.000242978751927,0.0001396429608776,5.0,28.04,5.608,0.0019577943115043,0.000349107402194,,,,,,0.8,1.0,0.8,0.0,0.0,0.0,5.5857184351051234e-05,6.982148043881404e-05,0.0,0.0,1.0,0.0,1.0,0.0,35.175772092428176,808.0,0.04353437140152,0.0168674208509242,1.9451210223718067,0.0405818990050476,0.0564157561945617,1949.0,481.99999999999994,503.0,0.2473063109286813,0.2580810672139558,970.0,165.0,1112.0,5414.0,48.0,0.0,432.0,1470.0,922.0,165.0,680.0,3944.0,0.0494845360824742,0.9505154639175256,0.0,1.0,0.3884892086330935,0.6115107913669064,0.2715182859253786,0.7284817140746214,baseline,male_P42,male,P42,1111985,CTRL,MDMA,CTRL_MDMA
0,inactive,7,yellow,12,8-12,4.0,37.44,9.36,147.32,14252.68,10.0,14.732,0.0026268743843263,0.0002806489726844,7.0,46.6,6.6571428571428575,0.0032695605317736,0.0004911357021977,3.0,14.28,4.76,0.0010019168324834,0.0002104867295133,12.0,829.28,69.10666666666667,0.0581841450169371,0.0008419469180533,,,,,,3.0,27.8,9.266666666666667,0.0019505103601568,0.0002104867295133,12.0,52.04,4.336666666666667,0.0036512431346245,0.0008419469180533,1.0,5.4,5.4,0.0003788761131239,7.016224317110887e-05,3.0,4.8,1.6,0.0003367787672213,0.0002104867295133,3.0,7.68,2.56,0.0005388460275541,0.0002104867295133,,,,,,,,,,,,,,,,,,,,60.96481968984028,728.0,0.083742884189341,0.0307347447630514,2.1129967740975006,0.0754674875929874,0.0510781130285672,3693.0,87.0,3432.0,0.0235580828594638,0.9293257514216084,2011.0,259.0,1532.0,940.0,16.0,0.0,308.0,554.0,1995.0,259.0,1224.0,386.0,0.0079562406762804,0.9920437593237196,0.0,1.0,0.2010443864229765,0.7989556135770235,0.5893617021276596,0.4106382978723404,baseline,male_P42,male,P42,1112043,ELA,MDMA,ELA_MDMA
0,inactive,8,blue,12,8-12,15.0,74.76,4.984,22.76,14377.24,3.0,7.586666666666667,0.0051998853743834,0.0010433156850689,5.0,32.4,6.4799999999999995,0.0022535618797488,0.0003477718950229,6.0,48.56,8.093333333333334,0.003377560644463,0.0004173262740275,30.0,617.04,20.568,0.0429178340209942,0.0020866313701378,,,,,,3.0,6.76,2.2533333333333334,0.000470187602071,0.0002086631370137,10.0,52.6,5.26,0.0036585603356416,0.0006955437900459,3.0,7.04,2.3466666666666667,0.0004896628281923,0.0002086631370137,4.0,9.76,2.44,0.0006788507390848,0.0002782175160183,12.0,41.6,3.466666666666667,0.002893462166591,0.0008346525480551,,,,,,,,,,,,,,,,,,,,45.58220690055614,866.0,0.0526353428412888,0.0253176568887517,1.9944695542063933,0.0467238654045705,0.0602340922179778,572.0,0.0,572.0,0.0,1.0,1497.0,427.0,2035.0,1884.0,56.0,43.0,507.0,345.0,1441.0,384.0,1528.0,1539.0,0.0374081496325985,0.9625918503674016,0.1007025761124121,0.8992974238875878,0.2491400491400491,0.7508599508599508,0.1831210191082802,0.8168789808917197,baseline,male_P42,male,P42,1112054,CTRL,MDMA,CTRL_MDMA
0,inactive,8,green,12,8-12,22.0,98.24,4.465454545454545,7.88,14392.12,2.0,3.94,0.0068259575378748,0.0015286142694752,12.0,55.2,4.6000000000000005,0.0038354321670469,0.0008337896015319,7.0,41.36,5.908571428571428,0.0028737948266134,0.0004863772675603,37.0,590.24,15.952432432432431,0.0410113312006848,0.0025708512713901,1.0,1.2,1.2,8.337896015319493e-05,6.948246679432911e-05,3.0,6.92,2.306666666666666,0.0004808186702167,0.0002084474003829,8.0,16.28,2.035,0.0011311745594116,0.0005558597343546,3.0,3.56,1.1866666666666668,0.0002473575817878,0.0002084474003829,2.0,7.28,3.64,0.0005058323582627,0.0001389649335886,3.0,10.44,3.48,0.0007253969533327,0.0002084474003829,2.0,5.04,2.52,0.0003501916326434,0.0001389649335886,,,,,,,,,,,,,,,97.26797638671772,881.0,0.1104063296103493,0.0618554429978933,2.027557771689223,0.0975202498177532,0.0612140532458039,199.0,40.33333333333335,78.0,0.2026800670016751,0.3919597989949748,591.0,276.0,2433.0,2478.0,78.0,6.0,752.0,762.0,513.0,270.0,1681.0,1716.0,0.1319796954314721,0.868020304568528,0.0217391304347826,0.9782608695652174,0.3090834360871352,0.6909165639128648,0.3075060532687651,0.6924939467312349,baseline,male_P42,male,P42,1112044,ELA,MDMA,ELA_MDMA
0,inactive,8,red,12,8-12,10.0,72.72,7.272,98.6,14301.4,11.0,8.963636363636363,0.0050848168710755,0.0006992322429971,3.0,20.56,6.853333333333333,0.0014376214916022,0.0002097696728991,5.0,28.44,5.688000000000001,0.001988616499084,0.0003496161214985,26.0,656.88,25.264615384615382,0.0459311675779993,0.0018180038317926,,,,,,4.0,5.92,1.48,0.0004139454878543,0.0002796928971988,6.0,20.72,3.453333333333333,0.0014488092074901,0.0004195393457983,2.0,12.68,6.34,0.0008866264841204,0.0001398464485994,4.0,14.72,3.68,0.0010292698616918,0.0002796928971988,6.0,22.68,3.78,0.0015858587271176,0.0004195393457983,1.0,4.6,4.6,0.0003216468317787,6.992322429971891e-05,1.6,2.0,0.8,0.8,1.0,0.8,0.0001118771588795,0.0001398464485994,5.593857943977513e-05,6.992322429971891e-05,0.6666666666666666,0.3333333333333333,0.6666666666666666,0.3333333333333333,39.922384892251706,779.0,0.051248247615214,0.0178023478599365,1.8371096512580147,0.045637127103441,0.054470191729481,2476.0,200.33333333333337,1875.0,0.080910070005385,0.7572697899838449,676.0,691.0,1233.0,1828.0,19.0,57.0,240.0,296.0,657.0,634.0,993.0,1532.0,0.0281065088757396,0.9718934911242604,0.0824891461649783,0.9175108538350216,0.194647201946472,0.805352798053528,0.161925601750547,0.838074398249453,baseline,male_P42,male,P42,1111885,ELA,MDMA,ELA_MDMA
0,inactive,8,yellow,12,8-12,15.0,70.84,4.722666666666667,82.56,14317.44,9.0,9.173333333333334,0.0049478118993339,0.0010476733270752,5.0,31.2,6.24,0.0021791605203164,0.0003492244423584,2.0,5.32,2.66,0.0003715748066693,0.0001396897769433,11.0,821.68,74.69818181818181,0.0573901479594117,0.0007682937731885,,,,,,5.0,11.52,2.304,0.0008046131151937,0.0003492244423584,2.0,4.16,2.08,0.0002905547360421,0.0001396897769433,4.0,6.24,1.56,0.0004358321040632,0.0002793795538867,3.0,4.2,1.4,0.000293348531581,0.000209534665415,3.0,8.12,2.7066666666666666,0.00056714049439,0.000209534665415,1.0,2.12,2.12,0.0001480711635599,6.984488847168208e-05,0.8,1.0,0.8,1.6,2.0,0.8,5.5875910777345675e-05,6.984488847168208e-05,0.0001117518215546,0.0001396897769433,0.3333333333333333,0.6666666666666666,0.3333333333333333,0.6666666666666666,59.67279048351525,795.0,0.0750601138157424,0.0308251860107672,2.1564312381611814,0.0717522191428062,0.0555266863349872,2073.0,240.66666666666663,1351.0,0.1160958353433027,0.6517124939700917,399.0,268.0,920.0,1786.0,41.0,44.0,700.0,564.0,358.0,224.0,220.0,1222.0,0.1027568922305764,0.8972431077694235,0.1641791044776119,0.835820895522388,0.7608695652173914,0.2391304347826087,0.3157894736842105,0.6842105263157895,baseline,male_P42,male,P42,1111986,CTRL,MDMA,CTRL_MDMA
1,inactive,1,blue,4,0-4,2.0,8.92,4.46,14273.92,126.07999999999991,14.0,1019.5657142857144,0.070748730964467,0.0158629441624365,1.0,1.32,1.32,0.0104695431472081,0.0079314720812182,,,,,,11.0,14365.4,1305.9454545454546,113.93876903553308,0.087246192893401,,,,,,,,,,,,,,,,,,,,,,,,,,,,,,,,,,,,,,,,,,,,,,,,,,9.102374167585902,112.0,0.0812711979248741,0.0660303593001175,1.4528920839628643,0.0713342678092513,0.8883248730964474,356862.0,337605.0,15.0,0.9460379642550902,4.203305479429023e-05,0.0,0.0,34.0,225.0,0.0,0.0,0.0,42.0,0.0,0.0,34.0,183.0,0.0,0.0,0.0,0.0,0.0,1.0,0.1866666666666666,0.8133333333333334,baseline,male_P42,male,P42,1111862,CTRL,MDMA,CTRL_MDMA
1,inactive,1,blue,8,4-8,1.0,8.12,8.12,14292.24,107.76000000000022,17.0,840.72,0.0753526354862656,0.0092798812175203,1.0,3.12,3.12,0.0289532293986636,0.0092798812175203,,,,,,10.0,14377.88,1437.788,133.42501855976215,0.0927988121752039,,,,,,2.0,10.8,5.4,0.1002227171492202,0.0185597624350407,1.0,1.56,1.56,0.0144766146993318,0.0092798812175203,1.0,2.76,2.76,0.0256124721603562,0.0092798812175203,1.0,1.28,1.28,0.0118782479584261,0.0092798812175203,,,,,,,,,,,,,,,,,,,,,,,,,6.354862627341638,94.0,0.0676049215674642,0.036933643067764,1.4991627136410448,0.0673271316367654,0.8723088344469173,357323.0,345476.0,2886.0,0.9668451233197974,0.0080767260993554,312.0,103.0,79.0,204.0,0.0,0.0,0.0,0.0,312.0,103.0,79.0,204.0,0.0,1.0,0.0,1.0,0.0,1.0,0.0,1.0,baseline,male_P42,male,P42,1111862,CTRL,MDMA,CTRL_MDMA
1,inactive,1,blue,12,8-12,,,,14079.2,320.7999999999993,13.0,1083.0153846153846,,,,,,,,,,,,,5.0,14399.96,2879.9919999999997,44.88765586034923,0.0155860349127182,,,,,,12.0,210.24,17.52,0.6553615960099766,0.0374064837905237,1.0,2.12,2.12,0.0066084788029925,0.0031172069825436,3.0,4.16,1.3866666666666667,0.0129675810473815,0.0093516209476309,1.0,1.16,1.16,0.0036159600997506,0.0031172069825436,3.0,8.04,2.6799999999999997,0.0250623441396509,0.0093516209476309,2.0,5.36,2.68,0.0167082294264339,0.0062344139650872,,,,,,,,,,,,,,,5.3587187365436435,310.0,0.0172861894727214,0.0027374232276307,2.1296259075824455,0.0153364338258678,0.9663341645885308,351993.0,327142.0,2884.0,0.9293991641879242,0.0081933447540149,5322.0,137.0,0.0,0.0,0.0,0.0,0.0,0.0,5322.0,137.0,0.0,0.0,0.0,1.0,0.0,1.0,0.0,0.0,0.0,0.0,baseline,male_P42,male,P42,1111862,CTRL,MDMA,CTRL_MDMA
1,inactive,1,green,4,0-4,13.0,47.72,3.670769230769231,13015.76,1384.2399999999998,30.0,433.8586666666667,0.0344737906721377,0.0093914350112697,15.0,48.88,3.258666666666667,0.0353117956423741,0.0108362711668496,6.0,34.48,5.746666666666666,0.0249089753221984,0.0043345084667398,43.0,14039.84,326.5079069767442,10.142634225278854,0.031063977344969,,,,,,20.0,187.0,9.35,0.135092180546726,0.0144483615557995,5.0,20.0,4.0,0.0144483615557995,0.0036120903889498,3.0,11.64,3.88,0.0084089464254753,0.0021672542333699,2.0,5.88,2.94,0.004247818297405,0.0014448361555799,20.0,105.84,5.292,0.0764607293532913,0.0144483615557995,3.0,6.16,2.0533333333333332,0.0044500953591862,0.0021672542333699,,,,,,,,,,,,,,,76.06828231083114,1361.0,0.0558914638580684,0.0109188319954406,1.9938410127676387,0.0513386992240579,0.9832110038721612,325424.0,321807.6666666666,0.0,0.9888873182883458,0.0,5200.0,443.0,2105.0,1206.0,10.0,0.0,51.0,126.0,5190.0,443.0,2054.0,1080.0,0.0019230769230769,0.9980769230769232,0.0,1.0,0.0242280285035629,0.975771971496437,0.1044776119402985,0.8955223880597015,baseline,male_P42,male,P42,1111966,CTRL,MDMA,CTRL_MDMA
1,inactive,1,green,8,4-8,6.0,16.2,2.6999999999999997,13701.24,698.7600000000002,21.0,652.4399999999999,0.0231839258114373,0.0085866391894212,4.0,14.28,3.57,0.0204362012708225,0.0057244261262808,3.0,24.36,8.12,0.0348617551090503,0.0042933195947106,18.0,14287.76,793.7644444444445,20.44730665750758,0.0257599175682637,,,,,,16.0,162.2,10.1375,0.2321254794206879,0.0228977045051233,7.0,13.72,1.96,0.0196347816131432,0.0100177457209914,1.0,1.16,1.16,0.0016600835766214,0.0014311065315702,,,,,,10.0,39.16,3.915999999999999,0.0560421317762894,0.014311065315702,2.0,4.04,2.02,0.0057816703875436,0.0028622130631404,,,,,,,,,,,,,,,42.69331164042784,681.0,0.0626920875777207,0.0140985566300951,1.9554369463466976,0.0582082177170261,0.9745835479993128,342552.0,339648.0,44.0,0.9915224549849366,0.0001284476517433,4421.0,30.0,973.0,411.0,61.0,0.0,74.0,0.0,4360.0,30.0,899.0,411.0,0.0137977833069441,0.986202216693056,0.0,1.0,0.0760534429599177,0.9239465570400822,0.0,1.0,baseline,male_P42,male,P42,1111966,CTRL,MDMA,CTRL_MDMA
1,inactive,1,green,12,8-12,2.0,5.44,2.72,12933.4,1466.6000000000004,49.0,263.9469387755102,0.0037092595117959,0.0013636983499249,3.0,15.68,5.226666666666667,0.0106913950634119,0.0020455475248874,4.0,23.32,5.83,0.0159007227601254,0.0027273966998499,15.0,14344.36,956.2906666666668,9.78069003136506,0.0102277376244374,,,,,,61.0,661.76,10.848524590163937,0.4512205100231827,0.0415927996727123,10.0,122.36,12.236,0.0834310650484112,0.0068184917496249,3.0,34.88,11.626666666666669,0.0237828992226919,0.0020455475248874,2.0,6.96,3.48,0.0047456702577389,0.0013636983499249,6.0,21.04,3.5066666666666664,0.0143461066412109,0.0040910950497749,5.0,11.24,2.248,0.0076639847265784,0.0034092458748124,0.0,0.0,0.0,1.6,1.0,1.6,0.0,0.0,0.0010909586799399,0.0006818491749624,0.0,1.0,0.0,1.0,36.06758200580453,1424.0,0.0253283581501436,0.0035096667790526,2.25791469813697,0.0232198852398719,0.9709532251465972,323384.0,313754.6666666667,0.0,0.9702232227527232,0.0,19674.0,1051.0,982.0,138.0,144.0,0.0,141.0,76.0,19530.0,1051.0,841.0,62.0,0.0073193046660567,0.9926806953339432,0.0,1.0,0.1435845213849287,0.8564154786150713,0.5507246376811594,0.4492753623188406,baseline,male_P42,male,P42,1111966,CTRL,MDMA,CTRL_MDMA
1,inactive,1,red,4,0-4,4.0,23.4,5.85,13951.24,448.7600000000002,10.0,1395.124,0.0521436848203939,0.0089134503966485,3.0,11.92,3.973333333333333,0.0265620821820126,0.0066850877974864,5.0,29.56,5.912,0.0658703984312327,0.0111418129958106,27.0,14219.16,526.6355555555556,31.685444335502257,0.0601657901773776,,,,,,5.0,19.76,3.952,0.0440324449594437,0.0111418129958106,3.0,9.64,3.213333333333334,0.0214814154559229,0.0066850877974864,,,,,,4.0,13.84,3.46,0.0308405383724039,0.0089134503966485,3.0,44.68,14.893333333333333,0.0995632409305641,0.0066850877974864,1.0,2.04,2.04,0.0045458597022907,0.0022283625991621,,,,,,,,,,,,,,,19.47443535231388,437.0,0.0445639252913361,0.016491423238816,1.7965789591406696,0.0434032359897342,0.9737944558338528,348791.0,330941.6666666667,1942.0,0.9488251321469496,0.0055678042151316,743.0,350.0,1045.0,589.0,0.0,0.0,0.0,0.0,743.0,350.0,1045.0,589.0,0.0,1.0,0.0,1.0,0.0,1.0,0.0,1.0,baseline,male_P42,male,P42,1111832,ELA,MDMA,ELA_MDMA
1,inactive,1,red,8,4-8,,,,13996.12,403.8799999999992,12.0,1166.3433333333337,,,4.0,19.36,4.84,0.0479350302069922,0.0099039318609488,5.0,29.36,5.872,0.0726948598593643,0.012379914826186,18.0,14309.36,794.9644444444444,35.42973160344664,0.0445676933742696,,,,,,5.0,77.44,15.488,0.191740120827969,0.012379914826186,7.0,22.52,3.217142857142857,0.0557591363771418,0.0173318807566604,3.0,8.76,2.92,0.0216896107754779,0.0074279488957116,1.0,1.96,1.96,0.0048529266118649,0.0024759829652372,9.0,32.6,3.6222222222222222,0.0807170446667328,0.0222838466871348,,,,,,,,,,,,,,,,,,,,17.625648881080803,392.0,0.0449633900027571,0.0152033764328504,1.8006704109433902,0.0413227535012493,0.970585322372984,349915.0,343411.6666666667,0.0,0.9814145340058776,0.0,2511.0,272.0,1227.0,0.0,0.0,0.0,0.0,0.0,2511.0,272.0,1227.0,0.0,0.0,1.0,0.0,1.0,0.0,1.0,0.0,0.0,baseline,male_P42,male,P42,1111832,ELA,MDMA,ELA_MDMA
1,inactive,1,red,12,8-12,1.0,9.4,9.4,13611.52,788.4799999999996,9.0,1512.391111111111,0.011921672077922,0.0012682629870129,3.0,14.0,4.666666666666667,0.0177556818181818,0.0038047889610389,3.0,31.24,10.413333333333332,0.0396205357142857,0.0038047889610389,18.0,14314.68,795.26,18.15477881493507,0.0228287337662337,,,,,,24.0,462.76,19.281666666666663,0.5869013798701301,0.0304383116883117,2.0,6.08,3.04,0.0077110389610389,0.0025365259740259,3.0,20.16,6.72,0.0255681818181818,0.0038047889610389,2.0,2.96,1.48,0.0037540584415584,0.0025365259740259,8.0,34.76,4.345,0.0440848214285714,0.0101461038961039,3.0,7.32,2.44,0.009283685064935,0.0038047889610389,1.6,1.0,1.6,0.0,0.0,0.0,0.0020292207792207,0.0012682629870129,0.0,0.0,1.0,0.0,1.0,0.0,14.045577070966672,781.0,0.0179840935607767,0.0027207121438856,2.085077479715665,0.0166898357388227,0.9905133928571436,340297.0,321703.3333333333,0.0,0.945360474330756,0.0,11747.0,583.0,1137.0,236.0,35.0,0.0,0.0,0.0,11712.0,583.0,1137.0,236.0,0.002979484123606,0.997020515876394,0.0,1.0,0.0,1.0,0.0,1.0,baseline,male_P42,male,P42,1111832,ELA,MDMA,ELA_MDMA
1,inactive,1,yellow,4,0-4,5.0,11.92,2.384,13710.12,689.8799999999992,39.0,351.5415384615385,0.0172783672522757,0.0072476372702499,3.0,9.32,3.106666666666667,0.0135095958717458,0.0043485823621499,1.0,5.32,5.32,0.0077114860555459,0.0014495274540499,17.0,14242.08,837.7694117647059,20.64428596277616,0.0246419667188496,,,,,,7.0,18.48,2.64,0.0267872673508436,0.0101466921783498,4.0,9.2,2.3,0.0133356525772598,0.0057981098161999,,,,,,,,,,,7.0,35.04,5.005714285714285,0.0507914419899113,0.0101466921783498,,,,,,,,,,,,,,,,,,,,30.250865188862804,662.0,0.0456961709801552,0.0113705969407187,2.1403463493507147,0.0462056516776459,0.9595871745810876,342792.0,332635.6666666666,0.0,0.9703717317401416,0.0,703.0,0.0,370.0,303.0,10.0,0.0,51.0,84.0,693.0,0.0,319.0,219.0,0.0142247510668563,0.9857752489331436,0.0,0.0,0.1378378378378378,0.8621621621621621,0.2772277227722772,0.7227722772277227,baseline,male_P42,male,P42,1111916,ELA,MDMA,ELA_MDMA
1,inactive,1,yellow,8,4-8,1.0,2.84,2.84,14065.84,334.15999999999985,23.0,611.5582608695652,0.008498922671774,0.0029925784055542,2.0,6.6,3.3,0.0197510174766578,0.0059851568111084,,,,,,9.0,14384.92,1598.3244444444445,43.048000957625106,0.026933205649988,,,,,,8.0,19.92,2.49,0.0596121618386402,0.0239406272444338,3.0,21.24,7.079999999999999,0.0635623653339717,0.0089777352166626,2.0,5.28,2.64,0.0158008139813263,0.0059851568111084,1.0,2.04,2.04,0.0061048599473306,0.0029925784055542,2.0,5.52,2.76,0.0165190327986593,0.0059851568111084,,,,,,,,,,,,,,,,,,,,17.16651160842376,316.0,0.0543244038241258,0.012977722941478,2.053233081353459,0.0485333200990351,0.9456547761551356,351669.0,345211.6666666666,0.0,0.981638036524876,0.0,1040.0,186.0,167.0,72.0,61.0,0.0,74.0,0.0,979.0,186.0,93.0,72.0,0.0586538461538461,0.9413461538461538,0.0,1.0,0.4431137724550898,0.5568862275449101,0.0,1.0,baseline,male_P42,male,P42,1111916,ELA,MDMA,ELA_MDMA
1,inactive,1,yellow,12,8-12,1.0,3.92,3.92,13660.48,739.5200000000004,34.0,401.77882352941174,0.005300735612289,0.0013522284725227,4.0,10.08,2.52,0.0136304630030289,0.0054089138900908,,,,,,6.0,14395.84,2399.306666666667,19.466464733881427,0.0081133708351363,,,,,,51.0,306.44,6.008627450980392,0.4143768931198613,0.0689636520986585,2.0,2.52,1.26,0.0034076157507572,0.0027044569450454,1.0,16.24,16.24,0.0219601903937689,0.0013522284725227,1.0,30.04,30.04,0.0406209433145824,0.0013522284725227,2.0,7.32,3.66,0.0098983124188662,0.0027044569450454,,,,,,,,,,,,,,,,,,,,20.340791500846507,708.0,0.0287299314983707,0.0042526855755049,2.148783586531867,0.0276202674875498,0.9573777585460834,341546.0,325664.0,0.0,0.9534996750071733,0.0,7777.0,1159.0,256.0,99.0,179.0,0.0,141.0,76.0,7598.0,1159.0,115.0,23.0,0.023016587373023,0.976983412626977,0.0,1.0,0.55078125,0.44921875,0.7676767676767676,0.2323232323232323,baseline,male_P42,male,P42,1111916,ELA,MDMA,ELA_MDMA
1,inactive,2,blue,4,0-4,13.0,64.32,4.947692307692307,13274.84,1125.16,32.0,414.83875,0.0571652031711045,0.0115539123324682,7.0,40.0,5.714285714285714,0.0355504994845177,0.0062213374097906,4.0,11.28,2.82,0.010025240854634,0.0035550499484517,41.0,14110.08,344.1482926829268,12.540509794162608,0.0364392619716307,,,,,,14.0,63.4,4.5285714285714285,0.0563475416829606,0.0124426748195812,3.0,16.16,5.386666666666667,0.0143624017917451,0.0026662874613388,5.0,8.84,1.768,0.0078566603860784,0.0044438124355647,2.0,17.76,8.88,0.0157844217711258,0.0017775249742258,12.0,41.88,3.49,0.03722137296029,0.0106651498453553,3.0,8.76,2.92,0.0077855593871093,0.0026662874613388,1.2,1.0,1.2,0.0,0.0,0.0,0.0010665149845355,0.0008887624871129,0.0,0.0,1.0,0.0,1.0,0.0,49.221268909665085,1096.0,0.0449099168883805,0.0136008185044404,1.8542351679957372,0.0377225170062321,0.9740836858757864,331903.0,263646.0,19423.0,0.794346541007463,0.0585201097911136,2006.0,672.0,1293.0,1621.0,130.0,0.0,21.0,0.0,1876.0,672.0,1272.0,1621.0,0.0648055832502492,0.9351944167497508,0.0,1.0,0.0162412993039443,0.9837587006960556,0.0,1.0,baseline,male_P42,male,P42,1111967,CTRL,MDMA,CTRL_MDMA
1,inactive,2,blue,8,4-8,,,,13887.16,512.8400000000001,6.0,2314.526666666666,,,,,,,,,,,,,5.0,13891.12,2778.224,27.086654707121124,0.0097496295140784,,,,,,,,,,,,,,,,,,,,,,,,,,,,,,,,,,,,,,,,,,,,,,,,,,0.0,0.0,,,,,0.0,347185.0,347142.0,0.0,0.9998761467229288,0.0,,,,,,,,,,,,,,,,,,,,,baseline,male_P42,male,P42,1111967,CTRL,MDMA,CTRL_MDMA
1,inactive,2,blue,12,8-12,9.0,57.96,6.44,12726.68,1673.3199999999997,40.0,318.16700000000003,0.0346377261970215,0.0053785289125809,7.0,17.32,2.474285714285714,0.0103506800851002,0.0041833002653407,7.0,38.64,5.5200000000000005,0.023091817464681,0.0041833002653407,46.0,14074.8,305.97391304347826,8.411302082088305,0.0274902588865249,,,,,,37.0,282.2,7.627027027027027,0.1686467621255946,0.022111729973944,1.0,17.8,17.8,0.0106375349604379,0.0005976143236201,6.0,34.16,5.6933333333333325,0.0204145052948629,0.0035856859417206,2.0,11.0,5.5,0.0065737575598211,0.0011952286472402,23.0,109.36,4.754782608695652,0.065355102431095,0.0137451294432624,1.0,2.12,2.12,0.0012669423660746,0.0005976143236201,1.6,1.0,1.6,0.0,0.0,0.0,0.0009561829177921,0.0005976143236201,0.0,0.0,1.0,0.0,1.0,0.0,48.49751061758029,1605.0,0.0302165175187416,0.0067388183364547,1.9349172891522113,0.027245508116139,0.9591709894102745,318207.0,281943.0,0.0,0.8860364479725462,0.0,7538.0,1137.0,1413.0,1458.0,640.0,0.0,0.0,0.0,6898.0,1137.0,1413.0,1458.0,0.0849031573361634,0.9150968426638364,0.0,1.0,0.0,1.0,0.0,1.0,baseline,male_P42,male,P42,1111967,CTRL,MDMA,CTRL_MDMA
1,inactive,2,green,4,0-4,45.0,212.32,4.718222222222222,11455.48,2944.5200000000004,228.0,50.24333333333333,0.0721068289568418,0.0152826267099561,12.0,79.32,6.609999999999999,0.0269381766807493,0.0040753671226549,8.0,72.16,9.02,0.0245065409642318,0.0027169114151033,59.0,14007.2,237.41016949152544,4.757040196704386,0.0200372216863869,,,,,,31.0,416.0,13.419354838709678,0.1412793935853721,0.0105280317335253,6.0,14.44,2.4066666666666667,0.0049040251042614,0.0020376835613274,2.0,18.6,9.3,0.0063168190401151,0.0006792278537758,1.0,1.28,1.28,0.0004347058264165,0.0003396139268879,26.0,88.52,3.4046153846153846,0.0300626248081181,0.0088299620990857,1.0,2.8,2.8,0.0009509189952861,0.0003396139268879,,,,,,,,,,,,,,,131.6651000466607,2756.0,0.0477739840517636,0.0113272550014478,2.0279945638171397,0.0426665461021111,0.9359759825030904,286615.0,252352.3333333333,253.0,0.8804575243212439,0.00088271723392,10798.0,500.0,3807.0,5353.0,337.0,0.0,428.0,2608.0,10461.0,500.0,3379.0,2745.0,0.0312094832376366,0.9687905167623634,0.0,1.0,0.1124244812188074,0.8875755187811926,0.4872034373248645,0.5127965626751354,baseline,male_P42,male,P42,1111833,ELA,MDMA,ELA_MDMA
1,inactive,2,green,8,4-8,,,,13886.28,513.7199999999993,6.0,2314.38,,,,,,,,,,,,,5.0,13891.12,2778.224,27.040255392042393,0.00973292844351,,,,,,,,,,,,,,,,,,,,,,,,,,,,,,,,,,,,,,,,,,,,,,,,,,0.0,0.0,,,,,0.0,347163.0,347127.3333333333,0.0,0.999897262477088,0.0,,,,,,,,,,,,,,,,,,,,,baseline,male_P42,male,P42,1111833,ELA,MDMA,ELA_MDMA
1,inactive,2,green,12,8-12,11.0,90.4,8.218181818181819,11828.96,2571.040000000001,114.0,103.76280701754384,0.0351608687535005,0.0042784242952268,6.0,34.68,5.78,0.0134887049598605,0.0023336859792146,7.0,39.12,5.588571428571428,0.0152156325844794,0.002722633642417,32.0,14158.32,442.4475,5.506845478872361,0.012446325222478,,,,,,68.0,998.28,14.680588235294117,0.3882786732217311,0.0264484410977658,24.0,66.48,2.77,0.0258572406496981,0.0093347439168585,3.0,69.96,23.319999999999997,0.0272107785176426,0.0011668429896073,3.0,9.72,3.24,0.0037805712863277,0.0011668429896073,29.0,97.96,3.377931034482758,0.0381013130873109,0.0112794822328707,1.0,2.44,2.44,0.0009490322982139,0.0003889476632024,0.0,0.0,0.0,1.6,1.0,1.6,0.0,0.0,0.0006223162611239,0.0003889476632024,0.0,1.0,0.0,1.0,70.91319465100828,2442.0,0.0290389822485701,0.0042876502815895,2.1321888236739164,0.0257974877297719,0.9498101935403568,295838.0,272571.0,0.0,0.921352226556426,0.0,26711.0,1998.0,1858.0,2271.0,1067.0,33.0,386.0,441.0,25644.0,1965.0,1472.0,1830.0,0.0399460896259967,0.9600539103740032,0.0165165165165165,0.9834834834834836,0.2077502691065662,0.7922497308934338,0.1941875825627476,0.8058124174372523,baseline,male_P42,male,P42,1111833,ELA,MDMA,ELA_MDMA
1,inactive,2,red,4,0-4,29.0,663.2,22.86896551724138,11442.68,2957.3199999999997,31.0,369.11870967741936,0.2242570976424601,0.009806175861929,6.0,25.76,4.293333333333334,0.0087105893173549,0.0020288639714335,6.0,45.16,7.526666666666666,0.0152705828249901,0.0020288639714335,73.0,13078.24,179.1539726027397,4.422328324293618,0.024684511652442,,,,,,32.0,174.68,5.45875,0.0590669930883367,0.0108206078476458,19.0,95.72,5.037894736842105,0.0323671432242706,0.0064247359095397,1.0,4.76,4.76,0.0016095654173373,0.0003381439952389,6.0,48.2,8.033333333333333,0.0162985405705165,0.0020288639714335,54.0,221.92,4.109629629629629,0.0750409154234239,0.0182597757429023,5.0,12.0,2.4,0.0040577279428671,0.0016907199761946,0.8,1.0,0.8,0.0,0.0,0.0,0.0002705151961911,0.0003381439952389,0.0,0.0,1.0,0.0,1.0,0.0,79.61214338002931,2927.0,0.0271992290331497,0.0064685904299223,2.008370064887942,0.0235072642464893,0.9897474740643556,286098.0,249976.0,3547.0,0.8737425637369013,0.0123978496878691,6811.0,1331.0,1785.0,16609.0,0.0,74.0,36.0,651.0,6811.0,1257.0,1749.0,15958.0,0.0,1.0,0.0555972952667167,0.9444027047332832,0.0201680672268907,0.9798319327731092,0.0391956168342464,0.9608043831657536,baseline,male_P42,male,P42,1111863,CTRL,MDMA,CTRL_MDMA
1,inactive,2,red,8,4-8,,,,13883.8,516.2000000000007,6.0,2313.9666666666667,,,,,,,,,,,,,5.0,13891.12,2778.224,26.91034482758617,0.0096861681518791,,,,,,,,,,,,,,,,,,,,,,,,,,,,,,,,,,,,,,,,,,,,,,,,,,0.0215928990822542,2.0,0.0107964495411271,0.0107964495411271,2.4533083612161293,0.0021427180887221,0.0038744672607516,347101.0,347078.3333333333,0.0,0.999934697201487,0.0,,,,,,,,,,,,,,,,,,,,,baseline,male_P42,male,P42,1111863,CTRL,MDMA,CTRL_MDMA
1,inactive,2,red,12,8-12,3.0,30.96,10.32,13505.16,894.8400000000001,20.0,675.258,0.0345983639533324,0.0033525546466407,3.0,32.28,10.76,0.0360734879978543,0.0033525546466407,2.0,6.84,3.42,0.0076438245943408,0.0022350364310938,15.0,14270.32,951.3546666666666,15.947342541683426,0.0167627732332036,,,,,,10.0,123.92,12.392,0.1384828572705735,0.0111751821554691,2.0,16.28,8.14,0.0181931965491037,0.0022350364310938,3.0,6.8,2.2666666666666666,0.007599123865719,0.0033525546466407,1.0,28.72,28.72,0.0320951231505073,0.0011175182155469,14.0,51.08,3.648571428571429,0.0570828304501363,0.0156452550176567,2.0,4.0,2.0,0.0044700728621876,0.0022350364310938,,,,,,,,,,,,,,,16.274864810446168,848.0,0.0191920575594884,0.0043552145791396,2.032187003777315,0.0178715811796111,0.9476554467837824,337649.0,293069.3333333333,95.0,0.8679703873944046,0.0002813572674582,3517.0,892.0,983.0,777.0,0.0,0.0,0.0,0.0,3517.0,892.0,983.0,777.0,0.0,1.0,0.0,1.0,0.0,1.0,0.0,1.0,baseline,male_P42,male,P42,1111863,CTRL,MDMA,CTRL_MDMA
1,inactive,2,yellow,4,0-4,46.0,424.36,9.225217391304348,11202.68,3197.3199999999997,62.0,180.6883870967742,0.1327236560619519,0.0143870491536661,7.0,18.08,2.5828571428571427,0.005654735841267,0.0021893335668622,11.0,31.8,2.890909090909091,0.009945829632317,0.0034403813193549,87.0,13795.64,158.57057471264366,4.314751104049642,0.0272102886167165,,,,,,23.0,80.4,3.4956521739130437,0.0251460598251035,0.007193524576833,13.0,43.56,3.350769230769231,0.0136239100246456,0.0040659051956013,3.0,3.84,1.28,0.001201005842393,0.0009382858143695,10.0,84.32,8.431999999999999,0.0263720866225463,0.0031276193812317,30.0,128.52,4.284000000000001,0.0401961642875908,0.0093828581436953,,,,,,0.0,0.0,0.0,2.0,2.0,1.0,0.0,0.0,0.0006255238762463,0.0006255238762463,0.0,1.0,0.0,1.0,121.31666039647422,3140.0,0.0386358791071573,0.0089704541739787,2.172387528038032,0.0352543043798998,0.9820724857067796,280129.0,253303.66666666663,462.0,0.9042393563917576,0.0016492401714924,3135.0,2217.0,1265.0,10655.0,207.0,74.0,443.0,3232.0,2928.0,2143.0,822.0,7423.0,0.0660287081339713,0.9339712918660288,0.0333784393324312,0.9666215606675688,0.350197628458498,0.649802371541502,0.3033317691224777,0.6966682308775223,baseline,male_P42,male,P42,1111917,ELA,MDMA,ELA_MDMA
1,inactive,2,yellow,8,4-8,,,,13888.12,511.8799999999992,5.0,2777.6240000000003,,,,,,,,,,,,,5.0,13891.12,2778.224,27.137454090802574,0.0097679143549269,,,,,,,,,,,,,,,,,,,,,,,,,,,,,,,,,,,,,,,,,,,,,,,,,,0.0,0.0,,,,,0.0,347208.0,347149.6666666666,0.0,0.999831993118438,0.0,,,,,,,,,,,,,,,,,,,,,baseline,male_P42,male,P42,1111917,ELA,MDMA,ELA_MDMA
1,inactive,2,yellow,12,8-12,9.0,56.52,6.28,13036.08,1363.92,32.0,407.3775,0.0414393806088333,0.006598627485483,1.0,5.84,5.84,0.0042817760572467,0.0007331808317203,7.0,12.8,1.8285714285714287,0.0093847146460202,0.0051322658220423,21.0,14278.56,679.9314285714286,10.468766496568712,0.015396797466127,,,,,,40.0,218.48,5.462,0.1601853481142588,0.0293272332688134,25.0,158.4,6.336,0.1161358437445011,0.0183295207930083,,,,,,5.0,38.08,7.616,0.0279195260719103,0.0036659041586016,11.0,37.96,3.450909090909091,0.0278315443721039,0.0080649891489236,1.0,2.08,2.08,0.0015250161299782,0.0007331808317203,,,,,,,,,,,,,,,55.05008510685056,1306.0,0.0421516731292883,0.0076948290105357,2.213027776326247,0.0385078906750924,0.957534166226758,325934.0,290822.0,177.0,0.8922726686997982,0.0005430547288714,9487.0,957.0,474.0,1422.0,427.0,33.0,386.0,441.0,9060.0,924.0,88.0,981.0,0.0450089596289659,0.954991040371034,0.0344827586206896,0.9655172413793104,0.8143459915611815,0.1856540084388185,0.310126582278481,0.689873417721519,baseline,male_P42,male,P42,1111917,ELA,MDMA,ELA_MDMA
1,inactive,3,blue,4,0-4,19.0,175.84,9.254736842105263,11717.8,2682.2000000000007,94.0,124.65744680851064,0.0655581239281186,0.0070837372306315,9.0,36.96,4.1066666666666665,0.0137797330549548,0.0033554544776675,25.0,81.0,3.24,0.0301990902990082,0.0093207068824099,75.0,13772.16,183.6288,5.134650659906046,0.0279621206472298,1.0,2.0,2.0,0.0007456565505927,0.0003728282752963,10.0,42.0,4.2,0.0156587875624487,0.0037282827529639,49.0,285.56,5.8277551020408165,0.1064648422936395,0.0182685854895235,9.0,90.92,10.102222222222222,0.0338975467899485,0.0033554544776675,5.0,8.8,1.7600000000000002,0.0032808888226083,0.0018641413764819,45.0,190.64,4.2364444444444445,0.0710759824025053,0.0167772723883379,2.0,4.08,2.04,0.0015211393632093,0.0007456565505927,0.8,1.0,0.8,10.0,10.0,1.0,0.0002982626202371,0.0003728282752963,0.0037282827529639,0.0037282827529639,0.074074074074074,0.9259259259259258,0.0909090909090909,0.9090909090909092,119.37829550307552,2589.0,0.0461098090008016,0.0127555985659162,1.9272734467697727,0.0393483655029292,0.9652524047423754,293039.0,232969.0,4630.0,0.7950102204825978,0.015799944717256,8248.0,2507.0,2983.0,4415.0,990.0,0.0,594.0,87.0,7258.0,2507.0,2389.0,4328.0,0.1200290979631425,0.8799709020368575,0.0,1.0,0.1991283942339926,0.8008716057660074,0.0197055492638731,0.9802944507361268,baseline,male_P42,male,P42,1111864,CTRL,saline,CTRL_saline
1,inactive,3,blue,8,4-8,,,,12086.6,2313.3999999999996,10.0,1208.66,,,,,,,,,,,,,6.0,12110.4,2018.4,5.234892366214231,0.0025935851992737,,,,,,,,,,,,,,,,,,,,,,,,,,,,,,,,,,,,0.0,0.0,0.0,1.0,1.0,1.0,0.0,0.0,0.0004322641998789,0.0004322641998789,0.0,1.0,0.0,1.0,0.814942745274025,26.0,0.0313439517413086,0.0143322084739129,2.5304541217038974,0.0276031186177722,0.0112388691968531,302175.0,290022.6666666667,0.0,0.9597837897465598,0.0,,,,,,,,,,,,,,,,,,,,,baseline,male_P42,male,P42,1111864,CTRL,saline,CTRL_saline
1,inactive,3,blue,12,8-12,4.0,77.16,19.29,13373.64,1026.3600000000006,30.0,445.7879999999999,0.0751783000116917,0.0038972680151213,1.0,4.12,4.12,0.004014186055575,0.0009743170037803,4.0,18.32,4.58,0.017849487509256,0.0038972680151213,21.0,14223.36,677.3028571428572,13.85806149888927,0.0204606570793873,1.0,2.4,2.4,0.0023383608090728,0.0009743170037803,1.0,1.28,1.28,0.0012471257648388,0.0009743170037803,22.0,203.4,9.245454545454546,0.198176078568923,0.0214349740831676,2.0,5.44,2.72,0.0053002845005651,0.0019486340075606,3.0,14.24,4.746666666666667,0.0138742741338321,0.002922951011341,9.0,41.48,4.608888888888888,0.0404146693168088,0.0087688530340231,4.0,11.36,2.84,0.0110682411629447,0.0038972680151213,0.0,0.0,0.0,2.8,3.0,0.9333333333333332,0.0,0.0,0.0027280876105849,0.002922951011341,0.0,1.0,0.0,1.0,23.942986715814683,1001.0,0.0239190676481665,0.0041516966278136,2.1029446257256006,0.0209746758208602,0.9752913207841296,334371.0,298855.6666666666,5620.0,0.8937846483895632,0.016807677699322,5140.0,497.0,566.0,1933.0,58.0,0.0,0.0,0.0,5082.0,497.0,566.0,1933.0,0.011284046692607,0.988715953307393,0.0,1.0,0.0,1.0,0.0,1.0,baseline,male_P42,male,P42,1111864,CTRL,saline,CTRL_saline
1,inactive,3,green,4,0-4,63.0,284.6,4.517460317460317,8348.68,6051.32,120.0,69.57233333333333,0.0470310609916514,0.0104109516601336,15.0,56.08,3.7386666666666666,0.0092673995095285,0.0024787980143175,41.0,351.8,8.580487804878048,0.0581360760957939,0.0067753812391346,213.0,12403.64,58.23305164319248,2.049741213487305,0.035198931803309,1.0,1.8,1.8,0.0002974557617181,0.0001652532009545,9.0,29.16,3.24,0.0048187833398332,0.0014872788085905,47.0,488.76,10.399148936170212,0.0807691544985226,0.0077669004448616,8.0,66.2,8.275,0.010939761903188,0.001322025607636,5.0,50.04,10.008,0.0082692701757633,0.0008262660047725,73.0,368.68,5.050410958904109,0.0609255501279059,0.0120634836696786,20.0,50.32,2.516,0.0083155410720305,0.00330506401909,18.2,18.0,1.011111111111111,0.0,0.0,0.0,0.0030076082573719,0.002974557617181,0.0,0.0,1.0,0.0,1.0,0.0,266.1448362252912,5937.0,0.0448281684731836,0.0094550104210743,1.9802798646554935,0.0377364418850903,0.9811082540668812,208837.0,188453.33333333337,613.0,0.9023943713677812,0.0029353036099924,13004.0,2919.0,10253.0,7178.0,866.0,22.0,1744.0,401.0,12138.0,2897.0,8509.0,6777.0,0.0665948938788065,0.9334051061211934,0.0075368276807125,0.9924631723192874,0.1700965571052375,0.8299034428947625,0.0558651434940094,0.9441348565059904,baseline,male_P42,male,P42,1111968,CTRL,saline,CTRL_saline
1,inactive,3,green,8,4-8,8.0,32.44,4.055,11222.8,3177.2000000000007,57.0,196.89122807017543,0.0102102480171219,0.0025179403248143,1.0,5.16,5.16,0.0016240715095052,0.0003147425406017,1.0,7.88,7.88,0.002480171219942,0.0003147425406017,26.0,11948.8,459.5692307692307,3.76079566914264,0.0081833060556464,,,,,,2.0,7.36,3.68,0.0023165050988291,0.0006294850812035,18.0,46.28,2.571111111111111,0.0145662847790507,0.0056653657308321,1.0,1.92,1.92,0.0006043056779554,0.0003147425406017,,,,,,10.0,47.68,4.768,0.0150069243358932,0.0031474254060178,2.0,4.96,2.48,0.0015611230013848,0.0006294850812035,1.0,1.0,1.0,0.0,0.0,0.0,0.0003147425406017,0.0003147425406017,0.0,0.0,1.0,0.0,1.0,0.0,43.161572185609344,849.0,0.0508381297828143,0.0180438654348281,2.0614395236674476,0.0436761572565471,0.2672164169709177,280627.0,279067.0,0.0,0.9944410195740252,0.0,1361.0,49.0,328.0,819.0,45.0,0.0,298.0,360.0,1316.0,49.0,30.0,459.0,0.0330639235855988,0.9669360764144012,0.0,1.0,0.9085365853658536,0.0914634146341463,0.4395604395604395,0.5604395604395604,baseline,male_P42,male,P42,1111968,CTRL,saline,CTRL_saline
1,inactive,3,green,12,8-12,12.0,59.36,4.946666666666666,12419.92,1980.08,49.0,253.46775510204083,0.0299785867237687,0.0060603611975273,3.0,14.44,4.8133333333333335,0.0072926346410246,0.0015150902993818,11.0,59.88,5.443636363636364,0.0302412023756615,0.0055553310977334,42.0,14182.6,337.68095238095236,7.162639893337643,0.0212112641913458,,,,,,3.0,11.0,3.6666666666666665,0.0055553310977334,0.0015150902993818,88.0,520.2,5.911363636363637,0.2627166579128116,0.0444426487818674,5.0,20.72,4.144,0.0104642236677305,0.0025251504989697,3.0,7.04,2.3466666666666667,0.0035554119025493,0.0015150902993818,44.0,179.56,4.080909090909091,0.0906832047190012,0.0222213243909337,4.0,8.84,2.21,0.0044644660821784,0.0020201203991757,4.8,5.0,0.96,3.4,3.0,1.1333333333333333,0.0024241444790109,0.0025251504989697,0.0017171023392994,0.0015150902993818,0.5853658536585367,0.4146341463414634,0.625,0.375,72.9659997637243,1934.0,0.0377280246968584,0.0073866439317607,2.0577348995521128,0.0314166051604123,0.9767282130014948,310547.0,292703.0,0.0,0.942540098600212,0.0,13371.0,702.0,1872.0,1496.0,190.0,44.0,457.0,395.0,13181.0,658.0,1415.0,1101.0,0.0142098571535412,0.9857901428464588,0.0626780626780626,0.9373219373219374,0.2441239316239316,0.7558760683760684,0.2640374331550802,0.7359625668449198,baseline,male_P42,male,P42,1111968,CTRL,saline,CTRL_saline
1,inactive,3,red,4,0-4,31.0,259.24,8.362580645161291,10601.16,3798.84,58.0,182.77862068965516,0.0682418843647008,0.0081603858019816,23.0,102.32,4.448695652173913,0.026934537911573,0.006054479788567,16.0,86.6,5.4125,0.0227964325952132,0.0042118120268292,99.0,13203.2,133.36565656565656,3.475587284539491,0.0260605869160059,,,,,,5.0,17.16,3.432,0.0045171683987743,0.0013161912583841,85.0,547.76,6.444235294117647,0.1441913847384991,0.0223752513925303,10.0,57.16,5.715999999999999,0.0150466984658474,0.0026323825167682,5.0,61.0,12.2,0.0160575333522864,0.0013161912583841,67.0,367.84,5.490149253731343,0.0968295584968042,0.0176369628623474,2.0,4.8,2.4,0.0012635436080487,0.0005264765033536,4.0,4.0,1.0,10.2,10.0,1.02,0.0010529530067073,0.0010529530067073,0.0026850301671036,0.0026323825167682,0.2816901408450704,0.7183098591549295,0.2857142857142857,0.7142857142857143,133.64052597779977,3738.0,0.0357518796088281,0.0101105782036807,2.012458885503289,0.0311474865238776,0.9839845847679818,265087.0,212219.0,4558.0,0.8005635885577188,0.0171943550607913,14213.0,2969.0,4762.0,6512.0,242.0,22.0,892.0,323.0,13971.0,2947.0,3870.0,6189.0,0.0170266657285583,0.9829733342714416,0.0074099023240148,0.9925900976759852,0.1873162536749265,0.8126837463250735,0.0496007371007371,0.9503992628992628,baseline,male_P42,male,P42,1111918,ELA,saline,ELA_saline
1,inactive,3,red,8,4-8,,,,12106.32,2293.6800000000003,7.0,1729.4742857142858,,,,,,,,,,,,,6.0,12117.36,2019.56,5.282933975096787,0.0026158836454954,,,,,,,,,,,,,,,,,,,,,,,,,,,,,,,,,,,,,,,,,,,,,,,,,,0.1232174476687415,9.0,0.013690827518749,0.0137124310545214,2.155267370605232,0.0106619600740471,0.0039238254682431,302665.0,290228.3333333333,0.0,0.958909465360492,0.0,,,,,,,,,,,,,,,,,,,,,baseline,male_P42,male,P42,1111918,ELA,saline,ELA_saline
1,inactive,3,red,12,8-12,10.0,197.8,19.78,12111.4,2288.6000000000004,24.0,504.64166666666665,0.0864283841649916,0.0043694835270471,9.0,35.64,3.96,0.0155728392903958,0.0039325351743423,16.0,64.08,4.005,0.0279996504413178,0.0069911736432753,54.0,13762.24,254.85629629629628,6.013388097526871,0.0235952110460543,1.0,2.04,2.04,0.0008913746395176,0.0004369483527047,2.0,10.36,5.18,0.0045267849340207,0.0008738967054094,66.0,415.36,6.293333333333334,0.1814908677794284,0.0288385912785108,6.0,35.16,5.859999999999999,0.0153631040810976,0.0026216901162282,2.0,7.08,3.54,0.0030935943371493,0.0008738967054094,40.0,198.8,4.970000000000001,0.0868653325176964,0.0174779341081884,3.0,9.56,3.186666666666667,0.004177226251857,0.0013108450581141,5.4,5.0,1.08,2.0,2.0,1.0,0.0023595211046054,0.0021847417635235,0.0008738967054094,0.0008738967054094,0.7297297297297297,0.2702702702702702,0.7142857142857143,0.2857142857142857,66.22655367408073,2267.0,0.0292133011354568,0.0058294467839486,2.05333935788123,0.0264795388047969,0.990561915581578,302809.0,280812.0,5237.0,0.9273568487066104,0.0172947303415684,10711.0,1064.0,2518.0,4955.0,0.0,0.0,291.0,355.0,10711.0,1064.0,2227.0,4600.0,0.0,1.0,0.0,1.0,0.1155679110405083,0.8844320889594917,0.0716448032290615,0.9283551967709384,baseline,male_P42,male,P42,1111918,ELA,saline,ELA_saline
1,inactive,3,yellow,4,0-4,21.0,95.84,4.563809523809524,12454.56,1945.4400000000005,98.0,127.08734693877553,0.0492639197302409,0.0107944732297063,5.0,29.32,5.864,0.0150711407188091,0.0025701126737396,8.0,18.68,2.335,0.0096019409490912,0.0041121802779833,39.0,14188.2,363.8,7.293054527510485,0.020046878855169,,,,,,1.0,7.92,7.92,0.0040710584752035,0.0005140225347479,11.0,27.72,2.52,0.0142487046632124,0.0056542478822271,5.0,47.96,9.592,0.0246525207665103,0.0025701126737396,2.0,2.88,1.44,0.001480384900074,0.0010280450694958,13.0,58.32,4.486153846153846,0.0299777942264988,0.006682292951723,,,,,,0.0,0.0,0.0,2.8,3.0,0.9333333333333332,0.0,0.0,0.0014392630972941,0.0015420676042437,0.0,1.0,0.0,1.0,98.31278418125748,1880.0,0.0522940341389667,0.0183330893132157,2.1736008200529984,0.0457057321744374,0.9663623653260957,311462.0,234358.66666666663,18971.0,0.7524470614927877,0.0609095170518393,903.0,1278.0,1213.0,2417.0,0.0,0.0,443.0,597.0,903.0,1278.0,770.0,1820.0,0.0,1.0,0.0,1.0,0.3652102225886232,0.6347897774113768,0.2470004137360364,0.7529995862639636,baseline,male_P42,male,P42,1111834,ELA,saline,ELA_saline
1,inactive,3,yellow,8,4-8,4.0,47.76,11.94,11546.32,2853.6800000000003,32.0,360.8225,0.0167362843766645,0.0014016988590171,1.0,4.4,4.4,0.0015418687449188,0.0003504247147542,1.0,11.16,11.16,0.0039107398166577,0.0003504247147542,15.0,12070.12,804.6746666666667,4.229668358049956,0.0052563707213142,,,,,,1.0,0.96,0.96,0.0003364077261641,0.0003504247147542,14.0,72.12,5.151428571428572,0.0252726304280788,0.0049059460065599,,,,,,1.0,1.96,1.96,0.0006868324409183,0.0003504247147542,5.0,29.24,5.848,0.0102464186594152,0.0017521235737714,,,,,,,,,,,,,,,,,,,,26.144702624882875,548.0,0.0477093113592753,0.0186919689343574,2.1533156140697858,0.0472064293409725,0.1920327436853466,288690.0,284336.6666666666,0.0,0.9849203874975464,0.0,1842.0,50.0,391.0,1198.0,45.0,0.0,298.0,360.0,1797.0,50.0,93.0,838.0,0.02442996742671,0.97557003257329,0.0,1.0,0.7621483375959079,0.237851662404092,0.3005008347245409,0.6994991652754591,baseline,male_P42,male,P42,1111834,ELA,saline,ELA_saline
1,inactive,3,yellow,12,8-12,4.0,16.2,4.05,13657.8,742.2000000000007,53.0,257.6943396226415,0.0218270008084074,0.0053893829156561,4.0,18.76,4.69,0.0252762058744273,0.0053893829156561,2.0,19.96,9.98,0.0268930207491242,0.002694691457828,10.0,14374.4,1437.44,19.367286445701943,0.0134734572891403,,,,,,1.0,2.24,2.24,0.0030180544327674,0.001347345728914,61.0,217.24,3.5613114754098363,0.2926973861492856,0.0821880894637563,1.0,2.6,2.6,0.0035030988951764,0.001347345728914,1.0,1.72,1.72,0.0023174346537321,0.001347345728914,10.0,30.12,3.012,0.0405820533548908,0.0134734572891403,,,,,,0.0,0.0,0.0,2.0,2.0,1.0,0.0,0.0,0.002694691457828,0.002694691457828,0.0,1.0,0.0,1.0,28.351331455578993,698.0,0.040617953374755,0.0073726578366342,2.2776231139176035,0.0373681657607524,0.9404473187819984,341498.0,306911.3333333333,0.0,0.8987207343332415,0.0,5549.0,110.0,974.0,409.0,176.0,44.0,479.0,124.0,5373.0,66.0,495.0,285.0,0.0317174265633447,0.9682825734366552,0.4,0.6,0.4917864476386037,0.5082135523613963,0.3031784841075794,0.6968215158924206,baseline,male_P42,male,P42,1111834,ELA,saline,ELA_saline
1,inactive,4,blue,4,0-4,,,,12016.4,2383.6000000000004,26.0,462.1692307692307,,,,,,,,1.0,4.52,4.52,0.0018962913240476,0.0004195334787716,10.0,12405.52,1240.552,5.2045309615707325,0.004195334787716,,,,,,16.0,190.36,11.8975,0.0798623930189629,0.0067125356603456,,,,,,3.0,15.48,5.16,0.0064943782513844,0.0012586004363148,,,,,,9.0,38.92,4.3244444444444445,0.0163282429937909,0.0037758013089444,,,,,,,,,,,,,,,,,,,,6.045844610490422,389.0,0.0155420169935486,0.0028756239651696,2.097364053884164,0.0141881363699441,0.1631985232421547,300436.0,237488.66666666663,22592.0,0.7904800578714489,0.0751973798080123,4775.0,390.0,114.0,0.0,0.0,0.0,48.0,0.0,4775.0,390.0,66.0,0.0,0.0,1.0,0.0,1.0,0.4210526315789473,0.5789473684210527,0.0,0.0,baseline,male_P42,male,P42,1111865,CTRL,saline,CTRL_saline
1,inactive,4,blue,8,4-8,,,,8711.32,5688.68,4.0,2177.83,,,,,,,,,,,,,4.0,8714.32,2178.58,1.531870310862977,0.0007031508188191,,,,,,,,,,,,,,,,,,,,,,,,,,,,,,,,,,,,,,,,,,,,,,,,,,0.0,0.0,,,,,0.0,217787.0,211197.0,0.0,0.9697410772911148,0.0,,,,,,,,,,,,,,,,,,,,,baseline,male_P42,male,P42,1111865,CTRL,saline,CTRL_saline
1,inactive,4,blue,12,8-12,,,,13818.08,581.9200000000001,19.0,727.2673684210527,,,,,,,,1.0,1.24,1.24,0.0021308770965081,0.0017184492713775,5.0,14399.96,2879.9919999999997,24.74560076986527,0.0085922463568875,,,,,,9.0,400.64,44.51555555555555,0.688479516084685,0.0154660434423975,,,,,,2.0,7.92,3.96,0.0136101182293098,0.003436898542755,,,,,,7.0,21.28,3.04,0.0365686004949133,0.0120291448996425,1.0,2.68,2.68,0.0046054440472917,0.0017184492713775,,,,,,,,,,,,,,,5.77319458417619,566.0,0.0101999904314066,0.0018147129645389,2.1529913243901504,0.0095948365453857,0.97264228759967,345471.0,321463.6666666666,2543.0,0.9305083977140386,0.0073609651750798,10025.0,200.0,32.0,0.0,0.0,0.0,0.0,0.0,10025.0,200.0,32.0,0.0,0.0,1.0,0.0,1.0,0.0,1.0,0.0,0.0,baseline,male_P42,male,P42,1111865,CTRL,saline,CTRL_saline
1,inactive,4,green,4,0-4,35.0,234.96,6.7131428571428575,7613.28,6786.72,103.0,73.91533980582524,0.0346205530801329,0.0051571303958318,3.0,9.08,3.026666666666667,0.0013379069712615,0.0004420397482141,12.0,55.28,4.6066666666666665,0.0081453190937595,0.0017681589928566,131.0,11213.0,85.59541984732824,1.6521972322417895,0.0193024023386849,,,,,,53.0,258.52,4.877735849056603,0.0380920385694414,0.0078093688851168,4.0,13.6,3.4,0.0020039135252375,0.0005893863309522,7.0,80.0,11.428571428571429,0.0117877266190442,0.0010314260791663,5.0,23.6,4.720000000000001,0.003477379352618,0.0007367329136902,88.0,384.36,4.367727272727273,0.0566341325411981,0.0129664992809486,7.0,19.36,2.7657142857142856,0.0028526298418087,0.0010314260791663,2.0,2.0,1.0,0.0,0.0,0.0,0.0002946931654761,0.0002946931654761,0.0,0.0,1.0,0.0,1.0,0.0,226.759017616654,4719.0,0.048052345330929,0.0099168582571092,2.0561707019070012,0.0426518052081037,0.6953285239408727,190435.0,186851.33333333337,347.0,0.9811816805384164,0.0018221440386483,6860.0,2602.0,1624.0,5909.0,0.0,39.0,380.0,330.0,6860.0,2563.0,1244.0,5579.0,0.0,1.0,0.0149884704073789,0.9850115295926212,0.2339901477832512,0.7660098522167488,0.0558470130309697,0.9441529869690304,baseline,male_P42,male,P42,1111969,CTRL,saline,CTRL_saline
1,inactive,4,green,8,4-8,,,,8579.2,5820.799999999999,21.0,408.53333333333336,,,1.0,3.12,3.12,0.0005360087960417,0.000171797691039,,,,,,6.0,8698.84,1449.8066666666666,1.494440626717977,0.0010307861462341,,,,,,3.0,7.68,2.56,0.0013194062671797,0.000515393073117,1.0,1.0,1.0,0.000171797691039,0.000171797691039,2.0,4.88,2.44,0.0008383727322704,0.000343595382078,1.0,1.64,1.64,0.000281748213304,0.000171797691039,2.0,7.32,3.66,0.0012575590984057,0.000343595382078,,,,,,,,,,,,,,,,,,,,6.483077797977052,116.0,0.0558886017066987,0.0156998450412668,1.9071669032646184,0.0473942372587704,0.0199285321605277,214501.0,209466.3333333333,0.0,0.9765284699527428,0.0,221.0,166.0,79.0,0.0,0.0,0.0,0.0,0.0,221.0,166.0,79.0,0.0,0.0,1.0,0.0,1.0,0.0,1.0,0.0,0.0,baseline,male_P42,male,P42,1111969,CTRL,saline,CTRL_saline
1,inactive,4,green,12,8-12,3.0,15.96,5.32,12678.64,1721.3600000000006,73.0,173.67999999999998,0.009271738625273,0.0017428080122693,3.0,19.6,6.533333333333334,0.0113863456801598,0.0017428080122693,5.0,35.6,7.12,0.0206813217455965,0.0029046800204489,28.0,14242.08,508.6457142857143,8.273737045127106,0.0162662081145141,,,,,,72.0,686.64,9.536666666666669,0.3988938978482129,0.0418273922944648,3.0,10.32,3.44,0.0059952595622066,0.0017428080122693,7.0,31.96,4.565714285714286,0.0185667146907096,0.0040665520286285,3.0,15.52,5.173333333333333,0.0090161267834735,0.0017428080122693,33.0,130.84,3.964848484848485,0.076009666775108,0.019170888134963,7.0,20.0,2.857142857142857,0.0116187200817957,0.0040665520286285,,,,,,,,,,,,,,,43.877979749075045,1659.0,0.0264484507227697,0.0043868015930364,2.0377408574223392,0.0214639656711599,0.9637728307849605,317039.0,306497.3333333333,0.0,0.9667496217605194,0.0,17499.0,1197.0,1388.0,402.0,99.0,23.0,210.0,72.0,17400.0,1174.0,1178.0,330.0,0.0056574661409223,0.9943425338590776,0.0192147034252297,0.9807852965747702,0.1512968299711815,0.8487031700288185,0.1791044776119403,0.8208955223880597,baseline,male_P42,male,P42,1111969,CTRL,saline,CTRL_saline
1,inactive,4,red,4,0-4,16.0,111.72,6.9825,10731.24,3668.76,33.0,325.1890909090909,0.0304517057534425,0.0043611465454267,7.0,34.08,4.868571428571428,0.009289242141759,0.0019080016136242,8.0,42.44,5.305,0.0115679412117445,0.0021805732727133,56.0,11801.8,210.74642857142857,3.21683620623862,0.0152640129089937,,,,,,33.0,157.08,4.760000000000001,0.0428155562097275,0.0089948647499427,3.0,7.8,2.6,0.0021260589408955,0.0008177149772675,1.0,17.52,17.52,0.0047754554672423,0.0002725716590891,1.0,0.96,0.96,0.0002616687927256,0.0002725716590891,28.0,131.48,4.695714285714286,0.0358377217370446,0.0076320064544968,3.0,6.44,2.146666666666667,0.0017553614845342,0.0008177149772675,0.0,0.0,0.0,1.2,1.0,1.2,0.0,0.0,0.000327085990907,0.0002725716590891,0.0,1.0,0.0,1.0,63.39598548119139,1671.0,0.0379389500186663,0.0112357266286757,1.9340986634325064,0.032673377718466,0.4554672423380106,268314.0,233526.3333333333,1382.0,0.8703471802937354,0.0051506816640205,4158.0,464.0,1928.0,2809.0,0.0,0.0,48.0,330.0,4158.0,464.0,1880.0,2479.0,0.0,1.0,0.0,1.0,0.0248962655601659,0.975103734439834,0.1174795300818796,0.8825204699181203,baseline,male_P42,male,P42,1111835,ELA,saline,ELA_saline
1,inactive,4,red,8,4-8,6.0,91.84,15.306666666666668,8137.16,6262.84,11.0,739.7418181818182,0.0146642737160776,0.0009580318194301,1.0,4.16,4.16,0.0006642353948049,0.000159671969905,2.0,7.6,3.8,0.0012135069712782,0.00031934393981,11.0,8581.48,780.1345454545454,1.370221816300592,0.0017563916689552,,,,,,15.0,285.16,19.01066666666667,0.0455320589381175,0.0023950795485754,2.0,11.12,5.56,0.0017755523053439,0.00031934393981,2.0,15.64,7.82,0.0024972696093146,0.00031934393981,1.0,6.64,6.64,0.0010602218801693,0.000159671969905,8.0,24.24,3.03,0.0038704485504978,0.0012773757592402,1.0,2.76,2.76,0.0004406946369378,0.000159671969905,,,,,,,,,,,,,,,10.632818192995884,565.0,0.0188191472442405,0.0027081576597244,2.1152208289822845,0.0175623109630972,0.0902146629963403,203440.0,201632.33333333337,0.0,0.9911144973128851,0.0,7424.0,560.0,297.0,2302.0,0.0,0.0,0.0,0.0,7424.0,560.0,297.0,2302.0,0.0,1.0,0.0,1.0,0.0,1.0,0.0,1.0,baseline,male_P42,male,P42,1111835,ELA,saline,ELA_saline
1,inactive,4,red,12,8-12,6.0,41.76,6.96,13666.16,733.8400000000001,13.0,1051.2430769230768,0.0569061375776735,0.0081761691921944,4.0,21.68,5.42,0.0295432246811293,0.0054507794614629,4.0,24.48,6.12,0.0333587703041534,0.0054507794614629,17.0,14270.6,839.4470588235295,19.446473345688432,0.0231658127112177,,,,,,25.0,314.56,12.5824,0.4286492968494494,0.0340673716341436,3.0,9.96,3.3200000000000003,0.0135724408590428,0.0040880845960972,2.0,14.4,7.2,0.0196228060612667,0.0027253897307314,2.0,16.44,8.22,0.0224027035866128,0.0027253897307314,19.0,78.92,4.153684210526316,0.1075438787746647,0.0258912024419491,2.0,4.12,2.06,0.0056143028453068,0.0027253897307314,,,,,,,,,,,,,,,20.285566643724877,718.0,0.0282528783338786,0.0055021319422037,2.045464808408472,0.0265142132046369,0.9784149133326064,341667.0,321298.0,446.0,0.940383472796612,0.0013053645801321,8141.0,775.0,1162.0,1050.0,187.0,0.0,0.0,72.0,7954.0,775.0,1162.0,978.0,0.02297015108709,0.97702984891291,0.0,1.0,0.0,1.0,0.0685714285714285,0.9314285714285714,baseline,male_P42,male,P42,1111835,ELA,saline,ELA_saline
1,inactive,4,yellow,4,0-4,5.0,20.48,4.096,10524.44,3875.559999999999,81.0,129.93135802469138,0.0052843976096357,0.0012901361351649,1.0,2.6,2.6,0.0006708707902857,0.0002580272270329,4.0,20.08,5.02,0.0051811867188225,0.0010321089081319,21.0,12312.52,586.3104761904763,3.1769653933883113,0.0054185717676929,,,,,,12.0,78.2,6.516666666666667,0.0201777291539803,0.0030963267243959,1.0,1.96,1.96,0.0005057333649846,0.0002580272270329,5.0,35.88,7.176,0.0092580169059439,0.0012901361351649,2.0,2.2,1.1,0.0005676598994725,0.0005160544540659,14.0,55.56,3.968571428571429,0.0143359927339532,0.0036123811784619,1.0,2.76,2.76,0.000712155146611,0.0002580272270329,0.0,0.0,0.0,0.8,1.0,0.8,0.0,0.0,0.0002064217816263,0.0002580272270329,0.0,1.0,0.0,1.0,67.76189985041874,1832.0,0.0369879365995735,0.0083342965852688,2.1784983246849072,0.0308499477484852,0.4727058799244497,263192.0,231223.0,1877.0,0.87853354205295,0.0071316757348247,2017.0,959.0,572.0,517.0,0.0,39.0,380.0,0.0,2017.0,920.0,192.0,517.0,0.0,1.0,0.040667361835245,0.959332638164755,0.6643356643356644,0.3356643356643357,0.0,1.0,baseline,male_P42,male,P42,1111919,ELA,saline,ELA_saline
1,inactive,4,yellow,8,4-8,,,,8625.32,5774.68,17.0,507.3717647058824,,,,,,,,,,,,,5.0,8711.72,1742.3439999999998,1.5086065375051083,0.0008658488435722,,,,,,,,,,,,,,,,,,,,,,,,,,1.0,2.96,2.96,0.0005125825153947,0.0001731697687144,,,,,,,,,,,,,,,,,,,,4.286090678834798,73.0,0.0587135709429424,0.0248584025425789,2.0715181313359836,0.0521680650870494,0.0126413931161553,215650.0,210232.3333333333,0.0,0.9748775021253574,0.0,,,,,,,,,,,,,,,,,,,,,baseline,male_P42,male,P42,1111919,ELA,saline,ELA_saline
1,inactive,4,yellow,12,8-12,,,,13823.0,577.0,38.0,363.7631578947368,,,1.0,2.4,2.4,0.004159445407279,0.0017331022530329,3.0,10.08,3.36,0.0174696707105719,0.0051993067590987,7.0,14395.28,2056.4685714285715,24.948492201039866,0.0121317157712305,,,,,,26.0,241.72,9.296923076923076,0.4189254766031196,0.0450606585788561,,,,,,3.0,7.16,2.3866666666666667,0.0124090121317157,0.0051993067590987,1.0,1.92,1.92,0.0033275563258232,0.0017331022530329,6.0,18.28,3.046666666666667,0.0316811091854419,0.0103986135181975,,,,,,,,,,,,,,,,,,,,18.235805608270542,542.0,0.0336453978012371,0.0047165610768823,2.157908416172895,0.0283320844088727,0.9393414211438474,345613.0,324640.3333333333,14.0,0.939317483235102,4.050773553078154e-05,6069.0,231.0,316.0,0.0,164.0,23.0,210.0,0.0,5905.0,208.0,106.0,0.0,0.0270225737353765,0.9729774262646236,0.0995670995670995,0.9004329004329005,0.6645569620253164,0.3354430379746835,0.0,0.0,baseline,male_P42,male,P42,1111919,ELA,saline,ELA_saline
1,inactive,5,blue,4,0-4,3.0,65.48,21.826666666666668,13426.48,973.5200000000004,19.0,706.6568421052631,0.0672610732188347,0.0030816007888898,3.0,6.64,2.213333333333334,0.006820609746076,0.0030816007888898,4.0,48.96,12.24,0.0502917248746815,0.004108801051853,21.0,14186.56,675.5504761904762,14.572438162544165,0.0215712055222286,,,,,,4.0,31.4,7.85,0.0322540882570465,0.004108801051853,32.0,341.4,10.66875,0.3506861697756593,0.0328704084148245,1.0,8.8,8.8,0.0090393623140767,0.0010272002629632,,,,,,8.0,31.96,3.995,0.032829320404306,0.0082176021037061,1.0,2.12,2.12,0.0021776645574821,0.0010272002629632,,,,,,,,,,,,,,,22.6276110147498,915.0,0.0247296295243167,0.0056966370928562,2.1656800052798486,0.0204266123878483,0.9398882406113892,335681.0,241921.0,44640.0,0.7206872000500475,0.1329833979283903,9356.0,221.0,1397.0,1640.0,5156.0,0.0,0.0,0.0,4200.0,221.0,1397.0,1640.0,0.5510902094912355,0.4489097905087644,0.0,1.0,0.0,1.0,0.0,1.0,baseline,male_P42,male,P42,1112041,ELA,saline,ELA_saline
1,inactive,5,blue,8,4-8,2.0,27.28,13.64,13361.48,1038.5200000000004,11.0,1214.68,0.0262681508300273,0.0019258175095327,1.0,4.84,4.84,0.0046604783730693,0.0009629087547663,,,,,,17.0,13535.16,796.1858823529411,13.033124061163958,0.0163694488310287,,,,,,1.0,6.36,6.36,0.0061240996803142,0.0009629087547663,1.0,2.68,2.68,0.0025805954627739,0.0009629087547663,1.0,2.76,2.76,0.0026576281631552,0.0009629087547663,,,,,,4.0,29.88,7.47,0.0287717135924199,0.0038516350190655,,,,,,,,,,,,,,,,,,,,11.521800155380934,294.0,0.0391897964468739,0.0184451172242351,1.8627731543025652,0.0366454938458231,0.283095173901321,334048.0,327308.6666666666,0.0,0.9798252546540216,0.0,228.0,70.0,122.0,684.0,0.0,0.0,0.0,0.0,228.0,70.0,122.0,684.0,0.0,1.0,0.0,1.0,0.0,1.0,0.0,1.0,baseline,male_P42,male,P42,1112041,ELA,saline,ELA_saline
1,inactive,5,blue,12,8-12,5.0,32.84,6.5680000000000005,13185.0,1215.0,25.0,527.4,0.0270288065843621,0.0041152263374485,4.0,16.68,4.17,0.0137283950617283,0.0032921810699588,2.0,12.68,6.34,0.0104362139917695,0.0016460905349794,24.0,14270.24,594.5933333333334,11.745053497942386,0.019753086419753,,,,,,73.0,474.52,6.50027397260274,0.390551440329218,0.0600823045267489,3.0,31.6,10.533333333333331,0.0260082304526748,0.0024691358024691,3.0,25.44,8.48,0.0209382716049382,0.0024691358024691,1.0,1.28,1.28,0.0010534979423868,0.0008230452674897,18.0,57.32,3.1844444444444444,0.0471769547325102,0.0148148148148148,7.0,16.6,2.371428571428571,0.0136625514403292,0.0057613168724279,,,,,,,,,,,,,,,25.500419817025342,1185.0,0.0215193416177429,0.0046474095843539,2.189881857908984,0.019708269611802,0.9753086419753086,329650.0,298708.6666666666,5681.0,0.9061388341169928,0.0172334293948126,12729.0,672.0,740.0,826.0,326.0,0.0,0.0,0.0,12403.0,672.0,740.0,826.0,0.0256108099615052,0.9743891900384948,0.0,1.0,0.0,1.0,0.0,1.0,baseline,male_P42,male,P42,1112041,ELA,saline,ELA_saline
1,inactive,5,green,4,0-4,58.0,260.72,4.495172413793104,10264.64,4135.360000000001,219.0,46.87050228310502,0.0630465062292037,0.0140253811034589,5.0,15.44,3.088,0.003733653176507,0.0012090845778843,10.0,32.64,3.264,0.0078929041244293,0.0024181691557687,72.0,13800.0,191.66666666666663,3.337073434960922,0.0174108179215352,,,,,,15.0,101.96,6.797333333333333,0.0246556527122185,0.0036272537336531,77.0,566.56,7.357922077922077,0.1370037916892362,0.0186199024994196,5.0,53.12,10.624,0.0128453145554437,0.0012090845778843,7.0,27.4,3.914285714285714,0.0066257834868064,0.0016927184090381,43.0,227.2,5.283720930232558,0.0549408032190667,0.0103981273698057,3.0,7.92,2.64,0.0019151899713688,0.0007254507467306,0.0,0.0,0.0,0.8,1.0,0.8,0.0,0.0,0.0001934535324615,0.0002418169155768,0.0,1.0,0.0,1.0,229.40066575569057,3903.0,0.0587754716258494,0.0141814813644383,2.1281646522830973,0.0506645449739861,0.9438114214965564,256835.0,226872.3333333333,4876.0,0.8833388491963062,0.0189849514279595,16805.0,2025.0,1217.0,6576.0,924.0,414.0,438.0,3480.0,15881.0,1611.0,779.0,3096.0,0.0549836358226718,0.945016364177328,0.2044444444444444,0.7955555555555556,0.3599013968775678,0.6400986031224322,0.5291970802919708,0.4708029197080292,baseline,male_P42,male,P42,1112051,CTRL,saline,CTRL_saline
1,inactive,5,green,8,4-8,4.0,32.48,8.12,13386.52,1013.4799999999996,31.0,431.8232258064516,0.0320479930536369,0.0039467971740932,2.0,13.36,6.68,0.0131823025614713,0.0019733985870466,1.0,13.96,13.96,0.0137743221375853,0.0009866992935233,12.0,13594.6,1132.8833333333334,13.41378221573194,0.0118403915222796,,,,,,2.0,3.28,1.64,0.0032363736827564,0.0019733985870466,3.0,5.52,1.84,0.0054465801002486,0.0029600978805699,,,,,,,,,,,3.0,9.68,3.2266666666666666,0.0095512491613056,0.0029600978805699,,,,,,,,,,,,,,,,,,,,15.959851295567432,254.0,0.0628340602187694,0.0248545191178711,1.8154821514265136,0.0603506379887697,0.2506216205549197,334694.0,326988.0,0.0,0.9769759840331764,0.0,225.0,0.0,686.0,816.0,18.0,0.0,232.0,142.0,207.0,0.0,454.0,674.0,0.08,0.92,0.0,0.0,0.3381924198250728,0.6618075801749271,0.1740196078431372,0.8259803921568627,baseline,male_P42,male,P42,1112051,CTRL,saline,CTRL_saline
1,inactive,5,green,12,8-12,7.0,66.72,9.531428571428572,12234.48,2165.5200000000004,75.0,163.1264,0.0308101518342014,0.0032324799586242,6.0,30.44,5.073333333333333,0.0140566699915031,0.0027706971073922,12.0,56.96,4.746666666666667,0.0263031512061768,0.0055413942147844,32.0,14178.72,443.085,6.547489748420701,0.0147770512394251,,,,,,51.0,278.04,5.451764705882353,0.1283941039565554,0.0235509254128338,18.0,352.16,19.564444444444447,0.162621448889874,0.0083120913221766,7.0,80.88,11.554285714285712,0.0373489970076471,0.0032324799586242,1.0,2.84,2.84,0.0013114632974989,0.000461782851232,22.0,73.64,3.347272727272727,0.0340056891647271,0.0101592227271048,3.0,7.32,2.44,0.0033802504710185,0.0013853485536961,1.0,1.0,1.0,0.0,0.0,0.0,0.000461782851232,0.000461782851232,0.0,0.0,1.0,0.0,1.0,0.0,72.20790861142736,2097.0,0.0344339096859453,0.005239137832421,2.1478083128923138,0.0319616540666815,0.9683586390335808,305937.0,286200.3333333333,3785.0,0.9354878074026132,0.0123718281868489,15824.0,2101.0,2203.0,1675.0,4798.0,0.0,152.0,53.0,11026.0,2101.0,2051.0,1622.0,0.3032103134479272,0.6967896865520729,0.0,1.0,0.0689968225147526,0.9310031774852474,0.0316417910447761,0.9683582089552238,baseline,male_P42,male,P42,1112051,CTRL,saline,CTRL_saline
1,inactive,5,red,4,0-4,35.0,614.52,17.557714285714287,9581.08,4818.92,52.0,184.25153846153847,0.1275223494060909,0.0072630381911299,10.0,78.2,7.82,0.0162277024727532,0.0020751537688942,12.0,66.48,5.54,0.0137956222556091,0.0024901845226731,90.0,12803.64,142.26266666666666,2.6569521801565497,0.0186763839200484,,,,,,31.0,272.8,8.8,0.0566101948154358,0.0064329766835722,65.0,705.2,10.84923076923077,0.1463398437824243,0.0134884994978127,6.0,44.72,7.453333333333333,0.0092800876544951,0.0012450922613365,7.0,82.96,11.85142857142857,0.0172154756667469,0.0014526076382259,79.0,346.24,4.382784810126583,0.0718501240941953,0.0163937147742647,11.0,27.44,2.4945454545454546,0.0056942219418458,0.0022826691457837,0.8,1.0,0.8,0.8,1.0,0.8,0.0001660123015115,0.0002075153768894,0.0001660123015115,0.0002075153768894,0.5,0.5,0.5,0.5,108.6119739544364,4722.0,0.0230012651322398,0.0052956877557713,2.0704134870578232,0.0203407233317323,0.9798876096718768,239579.0,218922.0,1595.0,0.913777918765835,0.0066575117184728,24546.0,3205.0,3639.0,15398.0,2828.0,0.0,53.0,1793.0,21718.0,3205.0,3586.0,13605.0,0.1152122545424916,0.8847877454575084,0.0,1.0,0.0145644407804341,0.9854355592195658,0.1164436939862319,0.883556306013768,baseline,male_P42,male,P42,1111882,ELA,saline,ELA_saline
1,inactive,5,red,8,4-8,3.0,60.04,20.013333333333332,13068.56,1331.4400000000005,19.0,687.818947368421,0.0450940335276091,0.0022531995433515,4.0,23.2,5.8,0.017424743135252,0.003004266057802,2.0,26.76,13.38,0.0200985399266959,0.001502133028901,22.0,13447.56,611.2527272727273,10.100012017064229,0.0165234633179114,,,,,,9.0,43.0,4.777777777777778,0.0322958601213723,0.0067595986300546,7.0,81.92,11.702857142857145,0.0615273688637865,0.0052574656011536,,,,,,1.0,3.28,3.28,0.0024634981673977,0.0007510665144505,7.0,33.28,4.7542857142857144,0.0249954936009132,0.0052574656011536,1.0,2.24,2.24,0.0016823889923691,0.0007510665144505,,,,,,,,,,,,,,,19.292590449544157,578.0,0.0333781841687615,0.0122661611524862,1.886502030361068,0.031094473166914,0.4341164453524002,326733.0,322425.0,0.0,0.9868149222759868,0.0,3139.0,83.0,1255.0,1504.0,0.0,0.0,0.0,0.0,3139.0,83.0,1255.0,1504.0,0.0,1.0,0.0,1.0,0.0,1.0,0.0,1.0,baseline,male_P42,male,P42,1111882,ELA,saline,ELA_saline
1,inactive,5,red,12,8-12,9.0,41.76,4.64,12312.24,2087.76,37.0,332.7632432432432,0.0200022991148407,0.0043108403264743,6.0,27.96,4.66,0.0133923439475801,0.0028738935509828,5.0,24.96,4.992,0.0119553971720887,0.0023949112924857,39.0,14086.24,361.185641025641,6.747059048932827,0.0186803080813886,,,,,,20.0,123.52,6.176,0.0591638885695673,0.0095796451699429,15.0,102.28,6.818666666666667,0.048990305399088,0.0071847338774571,4.0,18.76,4.69,0.0089857071694064,0.0019159290339885,4.0,35.64,8.91,0.0170709276928382,0.0019159290339885,21.0,89.24,4.24952380952381,0.0427443767482852,0.01005862742844,6.0,15.28,2.5466666666666664,0.0073188489098363,0.0028738935509828,0.0,0.0,0.0,1.8,2.0,0.9,0.0,0.0,0.0008621680652948,0.0009579645169942,0.0,1.0,0.0,1.0,43.59896722030303,2043.0,0.0213406594323558,0.0055666275934548,2.0865269406003875,0.01929762130185,0.9785607541096676,307843.0,286255.6666666666,4525.0,0.9298755101355776,0.0146990511397043,5680.0,1368.0,1334.0,1053.0,534.0,138.0,25.0,0.0,5146.0,1230.0,1309.0,1053.0,0.0940140845070422,0.9059859154929576,0.1008771929824561,0.8991228070175439,0.0187406296851574,0.9812593703148426,0.0,1.0,baseline,male_P42,male,P42,1111882,ELA,saline,ELA_saline
1,inactive,5,yellow,4,0-4,52.0,351.08,6.751538461538461,10340.28,4059.7199999999993,132.0,78.33545454545455,0.0864788704639729,0.0128087651365118,6.0,18.68,3.1133333333333333,0.0046013025528854,0.0014779344388282,6.0,22.12,3.686666666666667,0.0054486516311469,0.0014779344388282,90.0,13876.44,154.18266666666668,3.4180780940557485,0.0221690165824244,,,,,,32.0,188.96,5.905,0.0465450819268324,0.0078823170070842,62.0,319.84,5.158709677419354,0.0787837584858069,0.0152719892012257,5.0,54.84,10.968,0.0135083207708906,0.0012316120323569,1.0,30.88,30.88,0.0076064359118362,0.0002463224064713,37.0,132.4,3.5783783783783787,0.032613086616811,0.0091139290394411,1.0,2.36,2.36,0.0005813208792724,0.0002463224064713,0.8,1.0,0.8,0.0,0.0,0.0,0.0001970579251771,0.0002463224064713,0.0,0.0,1.0,0.0,1.0,0.0,176.95193954652908,3894.0,0.0454422032733767,0.0118464778189682,2.14663644595063,0.0412075305537863,0.9591794507995628,258639.0,228963.3333333333,2180.0,0.8852622123242563,0.0084287365787835,12814.0,2149.0,1032.0,8829.0,2766.0,414.0,451.0,4483.0,10048.0,1735.0,581.0,4346.0,0.21585765568909,0.7841423443109099,0.1926477431363424,0.8073522568636575,0.437015503875969,0.562984496124031,0.5077585230490429,0.492241476950957,baseline,male_P42,male,P42,1111983,CTRL,saline,CTRL_saline
1,inactive,5,yellow,8,4-8,1.0,6.04,6.04,13522.88,877.1200000000008,23.0,587.9513043478261,0.0068861729295877,0.001140094855892,2.0,9.2,4.6,0.0104888726742064,0.002280189711784,,,,,,5.0,13664.96,2732.9919999999997,15.579350601970068,0.00570047427946,,,,,,6.0,25.8,4.3,0.0294144472820138,0.006840569135352,4.0,13.24,3.31,0.0150948558920102,0.004560379423568,,,,,,,,,,,1.0,2.16,2.16,0.0024626048887267,0.001140094855892,,,,,,,,,,,,,,,,,,,,8.403466486740493,129.0,0.0651431510600038,0.016703156405724,2.0764499835009405,0.0690352029999807,0.1470722364100692,338095.0,329225.6666666666,46.0,0.9737667420892548,0.0001360564338425,986.0,0.0,232.0,152.0,18.0,0.0,232.0,142.0,968.0,0.0,0.0,10.0,0.0182555780933062,0.9817444219066938,0.0,0.0,1.0,0.0,0.9342105263157896,0.0657894736842105,baseline,male_P42,male,P42,1111983,CTRL,saline,CTRL_saline
1,inactive,5,yellow,12,8-12,1.0,4.4,4.4,13215.44,1184.5599999999995,67.0,197.24537313432836,0.0037144593773215,0.0008441953130276,3.0,9.08,3.026666666666667,0.0076652934422908,0.0025325859390828,1.0,6.28,6.28,0.0053015465658134,0.0008441953130276,11.0,14366.72,1306.0654545454545,12.128317687580203,0.0092861484433038,,,,,,48.0,401.72,8.369166666666667,0.3391301411494565,0.0405213750253258,4.0,8.32,2.08,0.0070237050043898,0.0033767812521104,2.0,48.68,24.34,0.0410954278381846,0.0016883906260552,1.0,1.88,1.88,0.0015870871884919,0.0008441953130276,10.0,41.6,4.16,0.035118525021949,0.0084419531302762,,,,,,0.8,1.0,0.8,0.0,0.0,0.0,0.000675356250422,0.0008441953130276,0.0,0.0,1.0,0.0,1.0,0.0,32.09268704049922,1124.0,0.0285522126694832,0.005980861570216,2.2092845481870227,0.0256803836501973,0.9488755318430476,330453.0,302897.3333333334,1994.0,0.9166124481645904,0.0060341410124889,10303.0,1267.0,388.0,111.0,4464.0,138.0,127.0,53.0,5839.0,1129.0,261.0,58.0,0.4332718625643016,0.5667281374356984,0.1089187056037884,0.8910812943962115,0.327319587628866,0.6726804123711341,0.4774774774774775,0.5225225225225225,baseline,male_P42,male,P42,1111983,CTRL,saline,CTRL_saline
1,inactive,6,blue,4,0-4,,,,12733.84,1666.16,56.0,227.39,,,1.0,1.24,1.24,0.0007442262447784,0.0006001824554664,,,,,,14.0,13620.28,972.8771428571428,8.17465309454074,0.0084025543765304,,,,,,3.0,71.76,23.92,0.0430690930042733,0.0018005473663993,2.0,100.2,50.1,0.0601382820377394,0.0012003649109329,,,,,,1.0,2.0,2.0,0.0012003649109329,0.0006001824554664,19.0,65.16,3.4294736842105262,0.0391078887981946,0.0114034666538627,2.0,5.08,2.54,0.0030489268737696,0.0012003649109329,,,,,,,,,,,,,,,14.350279032777552,907.0,0.0158216968387845,0.0031047636430488,1.961256087924078,0.0142417919009309,0.5443654871080809,318402.0,288286.0,145.0,0.9054151669901572,0.0004553991495028,4304.0,51.0,32.0,0.0,0.0,0.0,0.0,0.0,4304.0,51.0,32.0,0.0,0.0,1.0,0.0,1.0,0.0,1.0,0.0,0.0,baseline,male_P42,male,P42,1111883,ELA,saline,ELA_saline
1,inactive,6,blue,8,4-8,,,,14037.56,362.4400000000005,30.0,467.91866666666664,,,,,,,,,,,,,7.0,14345.04,2049.2914285714287,39.579075157267354,0.019313541551705,,,,,,,,,,,7.0,47.44,6.777142857142857,0.1308906301732698,0.019313541551705,1.0,1.04,1.04,0.0028694404591104,0.0027590773645292,1.0,4.76,4.76,0.0131332082551594,0.0027590773645292,5.0,13.32,2.664,0.0367509104955302,0.0137953868226464,1.0,2.2,2.2,0.0060699702019644,0.0027590773645292,0.0,0.0,0.0,0.8,1.0,0.8,0.0,0.0,0.0022072618916234,0.0027590773645292,0.0,1.0,0.0,1.0,5.730923413156798,289.0,0.0198301848206117,0.004049157114487,2.0353842687890205,0.0193942283176369,0.7973733583489669,350969.0,342214.3333333333,0.0,0.975055726669117,0.0,1193.0,147.0,0.0,0.0,127.0,0.0,0.0,0.0,1066.0,147.0,0.0,0.0,0.1064543168482816,0.8935456831517183,0.0,1.0,0.0,0.0,0.0,0.0,baseline,male_P42,male,P42,1111883,ELA,saline,ELA_saline
1,inactive,6,blue,12,8-12,1.0,6.32,6.32,13515.68,884.3199999999997,30.0,450.5226666666667,0.0071467342138592,0.0011308123756106,2.0,39.76,19.88,0.044961100054279,0.0022616247512212,,,,,,9.0,14334.28,1592.697777777778,16.20938121946807,0.0101773113804957,,,,,,10.0,379.84,37.983999999999995,0.4295277727519451,0.0113081237561063,9.0,35.44,3.937777777777778,0.040075990591641,0.0101773113804957,1.0,48.88,48.88,0.055274108919848,0.0011308123756106,3.0,6.76,2.2533333333333334,0.0076442916591279,0.0033924371268319,13.0,69.6,5.3538461538461535,0.0787045413425004,0.0147005608829383,3.0,6.44,2.146666666666667,0.0072824316989325,0.0033924371268319,,,,,,,,,,,,,,,12.095119267868812,852.0,0.0141961493754328,0.0027951050673491,2.213086770549106,0.0139405151017688,0.9634521440202644,337922.0,314568.0,501.0,0.930889376838442,0.0014825906570155,10401.0,1395.0,996.0,159.0,237.0,62.0,0.0,0.0,10164.0,1333.0,996.0,159.0,0.0227862705509085,0.9772137294490916,0.0444444444444444,0.9555555555555556,0.0,1.0,0.0,1.0,baseline,male_P42,male,P42,1111883,ELA,saline,ELA_saline
1,inactive,6,green,4,0-4,4.0,13.08,3.27,11589.16,2810.84,161.0,71.98236024844721,0.004653413214555,0.0014230621451238,6.0,34.56,5.760000000000001,0.0122952569338703,0.0021345932176858,,,,,,46.0,13104.6,284.8826086956522,4.6621650467475915,0.0163652146689245,,,,,,17.0,117.64,6.92,0.0418522576880932,0.0060480141167764,34.0,142.32,4.185882352941176,0.0506325511235075,0.0120960282335529,,,,,,2.0,9.6,4.8,0.0034153491482973,0.0007115310725619,,,,,,1.0,3.04,3.04,0.0010815272302941,0.0003557655362809,,,,,,,,,,,,,,,54.14172580115617,1981.0,0.027330502676,0.0027829409435784,2.1036502702439996,0.0248476967423783,0.7047715273726003,289890.0,274721.0,0.0,0.9476732553727276,0.0,6550.0,242.0,870.0,331.0,265.0,197.0,5.0,142.0,6285.0,45.0,865.0,189.0,0.0404580152671755,0.9595419847328244,0.8140495867768595,0.1859504132231405,0.0057471264367816,0.9942528735632185,0.4290030211480362,0.5709969788519638,baseline,male_P42,male,P42,1112052,CTRL,saline,CTRL_saline
1,inactive,6,green,8,4-8,1.0,6.64,6.64,13584.76,815.2399999999998,47.0,289.03744680851065,0.0081448407830822,0.0012266326480545,6.0,42.4,7.066666666666666,0.0520092242775133,0.0073597958883273,1.0,3.68,3.68,0.0045140081448407,0.0012266326480545,19.0,14244.0,749.6842105263158,17.472155438889168,0.0233060203130366,,,,,,20.0,176.84,8.842,0.2169177174819685,0.0245326529610912,15.0,102.48,6.832,0.1257053137726314,0.0183994897208184,3.0,12.76,4.253333333333333,0.0156518325891762,0.0036798979441636,3.0,5.96,1.9866666666666664,0.0073107305824051,0.0036798979441636,3.0,9.36,3.1199999999999997,0.0114812815857906,0.0036798979441636,1.0,2.08,2.08,0.0025513959079534,0.0012266326480545,0.8,1.0,0.8,0.0,0.0,0.0,0.0009813061184436,0.0012266326480545,0.0,0.0,1.0,0.0,1.0,0.0,32.712969718918636,728.0,0.0449353979655475,0.0067622268972501,2.1372744781606205,0.0446463847310592,0.8929885677837204,339666.0,336574.0,0.0,0.9908969399351129,0.0,7018.0,474.0,1159.0,167.0,254.0,0.0,0.0,0.0,6764.0,474.0,1159.0,167.0,0.0361926474779139,0.963807352522086,0.0,1.0,0.0,1.0,0.0,1.0,baseline,male_P42,male,P42,1112052,CTRL,saline,CTRL_saline
1,inactive,6,green,12,8-12,,,,13254.88,1145.1200000000008,67.0,197.83402985074625,,,2.0,12.76,6.38,0.0111429369847701,0.0017465418471426,3.0,16.44,5.48,0.0143565739835126,0.0026198127707139,24.0,14277.96,594.915,12.46852731591448,0.0209585021657118,,,,,,61.0,520.76,8.537049180327868,0.4547645661590048,0.053269526337851,8.0,24.96,3.12,0.0217968422523403,0.0069861673885706,,,,,,,,,,,10.0,59.08,5.9079999999999995,0.051592846164594,0.0087327092357132,2.0,4.84,2.42,0.0042266312700852,0.0017465418471426,,,,,,,,,,,,,,,31.275910449517863,1085.0,0.0288257239166063,0.0042851654854736,2.1747954076286753,0.0249773840111786,0.9474989520748912,331439.0,313938.0,32.0,0.9471969200969108,9.65486861835813e-05,13712.0,0.0,735.0,0.0,299.0,0.0,79.0,0.0,13413.0,0.0,656.0,0.0,0.0218057176196032,0.9781942823803969,0.0,0.0,0.1074829931972789,0.8925170068027211,0.0,0.0,baseline,male_P42,male,P42,1112052,CTRL,saline,CTRL_saline
1,inactive,6,red,4,0-4,,,,13352.88,1047.1200000000008,27.0,494.5511111111111,,,,,,,,,,,,,9.0,13657.32,1517.48,13.042745817098316,0.0085950034380013,,,,,,2.0,3.96,1.98,0.0037818015127206,0.0019100007640003,5.0,37.64,7.528,0.0359462143784857,0.0047750019100007,,,,,,,,,,,3.0,7.04,2.3466666666666667,0.006723202689281,0.0028650011460004,1.0,2.36,2.36,0.0022538009015203,0.0009550003820001,,,,,,,,,,,,,,,8.712533087141946,315.0,0.027658835197276,0.0058475780985979,1.7905040310885734,0.0277879171890372,0.3008251203300479,333849.0,297811.3333333333,568.0,0.8920539924736433,0.0017013679837291,1047.0,0.0,0.0,0.0,0.0,0.0,0.0,0.0,1047.0,0.0,0.0,0.0,0.0,1.0,0.0,0.0,0.0,0.0,0.0,0.0,baseline,male_P42,male,P42,1112042,ELA,saline,ELA_saline
1,inactive,6,red,8,4-8,,,,14184.24,215.76000000000025,17.0,834.3670588235294,,,,,,,,,,,,,11.0,14319.84,1301.8036363636363,66.36929922135698,0.0509825732295142,,,,,,,,,,,1.0,6.2,6.2,0.028735632183908,0.0046347793845012,1.0,2.48,2.48,0.0114942528735632,0.0046347793845012,,,,,,2.0,5.2,2.6,0.0241008527994067,0.0092695587690025,,,,,,,,,,,,,,,,,,,,4.829477136595517,152.0,0.0317728758986547,0.0119710491503766,1.8540195307023144,0.0285268055757088,0.7044864664441964,354623.0,343389.0,750.0,0.9683212876773362,0.0021149220439734,156.0,63.0,0.0,0.0,0.0,0.0,0.0,0.0,156.0,63.0,0.0,0.0,0.0,1.0,0.0,1.0,0.0,0.0,0.0,0.0,baseline,male_P42,male,P42,1112042,ELA,saline,ELA_saline
1,inactive,6,red,12,8-12,2.0,16.28,8.14,13177.96,1222.0400000000009,25.0,527.1184,0.0133219861870315,0.0016366076396844,1.0,48.2,48.2,0.0394422441163955,0.0008183038198422,1.0,11.6,11.6,0.0094923243101698,0.0008183038198422,15.0,14279.52,951.968,11.684985761513529,0.0122745572976334,,,,,,13.0,63.28,4.867692307692308,0.0517822657196163,0.0106379496579489,26.0,526.16,20.236923076923077,0.4305587378481879,0.0212758993158979,4.0,54.68,13.67,0.0447448528689731,0.0032732152793689,2.0,3.4,1.7,0.0027822329874635,0.0016366076396844,14.0,55.64,3.974285714285714,0.0455304245360217,0.0114562534777912,5.0,11.96,2.3920000000000003,0.009786913685313,0.0040915190992111,,,,,,,,,,,,,,,22.556137619640182,1189.0,0.0189706792427587,0.0033501924512249,2.2181299243433097,0.015778615145038,0.972963241792412,329474.0,309645.6666666666,30.0,0.9398182152967052,9.10542258266206e-05,14775.0,1458.0,1497.0,409.0,306.0,62.0,0.0,0.0,14469.0,1396.0,1497.0,409.0,0.0207106598984771,0.9792893401015228,0.0425240054869684,0.9574759945130316,0.0,1.0,0.0,1.0,baseline,male_P42,male,P42,1112042,ELA,saline,ELA_saline
1,inactive,6,yellow,4,0-4,5.0,24.28,4.856,12385.72,2014.2800000000009,108.0,114.68259259259258,0.0120539349047798,0.0024822765454653,2.0,1.96,0.98,0.0009730524058224,0.0009929106181861,,,,,,15.0,13644.64,909.6426666666666,6.773953968663737,0.0074468296363961,,,,,,18.0,51.2,2.844444444444445,0.0254185118255654,0.0089361955636753,28.0,210.08,7.502857142857144,0.1042953313342732,0.0139007486546061,2.0,23.24,11.62,0.011537621383323,0.0009929106181861,2.0,29.68,14.84,0.0147347935738824,0.0009929106181861,5.0,16.2,3.24,0.0080425760073078,0.0024822765454653,1.0,3.16,3.16,0.0015687987767341,0.000496455309093,,,,,,,,,,,,,,,42.62961281870464,1208.0,0.0352894145850204,0.0061058197566561,2.1221998512805342,0.0331224911399135,0.5997180133844349,309751.0,288363.0,0.0,0.930950989665893,0.0,6578.0,1327.0,51.0,612.0,265.0,197.0,5.0,142.0,6313.0,1130.0,46.0,470.0,0.0402858011553663,0.9597141988446336,0.148455162019593,0.8515448379804069,0.0980392156862745,0.9019607843137256,0.2320261437908496,0.7679738562091504,baseline,male_P42,male,P42,1111984,CTRL,saline,CTRL_saline
1,inactive,6,yellow,8,4-8,1.0,1.08,1.08,14043.16,356.84000000000015,59.0,238.01966101694916,0.003026566528416,0.0028023764152,,,,,,,,,,,8.0,14342.12,1792.765,40.1920188319695,0.0224190113216007,,,,,,11.0,36.44,3.3127272727272725,0.1021185965698912,0.0308261405672009,5.0,19.52,3.904,0.0547023876247057,0.0140118820760004,1.0,1.04,1.04,0.002914471471808,0.0028023764152,1.0,1.64,1.64,0.0045958973209281,0.0028023764152,1.0,2.0,2.0,0.0056047528304001,0.0028023764152,,,,,,,,,,,,,,,,,,,,13.939004649751691,268.0,0.0520112113796704,0.0130663747398216,2.139048011220194,0.0451184643324567,0.7510368792736237,351138.0,343334.6666666666,183.0,0.977777018342266,0.0005211626198246,1415.0,69.0,0.0,28.0,127.0,0.0,0.0,0.0,1288.0,69.0,0.0,28.0,0.0897526501766784,0.9102473498233216,0.0,1.0,0.0,0.0,0.0,1.0,baseline,male_P42,male,P42,1111984,CTRL,saline,CTRL_saline
1,inactive,6,yellow,12,8-12,,,,13698.08,701.9200000000001,49.0,279.5526530612245,,,,,,,,1.0,3.96,3.96,0.0056416685662183,0.001424663779348,7.0,14386.32,2055.1885714285713,20.49566902211078,0.0099726464554365,,,,,,38.0,150.84,3.9694736842105263,0.2148962844768634,0.0541372236152268,12.0,187.04,15.586666666666666,0.2664691132892637,0.0170959653521768,4.0,23.28,5.82,0.0331661727832231,0.0056986551173922,,,,,,2.0,3.92,1.96,0.0055846820150444,0.0028493275586961,1.0,2.12,2.12,0.0030202872122179,0.001424663779348,,,,,,,,,,,,,,,17.59529591758625,650.0,0.0270696860270557,0.0039360016377549,2.2509865418998305,0.0219246163141999,0.926031456576248,342501.0,319510.3333333333,1619.0,0.932874161924588,0.0047269934978292,8497.0,586.0,100.0,0.0,230.0,0.0,79.0,0.0,8267.0,586.0,21.0,0.0,0.0270683770742615,0.9729316229257384,0.0,1.0,0.79,0.21,0.0,0.0,baseline,male_P42,male,P42,1111984,CTRL,saline,CTRL_saline
1,inactive,7,blue,4,0-4,,,,14052.36,347.6399999999994,21.0,669.1600000000001,,,,,,,,,,,,,6.0,14122.32,2353.72,40.62340352088374,0.0172592336900241,,,,,,,,,,,,,,,,1.0,13.52,13.52,0.0388908065815211,0.0028765389483373,,,,,,2.0,6.12,3.06,0.0176044183638246,0.0057530778966747,,,,,,,,,,,,,,,,,,,,2.182194818929872,57.0,0.0382841196303486,0.0068665647952846,1.390492874013857,0.0274968883176455,0.1639627200552298,351330.0,341083.0,116.0,0.9708336891241852,0.0003301739105684,0.0,339.0,0.0,0.0,0.0,0.0,0.0,0.0,0.0,339.0,0.0,0.0,0.0,0.0,0.0,1.0,0.0,0.0,0.0,0.0,baseline,male_P42,male,P42,1112053,CTRL,MDMA,CTRL_MDMA
1,inactive,7,blue,8,4-8,,,,14154.68,245.3199999999997,7.0,2022.097142857143,,,,,,,,,,,,,5.0,14161.16,2832.232,57.72525680743526,0.0203815424751345,,,,,,,,,,,,,,,,,,,,,,,,,,,,,,,,,,,,,,,,,,,,,,,,,,0.0,0.0,,,,,0.0,353874.0,348982.6666666667,0.0,0.9861777544172974,0.0,,,,,,,,,,,,,,,,,,,,,baseline,male_P42,male,P42,1112053,CTRL,MDMA,CTRL_MDMA
1,inactive,7,blue,12,8-12,1.0,1.96,1.96,13887.24,512.7600000000002,19.0,730.9073684210526,0.0038224510492238,0.001950230127155,,,,,,,,,,,6.0,14235.2,2372.5333333333333,27.761915906076908,0.01170138076293,,,,,,6.0,241.8,40.3,0.4715656447460798,0.01170138076293,,,,,,7.0,19.84,2.834285714285714,0.0386925657227552,0.013651610890085,,,,,,3.0,7.28,2.4266666666666667,0.0141976753256884,0.005850690381465,1.0,2.36,2.36,0.0046025431000858,0.001950230127155,,,,,,,,,,,,,,,2.6771437100568254,333.0,0.0080394706007712,0.0027028234416034,2.110614801811804,0.0066368532397572,0.6494266323426161,347200.0,323003.6666666667,3480.0,0.9303100998463902,0.0100230414746543,6051.0,503.0,0.0,50.0,37.0,0.0,0.0,0.0,6014.0,503.0,0.0,50.0,0.0061146917864815,0.9938853082135184,0.0,1.0,0.0,0.0,0.0,1.0,baseline,male_P42,male,P42,1112053,CTRL,MDMA,CTRL_MDMA
1,inactive,7,green,4,0-4,2.0,6.44,3.22,13466.32,933.6800000000004,35.0,384.752,0.006897438094422,0.0021420615200068,3.0,23.08,7.6933333333333325,0.024719389940879,0.0032130922800102,3.0,6.44,2.146666666666667,0.006897438094422,0.0032130922800102,21.0,13985.64,665.9828571428571,14.979050638334328,0.0224916459600719,1.0,2.44,2.44,0.0026133150544083,0.0010710307600034,4.0,27.04,6.76,0.0289606717504926,0.0042841230400137,1.0,2.48,2.48,0.0026561562848084,0.0010710307600034,2.0,6.52,3.26,0.0069831205552223,0.0021420615200068,1.0,4.24,4.24,0.0045411704224145,0.0010710307600034,9.0,45.36,5.04,0.0485819552737554,0.0096392768400308,,,,,,,,,,,,,,,,,,,,21.45599717710846,630.0,0.0340571383763626,0.0095606523860938,1.9470937405199311,0.0321374149777422,0.6747493788021589,336693.0,332217.6666666666,0.0,0.986707970366674,0.0,743.0,272.0,744.0,163.0,0.0,0.0,47.0,0.0,743.0,272.0,697.0,163.0,0.0,1.0,0.0,1.0,0.0631720430107526,0.9368279569892471,0.0,1.0,baseline,male_P42,male,P42,1111884,ELA,MDMA,ELA_MDMA
1,inactive,7,green,8,4-8,4.0,13.28,3.32,13752.24,647.7600000000002,29.0,474.2151724137931,0.0205014202791157,0.006175126590095,2.0,25.92,12.96,0.0400148203038162,0.0030875632950475,,,,,,11.0,14091.12,1281.010909090909,21.7536124490552,0.0169815981227615,,,,,,6.0,24.92,4.153333333333333,0.0384710386562924,0.0092626898851426,4.0,43.8,10.95,0.0676176361615412,0.006175126590095,2.0,2.8,1.4,0.0043225886130665,0.0030875632950475,1.0,4.16,4.16,0.0064221316536988,0.0015437816475237,5.0,16.88,3.376,0.0260590342102013,0.0077189082376188,,,,,,,,,,,,,,,,,,,,15.958461187355915,385.0,0.0414505485385868,0.0130160117291338,2.0317620079908356,0.0405080142752696,0.5943559342966529,343835.0,343197.3333333333,0.0,0.9981454282819764,0.0,1728.0,177.0,650.0,336.0,0.0,0.0,0.0,62.0,1728.0,177.0,650.0,274.0,0.0,1.0,0.0,1.0,0.0,1.0,0.1845238095238095,0.8154761904761905,baseline,male_P42,male,P42,1111884,ELA,MDMA,ELA_MDMA
1,inactive,7,green,12,8-12,1.0,11.84,11.84,13039.92,1360.08,72.0,181.11,0.0087053702723369,0.000735250867596,3.0,32.84,10.946666666666667,0.0241456384918534,0.002205752602788,5.0,37.8,7.56,0.0277924827951297,0.0036762543379801,15.0,14150.72,943.3813333333331,10.404329157108403,0.0110287630139403,1.0,2.48,2.48,0.0018234221516381,0.000735250867596,48.0,302.88,6.31,0.2226927827774837,0.0352920416446091,7.0,68.8,9.828571428571427,0.0505852596906064,0.0051467560731721,7.0,22.64,3.2342857142857144,0.0166460796423739,0.0051467560731721,1.0,4.32,4.32,0.0031762837480148,0.000735250867596,15.0,54.4,3.6266666666666665,0.0399976471972236,0.0110287630139403,2.0,4.4,2.2,0.0032351038174225,0.001470501735192,,,,,,,,,,,,,,,34.89865777840007,1141.0,0.0305860278513585,0.0058390819952312,2.0406498814837124,0.0317262253640835,0.8389212399270631,326070.0,311399.6666666666,26.0,0.9550086382269656,7.973747968227681e-05,9347.0,682.0,1774.0,297.0,425.0,17.0,0.0,0.0,8922.0,665.0,1774.0,297.0,0.0454691344816518,0.954530865518348,0.0249266862170087,0.9750733137829912,0.0,1.0,0.0,1.0,baseline,male_P42,male,P42,1111884,ELA,MDMA,ELA_MDMA
1,inactive,7,red,4,0-4,3.0,10.68,3.56,13656.72,743.2800000000007,13.0,1050.516923076923,0.0143687439457539,0.0040361640297061,1.0,9.96,9.96,0.0134000645786244,0.001345388009902,1.0,8.04,8.04,0.0108169195996125,0.001345388009902,17.0,14049.6,826.4470588235295,18.902163383919905,0.0228715961683349,,,,,,9.0,220.48,24.497777777777777,0.296631148423205,0.0121084920891184,2.0,6.2,3.1,0.0083414056613927,0.0026907760198041,1.0,1.0,1.0,0.001345388009902,0.001345388009902,,,,,,9.0,35.8,3.9777777777777774,0.0481648907544935,0.0121084920891184,,,,,,,,,,,,,,,,,,,,10.672410367946794,457.0,0.023353195553494,0.0038196711852238,1.9347412776217108,0.0230081255626045,0.6148423205252389,341431.0,334399.6666666666,130.0,0.9794062831631184,0.0003807504298086,5678.0,26.0,452.0,270.0,0.0,0.0,0.0,0.0,5678.0,26.0,452.0,270.0,0.0,1.0,0.0,1.0,0.0,1.0,0.0,1.0,baseline,male_P42,male,P42,1111985,CTRL,MDMA,CTRL_MDMA
1,inactive,7,red,8,4-8,,,,14138.56,261.4400000000005,6.0,2356.4266666666667,,,,,,,,,,,,,6.0,14158.28,2359.7133333333336,54.15498776009782,0.0229498164014687,,,,,,,,,,,,,,,,,,,,,,,,,,,,,,,,,,,,,,,,,,,,,,,,,,1.0310873226205064,17.0,0.060652195448265,0.0286023083982472,2.009544191406908,0.0611041024680741,0.0650244798041614,353470.0,348713.3333333333,0.0,0.986542940937939,0.0,,,,,,,,,,,,,,,,,,,,,baseline,male_P42,male,P42,1111985,CTRL,MDMA,CTRL_MDMA
1,inactive,7,red,12,8-12,4.0,37.52,9.38,12881.12,1518.8799999999992,16.0,805.07,0.0247024123038028,0.0026335194353734,5.0,24.88,4.976,0.0163804908880227,0.0032918992942167,3.0,13.48,4.493333333333333,0.0088749604972084,0.00197513957653,22.0,14106.76,641.2163636363637,9.287606657537138,0.0144843568945538,,,,,,29.0,488.52,16.84551724137931,0.3216317286421575,0.0190930159064574,5.0,114.6,22.92,0.0754503318234488,0.0032918992942167,5.0,57.72,11.544,0.0380016854524386,0.0032918992942167,2.0,5.24,2.62,0.0034499104603391,0.0013167597176867,21.0,66.84,3.182857142857143,0.04400610976509,0.0138259770357105,2.0,4.64,2.32,0.0030548825450331,0.0013167597176867,,,,,,,,,,,,,,,25.11797872430205,1341.0,0.0187307820464593,0.0034186741322659,2.115769287579559,0.0179494781768784,0.8828873907089438,322044.0,309858.0,0.0,0.9621604501248276,0.0,15112.0,1581.0,967.0,942.0,1288.0,0.0,0.0,0.0,13824.0,1581.0,967.0,942.0,0.085230280571731,0.9147697194282688,0.0,1.0,0.0,1.0,0.0,1.0,baseline,male_P42,male,P42,1111985,CTRL,MDMA,CTRL_MDMA
1,inactive,7,yellow,4,0-4,1.0,2.04,2.04,13991.32,408.6800000000003,27.0,518.197037037037,0.0049916805324459,0.0024469022217872,,,,,,1.0,1.84,1.84,0.0045023000880884,0.0024469022217872,7.0,14116.44,2016.634285714286,34.541548399725926,0.0171283155525105,,,,,,1.0,1.72,1.72,0.004208671821474,0.0024469022217872,,,,,,,,,,,,,,,,,,,,,,,,,,,,,,,,,,,,,,,,5.242634278886989,113.0,0.0463949936184689,0.013445122696803,1.8478505571409611,0.0418676477524209,0.2764999510619553,349810.0,340879.6666666666,0.0,0.9744709032522416,0.0,44.0,0.0,47.0,52.0,0.0,0.0,47.0,0.0,44.0,0.0,0.0,52.0,0.0,1.0,0.0,0.0,1.0,0.0,0.0,1.0,baseline,male_P42,male,P42,1112043,ELA,MDMA,ELA_MDMA
1,inactive,7,yellow,8,4-8,1.0,6.16,6.16,13995.12,404.8799999999992,20.0,699.7560000000001,0.0152143845089903,0.0024698676150958,,,,,,1.0,1.36,1.36,0.0033590199565303,0.0024698676150958,7.0,14156.44,2022.3485714285712,34.9645327010473,0.0172890733056708,,,,,,9.0,26.48,2.942222222222222,0.0654020944477377,0.0222288085358625,,,,,,1.0,2.92,2.92,0.0072120134360798,0.0024698676150958,,,,,,1.0,2.16,2.16,0.005334914048607,0.0024698676150958,1.0,2.12,2.12,0.0052361193440031,0.0024698676150958,,,,,,,,,,,,,,,8.385827034147761,149.0,0.0562807183499849,0.0219563325724356,2.2250997799872865,0.0558300654944914,0.3680102746492795,349898.0,347239.3333333333,0.0,0.9924015951315336,0.0,671.0,74.0,35.0,155.0,0.0,0.0,0.0,62.0,671.0,74.0,35.0,93.0,0.0,1.0,0.0,1.0,0.0,1.0,0.4,0.6,baseline,male_P42,male,P42,1112043,ELA,MDMA,ELA_MDMA
1,inactive,7,yellow,12,8-12,,,,13669.24,730.7600000000002,36.0,379.7011111111111,,,1.0,2.96,2.96,0.0040505774809787,0.0013684383381684,,,,,,6.0,14229.72,2371.62,19.472494389402808,0.0082106300290108,,,,,,46.0,260.64,5.666086956521739,0.356669768460233,0.0629481635557501,,,,,,3.0,3.76,1.2533333333333332,0.0051453281515134,0.0041053150145054,,,,,,4.0,14.48,3.62,0.0198149871366796,0.0054737533526739,1.0,2.4,2.4,0.0032842520116043,0.0013684383381684,,,,,,,,,,,,,,,12.737074301600051,534.0,0.0238521990666667,0.0071705235537726,2.129185779718517,0.0222643506322787,0.7307460725819692,341767.0,322869.3333333333,211.0,0.9447059936545462,0.0006173796767973,6562.0,97.0,75.0,0.0,1190.0,17.0,0.0,0.0,5372.0,80.0,75.0,0.0,0.1813471502590673,0.8186528497409327,0.1752577319587628,0.8247422680412371,0.0,1.0,0.0,0.0,baseline,male_P42,male,P42,1112043,ELA,MDMA,ELA_MDMA
1,inactive,8,blue,4,0-4,15.0,243.68,16.245333333333335,11906.52,2493.4799999999996,70.0,170.09314285714285,0.0977268716813449,0.0060156889166947,2.0,5.44,2.72,0.0021816898471212,0.0008020918555592,5.0,22.68,4.536,0.0090957216420424,0.0020052296388982,60.0,13627.6,227.1266666666667,5.46529348540995,0.0240627556667789,,,,,,44.0,349.52,7.943636363636363,0.140173572677543,0.0176460208223045,23.0,105.28,4.5773913043478265,0.0422221152766414,0.0092240563389319,4.0,46.32,11.58,0.0185764473747533,0.0016041837111185,2.0,36.68,18.34,0.0147103646309575,0.0008020918555592,46.0,184.28,4.006086956521739,0.0739047435712337,0.0184481126778638,4.0,10.32,2.58,0.0041387939746859,0.0016041837111185,1.6,2.0,0.8,0.0,0.0,0.0,0.0006416734844474,0.0008020918555592,0.0,0.0,1.0,0.0,1.0,0.0,64.43545573490155,2419.0,0.0266372284972722,0.0051581357785554,2.017536648763985,0.0234703872087609,0.970130099298972,297733.0,284511.3333333333,301.0,0.95559220285737,0.0010109729186888,11437.0,2081.0,710.0,6107.0,2312.0,0.0,0.0,385.0,9125.0,2081.0,710.0,5722.0,0.2021509137011454,0.7978490862988546,0.0,1.0,0.0,1.0,0.0630424103487801,0.93695758965122,baseline,male_P42,male,P42,1112054,CTRL,MDMA,CTRL_MDMA
1,inactive,8,blue,8,4-8,,,,14396.96,3.040000000000873,5.0,2879.392,,,,,,,,,,,,,5.0,14399.96,2879.9919999999997,4736.82894736706,1.6447368421047908,,,,,,,,,,,,,,,,,,,,,,,,,,,,,,,,,,,,,,,,,,,,,,,,,,0.0,0.0,,,,,0.0,359929.0,359767.0,0.0,0.999549911232493,0.0,,,,,,,,,,,,,,,,,,,,,baseline,male_P42,male,P42,1112054,CTRL,MDMA,CTRL_MDMA
1,inactive,8,blue,12,8-12,1.0,21.0,21.0,13791.6,608.3999999999996,20.0,689.58,0.034516765285996,0.0016436554898093,1.0,11.64,11.64,0.0191321499013806,0.0016436554898093,1.0,13.8,13.8,0.0226824457593688,0.0016436554898093,11.0,14331.08,1302.8254545454545,23.555358316896793,0.0180802103879027,,,,,,7.0,40.48,5.782857142857142,0.0665351742274819,0.0115055884286653,17.0,46.84,2.755294117647059,0.0769888231426693,0.0279421433267587,2.0,4.32,2.16,0.0071005917159763,0.0032873109796186,3.0,4.56,1.5199999999999998,0.0074950690335305,0.004930966469428,8.0,22.76,2.845,0.0374095989480605,0.0131492439184746,,,,,,1.0,1.0,1.0,0.0,0.0,0.0,0.0016436554898093,0.0016436554898093,0.0,0.0,1.0,0.0,1.0,0.0,15.754754718250188,588.0,0.0267938005412418,0.0064306582900875,2.109655877116544,0.0257423336572789,0.9664694280078902,344810.0,324407.3333333333,0.0,0.9408292489583636,0.0,2207.0,227.0,638.0,526.0,360.0,0.0,0.0,0.0,1847.0,227.0,638.0,526.0,0.1631173538740371,0.8368826461259629,0.0,1.0,0.0,1.0,0.0,1.0,baseline,male_P42,male,P42,1112054,CTRL,MDMA,CTRL_MDMA
1,inactive,8,green,4,0-4,35.0,220.36,6.296,11239.64,3160.3600000000006,64.0,175.619375,0.069726233720209,0.011074687693807,10.0,40.32,4.032,0.0127580402232657,0.0031641964839448,8.0,35.64,4.455,0.0112771962687795,0.0025313571871558,110.0,12776.32,116.14836363636364,4.042678682175447,0.0348061613233935,,,,,,36.0,281.16,7.81,0.0889645483425938,0.0113911073422015,23.0,92.68,4.029565217391305,0.029325773013201,0.0072776519130731,10.0,83.32,8.331999999999999,0.0263640851042286,0.0031641964839448,2.0,12.44,6.22,0.0039362604260274,0.0006328392967889,50.0,262.76,5.255199999999999,0.0831424268121353,0.0158209824197243,5.0,10.92,2.184,0.0034553025604677,0.0015820982419724,0.0,0.0,0.0,0.8,1.0,0.8,0.0,0.0,0.0002531357187155,0.0003164196483944,0.0,1.0,0.0,1.0,141.26640657197785,3105.0,0.0454964272373519,0.0078817540551087,1.9777695633141548,0.0429556959217956,0.982483008264881,281055.0,275036.0,65.0,0.9785842628666986,0.0002312714593229,9405.0,2299.0,1917.0,5544.0,602.0,544.0,48.0,209.0,8803.0,1755.0,1869.0,5335.0,0.0640085061137692,0.9359914938862308,0.236624619399739,0.763375380600261,0.0250391236306729,0.974960876369327,0.0376984126984126,0.9623015873015872,baseline,male_P42,male,P42,1112044,ELA,MDMA,ELA_MDMA
1,inactive,8,green,8,4-8,,,,14388.04,11.959999999999129,7.0,2055.434285714286,,,,,,,,,,,,,5.0,14399.96,2879.9919999999997,1204.0100334449037,0.4180602006689268,,,,,,,,,,,,,,,,,,,,,,,,,,,,,,,,,,,,,,,,,,,,,,,,,,0.2897337131983622,6.0,0.048288952199727,0.0272735379986465,1.0193529244147177,0.0643506496106573,0.5016722408027121,359708.0,359646.0,0.0,0.9998276379730224,0.0,,,,,,,,,,,,,,,,,,,,,baseline,male_P42,male,P42,1112044,ELA,MDMA,ELA_MDMA
1,inactive,8,green,12,8-12,6.0,16.48,2.7466666666666666,12590.68,1809.3199999999997,83.0,151.69493975903617,0.0091083943138858,0.0033161629783565,10.0,44.08,4.4079999999999995,0.0243627440143258,0.0055269382972608,6.0,46.12,7.686666666666667,0.025490239426967,0.0033161629783565,33.0,14242.32,431.5854545454545,7.871642384984416,0.0182388963809608,,,,,,28.0,360.12,12.861428571428572,0.1990361019609577,0.0154754272323303,52.0,170.6,3.2807692307692307,0.0942895673512701,0.0287400791457564,3.0,32.12,10.706666666666663,0.0177525258108018,0.0016580814891782,2.0,4.92,2.46,0.0027192536422523,0.0011053876594521,25.0,84.96,3.3983999999999996,0.0469568677735281,0.0138173457431521,4.0,10.0,2.5,0.0055269382972608,0.0022107753189043,0.0,0.0,0.0,1.0,1.0,1.0,0.0,0.0,0.000552693829726,0.000552693829726,0.0,1.0,0.0,1.0,73.459249641623,1737.0,0.0422908748656436,0.0062725505372812,2.1164356616777247,0.0403200321902228,0.9600291822342096,314850.0,306312.3333333333,0.0,0.9728833836218304,0.0,13348.0,931.0,2271.0,418.0,258.0,504.0,217.0,192.0,13090.0,427.0,2054.0,226.0,0.0193287383877734,0.9806712616122264,0.5413533834586466,0.4586466165413533,0.0955526199911933,0.9044473800088066,0.4593301435406698,0.5406698564593302,baseline,male_P42,male,P42,1112044,ELA,MDMA,ELA_MDMA
1,inactive,8,red,4,0-4,,,,14314.0,86.0,23.0,622.3478260869565,,,,,,,,,,,,,10.0,14370.04,1437.004,167.09348837209302,0.1162790697674418,,,,,,,,,,,,,,,,1.0,3.44,3.44,0.04,0.0116279069767441,,,,,,,,,,,,,,,,,,,,,,,,,,,,,,2.8554999699171484,64.0,0.0446171870299554,0.0095884901134876,1.6217409853206184,0.0356828155956721,0.7441860465116279,357873.0,306569.0,10541.0,0.8566418813377931,0.0294545830504117,0.0,87.0,0.0,0.0,0.0,0.0,0.0,0.0,0.0,87.0,0.0,0.0,0.0,0.0,0.0,1.0,0.0,0.0,0.0,0.0,baseline,male_P42,male,P42,1111885,ELA,MDMA,ELA_MDMA
1,inactive,8,red,8,4-8,,,,14391.52,8.479999999999563,7.0,2055.931428571429,,,,,,,,,,,,,5.0,14399.96,2879.9919999999997,1698.108490566125,0.5896226415094643,,,,,,,,,,,,,,,,,,,,,,,,,,,,,,,,,,,,,,,,,,,,,,,,,,0.0200849860456979,3.0,0.0066949953485659,0.0052829935403661,1.5795698078782474,0.0023748396066384,0.3537735849056786,359795.0,359677.6666666667,0.0,0.9996738883716192,0.0,,,,,,,,,,,,,,,,,,,,,baseline,male_P42,male,P42,1111885,ELA,MDMA,ELA_MDMA
1,inactive,8,red,12,8-12,,,,13927.28,472.71999999999935,10.0,1392.728,,,,,,,,,,,,,5.0,14399.96,2879.9919999999997,30.46192249111529,0.01057708580132,,,,,,8.0,399.2,49.9,0.8444745303773916,0.016923337282112,,,,,,2.0,12.84,6.42,0.0271619563377898,0.004230834320528,,,,,,1.0,2.56,2.56,0.0054154679302758,0.002115417160264,1.0,3.0,3.0,0.006346251480792,0.002115417160264,,,,,,,,,,,,,,,1.6043093508464392,465.0,0.0034501276362289,0.0018574893930827,2.114322890675541,0.002546046833692,0.9836689795227632,348192.0,320470.6666666666,6663.0,0.9203849217290077,0.019135993934381,9988.0,323.0,0.0,0.0,0.0,0.0,0.0,0.0,9988.0,323.0,0.0,0.0,0.0,1.0,0.0,1.0,0.0,0.0,0.0,0.0,baseline,male_P42,male,P42,1111885,ELA,MDMA,ELA_MDMA
1,inactive,8,yellow,4,0-4,4.0,38.8,9.7,13722.08,677.9200000000001,49.0,280.0424489795918,0.0572338919046495,0.0059004012272834,3.0,11.72,3.9066666666666663,0.0172881755959405,0.0044253009204625,,,,,,13.0,14359.12,1104.5476923076924,21.1811423176776,0.0191763039886712,,,,,,29.0,273.6,9.43448275862069,0.4035874439461883,0.042777908897805,1.0,1.72,1.72,0.0025371725277318,0.0014751003068208,1.0,36.6,36.6,0.0539886712296436,0.0014751003068208,,,,,,5.0,24.4,4.88,0.035992447486429,0.0073755015341043,,,,,,0.0,0.0,0.0,0.8,1.0,0.8,0.0,0.0,0.0011800802454566,0.0014751003068208,0.0,1.0,0.0,1.0,26.140413894370266,644.0,0.0405907048049227,0.0057388858721188,2.241574871067598,0.0347057134105894,0.9499645975926362,343101.0,305009.0,389.0,0.8889772982299673,0.0011337769344886,6913.0,916.0,296.0,974.0,2297.0,544.0,48.0,176.0,4616.0,372.0,248.0,798.0,0.332272530015912,0.6677274699840879,0.5938864628820961,0.4061135371179039,0.1621621621621621,0.8378378378378378,0.1806981519507187,0.8193018480492813,baseline,male_P42,male,P42,1111986,CTRL,MDMA,CTRL_MDMA
1,inactive,8,yellow,8,4-8,,,,14391.64,8.360000000000582,7.0,2055.9485714285715,,,,,,,,,,,,,5.0,14399.96,2879.9919999999997,1722.4832535883968,0.5980861244018723,,,,,,,,,,,,,,,,,,,,,,,,,,,,,,,,,,,,,,,,,,,,,,,,,,0.2122953361116462,2.0,0.1061476680558231,0.1061476680558231,0.9533266308114366,0.174277784716917,0.2392344497607489,359798.0,359706.0,0.0,0.999744300968877,0.0,,,,,,,,,,,,,,,,,,,,,baseline,male_P42,male,P42,1111986,CTRL,MDMA,CTRL_MDMA
1,inactive,8,yellow,12,8-12,2.0,25.32,12.66,13476.4,923.6000000000004,53.0,254.27169811320755,0.0274144651364226,0.0021654395842355,4.0,7.96,1.99,0.0086184495452576,0.0043308791684711,1.0,3.32,3.32,0.003594629709831,0.0010827197921177,10.0,14374.56,1437.456,15.563620614984837,0.0108271979211779,,,,,,5.0,9.8,1.96,0.0106106539627544,0.0054135989605889,46.0,176.52,3.8373913043478263,0.1911216977046339,0.0498051104374187,3.0,31.08,10.36,0.0336509311390212,0.0032481593763533,,,,,,4.0,14.64,3.66,0.0158510177566045,0.0043308791684711,1.0,2.0,2.0,0.0021654395842355,0.0010827197921177,,,,,,,,,,,,,,,33.18636089332197,870.0,0.0381452424061172,0.0085125011371603,2.1741694395138507,0.0360482097179349,0.9419662191424856,336963.0,321742.3333333334,0.0,0.9548298576797256,0.0,4709.0,780.0,287.0,635.0,210.0,504.0,217.0,192.0,4499.0,276.0,70.0,443.0,0.0445954555107241,0.9554045444892758,0.6461538461538462,0.3538461538461538,0.7560975609756098,0.2439024390243902,0.3023622047244094,0.6976377952755906,baseline,male_P42,male,P42,1111986,CTRL,MDMA,CTRL_MDMA
2,inactive,1,blue,4,0-4,,,,14395.88,4.1200000000008,8.0,1799.485,,,,,,,,,,,,,5.0,14399.68,2879.936,3495.0679611643695,1.213592233009473,,,,,,,,,,,,,,,,,,,,,,,,,,,,,,,,,,,,,,,,,,,,,,,,,,0.0,0.0,,,,,0.0,359905.0,346946.3333333333,0.0,0.9639942021737216,0.0,,,,,,,,,,,,,,,,,,,,,baseline,male_P42,male,P42,1111862,CTRL,MDMA,CTRL_MDMA
2,inactive,1,blue,8,4-8,,,,14338.16,61.840000000000146,8.0,1792.27,,,1.0,3.44,3.44,0.0556274256144888,0.0161707632600258,,,,,,7.0,14369.28,2052.7542857142857,232.36222509702404,0.1131953428201808,,,,,,,,,,,,,,,,,,,,,,,,,,2.0,5.76,2.88,0.0931435963777488,0.0323415265200516,1.0,2.0,2.0,0.0323415265200516,0.0161707632600258,,,,,,,,,,,,,,,1.7608883410501288,55.0,0.0320161516554568,0.0070575508208136,1.851794684145177,0.0277506916990199,0.8893919793014209,358462.0,350733.3333333333,217.0,0.9784393696774925,0.0006053640274282,0.0,0.0,87.0,0.0,0.0,0.0,0.0,0.0,0.0,0.0,87.0,0.0,0.0,0.0,0.0,0.0,0.0,1.0,0.0,0.0,baseline,male_P42,male,P42,1111862,CTRL,MDMA,CTRL_MDMA
2,inactive,1,blue,12,8-12,3.0,64.04,21.346666666666668,13845.12,554.8799999999992,17.0,814.4188235294118,0.1154123414071512,0.0054065743944636,3.0,8.16,2.72,0.0147058823529411,0.0054065743944636,2.0,8.24,4.12,0.0148500576701268,0.0036043829296424,15.0,14309.6,953.9733333333334,25.788638985005804,0.0270328719723183,,,,,,23.0,282.2,12.269565217391303,0.5085784313725498,0.0414504036908881,1.0,1.12,1.12,0.0020184544405997,0.0018021914648212,,,,,,1.0,3.16,3.16,0.005694925028835,0.0018021914648212,5.0,19.96,3.992,0.0359717416378316,0.0090109573241061,,,,,,,,,,,,,,,,,,,,11.82473887712945,537.0,0.0220199979089933,0.0031734346223767,2.048049681490505,0.0222211255624496,0.967776816608998,346145.0,319079.0,3168.0,0.9218073350763408,0.0091522338904216,7107.0,80.0,415.0,1604.0,1029.0,0.0,0.0,623.0,6078.0,80.0,415.0,981.0,0.1447868298860278,0.8552131701139721,0.0,1.0,0.0,1.0,0.3884039900249376,0.6115960099750624,baseline,male_P42,male,P42,1111862,CTRL,MDMA,CTRL_MDMA
2,inactive,1,green,4,0-4,7.0,108.48,15.497142857142858,13345.68,1054.3199999999997,22.0,606.6218181818182,0.1028909628955156,0.0066393504818271,5.0,12.44,2.488,0.0117990742848471,0.0047423932013051,7.0,28.68,4.097142857142857,0.027202367402686,0.0066393504818271,36.0,14087.32,391.31444444444446,13.361522118521894,0.0341452310493967,,,,,,7.0,86.92,12.417142857142858,0.082441763411488,0.0066393504818271,3.0,5.28,1.76,0.0050079672205781,0.002845435920783,5.0,16.68,3.336,0.0158206237195538,0.0047423932013051,1.0,1.36,1.36,0.0012899309507549,0.000948478640261,20.0,117.24,5.862,0.1111996357842021,0.0189695728052204,,,,,,,,,,,,,,,,,,,,40.64259330367424,1033.0,0.0393442335950379,0.0069955149263562,2.0147458078925853,0.0386514318654538,0.9797784353896352,333664.0,330300.3333333333,0.0,0.9899190003516511,0.0,2315.0,457.0,1040.0,2719.0,0.0,0.0,0.0,0.0,2315.0,457.0,1040.0,2719.0,0.0,1.0,0.0,1.0,0.0,1.0,0.0,1.0,baseline,male_P42,male,P42,1111966,CTRL,MDMA,CTRL_MDMA
2,inactive,1,green,8,4-8,,,,14053.84,346.15999999999985,40.0,351.346,,,,,,,,1.0,8.88,8.88,0.0256528772821816,0.0028888375317772,10.0,14374.8,1437.48,41.526461751791096,0.0288883753177721,,,,,,9.0,28.08,3.1199999999999997,0.0811185578923041,0.0259995377859949,2.0,5.6,2.8,0.0161774901779524,0.0057776750635544,,,,,,,,,,,9.0,34.76,3.862222222222222,0.1004159926045759,0.0259995377859949,1.0,2.0,2.0,0.0057776750635544,0.0028888375317772,,,,,,,,,,,,,,,10.58069320824975,313.0,0.03380413165575,0.0087010286735655,2.0737282218156508,0.0391206432907329,0.904206147446268,351386.0,348329.0,0.0,0.9913001656298202,0.0,853.0,0.0,223.0,0.0,0.0,0.0,49.0,0.0,853.0,0.0,174.0,0.0,0.0,1.0,0.0,0.0,0.2197309417040358,0.7802690582959642,0.0,0.0,baseline,male_P42,male,P42,1111966,CTRL,MDMA,CTRL_MDMA
2,inactive,1,green,12,8-12,8.0,50.0,6.25,12830.56,1569.4400000000005,63.0,203.65968253968256,0.0318584972983994,0.0050973595677439,7.0,23.64,3.3771428571428572,0.0150626975226832,0.0044601896217759,3.0,13.32,4.44,0.0084871036802936,0.0019115098379039,25.0,14262.68,570.5072,9.087751044958708,0.0159292486491997,,,,,,53.0,742.36,14.006792452830188,0.4730094810887958,0.0337700071363033,7.0,23.24,3.32,0.014807829544296,0.0044601896217759,5.0,35.64,7.128,0.0227087368742991,0.0031858497298399,,,,,,11.0,34.16,3.105454545454545,0.0217657253542664,0.0070088694056478,4.0,8.84,2.21,0.005632582322357,0.0025486797838719,,,,,,,,,,,,,,,32.68800381882523,1511.0,0.0216333579211285,0.0035319361206089,2.104200718579228,0.0209861442009586,0.9627637883576304,320827.0,306034.6666666666,51.0,0.9538931158121562,0.0001589641769551,19200.0,896.0,934.0,1258.0,1237.0,0.0,0.0,213.0,17963.0,896.0,934.0,1045.0,0.0644270833333333,0.9355729166666666,0.0,1.0,0.0,1.0,0.1693163751987281,0.8306836248012719,baseline,male_P42,male,P42,1111966,CTRL,MDMA,CTRL_MDMA
2,inactive,1,red,4,0-4,3.0,86.08,28.69333333333333,14011.12,388.8799999999992,11.0,1273.7381818181818,0.2213536309401362,0.0077144620448467,2.0,7.88,3.94,0.0202633203044641,0.0051429746965645,4.0,30.52,7.63,0.0784817938695743,0.010285949393129,17.0,14243.24,837.8376470588236,36.6263114585477,0.0437152849207982,,,,,,1.0,23.04,23.04,0.059247068504423,0.0025714873482822,1.0,6.8,6.8,0.0174861139683193,0.0025714873482822,1.0,1.44,1.44,0.0037029417815264,0.0025714873482822,,,,,,7.0,35.24,5.034285714285715,0.0906192141534665,0.0180004114379757,,,,,,,,,,,,,,,,,,,,14.459747690525006,378.0,0.0382533007685846,0.0093286595137948,1.9734732801150856,0.035232350216933,0.9720222176506912,350289.0,340535.6666666666,0.0,0.9721563242541632,0.0,748.0,37.0,966.0,2155.0,0.0,0.0,0.0,0.0,748.0,37.0,966.0,2155.0,0.0,1.0,0.0,1.0,0.0,1.0,0.0,1.0,baseline,male_P42,male,P42,1111832,ELA,MDMA,ELA_MDMA
2,inactive,1,red,8,4-8,,,,14296.32,103.68000000000028,14.0,1021.1657142857142,,,,,,,,1.0,7.52,7.52,0.0725308641975306,0.009645061728395,7.0,14391.4,2055.9142857142856,138.8059413580243,0.0675154320987652,,,,,,2.0,4.8,2.4,0.0462962962962961,0.01929012345679,,,,,,,,,,,,,,,,,,,,,1.0,1.96,1.96,0.0189043209876542,0.009645061728395,,,,,,,,,,,,,,,3.5563782746079142,90.0,0.0395153141623101,0.0127013967071658,1.6850942736521657,0.0449114988675626,0.8680555555555532,357422.0,350223.3333333333,0.0,0.9798594751675423,0.0,122.0,0.0,189.0,0.0,0.0,0.0,0.0,0.0,122.0,0.0,189.0,0.0,0.0,1.0,0.0,0.0,0.0,1.0,0.0,0.0,baseline,male_P42,male,P42,1111832,ELA,MDMA,ELA_MDMA
2,inactive,1,red,12,8-12,16.0,219.16,13.6975,12983.52,1416.4799999999996,28.0,463.69714285714286,0.1547215633118717,0.0112956060092624,7.0,30.72,4.388571428571429,0.0216875635377838,0.0049418276290523,15.0,102.4,6.826666666666667,0.0722918784592793,0.0105896306336835,39.0,13928.44,357.1394871794872,9.833135660228177,0.0275330396475771,,,,,,39.0,258.36,6.624615384615385,0.1823957980345646,0.0275330396475771,17.0,180.88,10.64,0.1276968259347114,0.0120015813848413,6.0,22.52,3.7533333333333334,0.0158985654580368,0.0042358522534734,2.0,11.0,5.5,0.0077657291313679,0.0014119507511578,24.0,105.6,4.3999999999999995,0.0745509996611318,0.0169434090138936,,,,,,,,,,,,,,,,,,,,43.20156007580877,1388.0,0.0311250432822829,0.006557312268058,1.9362981481671453,0.031978628061824,0.9798938213035132,324616.0,309013.3333333333,12.0,0.9519350042306396,3.696675456539419e-05,11037.0,846.0,3350.0,5495.0,3086.0,0.0,0.0,836.0,7951.0,846.0,3350.0,4659.0,0.2796049651173326,0.7203950348826674,0.0,1.0,0.0,1.0,0.1521383075523203,0.8478616924476797,baseline,male_P42,male,P42,1111832,ELA,MDMA,ELA_MDMA
2,inactive,1,yellow,4,0-4,,,,14276.92,123.07999999999991,29.0,492.3075862068966,,,,,,,,,,,,,6.0,14397.12,2399.52,116.97367565810865,0.048748781280468,,,,,,,,,,,,,,,,,,,,,,,,,,2.0,6.04,3.02,0.0490737731556711,0.016249593760156,,,,,,,,,,,,,,,,,,,,4.877804330855811,102.0,0.0478216110868216,0.0245970920794289,2.223128257699183,0.0452853178471406,0.8287292817679563,356952.0,345825.6666666666,0.0,0.9688296092098284,0.0,,,,,,,,,,,,,,,,,,,,,baseline,male_P42,male,P42,1111916,ELA,MDMA,ELA_MDMA
2,inactive,1,yellow,8,4-8,1.0,2.24,2.24,13907.8,492.2000000000007,18.0,772.6555555555556,0.0045509955302722,0.0020316944331572,,,,,,1.0,1.92,1.92,0.0039008533116619,0.0020316944331572,10.0,14372.28,1437.228,29.20008126777729,0.0203169443315725,,,,,,15.0,125.2,8.346666666666668,0.2543681430312877,0.0304754164973587,3.0,12.36,4.12,0.0251117431938236,0.0060950832994717,2.0,3.16,1.58,0.0064201544087769,0.0040633888663145,,,,,,9.0,26.04,2.893333333333333,0.0529053230394147,0.0182852498984152,1.0,2.12,2.12,0.0043071921982933,0.0020316944331572,,,,,,,,,,,,,,,14.94372855115073,475.0,0.0314604811603173,0.0036091298026349,2.2436293426511975,0.0273720925300801,0.965054855749694,347713.0,345879.0,0.0,0.9947255351396124,0.0,3457.0,81.0,49.0,57.0,0.0,0.0,49.0,0.0,3457.0,81.0,0.0,57.0,0.0,1.0,0.0,1.0,1.0,0.0,0.0,1.0,baseline,male_P42,male,P42,1111916,ELA,MDMA,ELA_MDMA
2,inactive,1,yellow,12,8-12,,,,13863.68,536.3199999999997,43.0,322.4111627906977,,,,,,,,,,,,,8.0,14391.72,1798.965,26.83420346062054,0.0149164677804296,,,,,,39.0,227.56,5.834871794871795,0.42429892601432,0.0727177804295943,4.0,12.2,3.05,0.0227476133651551,0.0074582338902148,2.0,49.44,24.72,0.0921837708830549,0.0037291169451074,,,,,,,,,,,,,,,,,,,,,,,,,,,,,,10.191860568332432,505.0,0.0201819021155097,0.0031287554591361,2.2625241086027614,0.0152680990736393,0.9416020286396186,346635.0,321546.3333333333,846.0,0.927622234723364,0.0024406075554978,6037.0,1238.0,0.0,0.0,894.0,0.0,0.0,0.0,5143.0,1238.0,0.0,0.0,0.1480867980785158,0.8519132019214842,0.0,1.0,0.0,0.0,0.0,0.0,baseline,male_P42,male,P42,1111916,ELA,MDMA,ELA_MDMA
2,inactive,2,blue,4,0-4,24.0,188.8,7.866666666666667,12722.52,1677.4799999999996,49.0,259.64326530612243,0.1125497770465222,0.0143071750482867,7.0,25.28,3.611428571428572,0.0150702243841953,0.0041729260557502,8.0,19.36,2.42,0.0115411212056179,0.0047690583494289,69.0,13701.88,198.57797101449273,8.168133152109117,0.0411331282638243,,,,,,7.0,69.0,9.857142857142858,0.0411331282638243,0.0041729260557502,17.0,66.44,3.908235294117647,0.039607029592007,0.0101342489925364,2.0,3.68,1.84,0.0021937668407372,0.0011922645873572,1.0,8.32,8.32,0.004959820683406,0.0005961322936786,19.0,79.68,4.193684210526317,0.0474998211603119,0.0113265135798936,3.0,6.76,2.2533333333333334,0.0040298543052674,0.0017883968810358,3.6,4.0,0.9,0.0,0.0,0.0,0.002146076257243,0.0023845291747144,0.0,0.0,1.0,0.0,1.0,0.0,76.39920860556418,1549.0,0.0493216324115972,0.0136674893776375,1.889222824225667,0.0442955722255374,0.923408922908172,318112.0,276747.6666666666,8380.0,0.8699692770680346,0.0263429232471582,3410.0,303.0,1131.0,4744.0,898.0,0.0,26.0,759.0,2512.0,303.0,1105.0,3985.0,0.2633431085043988,0.7366568914956012,0.0,1.0,0.0229885057471264,0.9770114942528736,0.1599915682967959,0.840008431703204,baseline,male_P42,male,P42,1111967,CTRL,MDMA,CTRL_MDMA
2,inactive,2,blue,8,4-8,13.0,144.6,11.123076923076924,12362.6,2037.3999999999996,49.0,252.29795918367347,0.0709728084813978,0.0063806812604299,3.0,13.72,4.573333333333333,0.0067340728379306,0.001472464906253,8.0,22.96,2.87,0.0112692647491901,0.0039265730833415,66.0,13756.88,208.43757575757576,6.752174339844901,0.0323942279375674,,,,,,10.0,40.92,4.0920000000000005,0.0200844213212918,0.0049082163541768,3.0,5.44,1.8133333333333337,0.0026700696966722,0.001472464906253,2.0,15.92,7.96,0.0078138804358496,0.0009816432708353,,,,,,29.0,154.76,5.336551724137931,0.0759595562972415,0.0142338274271129,1.0,2.08,2.08,0.0010209090016687,0.0004908216354176,,,,,,,,,,,,,,,67.44820414192709,1890.0,0.0356868804983741,0.0072990155304866,1.9864959506310635,0.0317650664405318,0.9276528909394328,309114.0,296815.3333333333,0.0,0.9602131683887928,0.0,1172.0,400.0,928.0,3628.0,0.0,0.0,0.0,0.0,1172.0,400.0,928.0,3628.0,0.0,1.0,0.0,1.0,0.0,1.0,0.0,1.0,baseline,male_P42,male,P42,1111967,CTRL,MDMA,CTRL_MDMA
2,inactive,2,blue,12,8-12,2.0,12.4,6.2,13131.0,1269.0,11.0,1193.7272727272727,0.0097714736012608,0.0015760441292356,2.0,5.44,2.72,0.0042868400315208,0.0015760441292356,5.0,18.24,3.648,0.0143735224586288,0.003940110323089,14.0,14144.76,1010.34,11.146382978723404,0.0110323089046493,,,,,,28.0,265.64,9.487142857142857,0.2093301812450748,0.0220646178092986,25.0,157.64,6.305599999999999,0.1242237982663514,0.0197005516154452,2.0,10.48,5.24,0.0082584712371946,0.0015760441292356,3.0,55.08,18.36,0.0434042553191489,0.0023640661938534,15.0,60.32,4.021333333333334,0.0475334909377462,0.0118203309692671,8.0,18.24,2.28,0.0143735224586288,0.0063041765169424,,,,,,,,,,,,,,,27.626392475476315,1045.0,0.0264367392109821,0.0039378062962792,2.0142288901970553,0.02624509135387,0.8234830575256107,328286.0,301766.6666666666,1739.0,0.9192188112397928,0.0052972103592599,10635.0,1644.0,599.0,312.0,630.0,0.0,0.0,0.0,10005.0,1644.0,599.0,312.0,0.0592383638928067,0.9407616361071932,0.0,1.0,0.0,1.0,0.0,1.0,baseline,male_P42,male,P42,1111967,CTRL,MDMA,CTRL_MDMA
2,inactive,2,green,4,0-4,58.0,313.84,5.4110344827586205,11304.12,3095.879999999999,194.0,58.26865979381443,0.1013734382469604,0.0187345762755662,17.0,71.76,4.221176470588236,0.0231791929919764,0.0054911689083556,8.0,24.24,3.03,0.0078297608434435,0.0025840794862849,68.0,13653.6,200.78823529411764,4.410248459242608,0.0219646756334224,,,,,,23.0,71.16,3.0939130434782607,0.022985387030505,0.0074292285230693,29.0,101.2,3.4896551724137934,0.0326886055015052,0.0093672881377831,2.0,30.16,15.08,0.0097419796632944,0.0006460198715712,5.0,24.52,4.904,0.0079202036254635,0.0016150496789281,30.0,151.0,5.033333333333333,0.0487745003036293,0.0096902980735687,,,,,,0.0,0.0,0.0,0.8,1.0,0.8,0.0,0.0,0.0002584079486284,0.0003230099357856,0.0,1.0,0.0,1.0,182.0415040328619,2846.0,0.0639639859567329,0.0184456955684905,2.0489126186765234,0.0598520859398997,0.9192862772458884,282797.0,265728.6666666666,2675.0,0.9396445742588028,0.0094590819563149,4361.0,1374.0,2425.0,7904.0,366.0,821.0,838.0,2385.0,3995.0,553.0,1587.0,5519.0,0.083925705113506,0.916074294886494,0.5975254730713246,0.4024745269286754,0.3455670103092783,0.6544329896907216,0.301745951417004,0.698254048582996,baseline,male_P42,male,P42,1111833,ELA,MDMA,ELA_MDMA
2,inactive,2,green,8,4-8,6.0,38.08,6.346666666666667,13812.4,587.6000000000004,51.0,270.8313725490196,0.0648059904697072,0.0102110279101429,3.0,14.24,4.746666666666667,0.0242341729067392,0.0051055139550714,2.0,6.56,3.28,0.0111640571817562,0.0034036759700476,10.0,14264.52,1426.452,24.275901974132047,0.0170183798502382,,,,,,1.0,1.52,1.52,0.0025867937372362,0.0017018379850238,4.0,4.48,1.12,0.0076242341729067,0.0068073519400952,,,,,,1.0,16.76,16.76,0.0285228046289993,0.0017018379850238,2.0,6.04,3.02,0.0102791014295439,0.0034036759700476,,,,,,,,,,,,,,,,,,,,25.840949880388575,447.0,0.057809731276037,0.0189809185016059,2.152237224995808,0.0516158623377452,0.7607215793056497,345361.0,324192.6666666667,0.0,0.938706648019512,0.0,155.0,420.0,525.0,958.0,37.0,357.0,220.0,519.0,118.0,63.0,305.0,439.0,0.2387096774193548,0.7612903225806451,0.85,0.15,0.419047619047619,0.580952380952381,0.5417536534446764,0.4582463465553236,baseline,male_P42,male,P42,1111833,ELA,MDMA,ELA_MDMA
2,inactive,2,green,12,8-12,8.0,22.28,2.785,12440.16,1959.84,84.0,148.09714285714284,0.0113682749612213,0.0040819658747652,1.0,2.16,2.16,0.0011021307861866,0.0005102457343456,7.0,54.2,7.742857142857143,0.0276553188015348,0.0035717201404196,16.0,14111.16,881.9475,7.200159196669116,0.0081639317495305,,,,,,67.0,740.64,11.054328358208956,0.3779084006857702,0.0341864642011592,11.0,19.28,1.752727272727273,0.0098375377581843,0.0056127030778022,5.0,39.28,7.856,0.0200424524450975,0.0025512286717283,3.0,13.44,4.4799999999999995,0.0068577026696056,0.0015307372030369,20.0,77.36,3.868,0.0394726100089803,0.0102049146869132,3.0,8.48,2.8266666666666667,0.0043268838272512,0.0015307372030369,,,,,,,,,,,,,,,63.58548285876695,1676.0,0.0379388322546342,0.0037645625234989,2.1193967523723813,0.035645004839594,0.8551718507633277,311088.0,296871.3333333333,0.0,0.9543001765845462,0.0,19076.0,1326.0,1417.0,565.0,422.0,76.0,104.0,404.0,18654.0,1250.0,1313.0,161.0,0.0221220381631369,0.977877961836863,0.057315233785822,0.942684766214178,0.073394495412844,0.926605504587156,0.7150442477876107,0.2849557522123894,baseline,male_P42,male,P42,1111833,ELA,MDMA,ELA_MDMA
2,inactive,2,red,4,0-4,16.0,140.12,8.7575,13026.08,1373.92,40.0,325.652,0.101985559566787,0.0116455106556422,4.0,11.44,2.86,0.0083265401187842,0.0029113776639105,,,,,,28.0,13962.6,498.6642857142857,10.162600442529405,0.0203796436473739,,,,,,16.0,170.24,10.64,0.1239082333760335,0.0116455106556422,19.0,113.36,5.9663157894736845,0.0825084429952253,0.0138290439035751,3.0,23.36,7.786666666666666,0.0170024455572376,0.0021835332479329,4.0,36.0,9.0,0.026202398975195,0.0029113776639105,16.0,66.24,4.14,0.0482124141143589,0.0116455106556422,1.0,2.12,2.12,0.0015430301618725,0.0007278444159776,0.0,0.0,0.0,1.8,2.0,0.9,0.0,0.0,0.0013101199487597,0.0014556888319552,0.0,1.0,0.0,1.0,36.95715640454517,1256.0,0.0294244875832365,0.0076422142497996,1.952383269328774,0.026289505001575,0.9141725864679164,325692.0,279826.0,10387.0,0.859173697849502,0.0318920943713692,7125.0,1491.0,290.0,3519.0,877.0,520.0,59.0,730.0,6248.0,971.0,231.0,2789.0,0.1230877192982456,0.8769122807017544,0.3487592219986586,0.6512407780013414,0.2034482758620689,0.7965517241379311,0.2074452969593634,0.7925547030406366,baseline,male_P42,male,P42,1111863,CTRL,MDMA,CTRL_MDMA
2,inactive,2,red,8,4-8,2.0,8.0,4.0,13868.96,531.0400000000009,15.0,924.5973333333332,0.0150647785477553,0.0037661946369388,1.0,6.2,6.2,0.0116752033745103,0.0018830973184694,,,,,,16.0,14217.84,888.615,26.77357637842719,0.0301295570955106,,,,,,7.0,99.04,14.14857142857143,0.1865019584212109,0.0131816812292859,4.0,10.84,2.71,0.0204127749322084,0.0075323892738776,,,,,,,,,,,8.0,26.36,3.295,0.0496384453148537,0.0150647785477553,2.0,6.12,3.06,0.0115245555890328,0.0037661946369388,,,,,,,,,,,,,,,11.947452671511604,415.0,0.0287890425819556,0.0061010019746726,1.8841912918385024,0.0243717184106253,0.7814853871648074,346739.0,321529.6666666666,0.0,0.9272959392126834,0.0,2758.0,0.0,156.0,202.0,0.0,0.0,0.0,0.0,2758.0,0.0,156.0,202.0,0.0,1.0,0.0,0.0,0.0,1.0,0.0,1.0,baseline,male_P42,male,P42,1111863,CTRL,MDMA,CTRL_MDMA
2,inactive,2,red,12,8-12,,,,13738.0,662.0,9.0,1526.4444444444443,,,,,,,,,,,,,5.0,14188.56,2837.712,21.43287009063444,0.0075528700906344,,,,,,24.0,256.0,10.666666666666666,0.3867069486404834,0.0362537764350453,,,,,,2.0,23.04,11.52,0.0348036253776435,0.0030211480362537,,,,,,8.0,20.4,2.55,0.0308157099697885,0.0120845921450151,1.0,3.04,3.04,0.0045921450151057,0.0015105740181268,,,,,,,,,,,,,,,6.0786932545821175,443.0,0.0137216552022169,0.0031472796930031,2.0803390605874292,0.0118826415885891,0.6691842900302115,343459.0,311406.3333333333,1668.0,0.9066768765218944,0.004856474863084,6424.0,578.0,0.0,0.0,57.0,0.0,0.0,0.0,6367.0,578.0,0.0,0.0,0.0088729763387297,0.9911270236612704,0.0,1.0,0.0,0.0,0.0,0.0,baseline,male_P42,male,P42,1111863,CTRL,MDMA,CTRL_MDMA
2,inactive,2,yellow,4,0-4,41.0,320.36,7.813658536585367,10630.24,3769.76,80.0,132.878,0.0849815372861932,0.0108760239378634,9.0,22.92,2.546666666666667,0.0060799626501421,0.0023874198887992,5.0,47.12,9.424,0.0124994694622469,0.0013263443826662,62.0,13928.24,224.64903225806452,3.694728576885531,0.0164466703450617,,,,,,32.0,189.68,5.9275,0.0503162005008276,0.0084886040490641,37.0,188.44,5.092972972972973,0.0499872670939264,0.0098149484317304,4.0,31.44,7.86,0.0083400534782055,0.001061075506133,10.0,130.0,13.0,0.034484953949323,0.0026526887653325,30.0,130.96,4.365333333333334,0.0347396120707949,0.0079580662959976,,,,,,0.0,0.0,0.0,1.0,1.0,1.0,0.0,0.0,0.0002652688765332,0.0002652688765332,0.0,1.0,0.0,1.0,143.08915638750597,3617.0,0.039560175943463,0.0085917474231427,2.2025597567011346,0.0376158194820682,0.95947752642078,265836.0,254966.3333333333,2283.0,0.9591113819547892,0.008588001625062,9522.0,4050.0,1765.0,8050.0,955.0,399.0,753.0,2347.0,8567.0,3651.0,1012.0,5703.0,0.1002940558706154,0.8997059441293845,0.0985185185185185,0.9014814814814814,0.426628895184136,0.5733711048158641,0.2915527950310559,0.7084472049689441,baseline,male_P42,male,P42,1111917,ELA,MDMA,ELA_MDMA
2,inactive,2,yellow,8,4-8,6.0,45.76,7.626666666666666,13663.2,736.7999999999993,18.0,759.0666666666667,0.0621064060803475,0.00814332247557,1.0,3.6,3.6,0.004885993485342,0.001357220412595,2.0,10.2,5.1,0.013843648208469,0.00271444082519,20.0,14205.8,710.29,19.280401737242148,0.0271444082519001,,,,,,3.0,14.96,4.986666666666667,0.0203040173724213,0.004071661237785,16.0,110.72,6.92,0.1502714440825191,0.0217155266015201,1.0,2.12,2.12,0.0028773072747014,0.001357220412595,3.0,17.04,5.68,0.0231270358306189,0.004071661237785,4.0,17.08,4.27,0.0231813246471227,0.00542888165038,,,,,,,,,,,,,,,,,,,,28.453620212465697,616.0,0.0461909419033534,0.0110768497766937,2.1791630117770047,0.043381015021187,0.8360477741585242,341598.0,321291.0,0.0,0.9405529306377672,0.0,3161.0,483.0,348.0,1150.0,37.0,357.0,220.0,519.0,3124.0,126.0,128.0,631.0,0.0117051565960139,0.988294843403986,0.7391304347826086,0.2608695652173913,0.632183908045977,0.367816091954023,0.4513043478260869,0.548695652173913,baseline,male_P42,male,P42,1111917,ELA,MDMA,ELA_MDMA
2,inactive,2,yellow,12,8-12,12.0,95.88,7.989999999999999,12968.2,1431.7999999999993,35.0,370.52,0.0669646598686967,0.0083810588070959,,,,,,5.0,15.2,3.04,0.0106160078223215,0.0034921078362899,20.0,14118.24,705.912,9.860483307724548,0.0139684313451599,,,,,,72.0,409.8,5.691666666666666,0.2862131582623273,0.0502863528425758,16.0,41.28,2.58,0.0288308422964101,0.0111747450761279,,,,,,5.0,48.28,9.656,0.0337197932672161,0.0034921078362899,4.0,11.48,2.87,0.0080178795921218,0.0027936862690319,,,,,,,,,,,,,,,,,,,,44.16171409995445,1185.0,0.0372672692826619,0.0068886290041557,2.188121914546564,0.0356010488392555,0.8276295572007267,324240.0,306100.3333333333,0.0,0.9440548153631054,0.0,11365.0,1212.0,385.0,2409.0,943.0,76.0,104.0,404.0,10422.0,1136.0,281.0,2005.0,0.0829740431148262,0.9170259568851736,0.0627062706270627,0.9372937293729372,0.2701298701298701,0.7298701298701299,0.1677044416770444,0.8322955583229555,baseline,male_P42,male,P42,1111917,ELA,MDMA,ELA_MDMA
2,inactive,3,blue,4,0-4,18.0,235.56,13.086666666666666,11849.28,2550.7199999999993,97.0,122.15752577319589,0.0923503951825367,0.00705683101242,6.0,23.0,3.8333333333333335,0.0090170618492033,0.00235227700414,7.0,25.36,3.6228571428571423,0.0099422908041651,0.0027443231714966,44.0,13762.0,312.77272727272725,5.3953393551624655,0.0172500313636933,1.0,1.36,1.36,0.000533182787605,0.0003920461673566,17.0,107.8,6.341176470588235,0.0422625768410488,0.0066647848450633,29.0,196.72,6.783448275862069,0.0771233220424037,0.0113693388533433,8.0,59.0,7.375,0.0231307238740434,0.0031363693388533,6.0,57.0,9.5,0.02234663153933,0.00235227700414,40.0,159.96,3.999,0.0627117049303726,0.0156818466942667,4.0,12.92,3.23,0.0050652364822481,0.0015681846694266,2.0,2.0,1.0,3.2,3.0,1.0666666666666669,0.0007840923347133,0.0007840923347133,0.0012545477355413,0.00117613850207,0.3846153846153846,0.6153846153846154,0.4,0.6,77.15500758073415,2278.0,0.0338696258036585,0.0086490068892726,1.930665148463821,0.0279285752605087,0.8930811692384898,296329.0,213008.0,16833.0,0.7188226599489081,0.0568051051365205,7659.0,2914.0,1222.0,5907.0,1965.0,457.0,25.0,902.0,5694.0,2457.0,1197.0,5005.0,0.2565609087348218,0.7434390912651783,0.1568291008922443,0.8431708991077557,0.0204582651391162,0.9795417348608838,0.1527001862197393,0.8472998137802608,baseline,male_P42,male,P42,1111864,CTRL,saline,CTRL_saline
2,inactive,3,blue,8,4-8,2.0,5.44,2.72,13886.44,513.5599999999995,26.0,534.0938461538461,0.0105927252901316,0.0038943842978425,2.0,28.84,14.42,0.056157021574889,0.0038943842978425,1.0,16.24,16.24,0.0316224004984812,0.0019471921489212,17.0,14321.16,842.4211764705882,27.886050315445157,0.0331022665316613,,,,,,6.0,26.96,4.493333333333333,0.0524963003349171,0.0116831528935275,4.0,15.32,3.83,0.0298309837214736,0.007788768595685,1.0,1.48,1.48,0.0028818443804034,0.0019471921489212,1.0,8.04,8.04,0.0156554248773269,0.0019471921489212,6.0,24.8,4.133333333333334,0.0482903652932471,0.0116831528935275,,,,,,,,,,,,,,,,,,,,16.00939061066711,485.0,0.0330090528054992,0.0088057514669394,2.0291046356267666,0.0288898777469085,0.94438819222681,347187.0,329652.6666666666,0.0,0.9494959968739228,0.0,1067.0,240.0,1130.0,138.0,0.0,0.0,0.0,0.0,1067.0,240.0,1130.0,138.0,0.0,1.0,0.0,1.0,0.0,1.0,0.0,1.0,baseline,male_P42,male,P42,1111864,CTRL,saline,CTRL_saline
2,inactive,3,blue,12,8-12,1.0,1.44,1.44,13755.16,644.8400000000001,12.0,1146.263333333333,0.0022331120898207,0.0015507722845977,2.0,9.56,4.78,0.0148253830407542,0.0031015445691954,2.0,8.76,4.38,0.0135847652130761,0.0031015445691954,9.0,14381.92,1597.9911111111112,22.303082935301777,0.0139569505613795,,,,,,7.0,50.24,7.177142857142857,0.0779107995781899,0.0108554059921841,33.0,244.88,7.420606060606061,0.3797531170522919,0.051175485391725,,,,,,2.0,8.76,4.38,0.0135847652130761,0.0031015445691954,22.0,87.08,3.958181818181818,0.1350412505427702,0.03411699026115,3.0,6.68,2.2266666666666666,0.0103591588611128,0.0046523168537931,0.0,0.0,0.0,0.8,1.0,0.8,0.0,0.0,0.0012406178276781,0.0015507722845977,0.0,1.0,0.0,1.0,13.655168491860836,633.0,0.0215721461166837,0.0035564595251167,2.1255833995559694,0.0204579970973497,0.9816388561503626,343891.0,316499.3333333333,0.0,0.9203478233897756,0.0,7418.0,221.0,462.0,37.0,0.0,0.0,0.0,0.0,7418.0,221.0,462.0,37.0,0.0,1.0,0.0,1.0,0.0,1.0,0.0,1.0,baseline,male_P42,male,P42,1111864,CTRL,saline,CTRL_saline
2,inactive,3,green,4,0-4,66.0,601.2,9.10909090909091,9360.32,5039.68,79.0,118.48506329113924,0.1192932884627595,0.0130960695917201,11.0,41.6,3.7818181818181817,0.0082544923487205,0.0021826782652866,23.0,116.24,5.053913043478261,0.0230649565051749,0.0045637818274176,151.0,12895.88,85.40317880794701,2.55886881706775,0.0299622198234808,,,,,,51.0,171.24,3.3576470588235297,0.0339783478316083,0.0101196901390564,6.0,15.48,2.58,0.0030716235951488,0.0011905517810654,12.0,75.92,6.326666666666667,0.015064448536415,0.0023811035621309,4.0,22.84,5.71,0.0045320337799225,0.0007937011873769,87.0,433.28,4.980229885057471,0.085973712616674,0.0172630008254492,2.0,4.92,2.46,0.0009762524604736,0.0003968505936884,5.6,5.0,1.12,0.0,0.0,0.0,0.0011111816623277,0.0009921264842212,0.0,0.0,1.0,0.0,1.0,0.0,229.3580750073119,4781.0,0.0479728247243906,0.012690161926069,2.059191723066569,0.0439311017010244,0.9486713442123308,234087.0,190240.99999999997,1061.0,0.812693571193616,0.0045325028728635,4725.0,2485.0,3980.0,15096.0,1532.0,161.0,409.0,2194.0,3193.0,2324.0,3571.0,12902.0,0.3242328042328042,0.6757671957671958,0.0647887323943662,0.9352112676056338,0.1027638190954773,0.8972361809045226,0.1453365129835718,0.8546634870164282,baseline,male_P42,male,P42,1111968,CTRL,saline,CTRL_saline
2,inactive,3,green,8,4-8,13.0,40.96,3.1507692307692308,13459.76,940.2399999999998,88.0,152.9518181818182,0.0435633455288011,0.0138262571258402,2.0,14.0,7.0,0.0148898153662894,0.0021271164808984,3.0,28.04,9.346666666666666,0.0298221730621968,0.0031906747213477,12.0,14369.76,1197.48,15.283076661277976,0.0127626988853909,,,,,,,,,,,38.0,112.4,2.9578947368421056,0.1195439462264953,0.0404152131370713,,,,,,2.0,4.0,2.0,0.0042542329617969,0.0021271164808984,4.0,13.32,3.33,0.0141665957627839,0.0042542329617969,1.0,2.56,2.56,0.00272270909555,0.0010635582404492,,,,,,,,,,,,,,,51.47322331150617,867.0,0.0593693463800532,0.0178302352630283,1.9987460211064467,0.0516930411575487,0.9221049944694972,336582.0,329094.3333333333,0.0,0.9777538113545386,0.0,2848.0,102.0,1056.0,1037.0,86.0,102.0,720.0,778.0,2762.0,0.0,336.0,259.0,0.0301966292134831,0.9698033707865168,1.0,0.0,0.6818181818181818,0.3181818181818182,0.7502410800385728,0.2497589199614271,baseline,male_P42,male,P42,1111968,CTRL,saline,CTRL_saline
2,inactive,3,green,12,8-12,7.0,30.12,4.302857142857143,12176.48,2223.5200000000004,48.0,253.67666666666665,0.0135460890839749,0.0031481614736993,7.0,45.64,6.5200000000000005,0.0205260128085198,0.0031481614736993,3.0,13.28,4.426666666666667,0.005972512052961,0.0013492120601568,25.0,14225.68,569.0272,6.397819673310785,0.0112434338346405,,,,,,62.0,335.8,5.416129032258064,0.1510218032668921,0.0278837159099086,81.0,591.24,7.29925925925926,0.2659027128157156,0.0364287256242354,2.0,26.08,13.04,0.011729150176297,0.0008994747067712,2.0,15.24,7.62,0.0068539972655968,0.0008994747067712,42.0,169.0,4.023809523809524,0.0760056127221702,0.0188889688421961,4.0,9.44,2.36,0.0042455206159602,0.0017989494135424,2.6,3.0,0.8666666666666667,0.0,0.0,0.0,0.0011693171188026,0.0013492120601568,0.0,0.0,1.0,0.0,1.0,0.0,53.52156329840744,2177.0,0.0245850084053318,0.0040641491808188,2.174481918346564,0.0216007329524353,0.9790782183205008,304460.0,293957.6666666666,0.0,0.9655050471873698,0.0,23319.0,1037.0,1483.0,760.0,230.0,0.0,51.0,178.0,23089.0,1037.0,1432.0,582.0,0.0098632016810326,0.9901367983189674,0.0,1.0,0.0343897505057316,0.9656102494942684,0.2342105263157894,0.7657894736842106,baseline,male_P42,male,P42,1111968,CTRL,saline,CTRL_saline
2,inactive,3,red,4,0-4,65.0,697.44,10.729846153846154,6587.52,7812.48,111.0,59.34702702702703,0.0892725485377242,0.0083200212992545,32.0,144.56,4.5175,0.018503727369542,0.0040960104857868,41.0,205.44,5.010731707317073,0.0262963873187515,0.0052480134349143,168.0,11811.8,70.30833333333332,1.5119142705005324,0.0215040550503809,1.0,1.36,1.36,0.0001740804456459,0.0001280003276808,106.0,488.28,4.6064150943396225,0.0625,0.0135680347341689,62.0,341.12,5.501935483870968,0.0436634717784877,0.007936020316212,15.0,116.56,7.770666666666667,0.0149197181944785,0.0019200049152125,15.0,167.12,11.141333333333334,0.0213914147620217,0.0019200049152125,122.0,581.88,4.769508196721311,0.0744808306709265,0.0156160399770623,19.0,42.96,2.261052631578947,0.0054988940771688,0.0024320062259359,2.4,2.0,1.2,6.0,5.0,1.2,0.000307200786434,0.0002560006553616,0.000768001966085,0.0006400016384041,0.2857142857142857,0.7142857142857143,0.2857142857142857,0.7142857142857143,219.7062360295568,7526.0,0.0291929625338236,0.0079351236903361,2.0206124316758665,0.0262725738694306,0.9633304661259934,164799.0,139113.3333333333,3743.0,0.8441394264123769,0.0227125164594445,20903.0,7122.0,8823.0,17501.0,330.0,365.0,66.0,1413.0,20573.0,6757.0,8757.0,16088.0,0.0157872075778596,0.9842127924221404,0.051249648975007,0.9487503510249928,0.0074804488269296,0.9925195511730704,0.0807382435289412,0.9192617564710588,baseline,male_P42,male,P42,1111918,ELA,saline,ELA_saline
2,inactive,3,red,8,4-8,,,,14348.32,51.68000000000029,9.0,1594.2577777777778,,,,,,,,1.0,5.4,5.4,0.1044891640866867,0.0193498452012382,6.0,14393.92,2398.9866666666667,278.52012383900774,0.1160990712074296,,,,,,,,,,,,,,,,,,,,,,,,,,1.0,6.36,6.36,0.1230650154798754,0.0193498452012382,,,,,,,,,,,,,,,,,,,,1.613395113869855,45.0,0.0358532247526634,0.0140790750627841,1.904166767464356,0.0304413711238386,0.8707430340557226,358717.0,337157.0,0.0,0.9398969103778188,0.0,0.0,0.0,136.0,0.0,0.0,0.0,0.0,0.0,0.0,0.0,136.0,0.0,0.0,0.0,0.0,0.0,0.0,1.0,0.0,0.0,baseline,male_P42,male,P42,1111918,ELA,saline,ELA_saline
2,inactive,3,red,12,8-12,3.0,21.16,7.053333333333334,13551.48,848.5200000000004,13.0,1042.4215384615384,0.0249375383019846,0.0035355678121906,3.0,20.32,6.773333333333333,0.0239475793145712,0.0035355678121906,5.0,29.84,5.968,0.0351671145052561,0.0058926130203177,13.0,14322.32,1101.716923076923,16.879177862631398,0.015320793852826,,,,,,25.0,144.28,5.7712,0.1700372413142883,0.0294630651015886,42.0,208.76,4.97047619047619,0.2460283788243057,0.0494979493706689,1.0,2.12,2.12,0.0024984679206147,0.0011785226040635,,,,,,12.0,36.76,3.063333333333333,0.0433224909253759,0.0141422712487625,2.0,5.16,2.58,0.0060811766369678,0.002357045208127,0.0,0.0,0.0,1.8,2.0,0.9,0.0,0.0,0.0021213406873143,0.002357045208127,0.0,1.0,0.0,1.0,19.90723736226201,837.0,0.0237840350803608,0.004270386474872,2.1690756127875357,0.0222888267776521,0.9864234196011874,338800.0,313334.6666666666,0.0,0.924836678473042,0.0,8893.0,54.0,1262.0,532.0,91.0,0.0,51.0,0.0,8802.0,54.0,1211.0,532.0,0.0102327673451028,0.9897672326548972,0.0,1.0,0.0404120443740095,0.9595879556259904,0.0,1.0,baseline,male_P42,male,P42,1111918,ELA,saline,ELA_saline
2,inactive,3,yellow,4,0-4,26.0,283.36,10.89846153846154,12396.36,2003.6399999999992,124.0,99.97064516129032,0.1414226108482562,0.0129763829829709,1.0,3.96,3.96,0.0019764029466371,0.0004990916531911,7.0,29.16,4.1657142857142855,0.0145535126070551,0.0034936415723383,35.0,13993.04,399.8011428571429,6.983809466770481,0.0174682078616917,,,,,,58.0,236.04,4.069655172413793,0.117805593819249,0.0289473158850891,1.0,4.04,4.04,0.0020163302788924,0.0004990916531911,5.0,37.6,7.52,0.0187658461599888,0.0024954582659559,1.0,4.36,4.36,0.0021760396079135,0.0004990916531911,11.0,40.84,3.712727272727273,0.0203829031163282,0.0054900081851031,,,,,,0.0,0.0,0.0,0.8,1.0,0.8,0.0,0.0,0.0003992733225529,0.0004990916531911,0.0,1.0,0.0,1.0,70.05922481179775,1724.0,0.0406376013989546,0.0102699874800667,2.1968540470722604,0.037263616270373,0.8604340101016154,310033.0,219164.3333333333,15519.0,0.7069064690963004,0.0500559617847132,6061.0,1055.0,836.0,7110.0,492.0,69.0,368.0,1865.0,5569.0,986.0,468.0,5245.0,0.0811747236429632,0.9188252763570368,0.0654028436018957,0.9345971563981044,0.4401913875598086,0.5598086124401914,0.2623066104078762,0.7376933895921237,baseline,male_P42,male,P42,1111834,ELA,saline,ELA_saline
2,inactive,3,yellow,8,4-8,12.0,126.84,10.57,13250.56,1149.4400000000005,48.0,276.05333333333334,0.1103493875278396,0.0104398663697104,6.0,32.96,5.493333333333333,0.028674832962138,0.0052199331848552,3.0,27.64,9.213333333333331,0.0240464922048997,0.0026099665924276,38.0,14228.8,374.4421052631579,12.378897550111352,0.0330595768374164,,,,,,2.0,9.56,4.78,0.0083170935412026,0.001739977728285,45.0,221.32,4.918222222222222,0.1925459354120266,0.0391494988864142,1.0,1.36,1.36,0.0011831848552338,0.0008699888641425,1.0,21.6,21.6,0.0187917594654788,0.0008699888641425,4.0,14.6,3.65,0.012701837416481,0.0034799554565701,,,,,,,,,,,,,,,,,,,,48.26935273489548,1109.0,0.0435251151802484,0.0113501084794293,2.18502718451918,0.0411871803481321,0.9648176503340752,331312.0,325398.6666666667,0.0,0.9821517683231114,0.0,5819.0,576.0,1524.0,3183.0,86.0,102.0,720.0,778.0,5733.0,474.0,804.0,2405.0,0.0147791716789826,0.9852208283210172,0.1770833333333333,0.8229166666666666,0.4724409448818897,0.5275590551181102,0.2444234998429154,0.7555765001570846,baseline,male_P42,male,P42,1111834,ELA,saline,ELA_saline
2,inactive,3,yellow,12,8-12,3.0,31.6,10.533333333333331,13914.0,486.0,49.0,283.9591836734694,0.0650205761316872,0.0061728395061728,,,,,,1.0,1.8,1.8,0.0037037037037037,0.0020576131687242,8.0,14387.12,1798.39,29.60312757201646,0.0164609053497942,,,,,,9.0,61.2,6.800000000000001,0.1259259259259259,0.0185185185185185,29.0,76.48,2.637241379310345,0.1573662551440329,0.0596707818930041,,,,,,2.0,3.48,1.74,0.0071604938271604,0.0041152263374485,4.0,10.32,2.58,0.0212345679012345,0.0082304526748971,,,,,,,,,,,,,,,,,,,,16.682537883814216,444.0,0.037573283522104,0.0062794351375124,2.0726589577627905,0.0412631901949678,0.9135802469135802,347899.0,319977.0,2384.0,0.9197410742773048,0.0068525635313697,3480.0,89.0,46.0,793.0,139.0,0.0,0.0,178.0,3341.0,89.0,46.0,615.0,0.0399425287356321,0.9600574712643678,0.0,1.0,0.0,1.0,0.2244640605296343,0.7755359394703657,baseline,male_P42,male,P42,1111834,ELA,saline,ELA_saline
2,inactive,4,blue,4,0-4,,,,8172.12,6227.88,38.0,215.0557894736842,,,,,,,,,,,,,9.0,8846.4,982.9333333333332,1.420451261103297,0.0014451145494132,,,,,,6.0,386.68,64.44666666666667,0.0620885437741253,0.0009634096996088,,,,,,2.0,26.44,13.22,0.0042454254096096,0.0003211365665362,,,,,,12.0,45.0,3.75,0.0072255727470664,0.0019268193992177,1.0,2.16,2.16,0.0003468274918591,0.0001605682832681,,,,,,,,,,,,,,,7.651944639819042,658.0,0.0116290951972933,0.0019133708453161,2.2100934767123985,0.0104118079399474,0.1056539303904378,204341.0,173183.33333333334,1516.0,0.8475212186165936,0.0074189712294644,9673.0,663.0,0.0,0.0,0.0,0.0,0.0,0.0,9673.0,663.0,0.0,0.0,0.0,1.0,0.0,1.0,0.0,0.0,0.0,0.0,baseline,male_P42,male,P42,1111865,CTRL,saline,CTRL_saline
2,inactive,4,blue,8,4-8,,,,8658.04,5741.959999999999,5.0,1731.6080000000002,,,,,,,,,,,,,4.0,8661.6,2165.4,1.5084744581989429,0.0006966262391239,,,,,,,,,,,,,,,,,,,,,,,,,,,,,,,,,,,,,,,,,,,,,,,,,,0.0,0.0,,,,,0.0,216456.0,205678.0,177.0,0.950206970469749,0.000817718150571,,,,,,,,,,,,,,,,,,,,,baseline,male_P42,male,P42,1111865,CTRL,saline,CTRL_saline
2,inactive,4,blue,12,8-12,,,,13851.32,548.6800000000003,18.0,769.5177777777777,,,,,,,,,,,,,6.0,14397.52,2399.5866666666666,26.240285776773337,0.0109353357148064,,,,,,7.0,170.92,24.417142857142856,0.311511263395786,0.0127578916672741,2.0,45.72,22.86,0.083327258146825,0.0036451119049354,3.0,4.8,1.6,0.0087482685718451,0.0054676678574032,,,,,,18.0,102.24,5.68,0.1863381205803017,0.0328060071444193,,,,,,,,,,,,,,,,,,,,5.4893384696327745,530.0,0.0103572423955335,0.0018986398590013,2.1127581212879423,0.007876976836771,0.965954654807902,346301.0,327293.6666666666,24.0,0.9451132588894244,6.930387148752097e-05,5425.0,123.0,0.0,0.0,796.0,0.0,0.0,0.0,4629.0,123.0,0.0,0.0,0.1467281105990783,0.8532718894009217,0.0,1.0,0.0,0.0,0.0,0.0,baseline,male_P42,male,P42,1111865,CTRL,saline,CTRL_saline
2,inactive,4,green,4,0-4,7.0,30.0,4.285714285714286,6282.88,8117.12,123.0,51.08032520325203,0.0036958921390838,0.0008623748324528,4.0,14.44,3.61,0.0017789560829456,0.0004927856185445,8.0,19.08,2.385,0.0023505874004573,0.000985571237089,64.0,8455.08,132.110625,1.0416354569108257,0.0078845698967121,,,,,,30.0,287.72,9.590666666666667,0.0354460695419064,0.0036958921390838,4.0,13.8,3.45,0.0017001103839785,0.0004927856185445,3.0,4.8,1.6,0.0005913427422534,0.0003695892139083,3.0,59.36,19.786666666666665,0.0073129385792005,0.0003695892139083,39.0,171.32,4.392820512820513,0.0211060080422612,0.0048046597808089,2.0,4.8,2.4,0.0005913427422534,0.0002463928092722,,,,,,,,,,,,,,,95.35844571483352,2469.0,0.0386222947407183,0.0073507788495622,2.071517431573229,0.0385157303368173,0.3041719230465978,157195.0,146700.33333333334,91.0,0.9332379104509262,0.000578898819937,7572.0,1610.0,850.0,757.0,0.0,0.0,0.0,69.0,7572.0,1610.0,850.0,688.0,0.0,1.0,0.0,1.0,0.0,1.0,0.0911492734478203,0.9088507265521796,baseline,male_P42,male,P42,1111969,CTRL,saline,CTRL_saline
2,inactive,4,green,8,4-8,1.0,11.44,11.44,7895.32,6504.68,68.0,116.10764705882352,0.0017587337117275,0.0001537354643118,,,,,,,,,,,10.0,8632.08,863.208,1.3270568267770282,0.0015373546431184,,,,,,17.0,61.32,3.607058823529412,0.0094270586716026,0.0026135028933014,3.0,18.12,6.04,0.0027856866133307,0.0004612063929355,4.0,11.48,2.87,0.0017648831303,0.0006149418572473,2.0,14.2,7.1,0.0021830435932282,0.0003074709286236,12.0,36.32,3.026666666666667,0.0055836720638063,0.0018448255717421,1.0,2.04,2.04,0.0003136203471961,0.0001537354643118,,,,,,,,,,,,,,,19.908618728906756,706.0,0.0281991766698395,0.0050609476412494,1.9337151922417173,0.0227731370544907,0.1085372378041656,197451.0,193965.66666666663,0.0,0.9823483632226054,0.0,2006.0,648.0,0.0,287.0,0.0,0.0,0.0,0.0,2006.0,648.0,0.0,287.0,0.0,1.0,0.0,1.0,0.0,0.0,0.0,1.0,baseline,male_P42,male,P42,1111969,CTRL,saline,CTRL_saline
2,inactive,4,green,12,8-12,5.0,18.12,3.624,13073.24,1326.7600000000002,76.0,172.01631578947368,0.0136573306400554,0.003768579094938,1.0,2.36,2.36,0.0017787693328107,0.0007537158189876,2.0,6.16,3.08,0.0046428894449636,0.0015074316379752,24.0,14334.04,597.2516666666667,10.803792698001145,0.0180891796557026,,,,,,50.0,143.24,2.8648,0.107962253911785,0.0376857909493804,50.0,285.44,5.7088,0.215140643371823,0.0376857909493804,2.0,5.16,2.58,0.003889173625976,0.0015074316379752,8.0,42.16,5.27,0.0317766589285175,0.0060297265519008,22.0,79.36,3.6072727272727274,0.0598148873948566,0.0165817480177273,4.0,10.24,2.56,0.0077180499864331,0.0030148632759504,,,,,,,,,,,,,,,34.284566619894974,1272.0,0.0269532756445715,0.0033370960631301,1.9999448915776348,0.0250212690381929,0.9587265217522384,326907.0,317334.0,0.0,0.9707164422909268,0.0,10817.0,1193.0,216.0,458.0,971.0,489.0,0.0,44.0,9846.0,704.0,216.0,414.0,0.0897661089026532,0.9102338910973468,0.4098910310142498,0.5901089689857502,0.0,1.0,0.0960698689956331,0.9039301310043668,baseline,male_P42,male,P42,1111969,CTRL,saline,CTRL_saline
2,inactive,4,red,4,0-4,2.0,4.32,2.16,8209.32,6190.68,18.0,456.0733333333333,0.0006978231793599,0.0003230662867407,4.0,14.64,3.66,0.002364845218942,0.0006461325734814,6.0,13.72,2.286666666666666,0.0022162347270412,0.0009691988602221,26.0,8682.32,333.9353846153846,1.4024824413473156,0.0041998617276292,,,,,,9.0,87.08,9.675555555555556,0.0140663061246906,0.0014537982903332,3.0,10.0,3.3333333333333335,0.0016153314337035,0.000484599430111,2.0,3.2,1.6,0.0005169060587851,0.0003230662867407,,,,,,8.0,50.12,6.265,0.0080960411457222,0.0012922651469628,,,,,,,,,,,,,,,,,,,,24.036758435332583,641.0,0.0374988431128433,0.0086063198906427,1.948513794690362,0.0350039726245919,0.1035427449003986,205251.0,173897.66666666666,453.0,0.8472439435942658,0.0022070538024175,2439.0,82.0,719.0,110.0,0.0,0.0,0.0,0.0,2439.0,82.0,719.0,110.0,0.0,1.0,0.0,1.0,0.0,1.0,0.0,1.0,baseline,male_P42,male,P42,1111835,ELA,saline,ELA_saline
2,inactive,4,red,8,4-8,,,,8273.12,6126.879999999999,15.0,551.5413333333333,,,,,,,,,,,,,6.0,8652.72,1442.12,1.4122555036168492,0.0009792912542762,,,,,,15.0,203.68,13.578666666666669,0.0332436737784973,0.0024482281356905,1.0,1.84,1.84,0.0003003159846447,0.000163215209046,1.0,1.28,1.28,0.0002089154675789,0.000163215209046,1.0,2.4,2.4,0.0003917165017104,0.000163215209046,2.0,6.68,3.34,0.0010902775964275,0.000326430418092,,,,,,,,,,,,,,,,,,,,8.564867283571035,372.0,0.0230238367837931,0.0033878628182681,2.007669515506795,0.019978176469007,0.0607160577651267,206843.0,199490.66666666663,0.0,0.9644545218676324,0.0,5154.0,94.0,0.0,0.0,0.0,0.0,0.0,0.0,5154.0,94.0,0.0,0.0,0.0,1.0,0.0,1.0,0.0,0.0,0.0,0.0,baseline,male_P42,male,P42,1111835,ELA,saline,ELA_saline
2,inactive,4,red,12,8-12,1.0,7.52,7.52,13975.36,424.6399999999994,13.0,1075.0276923076924,0.0177091183119819,0.0023549359457422,1.0,8.56,8.56,0.0201582516955539,0.0023549359457422,1.0,9.32,9.32,0.021948003014318,0.0023549359457422,9.0,14368.72,1596.5244444444445,33.837415222306,0.0211944235116805,,,,,,9.0,144.72,16.08,0.3408063300678226,0.0211944235116805,,,,,,1.0,22.52,22.52,0.0530331574981161,0.0023549359457422,1.0,1.84,1.84,0.0043330821401657,0.0023549359457422,9.0,28.24,3.1377777777777776,0.0665033911077619,0.0211944235116805,2.0,6.24,3.12,0.0146948003014318,0.0047098718914845,,,,,,,,,,,,,,,7.350447977583263,413.0,0.0177976948609764,0.0020778983592795,2.184214865045949,0.0156483815024511,0.9725885455915612,349397.0,328295.3333333333,936.0,0.939605472666718,0.0026789010781432,3627.0,611.0,449.0,189.0,0.0,0.0,0.0,0.0,3627.0,611.0,449.0,189.0,0.0,1.0,0.0,1.0,0.0,1.0,0.0,1.0,baseline,male_P42,male,P42,1111835,ELA,saline,ELA_saline
2,inactive,4,yellow,4,0-4,3.0,20.84,6.946666666666666,8117.16,6282.84,68.0,119.37,0.0033169713059699,0.0004774910709169,1.0,0.96,0.96,0.0001527971426934,0.0001591636903056,2.0,3.12,1.56,0.0004965907137536,0.0003183273806113,9.0,8832.68,981.4088888888888,1.405841944088979,0.0014324732127509,,,,,,,,,,,,,,,,2.0,34.6,17.3,0.0055070636845757,0.0003183273806113,1.0,2.08,2.08,0.0003310604758357,0.0001591636903056,10.0,52.84,5.284000000000001,0.0084102093957509,0.0015916369030565,,,,,,,,,,,,,,,,,,,,27.43775040412006,690.0,0.039764855658145,0.0074207292382635,2.1892581561605833,0.0368876183073823,0.1098229463109039,202997.0,176342.66666666666,205.0,0.8686959248987258,0.0010098671408937,0.0,920.0,105.0,524.0,0.0,0.0,0.0,69.0,0.0,920.0,105.0,455.0,0.0,0.0,0.0,1.0,0.0,1.0,0.1316793893129771,0.8683206106870229,baseline,male_P42,male,P42,1111919,ELA,saline,ELA_saline
2,inactive,4,yellow,8,4-8,1.0,2.0,2.0,8509.4,5890.6,44.0,193.39545454545453,0.0003395239873697,0.0001697619936848,,,,,,,,,,,6.0,8653.36,1442.2266666666667,1.4690116456727669,0.0010185719621091,,,,,,,,,,,,,,,,,,,,,,,,,,,,,,,,,,,,,,,,,,,,,,,,,,4.846335020422855,104.0,0.0465993751963736,0.0153728214971239,1.5336403046348202,0.0421855274400599,0.0176552473432247,212779.0,204082.33333333337,0.0,0.9591281721097163,0.0,0.0,0.0,0.0,51.0,0.0,0.0,0.0,0.0,0.0,0.0,0.0,51.0,0.0,0.0,0.0,0.0,0.0,0.0,0.0,1.0,baseline,male_P42,male,P42,1111919,ELA,saline,ELA_saline
2,inactive,4,yellow,12,8-12,1.0,4.0,4.0,13716.36,683.6399999999994,44.0,311.73545454545456,0.0058510327072728,0.0014627581768182,,,,,,,,,,,6.0,14397.0,2399.5,21.059329471651765,0.0087765490609092,,,,,,,,,,,46.0,269.84,5.866086956521738,0.3947106664326256,0.0672868761336376,3.0,31.64,10.546666666666669,0.0462816687145281,0.0043882745304546,3.0,37.72,12.573333333333332,0.0551752384295828,0.0043882745304546,6.0,17.44,2.9066666666666667,0.0255105026037095,0.0087765490609092,,,,,,,,,,,,,,,,,,,,14.18127658280796,627.0,0.0226176660012886,0.0027074499144804,2.0617830361463545,0.02165166194338,0.9171493768650174,342953.0,327641.0,0.0,0.9553524827017114,0.0,6792.0,1740.0,0.0,101.0,175.0,489.0,0.0,44.0,6617.0,1251.0,0.0,57.0,0.0257656065959952,0.9742343934040048,0.2810344827586207,0.7189655172413794,0.0,0.0,0.4356435643564356,0.5643564356435643,baseline,male_P42,male,P42,1111919,ELA,saline,ELA_saline
2,inactive,5,blue,4,0-4,8.0,80.12,10.015,13515.92,884.0799999999999,44.0,307.18,0.0906252827798389,0.0090489548457153,2.0,8.8,4.4,0.0099538503302868,0.0022622387114288,4.0,21.04,5.26,0.0237987512442312,0.0045244774228576,26.0,14216.4,546.7846153846153,16.08044520857841,0.0294091032485747,,,,,,12.0,66.36,5.53,0.0750610804452085,0.0135734322685729,3.0,4.24,1.413333333333333,0.0047959460682291,0.0033933580671432,,,,,,1.0,3.48,3.48,0.0039362953578861,0.0011311193557144,8.0,27.32,3.415,0.0309021807981178,0.0090489548457153,1.0,2.16,2.16,0.0024432178083431,0.0011311193557144,1.0,1.0,1.0,0.0,0.0,0.0,0.0011311193557144,0.0011311193557144,0.0,0.0,1.0,0.0,1.0,0.0,37.68586012742899,844.0,0.0446514930419774,0.0173984464316066,1.8789371664162493,0.0379149851968,0.9546647362229664,337942.0,290433.3333333333,13395.0,0.8594176910041762,0.0396369791265956,1780.0,88.0,752.0,2011.0,61.0,0.0,25.0,172.0,1719.0,88.0,727.0,1839.0,0.0342696629213483,0.9657303370786516,0.0,1.0,0.0332446808510638,0.9667553191489362,0.0855295872700149,0.9144704127299852,baseline,male_P42,male,P42,1112041,ELA,saline,ELA_saline
2,inactive,5,blue,8,4-8,,,,14179.28,220.71999999999937,16.0,886.205,,,1.0,9.48,9.48,0.042950344327655,0.0045306270387821,,,,,,7.0,14360.52,2051.502857142857,65.06216020297228,0.0317143892714752,,,,,,8.0,29.52,3.69,0.1337441101848499,0.0362450163102574,1.0,18.76,18.76,0.0849945632475537,0.0045306270387821,1.0,2.08,2.08,0.0094237042406669,0.0045306270387821,,,,,,,,,,,,,,,,,,,,,,,,,,,,,,3.6374763430292534,173.0,0.0210258748151979,0.0071903187489552,2.0090224157415046,0.0172182019179817,0.7837984777093172,354498.0,346593.6666666666,0.0,0.9777027420935144,0.0,1216.0,53.0,238.0,0.0,3.0,0.0,0.0,0.0,1213.0,53.0,238.0,0.0,0.0024671052631578,0.997532894736842,0.0,1.0,0.0,1.0,0.0,0.0,baseline,male_P42,male,P42,1112041,ELA,saline,ELA_saline
2,inactive,5,blue,12,8-12,7.0,55.52,7.9314285714285715,12650.88,1749.1200000000008,31.0,408.0929032258064,0.0317416758141236,0.0040020124405415,5.0,16.0,3.2,0.009147457006952,0.0028585803146725,7.0,24.16,3.4514285714285715,0.0138126600804976,0.0040020124405415,24.0,14268.0,594.5,8.157244785949501,0.013721185510428,,,,,,100.0,582.32,5.823200000000001,0.3329216977680204,0.0571716062934503,2.0,8.84,4.42,0.005053969996341,0.001143432125869,4.0,26.36,6.59,0.0150704354189535,0.002286864251738,2.0,9.08,4.54,0.0051911818514452,0.001143432125869,16.0,44.52,2.7825,0.0254527991218441,0.009147457006952,7.0,16.36,2.337142857142857,0.0093532747896084,0.0040020124405415,,,,,,,,,,,,,,,33.80827200145736,1717.0,0.0196903156677095,0.0040844527561335,2.1273791790769976,0.0180228648141868,0.9816364800585432,316303.0,285021.0,5820.0,0.9011011593314006,0.0184000784058323,14881.0,892.0,1016.0,1395.0,0.0,0.0,0.0,0.0,14881.0,892.0,1016.0,1395.0,0.0,1.0,0.0,1.0,0.0,1.0,0.0,1.0,baseline,male_P42,male,P42,1112041,ELA,saline,ELA_saline
2,inactive,5,green,4,0-4,15.0,100.96,6.730666666666666,11890.52,2509.4799999999996,98.0,121.33183673469388,0.0402314423705309,0.0059773339496628,6.0,24.28,4.046666666666667,0.0096753112198543,0.0023909335798651,9.0,29.84,3.3155555555555556,0.0118909096705293,0.0035864003697977,48.0,14045.52,292.615,5.596984235777931,0.0191274686389212,,,,,,29.0,265.64,9.16,0.1058545993592298,0.0115561789693482,8.0,36.48,4.56,0.0145368761655801,0.0031879114398202,2.0,8.76,4.38,0.0034907630266031,0.000796977859955,3.0,13.24,4.413333333333333,0.0052759934329024,0.0011954667899325,35.0,175.8,5.022857142857143,0.0700543538900489,0.0139471125492133,,,,,,0.0,0.0,0.0,5.4,5.0,1.08,0.0,0.0,0.0021518402218786,0.0019924446498876,0.0,1.0,0.0,1.0,130.04702421276653,2424.0,0.0536497624640125,0.0117389903201009,2.065747764859626,0.048530027438437,0.9659371662655212,297361.0,275816.3333333333,1353.0,0.9275471004379636,0.0045500250537225,7590.0,555.0,1368.0,2539.0,47.0,70.0,264.0,405.0,7543.0,485.0,1104.0,2134.0,0.0061923583662714,0.9938076416337286,0.1261261261261261,0.8738738738738738,0.1929824561403508,0.8070175438596491,0.1595116187475384,0.8404883812524616,baseline,male_P42,male,P42,1112051,CTRL,saline,CTRL_saline
2,inactive,5,green,8,4-8,2.0,3.28,1.64,14179.28,220.71999999999937,10.0,1417.928,0.0148604566872055,0.0090612540775643,1.0,10.92,10.92,0.0494744472635014,0.0045306270387821,1.0,6.44,6.44,0.0291772381297572,0.0045306270387821,15.0,14303.28,953.552,64.80282711127239,0.0679594055817327,,,,,,,,,,,,,,,,1.0,6.76,6.76,0.0306270387821675,0.0045306270387821,,,,,,1.0,3.24,3.24,0.0146792316056542,0.0045306270387821,1.0,2.52,2.52,0.011417180137731,0.0045306270387821,,,,,,,,,,,,,,,12.19983215924548,184.0,0.0663034356480732,0.0333158921647997,1.7332430357540876,0.063949145422483,0.8336353751359212,354492.0,345260.6666666666,0.0,0.9739589797983216,0.0,0.0,170.0,436.0,84.0,0.0,0.0,0.0,0.0,0.0,170.0,436.0,84.0,0.0,0.0,0.0,1.0,0.0,1.0,0.0,1.0,baseline,male_P42,male,P42,1112051,CTRL,saline,CTRL_saline
2,inactive,5,green,12,8-12,4.0,15.12,3.78,12768.8,1631.2000000000007,130.0,98.22153846153846,0.0092692496321726,0.0024521824423737,7.0,18.12,2.5885714285714285,0.0111083864639529,0.0042913192741539,3.0,11.92,3.973333333333333,0.0073075036782736,0.0018391368317802,14.0,14363.88,1025.9914285714283,8.805713585090727,0.0085826385483079,,,,,,77.0,259.04,3.364155844155845,0.1588033349681215,0.0472045120156939,7.0,27.68,3.954285714285714,0.016969102501226,0.0042913192741539,4.0,24.6,6.15,0.0150809220205983,0.0024521824423737,3.0,6.88,2.2933333333333334,0.0042177538008827,0.0018391368317802,14.0,51.48,3.677142857142857,0.0315595880333496,0.0085826385483079,3.0,6.64,2.213333333333334,0.0040706228543403,0.0018391368317802,,,,,,,,,,,,,,,72.18537693350781,1531.0,0.0471491684738783,0.008285717222919,2.1470077228936844,0.0494481479131118,0.938572829818538,319350.0,292529.6666666667,2570.0,0.9160158655602526,0.0080475966807577,7252.0,794.0,761.0,382.0,246.0,35.0,17.0,160.0,7006.0,759.0,744.0,222.0,0.0339216767788196,0.9660783232211804,0.044080604534005,0.9559193954659948,0.0223390275952693,0.9776609724047306,0.418848167539267,0.581151832460733,baseline,male_P42,male,P42,1112051,CTRL,saline,CTRL_saline
2,inactive,5,red,4,0-4,23.0,577.52,25.109565217391303,11145.28,3254.7199999999993,47.0,237.13361702127665,0.1774407629534952,0.0070666601120833,8.0,33.04,4.13,0.0101514108740536,0.0024579687346376,8.0,30.12,3.765,0.0092542522859109,0.0024579687346376,84.0,13085.96,155.78523809523807,4.020610067839938,0.0258086717136958,,,,,,27.0,297.96,11.035555555555554,0.0915470455215809,0.0082956444794022,6.0,23.96,3.9933333333333336,0.0073616163602398,0.0018434765509782,,,,,,5.0,51.96,10.392,0.0159645069314718,0.0015362304591485,42.0,194.76,4.637142857142857,0.0598392488447547,0.0129043358568479,5.0,13.08,2.616,0.0040187788811326,0.0015362304591485,6.2,6.0,1.0333333333333334,0.0,0.0,0.0,0.0019049257693442,0.0018434765509782,0.0,0.0,1.0,0.0,1.0,0.0,91.42852304791104,3212.0,0.0284646709364604,0.005504514910416,2.0616047298786095,0.0257842391865281,0.9868744469570347,278679.0,261130.0,1188.0,0.9370279066596336,0.004262969222654,8081.0,1304.0,1595.0,14461.0,27.0,0.0,0.0,958.0,8054.0,1304.0,1595.0,13503.0,0.0033411706471971,0.9966588293528028,0.0,1.0,0.0,1.0,0.0662471475001728,0.9337528524998272,baseline,male_P42,male,P42,1111882,ELA,saline,ELA_saline
2,inactive,5,red,8,4-8,1.0,7.84,7.84,13443.08,956.92,16.0,840.1925,0.0081929523889144,0.0010450194373615,2.0,6.76,3.38,0.0070643313965639,0.002090038874723,4.0,12.28,3.07,0.0128328386907996,0.0041800777494461,16.0,14203.84,887.74,14.843288885173266,0.0167203109977845,,,,,,16.0,284.28,17.7675,0.2970781256531371,0.0167203109977845,2.0,4.24,2.12,0.0044308824144129,0.002090038874723,2.0,28.92,14.46,0.0302219621284955,0.002090038874723,1.0,2.04,2.04,0.0021318396522175,0.0010450194373615,13.0,56.84,4.372307692307692,0.0593989048196296,0.0135852526856999,3.0,7.64,2.5466666666666664,0.0079839485014421,0.0031350583120846,,,,,,,,,,,,,,,15.279858139082275,912.0,0.0167542304156603,0.0034014657541337,2.05745305050668,0.0139284045834358,0.95305772687372,336093.0,334319.6666666666,0.0,0.9947236826314938,0.0,7231.0,777.0,482.0,197.0,3.0,0.0,0.0,0.0,7228.0,777.0,482.0,197.0,0.0004148803761582,0.9995851196238418,0.0,1.0,0.0,1.0,0.0,1.0,baseline,male_P42,male,P42,1111882,ELA,saline,ELA_saline
2,inactive,5,red,12,8-12,5.0,47.76,9.552,12882.52,1517.4799999999996,20.0,644.126,0.0314732319371589,0.0032949363418298,6.0,34.2,5.7,0.0225373645781163,0.0039539236101958,3.0,21.36,7.12,0.0140759680522972,0.0019769618050979,25.0,14203.92,568.1568,9.360202440888845,0.0164746817091493,1.0,4.64,4.64,0.0030577009252181,0.0006589872683659,80.0,607.36,7.592,0.4002425073147588,0.052718981469278,1.0,2.68,2.68,0.0017660858792208,0.0006589872683659,1.0,27.44,27.44,0.0180826106439623,0.0006589872683659,1.0,9.36,9.36,0.0061681208319055,0.0006589872683659,14.0,47.4,3.3857142857142857,0.0312359965205472,0.0092258217571236,4.0,10.52,2.63,0.00693254606321,0.0026359490734639,,,,,,,,,,,,,,,25.362831908044686,1497.0,0.0169424394843317,0.0046963778681316,2.1358489063962,0.0158406637401056,0.9865039407438652,322083.0,292152.6666666667,974.0,0.907072607578378,0.0030240652254232,15332.0,922.0,1398.0,1199.0,76.0,0.0,0.0,0.0,15256.0,922.0,1398.0,1199.0,0.0049569527785024,0.9950430472214976,0.0,1.0,0.0,1.0,0.0,1.0,baseline,male_P42,male,P42,1111882,ELA,saline,ELA_saline
2,inactive,5,yellow,4,0-4,8.0,60.8,7.6,12610.36,1789.6399999999994,90.0,140.1151111111111,0.0339733130685501,0.0044701727721776,2.0,9.16,4.58,0.0051183478241434,0.0011175431930444,3.0,5.88,1.96,0.0032855769875505,0.0016763147895666,27.0,14250.44,527.794074074074,7.962741109943902,0.0150868331060995,,,,,,31.0,349.4,11.270967741935484,0.1952347958248586,0.0173219194921883,10.0,25.28,2.528,0.0141257459600813,0.005587715965222,3.0,16.72,5.573333333333333,0.0093426610938512,0.0016763147895666,2.0,25.48,12.74,0.0142375002793858,0.0011175431930444,15.0,43.32,2.888,0.0242059855613419,0.008381573947833,,,,,,0.0,0.0,0.0,1.8,2.0,0.9,0.0,0.0,0.0010057888737399,0.0011175431930444,0.0,1.0,0.0,1.0,73.00102851384852,1698.0,0.0429923607266481,0.0096007792331943,2.140417068782979,0.038621970883057,0.9487941708947054,315349.0,285866.3333333333,3946.0,0.9065078162078628,0.0125131203840823,9408.0,1060.0,381.0,1528.0,81.0,70.0,289.0,1040.0,9327.0,990.0,92.0,488.0,0.008609693877551,0.9913903061224488,0.0660377358490566,0.9339622641509434,0.7585301837270341,0.2414698162729658,0.680628272251309,0.3193717277486911,baseline,male_P42,male,P42,1111983,CTRL,saline,CTRL_saline
2,inactive,5,yellow,8,4-8,,,,14362.88,37.1200000000008,12.0,1196.9066666666663,,,,,,,,,,,,,5.0,14370.48,2874.096,387.1357758620606,0.134698275862066,,,,,,,,,,,,,,,,,,,,,,,,,,,,,,,,,,,,,,,,,,,,,,,,,,0.0807487947285568,1.0,0.0807487947285568,0.0807487947285568,0.1214387037957653,,0.0269396551724132,359084.0,348276.6666666666,62.0,0.9699030496114186,0.0001726615499437,,,,,,,,,,,,,,,,,,,,,baseline,male_P42,male,P42,1111983,CTRL,saline,CTRL_saline
2,inactive,5,yellow,12,8-12,2.0,11.72,5.86,12526.68,1873.3199999999997,44.0,284.6972727272727,0.0062562722866354,0.001067623257105,2.0,4.64,2.32,0.0024768859564836,0.001067623257105,,,,,,11.0,14378.68,1307.1527272727274,7.675506587235498,0.0058719279140776,,,,,,141.0,941.88,6.68,0.5027864967010442,0.0752674396259048,6.0,10.04,1.6733333333333331,0.0053594687506672,0.003202869771315,4.0,45.36,11.34,0.0242136954711421,0.00213524651421,2.0,17.32,8.66,0.0092456174065295,0.001067623257105,15.0,54.08,3.6053333333333337,0.02886853287212,0.0080071744282877,,,,,,,,,,,,,,,,,,,,45.99334584615295,1829.0,0.0251467172477599,0.0041191678609526,2.212446976946276,0.0277577165415018,0.9763414686225528,313211.0,289192.6666666666,1228.0,0.923315805213312,0.0039206796696156,23945.0,1573.0,118.0,295.0,322.0,35.0,17.0,160.0,23623.0,1538.0,101.0,135.0,0.0134474838170808,0.9865525161829192,0.0222504767959313,0.9777495232040686,0.1440677966101695,0.8559322033898306,0.5423728813559322,0.4576271186440678,baseline,male_P42,male,P42,1111983,CTRL,saline,CTRL_saline
2,inactive,6,blue,4,0-4,10.0,274.08,27.408,12923.52,1476.4799999999996,33.0,391.6218181818182,0.185630689206762,0.0067728651928912,5.0,30.36,6.072,0.0205624187256176,0.0033864325964456,3.0,8.64,2.8800000000000003,0.0058517555266579,0.0020318595578673,29.0,13462.96,464.2399999999999,9.118281317728654,0.0196413090593844,,,,,,3.0,21.32,7.1066666666666665,0.014439748591244,0.0020318595578673,4.0,23.6,5.9,0.0159839618552232,0.0027091460771564,,,,,,1.0,1.28,1.28,0.00086692674469,0.0006772865192891,13.0,49.4,3.8,0.0334579540528825,0.0088047247507585,,,,,,,,,,,,,,,,,,,,25.78712309521521,926.0,0.0278478651136233,0.0070955844088995,2.013378975098529,0.0248354953433759,0.6271673168617253,323121.0,314371.0,350.0,0.9729203611031162,0.0010831855558753,1130.0,33.0,983.0,6862.0,0.0,0.0,0.0,134.0,1130.0,33.0,983.0,6728.0,0.0,1.0,0.0,1.0,0.0,1.0,0.0195278344505974,0.9804721655494024,baseline,male_P42,male,P42,1111883,ELA,saline,ELA_saline
2,inactive,6,blue,8,4-8,,,,14385.96,14.040000000000871,10.0,1438.596,,,,,,,,,,,,,5.0,14399.96,2879.9919999999997,1025.638176638113,0.356125356125334,,,,,,,,,,,,,,,,,,,,,,,,,,,,,,,,,,,,,,,,,,,,,,,,,,0.1001292796521872,7.0,0.0143041828074553,0.0027328972549142,0.9042688854002288,0.0171866487030068,0.4985754985754676,359659.0,352116.6666666666,0.0,0.9790292100758402,0.0,,,,,,,,,,,,,,,,,,,,,baseline,male_P42,male,P42,1111883,ELA,saline,ELA_saline
2,inactive,6,blue,12,8-12,1.0,30.96,30.96,12637.72,1762.2800000000009,58.0,217.89172413793105,0.017568150350682,0.0005674467167532,3.0,11.24,3.7466666666666666,0.006378101096307,0.0017023401502598,1.0,4.4,4.4,0.0024967655537145,0.0005674467167532,17.0,13915.92,818.5835294117647,7.896543114601535,0.009646594184806,,,,,,11.0,127.24,11.567272727272726,0.0722019202396894,0.0062419138842862,18.0,552.88,30.715555555555554,0.3137299407585626,0.0102140409015593,1.0,34.6,34.6,0.019633656399664,0.0005674467167532,1.0,10.16,10.16,0.0057652586422134,0.0005674467167532,9.0,27.56,3.062222222222222,0.0156388315137208,0.0051070204507796,4.0,10.6,2.65,0.0060149351975849,0.0022697868670131,,,,,,,,,,,,,,,17.24303380999009,1303.0,0.0132333336991481,0.002296251005612,2.2173832045151087,0.0121180523798471,0.7393830719295454,316001.0,284897.3333333333,7213.0,0.9015709865897048,0.0228258771333002,17032.0,1121.0,395.0,775.0,0.0,0.0,0.0,0.0,17032.0,1121.0,395.0,775.0,0.0,1.0,0.0,1.0,0.0,1.0,0.0,1.0,baseline,male_P42,male,P42,1111883,ELA,saline,ELA_saline
2,inactive,6,green,4,0-4,6.0,27.32,4.553333333333334,13142.76,1257.2399999999998,63.0,208.6152380952381,0.0217301390347109,0.0047723584995704,8.0,38.0,4.75,0.0302249371639464,0.0063631446660939,2.0,10.64,5.32,0.008462982405905,0.0015907861665234,29.0,13730.72,473.4731034482758,10.92131971620375,0.0230663994145906,,,,,,6.0,51.32,8.553333333333333,0.0408195730329929,0.0047723584995704,2.0,11.4,5.7,0.0090674811491839,0.0015907861665234,,,,,,,,,,,3.0,10.92,3.64,0.0086856924692182,0.0023861792497852,,,,,,,,,,,,,,,,,,,,41.807749466841706,690.0,0.0605909412562923,0.0165607877327492,2.0245881730397537,0.0549133512474735,0.5488212274506061,328632.0,320111.3333333333,14.0,0.9740723159440752,4.260084227951021e-05,1576.0,0.0,1226.0,689.0,1112.0,0.0,36.0,396.0,464.0,0.0,1190.0,293.0,0.7055837563451777,0.2944162436548223,0.0,0.0,0.0293637846655791,0.9706362153344208,0.5747460087082729,0.4252539912917271,baseline,male_P42,male,P42,1112052,CTRL,saline,CTRL_saline
2,inactive,6,green,8,4-8,3.0,10.08,3.36,13630.44,769.5599999999995,70.0,194.72057142857145,0.0130983938874161,0.0038983315141119,5.0,36.6,7.32,0.0475596444721659,0.0064972191901866,3.0,12.44,4.1466666666666665,0.0161650813451842,0.0038983315141119,57.0,13992.72,245.48631578947368,18.18275378138158,0.0740682987681272,,,,,,10.0,61.32,6.132,0.0796818961484485,0.0129944383803732,1.0,4.52,4.52,0.0058734861479286,0.0012994438380373,1.0,2.2,2.2,0.0028587764436821,0.0012994438380373,,,,,,,,,,,2.0,4.96,2.48,0.0064452414366651,0.0025988876760746,,,,,,,,,,,,,,,28.49612195915257,716.0,0.0397990530155762,0.0058736995375777,1.9489747154537047,0.0375191174516111,0.9304017880347216,340831.0,339795.0,0.0,0.9969603703888438,0.0,1657.0,56.0,1234.0,255.0,0.0,0.0,0.0,0.0,1657.0,56.0,1234.0,255.0,0.0,1.0,0.0,1.0,0.0,1.0,0.0,1.0,baseline,male_P42,male,P42,1112052,CTRL,saline,CTRL_saline
2,inactive,6,green,12,8-12,3.0,11.64,3.88,11432.44,2967.5599999999995,83.0,137.74024096385543,0.0039224143740985,0.0010109315397161,11.0,74.6,6.781818181818181,0.0251384976209411,0.0037067489789591,2.0,8.72,4.36,0.0029384410087748,0.0006739543598107,22.0,13870.68,630.4854545454546,4.674102629769913,0.0074134979579182,,,,,,39.0,440.36,11.291282051282051,0.1483912709431317,0.0131421100163096,20.0,53.92,2.696,0.0181698095404979,0.0067395435981075,2.0,16.36,8.18,0.0055129466632519,0.0006739543598107,1.0,0.96,0.96,0.0003234980927091,0.0003369771799053,10.0,42.64,4.264,0.0143687069511652,0.0033697717990537,11.0,36.24,3.294545454545455,0.0122120529997708,0.0037067489789591,1.0,1.0,1.0,1.6,2.0,0.8,0.0003369771799053,0.0003369771799053,0.0005391634878486,0.0006739543598107,0.3846153846153846,0.6153846153846154,0.3333333333333333,0.6666666666666666,55.91920190956986,2487.0,0.0224846006874024,0.0014745267000347,2.1514212344255252,0.0231622722954351,0.8380622464246723,285894.0,271962.6666666667,296.0,0.95127098388447,0.0010353487656264,12416.0,436.0,2096.0,294.0,3571.0,0.0,20.0,0.0,8845.0,436.0,2076.0,294.0,0.2876127577319587,0.7123872422680413,0.0,1.0,0.0095419847328244,0.9904580152671756,0.0,1.0,baseline,male_P42,male,P42,1112052,CTRL,saline,CTRL_saline
2,inactive,6,red,4,0-4,,,,13647.64,752.3600000000006,10.0,1364.764,,,1.0,3.76,3.76,0.0049976075283109,0.0013291509383805,,,,,,7.0,13870.92,1981.56,18.436546334201697,0.0093040565686639,,,,,,2.0,39.36,19.68,0.0523153809346589,0.0026583018767611,3.0,51.6,17.2,0.0685841884204369,0.0039874528151416,,,,,,,,,,,2.0,4.92,2.46,0.0065394226168323,0.0026583018767611,,,,,,,,,,,,,,,,,,,,6.304948151936413,226.0,0.027898000672285,0.0044185359953576,1.950848937165502,0.0247126708276345,0.3003881120740069,341201.0,323655.3333333334,3725.0,0.9485767431318588,0.0109173185307194,2279.0,0.0,95.0,0.0,0.0,0.0,0.0,0.0,2279.0,0.0,95.0,0.0,0.0,1.0,0.0,0.0,0.0,1.0,0.0,0.0,baseline,male_P42,male,P42,1112042,ELA,saline,ELA_saline
2,inactive,6,red,8,4-8,,,,14285.48,114.52000000000044,6.0,2380.9133333333334,,,,,,,,,,,,,6.0,14397.04,2399.5066666666667,125.71638141809244,0.052392595179881,,,,,,,,,,,6.0,49.76,8.293333333333333,0.4345092560251468,0.052392595179881,1.0,1.6,1.6,0.0139713587146349,0.0087320991966468,1.0,4.72,4.72,0.041215508208173,0.0087320991966468,,,,,,1.0,2.52,2.52,0.02200488997555,0.0087320991966468,,,,,,,,,,,,,,,2.103329358087316,110.0,0.0191211759826119,0.0038221898269197,2.178118243457796,0.0161146419596246,0.9605309116311525,357143.0,350439.3333333333,0.0,0.981229740841437,0.0,1250.0,160.0,0.0,0.0,0.0,0.0,0.0,0.0,1250.0,160.0,0.0,0.0,0.0,1.0,0.0,1.0,0.0,0.0,0.0,0.0,baseline,male_P42,male,P42,1112042,ELA,saline,ELA_saline
2,inactive,6,red,12,8-12,1.0,1.72,1.72,13026.48,1373.5200000000004,24.0,542.77,0.0012522569747801,0.0007280563806861,2.0,11.76,5.88,0.0085619430368687,0.0014561127613722,3.0,5.92,1.9733333333333336,0.0043100937736618,0.0021841691420583,11.0,13961.48,1269.2254545454546,10.164744597821652,0.0080086201875473,,,,,,18.0,155.64,8.646666666666667,0.1133146950899877,0.0131050148523501,30.0,152.64,5.087999999999999,0.1111305259479293,0.0218416914205836,3.0,18.16,6.053333333333334,0.0132215038732599,0.0021841691420583,2.0,5.6,2.8,0.0040771157318422,0.0014561127613722,15.0,60.72,4.048,0.0442075834352612,0.0109208457102918,2.0,4.88,2.44,0.0035529151377482,0.0014561127613722,1.6,2.0,0.8,1.0,1.0,1.0,0.0011648902090977,0.0014561127613722,0.0007280563806861,0.0007280563806861,0.6153846153846154,0.3846153846153846,0.6666666666666666,0.3333333333333333,23.38123795739585,938.0,0.0249266929183324,0.0032665016575409,2.3220427270823873,0.0204651941902315,0.6829168850835806,325686.0,295657.3333333333,567.0,0.9077987181927788,0.0017409406606363,7755.0,599.0,447.0,44.0,1670.0,0.0,74.0,0.0,6085.0,599.0,373.0,44.0,0.215344938749194,0.784655061250806,0.0,1.0,0.1655480984340044,0.8344519015659956,0.0,1.0,baseline,male_P42,male,P42,1112042,ELA,saline,ELA_saline
2,inactive,6,yellow,4,0-4,2.0,23.52,11.76,13326.36,1073.6399999999994,48.0,277.6325,0.0219067843970045,0.0018628218024663,1.0,1.4,1.4,0.0013039752617264,0.0009314109012331,,,,,,13.0,13851.48,1065.4984615384617,12.901419470213488,0.0121083417160314,,,,,,,,,,,10.0,110.52,11.052,0.102939532804292,0.0093141090123318,,,,,,,,,,,4.0,24.6,6.15,0.0229127081703364,0.0037256436049327,,,,,,,,,,,,,,,,,,,,24.3136635045716,512.0,0.0474876240323664,0.0121095692059155,2.1880884409952275,0.0443567175306542,0.4768823814313925,333207.0,323049.0,52.0,0.9695144459750246,0.0001560591464164,2773.0,0.0,36.0,590.0,1112.0,0.0,36.0,468.0,1661.0,0.0,0.0,122.0,0.4010097367472052,0.5989902632527948,0.0,0.0,1.0,0.0,0.7932203389830509,0.2067796610169491,baseline,male_P42,male,P42,1111984,CTRL,saline,CTRL_saline
2,inactive,6,yellow,8,4-8,,,,14366.56,33.44000000000051,22.0,653.0254545454545,,,,,,,,,,,,,5.0,14399.96,2879.9919999999997,430.6208133971226,0.1495215311004762,,,,,,,,,,,,,,,,,,,,,,,,,,,,,,,,,,,,,,,,,,,,,,,,,,2.657917782838274,20.0,0.1328958891419137,0.139494593966457,1.6449900996218152,0.0864961683465047,0.5980861244019048,359186.0,352031.6666666666,0.0,0.9800818146215794,0.0,,,,,,,,,,,,,,,,,,,,,baseline,male_P42,male,P42,1111984,CTRL,saline,CTRL_saline
2,inactive,6,yellow,12,8-12,1.0,9.48,9.48,13226.04,1173.9599999999991,73.0,181.1786301369863,0.0080752325462537,0.0008518177791406,,,,,,2.0,7.0,3.5,0.0059627244539848,0.0017036355582813,6.0,13987.68,2331.28,11.914954512930604,0.0051109066748441,,,,,,9.0,38.72,4.302222222222222,0.0329823844083273,0.0076663600122661,52.0,192.88,3.709230769230769,0.1642986132406556,0.0442945245153157,3.0,30.88,10.293333333333331,0.0263041330198644,0.002555453337422,,,,,,6.0,26.56,4.426666666666667,0.0226242802139766,0.0051109066748441,,,,,,,,,,,,,,,,,,,,36.506428253554965,701.0,0.0520776437283237,0.0084996157626454,2.0645728551431826,0.0545091920495458,0.5971242631776215,330724.0,299782.0,1304.0,0.9064416250408196,0.0039428647452256,5851.0,775.0,177.0,238.0,2372.0,0.0,94.0,0.0,3479.0,775.0,83.0,238.0,0.4054007861903948,0.5945992138096052,0.0,1.0,0.5310734463276836,0.4689265536723164,0.0,1.0,baseline,male_P42,male,P42,1111984,CTRL,saline,CTRL_saline
2,inactive,7,blue,4,0-4,,,,11901.4,2498.6000000000004,21.0,566.7333333333333,,,,,,,,,,,,,5.0,12026.44,2405.288,4.813271432001921,0.0020011206275514,,,,,,,,,,,,,,,,1.0,1.24,1.24,0.0004962779156327,0.0004002241255102,,,,,,2.0,4.2,2.1,0.0016809413271432,0.0008004482510205,,,,,,,,,,,,,,,,,,,,2.853275619661383,104.0,0.027435342496744,0.0052338630354895,2.082019598830673,0.0221826279448628,0.0416233090530697,297556.0,269378.0,1337.0,0.9053018591458416,0.0044932718547097,0.0,32.0,0.0,0.0,0.0,0.0,0.0,0.0,0.0,32.0,0.0,0.0,0.0,0.0,0.0,1.0,0.0,0.0,0.0,0.0,baseline,male_P42,male,P42,1112053,CTRL,MDMA,CTRL_MDMA
2,inactive,7,blue,8,4-8,,,,13380.04,1019.9599999999992,9.0,1486.6711111111113,,,,,,,,,,,,,6.0,13425.2,2237.5333333333333,13.16247695988079,0.0058825836307306,,,,,,1.0,16.8,16.8,0.0164712341660457,0.0009804306051217,,,,,,1.0,8.84,8.84,0.0086670065492764,0.0009804306051217,,,,,,1.0,4.24,4.24,0.0041570257657163,0.0009804306051217,,,,,,,,,,,,,,,,,,,,0.9225667266159188,45.0,0.020501482813687,0.0029866274596312,1.8593775743988263,0.02163295138979,0.0441193772304796,334510.0,327694.6666666667,0.0,0.9796259205006328,0.0,421.0,222.0,0.0,0.0,0.0,0.0,0.0,0.0,421.0,222.0,0.0,0.0,0.0,1.0,0.0,1.0,0.0,0.0,0.0,0.0,baseline,male_P42,male,P42,1112053,CTRL,MDMA,CTRL_MDMA
2,inactive,7,blue,12,8-12,,,,14128.84,271.15999999999985,12.0,1177.4033333333334,,,,,,,,,,,,,5.0,14190.96,2838.192,52.33426759109015,0.0184392978315385,,,,,,5.0,39.68,7.936,0.1463342675910902,0.0184392978315385,,,,,,1.0,2.04,2.04,0.0075232335152677,0.0036878595663077,,,,,,1.0,2.6,2.6,0.0095884348724,0.0036878595663077,,,,,,,,,,,,,,,,,,,,1.0469715347932926,51.0,0.0205288536233978,0.0055947697448775,1.9113874854474384,0.0174407767603699,0.1880808378816935,353233.0,330753.6666666666,0.0,0.9363611742579732,0.0,997.0,52.0,0.0,0.0,0.0,0.0,0.0,0.0,997.0,52.0,0.0,0.0,0.0,1.0,0.0,1.0,0.0,0.0,0.0,0.0,baseline,male_P42,male,P42,1112053,CTRL,MDMA,CTRL_MDMA
2,inactive,7,green,4,0-4,16.0,138.4,8.65,9432.48,4967.52,49.0,192.49959183673468,0.027860984958289,0.0032209231165652,4.0,14.64,3.66,0.0029471446516571,0.0008052307791413,10.0,58.64,5.864,0.0118046832222114,0.0020130769478532,61.0,10668.0,174.88524590163934,2.147550487969852,0.0122797693819048,1.0,1.88,1.88,0.0003784584661964,0.0002013076947853,27.0,205.0,7.592592592592593,0.0412680774309917,0.0054353077592037,2.0,21.76,10.88,0.0043804554385286,0.0004026153895706,3.0,26.68,8.893333333333333,0.0053708892968724,0.0006039230843559,2.0,13.4,6.7,0.0026975231101233,0.0004026153895706,44.0,169.64,3.855454545454545,0.0341498373433826,0.0088575385705543,1.0,2.0,2.0,0.0004026153895706,0.0002013076947853,,,,,,,,,,,,,,,83.32927484615122,2551.0,0.0326653370623877,0.0073541838159278,2.0245037817069567,0.0323399962683828,0.5135359293973653,235861.0,232528.33333333337,58.0,0.9858702088659564,0.0002459075472418,5698.0,1007.0,1846.0,3476.0,6.0,36.0,0.0,0.0,5692.0,971.0,1846.0,3476.0,0.001053001053001,0.9989469989469988,0.0357497517378351,0.9642502482621648,0.0,1.0,0.0,1.0,baseline,male_P42,male,P42,1111884,ELA,MDMA,ELA_MDMA
2,inactive,7,green,8,4-8,4.0,26.64,6.66,12736.24,1663.7600000000002,45.0,283.0275555555555,0.0160119247968456,0.0024041929124392,1.0,17.72,17.72,0.010650574602106,0.0006010482281098,2.0,16.08,8.04,0.0096648555080059,0.0012020964562196,20.0,13288.6,664.4300000000001,7.9870894840602,0.0120209645621964,,,,,,7.0,134.16,19.165714285714284,0.0806366302832139,0.0042073375967687,1.0,5.8,5.8,0.0034860797230369,0.0006010482281098,1.0,1.76,1.76,0.0010578448814732,0.0006010482281098,1.0,4.0,4.0,0.0024041929124392,0.0006010482281098,12.0,57.6,4.8,0.0346203779391258,0.0072125787373178,2.0,4.52,2.26,0.0027167379910564,0.0012020964562196,,,,,,,,,,,,,,,23.45365817775504,658.0,0.0356438574130015,0.0098224976875579,1.91404842678276,0.0343709767002474,0.3954897340962638,318451.0,317863.0,0.0,0.9981535620864748,0.0,3507.0,146.0,848.0,670.0,0.0,0.0,0.0,78.0,3507.0,146.0,848.0,592.0,0.0,1.0,0.0,1.0,0.0,1.0,0.1164179104477611,0.8835820895522388,baseline,male_P42,male,P42,1111884,ELA,MDMA,ELA_MDMA
2,inactive,7,green,12,8-12,4.0,65.36,16.34,12947.56,1452.4400000000005,83.0,155.9946987951807,0.0450001376993197,0.0027539863953072,5.0,40.04,8.008,0.0275674038170251,0.003442482994134,6.0,40.6,6.766666666666667,0.0279529619123681,0.0041309795929608,24.0,13991.88,582.995,9.633361791192748,0.0165239183718432,2.0,2.84,1.42,0.0019553303406681,0.0013769931976536,29.0,297.72,10.266206896551726,0.2049792074027153,0.0199664013659772,6.0,23.16,3.86,0.0159455812288287,0.0041309795929608,5.0,23.88,4.776,0.016441298779984,0.003442482994134,1.0,6.4,6.4,0.0044063782324915,0.0006884965988268,14.0,48.04,3.4314285714285715,0.0330753766076395,0.0096389523835752,3.0,7.08,2.36,0.0048745559196937,0.0020654897964804,,,,,,,,,,,,,,,31.26268659095979,1173.0,0.0266519067271609,0.0054769235200551,2.05390237376584,0.0271357548882005,0.8076065104238382,323772.0,313331.3333333333,0.0,0.9677530278508744,0.0,8057.0,763.0,2027.0,1638.0,24.0,0.0,102.0,62.0,8033.0,763.0,1925.0,1576.0,0.0029787762194365,0.9970212237805636,0.0,1.0,0.0503206709422792,0.9496793290577208,0.0378510378510378,0.9621489621489622,baseline,male_P42,male,P42,1111884,ELA,MDMA,ELA_MDMA
2,inactive,7,red,4,0-4,3.0,11.92,3.973333333333333,11642.48,2757.5200000000004,17.0,684.8517647058824,0.0043227247671821,0.0010879340857001,,,,,,3.0,23.76,7.920000000000001,0.0086164379587455,0.0010879340857001,20.0,11936.84,596.842,4.328831703849835,0.0072528939046679,,,,,,2.0,12.68,6.34,0.0045983347355594,0.0007252893904667,2.0,13.28,6.64,0.0048159215526995,0.0007252893904667,1.0,2.56,2.56,0.0009283704197974,0.0003626446952333,,,,,,2.0,7.76,3.88,0.0028141228350111,0.0007252893904667,1.0,2.36,2.36,0.0008558414807508,0.0003626446952333,,,,,,,,,,,,,,,12.785194530260451,369.0,0.0346482236592424,0.0092688372411466,1.8673181306288291,0.0335859880051534,0.1338158925411239,291079.0,265001.0,768.0,0.9104092016256756,0.0026384589750548,653.0,65.0,597.0,301.0,0.0,0.0,0.0,0.0,653.0,65.0,597.0,301.0,0.0,1.0,0.0,1.0,0.0,1.0,0.0,1.0,baseline,male_P42,male,P42,1111985,CTRL,MDMA,CTRL_MDMA
2,inactive,7,red,8,4-8,,,,13393.84,1006.16,6.0,2232.306666666667,,,,,,,,,,,,,8.0,13416.6,1677.075,13.33445972807506,0.0079510217062892,,,,,,,,,,,,,,,,,,,,,,,,,,,,,,,,,,,,,,,,,,,,,,,,,,1.9232465064067443,34.0,0.0565660737178454,0.0337272138542749,1.3260706915071745,0.0529405455702396,0.0337918422517293,334852.0,328056.6666666666,6.0,0.9797064573801758,1.7918363933917074e-05,,,,,,,,,,,,,,,,,,,,,baseline,male_P42,male,P42,1111985,CTRL,MDMA,CTRL_MDMA
2,inactive,7,red,12,8-12,2.0,20.72,10.36,13356.76,1043.2399999999998,15.0,890.4506666666667,0.0198612016410413,0.0019171044055059,3.0,17.16,5.72,0.0164487557992408,0.0028756566082588,3.0,29.52,9.84,0.0282964610252674,0.0028756566082588,26.0,14061.24,540.8169230769231,13.47843257543806,0.024922357271577,,,,,,9.0,240.04,26.67111111111111,0.230090870748821,0.0086269698247766,2.0,14.92,7.46,0.0143015988650741,0.0019171044055059,6.0,16.16,2.693333333333334,0.0154902035964878,0.0057513132165177,,,,,,7.0,18.2,2.6,0.0174456500901039,0.0067098654192707,3.0,7.36,2.4533333333333336,0.0070549442122618,0.0028756566082588,,,,,,,,,,,,,,,19.17213461000128,820.0,0.0233806519634161,0.0038106040045812,2.210788186841794,0.0216636411406383,0.786012806257429,333934.0,317830.3333333333,0.0,0.951775899828509,0.0,6385.0,410.0,1173.0,520.0,0.0,0.0,0.0,0.0,6385.0,410.0,1173.0,520.0,0.0,1.0,0.0,1.0,0.0,1.0,0.0,1.0,baseline,male_P42,male,P42,1111985,CTRL,MDMA,CTRL_MDMA
2,inactive,7,yellow,4,0-4,2.0,3.8,1.9,11446.88,2953.120000000001,42.0,272.5447619047619,0.0012867746654385,0.000677249823915,,,,,,,,,,,14.0,11958.6,854.1857142857143,4.049479872135232,0.0047407487674053,,,,,,5.0,5.84,1.168,0.0019775694858319,0.0016931245597876,,,,,,1.0,19.24,19.24,0.0065151433060627,0.0003386249119575,,,,,,7.0,23.4,3.3428571428571425,0.007923822939806,0.0023703743837026,,,,,,,,,,,,,,,,,,,,21.003477334574654,541.0,0.0388234331507849,0.0094988096376284,2.0694759918549317,0.0315262978765589,0.1831960773690198,286214.0,265324.0,12.0,0.9270126548666382,4.192667025372623e-05,151.0,482.0,0.0,97.0,6.0,36.0,0.0,0.0,145.0,446.0,0.0,97.0,0.0397350993377483,0.9602649006622516,0.0746887966804979,0.925311203319502,0.0,0.0,0.0,1.0,baseline,male_P42,male,P42,1112043,ELA,MDMA,ELA_MDMA
2,inactive,7,yellow,8,4-8,1.0,3.48,3.48,13319.68,1080.3199999999997,17.0,783.5105882352941,0.0032212677725118,0.0009256516587677,,,,,,,,,,,6.0,13427.2,2237.866666666667,12.42890995260664,0.0055539099526066,,,,,,,,,,,,,,,,,,,,,,,,,,2.0,5.48,2.74,0.0050725710900473,0.0018513033175355,,,,,,,,,,,,,,,,,,,,2.9655427554204885,99.0,0.0299549773274796,0.0103873652924927,1.8590362731882184,0.0306859379758032,0.0916395142180095,333009.0,327106.3333333333,0.0,0.9822747533349948,0.0,0.0,0.0,0.0,88.0,0.0,0.0,0.0,78.0,0.0,0.0,0.0,10.0,0.0,0.0,0.0,0.0,0.0,0.0,0.8863636363636364,0.1136363636363636,baseline,male_P42,male,P42,1112043,ELA,MDMA,ELA_MDMA
2,inactive,7,yellow,12,8-12,1.0,2.52,2.52,13550.52,849.4799999999996,29.0,467.2593103448276,0.0029665206950134,0.0011771907519894,2.0,9.92,4.96,0.0116777322597353,0.0023543815039789,,,,,,7.0,14176.92,2025.2742857142855,16.688939115694314,0.0082403352639261,,,,,,44.0,408.88,9.292727272727271,0.4813297546734475,0.0517963930875359,,,,,,3.0,14.56,4.8533333333333335,0.0171398973489664,0.0035315722559683,,,,,,4.0,10.88,2.72,0.0128078353816452,0.0047087630079578,,,,,,,,,,,,,,,,,,,,10.363037756610993,613.0,0.0169054449536884,0.0033892078995083,2.231641429150982,0.0160514116764223,0.7216179309695346,338792.0,323286.0,0.0,0.9542315048761482,0.0,10266.0,367.0,250.0,64.0,24.0,0.0,102.0,62.0,10242.0,367.0,148.0,2.0,0.0023378141437755,0.9976621858562243,0.0,1.0,0.408,0.592,0.96875,0.03125,baseline,male_P42,male,P42,1112043,ELA,MDMA,ELA_MDMA
2,inactive,8,blue,4,0-4,12.0,390.88,32.57333333333333,11916.8,2483.2000000000007,176.0,67.7090909090909,0.1574097938144329,0.0048324742268041,5.0,19.72,3.944,0.0079413659793814,0.002013530927835,2.0,8.76,4.38,0.003527706185567,0.000805412371134,40.0,13742.04,343.55100000000004,5.534004510309277,0.0161082474226804,,,,,,2.0,8.72,4.36,0.0035115979381443,0.000805412371134,46.0,162.0,3.5217391304347827,0.0652384020618556,0.0185244845360824,,,,,,5.0,46.36,9.272,0.0186694587628865,0.002013530927835,3.0,8.16,2.72,0.0032860824742268,0.001208118556701,7.0,17.92,2.56,0.0072164948453608,0.002818943298969,1.0,1.0,1.0,0.8,1.0,0.8,0.000402706185567,0.000402706185567,0.0003221649484536,0.000402706185567,0.5555555555555556,0.4444444444444445,0.5,0.5,63.92129495739787,2351.0,0.0271889812664389,0.0036618427784483,2.045496033882365,0.0268267110406674,0.946762242268041,298096.0,270271.6666666666,692.0,0.9066598232336786,0.0023213998175084,4316.0,1164.0,719.0,9784.0,0.0,154.0,19.0,257.0,4316.0,1010.0,700.0,9527.0,0.0,1.0,0.1323024054982818,0.8676975945017182,0.0264255910987482,0.9735744089012516,0.026267375306623,0.973732624693377,baseline,male_P42,male,P42,1112054,CTRL,MDMA,CTRL_MDMA
2,inactive,8,blue,8,4-8,,,,10824.6,3575.3999999999996,740.0,14.627837837837838,,,,,,,,,,,,,10.0,14383.28,1438.328,4.022844996364044,0.0027968898584773,,,,,,,,,,,,,,,,,,,,,,,,,,,,,,,3.0,37.04,12.346666666666666,0.0103596800358001,0.0008390669575432,,,,,,,,,,,,,,,186.2967719409028,3067.0,0.0607423449432353,0.0002666247692835,1.8663984730597205,0.0685912252275339,0.8578061195950104,271355.0,264368.6666666667,0.0,0.9742538986444572,0.0,,,,,,,,,,,,,,,,,,,,,baseline,male_P42,male,P42,1112054,CTRL,MDMA,CTRL_MDMA
2,inactive,8,blue,12,8-12,,,,11828.2,2571.7999999999993,333.0,35.520120120120126,,,,,,,,,,,,,7.0,14393.76,2056.2514285714287,5.596764911734973,0.0027218290691344,,,,,,38.0,531.88,13.996842105263156,0.2068123493273194,0.0147756435181584,,,,,,2.0,37.4,18.7,0.0145423438836612,0.0007776654483241,,,,,,,,,,,75.0,426.24,5.6832,0.1657360603468388,0.0291624543121549,,,,,,,,,,,,,,,14.18755076293026,2313.0,0.0061338308529746,0.0002389857220937,1.8560737912459624,0.0049102775354131,0.8993700909868577,296038.0,282484.6666666667,2.0,0.9542175891833706,6.755889446625095e-06,13335.0,937.0,0.0,0.0,0.0,0.0,0.0,0.0,13335.0,937.0,0.0,0.0,0.0,1.0,0.0,1.0,0.0,0.0,0.0,0.0,baseline,male_P42,male,P42,1112054,CTRL,MDMA,CTRL_MDMA
2,inactive,8,green,4,0-4,22.0,345.72,15.714545454545457,11299.04,3100.959999999999,135.0,83.6965925925926,0.1114880553119034,0.007094577163201,25.0,130.08,5.203200000000001,0.041948299881327,0.0080620195036375,14.0,72.36,5.168571428571428,0.0233347092513286,0.004514730922037,86.0,13437.44,156.2493023255814,4.333316134358394,0.0277333470925132,2.0,3.04,1.52,0.0009803415716423,0.000644961560291,15.0,53.04,3.536,0.0171043805789175,0.0048372117021825,46.0,344.16,7.481739130434783,0.1109849852948764,0.0148341158866931,4.0,44.68,11.17,0.014408441256901,0.001289923120582,5.0,15.92,3.184,0.0051338940199164,0.0016124039007275,44.0,185.72,4.220909090909091,0.0598911304886228,0.0141891543264021,6.0,13.84,2.306666666666666,0.0044631339972137,0.001934884680873,0.8,1.0,0.8,1.0,1.0,1.0,0.0002579846241164,0.0003224807801455,0.0003224807801455,0.0003224807801455,0.4444444444444445,0.5555555555555556,0.5,0.5,131.8695411679149,2982.0,0.0442218447913866,0.0070075273327733,2.0617660538395635,0.0404812351422433,0.9616376863938912,282611.0,265004.0,198.0,0.9376988156865798,0.0007006096719519,9991.0,1524.0,5061.0,8665.0,534.0,67.0,400.0,172.0,9457.0,1457.0,4661.0,8493.0,0.0534481032929636,0.9465518967070364,0.0439632545931758,0.9560367454068242,0.0790357636830665,0.9209642363169334,0.0198499711482977,0.9801500288517022,baseline,male_P42,male,P42,1112044,ELA,MDMA,ELA_MDMA
2,inactive,8,green,8,4-8,7.0,63.56,9.08,13423.36,976.6399999999994,28.0,479.4057142857143,0.0650802752293578,0.0071674311926605,7.0,29.88,4.268571428571429,0.0305946920052424,0.0071674311926605,5.0,15.56,3.112,0.0159321756225426,0.0051195937090432,30.0,14200.68,473.356,14.54034239842727,0.0307175622542595,1.0,2.92,2.92,0.0029898427260812,0.0010239187418086,1.0,7.84,7.84,0.0080275229357798,0.0010239187418086,16.0,164.52,10.2825,0.1684551114023592,0.0163826998689384,5.0,22.64,4.5280000000000005,0.0231815203145478,0.0051195937090432,,,,,,13.0,37.84,2.910769230769231,0.0387450851900393,0.0133109436435124,3.0,7.88,2.6266666666666665,0.0080684796854521,0.0030717562254259,,,,,,,,,,,,,,,37.7840159651289,954.0,0.0396058867559003,0.0082939374334014,1.9530230540305116,0.0343770084405289,0.9768184796854528,335612.0,307350.3333333333,0.0,0.9157906550818604,0.0,4326.0,571.0,1148.0,1596.0,0.0,0.0,73.0,0.0,4326.0,571.0,1075.0,1596.0,0.0,1.0,0.0,1.0,0.063588850174216,0.936411149825784,0.0,1.0,baseline,male_P42,male,P42,1112044,ELA,MDMA,ELA_MDMA
2,inactive,8,green,12,8-12,5.0,17.6,3.5200000000000005,13160.08,1239.92,64.0,205.62625,0.014194464158978,0.0040325182269823,4.0,18.52,4.63,0.0149364475127427,0.0032260145815859,4.0,24.84,6.21,0.0200335505516484,0.0032260145815859,20.0,14316.4,715.8199999999999,11.546228788954124,0.0161300729079295,,,,,,66.0,240.76,3.647878787878788,0.1941738176656558,0.0532292405961674,25.0,317.96,12.7184,0.2564358990902639,0.0201625911349119,7.0,55.2,7.885714285714286,0.0445190012258855,0.0056455255177753,,,,,,8.0,38.8,4.85,0.0312923414413833,0.0064520291631718,4.0,9.08,2.27,0.0073230531002,0.0032260145815859,,,,,,,,,,,,,,,26.13282744208631,1178.0,0.022184064042518,0.0031805987829915,2.0998196197318206,0.0200632380514586,0.95006129427705,329066.0,306525.6666666666,0.0,0.931502089753018,0.0,14059.0,1387.0,1092.0,445.0,143.0,251.0,0.0,44.0,13916.0,1136.0,1092.0,401.0,0.0101714204424212,0.9898285795575787,0.1809661139149243,0.8190338860850757,0.0,1.0,0.098876404494382,0.901123595505618,baseline,male_P42,male,P42,1112044,ELA,MDMA,ELA_MDMA
2,inactive,8,red,4,0-4,,,,14212.88,187.1200000000008,36.0,394.8022222222222,,,,,,,,,,,,,9.0,14384.84,1598.3155555555556,76.87494655835795,0.0480974775545102,,,,,,,,,,,,,,,,1.0,17.8,17.8,0.0951261222744758,0.0053441641727233,,,,,,5.0,29.2,5.84,0.1560495938435222,0.0267208208636168,,,,,,,,,,,,,,,,,,,,3.8852802402875137,156.0,0.0249056425659455,0.0054027620989618,1.9532519306393017,0.0258273512818772,0.8336896109448446,355358.0,302295.0,2034.0,0.8506773450998711,0.0057238052893138,0.0,446.0,0.0,0.0,0.0,0.0,0.0,0.0,0.0,446.0,0.0,0.0,0.0,0.0,0.0,1.0,0.0,0.0,0.0,0.0,baseline,male_P42,male,P42,1111885,ELA,MDMA,ELA_MDMA
2,inactive,8,red,8,4-8,,,,14396.96,3.040000000000873,5.0,2879.392,,,,,,,,,,,,,5.0,14399.96,2879.9919999999997,4736.82894736706,1.6447368421047908,,,,,,,,,,,,,,,,,,,,,,,,,,,,,,,,,,,,,,,,,,,,,,,,,,0.0,0.0,,,,,0.0,359929.0,321949.3333333333,219.0,0.8944801150597294,0.0006084533338519,,,,,,,,,,,,,,,,,,,,,baseline,male_P42,male,P42,1111885,ELA,MDMA,ELA_MDMA
2,inactive,8,red,12,8-12,,,,14342.28,57.719999999999345,10.0,1434.228,,,,,,,,,,,,,5.0,14399.96,2879.9919999999997,249.4795564795593,0.0866250866250876,,,,,,3.0,19.28,6.426666666666667,0.3340263340263378,0.0519750519750525,,,,,,,,,,,,,,,,,,,,,,,,,,,,,,,,,,,,,,,,0.7995156915707942,48.0,0.0166565769077248,0.0062419342232719,1.6637820532021712,0.0155935982929233,0.8316008316008411,358567.0,322215.3333333333,2267.0,0.8986195978250461,0.0063223888422526,485.0,0.0,0.0,0.0,0.0,0.0,0.0,0.0,485.0,0.0,0.0,0.0,0.0,1.0,0.0,0.0,0.0,0.0,0.0,0.0,baseline,male_P42,male,P42,1111885,ELA,MDMA,ELA_MDMA
2,inactive,8,yellow,4,0-4,7.0,37.12,5.3028571428571425,13450.84,949.16,100.0,134.5084,0.0391082641493531,0.0073749420540267,4.0,17.32,4.33,0.0182477137679632,0.0042142526023009,4.0,6.6,1.65,0.0069535167937966,0.0042142526023009,11.0,14370.32,1306.3927272727271,15.140039613974462,0.0115891946563277,,,,,,16.0,217.2,13.575,0.2288339163049433,0.0168570104092039,2.0,4.32,2.16,0.004551392810485,0.0021071263011504,,,,,,1.0,29.68,29.68,0.0312697543090732,0.0010535631505752,8.0,30.16,3.77,0.0317754646213494,0.0084285052046019,,,,,,,,,,,,,,,,,,,,34.74117135611563,871.0,0.0398865342779743,0.0066722554855929,2.0855100674799893,0.0377808470028182,0.9176535041510387,336371.0,295848.0,0.0,0.8795288535575302,0.0,5556.0,743.0,606.0,935.0,534.0,221.0,381.0,143.0,5022.0,522.0,225.0,792.0,0.0961123110151187,0.9038876889848813,0.297442799461642,0.702557200538358,0.6287128712871287,0.3712871287128713,0.1529411764705882,0.8470588235294118,baseline,male_P42,male,P42,1111986,CTRL,MDMA,CTRL_MDMA
2,inactive,8,yellow,8,4-8,,,,14354.36,45.63999999999942,22.0,652.4709090909091,,,1.0,2.88,2.88,0.0631025416301497,0.0219106047326909,,,,,,6.0,14397.0,2399.5,315.4469763365509,0.1314636283961454,,,,,,,,,,,,,,,,1.0,2.08,2.08,0.045574057843997,0.0219106047326909,,,,,,,,,,,,,,,,,,,,,,,,,,,,,,2.691400849219447,33.0,0.0815576014914983,0.0156232127018893,1.4556659844510225,0.0847924454168765,0.7230499561787997,358881.0,321581.6666666666,0.0,0.8960676844599369,0.0,0.0,53.0,73.0,0.0,0.0,0.0,73.0,0.0,0.0,53.0,0.0,0.0,0.0,0.0,0.0,1.0,1.0,0.0,0.0,0.0,baseline,male_P42,male,P42,1111986,CTRL,MDMA,CTRL_MDMA
2,inactive,8,yellow,12,8-12,1.0,3.72,3.72,13780.2,619.7999999999993,28.0,492.15,0.006001936108422,0.0016134236850596,,,,,,,,,,,5.0,14399.96,2879.9919999999997,23.233236527912258,0.0080671184252984,,,,,,52.0,292.96,5.633846153846154,0.4726686027750892,0.0838980316231043,1.0,1.6,1.6,0.0025814778960955,0.0016134236850596,3.0,10.72,3.5733333333333337,0.0172959019038399,0.004840271055179,,,,,,2.0,5.88,2.94,0.009486931268151,0.0032268473701193,2.0,5.52,2.76,0.0089060987415295,0.0032268473701193,,,,,,,,,,,,,,,10.2224050840246,596.0,0.0171516863825916,0.0026115997656861,2.157668858966603,0.0124955022728301,0.9616005162955804,344533.0,316637.0,50.0,0.9190324294044402,0.0001451239794156,7417.0,271.0,0.0,94.0,143.0,251.0,0.0,44.0,7274.0,20.0,0.0,50.0,0.0192800323580962,0.9807199676419036,0.92619926199262,0.07380073800738,0.0,0.0,0.4680851063829787,0.5319148936170213,baseline,male_P42,male,P42,1111986,CTRL,MDMA,CTRL_MDMA
3,inactive,1,blue,4,0-4,2.0,40.56,20.28,13275.04,1124.9599999999991,20.0,663.7520000000001,0.0360546152752098,0.0017778409899018,1.0,3.0,3.0,0.0026667614848527,0.0008889204949509,1.0,2.76,2.76,0.0024534205660645,0.0008889204949509,14.0,13466.72,961.9085714285712,11.97084340776562,0.012444886929313,,,,,,1.0,2.88,2.88,0.0025600910254586,0.0008889204949509,,,,,,1.0,1.92,1.92,0.0017067273503057,0.0008889204949509,,,,,,5.0,22.24,4.4479999999999995,0.0197695918077087,0.0044446024747546,,,,,,,,,,,,,,,,,,,,13.003556164418214,263.0,0.0494431793323886,0.0166645665295616,1.9739787983486423,0.0485333821727022,0.2337860901720952,331896.0,319061.3333333333,0.0,0.9613292517334748,0.0,73.0,49.0,146.0,1016.0,0.0,0.0,0.0,0.0,73.0,49.0,146.0,1016.0,0.0,1.0,0.0,1.0,0.0,1.0,0.0,1.0,baseline,male_P42,male,P42,1111862,CTRL,MDMA,CTRL_MDMA
3,inactive,1,green,4,0-4,15.0,91.76,6.117333333333334,12877.8,1522.2000000000007,47.0,273.99574468085103,0.0602811719879122,0.0098541584548679,4.0,16.16,4.04,0.0106162133753777,0.0026277755879647,5.0,20.16,4.032,0.0132439889633425,0.0032847194849559,30.0,13327.68,444.256,8.755538037051632,0.0197083169097358,,,,,,4.0,11.8,2.95,0.0077519379844961,0.0026277755879647,,,,,,2.0,4.64,2.32,0.0030482196820391,0.0013138877939823,,,,,,3.0,8.76,2.92,0.0057548285376428,0.0019708316909735,1.0,1.96,1.96,0.0012876100381027,0.0006569438969911,,,,,,,,,,,,,,,36.26436587323447,639.0,0.0567517462804921,0.0146822534328178,2.116193513013715,0.0549403467649392,0.4197871501773746,321992.0,314952.3333333333,0.0,0.9781371379827242,0.0,299.0,118.0,917.0,2309.0,0.0,61.0,0.0,34.0,299.0,57.0,917.0,2275.0,0.0,1.0,0.5169491525423728,0.4830508474576271,0.0,1.0,0.014724989172802,0.985275010827198,baseline,male_P42,male,P42,1111966,CTRL,MDMA,CTRL_MDMA
3,inactive,1,red,4,0-4,3.0,136.4,45.46666666666667,13026.24,1373.7600000000002,14.0,930.4457142857144,0.0992895411134404,0.002183787561146,2.0,11.64,5.82,0.0084730957372466,0.0014558583740973,3.0,12.44,4.1466666666666665,0.0090554390868856,0.002183787561146,20.0,13342.52,667.126,9.712409736780804,0.0145585837409736,,,,,,1.0,1.2,1.2,0.0008735150244584,0.0007279291870486,1.0,4.76,4.76,0.0034649429303517,0.0007279291870486,,,,,,1.0,2.64,2.64,0.0019217330538085,0.0007279291870486,6.0,29.16,4.86,0.0212264150943396,0.0043675751222921,1.0,2.08,2.08,0.0015140927090612,0.0007279291870486,,,,,,,,,,,,,,,15.048998238672798,515.0,0.0292213558032481,0.0066349624615728,2.071411606014811,0.0281562635738694,0.3748835313300721,325670.0,312556.0,2764.0,0.9597322442963736,0.0084871188626523,151.0,67.0,607.0,3413.0,0.0,0.0,0.0,0.0,151.0,67.0,607.0,3413.0,0.0,1.0,0.0,1.0,0.0,1.0,0.0,1.0,baseline,male_P42,male,P42,1111832,ELA,MDMA,ELA_MDMA
3,inactive,1,yellow,4,0-4,2.0,7.36,3.68,12927.6,1472.3999999999996,31.0,417.0193548387097,0.0049986416734583,0.0013583265417006,,,,,,,,,,,9.0,13534.2,1503.8000000000002,9.1919315403423,0.0061124694376528,,,,,,2.0,4.84,2.42,0.0032871502309155,0.0013583265417006,,,,,,3.0,34.92,11.64,0.0237163814180929,0.0020374898125509,,,,,,5.0,20.88,4.176,0.0141809290953545,0.0033958163542515,,,,,,,,,,,,,,,,,,,,13.17492609317499,596.0,0.0221055806932466,0.0073508854534828,2.148520449854983,0.0186558599959878,0.4047813094267863,323221.0,315748.3333333333,0.0,0.9768806275994856,0.0,123.0,876.0,0.0,186.0,0.0,61.0,0.0,34.0,123.0,815.0,0.0,152.0,0.0,1.0,0.069634703196347,0.930365296803653,0.0,0.0,0.1827956989247312,0.8172043010752689,baseline,male_P42,male,P42,1111916,ELA,MDMA,ELA_MDMA
3,inactive,2,blue,4,0-4,16.0,198.84,12.4275,10889.8,3510.2000000000007,50.0,217.796,0.0566463449376103,0.0045581448350521,9.0,77.68,8.631111111111112,0.0221297931741781,0.0025639564697168,8.0,26.2,3.275,0.0074639621673978,0.002279072417526,49.0,12543.44,255.98857142857145,3.5734260156116453,0.0139593185573471,,,,,,29.0,235.64,8.12551724137931,0.0671300780582302,0.0082616375135319,5.0,63.28,12.656,0.0180274628226311,0.0014244202609537,2.0,19.0,9.5,0.0054127969916244,0.0005697681043815,2.0,2.32,1.16,0.0006609310010825,0.0005697681043815,48.0,247.88,5.164166666666667,0.0706170588570451,0.0136744345051563,6.0,14.88,2.48,0.0042390746965984,0.0017093043131445,1.2,1.0,1.2,0.0,0.0,0.0,0.0003418608626289,0.0002848840521907,0.0,0.0,1.0,0.0,1.0,0.0,61.65207046757533,2272.0,0.0271355943959398,0.0047056454608954,2.0615309582211228,0.0252407954845079,0.6472565665774028,272295.0,257880.6666666667,4421.0,0.9470635401555912,0.0162360675003213,7507.0,537.0,2614.0,4987.0,1695.0,0.0,11.0,48.0,5812.0,537.0,2603.0,4939.0,0.2257892633542027,0.7742107366457972,0.0,1.0,0.0042081101759755,0.9957918898240244,0.0096250250651694,0.9903749749348304,baseline,male_P42,male,P42,1111967,CTRL,MDMA,CTRL_MDMA
3,inactive,2,green,4,0-4,25.0,92.08,3.6832,11477.92,2922.08,144.0,79.70777777777778,0.0315117998138312,0.0085555494716092,13.0,86.08,6.621538461538462,0.029458467940645,0.0044488857252368,11.0,91.36,8.305454545454545,0.0312653999890489,0.003764441767508,32.0,12957.8,404.93125,4.434443957728741,0.0109511033236598,1.0,1.76,1.76,0.0006023106828012,0.0003422219788643,25.0,57.6,2.3040000000000003,0.0197119859825877,0.0085555494716092,16.0,43.32,2.7075,0.0148250561244045,0.0054755516618299,2.0,9.0,4.5,0.0030799978097793,0.0006844439577287,,,,,,8.0,66.96,8.37,0.0229151837047582,0.0027377758309149,1.0,3.08,3.08,0.0010540436949022,0.0003422219788643,0.0,0.0,0.0,1.2,1.0,1.2,0.0,0.0,0.0004106663746372,0.0003422219788643,0.0,1.0,0.0,1.0,99.05509141837646,1617.0,0.061258559937153,0.0163663259926766,2.114079117172426,0.0567199478865921,0.5533729398236873,287092.0,267975.0,1261.0,0.9334115893163168,0.004392320231842,2564.0,227.0,4460.0,2327.0,500.0,0.0,612.0,825.0,2064.0,227.0,3848.0,1502.0,0.1950078003120124,0.8049921996879875,0.0,1.0,0.137219730941704,0.862780269058296,0.3545337344220026,0.6454662655779975,baseline,male_P42,male,P42,1111833,ELA,MDMA,ELA_MDMA
3,inactive,2,red,4,0-4,3.0,76.52,25.506666666666664,12405.88,1994.1200000000008,22.0,563.9036363636363,0.038372816079273,0.0015044230036306,1.0,3.04,3.04,0.0015244819770124,0.0005014743345435,,,,,,22.0,12968.6,589.4818181818182,6.503420054961585,0.0110324353599582,,,,,,13.0,74.68,5.744615384615385,0.0374501033037129,0.0065191663490662,3.0,10.48,3.4933333333333336,0.0052554510260164,0.0015044230036306,2.0,25.72,12.86,0.0128979198844603,0.0010029486690871,,,,,,13.0,57.88,4.452307692307692,0.0290253344833811,0.0065191663490662,,,,,,,,,,,,,,,,,,,,23.203163111275515,780.0,0.0297476450144557,0.0094625868759926,1.9613731985361664,0.0250426929411709,0.3911499809439751,310169.0,269440.6666666667,17980.0,0.8686898647726455,0.0579683978734173,2145.0,645.0,77.0,1916.0,28.0,0.0,18.0,797.0,2117.0,645.0,59.0,1119.0,0.013053613053613,0.9869463869463868,0.0,1.0,0.2337662337662337,0.7662337662337663,0.4159707724425887,0.5840292275574113,baseline,male_P42,male,P42,1111863,CTRL,MDMA,CTRL_MDMA
3,inactive,2,yellow,4,0-4,27.0,183.88,6.810370370370371,10855.84,3544.16,58.0,187.1696551724138,0.0518825335199313,0.0076181662227438,9.0,31.84,3.537777777777778,0.0089837930567468,0.0025393887409146,8.0,36.44,4.555,0.0102817028576587,0.0022572344363685,45.0,12935.6,287.4577777777778,3.6498352218861454,0.0126969437045731,,,,,,32.0,182.08,5.69,0.0513746557717484,0.0090289377454742,24.0,136.76,5.698333333333333,0.0385874226897205,0.0067717033091056,1.0,20.08,20.08,0.005665658435285,0.000282154304546,5.0,38.16,7.632,0.010767008261478,0.0014107715227303,27.0,102.16,3.783703703703704,0.0288248837524265,0.0076181662227438,1.0,2.28,2.28,0.000643311814365,0.000282154304546,,,,,,,,,,,,,,,88.22613118742915,2296.0,0.0384260153255353,0.0093931458328941,2.129178557510316,0.035730493547315,0.6478262832377771,271454.0,261471.0,759.0,0.963223971648972,0.0027960538433767,8027.0,1462.0,1724.0,4624.0,1490.0,0.0,583.0,1492.0,6537.0,1462.0,1141.0,3132.0,0.1856235206179145,0.8143764793820855,0.0,1.0,0.3381670533642691,0.6618329466357309,0.3226643598615917,0.6773356401384083,baseline,male_P42,male,P42,1111917,ELA,MDMA,ELA_MDMA
3,inactive,3,blue,4,0-4,10.0,100.44,10.044,12195.32,2204.6800000000003,66.0,184.77757575757576,0.0455576319465863,0.0045358056497995,6.0,18.76,3.126666666666667,0.0085091713990238,0.0027214833898797,3.0,11.56,3.8533333333333335,0.0052433913311682,0.0013607416949398,27.0,13347.64,494.357037037037,6.054230092349002,0.0122466752544586,,,,,,26.0,113.16,4.352307692307692,0.0513271767331313,0.0117930946894787,9.0,38.8,4.311111111111111,0.0175989259212221,0.0040822250848195,5.0,51.8,10.36,0.0234954732659614,0.0022679028248997,3.0,17.04,5.68,0.0077290128272583,0.0013607416949398,26.0,94.84,3.647692307692308,0.0430175807826986,0.0117930946894787,,,,,,0.0,0.0,0.0,2.6,2.0,1.3,0.0,0.0,0.0011793094689478,0.0009071611299599,0.0,1.0,0.0,1.0,36.37516088547717,1294.0,0.0281106343782667,0.0058287588359018,2.021510015693104,0.0264738066166738,0.5869332510840575,304949.0,249833.3333333333,8273.0,0.8192626745237181,0.0271291265096786,3834.0,1729.0,767.0,2521.0,440.0,0.0,151.0,36.0,3394.0,1729.0,616.0,2485.0,0.1147626499739175,0.8852373500260824,0.0,1.0,0.196870925684485,0.803129074315515,0.0142800476001586,0.9857199523998412,baseline,male_P42,male,P42,1111864,CTRL,saline,CTRL_saline
3,inactive,3,green,4,0-4,40.0,404.64,10.116,9747.6,4652.4,60.0,162.46,0.0869744647923652,0.0085977130083397,6.0,13.24,2.2066666666666666,0.0028458430057604,0.0012896569512509,8.0,49.04,6.13,0.0105407961482245,0.0017195426016679,91.0,12615.32,138.6298901098901,2.7115725217092255,0.019559797093973,,,,,,39.0,129.24,3.313846153846154,0.0277792107299458,0.0083827701831312,17.0,121.84,7.167058823529412,0.0261886338234029,0.0036540280285444,2.0,22.84,11.42,0.004909294127762,0.0004298856504169,4.0,30.24,7.56,0.0064998710343048,0.0008597713008339,84.0,429.24,5.11,0.0922620582924942,0.0180551973175135,8.0,18.88,2.36,0.0040581205399363,0.0017195426016679,4.8,4.0,1.2,0.0,0.0,0.0,0.0010317255610007,0.0008597713008339,0.0,0.0,1.0,0.0,1.0,0.0,144.47201745567875,3746.0,0.0385670094649436,0.0067770751773972,2.005062309698124,0.0333145425938622,0.8051758232310207,243750.0,224247.0,91.0,0.9199876923076924,0.0003733333333333,6333.0,1333.0,1571.0,10156.0,1762.0,112.0,148.0,738.0,4571.0,1221.0,1423.0,9418.0,0.2782251697457761,0.721774830254224,0.0840210052513128,0.9159789947486872,0.0942075111394016,0.9057924888605984,0.0726664040961008,0.9273335959038992,baseline,male_P42,male,P42,1111968,CTRL,saline,CTRL_saline
3,inactive,3,red,4,0-4,34.0,492.44,14.483529411764708,9121.96,5278.040000000001,71.0,128.4783098591549,0.0932997855264454,0.0064417852081454,12.0,69.52,5.793333333333333,0.0131715561079491,0.0022735712499336,14.0,69.84,4.988571428571428,0.013232184674614,0.0026524997915893,75.0,12174.92,162.33226666666667,2.306712340186887,0.0142098203120855,2.0,4.24,2.12,0.0008033285083099,0.0003789285416556,105.0,318.48,3.033142857142858,0.06034058097324,0.0198937484369197,10.0,38.28,3.828,0.0072526922872884,0.001894642708278,5.0,67.56,13.512,0.0128002061371266,0.000947321354139,5.0,50.96,10.192,0.009655099241385,0.000947321354139,71.0,311.84,4.392112676056338,0.0590825382149434,0.0134519632287743,11.0,28.64,2.6036363636363635,0.0054262567165084,0.0020841069791058,0.0,0.0,0.0,2.2,2.0,1.1,0.0,0.0,0.0004168213958211,0.0003789285416556,0.0,1.0,0.0,1.0,103.62072272843172,4358.0,0.0237771277486075,0.0047123706820677,2.0535215864153127,0.0208800745072119,0.825685292267584,228120.0,209505.0,2425.0,0.9183982114676486,0.0106303699807119,9034.0,2973.0,3510.0,12345.0,1458.0,112.0,3.0,945.0,7576.0,2861.0,3507.0,11400.0,0.1613903032986495,0.8386096967013504,0.0376723847965018,0.9623276152034982,0.0008547008547008,0.9991452991452991,0.0765492102065613,0.9234507897934386,baseline,male_P42,male,P42,1111918,ELA,saline,ELA_saline
3,inactive,3,yellow,4,0-4,14.0,76.2,5.442857142857143,12654.24,1745.7600000000002,88.0,143.7981818181818,0.0436486114929887,0.008019429933095,1.0,5.16,5.16,0.0029557327467693,0.0005728164237925,1.0,3.72,3.72,0.0021308770965081,0.0005728164237925,20.0,13473.6,673.6800000000001,7.717899367610667,0.01145632847585,,,,,,1.0,1.88,1.88,0.0010768948767299,0.0005728164237925,,,,,,3.0,14.76,4.92,0.0084547704151773,0.0017184492713775,1.0,5.96,5.96,0.0034139858858033,0.0005728164237925,2.0,4.88,2.44,0.0027953441481074,0.001145632847585,,,,,,0.8,1.0,0.8,0.8,1.0,0.8,0.000458253139034,0.0005728164237925,0.000458253139034,0.0005728164237925,0.5,0.5,0.5,0.5,41.45545874113473,830.0,0.0499463358326924,0.0194447242161778,2.0299315492140817,0.0451418962836914,0.4754376317477774,316444.0,253623.3333333333,9447.0,0.8014793560103314,0.0298536233899204,48.0,522.0,224.0,1919.0,0.0,0.0,0.0,634.0,48.0,522.0,224.0,1285.0,0.0,1.0,0.0,1.0,0.0,1.0,0.3303804064616988,0.6696195935383012,baseline,male_P42,male,P42,1111834,ELA,saline,ELA_saline
3,inactive,4,blue,4,0-4,,,,11792.52,2607.4799999999996,16.0,737.0325,,,,,,,,,,,,,6.0,12227.88,2037.98,4.689539325325602,0.0023010722996916,,,,,,1.0,10.84,10.84,0.0041572706214429,0.0003835120499486,5.0,18.92,3.784,0.0072560479850276,0.001917560249743,1.0,32.16,32.16,0.0123337475263472,0.0003835120499486,,,,,,4.0,10.64,2.66,0.0040805682114532,0.0015340481997944,1.0,2.08,2.08,0.0007977050638931,0.0003835120499486,,,,,,,,,,,,,,,5.581566779215034,436.0,0.0128017586679243,0.002875908150964,2.1457087093988565,0.0115258464645029,0.1672112537775937,294829.0,275009.0,7.0,0.9327745913733044,2.374257620519013e-05,750.0,805.0,0.0,0.0,46.0,0.0,0.0,0.0,704.0,805.0,0.0,0.0,0.0613333333333333,0.9386666666666666,0.0,1.0,0.0,0.0,0.0,0.0,baseline,male_P42,male,P42,1111865,CTRL,saline,CTRL_saline
3,inactive,4,green,4,0-4,14.0,89.16,6.368571428571428,10157.8,4242.200000000001,147.0,69.10068027210883,0.021017396633822,0.0033001744377917,,,,,,1.0,5.08,5.08,0.0011974918674272,0.0002357267455565,55.0,11872.96,215.872,2.7987742209231055,0.0129649710056102,1.0,1.32,1.32,0.0003111593041346,0.0002357267455565,48.0,244.36,5.090833333333333,0.0576021875441987,0.0113148837867144,1.0,1.8,1.8,0.0004243081420017,0.0002357267455565,3.0,36.6,12.2,0.0086275988873697,0.0007071802366696,,,,,,31.0,122.2,3.941935483870968,0.0288058083070105,0.007307529112253,1.0,2.08,2.08,0.0004903116307576,0.0002357267455565,,,,,,,,,,,,,,,61.81902405802359,1952.0,0.0316695819969383,0.0070298406262822,2.060030074266499,0.0300036379846872,0.4601386073263872,254092.0,250298.3333333333,0.0,0.98506971228269,0.0,6203.0,918.0,128.0,2243.0,46.0,25.0,0.0,567.0,6157.0,893.0,128.0,1676.0,0.0074157665645655,0.9925842334354344,0.0272331154684095,0.9727668845315904,0.0,1.0,0.2527864467231386,0.7472135532768613,baseline,male_P42,male,P42,1111969,CTRL,saline,CTRL_saline
3,inactive,4,red,4,0-4,3.0,19.88,6.626666666666666,11995.84,2404.16,9.0,1332.871111111111,0.0082690003993078,0.0012478370823905,,,,,,,,,,,9.0,12206.96,1356.3288888888887,5.077432450419273,0.0037435112471715,,,,,,7.0,53.72,7.674285714285714,0.0223446026886729,0.0029116198589112,1.0,2.24,2.24,0.0009317183548515,0.0004159456941301,1.0,3.36,3.36,0.0013975775322773,0.0004159456941301,,,,,,3.0,10.24,3.4133333333333336,0.0042592839078929,0.0012478370823905,1.0,2.32,2.32,0.000964994010382,0.0004159456941301,,,,,,,,,,,,,,,8.142770829103481,237.0,0.0343576828232214,0.0056300309267763,2.0624674545863795,0.0341109628959235,0.0985791295088513,299905.0,275260.3333333333,4570.0,0.9178250890559788,0.0152381587502709,1407.0,85.0,0.0,500.0,0.0,0.0,0.0,0.0,1407.0,85.0,0.0,500.0,0.0,1.0,0.0,1.0,0.0,0.0,0.0,1.0,baseline,male_P42,male,P42,1111835,ELA,saline,ELA_saline
3,inactive,4,yellow,4,0-4,8.0,87.04,10.88,11693.08,2706.92,70.0,167.044,0.0321546259217117,0.002955388411922,,,,,,,,,,,12.0,12170.32,1014.1933333333332,4.496002837172875,0.004433082617883,,,,,,,,,,,1.0,1.48,1.48,0.0005467468562055,0.0003694235514902,1.0,2.4,2.4,0.0008866165235766,0.0003694235514902,,,,,,2.0,6.84,3.42,0.0025268570921933,0.0007388471029805,,,,,,,,,,,,,,,,,,,,16.517384760740764,499.0,0.0331009714644103,0.0089201648347836,2.0655955957294,0.0286491133773448,0.184342352193637,292397.0,274096.3333333333,0.0,0.9374115785501674,0.0,38.0,61.0,0.0,2184.0,0.0,25.0,0.0,567.0,38.0,36.0,0.0,1617.0,0.0,1.0,0.4098360655737705,0.5901639344262295,0.0,0.0,0.2596153846153846,0.7403846153846154,baseline,male_P42,male,P42,1111919,ELA,saline,ELA_saline
3,inactive,5,blue,4,0-4,,,,12391.36,2008.6399999999992,11.0,1126.4872727272727,,,,,,,,,,,,,6.0,12427.32,2071.22,6.186932451808191,0.0029870957463756,,,,,,,,,,,,,,,,,,,,,,,,,,2.0,4.44,2.22,0.0022104508523179,0.0009956985821252,,,,,,,,,,,,,,,,,,,,0.7075264469523694,35.0,0.0202150413414962,0.0094630714540492,1.7939514249457025,0.0209919283929587,0.0174247251871913,309795.0,240334.3333333333,33956.0,0.7757850621647648,0.1096079665585306,,,,,,,,,,,,,,,,,,,,,baseline,male_P42,male,P42,1112041,ELA,saline,ELA_saline
3,inactive,5,green,4,0-4,17.0,72.44,4.261176470588235,10601.04,3798.959999999999,167.0,63.47928143712576,0.0190683766083349,0.0044749089224419,6.0,27.6,4.6000000000000005,0.0072651462505527,0.0015793796196853,15.0,95.6,6.373333333333333,0.0251647819403205,0.0039484490492134,38.0,12197.24,320.98,3.210678712068567,0.0100027375913407,,,,,,16.0,33.28,2.08,0.0087602922905216,0.0042116789858277,1.0,1.52,1.52,0.0004001095036536,0.0002632299366142,,,,,,,,,,,3.0,14.0,4.666666666666667,0.0036852191125992,0.0007896898098426,1.0,2.68,2.68,0.0007054562301261,0.0002632299366142,0.8,1.0,0.8,0.8,1.0,0.8,0.0002105839492913,0.0002632299366142,0.0002105839492913,0.0002632299366142,0.5,0.5,0.5,0.5,103.67750796728318,1694.0,0.0612027792014658,0.0179493409302494,2.105426110228523,0.0571855756904599,0.4459115126245078,265193.0,235942.66666666663,0.0,0.8897017140975314,0.0,887.0,0.0,3101.0,1828.0,111.0,0.0,1519.0,921.0,776.0,0.0,1582.0,907.0,0.125140924464487,0.874859075535513,0.0,0.0,0.4898419864559819,0.510158013544018,0.5038293216630197,0.4961706783369803,baseline,male_P42,male,P42,1112051,CTRL,saline,CTRL_saline
3,inactive,5,red,4,0-4,24.0,262.96,10.956666666666663,8339.68,6060.32,40.0,208.492,0.0433904480291469,0.0039601869208226,7.0,31.2,4.457142857142857,0.0051482429970694,0.0011550545185732,16.0,99.92,6.245,0.0164875782136916,0.0026401246138817,91.0,10974.28,120.59648351648352,1.8108416717269056,0.0150157087414525,,,,,,22.0,61.84,2.810909090909091,0.010204081632653,0.0036301713440874,8.0,178.2,22.275,0.0294043878871082,0.0013200623069408,1.0,20.96,20.96,0.0034585632441851,0.0001650077883676,3.0,43.6,14.533333333333331,0.0071943395728278,0.0004950233651028,63.0,338.44,5.372063492063492,0.0558452358951342,0.0103954906671594,12.0,30.52,2.5433333333333334,0.0050360377009794,0.0019800934604113,2.4,3.0,0.7999999999999999,0.8,1.0,0.8,0.0003960186920822,0.0004950233651028,0.000132006230694,0.0001650077883676,0.7499999999999999,0.25,0.75,0.25,98.81658217081956,4056.0,0.0243630626653894,0.0051690002069883,2.0759851491936474,0.0215560604396585,0.6692715896190301,208532.0,203006.3333333333,0.0,0.9735020684275474,0.0,6031.0,1618.0,3301.0,6598.0,37.0,0.0,172.0,90.0,5994.0,1618.0,3129.0,6508.0,0.0061349693251533,0.9938650306748468,0.0,1.0,0.0521054225992123,0.9478945774007876,0.0136404971203394,0.9863595028796605,baseline,male_P42,male,P42,1111882,ELA,saline,ELA_saline
3,inactive,5,yellow,4,0-4,20.0,83.4,4.17,9966.76,4433.24,69.0,144.44579710144927,0.0188124261262643,0.004511373171766,9.0,60.28,6.697777777777778,0.0135972787397027,0.0020301179272947,14.0,72.76,5.1971428571428575,0.0164123755988847,0.0031579612202362,43.0,12173.64,283.1079069767442,2.7459916449368857,0.0096994523192969,,,,,,46.0,178.48,3.88,0.0402594941848399,0.0103761582950618,3.0,9.12,3.0399999999999996,0.0020571861663253,0.0006767059757649,1.0,1.72,1.72,0.0003879780927718,0.0002255686585883,3.0,27.6,9.2,0.0062256949770371,0.0006767059757649,24.0,69.92,2.9133333333333336,0.015771760608494,0.0054136478061192,1.0,1.96,1.96,0.000442114570833,0.0002255686585883,0.0,0.0,0.0,1.6,2.0,0.8,0.0,0.0,0.0003609098537412,0.0004511373171766,0.0,1.0,0.0,1.0,81.83862520532362,2403.0,0.0340568560987613,0.0086368335233297,2.1681599338823223,0.0314407151215992,0.5420414865876876,249238.0,230623.99999999997,17.0,0.9253163642783202,6.820789767210457e-05,4739.0,737.0,3349.0,2105.0,148.0,0.0,1670.0,881.0,4591.0,737.0,1679.0,1224.0,0.0312302173454315,0.9687697826545684,0.0,1.0,0.4986563153180053,0.5013436846819946,0.4185273159144893,0.5814726840855107,baseline,male_P42,male,P42,1111983,CTRL,saline,CTRL_saline
3,inactive,6,blue,4,0-4,1.0,12.68,12.68,12595.28,1804.7199999999991,80.0,157.441,0.007026020656944,0.0005541025754687,2.0,11.48,5.74,0.0063610975663814,0.0011082051509375,,,,,,21.0,13270.56,631.9314285714286,7.353251473912854,0.0116361540848441,,,,,,3.0,7.76,2.5866666666666664,0.0042998359856376,0.0016623077264063,6.0,17.88,2.98,0.0099073540493816,0.0033246154528126,,,,,,,,,,,9.0,28.16,3.128888888888889,0.0156035285252005,0.0049869231792189,3.0,7.2,2.4,0.0039895385433751,0.0016623077264063,1.6,1.0,1.6,0.0,0.0,0.0,0.00088656412075,0.0005541025754687,0.0,0.0,1.0,0.0,1.0,0.0,19.364093481295946,708.0,0.0273504145216044,0.0066461676423423,1.9674886600031225,0.0223451102213098,0.3923046234318899,314962.0,298897.0,27.0,0.948993846876766,8.572462709787212e-05,650.0,0.0,289.0,318.0,0.0,0.0,0.0,3.0,650.0,0.0,289.0,315.0,0.0,1.0,0.0,0.0,0.0,1.0,0.0094339622641509,0.9905660377358492,baseline,male_P42,male,P42,1111883,ELA,saline,ELA_saline
3,inactive,6,green,4,0-4,5.0,10.04,2.008,12227.88,2172.120000000001,155.0,78.88954838709677,0.0046222124007881,0.0023018986059702,8.0,45.48,5.685,0.0209380697199049,0.0036830377695523,1.0,2.44,2.44,0.0011233265197134,0.000460379721194,32.0,13169.2,411.5375,6.062832624348561,0.0147321510782093,,,,,,11.0,25.56,2.3236363636363637,0.0117673056737196,0.0050641769331344,,,,,,,,,,,,,,,,7.0,30.24,4.319999999999999,0.0139218827689077,0.0032226580483582,,,,,,,,,,,,,,,,,,,,53.20986950326494,1025.0,0.0519120678080633,0.0124992709563782,1.9908684685442144,0.0517703354195305,0.4718892142238917,305852.0,293941.6666666666,3.0,0.9610585076006258,9.808665629127812e-06,650.0,0.0,1207.0,256.0,23.0,0.0,0.0,65.0,627.0,0.0,1207.0,191.0,0.0353846153846153,0.9646153846153848,0.0,0.0,0.0,1.0,0.25390625,0.74609375,baseline,male_P42,male,P42,1112052,CTRL,saline,CTRL_saline
3,inactive,6,red,4,0-4,2.0,4.6,2.3,12754.64,1645.3600000000006,30.0,425.1546666666666,0.0027957407497447,0.0012155394564107,1.0,2.64,2.64,0.0016045120824621,0.0006077697282053,,,,,,20.0,13274.4,663.72,8.06777848008946,0.0121553945641075,,,,,,8.0,40.08,5.01,0.0243594107064715,0.004862157825643,,,,,,1.0,1.16,1.16,0.0007050128847182,0.0006077697282053,,,,,,11.0,46.48,4.225454545454546,0.0282491369669859,0.0066854670102591,2.0,4.8,2.4,0.0029172946953858,0.0012155394564107,0.0,0.0,0.0,1.6,1.0,1.6,0.0,0.0,0.0009724315651286,0.0006077697282053,0.0,1.0,0.0,1.0,14.970226581463285,588.0,0.025459569016094,0.0048242097876012,2.0981137443683124,0.0198247900871693,0.3573686001847618,318896.0,299523.0,1695.0,0.939249786764337,0.0053152124830665,1010.0,30.0,67.0,117.0,0.0,0.0,0.0,3.0,1010.0,30.0,67.0,114.0,0.0,1.0,0.0,1.0,0.0,1.0,0.0256410256410256,0.9743589743589745,baseline,male_P42,male,P42,1112042,ELA,saline,ELA_saline
3,inactive,6,yellow,4,0-4,3.0,8.96,2.986666666666667,12755.24,1644.7600000000002,94.0,135.69404255319148,0.0054476032977455,0.0018239743184415,1.0,2.48,2.48,0.0015078187699117,0.0006079914394805,,,,,,7.0,13356.28,1908.04,8.12050390330504,0.0042559400763637,,,,,,11.0,144.56,13.141818181818184,0.0878912424913057,0.0066879058342858,1.0,1.4,1.4,0.0008511880152727,0.0006079914394805,2.0,10.84,5.42,0.0065906272039689,0.001215982878961,1.0,0.96,0.96,0.0005836717819013,0.0006079914394805,1.0,2.6,2.6,0.0015807777426493,0.0006079914394805,,,,,,,,,,,,,,,,,,,,20.461687432228157,548.0,0.0373388456792484,0.0069440267989584,2.118139636493886,0.0332302470031533,0.3331793088353315,318975.0,301709.0,275.0,0.9458703660161456,0.0008621365310761,3661.0,298.0,63.0,227.0,23.0,0.0,0.0,65.0,3638.0,298.0,63.0,162.0,0.0062824364927615,0.9937175635072384,0.0,1.0,0.0,1.0,0.2863436123348017,0.7136563876651982,baseline,male_P42,male,P42,1111984,CTRL,saline,CTRL_saline
3,inactive,7,blue,4,0-4,,,,13421.96,978.0400000000008,18.0,745.6644444444444,,,,,,,,,,,,,5.0,13489.0,2697.8,13.791869453192088,0.0051122653470205,,,,,,,,,,,,,,,,2.0,3.24,1.62,0.0033127479448693,0.0020449061388082,,,,,,2.0,7.2,3.6,0.0073616620997096,0.0020449061388082,,,,,,,,,,,,,,,,,,,,0.8986221062245981,67.0,0.0134122702421581,0.0048271169736327,2.1121153943334594,0.0064609341204425,0.0685043556500756,335567.0,299128.6666666666,2286.0,0.8914126438734042,0.0068123504397035,0.0,83.0,0.0,0.0,0.0,0.0,0.0,0.0,0.0,83.0,0.0,0.0,0.0,0.0,0.0,1.0,0.0,0.0,0.0,0.0,baseline,male_P42,male,P42,1112053,CTRL,MDMA,CTRL_MDMA
3,inactive,7,green,4,0-4,15.0,272.04,18.136000000000003,10284.96,4115.040000000001,59.0,174.32135593220335,0.0661087134025428,0.0036451650530736,7.0,109.56,15.651428571428571,0.0266242855476495,0.0017010770247676,12.0,93.2,7.766666666666667,0.0226486255297639,0.0029161320424588,83.0,12181.44,146.7643373493976,2.9602239589408605,0.0201699132936739,,,,,,35.0,295.48,8.442285714285715,0.0718048913254792,0.0085053851238384,4.0,28.56,7.14,0.0069403942610521,0.0009720440141529,3.0,21.52,7.173333333333333,0.0052295967961429,0.0007290330106147,3.0,28.4,9.466666666666669,0.006901512500486,0.0007290330106147,40.0,196.2,4.904999999999999,0.0476787588942027,0.0097204401415296,8.0,18.28,2.285,0.004442241144679,0.0019440880283059,,,,,,,,,,,,,,,95.16760915486948,3167.0,0.0300497660735299,0.0057329992008173,2.072275090898388,0.0281853808091266,0.7696158482056066,257183.0,255755.3333333333,0.0,0.994448829562348,0.0,8140.0,1254.0,5088.0,6816.0,49.0,0.0,47.0,177.0,8091.0,1254.0,5041.0,6639.0,0.006019656019656,0.993980343980344,0.0,1.0,0.0092374213836477,0.9907625786163522,0.0259683098591549,0.9740316901408452,baseline,male_P42,male,P42,1111884,ELA,MDMA,ELA_MDMA
3,inactive,7,red,4,0-4,2.0,25.92,12.96,13200.64,1199.3600000000006,34.0,388.2541176470588,0.0216115261472785,0.0016675560298826,1.0,1.84,1.84,0.0015341515474919,0.0008337780149413,,,,,,15.0,13412.2,894.1466666666668,11.182797491995728,0.0125066702241195,,,,,,,,,,,1.0,1.92,1.92,0.0016008537886872,0.0008337780149413,2.0,6.96,3.48,0.0058030949839914,0.0016675560298826,,,,,,3.0,11.48,3.826666666666666,0.0095717716115261,0.0025013340448239,1.0,2.2,2.2,0.0018343116328708,0.0008337780149413,,,,,,,,,,,,,,,12.007422206757653,274.0,0.043822708783787,0.0144144748316104,1.8462189769050423,0.0387997481094531,0.2284551760939166,330050.0,297804.3333333333,402.0,0.902300661515932,0.0012179972731404,49.0,176.0,47.0,650.0,49.0,0.0,0.0,0.0,0.0,176.0,47.0,650.0,1.0,0.0,0.0,1.0,0.0,1.0,0.0,1.0,baseline,male_P42,male,P42,1111985,CTRL,MDMA,CTRL_MDMA
3,inactive,7,yellow,4,0-4,1.0,19.56,19.56,12544.64,1855.3600000000008,79.0,158.79291139240505,0.0105424284235943,0.0005389789582614,1.0,2.36,2.36,0.001271990341497,0.0005389789582614,2.0,4.6,2.3,0.0024793032080027,0.0010779579165229,8.0,13476.4,1684.55,7.263496033114864,0.0043118316660917,,,,,,13.0,57.32,4.409230769230769,0.0308942738875474,0.0070067264573991,1.0,1.56,1.56,0.0008408071748878,0.0005389789582614,6.0,33.84,5.640000000000001,0.0182390479475681,0.0032338737495688,,,,,,11.0,46.76,4.250909090909091,0.0252026560883063,0.0059287685408761,,,,,,,,,,,,,,,,,,,,27.102506967655017,895.0,0.0302821306901173,0.0073802368876346,2.049292314544335,0.0254363059926811,0.482386167644015,313695.0,291475.0,124.0,0.92916686590478,0.000395288417093,1486.0,852.0,177.0,490.0,0.0,0.0,47.0,177.0,1486.0,852.0,130.0,313.0,0.0,1.0,0.0,1.0,0.2655367231638418,0.7344632768361582,0.3612244897959183,0.6387755102040816,baseline,male_P42,male,P42,1112043,ELA,MDMA,ELA_MDMA
3,inactive,8,blue,4,0-4,3.0,67.0,22.333333333333332,12743.12,1656.8799999999992,39.0,326.74666666666667,0.0404374486987591,0.0018106320312877,,,,,,,,,,,24.0,13340.2,555.8416666666667,8.051397807928158,0.0144850562503017,,,,,,5.0,33.56,6.712000000000001,0.0202549369900053,0.0030177200521462,,,,,,2.0,33.88,16.94,0.0204480710733426,0.0012070880208584,,,,,,14.0,74.68,5.3342857142857145,0.0450726666988557,0.0084496161460093,,,,,,1.0,1.0,1.0,0.0,0.0,0.0,0.0006035440104292,0.0006035440104292,0.0,0.0,1.0,0.0,1.0,0.0,18.736680851108044,762.0,0.0245888200145774,0.005634759303533,2.03729376127408,0.0251988713850184,0.4599005359470814,318617.0,312212.3333333333,0.0,0.979898540672134,0.0,844.0,849.0,0.0,1678.0,0.0,0.0,0.0,0.0,844.0,849.0,0.0,1678.0,0.0,1.0,0.0,1.0,0.0,0.0,0.0,1.0,baseline,male_P42,male,P42,1112054,CTRL,MDMA,CTRL_MDMA
3,inactive,8,green,4,0-4,9.0,138.16,15.351111111111113,12485.4,1914.6000000000004,48.0,260.1125,0.0721612869528883,0.0047007207771858,6.0,15.52,2.5866666666666664,0.0081061318291026,0.0031338138514572,2.0,6.96,3.48,0.0036352240676903,0.0010446046171524,43.0,13146.84,305.7404651162791,6.86662488248198,0.0224589992687767,,,,,,10.0,90.24,9.024,0.0471325603259166,0.005223023085762,,,,,,3.0,21.16,7.053333333333334,0.0110519168494724,0.0015669069257286,1.0,7.04,7.04,0.0036770082523764,0.0005223023085762,11.0,30.2,2.7454545454545456,0.0157735297190013,0.0057453253943382,2.0,6.44,3.22,0.0033636268672307,0.0010446046171524,0.0,0.0,0.0,1.0,1.0,1.0,0.0,0.0,0.0005223023085762,0.0005223023085762,0.0,1.0,0.0,1.0,36.392727316633035,1010.0,0.036032403283795,0.0100563054499758,1.9277212403479855,0.0303256009953507,0.5275253316619658,312183.0,308348.3333333333,0.0,0.9877166063921908,0.0,2266.0,709.0,570.0,3463.0,0.0,0.0,0.0,0.0,2266.0,709.0,570.0,3463.0,0.0,1.0,0.0,1.0,0.0,1.0,0.0,1.0,baseline,male_P42,male,P42,1112044,ELA,MDMA,ELA_MDMA
3,inactive,8,red,4,0-4,,,,13428.4,971.6000000000004,26.0,516.4769230769231,,,,,,,,,,,,,6.0,13534.16,2255.693333333333,13.92976533552902,0.0061753808151502,,,,,,,,,,,,,,,,1.0,4.28,4.28,0.0044051049814738,0.0010292301358583,,,,,,2.0,4.48,2.24,0.0046109510086455,0.0020584602717167,,,,,,,,,,,,,,,,,,,,2.172025480512363,90.0,0.0241336164501373,0.0041136689723608,2.0234134745315147,0.0228500215710049,0.0926307122272539,335736.0,321137.6666666666,39.0,0.9565184152627856,0.0001161626992637,0.0,108.0,0.0,0.0,0.0,0.0,0.0,0.0,0.0,108.0,0.0,0.0,0.0,0.0,0.0,1.0,0.0,0.0,0.0,0.0,baseline,male_P42,male,P42,1111885,ELA,MDMA,ELA_MDMA
3,inactive,8,yellow,4,0-4,,,,13535.4,864.6000000000004,13.0,1041.1846153846154,,,,,,,,,,,,,4.0,13540.84,3385.21,15.66139255146888,0.0046264168401572,,,,,,,,,,,,,,,,,,,,,,,,,,,,,,,,,,,,,,,,,,,,,,,,,,0.0,0.0,,,,,0.0,338398.0,322107.0,245.0,0.951858462520464,0.0007239995508247,,,,,,,,,,,,,,,,,,,,,baseline,male_P42,male,P42,1111986,CTRL,MDMA,CTRL_MDMA
