day,phase,box,mouse,time_bin,time_window,s_wall_count,s_wall_duration,s_wall_mean_duration,nest_duration,outside_nest_duration,nest_count,nest_mean_duration,s_wall_duration_fraction,s_wall_event_rate,ramp1_count,ramp1_duration,ramp1_mean_duration,ramp1_duration_fraction,ramp1_event_rate,ramp2_count,ramp2_duration,ramp2_mean_duration,ramp2_duration_fraction,ramp2_event_rate,non_wall_count,non_wall_duration,non_wall_mean_duration,non_wall_duration_fraction,non_wall_event_rate,woodstick_count,woodstick_duration,woodstick_mean_duration,woodstick_duration_fraction,woodstick_event_rate,feeder_prox_count,feeder_prox_duration,feeder_prox_mean_duration,feeder_prox_duration_fraction,feeder_prox_event_rate,feeder_dist_count,feeder_dist_duration,feeder_dist_mean_duration,feeder_dist_duration_fraction,feeder_dist_event_rate,water_prox_count,water_prox_duration,water_prox_mean_duration,water_prox_duration_fraction,water_prox_event_rate,water_dist_count,water_dist_duration,water_dist_mean_duration,water_dist_duration_fraction,water_dist_event_rate,motionless_count,motionless_duration,motionless_mean_duration,motionless_duration_fraction,motionless_event_rate,speeding_count,speeding_duration,speeding_mean_duration,speeding_duration_fraction,speeding_event_rate,chasing_duration,chasing_count,chasing_mean_duration,chased_duration,chased_count,chased_mean_duration,chasing_duration_fraction,chasing_event_rate,chased_duration_fraction,chased_event_rate,chasing_duration_ratio,chased_duration_ratio,chasing_event_ratio,chased_event_ratio,total_distance,valid_locomotion_duration,mean_speed,median_speed,mean_abs_angular_velocity,mean_abs_acceleration,valid_locomotion_duration_fraction,nest_frames,weighted_sum,alone_sum,weighted_co_occupancy,alone_fraction,feeding_frames,drinking_frames,ramps_frames,s_wall_frames,feeding_together_frames,drinking_together_frames,ramps_together_frames,s_wall_together_frames,feeding_alone_frames,drinking_alone_frames,ramps_alone_frames,s_wall_alone_frames,feeding_together_fraction,feeding_alone_fraction,drinking_together_fraction,drinking_alone_fraction,ramps_together_fraction,ramps_alone_fraction,s_wall_together_fraction,s_wall_alone_fraction,time_point,exp,sex,age,mouse_ID,background,treatment,condition
1,active,1,blue,18,12-18,185.0,1191.52,6.440648648648649,7179.6,14420.4,138.0,52.026086956521745,0.0826273889767274,0.0128290477379268,140.0,778.4,5.56,0.0539790851848769,0.0097084685584311,124.0,653.8,5.27258064516129,0.0453385481678732,0.0085989292946104,459,15830.28,34.488627450980395,1.0977698260797204,0.0318299076308562,49.0,114.4,2.3346938775510204,0.0079332057363179,0.0033979639954508,112.0,1045.44,9.334285714285716,0.0724972954980444,0.0077667748467448,120.0,735.0,6.125,0.0509694599317633,0.0083215444786552,30.0,110.56,3.685333333333334,0.007666916313001,0.0020803861196638,36.0,116.04,3.2233333333333336,0.0080469335108596,0.0024964633435965,223.0,1013.44,4.54457399103139,0.070278216970403,0.0154642034895009,16.0,41.6,2.6,0.0028848020859338,0.0011095392638206,2.4,3.0,0.7999999999999999,9.6,11.0,0.8727272727272727,0.0001664308895731,0.0002080386119663,0.0006657235582924,0.0007628082438767,0.1999999999999999,0.7999999999999999,0.2142857142857142,0.7857142857142857,556.9419858840223,12456.0,0.0447127477427763,0.0153570642148331,1.95444202484051,0.0408355089352866,0.8637763168844138,179628.0,53230.33333333333,85346.0,0.2963365028466237,0.4751263722804908,44743.0,5731.0,36069.0,29973.0,9468.0,366.0,9700.0,8891.0,35275.0,5365.0,26369.0,21082.0,0.2116085197684554,0.7883914802315446,0.0638632001395917,0.9361367998604084,0.2689289971998114,0.7310710028001886,0.2966336369399125,0.7033663630600874,baseline,female_P42,female,P42,1072271,ELA,MDMA,ELA_MDMA
1,active,1,blue,24,18-24,114.0,733.24,6.431929824561403,12660.04,8939.96,120.0,105.50033333333334,0.0820182640638213,0.0127517349070913,79.0,350.52,4.436962025316456,0.0392082291195933,0.0088367285759667,81.0,401.4,4.955555555555556,0.0448995297518109,0.0090604432234596,272,19217.36,70.65205882352942,2.1496024590714056,0.0304251920590248,16.0,48.12,3.0075,0.0053825744186774,0.0017897171799426,50.0,286.24,5.7248,0.0320180403491738,0.0055928661873207,115.0,1355.64,11.78817391304348,0.15163826236359,0.0128635922308377,22.0,140.92,6.405454545454545,0.0157629340623448,0.0024608611224211,23.0,121.0,5.260869565217392,0.0135347361733162,0.0025727184461675,129.0,589.48,4.569612403100775,0.0659376552020367,0.0144295947632875,12.0,33.48,2.7899999999999996,0.0037449831990299,0.0013422878849569,1.6,2.0,0.8,17.2,17.0,1.011764705882353,0.0001789717179942,0.0002237146474928,0.0019239459684383,0.001901574503689,0.0851063829787234,0.9148936170212764,0.1052631578947368,0.8947368421052632,373.3793398458297,8812.0,0.0423716908585825,0.0108534765678524,1.972829857994829,0.0385958229084419,0.9856867368534088,316621.0,222730.0,29698.0,0.7034593409786464,0.0937966843639556,41212.0,6593.0,18958.0,18445.0,2957.0,213.0,2821.0,2631.0,38255.0,6380.0,16137.0,15814.0,0.0717509463263127,0.9282490536736872,0.0323069922645229,0.9676930077354772,0.1488026163097373,0.8511973836902627,0.1426402819192193,0.8573597180807807,baseline,female_P42,female,P42,1072271,ELA,MDMA,ELA_MDMA
1,active,1,green,18,12-18,296.0,2485.56,8.397162162162163,1851.48,19748.52,171.0,10.82736842105263,0.1258605708174587,0.0149884649583867,179.0,1134.68,6.338994413407821,0.0574564574965617,0.0090639703633487,165.0,896.88,5.435636363636363,0.0454150488239118,0.0083550564801818,577,13248.96,22.96180242634315,0.6708836915373911,0.029217379327666,21.0,54.24,2.5828571428571427,0.0027465349302124,0.0010633708247504,109.0,820.32,7.525871559633028,0.0415383026171075,0.005519400947514,143.0,871.44,6.093986013986014,0.0441268510247856,0.0072410489494908,46.0,203.6,4.426086956521739,0.0103096333294849,0.0023292884732628,35.0,154.96,4.427428571428572,0.0078466639525392,0.0017722847079173,272.0,1182.76,4.348382352941177,0.0598910703181808,0.0137731840158148,7.0,20.32,2.902857142857143,0.0010289378647108,0.0003544569415834,7.0,8.0,0.875,1.6,2.0,0.8,0.0003544569415834,0.0004050936475239,8.101872950479327e-05,0.0001012734118809,0.813953488372093,0.186046511627907,0.8,0.2,1125.2797914246582,17759.0,0.0633639164043391,0.0199881053237168,2.027415315919522,0.0582053724410695,0.8992572607972648,46458.0,27500.0,5905.0,0.5919324981703905,0.1271040509707693,42546.0,9045.0,51113.0,62435.0,7253.0,608.0,13309.0,16208.0,35293.0,8437.0,37804.0,46227.0,0.1704743101584167,0.8295256898415833,0.0672194582642343,0.9327805417357656,0.2603838553792577,0.7396161446207423,0.2595979819011772,0.7404020180988228,baseline,female_P42,female,P42,1072473,CTRL,MDMA,CTRL_MDMA
1,active,1,green,24,18-24,118.0,995.76,8.43864406779661,12722.04,8877.96,632.0,20.12981012658228,0.1121609018287985,0.0132913417046258,55.0,282.68,5.139636363636364,0.0318406480768104,0.0061951168962239,69.0,364.6,5.2840579710144935,0.0410679930975134,0.0077720557425354,223,19125.08,85.76269058295965,2.1542201136297083,0.0251183830519623,2.0,3.04,1.52,0.0003424210066276,0.0002252769780445,28.0,224.4,8.014285714285714,0.0252760769365935,0.003153877692623,79.0,669.68,8.476962025316455,0.0754317433284223,0.0088984406327579,19.0,219.28,11.541052631578948,0.0246993678727996,0.0021401312914228,10.0,50.52,5.0520000000000005,0.0056904964654042,0.0011263848902225,126.0,506.52,4.02,0.0570536474595515,0.0141924496168038,4.0,10.08,2.52,0.0011353959693443,0.000450553956089,,,,,,,,,,,,,,,472.95691827444415,8350.0,0.0566415470987358,0.0161229808108038,1.910845094730679,0.0497117036546567,0.9405313833358114,318683.0,234886.3333333333,22292.0,0.7370532263513689,0.0699503895720826,22459.0,6774.0,16265.0,25012.0,3196.0,182.0,4270.0,5792.0,19263.0,6592.0,11995.0,19220.0,0.1423037535063894,0.8576962464936105,0.0268674343076468,0.9731325656923532,0.2625268982477713,0.7374731017522287,0.2315688469534623,0.7684311530465376,baseline,female_P42,female,P42,1072473,CTRL,MDMA,CTRL_MDMA
1,active,1,red,18,12-18,266.0,2339.0,8.793233082706767,5319.32,16280.68,134.0,39.69641791044776,0.1436672178311962,0.0163383839004267,156.0,922.6,5.914102564102564,0.056668394686217,0.0095819093551375,127.0,744.28,5.860472440944882,0.0457155352233444,0.0078006569750157,523,13893.12,26.56428298279159,0.853350105769538,0.0321239653380571,43.0,113.16,2.6316279069767443,0.0069505696322266,0.0026411673222494,97.0,983.04,10.13443298969072,0.0603807703363741,0.0059579820990278,70.0,543.08,7.758285714285715,0.0333573290550517,0.0042995747106386,20.0,67.28,3.364,0.0041325055218823,0.0012284499173253,47.0,220.56,4.692765957446809,0.0135473456882636,0.0028868573057145,228.0,1004.72,4.406666666666667,0.0617124100467548,0.0140043290575086,13.0,33.72,2.5938461538461537,0.0020711665606104,0.0007984924462614,5.2,6.0,0.8666666666666667,1.6,2.0,0.8,0.0003193969785045,0.0003685349751975,9.827599338602564e-05,0.0001228449917325,0.7647058823529411,0.2352941176470588,0.75,0.25,592.2520982335543,14317.0,0.0413670530302126,0.0150486014531052,1.9723631435877416,0.0378446378049686,0.8793858733173308,133117.0,51269.666666666664,43723.0,0.385147401659192,0.3284554189171931,38320.0,7263.0,41955.0,58741.0,3521.0,464.0,9627.0,15710.0,34799.0,6799.0,32328.0,43031.0,0.091884133611691,0.908115866388309,0.063885446785075,0.936114553214925,0.2294601358598498,0.7705398641401502,0.2674452256515892,0.7325547743484109,baseline,female_P42,female,P42,1072335,ELA,MDMA,ELA_MDMA
1,active,1,red,24,18-24,118.0,846.72,7.175593220338984,13456.36,8143.639999999999,107.0,125.76037383177572,0.103973161878472,0.0144898350123532,77.0,397.96,5.168311688311688,0.048867582555221,0.0094552313216203,54.0,301.76,5.588148148148148,0.037054683163794,0.0066309414463311,246,18388.12,74.74845528455285,2.2579730931131534,0.0302076221443973,18.0,51.08,2.8377777777777777,0.0062723794273813,0.0022103138154437,26.0,100.8,3.876923076923077,0.0123777573664847,0.0031926755111964,81.0,1065.68,13.156543209876544,0.130860401491225,0.0099464121694966,9.0,24.52,2.7244444444444444,0.0030109385974822,0.0011051569077218,16.0,138.28,8.6425,0.0169801219110864,0.0019647233915055,161.0,745.64,4.631304347826087,0.0915610218526359,0.0197700291270242,12.0,30.56,2.5466666666666664,0.0037526216777755,0.0014735425436291,11.0,11.0,1.0,0.0,0.0,0.0,0.00135074733166,0.00135074733166,0.0,0.0,1.0,0.0,1.0,0.0,305.3650853758566,8036.0,0.0379996373041135,0.0098838746632102,2.001069530267813,0.0333171403920827,0.9867823233836468,336516.0,235235.66666666663,26343.0,0.6990326363877696,0.0782815675926256,29269.0,4095.0,17624.0,21286.0,2422.0,129.0,3027.0,3986.0,26847.0,3966.0,14597.0,17300.0,0.0827496668830503,0.9172503331169496,0.0315018315018315,0.9684981684981684,0.1717544257830231,0.8282455742169769,0.1872592314197124,0.8127407685802875,baseline,female_P42,female,P42,1072335,ELA,MDMA,ELA_MDMA
1,active,1,yellow,18,12-18,342.0,1937.36,5.664795321637427,3070.96,18529.04,155.0,19.812645161290323,0.104558034307228,0.018457513179312,279.0,1264.16,4.531039426523297,0.0682258767858453,0.0150574449620703,217.0,690.48,3.181935483870968,0.0372647476609689,0.0117113460816102,583,15943.68,27.347650085763295,0.860469835458286,0.031464123343681,37.0,62.12,1.6789189189189189,0.0033525752008738,0.0019968654609197,136.0,1056.2,7.766176470588236,0.0570024135087408,0.0073398298022995,118.0,681.24,5.773220338983051,0.0367660709891068,0.0063683817402304,46.0,192.96,4.194782608695652,0.0104139232253802,0.0024825894919542,46.0,165.76,3.603478260869565,0.0089459572649203,0.0024825894919542,204.0,871.6,4.272549019607843,0.0470396739388549,0.0110097447034492,4.0,8.96,2.24,0.0004835652575632,0.0002158773471264,6.4,7.0,0.9142857142857144,8.2,9.0,0.911111111111111,0.0003454037554023,0.0003777853574712,0.0004425485616092,0.0004857240310345,0.4383561643835617,0.5616438356164383,0.4375,0.5625,1159.8137158230472,16541.0,0.0701175089669939,0.0278000469706655,2.058218189720716,0.0631778312436057,0.8927067997046797,76929.0,36995.333333333336,24585.0,0.4809023038559364,0.3195803923097921,43690.0,9060.0,49362.0,48776.0,9017.0,448.0,12608.0,13103.0,34673.0,8612.0,36754.0,35673.0,0.2063859006637674,0.7936140993362325,0.049448123620309,0.950551876379691,0.2554191483327255,0.7445808516672744,0.2686362145317369,0.7313637854682631,baseline,female_P42,female,P42,1072483,CTRL,MDMA,CTRL_MDMA
1,active,1,yellow,24,18-24,245.0,1103.44,4.503836734693878,10042.32,11557.68,197.0,50.97624365482233,0.0954724477576814,0.0211980259013919,155.0,656.44,4.235096774193549,0.0567968658069785,0.0134109959784316,116.0,472.48,4.073103448275862,0.0408801766444476,0.0100366163451488,379,18804.64,49.616464379947224,1.6270254930055166,0.0327920482311328,12.0,17.52,1.46,0.0015158751583362,0.0010382706563947,52.0,288.04,5.53923076923077,0.024921956655661,0.004499172844377,166.0,1428.4,8.604819277108435,0.1235888171328501,0.0143627440801268,39.0,175.76,4.506666666666667,0.0152072042139945,0.0033743796332828,33.0,232.0,7.03030303030303,0.0200732326902977,0.0028552443050854,145.0,580.36,4.0024827586206895,0.0502142298454361,0.012545770431436,3.0,6.6,2.1999999999999997,0.000571048861017,0.0002595676640986,9.8,10.0,0.98,5.2,6.0,0.8666666666666667,0.0008479210360556,0.0008652255469955,0.0004499172844377,0.0005191353281973,0.6533333333333334,0.3466666666666667,0.625,0.375,736.9523514503347,11367.0,0.0648326164731534,0.0206557570368341,2.058260175142824,0.0564038755944502,0.983501879269888,251255.0,191649.3333333333,24521.0,0.7627682367846742,0.0975940777297964,43129.0,10266.0,28494.0,27831.0,3438.0,148.0,3573.0,5241.0,39691.0,10118.0,24921.0,22590.0,0.0797143453360847,0.9202856546639152,0.0144165205532826,0.9855834794467172,0.1253948199620972,0.8746051800379027,0.1883151880996011,0.8116848119003989,baseline,female_P42,female,P42,1072483,CTRL,MDMA,CTRL_MDMA
1,active,2,blue,18,12-18,312.0,2473.52,7.927948717948718,3343.28,18256.72,174.0,19.21425287356322,0.135485454123194,0.0170895976933425,166.0,880.12,5.3019277108433736,0.0482080023136686,0.0090925423624835,157.0,672.96,4.286369426751593,0.0368609476401018,0.0085995731982524,566,14359.04,25.369328621908128,0.7865071053288871,0.0310022829949739,24.0,74.72,3.1133333333333333,0.0040927395501492,0.0013145844379494,122.0,1014.76,8.317704918032787,0.0555828210105648,0.0066824708929095,160.0,1000.32,6.252000000000001,0.0547918793737319,0.0087638962529961,64.0,434.84,6.794375,0.0238180790415803,0.0035055585011984,83.0,496.64,5.983614457831325,0.0272031339693,0.0045462711812417,252.0,993.88,3.943968253968254,0.0544391325495488,0.0138031365984689,11.0,29.28,2.661818181818182,0.0016037930142982,0.0006025178673934,2.4,3.0,0.7999999999999999,5.6,6.0,0.9333333333333332,0.0001314584437949,0.0001643230547436,0.0003067363688548,0.0003286461094873,0.3,0.7,0.3333333333333333,0.6666666666666666,724.8227367653359,16244.0,0.0446209515368958,0.0166990499398752,1.9443485984249012,0.0403984452512639,0.8897545670854348,83756.0,16572.333333333332,43597.0,0.19786443160291,0.520523902765175,50659.0,23434.0,39150.0,62150.0,8370.0,2170.0,9323.0,21703.0,42289.0,21264.0,29827.0,40447.0,0.1652223691742829,0.8347776308257171,0.0926004950072544,0.9073995049927456,0.2381353767560664,0.7618646232439336,0.3492035398230088,0.6507964601769911,baseline,female_P42,female,P42,1072272,ELA,MDMA,ELA_MDMA
1,active,2,blue,24,18-24,322.0,2229.96,6.9253416149068325,6168.4,15431.6,188.0,32.81063829787234,0.144506078436455,0.0208662743979885,109.0,652.04,5.9820183486238525,0.0422535576349827,0.0070634282900023,145.0,701.76,4.839724137931034,0.0454755177687342,0.0093963036885352,523,16506.52,31.561223709369024,1.0696570673164156,0.0338914953731304,19.0,51.24,2.696842105263158,0.0033204593172451,0.0012312397936701,48.0,221.36,4.611666666666667,0.014344591617201,0.0031105005313771,131.0,1364.0,10.412213740458014,0.0883900567666347,0.0084890743668835,54.0,329.36,6.099259259259259,0.0213432178127997,0.0034993130977993,46.0,251.0,5.456521739130435,0.0162653256953264,0.0029808963425697,262.0,1291.56,4.929618320610687,0.0836957930480313,0.016978148733767,9.0,22.36,2.484444444444444,0.0014489748308665,0.0005832188496332,3.2,4.0,0.8,13.8,14.0,0.9857142857142858,0.0002073667020918,0.0002592083776147,0.0008942689027709,0.0009072293216516,0.188235294117647,0.8117647058823529,0.2222222222222222,0.7777777777777778,633.7885986157434,15237.0,0.0415953664511218,0.011494960363586,1.9689963922647635,0.0376002164522623,0.9873895124290416,154398.0,79278.0,26200.0,0.5134652003264291,0.169691317245042,39813.0,14609.0,34099.0,56071.0,4347.0,1205.0,6256.0,13470.0,35466.0,13404.0,27843.0,42601.0,0.1091854419410745,0.8908145580589255,0.0824834006434389,0.917516599356561,0.1834657907856535,0.8165342092143465,0.2402311355246027,0.7597688644753973,baseline,female_P42,female,P42,1072272,ELA,MDMA,ELA_MDMA
1,active,2,green,18,12-18,313.0,1967.84,6.28702875399361,6029.28,15570.72,553.0,10.902857142857142,0.1263807967775414,0.020101832156766,208.0,987.8,4.749038461538461,0.0634395840397875,0.0133584060338892,163.0,720.0,4.41717791411043,0.046240636271155,0.010468366266942,556,15007.76,26.992374100719424,0.9638449602844312,0.0357080468982808,22.0,44.6,2.0272727272727273,0.0028643505245743,0.0014129083305075,87.0,739.24,8.497011494252874,0.0474762888292898,0.0055874102160979,110.0,657.68,5.978909090909091,0.0422382523094628,0.0070645416525375,45.0,220.48,4.899555555555556,0.0141599103959226,0.0028900397669471,41.0,152.76,3.725853658536585,0.0098107216621967,0.0026331473432185,184.0,813.84,4.42304347826087,0.0522673325318289,0.0118170514915174,1.0,3.76,3.76,0.0002414788783049,6.422310593215985e-05,2.2,2.0,1.1,29.2,31.0,0.9419354838709676,0.0001412908330507,0.0001284462118643,0.001875314693219,0.0019909162838969,0.0700636942675159,0.929936305732484,0.0606060606060606,0.9393939393939394,832.976071429453,13311.0,0.0625780235466496,0.0238723929722671,1.9408036986666617,0.0569552910096528,0.8548737630629798,151285.0,36182.99999999999,66458.0,0.2391711009022705,0.439290081634002,35120.0,9417.0,42994.0,49509.0,7728.0,1438.0,10241.0,18653.0,27392.0,7979.0,32753.0,30856.0,0.2200455580865603,0.7799544419134397,0.1527025592014442,0.8472974407985558,0.2381960273526538,0.7618039726473461,0.3767597810499101,0.6232402189500899,baseline,female_P42,female,P42,1072443,CTRL,MDMA,CTRL_MDMA
1,active,2,green,24,18-24,353.0,1881.36,5.329631728045325,9371.64,12228.36,611.0,15.338199672667756,0.1538521927715572,0.0288673215378022,175.0,819.64,4.683657142857143,0.0670277944057911,0.0143109950966441,170.0,623.88,3.6698823529411766,0.0510191064051107,0.0139021095224543,531,16788.4,31.6165725047081,1.3729069147457222,0.0434236479789603,11.0,16.56,1.5054545454545454,0.0013542290217167,0.0008995482632176,42.0,305.36,7.270476190476191,0.0249714597869215,0.0034346388231946,64.0,342.28,5.348125,0.0279906708667392,0.0052337353496298,31.0,173.04,5.581935483870968,0.0141507119515617,0.0025350905599769,42.0,164.12,3.907619047619048,0.0134212600872071,0.0034346388231946,177.0,743.68,4.201581920903955,0.0608160047626991,0.0144745493263201,5.0,10.52,2.104,0.0008602952480954,0.0004088855741898,12.4,13.0,0.953846153846154,16.0,17.0,0.9411764705882352,0.0010140362239907,0.0010631024928935,0.0013084338374074,0.0013902109522454,0.4366197183098592,0.5633802816901409,0.4333333333333333,0.5666666666666667,751.5694182578441,11758.0,0.0639198348577856,0.0241298215751986,1.8936716026901743,0.0582785213272813,0.961535316264814,234902.0,96848.0,62299.0,0.4122910830899693,0.2652127270095614,16297.0,8502.0,36433.0,47387.0,3240.0,674.0,8943.0,13457.0,13057.0,7828.0,27490.0,33930.0,0.1988095968583174,0.8011904031416826,0.0792754645965655,0.9207245354034344,0.2454642768918288,0.7545357231081712,0.2839808386266275,0.7160191613733724,baseline,female_P42,female,P42,1072443,CTRL,MDMA,CTRL_MDMA
1,active,2,red,18,12-18,273.0,3524.56,12.91047619047619,2799.32,18800.68,157.0,17.830063694267515,0.1874698149215879,0.0145207513770778,150.0,1338.76,8.925066666666666,0.0712080626870943,0.0079784348225702,149.0,761.64,5.111677852348993,0.0405113006550826,0.0079252452570864,522,12925.04,24.760613026819925,0.6874772614607557,0.0277649531825444,21.0,67.88,3.2323809523809524,0.0036105077050404,0.0011169808751598,73.0,497.56,6.815890410958904,0.0264650002021203,0.0038828382803175,110.0,2174.0,19.76363636363636,0.1156341153617847,0.0058508522032181,45.0,215.2,4.782222222222222,0.0114463944921141,0.002393530446771,77.0,422.8,5.490909090909091,0.0224885482865513,0.0040955965422527,241.0,1046.56,4.342572614107883,0.0556660716527274,0.0128186852815961,8.0,20.72,2.59,0.0011020877968243,0.0004255165238704,35.8,38.0,0.9421052631578948,1.6,2.0,0.8,0.00190418644432,0.0020212034883844,8.510330477408264e-05,0.0001063791309676,0.9572192513368984,0.0427807486631016,0.95,0.05,646.7908171309774,16811.0,0.0384742619196346,0.0150443081962376,1.9840307606881136,0.0340381493398895,0.8941697853481895,70140.0,22458.999999999996,23838.0,0.3202024522383803,0.3398631308810949,66972.0,16072.0,52809.0,88387.0,15704.0,1093.0,11303.0,26765.0,51268.0,14979.0,41506.0,61622.0,0.2344860538732604,0.7655139461267395,0.0680064708810353,0.9319935291189648,0.2140354863754284,0.7859645136245715,0.3028160249810492,0.6971839750189508,baseline,female_P42,female,P42,1072474,CTRL,MDMA,CTRL_MDMA
1,active,2,red,24,18-24,217.0,2234.08,10.295299539170507,7804.96,13795.04,164.0,47.59121951219512,0.1619480624920261,0.015730291467078,116.0,982.32,8.468275862068966,0.0712082023683874,0.0084088194017559,111.0,550.36,4.958198198198199,0.0398954986719864,0.0080463702896113,467,16093.08,34.46055674518201,1.1665845115345803,0.0338527470743107,17.0,58.8,3.4588235294117644,0.0042624015588211,0.0012323269812918,34.0,175.04,5.148235294117647,0.01268861851796,0.0024646539625836,93.0,1785.08,19.19440860215054,0.1294001322214361,0.0067415534858905,37.0,150.0,4.054054054054054,0.0108734733643396,0.0026821234298704,49.0,238.44,4.866122448979592,0.0172844732599543,0.0035520012990176,218.0,1069.48,4.905871559633027,0.0775264152912931,0.0158027812895069,12.0,28.24,2.353333333333333,0.002047112585393,0.0008698778691471,23.6,24.0,0.9833333333333334,10.4,11.0,0.9454545454545454,0.0017107598093227,0.0017397557382943,0.0007538941532608,0.0007973880467182,0.6941176470588236,0.3058823529411765,0.6857142857142857,0.3142857142857143,558.1775136523568,13621.0,0.0409791875524819,0.0143126243842287,1.9493294188744383,0.0355782991105438,0.9873838713044688,195288.0,95935.33333333331,27522.0,0.491250529133041,0.1409303182991274,49130.0,9797.0,38544.0,56069.0,3843.0,1167.0,8554.0,14408.0,45287.0,8630.0,29990.0,41661.0,0.0782210462039487,0.9217789537960512,0.1191180973767479,0.880881902623252,0.2219281859692818,0.7780718140307181,0.2569690916549252,0.7430309083450748,baseline,female_P42,female,P42,1072474,CTRL,MDMA,CTRL_MDMA
1,active,2,yellow,18,12-18,292.0,2552.28,8.74068493150685,2359.2,19240.8,173.0,13.63699421965318,0.1326493700885618,0.015176084154505,107.0,521.72,4.87588785046729,0.0271152966612614,0.0055610993305891,126.0,668.0,5.301587301587301,0.0347178911479772,0.0065485842584507,488,15534.28,31.83254098360656,0.8073614402727538,0.0253627707787617,31.0,76.96,2.48258064516129,0.0039998336867489,0.0016111596191426,92.0,1000.68,10.87695652173913,0.0520082325059249,0.0047815059664878,138.0,1006.96,7.296811594202898,0.0523346222610286,0.0071722589497318,48.0,250.2,5.2124999999999995,0.0130036173132094,0.0024946987651241,93.0,470.92,5.0636559139784945,0.0244750738015051,0.0048334788574279,215.0,937.44,4.360186046511628,0.0487214668828739,0.0111741715521184,8.0,18.92,2.365,0.0009833270965864,0.0004157831275206,2.8,3.0,0.9333333333333332,6.8,7.0,0.9714285714285714,0.0001455240946322,0.0001559186728202,0.0003534156583925,0.0003638102365805,0.2916666666666667,0.7083333333333334,0.3,0.7,644.3121057979633,17233.0,0.0373882728368806,0.0121474598474855,2.060304186411622,0.0345307583246075,0.8956488295704961,59153.0,18129.666666666664,22738.0,0.3064876957494407,0.3843930147245279,50421.0,18169.0,29976.0,64099.0,15114.0,1871.0,8817.0,21991.0,35307.0,16298.0,21159.0,42108.0,0.2997560540251086,0.7002439459748914,0.1029775992074412,0.8970224007925588,0.2941353082465973,0.7058646917534027,0.3430786751743397,0.6569213248256603,baseline,female_P42,female,P42,1072259,ELA,MDMA,ELA_MDMA
1,active,2,yellow,24,18-24,195.0,1709.12,8.764717948717948,6159.32,15440.68,184.0,33.4745652173913,0.1106894255952457,0.0126289774802664,62.0,354.64,5.72,0.0229679003774445,0.0040153671988539,77.0,463.72,6.022337662337662,0.0300323560879443,0.0049868270050282,376,17924.32,47.67106382978723,1.1608504288671224,0.0243512591414367,20.0,46.52,2.326,0.003012820678882,0.0012952797415657,87.0,1267.12,14.564597701149424,0.0820637433066419,0.0056344668758111,161.0,2362.04,14.671055900621118,0.1529751280384024,0.0104270019196045,35.0,200.2,5.72,0.0129657502130735,0.0022667395477401,41.0,285.76,6.969756097560976,0.0185069569474919,0.0026553234702098,211.0,878.92,4.165497630331753,0.05692236352285,0.013665201273519,22.0,55.32,2.514545454545454,0.0035827437651709,0.0014248077157223,11.8,13.0,0.9076923076923078,10.8,12.0,0.9,0.0007642150475238,0.0008419318320177,0.0006994510604455,0.0007771678449394,0.5221238938053098,0.4778761061946903,0.52,0.48,474.3349470531296,15272.0,0.0310591243486858,0.0081670214062518,2.064916889122442,0.0273075692910387,0.989075610659634,154167.0,60661.33333333333,49958.0,0.3934780681555282,0.3240511912406676,90977.0,12225.0,20598.0,42923.0,5268.0,516.0,4916.0,11188.0,85709.0,11709.0,15682.0,31735.0,0.0579047451553689,0.9420952548446312,0.0422085889570552,0.9577914110429449,0.2386639479561122,0.7613360520438878,0.2606527968688116,0.7393472031311884,baseline,female_P42,female,P42,1072259,ELA,MDMA,ELA_MDMA
1,active,3,blue,18,12-18,207.0,1639.08,7.918260869565217,2513.28,19086.72,127.0,19.7896062992126,0.0858754149481943,0.0108452368976964,185.0,999.12,5.400648648648649,0.0523463434262146,0.0096926030245112,125.0,575.84,4.60672,0.0301696677061328,0.0065490560976427,524,13896.08,26.519236641221372,0.7280496596586526,0.0274536431613184,25.0,64.72,2.5888,0.0033908392851155,0.0013098112195285,89.0,1291.0,14.50561797752809,0.0676386513764544,0.0046629279415216,170.0,2754.08,16.200470588235294,0.1442929953391677,0.0089067162927941,44.0,329.2,7.481818181818181,0.0172475941387519,0.0023052677463702,56.0,202.32,3.6128571428571425,0.0106000402374006,0.0029339771317439,264.0,1283.68,4.862424242424242,0.0672551386513764,0.0138316064782215,6.0,13.6,2.2666666666666666,0.0007125373034235,0.0003143546926868,4.0,5.0,0.8,6.2,6.0,1.0333333333333334,0.0002095697951245,0.0002619622439057,0.000324833182443,0.0003143546926868,0.3921568627450981,0.607843137254902,0.4545454545454545,0.5454545454545454,620.441239547825,17124.0,0.03623226112753,0.0109532860732887,1.9628926030283569,0.033743941650419,0.8971682929282768,62959.0,23448.999999999993,19629.0,0.3724487364792959,0.311774329325434,101386.0,13388.0,39684.0,41184.0,15616.0,1284.0,7322.0,8752.0,85770.0,12104.0,32362.0,32432.0,0.1540252105813425,0.8459747894186574,0.0959067821930086,0.9040932178069914,0.1845076101199476,0.8154923898800525,0.2125097125097125,0.7874902874902875,baseline,female_P42,female,P42,1072444,CTRL,saline,CTRL_saline
1,active,3,blue,24,18-24,162.0,1216.44,7.508888888888889,10610.16,10989.84,110.0,96.456,0.1106876897206874,0.0147408879474132,98.0,482.4,4.922448979591836,0.0438950885545194,0.0089173272768302,79.0,362.4,4.587341772151898,0.0329759122971763,0.0071884577027509,356,17462.2,49.05112359550562,1.588940330341479,0.032393556230118,14.0,29.56,2.111428571428571,0.0026897570847255,0.00127390389669,27.0,340.4,12.607407407407406,0.0309740633166633,0.0024568146579022,113.0,1846.48,16.340530973451326,0.1680170047971581,0.0102822243089981,34.0,245.12,7.209411764705883,0.0223042373683329,0.0030937666062472,25.0,141.84,5.6736,0.0129064663361795,0.0022748283869464,182.0,821.92,4.516043956043956,0.0747890779119623,0.0165607506569704,12.0,26.68,2.223333333333333,0.0024276968545492,0.0010919176257343,1.8,2.0,0.9,7.6,9.0,0.8444444444444444,0.0001637876438601,0.0001819862709557,0.0006915478296317,0.0008189382193007,0.1914893617021276,0.8085106382978723,0.1818181818181818,0.8181818181818182,410.935933540837,10885.0,0.0377524973395348,0.0106033183358136,1.9929359840929608,0.0353866470668827,0.9904602796765012,265364.0,138122.3333333333,33285.0,0.5205013993357551,0.125431482793446,54812.0,9733.0,21297.0,30573.0,5889.0,596.0,4065.0,6095.0,48923.0,9137.0,17232.0,24478.0,0.1074399766474494,0.8925600233525506,0.0612349738004726,0.9387650261995274,0.1908719537963093,0.8091280462036906,0.1993589114578222,0.8006410885421777,baseline,female_P42,female,P42,1072444,CTRL,saline,CTRL_saline
1,active,3,green,18,12-18,297.0,1831.04,6.1651178451178446,2659.76,18940.24,109.0,24.401467889908258,0.0966745933525657,0.0156808995028574,224.0,1203.68,5.373571428571429,0.0635514650289542,0.0118266716789227,220.0,899.0,4.086363636363636,0.0474650796399623,0.0116154811132277,741,13228.72,17.852523616734143,0.698445215055353,0.0391230522950078,71.0,132.0,1.8591549295774648,0.0069692886679366,0.0037486325410871,76.0,467.04,6.145263157894737,0.0246586104505539,0.0040126207482059,99.0,812.72,8.20929292929293,0.0429096991379201,0.0052269665009524,54.0,320.76,5.9399999999999995,0.0169353714630859,0.0028510726368831,59.0,242.48,4.109830508474576,0.0128023720924338,0.0031150608440019,286.0,1297.44,4.536503496503497,0.0685017718888461,0.015100125447196,18.0,41.68,2.3155555555555556,0.0022006056945424,0.0009503575456277,9.2,10.0,0.92,6.6,7.0,0.9428571428571428,0.0004857383010986,0.0005279764142376,0.0003484644333968,0.0003695834899663,0.5822784810126582,0.4177215189873418,0.5882352941176471,0.4117647058823529,1048.0329964250504,17014.0,0.0615982718011667,0.0229185178860144,1.9917365322643357,0.0557372929831405,0.898299071183892,66603.0,38569.66666666666,5489.0,0.5790980386268886,0.0824137050883593,32169.0,14194.0,53000.0,46073.0,9146.0,1510.0,9512.0,9174.0,23023.0,12684.0,43488.0,36899.0,0.2843109826230222,0.7156890173769779,0.1063829787234042,0.8936170212765957,0.1794716981132075,0.8205283018867925,0.1991187897467063,0.8008812102532937,baseline,female_P42,female,P42,1072484,CTRL,saline,CTRL_saline
1,active,3,green,24,18-24,262.0,1654.24,6.313893129770992,6299.48,15300.52,242.0,26.030909090909088,0.108116586887243,0.0171236010279389,183.0,915.28,5.0015300546448085,0.0598201891177554,0.0119603778172245,157.0,714.44,4.550573248407644,0.0466938378564911,0.0102610891655969,617,16114.24,26.11708265802269,1.053182506215475,0.0403254268482378,49.0,107.24,2.1885714285714286,0.0070089121154052,0.0032025055357595,71.0,442.48,6.232112676056338,0.0289192785604672,0.0046403651640597,113.0,1062.76,9.40495575221239,0.0694590772078334,0.0073853699089965,43.0,222.88,5.1832558139534886,0.0145668251797978,0.0028103620007686,47.0,174.16,3.705531914893617,0.0113826196756711,0.0030717910240959,248.0,1087.32,4.384354838709677,0.0710642514110631,0.0162085994462933,22.0,49.96,2.270909090909091,0.0032652485013581,0.0014378596283002,35.8,39.0,0.917948717948718,5.2,6.0,0.8666666666666667,0.0023397897587794,0.0025489329774412,0.0003398577303255,0.0003921435349909,0.873170731707317,0.1268292682926829,0.8666666666666667,0.1333333333333333,906.2777681575534,15100.0,0.060018395242222,0.0199021900460003,1.941852846958653,0.0519777445985446,0.986894563060602,157729.0,97589.33333333331,19759.0,0.6187152225230194,0.1252718269944017,37815.0,10016.0,41083.0,41618.0,3727.0,712.0,5621.0,5777.0,34088.0,9304.0,35462.0,35841.0,0.0985587729736876,0.9014412270263124,0.0710862619808306,0.9289137380191692,0.1368205827227807,0.8631794172772193,0.1388101302321111,0.8611898697678889,baseline,female_P42,female,P42,1072484,CTRL,saline,CTRL_saline
1,active,3,red,18,12-18,211.0,1856.72,8.799620853080569,5650.04,15949.96,113.0,50.00035398230089,0.1164090693644372,0.0132288733012496,150.0,966.6,6.444,0.0606020328577626,0.0094044122994665,86.0,421.56,4.901860465116279,0.0264301603264208,0.0053918630516941,436,14485.36,33.22330275229358,0.9081753183080084,0.0273354917504495,34.0,135.6,3.988235294117647,0.0085015887187177,0.002131666787879,74.0,640.04,8.649189189189189,0.0401280003210039,0.0046395100677368,120.0,1328.08,11.067333333333332,0.0832654125778371,0.0075235298395732,41.0,198.72,4.846829268292683,0.0124589654143333,0.0025705393618541,55.0,259.8,4.723636363636364,0.0162884421026761,0.0034482845098044,228.0,1104.56,4.844561403508772,0.069251584329992,0.0142947066951892,17.0,38.44,2.2611764705882353,0.0024100373919433,0.0010658333939395,10.4,11.0,0.9454545454545454,7.4,8.0,0.925,0.000652039252763,0.0006896569019608,0.0004639510067736,0.0005015686559715,0.5842696629213483,0.4157303370786517,0.5789473684210527,0.4210526315789473,555.6109747171371,14009.0,0.0396610018357582,0.0129381311524905,1.9300863217821556,0.0359196252013218,0.8783094126881823,141364.0,57696.66666666666,37525.0,0.408142572837969,0.2654494779434651,49397.0,11559.0,34940.0,46629.0,11354.0,453.0,7677.0,8731.0,38043.0,11106.0,27263.0,37898.0,0.2298520153045731,0.7701479846954269,0.0391902413703607,0.9608097586296392,0.2197195191757298,0.7802804808242702,0.1872439897917605,0.8127560102082395,baseline,female_P42,female,P42,1072245,ELA,saline,ELA_saline
1,active,3,red,24,18-24,144.0,1306.72,9.074444444444444,8834.4,12765.6,182.0,48.54065934065934,0.1023625994861189,0.0112803158488437,131.0,987.84,7.540763358778627,0.0773829667230682,0.0102619540013787,57.0,290.4,5.094736842105263,0.0227486369618349,0.0044651250235006,373,16453.32,44.11077747989276,1.2888794886256814,0.0292191514695744,12.0,34.8,2.9,0.0027260763301372,0.0009400263207369,40.0,429.96,10.749,0.033681143072006,0.0031334210691232,77.0,1238.08,16.078961038961037,0.0969856489315034,0.0060318355580622,23.0,224.48,9.76,0.0175847590399197,0.0018017171147458,29.0,201.84,6.96,0.015811242714796,0.0022717302751143,234.0,1130.08,4.829401709401709,0.0885254120448705,0.0183305132543711,21.0,50.12,2.3866666666666667,0.0039261765996114,0.0016450460612897,7.6,9.0,0.8444444444444444,11.2,12.0,0.9333333333333332,0.0005953500031334,0.0007050197405527,0.0008773578993545,0.0009400263207369,0.4042553191489362,0.5957446808510639,0.4285714285714285,0.5714285714285714,451.0810118914115,12587.0,0.0358370550481776,0.0094196940244055,1.9395116162535024,0.031747869581106,0.9860092749263646,221042.0,114690.66666666666,30824.0,0.5188636850312006,0.1394486115760805,41818.0,10710.0,32144.0,32812.0,3686.0,801.0,4399.0,5085.0,38132.0,9909.0,27745.0,27727.0,0.0881438614950499,0.91185613850495,0.0747899159663865,0.9252100840336136,0.1368529118964659,0.8631470881035341,0.1549737900768011,0.8450262099231989,baseline,female_P42,female,P42,1072245,ELA,saline,ELA_saline
1,active,3,yellow,18,12-18,176.0,1105.12,6.279090909090908,7295.36,14304.64,225.0,32.42382222222222,0.0772560511833922,0.0123037000581629,119.0,668.2,5.6151260504201685,0.0467121157890027,0.0083189790165988,132.0,579.32,4.38878787878788,0.0404987472596304,0.0092277750436222,334,17547.0,52.535928143712574,1.226664914321507,0.0233490671558319,22.0,56.44,2.5654545454545454,0.0039455729050154,0.0015379625072703,69.0,666.88,9.664927536231884,0.0466198380385665,0.0048236096818934,80.0,615.04,7.688,0.0429958391123439,0.0055925909355286,39.0,223.72,5.736410256410257,0.0156396805512057,0.0027263880810701,44.0,148.32,3.37090909090909,0.01036866359447,0.0030759250145407,117.0,506.08,4.325470085470085,0.0353787302581539,0.0081791642432105,4.0,8.48,2.12,0.000592814639166,0.0002796295467764,3.8,4.0,0.95,7.2,9.0,0.8,0.0002656480694376,0.0002796295467764,0.0005033331841975,0.0006291664802469,0.3454545454545454,0.6545454545454545,0.3076923076923077,0.6923076923076923,596.6911938002077,12263.0,0.048657848307935,0.0164854966983613,2.087691574049944,0.0437273888276991,0.8572742830298421,182609.0,57925.33333333333,78679.0,0.3172096300474419,0.4308604723754032,32197.0,9384.0,31439.0,27804.0,9061.0,1456.0,7268.0,8725.0,23136.0,7928.0,24171.0,19079.0,0.2814237351306022,0.7185762648693977,0.155157715260017,0.8448422847399829,0.2311778364451795,0.7688221635548205,0.3138037692418357,0.6861962307581643,baseline,female_P42,female,P42,1072424,ELA,saline,ELA_saline
1,active,3,yellow,24,18-24,160.0,902.72,5.642,10515.32,11084.68,255.0,41.23654901960784,0.0814385259655668,0.0144343363994269,101.0,540.84,5.354851485148515,0.0487916656141629,0.0091116748521382,78.0,327.48,4.1984615384615385,0.0295434780255271,0.0070367389947206,316,19130.08,60.53822784810127,1.7258125629246854,0.0285078143888682,11.0,23.36,2.1236363636363635,0.0021074131143163,0.0009923606274606,19.0,87.76,4.618947368421053,0.0079172335150856,0.0017140774474319,97.0,1168.6,12.047422680412373,0.1054247844773146,0.0087508164421525,29.0,232.2,8.006896551724138,0.0209478306996683,0.0026162234723961,23.0,84.72,3.683478260869565,0.0076429811234965,0.0020749358574176,132.0,579.24,4.388181818181819,0.0522559063500254,0.0119083275295272,2.0,5.08,2.54,0.0004582901806818,0.0001804292049928,2.6,3.0,0.8666666666666667,23.8,26.0,0.9153846153846156,0.0002345579664906,0.0002706438074892,0.0021471075394147,0.0023455796649068,0.0984848484848484,0.9015151515151516,0.1034482758620689,0.896551724137931,496.49635251673334,10843.0,0.0457895741507639,0.0126966987751956,2.0677392991440517,0.0400020848713549,0.9781969348686655,263138.0,134909.66666666666,46056.0,0.5126954931126126,0.1750260319680167,31525.0,7975.0,21887.0,22728.0,5088.0,875.0,4736.0,5115.0,26437.0,7100.0,17151.0,17613.0,0.1613957176843774,0.8386042823156226,0.109717868338558,0.890282131661442,0.2163841549778407,0.7836158450221593,0.225052798310454,0.7749472016895459,baseline,female_P42,female,P42,1072424,ELA,saline,ELA_saline
1,active,4,blue,18,12-18,206.0,1520.64,7.381747572815534,3369.36,18230.64,172.0,19.589302325581397,0.0834112241808296,0.0112996581579143,252.0,946.28,3.755079365079365,0.0519060219498602,0.0138228827951185,156.0,544.2,3.488461538461539,0.0298508445123155,0.0085570226826924,561,14823.92,26.42409982174688,0.8131321774770387,0.0307723700319901,65.0,179.92,2.768,0.0098690994940386,0.0035654261177885,78.0,327.44,4.197948717948718,0.0179609712001334,0.0042785113413462,188.0,1502.16,7.990212765957447,0.0823975461091876,0.0103123093868344,105.0,567.92,5.408761904761905,0.0311519507817608,0.005759534497966,99.0,855.44,8.640808080808082,0.046923201818477,0.0054304182409394,266.0,1168.52,4.392932330827068,0.0640964881101266,0.0145908207281806,14.0,32.76,2.34,0.0017969747633654,0.0007679379330621,28.4,28.0,1.0142857142857142,3.6,4.0,0.9,0.001557816949926,0.0015358758661242,0.0001974697542159,0.0002194108380177,0.8875,0.1125,0.875,0.125,919.992557142218,16230.0,0.0566846923685901,0.020823273346326,1.95052276568284,0.0509484780835134,0.8902594752570399,84406.0,38329.99999999999,19429.0,0.4541146364002558,0.23018505793427,46006.0,35788.0,37670.0,38222.0,9679.0,5839.0,6946.0,9185.0,36327.0,29949.0,30724.0,29037.0,0.2103856018780159,0.7896143981219841,0.1631552475690175,0.8368447524309824,0.1843907618794797,0.8156092381205203,0.2403066296897075,0.7596933703102925,baseline,female_P42,female,P42,1072485,CTRL,saline,CTRL_saline
1,active,4,blue,24,18-24,86.0,494.0,5.744186046511628,15006.0,6594.0,84.0,178.64285714285714,0.0749165908401577,0.0130421595389748,97.0,409.44,4.221030927835051,0.0620928116469517,0.0147103427358204,85.0,337.72,3.973176470588235,0.0512162572035183,0.0128905065210797,241,19498.08,80.90489626556017,2.956942675159236,0.0365483773127085,25.0,60.76,2.4304,0.0092144373673036,0.0037913254473764,27.0,398.12,14.745185185185186,0.0603760994843797,0.0040946314831665,46.0,669.76,14.56,0.1015711252653927,0.0069760388231725,31.0,193.48,6.241290322580645,0.0293418259023354,0.0047012435547467,31.0,243.64,7.8593548387096765,0.0369487412799514,0.0047012435547467,114.0,520.84,4.568771929824561,0.078986957840461,0.0172884440400363,5.0,12.2,2.44,0.0018501668183196,0.0007582650894752,9.0,9.0,1.0,0.8,1.0,0.8,0.0013648771610555,0.0013648771610555,0.000121322414316,0.000151653017895,0.9183673469387754,0.0816326530612244,0.9,0.1,350.9284177768652,6518.0,0.0538398922640173,0.0167834968577623,1.9355422428984828,0.0471267286929993,0.9884743706399758,375234.0,294578.0,27602.0,0.7850514612215311,0.0735594322476108,26770.0,10990.0,18861.0,12436.0,3446.0,759.0,1924.0,3478.0,23324.0,10231.0,16937.0,8958.0,0.1287261860291371,0.8712738139708629,0.0690627843494085,0.9309372156505914,0.1020094374635491,0.8979905625364509,0.2796719202315857,0.7203280797684143,baseline,female_P42,female,P42,1072485,CTRL,saline,CTRL_saline
1,active,4,green,18,12-18,179.0,1790.16,10.000893854748604,6821.28,14778.72,528.0,12.919090909090908,0.1211309233817272,0.0121120097004341,87.0,639.16,7.346666666666667,0.0432486710621758,0.0058868427035629,92.0,646.04,7.022173913043478,0.0437142052897679,0.0062251669968711,400,15169.72,37.924299999999995,1.0264569597367026,0.0270659434646572,41.0,149.2,3.639024390243902,0.0100955969123171,0.0027742592051273,36.0,121.04,3.3622222222222224,0.0081901544924052,0.0024359349118191,109.0,928.44,8.517798165137615,0.062822761375816,0.0073754695941191,38.0,246.24,6.48,0.016661794796843,0.0025712646291424,50.0,285.04,5.7008,0.0192871913129147,0.0033832429330821,183.0,646.04,3.530273224043716,0.0437142052897679,0.0123826691350807,4.0,9.8,2.45,0.0006631156148841,0.0002706594346465,3.2,4.0,0.8,20.6,20.0,1.03,0.0002165275477172,0.0002706594346465,0.0013938960884298,0.0013532971732328,0.134453781512605,0.865546218487395,0.1666666666666666,0.8333333333333334,683.5199640483805,12562.0,0.0544117150173842,0.0176591671698444,1.9598486806070017,0.0495056189578919,0.8500059545075622,171060.0,61255.33333333332,59940.0,0.3580926770333995,0.350403367239565,26382.0,13370.0,32309.0,44933.0,4630.0,2059.0,6460.0,9048.0,21752.0,11311.0,25849.0,35885.0,0.1754984459100902,0.8245015540899098,0.1540014958863126,0.8459985041136874,0.1999442879692964,0.8000557120307035,0.2013664789798143,0.7986335210201856,baseline,female_P42,female,P42,1072425,ELA,saline,ELA_saline
1,active,4,green,24,18-24,152.0,1394.84,9.17657894736842,13660.92,7939.08,430.0,31.769581395348837,0.1756929014444998,0.0191457952306816,51.0,281.68,5.523137254901961,0.0354801815827526,0.0064239181366102,77.0,480.56,6.241038961038961,0.0605309431319497,0.00969885679449,263,18769.08,71.36532319391635,2.3641379101860673,0.0331272641162452,38.0,120.32,3.166315789473684,0.0151554084352343,0.0047864488076704,10.0,44.76,4.476,0.0056379328587191,0.0012595917914922,55.0,799.2,14.530909090909091,0.1006665759760576,0.0069277548532071,23.0,171.52,7.457391304347826,0.0216045184076744,0.002897061120432,37.0,176.04,4.757837837837838,0.0221738538974289,0.0046604896285211,88.0,417.96,4.749545454545454,0.0526458985172085,0.0110844077651314,8.0,17.56,2.195,0.0022118431858603,0.0010076734331937,6.6,7.0,0.9428571428571428,9.8,10.0,0.98,0.0008313305823848,0.0008817142540445,0.0012343999556623,0.0012595917914922,0.4024390243902439,0.5975609756097562,0.4117647058823529,0.5882352941176471,404.7528747085765,7599.0,0.0532639656150252,0.0164966503766858,1.9462041893785689,0.0479331648771595,0.9571638023549328,341953.0,270608.3333333333,24624.0,0.7913611909628906,0.072009896096832,21164.0,8749.0,19184.0,35023.0,954.0,262.0,3038.0,6552.0,20210.0,8487.0,16146.0,28471.0,0.045076545076545,0.9549234549234548,0.0299462795748085,0.9700537204251914,0.1583611342785654,0.8416388657214345,0.1870770636438911,0.8129229363561088,baseline,female_P42,female,P42,1072425,ELA,saline,ELA_saline
1,active,4,red,18,12-18,183.0,1411.64,7.713879781420766,5003.88,16596.12,130.0,38.49138461538462,0.0850584353451288,0.0110266737044562,103.0,611.36,5.935533980582524,0.0368375258795429,0.0062062698992294,128.0,700.4,5.471875,0.0422026353147603,0.0077126460883628,424,15769.36,37.191886792452834,0.950183536874884,0.0255481401677018,33.0,96.68,2.9296969696969697,0.0058254579986165,0.001988416569656,58.0,426.64,7.355862068965517,0.0257072134932743,0.0034947927587894,207.0,2396.72,11.578357487922704,0.1444144776007886,0.0124727948460242,73.0,377.52,5.171506849315068,0.0227474855568651,0.0043986184722694,81.0,519.36,6.411851851851852,0.0312940615035321,0.004880658852792,274.0,1124.24,4.103065693430657,0.0677411346748517,0.0165098830329016,11.0,23.84,2.1672727272727275,0.0014364803339575,0.0006628055232186,4.4,5.0,0.8800000000000001,1.8,2.0,0.9,0.0002651222092874,0.0003012752378266,0.0001084590856176,0.0001205100951306,0.7096774193548387,0.2903225806451613,0.7142857142857143,0.2857142857142857,611.8451993912374,14630.0,0.0418212713186081,0.0132206988180703,1.9883220533830477,0.0390364196131782,0.8815313458808445,125227.0,55168.99999999999,30344.0,0.4405519576449168,0.242311961477956,70849.0,22576.0,33025.0,35474.0,7828.0,4591.0,6555.0,7302.0,63021.0,17985.0,26470.0,28172.0,0.1104885037191774,0.8895114962808226,0.2033575478384124,0.7966424521615876,0.1984859954579863,0.8015140045420136,0.2058408975587754,0.7941591024412246,baseline,female_P42,female,P42,1072260,ELA,saline,ELA_saline
1,active,4,red,24,18-24,95.0,764.2,8.04421052631579,15609.48,5990.52,114.0,136.92526315789473,0.1275682244613155,0.0158583895888837,59.0,335.16,5.680677966101696,0.0559483984695819,0.0098488945867804,55.0,327.56,5.955636363636364,0.0546797273024712,0.00918117291988,230,19306.08,83.93947826086958,3.22277197972797,0.0383939958467712,21.0,56.0,2.6666666666666665,0.0093481033366051,0.0035055387512269,13.0,41.08,3.1599999999999997,0.0068575015190667,0.0021700954174262,68.0,1007.16,14.811176470588236,0.1681256385088439,0.0113512683373062,22.0,139.36,6.334545454545455,0.0232634228748088,0.003672469167952,28.0,109.0,3.892857142857143,0.018195415423035,0.0046740516683025,80.0,358.0,4.475,0.059761089187583,0.0133544333380073,5.0,10.52,2.104,0.0017561079839479,0.0008346520836254,3.2,4.0,0.8,3.6,3.0,1.2,0.0005341773335202,0.0006677216669003,0.0006009495002103,0.0005007912501752,0.4705882352941176,0.5294117647058824,0.5714285714285714,0.4285714285714285,294.96208983051633,5879.0,0.0501721533986249,0.0159885819504094,1.939103027062465,0.0453295822569383,0.9813839199268176,390351.0,303364.3333333333,22987.0,0.7771578229166399,0.0588880264172501,26287.0,6259.0,16682.0,19200.0,3587.0,690.0,3006.0,4696.0,22700.0,5569.0,13676.0,14504.0,0.1364552820785939,0.863544717921406,0.1102412525962613,0.8897587474037386,0.1801942213163889,0.819805778683611,0.2445833333333333,0.7554166666666666,baseline,female_P42,female,P42,1072260,ELA,saline,ELA_saline
1,active,4,yellow,18,12-18,246.0,1545.72,6.283414634146341,3650.16,17949.84,173.0,21.09919075144509,0.0861133024026955,0.0137048575363345,143.0,857.6,5.997202797202798,0.047777584646994,0.0079666448280318,139.0,617.24,4.4405755395683455,0.0343869360395413,0.0077438016160589,497,15722.16,31.634124748490944,0.8758941583880413,0.0276882690876353,59.0,218.88,3.709830508474576,0.0121939805591581,0.0032869373766005,54.0,275.16,5.095555555555556,0.0153293845516171,0.0030083833616344,185.0,1401.48,7.575567567567568,0.078077576178952,0.0103064985537475,66.0,477.08,7.228484848484848,0.0265785098920101,0.0036769129975531,80.0,703.76,8.797,0.0392070347145155,0.0044568642394584,202.0,792.0,3.9207920792079207,0.0441229559706381,0.0112535822046324,6.0,13.36,2.2266666666666666,0.0007442963279895,0.0003342648179593,3.6,4.0,0.9,13.6,15.0,0.9066666666666666,0.0002005588907756,0.0002228432119729,0.0007576669207079,0.0008356620448984,0.2093023255813953,0.7906976744186046,0.2105263157894736,0.7894736842105263,766.554866353278,15943.0,0.0480809675941339,0.0151544101719175,2.052007254940807,0.0449055823729494,0.8881973321210662,91427.0,35994.33333333333,29545.0,0.3936947874624928,0.3231539917092325,42155.0,29667.0,37153.0,38889.0,5173.0,4400.0,7231.0,8430.0,36982.0,25267.0,29922.0,30459.0,0.1227137943304471,0.8772862056695528,0.1483129403040415,0.8516870596959585,0.1946276209189029,0.805372379081097,0.2167708092262593,0.7832291907737406,baseline,female_P42,female,P42,1072475,CTRL,saline,CTRL_saline
1,active,4,yellow,24,18-24,162.0,1027.32,6.341481481481481,14184.28,7415.719999999999,173.0,81.99005780346822,0.1385327385607871,0.0218454849967366,72.0,325.16,4.516111111111112,0.0438473944539437,0.009709104442994,87.0,349.36,4.015632183908046,0.0471107323361723,0.0117318345352845,292,19408.8,66.46849315068494,2.6172509210164354,0.0393758124632537,35.0,94.36,2.696,0.012724320767235,0.0047197035486776,20.0,80.32,4.016,0.0108310454008511,0.0026969734563872,67.0,699.84,10.445373134328358,0.0943724951859023,0.0090348610788972,26.0,136.08,5.233846153846154,0.0183502073972588,0.0035060654933034,41.0,237.44,5.791219512195122,0.0320184688742293,0.0055287955855938,86.0,342.8,3.986046511627907,0.0462261250424773,0.0115969858624651,4.0,9.0,2.25,0.0012136380553742,0.0005393946912774,2.8,2.0,1.4,7.4,8.0,0.925,0.0003775762838942,0.0002696973456387,0.0009978801788632,0.0010787893825548,0.2745098039215686,0.7254901960784315,0.2,0.8,399.2979464879138,7260.0,0.0549997171470955,0.0174267742854892,2.0172572818040693,0.0503496402943065,0.979001364668569,354780.0,293127.33333333326,13841.0,0.8262228235338329,0.0390129094086476,19591.0,9405.0,17022.0,25845.0,1892.0,393.0,2579.0,6260.0,17699.0,9012.0,14443.0,19585.0,0.0965749578888265,0.9034250421111736,0.041786283891547,0.958213716108453,0.1515098108330396,0.8484901891669604,0.2422131940414006,0.7577868059585994,baseline,female_P42,female,P42,1072475,CTRL,saline,CTRL_saline
1,active,5,blue,18,12-18,159.0,958.24,6.026666666666666,7124.56,14475.44,194.0,36.72453608247423,0.0661976423514587,0.0109841220715916,146.0,681.04,4.664657534246575,0.0470479653813631,0.0100860491978136,160.0,782.28,4.88925,0.0540418805922306,0.0110532046003437,439,16256.92,37.03170842824601,1.1230691433213773,0.0303272301221931,31.0,76.16,2.456774193548387,0.0052613253897636,0.0021415583913166,105.0,547.64,5.215619047619048,0.0378323560458265,0.0072536655189755,149.0,767.08,5.148187919463088,0.052991826155198,0.0102932967840701,49.0,395.56,8.07265306122449,0.0273262850731998,0.0033850439088552,47.0,316.72,6.73872340425532,0.0218798185063804,0.0032468788513509,169.0,713.72,4.22319526627219,0.0493055824209834,0.011674947359113,11.0,26.52,2.4109090909090907,0.0018320686625069,0.0007599078162736,13.6,15.0,0.9066666666666666,12.0,12.0,1.0,0.0009395223910292,0.0010362379312822,0.0008289903450257,0.0008289903450257,0.53125,0.46875,0.5555555555555556,0.4444444444444444,629.7956711211066,12370.0,0.0509131504544144,0.0183584203602964,1.9968373124029848,0.0458548740771842,0.8545508806640765,178308.0,99953.0,49042.0,0.5605637436346098,0.2750409403952711,33122.0,17903.0,36889.0,24115.0,4942.0,2836.0,8708.0,7430.0,28180.0,15067.0,28181.0,16685.0,0.1492059658233198,0.8507940341766802,0.1584092051611461,0.8415907948388538,0.2360595299411748,0.7639404700588251,0.3081069873522704,0.6918930126477296,baseline,female_P42,female,P42,1073096,ELA,saline,ELA_saline
1,active,5,blue,24,18-24,125.0,834.44,6.675520000000001,11205.72,10394.28,188.0,59.60489361702128,0.0802787687074044,0.0120258449839719,90.0,442.76,4.919555555555555,0.0425965050008273,0.0086586083884598,136.0,661.16,4.861470588235294,0.0636080613568231,0.0130841193425614,324,18627.84,57.49333333333333,1.792124129809857,0.0311709901984553,18.0,35.24,1.9577777777777776,0.0033903262178813,0.0017317216776919,55.0,241.36,4.3883636363636365,0.0232204635626517,0.0052913717929476,145.0,1101.84,7.598896551724137,0.1060044562971172,0.0139499801814074,35.0,214.6,6.131428571428572,0.020645970668483,0.0033672365955121,28.0,105.56,3.77,0.0101555855720646,0.0026937892764097,159.0,712.32,4.48,0.0685299991918632,0.0152968748196123,6.0,17.36,2.893333333333333,0.001670149351374,0.0005772405592306,12.2,13.0,0.9384615384615383,10.2,11.0,0.9272727272727272,0.0011737224704356,0.001250687878333,0.0009813089506921,0.0010582743585895,0.5446428571428571,0.4553571428571428,0.5416666666666666,0.4583333333333333,456.99206181186935,10205.0,0.0447811917503056,0.0124957069585369,2.0364338305157785,0.0404416189875065,0.9817899844914704,280331.0,151214.99999999997,48108.0,0.5394159047697186,0.1716114165040612,33780.0,8067.0,27824.0,20986.0,5175.0,831.0,6247.0,6396.0,28605.0,7236.0,21577.0,14590.0,0.1531971580817051,0.8468028419182948,0.1030122722201561,0.8969877277798438,0.2245184013801035,0.7754815986198965,0.3047746116458591,0.6952253883541408,baseline,female_P42,female,P42,1073096,ELA,saline,ELA_saline
1,active,5,green,18,12-18,208.0,1432.36,6.886346153846153,5281.32,16318.68,215.0,24.56427906976744,0.0877742562511183,0.0127461289761181,119.0,588.4,4.944537815126051,0.0360568379305188,0.0072922564815291,114.0,510.04,4.474035087719298,0.0312549789566313,0.0069858591503724,452,15359.48,33.981150442477876,0.9412207359909012,0.0276983187365644,32.0,70.32,2.1975,0.0043091720653876,0.0019609429194027,129.0,935.04,7.248372093023256,0.0572987521049496,0.0079050511438425,121.0,821.52,6.789421487603305,0.0503423070983682,0.0074148154139918,76.0,423.88,5.577368421052632,0.0259751401461392,0.0046572394335816,45.0,172.16,3.8257777777777777,0.010549872906387,0.0027575759804101,210.0,1005.72,4.789142857142857,0.0616299847781805,0.0128686879085808,8.0,19.68,2.46,0.0012059798954327,0.0004902357298506,10.6,11.0,0.9636363636363636,13.6,14.0,0.9714285714285714,0.0006495623420521,0.0006740741285447,0.0008334007407461,0.0008579125272387,0.4380165289256198,0.5619834710743802,0.44,0.56,724.883165736194,14228.0,0.0509476501079697,0.0158222431726389,2.0553277223529514,0.0445720793113954,0.8718842455394676,132248.0,95249.33333333331,16246.0,0.72023269413022,0.1228449579577763,44164.0,15022.0,27694.0,36017.0,7949.0,1710.0,6270.0,8371.0,36215.0,13312.0,21424.0,27646.0,0.1799882257041934,0.8200117742958065,0.1138330448675276,0.8861669551324723,0.2264028309381093,0.7735971690618907,0.232418024821612,0.767581975178388,baseline,female_P42,female,P42,1073106,ELA,saline,ELA_saline
1,active,5,green,24,18-24,157.0,1213.48,7.729171974522293,7526.84,14073.16,318.0,23.66930817610063,0.0862265475557728,0.0111559877099386,84.0,357.84,4.26,0.0254271251090728,0.0059688087110499,87.0,543.96,6.2524137931034485,0.0386522998388421,0.0061819804507303,397,17305.28,43.59012594458438,1.2296655477518907,0.0282097268843671,27.0,68.64,2.542222222222222,0.0048773694038865,0.0019185456571232,46.0,209.16,4.546956521739131,0.0148623336905144,0.0032686333417654,203.0,1719.72,8.471527093596059,0.1221985680543673,0.014424621051704,34.0,195.56,5.751764705882353,0.0138959551372968,0.002415946383044,35.0,131.04,3.744,0.0093113415892379,0.0024870036296041,217.0,975.24,4.494193548387097,0.0692978691352901,0.0154194225035457,17.0,45.68,2.6870588235294117,0.0032458950228662,0.001207973191522,11.0,12.0,0.9166666666666666,11.8,13.0,0.9076923076923078,0.0007816297121613,0.0008526869587214,0.0008384755094094,0.0009237442052815,0.4824561403508772,0.5175438596491229,0.48,0.52,655.3714547902841,13821.0,0.0474185265024444,0.0112250103924313,2.0635889800403993,0.0413002021393528,0.9820822047074004,188489.0,125824.66666666666,20266.0,0.6675438177647856,0.1075182106117598,48471.0,8234.0,22716.0,30494.0,5804.0,779.0,6068.0,6171.0,42667.0,7455.0,16648.0,24323.0,0.1197417012234119,0.880258298776588,0.0946077240709254,0.9053922759290746,0.2671244937488994,0.7328755062511005,0.20236767888765,0.7976323211123499,baseline,female_P42,female,P42,1073106,ELA,saline,ELA_saline
1,active,5,red,18,12-18,261.0,1187.96,4.551570881226054,4480.64,17119.36,94.0,47.666382978723405,0.0693927810385435,0.0152458970428801,226.0,1049.76,4.64495575221239,0.0613200493476391,0.0132014280907697,208.0,808.56,3.887307692307692,0.0472307375976671,0.0121499869153987,660,15043.32,22.79290909090909,0.8787314479045946,0.0385528430969382,54.0,107.88,1.9977777777777777,0.0063016374443904,0.0031543235261131,100.0,620.32,6.203200000000001,0.0362349994392313,0.0058413398631724,127.0,1119.16,8.81228346456693,0.0653739392126808,0.007418501626229,46.0,258.32,5.615652173913043,0.015089349134547,0.0026870163370593,58.0,303.72,5.236551724137931,0.0177413174324273,0.00338797712064,263.0,1268.2,4.822053231939163,0.074079872144753,0.0153627238401435,13.0,31.32,2.4092307692307693,0.0018295076451456,0.0007593741822124,22.8,23.0,0.991304347826087,12.2,13.0,0.9384615384615383,0.0013318254888033,0.0013435081685296,0.000712643463307,0.0007593741822124,0.6514285714285715,0.3485714285714285,0.6388888888888888,0.3611111111111111,888.9108932015034,15115.0,0.0588098506914656,0.0225000419915837,1.9455768839287653,0.049829210289788,0.8829185203185166,112110.0,85853.33333333334,15447.0,0.7657954984687659,0.1377843189724377,43714.0,14155.0,46892.0,29960.0,9193.0,2424.0,9437.0,5543.0,34521.0,11731.0,37455.0,24417.0,0.2102987601226151,0.7897012398773848,0.1712469092193571,0.8287530907806429,0.2012496801160112,0.7987503198839887,0.1850133511348464,0.8149866488651535,baseline,female_P42,female,P42,1073132,CTRL,saline,CTRL_saline
1,active,5,red,24,18-24,197.0,1201.2,6.097461928934011,8807.2,12792.8,136.0,64.75882352941177,0.0938965668188356,0.0153992870989931,158.0,730.2,4.621518987341773,0.0570789819273341,0.0123506972672128,201.0,974.32,4.847363184079602,0.0761615908948783,0.0157119629791757,533,16781.84,31.48562851782364,1.3118191482709023,0.0416640610343318,34.0,61.2,1.8,0.0047839409667938,0.0026577449815521,46.0,276.28,6.006086956521739,0.0215965230442123,0.0035957726220999,129.0,1277.72,9.904806201550388,0.0998780564067288,0.0100837971358889,45.0,260.76,5.794666666666666,0.0203833406291038,0.0035176036520542,36.0,115.28,3.2022222222222223,0.0090113188668626,0.0028140829216434,199.0,974.28,4.895879396984925,0.0761584641360765,0.0155556250390844,13.0,29.16,2.243076923076923,0.0022794071665311,0.0010161966105934,5.8,7.0,0.8285714285714285,11.8,12.0,0.9833333333333334,0.0004533800262647,0.0005471827903195,0.0009223938465386,0.0009380276405478,0.3295454545454545,0.6704545454545454,0.3684210526315789,0.631578947368421,679.0946626906152,12654.0,0.0536664029311376,0.0170394711957097,1.949029503927207,0.0471579412488123,0.9891501469576638,220316.0,141850.99999999997,21758.0,0.6438524664572703,0.0987581473882968,39025.0,9482.0,42972.0,30227.0,3912.0,588.0,8326.0,6553.0,35113.0,8894.0,34646.0,23674.0,0.1002434336963485,0.8997565663036515,0.0620122337059692,0.9379877662940308,0.1937540724192497,0.8062459275807503,0.2167929334700764,0.7832070665299236,baseline,female_P42,female,P42,1073132,CTRL,saline,CTRL_saline
1,active,5,yellow,18,12-18,212.0,1383.28,6.5249056603773585,5349.48,16250.52,141.0,37.939574468085105,0.0851221991665497,0.0130457363825896,169.0,782.6,4.630769230769231,0.0481584589293142,0.0103996672106492,136.0,608.28,4.472647058823529,0.0374314175792528,0.0083689629624159,436,16437.2,37.7,1.0114876323957631,0.0268299106736276,30.0,52.96,1.7653333333333334,0.0032589726359525,0.0018460947711211,90.0,615.52,6.8391111111111105,0.0378769417840167,0.0055382843133635,190.0,1311.72,6.903789473684211,0.080718647772502,0.011691933550434,74.0,309.16,4.1778378378378385,0.0190246219813273,0.0045537004354322,142.0,1026.28,7.227323943661972,0.0631536713902078,0.0087381819166402,222.0,864.32,3.8933333333333335,0.0531872210858483,0.0136611013062966,2.0,3.96,1.98,0.0002436845097879,0.0001230729847414,3.8,4.0,0.95,13.0,14.0,0.9285714285714286,0.0002338386710086,0.0002461459694828,0.0007999744008191,0.0008615108931898,0.2261904761904761,0.7738095238095237,0.2222222222222222,0.7777777777777778,743.7557828373336,14200.0,0.052377167805446,0.0175495761679412,2.078193344170778,0.0480451678818582,0.8738181916640205,133878.0,89982.33333333334,28800.0,0.6721218821115743,0.2151212297763635,48461.0,33602.0,35077.0,34794.0,6864.0,3812.0,8005.0,6399.0,41597.0,29790.0,27072.0,28395.0,0.1416396690121953,0.8583603309878046,0.1134456282364145,0.8865543717635855,0.2282122188328534,0.7717877811671465,0.1839110191412312,0.8160889808587688,baseline,female_P42,female,P42,1073122,CTRL,saline,CTRL_saline
1,active,5,yellow,24,18-24,199.0,1084.64,5.450452261306533,8519.32,13080.68,157.0,54.26318471337579,0.0829192366146102,0.0152132763740111,149.0,659.88,4.428724832214765,0.0504469186617209,0.0113908451242595,196.0,1054.44,5.379795918367347,0.0806104881397603,0.014983930499026,421,18602.68,44.186888361045135,1.4221493072225604,0.0321848711229079,17.0,27.68,1.628235294117647,0.0021160979398624,0.0012996266249155,41.0,318.48,7.767804878048781,0.0243473580884174,0.0031343936247962,183.0,1509.36,8.247868852459016,0.1153884966224997,0.0139900983740906,48.0,214.2,4.4624999999999995,0.0163752954739356,0.0036695339997614,135.0,740.2,5.482962962962963,0.0565872722213218,0.0103205643743291,174.0,715.8,4.113793103448276,0.054721925771443,0.0133020607491353,5.0,11.08,2.216,0.0008470507649449,0.0003822431249751,22.0,23.0,0.9565217391304348,17.2,19.0,0.9052631578947368,0.0016818697498906,0.0017583183748857,0.0013149163499145,0.0014525238749055,0.5612244897959183,0.4387755102040815,0.5476190476190477,0.4523809523809524,709.1985689088859,12930.0,0.0548490772551342,0.0161094109221401,2.0726550838501674,0.0497540026833182,0.9884807211857488,213140.0,133959.99999999997,26005.0,0.6285070845453691,0.1220090081636483,45920.0,24043.0,43203.0,27315.0,7198.0,1607.0,8881.0,5762.0,38722.0,22436.0,34322.0,21553.0,0.1567508710801393,0.8432491289198606,0.0668385808759306,0.9331614191240694,0.2055644283961762,0.7944355716038238,0.2109463664653121,0.7890536335346879,baseline,female_P42,female,P42,1073122,CTRL,saline,CTRL_saline
1,active,6,blue,18,12-18,227.0,1223.76,5.391013215859031,2858.68,18741.32,180.0,15.881555555555554,0.065297428356167,0.0121122738419705,255.0,1255.12,4.922039215686274,0.0669707363195335,0.0136062988092621,227.0,1077.44,4.746431718061674,0.0574900807413778,0.0121122738419705,626,15354.6,24.528115015974443,0.8192912772419446,0.0334021296258748,12.0,19.04,1.586666666666667,0.0010159369777582,0.0006402964145535,129.0,937.32,7.266046511627907,0.0500135529407747,0.0068831864564502,286.0,1822.84,6.373566433566434,0.0972631596920601,0.015260397880192,90.0,312.6,3.4733333333333336,0.0166797215991189,0.0048022231091513,86.0,325.64,3.7865116279069766,0.0173755103696004,0.0045887909709668,251.0,1274.64,5.078247011952191,0.0680122851538739,0.0133928666710775,3.0,7.0,2.3333333333333335,0.0003735062418228,0.0001600741036383,10.2,12.0,0.85,6.8,7.0,0.9714285714285714,0.0005442519523704,0.0006402964145535,0.0003628346349136,0.0003735062418228,0.6,0.3999999999999999,0.631578947368421,0.3684210526315789,872.2229895499805,16734.0,0.0521228032478774,0.018331595641839,2.036328536497681,0.0485598955343531,0.8928933500948706,71647.0,17737.999999999996,30496.0,0.2475749159071558,0.4256423855848814,69419.0,16132.0,58796.0,30821.0,10725.0,1772.0,15843.0,7127.0,58694.0,14360.0,42953.0,23694.0,0.1544966075570089,0.8455033924429911,0.1098437887428713,0.8901562112571287,0.2694571059255731,0.7305428940744269,0.2312384413224749,0.768761558677525,baseline,female_P42,female,P42,1073107,ELA,saline,ELA_saline
1,active,6,blue,24,18-24,80.0,502.56,6.282,13551.68,8048.32,122.0,111.07934426229508,0.0624428452149019,0.0099399626257405,139.0,810.6,5.831654676258993,0.1007166713053159,0.0172706850622241,84.0,341.4,4.064285714285714,0.0424187905053477,0.0104369607570275,291,19473.2,66.91821305841924,2.41953600254463,0.0361566140511311,12.0,22.2,1.85,0.0027583396286429,0.001490994393861,69.0,377.76,5.474782608695652,0.0469365035187467,0.0085732177647012,114.0,1236.56,10.847017543859648,0.1536420023060713,0.0141644467416802,27.0,90.68,3.358518518518519,0.0112669476362768,0.0033547373861874,44.0,266.6,6.0590909090909095,0.0331249254502803,0.0054669794441572,106.0,411.0,3.8773584905660377,0.0510665579897419,0.0131704504791062,6.0,13.52,2.2533333333333334,0.0016798536837501,0.0007454971969305,6.4,7.0,0.9142857142857144,1.0,1.0,1.0,0.0007951970100592,0.0008697467297522,0.0001242495328217,0.0001242495328217,0.8648648648648649,0.1351351351351351,0.875,0.125,362.3847782236185,7920.0,0.0457556538161134,0.0138053873627944,2.092590256569702,0.0446182829005149,0.9840562999483122,338914.0,180102.3333333333,29398.0,0.5314101315771356,0.086741769298406,40541.0,9003.0,29023.0,12644.0,12582.0,223.0,7425.0,4562.0,27959.0,8780.0,21598.0,8082.0,0.310352482671863,0.6896475173281369,0.0247695212706875,0.9752304787293125,0.2558315818488785,0.7441684181511216,0.3608035431825371,0.6391964568174628,baseline,female_P42,female,P42,1073107,ELA,saline,ELA_saline
1,active,6,green,18,12-18,298.0,1268.6,4.2570469798657715,1534.88,20065.12,153.0,10.031895424836602,0.0632241421930195,0.0148516430502284,279.0,1186.2,4.251612903225807,0.0591175133764462,0.0139047262114555,296.0,1237.6,4.18108108108108,0.0616791726139689,0.0147519675935155,814,14056.52,17.26845208845209,0.7005450253973065,0.0405679108821676,13.0,19.44,1.4953846153846155,0.0009688454392498,0.0006478904686341,112.0,613.24,5.475357142857143,0.0305624885373224,0.0055818255759247,183.0,1125.24,6.1488524590163935,0.0560794054558358,0.0091203042892342,102.0,454.08,4.451764705882352,0.0226303156921065,0.00508344829236,69.0,317.64,4.603478260869565,0.0158304560351495,0.0034388032565965,280.0,1270.4,4.537142857142857,0.0633138501040611,0.0139545639398119,9.0,20.96,2.328888888888889,0.0010445987863516,0.0004485395552082,14.0,14.0,1.0,9.8,10.0,0.98,0.0006977281969905,0.0006977281969905,0.0004884097378934,0.0004983772835647,0.5882352941176471,0.411764705882353,0.5833333333333334,0.4166666666666667,1233.3037286545512,18108.0,0.0681082244673377,0.025236983711624,1.976768501160487,0.0617937667855286,0.9024615850789828,38525.0,14424.999999999998,7686.0,0.3744321868916287,0.1995068137573004,43757.0,19464.0,61148.0,32013.0,9100.0,1158.0,17778.0,7510.0,34657.0,18306.0,43370.0,24503.0,0.2079667253239481,0.7920332746760518,0.0594944512946979,0.940505548705302,0.2907372277098188,0.7092627722901812,0.2345921969200012,0.7654078030799988,baseline,female_P42,female,P42,1073133,CTRL,saline,CTRL_saline
1,active,6,green,24,18-24,262.0,1253.0,4.782442748091603,6575.4,15024.6,252.0,26.09285714285714,0.0833965629700624,0.0174380682347616,217.0,832.88,3.8381566820276496,0.055434420883085,0.0144429801791728,210.0,791.04,3.766857142857143,0.0526496545665109,0.0139770775927478,670,16286.0,24.307462686567163,1.0839556460737725,0.0445935332721004,11.0,18.44,1.6763636363636365,0.0012273205276679,0.0007321326358106,91.0,1260.84,13.855384615384615,0.0839183738668583,0.006056733623524,76.0,333.96,4.394210526315789,0.0222275468232099,0.0050583709383278,67.0,300.76,4.4889552238805965,0.0200178374133088,0.00445935332721,49.0,187.76,3.8318367346938778,0.0124968385181635,0.0032613181049745,259.0,1325.72,5.118610038610039,0.0882366252678939,0.0172383956977224,13.0,27.28,2.0984615384615384,0.0018156889368102,0.0008652476605034,10.0,9.0,1.1111111111111112,2.8,3.0,0.9333333333333332,0.0006655751234641,0.0005990176111177,0.0001863610345699,0.0001996725370392,0.78125,0.2187499999999999,0.75,0.25,963.2638574272104,14805.0,0.0650634148887004,0.0250244529776778,1.9326301131997483,0.0584623588520863,0.9853839702887264,164637.0,105927.66666666664,14115.0,0.6434013415372403,0.0857340694983509,40037.0,12329.0,41025.0,31587.0,4111.0,320.0,7965.0,5742.0,35926.0,12009.0,33060.0,25845.0,0.1026800209805929,0.8973199790194071,0.0259550652932111,0.9740449347067888,0.1941499085923217,0.8058500914076783,0.1817836451704815,0.8182163548295185,baseline,female_P42,female,P42,1073133,CTRL,saline,CTRL_saline
1,active,6,red,18,12-18,220.0,1661.68,7.553090909090909,4577.08,17022.92,114.0,40.149824561403506,0.0976142753417157,0.0129237522117239,163.0,1105.04,6.779386503067484,0.0649148324729247,0.0095753255023227,163.0,905.2,5.553374233128834,0.0531753659184205,0.0095753255023227,497,14742.48,29.662937625754527,0.8660370841195283,0.0291959311328491,12.0,25.92,2.16,0.001522652987854,0.0007049319388213,107.0,792.04,7.402242990654205,0.0465278577353356,0.0062856431211566,184.0,1600.84,8.700217391304347,0.0940402704118917,0.01080895639526,48.0,412.04,8.584166666666667,0.0242050130059942,0.0028197277552852,45.0,130.16,2.892444444444444,0.0076461617630817,0.0026434947705799,244.0,1050.64,4.305901639344262,0.0617191410169348,0.0143336160893665,9.0,25.08,2.786666666666666,0.0014733077521365,0.0005286989541159,9.2,9.0,1.022222222222222,14.6,16.0,0.9125,0.000540447819763,0.0005286989541159,0.0008576671922325,0.0009399092517617,0.3865546218487395,0.6134453781512605,0.36,0.64,683.2037249412755,15078.0,0.0453112962555561,0.0170312760934763,2.0041051255180142,0.0400695235672177,0.8857469811289721,114541.0,24159.999999999996,55963.0,0.210928837708768,0.4885848735387328,60113.0,13648.0,50582.0,41762.0,12259.0,1380.0,16008.0,6313.0,47854.0,12268.0,34574.0,35449.0,0.2039325936153577,0.7960674063846422,0.1011137162954279,0.8988862837045721,0.3164762168360286,0.6835237831639713,0.1511661318902351,0.8488338681097649,baseline,female_P42,female,P42,1073097,ELA,saline,ELA_saline
1,active,6,red,24,18-24,226.0,2092.32,9.258053097345131,6946.6,14653.4,124.0,56.020967741935486,0.1427873394570543,0.0154230417514024,164.0,949.04,5.786829268292682,0.0647658563882784,0.0111919418019026,101.0,507.56,5.025346534653465,0.0346376950059371,0.0068925983048302,427,16426.24,38.46894613583139,1.1209848908785676,0.0291399948134903,17.0,47.96,2.8211764705882354,0.0032729605415807,0.0011601403087338,77.0,1141.0,14.818181818181818,0.0778658877803103,0.0052547531630884,70.0,1067.08,15.244,0.0728213247437454,0.0047770483300803,32.0,191.12,5.9725,0.0130427068120709,0.0021837935223224,44.0,256.4,5.827272727272727,0.0174976455976087,0.0030027160931933,238.0,1208.2,5.076470588235295,0.0824518541771875,0.0162419643222733,17.0,45.72,2.6894117647058824,0.0031200949950182,0.0011601403087338,1.6,2.0,0.8,10.0,9.0,1.1111111111111112,0.0001091896761161,0.0001364870951451,0.0006824354757257,0.0006141919281531,0.1379310344827586,0.8620689655172414,0.1818181818181818,0.8181818181818182,520.051378392478,14526.0,0.0358014166592646,0.0109602117768539,1.9887966101566648,0.0312604976695048,0.9913057720392536,173789.0,102317.66666666666,13871.0,0.5887465067792936,0.0798151781758339,55349.0,11264.0,36680.0,52534.0,14047.0,307.0,6207.0,6382.0,41302.0,10957.0,30473.0,46152.0,0.2537895896944841,0.7462104103055159,0.027254971590909,0.9727450284090908,0.1692202835332606,0.8307797164667393,0.1214832299082498,0.8785167700917501,baseline,female_P42,female,P42,1073097,ELA,saline,ELA_saline
1,active,6,yellow,18,12-18,219.0,1322.64,6.039452054794521,1405.2,20194.8,132.0,10.645454545454546,0.0654940875869035,0.0108443757799037,192.0,1107.92,5.770416666666667,0.0548616475528353,0.0095073979440251,144.0,609.32,4.2313888888888895,0.0301721235169449,0.0071305484580188,515,15492.56,30.082640776699023,0.767155901519203,0.0255016142769425,38.0,99.92,2.6294736842105264,0.0049478083467031,0.0018816725097549,133.0,891.52,6.703157894736842,0.0441460177867569,0.0065858537841424,229.0,1732.52,7.565589519650655,0.0857904014894923,0.011339552756155,74.0,336.92,4.552972972972973,0.0166835026838592,0.0036643096242597,76.0,276.0,3.631578947368421,0.0136668845445362,0.0037633450195099,266.0,1220.64,4.588872180451128,0.0604432824291401,0.0131717075682849,13.0,31.36,2.4123076923076923,0.0015528749975241,0.0006437300691267,6.6,8.0,0.825,8.8,10.0,0.8800000000000001,0.0003268168043258,0.000396141581001,0.0004357557391011,0.0004951769762513,0.4285714285714285,0.5714285714285715,0.4444444444444444,0.5555555555555556,867.4041380151788,18234.0,0.0475706996827453,0.0148479039412682,2.0569597511956332,0.0444244854827498,0.9029056984966428,35262.0,7086.999999999999,19244.0,0.2009812262492201,0.5457432930633543,65963.0,15473.0,43267.0,33285.0,9823.0,1480.0,15795.0,5716.0,56140.0,13993.0,27472.0,27569.0,0.1489168170034716,0.8510831829965284,0.0956504879467459,0.904349512053254,0.3650588208103173,0.6349411791896826,0.1717290070602373,0.8282709929397627,baseline,female_P42,female,P42,1073142,CTRL,saline,CTRL_saline
1,active,6,yellow,24,18-24,109.0,657.96,6.036330275229358,12823.8,8776.2,263.0,48.75969581749049,0.0749709441443905,0.0124199539664091,88.0,419.6,4.7681818181818185,0.0478111255440851,0.0100271187985688,28.0,132.44,4.7299999999999995,0.0150908137918461,0.0031904468904537,255,19654.64,77.07701960784314,2.2395387525352657,0.0290558556094892,24.0,64.48,2.686666666666667,0.0073471434105877,0.002734668763246,77.0,927.6,12.046753246753248,0.1056949476994598,0.0087737289487477,70.0,488.88,6.984,0.055705202707322,0.0079761172261343,29.0,131.8,4.544827586206897,0.0150178892914929,0.0033043914222556,23.0,113.12,4.918260869565217,0.012889405437433,0.0026207242314441,111.0,467.64,4.212972972972973,0.0532850208518493,0.0126478430300129,5.0,11.24,2.248,0.0012807365374535,0.0005697226590095,3.8,4.0,0.95,8.0,9.0,0.8888888888888888,0.0004329892208472,0.0004557781272076,0.0009115562544153,0.0010255007862172,0.3220338983050847,0.6779661016949152,0.3076923076923077,0.6923076923076923,447.05678213986965,8529.0,0.0524160841997736,0.0156477751247217,2.0114380562973686,0.0470341498843429,0.9718329117385656,320858.0,167625.0,42295.0,0.5224273666232414,0.1318184368162863,35559.0,6175.0,13917.0,16558.0,12208.0,192.0,3751.0,2989.0,23351.0,5983.0,10166.0,13569.0,0.3433167411906971,0.6566832588093029,0.0310931174089068,0.9689068825910933,0.2695264784077028,0.7304735215922972,0.180516970648629,0.819483029351371,baseline,female_P42,female,P42,1073142,CTRL,saline,CTRL_saline
1,active,7,blue,18,12-18,330.0,2540.4,7.698181818181818,2374.8,19225.2,172.0,13.806976744186048,0.1321390674739404,0.0171649709755945,170.0,872.84,5.134352941176471,0.0454008280798119,0.0088425608056093,213.0,961.56,4.514366197183098,0.0500156045190687,0.0110792085387928,616,14192.92,23.040454545454544,0.7382456359361671,0.0320412791544431,48.0,95.44,1.9883333333333333,0.0049643176663961,0.0024967230509955,96.0,651.48,6.78625,0.0338867736096373,0.0049934461019911,193.0,1527.96,7.916891191709845,0.0794769365208164,0.0100389072675446,69.0,396.0,5.739130434782608,0.0205979651707134,0.0035890393858061,103.0,639.8,6.211650485436893,0.0332792376672284,0.0053575515469279,258.0,1150.72,4.46015503875969,0.0598547739425337,0.0134198863991011,13.0,30.24,2.3261538461538462,0.0015729355221272,0.0006761958263112,22.2,23.0,0.9652173913043478,9.0,10.0,0.9,0.0011547344110854,0.0011963464619353,0.0004681355720616,0.000520150635624,0.7115384615384616,0.2884615384615385,0.696969696969697,0.303030303030303,803.5742392130976,17223.0,0.0466570422814316,0.0171987460543828,2.0494905216703185,0.0435959105467572,0.8958554397353473,59542.0,11815.333333333332,36247.0,0.1984369576657373,0.608763561855497,54775.0,26067.0,46243.0,63840.0,11547.0,1915.0,9253.0,13606.0,43228.0,24152.0,36990.0,50234.0,0.2108078502966681,0.7891921497033318,0.073464533701615,0.9265354662983848,0.200095149536146,0.799904850463854,0.2131265664160401,0.7868734335839599,baseline,female_P42,female,P42,1073123,CTRL,MDMA,CTRL_MDMA
1,active,7,blue,24,18-24,232.0,1446.36,6.234310344827586,9190.48,12409.52,149.0,61.681073825503354,0.116552453277806,0.0186953242349422,161.0,770.76,4.787329192546584,0.0621103797729485,0.0129739103526969,171.0,1023.68,5.986432748538012,0.0824915065208001,0.0137797432938582,483,16896.08,34.981532091097314,1.361541784049665,0.0389217310580908,15.0,24.96,1.664,0.0020113590211386,0.0012087494117419,56.0,301.48,5.383571428571429,0.0242942515101309,0.0045126644705032,98.0,999.24,10.196326530612245,0.0805220508126019,0.0078971628233807,56.0,229.32,4.095,0.0184793610067109,0.0045126644705032,67.0,365.4,5.4537313432835814,0.0294451356700339,0.0053990807057807,164.0,792.12,4.83,0.063831638935269,0.0132156602350453,14.0,32.76,2.34,0.0026399087152444,0.0011281661176258,36.6,30.0,1.22,3.4,4.0,0.85,0.0029493485646503,0.0024174988234839,0.0002739831999948,0.0003223331764645,0.915,0.0849999999999999,0.8823529411764706,0.1176470588235294,589.6898690493546,12248.0,0.0481458090340753,0.0151028894694351,2.0219671464325537,0.0453501450028657,0.9869841863343626,229911.0,120027.66666666666,30990.0,0.5220614353670188,0.1347912888030585,32672.0,14991.0,45193.0,36391.0,4705.0,1035.0,8637.0,7636.0,27967.0,13956.0,36556.0,28755.0,0.1440071008814887,0.8559928991185113,0.0690414248549129,0.9309585751450872,0.1911136680459363,0.8088863319540637,0.2098321013437388,0.7901678986562611,baseline,female_P42,female,P42,1073123,CTRL,MDMA,CTRL_MDMA
1,active,7,green,18,12-18,134.0,1376.72,10.274029850746269,4698.12,16901.88,287.0,16.369756097560977,0.0814536607761976,0.0079281121390046,87.0,900.24,10.347586206896551,0.0532627139702802,0.0051473563887567,83.0,577.88,6.962409638554217,0.0341902794245373,0.0049106963249058,398,15368.28,38.613768844221106,0.9092645315195704,0.023547676353163,4.0,11.6,2.9,0.0006863141851675,0.0002366600638508,81.0,776.12,9.58172839506173,0.0459191521889872,0.0047923662929804,148.0,1465.64,9.902972972972972,0.0867146139956028,0.0087564223624827,53.0,319.52,6.028679245283018,0.0189044059004087,0.0031357458460242,55.0,223.64,4.066181818181818,0.0132316641699029,0.0032540758779496,228.0,1026.8,4.503508771929824,0.0607506383905222,0.0134896236395004,17.0,42.6,2.5058823529411764,0.0025204296800119,0.0010058052713662,3.2,4.0,0.8,18.8,21.0,0.8952380952380953,0.0001893280510807,0.0002366600638508,0.0011123023000991,0.0012424653352171,0.1454545454545454,0.8545454545454546,0.16,0.84,686.4409292716879,14876.0,0.0461441872325684,0.0121545203772615,2.0142400819894704,0.0419825359156981,0.8801387774614421,117740.0,38869.99999999999,45550.0,0.3301341939867504,0.3868693731951758,56273.0,13687.0,37123.0,34552.0,15687.0,2002.0,7765.0,9460.0,40586.0,11685.0,29358.0,25092.0,0.2787660156735912,0.7212339843264087,0.1462701833856944,0.8537298166143056,0.2091695175497669,0.790830482450233,0.2737902292197268,0.7262097707802732,baseline,female_P42,female,P42,1073143,CTRL,MDMA,CTRL_MDMA
1,active,7,green,24,18-24,211.0,2054.36,9.736303317535546,5811.88,15788.12,211.0,27.544454976303317,0.1301206223413554,0.013364479114676,120.0,1041.0,8.675,0.0659356528833071,0.0076006516291996,150.0,1298.32,8.655466666666666,0.0822339835268543,0.0095008145364995,457,15586.76,34.10669584245077,0.9872461065662028,0.0289458149545354,4.0,9.48,2.37,0.0006004514787067,0.0002533550543066,57.0,552.52,9.693333333333332,0.0349959336513783,0.0036103095238698,144.0,2355.64,16.35861111111111,0.1492033250317327,0.0091207819550396,44.0,350.2,7.959090909090909,0.0221812350045477,0.0027869055973732,69.0,247.52,3.5872463768115943,0.0156776107604958,0.0043703746867898,175.0,818.16,4.6752,0.0518212428078833,0.0110842836259161,19.0,45.6,2.4,0.0028882476190958,0.0012034365079566,0.0,0.0,0.0,8.0,9.0,0.8888888888888888,0.0,0.0,0.0005067101086133,0.0005700488721899,0.0,1.0,0.0,1.0,564.8807728238351,15627.0,0.036147742549679,0.0111602956037709,2.0110739608855557,0.0339140878646689,0.989794858412528,145508.0,89435.0,15058.0,0.6146397448937515,0.1034857189982681,72905.0,15056.0,58753.0,51570.0,7344.0,1326.0,10534.0,8564.0,65561.0,13730.0,48219.0,43006.0,0.1007338316987861,0.8992661683012139,0.0880712008501594,0.9119287991498406,0.1792929722737562,0.8207070277262438,0.1660655419817723,0.8339344580182276,baseline,female_P42,female,P42,1073143,CTRL,MDMA,CTRL_MDMA
1,active,7,red,18,12-18,359.0,1975.44,5.5026183844011145,2735.32,18864.68,120.0,22.794333333333334,0.1047163270195943,0.0190302724456497,193.0,857.68,4.443937823834196,0.0454648581370052,0.010230759281366,317.0,1687.44,5.323154574132492,0.0894497017707165,0.016803889596855,752,13297.28,17.68255319148936,0.7048770506576311,0.0398628548165142,65.0,149.0,2.292307692307692,0.0078983582016763,0.003445592504087,97.0,846.68,8.728659793814433,0.0448817578670828,0.0051418841984067,189.0,1367.96,7.237883597883598,0.0725143495675516,0.010018722819576,68.0,399.64,5.877058823529412,0.0211845628974358,0.0036046198504294,65.0,292.0,4.492307692307692,0.0154786617106677,0.003445592504087,290.0,1357.52,4.681103448275862,0.0719609344022798,0.0153726434797727,13.0,37.92,2.916923076923077,0.0020101056577689,0.0006891185008174,21.2,23.0,0.9217391304347826,14.4,15.0,0.96,0.0011237932474868,0.0012192096552923,0.0007633312624438,0.0007951367317123,0.5955056179775281,0.4044943820224719,0.6052631578947368,0.3947368421052631,885.0072138847307,16908.0,0.0523425132413491,0.0218357603673436,1.955730362599278,0.0461082248107264,0.8962781239862007,68503.0,32720.33333333333,14535.0,0.4776481808582591,0.2121804884457615,55652.0,17424.0,64138.0,49745.0,18835.0,1758.0,12887.0,12147.0,36817.0,15666.0,51251.0,37598.0,0.3384424638826996,0.6615575361173004,0.1008953168044077,0.8991046831955923,0.2009261280364214,0.7990738719635785,0.2441853452608302,0.7558146547391698,baseline,female_P42,female,P42,1073098,ELA,MDMA,ELA_MDMA
1,active,7,red,24,18-24,204.0,1035.6,5.076470588235294,9741.4,11858.6,218.0,44.68532110091743,0.0873290270352318,0.0172027052097212,140.0,743.04,5.307428571428571,0.0626583239168198,0.0118057780851027,190.0,1093.0,5.752631578947368,0.0921693960501239,0.0160221274012109,499,16844.16,33.75583166332665,1.420417249928322,0.0420791661747592,12.0,23.36,1.9466666666666663,0.0019698784004857,0.0010119238358659,38.0,365.6,9.621052631578948,0.0308299461993827,0.0032044254802421,76.0,727.12,9.567368421052633,0.061315838294571,0.0064088509604843,40.0,172.48,4.311999999999999,0.0145447186008466,0.0033730794528865,58.0,634.76,10.944137931034485,0.053527397837856,0.0048909652066854,211.0,989.68,4.69042654028436,0.083456731823318,0.0177929941139763,16.0,39.92,2.495,0.0033663332939807,0.0013492317811546,6.4,8.0,0.8,24.6,21.0,1.1714285714285717,0.0005396927124618,0.0006746158905773,0.0020744438635252,0.0017708667127654,0.2064516129032258,0.7935483870967742,0.2758620689655172,0.7241379310344828,650.8295855781676,11637.0,0.0559276089695082,0.0195451358127745,1.9130662471124005,0.0470800210670306,0.9813131398310088,243753.0,120580.66666666666,42867.0,0.4946838261135931,0.1758624509236809,27432.0,20279.0,46231.0,26094.0,6662.0,1253.0,9286.0,5659.0,20770.0,19026.0,36945.0,20435.0,0.2428550597841936,0.7571449402158064,0.0617880566102865,0.9382119433897136,0.200860894205187,0.799139105794813,0.2168697784931401,0.7831302215068598,baseline,female_P42,female,P42,1073098,ELA,MDMA,ELA_MDMA
1,active,7,yellow,18,12-18,185.0,1254.48,6.780972972972973,4408.92,17191.08,160.0,27.55575,0.0729727277169322,0.0107613948629172,129.0,796.6,6.175193798449612,0.0463379845827021,0.0075038915530612,112.0,699.16,6.2425,0.0406699288235526,0.006515006619712,461,16084.36,34.89015184381779,0.9356224274449306,0.0268162326043506,12.0,26.08,2.1733333333333333,0.0015170658271615,0.0006980364235405,79.0,953.12,12.064810126582278,0.0554427063337498,0.0045954064549754,153.0,1406.6,9.19346405228758,0.0818215027793483,0.0088999644001423,43.0,359.64,8.363720930232558,0.0209201516135111,0.0025012971843537,44.0,230.12,5.23,0.0133860118154298,0.0025594668863154,225.0,1035.72,4.6032,0.0602475237157874,0.0130881829413858,15.0,39.36,2.624,0.0022895594692131,0.0008725455294257,7.8,9.0,0.8666666666666667,12.2,13.0,0.9384615384615383,0.0004537236753013,0.0005235273176554,0.0007096703639329,0.0007562061255022,0.39,0.61,0.4090909090909091,0.5909090909090909,650.9749134578784,15212.0,0.0427935125859767,0.0137300697220099,2.0360254967817424,0.0374901381803778,0.8848775062416089,110383.0,40628.99999999999,34946.0,0.3680729822527019,0.316588605129413,59225.0,14831.0,37635.0,31547.0,12106.0,1298.0,10631.0,10515.0,47119.0,13533.0,27004.0,21032.0,0.2044069227522161,0.7955930772477838,0.087519385071809,0.912480614928191,0.2824764182277136,0.7175235817722865,0.3333122008431863,0.6666877991568136,baseline,female_P42,female,P42,1073154,ELA,MDMA,ELA_MDMA
1,active,7,yellow,24,18-24,61.0,519.12,8.51016393442623,13807.72,7792.280000000001,273.0,50.577728937728935,0.0666197826566807,0.00782826079145,56.0,296.64,5.297142857142857,0.0380684472323889,0.0071866000708393,49.0,318.8,6.506122448979592,0.0409122875461354,0.0062882750619844,220,19870.08,90.31854545454546,2.549969970278275,0.0282330717068688,,,,,,55.0,918.08,16.692363636363638,0.1178191748756461,0.0070582679267172,46.0,548.72,11.928695652173914,0.0704184141226958,0.005903278629618,19.0,225.32,11.858947368421052,0.0289157987135985,0.0024383107383204,11.0,42.88,3.8981818181818184,0.0055028823399569,0.0014116535853434,96.0,413.16,4.30375,0.0530217086654997,0.0123198858357245,3.0,7.0,2.3333333333333335,0.0008983250088549,0.0003849964323663,4.6,5.0,0.92,11.6,9.0,1.2888888888888888,0.0005903278629618,0.0006416607206106,0.0014886528718167,0.0011549892970991,0.2839506172839506,0.7160493827160493,0.3571428571428571,0.6428571428571429,325.17376315038246,7552.0,0.0430579665188536,0.0115790125237625,2.0069278467181673,0.0370408569437408,0.9691643524103344,345466.0,152216.66666666666,64336.0,0.4406125831968027,0.18622961449173,36771.0,6735.0,15491.0,13039.0,5117.0,388.0,3836.0,1512.0,31654.0,6347.0,11655.0,11527.0,0.1391585760517799,0.86084142394822,0.0576095025983667,0.9423904974016332,0.2476276547672842,0.7523723452327158,0.115959812869085,0.8840401871309149,baseline,female_P42,female,P42,1073154,ELA,MDMA,ELA_MDMA
1,active,8,blue,18,12-18,126.0,1040.52,8.258095238095239,4890.16,16709.84,204.0,23.971372549019605,0.0622698960612429,0.0075404671738329,109.0,770.96,7.07302752293578,0.0461380839074461,0.0065231025551411,105.0,602.56,5.738666666666666,0.0360601896846409,0.0062837226448607,433,15695.0,36.24711316397229,0.9392669229627572,0.0259128752878543,45.0,159.08,3.5351111111111115,0.0095201390318518,0.0026930239906546,65.0,327.16,5.033230769230769,0.0195788828618347,0.0038899235420566,197.0,1874.4,9.51472081218274,0.1121734259573999,0.0117894605813101,77.0,313.88,4.076363636363636,0.0187841415597037,0.0046080632728978,45.0,178.4,3.9644444444444447,0.0106763439985062,0.0026930239906546,228.0,1061.4,4.655263157894737,0.0635194591929067,0.0136446548859833,16.0,36.12,2.2575,0.002161600589832,0.0009575196411216,15.0,15.0,1.0,7.2,8.0,0.9,0.0008976746635515,0.0008976746635515,0.0004308838385047,0.0004787598205608,0.6756756756756757,0.3243243243243243,0.6521739130434783,0.3478260869565217,681.6835265737209,14673.0,0.0464583607015416,0.0137534111096208,2.0381327024278755,0.0431324847582918,0.8781053558861126,122458.0,48713.66666666666,27264.0,0.3977989732534147,0.2226395988828823,55301.0,12429.0,34552.0,26139.0,11730.0,1332.0,6685.0,7156.0,43571.0,11097.0,27867.0,18983.0,0.2121118967107285,0.7878881032892714,0.1071687183200579,0.8928312816799421,0.1934764991896272,0.8065235008103727,0.2737671678335054,0.7262328321664945,baseline,female_P42,female,P42,1073155,ELA,MDMA,ELA_MDMA
1,active,8,blue,24,18-24,63.0,695.12,11.033650793650796,12101.16,9498.84,154.0,78.57896103896104,0.0731794619132441,0.0066323887969478,48.0,373.2,7.775,0.0392890079209671,0.0050532486071983,48.0,248.24,5.171666666666667,0.0261337173802274,0.0050532486071983,240,19013.6,79.22333333333333,2.001675994121387,0.0252662430359917,19.0,63.32,3.3326315789473684,0.0066660771209958,0.0020002442403493,28.0,244.12,8.718571428571428,0.0256999802081096,0.002947728354199,78.0,1996.48,25.59589743589743,0.2101814537354034,0.0082115289866973,30.0,222.36,7.412000000000001,0.0234091741728463,0.0031582803794989,10.0,31.76,3.176,0.0033435661617629,0.0010527601264996,156.0,645.56,4.1382051282051275,0.0679619827263118,0.0164230579733946,12.0,28.32,2.36,0.002981416678247,0.0012633121517995,8.2,10.0,0.82,8.4,9.0,0.9333333333333332,0.0008632633037297,0.0010527601264996,0.0008843185062597,0.0009474841138496,0.4939759036144577,0.5060240963855421,0.5263157894736842,0.4736842105263157,327.4084399491735,9334.0,0.0350769702109678,0.0080562360936018,2.049560766952021,0.0322615345817557,0.9826463020747797,302683.0,118253.66666666666,67345.0,0.3906848639225416,0.2224934998001209,56121.0,6393.0,15632.0,17441.0,4119.0,741.0,2779.0,4941.0,52002.0,5652.0,12853.0,12500.0,0.0733949858341797,0.9266050141658204,0.1159080244016893,0.8840919755983107,0.1777763561924258,0.8222236438075742,0.2832979760334843,0.7167020239665157,baseline,female_P42,female,P42,1073155,ELA,MDMA,ELA_MDMA
1,active,8,green,18,12-18,201.0,1279.64,6.36636815920398,3482.48,18117.52,258.0,13.497984496124031,0.0706299758465838,0.0110942336478723,165.0,1044.16,6.328242424242425,0.057632611968967,0.0091072067258653,148.0,661.24,4.467837837837838,0.036497268941886,0.0081688884571398,495,15233.8,30.775353535353535,0.8408325201241671,0.027321620177596,46.0,117.68,2.558260869565218,0.0064953702272717,0.0025389788447867,97.0,800.24,8.249896907216495,0.0441694006685241,0.0053539336509632,147.0,1184.04,8.05469387755102,0.0653533154648097,0.0081136932648618,74.0,437.12,5.907027027027027,0.024126922448547,0.0040844442285699,85.0,411.92,4.846117647058824,0.0227360036031421,0.0046915913436276,236.0,1045.28,4.429152542372881,0.0576944305843183,0.0130260653776013,18.0,45.04,2.502222222222222,0.0024859914601998,0.0009935134610034,21.4,19.0,1.1263157894736842,9.4,9.0,1.0444444444444445,0.0011811771147485,0.0010487086532814,0.0005188348074129,0.0004967567305017,0.6948051948051949,0.3051948051948052,0.6785714285714286,0.3214285714285714,803.1522669352515,16088.0,0.0499224432456024,0.0160680725696499,2.026927944777809,0.0446738668802582,0.8879802533680106,87320.0,33177.33333333333,24591.0,0.3799511375782561,0.2816193311956024,49851.0,21385.0,42948.0,32192.0,9645.0,1982.0,6955.0,5508.0,40206.0,19403.0,35993.0,26684.0,0.1934765601492447,0.8065234398507553,0.0926817862988075,0.9073182137011924,0.1619400204898947,0.8380599795101052,0.1710984095427435,0.8289015904572564,baseline,female_P42,female,P42,1073134,CTRL,MDMA,CTRL_MDMA
1,active,8,green,24,18-24,159.0,1329.44,8.36125786163522,7046.88,14553.12,293.0,24.050784982935156,0.0913508580977824,0.010925492265576,115.0,682.08,5.9311304347826095,0.0468683004056862,0.0079020856008883,81.0,438.8,5.417283950617284,0.0301516101014765,0.0055658168145387,379,17088.36,45.08802110817942,1.1742059434677925,0.0260425255890145,22.0,42.52,1.9327272727272728,0.0029217102586936,0.0015117033323438,67.0,539.28,8.048955223880597,0.0370559715030179,0.0046038237848653,142.0,1325.68,9.335774647887323,0.0910924942555273,0.0097573578724012,63.0,389.24,6.178412698412698,0.0267461547764328,0.0043289686335301,61.0,303.0,4.967213114754099,0.0208202777136449,0.0041915410578625,226.0,1021.4,4.5194690265486726,0.0701842628934551,0.0155293160504414,31.0,76.4,2.4645161290322584,0.0052497333905032,0.0021301274228481,21.6,21.0,1.0285714285714287,11.2,13.0,0.8615384615384615,0.0014842178172103,0.00144298954451,0.0007695944237386,0.0008932792418395,0.6585365853658538,0.3414634146341463,0.6176470588235294,0.3823529411764705,597.8421839436227,14364.0,0.0416208705056824,0.0105979852858263,2.016618972267963,0.0362743312973326,0.9870048484448696,176465.0,98610.0,20818.0,0.5588076955770266,0.1179724024594112,46833.0,17430.0,28218.0,33395.0,8933.0,882.0,2904.0,8211.0,37900.0,16548.0,25314.0,25184.0,0.1907415711143851,0.8092584288856148,0.0506024096385542,0.9493975903614458,0.102913034233468,0.897086965766532,0.2458751310076358,0.7541248689923641,baseline,female_P42,female,P42,1073134,CTRL,MDMA,CTRL_MDMA
1,active,8,red,18,12-18,153.0,1762.8,11.52156862745098,6964.32,14635.68,127.0,54.83716535433071,0.1204453773244563,0.0104539044308156,66.0,577.56,8.75090909090909,0.0394624643337378,0.0045095274015283,64.0,402.32,6.28625,0.0274889858209526,0.0043728750560274,327,15692.44,47.9891131498471,1.0722043663157437,0.0223426584893903,38.0,101.0,2.6578947368421053,0.0069009434477933,0.0025963945645163,49.0,326.04,6.6538775510204085,0.0222770653635499,0.003347982464771,153.0,1908.92,12.476601307189544,0.1304291976867491,0.0104539044308156,37.0,208.0,5.621621621621622,0.0142118439320892,0.0025280683917658,47.0,265.28,5.644255319148936,0.0181255671072338,0.0032113301192701,230.0,1104.92,4.804,0.0754949547954041,0.0157150197325986,15.0,37.6,2.506666666666667,0.0025690640954161,0.0010248925912564,7.2,8.0,0.9,26.0,25.0,1.04,0.000491948443803,0.0005466093820034,0.0017764804915111,0.0017081543187607,0.216867469879518,0.7831325301204819,0.2424242424242424,0.7575757575757576,510.1774461779581,12688.0,0.0402094456319323,0.0121831616603547,2.028431145070241,0.0359344278456006,0.8669224798574443,174235.0,61326.33333333333,48429.0,0.3519748232750787,0.2779521910063994,56076.0,11916.0,24627.0,44223.0,6692.0,1115.0,5414.0,8458.0,49384.0,10801.0,19213.0,35765.0,0.1193380412297596,0.8806619587702403,0.0935716683450822,0.9064283316549178,0.2198400129938685,0.7801599870061314,0.1912579426995002,0.8087420573004998,baseline,female_P42,female,P42,1073099,ELA,MDMA,ELA_MDMA
1,active,8,red,24,18-24,116.0,1209.12,10.423448275862068,12234.4,9365.6,194.0,63.06391752577319,0.1291022465191765,0.0123857521141197,50.0,348.44,6.9688,0.0372042367814128,0.0053386862560861,43.0,227.68,5.294883720930232,0.0243102417357136,0.004591270180234,249,18788.36,75.45526104417671,2.0061031861279575,0.0265866575553087,24.0,55.84,2.3266666666666667,0.0059622448107969,0.0025625694029213,19.0,87.0,4.578947368421052,0.0092893140855898,0.0020287007773127,74.0,1319.24,17.827567567567566,0.1408601691295805,0.0079012556590074,32.0,195.08,6.09625,0.0208294182967455,0.0034167592038951,33.0,123.04,3.728484848484849,0.0131374391389766,0.0035235329290168,161.0,664.44,4.126956521739131,0.070944733919877,0.0171905697445972,8.0,18.68,2.335,0.0019945331852737,0.0008541898009737,5.2,6.0,0.8666666666666667,16.6,17.0,0.9764705882352942,0.0005552233706329,0.0006406423507303,0.0017724438370205,0.0018151533270692,0.2385321100917431,0.7614678899082569,0.2608695652173913,0.7391304347826086,391.1465128893333,9190.0,0.0425621885624954,0.0110918365537254,1.9504231263874736,0.0377737190293972,0.9812505338686256,306054.0,137662.3333333333,32351.0,0.4497975302833268,0.1057035686512837,35249.0,8018.0,14496.0,30344.0,2862.0,498.0,1694.0,8636.0,32387.0,7520.0,12802.0,21708.0,0.0811937927317087,0.9188062072682912,0.0621102519331504,0.9378897480668495,0.1168598233995585,0.8831401766004415,0.2846032164513578,0.7153967835486422,baseline,female_P42,female,P42,1073099,ELA,MDMA,ELA_MDMA
1,active,8,yellow,18,12-18,166.0,1424.56,8.581686746987952,3464.76,18135.24,139.0,24.9263309352518,0.078552034602244,0.0091534493064332,97.0,825.64,8.511752577319587,0.04552683063472,0.0053487023055664,63.0,299.2,4.749206349206349,0.0164982652559326,0.003473899435574,357,16402.2,45.944537815126054,0.9044379892408372,0.0196854301349196,31.0,108.08,3.4864516129032257,0.0059596674761403,0.0017093790873459,87.0,388.72,4.468045977011495,0.0214345109301007,0.0047972896967451,196.0,1666.76,8.503877551020409,0.0919072479878953,0.010807687132897,54.0,253.88,4.701481481481482,0.0139992633127546,0.0029776280876349,100.0,639.52,6.3952,0.0352639391593383,0.0055141260882127,221.0,1057.56,4.785339366515837,0.0583151918585031,0.0121862186549502,22.0,53.0,2.409090909090909,0.0029224868267527,0.0012131077394068,13.0,14.0,0.9285714285714286,14.0,14.0,1.0,0.0007168363914676,0.0007719776523497,0.0007719776523497,0.0007719776523497,0.4814814814814814,0.5185185185185185,0.5,0.5,639.8004283815511,16177.0,0.0395500048452464,0.011476182058345,2.0726306158355614,0.0368561494117377,0.8920201772901819,86758.0,36663.33333333333,18421.0,0.4225931134112511,0.2123262408077641,51670.0,22489.0,28281.0,35780.0,6373.0,1998.0,6924.0,8369.0,45297.0,20491.0,21357.0,27411.0,0.1233404296497,0.8766595703503,0.088843434568011,0.911156565431989,0.2448286835684735,0.7551713164315265,0.2339016210173281,0.7660983789826719,baseline,female_P42,female,P42,1073144,CTRL,MDMA,CTRL_MDMA
1,active,8,yellow,24,18-24,170.0,1453.32,8.548941176470588,6067.12,15532.88,207.0,29.30975845410628,0.0935641040167696,0.0109445254196259,69.0,457.88,6.635942028985507,0.0294781135243432,0.0044421897291423,54.0,250.16,4.632592592592593,0.016105191052786,0.0034764963097635,420,17017.88,40.51876190476191,1.0956036485184977,0.0270394157426053,26.0,72.44,2.786153846153846,0.0046636554199865,0.0016738685935898,57.0,335.72,5.889824561403509,0.0216135063169225,0.0036696349936392,131.0,1191.8,9.09770992366412,0.0767275611477073,0.0084337225292411,39.0,284.96,7.306666666666666,0.0183455997857448,0.0025108028903847,62.0,356.04,5.742580645161291,0.0229216990023743,0.0039915328000988,187.0,1006.52,5.382459893048129,0.0647993160315408,0.0120389779615885,31.0,76.84,2.478709677419355,0.0049469254896709,0.0019957664000494,15.0,16.0,0.9375,13.8,14.0,0.9857142857142858,0.0009656934193787,0.0010300729806706,0.0008884379458284,0.0009013138580868,0.5208333333333334,0.4791666666666667,0.5333333333333333,0.4666666666666667,615.9039146223805,15336.0,0.040160662142826,0.0100744501247698,2.04065222390394,0.0349270787485617,0.9873249519728472,151885.0,84060.0,18599.0,0.5534450406557593,0.1224544885933436,38376.0,16126.0,17824.0,36503.0,7368.0,1863.0,2609.0,5258.0,31008.0,14263.0,15215.0,31245.0,0.1919949968730456,0.8080050031269543,0.1155277192112117,0.8844722807887883,0.1463756732495511,0.8536243267504489,0.1440429553735309,0.855957044626469,baseline,female_P42,female,P42,1073144,CTRL,MDMA,CTRL_MDMA
2,active,1,blue,18,12-18,145.0,760.84,5.247172413793104,11466.88,10133.12,129.0,88.8905426356589,0.0750844754626413,0.0143095117791953,116.0,566.44,4.883103448275863,0.0558998610497063,0.0114476094233562,134.0,569.48,4.249850746268657,0.0561998673656287,0.0132239626097391,369,18859.64,51.11013550135501,1.8611878671129916,0.0364152403208488,21.0,63.24,3.0114285714285716,0.0062409208614918,0.00207241205078,85.0,1042.32,12.262588235294118,0.1028626918461441,0.0083883344912524,112.0,1366.32,12.199285714285711,0.1348370492010357,0.0110528642708267,31.0,155.6,5.019354838709678,0.0153555864333985,0.0030592749321038,18.0,37.4,2.0777777777777775,0.003690867176151,0.0017763531863828,148.0,674.28,4.555945945945946,0.0665421903619023,0.0146055706435924,7.0,15.96,2.28,0.0015750331585928,0.0006908040169266,5.2,6.0,0.8666666666666667,7.4,8.0,0.925,0.0005131686982883,0.0005921177287942,0.0007302785321796,0.000789490305059,0.4126984126984127,0.5873015873015872,0.4285714285714285,0.5714285714285714,431.33694183319994,10000.0,0.0431336941833199,0.0116894044100723,1.9629754771206265,0.0414277802213579,0.9868628813238172,286801.0,199476.66666666663,34974.0,0.6955229119377779,0.1219451815021565,60413.0,4874.0,28648.0,19166.0,12497.0,4.0,5101.0,3962.0,47916.0,4870.0,23547.0,15204.0,0.2068594507804611,0.7931405492195388,0.0008206811653672,0.9991793188346328,0.1780578050823792,0.8219421949176208,0.2067202337472607,0.7932797662527392,baseline,female_P42,female,P42,1072271,ELA,MDMA,ELA_MDMA
2,active,1,blue,24,18-24,159.0,854.36,5.373333333333333,10206.64,11393.36,97.0,105.22309278350517,0.0749875366002654,0.0139554968859054,106.0,562.64,5.3079245283018865,0.0493831494835588,0.0093036645906036,141.0,697.36,4.94581560283688,0.061207580555692,0.0123756293139161,369,16666.6,45.166937669376686,1.4628344930731585,0.0323872852257806,20.0,69.56,3.478,0.0061053104615319,0.0017554084133214,48.0,204.68,4.264166666666667,0.0179648497019316,0.0042129801919714,120.0,1179.36,9.828,0.1035129233167388,0.0105324504799286,16.0,51.68,3.23,0.0045359753400226,0.0014043267306571,22.0,71.28,3.24,0.0062562755850776,0.0019309492546535,142.0,705.08,4.965352112676056,0.0618851682032341,0.0124633997345822,9.0,24.28,2.697777777777778,0.0021310658137722,0.0007899337859946,2.4,2.0,1.2,8.6,10.0,0.86,0.0002106490095985,0.0001755408413321,0.0007548256177282,0.0008777042066607,0.2181818181818181,0.7818181818181817,0.1666666666666666,0.8333333333333334,413.14331922873976,9733.0,0.0424476851154566,0.0123773629630874,1.936108324442267,0.0397778086729248,0.8542695043428804,255263.0,194488.66666666663,18700.0,0.7619148355486954,0.0732577772728519,34769.0,3112.0,31747.0,21518.0,4865.0,55.0,5325.0,4792.0,29904.0,3057.0,26422.0,16726.0,0.1399234950674451,0.8600765049325548,0.0176735218508997,0.9823264781491002,0.167732384162283,0.8322676158377169,0.2226972766985779,0.777302723301422,baseline,female_P42,female,P42,1072271,ELA,MDMA,ELA_MDMA
2,active,1,green,18,12-18,176.0,1536.24,8.728636363636364,8563.44,13036.56,208.0,41.17038461538462,0.117840902814853,0.0135004939953484,134.0,855.84,6.386865671641791,0.0656492203464717,0.0102787852010039,131.0,764.24,5.833893129770993,0.0586228268807108,0.010048663144265,397,17138.92,43.17108312342569,1.3146811735611237,0.0304528188417803,3.0,5.88,1.96,0.0004510392312082,0.0002301220567388,71.0,455.64,6.417464788732394,0.0349509379775032,0.0054462220094871,135.0,1526.2,11.305185185185186,0.1170707609983001,0.0103554925532502,32.0,118.44,3.70125,0.0090852188000515,0.0024546352718815,13.0,47.96,3.689230769230769,0.0036788846137324,0.0009971955792018,183.0,763.16,4.170273224043716,0.0585399829402848,0.0140374454610725,9.0,24.36,2.7066666666666666,0.0018685911007198,0.0006903661702166,1.6,2.0,0.8,7.2,8.0,0.9,0.000122731763594,0.0001534147044925,0.0005522929361733,0.0006136588179703,0.1818181818181818,0.8181818181818181,0.2,0.8,671.3443313822743,12850.0,0.0522446950492042,0.0144272450460063,2.0345846742967124,0.0476397665999993,0.9856894763649308,214294.0,181337.6666666667,5178.0,0.8462097243351036,0.0241630656947931,49752.0,4205.0,40744.0,38582.0,13694.0,425.0,9416.0,6155.0,36058.0,3780.0,31328.0,32427.0,0.2752452162727126,0.7247547837272873,0.1010701545778834,0.8989298454221165,0.2311015118790496,0.7688984881209503,0.1595303509408532,0.8404696490591468,baseline,female_P42,female,P42,1072473,CTRL,MDMA,CTRL_MDMA
2,active,1,green,24,18-24,134.0,848.44,6.331641791044777,9167.44,12432.56,325.0,28.207507692307697,0.0682433867200319,0.010778150276371,76.0,427.68,5.627368421052632,0.0343999948522267,0.0061129807537627,85.0,423.64,4.984,0.0340750416647898,0.0068368863693398,282,17306.0,61.36879432624114,1.391990064797596,0.022682375954751,2.0,2.24,1.12,0.0001801720643214,0.0001608679145727,36.0,206.0,5.722222222222222,0.0165693952009883,0.0028956224623086,160.0,1790.6,11.19125,0.1440250439169406,0.0128694331658162,26.0,97.36,3.744615384615385,0.0078310500813991,0.0020912828894451,16.0,80.08,5.005,0.006441151299491,0.0012869433165816,160.0,662.64,4.1415,0.0532987574562278,0.0128694331658162,7.0,16.24,2.32,0.0013062474663303,0.0005630377010044,2.4,3.0,0.7999999999999999,0.0,0.0,0.0,0.0001930414974872,0.000241301871859,0.0,0.0,1.0,0.0,1.0,0.0,546.6385849774699,10594.0,0.051598884743956,0.0128745837535474,2.0644466099875167,0.0455359391575227,0.852117343491606,229511.0,190376.66666666663,10480.0,0.8294882017274408,0.0456622994104857,50111.0,4478.0,21444.0,21345.0,6356.0,234.0,4920.0,5894.0,43755.0,4244.0,16524.0,15451.0,0.1268384187104627,0.8731615812895372,0.0522554711924966,0.9477445288075034,0.2294348069390039,0.7705651930609961,0.2761302412743031,0.7238697587256969,baseline,female_P42,female,P42,1072473,CTRL,MDMA,CTRL_MDMA
2,active,1,red,18,12-18,86.0,607.76,7.0669767441860465,13743.6,7856.4,137.0,100.31824817518248,0.0773585866300086,0.0109464894862787,57.0,352.2,6.178947368421053,0.0448296929891553,0.0072552314036963,52.0,272.12,5.233076923076923,0.0346367292907693,0.0066188075963545,207,19613.88,94.75304347826088,2.4965480372689783,0.0263479456239499,16.0,54.68,3.4175,0.0069599307570897,0.0020365561834937,20.0,133.04,6.651999999999999,0.0169339646657502,0.0025456952293671,133.0,2151.76,16.178646616541354,0.2738862583371519,0.0169288732752914,8.0,22.68,2.835,0.0028868183901023,0.0010182780917468,11.0,94.08,8.552727272727273,0.011974950358943,0.0014001323761519,118.0,562.4,4.766101694915254,0.0715849498498039,0.0150196018532661,10.0,24.6,2.46,0.0031312051321215,0.0012728476146835,6.2,7.0,0.8857142857142858,2.0,2.0,1.0,0.0007891655211038,0.0008909933302784,0.0002545695229367,0.0002545695229367,0.7560975609756099,0.2439024390243902,0.7777777777777778,0.2222222222222222,260.04707767222885,7717.0,0.0336979496789204,0.0074683020884787,2.0887014278458085,0.030735909258921,0.9822565042513112,343727.0,208767.66666666663,62731.0,0.6073647594360252,0.1825023928873786,57273.0,2938.0,15717.0,15280.0,10319.0,332.0,4961.0,3009.0,46954.0,2606.0,10756.0,12271.0,0.1801721579103591,0.8198278420896409,0.113002042205582,0.8869979577944179,0.3156454794171915,0.6843545205828084,0.1969240837696335,0.8030759162303664,baseline,female_P42,female,P42,1072335,ELA,MDMA,ELA_MDMA
2,active,1,red,24,18-24,86.0,1017.04,11.826046511627906,12467.04,9132.96,117.0,106.55589743589744,0.1113592964383945,0.0094164432998721,37.0,151.68,4.099459459459459,0.0166079781363325,0.0040512604894798,47.0,267.64,5.694468085106383,0.0293048474974159,0.0051461957569068,186,17617.44,94.7174193548387,1.9289956377778943,0.020365795974142,15.0,71.2,4.746666666666667,0.0077959391040801,0.0016424029011404,16.0,117.0,7.3125,0.0128107426288957,0.0017518964278831,85.0,861.48,10.135058823529413,0.0943264834183003,0.0093069497731294,7.0,24.76,3.537142857142858,0.0027110597221492,0.0007664546871988,12.0,82.84,6.903333333333333,0.0090704437553651,0.0013139223209123,92.0,405.96,4.412608695652174,0.044449992116466,0.0100734044603283,4.0,10.04,2.51,0.0010993150084966,0.0004379741069707,3.6,4.0,0.9,3.8,4.0,0.95,0.0003941766962737,0.0004379741069707,0.0004160754016222,0.0004379741069707,0.4864864864864864,0.5135135135135135,0.5,0.5,230.7980323410066,7461.0,0.0309339274012875,0.0079240827337699,2.0911727081462987,0.028016345921817,0.8169312030272771,311793.0,212054.0,40099.0,0.6801114842219036,0.128607762201204,24563.0,2709.0,10567.0,25512.0,6269.0,91.0,1983.0,5619.0,18294.0,2618.0,8584.0,19893.0,0.2552212677604527,0.7447787322395473,0.0335917312661498,0.96640826873385,0.1876596952777515,0.8123403047222485,0.2202492944496707,0.7797507055503292,baseline,female_P42,female,P42,1072335,ELA,MDMA,ELA_MDMA
2,active,1,yellow,18,12-18,188.0,835.96,4.4465957446808515,9821.44,11778.56,151.0,65.04264900662253,0.0709730221690936,0.0159612040860682,172.0,725.04,4.215348837209302,0.0615559117583134,0.0146028037383177,133.0,532.64,4.004812030075188,0.0452211475766137,0.0112917028906759,332,19445.48,58.57072289156626,1.6509216746359487,0.0281868072158226,34.0,65.4,1.9235294117647064,0.0055524614214301,0.0028866007389697,70.0,245.72,3.5102857142857142,0.0208616333405781,0.0059430015214083,168.0,1450.96,8.636666666666667,0.1231865355357531,0.0142632036513801,62.0,338.8,5.464516129032258,0.0287641273636166,0.0052638013475331,53.0,210.88,3.9788679245283016,0.0179037165833514,0.0044997011519234,133.0,519.92,3.909172932330826,0.0441412193001521,0.0112917028906759,1.0,2.76,2.76,0.0002343240599869,8.490002173440557e-05,9.6,10.0,0.96,6.0,7.0,0.8571428571428571,0.0008150402086502,0.000849000217344,0.0005094001304064,0.0005943001521408,0.6153846153846154,0.3846153846153846,0.5882352941176471,0.4117647058823529,734.2798315661751,11639.0,0.0630878796774787,0.0183525011269752,2.0521294812646653,0.0586736945073484,0.9881513529667464,245687.0,192487.3333333333,14998.0,0.7834656833016533,0.0610451509440874,42655.0,13857.0,31747.0,21087.0,8182.0,139.0,7069.0,4869.0,34473.0,13718.0,24678.0,16218.0,0.1918180752549525,0.8081819247450475,0.0100310312477448,0.9899689687522552,0.2226667086653857,0.7773332913346143,0.2309005548442168,0.7690994451557832,baseline,female_P42,female,P42,1072483,CTRL,MDMA,CTRL_MDMA
2,active,1,yellow,24,18-24,179.0,867.76,4.847821229050279,10190.64,11409.36,179.0,56.93094972067039,0.0760568515674849,0.0156888729955054,131.0,491.12,3.7490076335877864,0.0430453592488973,0.0114818009073252,124.0,485.68,3.9167741935483873,0.0425685577455703,0.0108682695611322,312,17915.84,57.4225641025641,1.570275633339644,0.0273459685731715,24.0,47.4,1.975,0.0041544836870779,0.0021035360440901,52.0,216.4,4.161538461538462,0.0189668833308792,0.0045576614288619,109.0,809.08,7.422752293577982,0.0709137059396846,0.0095535595335759,32.0,83.24,2.60125,0.0072957641795858,0.0028047147254534,35.0,148.64,4.246857142857142,0.0130278998997314,0.0030676567309647,124.0,516.2,4.162903225806452,0.0452435544149715,0.0108682695611322,2.0,3.96,1.98,0.0003470834472748,0.0001752946703408,8.6,10.0,0.86,4.6,5.0,0.92,0.0007537670824656,0.0008764733517042,0.0004031777417839,0.0004382366758521,0.6515151515151515,0.3484848484848484,0.6666666666666666,0.3333333333333333,656.4371690892896,9685.0,0.0677787474537211,0.0229851058090858,1.9992489315925448,0.0636752368157075,0.8488644411255319,254945.0,189912.0,22869.0,0.7449136088175881,0.0897017003667457,25798.0,5864.0,24675.0,21873.0,3688.0,334.0,5258.0,4744.0,22110.0,5530.0,19417.0,17129.0,0.1429568183580122,0.8570431816419878,0.0569577080491132,0.9430422919508868,0.2130901722391084,0.7869098277608916,0.2168884012252548,0.7831115987747451,baseline,female_P42,female,P42,1072483,CTRL,MDMA,CTRL_MDMA
2,active,2,blue,18,12-18,184.0,1195.56,6.497608695652174,8234.68,13365.32,140.0,58.81914285714286,0.0894524036835631,0.0137669730316969,79.0,352.0,4.455696202531645,0.0263368179736811,0.0059108199429568,106.0,513.92,4.848301886792452,0.0384517542415744,0.0079309735943471,356,16838.28,47.2985393258427,1.2598486231530557,0.0266360999961093,21.0,64.04,3.04952380952381,0.0047915051790753,0.001571230617748,122.0,1542.68,12.644918032786888,0.1154240975898818,0.0091281016840599,80.0,670.96,8.387,0.0502015664421053,0.0059856404485638,68.0,340.56,5.008235294117647,0.0254808713895365,0.0050877943812793,49.0,235.04,4.796734693877551,0.0175858116378807,0.0036662047747453,164.0,689.44,4.20390243902439,0.0515842493857236,0.0122705629195559,5.0,12.64,2.528,0.000945731190873,0.0003741025280352,0.0,0.0,0.0,8.0,8.0,1.0,0.0,0.0,0.0005985640448563,0.0005985640448563,0.0,1.0,0.0,1.0,422.19526645720447,11318.0,0.0373029922651709,0.0106396212969104,2.02886899248614,0.0356787712949544,0.8468184824605771,206007.0,131520.66666666666,18655.0,0.6384281440274683,0.0905551753095768,55543.0,14507.0,21833.0,30073.0,21501.0,889.0,4322.0,8399.0,34042.0,13618.0,17511.0,21674.0,0.3871054858397998,0.6128945141602002,0.0612807610119252,0.9387192389880747,0.197957220720927,0.802042779279073,0.2792870681342068,0.7207129318657932,baseline,female_P42,female,P42,1072272,ELA,MDMA,ELA_MDMA
2,active,2,blue,24,18-24,191.0,1144.28,5.990994764397906,9149.44,12450.56,132.0,69.31393939393939,0.0919059062403618,0.0153406754394983,70.0,315.6,4.508571428571429,0.0253482574277783,0.0056222370720674,70.0,346.72,4.953142857142858,0.0278477433946746,0.0056222370720674,349,18590.52,53.26796561604585,1.4931472961858745,0.0280308676878791,16.0,47.16,2.9475,0.0037877814331242,0.0012850827593297,89.0,961.44,10.802696629213484,0.0772206230081217,0.0071482728487714,122.0,1013.72,8.309180327868853,0.0814196309242315,0.0097987560398889,77.0,483.16,6.274805194805195,0.0388062866248586,0.0061844607792741,53.0,355.08,6.699622641509434,0.0285191991364243,0.0042568366402796,175.0,745.24,4.258514285714286,0.0598559422226791,0.0140555926801686,10.0,26.4,2.6399999999999997,0.002120386552894,0.000803176724581,5.4,6.0,0.9,19.2,17.0,1.1294117647058823,0.0004337154312737,0.0004819060347486,0.0015420993111956,0.0013654004317878,0.2195121951219512,0.7804878048780487,0.2608695652173913,0.7391304347826086,436.91343833307735,12322.0,0.0354579969431161,0.009318027835254,2.0708899018316806,0.0329013355601623,0.989674360028786,228868.0,159207.3333333333,41722.0,0.695629504051826,0.1822972193578831,49590.0,21086.0,16698.0,28798.0,13459.0,680.0,2911.0,9532.0,36131.0,20406.0,13787.0,19266.0,0.2714055253075216,0.7285944746924783,0.0322488855164564,0.9677511144835436,0.1743322553599233,0.8256677446400766,0.3309952080005556,0.6690047919994444,baseline,female_P42,female,P42,1072272,ELA,MDMA,ELA_MDMA
2,active,2,green,18,12-18,209.0,1119.92,5.358468899521531,9503.92,12096.08,373.0,25.479678284182302,0.0925853664988988,0.0172783248788037,146.0,595.32,4.077534246575343,0.0492159443389924,0.0120700259918915,141.0,530.64,3.763404255319149,0.0438687574817626,0.0116566689373747,351,16910.24,48.17732193732194,1.3979933995145537,0.0290176652270818,31.0,63.56,2.0503225806451613,0.005254594877018,0.0025628137380043,92.0,1556.88,16.922608695652176,0.128709466207234,0.0076057698031097,76.0,517.4,6.807894736842105,0.0427741880014021,0.0062830272286558,45.0,162.68,3.615111111111111,0.0134489851257597,0.0037202134906515,37.0,174.4,4.713513513513513,0.0144178940615472,0.0030588422034245,151.0,657.24,4.352582781456953,0.0543349581021289,0.0124833830464084,3.0,6.56,2.1866666666666665,0.000542324455526,0.0002480142327101,6.6,8.0,0.825,5.4,6.0,0.9,0.0005456313119622,0.0006613712872269,0.0004464256188781,0.0004960284654202,0.5499999999999999,0.45,0.5714285714285714,0.4285714285714285,559.5443763414087,9917.0,0.0564227464295057,0.0165725954393167,1.9752119925139429,0.0534578910211906,0.8198523819286909,237971.0,135022.0,41360.0,0.56738846330015,0.1738026902437692,52025.0,8509.0,28436.0,28207.0,19195.0,532.0,6773.0,7145.0,32830.0,7977.0,21663.0,21062.0,0.3689572320999519,0.6310427679000481,0.0625220354918321,0.9374779645081678,0.2381839921226614,0.7618160078773386,0.2533059169709646,0.7466940830290354,baseline,female_P42,female,P42,1072443,CTRL,MDMA,CTRL_MDMA
2,active,2,green,24,18-24,232.0,1843.84,7.947586206896552,8170.48,13429.52,199.0,41.05768844221105,0.1372975355783378,0.0172753754415645,111.0,394.28,3.552072072072072,0.0293592027116382,0.0082653735948864,103.0,405.16,3.933592233009709,0.0301693582495874,0.0076696709934532,396,17834.92,45.03767676767677,1.3280385300442603,0.0294872787709463,25.0,35.8,1.432,0.0026657691414138,0.0018615706294789,86.0,1982.32,23.050232558139538,0.1476091476091476,0.0064038029654075,174.0,1880.12,10.805287356321838,0.1399990468758377,0.0129565315811734,49.0,216.08,4.409795918367347,0.0160899272647123,0.0036486784337787,27.0,120.0,4.444444444444445,0.0089355390214989,0.0020104962798372,191.0,738.12,3.864502617801047,0.0549625005212397,0.014222399609219,8.0,21.04,2.63,0.0015666978417694,0.0005957026014332,6.0,7.0,0.8571428571428571,28.6,28.0,1.0214285714285716,0.0004467769510749,0.0005212397762541,0.0021296368001239,0.0020849591050164,0.1734104046242774,0.8265895953757225,0.2,0.8,678.730277634408,13254.0,0.0512094671521358,0.0116097236005139,2.048737984810251,0.0472163743381137,0.9869302849245544,204461.0,156896.0,21568.0,0.7673639471586269,0.1054871100112001,96821.0,8478.0,20200.0,46328.0,30241.0,841.0,4891.0,13060.0,66580.0,7637.0,15309.0,33268.0,0.3123392652420446,0.6876607347579554,0.0991979240386883,0.9008020759613116,0.2421287128712871,0.7578712871287129,0.2819029528578829,0.7180970471421171,baseline,female_P42,female,P42,1072443,CTRL,MDMA,CTRL_MDMA
2,active,2,red,18,12-18,185.0,2265.36,12.24518918918919,7153.64,14446.36,90.0,79.48488888888889,0.1568118197248303,0.0128059940358678,120.0,1117.64,9.313666666666668,0.0773648171580938,0.0083065907259683,113.0,624.0,5.522123893805309,0.0431942717750353,0.0078220396002868,377,15037.96,39.888488063660475,1.0409514922790235,0.0260965391974172,34.0,78.64,2.3129411764705883,0.0054435857890845,0.0023535340390243,31.0,202.24,6.523870967741936,0.0139993742368319,0.0021458692708751,149.0,3056.96,20.516510067114098,0.2116076298804681,0.0103140168180773,29.0,140.28,4.837241379310345,0.0097104045586569,0.002007426092109,55.0,243.68,4.430545454545455,0.0168679169008663,0.0038071874160688,230.0,989.2,4.300869565217392,0.0684739962177323,0.0159209655581059,5.0,11.6,2.32,0.0008029704368436,0.0003461079469153,13.4,14.0,0.9571428571428572,1.6,2.0,0.8,0.0009275692977331,0.0009691022513629,0.0001107545430129,0.0001384431787661,0.8933333333333333,0.1066666666666666,0.875,0.125,480.6840242678616,12447.0,0.0386184642297631,0.0123648211756886,2.0445226816724325,0.0351484247796162,0.8616011230510661,178931.0,116713.66666666666,14410.0,0.6522830960910444,0.0805338370656845,81660.0,9683.0,43774.0,56819.0,28791.0,451.0,8311.0,9320.0,52869.0,9232.0,35463.0,47499.0,0.3525716385011021,0.6474283614988978,0.0465764742331921,0.9534235257668078,0.1898615616576049,0.8101384383423951,0.1640296379732131,0.8359703620267868,baseline,female_P42,female,P42,1072474,CTRL,MDMA,CTRL_MDMA
2,active,2,red,24,18-24,276.0,2369.04,8.583478260869565,9069.2,12530.8,142.0,63.867605633802825,0.1890573626584097,0.0220257286047179,103.0,677.56,6.578252427184466,0.0540715676572924,0.0082197465445143,146.0,752.36,5.153150684931507,0.060040859322629,0.0116512912184377,476,16508.28,34.68126050420168,1.3174162862706291,0.0379864015066875,18.0,37.88,2.104444444444445,0.003022951447633,0.0014364605611772,26.0,164.08,6.310769230769231,0.0130941360487758,0.002074887477256,122.0,1538.36,12.609508196721311,0.1227663038273693,0.0097360104702014,29.0,94.12,3.2455172413793103,0.0075110926676668,0.0023142975707855,37.0,163.88,4.429189189189189,0.0130781753758738,0.0029527244868643,191.0,894.36,4.682513089005235,0.0713729370830274,0.0152424426213809,6.0,14.36,2.393333333333333,0.0011459763143614,0.000478820187059,51.0,49.0,1.0408163265306123,3.2,4.0,0.8,0.0040699715900022,0.0039103648609825,0.0002553707664315,0.0003192134580393,0.940959409594096,0.059040590405904,0.9245283018867924,0.0754716981132075,595.785335693082,12388.0,0.0480937468270166,0.0165534922937478,1.9852610471008652,0.0422687025639327,0.9886040795479938,226872.0,158919.3333333333,35924.0,0.7004801532729173,0.1583447935399696,42709.0,6516.0,35997.0,59502.0,14643.0,292.0,6016.0,15110.0,28066.0,6224.0,29981.0,44392.0,0.3428551359198295,0.6571448640801705,0.0448127685696746,0.9551872314303254,0.1671250381976275,0.8328749618023724,0.2539410439985211,0.746058956001479,baseline,female_P42,female,P42,1072474,CTRL,MDMA,CTRL_MDMA
2,active,2,yellow,18,12-18,105.0,692.52,6.595428571428571,9504.16,12095.84,193.0,49.244352331606216,0.0572527414383788,0.0086806703792378,65.0,389.52,5.992615384615385,0.0322028069154353,0.0053737483300043,68.0,414.28,6.09235294117647,0.0342497916639108,0.0056217674836968,238,18112.96,76.10487394957983,1.4974536700220902,0.019676186192939,25.0,60.76,2.4304,0.0050232145927856,0.0020668262807709,41.0,923.68,22.528780487804877,0.0763634439608989,0.0033895951004642,103.0,1625.16,15.778252427184468,0.134356935938306,0.0085153242767761,25.0,164.24,6.5696,0.0135782219341525,0.0020668262807709,43.0,238.72,5.551627906976744,0.0197357107898252,0.0035549412029259,130.0,478.64,3.6818461538461538,0.0395706292411275,0.0107474966600087,5.0,11.32,2.264,0.000935858939933,0.0004133652561541,1.6,2.0,0.8,6.6,8.0,0.825,0.0001322768819693,0.0001653461024616,0.0005456421381235,0.0006613844098466,0.1951219512195122,0.8048780487804879,0.2,0.8,332.2808917577998,10013.0,0.0331849487424148,0.0080786372988164,2.08641595637578,0.0314016087915015,0.8278052619743648,237797.0,132147.66666666666,38098.0,0.5557162902251359,0.1602122819043133,63865.0,10142.0,20228.0,17418.0,21245.0,506.0,4237.0,5802.0,42620.0,9636.0,15991.0,11616.0,0.3326548187583183,0.6673451812416816,0.0498915401301518,0.9501084598698482,0.2094621316986355,0.7905378683013644,0.3331036858422321,0.6668963141577678,baseline,female_P42,female,P42,1072259,ELA,MDMA,ELA_MDMA
2,active,2,yellow,24,18-24,124.0,662.88,5.345806451612903,8090.56,13509.44,136.0,59.489411764705885,0.0490679110311012,0.0091787668474785,63.0,299.76,4.758095238095238,0.0221889286306464,0.0046634057370253,47.0,230.96,4.914042553191489,0.0170961934765615,0.0034790487244474,235,19760.08,84.08544680851064,1.4626868323187343,0.0173952436222374,19.0,37.24,1.96,0.0027565909467749,0.0014064239524362,50.0,345.92,6.9184,0.0256057986119335,0.0037011156643058,294.0,4515.64,15.359319727891158,0.3342581187673212,0.0217625601061183,24.0,103.32,4.305,0.0076479854087216,0.0017765355188668,47.0,282.96,6.020425531914893,0.0209453537674396,0.0034790487244474,155.0,581.6,3.752258064516129,0.0430513774072056,0.0114734585593481,16.0,40.48,2.53,0.002996423241822,0.0011843570125778,5.6,4.0,1.4,17.0,17.0,1.0,0.0004145249544022,0.0002960892531444,0.0012583793258639,0.0012583793258639,0.247787610619469,0.7522123893805309,0.1904761904761904,0.8095238095238095,368.5374202482138,13374.0,0.0275562599258422,0.006414271453661,2.1928749885074077,0.0242768503055642,0.9899744178885282,202400.0,157700.66666666666,17687.0,0.7791534914361001,0.0873863636363636,121883.0,9728.0,13378.0,16696.0,31376.0,883.0,3724.0,4926.0,90507.0,8845.0,9654.0,11770.0,0.257427204778353,0.742572795221647,0.0907689144736842,0.9092310855263158,0.2783674689789206,0.7216325310210794,0.29504072831816,0.7049592716818399,baseline,female_P42,female,P42,1072259,ELA,MDMA,ELA_MDMA
2,active,3,blue,18,12-18,112.0,598.04,5.339642857142857,12335.96,9264.04,85.0,145.1289411764706,0.0645549889680959,0.0120897578162443,95.0,449.12,4.727578947368421,0.0484799288431397,0.0102547052905643,85.0,390.24,4.591058823529412,0.0421241704483141,0.0091752626283997,238,19420.24,81.59764705882354,2.0963035565476833,0.0256907353595191,17.0,32.64,1.92,0.0035233008493054,0.0018350525256799,80.0,851.36,10.642,0.0918994304860514,0.0086355412973173,119.0,2894.96,24.327394957983195,0.3124943329260236,0.0128453676797595,32.0,186.32,5.8225,0.0201121756814521,0.0034542165189269,27.0,140.76,5.213333333333333,0.0151942349126299,0.0029144951878446,145.0,644.6,4.445517241379311,0.0695808740031347,0.0156519186013877,6.0,13.24,2.2066666666666666,0.001429182084706,0.0006476655972988,3.0,3.0,1.0,3.6,3.0,1.2,0.0003238327986494,0.0003238327986494,0.0003885993583792,0.0003238327986494,0.4545454545454546,0.5454545454545455,0.5,0.5,307.802096852976,9145.0,0.0336579657575698,0.0069103995285715,2.058245054131586,0.0327235937755948,0.9871503145495916,308484.0,230841.99999999997,21870.0,0.7483110955511468,0.0708950869413,93857.0,8236.0,21164.0,15063.0,16434.0,506.0,4656.0,2227.0,77423.0,7730.0,16508.0,12836.0,0.1750961569195691,0.8249038430804309,0.0614375910636231,0.9385624089363768,0.21999621999622,0.78000378000378,0.1478457146650733,0.8521542853349267,baseline,female_P42,female,P42,1072444,CTRL,saline,CTRL_saline
2,active,3,blue,24,18-24,183.0,1214.04,6.634098360655737,9865.84,11734.16,97.0,101.70969072164948,0.1034620288116064,0.0155954921357813,111.0,598.64,5.393153153153153,0.0510168601757603,0.0094595608036706,85.0,409.6,4.818823529411765,0.0349066315782297,0.0072438078226306,314,17604.24,56.06445859872612,1.500255663805505,0.0267594783094827,16.0,29.64,1.8525,0.0025259583983855,0.0013635402960245,44.0,386.76,8.79,0.0329601778056546,0.0037497358140676,145.0,2241.64,15.459586206896551,0.1910354043237862,0.0123570839327229,37.0,191.76,5.182702702702702,0.0163420304478548,0.0031531869345568,41.0,196.32,4.788292682926829,0.0167306394322218,0.003494072008563,169.0,856.44,5.067692307692308,0.0729869031954566,0.0144023943767598,9.0,22.0,2.4444444444444446,0.0018748679070338,0.0007669914165138,6.0,7.0,0.8571428571428571,9.2,9.0,1.022222222222222,0.0005113276110092,0.0005965488795107,0.0007840356702141,0.0007669914165138,0.3947368421052631,0.6052631578947368,0.4375,0.5625,408.5040372533184,11640.0,0.0350948485612816,0.0084273014507887,2.0736490635521263,0.0327988706281029,0.9919755653578952,246743.0,201908.66666666663,18637.0,0.8182954193904859,0.0755320313038262,65899.0,9780.0,25402.0,30534.0,13209.0,781.0,5693.0,7533.0,52690.0,8999.0,19709.0,23001.0,0.2004431023232522,0.7995568976767478,0.0798568507157464,0.9201431492842536,0.2241162113219431,0.7758837886780569,0.2467085871487522,0.7532914128512478,baseline,female_P42,female,P42,1072444,CTRL,saline,CTRL_saline
2,active,3,green,18,12-18,195.0,1094.72,5.613948717948718,9972.8,11627.2,204.0,48.88627450980392,0.0941516444199807,0.0167710196779964,159.0,721.52,4.537861635220126,0.0620544929131691,0.0136748314297509,159.0,553.28,3.479748427672956,0.0475849731663685,0.0136748314297509,422,17587.08,41.675545023696685,1.5125808449153708,0.0362942066877666,46.0,105.6,2.2956521739130435,0.0090821521948534,0.0039562405394247,45.0,453.88,10.086222222222222,0.0390360533920462,0.0038702353103068,87.0,1308.08,15.035402298850574,0.1125017201045823,0.0074824549332599,37.0,235.88,6.375135135135135,0.0202869134443374,0.0031821934773634,29.0,74.32,2.562758620689655,0.0063919086280445,0.0024941516444199,212.0,1018.04,4.802075471698113,0.0875567634512178,0.0182331085730012,21.0,49.32,2.3485714285714288,0.0042417779000963,0.0018061098114765,8.4,8.0,1.05,4.6,5.0,0.92,0.0007224439245906,0.0006880418329434,0.0003956240539424,0.0004300261455896,0.6461538461538462,0.3538461538461538,0.6153846153846154,0.3846153846153846,688.3144136589095,11423.0,0.0602568864272878,0.0182899690414735,1.9848530901357804,0.0534257853097906,0.9824377322141186,249524.0,206365.66666666663,11768.0,0.8270373457730185,0.0471617960596976,44181.0,7821.0,32111.0,27563.0,8656.0,496.0,6306.0,4154.0,35525.0,7325.0,25805.0,23409.0,0.1959213236459111,0.8040786763540889,0.0634190001278608,0.9365809998721392,0.1963813023574476,0.8036186976425524,0.1507092841853209,0.8492907158146791,baseline,female_P42,female,P42,1072484,CTRL,saline,CTRL_saline
2,active,3,green,24,18-24,191.0,1483.84,7.768795811518324,10259.12,11340.88,180.0,56.995111111111115,0.1308399348198728,0.0168417265679559,109.0,462.68,4.244770642201835,0.0407975395207426,0.0096112470989905,100.0,466.16,4.6616,0.0411043940152792,0.0088176578889821,357,17606.16,49.31697478991597,1.5524509561868216,0.0314790386636663,47.0,113.24,2.4093617021276597,0.0099851157934833,0.0041442992078216,50.0,446.64,8.9328,0.0393831871953499,0.004408828944491,114.0,1710.72,15.006315789473684,0.1508454370383956,0.0100521299934396,37.0,263.12,7.1113513513513515,0.0232010214374898,0.0032625334189233,30.0,125.04,4.168,0.0110255994243832,0.0026452973666946,165.0,679.2,4.116363636363636,0.0598895323819668,0.0145491355168205,6.0,13.4,2.2333333333333334,0.0011815661571236,0.0005290594733389,5.6,5.0,1.12,3.2,4.0,0.8,0.000493788841783,0.0004408828944491,0.0002821650524474,0.0003527063155592,0.6363636363636362,0.3636363636363636,0.5555555555555556,0.4444444444444444,609.5697873447178,11175.0,0.0545476319771559,0.0132674650904965,2.038127625228777,0.0492755438241488,0.9853732690937564,256658.0,209135.0,7688.0,0.8148392023626772,0.0299542581957312,54098.0,9771.0,23430.0,37287.0,11015.0,964.0,4987.0,8936.0,43083.0,8807.0,18443.0,28351.0,0.2036119634736959,0.7963880365263041,0.0986592979224234,0.9013407020775764,0.21284677763551,0.7871532223644899,0.2396545712983077,0.7603454287016923,baseline,female_P42,female,P42,1072484,CTRL,saline,CTRL_saline
2,active,3,red,18,12-18,72.0,518.48,7.2011111111111115,12379.16,9220.84,130.0,95.22430769230768,0.0562291504895432,0.0078083992347768,97.0,869.36,8.962474226804124,0.0942820827603558,0.0105196489690744,39.0,220.92,5.664615384615384,0.0239587716520403,0.0042295495855041,217,19132.2,88.1668202764977,2.0748868866610852,0.0235336476937025,7.0,26.28,3.7542857142857144,0.0028500657206935,0.0007591499256033,73.0,1089.72,14.927671232876712,0.118180122418348,0.0079168492241487,82.0,1264.4,15.419512195121952,0.1371241665618316,0.0088928991284958,44.0,296.4,6.736363636363635,0.0321445768498314,0.0047717995323636,20.0,125.48,6.274,0.0136083046663861,0.002168999787438,138.0,594.48,4.3078260869565215,0.0644713496818077,0.0149660985333223,6.0,13.76,2.2933333333333334,0.0014922718537573,0.0006506999362314,4.2,4.0,1.05,0.8,1.0,0.8,0.0004554899553619,0.0004337999574876,8.675999149752083e-05,0.0001084499893719,0.8400000000000001,0.16,0.8,0.2,274.42905121814596,9062.0,0.0302834971549487,0.0063531164225382,2.0418589433733616,0.0283883755692539,0.9827738036881672,309609.0,227170.3333333333,24066.0,0.7337329771852024,0.0777302985378332,59008.0,10611.0,27393.0,13034.0,15877.0,283.0,6962.0,1764.0,43131.0,10328.0,20431.0,11270.0,0.2690652114967462,0.7309347885032538,0.0266704363396475,0.9733295636603524,0.2541525207169715,0.7458474792830285,0.1353383458646616,0.8646616541353384,baseline,female_P42,female,P42,1072245,ELA,saline,ELA_saline
2,active,3,red,24,18-24,130.0,1434.44,11.034153846153847,11399.8,10200.2,124.0,91.93387096774192,0.1406286151251936,0.0127448481402325,77.0,572.52,7.435324675324675,0.0561283112095841,0.0075488715907531,39.0,419.6,10.75897435897436,0.0411364483049351,0.0038234544420697,239,17813.8,74.5347280334728,1.7464167369267267,0.0234309131193506,6.0,12.4,2.066666666666667,0.0012156624379914,0.0005882237603184,37.0,588.04,15.892972972972972,0.0576498500029411,0.0036273798552969,91.0,1459.6,16.03956043956044,0.1430952334267955,0.0089213936981627,32.0,196.84,6.15125,0.0192976608301797,0.0031371933883649,15.0,87.56,5.8373333333333335,0.0085841454089135,0.001470559400796,141.0,702.2,4.980141843971632,0.068841787415933,0.0138232583674829,10.0,30.72,3.072,0.0030117056528303,0.000980372933864,5.6,7.0,0.7999999999999999,5.2,6.0,0.8666666666666667,0.0005490088429638,0.0006862610537048,0.0005097939256093,0.0005882237603184,0.5185185185185185,0.4814814814814814,0.5384615384615384,0.4615384615384615,307.5610454086396,10075.0,0.0305271509090461,0.0072243665106429,2.062399332710443,0.0280206035845112,0.9877257308680222,285119.0,219135.3333333333,26473.0,0.7685749926638819,0.0928489507889688,51319.0,7157.0,24919.0,35991.0,10906.0,521.0,6751.0,5736.0,40413.0,6636.0,18168.0,30255.0,0.2125138837467604,0.7874861162532395,0.0727958641889059,0.927204135811094,0.27091777358642,0.72908222641358,0.1593731766274902,0.8406268233725098,baseline,female_P42,female,P42,1072245,ELA,saline,ELA_saline
2,active,3,yellow,18,12-18,136.0,710.0,5.220588235294118,12900.32,8699.68,179.0,72.06882681564245,0.0816121972302429,0.0156327589060747,109.0,694.16,6.368440366972477,0.0797914406047119,0.0125291964761922,73.0,407.48,5.5819178082191785,0.0468385044047597,0.0083911132363489,253,19645.2,77.6490118577075,2.2581520239824915,0.0290815294355654,21.0,62.2,2.961904761904762,0.0071496882643959,0.0024138818899085,30.0,240.4,8.013333333333334,0.0276332003016202,0.0034484026998694,90.0,952.24,10.580444444444444,0.1094568995641219,0.0103452080996082,25.0,135.88,5.4352,0.0156189652952752,0.0028736689165578,19.0,88.56,4.661052631578947,0.0101796847700145,0.0021839883765839,99.0,382.4,3.862626262626262,0.0439556397476688,0.011379728909569,1.0,2.16,2.16,0.0002482849943905,0.0001149467566623,0.8,1.0,0.8,7.4,7.0,1.0571428571428572,9.19574053298512e-05,0.0001149467566623,0.0008506059993011,0.0008046272966361,0.097560975609756,0.9024390243902438,0.125,0.875,422.15166029926615,8511.0,0.0496007120549014,0.0139235020894321,2.1394940346778397,0.0447016047520666,0.9783118459529544,322687.0,236620.0,25972.0,0.7332802375056944,0.0804866635470285,29936.0,5655.0,27723.0,17886.0,6254.0,847.0,7441.0,3721.0,23682.0,4808.0,20282.0,14165.0,0.2089123463388562,0.7910876536611438,0.1497789566755084,0.8502210433244916,0.2684052952422177,0.7315947047577823,0.208039807670804,0.791960192329196,baseline,female_P42,female,P42,1072424,ELA,saline,ELA_saline
2,active,3,yellow,24,18-24,135.0,809.48,5.996148148148149,12132.04,9467.96,140.0,86.65742857142858,0.0854967701595697,0.014258615372266,89.0,465.04,5.225168539325843,0.049117233279397,0.0094001242083828,68.0,389.76,5.731764705882353,0.0411662068703289,0.0071821173726969,245,19718.24,80.48261224489796,2.0826281479854165,0.0258767464163346,17.0,48.36,2.844705882352941,0.005107752884465,0.0017955293431742,34.0,364.36,10.716470588235294,0.0384834747928804,0.0035910586863484,135.0,1072.84,7.946962962962963,0.1133126882665326,0.014258615372266,25.0,177.56,7.1024,0.0187537758925893,0.0026404843281974,21.0,110.28,5.251428571428572,0.0116477044685444,0.0022180068356858,88.0,343.68,3.9054545454545457,0.0362992661565955,0.0092945048352549,2.0,4.36,2.18,0.0004605004668376,0.0002112387462557,3.6,4.0,0.9,3.2,4.0,0.8,0.0003802297432604,0.0004224774925115,0.0003379819940092,0.0004224774925115,0.5294117647058824,0.4705882352941176,0.5,0.5,430.1733123881975,9332.0,0.0460965829820185,0.0110645612825864,2.1467375351875715,0.0415783261624309,0.9856399900295312,303441.0,227025.66666666663,20028.0,0.7481707042445374,0.0660029462070056,36099.0,7242.0,21527.0,20372.0,9605.0,802.0,6229.0,6780.0,26494.0,6440.0,15298.0,13592.0,0.266073852461287,0.733926147538713,0.1107428887047776,0.8892571112952223,0.2893575509824871,0.710642449017513,0.332809738857255,0.6671902611427449,baseline,female_P42,female,P42,1072424,ELA,saline,ELA_saline
2,active,4,blue,18,12-18,165.0,980.04,5.939636363636364,9226.8,12373.2,101.0,91.35445544554456,0.0792066724856948,0.0133352730094074,157.0,639.68,4.0743949044585985,0.051698832961562,0.0126887143180422,154.0,660.16,4.286753246753246,0.053354023211457,0.0124462548087802,446,17992.32,40.34152466367713,1.4541363592280088,0.0360456470436103,58.0,154.48,2.663448275862069,0.0124850483302621,0.0046875505123977,97.0,1094.08,11.27917525773196,0.0884233666311059,0.0078395241328031,128.0,1299.2,10.15,0.1050011314777098,0.0103449390618433,50.0,356.48,7.1296,0.0288106552872337,0.0040409918210325,62.0,383.84,6.190967741935483,0.0310218860117027,0.0050108298580803,199.0,850.28,4.272763819095477,0.0687194905117511,0.0160831474477095,7.0,15.44,2.2057142857142855,0.0012478582743348,0.0005657388549445,7.2,7.0,1.0285714285714287,6.8,6.0,1.1333333333333333,0.0005819028222286,0.0005657388549445,0.0005495748876604,0.0004849190185239,0.5142857142857143,0.4857142857142857,0.5384615384615384,0.4615384615384615,624.7657469751413,12270.0,0.050918153787705,0.0157395595310265,1.956866335191227,0.0463982780279464,0.9916593928813888,230771.0,170161.3333333333,22730.0,0.7373601246834884,0.0984959115313449,60057.0,18620.0,32807.0,24666.0,16727.0,3212.0,7875.0,7904.0,43330.0,15408.0,24932.0,16762.0,0.27851874052983,0.72148125947017,0.1725026852846401,0.8274973147153598,0.2400402353156338,0.7599597646843661,0.3204410930025135,0.6795589069974864,baseline,female_P42,female,P42,1072485,CTRL,saline,CTRL_saline
2,active,4,blue,24,18-24,174.0,1064.88,6.120000000000001,11311.0,10289.0,166.0,68.13855421686748,0.1034969384779862,0.0169112644571872,122.0,476.88,3.9088524590163938,0.0463485275536981,0.0118573233550393,77.0,339.08,4.403636363636363,0.0329555836330061,0.0074837204781805,398,18345.68,46.09467336683417,1.7830381961317912,0.0386820876664398,52.0,175.6,3.376923076923077,0.0170667703372533,0.0050539411021479,50.0,634.8,12.696,0.0616969579162212,0.0048595587520653,85.0,683.72,8.043764705882353,0.0664515501992419,0.008261249878511,43.0,390.04,9.070697674418604,0.037908445913111,0.0041792205267761,61.0,466.08,7.640655737704917,0.045298862863252,0.0059286616775196,150.0,656.68,4.377866666666666,0.0638235008261249,0.0145786762561959,7.0,15.92,2.2742857142857145,0.0015472835066575,0.0006803382252891,7.0,7.0,1.0,2.6,2.0,1.3,0.0006803382252891,0.0006803382252891,0.0002526970551073,0.0001943823500826,0.7291666666666667,0.2708333333333333,0.7777777777777778,0.2222222222222222,501.9046706746652,10123.0,0.0495806253753497,0.0138552354680069,1.9271790879600776,0.0445773188999698,0.9838662649431432,282941.0,219274.66666666663,31643.0,0.7749837127410544,0.1118360364881724,33098.0,21507.0,20598.0,26796.0,6690.0,1571.0,4666.0,9292.0,26408.0,19936.0,15932.0,17504.0,0.2021270167381715,0.7978729832618285,0.0730459850281303,0.9269540149718696,0.2265268472667249,0.7734731527332751,0.3467681743543812,0.6532318256456188,baseline,female_P42,female,P42,1072485,CTRL,saline,CTRL_saline
2,active,4,green,18,12-18,229.0,2051.24,8.957379912663754,8257.04,13342.96,304.0,27.161315789473687,0.1537320054920347,0.0171626085965932,102.0,762.4,7.474509803921569,0.0571387458255139,0.0076444806849454,100.0,732.56,7.3256,0.054902360495722,0.0074945889068092,396,17356.8,43.83030303030303,1.3008208073770735,0.0296785720709647,60.0,245.4,4.09,0.0183917211773099,0.0044967533440855,30.0,170.6,5.6866666666666665,0.0127857686750166,0.0022483766720427,205.0,2558.32,12.47960975609756,0.1917355669206833,0.015363907258959,46.0,288.6,6.273913043478261,0.0216293835850515,0.0034475108971322,55.0,359.76,6.541090909090909,0.026962533051137,0.0041220238987451,161.0,698.44,4.3381366459627335,0.0523452067607187,0.0120662881399629,6.0,13.6,2.2666666666666666,0.001019264091326,0.0004496753344085,12.0,12.0,1.0,1.0,1.0,1.0,0.0008993506688171,0.0008993506688171,7.494588906809284e-05,7.494588906809284e-05,0.9230769230769232,0.0769230769230769,0.9230769230769232,0.0769230769230769,605.7891682945988,13088.0,0.0462858472107731,0.0130193496782545,2.0668843520675813,0.0434703283554973,0.9808917961231992,206730.0,167031.3333333333,11212.0,0.8079685257743594,0.0542349925022976,68447.0,16310.0,37576.0,51510.0,15149.0,2774.0,10668.0,14895.0,53298.0,13536.0,26908.0,36615.0,0.2213245284672812,0.7786754715327188,0.1700797057020233,0.8299202942979766,0.2839046199701937,0.7160953800298062,0.2891671520093186,0.7108328479906815,baseline,female_P42,female,P42,1072425,ELA,saline,ELA_saline
2,active,4,green,24,18-24,179.0,1620.76,9.054525139664804,10165.72,11434.28,256.0,39.70984375,0.141745698023837,0.0156546804870966,83.0,690.76,8.322409638554216,0.0604113245433905,0.0072588741923409,134.0,619.2,4.62089552238806,0.0541529506011747,0.0117191462864299,347,17753.08,51.16161383285303,1.5526189668260704,0.0303473415029192,46.0,149.52,3.250434782608696,0.0130764683040821,0.0040229905162371,13.0,81.44,6.264615384615384,0.0071224423400511,0.0011369321024148,116.0,2160.12,18.621724137931032,0.1889161363898732,0.0101449326061632,31.0,171.16,5.521290322580645,0.0149690229730249,0.0027111457826815,48.0,213.24,4.4425,0.0186491847322262,0.0041979031473778,123.0,467.44,3.800325203252033,0.0408805801502149,0.0107571268151558,12.0,26.12,2.1766666666666667,0.0022843589626981,0.0010494757868444,8.0,7.0,1.1428571428571428,0.8,1.0,0.8,0.0006996505245629,0.0006121942089926,6.996505245629808e-05,8.745631557037259e-05,0.9090909090909092,0.0909090909090909,0.875,0.125,489.1582110584983,11219.0,0.0436008745038326,0.0107607876595969,2.0611999534234244,0.0399749066767245,0.98117240438401,254399.0,212049.3333333333,17862.0,0.8335305301252494,0.0702125401436326,56168.0,9689.0,32966.0,40698.0,5458.0,601.0,7031.0,12498.0,50710.0,9088.0,25935.0,28200.0,0.0971727674120495,0.9028272325879504,0.0620291051708122,0.9379708948291876,0.2132803494509494,0.7867196505490506,0.3070912575556538,0.6929087424443462,baseline,female_P42,female,P42,1072425,ELA,saline,ELA_saline
2,active,4,red,18,12-18,153.0,898.88,5.875032679738562,11154.84,10445.16,75.0,148.7312,0.0860570828977248,0.0146479326309984,92.0,584.52,6.353478260869565,0.0559608469377204,0.0088079072029533,130.0,759.28,5.8406153846153845,0.0726920410984609,0.0124459558302601,344,18657.28,54.23627906976744,1.7862129445599684,0.0329339138893037,43.0,89.6,2.083720930232558,0.0085781357107023,0.0041167392361629,49.0,383.12,7.818775510204082,0.0366791892129943,0.0046911679667903,202.0,2552.6,12.636633663366336,0.2443811296332464,0.0193391005977888,34.0,288.36,8.481176470588236,0.0276070447939524,0.0032550961402218,37.0,165.44,4.471351351351351,0.0158389148658325,0.0035423105055355,181.0,736.72,4.0702762430939226,0.0705321890713019,0.0173286000405929,6.0,12.72,2.12,0.00121778890893,0.0005744287306273,0.8,1.0,0.8,9.4,10.0,0.94,7.659049741698547e-05,9.573812177123183e-05,0.0008999383446495,0.0009573812177123,0.0784313725490196,0.9215686274509804,0.0909090909090909,0.9090909090909092,389.86682526205755,10366.0,0.0376101509996196,0.0108653002870597,2.0502069084064796,0.0359029184823692,0.9924213702805892,278946.0,185775.66666666663,38514.0,0.6659915061218539,0.1380697339269966,73644.0,11416.0,33817.0,22625.0,13429.0,1834.0,8970.0,7674.0,60215.0,9582.0,24847.0,14951.0,0.182350225408723,0.817649774591277,0.1606517168885774,0.8393482831114225,0.265251205015229,0.734748794984771,0.3391823204419889,0.6608176795580111,baseline,female_P42,female,P42,1072260,ELA,saline,ELA_saline
2,active,4,red,24,18-24,167.0,1096.64,6.566706586826348,10810.92,10789.08,114.0,94.83263157894736,0.1016435136267411,0.0154786135611192,71.0,445.68,6.277183098591549,0.0413084340833509,0.0065807279211943,111.0,606.72,5.465945945945946,0.0562346372443248,0.010288180271163,326,18261.4,56.01656441717792,1.692581758592948,0.0302157366522446,39.0,100.92,2.5876923076923077,0.0093539022789709,0.0036147660412194,30.0,403.12,13.437333333333331,0.0373637047829842,0.0027805892624765,127.0,2172.56,17.106771653543305,0.2013665669361984,0.0117711612111505,34.0,239.8,7.052941176470589,0.0222261768380621,0.0031513344974733,37.0,140.16,3.788108108108108,0.0129909130342902,0.003429393423721,164.0,671.56,4.094878048780488,0.062244417503624,0.0152005546348715,10.0,23.6,2.3600000000000003,0.0021873968864815,0.0009268630874921,0.8,1.0,0.8,9.0,9.0,1.0,7.414904699937344e-05,9.26863087492168e-05,0.0008341767787429,0.0008341767787429,0.0816326530612244,0.9183673469387754,0.1,0.9,396.45251284540706,10678.0,0.0371279746062377,0.0104311632138452,2.0709788009009817,0.034239997636008,0.989704404824137,270387.0,220159.0,18286.0,0.8142366311989852,0.0676289910387703,64549.0,9570.0,26492.0,27583.0,10393.0,1332.0,6197.0,9284.0,54156.0,8238.0,20295.0,18299.0,0.1610094656772374,0.8389905343227626,0.1391849529780564,0.8608150470219436,0.2339196738638079,0.766080326136192,0.3365841279048689,0.6634158720951311,baseline,female_P42,female,P42,1072260,ELA,saline,ELA_saline
2,active,4,yellow,18,12-18,312.0,1970.56,6.315897435897436,7608.8,13991.2,169.0,45.022485207100594,0.1408428154840185,0.0222997312596489,138.0,640.92,4.644347826086956,0.045808794099148,0.009863342672537,135.0,774.72,5.738666666666667,0.0553719480816513,0.0096489221796557,466,17918.92,38.45261802575107,1.280727886099834,0.0333066498942192,77.0,199.8,2.594805194805195,0.0142804048258905,0.0055034593172851,33.0,217.64,6.595151515151515,0.0155554920235576,0.0023586254216936,147.0,1612.0,10.965986394557824,0.1152152781748527,0.0105066041511807,51.0,294.8,5.780392156862745,0.0210703871004631,0.003645148378981,146.0,1119.88,7.67041095890411,0.0800417405226142,0.0104351306535536,142.0,615.64,4.335492957746479,0.0440019440791354,0.0101492366630453,6.0,14.08,2.3466666666666667,0.0010063468465892,0.0004288409857624,1.6,2.0,0.8,4.4,5.0,0.8800000000000001,0.0001143575962033,0.0001429469952541,0.0003144833895591,0.0003573674881353,0.2666666666666666,0.7333333333333334,0.2857142857142857,0.7142857142857143,670.1779768659716,13833.0,0.0484477681533992,0.0150175443165952,2.059121272537888,0.0459905804045972,0.988692892675396,190389.0,148939.66666666666,21905.0,0.7822913438626531,0.1150539159300169,45921.0,35564.0,35664.0,49576.0,5185.0,4515.0,7639.0,10885.0,40736.0,31049.0,28025.0,38691.0,0.1129113041963371,0.8870886958036628,0.1269542233719491,0.8730457766280508,0.2141935845670704,0.7858064154329296,0.2195618847829595,0.7804381152170405,baseline,female_P42,female,P42,1072475,CTRL,saline,CTRL_saline
2,active,4,yellow,24,18-24,132.0,818.76,6.202727272727273,11278.56,10321.44,216.0,52.215555555555554,0.0793261405385295,0.0127889131749058,75.0,389.64,5.1952,0.0377505464353811,0.0072664279402874,132.0,644.24,4.880606060606061,0.06241764715001,0.0127889131749058,284,19401.0,68.31338028169014,1.879679579593545,0.0275155404672216,33.0,85.16,2.580606060606061,0.0082507867119316,0.0031972282937264,28.0,359.36,12.834285714285716,0.0348168472616224,0.0027127997643739,133.0,1782.52,13.402406015037592,0.1727007084282813,0.0128857988807763,34.0,180.84,5.318823529411765,0.0175208110496209,0.0032941139995969,67.0,337.6,5.038805970149254,0.0327086143018803,0.0064913422933234,97.0,466.8,4.812371134020618,0.0452262475003487,0.0093979134694383,8.0,18.08,2.26,0.0017516935621386,0.0007750856469639,4.6,5.0,0.92,8.0,8.0,1.0,0.0004456742470042,0.0004844285293524,0.0007750856469639,0.0007750856469639,0.365079365079365,0.6349206349206349,0.3846153846153846,0.6153846153846154,421.2506514611853,10108.0,0.0416749754116724,0.0101380299966684,2.079834846032893,0.0394113606158221,0.9793207149390007,282180.0,219881.6666666667,29949.0,0.7792248446617999,0.1061343823091643,53708.0,13062.0,26054.0,20601.0,7147.0,1208.0,5786.0,7547.0,46561.0,11854.0,20268.0,13054.0,0.1330714232516571,0.8669285767483429,0.0924820088807227,0.9075179911192772,0.2220772242266062,0.7779227757733937,0.3663414397359351,0.6336585602640649,baseline,female_P42,female,P42,1072475,CTRL,saline,CTRL_saline
2,active,5,blue,18,12-18,74.0,563.0,7.608108108108108,14220.88,7379.120000000001,97.0,146.60701030927834,0.0762963605416364,0.0100282960569824,47.0,233.2,4.961702127659574,0.0316026843309229,0.0063693231713266,76.0,384.88,5.064210526315789,0.0521579808974511,0.0102993310855494,185,20058.44,108.424,2.71826992920565,0.025070740142456,22.0,47.24,2.147272727272727,0.0064018473747547,0.002981385314238,112.0,873.08,7.795357142857143,0.1183176313706783,0.0151779615997571,116.0,1038.0,8.948275862068966,0.1406671798263207,0.0157200316568913,32.0,273.04,8.5325,0.0370017020999794,0.0043365604570734,22.0,88.44,4.02,0.0119851689632368,0.002981385314238,74.0,271.36,3.6670270270270273,0.036774032675983,0.0100282960569824,7.0,17.44,2.4914285714285715,0.002363425449105,0.0009486225999848,6.4,8.0,0.8,5.0,5.0,1.0,0.0008673120914146,0.0010841401142683,0.0006775875714177,0.0006775875714177,0.5614035087719298,0.4385964912280701,0.6153846153846154,0.3846153846153846,246.63540283864845,7243.0,0.0340515536157184,0.0073920685677789,2.105455052318311,0.0318693638980673,0.9815533559557236,355619.0,289673.3333333333,12385.0,0.8145609017890869,0.0348265981288963,48005.0,9091.0,15575.0,14149.0,8005.0,470.0,4681.0,3647.0,40000.0,8621.0,10894.0,10502.0,0.1667534631809186,0.8332465368190813,0.0516994830051699,0.94830051699483,0.300545746388443,0.699454253611557,0.2577567319245176,0.7422432680754824,baseline,female_P42,female,P42,1073096,ELA,saline,ELA_saline
2,active,5,blue,24,18-24,78.0,669.12,8.57846153846154,12794.44,8805.56,139.0,92.0463309352518,0.0759883528134496,0.0088580396931029,49.0,219.96,4.488979591836735,0.0249796719345504,0.0055646659610518,91.0,419.36,4.608351648351649,0.0476244554576881,0.0103343796419534,238,19161.64,80.51109243697479,2.1760842013455135,0.0270283775251091,10.0,29.64,2.964,0.0033660550833791,0.0011356461145003,62.0,278.52,4.492258064516129,0.0316300155810646,0.0070410059099023,117.0,1048.04,8.957606837606837,0.1190202553840982,0.0132870595396544,28.0,177.96,6.355714285714286,0.0202099582536488,0.003179809120601,17.0,60.04,3.531764705882353,0.0068184192714603,0.0019305983946506,124.0,545.8,4.401612903225806,0.0619835649294309,0.0140820118198047,7.0,15.8,2.257142857142857,0.0017943208609106,0.0007949522801502,3.4,3.0,1.1333333333333333,6.2,6.0,1.0333333333333334,0.0003861196789301,0.0003406938343501,0.0007041005909902,0.0006813876687002,0.3541666666666667,0.6458333333333334,0.3333333333333333,0.6666666666666666,310.73509732156595,8405.0,0.0369702673791274,0.0088957693633901,2.1147764879394573,0.033978998292677,0.9545105592375728,320000.0,224095.3333333333,40833.0,0.7002979166666666,0.127603125,33343.0,5995.0,16123.0,16806.0,3777.0,263.0,3777.0,5473.0,29566.0,5732.0,12346.0,11333.0,0.1132771496266082,0.8867228503733917,0.0438698915763135,0.9561301084236864,0.2342616138435775,0.7657383861564225,0.3256575032726407,0.6743424967273592,baseline,female_P42,female,P42,1073096,ELA,saline,ELA_saline
2,active,5,green,18,12-18,91.0,563.28,6.18989010989011,14400.12,7199.879999999999,184.0,78.26152173913044,0.078234637243954,0.0126390995405478,50.0,208.04,4.1608,0.0288949260265448,0.0069445601871142,60.0,335.16,5.586,0.0465507758462641,0.008333472224537,192,19786.08,103.0525,2.748112468541143,0.0266671111185186,10.0,16.2,1.62,0.002250037500625,0.0013889120374228,41.0,493.6,12.039024390243902,0.0685566981671916,0.0056945393534336,99.0,1266.92,12.797171717171718,0.1759640438451752,0.0137502291704861,26.0,214.92,8.266153846153845,0.0298504975082918,0.0036111712972993,11.0,58.24,5.294545454545455,0.0080890237059506,0.0015278032411651,97.0,356.6,3.6762886597938143,0.0495286032544987,0.0134724467630016,17.0,44.04,2.5905882352941174,0.0061167686128102,0.0023611504636188,6.0,7.0,0.8571428571428571,3.2,4.0,0.8,0.0008333472224537,0.0009722384261959,0.0004444518519753,0.0005555648149691,0.6521739130434783,0.3478260869565218,0.6363636363636364,0.3636363636363636,291.5046707924766,7014.0,0.0415604035917417,0.0095007986272586,2.076925293671967,0.0369191828104523,0.9741829030483844,360187.0,294437.3333333333,5950.0,0.8174568580579902,0.0165191969726836,44153.0,6866.0,13690.0,14173.0,11297.0,185.0,3900.0,4190.0,32856.0,6681.0,9790.0,9983.0,0.2558603039431069,0.7441396960568931,0.0269443635304398,0.9730556364695602,0.2848794740686632,0.7151205259313368,0.2956325407464898,0.7043674592535102,baseline,female_P42,female,P42,1073106,ELA,saline,ELA_saline
2,active,5,green,24,18-24,138.0,1356.04,9.826376811594203,10234.72,11365.28,178.0,57.49842696629213,0.1193142623850886,0.0121422437458645,39.0,203.12,5.208205128205129,0.0178719749975363,0.0034315036673095,94.0,481.4,5.12127659574468,0.0423570734728928,0.0082708037109512,287,18174.12,63.32445993031359,1.5990912674390774,0.0252523475004575,14.0,33.0,2.357142857142857,0.002903580026185,0.0012318218292906,62.0,494.72,7.979354838709677,0.0435290639561893,0.0054552109582869,107.0,1298.52,12.13570093457944,0.1142532344121746,0.0094146382667211,30.0,264.88,8.829333333333333,0.0233060690101783,0.0026396182056227,19.0,72.48,3.814736842105263,0.0063773175847845,0.0016717581968944,143.0,640.6,4.47972027972028,0.0563646474173975,0.0125821801134683,12.0,29.56,2.463333333333334,0.0026009038052736,0.001055847282249,7.4,7.0,1.0571428571428572,4.0,5.0,0.8,0.0006511058240536,0.0006159109146453,0.000351949094083,0.0004399363676037,0.6491228070175439,0.3508771929824561,0.5833333333333334,0.4166666666666667,442.8361553541823,10959.0,0.0404084456021701,0.0089956825873539,2.086658048822563,0.0365164031325835,0.9642525305139864,256046.0,206218.3333333333,13480.0,0.8053956450533627,0.0526467900299165,45000.0,8483.0,17246.0,34039.0,10075.0,622.0,4031.0,9399.0,34925.0,7861.0,13215.0,24640.0,0.2238888888888889,0.7761111111111111,0.073323116821879,0.9266768831781208,0.2337353589238084,0.7662646410761916,0.2761244454889979,0.723875554511002,baseline,female_P42,female,P42,1073106,ELA,saline,ELA_saline
2,active,5,red,18,12-18,207.0,855.92,4.13487922705314,11753.72,9846.28,80.0,146.92149999999998,0.0869282612316529,0.0210231681406581,148.0,712.88,4.816756756756757,0.0724009473628619,0.0150310574145768,194.0,950.96,4.901855670103093,0.0965806375605812,0.0197028725569453,476,18224.88,38.28756302521008,1.850940659822796,0.0483431306036391,41.0,92.44,2.254634146341463,0.0093883172121857,0.0041640091486327,59.0,571.76,9.690847457627118,0.0580686309956653,0.0059921107260813,91.0,1056.04,11.604835164835164,0.1072526883249308,0.0092420690859898,36.0,161.68,4.4911111111111115,0.0164204146134377,0.003656203154897,43.0,188.12,4.3748837209302325,0.0191056927083121,0.004367131546127,162.0,666.76,4.115802469135803,0.0677169448766437,0.0164529141970368,5.0,14.16,2.832,0.0014381065742595,0.0005078059937357,3.0,3.0,1.0,4.0,5.0,0.8,0.0003046835962414,0.0003046835962414,0.0004062447949885,0.0005078059937357,0.4285714285714285,0.5714285714285714,0.375,0.625,575.1330197500718,9721.0,0.059163976931393,0.0215355458576962,1.9254500477351384,0.0542424926242843,0.987276413020958,293923.0,260903.66666666663,3824.0,0.8876599200017237,0.0130102101570819,40845.0,8824.0,41938.0,21605.0,8475.0,403.0,5914.0,2949.0,32370.0,8421.0,36024.0,18656.0,0.207491737054719,0.792508262945281,0.0456708975521305,0.9543291024478694,0.1410176927845867,0.8589823072154132,0.1364961814394816,0.8635038185605184,baseline,female_P42,female,P42,1073132,CTRL,saline,CTRL_saline
2,active,5,red,24,18-24,241.0,1009.16,4.187385892116183,9203.92,12396.08,113.0,81.45061946902655,0.0814096069079902,0.0194416299346244,123.0,520.28,4.2299186991869915,0.0419713328729727,0.0099224916263851,189.0,930.92,4.925502645502645,0.0750979341856457,0.0152467554259088,539,17189.32,31.89113172541744,1.3866738517337738,0.0434814876961103,38.0,70.28,1.8494736842105264,0.0056695342398564,0.0030654852179075,82.0,732.6,8.934146341463414,0.0590993281747133,0.00661499441759,105.0,1018.2,9.697142857142858,0.0821388697071977,0.0084704196810604,42.0,228.24,5.434285714285714,0.0184122722667165,0.0033881678724241,52.0,217.56,4.1838461538461535,0.0175507095791572,0.0041948745087156,199.0,926.16,4.654070351758794,0.074713941826771,0.0160534620622003,11.0,30.36,2.76,0.0024491613477809,0.0008873772999206,10.2,11.0,0.9272727272727272,4.2,4.0,1.05,0.0008228407690173,0.0008873772999206,0.0003388167872424,0.0003226826545165,0.7083333333333334,0.2916666666666667,0.7333333333333333,0.2666666666666666,683.9751480837492,12028.0,0.0568652434389548,0.0192207071927344,2.0098412752925583,0.0508781271929158,0.9703067421313836,230211.0,196110.0,12820.0,0.8518706751632198,0.0556880427086455,43957.0,11239.0,36592.0,25470.0,9612.0,555.0,4846.0,5306.0,34345.0,10684.0,31746.0,20164.0,0.2186682439656937,0.7813317560343063,0.0493816175816353,0.9506183824183646,0.1324333187581985,0.8675666812418015,0.2083235178641539,0.7916764821358461,baseline,female_P42,female,P42,1073132,CTRL,saline,CTRL_saline
2,active,5,yellow,18,12-18,83.0,516.24,6.219759036144579,16380.16,5219.84,96.0,170.6266666666667,0.0988995831289848,0.015900870524767,54.0,260.68,4.827407407407407,0.0499402280529671,0.0103451446787641,59.0,377.52,6.39864406779661,0.0723240559097596,0.0113030284453163,156,20255.92,129.84564102564102,3.880563388916135,0.0298859735164296,6.0,8.2,1.3666666666666665,0.0015709293771456,0.0011494605198626,55.0,577.8,10.505454545454544,0.1106930480627758,0.0105367214320745,50.0,581.04,11.6208,0.1113137567435017,0.0095788376655223,21.0,116.88,5.565714285714286,0.0223914909269249,0.0040231118195193,34.0,145.48,4.278823529411764,0.0278705860716037,0.0065136096125551,63.0,252.8,4.012698412698413,0.0484306032368808,0.0120693354585581,6.0,13.64,2.2733333333333334,0.0026131069151544,0.0011494605198626,0.0,0.0,0.0,3.2,4.0,0.8,0.0,0.0,0.0006130456105934,0.0007663070132417,0.0,1.0,0.0,1.0,253.0623731254336,5081.0,0.0498056235239979,0.0118647536806965,2.0538707404055483,0.0460179828818993,0.9734014835703776,409600.0,295497.0,50459.0,0.72142822265625,0.12319091796875,29076.0,6614.0,16068.0,12989.0,6331.0,262.0,4112.0,2380.0,22745.0,6352.0,11956.0,10609.0,0.2177397166047599,0.78226028339524,0.0396129422437254,0.9603870577562744,0.2559123724172268,0.7440876275827732,0.1832319655092771,0.8167680344907229,baseline,female_P42,female,P42,1073122,CTRL,saline,CTRL_saline
2,active,5,yellow,24,18-24,105.0,818.36,7.793904761904762,12487.72,9112.28,126.0,99.10888888888888,0.0898084782293783,0.0115229119386147,67.0,342.56,5.112835820895523,0.0375932258446843,0.0073527152370208,71.0,473.44,6.668169014084507,0.0519562612211213,0.0077916833108727,220,19271.16,87.59618181818182,2.1148559965233726,0.0241432440618593,10.0,16.72,1.672,0.0018348865487013,0.0010974201846299,61.0,490.08,8.034098360655737,0.0537823684083456,0.0066942631262428,116.0,1122.08,9.673103448275862,0.1231393240769598,0.0127300741417076,22.0,141.4,6.427272727272728,0.0155175214106678,0.0024143244061859,28.0,136.2,4.864285714285714,0.0149468629146602,0.0030727765169639,96.0,346.64,3.610833333333334,0.0380409732800133,0.0105352337724477,8.0,16.84,2.105,0.0018480555909168,0.0008779361477039,1.8,2.0,0.9,8.4,8.0,1.05,0.0001975356332333,0.0002194840369259,0.0009218329550891,0.0008779361477039,0.1764705882352941,0.8235294117647058,0.2,0.8,392.6928444062315,8741.0,0.0449253911916521,0.0095616924161079,2.156077464560968,0.0423095621926571,0.9592549833850584,312319.0,227403.66666666663,23939.0,0.7281134566474234,0.0766491952138678,40481.0,6990.0,20538.0,20564.0,9897.0,442.0,4939.0,6454.0,30584.0,6548.0,15599.0,14110.0,0.2444850670685012,0.7555149329314987,0.0632331902718168,0.9367668097281832,0.2404810594994644,0.7595189405005356,0.3138494456331453,0.6861505543668547,baseline,female_P42,female,P42,1073122,CTRL,saline,CTRL_saline
2,active,6,blue,18,12-18,50.0,295.36,5.9072000000000005,14504.52,7095.48,96.0,151.08875,0.0416265002508639,0.0070467396145151,99.0,755.48,7.631111111111111,0.1064734168794782,0.01395254443674,69.0,406.2,5.886956521739131,0.0572477126283211,0.0097245006680309,199,20054.72,100.77748743718594,2.826407797640188,0.0280460236657703,6.0,8.92,1.4866666666666666,0.0012571383472295,0.0008456087537418,43.0,554.12,12.886511627906977,0.0780947871039027,0.006060196068483,99.0,1632.0,16.484848484848484,0.2300055810177747,0.01395254443674,26.0,167.04,6.424615384615384,0.0235417477041722,0.0036643045995478,18.0,119.04,6.613333333333333,0.0167768776742376,0.0025368262612254,108.0,408.84,3.7855555555555553,0.0576197804799675,0.0152209575673527,5.0,13.56,2.712,0.0019110757834565,0.0007046739614515,1.6,2.0,0.8,0.8,1.0,0.8,0.0002254956676644,0.0002818695845806,0.0001127478338322,0.0001409347922903,0.6666666666666666,0.3333333333333333,0.6666666666666666,0.3333333333333333,245.31525848410695,6994.0,0.0350751012988428,0.0077412148521666,2.148417382808567,0.0333378318850228,0.98569793727838,362709.0,272285.0,13665.0,0.7506982181307881,0.0376748302358088,54795.0,7196.0,29210.0,7434.0,7712.0,275.0,8856.0,1725.0,47083.0,6921.0,20354.0,5709.0,0.1407427685007756,0.8592572314992244,0.0382156753752084,0.9617843246247916,0.303183841150291,0.696816158849709,0.2320419693301049,0.7679580306698951,baseline,female_P42,female,P42,1073107,ELA,saline,ELA_saline
2,active,6,blue,24,18-24,144.0,1066.84,7.40861111111111,7439.6,14160.4,172.0,43.253488372093024,0.0753396796700658,0.0101692042597666,148.0,876.4,5.921621621621622,0.0618909070365243,0.0104516821558713,128.0,583.52,4.55875,0.0412078754837434,0.0090392926753481,391,18476.72,47.25503836317136,1.304816248128584,0.0276122143442275,15.0,23.56,1.5706666666666669,0.0016637948080562,0.0010592921103923,96.0,1435.08,14.94875,0.101344594785458,0.0067794695065111,154.0,1534.84,9.966493506493508,0.1083895935143075,0.0108753990000282,37.0,190.64,5.152432432432432,0.0134628965283466,0.0026129205389678,64.0,396.64,6.1975,0.028010508177735,0.004519646337674,220.0,876.0,3.981818181818182,0.0618626592469139,0.0155362842857546,12.0,27.12,2.26,0.0019152001355893,0.0008474336883138,10.8,11.0,0.981818181818182,6.8,8.0,0.85,0.0007626903194825,0.0007768142142877,0.0004802124233778,0.0005649557922092,0.6136363636363636,0.3863636363636363,0.5789473684210527,0.4210526315789473,552.6742525521507,13975.0,0.0395473525976494,0.0106555647152947,2.1175668613468237,0.0363801799938365,0.9869071495155504,186162.0,104348.33333333331,23138.0,0.5605243461787761,0.1242895972325179,74498.0,14783.0,36774.0,26815.0,10391.0,1473.0,9757.0,9028.0,64107.0,13310.0,27017.0,17787.0,0.1394802545034766,0.8605197454965234,0.0996414800784685,0.9003585199215315,0.2653233262631206,0.7346766737368793,0.336677232892038,0.663322767107962,baseline,female_P42,female,P42,1073107,ELA,saline,ELA_saline
2,active,6,green,18,12-18,142.0,635.76,4.477183098591549,10457.52,11142.48,209.0,50.03598086124402,0.0570573157860727,0.0127440210796878,186.0,819.12,4.403870967741936,0.0735132573717879,0.0166928726818446,236.0,1112.88,4.715593220338984,0.0998772266138238,0.0211802040479318,555,17527.0,31.58018018018018,1.572989137068229,0.0498093781635686,13.0,16.4,1.2615384615384615,0.0014718446880766,0.0011667061551826,75.0,745.2,9.936,0.0668791866801645,0.0067309970491308,101.0,818.24,8.101386138613861,0.0734342803397448,0.0090644093594962,57.0,274.4,4.814035087719298,0.0246264745370868,0.0051155577573394,25.0,64.84,2.5936000000000003,0.0058191713155419,0.0022436656830436,190.0,950.72,5.00378947368421,0.0853239135273296,0.0170518591911316,6.0,13.72,2.286666666666666,0.0012313237268543,0.0005384797639304,6.0,7.0,0.8571428571428571,2.8,3.0,0.9333333333333332,0.0005384797639304,0.0006282263912522,0.0002512905565008,0.0002692398819652,0.6818181818181818,0.3181818181818181,0.7,0.3,698.4690683191591,10969.0,0.0636766403791739,0.0227185353710159,1.9993834173381164,0.0606873291817076,0.9844307550922236,261647.0,221434.6666666667,3750.0,0.8463107418264558,0.0143322873948487,39262.0,8563.0,48722.0,16036.0,11144.0,133.0,10185.0,1808.0,28118.0,8430.0,38537.0,14228.0,0.2838367887524833,0.7161632112475167,0.015531939740745,0.9844680602592548,0.209043142728131,0.7909568572718689,0.1127463207782489,0.887253679221751,baseline,female_P42,female,P42,1073133,CTRL,saline,CTRL_saline
2,active,6,green,24,18-24,260.0,1282.8,4.9338461538461535,4635.64,16964.36,149.0,31.111677852348997,0.075617353086117,0.0153262486766373,287.0,1162.0,4.048780487804878,0.0684965421625101,0.0169178206545958,257.0,980.88,3.8166536964980544,0.0578200415459233,0.015149407345753,767,14991.52,19.545658409387222,0.8837067829260874,0.0452124335960802,12.0,17.52,1.46,0.0010327533723641,0.0007073653235371,118.0,1055.28,8.943050847457627,0.0622057065518534,0.0069557590147815,103.0,592.24,5.749902912621359,0.0349108366009681,0.0060715523603601,95.0,467.68,4.9229473684210525,0.0275683845426529,0.0055999754780021,45.0,438.92,9.753777777777778,0.0258730656505756,0.0026526199632641,246.0,1203.96,4.894146341463415,0.0709699629104782,0.0145009891325107,8.0,17.68,2.21,0.0010421849100113,0.000471576882358,15.0,15.0,1.0,7.2,8.0,0.9,0.0008842066544213,0.0008842066544213,0.0004244191941222,0.000471576882358,0.6756756756756757,0.3243243243243243,0.6521739130434783,0.3478260869565217,1147.491167155477,16833.0,0.0681691419922459,0.0260338996844102,2.066323140880972,0.0639232275403502,0.9922567075916804,116040.0,80101.33333333333,10876.0,0.6902907043548201,0.0937263012754222,41409.0,22805.0,54116.0,32330.0,8721.0,3936.0,14297.0,8897.0,32688.0,18869.0,39819.0,23433.0,0.2106063899152358,0.7893936100847642,0.172593729445297,0.827406270554703,0.2641917362702343,0.7358082637297657,0.2751933188988555,0.7248066811011444,baseline,female_P42,female,P42,1073133,CTRL,saline,CTRL_saline
2,active,6,red,18,12-18,54.0,390.28,7.227407407407407,14788.68,6811.32,71.0,208.2912676056338,0.0572987321106628,0.0079279787177815,76.0,557.64,7.337368421052632,0.0818695935589577,0.011157895973174,54.0,288.92,5.350370370370371,0.0424176224285454,0.0079279787177815,174,20227.4,116.24942528735632,2.969674013260279,0.0255457092017406,8.0,16.56,2.07,0.0024312468067863,0.0011745153655972,55.0,728.72,13.249454545454546,0.1069866046522553,0.0080747931384812,81.0,1270.04,15.679506172839506,0.1864601868653946,0.0118919680766723,27.0,188.56,6.9837037037037035,0.0276833271671276,0.0039639893588907,25.0,183.24,7.3296,0.0269022744490054,0.0036703605174914,87.0,355.96,4.091494252873563,0.0522600611922505,0.0127728546008703,11.0,23.68,2.152727272727273,0.0034765654821679,0.0016149586276962,3.6,4.0,0.9,4.4,5.0,0.8800000000000001,0.0005285319145187,0.0005872576827986,0.0006459834510784,0.0007340721034982,0.45,0.55,0.4444444444444444,0.5555555555555556,219.4213660331471,6745.0,0.0325309660538394,0.0097429001773305,2.114485325028699,0.0297431395490415,0.9902632676191988,369788.0,268135.0,18126.0,0.7251046545588283,0.049017274762837,50105.0,9347.0,21294.0,9811.0,14049.0,258.0,6577.0,1561.0,36056.0,9089.0,14717.0,8250.0,0.2803911785250973,0.7196088214749027,0.0276024392853321,0.9723975607146678,0.3088663473278858,0.6911336526721142,0.1591071246559983,0.8408928753440016,baseline,female_P42,female,P42,1073097,ELA,saline,ELA_saline
2,active,6,red,24,18-24,179.0,2008.52,11.220782122905028,7587.96,14012.04,131.0,57.92335877862595,0.143342439787497,0.0127747280196174,132.0,914.08,6.924848484848485,0.0652353261909043,0.0094204698245223,112.0,536.28,4.788214285714285,0.0382727996779912,0.0079931259117159,460,16890.2,36.71782608695652,1.2054062078041456,0.0328289099945475,16.0,31.32,1.9575,0.0022352205674548,0.0011418751302451,120.0,1240.6,10.338333333333331,0.0885381429113819,0.0085640634768384,112.0,932.16,8.322857142857142,0.0665256450880813,0.0079931259117159,52.0,349.08,6.7130769230769225,0.0249128606541231,0.0037110941732966,32.0,176.16,5.505,0.0125720451839989,0.0022837502604902,209.0,863.96,4.133779904306221,0.0616584023454115,0.014915743888827,18.0,45.72,2.54,0.0032629081846754,0.0012846095215257,10.8,13.0,0.8307692307692308,21.4,17.0,1.258823529411765,0.0007707657129154,0.0009277735433241,0.0015272579867028,0.0012132423258854,0.3354037267080745,0.6645962732919254,0.4333333333333333,0.5666666666666667,548.7297056133305,13882.0,0.0395281447639627,0.0129242473317857,2.0247140784613404,0.035446859488283,0.9907194098789326,189830.0,87512.33333333333,53610.0,0.4610037050694481,0.2824105778854764,54551.0,13215.0,36503.0,50392.0,10950.0,2971.0,10628.0,11911.0,43601.0,10244.0,25875.0,38481.0,0.20072959249143,0.7992704075085699,0.2248202799848656,0.7751797200151344,0.2911541517135578,0.7088458482864423,0.2363668836323225,0.7636331163676774,baseline,female_P42,female,P42,1073097,ELA,saline,ELA_saline
2,active,6,yellow,18,12-18,91.0,502.04,5.516923076923077,14534.4,7065.6,148.0,98.2054054054054,0.0710541213768116,0.0128793025362318,78.0,371.2,4.758974358974359,0.0525362318840579,0.011039402173913,65.0,292.36,4.4978461538461545,0.0413779438405797,0.0091995018115942,214,20236.48,94.5629906542056,2.864085144927536,0.0302875905797101,28.0,66.52,2.3757142857142854,0.0094146286231884,0.0039628623188405,65.0,575.48,8.853538461538461,0.081448143115942,0.0091995018115942,70.0,736.92,10.52742857142857,0.1042968749999999,0.0099071557971014,30.0,138.68,4.6226666666666665,0.0196274909420289,0.0042459239130434,19.0,110.84,5.833684210526316,0.0156872735507246,0.0026890851449275,102.0,522.16,5.11921568627451,0.0739017210144927,0.0144361413043478,1.0,2.2,2.2,0.0003113677536231,0.0001415307971014,0.8,1.0,0.8,4.0,5.0,0.8,0.0001132246376811,0.0001415307971014,0.0005661231884057,0.0007076539855072,0.1666666666666666,0.8333333333333334,0.1666666666666666,0.8333333333333334,330.9277600587482,6940.0,0.0476841152822403,0.0142095876509855,2.0867851693537847,0.0445519389507249,0.982223731884058,363508.0,268215.3333333334,10313.0,0.7378526286445783,0.0283707648800026,32945.0,6287.0,16732.0,12642.0,10999.0,144.0,5469.0,2075.0,21946.0,6143.0,11263.0,10567.0,0.3338594627409318,0.6661405372590682,0.0229044059169715,0.9770955940830284,0.3268587138417403,0.6731412861582596,0.1641354216105046,0.8358645783894953,baseline,female_P42,female,P42,1073142,CTRL,saline,CTRL_saline
2,active,6,yellow,24,18-24,208.0,1452.04,6.980961538461538,7880.6,13719.4,229.0,34.413100436681226,0.1058384477455282,0.015161012872283,128.0,565.68,4.419375,0.0412321238538128,0.0093298540752511,92.0,342.32,3.720869565217391,0.0249515284924996,0.0067058326165867,368,18696.68,50.80619565217391,1.3627913757161392,0.0268233304663469,50.0,105.36,2.1072,0.007679636135691,0.0036444742481449,102.0,804.52,7.887450980392157,0.0586410484423517,0.0074347274662157,71.0,378.08,5.3250704225352115,0.0275580564747729,0.0051751534323658,34.0,243.8,7.170588235294118,0.0177704564339548,0.0024782424887385,35.0,199.6,5.702857142857143,0.0145487411985946,0.0025511319737014,153.0,697.92,4.56156862745098,0.0508710293453066,0.0111520911993235,4.0,8.6,2.15,0.0006268495706809,0.0002915579398515,12.8,10.0,1.28,14.0,16.0,0.875,0.0009329854075251,0.0007288948496289,0.0010204527894805,0.0011662317594063,0.4776119402985074,0.5223880597014925,0.3846153846153846,0.6153846153846154,646.1668385264508,13503.0,0.0478535761331889,0.0128668412872503,2.098936930244651,0.0436989006283079,0.9842267154540286,197244.0,104402.66666666666,38816.0,0.5293071863613933,0.196791790878303,29738.0,11154.0,22920.0,36509.0,6926.0,1722.0,7019.0,11472.0,22812.0,9432.0,15901.0,25037.0,0.2329006658147824,0.7670993341852176,0.1543840774610005,0.8456159225389994,0.306239092495637,0.693760907504363,0.3142238899997261,0.6857761100002739,baseline,female_P42,female,P42,1073142,CTRL,saline,CTRL_saline
2,active,7,blue,18,12-18,201.0,1079.08,5.368557213930348,8723.2,12876.8,190.0,45.911578947368426,0.0838003230616302,0.0156094681908548,116.0,505.32,4.356206896551724,0.0392426689860835,0.0090084493041749,203.0,796.52,3.923743842364532,0.0618569831013916,0.0157647862823061,426,18252.56,42.846384976525826,1.4174763916500996,0.0330827534791252,18.0,31.16,1.731111111111111,0.0024198558648111,0.0013978628230616,42.0,179.96,4.284761904761905,0.0139755218687872,0.0032616799204771,207.0,2815.72,13.602512077294683,0.2186661282306163,0.0160754224652087,32.0,138.92,4.34125,0.0107883946322067,0.0024850894632206,63.0,197.72,3.1384126984126985,0.0153547465208747,0.0048925198807157,182.0,779.32,4.281978021978023,0.0605212475149105,0.0141339463220675,13.0,34.84,2.68,0.0027056411530815,0.0010095675944333,56.4,45.0,1.2533333333333334,4.2,5.0,0.8400000000000001,0.0043799701789264,0.003494657057654,0.0003261679920477,0.0003882952286282,0.9306930693069306,0.0693069306930693,0.9,0.1,609.7927745764624,12598.0,0.0484039351148168,0.010960584926707,2.139079272617036,0.0449960415698605,0.97834865805169,218270.0,172891.3333333333,16621.0,0.7920984713122889,0.0761488065240298,75141.0,8511.0,32865.0,27178.0,7492.0,199.0,8087.0,4287.0,67649.0,8312.0,24778.0,22891.0,0.099705886267151,0.900294113732849,0.0233815062859828,0.9766184937140172,0.2460672447892895,0.7539327552107105,0.157737876223416,0.842262123776584,baseline,female_P42,female,P42,1073123,CTRL,MDMA,CTRL_MDMA
2,active,7,blue,24,18-24,211.0,1302.88,6.1747867298578205,6905.08,14694.92,287.0,24.05951219512195,0.0886619321507024,0.0143587035519757,108.0,503.04,4.657777777777778,0.034232238079554,0.007349478595324,191.0,870.56,4.557905759162304,0.0592422415365309,0.0129976889972861,493,16328.92,33.1215415821501,1.1111948891181442,0.0335490087730998,18.0,34.28,1.9044444444444448,0.002332778946738,0.0012249130992206,45.0,296.68,6.592888888888889,0.0201892899042662,0.0030622827480517,130.0,1483.52,11.411692307692308,0.1009546156086593,0.0088465946054827,50.0,277.52,5.5504,0.0188854379608735,0.0034025363867241,29.0,104.04,3.587586206896552,0.0070799977134955,0.0019734711042999,219.0,1116.6,5.0986301369863005,0.075985442588323,0.0149031093738516,7.0,17.6,2.5142857142857147,0.0011976928081268,0.0004763550941413,32.4,29.0,1.1172413793103448,7.6,9.0,0.8444444444444444,0.0022048435785972,0.0019734711042999,0.000517185530782,0.0006124565496103,0.8099999999999999,0.19,0.7631578947368421,0.2368421052631578,718.7676849892289,14413.0,0.0498694015811579,0.0126776902217785,2.0980970827577345,0.0441646224555564,0.9808151388370948,172914.0,70464.66666666666,34752.0,0.4075127905586977,0.2009785211145424,44680.0,9618.0,34639.0,32783.0,5849.0,997.0,5899.0,9120.0,38831.0,8621.0,28740.0,23663.0,0.1309086839749328,0.8690913160250672,0.1036598045331669,0.896340195466833,0.170299373538497,0.8297006264615029,0.2781929658664552,0.7218070341335449,baseline,female_P42,female,P42,1073123,CTRL,MDMA,CTRL_MDMA
2,active,7,green,18,12-18,83.0,712.32,8.582168674698796,12873.2,8726.8,275.0,46.81163636363637,0.0816244213228216,0.0095109318421414,72.0,622.64,8.647777777777778,0.0713480313516982,0.008250446899207,106.0,1256.52,11.853962264150944,0.1439840491359948,0.012146491268277,272,18458.76,67.86308823529411,2.115180822294541,0.0311683549525599,5.0,13.64,2.728,0.0015630013292386,0.0005729477013338,31.0,151.6,4.890322580645161,0.0173717743044414,0.0035522757482696,82.0,1026.6,12.51951219512195,0.1176376220378603,0.0093963423018746,24.0,159.4,6.641666666666667,0.0182655727185222,0.0027501489664023,36.0,186.6,5.183333333333334,0.0213824082137782,0.0041252234496035,103.0,471.12,4.573980582524272,0.053985424210478,0.0118027226474767,8.0,17.04,2.13,0.0019526057661456,0.0009167163221341,0.0,0.0,0.0,5.2,6.0,0.8666666666666667,0.0,0.0,0.0005958656093871,0.0006875372416005,0.0,1.0,0.0,1.0,358.9355964483485,8420.0,0.0426289306945782,0.012308690601867,2.031197027078864,0.0403365064608438,0.9648439290461568,322105.0,217771.99999999997,24512.0,0.6760900948448486,0.0760994085779481,29568.0,8710.0,47125.0,17891.0,4153.0,358.0,10117.0,2519.0,25415.0,8352.0,37008.0,15372.0,0.1404558982683982,0.8595441017316018,0.0411021814006888,0.9588978185993112,0.214684350132626,0.785315649867374,0.1407970487954837,0.8592029512045163,baseline,female_P42,female,P42,1073143,CTRL,MDMA,CTRL_MDMA
2,active,7,green,24,18-24,111.0,1420.08,12.793513513513512,5209.96,16390.04,253.0,20.592727272727274,0.0866428635927673,0.006772405680523,51.0,352.08,6.903529411764706,0.0214813386666536,0.0031116458532132,121.0,1082.84,8.94909090909091,0.0660669528567349,0.007382532318408,306,17016.84,55.61058823529412,1.038242737662629,0.0186698751192797,4.0,6.36,1.59,0.0003880405416948,0.0002440506551539,101.0,1610.24,15.942970297029705,0.0982450317387877,0.006162279042638,147.0,3329.92,22.65251700680272,0.2031672894025884,0.0089688615769089,53.0,385.44,7.272452830188679,0.0235167211306378,0.0032336711807902,46.0,159.16,3.46,0.009710775568577,0.0028065825342708,211.0,1029.6,4.879620853080568,0.0628186386366354,0.0128736720593726,29.0,78.36,2.7020689655172414,0.0047809523344665,0.0017693672498663,2.4,3.0,0.7999999999999999,2.4,3.0,0.7999999999999999,0.0001464303930923,0.0001830379913654,0.0001464303930923,0.0001830379913654,0.5,0.5,0.5,0.5,519.5751988103028,16189.0,0.032094335586528,0.0063468680629049,2.1550664985742083,0.0299696061968942,0.9877340140719608,130502.0,52806.99999999999,24141.0,0.4046451395380913,0.1849856707176901,123752.0,13714.0,36045.0,35613.0,23272.0,1774.0,4861.0,9924.0,100480.0,11940.0,31184.0,25689.0,0.188053526407654,0.811946473592346,0.1293568616012833,0.8706431383987167,0.1348592037730614,0.8651407962269385,0.2786622862437873,0.7213377137562126,baseline,female_P42,female,P42,1073143,CTRL,MDMA,CTRL_MDMA
2,active,7,red,18,12-18,113.0,650.32,5.755044247787611,10692.12,10907.88,107.0,99.92635514018691,0.0596192844072358,0.0103594832359725,64.0,282.68,4.416875,0.0259152099216346,0.0058673179389578,320.0,1720.0,5.375,0.1576841696094933,0.0293365896947894,455,17876.64,39.28931868131868,1.6388739150045657,0.0417129634722787,10.0,18.28,1.828,0.0016758526863148,0.0009167684279621,37.0,427.4,11.55135135135135,0.0391826826111031,0.00339204318346,82.0,945.56,11.531219512195122,0.086685955474391,0.0075175011092897,29.0,143.72,4.9558620689655175,0.0131757958466723,0.0026586284410902,60.0,660.92,11.015333333333333,0.0605910589408757,0.005500610567773,166.0,689.76,4.155180722891566,0.0632350190871186,0.015218355904172,11.0,25.16,2.287272727272727,0.0023065893647528,0.0010084452707583,9.0,11.0,0.8181818181818182,10.6,11.0,0.9636363636363636,0.0008250915851659,0.0010084452707583,0.0009717745336399,0.0010084452707583,0.4591836734693877,0.5408163265306122,0.5,0.5,552.330811138352,10720.0,0.0515233965614134,0.0172317121854232,2.045407038461953,0.0458803122285163,0.9827757547754468,267410.0,195607.3333333333,17186.0,0.7314884758735025,0.0642683519688867,34443.0,20205.0,50451.0,16371.0,7426.0,438.0,9856.0,4534.0,27017.0,19767.0,40595.0,11837.0,0.2156025897860232,0.7843974102139767,0.0216778025241276,0.9783221974758723,0.1953578719946086,0.8046421280053914,0.2769531488607904,0.7230468511392095,baseline,female_P42,female,P42,1073098,ELA,MDMA,ELA_MDMA
2,active,7,red,24,18-24,125.0,1053.48,8.42784,6545.4,15054.6,245.0,26.715918367346937,0.0699772826910047,0.0083031100128864,65.0,235.04,3.616,0.0156125038194306,0.0043176172067009,215.0,1026.6,4.774883720930232,0.0681917819138336,0.0142813492221646,475,16590.2,34.926736842105264,1.1020020458863071,0.0315518180489684,11.0,24.56,2.2327272727272724,0.0016313950553319,0.000730673681134,59.0,551.6,9.34915254237288,0.0366399638648652,0.0039190679260823,102.0,1764.88,17.302745098039217,0.1172319423963439,0.0067753377705153,29.0,351.28,12.11310344827586,0.0233337318826139,0.0019263215229896,46.0,316.16,6.87304347826087,0.0210008900933933,0.0030555444847422,293.0,1412.88,4.822116040955632,0.0938503846000558,0.0194624898702057,32.0,87.76,2.7425,0.0058294474778473,0.0021255961632989,6.6,8.0,0.825,15.4,12.0,1.2833333333333334,0.0004384042086804,0.0005313990408247,0.0010229431535876,0.000797098561237,0.3,0.7000000000000001,0.4,0.6,624.0856034844032,14798.0,0.0421736453226384,0.0089283616016251,2.0813344269461154,0.0360987810029106,0.9829553757655468,163880.0,54238.999999999985,64613.0,0.3309677813033926,0.3942701977056382,58073.0,16761.0,31821.0,26462.0,20667.0,1418.0,5801.0,6168.0,37406.0,15343.0,26020.0,20294.0,0.3558796686928521,0.6441203313071479,0.0846011574488395,0.9153988425511604,0.1823009961974796,0.8176990038025204,0.2330889577507369,0.7669110422492631,baseline,female_P42,female,P42,1073098,ELA,MDMA,ELA_MDMA
2,active,7,yellow,18,12-18,70.0,403.96,5.7708571428571425,15274.24,6325.76,163.0,93.70699386503068,0.06385952043707,0.0110658640226628,49.0,234.8,4.791836734693878,0.0371180696074463,0.007746104815864,104.0,672.92,6.470384615384615,0.1063777316875758,0.016440712262242,191,20140.76,105.44900523560209,3.183927306758397,0.0301940004046944,1.0,1.04,1.04,0.0001644071226224,0.0001580837717523,43.0,580.08,13.490232558139535,0.0917012343180898,0.00679760218535,42.0,339.12,8.074285714285715,0.0536093686766491,0.0066395184135977,12.0,95.24,7.936666666666667,0.0150558984216916,0.0018970052610279,16.0,96.12,6.0075,0.0151950121408336,0.0025293403480372,67.0,311.68,4.651940298507463,0.0492715499797652,0.0105916127074059,9.0,24.2,2.6888888888888887,0.0038256272764063,0.0014227539457709,0.8,1.0,0.8,46.2,35.0,1.32,0.0001264670174018,0.0001580837717523,0.0073034702549575,0.0055329320113314,0.0170212765957446,0.9829787234042554,0.0277777777777777,0.9722222222222222,291.08547779427056,6089.0,0.0478051367702858,0.0132326824649489,2.0908569582988674,0.043242995623442,0.9625720861999192,382019.0,237373.3333333333,40731.0,0.6213652549567779,0.1066203513437813,23065.0,4812.0,22846.0,10169.0,7028.0,277.0,6841.0,2783.0,16037.0,4535.0,16005.0,7386.0,0.3047040971168437,0.6952959028831563,0.0575644222776392,0.9424355777223608,0.2994397268668476,0.7005602731331524,0.2736748942865571,0.7263251057134428,baseline,female_P42,female,P42,1073154,ELA,MDMA,ELA_MDMA
2,active,7,yellow,24,18-24,111.0,908.64,8.185945945945946,9455.52,12144.48,231.0,40.93298701298701,0.0748191771076242,0.0091399549424923,43.0,142.16,3.306046511627907,0.0117057296813037,0.0035407032660105,239.0,2067.32,8.64987447698745,0.1702271319974177,0.0196797228041052,410,18120.36,44.196,1.4920655310066795,0.0337601939317286,1.0,1.64,1.64,0.0001350407757269,8.234193641885038e-05,107.0,1151.4,10.760747663551404,0.0948085055926643,0.0088105871968169,58.0,703.2,12.124137931034484,0.0579028496897355,0.0047758323122933,24.0,128.88,5.37,0.0106122287656614,0.0019762064740524,18.0,165.0,9.166666666666666,0.0135864195091103,0.0014821548555393,129.0,551.12,4.272248062015504,0.0453802879991568,0.0106221097980316,16.0,36.44,2.2775,0.0030005401631029,0.0013174709827016,5.6,6.0,0.9333333333333332,21.6,22.0,0.981818181818182,0.0004611148439455,0.0004940516185131,0.0017785858266471,0.0018115226012147,0.2058823529411764,0.7941176470588235,0.2142857142857142,0.7857142857142857,441.8406362103277,11926.0,0.0370485188839785,0.0094519541784235,2.14056004804736,0.0335565702992969,0.9820099337312096,236619.0,94121.33333333331,37435.0,0.3977758900736344,0.1582079207502356,46530.0,7389.0,55519.0,22827.0,10581.0,1095.0,5969.0,7690.0,35949.0,6294.0,49550.0,15137.0,0.2274016763378465,0.7725983236621534,0.1481932602517255,0.8518067397482745,0.1075127433851474,0.8924872566148526,0.3368817628247251,0.6631182371752748,baseline,female_P42,female,P42,1073154,ELA,MDMA,ELA_MDMA
2,active,8,blue,18,12-18,75.0,542.6,7.234666666666667,15262.2,6337.799999999999,128.0,119.2359375,0.085613304301177,0.0118337593486698,51.0,294.56,5.775686274509804,0.046476695383256,0.0080469563570955,37.0,174.32,4.711351351351351,0.0275048123954684,0.0058379879453438,157,20387.6,129.8573248407643,3.216826027959229,0.0247720029032156,25.0,60.8,2.432,0.0095932342453217,0.0039445864495566,14.0,72.44,5.174285714285714,0.0114298336962352,0.0022089684117517,133.0,1434.48,10.785563909774435,0.2263372148063997,0.0209851999116412,27.0,171.64,6.357037037037037,0.0270819527280759,0.0042601533655211,15.0,49.52,3.3013333333333335,0.0078134368392817,0.0023667518697339,98.0,368.64,3.761632653061224,0.0581652939505822,0.0154627788822619,3.0,6.88,2.2933333333333334,0.0010855501909179,0.0004733503739467,4.4,5.0,0.8800000000000001,8.4,8.0,1.05,0.0006942472151219,0.0007889172899113,0.001325381047051,0.0012622676638581,0.34375,0.65625,0.3846153846153846,0.6153846153846154,273.47995567885573,6210.0,0.0440386402059349,0.0110207577168893,2.0680727132692796,0.0394906482260082,0.9798352740698666,381683.0,271149.6666666666,40642.0,0.7104054062315236,0.1064810326894307,37820.0,5571.0,11810.0,13640.0,4337.0,977.0,2248.0,4067.0,33483.0,4594.0,9562.0,9573.0,0.1146747752511898,0.8853252247488101,0.175372464548555,0.824627535451445,0.1903471634208298,0.8096528365791702,0.2981671554252199,0.70183284457478,baseline,female_P42,female,P42,1073155,ELA,MDMA,ELA_MDMA
2,active,8,blue,24,18-24,122.0,1050.4,8.609836065573772,11725.2,9874.8,192.0,61.06875,0.1063717746182201,0.0123546806011261,75.0,378.4,5.045333333333333,0.0383197634382468,0.0075950905334791,43.0,183.72,4.272558139534883,0.0186049337708105,0.004354518572528,266,18057.24,67.88436090225565,1.8286183011301496,0.026937254425406,22.0,63.16,2.87090909090909,0.0063960789079272,0.0022278932231538,23.0,89.0,3.869565217391304,0.0090128407663952,0.0023291610969336,115.0,1118.64,9.727304347826088,0.1132822943249483,0.011645805484668,33.0,207.76,6.295757575757576,0.021039413456475,0.0033418398347308,16.0,64.72,4.045,0.0065540567910236,0.0016202859804755,126.0,595.72,4.7279365079365085,0.060327297768056,0.0127597520962449,4.0,9.72,2.43,0.0009843237331388,0.0004050714951188,10.2,10.0,1.02,34.0,30.0,1.1333333333333333,0.0010329323125531,0.0010126787377972,0.0034431077085105,0.0030380362133916,0.2307692307692307,0.7692307692307692,0.25,0.75,373.386627924995,8977.0,0.0415936981090559,0.0100819395041563,2.0719770811287055,0.0371513914708124,0.9090817029205656,293322.0,158218.66666666666,72005.0,0.5394026587390877,0.2454810754051861,30329.0,6861.0,14171.0,26382.0,3429.0,741.0,2413.0,7864.0,26900.0,6120.0,11758.0,18518.0,0.1130601074878828,0.8869398925121171,0.1080017490161784,0.8919982509838216,0.1702773269352903,0.8297226730647096,0.2980820256235312,0.7019179743764689,baseline,female_P42,female,P42,1073155,ELA,MDMA,ELA_MDMA
2,active,8,green,18,12-18,108.0,667.96,6.184814814814815,11595.0,10005.0,169.0,68.6094674556213,0.0667626186906546,0.0107946026986506,117.0,666.72,5.6984615384615385,0.0666386806596701,0.0116941529235382,87.0,428.44,4.924597701149425,0.0428225887056471,0.008695652173913,293,19187.8,65.48737201365188,1.9178210894552723,0.0292853573213393,38.0,104.16,2.741052631578947,0.0104107946026986,0.0037981009495252,37.0,202.24,5.465945945945946,0.0202138930534732,0.0036981509245377,133.0,2320.2,17.445112781954887,0.2319040479760119,0.0132933533233383,70.0,474.96,6.785142857142857,0.0474722638680659,0.0069965017491254,48.0,168.4,3.5083333333333333,0.016831584207896,0.0047976011994002,138.0,573.52,4.155942028985507,0.0573233383308345,0.0137931034482758,12.0,26.16,2.18,0.0026146926536731,0.00119940029985,10.8,11.0,0.981818181818182,12.6,14.0,0.9,0.001079460269865,0.0010994502748625,0.0012593703148425,0.001399300349825,0.4615384615384616,0.5384615384615384,0.44,0.56,418.8629890019072,9874.0,0.0424208009926987,0.009705984114475,2.0549930175055775,0.0392792522549301,0.9869065467266368,290044.0,245514.99999999997,3042.0,0.8464750175835389,0.010488063879963,63231.0,16202.0,27583.0,16807.0,8582.0,1729.0,4288.0,2596.0,54649.0,14473.0,23295.0,14211.0,0.1357245654821211,0.8642754345178789,0.1067152203431675,0.8932847796568325,0.1554580720008701,0.8445419279991299,0.1544594514190516,0.8455405485809484,baseline,female_P42,female,P42,1073134,CTRL,MDMA,CTRL_MDMA
2,active,8,green,24,18-24,127.0,771.6,6.075590551181103,8452.88,13147.12,264.0,32.018484848484846,0.0586896597886076,0.0096599103073524,104.0,559.0,5.375,0.0425188178095278,0.0079104777320051,67.0,323.16,4.8232835820895525,0.0245802883064884,0.0050961731542725,318,17164.8,53.97735849056603,1.3055939247531017,0.0241878069113235,21.0,52.4,2.4952380952380953,0.0039856637803564,0.0015973080035779,57.0,465.2,8.16140350877193,0.0353841753935462,0.0043355502954259,123.0,2506.48,20.37788617886179,0.1906485983241957,0.0093556611638138,61.0,468.44,7.679344262295082,0.0356306171998125,0.0046397994389645,47.0,204.56,4.352340425531915,0.0155593012005671,0.0035749274365792,175.0,774.88,4.427885714285714,0.0589391440863093,0.0133109000298164,13.0,33.24,2.556923076923077,0.0025283103828062,0.0009888097165006,20.6,18.0,1.1444444444444446,13.6,14.0,0.9714285714285714,0.0015668830892241,0.0013691211459239,0.0010344470880314,0.0010648720023853,0.6023391812865497,0.3976608187134502,0.5625,0.4375,506.03501584779747,12228.0,0.0413833019175496,0.0087045656926609,2.0777387300467285,0.0389616300969798,0.9300896317976864,211586.0,140905.0,23550.0,0.6659467072490618,0.1113022600739179,74472.0,16933.0,22225.0,19417.0,8196.0,1830.0,3061.0,5478.0,66276.0,15103.0,19164.0,13939.0,0.1100547856912665,0.8899452143087335,0.1080729935628654,0.8919270064371346,0.1377277840269966,0.8622722159730034,0.2821239120358448,0.7178760879641551,baseline,female_P42,female,P42,1073134,CTRL,MDMA,CTRL_MDMA
2,active,8,red,18,12-18,72.0,769.76,10.69111111111111,13412.04,8187.959999999999,76.0,176.4742105263158,0.094011206698616,0.0087933990884176,39.0,328.12,8.413333333333334,0.0400734737346054,0.0047630911728928,33.0,199.28,6.038787878787879,0.0243381745880536,0.0040303079155247,158,19425.12,122.94379746835442,2.3724004513944865,0.0192966257773609,22.0,85.24,3.8745454545454545,0.0104104074763433,0.0026868719436831,14.0,88.6,6.328571428571428,0.0108207661004694,0.0017098276005256,118.0,1861.76,15.777627118644068,0.2273777595396167,0.0144114040615733,25.0,293.16,11.726400000000002,0.0358037899550071,0.0030532635723672,22.0,153.44,6.974545454545455,0.0187397105017611,0.0026868719436831,132.0,579.36,4.38909090909091,0.0707575513314671,0.0161212316620989,22.0,58.28,2.649090909090909,0.0071177680399024,0.0026868719436831,14.8,12.0,1.2333333333333334,3.0,3.0,1.0,0.0018075320348414,0.0014655665147362,0.000366391628684,0.000366391628684,0.8314606741573034,0.1685393258426966,0.8,0.2,252.58666701354556,8108.0,0.0311527709686168,0.0071583070408549,2.122665961153598,0.0292954268460766,0.9902344417901408,335377.0,251401.3333333333,28680.0,0.7496081524175281,0.0855157032235365,48891.0,11212.0,13257.0,19316.0,4537.0,1568.0,2991.0,4914.0,44354.0,9644.0,10266.0,14402.0,0.092798265529443,0.907201734470557,0.1398501605422761,0.8601498394577238,0.2256166553518895,0.7743833446481104,0.2544004969973079,0.7455995030026921,baseline,female_P42,female,P42,1073099,ELA,MDMA,ELA_MDMA
2,active,8,red,24,18-24,107.0,1737.84,16.241495327102804,8388.92,13211.08,105.0,79.8944761904762,0.1315441281106465,0.0080992621345113,51.0,469.92,9.214117647058824,0.0355701426378464,0.0038603959706549,40.0,278.52,6.962999999999999,0.0210823036420943,0.0030277615456117,226,17208.92,76.14566371681416,1.3026126554377082,0.0171068527327061,16.0,43.68,2.73,0.0033063156078079,0.0012111046182446,46.0,321.44,6.987826086956522,0.0243310917805357,0.0034819257774534,99.0,2430.88,24.554343434343437,0.184003124649915,0.0074937098253889,35.0,276.6,7.902857142857144,0.020936971087905,0.0026492913524102,23.0,89.08,3.8730434782608696,0.0067428249620772,0.0017409628887267,198.0,836.28,4.223636363636364,0.0633014106341041,0.0149874196507779,27.0,71.12,2.6340740740740745,0.0053833600280976,0.0020437390432879,25.6,26.0,0.9846153846153848,8.6,8.0,1.075,0.0019377673891914,0.0019680450046476,0.0006509687323065,0.0006055523091223,0.7485380116959064,0.2514619883040935,0.7647058823529411,0.2352941176470588,349.87408512663336,12394.0,0.0282293113705529,0.0058044378467743,2.1357077678819953,0.0258338913009121,0.9381519149077896,209828.0,142226.66666666666,29713.0,0.677825012232241,0.1416064586232533,68953.0,9200.0,18802.0,43553.0,8684.0,1273.0,3192.0,10436.0,60269.0,7927.0,15610.0,33117.0,0.1259408582657752,0.8740591417342247,0.1383695652173913,0.8616304347826087,0.1697691734921816,0.8302308265078183,0.2396160999242302,0.7603839000757697,baseline,female_P42,female,P42,1073099,ELA,MDMA,ELA_MDMA
2,active,8,yellow,18,12-18,99.0,605.52,6.116363636363636,12804.28,8795.72,98.0,130.65591836734694,0.0688425734334426,0.0112554742533868,57.0,385.16,6.757192982456141,0.0437894794286312,0.0064804245701318,50.0,234.88,4.6976,0.0267038968953081,0.0056845829562559,197,20058.4,101.81928934010152,2.2804727753953062,0.0223972568476486,26.0,72.96,2.8061538461538458,0.0082949434497687,0.0029559831372531,39.0,207.32,5.315897435897436,0.0235705547698198,0.0044339747058796,149.0,1401.72,9.40751677852349,0.1593638724288631,0.0169400572096428,52.0,437.6,8.415384615384616,0.0497514700331524,0.0059119662745062,51.0,306.36,6.0070588235294125,0.0348305766895717,0.0057982746153811,127.0,507.56,3.996535433070866,0.0577053385055458,0.0144388407088902,10.0,22.52,2.252,0.0025603361634977,0.0011369165912511,9.4,10.0,0.94,15.4,13.0,1.1846153846153846,0.0010687015957761,0.0011369165912511,0.0017508515505268,0.0014779915686265,0.3790322580645161,0.6209677419354839,0.4347826086956521,0.5652173913043478,317.010500803528,8699.0,0.0364421773541243,0.0090541359867871,2.097977467827674,0.0344285226797525,0.9890037427294184,320205.0,258127.3333333333,14879.0,0.8061314886817299,0.0464671070095719,40414.0,18702.0,15608.0,15237.0,6944.0,2280.0,3655.0,5772.0,33470.0,16422.0,11953.0,9465.0,0.1718216459642698,0.8281783540357301,0.1219120949631055,0.8780879050368945,0.2341747821629933,0.7658252178370066,0.3788147273085253,0.6211852726914747,baseline,female_P42,female,P42,1073144,CTRL,MDMA,CTRL_MDMA
2,active,8,yellow,24,18-24,154.0,1180.16,7.663376623376624,7033.52,14566.48,134.0,52.4889552238806,0.0810188871985545,0.0105722178590846,82.0,596.6,7.275609756097562,0.0409570465891553,0.005629362756136,51.0,222.72,4.367058823529412,0.0152898984517879,0.0035011890312553,322,17917.6,55.64472049689441,1.2300569526749083,0.0221055464326316,33.0,82.72,2.506666666666667,0.0056787913071654,0.0022654752555181,70.0,339.4,4.848571428571428,0.0233000697491775,0.0048055535723112,194.0,2867.24,14.77958762886598,0.1968382203524804,0.0133182484718339,77.0,670.96,8.713766233766234,0.0460619174982562,0.0052861089295423,54.0,290.36,5.377037037037037,0.0199334362179469,0.0037071413272115,180.0,807.32,4.485111111111111,0.0554231358571185,0.0123571377573717,12.0,28.04,2.3366666666666664,0.0019249674595372,0.0008238091838247,12.8,12.0,1.0666666666666669,13.0,14.0,0.9285714285714286,0.0008787297960797,0.0008238091838247,0.0008924599491435,0.0009611107144622,0.4961240310077519,0.5038759689922481,0.4615384615384615,0.5384615384615384,477.8167762331227,13719.0,0.0348288341885795,0.0080498927176979,2.1087645670243025,0.0323008953527695,0.9418198494076812,175972.0,134959.66666666666,12053.0,0.7669383007902771,0.0684938512945241,80430.0,24164.0,20616.0,29658.0,11890.0,2234.0,3937.0,9627.0,68540.0,21930.0,16679.0,20031.0,0.1478304115379833,0.8521695884620166,0.0924515808640953,0.9075484191359048,0.1909681800543267,0.8090318199456733,0.3246004450738418,0.6753995549261582,baseline,female_P42,female,P42,1073144,CTRL,MDMA,CTRL_MDMA
3,active,1,blue,18,12-18,231.0,1160.2,5.022510822510823,10901.44,10698.56,161.0,67.71080745341615,0.1084445009421828,0.0215916908443753,132.0,703.24,5.327575757575758,0.0657322106900367,0.0123381090539287,174.0,880.44,5.0600000000000005,0.0822951873897047,0.0162638710256333,439,17941.56,40.869157175398634,1.6770069990727725,0.0410335596566266,28.0,52.72,1.8828571428571428,0.0049277659797206,0.002617174647803,69.0,387.12,5.610434782608696,0.0361843089163401,0.0064494660963718,168.0,1589.68,9.462380952380952,0.1485882212185565,0.0157030478868184,19.0,42.84,2.254736842105263,0.0040042772111386,0.0017759399395806,33.0,145.76,4.416969696969697,0.0136242634522776,0.0030845272634821,156.0,711.76,4.562564102564102,0.066528579547154,0.0145814016091885,2.0,5.08,2.54,0.0004748302575299,0.0001869410462716,2.0,2.0,1.0,7.4,8.0,0.925,0.0001869410462716,0.0001869410462716,0.000691681871205,0.0007477641850865,0.2127659574468085,0.7872340425531915,0.2,0.8,501.2034670112203,10525.0,0.0476202819013035,0.0159494463354846,1.949709764626922,0.0440232898747613,0.9837772560045464,272697.0,209680.3333333333,24583.0,0.7689132382583355,0.0901476730583761,49657.0,4767.0,39898.0,29236.0,16172.0,125.0,6495.0,8219.0,33485.0,4642.0,33403.0,21017.0,0.325674124494029,0.674325875505971,0.0262219425215019,0.973778057478498,0.1627901147927214,0.8372098852072786,0.281126009029963,0.7188739909700369,baseline,female_P42,female,P42,1072271,ELA,MDMA,ELA_MDMA
3,active,1,blue,24,18-24,193.0,785.48,4.069844559585492,8605.88,12994.12,120.0,71.71566666666666,0.0604488799549334,0.0148528719143735,165.0,1024.84,6.211151515151514,0.0788695194441793,0.0126980511185059,190.0,990.44,5.212842105263158,0.0762221681806848,0.0146219982576734,423,15372.64,36.34193853427896,1.183045869978113,0.0325531855947151,21.0,42.4,2.019047619047619,0.0032630143480281,0.0016161155969007,55.0,325.88,5.925090909090909,0.025079035748477,0.0042326837061686,188.0,1233.52,6.561276595744681,0.0949290910042388,0.01446808248654,26.0,116.68,4.487692307692308,0.0089794460879228,0.0020009050247342,39.0,169.24,4.33948717948718,0.0130243525533087,0.0030013575371013,174.0,750.56,4.313563218390804,0.0577615105909442,0.0133906720886062,4.0,9.92,2.48,0.0007634222248216,0.0003078315422668,0.8,1.0,0.8,12.6,12.0,1.05,6.156630845336199e-05,7.695788556670248e-05,0.0009696693581404,0.0009234946268004,0.0597014925373134,0.9402985074626864,0.0769230769230769,0.9230769230769232,465.9037287001332,10103.0,0.0461153844105843,0.0153498281832259,1.954320525116096,0.0440742036886025,0.7775055178803951,215267.0,160100.66666666666,24326.0,0.743730653870155,0.1130038510315097,39228.0,7213.0,50737.0,19830.0,8042.0,106.0,8214.0,4529.0,31186.0,7107.0,42523.0,15301.0,0.2050066279188334,0.7949933720811665,0.0146956883404963,0.9853043116595036,0.1618936870528411,0.8381063129471589,0.2283913262733232,0.7716086737266767,baseline,female_P42,female,P42,1072271,ELA,MDMA,ELA_MDMA
3,active,1,green,18,12-18,221.0,1595.8,7.220814479638009,7940.72,13659.28,125.0,63.525760000000005,0.1168289983073778,0.0161794765170638,94.0,503.28,5.354042553191489,0.0368452802783162,0.0068817682923258,131.0,695.88,5.31206106870229,0.0509455842474859,0.0095905494286668,387,17665.28,45.64671834625323,1.2932804657346506,0.0283323864801072,7.0,13.16,1.88,0.0009634475609256,0.0005124721068753,105.0,1308.88,12.46552380952381,0.095823498749568,0.0076870816031298,238.0,2872.72,12.070252100840335,0.2103126958375551,0.017424051633761,30.0,147.04,4.901333333333333,0.0107648426564211,0.0021963090294656,40.0,207.96,5.199,0.0152248141922561,0.0029284120392875,181.0,689.52,3.809502762430939,0.0504799667332392,0.0132510644777762,8.0,20.48,2.56,0.0014993469641152,0.0005856824078575,1.0,1.0,1.0,1.0,1.0,1.0,7.321030098218939e-05,7.321030098218939e-05,7.321030098218939e-05,7.321030098218939e-05,0.5,0.5,0.5,0.5,663.9267295732642,13553.0,0.0489874366983888,0.012034996137027,2.084078099866105,0.0434977360464359,0.9922192092116128,198643.0,182130.3333333333,2224.0,0.9168726475805002,0.0111959646199463,104883.0,8945.0,30173.0,40116.0,23430.0,163.0,6436.0,10353.0,81453.0,8782.0,23737.0,29763.0,0.223391779411344,0.776608220588656,0.0182224706539966,0.9817775293460034,0.2133032843933318,0.7866967156066682,0.2580765779240203,0.7419234220759796,baseline,female_P42,female,P42,1072473,CTRL,MDMA,CTRL_MDMA
3,active,1,green,24,18-24,150.0,915.2,6.101333333333334,7868.12,13731.88,194.0,40.55731958762887,0.0666478297217861,0.0109234860776528,59.0,295.8,5.013559322033898,0.0215411145451314,0.0042965711905434,78.0,388.6,4.982051282051282,0.0282991112651727,0.0056802127603794,254,16441.88,64.73181102362206,1.1973509818029289,0.0184971030914922,5.0,12.68,2.536,0.0009233986897642,0.0003641162025884,43.0,337.44,7.847441860465116,0.0245734742802879,0.0031313993422604,401.0,3840.84,9.578154613466335,0.2797024151099485,0.029202119447592,21.0,46.2,2.2,0.003364433711917,0.0015292880508714,38.0,150.76,3.967368421052631,0.0109788317404463,0.002767283139672,140.0,524.6,3.7471428571428578,0.038203071975578,0.010195253672476,4.0,9.24,2.31,0.0006728867423834,0.0002912929620707,2.8,3.0,0.9333333333333332,4.0,5.0,0.8,0.0002039050734495,0.000218469721553,0.0002912929620707,0.0003641162025884,0.4117647058823529,0.5882352941176471,0.375,0.625,571.0549573027157,10793.0,0.0529097523675267,0.0106029672522371,2.1432142991785734,0.0488992330839487,0.7859812349073835,196897.0,167088.66666666666,2780.0,0.8486095098791077,0.0141190571720239,104891.0,4983.0,17247.0,23030.0,18760.0,98.0,4228.0,6197.0,86131.0,4885.0,13019.0,16833.0,0.1788523324212754,0.8211476675787246,0.0196668673489865,0.9803331326510134,0.2451440830289325,0.7548559169710675,0.2690838037342596,0.7309161962657403,baseline,female_P42,female,P42,1072473,CTRL,MDMA,CTRL_MDMA
3,active,1,red,18,12-18,111.0,1354.04,12.198558558558558,12919.08,8680.92,124.0,104.18612903225808,0.1559788593835676,0.0127866631647336,52.0,258.76,4.976153846153846,0.0298079005451035,0.0059901485096049,38.0,149.52,3.9347368421052633,0.0172239808683872,0.0043774162185574,219,18894.76,86.27744292237442,2.1765849702566085,0.0252277408385286,18.0,42.48,2.36,0.0048934905516926,0.0020735129456324,89.0,1087.88,12.223370786516854,0.1253185146274819,0.0102523695645162,121.0,1010.24,8.34909090909091,0.116374762121987,0.0139386148011961,14.0,88.88,6.348571428571428,0.0102385461448786,0.0016127322910474,10.0,29.28,2.928,0.0033729143915621,0.0011519516364624,132.0,512.16,3.88,0.0589983550130631,0.0152057616013049,10.0,22.6,2.26,0.0026034106984052,0.0011519516364624,7.4,8.0,0.925,4.0,5.0,0.8,0.0008524442109822,0.0009215613091699,0.0004607806545849,0.0005759758182312,0.6491228070175439,0.3508771929824561,0.6153846153846154,0.3846153846153846,278.340221352091,8546.0,0.0325696491167904,0.0080784090497462,2.084497300329969,0.0294445938034233,0.984457868520848,323101.0,215222.66666666663,54591.0,0.6661157553417248,0.168959551347721,52663.0,2978.0,10297.0,33962.0,21807.0,16.0,2747.0,7792.0,30856.0,2962.0,7550.0,26170.0,0.4140857907829026,0.5859142092170974,0.0053727333781061,0.994627266621894,0.2667767310867243,0.7332232689132757,0.2294328955891879,0.7705671044108121,baseline,female_P42,female,P42,1072335,ELA,MDMA,ELA_MDMA
3,active,1,red,24,18-24,108.0,999.96,9.258888888888889,11850.08,9749.92,118.0,100.424406779661,0.1025608415248535,0.0110770139652427,53.0,311.76,5.882264150943396,0.0319756469796675,0.0054359420384987,41.0,180.68,4.406829268292683,0.0185314341040747,0.0042051627090273,214,16380.68,76.54523364485982,1.6800835288904934,0.0219488980422403,11.0,33.88,3.08,0.0034749003068743,0.0011282143853488,15.0,86.16,5.744,0.0088369955856048,0.0015384741618392,127.0,1225.88,9.652598425196851,0.1257323137010355,0.0130257479035725,4.0,26.48,6.62,0.0027159197203669,0.0004102597764904,8.0,56.88,7.11,0.0058338940216945,0.0008205195529809,99.0,408.12,4.122424242424242,0.041858804995323,0.0101539294681392,10.0,24.88,2.488,0.0025518158097707,0.0010256494412261,11.4,12.0,0.95,1.6,2.0,0.8,0.0011692403629978,0.0012307793294714,0.0001641039105961,0.0002051298882452,0.8769230769230769,0.123076923076923,0.8571428571428571,0.1428571428571428,238.2748133146463,6868.0,0.034693478933408,0.009550262577179,2.1061051783354565,0.031080392712132,0.7044160362341435,296370.0,191124.0,45769.0,0.6448830853325236,0.1544319600499376,32943.0,2096.0,12405.0,25107.0,7720.0,81.0,4740.0,5600.0,25223.0,2015.0,7665.0,19507.0,0.2343441702334335,0.7656558297665665,0.0386450381679389,0.961354961832061,0.3821039903264812,0.6178960096735188,0.2230453658342295,0.7769546341657705,baseline,female_P42,female,P42,1072335,ELA,MDMA,ELA_MDMA
3,active,1,yellow,18,12-18,163.0,751.4,4.609815950920245,11311.52,10288.48,149.0,75.91624161073825,0.073033139977917,0.0158429622257126,120.0,436.96,3.6413333333333338,0.0424708022953828,0.0116635304729172,94.0,357.32,3.801276595744681,0.0347301059048566,0.0091364322037852,269,19925.6,74.0728624535316,1.936690356593005,0.0261457474767895,15.0,27.96,1.864,0.0027176026001897,0.0014579413091146,72.0,522.16,7.252222222222222,0.050751908931154,0.0069981182837503,149.0,1069.92,7.180671140939598,0.1039920376965305,0.0144822170038722,34.0,94.04,2.7658823529411767,0.0091403200472761,0.0033046669673265,36.0,128.84,3.578888888888889,0.0125227438844221,0.0034990591418751,121.0,452.88,3.742809917355372,0.0440181640047898,0.0117607265601915,4.0,9.0,2.25,0.0008747647854687,0.0003887843490972,7.0,8.0,0.875,5.0,5.0,1.0,0.0006803726109201,0.0007775686981944,0.0004859804363715,0.0004859804363715,0.5833333333333334,0.4166666666666667,0.6153846153846154,0.3846153846153846,615.512462593748,10144.0,0.0606774903976486,0.0174733318625459,2.110943421127927,0.0570531763680886,0.9859571093106076,282937.0,213650.0,22884.0,0.7551150962935211,0.0808801959446802,40023.0,5642.0,20071.0,18948.0,16503.0,38.0,5050.0,5066.0,23520.0,5604.0,15021.0,13882.0,0.4123379057042201,0.58766209429578,0.0067352002835873,0.9932647997164126,0.251606795874645,0.748393204125355,0.2673633101118851,0.7326366898881148,baseline,female_P42,female,P42,1072483,CTRL,MDMA,CTRL_MDMA
3,active,1,yellow,24,18-24,154.0,800.32,5.196883116883117,9705.28,11894.72,211.0,45.99658767772512,0.0672836350918727,0.0129469209867907,103.0,349.48,3.393009708737864,0.0293811035484652,0.00865930429636,101.0,386.2,3.823762376237624,0.0324681875655753,0.0084911624653627,262,16996.2,64.87099236641221,1.4288860939980093,0.022026579860644,10.0,25.4,2.54,0.0021354012536654,0.0008407091549864,60.0,427.76,7.129333333333333,0.0359621748136988,0.0050442549299184,104.0,886.8,8.526923076923076,0.0745540878641952,0.0087433752118587,27.0,73.16,2.7096296296296294,0.0061506281778806,0.0022699147184633,18.0,68.0,3.7777777777777777,0.0057168222539076,0.0015132764789755,105.0,385.12,3.667809523809524,0.0323773909768367,0.0088274461273573,,,,,,6.6,7.0,0.9428571428571428,3.4,4.0,0.85,0.000554868042291,0.0005884964084904,0.0002858411126953,0.0003362836619945,0.6599999999999999,0.3399999999999999,0.6363636363636364,0.3636363636363636,511.5992807630324,8931.0,0.0572835383230357,0.0159346248209998,2.0497071228775186,0.0536876507907931,0.7508373463183665,242843.0,174360.66666666666,24586.0,0.7179974990700438,0.1012423664672236,33028.0,3574.0,18596.0,20162.0,12391.0,179.0,4233.0,4238.0,20637.0,3395.0,14363.0,15924.0,0.3751665253724113,0.6248334746275888,0.0500839395635142,0.9499160604364856,0.2276295977629597,0.7723704022370402,0.210197401051483,0.789802598948517,baseline,female_P42,female,P42,1072483,CTRL,MDMA,CTRL_MDMA
3,active,2,blue,18,12-18,147.0,973.76,6.62421768707483,11393.52,10206.48,140.0,81.38228571428571,0.095406055760654,0.0144026148094151,54.0,266.16,4.928888888888889,0.0260775507324758,0.0052907564606015,59.0,308.6,5.230508474576272,0.0302356934026226,0.0057806413180646,284,19254.2,67.79647887323944,1.8864682045132113,0.0278254599039041,16.0,39.16,2.4475,0.003836778203651,0.0015676315438819,91.0,1228.96,13.505054945054946,0.1204097788855707,0.0089159044058284,82.0,579.92,7.072195121951219,0.0568188053080004,0.0080341116623948,57.0,338.88,5.945263157894737,0.0332024360994192,0.0055846873750793,63.0,298.92,4.744761904761905,0.029287276318574,0.006172549204035,157.0,636.56,4.054522292993631,0.0623682209733424,0.0153823845243413,14.0,40.04,2.86,0.0039229979385645,0.0013716776008966,0.8,1.0,0.8,13.4,14.0,0.9571428571428572,7.83815771940963e-05,9.797697149262038e-05,0.0013128914180011,0.0013716776008966,0.056338028169014,0.943661971830986,0.0666666666666666,0.9333333333333332,385.98555840501024,10063.0,0.0383569073243575,0.0101085199401612,2.010890279577205,0.0357501236433713,0.9859422641302388,284978.0,164850.66666666666,56978.0,0.5784680454865522,0.1999382408466618,45395.0,16065.0,14482.0,24491.0,24179.0,992.0,2940.0,6159.0,21216.0,15073.0,11542.0,18332.0,0.5326357528362154,0.4673642471637845,0.0617491441020852,0.9382508558979148,0.2030106338903466,0.7969893661096533,0.2514801355600016,0.7485198644399984,baseline,female_P42,female,P42,1072272,ELA,MDMA,ELA_MDMA
3,active,2,blue,24,18-24,178.0,1249.76,7.0211235955056175,10134.0,11466.0,171.0,59.26315789473684,0.1089970347113204,0.0155241583813012,83.0,401.88,4.841927710843374,0.0350497121925693,0.0072387929530786,78.0,536.56,6.878974358974358,0.046795743938601,0.0068027210884353,343,18567.36,54.13224489795918,1.6193406593406594,0.0299145299145299,19.0,38.84,2.0442105263157897,0.0033874062445491,0.0016570730856445,106.0,1207.16,11.388301886792451,0.1052817024245595,0.0092447235304378,142.0,959.16,6.7546478873239435,0.0836525379382522,0.0123844409558695,78.0,419.8,5.3820512820512825,0.0366125937554509,0.0068027210884353,39.0,134.68,3.4533333333333336,0.0117460317460317,0.0034013605442176,161.0,660.12,4.100124223602484,0.0575719518576661,0.014041514041514,9.0,21.68,2.408888888888889,0.0018908076050933,0.0007849293563579,4.0,5.0,0.8,28.4,28.0,1.0142857142857142,0.0003488574917146,0.0004360718646432,0.0024768881911739,0.0024420024420024,0.1234567901234568,0.8765432098765432,0.1515151515151515,0.8484848484848485,466.00618864344,11299.0,0.0412431355556633,0.0108192394565222,2.042162884513137,0.0387178354479541,0.985435199720914,253521.0,177127.6666666667,41544.0,0.6986705900760358,0.1638680819340409,54406.0,13979.0,23622.0,31422.0,32494.0,839.0,3594.0,9913.0,21912.0,13140.0,20028.0,21509.0,0.5972503032753741,0.4027496967246259,0.0600185993275627,0.9399814006724372,0.1521463042926086,0.8478536957073914,0.3154796002800585,0.6845203997199415,baseline,female_P42,female,P42,1072272,ELA,MDMA,ELA_MDMA
3,active,2,green,18,12-18,198.0,1395.72,7.049090909090909,10641.48,10958.52,355.0,29.976,0.1273639141051893,0.0180681332880717,118.0,457.24,3.874915254237288,0.0417246124476662,0.0107678774141033,93.0,361.8,3.8903225806451616,0.033015407190022,0.0084865474534882,332,18953.92,57.090120481927705,1.729605822684085,0.0302960618769687,28.0,46.24,1.6514285714285717,0.0042195478951537,0.0025550895558889,109.0,1948.88,17.879633027522935,0.1778415333457437,0.0099465986282819,147.0,1365.08,9.28625850340136,0.1245679161054594,0.0134142201684169,50.0,231.32,4.6264,0.0211086898595795,0.0045626599212302,33.0,79.24,2.401212121212121,0.0072309034431656,0.0030113555480119,166.0,716.76,4.317831325301205,0.0654066425028197,0.0151480309384843,1.0,2.0,2.0,0.0001825063968492,9.125319842460478e-05,5.4,6.0,0.9,10.6,11.0,0.9636363636363636,0.0004927672714928,0.0005475191905476,0.0009672839033008,0.0010037851826706,0.3375,0.6625,0.3529411764705882,0.6470588235294118,538.567418312368,10700.0,0.0503334035805951,0.0132924524808804,1.9912052636137945,0.0469749783885547,0.9764092231432712,266392.0,173200.99999999997,30076.0,0.6501734286314903,0.1129012883269767,83105.0,7847.0,20687.0,35091.0,46448.0,551.0,5292.0,6699.0,36657.0,7296.0,15395.0,28392.0,0.5589074062932435,0.4410925937067565,0.0702179176755447,0.9297820823244553,0.2558128293130952,0.7441871706869048,0.1909036505086774,0.8090963494913226,baseline,female_P42,female,P42,1072443,CTRL,MDMA,CTRL_MDMA
3,active,2,green,24,18-24,269.0,2119.72,7.879999999999999,8658.32,12941.68,205.0,42.23570731707317,0.1637901725278325,0.0207855548893188,90.0,347.48,3.8608888888888897,0.026849682575987,0.0069542748700323,113.0,418.6,3.7044247787610622,0.0323451051177281,0.0087314784479294,385,17135.0,44.506493506493506,1.3240166655333774,0.0297488424995827,24.0,40.64,1.6933333333333334,0.0031402414524234,0.0018544732986752,70.0,1527.32,21.81885714285714,0.1180155899388641,0.0054088804544695,144.0,1020.88,7.089444444444444,0.0788831125479845,0.0111268397920517,45.0,273.84,6.085333333333333,0.021159540337885,0.0034771374350161,27.0,89.2,3.303703703703704,0.0068924590934098,0.0020862824610096,188.0,832.08,4.4259574468085106,0.0642945892650722,0.0145267075062897,11.0,30.88,2.807272727272727,0.0023860889776288,0.0008499669285595,10.6,11.0,0.9636363636363636,18.8,20.0,0.94,0.0008190590402482,0.0008499669285595,0.0014526707506289,0.0015453944155627,0.3605442176870748,0.6394557823129252,0.3548387096774194,0.6451612903225806,652.1699128378172,12769.0,0.0510744704235114,0.013271712498563,2.0388467820528637,0.0457639222988337,0.9866570646160312,216663.0,167485.3333333333,24863.0,0.7730223126852915,0.1147542496873024,63919.0,9148.0,19355.0,53262.0,34040.0,966.0,3096.0,14634.0,29879.0,8182.0,16259.0,38628.0,0.5325490073374114,0.4674509926625886,0.1055968517708788,0.8944031482291211,0.1599586670111082,0.8400413329888917,0.2747549847921595,0.7252450152078405,baseline,female_P42,female,P42,1072443,CTRL,MDMA,CTRL_MDMA
3,active,2,red,18,12-18,161.0,1684.08,10.460124223602485,7974.36,13625.64,96.0,83.06625,0.1235963962059763,0.0118159587366171,56.0,647.44,11.561428571428571,0.0475163001517726,0.0041098986909972,75.0,479.28,6.3904,0.0351748615110923,0.0055043286040141,270,18092.44,67.00903703703703,1.3278231334454749,0.0198155829744511,20.0,53.6,2.68,0.0039337601756688,0.0014678209610704,31.0,448.0,14.451612903225806,0.0328791895279781,0.0022751224896592,272.0,5367.28,19.732647058823527,0.3939103043967109,0.0199623650705581,13.0,56.04,4.310769230769231,0.0041128343329194,0.0009540836246957,61.0,475.4,7.79344262295082,0.0348901042446446,0.0044768539312648,190.0,728.48,3.8341052631578942,0.0534639106860301,0.0139442991301693,16.0,39.48,2.4675,0.002897478577153,0.0011742567688563,26.4,27.0,0.9777777777777776,2.8,3.0,0.9333333333333332,0.0019375236686129,0.0019815582974451,0.0002054949345498,0.0002201731441605,0.9041095890410958,0.0958904109589041,0.9,0.1,384.31904924584825,13526.0,0.0284133557035227,0.0088742097122227,2.1538185664246785,0.0258620279046662,0.992687315971947,199455.0,144661.66666666666,17981.0,0.7252847342341213,0.0901506605499987,145685.0,13360.0,28299.0,42263.0,43989.0,1009.0,4546.0,8224.0,101696.0,12351.0,23753.0,34039.0,0.3019459793389848,0.6980540206610152,0.0755239520958083,0.9244760479041916,0.1606417187886497,0.8393582812113503,0.1945910134159903,0.8054089865840096,baseline,female_P42,female,P42,1072474,CTRL,MDMA,CTRL_MDMA
3,active,2,red,24,18-24,120.0,1378.6,11.488333333333332,8197.12,13402.88,111.0,73.84792792792794,0.1028584901155572,0.0089532995893419,57.0,413.2,7.249122807017543,0.0308291949193009,0.0042528173049374,64.0,339.52,5.305,0.0253318689714449,0.0047750931143157,235,18614.16,79.2091914893617,1.3888179256995512,0.017533545029128,9.0,23.8,2.6444444444444444,0.0017757377518861,0.0006714974692006,52.0,1014.16,19.50307692307692,0.0756673192627256,0.0038797631553815,188.0,4635.8,24.658510638297873,0.3458808853022634,0.0140268360233024,39.0,441.04,11.30871794871795,0.0329063604240282,0.0029098223665361,45.0,271.04,6.0231111111111115,0.0202225193391271,0.0033574873460032,136.0,542.28,3.9873529411764705,0.0404599608442364,0.0101470728679209,21.0,54.68,2.603809523809524,0.0040797201795435,0.0015668274281348,53.6,52.0,1.0307692307692309,4.8,6.0,0.7999999999999999,0.0039991404832394,0.0038797631553815,0.0003581319835736,0.000447664979467,0.9178082191780822,0.0821917808219178,0.896551724137931,0.1034482758620689,367.75546989489305,13293.0,0.0276653479195736,0.0076198856894822,2.1360443658075874,0.024438483732376,0.9918017620093592,205039.0,166116.66666666666,20098.0,0.8101710731454341,0.0980203766112788,141489.0,17886.0,18939.0,34585.0,44216.0,1279.0,2676.0,9961.0,97273.0,16607.0,16263.0,24624.0,0.312504859034978,0.6874951409650221,0.0715084423571508,0.9284915576428492,0.1412957389513701,0.8587042610486298,0.2880150354199797,0.7119849645800203,baseline,female_P42,female,P42,1072474,CTRL,MDMA,CTRL_MDMA
3,active,2,yellow,18,12-18,85.0,516.28,6.073882352941176,8878.2,12721.8,162.0,54.80370370370371,0.0405823075350972,0.0066814444496847,45.0,263.56,5.856888888888889,0.020717194107752,0.0035372352968919,43.0,228.24,5.307906976744186,0.0179408574258359,0.0033800248392523,180,20475.0,113.75,1.609442060085837,0.0141489411875677,15.0,31.4,2.0933333333333333,0.0024682041849423,0.0011790784322973,71.0,822.84,11.589295774647889,0.0646795264821016,0.0055809712462072,382.0,4072.48,10.660942408376965,0.320118222264145,0.0300271974091716,26.0,151.2,5.815384615384615,0.0118851105975569,0.0020437359493153,37.0,237.32,6.414054054054054,0.0186545929035199,0.0029083934663333,116.0,444.88,3.8351724137931034,0.034969894197362,0.0091182065430992,10.0,23.52,2.352,0.0018487949818421,0.0007860522881982,2.6,3.0,0.8666666666666667,8.4,9.0,0.9333333333333332,0.0002043735949315,0.0002358156864594,0.0006602839220864,0.0007074470593783,0.2363636363636363,0.7636363636363637,0.25,0.75,300.0808609929508,12561.0,0.0238898862346111,0.0056791860004431,2.2153985925329622,0.0216322730898933,0.9873602792057729,222117.0,156998.66666666666,23405.0,0.7068286833815811,0.1053723938284777,122836.0,9776.0,12383.0,12992.0,37986.0,456.0,3614.0,3692.0,84850.0,9320.0,8769.0,9300.0,0.3092415904132339,0.690758409586766,0.0466448445171849,0.953355155482815,0.2918517322135185,0.7081482677864814,0.2841748768472906,0.7158251231527094,baseline,female_P42,female,P42,1072259,ELA,MDMA,ELA_MDMA
3,active,2,yellow,24,18-24,112.0,690.52,6.165357142857142,9071.88,12528.12,127.0,71.43212598425197,0.0551176074303247,0.0089398888260968,53.0,241.44,4.555471698113207,0.0192718460551144,0.0042304831052065,42.0,264.24,6.291428571428572,0.0210917519947126,0.0033524583097863,184,20171.76,109.6291304347826,1.6101186770241662,0.0146869602143019,10.0,25.2,2.52,0.0020114749858717,0.0007982043594729,32.0,144.4,4.5125,0.0115260709507891,0.0025542539503133,366.0,4954.68,13.537377049180328,0.3954847175793335,0.0292142795567092,26.0,130.12,5.004615384615385,0.0103862351254617,0.0020753313346296,41.0,191.48,4.670243902439024,0.0152840170751876,0.003272637873839,128.0,433.36,3.385625,0.0345909841221188,0.0102170158012534,16.0,35.84,2.24,0.0028607644243509,0.0012771269751566,7.4,8.0,0.925,23.6,22.0,1.0727272727272728,0.0005906712260099,0.0006385634875783,0.0018837622883561,0.0017560495908404,0.2387096774193548,0.7612903225806452,0.2666666666666666,0.7333333333333333,350.83430520890533,12406.0,0.0282794055464215,0.0063605386726615,2.2041348886450822,0.0253616024577197,0.9902523283621164,226924.0,174906.3333333333,16462.0,0.7707705369786065,0.0725441116849694,127875.0,8107.0,12737.0,17375.0,46434.0,762.0,3573.0,5938.0,81441.0,7345.0,9164.0,11437.0,0.3631202346041056,0.6368797653958944,0.0939928456889108,0.9060071543110892,0.2805213158514564,0.7194786841485437,0.3417553956834532,0.6582446043165467,baseline,female_P42,female,P42,1072259,ELA,MDMA,ELA_MDMA
3,active,3,blue,18,12-18,89.0,567.04,6.3712359550561795,14009.64,7590.360000000001,73.0,191.91287671232877,0.0747052840708477,0.0117253990588061,65.0,334.12,5.140307692307692,0.0440189925115541,0.0085634936946337,61.0,271.84,4.45639344262295,0.0358138480915266,0.0080365094672716,173,19888.56,114.962774566474,2.620239356236068,0.0227920678334097,8.0,13.8,1.725,0.0018180955843991,0.0010539684547241,31.0,390.44,12.59483870967742,0.0514389304328121,0.004084127762056,171.0,2568.92,15.022923976608189,0.3384450803387454,0.0225285757197287,26.0,119.84,4.609230769230769,0.0157884474517677,0.0034253974778534,31.0,156.16,5.037419354838709,0.0205734642362154,0.004084127762056,111.0,419.24,3.776936936936937,0.055233216869819,0.0146238123092975,12.0,29.92,2.4933333333333336,0.0039418420206683,0.0015809526820862,1.6,2.0,0.8,7.4,6.0,1.2333333333333334,0.0002107936909448,0.000263492113681,0.0009749208206198,0.0007904763410431,0.1777777777777777,0.8222222222222223,0.25,0.75,246.75891532737683,7512.0,0.0328486309008755,0.0069649388052501,2.0974861539907157,0.031611954493118,0.9896763789859768,350314.0,274454.0,18223.0,0.7834514178708245,0.052019045770366,74186.0,6957.0,15275.0,14265.0,17775.0,618.0,3520.0,3463.0,56411.0,6339.0,11755.0,10802.0,0.2396004636993502,0.7603995363006497,0.0888313928417421,0.911168607158258,0.2304418985270049,0.7695581014729951,0.2427620049071153,0.7572379950928847,baseline,female_P42,female,P42,1072444,CTRL,saline,CTRL_saline
3,active,3,blue,24,18-24,143.0,956.72,6.690349650349651,6902.28,14697.72,88.0,78.435,0.0650930892682674,0.0097294002062905,100.0,359.44,3.5944,0.0244554937772661,0.0068037763680353,80.0,310.44,3.8805,0.0211216433569288,0.0054430210944282,279,18878.4,67.66451612903226,1.284444117863179,0.0189825360668185,31.0,69.32,2.2361290322580643,0.004716377778322,0.0021091706740909,25.0,94.88,3.7952,0.0064554230179919,0.0017009440920088,351.0,6931.04,19.746552706552706,0.4715724615790748,0.0238812550518039,43.0,223.64,5.2009302325581395,0.0152159654694741,0.0029256238382551,36.0,187.64,5.212222222222222,0.0127666059769814,0.0024493594924927,169.0,698.52,4.133254437869822,0.0475257386860002,0.0114983820619796,14.0,32.2,2.3000000000000003,0.0021908159905073,0.0009525286915249,10.6,12.0,0.8833333333333333,8.0,10.0,0.8,0.0007212002950117,0.0008164531641642,0.0005443021094428,0.0006803776368035,0.5698924731182795,0.4301075268817204,0.5454545454545454,0.4545454545454545,393.999721058209,14610.0,0.0269678111607261,0.0065737791596593,2.1965284211793263,0.0253585428701547,0.9940317273699596,172645.0,127392.66666666666,17292.0,0.7378879589137632,0.1001592863969417,176024.0,10361.0,16927.0,24061.0,39528.0,826.0,3894.0,8450.0,136496.0,9535.0,13033.0,15611.0,0.224560287233559,0.775439712766441,0.0797220345526493,0.9202779654473506,0.2300466709989957,0.7699533290010043,0.3511907235775737,0.6488092764224264,baseline,female_P42,female,P42,1072444,CTRL,saline,CTRL_saline
3,active,3,green,18,12-18,145.0,1045.4,7.209655172413794,11249.08,10350.92,221.0,50.90081447963801,0.1009958535086736,0.0140084166431582,96.0,485.52,5.0575,0.0469059755074911,0.0092745379154703,88.0,385.24,4.377727272727273,0.0372179477766227,0.0085016597558477,299,18541.8,62.01270903010033,1.7913190325111197,0.0288863212158919,33.0,105.36,3.192727272727273,0.0101788053622286,0.0031881224084429,30.0,123.4,4.113333333333333,0.0119216456121774,0.0028982930985844,204.0,2500.36,12.256666666666668,0.2415592043992225,0.0197083930703744,40.0,220.88,5.522,0.0213391659871779,0.0038643907981126,40.0,146.04,3.651,0.0141088908039092,0.0038643907981126,172.0,719.84,4.185116279069768,0.0695435768028349,0.0166168804318843,13.0,32.36,2.48923076923077,0.0031262921556731,0.0012559270093866,1.6,2.0,0.8,0.8,1.0,0.8,0.0001545756319245,0.0001932195399056,7.728781596225263e-05,9.66097699528158e-05,0.6666666666666666,0.3333333333333333,0.6666666666666666,0.3333333333333333,526.2691659691499,10149.0,0.0518542877100354,0.0105700968565371,2.052352029768555,0.0473835372996304,0.9804925552511274,281448.0,234649.66666666663,10987.0,0.8337229849445249,0.0390374065546744,65828.0,9223.0,21953.0,26280.0,13358.0,677.0,4022.0,5028.0,52470.0,8546.0,17931.0,21252.0,0.2029227684268092,0.7970772315731908,0.0734034479019841,0.9265965520980158,0.1832095841115109,0.816790415888489,0.191324200913242,0.808675799086758,baseline,female_P42,female,P42,1072484,CTRL,saline,CTRL_saline
3,active,3,green,24,18-24,170.0,1260.88,7.416941176470589,8703.32,12896.68,289.0,30.115294117647057,0.0977677976037243,0.0131816870698505,90.0,454.12,5.0457777777777775,0.035212163130356,0.0069785402134502,95.0,449.2,4.728421052631579,0.0348306695986874,0.0073662368919752,331,17963.16,54.269365558912384,1.3928514935626843,0.025665520118356,52.0,130.4,2.5076923076923077,0.0101111293759324,0.0040320454566601,33.0,177.2,5.369696969696969,0.0137399702869265,0.0025587980782651,212.0,1259.72,5.9420754716981135,0.0976778519743065,0.0164383391694606,25.0,138.0,5.52,0.0107004283272904,0.001938483392625,34.0,214.36,6.304705882352941,0.0166213320017244,0.0026363374139701,152.0,779.12,5.12578947368421,0.060412447234482,0.0117859790271604,12.0,26.44,2.2033333333333336,0.0020501400360402,0.00093047202846,7.4,8.0,0.925,2.6,3.0,0.8666666666666667,0.000573791084217,0.00062031468564,0.000201602272833,0.000232618007115,0.74,0.26,0.7272727272727273,0.2727272727272727,674.4629019779283,12640.0,0.0533594068020512,0.0135575758596668,2.0780373045321268,0.0491890140128971,0.9800972033112396,217872.0,151836.3333333333,21087.0,0.6969061344887517,0.0967861863846662,36168.0,8868.0,22768.0,31692.0,13383.0,719.0,6367.0,6170.0,22785.0,8149.0,16401.0,25522.0,0.3700232249502322,0.6299767750497678,0.0810780333784393,0.9189219666215608,0.2796468728039353,0.7203531271960647,0.1946863561782153,0.8053136438217847,baseline,female_P42,female,P42,1072484,CTRL,saline,CTRL_saline
3,active,3,red,18,12-18,73.0,586.04,8.027945205479451,13842.44,7757.56,82.0,168.81024390243903,0.075544372199506,0.0094101753644187,83.0,800.64,9.646265060240964,0.1032077096406602,0.0106992404828322,23.0,193.92,8.431304347826087,0.024997550776275,0.0029648497723511,181,19629.96,108.452817679558,2.5304296711852694,0.0233320786432847,11.0,36.56,3.3236363636363637,0.0047128220729198,0.0014179716302548,40.0,730.44,18.261000000000003,0.0941584725093972,0.005156260473654,139.0,2293.28,16.49841726618705,0.2956187254755361,0.0179180051459479,25.0,154.8,6.192,0.0199547280330413,0.0032226627960338,14.0,128.44,9.174285714285714,0.0165567523809032,0.0018046911657789,130.0,473.8,3.644615384615385,0.0610759053104326,0.0167578465393757,14.0,33.48,2.391428571428571,0.0043157900164484,0.0018046911657789,5.0,4.0,1.25,0.8,1.0,0.8,0.0006445325592067,0.0005156260473654,0.000103125209473,0.0001289065118413,0.8620689655172414,0.1379310344827586,0.8,0.2,217.72755626768375,7671.0,0.0283832037892952,0.0075088939413055,2.0488242504693295,0.0262147435467772,0.9888418523350124,346143.0,271421.3333333333,15472.0,0.7841306435009037,0.0446982894352911,75772.0,7120.0,24970.0,14724.0,19292.0,466.0,5097.0,2961.0,56480.0,6654.0,19873.0,11763.0,0.2546059230322546,0.7453940769677453,0.0654494382022471,0.9345505617977528,0.2041249499399279,0.7958750500600721,0.2011002444987775,0.7988997555012225,baseline,female_P42,female,P42,1072245,ELA,saline,ELA_saline
3,active,3,red,24,18-24,158.0,1764.76,11.169367088607595,8511.24,13088.76,104.0,81.83884615384615,0.1348301901784432,0.0120714261702407,108.0,799.2,7.4,0.06106002402061,0.0082513545973797,41.0,204.12,4.978536585365854,0.0155950601890477,0.003132458689746,311,17527.96,56.36,1.33916123452489,0.0237608451831953,23.0,46.0,2.0,0.0035144658470321,0.001757232923516,59.0,1560.72,26.4528813559322,0.119241242103912,0.0045076844559759,170.0,1687.04,9.923764705882352,0.128892270925588,0.0129882433477273,33.0,236.52,7.167272727272728,0.0180704665682616,0.0025212472380882,13.0,44.36,3.4123076923076923,0.0033891674994422,0.0009932186089438,189.0,846.44,4.478518518518519,0.0646692276426491,0.0144398705454145,18.0,44.92,2.4955555555555557,0.0034319523010583,0.0013752257662299,15.4,16.0,0.9625,9.8,10.0,0.98,0.0011765820444411,0.0012224229033155,0.0007487340282807,0.0007640143145721,0.611111111111111,0.3888888888888889,0.6153846153846154,0.3846153846153846,389.68852499770185,12985.0,0.0300106680783751,0.0075936263017403,2.069065322233945,0.0277244602949996,0.9920725874719988,212885.0,150639.66666666666,23088.0,0.707610525244459,0.1084529205909293,81423.0,7068.0,25232.0,44277.0,38537.0,731.0,6964.0,8859.0,42886.0,6337.0,18268.0,35418.0,0.4732937867678666,0.5267062132321334,0.103423882286361,0.896576117713639,0.275998731769182,0.724001268230818,0.2000813063215665,0.7999186936784335,baseline,female_P42,female,P42,1072245,ELA,saline,ELA_saline
3,active,3,yellow,18,12-18,101.0,475.56,4.708514851485148,14634.24,6965.76,151.0,96.91549668874173,0.0682710859977949,0.0144994946710768,59.0,437.52,7.415593220338983,0.0628100882028665,0.0084700018375597,49.0,292.12,5.9616326530612245,0.0419365582506431,0.0070344083057699,173,20339.4,117.56878612716764,2.919911108048512,0.0248357680999632,11.0,24.76,2.250909090909091,0.0035545295847115,0.0015791528849687,26.0,144.12,5.5430769230769235,0.0206897739801543,0.0037325431826534,170.0,994.32,5.848941176470588,0.1427439360529217,0.0244050900404263,19.0,115.8,6.094736842105263,0.0166241730981256,0.0027276277104005,16.0,90.56,5.66,0.0130007350238882,0.0022969496508636,67.0,263.64,3.934925373134328,0.0378479878721058,0.0096184766629915,,,,,,2.4,2.0,1.2,1.6,2.0,0.8,0.0003445424476295,0.0002871187063579,0.0002296949650863,0.0002871187063579,0.6,0.4,0.5,0.5,338.9430786279689,6816.0,0.0497275643526949,0.0118561591654227,2.152152736642184,0.0450737393730244,0.978500551267916,366007.0,283027.6666666666,16253.0,0.7732848461003933,0.0444062545251866,28657.0,5194.0,18349.0,11990.0,7858.0,913.0,4547.0,4342.0,20799.0,4281.0,13802.0,7648.0,0.2742087448092961,0.7257912551907039,0.1757797458606084,0.8242202541393916,0.2478064199683906,0.7521935800316093,0.3621351125938282,0.6378648874061718,baseline,female_P42,female,P42,1072424,ELA,saline,ELA_saline
3,active,3,yellow,24,18-24,168.0,890.88,5.3028571428571425,9724.56,11875.44,211.0,46.08796208530806,0.0750186940441785,0.0141468442432448,116.0,912.6,7.867241379310345,0.0768476789070552,0.0097680591203357,78.0,585.28,7.503589743589743,0.0492849107064664,0.0065681776843636,299,19032.8,63.65484949832776,1.602702720909709,0.0251780144567274,26.0,120.24,4.624615384615384,0.0101250985226652,0.0021893925614545,30.0,127.4,4.246666666666667,0.0107280235511273,0.0025262221862937,199.0,1046.24,5.2574874371859295,0.0881011566729317,0.0167572738357484,20.0,148.0,7.4,0.012462696119049,0.0016841481241958,14.0,80.52,5.751428571428571,0.0067803803480123,0.001178903686937,89.0,353.68,3.973932584269663,0.0297824754282788,0.0074944591526713,,,,,,3.2,4.0,0.8,16.2,17.0,0.9529411764705882,0.0002694636998713,0.0003368296248391,0.0013641599805986,0.0014315259055664,0.1649484536082474,0.8350515463917526,0.1904761904761904,0.8095238095238095,608.2452614889286,11668.0,0.0521293504875667,0.0131643658842847,2.165613968242942,0.047920774803984,0.9825320156558408,243325.0,160982.66666666663,29786.0,0.6615952601116475,0.1224124113839515,29570.0,5747.0,37641.0,22440.0,10447.0,814.0,9236.0,6963.0,19123.0,4933.0,28405.0,15477.0,0.3532972607372336,0.6467027392627663,0.1416391160605533,0.8583608839394467,0.2453707393533646,0.7546292606466353,0.3102941176470588,0.6897058823529412,baseline,female_P42,female,P42,1072424,ELA,saline,ELA_saline
3,active,4,blue,18,12-18,193.0,1169.04,6.05720207253886,9713.28,11886.72,117.0,83.01948717948719,0.0983484089807785,0.0162366069024928,158.0,698.8,4.422784810126582,0.0587882948365907,0.013292144510849,138.0,539.72,3.911014492753623,0.0454052926290852,0.0116095945727669,426,17956.44,42.1512676056338,1.510630350508803,0.03583831368115,63.0,159.72,2.5352380952380953,0.0134368438055241,0.0053000323049588,82.0,877.48,10.700975609756098,0.0738201959834168,0.0068984547461368,115.0,1501.96,13.060521739130436,0.1263561352500942,0.0096746621439724,70.0,408.0,5.828571428571428,0.0343240187368761,0.0058889247832875,135.0,764.28,5.661333333333333,0.0642969633338717,0.0113572120820545,197.0,864.04,4.385989847715736,0.0726895224250255,0.0165731168901093,3.0,6.68,2.2266666666666666,0.0005619716793194,0.0002523824907123,14.8,15.0,0.9866666666666668,4.8,6.0,0.7999999999999999,0.0012450869541808,0.0012619124535616,0.0004038119851397,0.0005047649814246,0.7551020408163265,0.2448979591836734,0.7142857142857143,0.2857142857142857,612.9658335427413,11773.0,0.0520653897513583,0.0178295695602507,2.0372465938772324,0.0472764903613683,0.9904330210520648,242949.0,142384.3333333333,37174.0,0.5860667602391173,0.1530115374008537,59683.0,29512.0,31259.0,29419.0,14113.0,4373.0,7619.0,7758.0,45570.0,25139.0,23640.0,21661.0,0.2364659953420572,0.7635340046579427,0.1481770127405801,0.8518229872594199,0.2437378035125883,0.7562621964874117,0.2637071280465005,0.7362928719534995,baseline,female_P42,female,P42,1072485,CTRL,saline,CTRL_saline
3,active,4,blue,24,18-24,221.0,1270.76,5.750045248868778,10306.76,11293.24,194.0,53.12762886597938,0.112523952382133,0.0195692290255055,130.0,599.84,4.6141538461538465,0.0531149608084128,0.0115113111914738,97.0,403.04,4.155051546391753,0.0356886066354739,0.008589209119792,406,17668.36,43.51812807881774,1.564507616946067,0.035950710336449,58.0,110.96,1.913103448275862,0.009825346844661,0.0051358157623498,20.0,94.6,4.7299999999999995,0.0083766926054878,0.0017709709525344,125.0,953.04,7.62432,0.0843903078301709,0.0110685684533402,64.0,317.64,4.963125,0.0281265606681519,0.0056671070481101,116.0,563.4,4.856896551724137,0.049888251732895,0.0102716315246997,132.0,617.32,4.676666666666667,0.0546627894209279,0.0116884082867272,5.0,11.8,2.3600000000000003,0.0010448728619953,0.0004427427381336,21.4,20.0,1.0699999999999998,6.4,7.0,0.9142857142857144,0.0018949389192118,0.0017709709525344,0.000566710704811,0.000619839833387,0.7697841726618705,0.2302158273381295,0.7407407407407407,0.2592592592592592,603.935563088485,11095.0,0.0544331287145998,0.0186915883007234,1.999855964335575,0.0500849401283906,0.9824461359184788,257863.0,146824.33333333334,54519.0,0.5693889132342885,0.2114262224514567,26336.0,22206.0,25299.0,31990.0,3929.0,397.0,6135.0,10882.0,22407.0,21809.0,19164.0,21108.0,0.1491874240583232,0.8508125759416768,0.0178780509772133,0.9821219490227866,0.2424997035455947,0.7575002964544053,0.3401688027508596,0.6598311972491404,baseline,female_P42,female,P42,1072485,CTRL,saline,CTRL_saline
3,active,4,green,18,12-18,203.0,1722.76,8.486502463054187,8140.84,13459.16,381.0,21.367034120734907,0.1279990727504539,0.0150826648914196,81.0,616.08,7.605925925925926,0.0457740304744129,0.0060182061882019,94.0,657.6,6.995744680851064,0.0488589183871801,0.0069840911319874,338,17940.52,53.07846153846154,1.3329598578217363,0.0251130085384229,39.0,121.28,3.10974358974359,0.0090109635371003,0.0028976548313564,45.0,499.76,11.105777777777778,0.0371315891927876,0.0033434478823344,247.0,3238.0,13.109311740890687,0.2405796498444182,0.0183518139319244,39.0,270.88,6.9456410256410255,0.0201260702748165,0.0028976548313564,46.0,162.64,3.5356521739130433,0.0120839636351748,0.003417746724164,148.0,560.28,3.7856756756756753,0.0416281551003182,0.0109962285907887,11.0,26.64,2.421818181818182,0.0019793211463419,0.0008172872601261,7.4,9.0,0.8222222222222223,6.6,7.0,0.9428571428571428,0.0005498114295394,0.0006686895764668,0.0004903723560757,0.0005200918928075,0.5285714285714286,0.4714285714285714,0.5625,0.4375,579.7844110266701,13153.0,0.0440800130028639,0.0101909405211619,2.1216604997855115,0.0402351210667612,0.9772526665854332,203902.0,147742.3333333333,6829.0,0.724575204428271,0.0334915792880893,93721.0,10923.0,32017.0,43272.0,20242.0,1416.0,8198.0,12710.0,73479.0,9507.0,23819.0,30562.0,0.2159814769368658,0.7840185230631342,0.1296347157374347,0.8703652842625652,0.2560514726551519,0.7439485273448481,0.2937234239230911,0.7062765760769089,baseline,female_P42,female,P42,1072425,ELA,saline,ELA_saline
3,active,4,green,24,18-24,205.0,1766.64,8.617756097560976,7702.24,13897.76,270.0,28.526814814814813,0.1271168879013596,0.0147505785104937,67.0,517.6,7.7253731343283585,0.0372434118879589,0.0048209207814784,117.0,764.16,6.531282051282051,0.0549844003637996,0.0084186228572086,368,17351.6,47.15108695652174,1.248517746744799,0.0264790872773741,31.0,113.04,3.646451612903226,0.0081336848528108,0.0022305752869527,21.0,130.44,6.211428571428572,0.0093856851751649,0.0015110348718066,270.0,3255.2,12.056296296296296,0.2342247959383382,0.019427591208943,33.0,264.0,8.0,0.0189958669598554,0.0023744833699819,44.0,120.28,2.733636363636364,0.0086546321133765,0.0031659778266425,129.0,528.16,4.094263565891473,0.0380032465663531,0.0092820713553838,12.0,29.16,2.43,0.0020981798505658,0.0008634484981752,13.8,15.0,0.92,3.2,4.0,0.8,0.0009929657729015,0.001079310622719,0.0002302529328467,0.0002878161660584,0.8117647058823529,0.188235294117647,0.7894736842105263,0.2105263157894736,568.6046114680914,13675.0,0.0415798618989463,0.0107125631044628,2.148104530574088,0.0372621754009909,0.9839715177122068,192826.0,134109.0,13724.0,0.6954923091284371,0.0711729745988611,84932.0,9684.0,32228.0,44371.0,6458.0,529.0,7806.0,13295.0,78474.0,9155.0,24422.0,31076.0,0.0760373004285781,0.923962699571422,0.0546261875258157,0.9453738124741842,0.2422117413429316,0.7577882586570683,0.2996326429424624,0.7003673570575376,baseline,female_P42,female,P42,1072425,ELA,saline,ELA_saline
3,active,4,red,18,12-18,149.0,918.2,6.16241610738255,12289.04,9310.96,60.0,204.81733333333335,0.0986149655889403,0.0160026463436638,86.0,454.92,5.289767441860465,0.0488585494943593,0.0092364267486918,122.0,604.76,4.957049180327869,0.0649514120992894,0.0131028379458186,334,18847.28,56.42898203592814,2.024203734094014,0.0358717038844544,36.0,99.52,2.7644444444444445,0.010688478953835,0.0038664111971268,51.0,517.0,10.137254901960784,0.0555259608031824,0.0054774158625963,150.0,2377.12,15.847466666666666,0.2553034273587256,0.0161100466546951,34.0,258.6,7.605882352941177,0.0277737204326943,0.0036516105750642,40.0,240.76,6.019,0.0258576988838959,0.004296012441252,146.0,614.96,4.212054794520548,0.0660468952718087,0.0156804454105699,6.0,14.72,2.4533333333333336,0.0015809325783807,0.0006444018661878,3.4,4.0,0.85,7.4,7.0,1.0571428571428572,0.0003651610575064,0.0004296012441252,0.0007947623016316,0.0007518021772191,0.3148148148148147,0.6851851851851851,0.3636363636363636,0.6363636363636364,378.6145697594022,9243.0,0.0409623033386781,0.0118104328528844,2.099890861427691,0.0386830516643258,0.9927010748623128,307286.0,180946.66666666663,30752.0,0.5888542487020776,0.1000761505568102,72554.0,12558.0,26700.0,23104.0,16695.0,3083.0,6336.0,7213.0,55859.0,9475.0,20364.0,15891.0,0.2301044739090884,0.7698955260909116,0.2455008759356585,0.7544991240643415,0.2373033707865168,0.7626966292134831,0.3121970221606648,0.6878029778393352,baseline,female_P42,female,P42,1072260,ELA,saline,ELA_saline
3,active,4,red,24,18-24,175.0,1168.12,6.674971428571428,6489.68,15110.32,89.0,72.91775280898877,0.0773061060255507,0.0115814886779366,96.0,501.88,5.227916666666666,0.0332143859296163,0.0063532737890395,142.0,572.52,4.031830985915493,0.0378893365593845,0.0093975508129543,356,18535.88,52.0670786516854,1.2267033391748157,0.0235600569676883,37.0,78.28,2.115675675675676,0.0051805653354793,0.0024486576061923,23.0,189.8,8.252173913043478,0.0125609517204136,0.0015221385119573,291.0,7290.32,25.052646048109963,0.4824729059344871,0.0192583611730261,47.0,242.36,5.1565957446808515,0.0160393691199127,0.0031104569592172,64.0,249.6,3.9,0.0165185118515028,0.0042355158593596,215.0,789.12,3.670325581395349,0.052223910545905,0.0142286860900364,18.0,51.48,2.86,0.0034069430693724,0.0011912388354449,1.6,2.0,0.8,27.0,24.0,1.125,0.0001058878964839,0.0001323598706049,0.0017868582531673,0.0015883184472598,0.0559440559440559,0.944055944055944,0.0769230769230769,0.9230769230769232,500.48134131945943,15019.0,0.0333232133510526,0.0075250553217368,2.168451159301655,0.0305209224097625,0.9939564483081762,162331.0,114721.33333333331,11491.0,0.7067124168109192,0.0707874651175684,187317.0,12410.0,27098.0,29378.0,10050.0,409.0,6005.0,9237.0,177267.0,12001.0,21093.0,20141.0,0.0536523647079549,0.946347635292045,0.0329572925060435,0.9670427074939564,0.2216030703372942,0.7783969296627057,0.3144189529579957,0.6855810470420042,baseline,female_P42,female,P42,1072260,ELA,saline,ELA_saline
3,active,4,yellow,18,12-18,216.0,1492.0,6.907407407407407,7690.56,13909.44,168.0,45.77714285714286,0.1072652817079623,0.0155290220167023,106.0,544.52,5.136981132075472,0.0391475142061793,0.0076207237674557,166.0,942.24,5.676144578313253,0.067741044930637,0.0119343409943175,448,17665.12,39.43107142857143,1.270009432443003,0.0322083419605677,54.0,145.28,2.6903703703703705,0.0104447051786412,0.0038822555041755,52.0,466.24,8.966153846153846,0.0335196815975337,0.0037384682632801,182.0,2822.84,15.510109890109891,0.202944187544574,0.0130846389214806,43.0,178.48,4.150697674418605,0.0128315733775047,0.0030914256792509,134.0,822.0,6.134328358208955,0.059096556008006,0.0096337451399912,161.0,594.92,3.6951552795031057,0.0427709526767432,0.011574872892079,3.0,6.52,2.1733333333333333,0.0004687464053189,0.000215680861343,5.8,6.0,0.9666666666666668,12.6,14.0,0.9,0.0004169829985966,0.0004313617226861,0.0009058596176409,0.0010065106862677,0.3152173913043478,0.6847826086956522,0.3,0.7,566.8691326549027,13740.0,0.0412568509938066,0.0110642733600347,2.1509935626404384,0.0390584853662558,0.9878183449513424,192432.0,126811.33333333331,18375.0,0.6589929602838058,0.0954882763781491,82461.0,25189.0,37441.0,37516.0,14709.0,3209.0,7743.0,8868.0,67752.0,21980.0,29698.0,28648.0,0.1783752319278204,0.8216247680721795,0.1273968795902973,0.8726031204097027,0.2068053737880932,0.7931946262119067,0.2363791448981767,0.7636208551018232,baseline,female_P42,female,P42,1072475,CTRL,saline,CTRL_saline
3,active,4,yellow,24,18-24,178.0,1095.56,6.154831460674157,11113.48,10486.52,277.0,40.12086642599278,0.1044731712713083,0.0169741725567681,84.0,406.84,4.843333333333333,0.0387964739494131,0.0080102836784748,182.0,967.52,5.316043956043956,0.092263210292833,0.0173556146366954,399,18502.72,46.37273182957394,1.7644290002784528,0.0380488474727555,40.0,110.36,2.759,0.0105239869851962,0.0038144207992737,20.0,195.64,9.782,0.0186563321292478,0.0019072103996368,145.0,1016.12,7.007724137931034,0.0968977315639506,0.0138272753973672,26.0,121.4,4.6692307692307695,0.0115767671257957,0.0024793735195279,63.0,315.32,5.005079365079365,0.0300690791606748,0.0060077127588561,89.0,344.28,3.868314606741573,0.032830719819349,0.008487086278384,2.0,5.36,2.68,0.0005111323871026,0.0001907210399636,12.2,11.0,1.1090909090909091,12.4,13.0,0.953846153846154,0.0011633983437784,0.0010489657198002,0.0011824704477748,0.0012396867597639,0.4959349593495934,0.5040650406504065,0.4583333333333333,0.5416666666666666,468.0518469212567,10233.0,0.0457394553817313,0.0130344935792811,2.080543656968365,0.0434481649236549,0.9758242009742032,278114.0,163357.99999999997,40857.0,0.587377837865048,0.1469073833032497,30459.0,11007.0,34625.0,27567.0,6049.0,607.0,8091.0,9281.0,24410.0,10400.0,26534.0,18286.0,0.1985948323976493,0.8014051676023507,0.0551467248114836,0.9448532751885164,0.2336750902527075,0.7663249097472924,0.3366706569448979,0.6633293430551022,baseline,female_P42,female,P42,1072475,CTRL,saline,CTRL_saline
3,active,5,blue,18,12-18,90.0,683.08,7.589777777777778,13011.16,8588.84,126.0,103.2631746031746,0.0795311124668756,0.0104787142384769,47.0,312.0,6.638297872340425,0.0363262093600532,0.005472217435649,118.0,625.6,5.301694915254237,0.072838706973235,0.0137387586682252,246,19393.76,78.83642276422763,2.2580185449955987,0.0286418189185035,16.0,38.72,2.42,0.0045081757257091,0.0018628825312847,68.0,518.88,7.630588235294118,0.0604132804895655,0.0079172507579603,168.0,1189.72,7.081666666666667,0.1385192878200083,0.0195602665784902,36.0,228.16,6.337777777777777,0.026564704896121,0.0041914856953907,17.0,73.0,4.294117647058823,0.0084994015489868,0.00197931268949,112.0,462.4,4.128571428571428,0.0538373051541302,0.0130401777189934,8.0,18.52,2.315,0.0021562865299621,0.0009314412656423,7.6,9.0,0.8444444444444444,5.4,5.0,1.08,0.0008848692023602,0.0010478714238476,0.0006287228543086,0.0005821507910264,0.5846153846153845,0.4153846153846154,0.6428571428571429,0.3571428571428571,274.0288028316611,8459.0,0.0323949406350231,0.0077219595356276,2.057731954156846,0.0294577485748605,0.984882708258624,325405.0,257243.3333333333,23358.0,0.7905328231998073,0.0717813186644335,42951.0,7582.0,23605.0,17167.0,10483.0,181.0,5252.0,6745.0,32468.0,7401.0,18353.0,10422.0,0.2440688226118134,0.7559311773881865,0.0238723292007385,0.9761276707992614,0.2224952340605804,0.7775047659394196,0.392904992136075,0.607095007863925,baseline,female_P42,female,P42,1073096,ELA,saline,ELA_saline
3,active,5,blue,24,18-24,94.0,729.48,7.760425531914894,14503.28,7096.719999999999,139.0,104.34014388489209,0.1027911485869528,0.0132455556933343,45.0,253.0,5.622222222222222,0.0356502722384425,0.0063409575127664,102.0,734.68,7.202745098039215,0.1035238814550947,0.0143728370289373,257,18995.24,73.91143968871596,2.676622439662267,0.036213912906244,7.0,21.48,3.0685714285714285,0.0030267503860938,0.0009863711686525,26.0,171.0,6.576923076923077,0.0240956385485125,0.0036636643407095,92.0,598.56,6.506086956521739,0.0843431895298109,0.0129637353594336,22.0,137.44,6.247272727272727,0.0193666933456582,0.003100023672908,18.0,92.96,5.164444444444444,0.013099009119706,0.0025363830051065,98.0,389.36,3.973061224489796,0.0548647826037944,0.0138091963611358,3.0,7.6,2.533333333333333,0.0010709172688227,0.000422730500851,5.8,7.0,0.8285714285714285,8.2,9.0,0.911111111111111,0.0008172789683121,0.0009863711686525,0.0011554633689929,0.0012681915025532,0.4142857142857142,0.5857142857142856,0.4375,0.5625,278.9058030059812,6649.0,0.0419470300806108,0.0125348779745462,2.0509066852007485,0.037921898620528,0.9369117000529824,362721.0,285537.99999999994,14544.0,0.787211107159497,0.0400969340071294,19357.0,5800.0,24839.0,18331.0,1552.0,162.0,4685.0,7558.0,17805.0,5638.0,20154.0,10773.0,0.0801777134886604,0.9198222865113396,0.0279310344827586,0.9720689655172414,0.1886146785297314,0.8113853214702685,0.4123070208935683,0.5876929791064317,baseline,female_P42,female,P42,1073096,ELA,saline,ELA_saline
3,active,5,green,18,12-18,108.0,1001.28,9.27111111111111,12507.76,9092.24,140.0,89.34114285714286,0.1101246777471778,0.0118782610225862,47.0,252.04,5.362553191489361,0.0277203417419689,0.0051692432227921,76.0,375.48,4.940526315789474,0.0412967541551916,0.0083587762751533,241,19366.8,80.36016597510373,2.13003616270578,0.0265061195041046,16.0,47.96,2.9975,0.0052748277652151,0.0017597423737164,64.0,586.44,9.163125,0.0644989573526435,0.0070389694948659,94.0,1217.04,12.947234042553193,0.1338548036567446,0.0103384864455843,29.0,237.12,8.176551724137932,0.0260793819784783,0.0031895330523611,16.0,79.2,4.95,0.0087107247498966,0.0017597423737164,117.0,512.0,4.3760683760683765,0.0563117559589276,0.0128681161078018,45.0,129.72,2.8826666666666667,0.0142671112949064,0.0049492754260776,3.4,4.0,0.85,1.6,2.0,0.8,0.0003739452544147,0.0004399355934291,0.0001759742373716,0.0002199677967145,0.6799999999999999,0.32,0.6666666666666666,0.3333333333333333,327.3625112022547,8978.0,0.0364627435065999,0.0069776415119829,2.113298505314928,0.0333420071345966,0.9874354394516645,312834.0,257505.0,10914.0,0.8231362319952434,0.0348875122269318,45245.0,7953.0,15811.0,25140.0,10666.0,455.0,3665.0,7387.0,34579.0,7498.0,12146.0,17753.0,0.2357387556636092,0.7642612443363908,0.0572111153024016,0.9427888846975984,0.2318006451204857,0.7681993548795143,0.2938345266507557,0.7061654733492442,baseline,female_P42,female,P42,1073106,ELA,saline,ELA_saline
3,active,5,green,24,18-24,94.0,831.88,8.849787234042553,13119.04,8480.96,149.0,88.04724832214765,0.0980879523072859,0.0110836509074444,29.0,156.0,5.379310344827586,0.0183941440591631,0.0034194242161264,61.0,388.08,6.361967213114754,0.0457589706825642,0.0071925819718522,225,18932.76,84.14559999999999,2.2323840697279556,0.0265300154699468,11.0,34.36,3.1236363636363635,0.0040514281402105,0.0012970229785307,16.0,255.76,15.985,0.0301569633626381,0.0018865788778628,99.0,1079.2,10.9010101010101,0.1272497453118515,0.0116732068067765,18.0,114.16,6.342222222222222,0.0134607402935516,0.0021224012375957,9.0,90.56,10.062222222222225,0.0106780364487039,0.0010612006187978,110.0,488.88,4.4443636363636365,0.0576444176131004,0.0129702297853073,9.0,22.36,2.484444444444444,0.0026364939818133,0.0010612006187978,1.8,2.0,0.9,4.0,5.0,0.8,0.0002122401237595,0.0002358223597328,0.0004716447194657,0.0005895558993321,0.3103448275862069,0.6896551724137931,0.2857142857142857,0.7142857142857143,282.4734889943744,8052.0,0.0350811585934394,0.0070667781163441,2.13311969502043,0.0324938778591673,0.949420820284496,328125.0,271291.0,5043.0,0.826791619047619,0.0153691428571428,33489.0,5145.0,13664.0,20891.0,3476.0,75.0,4251.0,7413.0,30013.0,5070.0,9413.0,13478.0,0.103795276060796,0.8962047239392039,0.0145772594752186,0.9854227405247812,0.3111094847775175,0.6888905152224825,0.3548417979034033,0.6451582020965966,baseline,female_P42,female,P42,1073106,ELA,saline,ELA_saline
3,active,5,red,18,12-18,171.0,880.0,5.146198830409356,11543.16,10056.84,86.0,134.2227906976744,0.0875026350225319,0.0170033529418783,99.0,455.88,4.6048484848484845,0.0453303423341725,0.0098440464400348,175.0,894.84,5.113371428571429,0.0889782476404119,0.0174010921919807,410,18066.28,44.0640975609756,1.7964171648350773,0.0407682731354978,26.0,47.84,1.84,0.0047569614312249,0.0025853051256657,39.0,299.72,7.685128205128206,0.0298026020101741,0.0038779576884985,116.0,1613.52,13.909655172413792,0.1604400587063133,0.0115344382529701,36.0,197.4,5.483333333333333,0.0196284319925543,0.0035796532509217,52.0,189.8,3.65,0.0188727274173597,0.0051706102513314,179.0,782.72,4.372737430167598,0.0778296164600411,0.0177988314420831,7.0,15.72,2.245714285714286,0.0015631152529025,0.0006960436876792,8.0,8.0,1.0,4.2,5.0,0.8400000000000001,0.0007954785002048,0.0007954785002048,0.0004176262126075,0.000497174062628,0.6557377049180328,0.3442622950819672,0.6153846153846154,0.3846153846153846,504.78735442709814,9970.0,0.0506306273246838,0.01329254319677,2.0550490772583796,0.0470631242633579,0.9913650808802764,288665.0,242241.66666666663,8798.0,0.8391792100416284,0.0304782360175289,47986.0,9768.0,34042.0,22171.0,7716.0,107.0,5467.0,4517.0,40270.0,9661.0,28575.0,17654.0,0.1607968990955695,0.8392031009044305,0.0109541359541359,0.989045864045864,0.1605957346806885,0.8394042653193114,0.2037346082720671,0.7962653917279329,baseline,female_P42,female,P42,1073132,CTRL,saline,CTRL_saline
3,active,5,red,24,18-24,185.0,778.4,4.207567567567567,11091.44,10508.56,96.0,115.53583333333334,0.0740729462457273,0.0176046956005389,99.0,364.92,3.686060606060606,0.0347259757759388,0.0094208911592073,185.0,863.96,4.670054054054054,0.0822148800596846,0.0176046956005389,402,18056.28,44.916119402985075,1.718244935557298,0.0382545277373874,21.0,35.16,1.6742857142857142,0.00334584376927,0.001998370851953,39.0,478.16,12.26051282051282,0.0455019526938039,0.0037112601536271,132.0,2028.96,15.370909090909093,0.1930768820847004,0.0125611882122764,34.0,183.44,5.395294117647059,0.0174562451943939,0.0032354575698287,68.0,194.88,2.8658823529411763,0.0185448815061245,0.0064709151396575,174.0,810.08,4.655632183908046,0.0770876314166736,0.0165579299161826,11.0,28.84,2.6218181818181816,0.0027444293033488,0.0010467656843563,8.2,9.0,0.911111111111111,0.8,1.0,0.8,0.0007803162374292,0.000856444650837,7.612841340773617e-05,9.51605167596702e-05,0.911111111111111,0.0888888888888888,0.9,0.1,543.3806554027998,10106.0,0.0537681234319018,0.0139389473817306,2.044703045793809,0.0487049341017724,0.9616921823732272,277382.0,240713.0,5825.0,0.8678032460649934,0.0209999206869948,62849.0,9560.0,31006.0,19645.0,3869.0,284.0,5468.0,4422.0,58980.0,9276.0,25538.0,15223.0,0.061560247577527,0.9384397524224728,0.0297071129707112,0.9702928870292888,0.1763529639424627,0.8236470360575372,0.2250954441333672,0.7749045558666328,baseline,female_P42,female,P42,1073132,CTRL,saline,CTRL_saline
3,active,5,yellow,18,12-18,55.0,339.2,6.167272727272727,15348.48,6251.52,147.0,104.41142857142856,0.0542588042588042,0.0087978603603603,36.0,234.04,6.501111111111111,0.0374372952497952,0.0057585995085995,58.0,370.64,6.3903448275862065,0.0592879811629811,0.0092777436527436,149,20486.88,137.4958389261745,3.277103808353808,0.0238342035217035,8.0,24.88,3.11,0.0039798321048321,0.0012796887796887,70.0,593.12,8.473142857142857,0.0948761261261261,0.0111972768222768,100.0,1131.48,11.3148,0.1809927825552825,0.0159961097461097,22.0,122.96,5.589090909090909,0.0196688165438165,0.0035191441441441,21.0,112.0,5.333333333333333,0.0179156429156429,0.003359183046683,44.0,158.0,3.590909090909091,0.0252738533988533,0.0070382882882882,37.0,108.72,2.9383783783783786,0.0173909705159705,0.0059185606060606,0.0,0.0,0.0,7.8,9.0,0.8666666666666667,0.0,0.0,0.0012476965601965,0.0014396498771498,0.0,1.0,0.0,1.0,257.61690613970137,6108.0,0.0421769656417323,0.0075561209306608,2.1590166893057003,0.0407300271107269,0.9770423832923832,383859.0,273564.0,44901.0,0.712667932756559,0.116972638390659,43285.0,5917.0,15211.0,8535.0,14143.0,437.0,3446.0,2268.0,29142.0,5480.0,11765.0,6267.0,0.3267413653690655,0.6732586346309345,0.0738549940848403,0.9261450059151596,0.2265465781342449,0.773453421865755,0.2657293497363796,0.7342706502636204,baseline,female_P42,female,P42,1073122,CTRL,saline,CTRL_saline
3,active,5,yellow,24,18-24,43.0,284.44,6.614883720930233,17012.36,4587.639999999999,117.0,145.40478632478633,0.0620013776146341,0.0093730109598835,24.0,106.72,4.446666666666666,0.0232625053404364,0.0052314479776094,58.0,436.96,7.533793103448276,0.0952472295123418,0.0126426659458893,127,20334.92,160.1174803149606,4.432544837868709,0.0276830788815164,4.0,7.32,1.83,0.0015955916331708,0.0008719079962682,24.0,264.76,11.031666666666666,0.0577115902729944,0.0052314479776094,41.0,560.32,13.666341463414636,0.1221368721172542,0.0089370569617493,14.0,141.48,10.105714285714283,0.0308393858280074,0.0030516779869388,16.0,57.2,3.575,0.0124682843466357,0.0034876319850729,50.0,181.0,3.62,0.0394538368311375,0.0108988499533529,4.0,9.4,2.35,0.0020489837912303,0.0008719079962682,2.4,3.0,0.7999999999999999,5.2,6.0,0.8666666666666667,0.0005231447977609,0.0006539309972011,0.0011334803951487,0.0013078619944023,0.3157894736842105,0.6842105263157895,0.3333333333333333,0.6666666666666666,190.2207746437025,4181.0,0.0454964780300651,0.0085283574454608,2.1564493100651334,0.0425138014411267,0.9113618330993716,425426.0,294227.99999999994,53272.0,0.6916079412165687,0.1252203673494333,20692.0,4997.0,13674.0,7154.0,3234.0,191.0,3232.0,2518.0,17458.0,4806.0,10442.0,4636.0,0.1562922868741542,0.8437077131258457,0.0382229337602561,0.9617770662397438,0.236360977036712,0.763639022963288,0.3519709253564439,0.6480290746435561,baseline,female_P42,female,P42,1073122,CTRL,saline,CTRL_saline
3,active,6,blue,18,12-18,106.0,738.16,6.96377358490566,12013.8,9586.2,138.0,87.05652173913043,0.0770023575556529,0.011057561911915,98.0,721.6,7.363265306122449,0.0752748742984707,0.0102230289374308,107.0,530.76,4.9603738317757005,0.0553670901921512,0.0111618785337255,297,19513.0,65.7003367003367,2.035530241388663,0.0309820366777242,8.0,15.0,1.875,0.0015647493271577,0.0008345329744841,100.0,1086.2,10.862,0.113308714610586,0.0104316621810519,89.0,921.4,10.352808988764044,0.0961173353362124,0.0092841793411362,39.0,219.24,5.621538461538462,0.0228703761657382,0.0040683482506102,43.0,197.0,4.5813953488372094,0.0205503744966722,0.0044856147378523,120.0,552.36,4.603,0.0576203292232584,0.0125179946172623,2.0,3.96,1.98,0.0004130938223696,0.000208633243621,1.4,1.0,1.4,8.2,10.0,0.82,0.0001460432705347,0.0001043166218105,0.0008553962988462,0.0010431662181051,0.1458333333333333,0.8541666666666666,0.0909090909090909,0.9090909090909092,370.4243890137344,9436.0,0.0392565058301965,0.0119146173032997,2.087998204371551,0.0353550655317054,0.98433164340406,300483.0,229695.66666666663,29204.0,0.7644215036014239,0.097190190460026,50379.0,10488.0,31514.0,18560.0,8498.0,1152.0,10932.0,6799.0,41881.0,9336.0,20582.0,11761.0,0.1686813950257051,0.8313186049742949,0.1098398169336384,0.8901601830663616,0.3468934441835374,0.6531065558164625,0.3663254310344828,0.6336745689655172,baseline,female_P42,female,P42,1073107,ELA,saline,ELA_saline
3,active,6,blue,24,18-24,135.0,960.6,7.115555555555556,9250.72,12349.28,186.0,49.73505376344086,0.0777859114053612,0.0109318114092481,115.0,640.36,5.568347826086956,0.0518540352150084,0.0093122837930632,96.0,446.76,4.65375,0.0361770078903385,0.0077737325576875,334,18989.92,56.85604790419161,1.5377349934571083,0.027046111190288,10.0,13.0,1.3,0.0010526929505201,0.0008097638080924,153.0,2193.72,14.338039215686273,0.1776395061088581,0.0123893862638145,137.0,1201.52,8.77021897810219,0.0972947410699247,0.0110937641708666,53.0,252.12,4.756981132075472,0.0204157651296269,0.00429174818289,42.0,189.36,4.508571428571429,0.0153336874700387,0.0034010079939883,162.0,615.96,3.8022222222222224,0.0498782115232629,0.0131181736910977,12.0,28.32,2.36,0.0022932511045178,0.0009717165697109,4.2,5.0,0.8400000000000001,15.0,16.0,0.9375,0.0003401007993988,0.0004048819040462,0.0012146457121386,0.0012956220929479,0.21875,0.78125,0.238095238095238,0.7619047619047619,471.92932512671456,12161.0,0.0388067860477522,0.0102429753100738,2.0714842855927342,0.0354395183854817,0.9847537670212352,231454.0,149371.66666666666,26312.0,0.6453622174024499,0.1136813362482394,85171.0,11132.0,27389.0,24150.0,21352.0,1447.0,7314.0,7042.0,63819.0,9685.0,20075.0,17108.0,0.2506956593206608,0.7493043406793393,0.1299856270212001,0.8700143729787999,0.2670415130161744,0.7329584869838256,0.2915942028985507,0.7084057971014492,baseline,female_P42,female,P42,1073107,ELA,saline,ELA_saline
3,active,6,green,18,12-18,167.0,803.2,4.809580838323353,10414.6,11185.4,157.0,66.33503184713376,0.0718078924312049,0.0149301768376633,202.0,807.76,3.998811881188119,0.072215566720904,0.0180592558156167,161.0,725.12,4.503850931677019,0.0648273642426734,0.0143937632985856,511,17363.76,33.979960861056746,1.5523593255493768,0.0456845530781196,27.0,41.84,1.5496296296296297,0.003740590412502,0.0024138609258497,76.0,723.64,9.52157894736842,0.0646950489030343,0.0067945714949845,81.0,432.76,5.342716049382716,0.0386897205285461,0.0072415827775493,61.0,239.04,3.918688524590164,0.0213707153968566,0.0054535376472902,59.0,290.76,4.928135593220339,0.0259946001037066,0.0052747331342643,136.0,740.44,5.444411764705883,0.0661970068124519,0.0121587068857617,8.0,17.76,2.22,0.00158778407567,0.0007152180521036,17.0,18.0,0.9444444444444444,6.2,6.0,1.0333333333333334,0.0015198383607202,0.0016092406172331,0.0005542939903803,0.0005364135390777,0.7327586206896552,0.2672413793103448,0.75,0.25,778.8501899455314,11048.0,0.0704969397126657,0.0278319965951464,2.048218277922048,0.0651698857881012,0.98771612995512,260522.0,224108.66666666663,5342.0,0.8602293344388061,0.0205049861432047,29067.0,13365.0,38685.0,20247.0,8393.0,1274.0,10002.0,6294.0,20674.0,12091.0,28683.0,13953.0,0.2887466886847628,0.7112533113152372,0.0953236064347175,0.9046763935652824,0.258549825513765,0.741450174486235,0.3108608682767817,0.6891391317232183,baseline,female_P42,female,P42,1073133,CTRL,saline,CTRL_saline
3,active,6,green,24,18-24,219.0,1079.36,4.928584474885844,7232.2,14367.8,254.0,28.473228346456693,0.0751235401383649,0.0152424170715071,242.0,932.36,3.852727272727273,0.0648923286794081,0.0168432188644051,220.0,934.08,4.245818181818182,0.0650120408134857,0.0153120171494592,672,15842.76,23.575535714285714,1.1026573309762109,0.0467712523838026,18.0,27.56,1.531111111111111,0.0019181781483595,0.0012528014031375,74.0,889.48,12.02,0.0619078773368226,0.0051504057684544,102.0,674.4,6.6117647058823525,0.0469382925708876,0.0070992079511129,84.0,324.12,3.858571428571429,0.0225587772658305,0.0058464065479753,74.0,418.24,5.651891891891892,0.0291095366026809,0.0051504057684544,220.0,982.52,4.466,0.0683834685894848,0.0153120171494592,15.0,33.68,2.2453333333333334,0.0023441306254263,0.0010440011692813,17.4,17.0,1.0235294117647058,11.6,13.0,0.8923076923076922,0.0012110413563663,0.0011832013251854,0.0008073609042442,0.0009048010133771,0.6,0.3999999999999999,0.5666666666666667,0.4333333333333333,934.731744457392,14149.0,0.0660634493220292,0.0264688250635683,2.033645252699495,0.059879777602647,0.9847715029440832,181059.0,129680.66666666666,18206.0,0.7162343029988383,0.1005528584605018,39273.0,18717.0,47123.0,27203.0,13968.0,1745.0,8401.0,6878.0,25305.0,16972.0,38722.0,20325.0,0.3556641967764112,0.6443358032235887,0.0932307527915798,0.90676924720842,0.1782781232094731,0.8217218767905269,0.2528397603205529,0.7471602396794471,baseline,female_P42,female,P42,1073133,CTRL,saline,CTRL_saline
3,active,6,red,18,12-18,113.0,1123.56,9.943008849557522,10621.36,10978.64,104.0,102.12846153846156,0.1023405449126667,0.0102927138516246,107.0,707.92,6.61607476635514,0.0644815751313459,0.0097461980718923,65.0,287.96,4.430153846153845,0.0262291139886178,0.0059205876137663,282,18872.48,66.92368794326241,1.7190180204469772,0.0256862416474171,16.0,37.92,2.37,0.003453979727908,0.0014573754126194,75.0,1472.28,19.6304,0.1341040420307069,0.0068314472466535,75.0,1009.84,13.464533333333334,0.0919822491674743,0.0068314472466535,42.0,248.64,5.92,0.0226476139121056,0.0038256104581259,43.0,243.04,5.652093023255814,0.0221375325176888,0.0039166964214146,166.0,690.8,4.16144578313253,0.0629221834398431,0.0151202699059264,14.0,40.6,2.9,0.0036980901095217,0.0012752034860419,7.0,7.0,1.0,11.6,9.0,1.2888888888888888,0.0006376017430209,0.0006376017430209,0.001056597174149,0.0008197736695984,0.3763440860215054,0.6236559139784945,0.4375,0.5625,390.769357046284,10859.0,0.0359857590060119,0.0097874315136341,2.1139820283666717,0.0324308073514978,0.9891024753521384,265638.0,211360.3333333333,27465.0,0.7956705491433202,0.1033925869039821,62203.0,12377.0,25069.0,28202.0,13249.0,1464.0,7228.0,6397.0,48954.0,10913.0,17841.0,21805.0,0.212996157741588,0.787003842258412,0.1182839137109154,0.8817160862890846,0.2883242251386174,0.7116757748613826,0.2268278845471952,0.7731721154528047,baseline,female_P42,female,P42,1073097,ELA,saline,ELA_saline
3,active,6,red,24,18-24,138.0,1527.36,11.06782608695652,8939.12,12660.88,99.0,90.29414141414142,0.1206361643108535,0.0108997162914426,97.0,675.92,6.968247422680412,0.0533864944616803,0.0076613947845647,52.0,285.52,5.490769230769231,0.022551355040092,0.0041071394721377,295,17887.52,60.63566101694916,1.4128180663587366,0.0233001181592432,18.0,37.68,2.0933333333333333,0.0029760964482721,0.0014217021249707,50.0,729.56,14.5912,0.0576231667940933,0.0039491725693632,143.0,3486.68,24.38237762237762,0.2753900202829503,0.0112946335483789,25.0,145.68,5.8272,0.0115063091980968,0.0019745862846816,21.0,128.32,6.11047619047619,0.0101351564820138,0.0016586524791325,182.0,807.12,4.434725274725275,0.0637491232836896,0.0143749881524822,30.0,75.44,2.5146666666666664,0.0059585115726552,0.0023695035416179,8.4,10.0,0.8400000000000001,6.2,6.0,1.0333333333333334,0.000663460991653,0.0007898345138726,0.000489697398601,0.0004739007083235,0.5753424657534246,0.4246575342465753,0.625,0.375,399.10833012921216,12567.0,0.0317584411656888,0.007148474470412,2.1854809629640317,0.0280935921616351,0.9925850335837636,223577.0,154588.99999999997,20155.0,0.6914351655134472,0.0901479132468903,105599.0,6896.0,24185.0,38322.0,24750.0,626.0,7079.0,6805.0,80849.0,6270.0,17106.0,31517.0,0.2343772194812451,0.7656227805187549,0.0907772621809744,0.9092227378190256,0.2927020880711184,0.7072979119288816,0.1775742393403267,0.8224257606596733,baseline,female_P42,female,P42,1073097,ELA,saline,ELA_saline
3,active,6,yellow,18,12-18,150.0,1105.96,7.373066666666667,11859.12,9740.88,136.0,87.19941176470589,0.1135379965670452,0.0153990193904452,143.0,644.96,4.510209790209791,0.0662116769737436,0.0146803984855577,92.0,346.16,3.7626086956521743,0.0355368303479767,0.0094447318928064,287,19587.16,68.24794425087109,2.0108203776250195,0.0294634571003851,64.0,154.68,2.416875,0.0158794687954271,0.0065702482732566,59.0,540.48,9.160677966101694,0.0554857466676522,0.0060569476269084,82.0,898.8,10.960975609756098,0.0922709241875477,0.00841813060011,33.0,181.36,5.495757575757576,0.0186184410443409,0.0033877842658979,38.0,111.36,2.9305263157894736,0.0114322319954665,0.0039010849122461,111.0,521.84,4.701261261261261,0.0535721618580662,0.0113952743489294,5.0,11.16,2.232,0.0011456870426491,0.0005133006463481,9.4,9.0,1.0444444444444445,8.8,10.0,0.8800000000000001,0.0009650052151345,0.0009239411634267,0.0009034091375727,0.0010266012926963,0.5164835164835164,0.4835164835164834,0.4736842105263157,0.5263157894736842,496.55982184844936,9585.0,0.0518059282053676,0.0159587004188631,2.090988104728835,0.0486846943096668,0.9839973390494494,296614.0,227061.33333333337,30057.0,0.7655111806365624,0.101333719918817,36123.0,7389.0,25013.0,27799.0,9824.0,652.0,8142.0,7129.0,26299.0,6737.0,16871.0,20670.0,0.2719596932702156,0.7280403067297844,0.0882392745973744,0.9117607254026256,0.3255107344181026,0.6744892655818974,0.2564480736717148,0.7435519263282852,baseline,female_P42,female,P42,1073142,CTRL,saline,CTRL_saline
3,active,6,yellow,24,18-24,139.0,912.4,6.564028776978417,9626.88,11973.12,189.0,50.935873015873014,0.0762040303613427,0.0116093382510156,162.0,774.0,4.777777777777778,0.0646448043617703,0.0135303078896728,72.0,325.2,4.516666666666667,0.0271608402822321,0.0060134701731879,377,18333.08,48.62885941644563,1.5311865244815053,0.0314871979901646,58.0,121.36,2.0924137931034483,0.0101360380585845,0.0048441843061791,89.0,928.84,10.436404494382025,0.0775771060508873,0.0074333172974128,91.0,716.48,7.873406593406593,0.0598407098567457,0.0076003581355569,37.0,222.24,6.006486486486486,0.0185615779345734,0.003090255505666,29.0,192.56,6.64,0.0160826918965148,0.0024220921530895,166.0,751.32,4.526024096385543,0.0627505612572161,0.013864389565961,10.0,24.08,2.408,0.002011171691255,0.0008352041907205,13.6,15.0,0.9066666666666666,10.8,12.0,0.9,0.0011358776993799,0.0012528062860808,0.0009020205259781,0.0010022450288646,0.5573770491803279,0.4426229508196722,0.5555555555555556,0.4444444444444444,525.3364429271073,11816.0,0.0444597531251783,0.0122561646331077,2.090893892475946,0.0411312297837849,0.9868772717553989,240861.0,160137.3333333333,26150.0,0.6648537261463389,0.1085688426104682,41313.0,10436.0,27714.0,22949.0,13813.0,1104.0,8225.0,5188.0,27500.0,9332.0,19489.0,17761.0,0.3343499624815433,0.6656500375184566,0.1057876581065542,0.8942123418934458,0.2967814101176301,0.70321858988237,0.2260664952721251,0.7739335047278748,baseline,female_P42,female,P42,1073142,CTRL,saline,CTRL_saline
3,active,7,blue,18,12-18,112.0,707.92,6.320714285714286,13131.68,8468.32,120.0,109.43066666666668,0.0835962741134014,0.0132257637878587,57.0,310.76,5.451929824561403,0.0366967710242409,0.0067309690706066,153.0,741.76,4.848104575163399,0.0875923441721616,0.0180673380316284,257,19039.52,74.08373540856032,2.2483231620911823,0.0303484044060687,6.0,12.04,2.0066666666666664,0.0014217696071948,0.0007085230600638,20.0,181.72,9.086,0.0214588017458008,0.0023617435335462,124.0,2279.16,18.38032258064516,0.2691395695958584,0.0146428099079864,22.0,98.88,4.494545454545454,0.0116764600298524,0.0025979178869008,23.0,65.44,2.845217391304348,0.0077276248417631,0.0027160050635781,116.0,479.52,4.1337931034482756,0.0566251629603038,0.0136981124945679,7.0,15.08,2.1542857142857144,0.0017807546242938,0.0008266102367411,15.6,15.0,1.04,3.6,4.0,0.9,0.001842159956166,0.0017713076501596,0.0004251138360383,0.0004723487067092,0.8125,0.1875,0.7894736842105263,0.2105263157894736,343.0090601206202,8011.0,0.0428172587842491,0.008715486104822,2.1595060495542113,0.0402194375460324,0.9459963723619323,328412.0,258351.3333333333,13175.0,0.7866683718418733,0.0401172916945787,61666.0,4153.0,26523.0,17810.0,10655.0,104.0,5043.0,2954.0,51011.0,4049.0,21480.0,14856.0,0.1727856517367755,0.8272143482632245,0.0250421382133397,0.9749578617866602,0.1901368623458884,0.8098631376541116,0.1658618753509264,0.8341381246490736,baseline,female_P42,female,P42,1073123,CTRL,MDMA,CTRL_MDMA
3,active,7,blue,24,18-24,170.0,1400.32,8.237176470588235,9073.64,12526.36,225.0,40.32728888888889,0.1117898575484019,0.0135713806724379,92.0,630.0,6.8478260869565215,0.0502939401390348,0.0073445118933193,190.0,870.96,4.5840000000000005,0.0695301747674504,0.0151680136927247,386,17006.76,44.05896373056994,1.3576777292046531,0.0308150172915356,7.0,11.84,1.6914285714285715,0.0009452067480097,0.0005588215571003,15.0,74.76,4.984,0.0059682142298321,0.0011974747652151,130.0,1623.44,12.488,0.1296018955227217,0.0103781146318643,33.0,182.52,5.530909090909091,0.0145708729431375,0.0026344444834732,20.0,59.0,2.95,0.0047100674098461,0.0015966330202868,174.0,781.16,4.489425287356322,0.0623612925063625,0.0138907072764953,7.0,15.44,2.2057142857142855,0.0012326006916614,0.0005588215571003,39.0,37.0,1.054054054054054,4.2,4.0,1.05,0.0031134343895592,0.0029537710875306,0.0003352929342602,0.0003193266040573,0.9027777777777776,0.0972222222222222,0.902439024390244,0.0975609756097561,519.5937100599629,12289.0,0.0422812035202183,0.009073937164398,2.13877026317452,0.0388374633887333,0.981051159315236,227066.0,153657.66666666666,28814.0,0.6767092680835821,0.1268970255344261,42600.0,6091.0,37806.0,35178.0,9326.0,672.0,8766.0,8525.0,33274.0,5419.0,29040.0,26653.0,0.2189201877934272,0.7810798122065727,0.1103267115416187,0.8896732884583812,0.2318679574670687,0.7681320425329313,0.2423389618511569,0.757661038148843,baseline,female_P42,female,P42,1073123,CTRL,MDMA,CTRL_MDMA
3,active,7,green,18,12-18,48.0,400.4,8.341666666666667,14595.2,7004.799999999999,370.0,39.446486486486485,0.0571608040201005,0.0068524440383736,34.0,228.52,6.721176470588236,0.0326233439926907,0.0048538145271813,87.0,674.8,7.756321839080459,0.09633394243947,0.0124200548195523,140,19759.32,141.138,2.820825719506624,0.0199862951119232,2.0,2.56,1.28,0.0003654636820465,0.0002855185015989,42.0,671.72,15.993333333333334,0.0958942439470077,0.0059958885335769,131.0,1243.48,9.492213740458016,0.1775182731841023,0.0187014618547281,13.0,112.56,8.65846153846154,0.0160689812699862,0.0018558702603928,26.0,144.16,5.544615384615384,0.0205801735952489,0.0037117405207857,59.0,263.96,4.473898305084745,0.0376827318410233,0.0084227957971676,13.0,32.64,2.51076923076923,0.0046596619460941,0.0018558702603928,0.8,1.0,0.8,3.8,3.0,1.2666666666666666,0.0001142074006395,0.0001427592507994,0.0005424851530379,0.0004282777523983,0.1739130434782609,0.8260869565217391,0.25,0.75,295.5651082785091,6375.0,0.0463631542397661,0.0093970412639268,2.099125516065188,0.0417940346674323,0.9100902238465054,365250.0,280006.6666666666,17309.0,0.7666164727355691,0.0473894592744695,48053.0,6457.0,22704.0,10058.0,15721.0,208.0,5518.0,2761.0,32332.0,6249.0,17186.0,7297.0,0.32715959461428,0.67284040538572,0.03221310205978,0.96778689794022,0.2430408738548273,0.7569591261451727,0.2745078544442235,0.7254921455557765,baseline,female_P42,female,P42,1073143,CTRL,MDMA,CTRL_MDMA
3,active,7,green,24,18-24,70.0,738.6,10.551428571428572,10072.96,11527.04,407.0,24.749287469287463,0.064075426128477,0.0060726778080062,24.0,182.44,7.601666666666667,0.0158271334184664,0.0020820609627449,154.0,1219.92,7.921558441558442,0.1058311587363278,0.0133598911776136,277,18577.56,67.0670036101083,1.6116505191272,0.0240304536116817,,,,,,48.0,830.16,17.294999999999998,0.0720184887013491,0.0041641219254899,166.0,2366.28,14.254698795180724,0.2052808006218422,0.0144009216589861,29.0,250.12,8.624827586206896,0.0216985453334073,0.0025158236633168,33.0,188.64,5.716363636363636,0.0163649991671756,0.0028628338237743,162.0,631.2,3.896296296296296,0.0547582033201932,0.0140539114985286,38.0,101.88,2.681052631578947,0.0088383487868524,0.0032965965243462,2.8,3.0,0.9333333333333332,6.2,5.0,1.24,0.0002429071123202,0.0002602576203431,0.0005378657487091,0.0004337627005718,0.3111111111111111,0.6888888888888889,0.375,0.625,502.71804623028623,11210.0,0.0448454992176883,0.0088721356436535,2.1160208418440285,0.0409521604025944,0.9724959746821388,252231.0,171022.0,24911.0,0.6780371960623397,0.0987626421811752,80125.0,11031.0,35197.0,18535.0,15969.0,1202.0,9690.0,4527.0,64156.0,9829.0,25507.0,14008.0,0.1993010920436817,0.8006989079563183,0.1089656422808448,0.8910343577191551,0.2753075546211325,0.7246924453788676,0.2442406258429997,0.7557593741570002,baseline,female_P42,female,P42,1073143,CTRL,MDMA,CTRL_MDMA
3,active,7,red,18,12-18,63.0,394.44,6.260952380952381,13007.6,8592.4,100.0,130.076,0.0459056840929193,0.0073320608910199,53.0,237.28,4.476981132075472,0.0276151017177971,0.0061682417019691,167.0,892.0,5.341317365269461,0.1038126716633303,0.0194357804571481,256,19276.92,75.30046875,2.2434849401796937,0.0297937712397002,15.0,25.32,1.688,0.0029467901866765,0.0017457287835761,18.0,322.24,17.90222222222222,0.0375029095479726,0.0020948745402914,90.0,2798.8,31.09777777777778,0.3257297146315349,0.0104743727014571,19.0,97.12,5.111578947368422,0.0113030119640612,0.0022112564591964,48.0,361.72,7.535833333333334,0.0420976677063451,0.0055863321074437,107.0,446.4,4.171962616822429,0.0519528885992272,0.0124528653228434,7.0,15.48,2.2114285714285713,0.0018015921046506,0.0008146734323355,3.6,4.0,0.9,3.0,3.0,1.0,0.0004189749080582,0.0004655276756203,0.0003491457567152,0.0003491457567152,0.5454545454545455,0.4545454545454546,0.5714285714285714,0.4285714285714285,324.6862702859497,8155.0,0.0398143801699509,0.0091641901540931,2.128907605973958,0.0358135940884172,0.9490945486709186,325290.0,260437.99999999997,7175.0,0.8006332810722738,0.0220572412309016,78134.0,11538.0,28452.0,9924.0,23490.0,236.0,5918.0,1868.0,54644.0,11302.0,22534.0,8056.0,0.3006373665753705,0.6993626334246295,0.0204541514993933,0.9795458485006068,0.2079994376493744,0.7920005623506257,0.1882305521966948,0.8117694478033051,baseline,female_P42,female,P42,1073098,ELA,MDMA,ELA_MDMA
3,active,7,red,24,18-24,95.0,862.76,9.081684210526316,8445.28,13154.72,158.0,53.451139240506336,0.0655855844898257,0.0072217424620212,52.0,208.76,4.014615384615384,0.0158695890144374,0.0039529537686853,212.0,1055.32,4.9779245283018865,0.0802236763686342,0.0161158884415631,370,17836.0,48.20540540540541,1.3558631426590608,0.02812678643103,3.0,3.4,1.1333333333333333,0.0002584623617986,0.0002280550251164,43.0,336.92,7.8353488372093025,0.0256120996874125,0.0032687886933359,85.0,2846.96,33.49364705882353,0.2164211781018524,0.0064615590449663,29.0,239.08,8.244137931034484,0.0181744651349477,0.0022045319094591,38.0,253.88,6.681052631578948,0.0192995365921889,0.0028886969848084,223.0,1027.0,4.605381165919282,0.0780708369315348,0.0169520902003235,17.0,47.88,2.816470588235294,0.0036397582008587,0.0012923118089932,2.4,2.0,1.2,11.6,13.0,0.8923076923076922,0.0001824440200931,0.0001520366834109,0.0008818127637836,0.0009882384421713,0.1714285714285714,0.8285714285714285,0.1333333333333333,0.8666666666666667,496.3978644127643,12986.0,0.0382256171579211,0.0074750007701178,2.10597774755856,0.0340968114069172,0.9871741853874504,211290.0,151946.0,23523.0,0.719134838373799,0.1113303989777083,79725.0,12391.0,31866.0,21664.0,9177.0,623.0,7391.0,3673.0,70548.0,11768.0,24475.0,17991.0,0.1151081843838193,0.8848918156161806,0.0502784278912113,0.9497215721087886,0.2319399987447436,0.7680600012552564,0.1695439438700147,0.8304560561299852,baseline,female_P42,female,P42,1073098,ELA,MDMA,ELA_MDMA
3,active,7,yellow,18,12-18,67.0,345.28,5.153432835820895,14588.56,7011.4400000000005,171.0,85.313216374269,0.0492452335041018,0.0095558116449687,26.0,148.12,5.696923076923077,0.0211254749381011,0.0037082254144655,183.0,1595.16,8.71672131147541,0.2275081866207227,0.026100201955661,219,19568.52,89.35397260273973,2.790941661056787,0.0312346679141517,,,,,,32.0,445.8,13.93125,0.0635818034526431,0.0045639697408806,99.0,862.44,8.711515151515153,0.1230046894789087,0.0141197813858494,7.0,56.4,8.057142857142857,0.008043996668302,0.0009983683808176,17.0,100.24,5.896470588235294,0.0142966352133085,0.0024246089248428,86.0,330.84,3.8469767441860463,0.0471857421585294,0.0122656686786166,4.0,12.8,3.2,0.0018255878963522,0.00057049621761,2.2,2.0,1.1,11.8,12.0,0.9833333333333334,0.0003137729196855,0.000285248108805,0.0016829638419497,0.0017114886528302,0.1571428571428571,0.8428571428571429,0.1428571428571428,0.8571428571428571,295.5658475421122,6515.0,0.045366975831483,0.0113461846604376,2.1457545025363456,0.0416304991741081,0.9291957144324132,364885.0,273149.3333333333,18122.0,0.7485901950842959,0.049664962933527,32837.0,3940.0,43791.0,8699.0,7875.0,226.0,7151.0,1437.0,24962.0,3714.0,36640.0,7262.0,0.2398209337028352,0.7601790662971648,0.0573604060913705,0.9426395939086294,0.1632983946473019,0.836701605352698,0.1651914013104954,0.8348085986895045,baseline,female_P42,female,P42,1073154,ELA,MDMA,ELA_MDMA
3,active,7,yellow,24,18-24,155.0,824.76,5.321032258064516,10306.64,11293.36,299.0,34.47036789297659,0.0730305241309937,0.0137248790439691,47.0,224.04,4.766808510638298,0.0198382058129732,0.0041617375165584,406.0,2537.12,6.249064039408867,0.2246559040002266,0.0359503283345257,399,18730.0,46.94235588972431,1.658496674151891,0.0353304950873787,3.0,5.56,1.8533333333333333,0.0004923246934481,0.0002656428202058,20.0,93.6,4.68,0.0082880559904226,0.0017709521347057,120.0,897.88,7.482333333333333,0.0795051251354778,0.0106257128082342,26.0,160.52,6.173846153846155,0.0142136618331479,0.0023022377751174,13.0,102.12,7.855384615384616,0.0090424815998073,0.0011511188875587,112.0,486.76,4.346071428571428,0.0431014330544674,0.0099173319543519,3.0,7.84,2.6133333333333333,0.0006942132368046,0.0002656428202058,6.4,7.0,0.9142857142857144,28.6,27.0,1.0592592592592591,0.0005667046831058,0.0006198332471469,0.0025324615526291,0.0023907853818526,0.1828571428571428,0.8171428571428572,0.2058823529411764,0.7941176470588235,620.1267150910747,11008.0,0.05633418560057,0.0178086444405801,2.097955586697581,0.0516536472404509,0.974732054942019,257965.0,164839.0,39427.0,0.6389975384257555,0.1528385633709999,24927.0,6605.0,69482.0,20774.0,3780.0,273.0,9127.0,7511.0,21147.0,6332.0,60355.0,13263.0,0.151642796967144,0.8483572030328559,0.0413323239969719,0.958667676003028,0.1313577617224605,0.8686422382775395,0.3615577163762395,0.6384422836237604,baseline,female_P42,female,P42,1073154,ELA,MDMA,ELA_MDMA
3,active,8,blue,18,12-18,91.0,968.08,10.638241758241758,14195.08,7404.92,97.0,146.34103092783505,0.1307347007124992,0.012289126688742,47.0,274.36,5.837446808510639,0.0370510417398162,0.0063471313667129,22.0,97.6,4.4363636363636365,0.0131804259870464,0.0029709976610145,181,19645.52,108.53878453038676,2.6530360895188605,0.0244432080292562,16.0,78.2,4.8875,0.0105605462314245,0.0021607255716469,28.0,251.0,8.964285714285714,0.0338963824052116,0.0037812697503821,107.0,823.44,7.69570093457944,0.1112017415448107,0.014449852260389,22.0,168.84,7.674545454545455,0.0228010565948045,0.0029709976610145,16.0,38.76,2.4225,0.0052343576973147,0.0021607255716469,93.0,449.88,4.837419354838709,0.0607542012607833,0.0125592173851979,9.0,21.24,2.36,0.0028683631963613,0.0012154081340514,1.6,2.0,0.8,13.4,13.0,1.0307692307692309,0.0002160725571646,0.0002700906964558,0.0018096076662543,0.0017555895269631,0.1066666666666666,0.8933333333333333,0.1333333333333333,0.8666666666666667,254.60505492246332,7306.0,0.0348487619658449,0.0081269865761544,2.1061748165945846,0.0324258804468473,0.9866413141532928,354974.0,225533.3333333333,55372.0,0.6353516971196012,0.1559888893271056,26996.0,5228.0,9368.0,24293.0,4367.0,337.0,2288.0,8247.0,22629.0,4891.0,7080.0,16046.0,0.1617647058823529,0.8382352941176471,0.064460596786534,0.935539403213466,0.2442356959863364,0.7557643040136636,0.3394805087885399,0.6605194912114601,baseline,female_P42,female,P42,1073155,ELA,MDMA,ELA_MDMA
3,active,8,blue,24,18-24,108.0,1644.56,15.227407407407409,14143.08,7456.92,117.0,120.88102564102564,0.2205414567944942,0.0144831914516985,31.0,128.72,4.152258064516129,0.0172618185524318,0.0041572123611356,22.0,93.24,4.238181818181818,0.0125038219532997,0.0029502797401608,173,19340.52,111.7949132947977,2.593633832735231,0.0231999270476282,15.0,38.96,2.5973333333333333,0.0052246772125757,0.0020115543682914,6.0,37.48,6.246666666666666,0.0050262038482376,0.0008046217473165,96.0,926.28,9.64875,0.1242175053507346,0.0128739479570653,23.0,165.08,7.177391304347827,0.0221378263411703,0.0030843833647135,7.0,27.64,3.948571428571429,0.0037066241826384,0.0009387253718693,110.0,421.72,3.8338181818181822,0.0565541805463918,0.014751398700804,5.0,10.48,2.096,0.0014054059853129,0.0006705181227638,1.6,2.0,0.8,9.8,9.0,1.088888888888889,0.0002145657992844,0.0002682072491055,0.001314215520617,0.0012069326209748,0.1403508771929824,0.8596491228070176,0.1818181818181818,0.8181818181818182,248.3516251638966,7336.0,0.0338538202240862,0.0070346911931553,2.081033282046895,0.0319547889683222,0.9837841897190798,353694.0,251397.3333333333,49821.0,0.710776358471824,0.1408590476513596,24196.0,4848.0,5602.0,41222.0,1305.0,379.0,539.0,12560.0,22891.0,4469.0,5063.0,28662.0,0.0539345346338237,0.9460654653661762,0.0781765676567656,0.9218234323432344,0.0962156372724027,0.9037843627275972,0.3046916694968706,0.6953083305031293,baseline,female_P42,female,P42,1073155,ELA,MDMA,ELA_MDMA
3,active,8,green,18,12-18,107.0,767.72,7.174953271028038,10650.48,10949.52,241.0,44.19286307053942,0.0701144890369623,0.0097721178645273,84.0,483.92,5.760952380952381,0.0441955446448794,0.0076715691646757,59.0,297.48,5.042033898305085,0.0271683142274729,0.0053883640561412,296,18783.52,63.45783783783784,1.7154651528103515,0.0270331484850477,34.0,84.12,2.4741176470588235,0.0076825285491966,0.0031051589476068,54.0,560.76,10.384444444444444,0.0512132038664708,0.0049317230344343,187.0,1627.04,8.700748663101605,0.1485946415915948,0.0170783742118375,46.0,359.08,7.806086956521739,0.0327941316149018,0.0042010973997033,35.0,118.36,3.3817142857142857,0.0108096062658454,0.0031964871519482,155.0,652.84,4.211870967741936,0.0596227049222249,0.0141558716729135,8.0,21.36,2.67,0.0019507704447318,0.000730625634731,10.2,9.0,1.1333333333333333,5.8,7.0,0.8285714285714285,0.000931547684282,0.0008219538390723,0.0005297035851799,0.0006392974303896,0.6375,0.3625,0.5625,0.4375,422.0621431725715,10777.0,0.0391632312491947,0.0089579200938428,2.052848363652484,0.0372288682570017,0.9842440581870256,266503.0,203013.3333333333,13473.0,0.7617675348244984,0.0505547779949944,54936.0,12017.0,19678.0,19300.0,13005.0,830.0,2939.0,5177.0,41931.0,11187.0,16739.0,14123.0,0.2367300131061599,0.7632699868938401,0.0690688191728384,0.9309311808271616,0.1493546092082528,0.8506453907917472,0.2682383419689119,0.7317616580310881,baseline,female_P42,female,P42,1073134,CTRL,MDMA,CTRL_MDMA
3,active,8,green,24,18-24,98.0,700.72,7.150204081632653,14014.4,7585.6,219.0,63.99269406392694,0.0923750263657456,0.0129192153554102,65.0,402.92,6.198769230769231,0.0531164311326724,0.008568867327568,35.0,165.68,4.733714285714286,0.0218413836743303,0.004614005484075,202,19727.04,97.65861386138614,2.6005905927019617,0.026629403079519,16.0,33.04,2.065,0.0043556211769668,0.0021092596498628,32.0,119.36,3.73,0.0157350769879772,0.0042185192997257,121.0,1828.0,15.107438016528926,0.2409829149968361,0.0159512761020881,30.0,238.84,7.961333333333333,0.0314859734233284,0.0039548618434929,20.0,79.64,3.982,0.0104988399071925,0.0026365745623286,82.0,349.6,4.263414634146342,0.0460873233495043,0.0108099557055473,10.0,28.88,2.888,0.0038072136680025,0.0013182872811643,3.2,3.0,1.0666666666666669,2.4,3.0,0.7999999999999999,0.0004218519299725,0.0003954861843492,0.0003163889474794,0.0003954861843492,0.5714285714285715,0.4285714285714286,0.5,0.5,330.22216525397897,7447.0,0.0443429790860721,0.0090544395172793,2.108198869945783,0.0407957839256974,0.9817285382830626,350579.0,271533.6666666666,18366.0,0.7745291836267051,0.0523876216202339,48837.0,8012.0,14315.0,17616.0,5707.0,521.0,1439.0,4926.0,43130.0,7491.0,12876.0,12690.0,0.1168581198681327,0.8831418801318672,0.0650274588117823,0.9349725411882176,0.1005239259517988,0.8994760740482012,0.2796321525885558,0.7203678474114441,baseline,female_P42,female,P42,1073134,CTRL,MDMA,CTRL_MDMA
3,active,8,red,18,12-18,78.0,1090.56,13.98153846153846,12010.92,9589.08,90.0,133.45466666666667,0.1137293671551389,0.0081342527124604,40.0,339.04,8.476,0.0353568851234946,0.0041714116474156,35.0,192.32,5.494857142857143,0.0200561472007742,0.0036499851914886,190,19102.56,100.53978947368422,1.9921160319863849,0.0198142053252241,19.0,86.44,4.549473684210526,0.0090144205700651,0.0019814205325224,35.0,380.96,10.884571428571428,0.0397285245299861,0.0036499851914886,116.0,2007.72,17.30793103448276,0.2093756648187313,0.0120970937775052,42.0,240.28,5.720952380952381,0.0250576697660255,0.0043799822297863,30.0,114.16,3.805333333333333,0.0119052088417241,0.0031285587355617,138.0,600.12,4.348695652173913,0.0625836889461762,0.0143913701835838,15.0,36.72,2.448,0.0038293558923275,0.0015642793677808,7.0,8.0,0.875,3.6,3.0,1.2,0.0007299970382977,0.0008342823294831,0.0003754270482674,0.0003128558735561,0.6603773584905661,0.339622641509434,0.7272727272727273,0.2727272727272727,286.81875556271245,9500.0,0.0301914479539697,0.0077471678632733,2.112869312877504,0.0280627547307261,0.9907102662612056,300363.0,220123.0,18679.0,0.7328565768753142,0.0621880857495763,59868.0,8933.0,13359.0,27342.0,12027.0,768.0,2338.0,7297.0,47841.0,8165.0,11021.0,20045.0,0.2008919623170976,0.7991080376829024,0.0859733572148214,0.9140266427851784,0.1750130997829178,0.8249869002170821,0.2668787945285641,0.7331212054714359,baseline,female_P42,female,P42,1073099,ELA,MDMA,ELA_MDMA
3,active,8,red,24,18-24,57.0,983.16,17.248421052631578,13338.36,8261.64,79.0,168.84,0.1190030066669571,0.0068993565442212,40.0,300.84,7.520999999999999,0.0364140775923424,0.0048416537152429,19.0,134.28,7.067368421052632,0.0162534315220706,0.0022997855147404,144,19302.32,134.0438888888889,2.3363787335202213,0.0174299533748747,11.0,25.12,2.2836363636363637,0.0030405585331725,0.0013314547716918,20.0,254.88,12.744,0.0308510174735282,0.0024208268576214,104.0,1944.88,18.700769230769232,0.2354108869425441,0.0125882996596317,24.0,214.88,8.953333333333333,0.0260093637582852,0.0029049922291457,13.0,68.16,5.243076923076923,0.008250177930774,0.0015735374574539,106.0,485.84,4.583396226415094,0.0588067260253412,0.0128303823453938,13.0,30.68,2.36,0.0037135483995913,0.0015735374574539,7.0,6.0,1.1666666666666667,3.0,3.0,1.0,0.0008472894001675,0.0007262480572864,0.0003631240286432,0.0003631240286432,0.7,0.3,0.6666666666666666,0.3333333333333333,203.87739366332585,8181.0,0.0249208401984263,0.0058380864617667,2.132132226403636,0.0226268576732142,0.9902392261100702,333538.0,263728.3333333333,15566.0,0.7906995105005526,0.0466693450221563,55118.0,7113.0,10937.0,24636.0,6968.0,253.0,955.0,10552.0,48150.0,6860.0,9982.0,14084.0,0.1264196814107914,0.8735803185892086,0.0355686770701532,0.9644313229298468,0.0873182774069671,0.9126817225930328,0.4283162851112193,0.5716837148887807,baseline,female_P42,female,P42,1073099,ELA,MDMA,ELA_MDMA
3,active,8,yellow,18,12-18,117.0,931.12,7.958290598290598,7740.76,13859.24,77.0,100.52935064935065,0.0671840591547588,0.0084420213518201,50.0,325.56,6.5112,0.0234904655666544,0.0036077014324017,34.0,174.44,5.130588235294118,0.0125865487573633,0.0024532369740332,179,19859.12,110.94480446927372,1.4329155134047753,0.0129155711279983,29.0,55.84,1.9255172413793105,0.0040290809597063,0.002092466830793,53.0,329.88,6.224150943396227,0.0238021709704139,0.0038241635183458,401.0,6585.12,16.421745635910224,0.4751429371307518,0.0289337654878622,52.0,340.48,6.547692307692308,0.0245670036740831,0.0037520094896978,32.0,161.92,5.06,0.0116831803186899,0.0023089289167371,105.0,426.92,4.065904761904762,0.0308039979104193,0.0075761730080437,22.0,55.32,2.514545454545454,0.0039915608648093,0.0015873886302567,7.6,8.0,0.95,3.6,4.0,0.9,0.000548370617725,0.0005772322291842,0.0002597545031329,0.0002886161145921,0.6785714285714286,0.3214285714285714,0.6666666666666666,0.3333333333333333,312.3189664352715,13779.0,0.0226663013596974,0.0052288379772767,2.252444345121669,0.020974064243281,0.9942103607412816,193596.0,167343.66666666666,7191.0,0.8643963029539178,0.0371443624868282,173329.0,12644.0,12584.0,23395.0,16527.0,657.0,1845.0,7122.0,156802.0,11987.0,10739.0,16273.0,0.095350460684594,0.904649539315406,0.0519614046187915,0.9480385953812084,0.1466147488874761,0.8533852511125238,0.3044240222269715,0.6955759777730284,baseline,female_P42,female,P42,1073144,CTRL,MDMA,CTRL_MDMA
3,active,8,yellow,24,18-24,94.0,1162.2,12.363829787234042,9724.16,11875.84,74.0,131.40756756756755,0.0978625511963785,0.0079152295753395,42.0,272.0,6.476190476190476,0.0229036430265143,0.0035365919379176,23.0,117.44,5.106086956521739,0.0098889846949773,0.0019367051088596,187,18650.04,99.73283422459892,1.5704185977581375,0.0157462545807286,17.0,49.44,2.908235294117647,0.0041630739383487,0.0014314776891571,44.0,191.04,4.341818181818182,0.0160864410433283,0.0037050010778184,189.0,2702.6,14.2994708994709,0.227571270748006,0.0159146637206294,61.0,288.4,4.727868852459016,0.0242845979737012,0.0051364787669756,36.0,255.64,7.101111111111111,0.0215260562621254,0.0030313645182151,122.0,563.44,4.618360655737705,0.0474442228928648,0.0102729575339512,24.0,56.36,2.348333333333333,0.0047457695624056,0.00202090967881,5.2,6.0,0.8666666666666667,1.8,2.0,0.9,0.0004378637637421,0.0005052274197025,0.0001515682259107,0.0001684091399008,0.7428571428571429,0.2571428571428572,0.75,0.25,275.82571417297106,11807.0,0.0233612021828551,0.0060695489071502,2.1729291181978283,0.0218031715440192,0.9942033574046132,243178.0,219147.3333333333,6762.0,0.9011807537414294,0.0278067917328047,72574.0,13698.0,9801.0,29149.0,4978.0,671.0,999.0,12179.0,67596.0,13027.0,8802.0,16970.0,0.0685920577617328,0.9314079422382672,0.0489852533216527,0.9510147466783472,0.1019283746556473,0.8980716253443526,0.4178187930975333,0.5821812069024667,baseline,female_P42,female,P42,1073144,CTRL,MDMA,CTRL_MDMA
1,active,1,blue,18,12-18,95.0,1029.56,10.837473684210526,10396.64,11203.36,135.0,77.01214814814814,0.0918974307707687,0.0084795989774496,77.0,569.16,7.391688311688311,0.0508026163579497,0.0068729381185644,108.0,539.0,4.9907407407407405,0.048110566829951,0.0096399651533111,331,18380.24,55.52942598187312,1.6406006769397752,0.0295447080161665,19.0,37.36,1.966315789473684,0.0033347138715528,0.0016959197954899,133.0,898.6,6.756390977443609,0.0802080804330129,0.0118714385684294,103.0,1427.4,13.858252427184468,0.1274082061095957,0.0091936704702874,48.0,392.24,8.171666666666667,0.0350109252938404,0.0042844289570271,22.0,151.04,6.865454545454545,0.0134816697847788,0.0019636966053041,176.0,834.6,4.742045454545455,0.07449550849031,0.0157095728424329,14.0,31.52,2.2514285714285713,0.0028134416817811,0.0012496251124662,6.0,6.0,1.0,5.2,5.0,1.04,0.0005355536196283,0.0005355536196283,0.0004641464703446,0.0004462946830236,0.5357142857142857,0.4642857142857143,0.5454545454545454,0.4545454545454545,349.4492225167559,11083.0,0.0315302014361414,0.0098681524468412,1.961949636428678,0.0274887210166787,0.9892567943902544,260051.0,172789.99999999997,31198.0,0.6644465893228635,0.1199687753556033,58386.0,13652.0,27889.0,25834.0,8442.0,884.0,4618.0,4591.0,49944.0,12768.0,23271.0,21243.0,0.1445894563765286,0.8554105436234714,0.0647524172282449,0.935247582771755,0.165584997669332,0.834415002330668,0.1777115429279244,0.8222884570720755,baseline,female_P35,female,P35,1111836,ELA,MDMA,ELA_MDMA
1,active,1,blue,24,18-24,62.0,607.6,9.8,14009.24,7590.76,158.0,88.66607594936708,0.0800446859076034,0.0081678250926125,68.0,422.36,6.211176470588235,0.0556413323567073,0.0089582597789944,48.0,258.64,5.388333333333333,0.0340730045476342,0.0063234774910549,220,19711.68,89.59854545454546,2.596799266476611,0.028982605167335,2.0,4.28,2.14,0.000563843409619,0.0002634782287939,88.0,887.76,10.088181818181818,0.1169527161970606,0.011593042066934,46.0,965.8,20.995652173913044,0.1272336366846007,0.0060599992622609,31.0,284.6,9.180645161290323,0.0374929519573797,0.0040839125463062,9.0,76.92,8.546666666666667,0.0101333726794155,0.0011856520295727,123.0,605.88,4.925853658536585,0.0798180946308406,0.0162039110708282,5.0,12.36,2.472,0.0016282954539466,0.0006586955719848,5.6,6.0,0.9333333333333332,0.8,1.0,0.8,0.000737739040623,0.0007904346863818,0.0001053912915175,0.0001317391143969,0.875,0.125,0.8571428571428571,0.1428571428571428,239.7171712062555,7428.0,0.0322721016702013,0.0084750434997087,1.9924012381471712,0.0297032453104378,0.978558141740748,350389.0,281274.99999999994,14676.0,0.8027506571267932,0.0418848765229502,46473.0,9078.0,17141.0,15252.0,16955.0,425.0,2855.0,2587.0,29518.0,8653.0,14286.0,12665.0,0.3648354958793278,0.6351645041206723,0.046816479400749,0.9531835205992508,0.1665597106353188,0.8334402893646812,0.1696170993968004,0.8303829006031995,baseline,female_P35,female,P35,1111836,ELA,MDMA,ELA_MDMA
1,active,1,green,18,12-18,163.0,945.84,5.802699386503067,10607.24,10992.76,205.0,51.742634146341466,0.0860420858819805,0.0148279412995462,161.0,933.96,5.800993788819876,0.0849613745774491,0.0146460033694904,161.0,878.44,5.456149068322982,0.0799107776391006,0.0146460033694904,443,17345.32,39.154221218961624,1.5778858084775798,0.0402992515073557,,,,,,128.0,820.68,6.4115625,0.0746564102190896,0.01164402752357,139.0,824.52,5.931798561151079,0.0750057310447967,0.0126446861388768,52.0,269.64,5.185384615384615,0.0245288717301205,0.0047303861814503,31.0,87.56,2.8245161290322582,0.0079652425778421,0.0028200379158646,156.0,699.72,4.485384615384616,0.0636528042093159,0.014191158544351,4.0,9.64,2.41,0.0008769408228688,0.0003638758601115,0.8,1.0,0.8,11.2,11.0,1.018181818181818,7.277517202231286e-05,9.096896502789108e-05,0.0010188524083123,0.0010006586153068,0.0666666666666666,0.9333333333333332,0.0833333333333333,0.9166666666666666,637.8396983474357,10811.0,0.0589991396121945,0.0171800819211358,1.9482103687348824,0.0544288034414933,0.9834654809165304,265386.0,191075.66666666663,9844.0,0.7199915092230437,0.0370931398039082,41397.0,9013.0,45565.0,23809.0,13146.0,633.0,7499.0,5138.0,28251.0,8380.0,38066.0,18671.0,0.3175592434234365,0.6824407565765636,0.0702318872739376,0.9297681127260624,0.1645780752770767,0.8354219247229233,0.2158007476164475,0.7841992523835525,baseline,female_P35,female,P35,1111866,CTRL,MDMA,CTRL_MDMA
1,active,1,green,24,18-24,108.0,769.52,7.125185185185185,12611.08,8988.92,309.0,40.81255663430421,0.0856076147078848,0.0120147915433667,82.0,397.48,4.847317073170732,0.0442188828023833,0.009122341727371,155.0,798.68,5.152774193548387,0.0888516084245938,0.0172434508261281,318,18802.32,59.12679245283019,2.0917218086266205,0.0353768862110242,,,,,,135.0,1216.84,9.013629629629628,0.1353711013113922,0.0150184894292084,60.0,341.36,5.689333333333334,0.0379756411226265,0.0066748841907592,28.0,225.84,8.065714285714286,0.0251242640940179,0.0031149459556876,32.0,139.08,4.34625,0.01547238155418,0.0035599382350716,144.0,631.56,4.385833333333333,0.0702598309919322,0.0160197220578222,2.0,4.96,2.48,0.0005517904264361,0.0002224961396919,1.0,1.0,1.0,6.4,7.0,0.9142857142857144,0.0001112480698459,0.0001112480698459,0.0007119876470143,0.0007787364889219,0.1351351351351351,0.8648648648648649,0.125,0.875,476.3642613263205,8717.0,0.054647729875682,0.0114883608406426,1.9735958637652211,0.0528567361314048,0.9697494248474788,315586.0,266780.3333333333,6781.0,0.8453490754765208,0.0214870114643868,39150.0,9183.0,30141.0,19346.0,12464.0,299.0,4128.0,3242.0,26686.0,8884.0,26013.0,16104.0,0.3183652618135377,0.6816347381864624,0.0325601655232494,0.9674398344767504,0.1369563053647855,0.8630436946352145,0.1675798614700713,0.8324201385299287,baseline,female_P35,female,P35,1111866,CTRL,MDMA,CTRL_MDMA
1,active,1,red,18,12-18,139.0,1169.4,8.41294964028777,10854.16,10745.84,133.0,81.61022556390978,0.1088235075154664,0.0129352381945013,69.0,307.28,4.453333333333333,0.0285952517439306,0.0064210894634574,93.0,404.56,4.350107526881721,0.0376480572947298,0.0086545118855296,303,18349.0,60.557755775577554,1.7075445009417598,0.0281969580786611,8.0,23.24,2.905,0.0021626973787065,0.0007444741406907,81.0,858.32,10.596543209876543,0.0798746305547076,0.0075378006744935,90.0,1652.52,18.361333333333334,0.1537823008717792,0.0083753340827706,26.0,140.6,5.407692307692307,0.0130841330226394,0.0024195409572448,35.0,187.44,5.355428571428571,0.0174430291163836,0.0032570743655219,195.0,1052.4,5.396923076923078,0.0979355732078646,0.0181465571793363,9.0,22.0,2.4444444444444446,0.0020473038868994,0.000837533408277,11.4,11.0,1.0363636363636364,0.8,1.0,0.8,0.0010608756504842,0.0010236519434497,7.444741406907231e-05,9.30592675863404e-05,0.9344262295081966,0.0655737704918032,0.9166666666666666,0.0833333333333333,390.12941252146527,10612.0,0.0367630430193616,0.0099943371365805,1.9829461650932232,0.0323230560541453,0.9875449476262442,271487.0,183173.66666666663,23709.0,0.6747051117241953,0.087330148404896,62942.0,8262.0,17958.0,29374.0,13696.0,685.0,2843.0,6258.0,49246.0,7577.0,15115.0,23116.0,0.2175971529344476,0.7824028470655524,0.0829097070927136,0.9170902929072864,0.1583138434124067,0.8416861565875933,0.213045550486825,0.786954449513175,baseline,female_P35,female,P35,1111920,ELA,MDMA,ELA_MDMA
1,active,1,red,24,18-24,65.0,440.6,6.7784615384615385,16052.68,5547.32,110.0,145.93345454545454,0.0794257407180404,0.0117173698290345,41.0,237.8,5.800000000000001,0.0428675468514525,0.0073909563536987,49.0,260.72,5.320816326530613,0.0469992717203983,0.0088330941788106,162,20041.48,123.71283950617284,3.6128220474030703,0.0292032909585169,1.0,2.08,2.08,0.0003749558345291,0.0001802672281389,30.0,642.0,21.4,0.1157315604652336,0.0054080168441697,67.0,1159.84,17.311044776119402,0.2090811418847299,0.0120779042853125,12.0,78.68,6.5566666666666675,0.0141834255099759,0.0021632067376679,17.0,76.24,4.484705882352941,0.0137435734733168,0.0030645428783628,87.0,412.2,4.7379310344827585,0.074306151438893,0.0156832488480924,9.0,24.52,2.7244444444444444,0.0044201524339681,0.0016224050532509,5.4,6.0,0.9,2.6,3.0,0.8666666666666667,0.0009734430319505,0.0010816033688339,0.0004686947931613,0.0005408016844169,0.675,0.325,0.6666666666666666,0.3333333333333333,211.513280400973,5434.0,0.0389240486567856,0.0084274085542931,2.001052399672506,0.0354786154735413,0.9795721177072894,401427.0,302006.3333333333,20491.0,0.7523318893181906,0.0510453955513704,45143.0,3902.0,12553.0,11080.0,17050.0,245.0,1416.0,2370.0,28093.0,3657.0,11137.0,8710.0,0.3776886782003854,0.6223113217996146,0.0627883136852896,0.9372116863147104,0.1128017207042141,0.8871982792957859,0.213898916967509,0.7861010830324909,baseline,female_P35,female,P35,1111920,ELA,MDMA,ELA_MDMA
1,active,1,yellow,18,12-18,103.0,739.48,7.1794174757281555,13862.16,7737.84,159.0,87.1833962264151,0.0955667214623202,0.0133112082958551,60.0,332.76,5.546,0.0430042492478521,0.0077541019199156,98.0,568.88,5.804897959183673,0.0735192250033601,0.0126650331358622,227,19871.88,87.54132158590309,2.5681430476722187,0.0293363522636808,8.0,14.32,1.79,0.0018506456582198,0.0010338802559887,49.0,300.64,6.1355102040816325,0.0388532200200572,0.0063325165679311,67.0,428.48,6.395223880597015,0.0553746265107575,0.0086587471439057,23.0,175.52,7.631304347826087,0.0226833328163932,0.0029724057359676,12.0,34.2,2.85,0.0044198380943519,0.0015508203839831,91.0,407.72,4.480439560439561,0.0526917072464667,0.011760387911872,3.0,7.24,2.4133333333333336,0.0009356616316698,0.0003877050959957,0.0,0.0,0.0,1.0,1.0,1.0,0.0,0.0,0.0001292350319985,0.0001292350319985,0.0,1.0,0.0,1.0,357.9482214275778,7581.0,0.0472164914163801,0.0144378047679667,2.04858875157637,0.0439393031749159,0.9797307775813404,346713.0,222229.3333333333,30584.0,0.6409604870118321,0.0882112871452757,18344.0,5278.0,22699.0,18590.0,4164.0,254.0,5527.0,6536.0,14180.0,5024.0,17172.0,12054.0,0.2269952027911033,0.7730047972088966,0.0481242895035998,0.9518757104964002,0.2434909026829375,0.7565090973170624,0.3515868746637977,0.6484131253362022,baseline,female_P35,female,P35,1111970,CTRL,MDMA,CTRL_MDMA
1,active,1,yellow,24,18-24,70.0,426.64,6.094857142857142,15519.56,6080.4400000000005,137.0,113.2814598540146,0.0701659748307688,0.0115123247659708,48.0,250.0,5.208333333333333,0.0411154455927531,0.0078941655538086,73.0,328.08,4.494246575342466,0.0539566215602818,0.0120057101130839,169,20299.28,120.11408284023668,3.338455769648249,0.0277940412207011,,,,,,45.0,437.24,9.716444444444445,0.0719092697239015,0.0074007802066955,37.0,458.8,12.4,0.0754550657518206,0.0060850859477274,14.0,133.16,9.51142857142857,0.021899730940524,0.0023024649531941,11.0,66.48,6.043636363636364,0.0109334192920249,0.0018090796060811,81.0,372.64,4.600493827160494,0.0612850385827341,0.013321404372052,1.0,3.12,3.12,0.0005131207609975,0.000164461782371,1.6,2.0,0.8,3.8,4.0,0.95,0.0002631388517936,0.000328923564742,0.0006249547730098,0.000657847129484,0.2962962962962963,0.7037037037037036,0.3333333333333333,0.6666666666666666,276.50303835190795,5947.0,0.0464945415086443,0.0091890154382315,2.0283780905979403,0.0425827125393642,0.978054219760412,388126.0,294477.6666666666,19410.0,0.7587166710466875,0.0500095329867105,22483.0,5016.0,14573.0,10736.0,9804.0,149.0,2718.0,2202.0,12679.0,4867.0,11855.0,8534.0,0.4360628030067162,0.5639371969932838,0.0297049441786283,0.9702950558213717,0.1865092980168805,0.8134907019831195,0.2051043219076005,0.7948956780923994,baseline,female_P35,female,P35,1111970,CTRL,MDMA,CTRL_MDMA
1,active,2,blue,18,12-18,276.0,2262.8,8.198550724637682,6491.8,15108.2,94.0,69.06170212765957,0.1497729709694073,0.018268225202208,125.0,767.0,6.136,0.0507671330800492,0.0082736527183913,118.0,574.72,4.870508474576272,0.0380402695225109,0.0078103281661614,532,15659.68,29.43548872180451,1.0365020320091076,0.0352126659694735,52.0,102.08,1.963076923076923,0.0067565957559471,0.0034418395308507,167.0,2164.44,12.960718562874252,0.1432625991183595,0.0110536000317708,85.0,573.12,6.742588235294118,0.0379343667677155,0.0056260838485061,40.0,239.24,5.981,0.0158351094107835,0.0026475688698852,61.0,324.56,5.320655737704918,0.0214823738102487,0.0040375425265749,282.0,1405.72,4.9848226950354615,0.0930435127943765,0.0186653605326908,14.0,36.4,2.6,0.0024092876715955,0.0009266491044598,16.2,12.0,1.35,5.8,6.0,0.9666666666666668,0.0010722653923035,0.0007942706609655,0.0003838974861333,0.0003971353304827,0.7363636363636363,0.2636363636363636,0.6666666666666666,0.3333333333333333,586.0018209458325,15011.0,0.0390381600789975,0.0122273686392931,1.9999244902658635,0.0352674060292695,0.9935664076461788,162389.0,88577.33333333333,32343.0,0.5454638758372385,0.1991698945125593,68691.0,14196.0,33786.0,56846.0,14315.0,1476.0,7088.0,15521.0,54376.0,12720.0,26698.0,41325.0,0.2083970243554468,0.7916029756445532,0.1039729501267962,0.8960270498732037,0.2097910377079263,0.7902089622920736,0.2730359216127784,0.7269640783872217,baseline,female_P35,female,P35,1111837,ELA,MDMA,ELA_MDMA
1,active,2,blue,24,18-24,162.0,1545.48,9.54,10349.92,11250.08,102.0,101.46980392156864,0.1373750231109467,0.0143998976007281,91.0,507.44,5.576263736263736,0.0451054570278611,0.0080888313683102,65.0,302.6,4.655384615384616,0.0268975865060515,0.0057777366916501,344,17849.68,51.888604651162794,1.5866269395417634,0.0305775603373487,42.0,97.48,2.320952380952381,0.0086648272723393,0.0037333067853739,174.0,1648.28,9.472873563218393,0.1465127359094335,0.0154665566822635,54.0,444.88,8.238518518518518,0.0395446076827898,0.0047999658669093,38.0,268.56,7.067368421052632,0.0238718302447627,0.0033777537581954,31.0,130.28,4.20258064516129,0.0115803620952028,0.0027555359606331,175.0,895.24,5.115657142857143,0.0795763230128141,0.0155554449390582,11.0,27.04,2.458181818181818,0.0024035384637264,0.0009777708247408,1.8,2.0,0.9,7.6,8.0,0.95,0.0001599988622303,0.0001777765135892,0.000675550751639,0.0007111060543569,0.1914893617021276,0.8085106382978723,0.2,0.8,396.7633184923732,11144.0,0.0356033128582531,0.0090154372173977,2.0082034193927587,0.0326869600808178,0.9905707337192268,258850.0,211715.0,9841.0,0.8179061232373962,0.0380181572339192,52557.0,10040.0,20407.0,38799.0,10974.0,956.0,3041.0,9174.0,41583.0,9084.0,17366.0,29625.0,0.2088018722529824,0.7911981277470175,0.0952191235059761,0.904780876494024,0.1490174939971578,0.8509825060028422,0.2364493930255934,0.7635506069744066,baseline,female_P35,female,P35,1111837,ELA,MDMA,ELA_MDMA
1,active,2,green,18,12-18,250.0,1800.56,7.20224,4830.32,16769.68,174.0,27.76045977011494,0.1073699677036174,0.0149078575142757,220.0,1218.48,5.538545454545455,0.0726597048959789,0.0131189146125626,98.0,493.08,5.031428571428571,0.0294030655325563,0.005843880145596,505,16030.52,31.74360396039604,0.9559228321589918,0.030113872178837,68.0,166.16,2.4435294117647057,0.0099083584182882,0.004054937243883,236.0,2745.52,11.633559322033898,0.1637192838503776,0.0140730174934763,140.0,878.2,6.272857142857143,0.0523683218761479,0.0083484002079944,43.0,288.4,6.706976744186046,0.0171977044284685,0.0025641514924554,74.0,380.08,5.136216216216216,0.0226647139361037,0.0044127258242256,276.0,1231.64,4.462463768115942,0.0734444545155304,0.0164582746957604,8.0,18.92,2.365,0.0011282266566803,0.0004770514404568,5.8,6.0,0.9666666666666668,4.6,5.0,0.92,0.0003458622943311,0.0003577885803426,0.0002743045782626,0.0002981571502855,0.5576923076923077,0.4423076923076923,0.5454545454545454,0.4545454545454545,786.2022296179114,16615.0,0.0473188221256642,0.0119764459598083,2.0339386504563968,0.044342052658217,0.9907762103987672,120932.0,80030.66666666666,13121.0,0.6617823790780493,0.1084989911685906,90969.0,16829.0,43071.0,45264.0,17213.0,1034.0,10771.0,13691.0,73756.0,15795.0,32300.0,31573.0,0.1892183051369147,0.8107816948630853,0.0614415592132628,0.9385584407867372,0.2500754568038819,0.749924543196118,0.3024699540473665,0.6975300459526335,baseline,female_P35,female,P35,1111921,ELA,MDMA,ELA_MDMA
1,active,2,green,24,18-24,170.0,1067.8,6.281176470588235,11137.2,10462.8,144.0,77.34166666666667,0.1020568107963451,0.0162480406774477,110.0,463.52,4.213818181818182,0.0443017165577092,0.0105134380854073,54.0,275.36,5.099259259259259,0.0263180028290706,0.0051611423328363,307,18697.44,60.90371335504886,1.7870397981419888,0.0293420499292732,43.0,84.28,1.96,0.0080552051076193,0.0041097985242956,137.0,1519.08,11.088175182481752,0.1451886684252781,0.0130940092518255,95.0,686.64,7.227789473684211,0.06562679206331,0.0090797874373972,31.0,246.2,7.941935483870967,0.0235309859693389,0.0029628780058875,41.0,208.64,5.088780487804878,0.0199411247467217,0.0039186451045609,150.0,687.84,4.5856,0.0657414841151508,0.0143365064801009,10.0,26.36,2.636,0.002519402072103,0.0009557670986733,1.8,2.0,0.9,5.4,4.0,1.35,0.0001720380777612,0.0001911534197346,0.0005161142332836,0.0003823068394693,0.25,0.75,0.3333333333333333,0.6666666666666666,457.57723177400976,10337.0,0.0442659603147924,0.0100986096762292,2.0570273790424967,0.0411768316927669,0.9879764498986888,278574.0,230187.0,1979.0,0.8263046802644899,0.0071040369883765,55375.0,11443.0,18636.0,26865.0,12550.0,1048.0,3767.0,7527.0,42825.0,10395.0,14869.0,19338.0,0.2266365688487584,0.7733634311512415,0.0915843747269072,0.9084156252730928,0.2021356514273449,0.7978643485726551,0.280178671133445,0.719821328866555,baseline,female_P35,female,P35,1111921,ELA,MDMA,ELA_MDMA
1,active,2,red,18,12-18,231.0,2220.36,9.611948051948051,8874.0,12726.0,73.0,121.56164383561644,0.1744743045733144,0.0181518151815181,136.0,704.32,5.1788235294117655,0.0553449630677353,0.0106867829640106,126.0,573.76,4.553650793650793,0.045085651422285,0.0099009900990099,428,16391.4,38.297663551401875,1.288024516737388,0.0336319346220336,61.0,148.16,2.428852459016394,0.0116423070878516,0.0047933364765047,148.0,1540.88,10.411351351351351,0.1210812509822411,0.0116297344020116,112.0,797.44,7.12,0.0626622662266226,0.0088008800880088,30.0,187.36,6.245333333333334,0.0147226151186547,0.0023573785950023,40.0,171.44,4.286,0.0134716328775734,0.0031431714600031,196.0,1014.52,5.176122448979592,0.0797202577400597,0.0154015401540154,12.0,37.28,3.106666666666667,0.0029294358007229,0.0009429514380009,6.6,7.0,0.9428571428571428,11.2,7.0,1.6,0.0005186232909005,0.0005500550055005,0.0008800880088008,0.0005500550055005,0.3707865168539326,0.6292134831460675,0.5,0.5,545.0950755000968,12650.0,0.0430905198023791,0.0143627282560165,1.9491811340259737,0.038921044766412,0.994027974225994,221923.0,92263.0,84911.0,0.4157432983512299,0.3826146906810019,58718.0,9040.0,32214.0,55740.0,15164.0,1278.0,5677.0,15442.0,43554.0,7762.0,26537.0,40298.0,0.2582513028372901,0.7417486971627099,0.1413716814159292,0.8586283185840708,0.1762277270751847,0.8237722729248153,0.2770362396842483,0.7229637603157517,baseline,female_P35,female,P35,1111971,CTRL,MDMA,CTRL_MDMA
1,active,2,red,24,18-24,147.0,1578.08,10.735238095238095,11879.52,9720.48,104.0,114.22615384615384,0.1623458923839152,0.0151227099896301,88.0,479.44,5.448181818181818,0.0493226671933896,0.0090530508781459,80.0,530.88,6.636,0.0546145869339785,0.0082300462528599,271,17840.0,65.83025830258302,1.8353003143877669,0.027879281681563,28.0,56.4,2.0142857142857142,0.0058021826082662,0.0028805161885009,153.0,2236.6,14.61830065359477,0.2300915181143318,0.0157399634585946,60.0,427.72,7.128666666666667,0.0440019422909156,0.0061725346896449,23.0,218.2,9.48695652173913,0.0224474511546754,0.0023661382976972,15.0,66.52,4.434666666666667,0.006843283459253,0.0015431336724112,171.0,820.28,4.796959064327485,0.0843867792536994,0.0175917238654881,7.0,18.0,2.5714285714285716,0.0018517604068934,0.0007201290471252,11.8,11.0,1.0727272727272728,0.0,0.0,0.0,0.0012139318222968,0.0011316313597682,0.0,0.0,1.0,0.0,1.0,0.0,343.12266098605386,9610.0,0.0357047514033354,0.0074081240413833,2.010683306318202,0.0326959884946812,0.9886343061248004,297092.0,225237.0,32373.0,0.7581388930028409,0.1089662461459749,66821.0,7156.0,25426.0,39599.0,14365.0,889.0,2789.0,6863.0,52456.0,6267.0,22637.0,32736.0,0.2149773274868679,0.7850226725131321,0.1242314141978759,0.8757685858021241,0.1096908676158263,0.8903091323841736,0.1733124573852875,0.8266875426147124,baseline,female_P35,female,P35,1111971,CTRL,MDMA,CTRL_MDMA
1,active,2,yellow,18,12-18,209.0,1877.64,8.983923444976076,7557.68,14042.32,160.0,47.2355,0.1337129477180409,0.014883580490973,120.0,687.0,5.725,0.0489235396999925,0.0085455964541471,91.0,685.64,7.534505494505495,0.0488266896068455,0.0064804106443949,423,18093.52,42.77427895981088,1.2884993362920087,0.0301232275008688,63.0,148.56,2.3580952380952382,0.0105794484102342,0.0044864381384272,121.0,1623.92,13.420826446280993,0.1156447082818223,0.0086168097579317,103.0,603.6,5.860194174757281,0.0429843501643603,0.0073349702898096,38.0,254.52,6.697894736842105,0.0181252100792461,0.0027061055438132,63.0,349.32,5.544761904761905,0.0248762312780224,0.0044864381384272,178.0,809.84,4.549662921348315,0.0576713819368879,0.0126759680736516,5.0,12.24,2.448,0.000871650838323,0.0003560665189227,2.6,3.0,0.8666666666666667,9.6,10.0,0.96,0.0001851545898398,0.0002136399113536,0.0006836477163317,0.0007121330378455,0.2131147540983606,0.7868852459016393,0.2307692307692307,0.7692307692307693,563.6750499242909,13885.0,0.0405959704662795,0.0127396464292185,2.0738583841191116,0.0367598068380385,0.9887967230486132,189102.0,90641.66666666666,54964.0,0.4793268535851903,0.2906579517932121,55912.0,15197.0,34527.0,47150.0,13725.0,1604.0,9173.0,13517.0,42187.0,13593.0,25354.0,33633.0,0.2454750321934468,0.7545249678065532,0.1055471474633151,0.8944528525366848,0.2656761375155675,0.7343238624844325,0.2866808059384941,0.7133191940615058,baseline,female_P35,female,P35,1111867,CTRL,MDMA,CTRL_MDMA
1,active,2,yellow,24,18-24,69.0,541.56,7.848695652173912,15256.2,6343.799999999999,139.0,109.7568345323741,0.0853683911850941,0.0108767615624704,36.0,181.56,5.043333333333333,0.0286200699895961,0.0056748321195497,46.0,262.36,5.7034782608695656,0.0413569154134745,0.0072511743749802,142,20576.92,144.90788732394364,3.2436268482612944,0.022384060027113,16.0,37.48,2.3425,0.0059081307733535,0.0025221476086887,123.0,1370.4,11.141463414634147,0.2160219426841956,0.0193890097417951,28.0,138.8,4.957142857142857,0.0218796305053753,0.0044137583152053,26.0,150.04,5.770769230769231,0.0236514392004792,0.0040984898641192,18.0,140.76,7.819999999999999,0.0221885935874397,0.0028374160597748,80.0,321.64,4.0205,0.0507014723036665,0.0126107380434439,1.0,2.24,2.24,0.0003531006652164,0.000157634225543,0.8,1.0,0.8,3.2,4.0,0.8,0.0001261073804344,0.000157634225543,0.0005044295217377,0.0006305369021721,0.2,0.8,0.2,0.8,243.46026752206393,6208.0,0.0392171822683737,0.0073241154036013,2.1121580188576847,0.0370728597586444,0.978593272171254,381544.0,241253.0,82595.0,0.632307151992955,0.2164756882561382,37881.0,7314.0,11180.0,13608.0,4937.0,295.0,2080.0,3109.0,32944.0,7019.0,9100.0,10499.0,0.1303291887753755,0.8696708112246245,0.0403336067815149,0.9596663932184852,0.1860465116279069,0.813953488372093,0.2284685479129923,0.7715314520870077,baseline,female_P35,female,P35,1111867,CTRL,MDMA,CTRL_MDMA
1,active,3,blue,18,12-18,149.0,866.4,5.814765100671141,9199.92,12400.08,135.0,68.14755555555556,0.0698705169644066,0.0120160515093451,71.0,410.56,5.782535211267605,0.0331094638099109,0.0057257695111644,110.0,632.12,5.746545454545455,0.050977090470384,0.0088709105102547,369,17967.0,48.6910569105691,1.4489422648886137,0.0297578725298546,22.0,69.2,3.1454545454545455,0.0055806091573602,0.0017741821020509,186.0,1530.6,8.229032258064516,0.123434687518145,0.0149999032264307,108.0,1266.36,11.725555555555555,0.102125147579693,0.0087096212282501,36.0,397.16,11.032222222222224,0.0320288256204798,0.0029032070760833,28.0,121.48,4.338571428571429,0.0097967109889613,0.0022580499480648,202.0,1013.68,5.018217821782178,0.0817478596912277,0.0162902174824678,17.0,41.0,2.411764705882353,0.0033064302810949,0.0013709588970393,5.0,5.0,1.0,7.8,8.0,0.975,0.0004032232050115,0.0004032232050115,0.000629028199818,0.0006451571280185,0.390625,0.609375,0.3846153846153846,0.6153846153846154,450.33534810030056,12169.0,0.0370067670392226,0.0103662853252737,2.031611935703742,0.0332455886972522,0.9813646363571848,230133.0,162376.0,24344.0,0.7055746025124602,0.1057823084911768,70218.0,13030.0,26248.0,21809.0,15536.0,1672.0,5197.0,2900.0,54682.0,11358.0,21051.0,18909.0,0.2212538095644991,0.7787461904355009,0.1283192632386799,0.8716807367613201,0.1979960377933556,0.8020039622066443,0.1329726259800999,0.8670273740199,baseline,female_P35,female,P35,1111922,ELA,saline,ELA_saline
1,active,3,blue,24,18-24,29.0,221.08,7.623448275862069,16869.72,4730.279999999999,68.0,248.08411764705883,0.0467371910330889,0.0061307153064934,19.0,81.0,4.2631578947368425,0.0171237220629645,0.0040166755456336,22.0,114.48,5.203636363636364,0.0242015271823232,0.0046508874738916,88,20716.48,235.41454545454545,4.37954624250573,0.0186035498955664,3.0,4.68,1.5599999999999998,0.0009893706080823,0.0006342119282579,126.0,766.52,6.083492063492064,0.1620453757494271,0.0266369009868337,35.0,640.72,18.30628571428571,0.1354507555578105,0.0073991391630093,7.0,120.44,17.205714285714286,0.0254614948797957,0.0014798278326018,9.0,53.52,5.946666666666667,0.0113143408001217,0.0019026357847738,90.0,412.44,4.582666666666666,0.0871914558969025,0.0190263578477384,7.0,17.96,2.565714285714286,0.0037968154105042,0.0014798278326018,0.0,0.0,0.0,2.6,3.0,0.8666666666666667,0.0,0.0,0.0005496503378235,0.0006342119282579,0.0,1.0,0.0,1.0,120.61748758224736,4583.0,0.0263184568148041,0.0054797789147245,2.0858790056040735,0.0231403927274326,0.9688644224020568,421811.0,302749.6666666666,41785.0,0.7177377229770362,0.0990609538395158,35342.0,4365.0,4928.0,5556.0,3403.0,122.0,360.0,180.0,31939.0,4243.0,4568.0,5376.0,0.0962877030162413,0.9037122969837588,0.0279495990836197,0.9720504009163804,0.073051948051948,0.926948051948052,0.0323974082073434,0.9676025917926566,baseline,female_P35,female,P35,1111922,ELA,saline,ELA_saline
1,active,3,green,18,12-18,82.0,544.36,6.638536585365854,10007.84,11592.16,400.0,25.0196,0.0469593242329298,0.0070737463941146,88.0,470.24,5.343636363636364,0.0405653476142496,0.007591337593684,112.0,527.6,4.710714285714286,0.0455135194821327,0.0096617023919614,362,18513.76,51.14298342541436,1.5970932078232185,0.0312280023740183,11.0,41.36,3.76,0.0035679286690314,0.0009489171992105,75.0,341.76,4.5568,0.0294819947274709,0.006469889994617,134.0,1354.32,10.10686567164179,0.1168306855667968,0.0115595367903824,33.0,292.72,8.870303030303031,0.0252515493229907,0.0028467515976315,35.0,163.92,4.683428571428571,0.014140591572235,0.0030192819974879,196.0,884.68,4.513673469387755,0.0763170970725041,0.0169079791859325,4.0,8.4,2.1,0.0007246276793971,0.0003450607997129,21.0,20.0,1.05,3.6,4.0,0.9,0.0018115691984927,0.0017253039985645,0.0003105547197416,0.0003450607997129,0.8536585365853658,0.1463414634146341,0.8333333333333334,0.1666666666666666,650.6243248626292,11155.0,0.0583258023184786,0.0165742924155625,1.9538437905784207,0.0515092760771715,0.962288305199376,250596.0,174658.99999999997,25754.0,0.6969744129994093,0.1027709939504221,42611.0,11484.0,25144.0,13691.0,6544.0,1800.0,5410.0,2976.0,36067.0,9684.0,19734.0,10715.0,0.1535753678627584,0.8464246321372415,0.1567398119122257,0.8432601880877743,0.2151606745147948,0.7848393254852052,0.217369074574538,0.782630925425462,baseline,female_P35,female,P35,1111972,CTRL,saline,CTRL_saline
1,active,3,green,24,18-24,52.0,330.32,6.352307692307692,15262.76,6337.24,387.0,39.43865633074935,0.0521236374194444,0.0082054648395831,48.0,229.56,4.7825,0.0362239713187444,0.0075742752365383,54.0,260.24,4.819259259259259,0.0410651955740985,0.0085210596411055,164,20122.32,122.6970731707317,3.175249793285405,0.0258787737248392,6.0,11.56,1.9266666666666667,0.0018241379527996,0.0009467844045672,91.0,469.44,5.158681318681318,0.0740764118133446,0.0143595634692705,38.0,547.8,14.415789473684208,0.0864414161369933,0.0059963012289261,22.0,170.68,7.758181818181819,0.0269328603619241,0.0034715428167467,11.0,19.12,1.7381818181818185,0.0030170863025544,0.0017357714083733,82.0,350.6,4.275609756097562,0.0553237687068818,0.0129393868624196,4.0,9.72,2.43,0.001533790735399,0.0006311896030448,20.4,19.0,1.0736842105263158,2.6,2.0,1.3,0.0032190669755287,0.002998150614463,0.0004102732419791,0.0003155948015224,0.8869565217391304,0.1130434782608695,0.9047619047619048,0.0952380952380952,336.0218329068536,5922.0,0.0567412753979827,0.015867646000945,1.998072605797702,0.0485796754924867,0.9344762073079133,381956.0,314139.0,2249.0,0.8224481353873221,0.0058881127669155,25560.0,4778.0,12347.0,8310.0,3752.0,75.0,1256.0,958.0,21808.0,4703.0,11091.0,7352.0,0.14679186228482,0.85320813771518,0.0156969443281707,0.9843030556718292,0.1017251154126508,0.8982748845873492,0.1152827918170878,0.8847172081829121,baseline,female_P35,female,P35,1111972,CTRL,saline,CTRL_saline
1,active,3,red,18,12-18,119.0,989.2,8.312605042016807,10909.56,10690.44,116.0,94.04793103448276,0.0925312709299149,0.011131440801314,77.0,526.64,6.839480519480519,0.0492627057445717,0.0072026969890855,65.0,488.28,7.512,0.0456744530627364,0.0060801987570202,332,17819.96,53.67457831325301,1.6669061329561738,0.0310557844204728,3.0,7.0,2.3333333333333335,0.0006547906353714,0.0002806245580163,98.0,525.64,5.363673469387755,0.049169164225233,0.0091670688951998,115.0,1642.64,14.283826086956523,0.1536550413266432,0.0107572747239589,41.0,310.92,7.583414634146342,0.0290839291928115,0.0038352022928897,28.0,258.96,9.248571428571427,0.0242235118479688,0.0026191625414856,201.0,908.52,4.52,0.0849843411496626,0.0188018453870935,11.0,26.64,2.421818181818182,0.0024919460751849,0.0010289567127265,10.6,10.0,1.06,7.6,8.0,0.95,0.000991540104991,0.0009354151933877,0.0007109155469746,0.0007483321547101,0.5824175824175825,0.4175824175824176,0.5555555555555556,0.4444444444444444,354.82079120031085,10475.0,0.0338731065585022,0.0103335700689213,1.9606101231481252,0.0304814771125627,0.9798474150736546,272855.0,180847.66666666663,36332.0,0.6627977008545441,0.1331549724212493,54420.0,14316.0,25515.0,24849.0,11704.0,1325.0,5384.0,3039.0,42716.0,12991.0,20131.0,21810.0,0.2150679897096655,0.7849320102903344,0.0925537859737356,0.9074462140262644,0.211013129531648,0.7889868704683519,0.1222986840516721,0.8777013159483279,baseline,female_P35,female,P35,1111868,CTRL,saline,CTRL_saline
1,active,3,red,24,18-24,35.0,254.52,7.272,16549.52,5050.48,82.0,201.82341463414636,0.0503952099602414,0.0069300343729704,28.0,182.04,6.501428571428571,0.0360440987787299,0.0055440274983763,30.0,152.48,5.082666666666666,0.0301911897483011,0.0059400294625461,128,20273.16,158.3840625,4.014105589963727,0.0253441257068635,3.0,7.0,2.3333333333333335,0.001386006874594,0.0005940029462546,122.0,560.88,4.597377049180328,0.1110547908317625,0.0241561198143542,29.0,425.32,14.666206896551724,0.0842137777003374,0.0057420284804612,19.0,166.68,8.772631578947369,0.0330028036939063,0.0037620186596125,8.0,38.92,4.865,0.0077061982227431,0.0015840078566789,81.0,347.64,4.291851851851852,0.0688330614119846,0.0160380795488745,3.0,7.32,2.44,0.0014493671888612,0.0005940029462546,4.8,5.0,0.96,4.2,5.0,0.8400000000000001,0.0009504047140073,0.0009900049104243,0.0008316041247564,0.0009900049104243,0.5333333333333333,0.4666666666666667,0.5,0.5,163.85522804419833,4892.0,0.0334945274006946,0.0078299043852126,2.072131343021858,0.0312666253824106,0.9686208043591896,413820.0,319584.0,11363.0,0.7722778019428738,0.02745879851143,24806.0,5167.0,8421.0,6398.0,4217.0,435.0,1226.0,603.0,20589.0,4732.0,7195.0,5795.0,0.1699991937434491,0.8300008062565508,0.0841881168956841,0.9158118831043158,0.145588409927562,0.8544115900724379,0.094248202563301,0.905751797436699,baseline,female_P35,female,P35,1111868,CTRL,saline,CTRL_saline
1,active,3,yellow,18,12-18,152.0,817.4,5.377631578947368,10114.44,11485.56,195.0,51.86892307692308,0.0711676226496574,0.0132340086160361,109.0,533.56,4.895045871559632,0.0464548528761331,0.0094901772312364,130.0,539.08,4.146769230769231,0.046935456346926,0.0113185600005572,293,19218.24,65.59126279863482,1.673252327270068,0.0255102929243328,26.0,53.24,2.0476923076923077,0.0046353856494589,0.0022637120001114,90.0,542.2,6.024444444444445,0.0472071017869394,0.0078359261542319,156.0,1265.92,8.114871794871796,0.110218395968503,0.0135822720006686,51.0,331.76,6.505098039215686,0.028884965121422,0.0044403581540647,28.0,132.08,4.717142857142858,0.0114996569605661,0.0024378436924277,149.0,657.32,4.411543624161074,0.0572301219966636,0.0129728110775617,4.0,9.12,2.28,0.0007940405169621,0.0003482633846325,3.2,4.0,0.8,20.8,19.0,1.0947368421052632,0.000278610707706,0.0003482633846325,0.0018109696000891,0.0016542510770045,0.1333333333333333,0.8666666666666667,0.1739130434782608,0.8260869565217391,584.3125926337605,11204.0,0.0521521414346448,0.0153906461619865,2.063838054521562,0.0472713446813327,0.9754857403557162,253056.0,175022.0,29426.0,0.6916334724329792,0.1162825619625695,45449.0,11675.0,27055.0,20587.0,11114.0,1219.0,6148.0,3276.0,34335.0,10456.0,20907.0,17311.0,0.2445378336157011,0.7554621663842989,0.1044111349036402,0.8955888650963597,0.2272408057660321,0.7727591942339679,0.1591295477728663,0.8408704522271336,baseline,female_P35,female,P35,1111838,ELA,saline,ELA_saline
1,active,3,yellow,24,18-24,74.0,239.36,3.234594594594595,14554.36,7045.639999999999,172.0,84.61837209302325,0.0339727831680301,0.0105029493417205,71.0,294.24,4.144225352112676,0.0417619974906467,0.0100771540981372,71.0,268.4,3.780281690140845,0.0380944811259161,0.0100771540981372,186,20372.84,109.53139784946237,2.8915527900942997,0.0263993051021624,5.0,9.36,1.872,0.0013284811599797,0.0007096587393054,123.0,1145.32,9.311544715447154,0.1625572694602619,0.0174576049869138,56.0,436.52,7.795,0.0619560465763223,0.0079481778802209,31.0,227.28,7.331612903225807,0.0322582476538682,0.0043998841836937,8.0,53.76,6.72,0.0076302507650121,0.0011354539828887,93.0,368.84,3.966021505376344,0.0523501058810839,0.0131996525510812,1.0,2.12,2.12,0.0003008953054655,0.000141931747861,5.0,5.0,1.0,20.8,19.0,1.0947368421052632,0.0007096587393054,0.0007096587393054,0.0029521803555106,0.0026967032093606,0.193798449612403,0.8062015503875969,0.2083333333333333,0.7916666666666666,371.463484723388,6785.0,0.0547477501434617,0.0131144866238909,2.012789715118959,0.0484335050513157,0.963006909237486,364031.0,302975.99999999994,1529.0,0.8322807672972905,0.004200191741912,39725.0,7065.0,14208.0,6058.0,7160.0,534.0,1615.0,413.0,32565.0,6531.0,12593.0,5645.0,0.180239144115796,0.8197608558842039,0.0755838641188959,0.924416135881104,0.1136683558558558,0.8863316441441441,0.0681743149554308,0.9318256850445692,baseline,female_P35,female,P35,1111838,ELA,saline,ELA_saline
1,active,4,blue,18,12-18,71.0,1109.04,15.620281690140844,7237.64,14362.36,150.0,48.250933333333336,0.0772185072648227,0.004943477255827,80.0,712.92,8.9115,0.0496380817637212,0.0055701152178332,87.0,751.44,8.637241379310346,0.052320092241108,0.0060575002993936,333,17453.6,52.41321321321321,1.2152320370746867,0.023185604594231,44.0,212.16,4.821818181818181,0.0147719455576938,0.0030635633698083,122.0,1972.52,16.168196721311475,0.1373395458685062,0.0084944257071957,188.0,1395.92,7.425106382978724,0.0971929404359729,0.0130897707619082,45.0,394.12,8.758222222222223,0.0274411726206556,0.0031331898100312,53.0,379.24,7.155471698113208,0.0264051311901386,0.0036902013318145,229.0,1164.52,5.085240174672489,0.0810813821683901,0.0159444548110477,8.0,20.08,2.51,0.0013980989196761,0.0005570115217833,6.0,6.0,1.0,4.8,5.0,0.96,0.0004177586413374,0.0004177586413374,0.0003342069130699,0.0003481322011145,0.5555555555555555,0.4444444444444444,0.5454545454545454,0.4545454545454545,413.7214954397419,14210.0,0.0291148131906926,0.0081742840215214,2.077782658092309,0.0271806094422982,0.9893917155676364,181091.0,96455.0,48175.0,0.532632764742588,0.2660264728782767,84521.0,19432.0,36776.0,27797.0,25671.0,1996.0,8227.0,7329.0,58850.0,17436.0,28549.0,20468.0,0.3037233350291644,0.6962766649708356,0.1027171675586661,0.8972828324413339,0.2237056776158364,0.7762943223841636,0.2636615462100227,0.7363384537899773,baseline,female_P35,female,P35,1111923,ELA,saline,ELA_saline
1,active,4,blue,24,18-24,57.0,548.28,9.618947368421052,10154.72,11445.28,89.0,114.09797752808988,0.0479044636741084,0.004980218919939,63.0,434.04,6.88952380952381,0.0379230564914095,0.0055044524904589,59.0,338.4,5.735593220338982,0.0295667733773223,0.0051549634434456,239,18733.36,78.38225941422594,1.636776033439112,0.0208819705590426,13.0,52.24,4.018461538461539,0.0045643269539932,0.0011358394027931,117.0,1785.16,15.25777777777778,0.1559734667915507,0.010222554625138,107.0,1025.08,9.58018691588785,0.0895635580780898,0.0093488320076048,24.0,199.36,8.306666666666667,0.0174185341031412,0.0020969342820795,25.0,192.72,7.7088,0.0168383822850991,0.0021843065438329,207.0,1026.28,4.957874396135265,0.0896684047921938,0.0180860581829365,19.0,49.48,2.6042105263157893,0.0043231795115541,0.001660072973313,4.4,5.0,0.8800000000000001,15.4,15.0,1.0266666666666666,0.0003844379517145,0.0004368613087665,0.001345532831001,0.0013105839262997,0.2222222222222222,0.7777777777777778,0.25,0.75,317.0383723451605,11350.0,0.0279328962418643,0.0061361049037136,2.0883762426570547,0.0255325892048222,0.991675170900144,253957.0,146833.0,36517.0,0.5781805581259819,0.1437920592856271,70480.0,9851.0,19433.0,13764.0,18900.0,961.0,3360.0,3246.0,51580.0,8890.0,16073.0,10518.0,0.268161180476731,0.731838819523269,0.0975535478631611,0.9024464521368388,0.1729017650388514,0.8270982349611485,0.2358326068003487,0.7641673931996512,baseline,female_P35,female,P35,1111923,ELA,saline,ELA_saline
1,active,4,green,18,12-18,302.0,2188.68,7.24728476821192,5640.4,15959.6,185.0,30.488648648648645,0.1371387754079049,0.0189227800195493,155.0,844.68,5.449548387096774,0.0529261384997117,0.0097120228577157,149.0,674.2,4.524832214765101,0.0422441665204641,0.0093360735858041,528,15519.88,29.39371212121212,0.9724479310258402,0.0330835359282187,47.0,101.88,2.167659574468085,0.0063836186370585,0.0029449359633073,132.0,930.48,7.049090909090909,0.0583022130880473,0.0082708839820546,184.0,907.48,4.931956521739131,0.0568610742123862,0.0115291110052883,44.0,265.84,6.041818181818181,0.0166570590741622,0.0027569613273515,57.0,356.36,6.251929824561404,0.0223288804230682,0.0035715180831599,231.0,1085.0,4.696969696969697,0.0679841600040101,0.0144740469685957,14.0,36.44,2.6028571428571428,0.0022832652447429,0.0008772149677936,9.6,10.0,0.96,11.2,8.0,1.4,0.0006015188350585,0.0006265821198526,0.0007017719742349,0.0005012656958821,0.4615384615384615,0.5384615384615385,0.5555555555555556,0.4444444444444444,741.5776450066809,15804.0,0.0469234146422855,0.0148658917826953,1.98003521274416,0.0423728397105383,0.9902503822150932,141195.0,95769.66666666666,18648.0,0.6782794480446663,0.132072665462658,46265.0,15656.0,38276.0,55019.0,12858.0,2220.0,8093.0,13016.0,33407.0,13436.0,30183.0,42003.0,0.2779206743758781,0.7220793256241219,0.1417986714358712,0.8582013285641288,0.2114379768000836,0.7885620231999164,0.2365728202984423,0.7634271797015576,baseline,female_P35,female,P35,1111973,CTRL,saline,CTRL_saline
1,active,4,green,24,18-24,196.0,1214.04,6.194081632653061,7737.16,13862.84,391.0,19.78813299232737,0.0875751289057653,0.014138517071538,100.0,394.2,3.942,0.0284357317836749,0.0072135291181316,105.0,484.16,4.6110476190476195,0.0349250225783461,0.0075742055740382,408,16964.36,41.579313725490195,1.2237290483046763,0.029431198801977,28.0,55.88,1.9957142857142856,0.0040309200712119,0.0020197881530768,101.0,1171.72,11.601188118811882,0.084522363382972,0.0072856644093129,163.0,981.16,6.0193865030674845,0.0707762622954603,0.0117580524625545,19.0,99.64,5.24421052631579,0.0071875604133063,0.001370570532445,30.0,241.0,8.033333333333333,0.0173846051746972,0.0021640587354394,233.0,1218.84,5.23107296137339,0.0879213783034356,0.0168075228452467,12.0,32.6,2.716666666666667,0.0023516104925109,0.0008656234941757,10.4,12.0,0.8666666666666667,9.8,10.0,0.98,0.0007502070282856,0.0008656234941757,0.0007069258535769,0.0007213529118131,0.5148514851485148,0.4851485148514851,0.5454545454545454,0.4545454545454545,542.0714138196583,13565.0,0.0399610330865947,0.0089416828988694,2.0111975015697916,0.0354316156127233,0.9785152248745568,193820.0,127596.33333333334,12397.0,0.6583238743851684,0.0639614074914869,54086.0,8565.0,22164.0,30547.0,15021.0,281.0,4060.0,5038.0,39065.0,8284.0,18104.0,25509.0,0.2777243649003439,0.7222756350996561,0.0328079392877991,0.9671920607122008,0.1831799314203212,0.8168200685796787,0.1649261793302124,0.8350738206697875,baseline,female_P35,female,P35,1111973,CTRL,saline,CTRL_saline
1,active,4,red,18,12-18,175.0,1706.76,9.752914285714288,6924.24,14675.76,94.0,73.66212765957447,0.1162978953049109,0.0119244250382944,120.0,1001.36,8.344666666666667,0.0682322414648372,0.0081767485976876,94.0,621.84,6.6153191489361705,0.0423719112332172,0.0064051197348552,390,16047.36,41.14707692307692,1.0934602364715695,0.0265744329424847,53.0,202.6,3.822641509433962,0.0138050772157625,0.003611397297312,80.0,424.44,5.3055,0.028921159790021,0.0054511657317917,317.0,2002.84,6.318107255520505,0.1364726596782721,0.0216002442122247,53.0,382.92,7.224905660377359,0.0260920047752211,0.003611397297312,45.0,279.24,6.205333333333334,0.019027293986819,0.0030662807241328,255.0,1342.0,5.262745098039216,0.0914433051508065,0.0173755907700861,13.0,38.16,2.9353846153846153,0.0026002060540646,0.0008858144314161,18.6,15.0,1.24,3.2,4.0,0.8,0.0012673960326415,0.0010220935747109,0.0002180466292716,0.0002725582865895,0.8532110091743119,0.146788990825688,0.7894736842105263,0.2105263157894736,428.96856116905315,14575.0,0.029431805226007,0.0091419355606954,2.0334780382581568,0.0270148309005767,0.9931342567608082,173200.0,106016.66666666666,26712.0,0.612105465742879,0.1542263279445727,61079.0,16652.0,40794.0,42844.0,16389.0,1658.0,10016.0,9288.0,44690.0,14994.0,30778.0,33556.0,0.2683246287594754,0.7316753712405246,0.0995676195051645,0.9004323804948354,0.2455263028876795,0.7544736971123205,0.2167864811875642,0.7832135188124358,baseline,female_P35,female,P35,1111839,ELA,saline,ELA_saline
1,active,4,red,24,18-24,170.0,1196.88,7.040470588235295,7998.64,13601.36,85.0,94.10164705882352,0.0879970826446767,0.0124987501249875,99.0,575.56,5.813737373737373,0.0423163565996341,0.0072786838963162,70.0,337.4,4.819999999999999,0.0248063428951222,0.0051465441691125,379,16726.36,44.132875989445914,1.2297564361210938,0.0278648605727662,31.0,79.92,2.5780645161290323,0.0058758829999353,0.0022791838463212,77.0,1107.8,14.387012987012987,0.0814477375791832,0.0056611985860237,157.0,1178.08,7.5036942675159235,0.0866148679249722,0.0115429633507237,29.0,231.08,7.968275862068966,0.0169894775228359,0.0021321397272037,29.0,214.04,7.380689655172413,0.0157366616279548,0.0021321397272037,214.0,1246.56,5.825046728971962,0.0916496585635554,0.0157337207455725,21.0,62.76,2.9885714285714284,0.0046142444579071,0.0015439632507337,34.4,33.0,1.0424242424242425,11.2,13.0,0.8615384615384615,0.002529158848821,0.0024262279654387,0.000823447067058,0.0009557867742637,0.7543859649122807,0.2456140350877193,0.717391304347826,0.2826086956521739,427.7282424520427,13511.0,0.0316577782882127,0.0073475778971295,1.996458379140944,0.028548205869967,0.9933565466982712,200051.0,130683.33333333331,20145.0,0.6532500878942537,0.1006993216729734,57381.0,11186.0,22993.0,30092.0,18874.0,980.0,4653.0,4892.0,38507.0,10206.0,18340.0,25200.0,0.3289242083616528,0.6710757916383472,0.0876095118898623,0.9123904881101376,0.2023659374592267,0.7976340625407733,0.1625681244184501,0.83743187558155,baseline,female_P35,female,P35,1111839,ELA,saline,ELA_saline
1,active,4,yellow,18,12-18,127.0,975.96,7.684724409448819,8479.2,13120.8,147.0,57.68163265306123,0.0743826595939272,0.0096792878483019,143.0,913.68,6.389370629370629,0.0696359978050119,0.010898725687458,150.0,876.88,5.845866666666667,0.0668312907749527,0.0114322297420888,343,18660.44,54.40361516034985,1.4222029144564357,0.0261416986769099,32.0,89.32,2.79125,0.0068075117370892,0.0024388756783122,95.0,595.28,6.266105263157894,0.0453691848058045,0.0072404121699896,167.0,1524.28,9.1274251497006,0.1161727943418084,0.0127278824461923,54.0,334.36,6.191851851851852,0.0254832022437656,0.004115602707152,74.0,529.36,7.153513513513514,0.0403451009084811,0.0056399000060971,181.0,772.72,4.269171270718232,0.0588927504420462,0.0137948905554539,9.0,22.88,2.542222222222222,0.0017437961099932,0.0006859337845253,1.8,2.0,0.9,16.8,16.0,1.05,0.000137186756905,0.0001524297298945,0.0012804097311139,0.0012194378391561,0.0967741935483871,0.9032258064516128,0.1111111111111111,0.8888888888888888,509.4858664219316,12969.0,0.0392848998706092,0.0119323579000439,2.042661736074103,0.0361858633661144,0.988430583501006,212127.0,116167.33333333331,38504.0,0.5476310574954312,0.1815139044063226,53251.0,21721.0,45057.0,24526.0,14940.0,3211.0,9424.0,5478.0,38311.0,18510.0,35633.0,19048.0,0.2805581115847589,0.719441888415241,0.1478292896275493,0.8521707103724506,0.2091572896553254,0.7908427103446746,0.2233548071434396,0.7766451928565604,baseline,female_P35,female,P35,1111869,CTRL,saline,CTRL_saline
1,active,4,yellow,24,18-24,113.0,783.44,6.933097345132744,11150.44,10449.56,182.0,61.26615384615385,0.0749734917068278,0.0108138524492897,92.0,507.96,5.521304347826087,0.0486106592047894,0.0088041984542889,83.0,462.4,5.571084337349397,0.0442506670137307,0.0079429181707172,269,19055.56,70.83851301115241,1.8235753467131632,0.0257427106978667,11.0,20.8,1.8909090909090909,0.0019905144331435,0.0010526759021432,32.0,183.0,5.71875,0.0175126990992922,0.0030623298971439,200.0,2278.32,11.3916,0.2180302328519096,0.0191395618571499,21.0,130.64,6.22095238095238,0.0125019618050903,0.0020096539950007,51.0,367.4,7.20392156862745,0.0351593751315844,0.0048805882735732,135.0,606.8,4.494814814814815,0.058069430674593,0.0129192042535762,11.0,26.72,2.429090909090909,0.0025570454641152,0.0010526759021432,9.8,10.0,0.98,22.6,22.0,1.0272727272727271,0.0009378385310003,0.0009569780928574,0.0021627704898579,0.0021053518042864,0.3024691358024691,0.6975308641975307,0.3125,0.6875,411.2397527030171,10262.0,0.0400740355391753,0.0087122071701109,2.0609423576719172,0.0347810521343956,0.9820509188903648,278943.0,125764.66666666666,97157.0,0.4508615260704396,0.3483041338194541,61765.0,12523.0,24434.0,19699.0,21059.0,324.0,3961.0,4619.0,40706.0,12199.0,20473.0,15080.0,0.3409536145065976,0.6590463854934024,0.0258723947935798,0.9741276052064202,0.162110174347221,0.8378898256527789,0.2344789075587593,0.7655210924412407,baseline,female_P35,female,P35,1111869,CTRL,saline,CTRL_saline
1,active,5,blue,18,12-18,137.0,1673.68,12.216642335766425,7823.68,13776.32,169.0,46.29396449704142,0.1214896285800562,0.0099446005899979,147.0,868.56,5.908571428571428,0.0630473159740772,0.0106704838447422,155.0,837.68,5.404387096774193,0.0608057884834266,0.0112511904485377,441,16272.96,36.900136054421765,1.1812269169124991,0.0320114515342268,8.0,19.04,2.38,0.0013820817170332,0.0005807066037954,199.0,725.12,3.643819095477387,0.0526352465680239,0.014445076769413,99.0,363.4,3.6707070707070706,0.0263785974774105,0.0071862442219692,54.0,312.28,5.782962962962962,0.0226678822791572,0.0039197695756196,23.0,72.44,3.1495652173913045,0.0052582982973682,0.001669531485912,221.0,1182.0,5.34841628959276,0.0857994007107848,0.0160420199298506,19.0,49.52,2.6063157894736846,0.0035945738774941,0.0013791781840143,9.2,9.0,1.022222222222222,8.0,9.0,0.8888888888888888,0.0006678125943648,0.0006532949292699,0.0005807066037954,0.0006532949292699,0.5348837209302325,0.4651162790697674,0.5,0.5,563.7494286247684,13594.0,0.0414704596604949,0.0112167748539964,2.014685629697884,0.0381528365136703,0.9867656964995006,195761.0,102663.33333333331,52743.0,0.5244320029696075,0.2694254728980746,27511.0,9695.0,42958.0,41979.0,8211.0,437.0,9805.0,8689.0,19300.0,9258.0,33153.0,33290.0,0.2984624332085347,0.7015375667914653,0.045074780814853,0.954925219185147,0.2282461939568881,0.7717538060431118,0.206984444603254,0.793015555396746,baseline,female_P35,female,P35,1112045,ELA,saline,ELA_saline
1,active,5,blue,24,18-24,42.0,718.56,17.108571428571427,15875.12,5724.879999999999,59.0,269.0698305084746,0.1255152946437305,0.0073363983175193,40.0,251.88,6.297,0.0439974287670658,0.006987046016685,55.0,231.24,4.204363636363636,0.0403921130224563,0.0096071882729419,153,19916.08,130.1704575163399,3.4788641857995284,0.0267254510138203,,,,,,48.0,312.28,6.5058333333333325,0.0545478682522603,0.008384455220022,147.0,793.76,5.399727891156463,0.1386509411550984,0.0256773941113176,17.0,129.08,7.592941176470589,0.0225471974958427,0.0029694945570911,4.0,11.08,2.77,0.0019354117466217,0.0006987046016685,109.0,399.16,3.6620183486238536,0.0697237322005003,0.0190397003954668,14.0,33.96,2.4257142857142857,0.0059320020681656,0.0024454661058397,8.0,8.0,1.0,10.4,11.0,0.9454545454545454,0.001397409203337,0.001397409203337,0.0018166319643381,0.0019214376545883,0.4347826086956522,0.5652173913043479,0.4210526315789473,0.5789473684210527,200.63889725966976,5660.0,0.0354485684204363,0.0069540997080468,2.065081057083886,0.0325593354664264,0.9886670113609368,396937.0,325640.3333333333,9734.0,0.8203829155088422,0.0245227832124493,27846.0,3525.0,12173.0,18006.0,6700.0,40.0,1943.0,4807.0,21146.0,3485.0,10230.0,13199.0,0.2406090641384759,0.7593909358615241,0.0113475177304964,0.9886524822695036,0.159615542594266,0.840384457405734,0.2669665666999889,0.7330334333000111,baseline,female_P35,female,P35,1112045,ELA,saline,ELA_saline
1,active,5,green,18,12-18,254.0,1533.6,6.03779527559055,5604.8,15995.2,245.0,22.87673469387755,0.0958787636290887,0.0158797639291787,196.0,1039.4,5.303061224489796,0.0649819945983795,0.0122536761028308,183.0,825.72,4.512131147540984,0.0516229868960688,0.0114409322796839,563,16428.88,29.180959147424513,1.027113133940182,0.0351980594178253,6.0,10.56,1.76,0.0006601980594178,0.0003751125337601,355.0,1551.28,4.369802816901409,0.0969840952285685,0.0221941582474742,179.0,642.48,3.58927374301676,0.0401670501150345,0.0111908572571771,70.0,407.68,5.824,0.0254876462938881,0.0043763128938681,51.0,187.04,3.667450980392157,0.0116935080524157,0.003188456536961,246.0,1033.2,4.2,0.064594378313494,0.0153796138841652,5.0,11.28,2.256,0.000705211563469,0.0003125937781334,4.2,5.0,0.8400000000000001,9.8,10.0,0.98,0.000262578773632,0.0003125937781334,0.0006126838051415,0.0006251875562668,0.3,0.7000000000000001,0.3333333333333333,0.6666666666666666,774.9764499339852,15772.0,0.0491362192451169,0.0151657273621025,1.9861708939784644,0.0455707350251212,0.9860458137441231,140365.0,102430.66666666666,11152.0,0.7297450694023914,0.0794500053432123,55378.0,14989.0,47007.0,38594.0,12088.0,1036.0,13357.0,10836.0,43290.0,13953.0,33650.0,27758.0,0.2182816280833544,0.7817183719166456,0.0691173527253319,0.930882647274668,0.2841491692726615,0.7158508307273385,0.2807690314556667,0.7192309685443333,baseline,female_P35,female,P35,1112055,CTRL,saline,CTRL_saline
1,active,5,green,24,18-24,92.0,585.6,6.365217391304348,14536.24,7063.76,119.0,122.15327731092437,0.0829020238513199,0.013024225058609,58.0,264.08,4.553103448275862,0.037385188624755,0.0082109244934709,79.0,323.44,4.094177215189873,0.0457886451408315,0.011183845430762,315,19156.68,60.81485714285714,2.711966431475588,0.0445938140593678,,,,,,133.0,652.48,4.905864661654135,0.092370069198274,0.0188284992695108,55.0,197.08,3.5832727272727274,0.0279001551581593,0.0077862215024293,23.0,160.24,6.966956521739131,0.0226848024281685,0.0032560562646522,10.0,41.52,4.152,0.0058778893960157,0.0014156766368053,122.0,513.72,4.210819672131148,0.0727261401859632,0.0172712549690249,2.0,5.28,2.64,0.0007474772642332,0.000283135327361,1.8,2.0,0.9,6.8,8.0,0.85,0.0002548217946249,0.000283135327361,0.0009626601130276,0.0011325413094442,0.2093023255813953,0.7906976744186046,0.2,0.8,382.65651639589856,6959.0,0.054987285011625,0.0160331312649231,1.976869014405367,0.0495787424823976,0.9851693715528274,363525.0,317050.6666666666,6055.0,0.8721564312404007,0.016656351007496,21427.0,5077.0,14825.0,14732.0,4238.0,206.0,2486.0,2789.0,17189.0,4871.0,12339.0,11943.0,0.1977878377747701,0.8022121622252298,0.0405751428008666,0.9594248571991334,0.167689713322091,0.832310286677909,0.1893157751832745,0.8106842248167255,baseline,female_P35,female,P35,1112055,CTRL,saline,CTRL_saline
1,active,5,red,18,12-18,119.0,1390.6,11.685714285714283,9492.28,12107.72,85.0,111.67388235294118,0.1148523421420383,0.0098284400366047,134.0,1050.32,7.83820895522388,0.0867479591533335,0.0110673190328154,109.0,956.88,8.778715596330276,0.0790305689262718,0.0090025207057976,378,17168.28,45.41873015873016,1.417961432870929,0.0312197507045091,20.0,66.0,3.3,0.005451067583327,0.0016518386616142,175.0,933.96,5.336914285714286,0.0771375618200619,0.0144535882891246,122.0,780.76,6.399672131147541,0.0644844776720968,0.0100762158358468,59.0,340.96,5.778983050847457,0.0281605455031996,0.004872924051762,24.0,116.76,4.865,0.0096434341065039,0.001982206393937,224.0,1003.28,4.478928571428571,0.0828628346212168,0.0185005930100795,10.0,22.88,2.288,0.0018897034288866,0.0008259193308071,5.6,7.0,0.7999999999999999,2.6,3.0,0.8666666666666667,0.0004625148252519,0.0005781435315649,0.0002147390260098,0.0002477757992421,0.6829268292682927,0.3170731707317074,0.7,0.3,389.1437206642304,12019.0,0.0323773792049447,0.011391083592288,1.9919330547655552,0.0295820313901935,0.9926724436970792,237392.0,116784.33333333331,69874.0,0.4919472152950955,0.2943401631057491,43165.0,11526.0,50423.0,34884.0,10178.0,1124.0,11028.0,8427.0,32987.0,10402.0,39395.0,26457.0,0.235792887756284,0.764207112243716,0.0975186534790907,0.9024813465209092,0.2187097158042956,0.7812902841957043,0.2415720674234606,0.7584279325765394,baseline,female_P35,female,P35,1111988,CTRL,saline,CTRL_saline
1,active,5,red,24,18-24,63.0,518.44,8.22920634920635,15006.32,6593.68,64.0,234.47375,0.0786268062750998,0.0095546038024289,73.0,584.88,8.012054794520548,0.0887031217772169,0.0110712075805923,73.0,425.16,5.824109589041096,0.0644799262323922,0.0110712075805923,219,19421.92,88.68456621004566,2.945535725118598,0.0332136227417769,11.0,25.16,2.287272727272727,0.0038157751058589,0.0016682641559796,91.0,748.04,8.22021978021978,0.1134480290217298,0.0138010943812863,93.0,561.52,6.037849462365592,0.0851603353514274,0.0141044151369189,16.0,123.4,7.7125,0.0187148906225355,0.0024265660450613,19.0,78.6,4.136842105263158,0.0119205056963637,0.0028815471785103,142.0,559.0,3.936619718309859,0.0847781511993302,0.0215357736499193,10.0,24.24,2.424,0.0036762475582679,0.0015166037781633,14.4,16.0,0.9,1.6,1.0,1.6,0.0021839094405551,0.0024265660450613,0.0002426566045061,0.0001516603778163,0.9,0.1,0.9411764705882352,0.0588235294117647,242.7277615631238,6528.0,0.0371825615139589,0.0095896538363093,2.032683257937828,0.0331998558673219,0.9900389463850232,375222.0,321440.3333333333,3534.0,0.8566670753136365,0.0094184242928186,32923.0,5085.0,25397.0,13024.0,5588.0,413.0,3395.0,3322.0,27335.0,4672.0,22002.0,9702.0,0.1697293685265619,0.830270631473438,0.0812192723697148,0.9187807276302852,0.1336772059692089,0.866322794030791,0.2550675675675675,0.7449324324324325,baseline,female_P35,female,P35,1111988,CTRL,saline,CTRL_saline
1,active,5,yellow,18,12-18,211.0,1451.96,6.88132701421801,6194.6,15405.4,204.0,30.365686274509805,0.0942500681579186,0.0136964960338582,164.0,884.96,5.39609756097561,0.0574447920858919,0.0106456177703922,182.0,1059.28,5.82021978021978,0.0687603048281771,0.0118140392329962,466,17228.0,36.96995708154506,1.118309164319005,0.0302491334207485,16.0,36.92,2.3075,0.0023965622444078,0.001038596855648,170.0,866.24,5.095529411764706,0.0562296337647837,0.0110350915912602,164.0,1050.2,6.403658536585366,0.0681709011125968,0.0106456177703922,40.0,295.16,7.379,0.0191595154945668,0.00259649213912,32.0,177.44,5.545,0.0115180391291365,0.002077193711296,222.0,944.76,4.2556756756756755,0.0613265478338764,0.0144105313721162,5.0,11.24,2.248,0.0007296142910927,0.00032456151739,11.0,12.0,0.9166666666666666,9.6,11.0,0.8727272727272727,0.000714035338258,0.000778947641736,0.0006231581133888,0.000714035338258,0.5339805825242718,0.4660194174757281,0.5217391304347826,0.4782608695652174,632.0082843075365,15199.0,0.0415822280615525,0.0106131282614271,2.03698264558743,0.0380261389908608,0.9866021005621406,155069.0,94337.0,33987.0,0.6083549903591304,0.2191734002282854,48245.0,11887.0,48952.0,36510.0,10300.0,977.0,11209.0,9119.0,37945.0,10910.0,37743.0,27391.0,0.2134936262825163,0.7865063737174837,0.082190628417599,0.917809371582401,0.2289794084000653,0.7710205915999346,0.249767187072035,0.750232812927965,baseline,female_P35,female,P35,1111887,ELA,saline,ELA_saline
1,active,5,yellow,24,18-24,30.0,162.08,5.402666666666667,17336.56,4263.439999999999,106.0,163.55245283018868,0.0380162497889028,0.0070365714071266,42.0,259.48,6.1780952380952385,0.0608616516240407,0.0098511999699772,58.0,293.0,5.051724137931035,0.0687238474096035,0.0136040380537781,109,20768.28,190.53467889908256,4.871249507440003,0.0255662094458934,3.0,14.16,4.72,0.0033212617041637,0.0007036571407126,49.0,253.36,5.17061224489796,0.0594261910569868,0.0114930666316401,60.0,422.6,7.043333333333334,0.0991218358883906,0.0140731428142532,16.0,129.24,8.0775,0.0303135496219015,0.0037528380838008,8.0,25.28,3.16,0.0059294841724053,0.0018764190419004,51.0,216.92,4.253333333333333,0.0508791023211303,0.0119621713921152,4.0,9.36,2.34,0.0021954102790235,0.0009382095209502,2.0,2.0,1.0,7.4,8.0,0.925,0.0004691047604751,0.0004691047604751,0.0017356876137579,0.0018764190419004,0.2127659574468085,0.7872340425531915,0.2,0.8,173.71754829174998,4168.0,0.0416788743502279,0.0084016384581633,2.1043980809067655,0.0400763004542845,0.977614320830128,433520.0,348449.3333333333,18370.0,0.803767607799717,0.0423740542535523,17008.0,3887.0,13912.0,4082.0,2754.0,327.0,2193.0,1014.0,14254.0,3560.0,11719.0,3068.0,0.1619238005644402,0.8380761994355598,0.0841265757653717,0.9158734242346284,0.1576336975273145,0.8423663024726854,0.2484076433121019,0.7515923566878981,baseline,female_P35,female,P35,1111887,ELA,saline,ELA_saline
1,active,6,blue,18,12-18,104.0,849.84,8.171538461538463,12213.36,9386.64,98.0,124.6261224489796,0.0905371890261051,0.0110795769306162,123.0,761.76,6.193170731707317,0.0811536396410217,0.013103730408325,109.0,584.48,5.362201834862385,0.0622672223500635,0.0116122488984343,310,18913.56,61.011483870967744,2.0149446447291046,0.0330256620047216,16.0,37.36,2.335,0.0039801249435367,0.0017045502970178,61.0,377.36,6.186229508196721,0.0402018187551669,0.0064985980073807,221.0,1460.28,6.607601809954751,0.1555700442330802,0.0235441009775595,19.0,99.84,5.254736842105263,0.0106363938533916,0.0020241534777087,38.0,164.32,4.324210526315789,0.0175057315503737,0.0040483069554174,154.0,729.2,4.735064935064935,0.0776848797865903,0.0164062966087971,2.0,4.04,2.02,0.000430398949997,0.0002130687871272,6.2,7.0,0.8857142857142858,9.4,9.0,1.0444444444444445,0.0006605132400944,0.0007457407549453,0.001001423299498,0.0009588095420725,0.3974358974358974,0.6025641025641025,0.4375,0.5625,406.5043488862729,9256.0,0.0439179287906517,0.0145932310607457,2.0162517012724823,0.0393904454714635,0.986082346824849,305432.0,218323.66666666663,15862.0,0.7148028584649502,0.0519329998166531,46223.0,6661.0,33888.0,21350.0,10802.0,872.0,8728.0,4577.0,35421.0,5789.0,25160.0,16773.0,0.2336931830474006,0.7663068169525994,0.1309112745833958,0.8690887254166041,0.2575542965061378,0.7424457034938622,0.2143793911007026,0.7856206088992974,baseline,female_P35,female,P35,1112046,ELA,saline,ELA_saline
1,active,6,blue,24,18-24,59.0,507.96,8.609491525423728,14788.48,6811.52,110.0,134.44072727272726,0.0745736634407591,0.0086617964859532,87.0,508.72,5.847356321839081,0.074685239124307,0.0127724795640326,67.0,242.52,3.6197014925373137,0.0356043878605656,0.0098362773654044,221,19691.8,89.10316742081447,2.8909553227473452,0.0324450342948416,6.0,10.8,1.8,0.0015855491872592,0.0008808606595884,44.0,228.52,5.193636363636364,0.0335490463215258,0.006459644836982,137.0,1335.84,9.75065693430657,0.1961148172507751,0.0201129850606032,24.0,133.24,5.551666666666667,0.0195609790472611,0.0035234426383538,25.0,90.56,3.6224,0.0132951235553885,0.0036702527482852,115.0,496.24,4.315130434782609,0.072853048952363,0.0168831626421121,2.0,5.56,2.78,0.0008162642112186,0.0002936202198628,2.6,3.0,0.8666666666666667,9.6,10.0,0.96,0.0003817062858216,0.0004404303297942,0.0014093770553415,0.0014681010993141,0.2131147540983606,0.7868852459016393,0.2307692307692307,0.7692307692307693,310.0740202007022,6682.0,0.0464043729722691,0.0110519581965661,2.014916379238193,0.0423937065661915,0.9809851545616836,369822.0,294235.0,10117.0,0.7956124838435789,0.0273564038916019,39290.0,5644.0,18935.0,12758.0,4752.0,609.0,3106.0,2344.0,34538.0,5035.0,15829.0,10414.0,0.1209468058030033,0.8790531941969967,0.1079021970233876,0.8920978029766123,0.164034856086612,0.8359651439133879,0.1837278570308826,0.8162721429691174,baseline,female_P35,female,P35,1112046,ELA,saline,ELA_saline
1,active,6,green,18,12-18,105.0,1078.48,10.271238095238097,10417.52,11182.48,213.0,48.90854460093897,0.0964437226804787,0.0093896881550425,99.0,707.8,7.149494949494949,0.0632954407251343,0.0088531345461829,82.0,610.08,7.44,0.0545567709488414,0.0073328993210808,343,17818.84,51.94997084548105,1.5934604846152196,0.0306729813064722,13.0,25.52,1.963076923076923,0.0022821413496827,0.0011625328191957,47.0,621.96,13.233191489361705,0.0556191470943833,0.0042030032693999,124.0,1539.0,12.411290322580646,0.1376260006724805,0.0110887745830978,15.0,69.44,4.629333333333333,0.0062097137665347,0.0013413840221489,37.0,276.24,7.465945945945946,0.0247029281518947,0.003308747254634,162.0,848.56,5.238024691358024,0.0758829883889799,0.0144869474392084,5.0,10.84,2.168,0.0009693735200062,0.0004471280073829,0.0,0.0,0.0,7.8,8.0,0.975,0.0,0.0,0.0006975196915174,0.0007154048118127,0.0,1.0,0.0,1.0,484.1912321731334,10969.0,0.0441417843169963,0.0124631783114566,1.9923692907484107,0.0404340658450199,0.9809094225967764,260651.0,194121.0,16481.0,0.7447544801286011,0.0632301429881335,54195.0,8694.0,33128.0,27067.0,8404.0,882.0,9298.0,5445.0,45791.0,7812.0,23830.0,21622.0,0.1550696558723129,0.8449303441276871,0.1014492753623188,0.8985507246376812,0.2806689205505916,0.7193310794494083,0.2011674733069789,0.7988325266930211,baseline,female_P35,female,P35,1111989,CTRL,saline,CTRL_saline
1,active,6,green,24,18-24,118.0,775.4,6.571186440677966,11973.56,9626.44,204.0,58.693921568627445,0.0805489879955622,0.0122579063495954,113.0,675.68,5.9794690265486725,0.0701900183245311,0.0117385035381719,74.0,407.64,5.508648648648649,0.0423458724097381,0.0076871616090683,309,18261.28,59.09799352750809,1.896992034438484,0.0320990937459746,2.0,5.44,2.72,0.0005651102588288,0.0002077611245694,29.0,355.32,12.252413793103448,0.0369108413910022,0.0030125363062565,95.0,1395.4,14.68842105263158,0.1449549366120809,0.0098686534170472,4.0,19.64,4.91,0.0020402142432716,0.0004155222491388,27.0,223.24,8.268148148148148,0.0231902967244381,0.0028047751816871,142.0,680.52,4.792394366197183,0.0706928002459891,0.0147510398444284,5.0,11.68,2.336,0.0012133249674853,0.0005194028114235,4.0,5.0,0.8,6.6,7.0,0.9428571428571428,0.0004155222491388,0.0005194028114235,0.000685611711079,0.0007271639359929,0.3773584905660377,0.6226415094339622,0.4166666666666667,0.5833333333333334,433.7247053244345,9424.0,0.0460234194953771,0.0112294804403683,1.9756367462821351,0.0409688604872321,0.9789704189710836,299543.0,253950.3333333333,6389.0,0.847792581810736,0.0213291580841481,43892.0,6103.0,27243.0,19503.0,8358.0,273.0,3711.0,3356.0,35534.0,5830.0,23532.0,16147.0,0.190421944773535,0.809578055226465,0.0447320989677207,0.9552679010322792,0.1362184781411738,0.8637815218588262,0.1720760908578167,0.8279239091421833,baseline,female_P35,female,P35,1111989,CTRL,saline,CTRL_saline
1,active,6,red,18,12-18,131.0,1038.56,7.927938931297709,9086.08,12513.92,86.0,105.65209302325582,0.0829923796859816,0.0104683424538434,133.0,933.52,7.018947368421053,0.0745985270802434,0.0106281644760394,108.0,568.28,5.261851851851851,0.0454118293867948,0.0086303891985884,363,17668.36,48.67316804407714,1.4118965120441875,0.0290076970285889,2.0,5.44,2.72,0.0004347159003733,0.000159822022196,54.0,706.08,13.075555555555557,0.0564235667161049,0.0043151945992942,149.0,2019.0,13.550335570469798,0.1613403314069452,0.0119067406536081,20.0,116.48,5.824,0.0093080345726998,0.0015982202219608,56.0,291.28,5.201428571428571,0.0232764793126374,0.0044750166214903,232.0,1211.32,5.221206896551724,0.0967978059632792,0.0185393545747455,10.0,22.92,2.2920000000000003,0.0018315603743671,0.0007991101109804,12.6,12.0,1.05,1.0,1.0,1.0,0.0010068787398353,0.0009589321331764,7.991101109804122e-05,7.991101109804122e-05,0.9264705882352942,0.0735294117647058,0.9230769230769232,0.0769230769230769,437.5546391625657,12392.0,0.0353094447355201,0.0103478658812759,2.0052005996671203,0.0337487122378307,0.9902572495269268,227238.0,164958.3333333333,34519.0,0.7259275884021744,0.1519068113607759,68330.0,10270.0,37786.0,26095.0,6865.0,490.0,6059.0,4684.0,61465.0,9780.0,31727.0,21411.0,0.1004683155275867,0.8995316844724133,0.047711781888997,0.952288218111003,0.1603503943259408,0.8396496056740592,0.1794979881203295,0.8205020118796704,baseline,female_P35,female,P35,1112056,CTRL,saline,CTRL_saline
1,active,6,red,24,18-24,63.0,359.64,5.708571428571428,15231.64,6368.360000000001,86.0,177.1120930232558,0.0564729380876709,0.0098926568221645,81.0,481.24,5.941234567901235,0.0755673360174361,0.0127191301999258,54.0,253.04,4.685925925925925,0.0397339346393734,0.0084794201332839,210,19746.64,94.03161904761905,3.1007417922353633,0.0329755227405485,,,,,,24.0,314.6,13.108333333333334,0.049400473591317,0.0037686311703484,86.0,1336.92,15.545581395348838,0.2099315993442581,0.0135042616937484,5.0,37.36,7.472,0.0058665025218423,0.0007851314938225,19.0,220.88,11.625263157894736,0.0346839688711065,0.0029834996765258,97.0,462.0,4.762886597938144,0.0725461500292068,0.0152315509801581,6.0,14.68,2.4466666666666668,0.0023051460658631,0.0009421577925871,13.0,13.0,1.0,0.8,1.0,0.8,0.0020413418839387,0.0020413418839387,0.0001256210390116,0.0001570262987645,0.9420289855072465,0.0579710144927536,0.9285714285714286,0.0714285714285714,243.8090976024819,6256.0,0.0389720424556396,0.0104304388845107,1.9933778792985175,0.036845423372484,0.9823565250708188,380877.0,284089.0,27783.0,0.7458812162456646,0.0729448089540718,41398.0,6480.0,18492.0,9054.0,7072.0,203.0,3015.0,1502.0,34326.0,6277.0,15477.0,7552.0,0.1708295086719165,0.8291704913280835,0.0313271604938271,0.9686728395061728,0.1630434782608695,0.8369565217391305,0.1658935277225535,0.8341064722774464,baseline,female_P35,female,P35,1112056,CTRL,saline,CTRL_saline
1,active,6,yellow,18,12-18,53.0,569.48,10.74490566037736,13126.08,8473.92,117.0,112.18871794871797,0.0672038442656999,0.0062544843472678,45.0,309.84,6.885333333333333,0.0365639515124051,0.0053104112382462,26.0,190.16,7.313846153846153,0.0224406178014425,0.00306823760432,198,19834.96,100.17656565656566,2.3407065443147914,0.0233658094482836,9.0,29.28,3.2533333333333334,0.0034553075790189,0.0010620822476492,27.0,158.12,5.856296296296296,0.0186596049998111,0.0031862467429477,174.0,1425.4,8.191954022988506,0.1682102261999169,0.0205335901212189,14.0,176.68,12.62,0.0208498546127412,0.0016521279407877,19.0,118.08,6.214736842105263,0.0139345190891582,0.0022421736339262,97.0,565.76,5.832577319587629,0.0667648502700049,0.0114468864468864,3.0,7.72,2.5733333333333333,0.0009110305502058,0.000354027415883,1.0,1.0,1.0,1.6,2.0,0.8,0.0001180091386276,0.0001180091386276,0.0001888146218043,0.0002360182772553,0.3846153846153846,0.6153846153846154,0.3333333333333333,0.6666666666666666,265.40702254849344,8327.0,0.0318730662361586,0.0081466308374912,2.1012620871427585,0.0286895962533945,0.982662097352819,328269.0,219789.66666666663,28848.0,0.669541341602974,0.0878791478939528,39789.0,7402.0,12571.0,14290.0,8226.0,398.0,4425.0,3730.0,31563.0,7004.0,8146.0,10560.0,0.2067405564351956,0.7932594435648044,0.0537692515536341,0.946230748446366,0.3520006363853313,0.6479993636146687,0.2610216934919524,0.7389783065080476,baseline,female_P35,female,P35,1111888,ELA,saline,ELA_saline
1,active,6,yellow,24,18-24,34.0,377.72,11.109411764705882,16087.4,5512.6,145.0,110.94758620689656,0.0685193919384682,0.0061676885680078,29.0,181.6,6.2620689655172415,0.0329427130573595,0.0052606755433008,16.0,94.12,5.8825,0.0170736131770852,0.0029024416790625,118,20562.2,174.25593220338985,3.730036643326198,0.021405507383086,3.0,7.4,2.466666666666667,0.0013423792765664,0.0005442078148242,14.0,56.28,4.0200000000000005,0.0102093386061023,0.0025396364691796,144.0,1092.24,7.585,0.1981351812212023,0.0261219751115626,6.0,115.56,19.26,0.0209628850270289,0.0010884156296484,11.0,148.0,13.454545454545457,0.0268475855313282,0.0019954286543554,62.0,299.2,4.825806451612903,0.0542756593984689,0.0112469615063672,5.0,12.04,2.408,0.0021840873634945,0.000907013024707,1.2,1.0,1.2,3.8,4.0,0.95,0.0002176831259296,0.0001814026049414,0.0006893298987773,0.0007256104197656,0.24,0.76,0.2,0.8,179.65547035465607,5348.0,0.0335930198868092,0.0070150113393135,2.0799510728699517,0.0292368009227984,0.9701411312266444,402330.0,307609.0,17158.0,0.7645688862376656,0.0426465836502373,28871.0,6606.0,6938.0,9477.0,5596.0,721.0,1853.0,1641.0,23275.0,5885.0,5085.0,7836.0,0.1938277163936129,0.806172283606387,0.1091432031486527,0.8908567968513472,0.2670798501008936,0.7329201498991064,0.1731560620449509,0.8268439379550491,baseline,female_P35,female,P35,1111888,ELA,saline,ELA_saline
1,active,7,blue,18,12-18,117.0,1160.2,9.916239316239317,10214.32,11385.68,81.0,126.1027160493827,0.1018999304389373,0.0102760660759831,79.0,506.72,6.4141772151898735,0.044505027367711,0.0069385403419031,85.0,432.32,5.086117647058823,0.0379705032988807,0.0074655180893894,275,17965.56,65.32930909090909,1.577908390188377,0.0241531467597894,12.0,26.2,2.183333333333333,0.0023011361640235,0.0010539554949726,179.0,1207.72,6.747039106145252,0.1060735941990289,0.0157215028000084,125.0,1244.16,9.95328,0.1092741057187625,0.0109787030726315,22.0,179.68,8.167272727272728,0.0157812269447235,0.0019322517407831,33.0,249.48,7.56,0.021911734740481,0.0028983776111747,201.0,917.96,4.566965174129353,0.0806240821804231,0.0176537545407915,11.0,29.08,2.6436363636363636,0.002554085482817,0.0009661258703915,1.6,2.0,0.8,10.8,12.0,0.9,0.0001405273993296,0.0001756592491621,0.0009485599454753,0.0010539554949726,0.1290322580645161,0.8709677419354839,0.1428571428571428,0.8571428571428571,352.7417101449702,11264.0,0.031315847846677,0.0096456466307327,2.0089104650027867,0.0278487959331006,0.9893128912809774,255439.0,164014.3333333333,32508.0,0.6420880653828637,0.1272632605044648,61601.0,10784.0,23640.0,29122.0,9861.0,973.0,4959.0,9050.0,51740.0,9811.0,18681.0,20072.0,0.1600785701530819,0.8399214298469181,0.0902262611275964,0.9097737388724036,0.2097715736040609,0.790228426395939,0.3107616235148684,0.6892383764851315,baseline,female_P35,female,P35,1111990,CTRL,MDMA,CTRL_MDMA
1,active,7,blue,24,18-24,151.0,1254.04,8.304900662251656,10609.76,10990.24,131.0,80.99053435114504,0.1141048785103873,0.0137394633784157,45.0,183.08,4.068444444444444,0.0166584169226513,0.0040945420664152,63.0,299.52,4.754285714285714,0.0272532719940601,0.0057323588929814,289,18276.24,63.23958477508651,1.662951855464485,0.0262960590487559,,,,,,201.0,1850.16,9.204776119402986,0.1683457322133092,0.0182889545633216,35.0,299.04,8.544,0.027209596878685,0.0031846438294341,16.0,116.48,7.28,0.0105984946643567,0.0014558371791698,20.0,247.32,12.366,0.0225036031970184,0.0018197964739623,172.0,836.68,4.864418604651163,0.076129365691741,0.0156502496760762,26.0,67.4,2.5923076923076924,0.0061327141172531,0.002365735416151,37.4,32.0,1.16875,14.6,15.0,0.9733333333333332,0.0034030194063095,0.0029116743583397,0.0013284514259925,0.0013648473554717,0.7192307692307692,0.2807692307692307,0.6808510638297872,0.3191489361702128,391.68115820325903,10857.0,0.0360763708393901,0.009102995752166,2.0290876147855488,0.0305910180861289,0.9878765158904628,265375.0,172937.99999999997,27820.0,0.6516740461610927,0.1048327837965143,53966.0,9131.0,12173.0,31502.0,5900.0,593.0,2327.0,8540.0,48066.0,8538.0,9846.0,22962.0,0.1093280954675165,0.8906719045324835,0.0649435987296024,0.9350564012703976,0.1911607656288507,0.8088392343711492,0.2710938988000761,0.7289061011999238,baseline,female_P35,female,P35,1111990,CTRL,MDMA,CTRL_MDMA
1,active,7,green,18,12-18,147.0,1289.32,8.770884353741495,10737.68,10862.32,459.0,23.39363834422658,0.1186965583779524,0.0135330205701912,92.0,685.84,7.454782608695653,0.0631393661759182,0.0084696455269224,71.0,426.04,6.00056338028169,0.0392218236988046,0.0065363568740379,287,17893.6,62.34703832752613,1.6473092304406425,0.026421611589421,24.0,110.4,4.6000000000000005,0.0101635746323069,0.0022094727461536,97.0,908.84,9.369484536082474,0.0836690504422628,0.0089299523490377,53.0,522.28,9.85433962264151,0.0480818094108809,0.0048792523144227,20.0,131.72,6.586,0.0121263229218067,0.0018412272884613,37.0,272.6,7.367567567567568,0.0250959279417288,0.0034062704836535,166.0,671.88,4.047469879518072,0.0618541895285721,0.0152821864942295,7.0,23.8,3.4,0.002191060473269,0.0006444295509614,19.8,19.0,1.0421052631578949,3.2,4.0,0.8,0.0018228150155767,0.0017491659240383,0.0002945963661538,0.0003682454576922,0.8608695652173913,0.1391304347826087,0.8260869565217391,0.1739130434782608,515.009411479691,10488.0,0.0491046349618317,0.0137980010991604,2.009879877905705,0.0450183765449566,0.9655395900691566,268901.0,164045.99999999997,45519.0,0.6100609518001048,0.1692779126890565,35928.0,10165.0,27864.0,32380.0,8089.0,908.0,6803.0,8901.0,27839.0,9257.0,21061.0,23479.0,0.225144733912269,0.774855266087731,0.0893261190359075,0.9106738809640924,0.2441501579098478,0.7558498420901522,0.2748919085855466,0.7251080914144533,baseline,female_P35,female,P35,1111889,ELA,MDMA,ELA_MDMA
1,active,7,green,24,18-24,83.0,755.72,9.105060240963857,14456.08,7143.92,435.0,33.23236781609195,0.1057850591831935,0.0116182712012452,29.0,174.56,6.019310344827586,0.0244347641071008,0.0040593959618808,54.0,291.12,5.391111111111111,0.0407507362904399,0.0075588752393643,183,19743.36,107.8872131147541,2.7636591675158737,0.0256161883111792,9.0,27.24,3.0266666666666664,0.003813032620746,0.001259812539894,102.0,1108.12,10.86392156862745,0.155113719078601,0.0142778754521327,15.0,45.76,3.0506666666666664,0.0064054468695058,0.0020996875664901,7.0,27.04,3.8628571428571425,0.0037850367865261,0.0009798541976953,22.0,247.48,11.249090909090908,0.0346420452636647,0.0030795417641854,78.0,366.12,4.693846153846154,0.0512491741228905,0.0109183753457485,4.0,9.64,2.41,0.0013493992093976,0.0005599166843973,19.8,18.0,1.1,15.2,14.0,1.0857142857142856,0.0027715875877669,0.0025196250797881,0.0021276834007099,0.0019597083953907,0.5657142857142857,0.4342857142857143,0.5625,0.4375,331.25206110729164,6814.0,0.0486134518795555,0.0113074603682313,2.1020579992491477,0.0436663308010072,0.9538180718709056,361837.0,207518.99999999997,47632.0,0.5735151463227917,0.1316393845847716,28964.0,6892.0,11725.0,18976.0,4231.0,142.0,2263.0,6433.0,24733.0,6750.0,9462.0,12543.0,0.1460778897942273,0.8539221102057727,0.0206035983749274,0.9793964016250726,0.1930063965884861,0.8069936034115138,0.3390071669477234,0.6609928330522765,baseline,female_P35,female,P35,1111889,ELA,MDMA,ELA_MDMA
1,active,7,red,18,12-18,210.0,1478.4,7.04,6900.12,14699.88,89.0,77.52943820224719,0.1005722495693842,0.014285830904742,143.0,788.0,5.510489510489511,0.0536058797758893,0.0097279705684672,171.0,878.36,5.136608187134503,0.0597528687309012,0.0116327480224328,493,16673.48,33.8204462474645,1.1342595993980904,0.0335376887430373,29.0,78.12,2.693793103448276,0.005314329096564,0.0019728052201786,188.0,2320.28,12.341914893617025,0.1578434653888331,0.0127892200480548,128.0,837.36,6.541875,0.0569637303161658,0.0087075540752713,54.0,227.76,4.217777777777777,0.0154940040326859,0.0036734993755051,52.0,252.6,4.857692307692307,0.0171838137454183,0.0035374438430789,308.0,1288.48,4.183376623376623,0.0876524162102003,0.0209525519936217,11.0,24.16,2.1963636363636363,0.0016435508317074,0.0007483054283436,24.6,26.0,0.9461538461538462,8.0,9.0,0.8888888888888888,0.0016734830488412,0.0017687219215394,0.0005442221297044,0.0006122498959175,0.754601226993865,0.2453987730061349,0.7428571428571429,0.2571428571428571,612.886061144441,14571.0,0.0420620452367333,0.014743612718556,1.917058753046199,0.0389121302849761,0.9912325814904612,172592.0,127925.66666666666,20556.0,0.7412027594944531,0.1191016964865115,79257.0,12115.0,41973.0,37170.0,13262.0,1230.0,7634.0,9198.0,65995.0,10885.0,34339.0,27972.0,0.1673290687257907,0.8326709312742092,0.1015270326042096,0.8984729673957903,0.1818788268648893,0.8181211731351107,0.247457627118644,0.752542372881356,baseline,female_P35,female,P35,1112057,CTRL,MDMA,CTRL_MDMA
1,active,7,red,24,18-24,236.0,1679.92,7.118305084745763,8008.32,13591.68,128.0,62.565,0.1235991430051325,0.0173635635918444,103.0,445.84,4.328543689320388,0.032802420304186,0.0075781654659321,197.0,869.56,4.414010152284264,0.0639773743937467,0.0144941611338701,506,16053.56,31.726403162055338,1.181131398031737,0.0372286575316664,17.0,30.52,1.7952941176470587,0.0022454913594198,0.0012507651739887,125.0,1891.96,15.13568,0.1391998634458727,0.0091968027499175,47.0,316.28,6.729361702127659,0.0232701181899515,0.003457997833969,35.0,193.0,5.514285714285714,0.0141998634458727,0.0025751047699769,43.0,278.72,6.48186046511628,0.0205066628996562,0.0031637001459716,268.0,1187.08,4.429402985074627,0.0873387248669774,0.0197179450958233,18.0,44.52,2.4733333333333336,0.0032755332674106,0.0013243395959881,114.8,98.0,1.1714285714285717,41.0,39.0,1.051282051282051,0.0084463436455243,0.0072102933559353,0.0030165513019729,0.0028694024579742,0.7368421052631579,0.2631578947368421,0.7153284671532847,0.2846715328467153,671.2877215369842,13456.0,0.0498876130749839,0.0177501990978642,1.9879966672977885,0.0429114628264649,0.9900174224231294,200336.0,149211.3333333333,9633.0,0.7448053936054094,0.0480842185128983,55378.0,11871.0,33185.0,42234.0,6480.0,722.0,4396.0,9918.0,48898.0,11149.0,28789.0,32316.0,0.1170139766694355,0.8829860233305645,0.0608204869008508,0.9391795130991492,0.1324694892270604,0.8675305107729396,0.2348344935360136,0.7651655064639864,baseline,female_P35,female,P35,1112057,CTRL,MDMA,CTRL_MDMA
1,active,7,yellow,18,12-18,239.0,1758.64,7.3583263598326365,7851.28,13748.72,135.0,58.157629629629625,0.1279129984464008,0.0173834364217178,100.0,486.68,4.8668000000000005,0.0353982043419314,0.0072734043605513,159.0,862.0,5.421383647798742,0.0626967455879529,0.0115647129332766,469,17179.08,36.6291684434968,1.2495039538226105,0.0341122664509859,31.0,84.48,2.7251612903225806,0.0061445720037938,0.0022547553517709,111.0,615.28,5.543063063063062,0.0447518023496005,0.008073478840212,72.0,372.6,5.175000000000001,0.0271007046474144,0.0052368511395969,30.0,153.4,5.113333333333333,0.0111574022890858,0.0021820213081654,34.0,157.44,4.630588235294118,0.011451247825252,0.0024729574825874,209.0,1075.12,5.144114832535885,0.07819782496116,0.0152014151135523,7.0,16.96,2.422857142857143,0.0012335693795495,0.0005091383052385,8.2,10.0,0.82,32.2,32.0,1.00625,0.0005964191575652,0.0007273404360551,0.0023420362040975,0.0023274893953764,0.2029702970297029,0.797029702970297,0.238095238095238,0.7619047619047619,728.4762751456342,13581.0,0.0536393693502418,0.0208022262602649,2.061130601564296,0.0470986868260895,0.9878010462064832,196417.0,146477.3333333333,13749.0,0.7457467191400607,0.0699990326702882,24880.0,7835.0,33976.0,44205.0,6063.0,421.0,7827.0,9999.0,18817.0,7414.0,26149.0,34206.0,0.2436897106109324,0.7563102893890675,0.0537332482450542,0.9462667517549458,0.2303684954085236,0.7696315045914763,0.2261961316593145,0.7738038683406855,baseline,female_P35,female,P35,1112047,ELA,MDMA,ELA_MDMA
1,active,7,yellow,24,18-24,186.0,1046.92,5.628602150537635,10617.0,10983.0,141.0,75.29787234042553,0.0953218610579987,0.0169352635891832,61.0,240.4,3.940983606557378,0.0218883729399981,0.0055540380588181,118.0,479.36,4.062372881355932,0.0436456341618865,0.0107438769006646,353,18697.24,52.96668555240794,1.70238004188291,0.032140580897751,25.0,50.04,2.0016,0.0045561322043157,0.002276245106073,134.0,911.04,6.798805970149253,0.0829500136574706,0.0122006737685513,26.0,131.56,5.0600000000000005,0.0119785122461986,0.0023672949103159,11.0,61.92,5.629090909090909,0.0056378038787216,0.0010015478466721,25.0,153.52,6.1408000000000005,0.0139779659473732,0.002276245106073,150.0,717.8,4.785333333333333,0.0653555494855686,0.0136574706364381,12.0,28.2,2.35,0.0025676044796503,0.001092597650915,11.8,12.0,0.9833333333333334,113.0,92.0,1.2282608695652173,0.0010743876900664,0.001092597650915,0.01028862787945,0.0083765819903487,0.094551282051282,0.905448717948718,0.1153846153846153,0.8846153846153846,616.1754918532633,10845.0,0.0568165506549804,0.0174223183239093,2.1038722179661073,0.0464617262501532,0.9874351270144768,265566.0,176715.66666666663,17098.0,0.6654303136194641,0.064383241830656,26225.0,5422.0,18173.0,26359.0,2975.0,157.0,3820.0,7965.0,23250.0,5265.0,14353.0,18394.0,0.1134413727359389,0.886558627264061,0.0289561047583917,0.9710438952416084,0.2102019479447532,0.7897980520552468,0.3021738305702037,0.6978261694297963,baseline,female_P35,female,P35,1112047,ELA,MDMA,ELA_MDMA
1,active,8,blue,18,12-18,80.0,691.16,8.6395,11603.48,9996.52,96.0,120.86958333333332,0.0691400607411379,0.0080027849691692,36.0,270.16,7.504444444444445,0.0270254048408846,0.0036012532361261,30.0,279.92,9.330666666666668,0.0280017446071232,0.0030010443634384,234,19014.2,81.25726495726497,1.9020819245097291,0.0234081460348201,9.0,43.08,4.786666666666666,0.0043094997058976,0.0009003133090315,140.0,2411.12,17.222285714285714,0.2411959361857926,0.0140048736960462,37.0,216.28,5.845405405405406,0.0216355291641491,0.0037012880482407,17.0,156.88,9.228235294117647,0.0156934613245409,0.0017005918059484,24.0,224.24,9.343333333333334,0.0224318062685814,0.0024008354907507,161.0,738.84,4.589068322981366,0.0739097205827628,0.0161056047504531,9.0,22.0,2.4444444444444446,0.0022007658665215,0.0009003133090315,1.8,2.0,0.9,8.2,7.0,1.1714285714285713,0.0001800626618063,0.0002000696242292,0.0008202854593398,0.0007002436848023,0.18,0.82,0.2222222222222222,0.7777777777777778,252.32243011455563,9903.0,0.0254793931247657,0.006318983298969,2.018430577558216,0.0235860126447619,0.9906447443710412,290183.0,205836.66666666663,18605.0,0.7093339949847739,0.0641147138185214,65862.0,9569.0,13818.0,17359.0,15374.0,1607.0,4127.0,4270.0,50488.0,7962.0,9691.0,13089.0,0.2334274695575597,0.7665725304424402,0.1679381335562754,0.8320618664437245,0.2986684035316254,0.7013315964683746,0.2459819114004263,0.7540180885995738,baseline,female_P35,female,P35,1111890,ELA,MDMA,ELA_MDMA
1,active,8,blue,24,18-24,56.0,463.52,8.277142857142858,10187.12,11412.88,103.0,98.90407766990292,0.0406137626961818,0.0049067369498321,22.0,152.44,6.929090909090909,0.0133568389398644,0.0019276466588626,29.0,245.32,8.459310344827585,0.0214950126523717,0.0025409887775916,250,17803.0,71.212,1.5599042485332362,0.0219050756688933,,,,,,57.0,610.64,10.71298245614035,0.0535044616258122,0.0049943572525076,158.0,1418.68,8.978987341772152,0.1243051709997827,0.0138440078227406,19.0,289.24,15.223157894736843,0.0253432963458829,0.0016647857508358,18.0,132.76,7.375555555555555,0.0116324713832091,0.0015771654481603,172.0,916.44,5.3281395348837215,0.0802987501840026,0.0150706920601986,22.0,60.56,2.752727272727273,0.0053062855300327,0.0019276466588626,6.2,6.0,1.0333333333333334,7.0,7.0,1.0,0.0005432458765885,0.0005257218160534,0.000613342118729,0.000613342118729,0.4696969696969697,0.5303030303030303,0.4615384615384615,0.5384615384615384,286.52912012385946,11310.0,0.0253341397103324,0.0056199436988885,2.027015121449268,0.0233753664167183,0.990985623260737,254781.0,172601.3333333333,34262.0,0.6774497836704202,0.1344762757034472,50948.0,10587.0,9995.0,11644.0,10238.0,746.0,2887.0,2491.0,40710.0,9841.0,7108.0,9153.0,0.2009499882232865,0.7990500117767135,0.0704637763294606,0.9295362236705392,0.2888444222111055,0.7111555777888945,0.2139299209893507,0.7860700790106493,baseline,female_P35,female,P35,1111890,ELA,MDMA,ELA_MDMA
1,active,8,green,18,12-18,113.0,963.32,8.52495575221239,12469.4,9130.6,257.0,48.51906614785992,0.1055045670602151,0.0123759665301294,58.0,456.88,7.877241379310345,0.050038332639695,0.0063522660066151,73.0,476.12,6.522191780821918,0.0521455326046481,0.007995093422119,253,18934.68,74.84063241106719,2.0737607605195714,0.0277090224081659,22.0,64.8,2.9454545454545453,0.0070970144349768,0.0024094802094057,82.0,1258.28,15.344878048780489,0.1378091253586839,0.0089807898714213,102.0,922.92,9.048235294117646,0.1010798852211245,0.0111712264254265,25.0,205.72,8.2288,0.0225308303944976,0.0027380456925065,28.0,131.36,4.691428571428572,0.0143867872867062,0.0030666111756072,149.0,642.68,4.313288590604026,0.0703874882264035,0.0163187523273388,5.0,14.88,2.976,0.0016296847961798,0.0005476091385013,0.8,1.0,0.8,2.6,3.0,0.8666666666666667,8.761746216020853e-05,0.0001095218277002,0.0002847567520206,0.0003285654831007,0.2352941176470588,0.7647058823529411,0.25,0.75,385.976283513608,8948.0,0.0431354809469834,0.012501893941487,1.9930431381182985,0.0387455903533286,0.9800013142619324,311992.0,222602.66666666663,13298.0,0.7134883800439327,0.0426228877663529,54714.0,8480.0,23456.0,24196.0,12259.0,787.0,4697.0,4104.0,42455.0,7693.0,18759.0,20092.0,0.2240560002924297,0.7759439997075702,0.0928066037735849,0.9071933962264151,0.2002472714870395,0.7997527285129604,0.1696148123656802,0.8303851876343197,baseline,female_P35,female,P35,1111991,CTRL,MDMA,CTRL_MDMA
1,active,8,green,24,18-24,102.0,828.84,8.125882352941177,10209.2,11390.8,243.0,42.01316872427984,0.0727639849703269,0.0089545949362643,62.0,387.64,6.252258064516129,0.0340309723636619,0.0054429890789057,124.0,597.32,4.817096774193549,0.0524388102679355,0.0108859781578115,356,18039.0,50.67134831460674,1.5836464515222812,0.0312532921304912,8.0,17.32,2.165,0.0015205253362362,0.0007023211714717,95.0,1735.8,18.271578947368425,0.1523861361800751,0.0083400639112266,83.0,908.08,10.940722891566264,0.0797204761737542,0.007286582154019,36.0,277.2,7.699999999999999,0.0243354285914948,0.0031604452716227,28.0,162.0,5.785714285714286,0.0142220037223022,0.0024581241001509,162.0,741.44,4.5767901234567905,0.0650911261719984,0.0142220037223022,14.0,33.92,2.422857142857143,0.00297784176704,0.0012290620500754,5.0,6.0,0.8333333333333334,8.8,9.0,0.977777777777778,0.0004389507321698,0.0005267408786037,0.0007725532886188,0.0007901113179056,0.3623188405797101,0.6376811594202899,0.4,0.6,500.9220839330907,11200.0,0.0447251860654545,0.010608095028164,1.9943733702760345,0.0402935537396634,0.9832496400603996,255473.0,186305.99999999997,12825.0,0.7292590606443733,0.0502009997142555,66275.0,11044.0,24810.0,20823.0,16307.0,425.0,4976.0,4043.0,49968.0,10619.0,19834.0,16780.0,0.24605054696341,0.75394945303659,0.0384824339007605,0.9615175660992394,0.2005642885933091,0.7994357114066909,0.1941603035105412,0.8058396964894587,baseline,female_P35,female,P35,1111991,CTRL,MDMA,CTRL_MDMA
1,active,8,red,18,12-18,124.0,1033.48,8.334516129032258,10802.92,10797.08,126.0,85.73746031746032,0.095718472031327,0.0114845865734068,111.0,560.08,5.045765765765766,0.0518732842583365,0.0102805573358722,179.0,838.96,4.686927374301677,0.0777024899324632,0.0165785564245147,395,18016.44,45.61124050632911,1.6686400397144412,0.0365839652943203,51.0,136.64,2.6792156862745093,0.0126552734628251,0.0047234993164818,121.0,981.64,8.112727272727273,0.0909171739025736,0.0112067336724373,162.0,1084.08,6.691851851851851,0.1004049242943462,0.0150040566523541,57.0,280.92,4.928421052631579,0.0260181456467859,0.0052792051184209,31.0,120.28,3.88,0.0111400489762046,0.0028711466433517,195.0,937.36,4.806974358974359,0.0868160650842635,0.0180604385630188,6.0,13.56,2.26,0.0012558951123822,0.000555705801939,14.0,14.0,1.0,4.2,5.0,0.8400000000000001,0.001296646871191,0.001296646871191,0.0003889940613573,0.0004630881682825,0.7692307692307693,0.2307692307692307,0.7368421052631579,0.2631578947368421,528.4000308402372,10668.0,0.0495313114773375,0.0177334766744459,1.957305751799996,0.0458471767092227,0.988044915847618,270199.0,208266.99999999997,12078.0,0.7707911576282664,0.0447003874921816,51926.0,10118.0,35266.0,25961.0,12407.0,1472.0,5971.0,4147.0,39519.0,8646.0,29295.0,21814.0,0.2389361784077341,0.7610638215922659,0.1454832970942874,0.8545167029057126,0.1693132195315601,0.8306867804684399,0.1597396094141212,0.8402603905858789,baseline,female_P35,female,P35,1112048,ELA,MDMA,ELA_MDMA
1,active,8,red,24,18-24,124.0,901.16,7.26741935483871,11472.08,10127.92,121.0,94.81057851239667,0.088977796033144,0.012243382649152,89.0,449.92,5.055280898876405,0.0444237316250523,0.008787589159472,193.0,931.0,4.823834196891192,0.0919241068254883,0.019056232671664,369,17760.16,48.13051490514905,1.7535841515335824,0.0364339370769121,19.0,35.92,1.8905263157894736,0.0035466314899801,0.001876002180112,72.0,656.4,9.116666666666667,0.0648109384750274,0.007109060893056,160.0,1044.28,6.52675,0.1031090292972298,0.01579791309568,32.0,176.64,5.52,0.0174408960576307,0.003159582619136,17.0,35.84,2.108235294117647,0.0035387325334323,0.001678528266416,131.0,709.24,5.414045801526718,0.0700281992748757,0.012934541347088,12.0,31.12,2.5933333333333333,0.0030726940971097,0.001184843482176,11.2,12.0,0.9333333333333332,2.4,3.0,0.7999999999999999,0.0011058539166976,0.001184843482176,0.0002369686964352,0.000296210870544,0.8235294117647058,0.1764705882352941,0.8,0.2,500.86944129107536,9995.0,0.0501120001291721,0.016006052800738,1.952361227167097,0.0445249208755753,0.9868758836957636,286923.0,199088.3333333333,24491.0,0.6938737338356747,0.0853573955381757,42749.0,5361.0,34805.0,22653.0,13265.0,693.0,7986.0,5096.0,29484.0,4668.0,26819.0,17557.0,0.3102996561323072,0.6897003438676929,0.1292669278119753,0.8707330721880246,0.2294497916965953,0.7705502083034047,0.224959166556306,0.775040833443694,baseline,female_P35,female,P35,1112048,ELA,MDMA,ELA_MDMA
1,active,8,yellow,18,12-18,101.0,710.88,7.0384158415841584,11387.48,10212.52,92.0,123.77695652173912,0.0696086764089568,0.0098898215132014,77.0,546.0,7.090909090909091,0.0534637875862177,0.007539764916005,102.0,572.36,5.611372549019608,0.0560449330821383,0.0099877405380846,269,19276.76,71.66081784386617,1.8875615421071388,0.0263402176935761,26.0,66.6,2.5615384615384613,0.0065214070572199,0.0025458946469627,104.0,1037.44,9.975384615384616,0.1015851131748089,0.0101835785878509,129.0,1210.08,9.380465116279067,0.1184898536306415,0.0126315542099305,35.0,229.36,6.553142857142857,0.0224587075472067,0.0034271658709113,49.0,248.08,5.062857142857143,0.0242917516930199,0.0047980322192759,138.0,514.0,3.724637681159421,0.0503303787899558,0.0135128254338791,10.0,24.28,2.428,0.0023774739241636,0.0009791902488318,3.2,4.0,0.8,4.8,6.0,0.7999999999999999,0.0003133408796261,0.0003916760995327,0.0004700113194392,0.000587514149299,0.4,0.6,0.4,0.6,369.84924852848707,10127.0,0.0365211067965327,0.0113395105848193,2.031345665265384,0.0338954329978292,0.9916259649919902,284779.0,210109.0,16462.0,0.7377966774235459,0.0578062286896154,56421.0,12020.0,28138.0,17873.0,14982.0,1073.0,4740.0,2081.0,41439.0,10947.0,23398.0,15792.0,0.2655394268091668,0.7344605731908332,0.0892678868552412,0.9107321131447588,0.1684554694718885,0.8315445305281115,0.1164326078442343,0.8835673921557656,baseline,female_P35,female,P35,1112058,CTRL,MDMA,CTRL_MDMA
1,active,8,yellow,24,18-24,104.0,613.96,5.9034615384615385,10173.2,11426.8,132.0,77.06969696969698,0.0537298281233591,0.0091014107186613,60.0,382.12,6.368666666666667,0.0334406833059124,0.0052508138761508,105.0,667.4,6.356190476190476,0.0584065530157174,0.0091889242832639,285,19047.8,66.83438596491227,1.666940875835755,0.0249413659117163,6.0,10.0,1.6666666666666667,0.0008751356460251,0.000525081387615,67.0,979.84,14.624477611940298,0.0857492911401267,0.0058634088283683,169.0,1527.64,9.039289940828404,0.1336892218293835,0.0147897924178247,36.0,173.0,4.805555555555555,0.0151398466762348,0.0031504883256904,43.0,262.68,6.108837209302326,0.0229880631497882,0.003763083277908,174.0,726.16,4.173333333333333,0.0635488500717611,0.0152273602408373,10.0,26.92,2.692,0.0023558651590996,0.0008751356460251,0.8,1.0,0.8,5.0,6.0,0.8333333333333334,7.001085168201073e-05,8.75135646025134e-05,0.0004375678230125,0.000525081387615,0.1379310344827586,0.8620689655172414,0.1428571428571428,0.8571428571428571,392.2842273937653,11307.0,0.0346939265405293,0.0097900655192955,2.0592266906626273,0.0319119095091591,0.989515874960619,254462.0,175655.66666666666,27204.0,0.6903021538251946,0.1069079076640127,62923.0,10971.0,26403.0,15453.0,15960.0,894.0,6624.0,3583.0,46963.0,10077.0,19779.0,11870.0,0.2536433418622761,0.7463566581377239,0.0814875581077385,0.9185124418922614,0.2508805817520736,0.7491194182479264,0.2318643629068789,0.768135637093121,baseline,female_P35,female,P35,1112058,CTRL,MDMA,CTRL_MDMA
2,active,1,blue,18,12-18,77.0,461.6,5.9948051948051955,13635.12,7964.879999999999,128.0,106.524375,0.0579544199033758,0.0096674400618716,69.0,464.2,6.7275362318840575,0.058280852944426,0.008663030704794,90.0,484.48,5.383111111111111,0.0608270306646176,0.0112996052671226,245,19417.48,79.25502040816326,2.4378873253583233,0.0307600365605006,1.0,2.16,2.16,0.0002711905264109,0.0001255511696346,185.0,1670.56,9.030054054054052,0.2097407619449383,0.0232269663824188,18.0,106.56,5.92,0.0133787326362732,0.0022599210534245,43.0,359.96,8.371162790697674,0.0451933990217052,0.0053987002942919,8.0,33.0,4.125,0.0041431885979449,0.0010044093570775,120.0,516.44,4.303666666666667,0.0648396460461425,0.0150661403561635,12.0,30.2,2.5166666666666666,0.0037916453229678,0.0015066140356163,5.0,5.0,1.0,2.8,3.0,0.9333333333333332,0.0006277558481734,0.0006277558481734,0.0003515432749771,0.000376653508904,0.6410256410256411,0.358974358974359,0.625,0.375,246.36699523681455,7835.0,0.0314444154737478,0.007444736698085,1.9838202140628631,0.0289926163564043,0.9836934140878456,341006.0,277945.0,17109.0,0.8150736350680047,0.0501721377336469,44631.0,9875.0,23876.0,11617.0,1495.0,735.0,4769.0,2827.0,43136.0,9140.0,19107.0,8790.0,0.0334968967757836,0.9665031032242164,0.0744303797468354,0.9255696202531646,0.1997403250125649,0.8002596749874351,0.2433502625462684,0.7566497374537317,baseline,female_P35,female,P35,1111836,ELA,MDMA,ELA_MDMA
2,active,1,blue,24,18-24,146.0,1018.12,6.973424657534246,11583.4,10016.6,115.0,100.72521739130434,0.1016432721682007,0.0145758041650859,66.0,380.2,5.760606060606061,0.0379569913942854,0.0065890621568196,59.0,284.2,4.816949152542373,0.0283729009843659,0.0058902222310963,300,18108.32,60.361066666666666,1.807831000539105,0.0299502825309985,,,,,,152.0,1483.64,9.760789473684213,0.1481181239143022,0.0151748098157059,24.0,81.8,3.408333333333333,0.0081664437034522,0.0023960226024798,39.0,185.08,4.745641025641026,0.018477327636124,0.0038935367290298,15.0,126.4,8.426666666666668,0.0126190523730607,0.0014975141265499,173.0,687.84,3.9759537572254335,0.0686700077870734,0.0172713295928758,25.0,63.92,2.5568,0.0063814068646047,0.0024958568775832,0.8,1.0,0.8,26.0,25.0,1.04,7.986742008266279e-05,9.983427510332848e-05,0.0025956911526865,0.0024958568775832,0.0298507462686567,0.9701492537313432,0.0384615384615384,0.9615384615384616,375.9454016425599,9907.0,0.0379474514628605,0.0084929084018013,2.008520460017234,0.0333783516781625,0.9890581634486753,289700.0,244268.66666666663,13562.0,0.8431780002301231,0.0468139454608215,39312.0,7841.0,16735.0,25599.0,3134.0,29.0,3369.0,5741.0,36178.0,7812.0,13366.0,19858.0,0.0797212047212047,0.9202787952787952,0.0036985078433873,0.9963014921566128,0.2013146100985957,0.7986853899014043,0.2242665729130044,0.7757334270869956,baseline,female_P35,female,P35,1111836,ELA,MDMA,ELA_MDMA
2,active,1,green,18,12-18,98.0,553.64,5.64938775510204,13543.96,8056.040000000001,183.0,74.01071038251365,0.0687235912433403,0.0121647856763372,68.0,351.48,5.168823529411765,0.0436293762195818,0.008440871693785,147.0,828.24,5.634285714285714,0.1028098172303017,0.0182471785145058,279,19440.6,69.67956989247311,2.4131707389734904,0.0346324000377356,,,,,,181.0,1601.76,8.849502762430939,0.1988272153564282,0.0224676143613984,22.0,118.24,5.374545454545454,0.0146771863098991,0.0027308702538716,25.0,149.08,5.9632000000000005,0.0185053698839628,0.0031032616521268,23.0,107.96,4.69391304347826,0.0134011251185445,0.0028550007199567,99.0,378.24,3.820606060606061,0.0469511074920184,0.0122889161424223,2.0,4.08,2.04,0.0005064523016271,0.0002482609321701,2.8,3.0,0.9333333333333332,2.8,3.0,0.9333333333333332,0.0003475653050382,0.0003723913982552,0.0003475653050382,0.0003723913982552,0.5,0.5,0.5,0.5,415.20477940145184,7892.0,0.052610843816707,0.01149296435256,2.0096158977877594,0.0517140484557814,0.9796376383434044,338782.0,287703.0,5848.0,0.8492275268461724,0.0172618379961154,43203.0,6474.0,29599.0,13939.0,2680.0,485.0,6596.0,4177.0,40523.0,5989.0,23003.0,9762.0,0.0620327292086197,0.9379672707913802,0.0749150447945628,0.9250849552054372,0.2228453663975134,0.7771546336024866,0.2996628165578592,0.7003371834421408,baseline,female_P35,female,P35,1111866,CTRL,MDMA,CTRL_MDMA
2,active,1,green,24,18-24,109.0,831.8,7.631192660550458,12247.96,9352.04,238.0,51.46201680672269,0.0889431610643239,0.0116552110555557,81.0,377.08,4.655308641975308,0.0403206145397153,0.0086612118853212,167.0,772.92,4.628263473053892,0.0826472085234879,0.017857066479613,343,18710.72,54.55020408163266,2.000710005517513,0.0366764898353728,4.0,11.12,2.78,0.0011890453847502,0.0004277141671763,107.0,812.2,7.590654205607477,0.0868473616451597,0.0114413539719676,38.0,190.72,5.018947368421053,0.0203934114909688,0.0040632845881754,17.0,86.0,5.0588235294117645,0.0091958545942917,0.0018177852104995,29.0,154.64,5.332413793103448,0.016535429703038,0.0031009277120286,117.0,465.16,3.975726495726496,0.0497388805009388,0.0125106393899085,3.0,7.04,2.3466666666666667,0.0007527769342303,0.0003207856253822,22.6,23.0,0.982608695652174,2.6,3.0,0.8666666666666667,0.0024165850445464,0.002459356461264,0.0002780142086646,0.0003207856253822,0.8968253968253967,0.1031746031746031,0.8846153846153846,0.1153846153846153,572.4591933494796,9148.0,0.0625775244151158,0.0155910496204997,2.0131765932769348,0.0582406797388385,0.9781823003323338,306437.0,253675.66666666663,21694.0,0.8278232284830704,0.0707943231398297,25218.0,6062.0,28998.0,20904.0,3827.0,453.0,4601.0,5175.0,21391.0,5609.0,24397.0,15729.0,0.1517566817352684,0.8482433182647315,0.0747278126031012,0.9252721873968988,0.1586661149044761,0.8413338850955239,0.2475602755453501,0.7524397244546498,baseline,female_P35,female,P35,1111866,CTRL,MDMA,CTRL_MDMA
2,active,1,red,18,12-18,40.0,260.88,6.522,16694.36,4905.639999999999,103.0,162.08116504854368,0.0531796055152844,0.0081538800238093,46.0,362.2,7.873913043478261,0.0738333836155934,0.0093769620273807,58.0,332.88,5.739310344827586,0.0678565895581412,0.0118231260345235,126,20501.28,162.70857142857142,4.179124436363043,0.0256847220749993,6.0,9.56,1.5933333333333335,0.0019487773256904,0.0012230820035713,153.0,1556.4,10.172549019607844,0.317267471726421,0.0311885910910706,25.0,112.16,4.4864,0.0228634795867613,0.0050961750148808,11.0,78.56,7.141818181818182,0.0160142203667615,0.0022423170065475,10.0,66.8,6.68,0.0136169796397615,0.0020384700059523,71.0,292.68,4.122253521126761,0.0596619401342128,0.0144731370422615,5.0,14.8,2.96,0.0030169356088094,0.0010192350029761,0.0,0.0,0.0,2.0,2.0,1.0,0.0,0.0,0.0004076940011904,0.0004076940011904,0.0,1.0,0.0,1.0,143.38325307895568,4809.0,0.0298156067953744,0.0075937380859939,1.981415829250776,0.0291071892802245,0.9803002258624768,417462.0,305156.99999999994,41409.0,0.7309815025080125,0.0991922618106558,41892.0,3655.0,17481.0,6562.0,2143.0,311.0,4049.0,1073.0,39749.0,3344.0,13432.0,5489.0,0.0511553518571565,0.9488446481428436,0.0850889192886456,0.9149110807113544,0.2316229048681425,0.7683770951318575,0.1635172203596464,0.8364827796403536,baseline,female_P35,female,P35,1111920,ELA,MDMA,ELA_MDMA
2,active,1,red,24,18-24,62.0,511.84,8.255483870967742,13831.92,7768.08,90.0,153.688,0.0658901556111677,0.0079813802123562,65.0,300.36,4.620923076923077,0.0386659251706985,0.0083675760290831,64.0,274.92,4.295625,0.0353909846448543,0.0082388440901741,176,20044.68,113.89022727272727,2.5803905212098743,0.0226568212479789,9.0,12.52,1.391111111111111,0.0016117238751403,0.0011585874501807,182.0,1868.0,10.263736263736265,0.2404712618819579,0.0234292128814327,40.0,325.28,8.132,0.0418739250883101,0.0051492775563588,9.0,65.56,7.2844444444444445,0.0084396659148721,0.0011585874501807,21.0,139.2,6.628571428571428,0.0179194858961287,0.0027033707170883,116.0,467.72,4.032068965517242,0.0602105024665039,0.0149329049134406,10.0,25.84,2.584,0.0033264333014078,0.0012873193890897,7.2,7.0,1.0285714285714287,0.0,0.0,0.0,0.0009268699601445,0.0009011235723627,0.0,0.0,1.0,0.0,1.0,0.0,239.21603249784323,7673.0,0.0311763368301633,0.007632597927231,2.1273237927291677,0.0298953814621544,0.987760167248535,345888.0,266915.6666666666,28316.0,0.7716823557529219,0.0818646498288463,55054.0,5149.0,14511.0,12858.0,7630.0,60.0,2648.0,3098.0,47424.0,5089.0,11863.0,9760.0,0.1385912013659316,0.8614087986340684,0.0116527481064284,0.9883472518935716,0.182482254841155,0.817517745158845,0.240939492922694,0.759060507077306,baseline,female_P35,female,P35,1111920,ELA,MDMA,ELA_MDMA
2,active,1,yellow,18,12-18,88.0,485.04,5.511818181818182,15322.32,6277.68,165.0,92.86254545454544,0.0772642122567572,0.0140179174472097,60.0,321.56,5.359333333333334,0.0512227447082361,0.0095576709867339,128.0,699.52,5.465,0.1114297001440022,0.0203896981050324,202,20362.16,100.80277227722772,3.2435804309872434,0.0321774923220043,1.0,1.08,1.08,0.0001720380777612,0.0001592945164455,47.0,759.76,16.165106382978724,0.1210256018146831,0.0074868422729415,24.0,88.32,3.68,0.0140688916924723,0.0038230683946935,19.0,120.32,6.332631578947368,0.0191663162187304,0.0030265958124657,15.0,49.0,3.2666666666666666,0.0078054313058327,0.0023894177466834,68.0,326.16,4.7964705882352945,0.0519554994838857,0.0108320271182984,1.0,2.08,2.08,0.0003313325942067,0.0001592945164455,2.8,3.0,0.9333333333333332,3.0,3.0,1.0,0.0004460246460475,0.0004778835493366,0.0004778835493366,0.0004778835493366,0.4827586206896551,0.5172413793103449,0.5,0.5,302.76025678892637,6116.0,0.0495029850864824,0.0137437535046974,2.054375483233507,0.0460628439263351,0.9742452625810808,383223.0,304687.6666666666,11961.0,0.7950662321068063,0.0312115922061045,21273.0,4267.0,25715.0,12214.0,1554.0,97.0,6346.0,2982.0,19719.0,4170.0,19369.0,9232.0,0.0730503455083909,0.926949654491609,0.0227325990157018,0.977267400984298,0.2467820338323935,0.7532179661676065,0.2441460618961847,0.7558539381038153,baseline,female_P35,female,P35,1111970,CTRL,MDMA,CTRL_MDMA
2,active,1,yellow,24,18-24,92.0,355.04,3.859130434782609,12800.4,8799.6,186.0,68.81935483870967,0.0403472885131142,0.0104550206827583,84.0,515.84,6.140952380952381,0.0586208464021091,0.0095458884494749,142.0,653.4,4.601408450704225,0.074253375153416,0.0161370971407791,213,20335.92,95.4738028169014,2.311005045683894,0.0242056457111686,6.0,9.56,1.5933333333333335,0.0010864130187735,0.0006818491749624,109.0,1145.4,10.508256880733946,0.1301650075003409,0.0123869266784853,33.0,184.92,5.6036363636363635,0.0210145915723441,0.0037501704622937,15.0,125.92,8.394666666666668,0.0143097413518796,0.0017046229374062,20.0,185.88,9.294,0.0211236874403381,0.0022728305832083,110.0,410.64,3.733090909090909,0.0466657575344333,0.0125005682076458,1.0,2.04,2.04,0.0002318287194872,0.0001136415291604,1.4,1.0,1.4,3.4,4.0,0.85,0.0001590981408245,0.0001136415291604,0.0003863811991454,0.0004545661166416,0.2916666666666667,0.7083333333333334,0.2,0.8,398.8380630236153,8612.0,0.0463118977036246,0.0125871686409093,2.083183816244039,0.0426788364645553,0.9786808491295058,320196.0,260700.66666666663,18293.0,0.8141908914123431,0.0571306324876013,33400.0,7830.0,29457.0,8968.0,4815.0,432.0,5487.0,3077.0,28585.0,7398.0,23970.0,5891.0,0.1441616766467066,0.8558383233532935,0.0551724137931034,0.9448275862068966,0.1862715144108361,0.8137284855891639,0.3431088314005352,0.6568911685994647,baseline,female_P35,female,P35,1111970,CTRL,MDMA,CTRL_MDMA
2,active,2,blue,18,12-18,183.0,1576.84,8.616612021857923,10286.08,11313.92,64.0,160.72,0.1393716766602556,0.0161747652449372,143.0,1056.84,7.39048951048951,0.0934105950899422,0.0126392974318361,76.0,415.0,5.4605263157894735,0.0366804785609231,0.0067173888448919,358,17704.16,49.45296089385475,1.564812195949768,0.0316424369272542,70.0,155.0,2.2142857142857144,0.0136999377757664,0.0061870686729268,114.0,2524.64,22.1459649122807,0.2231445864916845,0.0100760832673379,71.0,539.24,7.5949295774647885,0.0476616415884149,0.0062754553682543,28.0,227.52,8.125714285714286,0.0201097409209186,0.0024748274691707,43.0,176.88,4.113488372093023,0.0156338386695327,0.0038006278990836,184.0,796.12,4.326739130434783,0.0703664158841498,0.0162631519402647,9.0,19.84,2.2044444444444444,0.0017535920352981,0.0007954802579477,4.4,5.0,0.8800000000000001,10.6,12.0,0.8833333333333333,0.0003889014594411,0.0004419334766376,0.0009368989704717,0.0010606403439303,0.2933333333333333,0.7066666666666667,0.2941176470588235,0.7058823529411765,417.9020406636044,11208.0,0.0372860493097434,0.0100261443976014,2.030452243408637,0.0336885650846808,0.9906380812309084,257216.0,167292.66666666666,33761.0,0.6503975906112631,0.1312554428962428,76782.0,10181.0,37015.0,39604.0,16833.0,622.0,8324.0,7424.0,59949.0,9559.0,28691.0,32180.0,0.2192310697819801,0.7807689302180199,0.0610941950692466,0.9389058049307534,0.2248818046737809,0.7751181953262191,0.1874558125441874,0.8125441874558126,baseline,female_P35,female,P35,1111837,ELA,MDMA,ELA_MDMA
2,active,2,blue,24,18-24,179.0,1295.2,7.235754189944134,9946.6,11653.4,117.0,85.01367521367521,0.11114352892718,0.0153603240256062,100.0,512.16,5.1216,0.0439494053237681,0.0085811866064839,83.0,333.04,4.012530120481928,0.0285787838742341,0.0071223848833816,355,18049.24,50.842929577464794,1.5488389654521428,0.030463212453018,43.0,114.12,2.653953488372093,0.0097928501553194,0.003689910240788,77.0,1338.88,17.38805194805195,0.1148917912368922,0.0066075136869926,120.0,1193.72,9.947666666666668,0.1024353407589201,0.0102974239277807,25.0,155.12,6.2048000000000005,0.0133111366639778,0.0021452966516209,31.0,255.04,8.227096774193548,0.0218854583211766,0.00266016784801,189.0,936.4,4.954497354497354,0.0803542313831156,0.0162184426862546,12.0,27.44,2.286666666666666,0.0023546776048191,0.001029742392778,0.0,0.0,0.0,19.6,19.0,1.0315789473684212,0.0,0.0,0.0016819125748708,0.0016304254552319,0.0,1.0,0.0,1.0,433.572143803638,11540.0,0.0375712429639201,0.0086037388492965,1.9977229385805273,0.0345557710761668,0.9902689343882471,248782.0,207203.3333333333,16612.0,0.8328710812411401,0.0667733196131552,63512.0,10310.0,21313.0,32559.0,21911.0,1161.0,2614.0,4372.0,41601.0,9149.0,18699.0,28187.0,0.3449899231641264,0.6550100768358735,0.1126091173617846,0.8873908826382153,0.1226481490170318,0.8773518509829682,0.1342793083325655,0.8657206916674345,baseline,female_P35,female,P35,1111837,ELA,MDMA,ELA_MDMA
2,active,2,green,18,12-18,215.0,1371.6,6.37953488372093,7345.76,14254.24,181.0,40.5843093922652,0.0962240007183827,0.0150832313753662,161.0,848.36,5.269316770186336,0.0595163263702589,0.0112948848903905,79.0,293.32,3.712911392405063,0.0205777368698717,0.0055422105983903,384,17781.28,46.305416666666666,1.2474379553031238,0.0269393527820494,37.0,84.6,2.2864864864864862,0.0059350761597952,0.0025957188878537,156.0,1569.44,10.06051282051282,0.1101033797663011,0.0109441120677075,230.0,1746.48,7.593391304347827,0.1225235438718584,0.016135549843415,40.0,404.08,10.102,0.028348056437944,0.0028061825814634,73.0,457.76,6.27068493150685,0.032113953462268,0.0051212832111708,200.0,867.76,4.3388,0.0608773249222687,0.0140309129073174,14.0,33.4,2.3857142857142857,0.002343162455522,0.0009821639035122,4.6,5.0,0.92,6.0,6.0,1.0,0.0003227109968683,0.0003507728226829,0.0004209273872195,0.0004209273872195,0.4339622641509433,0.5660377358490566,0.4545454545454545,0.5454545454545454,657.9855242529446,14056.0,0.0468117191415014,0.0099343476232731,2.0366142682862627,0.0439384732480907,0.986092559126267,183825.0,137478.66666666666,10124.0,0.7478779636429574,0.0550741194070447,83284.0,21659.0,28782.0,34505.0,21770.0,1526.0,6684.0,7613.0,61514.0,20133.0,22098.0,26892.0,0.2613947456894481,0.7386052543105518,0.0704556997091278,0.9295443002908722,0.2322284761309151,0.7677715238690849,0.2206346906245471,0.7793653093754528,baseline,female_P35,female,P35,1111921,ELA,MDMA,ELA_MDMA
2,active,2,green,24,18-24,141.0,647.72,4.593758865248227,12033.6,9566.4,194.0,62.02886597938144,0.0677078106706807,0.0147390868038133,120.0,500.08,4.167333333333334,0.0522746278641913,0.0125439036628198,49.0,157.36,3.2114285714285717,0.0164492390031777,0.0051220939956514,287,19355.76,67.44167247386758,2.0233065730055193,0.0300008362602441,19.0,33.4,1.7578947368421052,0.0034913865194848,0.0019861180799464,79.0,1053.32,13.333164556962023,0.1101062050510118,0.0082580699113564,120.0,889.72,7.414333333333333,0.0930046830573674,0.0125439036628198,35.0,289.76,8.278857142857143,0.030289346044489,0.0036586385683224,29.0,123.56,4.260689655172414,0.0129160394714835,0.0030314433851814,138.0,596.12,4.319710144927536,0.0623139320956681,0.0144254892122428,15.0,33.72,2.248,0.0035248369292523,0.0015679879578524,17.0,18.0,0.9444444444444444,7.2,7.0,1.0285714285714287,0.0017770530188994,0.0018815855494229,0.0007526342197691,0.0007317277136644,0.7024793388429752,0.2975206611570248,0.72,0.28,453.7198727139991,9399.0,0.0482732070128736,0.0111101902775249,2.0678226840290552,0.0436334543602118,0.9825012543903664,301034.0,227134.0,30000.0,0.7545127792873895,0.0996565172040367,48775.0,10397.0,16605.0,16334.0,19197.0,1227.0,3596.0,4318.0,29578.0,9170.0,13009.0,12016.0,0.393582778062532,0.6064172219374679,0.1180148119649899,0.8819851880350101,0.2165612767238783,0.7834387232761216,0.2643565568752296,0.7356434431247704,baseline,female_P35,female,P35,1111921,ELA,MDMA,ELA_MDMA
2,active,2,red,18,12-18,183.0,1506.6,8.2327868852459,11728.56,9871.44,58.0,202.21655172413793,0.1526221098441564,0.0185383287544674,134.0,608.36,4.54,0.0616282933391683,0.0135745139513586,115.0,578.28,5.028521739130435,0.058581118864117,0.0116497694358675,325,17838.32,54.88713846153846,1.8070636097671664,0.0329232614491908,40.0,75.12,1.878,0.0076098320001945,0.0040520937168234,120.0,947.04,7.892,0.0959373708395127,0.0121562811504704,157.0,1196.6,7.621656050955414,0.1212183835387744,0.0159044678385321,22.0,100.56,4.570909090909091,0.0101869636040942,0.0022286515442529,30.0,192.2,6.406666666666666,0.0194703103093368,0.0030390702876176,135.0,560.08,4.148740740740741,0.0567374162229624,0.0136758162942792,12.0,31.16,2.5966666666666667,0.0031565810054054,0.001215628115047,10.2,11.0,0.9272727272727272,2.6,3.0,0.8666666666666667,0.0010332838977899,0.0011143257721264,0.0002633860915935,0.0003039070287617,0.796875,0.203125,0.7857142857142857,0.2142857142857142,437.21186358147816,9770.0,0.0447504466306528,0.0131901549902668,1.994062028880885,0.041079235317241,0.9897238903341355,293272.0,194488.66666666663,22480.0,0.6631682078980149,0.0766523909544723,53868.0,7371.0,29915.0,37848.0,18915.0,890.0,6810.0,8440.0,34953.0,6481.0,23105.0,29408.0,0.3511361104923145,0.6488638895076855,0.1207434540767874,0.8792565459232126,0.2276449941500919,0.7723550058499081,0.222997252166561,0.777002747833439,baseline,female_P35,female,P35,1111971,CTRL,MDMA,CTRL_MDMA
2,active,2,red,24,18-24,172.0,975.76,5.673023255813954,10088.6,11511.4,84.0,120.10238095238095,0.0847646680681759,0.014941709957086,108.0,419.16,3.881111111111111,0.0364125996837917,0.0093820039265423,90.0,334.0,3.7111111111111112,0.0290147158468995,0.0078183366054519,358,17788.76,49.68927374301675,1.5453168163733342,0.0310996056083534,24.0,54.88,2.286666666666666,0.0047674479211911,0.0020848897614538,125.0,1132.96,9.06368,0.0984206960056987,0.0108588008409055,128.0,1191.88,9.3115625,0.1035391003700679,0.0111194120610872,26.0,157.88,6.072307692307692,0.0137150998140973,0.0022586305749083,25.0,177.28,7.0912,0.0154003857046058,0.0021717601681811,182.0,934.48,5.134505494505494,0.0811786576784752,0.0158104140243584,9.0,22.4,2.488888888888889,0.0019458971106902,0.0007818336605451,17.6,17.0,1.035294117647059,10.4,11.0,0.9454545454545454,0.0015289191583994,0.0014767969143631,0.0009034522299633,0.0009555744739996,0.6285714285714287,0.3714285714285714,0.6071428571428571,0.3928571428571428,456.2577407027034,11421.0,0.0399490185362668,0.010022934471671,2.0061918546373625,0.0361737248454528,0.9921469152318572,252299.0,218895.0,5762.0,0.8676015362724386,0.0228379819182795,58374.0,8430.0,19027.0,24566.0,22772.0,929.0,2817.0,4837.0,35602.0,7501.0,16210.0,19729.0,0.390105183814712,0.609894816185288,0.1102016607354685,0.8897983392645314,0.1480527671204078,0.8519472328795922,0.196898151917284,0.8031018480827159,baseline,female_P35,female,P35,1111971,CTRL,MDMA,CTRL_MDMA
2,active,2,yellow,18,12-18,112.0,754.64,6.737857142857143,10939.04,10660.96,143.0,76.49678321678323,0.0707853701730425,0.0105056205069712,56.0,337.96,6.034999999999999,0.0317007098797856,0.0052528102534856,45.0,247.92,5.509333333333333,0.0232549413936456,0.004221008239408,211,20167.28,95.57952606635072,1.8916945565877743,0.019791838633669,32.0,83.44,2.6075,0.0078266872776935,0.0030016058591346,156.0,2109.76,13.524102564102565,0.1978958742927466,0.0146328285632813,117.0,734.44,6.277264957264958,0.0688906064744638,0.010974621422461,27.0,180.16,6.672592592592593,0.016899040986928,0.0025326049436448,43.0,246.72,5.7376744186046515,0.023142381173928,0.0040334078732121,110.0,381.8,3.470909090909091,0.0358129099068001,0.0103180201407753,3.0,6.48,2.16,0.0006078251864747,0.0002814005492938,1.6,2.0,0.8,1.6,2.0,0.8,0.0001500802929567,0.0001876003661959,0.0001500802929567,0.0001876003661959,0.5,0.5,0.5,0.5,380.05009149791056,10467.0,0.0363093619468721,0.0068798239831783,2.113509778887344,0.0338657067776939,0.9818065164863202,273619.0,179080.66666666663,40388.0,0.6544891497544638,0.1476067085984526,71378.0,10742.0,14748.0,18978.0,19768.0,1158.0,4423.0,5741.0,51610.0,9584.0,10325.0,13237.0,0.276948079240102,0.723051920759898,0.1078011543474213,0.8921988456525787,0.2999050718741524,0.7000949281258476,0.3025081673516703,0.6974918326483296,baseline,female_P35,female,P35,1111867,CTRL,MDMA,CTRL_MDMA
2,active,2,yellow,24,18-24,79.0,592.4,7.49873417721519,13569.8,8030.200000000001,135.0,100.51703703703704,0.0737715125401608,0.0098378620706831,46.0,220.32,4.789565217391305,0.0274364274862394,0.0057283753829294,43.0,223.48,5.197209302325581,0.0278299419690667,0.0053547856840427,166,20322.36,122.42385542168677,2.5307414510223905,0.0206719633383975,14.0,40.2,2.871428571428571,0.0050061019650818,0.0017434185948046,58.0,1039.12,17.915862068965517,0.1294015093023834,0.0072227341784762,80.0,574.08,7.176,0.0714901247789594,0.009962391970312,12.0,112.36,9.363333333333332,0.0139921795223033,0.0014943587955468,24.0,190.4,7.933333333333334,0.0237104928893427,0.0029887175910936,113.0,450.44,3.986194690265487,0.0560932479888421,0.0140718786580658,4.0,11.16,2.79,0.0013897536798585,0.0004981195985156,4.4,4.0,1.1,1.8,2.0,0.9,0.0005479315583671,0.0004981195985156,0.000224153819332,0.0002490597992578,0.7096774193548387,0.2903225806451613,0.6666666666666666,0.3333333333333333,291.7207541317645,7893.0,0.0369594265972082,0.0067122802521028,2.1231483244607627,0.034432486084109,0.9829144977709148,339380.0,236741.0,50568.0,0.6975690965878956,0.1490011196888443,40468.0,7605.0,11184.0,14889.0,20440.0,921.0,2628.0,3463.0,20028.0,6684.0,8556.0,11426.0,0.5050904418305822,0.4949095581694178,0.1211045364891518,0.8788954635108481,0.2349785407725322,0.7650214592274678,0.232587816508832,0.767412183491168,baseline,female_P35,female,P35,1111867,CTRL,MDMA,CTRL_MDMA
2,active,3,blue,18,12-18,85.0,438.08,5.153882352941176,10704.32,10895.68,73.0,146.6345205479452,0.040206760844665,0.0078012570119533,74.0,479.44,6.478918918918919,0.0440027607271872,0.0067916825751123,76.0,495.08,6.5142105263157895,0.0454381920173867,0.0069752415636288,249,18228.32,73.20610441767069,1.6729859907779965,0.0228530940703104,20.0,45.48,2.274,0.0041741313988663,0.0018355898851654,203.0,1433.32,7.060689655172413,0.1315493847102704,0.0186312373344297,79.0,1721.44,21.790379746835445,0.1579928925959646,0.0072505800464037,26.0,198.88,7.649230769230769,0.0182531058180857,0.0023862668507151,13.0,62.8,4.8307692307692305,0.0057637522394196,0.0011931334253575,135.0,587.44,4.351407407407407,0.0539149461070809,0.0123902317248671,12.0,29.76,2.48,0.0027313577491262,0.0011013539310992,11.6,13.0,0.8923076923076922,0.0,0.0,0.0,0.0010646421333959,0.0011931334253575,0.0,0.0,1.0,0.0,1.0,0.0,281.25128794667154,9445.0,0.0297777965004416,0.0065076712074805,2.1135940247414107,0.026978193935882,0.8668573232694058,267681.0,195239.66666666663,16254.0,0.7293743921558372,0.0607215304784426,79151.0,6581.0,24513.0,11037.0,23230.0,270.0,6267.0,2222.0,55921.0,6311.0,18246.0,8815.0,0.2934896590062033,0.7065103409937966,0.0410271995137517,0.9589728004862484,0.255660261901848,0.744339738098152,0.2013228232309504,0.7986771767690496,baseline,female_P35,female,P35,1111922,ELA,saline,ELA_saline
2,active,3,blue,24,18-24,63.0,369.32,5.862222222222222,15372.24,6227.76,77.0,199.63948051948051,0.0593022210232892,0.010115996762881,53.0,282.28,5.326037735849056,0.0453260883527945,0.0085102829909951,40.0,188.44,4.711,0.0302580703174174,0.0064228550875435,159,20184.72,126.9479245283019,3.2410882885660333,0.0255308489729854,28.0,126.16,4.505714285714285,0.0202576849461122,0.0044959985612804,74.0,356.84,4.8221621621621615,0.0572982902359756,0.0118822819119555,43.0,1264.08,29.397209302325574,0.2029750664765501,0.0069045692191092,15.0,124.0,8.266666666666667,0.0199108507713848,0.0024085706578288,10.0,53.2,5.32,0.0085423972664328,0.0016057137718858,75.0,350.32,4.670933333333333,0.0562513648567061,0.012042853289144,5.0,11.24,2.248,0.0018048222795997,0.0008028568859429,4.8,5.0,0.96,16.0,16.0,1.0,0.0007707426105052,0.0008028568859429,0.0025691420350174,0.0025691420350174,0.2307692307692307,0.7692307692307692,0.238095238095238,0.7619047619047619,208.7517761941149,6109.0,0.0341711861506162,0.0078035125836861,2.1126457236018874,0.0306152821511664,0.9809305432450832,384383.0,335415.0,8468.0,0.8726062286833705,0.0220301105928201,40640.0,4455.0,11861.0,9296.0,10863.0,303.0,1544.0,2223.0,29777.0,4152.0,10317.0,7073.0,0.2672982283464566,0.7327017716535433,0.068013468013468,0.931986531986532,0.1301745215411854,0.8698254784588146,0.2391351118760757,0.7608648881239243,baseline,female_P35,female,P35,1111922,ELA,saline,ELA_saline
2,active,3,green,18,12-18,83.0,460.32,5.546024096385542,10525.64,11074.36,359.0,29.31933147632312,0.0415662846430854,0.0074947897666321,78.0,471.4,6.043589743589743,0.0425667939275949,0.0070432964071964,74.0,410.08,5.541621621621621,0.0370296793674758,0.0066821017196479,235,18115.68,77.08800000000001,1.6358218443323136,0.0212201878934764,17.0,32.08,1.8870588235294117,0.0028967813941392,0.0015350774220812,182.0,913.4,5.018681318681319,0.082478806901708,0.0164343582834583,60.0,525.28,8.754666666666667,0.0474320863688736,0.005417920313228,24.0,180.12,7.505,0.0162645967803105,0.0021671681252912,20.0,101.36,5.068,0.0091526733824798,0.0018059734377426,109.0,471.36,4.324403669724771,0.0425631819807194,0.0098425552356975,6.0,17.4,2.9,0.0015711968908361,0.0005417920313228,15.8,17.0,0.9294117647058824,9.0,10.0,0.9,0.0014267190158167,0.0015350774220812,0.0008126880469842,0.0009029867188713,0.6370967741935484,0.3629032258064516,0.6296296296296297,0.3703703703703703,468.4492749514643,9413.0,0.0497662036493641,0.0111715989684449,2.0774687305236235,0.0456405637255925,0.8499813984735912,263500.0,193812.6666666667,23377.0,0.7355319418089817,0.0887172675521821,36209.0,7081.0,22189.0,11591.0,14176.0,832.0,5086.0,3654.0,22033.0,6249.0,17103.0,7937.0,0.3915048744787207,0.6084951255212793,0.1174975285976556,0.8825024714023443,0.2292126729460543,0.7707873270539457,0.31524458631697,0.68475541368303,baseline,female_P35,female,P35,1111972,CTRL,saline,CTRL_saline
2,active,3,green,24,18-24,68.0,392.36,5.7700000000000005,15563.4,6036.6,262.0,59.40229007633587,0.0649968525328827,0.0112646191564788,48.0,249.4,5.195833333333334,0.0413146473180267,0.0079514958751615,43.0,166.56,3.873488372093023,0.0275916906868104,0.0071232150548321,153,20166.28,131.80575163398692,3.3406685882781693,0.0253453931020773,15.0,26.96,1.7973333333333334,0.0044660901832157,0.0024848424609879,80.0,649.0,8.1125,0.1075108504787463,0.0132524931252691,27.0,371.88,13.773333333333332,0.0616042142928138,0.0044727164297783,22.0,125.8,5.718181818181818,0.0208395454394858,0.003644435609449,7.0,25.32,3.617142857142857,0.0041944140741476,0.001159593148461,96.0,423.76,4.414166666666667,0.0701984560845509,0.015902991750323,1.0,2.76,2.76,0.0004572110128217,0.0001656561640658,11.8,12.0,0.9833333333333334,5.2,6.0,0.8666666666666667,0.0019547427359772,0.0019878739687903,0.0008614120531424,0.0009939369843951,0.6941176470588236,0.3058823529411765,0.6666666666666666,0.3333333333333333,258.6889863335863,5785.0,0.0447171972918904,0.0096287514364282,2.010564218545132,0.0398580145148749,0.9583209091210284,389347.0,338376.3333333333,4963.0,0.8690867871932577,0.0127469840527858,25629.0,3807.0,10490.0,9877.0,7067.0,259.0,1631.0,3018.0,18562.0,3548.0,8859.0,6859.0,0.2757423231495571,0.7242576768504428,0.0680325715786708,0.9319674284213292,0.1554814108674928,0.8445185891325071,0.3055583679254834,0.6944416320745166,baseline,female_P35,female,P35,1111972,CTRL,saline,CTRL_saline
2,active,3,red,18,12-18,76.0,884.96,11.64421052631579,11610.0,9990.0,95.0,122.21052631578948,0.0885845845845845,0.0076076076076076,68.0,434.08,6.383529411764705,0.0434514514514514,0.0068068068068068,53.0,254.8,4.807547169811321,0.0255055055055055,0.0053053053053053,186,17702.64,95.17548387096774,1.772036036036036,0.0186186186186186,3.0,5.2,1.7333333333333334,0.0005205205205205,0.0003003003003003,172.0,912.8,5.306976744186046,0.0913713713713713,0.0172172172172172,48.0,779.96,16.249166666666667,0.078074074074074,0.0048048048048048,22.0,157.24,7.147272727272727,0.0157397397397397,0.0022022022022022,19.0,138.08,7.267368421052632,0.0138218218218218,0.0019019019019019,122.0,539.4,4.421311475409836,0.0539939939939939,0.0122122122122122,13.0,31.2,2.4,0.0031231231231231,0.0013013013013013,1.0,1.0,1.0,8.8,9.0,0.977777777777778,0.0001001001001001,0.0001001001001001,0.0008808808808808,0.0009009009009009,0.1020408163265306,0.8979591836734694,0.1,0.9,239.02270766606233,8524.0,0.0280411435553803,0.0073512845826977,2.09232247805944,0.0264617429340587,0.8532532532532533,290345.0,205075.0,26015.0,0.7063149012381822,0.089600303087706,42539.0,7424.0,17343.0,22200.0,17241.0,1259.0,3452.0,3721.0,25298.0,6165.0,13891.0,18479.0,0.4052986671054797,0.5947013328945203,0.1695851293103448,0.8304148706896551,0.1990428414922447,0.8009571585077553,0.1676126126126126,0.8323873873873874,baseline,female_P35,female,P35,1111868,CTRL,saline,CTRL_saline
2,active,3,red,24,18-24,49.0,410.64,8.380408163265306,16815.04,4784.959999999999,75.0,224.20053333333337,0.0858188992175483,0.0102404199826121,33.0,285.96,8.665454545454544,0.059762255065873,0.0068966093760449,22.0,109.44,4.974545454545455,0.0228716645489199,0.0045977395840299,140,20400.52,145.718,4.263467197217951,0.0292583428074633,1.0,3.72,3.72,0.0007774359660268,0.0002089881629104,78.0,557.92,7.1528205128205125,0.1165986758509998,0.0163010767070153,40.0,919.68,22.991999999999997,0.1922022336654852,0.0083595265164181,14.0,89.16,6.368571428571428,0.0186333846050959,0.0029258342807463,6.0,49.4,8.233333333333333,0.0103240152477763,0.0012539289774627,83.0,278.2,3.3518072289156624,0.0581405069216879,0.0173460175215675,5.0,16.64,3.3280000000000003,0.0034775630308299,0.0010449408145522,17.4,18.0,0.9666666666666666,0.8,1.0,0.8,0.0036363940346418,0.0037617869323881,0.0001671905303283,0.0002089881629104,0.956043956043956,0.0439560439560439,0.9473684210526316,0.0526315789473684,139.81998778478027,4669.0,0.0299464527275177,0.0063261268388631,2.060205630369726,0.0268561111795546,0.975765732628904,420451.0,343051.6666666666,19976.0,0.8159135468025207,0.0475108871188319,37058.0,3484.0,9940.0,10315.0,4926.0,310.0,795.0,2394.0,32132.0,3174.0,9145.0,7921.0,0.1329267634518862,0.8670732365481137,0.0889781859931113,0.9110218140068886,0.0799798792756539,0.920020120724346,0.2320891904992729,0.7679108095007271,baseline,female_P35,female,P35,1111868,CTRL,saline,CTRL_saline
2,active,3,yellow,18,12-18,66.0,230.4,3.490909090909091,10535.52,11064.48,196.0,53.75265306122449,0.0208233916099084,0.0059650340549216,78.0,421.68,5.406153846153846,0.0381111448527178,0.007049585701271,118.0,456.0,3.864406779661017,0.0412129625612771,0.010664757855769,200,19057.84,95.2892,1.7224343123219528,0.0180758607724899,13.0,27.16,2.0892307692307694,0.0024547018929041,0.0011749309502118,106.0,670.08,6.321509433962264,0.0605613639321504,0.0095802062094196,95.0,957.52,10.07915789473684,0.086539991034373,0.0085860338669327,47.0,450.52,9.585531914893616,0.0407176839761109,0.0042478272815351,11.0,40.8,3.709090909090909,0.0036874755975879,0.0009941723424869,104.0,474.64,4.563846153846153,0.0428976327852732,0.0093994476016947,2.0,4.32,2.16,0.0003904385926857,0.0001807586077248,2.2,2.0,1.1,12.8,14.0,0.9142857142857144,0.0001988344684973,0.0001807586077248,0.0011568550894393,0.0012653102540742,0.1466666666666666,0.8533333333333334,0.125,0.875,414.1737679200243,9494.0,0.0436247912281466,0.0101930502494111,2.097641266415246,0.0405342367638943,0.8580611108700996,263584.0,197128.66666666663,13938.0,0.7478779693254016,0.0528787786815588,40891.0,12341.0,22138.0,5826.0,8478.0,1291.0,6239.0,1115.0,32413.0,11050.0,15899.0,4711.0,0.2073316866792203,0.7926683133207796,0.104610647435378,0.895389352564622,0.2818231095853284,0.7181768904146716,0.1913834534843803,0.8086165465156196,baseline,female_P35,female,P35,1111838,ELA,saline,ELA_saline
2,active,3,yellow,24,18-24,38.0,158.92,4.1821052631578945,16267.36,5332.639999999999,123.0,132.2549593495935,0.0298013741786432,0.0071259263704281,35.0,157.84,4.509714285714286,0.0295988478502205,0.0065633532359206,37.0,114.04,3.082162162162162,0.0213852800864112,0.0069384019922589,122,20817.2,170.6327868852459,3.90373248522308,0.0228779741366377,9.0,22.16,2.462222222222222,0.0041555402202286,0.0016877194035224,109.0,903.84,8.292110091743119,0.1694920339644154,0.0204401572204386,40.0,406.12,10.153,0.07615740046206,0.0075009751267664,18.0,142.48,7.915555555555555,0.0267184734015422,0.0033754388070449,12.0,54.16,4.513333333333333,0.0101563203216418,0.0022502925380299,56.0,248.96,4.445714285714286,0.0466860691889945,0.010501365177473,2.0,5.0,2.5,0.0009376218908458,0.0003750487563383,0.8,1.0,0.8,12.8,13.0,0.9846153846153848,0.0001500195025353,0.0001875243781691,0.0024003120405652,0.0024378169161991,0.0588235294117647,0.9411764705882352,0.0714285714285714,0.9285714285714286,229.46457988594432,5161.0,0.0444612632989622,0.0092008490491089,2.0795835903542104,0.0393485559272434,0.9678133157310452,406807.0,345346.3333333334,13064.0,0.8489193483232427,0.0321135083712915,32898.0,4946.0,6869.0,4011.0,7122.0,662.0,724.0,641.0,25776.0,4284.0,6145.0,3370.0,0.2164873244574138,0.7835126755425862,0.1338455317428225,0.8661544682571776,0.1054010773038287,0.8945989226961713,0.1598105210670655,0.8401894789329344,baseline,female_P35,female,P35,1111838,ELA,saline,ELA_saline
2,active,4,blue,18,12-18,60.0,629.84,10.497333333333334,10175.68,11424.32,101.0,100.74930693069308,0.0551315089213187,0.0052519537267863,61.0,453.52,7.434754098360656,0.0396977675695358,0.0053394862888994,55.0,383.28,6.968727272727272,0.0335494804067112,0.0048142909162208,198,19210.48,97.02262626262626,1.681542533822582,0.017331447298395,24.0,65.28,2.72,0.0057141256547435,0.0021007814907145,248.0,2898.76,11.688548387096777,0.2537358897509874,0.0217080754040503,67.0,825.68,12.323582089552238,0.0722738858855494,0.0058646816615781,22.0,245.0,11.136363636363637,0.0214454777177109,0.0019257163664883,42.0,266.48,6.3447619047619055,0.0233256771519005,0.0036763676087504,162.0,769.32,4.74888888888889,0.0673405506848547,0.0141802750623231,14.0,32.08,2.2914285714285714,0.0028080445925884,0.0012254558695834,4.6,5.0,0.92,9.0,7.0,1.2857142857142858,0.0004026497857202,0.0004376628105655,0.0007877930590179,0.0006127279347917,0.338235294117647,0.6617647058823529,0.4166666666666667,0.5833333333333334,276.5763643896676,11324.0,0.0244239106666961,0.0051083022857468,2.144080499680884,0.0234515190285734,0.9912187333688132,254493.0,199378.66666666663,12997.0,0.7834347768569928,0.0510701669594055,93426.0,12851.0,21036.0,15806.0,16546.0,976.0,5119.0,4667.0,76880.0,11875.0,15917.0,11139.0,0.1771027337143835,0.8228972662856164,0.0759473970897206,0.9240526029102794,0.2433447423464537,0.7566552576535464,0.2952676198911805,0.7047323801088194,baseline,female_P35,female,P35,1111923,ELA,saline,ELA_saline
2,active,4,blue,24,18-24,73.0,659.64,9.036164383561644,10391.24,11208.76,130.0,79.93261538461539,0.0588503991520917,0.0065127632316152,53.0,340.72,6.4286792452830195,0.0303976532640541,0.004728444538022,39.0,166.72,4.274871794871795,0.0148740806297931,0.0034794214525067,214,19265.24,90.02448598130842,1.7187663934279975,0.0190922100214475,16.0,40.36,2.5225,0.0036007551236711,0.0014274549548745,197.0,2195.68,11.145583756345175,0.1958896434574386,0.0175755391318932,124.0,1350.76,10.893225806451612,0.1205093159278992,0.0110627759002779,23.0,215.24,9.358260869565218,0.0192028377804502,0.0020519664976322,26.0,167.72,6.450769230769231,0.0149632965644727,0.0023196143016711,146.0,793.44,5.434520547945206,0.0707874912122304,0.0130255264632305,21.0,53.08,2.527619047619047,0.0047355818127964,0.0018735346282728,7.0,7.0,1.0,20.4,20.0,1.02,0.0006245115427576,0.0006245115427576,0.001820005067465,0.0017843186935932,0.2554744525547445,0.7445255474452555,0.2592592592592592,0.7407407407407407,277.7767222716792,11078.0,0.0250746273940855,0.005762953147344,2.118073087360063,0.0228871840173113,0.9883341243812874,259911.0,179864.3333333333,26603.0,0.692022782157482,0.1023542674223099,88982.0,9623.0,12778.0,16564.0,21828.0,776.0,3561.0,5767.0,67154.0,8847.0,9217.0,10797.0,0.2453080398282798,0.7546919601717201,0.0806401330146524,0.9193598669853476,0.27868210987635,0.72131789012365,0.3481646945182323,0.6518353054817677,baseline,female_P35,female,P35,1111923,ELA,saline,ELA_saline
2,active,4,green,18,12-18,167.0,1167.76,6.992574850299401,11395.28,10204.72,206.0,55.316893203883495,0.114433321051435,0.0163649762070884,118.0,658.2,5.577966101694916,0.0644995649072194,0.0115632766014158,93.0,464.72,4.996989247311828,0.0455397110356776,0.0091134298638277,326,18607.32,57.07766871165644,1.8234032878903097,0.0319460014581487,48.0,95.28,1.985,0.0093368558862957,0.0047037057361691,166.0,1130.24,6.808674698795181,0.1107565910676628,0.0162669823375849,56.0,310.6,5.546428571428572,0.0304368958677945,0.0054876566921973,17.0,128.6,7.564705882352941,0.0126020116181531,0.0016658957815599,48.0,281.24,5.859166666666667,0.027559795859171,0.0047037057361691,133.0,651.52,4.898646616541353,0.0638449658589358,0.0130331846439686,4.0,9.04,2.26,0.0008858645803118,0.000391975478014,4.6,4.0,1.15,3.8,4.0,0.95,0.0004507717997162,0.000391975478014,0.0003723767041133,0.000391975478014,0.5476190476190477,0.4523809523809524,0.5,0.5,470.2316944361492,10033.0,0.0468685033824528,0.0124310844746083,2.0458835939678455,0.0429533703292698,0.983172492728855,285088.0,208162.33333333337,21260.0,0.7301686964492835,0.0745734650353575,36243.0,10311.0,28284.0,29361.0,7381.0,1208.0,6697.0,6155.0,28862.0,9103.0,21587.0,23206.0,0.2036531192230223,0.7963468807769776,0.1171564348753758,0.8828435651246241,0.236776976382407,0.763223023617593,0.2096318245291372,0.7903681754708627,baseline,female_P35,female,P35,1111973,CTRL,saline,CTRL_saline
2,active,4,green,24,18-24,187.0,1435.2,7.674866310160428,9935.08,11664.92,317.0,31.34094637223975,0.1230355630385806,0.0160309714940179,108.0,527.2,4.881481481481482,0.0451953378162902,0.0092585289911975,66.0,250.12,3.7896969696969696,0.0214420673266511,0.0056579899390651,308,18299.2,59.41298701298702,1.5687377195900187,0.0264039530489707,41.0,97.0,2.3658536585365852,0.00831553066802,0.0035148119318435,117.0,1092.4,9.336752136752136,0.0936483062035573,0.0100300730737973,76.0,542.48,7.137894736842106,0.046505248214304,0.0065152611419538,17.0,101.4,5.964705882352941,0.008692729997291,0.0014573610449107,43.0,368.36,8.566511627906976,0.0315784420296067,0.0036862661724212,163.0,785.92,4.821595092024539,0.0673746583774256,0.0139735206070851,13.0,29.48,2.267692307692308,0.0025272355061157,0.0011144525637552,9.0,10.0,0.9,29.8,28.0,1.0642857142857145,0.0007715440825997,0.0008572712028886,0.0025546681846082,0.0024003593680882,0.2319587628865979,0.7680412371134021,0.2631578947368421,0.7368421052631579,517.592897441449,11420.0,0.0453233710544176,0.010643092558032,2.1034558190780537,0.0416560350593905,0.9790037136988508,248694.0,180639.99999999997,13840.0,0.7263544757814824,0.0556507193579258,41065.0,11804.0,19607.0,36067.0,12435.0,1063.0,4800.0,10739.0,28630.0,10741.0,14807.0,25328.0,0.3028126141483014,0.6971873858516985,0.0900542189088444,0.9099457810911556,0.2448105268526546,0.7551894731473453,0.2977514071034464,0.7022485928965536,baseline,female_P35,female,P35,1111973,CTRL,saline,CTRL_saline
2,active,4,red,18,12-18,139.0,1169.84,8.416115107913669,10104.36,11495.64,51.0,198.12470588235297,0.1017637991447192,0.0120915407928571,108.0,845.4,7.8277777777777775,0.0735409250811612,0.0093948662275436,77.0,467.72,6.074285714285715,0.0406867299254326,0.0066981916622302,289,17996.84,62.27280276816609,1.5655361510972856,0.0251399661088899,40.0,121.72,3.043,0.0105883621964501,0.0034795800842754,135.0,1864.8,13.813333333333333,0.1622180235289205,0.0117435827844295,62.0,468.72,7.56,0.0407737194275394,0.0053933491306269,26.0,215.52,8.28923076923077,0.018747977494076,0.002261727054779,55.0,345.72,6.285818181818183,0.0300740106683925,0.0047844226158787,175.0,906.6,5.180571428571429,0.0788646826101026,0.015223162868705,14.0,37.32,2.665714285714286,0.0032464482186289,0.0012178530294964,18.2,15.0,1.2133333333333334,1.0,1.0,1.0,0.0015832089383453,0.0013048425316032,8.698950210688575e-05,8.698950210688575e-05,0.9479166666666666,0.0520833333333333,0.9375,0.0625,338.8546708648231,11440.0,0.0296201635371348,0.0081477434268371,2.009232934869073,0.0276573138006811,0.9951599041027728,252660.0,198751.66666666663,9341.0,0.7866368505765323,0.0369706324705137,58535.0,14112.0,33013.0,29385.0,17161.0,1417.0,8632.0,4628.0,41374.0,12695.0,24381.0,24757.0,0.2931750234902195,0.7068249765097805,0.1004109977324263,0.8995890022675737,0.2614727531578469,0.7385272468421531,0.1574953207418751,0.8425046792581249,baseline,female_P35,female,P35,1111839,ELA,saline,ELA_saline
2,active,4,red,24,18-24,138.0,1346.16,9.754782608695653,9049.36,12550.64,106.0,85.37132075471699,0.1072582752752051,0.0109954552118457,71.0,425.32,5.990422535211268,0.0338883116717553,0.0056570820292829,77.0,310.12,4.027532467532468,0.0247094968862145,0.0061351452993632,303,16602.92,54.79511551155115,1.3228743713468,0.0241421951390526,19.0,54.96,2.8926315789473684,0.004379059553935,0.0015138670219207,131.0,2298.6,17.54656488549618,0.1831460387677441,0.0104377147300854,27.0,161.44,5.979259259259259,0.0128630890536259,0.0021512847153611,18.0,150.0,8.333333333333334,0.0119515817520062,0.0014341898102407,32.0,290.2,9.06875,0.0231223268295481,0.0025496707737613,227.0,1064.08,4.687577092511013,0.0847829274044988,0.0180867270513694,27.0,71.84,2.660740740740741,0.0057240108870942,0.0021512847153611,46.6,43.0,1.083720930232558,11.2,12.0,0.9333333333333332,0.0037129580642899,0.0034261201022417,0.0008923847708164,0.0009561265401605,0.8062283737024222,0.1937716262975778,0.7818181818181819,0.2181818181818181,365.9208869468628,12434.0,0.0294290563734005,0.0076249960495937,2.011168501058488,0.0259190367105681,0.99070645002964,226340.0,165871.3333333333,16259.0,0.7328414479691319,0.0718344084121233,61659.0,11055.0,18534.0,33792.0,20748.0,1128.0,3108.0,9021.0,40911.0,9927.0,15426.0,24771.0,0.3364958886780518,0.6635041113219481,0.1020352781546811,0.8979647218453188,0.1676918096471349,0.832308190352865,0.2669566761363636,0.7330433238636364,baseline,female_P35,female,P35,1111839,ELA,saline,ELA_saline
2,active,4,yellow,18,12-18,77.0,388.56,5.046233766233766,13445.2,8154.799999999999,92.0,146.1434782608696,0.0476480109873939,0.0094422916564477,69.0,390.84,5.664347826086956,0.0479276009221562,0.0084612743414921,71.0,412.24,5.8061971830985915,0.0505518222396625,0.008706528670231,175,20437.96,116.78834285714284,2.5062490802962674,0.0214597537646539,14.0,29.6,2.1142857142857143,0.0036297640653357,0.0017167803011723,164.0,1818.28,11.087073170731706,0.2229705204296856,0.0201108549565899,72.0,663.36,9.213333333333331,0.0813459557561191,0.0088291558346004,22.0,172.32,7.832727272727272,0.0211311129641438,0.0026977976161279,55.0,335.84,6.106181818181818,0.0411831068818364,0.0067444940403198,111.0,424.52,3.824504504504505,0.0520576838181193,0.013611615245009,4.0,9.52,2.38,0.0011674106047971,0.0004905086574778,0.8,1.0,0.8,14.4,13.0,1.1076923076923078,9.810173149556092e-05,0.0001226271643694,0.00176583116692,0.0015941531368028,0.0526315789473684,0.9473684210526316,0.0714285714285714,0.9285714285714286,270.1340545362819,8066.0,0.0334904605177636,0.0075458692392083,2.1449747137250044,0.0309388122329064,0.9891107078039928,336222.0,218947.3333333333,41251.0,0.6511987119621361,0.1226897704492864,62277.0,12781.0,20217.0,9791.0,14937.0,1751.0,6590.0,2661.0,47340.0,11030.0,13627.0,7130.0,0.2398477768678645,0.7601522231321355,0.1370002347234175,0.8629997652765824,0.325963298214374,0.6740367017856259,0.2717802063119191,0.7282197936880809,baseline,female_P35,female,P35,1111869,CTRL,saline,CTRL_saline
2,active,4,yellow,24,18-24,183.0,1481.12,8.093551912568305,9659.28,11940.72,169.0,57.15550295857989,0.1240394214084242,0.0153257090024722,118.0,599.76,5.08271186440678,0.0502281269471187,0.009882151160064,78.0,383.8,4.920512820512821,0.0321421153833269,0.0065322694108897,329,18443.12,56.05811550151975,1.544556777145767,0.0275527773869582,18.0,31.0,1.7222222222222223,0.00259615835561,0.0015074467871284,72.0,739.68,10.273333333333332,0.0619460133057303,0.0060297871485136,133.0,1348.12,10.136240601503758,0.1129010645924198,0.0111383568160043,26.0,218.44,8.401538461538461,0.0182937042322406,0.0021774231369632,88.0,515.96,5.863181818181818,0.0432101246825987,0.0073697398481833,177.0,748.76,4.230282485875706,0.0627064364627928,0.014823226740096,3.0,7.04,2.3466666666666667,0.0005895791878546,0.000251241131188,17.2,18.0,0.9555555555555556,18.4,18.0,1.022222222222222,0.0014404491521449,0.0015074467871284,0.0015409456046201,0.0015074467871284,0.4831460674157304,0.5168539325842697,0.5,0.5,474.7373445716354,11776.0,0.0403139728746293,0.0091288759121286,2.071123457420732,0.0360535702653724,0.9862051869569004,241651.0,151121.66666666666,42681.0,0.6253715758125009,0.1766224844920981,52400.0,18474.0,24785.0,37211.0,15480.0,885.0,4457.0,7785.0,36920.0,17589.0,20328.0,29426.0,0.2954198473282443,0.7045801526717558,0.0479051640142903,0.9520948359857097,0.1798265079685293,0.8201734920314706,0.209212329687458,0.7907876703125419,baseline,female_P35,female,P35,1111869,CTRL,saline,CTRL_saline
2,active,5,blue,18,12-18,105.0,1091.72,10.397333333333334,12016.88,9583.12,135.0,89.01392592592592,0.1139211446793946,0.0109567656462613,69.0,516.52,7.4857971014492755,0.0538989389676848,0.0072001602818288,102.0,557.24,5.463137254901961,0.058148077035454,0.0106437151992253,247,18177.16,73.59174089068826,1.8967893546151984,0.0257744868059671,,,,,,209.0,883.44,4.226985645933015,0.0921870956431725,0.0218091811435106,33.0,87.16,2.641212121212121,0.009095158987887,0.0034435549173964,18.0,144.08,8.004444444444445,0.0150347694696508,0.0018783026822162,18.0,119.72,6.651111111111111,0.0124927998397181,0.0018783026822162,117.0,535.44,4.576410256410257,0.0558732437869921,0.0122089674344054,8.0,20.08,2.51,0.0020953509921612,0.0008348011920961,7.6,8.0,0.95,2.8,3.0,0.9333333333333332,0.0007930611324912,0.0008348011920961,0.0002921804172336,0.000313050447036,0.7307692307692308,0.2692307692307693,0.7272727272727273,0.2727272727272727,291.1136804318544,8986.0,0.0323963588283835,0.0083113135849287,2.0713835544994024,0.0302182543998389,0.9376904390219468,300557.0,207283.3333333333,30036.0,0.6896639683432204,0.099934455028497,24507.0,6631.0,27015.0,27398.0,4107.0,348.0,5845.0,6700.0,20400.0,6283.0,21170.0,20698.0,0.1675847716978822,0.8324152283021178,0.0524807721309003,0.9475192278690996,0.2163612807699426,0.7836387192300573,0.2445433973282721,0.7554566026717279,baseline,female_P35,female,P35,1112045,ELA,saline,ELA_saline
2,active,5,blue,24,18-24,44.0,281.72,6.402727272727273,15222.4,6377.6,60.0,253.70666666666665,0.0441733567486201,0.0068991470145509,30.0,129.44,4.314666666666667,0.0202960361264425,0.0047039638735574,65.0,285.0,4.384615384615385,0.0446876567987957,0.0101919217260411,133,19612.84,147.46496240601505,3.0752696939287505,0.020854239839438,3.0,5.08,1.6933333333333334,0.000796537882589,0.0004703963873557,68.0,256.4,3.770588235294117,0.0402032112393376,0.0106623181133968,68.0,255.64,3.7594117647058822,0.0400840441545408,0.0106623181133968,10.0,60.84,6.0840000000000005,0.0095396387355745,0.0015679879578524,13.0,83.0,6.384615384615385,0.0130143000501756,0.0020383843452082,87.0,424.36,4.877701149425287,0.066539136979428,0.0136414952333166,12.0,29.88,2.49,0.0046851480180632,0.0018815855494229,6.6,8.0,0.825,14.4,13.0,1.1076923076923078,0.0010348720521826,0.0012543903662819,0.0022579026593075,0.0020383843452082,0.3142857142857143,0.6857142857142857,0.3809523809523809,0.6190476190476191,176.39154570238793,5585.0,0.0315830878607677,0.0068837183888252,2.127950153023904,0.0277036733070903,0.8757212744606121,380620.0,327222.3333333333,4433.0,0.8597087208589493,0.0116467868215017,12937.0,3619.0,10456.0,7087.0,1389.0,413.0,2671.0,1800.0,11548.0,3206.0,7785.0,5287.0,0.1073664682693051,0.8926335317306949,0.1141199226305609,0.8858800773694391,0.255451415455241,0.744548584544759,0.2539861718639763,0.7460138281360237,baseline,female_P35,female,P35,1112045,ELA,saline,ELA_saline
2,active,5,green,18,12-18,143.0,749.56,5.241678321678322,11040.0,10560.0,272.0,40.588235294117645,0.0709810606060606,0.0135416666666666,109.0,554.24,5.084770642201835,0.0524848484848484,0.0103219696969696,131.0,611.32,4.666564885496183,0.0578901515151515,0.012405303030303,349,18238.64,52.25971346704871,1.7271439393939394,0.0330492424242424,1.0,2.56,2.56,0.0002424242424242,9.46969696969697e-05,259.0,1088.92,4.2043243243243245,0.1031174242424242,0.0245265151515151,47.0,157.8,3.3574468085106384,0.0149431818181818,0.0044507575757575,35.0,242.8,6.937142857142858,0.0229924242424242,0.0033143939393939,15.0,60.04,4.002666666666666,0.005685606060606,0.0014204545454545,166.0,656.4,3.954216867469879,0.0621590909090909,0.0157196969696969,9.0,23.84,2.648888888888889,0.0022575757575757,0.0008522727272727,0.8,1.0,0.8,5.8,7.0,0.8285714285714285,7.575757575757576e-05,9.46969696969697e-05,0.0005492424242424,0.0006628787878787,0.1212121212121212,0.8787878787878788,0.125,0.875,465.063269397729,9927.0,0.0468483196733886,0.0125350646112544,1.990931824101792,0.043521494030995,0.9400568181818182,276272.0,201584.99999999997,10079.0,0.7296613482365204,0.0364821625065153,31474.0,7621.0,29379.0,18882.0,3121.0,564.0,7430.0,5134.0,28353.0,7057.0,21949.0,13748.0,0.0991612124293067,0.9008387875706932,0.0740060359532869,0.9259939640467132,0.2529017325300384,0.7470982674699616,0.2718991632242347,0.7281008367757653,baseline,female_P35,female,P35,1112055,CTRL,saline,CTRL_saline
2,active,5,green,24,18-24,96.0,422.92,4.4054166666666665,13700.24,7899.76,104.0,131.7330769230769,0.0535358036193504,0.012152267917,74.0,332.36,4.491351351351351,0.0420721642176471,0.0093673731860208,87.0,395.6,4.5471264367816095,0.0500774707079708,0.0110129927997812,254,18861.76,74.25889763779527,2.3876370927724384,0.0321528755303958,2.0,2.48,1.24,0.0003139335878558,0.0002531722482708,199.0,842.68,4.234572864321608,0.106671595086433,0.0251906387029479,64.0,289.72,4.526875,0.0366745318845129,0.0081015119446666,30.0,131.04,4.367999999999999,0.016587845706705,0.0037975837240625,26.0,106.52,4.096923076923077,0.0134839539429045,0.0032912392275208,88.0,386.04,4.386818181818182,0.0488673073612362,0.0111395789239166,5.0,12.44,2.488,0.0015747313842445,0.000632930620677,2.6,3.0,0.8666666666666667,0.0,0.0,0.0,0.000329123922752,0.0003797583724062,0.0,0.0,1.0,0.0,1.0,0.0,357.18689701972596,7079.0,0.0504572534284116,0.0114777714669147,1.9741567312697268,0.0473642331910246,0.8961031727546153,342610.0,304741.3333333333,3953.0,0.8894700485488845,0.0115379002364204,28573.0,5995.0,18271.0,10669.0,3086.0,381.0,2901.0,1560.0,25487.0,5614.0,15370.0,9109.0,0.1080040597767122,0.8919959402232878,0.0635529608006672,0.9364470391993328,0.1587762027256307,0.8412237972743692,0.1462180148092604,0.8537819851907396,baseline,female_P35,female,P35,1112055,CTRL,saline,CTRL_saline
2,active,5,red,18,12-18,83.0,1010.72,12.177349397590362,12815.84,8784.16,87.0,147.30850574712645,0.1150616564361304,0.0094488260687419,89.0,602.28,6.767191011235955,0.0685643248756853,0.0101318737363618,76.0,493.16,6.488947368421053,0.0561419646272381,0.0086519371231853,228,18691.28,81.97929824561403,2.12783920147174,0.0259558113695561,11.0,28.2,2.5636363636363635,0.0032103240378135,0.0012522540573031,132.0,1038.16,7.864848484848485,0.1181854611027121,0.0150270486876377,65.0,324.68,4.995076923076923,0.0369619861204713,0.0073996830658822,44.0,270.88,6.156363636363636,0.0308373253674796,0.0050090162292125,15.0,60.56,4.037333333333334,0.0068942277918435,0.0017076191690497,114.0,450.64,3.952982456140351,0.0513014334893717,0.012977905684778,19.0,45.6,2.4,0.0051911622739112,0.0021629842807963,6.4,7.0,0.9142857142857144,0.0,0.0,0.0,0.0007285841787945,0.0007968889455565,0.0,0.0,1.0,0.0,1.0,0.0,254.53396735796795,8236.0,0.0309050470322933,0.0087729350401367,2.027217204221049,0.0287592682311604,0.937596765086246,320483.0,211440.0,34604.0,0.6597541835292355,0.1079745259498943,34268.0,8345.0,27551.0,25351.0,2923.0,312.0,5703.0,5926.0,31345.0,8033.0,21848.0,19425.0,0.0852982374226683,0.9147017625773316,0.0373876572798082,0.9626123427201916,0.2069979311095786,0.7930020688904214,0.2337580371582975,0.7662419628417025,baseline,female_P35,female,P35,1111988,CTRL,saline,CTRL_saline
2,active,5,red,24,18-24,49.0,467.24,9.535510204081632,14352.92,7247.08,58.0,247.4641379310345,0.0644728635533207,0.0067613438791899,50.0,435.4,8.708,0.0600793698979451,0.0068993304889693,62.0,348.72,5.6245161290322585,0.0481186905622678,0.0085551698063219,165,19236.36,116.584,2.654360100895809,0.0227677906135988,4.0,7.12,1.78,0.0009824646616292,0.0005519464391175,139.0,1009.72,7.264172661870504,0.1393278396264426,0.0191801387593347,46.0,252.32,5.485217391304348,0.0348167813795349,0.0063473840498518,26.0,162.48,6.249230769230769,0.0224200643569548,0.003587651854264,9.0,59.16,6.573333333333333,0.0081632878345485,0.0012418794880144,106.0,452.56,4.269433962264151,0.0624472201217593,0.014626580636615,8.0,21.52,2.69,0.0029694718424524,0.001103892878235,8.8,7.0,1.2571428571428571,3.2,4.0,0.8,0.0012142821660586,0.0009659062684557,0.000441557151294,0.0005519464391175,0.7333333333333334,0.2666666666666666,0.6363636363636364,0.3636363636363636,212.9309442151707,6453.0,0.0329972019549311,0.0072804781302711,2.0549860148128256,0.029885311143328,0.8904275929063844,358881.0,311197.0,8684.0,0.867131444685007,0.02419743591887,31736.0,5576.0,19715.0,11730.0,2207.0,250.0,3724.0,1865.0,29529.0,5326.0,15991.0,9865.0,0.0695424754222334,0.9304575245777664,0.0448350071736011,0.9551649928263988,0.1888917068222166,0.8111082931777834,0.1589940323955669,0.841005967604433,baseline,female_P35,female,P35,1111988,CTRL,saline,CTRL_saline
2,active,5,yellow,18,12-18,141.0,1064.24,7.547801418439716,10814.24,10785.76,182.0,59.418901098901095,0.0986708400706116,0.0130727922742579,94.0,548.28,5.832765957446808,0.0508336918307101,0.0087151948495052,132.0,810.88,6.143030303030303,0.0751806085060301,0.0122383587248371,315,18428.76,58.504,1.7086195131358382,0.0292051742297251,4.0,11.92,2.98,0.0011051608787883,0.000370859355298,213.0,1110.08,5.211643192488262,0.1029208882823278,0.0197482606696236,59.0,314.6,5.332203389830509,0.0291680882941953,0.0054701754906469,26.0,182.8,7.0307692307692315,0.016948272537123,0.0024105858094376,14.0,80.12,5.722857142857143,0.0074283128866208,0.0012980077435433,113.0,507.6,4.4920353982300885,0.0470620521873284,0.0104767767871712,13.0,31.52,2.4246153846153846,0.002922371719749,0.0012052929047188,1.6,2.0,0.8,7.8,8.0,0.975,0.0001483437421192,0.000185429677649,0.0007231757428312,0.0007417187105961,0.1702127659574468,0.8297872340425532,0.2,0.8,380.1544395352205,10150.0,0.0374536393630759,0.0086721038015938,2.0937777299718023,0.0353399244754182,0.9410556140689204,270538.0,200145.66666666663,13908.0,0.7398061147294157,0.0514086745669739,35889.0,6613.0,34205.0,26747.0,4321.0,58.0,8175.0,7466.0,31568.0,6555.0,26030.0,19281.0,0.1203990080526066,0.8796009919473934,0.008770603357024,0.991229396642976,0.2390001461774594,0.7609998538225405,0.2791341084981493,0.7208658915018507,baseline,female_P35,female,P35,1111887,ELA,saline,ELA_saline
2,active,5,yellow,24,18-24,59.0,384.92,6.5240677966101694,15662.84,5937.16,92.0,170.24826086956523,0.0648323440837033,0.009937411152807,49.0,282.64,5.768163265306122,0.047605252342871,0.008253104177755,50.0,244.0,4.88,0.0410970901912699,0.0084215348752602,129,19717.08,152.84558139534886,3.320961537165918,0.0217275599781713,2.0,3.72,1.86,0.0006265621947193,0.0003368613950104,70.0,298.28,4.261142857142857,0.0502395084518524,0.0117901488253643,43.0,174.12,4.049302325581396,0.0293271530496062,0.0072425199927237,7.0,60.36,8.622857142857143,0.0101664769014141,0.0011790148825364,8.0,87.16,10.895,0.0146804195945536,0.0013474455800416,66.0,285.44,4.324848484848485,0.0480768582958855,0.0111164260353434,1.0,2.24,2.24,0.0003772847624116,0.0001684306975052,3.8,4.0,0.95,4.2,5.0,0.8400000000000001,0.0006400366505197,0.0006737227900208,0.0007074089295218,0.000842153487526,0.475,0.525,0.4444444444444444,0.5555555555555556,199.4978348321076,5120.0,0.038964420865646,0.0079689686732663,2.1388843139315896,0.0367682933481671,0.8623651712266471,391663.0,332082.6666666666,11810.0,0.8478785758845401,0.0301534737772013,11923.0,3703.0,13265.0,9682.0,1244.0,536.0,3769.0,2103.0,10679.0,3167.0,9496.0,7579.0,0.1043361570074645,0.8956638429925354,0.1447475020253848,0.8552524979746152,0.2841311722578213,0.7158688277421786,0.2172071885973972,0.7827928114026028,baseline,female_P35,female,P35,1111887,ELA,saline,ELA_saline
2,active,6,blue,18,12-18,78.0,449.44,5.762051282051282,14480.36,7119.639999999999,88.0,164.54954545454547,0.0631267873094707,0.0109556101151181,110.0,507.44,4.613090909090909,0.0712732666258406,0.0154502193931153,69.0,245.08,3.5518840579710145,0.034423088807861,0.0096915012556814,206,20237.96,98.24252427184466,2.8425538369917582,0.0289340472271069,13.0,22.32,1.716923076923077,0.003134989971403,0.0018259350191863,133.0,1114.8,8.381954887218045,0.1565809507222275,0.0186807198116758,98.0,1267.8,12.93673469387755,0.1780708013326516,0.0137647409138664,17.0,77.8,4.576470588235294,0.0109275188071306,0.002387761178936,23.0,82.56,3.5895652173913044,0.0115960919372327,0.0032305004185604,105.0,441.28,4.2026666666666666,0.0619806619435814,0.0147479366934283,2.0,4.04,2.02,0.0005674444213471,0.0002809130798748,9.8,10.0,0.98,3.6,4.0,0.9,0.0013764740913866,0.0014045653993741,0.0005056435437746,0.0005618261597496,0.7313432835820896,0.2686567164179104,0.7142857142857143,0.2857142857142857,286.0770329857611,7038.0,0.0406474897677978,0.0091321891997552,2.0538708916394475,0.0379859082418795,0.9885331280795098,362097.0,288474.6666666666,10112.0,0.7966778699261983,0.0279262186651643,59796.0,4049.0,18992.0,11314.0,15866.0,385.0,6141.0,3282.0,43930.0,3664.0,12851.0,8032.0,0.2653354739447455,0.7346645260552546,0.0950852062237589,0.9049147937762412,0.3233466722830665,0.6766533277169334,0.290083082906134,0.709916917093866,baseline,female_P35,female,P35,1112046,ELA,saline,ELA_saline
2,active,6,blue,24,18-24,47.0,244.48,5.2017021276595745,16262.16,5337.84,87.0,186.92137931034483,0.0458012979032717,0.0088050597245327,86.0,418.96,4.871627906976744,0.0784886770678776,0.0161113858789323,60.0,192.16,3.2026666666666666,0.0359995803546003,0.0112405017759992,186,20177.84,108.48301075268816,3.780150772597155,0.0348455555055977,12.0,20.36,1.6966666666666663,0.003814276935989,0.0022481003551998,67.0,523.44,7.812537313432837,0.0980621374938177,0.0125518936498658,47.0,482.4,10.263829787234044,0.0903736342790342,0.0088050597245327,19.0,72.04,3.7915789473684214,0.0134960957990498,0.0035594922290664,14.0,68.8,4.914285714285714,0.0128891087031458,0.0026227837477331,43.0,163.52,3.802790697674419,0.0306341141735233,0.0080556929394661,3.0,7.48,2.4933333333333336,0.0014013158880745,0.0005620250887999,0.0,0.0,0.0,6.0,6.0,1.0,0.0,0.0,0.0011240501775999,0.0011240501775999,0.0,1.0,0.0,1.0,244.23919981532495,5246.0,0.0465572245168366,0.0136705980186941,2.0625125593739586,0.0426488311077125,0.9827945386148704,406641.0,342406.6666666666,25806.0,0.8420367514998897,0.0634613823987251,25260.0,3554.0,15424.0,6159.0,11290.0,220.0,3814.0,2285.0,13970.0,3334.0,11610.0,3874.0,0.4469517022961203,0.5530482977038796,0.0619020821609454,0.9380979178390546,0.2472769709543568,0.7527230290456431,0.3710017860042214,0.6289982139957785,baseline,female_P35,female,P35,1112046,ELA,saline,ELA_saline
2,active,6,green,18,12-18,86.0,648.04,7.535348837209302,12956.8,8643.2,226.0,57.33097345132743,0.0749768604220658,0.0099500185116623,92.0,568.96,6.184347826086957,0.0658274713069233,0.0106442058496853,66.0,377.32,5.716969696969697,0.0436551277304701,0.0076360607182524,278,18890.44,67.95122302158273,2.185584042947056,0.0321640133283968,2.0,3.12,1.56,0.0003609774157719,0.0002313957793409,65.0,1223.84,18.828307692307693,0.1415957052943354,0.007520362828582,56.0,709.2,12.664285714285716,0.0820529433543132,0.0064790818215475,11.0,83.0,7.545454545454546,0.0096029248426508,0.0012726767863754,27.0,137.12,5.078518518518519,0.0158644946316179,0.0031238430211032,122.0,575.88,4.720327868852459,0.0666281007034431,0.0141151425398,8.0,18.68,2.335,0.0021612365790447,0.0009255831173639,2.4,3.0,0.7999999999999999,11.6,12.0,0.9666666666666668,0.0002776749352091,0.0003470936690114,0.0013420955201777,0.0013883746760459,0.1714285714285714,0.8285714285714285,0.2,0.8,304.9872781419766,8456.0,0.0360675589098837,0.0076006968326151,2.011305377078858,0.0337195986757517,0.9783413550536836,324146.0,269147.3333333333,13677.0,0.8303274861739257,0.042193949639977,48447.0,5541.0,23815.0,16287.0,13992.0,517.0,6335.0,3637.0,34455.0,5024.0,17480.0,12650.0,0.2888104526596074,0.7111895473403926,0.0933044576791193,0.9066955423208808,0.2660088179718665,0.7339911820281335,0.2233069319088844,0.7766930680911156,baseline,female_P35,female,P35,1111989,CTRL,saline,CTRL_saline
2,active,6,green,24,18-24,90.0,593.48,6.594222222222222,14013.32,7586.68,150.0,93.42213333333332,0.0782265760517116,0.0118628965502696,67.0,358.2,5.3462686567164175,0.0472143282700733,0.0088312674318674,45.0,150.8,3.3511111111111114,0.0198769422197852,0.0059314482751348,254,18753.56,73.83291338582677,2.471906024769728,0.0334797302640944,2.0,7.12,3.56,0.000938486927088,0.0002636199233393,47.0,893.52,19.011063829787233,0.1177748369510774,0.0061950681984741,51.0,538.2,10.55294117647059,0.0709401213706127,0.0067223080451528,17.0,100.96,5.938823529411764,0.0133075337301691,0.0022407693483842,17.0,67.56,3.974117647058823,0.0089050810104024,0.0022407693483842,125.0,546.68,4.37344,0.0720578698455714,0.0164762452087078,7.0,17.4,2.4857142857142853,0.0022934933330521,0.0009226697316876,1.6,2.0,0.8,4.2,4.0,1.05,0.0002108959386714,0.0002636199233393,0.0005536018390125,0.0005272398466786,0.2758620689655172,0.7241379310344827,0.3333333333333333,0.6666666666666666,349.06368307737966,7461.0,0.0467851069665433,0.0096967220077747,2.0235867035862056,0.0430357037575118,0.9834341240173567,350483.0,323216.6666666667,13230.0,0.9222035495777732,0.0377479078871157,35891.0,4247.0,12837.0,14927.0,17383.0,177.0,2242.0,3578.0,18508.0,4070.0,10595.0,11349.0,0.4843275472959795,0.5156724527040205,0.0416764775135389,0.958323522486461,0.1746513983017839,0.8253486016982161,0.2396998727138742,0.7603001272861258,baseline,female_P35,female,P35,1111989,CTRL,saline,CTRL_saline
2,active,6,red,18,12-18,103.0,765.32,7.430291262135923,12607.96,8992.04,60.0,210.1326666666667,0.0851108313575117,0.0114545753800027,107.0,780.0,7.289719626168225,0.0867433863728364,0.0118994132588378,65.0,347.28,5.34276923076923,0.0386208246404597,0.0072286155310697,246,18878.32,76.74113821138211,2.0994479561923653,0.0273575295483561,,,,,,118.0,1166.2,9.883050847457628,0.1296924835743613,0.0131227174256342,82.0,1590.52,19.396585365853657,0.1768808857611843,0.0091191765161187,9.0,55.44,6.16,0.0061654530006539,0.0010008852273788,37.0,213.48,5.76972972972973,0.023740997593427,0.0041147503792242,135.0,560.12,4.149037037037037,0.0622906481732732,0.0150132784106832,10.0,23.96,2.396,0.002664578894222,0.0011120946970876,10.8,11.0,0.981818181818182,5.6,6.0,0.9333333333333332,0.0012010622728546,0.0012233041667964,0.000622773030369,0.0006672568182525,0.6585365853658538,0.3414634146341463,0.6470588235294118,0.3529411764705882,287.08049495950996,8936.0,0.0321262863652092,0.0081815518092943,2.064295986291312,0.0308935522766329,0.9937678213175208,315259.0,270563.3333333333,8319.0,0.858225564800159,0.0263878271516435,69118.0,6769.0,28354.0,19236.0,21162.0,154.0,5749.0,2612.0,47956.0,6615.0,22605.0,16624.0,0.3061720535895136,0.6938279464104864,0.0227507755946225,0.9772492244053774,0.2027579882908937,0.7972420117091062,0.1357870659180702,0.8642129340819297,baseline,female_P35,female,P35,1112056,CTRL,saline,CTRL_saline
2,active,6,red,24,18-24,90.0,556.2,6.180000000000001,14629.36,6970.639999999999,87.0,168.1535632183908,0.0797918125164977,0.0129112965237051,78.0,439.76,5.637948717948718,0.0630874639918285,0.0111897903205444,36.0,152.76,4.243333333333333,0.0219147739662355,0.005164518609482,183,19499.24,106.55322404371586,2.797338551409914,0.0262529695982004,,,,,,45.0,490.36,10.896888888888888,0.0703464818151561,0.0064556482618525,77.0,1896.96,24.63584415584416,0.2721357005956412,0.011046331470281,10.0,54.52,5.452,0.00782137651636,0.0014345885026339,33.0,160.68,4.869090909090909,0.0230509680603215,0.0047341420586918,77.0,314.52,4.084675324675325,0.0451206775848415,0.011046331470281,14.0,33.44,2.3885714285714283,0.0047972639528077,0.0020084239036874,11.0,11.0,1.0,0.0,0.0,0.0,0.0015780473528972,0.0015780473528972,0.0,0.0,1.0,0.0,1.0,0.0,236.61614584148884,6868.0,0.0344519723123891,0.0086524227190056,2.0892431841161683,0.0331335860990504,0.9852753836089656,365821.0,331092.3333333333,9735.0,0.9050665033809796,0.026611375508787,59805.0,5423.0,14927.0,13995.0,21647.0,240.0,3360.0,2708.0,38158.0,5183.0,11567.0,11287.0,0.3619597023660229,0.6380402976339771,0.0442559468928637,0.9557440531071364,0.2250954645943592,0.7749045354056407,0.1934976777420507,0.8065023222579493,baseline,female_P35,female,P35,1112056,CTRL,saline,CTRL_saline
2,active,6,yellow,18,12-18,32.0,274.52,8.57875,16893.72,4706.279999999999,103.0,164.01669902912622,0.0583305710667448,0.0067994254485495,26.0,251.28,9.664615384615384,0.0533924883347357,0.0055245331769465,25.0,203.4,8.136000000000001,0.0432188480073433,0.0053120511316793,106,20784.56,196.08075471698115,4.416345818778314,0.0225230967983205,4.0,10.48,2.62,0.0022268118343999,0.0008499281810686,125.0,896.96,7.175680000000001,0.1905878953228452,0.0265602556583968,38.0,581.48,15.302105263157896,0.1235540596819569,0.0080743177201526,9.0,133.44,14.826666666666666,0.0283536041204518,0.0019123384074045,9.0,41.28,4.586666666666667,0.0087712588286289,0.0019123384074045,63.0,228.84,3.632380952380952,0.0486243912389403,0.013386368851832,1.0,3.48,3.48,0.0007394375175297,0.0002124820452671,0.0,0.0,0.0,2.2,2.0,1.1,0.0,0.0,0.0004674604995877,0.0004249640905343,0.0,1.0,0.0,1.0,126.6272194278989,4615.0,0.0274381840580495,0.0062756867854902,2.1252808288724734,0.0250875079097088,0.9806046389080124,422446.0,289569.3333333333,57274.0,0.6854588120927487,0.1355770915099207,37124.0,4386.0,11418.0,6895.0,4748.0,260.0,3761.0,2092.0,32376.0,4126.0,7657.0,4803.0,0.1278957008943002,0.8721042991056999,0.0592795257637938,0.940720474236206,0.3293921877736906,0.6706078122263094,0.3034082668600435,0.6965917331399565,baseline,female_P35,female,P35,1111888,ELA,saline,ELA_saline
2,active,6,yellow,24,18-24,54.0,591.44,10.952592592592593,14498.48,7101.52,137.0,105.8283211678832,0.0832835787268077,0.0076040059029616,42.0,265.24,6.3152380952380955,0.0373497504759544,0.0059142268134145,33.0,191.52,5.803636363636364,0.0269688742691705,0.0046468924962543,183,19963.76,109.09158469945356,2.8111953497279454,0.0257691311155921,8.0,18.16,2.27,0.0025571990221811,0.0011265193930313,64.0,961.76,15.0275,0.135430161430229,0.0090121551442508,46.0,285.0,6.195652173913044,0.0401322533767418,0.0064774865099302,13.0,121.76,9.366153846153846,0.0171456251619371,0.0018305940136759,11.0,86.8,7.890909090909091,0.0122227354143901,0.0015489641654181,93.0,364.2,3.916129032258064,0.0512847953677522,0.0130957879439894,4.0,8.72,2.18,0.0012279061384041,0.0005632596965156,0.8,1.0,0.8,3.2,4.0,0.8,0.0001126519393031,0.0001408149241289,0.0004506077572125,0.0005632596965156,0.2,0.8,0.2,0.8,226.51207848154667,6972.0,0.032488823649103,0.0073997159064854,2.1227407271380656,0.0303311550358015,0.9817616510268224,362599.0,331556.3333333333,9329.0,0.9143884382839812,0.0257281459684113,31279.0,5238.0,11494.0,14840.0,13601.0,55.0,2553.0,3098.0,17678.0,5183.0,8941.0,11742.0,0.434828479171329,0.565171520828671,0.010500190912562,0.989499809087438,0.2221158865495041,0.7778841134504959,0.2087601078167116,0.7912398921832884,baseline,female_P35,female,P35,1111888,ELA,saline,ELA_saline
2,active,7,blue,18,12-18,78.0,776.4,9.953846153846154,12803.84,8796.16,124.0,103.2567741935484,0.0882657887077997,0.0088675058207217,34.0,192.92,5.674117647058823,0.0219322977299185,0.0038653230500582,62.0,342.12,5.518064516129033,0.0388942447613504,0.0070485302677532,171,19528.88,114.20397660818712,2.220159706053551,0.0194403012223515,5.0,9.68,1.936,0.0011004802095459,0.0005684298603026,219.0,1814.12,8.28365296803653,0.2062399956344586,0.0248972278812572,34.0,242.08,7.12,0.0275211001164144,0.0038653230500582,19.0,113.96,5.997894736842105,0.0129556533760186,0.0021600334691501,23.0,200.08,8.699130434782608,0.0227462892898719,0.0026147773573923,85.0,391.0,4.6,0.0444512150756693,0.0096633076251455,8.0,20.08,2.51,0.0022828143189755,0.0009094877764842,2.8,3.0,0.9333333333333332,0.8,1.0,0.8,0.0003183207217694,0.0003410579161816,9.09487776484284e-05,0.0001136859720605,0.7777777777777778,0.2222222222222222,0.75,0.25,228.8194787539871,8592.0,0.0266316897991139,0.0076100926966149,2.071299725188568,0.0245123464940881,0.976789871944121,320220.0,240624.33333333328,12599.0,0.7514344304957007,0.0393448254325151,51658.0,7893.0,13472.0,19488.0,5562.0,939.0,3085.0,4422.0,46096.0,6954.0,10387.0,15066.0,0.1076696736226721,0.8923303263773278,0.1189661725579627,0.8810338274420373,0.2289934679334916,0.7710065320665083,0.2269088669950739,0.7730911330049262,baseline,female_P35,female,P35,1111990,CTRL,MDMA,CTRL_MDMA
2,active,7,blue,24,18-24,57.0,531.32,9.321403508771931,13971.04,7628.959999999999,83.0,168.32578313253012,0.0696451416706864,0.0074715295400683,25.0,137.32,5.4928,0.017999832218284,0.0032769866403808,42.0,220.88,5.259047619047619,0.028952832365093,0.0055053375558398,150,19244.12,128.29413333333332,2.5225089658354483,0.0196619198422851,1.0,1.08,1.08,0.0001415658228644,0.0001310794656152,187.0,1409.88,7.539465240641712,0.1848063169816069,0.0245118600700488,35.0,238.6,6.817142857142857,0.0312755604957949,0.0045877812965332,13.0,131.88,10.144615384615385,0.0172867599253371,0.001704033052998,15.0,138.48,9.232,0.0181518843983976,0.0019661919842285,116.0,531.04,4.577931034482758,0.0696084394203141,0.0152052180113672,7.0,18.36,2.6228571428571428,0.0024066189886957,0.0009175562593066,3.0,3.0,1.0,6.8,7.0,0.9714285714285714,0.0003932383968457,0.0003932383968457,0.0008913403661835,0.0009175562593066,0.3061224489795918,0.693877551020408,0.3,0.7,190.9700873298862,7057.0,0.0270610864857426,0.0067466229377038,2.1280984367510936,0.0246420716268463,0.9250277888467106,349359.0,299639.6666666666,11117.0,0.8576841205369452,0.0318211352791827,41434.0,6787.0,9022.0,13340.0,4486.0,422.0,1674.0,4054.0,36948.0,6365.0,7348.0,9286.0,0.1082685717043973,0.8917314282956026,0.0621776926477088,0.9378223073522912,0.1855464420305919,0.8144535579694081,0.3038980509745127,0.6961019490254873,baseline,female_P35,female,P35,1111990,CTRL,MDMA,CTRL_MDMA
2,active,7,green,18,12-18,90.0,832.44,9.249333333333334,14704.6,6895.4,306.0,48.05424836601307,0.1207239609014705,0.0130521797140122,42.0,264.4,6.295238095238095,0.038344403515387,0.0060910171998723,66.0,410.36,6.217575757575758,0.059512138527134,0.0095715984569423,178,19490.56,109.49752808988764,2.826603242741538,0.0258143109899353,22.0,71.6,3.2545454545454544,0.0103837340835919,0.0031905328189807,90.0,739.36,8.215111111111112,0.107225106592801,0.0130521797140122,14.0,58.56,4.182857142857143,0.0084926182672506,0.0020303390666241,13.0,57.8,4.446153846153846,0.0083823998607767,0.0018853148475795,24.0,186.8,7.783333333333334,0.0270905241175276,0.0034805812570699,74.0,283.52,3.8313513513513513,0.0411172665835194,0.0107317922092989,7.0,18.4,2.628571428571429,0.0026684456304202,0.001015169533312,9.4,10.0,0.94,3.6,3.0,1.2,0.001363227659019,0.0014502421904458,0.0005220871885604,0.0004350726571337,0.7230769230769231,0.2769230769230769,0.7692307692307693,0.2307692307692307,290.25249591062095,6589.0,0.044051069344456,0.0108909885876925,2.035232595597142,0.0412939701797164,0.9555645792847406,367921.0,250019.0,38930.0,0.6795453371783616,0.1058107582877846,20052.0,6152.0,16977.0,20901.0,3806.0,931.0,4378.0,3744.0,16246.0,5221.0,12599.0,17157.0,0.1898065030919609,0.8101934969080391,0.1513328998699609,0.848667100130039,0.2578783059433351,0.742121694056665,0.1791301851586048,0.8208698148413951,baseline,female_P35,female,P35,1111889,ELA,MDMA,ELA_MDMA
2,active,7,green,24,18-24,91.0,562.92,6.185934065934066,14338.44,7261.56,209.0,68.60497607655503,0.0775205327780807,0.0125317424905943,42.0,198.04,4.715238095238095,0.0272723767344757,0.005783881149505,43.0,202.44,4.707906976744186,0.0278783071406144,0.0059215926054456,172,19488.64,113.3060465116279,2.683808988702152,0.0236863704217826,10.0,15.48,1.548,0.0021317733379604,0.0013771145594059,110.0,950.36,8.639636363636363,0.1308754592677055,0.0151482601534656,27.0,126.92,4.70074074074074,0.0174783379879805,0.0037182093103961,16.0,72.8,4.55,0.0100253939924754,0.0022033832950495,21.0,165.12,7.862857142857143,0.0227389156049113,0.0028919405747525,81.0,339.64,4.193086419753087,0.0467723188956642,0.0111546279311883,9.0,23.24,2.582222222222222,0.0032004142360594,0.0012394031034653,8.6,9.0,0.9555555555555556,3.4,4.0,0.85,0.0011843185210891,0.0012394031034653,0.000468218950198,0.0005508458237623,0.7166666666666667,0.2833333333333333,0.6923076923076923,0.3076923076923077,293.1788707215063,6602.0,0.0444075841747207,0.00949234038298,2.0733635359933436,0.0389828282411928,0.90917103211982,358670.0,297626.6666666666,19729.0,0.8298064144385274,0.055005994368082,27069.0,5985.0,10057.0,14164.0,1621.0,244.0,1479.0,2946.0,25448.0,5741.0,8578.0,11218.0,0.0598840001477705,0.9401159998522296,0.0407685881370091,0.9592314118629908,0.1470617480361937,0.8529382519638063,0.2079920926292008,0.7920079073707992,baseline,female_P35,female,P35,1111889,ELA,MDMA,ELA_MDMA
2,active,7,red,18,12-18,100.0,675.64,6.7564,10126.84,11473.16,109.0,92.90678899082567,0.0588887455592007,0.0087159945472738,72.0,309.48,4.298333333333334,0.0269742599249029,0.0062755160740371,110.0,528.24,4.802181818181818,0.0460413695965191,0.0095875940020011,267,19391.16,72.62606741573033,1.6901324482531404,0.023271705441221,17.0,24.08,1.416470588235294,0.0020988114869835,0.0014817190730365,235.0,3776.92,16.072,0.329196141254894,0.0204825871860934,16.0,70.72,4.42,0.006163951343832,0.0013945591275638,38.0,171.72,4.518947368421053,0.0149671058365785,0.003312077927964,35.0,165.36,4.724571428571429,0.0144127685833719,0.0030505980915458,182.0,709.12,3.896263736263737,0.061806860533628,0.0158631100760383,14.0,31.28,2.2342857142857144,0.0027263630943872,0.0012202392366183,9.4,9.0,1.0444444444444445,5.4,5.0,1.08,0.0008193034874437,0.0007844395092546,0.0004706637055527,0.0004357997273636,0.6351351351351351,0.3648648648648648,0.6428571428571429,0.3571428571428571,388.161100517196,11276.0,0.0344236520501238,0.0071339250364655,2.05892010697814,0.0321572752173001,0.982815545150595,253280.0,203902.66666666663,9170.0,0.8050484312486839,0.0362049905243209,96442.0,8500.0,21125.0,16991.0,4007.0,586.0,3687.0,2480.0,92435.0,7914.0,17438.0,14511.0,0.0415482880902511,0.9584517119097488,0.0689411764705882,0.9310588235294116,0.1745325443786982,0.8254674556213017,0.1459596256841857,0.8540403743158143,baseline,female_P35,female,P35,1112057,CTRL,MDMA,CTRL_MDMA
2,active,7,red,24,18-24,75.0,542.68,7.235733333333332,14002.8,7597.200000000001,81.0,172.87407407407406,0.07143158005581,0.0098720581266782,23.0,87.92,3.822608695652174,0.0115726846733006,0.0030274311588479,50.0,177.12,3.5424,0.0233138524719633,0.0065813720844521,171,19346.36,113.13660818713451,2.5465118727952403,0.0225082925288264,3.0,9.0,3.0,0.0011846469752013,0.0003948823250671,143.0,2003.4,14.00979020979021,0.2637024166798294,0.0188227241615331,16.0,104.24,6.515,0.0137208445216658,0.0021060390670246,22.0,149.16,6.78,0.0196335492023377,0.0028958037171589,22.0,150.44,6.838181818181818,0.0198020323276996,0.0028958037171589,119.0,507.12,4.261512605042017,0.0667509082293476,0.0156636655609961,11.0,28.52,2.5927272727272728,0.0037540146369715,0.0014479018585794,11.8,13.0,0.9076923076923078,5.2,6.0,0.8666666666666667,0.0015532038119307,0.0017111567419575,0.000684462696783,0.0007897646501342,0.6941176470588236,0.3058823529411765,0.6842105263157895,0.3157894736842105,241.2048622495253,7022.0,0.0343498806963151,0.0073434829832591,2.0384819536970156,0.0303836312316841,0.9242878955404622,350151.0,296975.0,15680.0,0.8481340907208604,0.0447806803350554,52850.0,7534.0,6699.0,13642.0,3877.0,633.0,1253.0,3491.0,48973.0,6901.0,5446.0,10151.0,0.0733585619678335,0.9266414380321664,0.0840191133528006,0.9159808866471992,0.187042842215256,0.812957157784744,0.2559008942970239,0.7440991057029761,baseline,female_P35,female,P35,1112057,CTRL,MDMA,CTRL_MDMA
2,active,7,yellow,18,12-18,106.0,723.6,6.826415094339623,13300.0,8300.0,148.0,89.86486486486487,0.0871807228915662,0.0127710843373493,47.0,253.72,5.398297872340425,0.0305686746987951,0.0056626506024096,88.0,375.12,4.262727272727273,0.0451951807228915,0.0106024096385542,207,19741.28,95.36850241545892,2.378467469879518,0.0249397590361445,17.0,36.44,2.143529411764706,0.0043903614457831,0.0020481927710843,105.0,1249.12,11.896380952380952,0.1504963855421686,0.0126506024096385,15.0,46.16,3.0773333333333333,0.0055614457831325,0.0018072289156626,17.0,70.76,4.162352941176471,0.0085253012048192,0.0020481927710843,21.0,124.08,5.908571428571428,0.0149493975903614,0.0025301204819277,100.0,502.52,5.0252,0.060544578313253,0.0120481927710843,11.0,30.04,2.730909090909091,0.0036192771084337,0.0013253012048192,2.6,2.0,1.3,14.4,15.0,0.96,0.0003132530120481,0.0002409638554216,0.0017349397590361,0.0018072289156626,0.1529411764705882,0.8470588235294118,0.1176470588235294,0.8823529411764706,330.0296638189095,8084.0,0.0408250450048131,0.0094725740403447,2.081256342391616,0.0356911023220822,0.9739759036144578,332648.0,239614.66666666663,23124.0,0.7203249881756892,0.0695149226810322,32502.0,4909.0,15856.0,18196.0,1454.0,656.0,4281.0,5364.0,31048.0,4253.0,11575.0,12832.0,0.0447357085717802,0.9552642914282198,0.1336321042982277,0.8663678957017723,0.2699924318869828,0.7300075681130171,0.2947900637502748,0.7052099362497252,baseline,female_P35,female,P35,1112047,ELA,MDMA,ELA_MDMA
2,active,7,yellow,24,18-24,105.0,653.4,6.222857142857142,14034.48,7565.52,80.0,175.43099999999998,0.0863655108968055,0.0138787551946198,33.0,123.28,3.735757575757576,0.0162949803846926,0.0043618944897376,27.0,124.44,4.608888888888889,0.0164483075849379,0.0035688227643308,170,19451.76,114.4221176470588,2.5711068108999773,0.0224703655531939,7.0,13.88,1.9828571428571429,0.0018346392581078,0.0009252503463079,108.0,826.24,7.650370370370371,0.1092112637333587,0.0142752910573232,12.0,38.36,3.1966666666666668,0.0050703718977677,0.0015861434508136,15.0,45.56,3.0373333333333337,0.0060220579682559,0.0019826793135171,22.0,128.0,5.818181818181818,0.016918863475346,0.0029079296598251,85.0,434.52,5.112,0.0574342543539637,0.0112351827765969,9.0,21.0,2.3333333333333335,0.0027757510389239,0.0011896075881102,2.4,3.0,0.7999999999999999,10.4,11.0,0.9454545454545454,0.0003172286901627,0.0003965358627034,0.0013746576573718,0.0014539648299125,0.1874999999999999,0.8125,0.2142857142857142,0.7857142857142857,303.08345073988824,7002.0,0.0432852686003839,0.0106414634414666,2.112670822727141,0.0374212285245517,0.925514703549789,350942.0,302461.3333333333,6227.0,0.8618556152678599,0.0177436727436442,21735.0,4376.0,6253.0,16440.0,1237.0,293.0,1093.0,5106.0,20498.0,4083.0,5160.0,11334.0,0.0569128134345525,0.9430871865654474,0.0669561243144424,0.9330438756855576,0.1747960978730209,0.825203902126979,0.3105839416058394,0.6894160583941605,baseline,female_P35,female,P35,1112047,ELA,MDMA,ELA_MDMA
2,active,8,blue,18,12-18,50.0,384.92,7.6984,12906.36,8693.64,121.0,106.66413223140496,0.0442760454769233,0.0057513308579605,24.0,231.28,9.636666666666668,0.0266033560165822,0.002760638811821,33.0,296.12,8.973333333333333,0.0340616818731854,0.0037958783662539,152,19632.96,129.16421052631577,2.2583129736220964,0.0174840458082,1.0,6.52,6.52,0.000749973543878,0.0001150266171592,241.0,2074.48,8.607800829875519,0.2386204167644393,0.0277214147353697,30.0,258.12,8.604000000000001,0.0296906704211354,0.0034507985147763,18.0,269.44,14.96888888888889,0.0309927717273777,0.0020704791088657,6.0,19.56,3.26,0.0022499206316341,0.0006901597029552,107.0,422.88,3.95214953271028,0.048642455864287,0.0123078480360355,13.0,29.52,2.270769230769231,0.0033955857385398,0.0014953460230697,4.0,4.0,1.0,4.0,4.0,1.0,0.0004601064686368,0.0004601064686368,0.0004601064686368,0.0004601064686368,0.5,0.5,0.5,0.5,189.63398659299483,8378.0,0.0226347560984715,0.004973622038744,2.047583296107206,0.0218198295634642,0.9636929985598668,322780.0,243942.0,18517.0,0.755753144556664,0.0573672470413284,58586.0,7249.0,13242.0,9673.0,7722.0,54.0,4372.0,1690.0,50864.0,7195.0,8870.0,7983.0,0.1318062335711603,0.8681937664288396,0.0074493033521865,0.9925506966478136,0.3301616070080048,0.6698383929919952,0.1747131189910059,0.825286881008994,baseline,female_P35,female,P35,1111890,ELA,MDMA,ELA_MDMA
2,active,8,blue,24,18-24,91.0,853.16,9.375384615384617,12270.04,9329.96,75.0,163.60053333333337,0.0914430501309759,0.0097535252026803,28.0,216.8,7.742857142857143,0.0232369699334187,0.0030010846777478,49.0,309.28,6.311836734693877,0.0331491238976372,0.0052518981860586,238,18431.6,77.4436974789916,1.9755282980848792,0.0255092197608564,3.0,10.76,3.5866666666666664,0.0011532739690202,0.0003215447869015,155.0,1239.08,7.994064516129032,0.1328065715179915,0.0166131473232468,37.0,248.96,6.728648648648649,0.0266839300490034,0.0039657190384524,15.0,256.64,17.109333333333332,0.0275070847034714,0.0016077239345077,6.0,36.68,6.113333333333333,0.0039314209278496,0.0006430895738031,108.0,501.6,4.644444444444445,0.0537622883699394,0.0115756123284558,18.0,45.08,2.5044444444444443,0.0048317463311739,0.0019292687214093,8.8,10.0,0.8800000000000001,6.8,8.0,0.85,0.0009431980415778,0.0010718159563385,0.0007288348503101,0.0008574527650708,0.5641025641025641,0.4358974358974358,0.5555555555555556,0.4444444444444444,241.6249742375936,9213.0,0.0262265249362415,0.0063650860134913,2.0568987901413176,0.0241762691685172,0.987464040574665,306826.0,225653.99999999997,30492.0,0.7354461486314718,0.0993788010142556,37393.0,7354.0,13229.0,21420.0,6632.0,853.0,3613.0,5916.0,30761.0,6501.0,9616.0,15504.0,0.1773593988179606,0.8226406011820394,0.1159912972531955,0.8840087027468044,0.2731121021997127,0.7268878978002873,0.2761904761904762,0.7238095238095238,baseline,female_P35,female,P35,1111890,ELA,MDMA,ELA_MDMA
2,active,8,green,18,12-18,86.0,573.76,6.671627906976744,12308.2,9291.8,247.0,49.830769230769235,0.0617490690716545,0.0092554725672097,90.0,608.84,6.76488888888889,0.0655244409048838,0.009685959663359,79.0,611.48,7.740253164556962,0.0658085623883424,0.0085021201489485,296,18835.44,63.63324324324323,2.0271034675735593,0.0318560451150476,10.0,26.04,2.604,0.0028024709959318,0.0010762177403732,144.0,1547.44,10.746111111111112,0.1665382380163154,0.0154975354613745,43.0,299.28,6.959999999999999,0.0322090445338901,0.0046277362836048,40.0,208.32,5.208,0.0224197679674551,0.0043048709614929,24.0,103.0,4.291666666666667,0.0110850427258442,0.0025829225768957,123.0,484.08,3.935609756097561,0.0520975483759874,0.0132374782065907,4.0,10.24,2.56,0.0011020469661421,0.0004304870961492,3.0,3.0,1.0,3.8,4.0,0.95,0.0003228653221119,0.0003228653221119,0.0004089627413418,0.0004304870961492,0.4411764705882353,0.5588235294117647,0.4285714285714285,0.5714285714285714,389.6204991157835,8906.0,0.0437480910752058,0.0135552093252084,2.0067589475777665,0.0391005913997928,0.9584795195764008,307952.0,242226.0,10309.0,0.7865706343845794,0.0334759962591572,46355.0,7847.0,30677.0,14430.0,7396.0,183.0,8255.0,1846.0,38959.0,7664.0,22422.0,12584.0,0.1595512889655916,0.8404487110344083,0.0233210144004077,0.9766789855995922,0.2690941095935065,0.7309058904064935,0.1279279279279279,0.872072072072072,baseline,female_P35,female,P35,1111991,CTRL,MDMA,CTRL_MDMA
2,active,8,green,24,18-24,149.0,937.68,6.293154362416107,10506.56,11093.44,203.0,51.75645320197044,0.0845256295612542,0.0134313612369111,94.0,514.36,5.471914893617021,0.0463661407101854,0.0084734762165748,97.0,642.0,6.618556701030927,0.057872039691926,0.0087439063085931,374,18062.08,48.29433155080214,1.6281766521475756,0.0337136181382871,6.0,12.2,2.033333333333333,0.0010997490408746,0.0005408601840366,141.0,2383.76,16.906099290780144,0.2148801453832174,0.0127102143248622,42.0,305.48,7.273333333333333,0.0275369948365881,0.0037860212882568,28.0,198.76,7.098571428571428,0.0179168950298554,0.0025240141921712,19.0,83.8,4.410526315789474,0.0075540139037124,0.0017127239161161,155.0,689.72,4.449806451612903,0.0621736810222978,0.0139722214209478,6.0,13.32,2.22,0.0012007096085614,0.0005408601840366,1.6,2.0,0.8,9.6,11.0,0.8727272727272727,0.0001442293824097,0.0001802867280122,0.0008653762944587,0.0009915770040672,0.1428571428571428,0.8571428571428572,0.1538461538461538,0.8461538461538461,503.9326197332016,10882.0,0.0463088237211175,0.0118501486081154,2.0164290296618317,0.0416482613954195,0.9809400871145468,262867.0,213611.3333333333,10571.0,0.8126213382940168,0.0402142528350839,67414.0,7111.0,29100.0,23591.0,14814.0,665.0,5949.0,4587.0,52600.0,6446.0,23151.0,19004.0,0.2197466401637642,0.7802533598362358,0.0935170862044719,0.906482913795528,0.2044329896907216,0.7955670103092783,0.1944385570768513,0.8055614429231487,baseline,female_P35,female,P35,1111991,CTRL,MDMA,CTRL_MDMA
2,active,8,red,18,12-18,83.0,630.24,7.593253012048192,13054.0,8546.0,112.0,116.55357142857144,0.0737467821202901,0.0097121460332319,87.0,386.08,4.437701149425287,0.0451766908495202,0.0101802012637491,225.0,1036.52,4.606755555555555,0.1212871518839223,0.0263281067165925,322,18934.4,58.80248447204969,2.215586239176223,0.0376784460566346,17.0,35.76,2.103529411764706,0.0041844137608237,0.0019892347296981,163.0,1424.96,8.742085889570552,0.1667399953194477,0.0190732506435759,37.0,168.04,4.541621621621621,0.0196630002340276,0.0043295108822841,28.0,111.32,3.9757142857142855,0.0130259770652937,0.0032763866136204,19.0,63.32,3.3326315789473684,0.0074093142990872,0.0022232623449567,140.0,603.4,4.31,0.0706061315235197,0.016381933068102,6.0,13.72,2.286666666666666,0.0016054294406739,0.0007020828457758,9.0,10.0,0.9,7.0,7.0,1.0,0.0010531242686637,0.001170138076293,0.0008190966534051,0.0008190966534051,0.5625,0.4375,0.5882352941176471,0.4117647058823529,424.9196181591695,8236.0,0.0515929599513318,0.0166069054223917,2.000609665124391,0.0484885308496944,0.9637257196349168,326462.0,252607.66666666663,13471.0,0.7737735683377136,0.0412636080156342,40025.0,4413.0,35877.0,15839.0,4874.0,22.0,9891.0,3280.0,35151.0,4391.0,25986.0,12559.0,0.1217738913179262,0.8782261086820737,0.0049852707908452,0.9950147292091548,0.2756919474872481,0.7243080525127519,0.2070837805417008,0.7929162194582992,baseline,female_P35,female,P35,1112048,ELA,MDMA,ELA_MDMA
2,active,8,red,24,18-24,151.0,1010.72,6.693509933774835,11581.0,10019.0,104.0,111.35576923076924,0.1008803273779818,0.0150713644076255,84.0,350.92,4.177619047619048,0.0350254516418804,0.0083840702664936,184.0,791.4,4.301086956521739,0.0789899191536081,0.0183651062980337,349,18008.76,51.60103151862464,1.797460824433576,0.0348338157500748,19.0,35.32,1.858947368421053,0.0035253019263399,0.0018963968459926,183.0,1472.68,8.047431693989072,0.1469887214292843,0.0182652959377183,68.0,262.6,3.8617647058823534,0.0262102006188242,0.0067871045014472,30.0,176.2,5.873333333333333,0.0175865854875736,0.002994310809462,20.0,75.48,3.774,0.0075336859966064,0.001996207206308,152.0,684.76,4.505,0.0683461423295738,0.0151711747679409,5.0,14.36,2.872,0.0014332767741291,0.000499051801577,13.0,15.0,0.8666666666666667,5.0,6.0,0.8333333333333334,0.0012975346841002,0.001497155404731,0.000499051801577,0.0005988621618924,0.7222222222222222,0.2777777777777778,0.7142857142857143,0.2857142857142857,466.6852355576385,9868.0,0.0472927883621441,0.0143902315244884,2.0109088182872488,0.0422415156156297,0.9849286355923744,289629.0,227586.0,18377.0,0.7857845726774598,0.0634501379350824,43633.0,6342.0,28826.0,25419.0,6172.0,286.0,7401.0,6264.0,37461.0,6056.0,21425.0,19155.0,0.1414525703022941,0.8585474296977058,0.0450961841690318,0.9549038158309682,0.2567473808367446,0.7432526191632554,0.2464298359494866,0.7535701640505134,baseline,female_P35,female,P35,1112048,ELA,MDMA,ELA_MDMA
2,active,8,yellow,18,12-18,68.0,574.08,8.442352941176472,12723.0,8877.0,94.0,135.35106382978722,0.0646704967894559,0.0076602455784611,46.0,324.12,7.046086956521739,0.0365123352483947,0.0051819308324884,78.0,554.24,7.105641025641026,0.0624355074912695,0.008786752281176,204,19368.44,94.94333333333331,2.1818677481131012,0.0229807367353835,15.0,32.2,2.146666666666667,0.0036273515827419,0.0016897600540723,89.0,913.76,10.266966292134832,0.1029356764672749,0.0100259096541624,97.0,1411.44,14.550927835051548,0.1589996620479891,0.0109271150163343,25.0,153.56,6.1424,0.0172986369268897,0.0028162667567872,29.0,164.96,5.6882758620689655,0.0185828545679846,0.0032668694378731,122.0,506.04,4.147868852459016,0.0570057451841838,0.0137433817731215,4.0,9.72,2.43,0.0010949645150388,0.0004506026810859,3.8,4.0,0.95,5.0,6.0,0.8333333333333334,0.0004280725470316,0.0004506026810859,0.0005632533513574,0.0006759040216289,0.4318181818181817,0.5681818181818181,0.4,0.6,267.9302977923379,8596.0,0.0311691830842645,0.0086846017502906,2.1121483002724184,0.0297636921901103,0.968345161653712,318169.0,235172.33333333337,27655.0,0.7391428245156925,0.0869192158884115,58316.0,8017.0,22083.0,14420.0,11099.0,243.0,5884.0,2081.0,47217.0,7774.0,16199.0,12339.0,0.1903251251800535,0.8096748748199465,0.0303105899962579,0.969689410003742,0.2664493048951682,0.7335506951048317,0.1443134535367545,0.8556865464632455,baseline,female_P35,female,P35,1112058,CTRL,MDMA,CTRL_MDMA
2,active,8,yellow,24,18-24,97.0,907.96,9.36041237113402,11741.12,9858.88,117.0,100.351452991453,0.0920956538673764,0.009838845791814,56.0,349.92,6.248571428571429,0.0354928754584699,0.0056801583952741,63.0,452.12,7.176507936507937,0.0458591645298451,0.0063901781946833,234,19036.36,81.35196581196581,1.9308846440975045,0.0237349475802525,13.0,33.36,2.566153846153846,0.0033837515011847,0.0013186081989029,94.0,954.28,10.151914893617022,0.0967939563114674,0.0095345515920672,64.0,843.88,13.185625,0.0855959297607841,0.0064916095945989,25.0,138.92,5.556799999999999,0.0140908500762764,0.0025357849978902,28.0,141.68,5.0600000000000005,0.0143708007400434,0.002840079197637,119.0,517.36,4.347563025210084,0.0524765490603395,0.0120703365899574,6.0,13.12,2.1866666666666665,0.0013307799668927,0.0006085883994936,3.4,4.0,0.85,5.4,6.0,0.9,0.000344866759713,0.0004057255996624,0.0005477295595442,0.0006085883994936,0.3863636363636363,0.6136363636363636,0.4,0.6,308.3193619335993,9703.0,0.0317756737023188,0.0089680548399725,2.054568212814779,0.0291386584689927,0.9841888733811548,293645.0,222410.0,29831.0,0.757411159733692,0.1015886529653152,45112.0,7068.0,20170.0,22796.0,12054.0,1146.0,4999.0,6276.0,33058.0,5922.0,15171.0,16520.0,0.2672016314949459,0.7327983685050541,0.1621392190152801,0.8378607809847198,0.2478433316807139,0.7521566683192861,0.2753114581505527,0.7246885418494473,baseline,female_P35,female,P35,1112058,CTRL,MDMA,CTRL_MDMA
3,active,1,blue,18,12-18,59.0,282.32,4.7850847457627115,14641.04,6958.959999999999,111.0,131.90126126126128,0.0405692804671962,0.0084782783634336,64.0,383.4,5.990625,0.0550944393989906,0.0091967765298262,79.0,339.48,4.297215189873418,0.0487831515053973,0.0113522710290043,207,20153.56,97.36019323671498,2.89605918125697,0.0297458240886569,4.0,6.04,1.51,0.0008679457850023,0.0005747985331141,171.0,1360.92,7.958596491228071,0.195563704921425,0.0245726372906296,32.0,781.28,24.415,0.1122696494878545,0.0045983882649131,40.0,183.84,4.596,0.026417740581926,0.0057479853311414,12.0,92.88,7.739999999999999,0.0133468219389104,0.0017243955993424,122.0,472.52,3.87311475409836,0.0679009507167737,0.0175313552599813,7.0,14.92,2.1314285714285712,0.0021439985285157,0.0010058974329497,1.6,2.0,0.8,3.2,4.0,0.8,0.0002299194132456,0.000287399266557,0.0004598388264913,0.0005747985331141,0.3333333333333333,0.6666666666666666,0.3333333333333333,0.6666666666666666,236.03638411197923,6846.0,0.034477999432074,0.0082573857810145,2.0226094411020785,0.0317195865810754,0.9837676894248568,366137.0,305239.0,10893.0,0.8336742803923122,0.0297511587192772,53758.0,6970.0,18215.0,7117.0,8544.0,559.0,4523.0,2265.0,45214.0,6411.0,13692.0,4852.0,0.158934484169798,0.8410655158302021,0.0802008608321377,0.9197991391678624,0.2483118309085918,0.7516881690914082,0.3182520725024589,0.6817479274975411,baseline,female_P35,female,P35,1111836,ELA,MDMA,ELA_MDMA
3,active,1,blue,24,18-24,36.0,174.44,4.845555555555555,14809.6,6790.4,70.0,211.56571428571428,0.0256892082940622,0.0053016022620169,44.0,181.36,4.121818181818182,0.0267082940622054,0.0064797360980207,55.0,223.08,4.056,0.0328522620169651,0.0080996701225259,167,19426.4,116.32574850299402,2.860862393967955,0.0245935438265787,4.0,10.6,2.65,0.0015610273327049,0.0005890669180018,159.0,1147.52,7.2171069182389935,0.1689915174363807,0.0234154099905749,14.0,136.12,9.722857142857142,0.0200459472196041,0.0020617342130065,19.0,76.2,4.010526315789474,0.0112217247879359,0.0027980678605089,16.0,93.6,5.85,0.0137841658812441,0.0023562676720075,75.0,317.04,4.2272,0.0466894439208294,0.0110450047125353,9.0,19.12,2.1244444444444444,0.002815739868049,0.0013254005655042,2.6,3.0,0.8666666666666667,3.6,4.0,0.9,0.0003828934967012,0.0004418001885014,0.0005301602262016,0.0005890669180018,0.4193548387096774,0.5806451612903226,0.4285714285714285,0.5714285714285714,210.76007056205825,5949.0,0.0354278148532624,0.0089415917277452,2.016202864515233,0.0336279999212002,0.8760897737983036,370310.0,326055.3333333333,21065.0,0.8804929203460163,0.0568847722178715,32264.0,4280.0,10210.0,4397.0,6031.0,231.0,1907.0,855.0,26233.0,4049.0,8303.0,3542.0,0.1869266055045871,0.8130733944954128,0.0539719626168224,0.9460280373831776,0.1867776689520078,0.8132223310479921,0.1944507618831021,0.8055492381168979,baseline,female_P35,female,P35,1111836,ELA,MDMA,ELA_MDMA
3,active,1,green,18,12-18,84.0,509.24,6.062380952380953,12821.52,8778.48,196.0,65.41591836734695,0.0580100427408845,0.0095688547447849,72.0,358.6,4.980555555555556,0.0408498965652368,0.0082018754955299,153.0,881.36,5.760522875816994,0.1004000692602819,0.0174289854280012,288,19237.36,66.79638888888888,2.191422660870675,0.0328075019821199,3.0,8.04,2.6799999999999997,0.0009158760970008,0.0003417448123137,141.0,1242.76,8.813900709219858,0.1415689276503449,0.0160620061787462,59.0,431.88,7.32,0.0491975831806873,0.006720981308837,24.0,136.68,5.695,0.0155698936490144,0.0027339584985099,21.0,108.64,5.173333333333334,0.0123757188032552,0.0023922136861962,117.0,474.12,4.052307692307692,0.0540093501380649,0.0133280476802362,4.0,9.08,2.27,0.0010343476319362,0.0004556597497516,1.6,2.0,0.8,2.6,3.0,0.8666666666666667,0.0001822638999006,0.0002278298748758,0.0002961788373385,0.0003417448123137,0.3809523809523809,0.6190476190476191,0.4,0.6,389.46295874613,8621.0,0.0451760768757835,0.0088938804352179,2.0406635896278833,0.0440817876813356,0.982060675652277,320734.0,287435.3333333333,5267.0,0.8961798042406895,0.0164217077079449,42066.0,6178.0,31224.0,12815.0,9430.0,244.0,4485.0,2552.0,32636.0,5934.0,26739.0,10263.0,0.2241715399610136,0.7758284600389863,0.039494982194885,0.9605050178051148,0.1436395080707148,0.8563604919292852,0.1991416309012875,0.8008583690987124,baseline,female_P35,female,P35,1111866,CTRL,MDMA,CTRL_MDMA
3,active,1,green,24,18-24,58.0,228.12,3.9331034482758622,15465.8,6134.200000000001,192.0,80.55104166666666,0.0371882234032147,0.0094551856802843,38.0,142.64,3.7536842105263153,0.0232532359557888,0.0061947768250138,98.0,497.84,5.08,0.081158097225392,0.0159760033908252,158,19611.68,124.12455696202532,3.1971047569365196,0.0257572299566365,3.0,5.6,1.8666666666666665,0.0009129144794757,0.0004890613282905,103.0,1161.0,11.271844660194176,0.1892667340484496,0.0167911056046428,23.0,135.32,5.883478260869565,0.0220599263147598,0.003749470183561,9.0,63.84,7.093333333333334,0.0104072250660232,0.0014671839848717,11.0,76.76,6.9781818181818185,0.0125134491865279,0.0017932248703987,55.0,198.2,3.603636363636363,0.0323106517557301,0.0089661243519937,4.0,9.68,2.42,0.0015780378859508,0.000652081771054,1.6,2.0,0.8,1.8,2.0,0.9,0.0002608327084216,0.000326040885527,0.0002934367969743,0.000326040885527,0.4705882352941176,0.5294117647058824,0.5,0.5,286.6500044754756,5195.0,0.0551780566844033,0.0105120897887999,2.0558333609552437,0.0504960077487183,0.8468912001564995,386837.0,345568.6666666666,6693.0,0.8933185467436326,0.0173018609905464,32534.0,3535.0,16148.0,5761.0,14696.0,59.0,2760.0,1329.0,17838.0,3476.0,13388.0,4432.0,0.4517120550808385,0.5482879449191614,0.0166902404526166,0.9833097595473832,0.1709189992568739,0.8290810007431261,0.2306891164728345,0.7693108835271654,baseline,female_P35,female,P35,1111866,CTRL,MDMA,CTRL_MDMA
3,active,1,red,18,12-18,43.0,231.44,5.382325581395349,16415.8,5184.200000000001,118.0,139.11694915254236,0.0446433393773388,0.0082944330851433,41.0,271.24,6.6156097560975615,0.0523205123259133,0.0079086454997878,62.0,380.52,6.137419354838709,0.073399945989738,0.0119594151460206,138,20467.16,148.3127536231884,3.9479881177423706,0.0266193433895297,9.0,13.12,1.4577777777777776,0.0025307665599321,0.0017360441340997,116.0,1418.28,12.22655172413793,0.2735774082790015,0.0223756799506191,30.0,659.2,21.973333333333336,0.1271555881331738,0.0057868137803325,7.0,71.96,10.28,0.013880637321091,0.0013502565487442,12.0,83.16,6.93,0.0160410477990818,0.002314725512133,79.0,309.04,3.9118987341772153,0.0596118976891323,0.0152386096215423,3.0,9.52,3.1733333333333333,0.0018363489062921,0.0005786813780332,0.0,0.0,0.0,0.8,1.0,0.8,0.0,0.0,0.0001543150341422,0.0001928937926777,0.0,1.0,0.0,1.0,157.08462031064022,5068.0,0.0309953868016259,0.0066380272909639,2.0168601068865923,0.0297294573346564,0.9775857412908452,410513.0,320015.6666666666,28767.0,0.7795506273045352,0.0700757345077987,52083.0,3897.0,16397.0,5829.0,9920.0,344.0,4675.0,1012.0,42163.0,3553.0,11722.0,4817.0,0.1904652189774014,0.8095347810225986,0.0882730305363099,0.91172696946369,0.2851131304506922,0.7148868695493078,0.173614685194716,0.8263853148052839,baseline,female_P35,female,P35,1111920,ELA,MDMA,ELA_MDMA
3,active,1,red,24,18-24,33.0,215.56,6.532121212121212,16148.16,5451.84,70.0,230.688,0.0395389446498796,0.0060530022891354,37.0,175.2,4.735135135135135,0.0321359394259552,0.0067866995363033,45.0,226.32,5.029333333333333,0.0415125902447614,0.0082540940306391,113,20028.6,177.24424778761062,3.6737321711568938,0.0207269472324939,6.0,19.48,3.2466666666666666,0.0035731055937078,0.0011005458707518,110.0,1164.8,10.589090909090908,0.2136526383753008,0.020176674297118,23.0,789.48,34.32521739130435,0.144809825673534,0.0042187591712155,10.0,71.88,7.188,0.0131845395316076,0.0018342431179198,8.0,51.64,6.455,0.0094720314609379,0.0014673944943358,58.0,246.8,4.255172413793104,0.0452691201502611,0.0106386100839349,2.0,3.92,1.96,0.0007190233022245,0.0003668486235839,2.8,3.0,0.9333333333333332,2.4,3.0,0.7999999999999999,0.0005135880730175,0.0005502729353759,0.0004402183483007,0.0005502729353759,0.5384615384615385,0.4615384615384615,0.5,0.5,144.61872551585802,4615.0,0.0313366685841512,0.0069652125866219,2.0860197882036156,0.0300070524916765,0.8465031989199976,403774.0,353275.3333333333,12806.0,0.874933337295946,0.0317157617875346,48990.0,3106.0,10120.0,5422.0,20203.0,83.0,2152.0,657.0,28787.0,3023.0,7968.0,4765.0,0.4123902837313737,0.5876097162686262,0.0267224726336123,0.9732775273663876,0.2126482213438735,0.7873517786561265,0.1211729988933972,0.8788270011066027,baseline,female_P35,female,P35,1111920,ELA,MDMA,ELA_MDMA
3,active,1,yellow,18,12-18,57.0,297.28,5.215438596491228,15965.44,5634.5599999999995,141.0,113.2300709219858,0.0527601090413448,0.0101161403907314,58.0,277.64,4.786896551724138,0.0492744775102226,0.0102936165379373,136.0,921.28,6.774117647058823,0.1635052248977737,0.0241367560199909,201,20368.2,101.33432835820896,3.614869661517493,0.0356727055883689,2.0,2.56,1.28,0.0004543389368468,0.0003549522944116,89.0,573.0,6.438202247191011,0.1016938323489323,0.0157953771013175,19.0,158.72,8.353684210526316,0.028169014084507,0.0033720467969104,11.0,92.72,8.42909090909091,0.0164555883689232,0.0019522376192639,9.0,47.6,5.288888888888889,0.0084478646069968,0.0015972853248523,45.0,195.4,4.342222222222222,0.0346788391640163,0.0079864266242617,1.0,2.0,2.0,0.0003549522944116,0.0001774761472058,5.0,6.0,0.8333333333333334,1.6,2.0,0.8,0.000887380736029,0.0010648568832348,0.0002839618355293,0.0003549522944116,0.7575757575757576,0.2424242424242424,0.75,0.25,278.4899373894336,5501.0,0.0506253294654487,0.0146037350476817,2.0613339901975327,0.0481909370641369,0.9762962857791914,399277.0,318537.3333333333,15936.0,0.7977853303178829,0.0399121411952103,18401.0,3528.0,30167.0,7489.0,1699.0,715.0,5493.0,2300.0,16702.0,2813.0,24674.0,5189.0,0.0923319384816042,0.9076680615183956,0.2026643990929705,0.7973356009070295,0.1820863857857924,0.8179136142142076,0.3071171050874616,0.6928828949125384,baseline,female_P35,female,P35,1111970,CTRL,MDMA,CTRL_MDMA
3,active,1,yellow,24,18-24,37.0,181.48,4.904864864864865,15673.76,5926.24,113.0,138.7058407079646,0.0306231269742703,0.0062434190987877,44.0,203.12,4.616363636363636,0.0342746834417775,0.0074246064958557,100.0,434.92,4.3492,0.0733888603903993,0.0168741056723993,123,20189.04,164.13853658536587,3.4067199438429765,0.0207551499770512,3.0,5.24,1.7466666666666668,0.0008842031372337,0.0005062231701719,132.0,822.32,6.22969696969697,0.1387591457652744,0.0222738194875671,14.0,89.96,6.425714285714285,0.0151799454628904,0.0023623747941359,7.0,14.16,2.0228571428571427,0.0023893733632117,0.0011811873970679,17.0,169.16,9.950588235294118,0.0285442371554307,0.0028685979643078,45.0,243.12,5.402666666666667,0.0410243257107373,0.0075933475525797,1.0,2.08,2.08,0.0003509813979859,0.0001687410567239,2.4,3.0,0.7999999999999999,1.6,2.0,0.8,0.0004049785361375,0.0005062231701719,0.0002699856907583,0.0003374821134479,0.6,0.4,0.6,0.4,238.9060461978815,5043.0,0.047373794605965,0.0107323044216269,2.087148443006127,0.0436394966477737,0.8509611490590999,391957.0,349794.6666666666,12469.0,0.8924312275751336,0.031812163068908,22953.0,4607.0,16095.0,4574.0,5735.0,307.0,3227.0,1287.0,17218.0,4300.0,12868.0,3287.0,0.2498584063085435,0.7501415936914565,0.0666377252007814,0.9333622747992186,0.2004970487729108,0.7995029512270891,0.2813729777000437,0.7186270222999562,baseline,female_P35,female,P35,1111970,CTRL,MDMA,CTRL_MDMA
3,active,2,blue,18,12-18,202.0,1325.2,6.560396039603961,11123.0,10477.0,88.0,126.39772727272728,0.1264865896726162,0.0192803283382647,139.0,862.88,6.207769784172662,0.0823594540421876,0.0132671566288059,98.0,420.76,4.293469387755102,0.0401603512455855,0.0093538226591581,341,18364.56,53.8550146627566,1.752845280137444,0.0325474849670707,63.0,138.84,2.203809523809524,0.0132518850816073,0.0060131717094588,117.0,1497.8,12.8017094017094,0.1429607712131335,0.0111673188889949,120.0,815.0,6.791666666666667,0.0777894435429989,0.0114536603989691,37.0,221.44,5.984864864864865,0.0211358213228977,0.0035315452896821,40.0,225.36,5.634,0.0215099742292641,0.0038178867996563,154.0,714.84,4.641818181818182,0.0682294549966593,0.0146988641786771,5.0,10.48,2.096,0.0010002863415099,0.000477235849957,5.8,7.0,0.8285714285714285,13.4,14.0,0.9571428571428572,0.0005535935859501,0.0006681301899398,0.0012789920778848,0.0013362603798797,0.3020833333333333,0.6979166666666667,0.3333333333333333,0.6666666666666666,440.3653457399882,10384.0,0.0424080648825104,0.0123416033033153,2.0338366756867425,0.0392566636426444,0.9911234131907988,278163.0,211821.3333333333,19976.0,0.7615007507588476,0.0718140083332434,58057.0,11247.0,32328.0,33332.0,18504.0,710.0,5450.0,5336.0,39553.0,10537.0,26878.0,27996.0,0.3187212566960056,0.6812787433039944,0.063127945229839,0.9368720547701608,0.1685845087849542,0.8314154912150458,0.1600864034561382,0.8399135965438618,baseline,female_P35,female,P35,1111837,ELA,MDMA,ELA_MDMA
3,active,2,blue,24,18-24,165.0,1213.84,7.35660606060606,11484.92,10115.08,86.0,133.54558139534885,0.1200030054136991,0.0163122783013085,108.0,534.36,4.947777777777778,0.0528280547459832,0.0106771276154019,59.0,246.48,4.177627118644067,0.0243675779133729,0.0058328752713769,270,17790.64,65.89125925925926,1.7588234596266168,0.0266928190385048,28.0,73.84,2.6371428571428575,0.0072999916955674,0.0027681441965856,151.0,1781.2,11.796026490066224,0.1760935158199441,0.0149282062030156,77.0,385.6,5.007792207792208,0.0381213000786943,0.0076123965406106,26.0,155.92,5.996923076923077,0.0154146086832728,0.0025704196111152,31.0,179.72,5.79741935483871,0.0177675312503707,0.0030647310747913,151.0,761.04,5.04,0.0752381592631991,0.0149282062030156,9.0,20.84,2.3155555555555556,0.0020602901806016,0.0008897606346168,6.2,7.0,0.8857142857142858,16.2,17.0,0.9529411764705882,0.0006129462149582,0.0006920360491464,0.0016015691423102,0.0016806589764984,0.2767857142857143,0.7232142857142857,0.2916666666666667,0.7083333333333334,362.0804105331901,8802.0,0.0411361520714826,0.0092939338340398,2.0611097991299427,0.0387892446288281,0.8701859006552592,287209.0,259094.99999999997,9391.0,0.9021130953417196,0.0326974433252439,54398.0,8448.0,19688.0,30511.0,11937.0,450.0,4308.0,8237.0,42461.0,7998.0,15380.0,22274.0,0.2194382146402441,0.7805617853597558,0.0532670454545454,0.9467329545454546,0.2188134904510361,0.7811865095489638,0.2699682081872112,0.7300317918127889,baseline,female_P35,female,P35,1111837,ELA,MDMA,ELA_MDMA
3,active,2,green,18,12-18,130.0,580.48,4.46523076923077,11250.04,10349.96,265.0,42.45298113207547,0.0560852409091436,0.0125604350161739,162.0,684.92,4.227901234567901,0.0661761011636759,0.0156522344047706,55.0,212.6,3.8654545454545457,0.0205411421879891,0.0053140301991505,286,19369.88,67.72685314685314,1.8714932231622152,0.0276329570355827,37.0,73.24,1.9794594594594592,0.0070763558506506,0.0035748930430649,108.0,996.72,9.22888888888889,0.0963018214563148,0.0104348229365137,206.0,1332.6,6.468932038834951,0.1287541207888726,0.019903458564091,42.0,227.08,5.406666666666667,0.0219401814113291,0.0040579866975331,40.0,219.24,5.481,0.0211826905611229,0.0038647492357458,141.0,607.2,4.306382978723405,0.0586668933986218,0.013623241056004,5.0,11.0,2.2,0.0010628060398301,0.0004830936544682,11.6,13.0,0.8923076923076922,15.8,17.0,0.9294117647058824,0.0011207772783662,0.0012560435016173,0.0015265759481196,0.0016425184251919,0.4233576642335766,0.5766423357664234,0.4333333333333333,0.5666666666666667,540.6080453561433,10131.0,0.0533617654087595,0.011430806091744,2.0866825042598047,0.0504032673004636,0.9788443626835274,281516.0,216334.66666666663,15172.0,0.7684631305739874,0.0538939172196251,58547.0,11240.0,22655.0,14642.0,20446.0,1131.0,5036.0,5248.0,38101.0,10109.0,17619.0,9394.0,0.3492237006165986,0.6507762993834014,0.1006227758007117,0.8993772241992882,0.2222908850143456,0.7777091149856544,0.358420980740336,0.641579019259664,baseline,female_P35,female,P35,1111921,ELA,MDMA,ELA_MDMA
3,active,2,green,24,18-24,172.0,873.6,5.079069767441861,11556.32,10043.68,107.0,108.0029906542056,0.0869800710496551,0.0171251971388972,146.0,580.68,3.977260273972602,0.0578154620617144,0.0145365045481337,32.0,120.2,3.75625,0.0119677249772991,0.003186083188632,280,17809.28,63.604571428571425,1.773182737801284,0.0278782279005304,28.0,58.32,2.0828571428571427,0.0058066366112819,0.002787822790053,103.0,1055.0,10.24271844660194,0.105041180125213,0.0102552052634094,83.0,600.52,7.235180722891566,0.0597908336386663,0.0082639032705143,44.0,242.68,5.515454545454546,0.0241624583817883,0.004380864384369,22.0,75.96,3.4527272727272726,0.0075629649690153,0.0021904321921845,150.0,573.88,3.8258666666666663,0.0571384193841301,0.0149347649467127,3.0,7.2,2.4,0.0007168687174422,0.0002986952989342,16.2,16.0,1.0125,11.4,12.0,0.95,0.0016129546142449,0.001593041594316,0.0011350421359501,0.001194781195737,0.5869565217391304,0.4130434782608695,0.5714285714285714,0.4285714285714285,439.53692087594777,8725.0,0.050376724455696,0.0130422368199812,2.075245406582633,0.0472189320949738,0.8687054944004587,289015.0,258914.66666666663,7067.0,0.8958520030678915,0.0244520180613463,41574.0,8032.0,17700.0,22012.0,12686.0,734.0,3662.0,8097.0,28888.0,7298.0,14038.0,13915.0,0.3051426372251888,0.6948573627748111,0.0913844621513944,0.9086155378486056,0.2068926553672316,0.7931073446327683,0.3678448119207705,0.6321551880792295,baseline,female_P35,female,P35,1111921,ELA,MDMA,ELA_MDMA
3,active,2,red,18,12-18,150.0,950.36,6.335733333333334,10619.56,10980.44,104.0,102.11115384615384,0.0865502657452706,0.0136606547642899,161.0,718.36,4.461863354037267,0.0654217863765022,0.0146624361136712,120.0,522.64,4.355333333333333,0.0475973640400566,0.0109285238114319,361,18334.2,50.787257617728535,1.6697145105296327,0.0328766424660578,31.0,52.2,1.6838709677419357,0.0047539078579729,0.0028232019846199,164.0,1544.36,9.416829268292682,0.1406464586118589,0.014935649208957,185.0,1333.0,7.205405405405405,0.1213976853386567,0.0168481408759576,31.0,180.4,5.819354838709677,0.0164292141298527,0.0028232019846199,30.0,167.6,5.586666666666667,0.0152635049232999,0.0027321309528579,181.0,780.64,4.31292817679558,0.0710936902346354,0.0164838567489098,7.0,15.4,2.2,0.0014024938891337,0.0006374972223335,21.4,21.0,1.019047619047619,6.4,7.0,0.9142857142857144,0.0019489200797053,0.0019124916670005,0.0005828546032763,0.0006374972223335,0.7697841726618705,0.2302158273381295,0.75,0.25,468.8508919701702,10875.0,0.0431127256984064,0.0110436049720709,2.002024081471364,0.0401560011173248,0.9903974704110218,265593.0,203836.3333333333,22593.0,0.7674763014587482,0.0850662479809332,72283.0,8761.0,31306.0,23909.0,24473.0,826.0,4656.0,3925.0,47810.0,7935.0,26650.0,19984.0,0.3385720017154794,0.6614279982845206,0.094281474717498,0.905718525282502,0.1487254839327924,0.8512745160672076,0.1641641222970429,0.8358358777029571,baseline,female_P35,female,P35,1111971,CTRL,MDMA,CTRL_MDMA
3,active,2,red,24,18-24,156.0,1314.48,8.426153846153847,11266.56,10333.44,70.0,160.95085714285713,0.1272064288368636,0.0150966183574879,105.0,433.12,4.124952380952381,0.0419144060448408,0.0101611854329245,70.0,269.4,3.848571428571428,0.0260706986250464,0.0067741236219497,296,16686.92,56.37472972972972,1.614846556422643,0.0286448656013873,19.0,38.2,2.0105263157894737,0.0036967360336925,0.0018386906973863,108.0,1070.96,9.916296296296297,0.1036402204880465,0.0104515050167224,91.0,678.16,7.452307692307692,0.0656277096494487,0.0088063607085346,21.0,143.32,6.824761904761904,0.013869534249969,0.0020322370865849,14.0,79.8,5.7,0.0077225009290226,0.0013548247243899,141.0,655.2,4.646808510638298,0.0634057971014492,0.0136450204384986,5.0,13.52,2.7039999999999997,0.0013083735909822,0.0004838659729964,12.2,13.0,0.9384615384615383,6.6,6.0,1.1,0.0011806329741112,0.0012580515297906,0.0006387030843552,0.0005806391675956,0.6489361702127661,0.351063829787234,0.6842105263157895,0.3157894736842105,392.6416537501846,9031.0,0.0434770959749955,0.011891999512224,2.0188355522683876,0.0400317980580849,0.8739587204261117,281734.0,254449.0,7744.0,0.9031533290266706,0.0274869202865113,43927.0,5613.0,17738.0,33018.0,6960.0,158.0,3215.0,9370.0,36967.0,5455.0,14523.0,23648.0,0.1584446923304573,0.8415553076695427,0.0281489399608052,0.9718510600391947,0.1812492952982297,0.8187507047017702,0.2837846023381186,0.7162153976618814,baseline,female_P35,female,P35,1111971,CTRL,MDMA,CTRL_MDMA
3,active,2,yellow,18,12-18,83.0,842.12,10.146024096385542,11521.36,10078.64,152.0,75.79842105263158,0.083554924077058,0.0082352380876784,78.0,352.84,4.523589743589743,0.0350086916488732,0.0077391394076978,46.0,215.04,4.674782608695652,0.021336212028607,0.0045641078558218,170,20259.56,119.17388235294118,2.010148194597684,0.0168673551193415,27.0,50.16,1.8577777777777775,0.0049768619575657,0.0026789328718954,99.0,889.52,8.985050505050506,0.0882579395632744,0.0098227538636165,237.0,1557.36,6.571139240506328,0.1545208480509275,0.0235150774310819,28.0,142.68,5.095714285714286,0.0141566719319273,0.0027781526078915,41.0,249.36,6.081951219512195,0.024741433367994,0.0040680091758411,118.0,453.8,3.845762711864406,0.0450259161950421,0.0117079288475429,3.0,7.96,2.6533333333333333,0.0007897890985291,0.0002976592079883,4.6,5.0,0.92,7.8,8.0,0.975,0.0004564107855821,0.0004960986799806,0.0007739139407697,0.000793757887969,0.3709677419354839,0.6290322580645162,0.3846153846153846,0.6153846153846154,369.0196905048025,9940.0,0.0371247173546079,0.0076154046826877,2.136038571093435,0.0354227801989524,0.986244175801497,288186.0,207301.66666666663,42269.0,0.7193328845490989,0.1466726350343181,61508.0,9870.0,14321.0,21136.0,15618.0,1004.0,3698.0,4587.0,45890.0,8866.0,10623.0,16549.0,0.2539181895038044,0.7460818104961956,0.1017223910840932,0.8982776089159068,0.2582221911877662,0.7417778088122338,0.2170230885692657,0.7829769114307343,baseline,female_P35,female,P35,1111867,CTRL,MDMA,CTRL_MDMA
3,active,2,yellow,24,18-24,71.0,456.24,6.4259154929577464,14090.12,7509.879999999999,140.0,100.6437142857143,0.0607519694056363,0.0094542123176402,51.0,168.2,3.2980392156862743,0.0223971621384096,0.0067910539183049,31.0,149.92,4.836129032258064,0.0199630353614172,0.0041278955189696,128,19624.2,153.3140625,2.6131176530117664,0.0170442137557457,14.0,41.48,2.962857142857142,0.0055233905202213,0.0018642108795346,103.0,1050.72,10.20116504854369,0.139911689667478,0.0137152657565766,97.0,440.0,4.536082474226804,0.058589484785376,0.012916318236776,15.0,104.04,6.936000000000001,0.0138537499933421,0.0019973687995014,20.0,126.72,6.336,0.0168737716181883,0.0026631583993352,85.0,311.88,3.6691764705882353,0.0415292920792342,0.0113184231971749,2.0,4.32,2.16,0.0005752422142564,0.0002663158399335,8.6,9.0,0.9555555555555556,9.0,10.0,0.9,0.0011451581117141,0.0011984212797008,0.0011984212797008,0.0013315791996676,0.4886363636363636,0.5113636363636364,0.4736842105263157,0.5263157894736842,268.0275733998942,6149.0,0.0435888068628873,0.0094929637227427,2.1207132476163806,0.0400448848299584,0.8187880498756306,352393.0,271200.0,47281.0,0.7695953097819763,0.1341712236054632,37468.0,5804.0,8035.0,11477.0,12585.0,332.0,2261.0,3789.0,24883.0,5472.0,5774.0,7688.0,0.3358866232518416,0.6641133767481584,0.0572019297036526,0.9427980702963472,0.2813939016801493,0.7186060983198507,0.3301385379454561,0.6698614620545439,baseline,female_P35,female,P35,1111867,CTRL,MDMA,CTRL_MDMA
3,active,3,blue,18,12-18,49.0,301.88,6.160816326530612,14336.0,7264.0,94.0,152.51063829787233,0.0415583700440528,0.0067455947136563,51.0,438.08,8.589803921568627,0.0603083700440528,0.0070209251101321,31.0,309.72,9.990967741935483,0.0426376651982378,0.0042676211453744,140,19791.84,141.37028571428573,2.724647577092511,0.0192731277533039,13.0,30.48,2.3446153846153845,0.0041960352422907,0.0017896475770925,144.0,871.6,6.052777777777778,0.1199889867841409,0.0198237885462555,82.0,1870.64,22.812682926829268,0.257522026431718,0.0112885462555066,21.0,208.4,9.923809523809524,0.0286894273127753,0.0028909691629955,14.0,111.16,7.94,0.0153028634361233,0.0019273127753303,90.0,417.44,4.638222222222222,0.0574669603524229,0.0123898678414096,9.0,22.16,2.462222222222222,0.0030506607929515,0.0012389867841409,5.0,6.0,0.8333333333333334,7.2,8.0,0.9,0.0006883259911894,0.0008259911894273,0.0009911894273127,0.001101321585903,0.4098360655737705,0.5901639344262296,0.4285714285714285,0.5714285714285714,180.4880552046615,6874.0,0.0262566271755399,0.004696494473311,2.097112009790427,0.0240518473836513,0.9463105726872246,358494.0,266890.3333333333,22898.0,0.7444764301029677,0.063872756587279,68782.0,8024.0,18777.0,7596.0,16682.0,648.0,3334.0,1437.0,52100.0,7376.0,15443.0,6159.0,0.2425343839958128,0.7574656160041872,0.0807577268195413,0.9192422731804586,0.177557650316877,0.822442349683123,0.1891785150078989,0.8108214849921012,baseline,female_P35,female,P35,1111922,ELA,saline,ELA_saline
3,active,3,blue,24,18-24,100.0,674.2,6.742000000000001,11528.16,10071.84,83.0,138.89349397590362,0.0669391094377988,0.0099286724173537,72.0,375.4,5.213888888888889,0.0372722362547459,0.0071486441404946,50.0,267.44,5.3488,0.0265532415129708,0.0049643362086768,194,18328.28,94.47567010309278,1.8197548809353603,0.0192616244896662,25.0,55.6,2.224,0.0055203418640486,0.0024821681043384,138.0,812.96,5.891014492753624,0.0807161352841188,0.0137015679359481,123.0,2575.4,20.93821138211382,0.255703029436528,0.012212267073345,26.0,130.6,5.023076923076923,0.0129668461770639,0.0025814548285119,16.0,102.68,6.4175,0.0101947608381388,0.0015885875867765,110.0,485.0,4.409090909090909,0.0481540612241655,0.0109215396590891,15.0,35.44,2.3626666666666667,0.0035187215047101,0.001489300862603,4.2,5.0,0.8400000000000001,13.2,13.0,1.015384615384615,0.0004170042415288,0.0004964336208676,0.0013105847590906,0.0012907274142559,0.2413793103448276,0.7586206896551725,0.2777777777777778,0.7222222222222222,282.52900303684385,8587.0,0.0329019451539354,0.0073398255671716,2.137663218993476,0.0294646760073872,0.8525751004781649,288287.0,242441.3333333333,21890.0,0.8409721330942197,0.0759312768178932,84970.0,5874.0,16193.0,16955.0,10007.0,0.0,4412.0,5731.0,74963.0,5874.0,11781.0,11224.0,0.1177709779922325,0.8822290220077674,0.0,1.0,0.272463410115482,0.727536589884518,0.3380123857269242,0.6619876142730758,baseline,female_P35,female,P35,1111922,ELA,saline,ELA_saline
3,active,3,green,18,12-18,65.0,386.24,5.942153846153846,13684.96,7915.040000000001,318.0,43.034465408805026,0.0487982372799126,0.0082122137095959,54.0,247.88,4.59037037037037,0.0313175928359174,0.0068224544664335,43.0,270.76,6.296744186046511,0.0342082920616952,0.0054326952232711,197,19724.04,100.1220304568528,2.491969718409509,0.0248893246275445,5.0,10.84,2.168,0.0013695445632618,0.0006317087468919,83.0,358.32,4.31710843373494,0.0452707756372677,0.010486365198407,115.0,1788.76,15.554434782608697,0.2259950676181042,0.0145293011785158,17.0,125.92,7.407058823529412,0.0159089530817279,0.0021478097394327,16.0,76.4,4.775,0.0096525096525096,0.0020214679900543,110.0,401.48,3.649818181818182,0.0507236855404394,0.0138975924316238,11.0,29.72,2.7018181818181817,0.003754876791526,0.0013897592431623,27.4,28.0,0.9785714285714284,1.6,2.0,0.8,0.0034617639329681,0.0035375689825951,0.0002021467990054,0.0002526834987567,0.9448275862068966,0.0551724137931034,0.9333333333333332,0.0666666666666666,346.56116199716274,7352.0,0.0471383517406369,0.0081617827962114,2.043084964394632,0.042885743727018,0.9288645414299864,342442.0,264975.3333333333,19889.0,0.7737816428280798,0.0580799084224481,53875.0,5091.0,13063.0,9721.0,16270.0,61.0,2683.0,2369.0,37605.0,5030.0,10380.0,7352.0,0.3019953596287703,0.6980046403712297,0.0119819288941268,0.9880180711058733,0.2053892673964633,0.7946107326035367,0.2436992079004217,0.7563007920995782,baseline,female_P35,female,P35,1111972,CTRL,saline,CTRL_saline
3,active,3,green,24,18-24,108.0,772.88,7.156296296296296,12084.88,9515.12,236.0,51.20711864406779,0.081226511068699,0.0113503560648735,71.0,336.68,4.741971830985916,0.0353836840733485,0.0074618081537594,71.0,289.48,4.07718309859155,0.0304231580894408,0.0074618081537594,245,17836.4,72.80163265306123,1.8745323232917712,0.0257484929249447,9.0,17.4,1.9333333333333331,0.0018286684771185,0.0009458630054061,63.0,367.64,5.835555555555556,0.0386374528119456,0.0066210410378429,85.0,792.8,9.327058823529413,0.0833200211873313,0.0089331506066134,24.0,129.8,5.408333333333334,0.0136414464557462,0.0025223013477496,10.0,46.88,4.688000000000001,0.004926895299271,0.0010509588948957,98.0,382.4,3.9020408163265303,0.0401886681408116,0.0102993971699778,3.0,6.04,2.013333333333333,0.000634779172517,0.0003152876684687,17.2,16.0,1.075,4.0,4.0,1.0,0.0018076492992206,0.0016815342318331,0.0004203835579582,0.0004203835579582,0.8113207547169812,0.1886792452830188,0.8,0.2,468.86331212588715,7915.0,0.0592373104391518,0.0155413342926212,2.041007347083791,0.0545239686527438,0.8318339653099487,302358.0,252958.66666666663,14079.0,0.8366197245208218,0.046564006905721,29142.0,4451.0,15796.0,19430.0,10621.0,618.0,4467.0,6045.0,18521.0,3833.0,11329.0,13385.0,0.3644567977489534,0.6355432022510465,0.1388452033250954,0.8611547966749045,0.2827931121802988,0.7172068878197012,0.3111168296448791,0.6888831703551209,baseline,female_P35,female,P35,1111972,CTRL,saline,CTRL_saline
3,active,3,red,18,12-18,52.0,533.44,10.25846153846154,13963.2,7636.799999999999,87.0,160.49655172413793,0.0698512465954326,0.0068091347161114,57.0,389.96,6.841403508771929,0.0510632725749004,0.0074638592080452,28.0,143.2,5.114285714285714,0.0187513094489838,0.0036664571548292,143,19716.36,137.87664335664337,2.581756756756757,0.0187251204693065,2.0,2.56,1.28,0.0003352189398701,0.0002618897967735,87.0,452.32,5.199080459770115,0.0592289964382987,0.011392206159648,96.0,2027.12,21.11583333333333,0.2654410224177666,0.0125707102451288,22.0,128.6,5.845454545454545,0.0168395139325371,0.0028807877645086,13.0,81.08,6.236923076923077,0.0106170123611984,0.0017022836790278,103.0,416.72,4.045825242718447,0.0545673580557301,0.0134873245338361,9.0,22.68,2.52,0.0029698302954116,0.0011785040854808,12.6,9.0,1.4,3.4,4.0,0.85,0.0016499057196731,0.0011785040854808,0.0004452126545149,0.000523779593547,0.7875,0.2125,0.6923076923076923,0.3076923076923077,194.61933196664583,7246.0,0.0268588644723496,0.0048606283668497,2.1325355826341217,0.0264669814519223,0.9488267337104548,349167.0,269595.3333333333,19264.0,0.7721100027589471,0.0551713077123554,62169.0,5277.0,13414.0,13388.0,14991.0,919.0,1892.0,1629.0,47178.0,4358.0,11522.0,11759.0,0.2411330405829271,0.7588669594170728,0.1741519802918325,0.8258480197081676,0.141046667660653,0.8589533323393469,0.1216761278757096,0.8783238721242904,baseline,female_P35,female,P35,1111868,CTRL,saline,CTRL_saline
3,active,3,red,24,18-24,79.0,570.68,7.22379746835443,12977.16,8622.84,92.0,141.05608695652174,0.0661823714692607,0.0091617147018847,58.0,349.68,6.02896551724138,0.0405527645184185,0.0067263221861938,32.0,169.68,5.3025,0.0196779715267823,0.0037110743096242,189,18262.56,96.6273015873016,2.1179286638740833,0.0219185326412179,4.0,11.2,2.8,0.0012988760083684,0.000463884288703,41.0,187.96,4.5843902439024395,0.0217979227261551,0.004754813959206,128.0,1929.4,15.0734375,0.2237545866559045,0.0148442972384968,13.0,104.76,8.05846153846154,0.0121491295211322,0.0015076239382848,15.0,108.88,7.258666666666667,0.0126269303384963,0.0017395660826363,106.0,438.0,4.132075471698113,0.0507953296129813,0.0122929336506301,15.0,41.24,2.7493333333333334,0.0047826470165281,0.0017395660826363,18.2,15.0,1.2133333333333334,3.2,4.0,0.8,0.0021106735135987,0.0017395660826363,0.0003711074309624,0.000463884288703,0.8504672897196262,0.1495327102803738,0.7894736842105263,0.2105263157894736,232.51167224414533,7140.0,0.0325646599781716,0.0068244094148581,2.0711909535045128,0.0307126216000661,0.8280334553349012,324521.0,254271.66666666663,33287.0,0.7835291604138611,0.1025727148628286,53103.0,5369.0,13074.0,14346.0,12585.0,358.0,2329.0,2515.0,40518.0,5011.0,10745.0,11831.0,0.2369922603242754,0.7630077396757246,0.0666790836282361,0.9333209163717638,0.1781398194890622,0.8218601805109378,0.1753101909940053,0.8246898090059948,baseline,female_P35,female,P35,1111868,CTRL,saline,CTRL_saline
3,active,3,yellow,18,12-18,64.0,399.16,6.236875,13801.08,7798.92,140.0,98.57914285714286,0.0511814456360624,0.0082062644571299,57.0,220.28,3.864561403508772,0.0282449364783841,0.0073087042821313,51.0,264.04,5.177254901960785,0.0338559698009468,0.0065393669892754,134,20285.52,151.3844776119403,2.601067840162484,0.0171818662071158,7.0,10.12,1.4457142857142855,0.0012976155672836,0.0008975601749985,111.0,684.04,6.162522522522522,0.0877095803008621,0.0142327399178347,110.0,1573.72,14.306545454545455,0.20178691408554,0.0141045170356921,34.0,258.08,7.590588235294117,0.0330917614233765,0.0043595779928502,9.0,39.96,4.44,0.0051237863704205,0.0011540059392839,71.0,335.52,4.725633802816901,0.0430213414165038,0.0091038246321285,4.0,9.92,2.48,0.0012719709908551,0.0005128915285706,2.0,2.0,1.0,34.8,31.0,1.1225806451612903,0.0002564457642853,0.0002564457642853,0.0044621562985644,0.0039749093464223,0.0543478260869565,0.9456521739130436,0.0606060606060606,0.9393939393939394,293.6697953353682,7359.0,0.039906209449024,0.0058931140067537,2.1402082297709963,0.036382242538105,0.9435921896878028,345167.0,265570.3333333333,20680.0,0.7693966495445199,0.0599130276069265,56665.0,7494.0,12216.0,10043.0,9553.0,764.0,3660.0,1531.0,47112.0,6730.0,8556.0,8512.0,0.1685873113915115,0.8314126886084885,0.1019482252468641,0.8980517747531358,0.299607072691552,0.7003929273084479,0.152444488698596,0.8475555113014039,baseline,female_P35,female,P35,1111838,ELA,saline,ELA_saline
3,active,3,yellow,24,18-24,75.0,337.76,4.503466666666666,12064.32,9535.68,150.0,80.4288,0.0354206516997214,0.0078651968186851,59.0,229.2,3.884745762711864,0.0240360414779019,0.0061872881640323,52.0,217.44,4.181538461538461,0.0228027786167321,0.0054532031276217,151,19061.08,126.23231788079472,1.9989219436893857,0.0158352629282861,8.0,15.96,1.995,0.0016737138830162,0.0008389543273264,66.0,340.8,5.163636363636364,0.0357394543441055,0.0069213732004429,91.0,1044.72,11.48043956043956,0.1095590456055572,0.009543105473338,20.0,150.24,7.512,0.0157555622671901,0.002097385818316,10.0,72.56,7.256,0.0076093157488506,0.001048692909158,86.0,387.24,4.502790697674419,0.0406095842142353,0.009018759018759,9.0,23.84,2.648888888888889,0.0025000838954327,0.0009438236182422,0.0,0.0,0.0,19.2,15.0,1.28,0.0,0.0,0.0020134903855834,0.001573039363737,0.0,1.0,0.0,1.0,337.1211715135587,7985.0,0.0422193076410217,0.0083762325841404,2.1183087396402733,0.0376688273097757,0.8373812879626833,301758.0,253642.3333333333,18882.0,0.8405488283105446,0.0625733203427912,34795.0,5600.0,11277.0,8519.0,8138.0,976.0,2389.0,2768.0,26657.0,4624.0,8888.0,5751.0,0.2338841787613162,0.7661158212386837,0.1742857142857143,0.8257142857142857,0.2118471224616476,0.7881528775383524,0.3249207653480455,0.6750792346519544,baseline,female_P35,female,P35,1111838,ELA,saline,ELA_saline
3,active,4,blue,18,12-18,93.0,947.2,10.18494623655914,10598.0,11002.0,89.0,119.07865168539324,0.0860934375568078,0.0084530085439011,89.0,653.4,7.341573033707865,0.0593892019632794,0.0080894382839483,64.0,316.08,4.93875,0.0287293219414651,0.0058171241592437,225,18861.92,83.83075555555554,1.7144082894019268,0.0204508271223413,35.0,111.36,3.1817142857142855,0.0101217960370841,0.0031812397745864,153.0,2039.16,13.327843137254902,0.1853444828213052,0.0139065624431921,136.0,1526.12,11.221470588235292,0.1387129612797673,0.012361388838393,30.0,206.28,6.876,0.0187493183057625,0.0027267769496455,30.0,185.84,6.1946666666666665,0.0168914742774041,0.0027267769496455,164.0,748.88,4.566341463414634,0.0680676240683512,0.0149063806580621,9.0,22.12,2.457777777777778,0.0020105435375386,0.0008180330848936,0.8,1.0,0.8,10.4,11.0,0.9454545454545454,7.271405199054717e-05,9.089256498818396e-05,0.0009452826758771,0.00099981821487,0.0714285714285714,0.9285714285714284,0.0833333333333333,0.9166666666666666,295.79470809429836,10916.0,0.0270973532515846,0.0065778437258481,2.105313972339204,0.0256485727122086,0.9921832394110162,265039.0,196991.3333333333,19762.0,0.7432541374414079,0.0745626115401884,89421.0,9863.0,24390.0,23773.0,31740.0,971.0,6382.0,7420.0,57681.0,8892.0,18008.0,16353.0,0.3549501794880397,0.6450498205119602,0.0984487478454831,0.9015512521545168,0.2616646166461664,0.7383353833538335,0.3121187902242039,0.687881209775796,baseline,female_P35,female,P35,1111923,ELA,saline,ELA_saline
3,active,4,blue,24,18-24,84.0,823.72,9.806190476190476,11946.08,9653.92,84.0,142.2152380952381,0.0853249250045577,0.0087011286606891,85.0,496.32,5.839058823529411,0.0514112402008717,0.0088047135256973,43.0,226.76,5.2734883720930235,0.0234889039892603,0.0044541491953527,218,18771.16,86.1062385321101,1.944408074647397,0.0225815005717884,23.0,59.96,2.6069565217391304,0.0062109485058919,0.0023824518951886,94.0,1391.8,14.806382978723404,0.1441694151184182,0.0097369773107711,108.0,1158.4,10.725925925925926,0.1199927076255034,0.011187165420886,16.0,111.32,6.9575,0.0115310671727132,0.0016573578401312,28.0,262.12,9.361428571428572,0.0271516648159504,0.0029003762202297,126.0,616.2,4.890476190476191,0.0638289938180552,0.0130516929910336,4.0,10.36,2.59,0.0010731392014849,0.0004143394600328,4.8,5.0,0.96,16.0,15.0,1.0666666666666669,0.0004972073520393,0.000517924325041,0.0016573578401312,0.001553772975123,0.2307692307692307,0.7692307692307692,0.25,0.75,261.67303919931777,9099.0,0.0287584393009471,0.0070279689119059,2.108950635912242,0.0272251285106245,0.9425186867096474,298736.0,236417.66666666663,28646.0,0.7913932926284969,0.0958906860907289,63957.0,9380.0,18205.0,20677.0,12682.0,1026.0,3585.0,7275.0,51275.0,8354.0,14620.0,13402.0,0.1982894757415138,0.8017105242584862,0.1093816631130064,0.8906183368869937,0.1969239219994507,0.8030760780005493,0.3518402089277941,0.6481597910722058,baseline,female_P35,female,P35,1111923,ELA,saline,ELA_saline
3,active,4,green,18,12-18,194.0,1296.08,6.680824742268041,8123.92,13476.08,155.0,52.4123870967742,0.0961763361452291,0.0143958777329906,112.0,587.92,5.249285714285714,0.0436269300864939,0.0083110221963657,86.0,357.28,4.154418604651163,0.0265121608064066,0.0063816777579236,349,18635.48,53.396790830945555,1.3828561421422254,0.0258977388083181,57.0,132.84,2.3305263157894736,0.0098574659693323,0.0042297166535075,162.0,2371.76,14.640493827160496,0.1759977678968958,0.0120212999626004,102.0,1036.8,10.16470588235294,0.0769363197606425,0.0075689666431187,47.0,280.36,5.965106382978724,0.0208042694908311,0.0034876611002606,64.0,437.48,6.835625,0.032463446343447,0.0047491555407804,187.0,879.64,4.703957219251337,0.0652741746858136,0.0138764388457177,7.0,18.52,2.6457142857142855,0.0013742868846133,0.0005194388872728,4.6,5.0,0.92,4.0,4.0,1.0,0.0003413455544935,0.0003710277766234,0.0002968222212987,0.0002968222212987,0.5348837209302325,0.4651162790697674,0.5555555555555556,0.4444444444444444,558.7938719851143,13333.0,0.0419105881635876,0.0097166899080561,2.0936992182701464,0.0378921069173922,0.9893826691441427,203253.0,162873.66666666666,13312.0,0.8013346256471818,0.0654947282450935,85478.0,18057.0,23828.0,32596.0,20435.0,1096.0,6139.0,8026.0,65043.0,16961.0,17689.0,24570.0,0.2390673623622452,0.7609326376377548,0.0606966827269203,0.9393033172730796,0.2576380728554641,0.7423619271445359,0.2462265308626825,0.7537734691373175,baseline,female_P35,female,P35,1111973,CTRL,saline,CTRL_saline
3,active,4,green,24,18-24,135.0,992.0,7.348148148148148,12194.92,9405.08,140.0,87.10657142857143,0.1054749135573541,0.0143539448893576,79.0,350.72,4.439493670886076,0.0372904855673742,0.0083997158982167,41.0,165.56,4.038048780487805,0.0176032527102374,0.0043593462256567,232,19071.84,82.20620689655172,2.02782326147146,0.0246675201061554,28.0,48.56,1.7342857142857144,0.0051631671394608,0.0029771144955704,141.0,1496.64,10.614468085106385,0.15913102280895,0.0149918979955513,92.0,656.64,7.137391304347826,0.0698175879418357,0.009781947628303,27.0,181.6,6.725925925925925,0.0193087140141285,0.0028707889778715,34.0,171.68,5.049411764705883,0.0182539648785549,0.0036150676017641,121.0,530.8,4.386776859504132,0.0564375847946003,0.0128653876415724,9.0,19.56,2.1733333333333333,0.0020797271261913,0.0009569296592905,4.8,5.0,0.96,24.8,24.0,1.0333333333333334,0.0005103624849549,0.0005316275884947,0.0026368728389338,0.0025518124247746,0.1621621621621621,0.8378378378378378,0.1724137931034483,0.8275862068965517,404.13151206418416,8814.0,0.0458510905450628,0.0114972323030345,2.143519415475362,0.0413173466696175,0.9371531129985072,305013.0,250624.99999999997,11872.0,0.8216862887811338,0.0389229311537541,54065.0,8893.0,13027.0,24935.0,19431.0,1338.0,4225.0,8852.0,34634.0,7555.0,8802.0,16083.0,0.3594007213539258,0.6405992786460741,0.1504554143708534,0.8495445856291465,0.3243263990174253,0.6756736009825747,0.3550030078203328,0.6449969921796671,baseline,female_P35,female,P35,1111973,CTRL,saline,CTRL_saline
3,active,4,red,18,12-18,120.0,1308.08,10.900666666666666,10141.44,11458.56,82.0,123.67609756097562,0.1141574508489722,0.0104725201072386,115.0,901.68,7.840695652173912,0.0786905160857908,0.0100361651027703,87.0,399.2,4.588505747126437,0.0348385835567471,0.0075925770777479,315,17739.2,56.31492063492064,1.548117739052726,0.0274903652815013,27.0,96.12,3.56,0.0083884886058981,0.0023563170241286,114.0,763.44,6.696842105263158,0.066626172922252,0.0099488941018766,149.0,736.88,4.945503355704698,0.0643082551385165,0.0130033791331546,21.0,157.28,7.48952380952381,0.013725983020554,0.0018326910187667,51.0,315.88,6.193725490196078,0.0275671637622877,0.0044508210455764,168.0,890.6,5.3011904761904765,0.0777235533958892,0.014661528150134,8.0,20.52,2.565,0.0017908009383378,0.0006981680071492,15.2,14.0,1.0857142857142856,1.6,2.0,0.8,0.0013265192135835,0.0012217940125111,0.0001396336014298,0.0001745420017873,0.9047619047619048,0.0952380952380952,0.875,0.125,323.5318487169709,11378.0,0.0284348610227606,0.0084900720110254,2.0092142666716915,0.0271900505045485,0.9929694481680073,253618.0,194179.33333333337,15305.0,0.7656370341747563,0.0603466630917363,37771.0,11901.0,32724.0,32822.0,11075.0,583.0,5947.0,7594.0,26696.0,11318.0,26777.0,25228.0,0.2932143708135871,0.7067856291864129,0.0489874800436938,0.9510125199563062,0.1817320620950984,0.8182679379049016,0.2313692035829626,0.7686307964170374,baseline,female_P35,female,P35,1111839,ELA,saline,ELA_saline
3,active,4,red,24,18-24,161.0,1568.28,9.740869565217391,10116.0,11484.0,76.0,133.10526315789474,0.1365621734587251,0.0140195053988157,89.0,539.44,6.061123595505618,0.0469731800766283,0.0077499129223267,44.0,249.44,5.669090909090909,0.0217206548241031,0.003831417624521,281,16605.32,59.09366548042704,1.4459526297457332,0.0244688261929641,21.0,62.24,2.963809523809524,0.0054197143852316,0.0018286311389759,33.0,254.52,7.712727272727273,0.0221630094043887,0.0028735632183908,146.0,981.44,6.722191780821918,0.0854615116684082,0.0127133402995471,19.0,135.56,7.134736842105263,0.0118042493904562,0.0016544757924068,34.0,257.48,7.5729411764705885,0.022420759317311,0.0029606408916753,182.0,915.0,5.027472527472527,0.0796760710553814,0.0158481365377917,13.0,33.16,2.5507692307692307,0.0028874956461163,0.0011320097526994,42.6,40.0,1.065,2.4,3.0,0.7999999999999999,0.0037095088819226,0.0034831069313827,0.0002089864158829,0.0002612330198537,0.9466666666666668,0.0533333333333333,0.9302325581395348,0.0697674418604651,324.9436274794393,10930.0,0.0297295176101957,0.0083144843880646,2.025670177145019,0.0273818960909173,0.9517589690003484,252976.0,218357.66666666663,13529.0,0.8631556616701452,0.0534793814432989,31078.0,9879.0,19855.0,39368.0,9512.0,1488.0,4098.0,11738.0,21566.0,8391.0,15757.0,27630.0,0.3060686015831134,0.6939313984168866,0.1506225326450045,0.8493774673549954,0.2063963737093931,0.7936036262906069,0.298160942897785,0.701839057102215,baseline,female_P35,female,P35,1111839,ELA,saline,ELA_saline
3,active,4,yellow,18,12-18,90.0,520.32,5.781333333333334,12448.8,9151.2,153.0,81.36470588235294,0.0568581169682664,0.0098347757671125,64.0,374.48,5.85125,0.0409214092140921,0.00699361832328,76.0,354.84,4.668947368421052,0.0387752425911355,0.008304921758895,192,20152.72,104.96208333333334,2.202194247748929,0.02098085496984,19.0,46.44,2.444210526315789,0.00507474429583,0.0020762304397237,138.0,1218.12,8.82695652173913,0.1331104117492787,0.0150799895095725,98.0,807.72,8.242040816326531,0.0882638342512457,0.0107089780575225,32.0,211.8,6.61875,0.0231445056386047,0.00349680916164,62.0,376.88,6.078709677419355,0.0411836699012151,0.0067750677506775,111.0,450.32,4.056936936936937,0.0492088469271789,0.0121295567794387,6.0,13.16,2.193333333333334,0.0014380627677244,0.0006556517178075,4.0,5.0,0.8,8.6,8.0,1.075,0.000437101145205,0.0005463764315062,0.0009397674621907,0.00087420229041,0.3174603174603174,0.6825396825396826,0.3846153846153846,0.6153846153846154,310.9552392850883,9007.0,0.0345237303525134,0.0080911056090831,2.127965062028108,0.0315136279487386,0.9842425037153596,311373.0,208485.66666666663,42408.0,0.6695688664934553,0.1361967800676359,50882.0,14811.0,18373.0,13098.0,22299.0,1336.0,5087.0,4305.0,28583.0,13475.0,13286.0,8793.0,0.4382492826539837,0.5617507173460162,0.0902032273310377,0.9097967726689624,0.2768736733249877,0.7231263266750122,0.3286761337608795,0.6713238662391204,baseline,female_P35,female,P35,1111869,CTRL,saline,CTRL_saline
3,active,4,yellow,24,18-24,105.0,896.8,8.54095238095238,12420.56,9179.44,94.0,132.1336170212766,0.0976965915132077,0.0114386062766356,64.0,361.6,5.65,0.0393923812345851,0.0069721028733778,41.0,182.0,4.439024390243903,0.0198269175461683,0.0044665034032577,203,19119.8,94.18620689655172,2.082893945600167,0.0221146388014955,16.0,33.04,2.065,0.0035993481083813,0.0017430257183444,117.0,1207.12,10.317264957264957,0.1315025753204988,0.0127458755653939,72.0,729.4,10.130555555555556,0.0794601849350287,0.0078436157325501,19.0,140.12,7.374736842105263,0.0152645477284017,0.002069843040534,44.0,249.08,5.660909090909091,0.0271345528703276,0.0047933207254473,104.0,398.68,3.8334615384615383,0.0434318433368484,0.011329667169239,4.0,8.88,2.22,0.0009673792736811,0.0004357564295861,2.4,3.0,0.7999999999999999,11.4,11.0,1.0363636363636364,0.0002614538577516,0.0003268173221895,0.0012419058243204,0.0011983301813618,0.1739130434782608,0.8260869565217391,0.2142857142857142,0.7857142857142857,285.09199161987283,8606.0,0.0331271196397714,0.0063479151980559,2.151417294521636,0.0300247196555142,0.937529958254534,310608.0,246130.3333333333,22763.0,0.7924146619962568,0.0732852985113068,48602.0,9793.0,13695.0,22525.0,12371.0,1302.0,2953.0,6193.0,36231.0,8491.0,10742.0,16332.0,0.2545368503353771,0.7454631496646229,0.132952108649035,0.8670478913509649,0.2156261409273457,0.7843738590726542,0.2749389567147614,0.7250610432852386,baseline,female_P35,female,P35,1111869,CTRL,saline,CTRL_saline
3,active,5,blue,18,12-18,68.0,716.16,10.531764705882352,12595.48,9004.52,126.0,99.96412698412698,0.0795333898975181,0.007551762892414,59.0,419.72,7.113898305084747,0.046612145900059,0.0065522648625357,75.0,430.24,5.736533333333333,0.0477804480416501,0.008329150248986,202,18575.56,91.95821782178218,2.062915069320741,0.0224331780039358,3.0,6.04,2.013333333333333,0.000670774233385,0.0003331660099594,19.0,63.36,3.334736842105263,0.0070364661303434,0.0021100513964098,131.0,431.44,3.2934351145038168,0.0479137144456339,0.0145482491015623,22.0,160.16,7.28,0.0177866227183681,0.0024432174063692,10.0,75.0,7.5,0.008329150248986,0.0011105533665314,106.0,465.92,4.395471698113208,0.0517429024534345,0.0117718656852336,8.0,19.8,2.475,0.0021988956657323,0.0008884426932251,3.2,4.0,0.8,6.6,7.0,0.9428571428571428,0.00035537707729,0.0004442213466125,0.0007329652219107,0.000777387356572,0.3265306122448979,0.6734693877551019,0.3636363636363636,0.6363636363636364,250.6294178758812,8631.0,0.0290382826875079,0.0070480971285531,2.128317668323461,0.0274922395493312,0.9585186106533164,315013.0,230596.6666666667,27335.0,0.732022699592292,0.0867741966204569,12520.0,5911.0,21383.0,17972.0,1816.0,370.0,5432.0,4179.0,10704.0,5541.0,15951.0,13793.0,0.1450479233226837,0.8549520766773163,0.0625951615631872,0.9374048384368128,0.2540335780760417,0.7459664219239582,0.2325283774760738,0.7674716225239261,baseline,female_P35,female,P35,1112045,ELA,saline,ELA_saline
3,active,5,blue,24,18-24,58.0,361.96,6.240689655172414,14423.24,7176.76,100.0,144.23239999999998,0.0504350152436475,0.0080816412977443,39.0,203.48,5.217435897435897,0.0283526270907763,0.0054342070795177,78.0,414.08,5.308717948717948,0.0576973453201723,0.0108684141590355,191,19184.4,100.44188481675394,2.673128264007714,0.0266136808253306,1.0,1.0,1.0,0.0001393386430645,0.0001393386430645,24.0,82.84,3.4516666666666667,0.011542813191468,0.0033441274335494,74.0,330.84,4.470810810810811,0.0460987966714784,0.0103110595867773,16.0,72.0,4.5,0.0100323823006482,0.0022294182890329,9.0,68.72,7.635555555555555,0.0095753515513964,0.001254047787581,120.0,539.84,4.498666666666667,0.0752205730719711,0.016720637167747,12.0,28.16,2.3466666666666667,0.0039237761886979,0.0016720637167747,8.6,9.0,0.9555555555555556,11.8,12.0,0.9833333333333334,0.0011983123303552,0.001254047787581,0.0016441959881617,0.0016720637167747,0.4215686274509804,0.5784313725490197,0.4285714285714285,0.5714285714285714,232.95588170325215,6798.0,0.034268296808363,0.0086031587164044,2.0475476119036755,0.0320916174736725,0.9472240955528678,360681.0,319597.3333333333,14944.0,0.8860941755549455,0.041432734188937,10440.0,3543.0,15556.0,9107.0,1807.0,198.0,3350.0,4341.0,8633.0,3345.0,12206.0,4766.0,0.1730842911877394,0.8269157088122605,0.0558848433530906,0.9441151566469094,0.2153509899717151,0.7846490100282849,0.4766663006478533,0.5233336993521467,baseline,female_P35,female,P35,1112045,ELA,saline,ELA_saline
3,active,5,green,18,12-18,122.0,958.28,7.854754098360655,10035.96,11564.04,173.0,58.01132947976878,0.0828672332506632,0.0105499462125693,112.0,607.2,5.421428571428572,0.0525076011497711,0.0096851965230144,126.0,659.64,5.2352380952380955,0.0570423485217968,0.0108958460883912,381,17864.16,46.88755905511811,1.544802681415837,0.0329469631720402,3.0,10.12,3.373333333333333,0.0008751266858295,0.0002594249068664,62.0,338.28,5.456129032258064,0.0292527524982618,0.0053614480752401,208.0,775.56,3.728653846153846,0.0670665269231168,0.0179867935427411,32.0,148.88,4.6525,0.0128743933780927,0.0027671990065755,37.0,203.52,5.500540540540541,0.0175993856818205,0.0031995738513529,128.0,628.84,4.9128125,0.0543789194779679,0.0110687960263022,10.0,24.24,2.424,0.0020961532474809,0.0008647496895548,3.6,4.0,0.9,1.8,2.0,0.9,0.0003113098882397,0.0003458998758219,0.0001556549441198,0.0001729499379109,0.6666666666666666,0.3333333333333333,0.6666666666666666,0.3333333333333333,493.1956194144373,11176.0,0.0441298872060162,0.0113368993961999,2.0273680467703543,0.0407504498492866,0.966444253046513,251072.0,203063.66666666663,16200.0,0.808786589769734,0.0645233239867448,28116.0,8879.0,31909.0,24079.0,2307.0,345.0,6738.0,5416.0,25809.0,8534.0,25171.0,18663.0,0.0820529236022193,0.9179470763977806,0.0388557269962833,0.9611442730037166,0.2111629947663668,0.7888370052336331,0.2249262843141326,0.7750737156858674,baseline,female_P35,female,P35,1112055,CTRL,saline,CTRL_saline
3,active,5,green,24,18-24,91.0,1130.4,12.421978021978022,13551.12,8048.879999999999,140.0,96.79371428571427,0.1404418999910547,0.0113059208237667,55.0,275.84,5.015272727272727,0.0342706065937124,0.0068332488495293,78.0,404.48,5.185641025641026,0.0502529544483207,0.0096907892775143,250,18671.0,74.684,2.3197016230829632,0.0310602220433153,1.0,2.32,2.32,0.0002882388605619,0.0001242408881732,37.0,132.12,3.5708108108108108,0.0164147061454512,0.0045969128624106,169.0,623.52,3.6894674556213016,0.0774666785937919,0.0209967101012811,16.0,152.84,9.5525,0.0189889773484012,0.0019878542107721,21.0,86.16,4.102857142857142,0.0107045949250082,0.0026090586516384,111.0,461.4,4.1567567567567565,0.0573247458031428,0.013790738587232,12.0,27.36,2.28,0.0033992307004204,0.0014908906580791,3.4,4.0,0.85,9.0,9.0,1.0,0.000422419019789,0.000496963552693,0.0011181679935593,0.0011181679935593,0.2741935483870967,0.7258064516129032,0.3076923076923077,0.6923076923076923,332.47247713454937,7665.0,0.0433754047142269,0.0099027301752533,2.0514839939877936,0.0395135885187477,0.9523064078480484,338918.0,310758.3333333333,13675.0,0.9169130389455068,0.0403489929717512,19097.0,6012.0,17141.0,28351.0,2710.0,377.0,4049.0,6431.0,16387.0,5635.0,13092.0,21920.0,0.1419071058281405,0.8580928941718594,0.0627079174983366,0.9372920825016632,0.2362172568694941,0.7637827431305058,0.2268350322739938,0.7731649677260062,baseline,female_P35,female,P35,1112055,CTRL,saline,CTRL_saline
3,active,5,red,18,12-18,68.0,469.4,6.902941176470588,12835.56,8764.44,98.0,130.97510204081632,0.0535573293901264,0.0077586246240489,51.0,357.16,7.0031372549019615,0.0407510348636079,0.0058189684680367,97.0,649.52,6.696082474226804,0.0741085568501809,0.011067449831364,225,19564.96,86.95537777777777,2.2323114768313777,0.0256719197119268,11.0,31.92,2.901818181818182,0.0036419896764653,0.0012550716303608,71.0,450.2,6.340845070422535,0.051366658908042,0.0081009168868746,283.0,1327.92,4.692296819787986,0.1515122472171639,0.0322895701265568,32.0,191.2,5.975,0.0218154268840907,0.0036511174701407,19.0,125.6,6.610526315789474,0.0143306360703022,0.002167850997896,112.0,425.32,3.7975,0.0485279150750076,0.0127789111454924,8.0,19.32,2.415,0.0022043621725974,0.0009127793675351,4.0,5.0,0.8,2.6,3.0,0.8666666666666667,0.0004563896837675,0.0005704871047094,0.0002966532944489,0.0003422922628256,0.6060606060606061,0.393939393939394,0.625,0.375,268.618369922741,8419.0,0.0319062085666636,0.0092217802580471,2.070049125400605,0.0301481649216309,0.960586186909831,320987.0,231152.66666666663,28464.0,0.7201309294976639,0.0886764884559187,44807.0,7971.0,25315.0,11803.0,4711.0,797.0,5632.0,2514.0,40096.0,7174.0,19683.0,9289.0,0.1051398219028276,0.8948601780971723,0.0999874545226445,0.9000125454773554,0.2224767924155639,0.7775232075844362,0.2129966957553164,0.7870033042446836,baseline,female_P35,female,P35,1111988,CTRL,saline,CTRL_saline
3,active,5,red,24,18-24,66.0,1271.88,19.270909090909093,13610.36,7989.639999999999,82.0,165.98000000000002,0.1591911525425426,0.0082606976033964,51.0,419.36,8.222745098039216,0.0524879719236411,0.0063832663298972,66.0,415.8,6.3,0.0520423949013973,0.0082606976033964,195,18686.6,95.82871794871794,2.33885381569132,0.0244066065554893,3.0,3.92,1.3066666666666666,0.0004906353728077,0.0003754862546998,49.0,332.64,6.788571428571428,0.0416339159211178,0.0061329421600973,138.0,764.72,5.541449275362319,0.0957139495646862,0.0172723677161924,15.0,104.64,6.976,0.0130969605639302,0.0018774312734991,11.0,84.84,7.712727272727273,0.0106187512829113,0.0013767829338993,133.0,599.52,4.507669172932331,0.0750371731392152,0.0166465572916927,12.0,33.12,2.76,0.0041453682518861,0.0015019450187993,14.8,17.0,0.8705882352941177,0.0,0.0,0.0,0.0018523988565191,0.002127755443299,0.0,0.0,1.0,0.0,1.0,0.0,227.5586853079756,7631.0,0.0298202968559789,0.007159319983022,2.1323328854789807,0.0267648864207949,0.9551118698714836,340341.0,312702.3333333333,11671.0,0.9187912515193096,0.0342920776515318,27621.0,4763.0,20996.0,31863.0,3501.0,38.0,3625.0,7687.0,24120.0,4725.0,17371.0,24176.0,0.1267513848159009,0.873248615184099,0.0079781650220449,0.992021834977955,0.1726519337016574,0.8273480662983426,0.2412516084486708,0.7587483915513291,baseline,female_P35,female,P35,1111988,CTRL,saline,CTRL_saline
3,active,5,yellow,18,12-18,86.0,825.96,9.604186046511629,12197.52,9402.48,177.0,68.91254237288136,0.0878449090027312,0.0091465230449838,68.0,325.28,4.783529411764706,0.0345951280938646,0.0072321345006849,126.0,765.48,6.075238095238095,0.0814125634938867,0.0134007198100926,250,18930.68,75.72272,2.013370940432737,0.0265887297819298,4.0,9.6,2.4,0.0010210072236261,0.0004254196765108,36.0,189.04,5.251111111111111,0.020105333911904,0.0038287770885979,137.0,712.0,5.197080291970803,0.0757247024189362,0.0145706239204975,20.0,156.48,7.824,0.0166424177451055,0.0021270983825543,5.0,19.28,3.856,0.0020505228407824,0.0005317745956385,117.0,562.56,4.8082051282051275,0.0598310233044898,0.0124435255379431,6.0,14.64,2.44,0.0015570360160298,0.0006381295147663,5.2,5.0,1.04,5.0,6.0,0.8333333333333334,0.0005530455794641,0.0005317745956385,0.0005317745956385,0.0006381295147663,0.5098039215686275,0.4901960784313726,0.4545454545454545,0.5454545454545454,318.40432732791334,8980.0,0.0354570520409703,0.0076056217792154,2.093857948154286,0.0346136638759351,0.9550671737669212,305115.0,227992.99999999997,21980.0,0.7472362879569997,0.0720384117463907,22699.0,4419.0,27463.0,20735.0,3033.0,436.0,7179.0,2984.0,19666.0,3983.0,20284.0,17751.0,0.1336182210670073,0.8663817789329926,0.0986648563023308,0.9013351436976692,0.2614062556894731,0.7385937443105269,0.1439112611526404,0.8560887388473596,baseline,female_P35,female,P35,1111887,ELA,saline,ELA_saline
3,active,5,yellow,24,18-24,75.0,580.08,7.734400000000001,15117.04,6482.959999999999,133.0,113.66195488721806,0.0894776460135493,0.0115687895652603,48.0,293.48,6.114166666666667,0.0452694448215012,0.0074040253217666,109.0,583.28,5.351192660550458,0.0899712477016671,0.0168133075015116,182,19799.64,108.78923076923076,3.0541049150388098,0.0280735960116983,3.0,5.08,1.6933333333333334,0.0007835926798869,0.0004627515826104,77.0,479.64,6.229090909090909,0.0739847230277527,0.0118772906203339,39.0,256.36,6.573333333333333,0.0395436652393351,0.0060157705739353,11.0,88.96,8.087272727272726,0.0137221269296741,0.0016967558029048,3.0,39.48,13.159999999999998,0.006089810827153,0.0004627515826104,61.0,266.44,4.367868852459017,0.0410985105569061,0.009409282179745,4.0,10.36,2.59,0.0015980354652812,0.0006170021101472,4.4,3.0,1.4666666666666668,10.4,12.0,0.8666666666666667,0.0006787023211619,0.0004627515826104,0.0016042054863827,0.0018510063304416,0.2972972972972973,0.7027027027027027,0.2,0.8,236.00513792292165,6075.0,0.0388485823741434,0.009765762092322,2.1203949958982116,0.037114252919012,0.9370719547860856,378059.0,319078.6666666667,29511.0,0.8439917226323581,0.078059244721062,18516.0,3225.0,22076.0,14577.0,5085.0,141.0,5056.0,5049.0,13431.0,3084.0,17020.0,9528.0,0.2746273493195074,0.7253726506804925,0.0437209302325581,0.9562790697674418,0.2290269976445008,0.7709730023554991,0.3463675653426631,0.6536324346573369,baseline,female_P35,female,P35,1111887,ELA,saline,ELA_saline
3,active,6,blue,18,12-18,52.0,335.96,6.46076923076923,14977.28,6622.719999999999,124.0,120.78451612903228,0.0507284016235021,0.0078517587939698,73.0,386.28,5.291506849315068,0.0583264882102821,0.0110226613838422,54.0,204.56,3.788148148148148,0.030887611132586,0.0081537495168148,210,19892.72,94.7272380952381,3.003708446076537,0.0317090258987243,18.0,26.88,1.4933333333333332,0.0040587553150367,0.0027179165056049,126.0,849.56,6.742539682539682,0.1282796192500966,0.0190254155392346,64.0,696.84,10.888125,0.1052196076536528,0.0096637031310398,24.0,105.6,4.3999999999999995,0.0159451101662156,0.0036238886741399,20.0,63.56,3.178,0.0095972651720139,0.0030199072284499,91.0,361.0,3.967032967032967,0.0545093254735214,0.0137405778894472,2.0,4.36,2.18,0.000658339775802,0.0003019907228449,1.8,2.0,0.9,5.4,6.0,0.9,0.0002717916505604,0.0003019907228449,0.0008153749516814,0.0009059721685349,0.25,0.75,0.25,0.75,266.5585707438267,6505.0,0.0409774897377135,0.0098156550759594,2.0383980029758355,0.0388160189728573,0.9822248260533436,374556.0,261521.99999999997,22024.0,0.6982186909300612,0.058800286205534,38850.0,4273.0,14898.0,8451.0,9344.0,0.0,3470.0,1535.0,29506.0,4273.0,11428.0,6916.0,0.2405148005148005,0.7594851994851994,0.0,1.0,0.2329171700899449,0.767082829910055,0.1816353094308365,0.8183646905691634,baseline,female_P35,female,P35,1112046,ELA,saline,ELA_saline
3,active,6,blue,24,18-24,85.0,874.28,10.285647058823528,14701.72,6898.280000000001,97.0,151.5641237113402,0.1267388392468847,0.0123219121288205,91.0,373.08,4.09978021978022,0.0540830467884748,0.0131916941614431,43.0,122.32,2.8446511627906976,0.0177319563717332,0.0062334379004621,172,18700.72,108.72511627906978,2.7109250421844284,0.0249337516018485,19.0,46.96,2.471578947368421,0.006807494041993,0.0027543097699716,72.0,420.04,5.83388888888889,0.0608905408304678,0.0104373843914714,68.0,648.88,9.542352941176471,0.0940640275546947,0.0098575297030564,11.0,73.16,6.65090909090909,0.0106055422511118,0.0015946003931414,20.0,96.08,4.804,0.0139281096157302,0.0028992734420754,92.0,350.96,3.814782608695652,0.0508764503615393,0.0133366578335469,4.0,9.32,2.33,0.0013510614240071,0.000579854688415,4.4,5.0,0.8800000000000001,17.0,17.0,1.0,0.0006378401572565,0.0007248183605188,0.0024643824257641,0.0024643824257641,0.205607476635514,0.7943925233644861,0.2272727272727272,0.7727272727272727,229.88120327634735,5459.0,0.0421104970280907,0.0102434735183289,2.070575777178368,0.037988539928327,0.7913566860144847,367640.0,304009.0,22891.0,0.826920356870852,0.0622647154825372,26863.0,4262.0,12519.0,21942.0,6895.0,106.0,3169.0,8737.0,19968.0,4156.0,9350.0,13205.0,0.2566727469009418,0.7433272530990582,0.024870952604411,0.9751290473955888,0.2531352344436456,0.7468647655563544,0.398186127062255,0.6018138729377449,baseline,female_P35,female,P35,1112046,ELA,saline,ELA_saline
3,active,6,green,18,12-18,81.0,724.44,8.943703703703704,12783.84,8816.16,261.0,48.98022988505747,0.0821718299123428,0.0091876735449447,67.0,555.48,8.290746268656717,0.0630070234659988,0.0075996805865592,49.0,325.44,6.641632653061224,0.0369140305983557,0.0055579753543492,251,18899.64,75.29737051792829,2.1437496597157946,0.028470445182483,5.0,9.48,1.896,0.0010752980889639,0.0005671403422805,65.0,1334.84,20.536,0.151408322897951,0.007372824449647,32.0,257.84,8.0575,0.0292462931707228,0.0036296981905954,20.0,137.68,6.884,0.0156167764650369,0.0022685613691221,12.0,71.08,5.923333333333333,0.0080624671058601,0.0013611368214732,123.0,585.68,4.761626016260162,0.0664325511333732,0.0139516524201012,15.0,31.84,2.1226666666666665,0.0036115496996424,0.0017014210268416,1.6,2.0,0.8,6.6,5.0,1.3199999999999998,0.0001814849095297,0.0002268561369122,0.0007486252518103,0.0005671403422805,0.1951219512195122,0.8048780487804879,0.2857142857142857,0.7142857142857143,317.22699401956044,8596.0,0.0369040244322429,0.0085748863141088,1.9681060762890257,0.0337917405882702,0.9750276764487033,319857.0,240285.66666666663,8516.0,0.7512284135306299,0.0266243977777569,39914.0,5251.0,22139.0,18192.0,12680.0,116.0,4209.0,3425.0,27234.0,5135.0,17930.0,14767.0,0.3176830184897529,0.682316981510247,0.0220910302799466,0.9779089697200534,0.1901169881205113,0.8098830118794886,0.1882695690413368,0.8117304309586632,baseline,female_P35,female,P35,1111989,CTRL,saline,CTRL_saline
3,active,6,green,24,18-24,106.0,1030.76,9.724150943396229,12531.04,9068.96,186.0,67.37118279569893,0.1136580159136218,0.0116882200384608,85.0,445.36,5.239529411764706,0.04910816675782,0.0093726292761242,46.0,161.76,3.516521739130434,0.0178366648435983,0.0050722464317849,223,17970.6,80.58565022421524,1.9815502549355164,0.0245893685714789,4.0,6.6,1.65,0.0007277570967343,0.0004410649071117,55.0,997.64,18.13890909090909,0.1100059984827367,0.0060646424727862,42.0,537.32,12.793333333333337,0.0592482489723187,0.0046311815246731,12.0,92.28,7.69,0.0101753674070676,0.0013231947213351,23.0,134.16,5.833043478260869,0.0147933169845274,0.0025361232158924,99.0,457.2,4.618181818181818,0.0504137188828708,0.0109163564510153,8.0,18.68,2.335,0.0020597731162117,0.0008821298142234,4.4,4.0,1.1,5.0,5.0,1.0,0.0004851713978229,0.0004410649071117,0.0005513311338896,0.0005513311338896,0.4680851063829787,0.5319148936170213,0.4444444444444444,0.5555555555555556,330.7910160206151,7582.0,0.0436284642601708,0.0093282604098453,2.088426373567945,0.0415126061034688,0.8360385314302854,313462.0,286488.6666666667,3661.0,0.9139502289485382,0.0116792466072442,38471.0,5696.0,15309.0,25875.0,13518.0,244.0,3273.0,8454.0,24953.0,5452.0,12036.0,17421.0,0.3513815601362064,0.6486184398637935,0.0428370786516853,0.9571629213483146,0.2137958063883989,0.786204193611601,0.3267246376811594,0.6732753623188406,baseline,female_P35,female,P35,1111989,CTRL,saline,CTRL_saline
3,active,6,red,18,12-18,67.0,482.56,7.202388059701493,12431.4,9168.6,101.0,123.08316831683167,0.0526318085640119,0.007307549680431,66.0,346.48,5.24969696969697,0.0377898479593394,0.0071984817747529,63.0,389.52,6.182857142857142,0.0424841306197238,0.0068712780577187,201,19245.04,95.74646766169154,2.099016207490784,0.0219226490412931,,,,,,49.0,471.88,9.630204081632654,0.0514669633313701,0.0053443273782256,110.0,3442.92,31.29927272727273,0.3755120738171585,0.0119974696245882,14.0,63.56,4.54,0.0069323560848984,0.001526950679493,34.0,194.72,5.727058823529411,0.0212377025936347,0.0037083087930545,131.0,517.68,3.9517557251908393,0.0564622734114259,0.0142878956438278,19.0,51.6,2.7157894736842105,0.0056279039329886,0.0020722902078834,10.4,9.0,1.1555555555555557,1.0,1.0,1.0,0.0011343062190519,0.0009816111511026,0.000109067905678,0.000109067905678,0.912280701754386,0.087719298245614,0.9,0.1,261.8729329463465,9075.0,0.0288565215367874,0.0061135445724995,2.1143433587081804,0.0271162778246363,0.989791244028532,310886.0,219756.3333333333,31701.0,0.7068711145993494,0.1019698539014301,98029.0,6505.0,18529.0,12131.0,24296.0,0.0,1679.0,1185.0,73733.0,6505.0,16850.0,10946.0,0.247845025451652,0.7521549745483479,0.0,1.0,0.0906147120729667,0.9093852879270332,0.0976836204764652,0.9023163795235348,baseline,female_P35,female,P35,1112056,CTRL,saline,CTRL_saline
3,active,6,red,24,18-24,72.0,686.68,9.53722222222222,14513.04,7086.959999999999,38.0,381.9221052631579,0.0968934493774481,0.0101595042161942,91.0,494.84,5.437802197802197,0.0698240148102994,0.0128404844954677,37.0,181.64,4.909189189189189,0.0256301714698544,0.005220856333322,176,18293.4,103.93977272727274,2.5812760337295546,0.0248343436395859,7.0,26.84,3.834285714285714,0.0037872374050368,0.0009877295765744,51.0,430.28,8.436862745098038,0.0607143260297786,0.0071963154864709,97.0,1224.28,12.621443298969073,0.1727510808583652,0.0136871098468172,6.0,38.44,6.406666666666666,0.0054240464176459,0.0008466253513495,25.0,113.96,4.5584,0.0160802375066319,0.003527605630623,72.0,292.12,4.057222222222222,0.0412193662727036,0.0101595042161942,9.0,24.0,2.6666666666666665,0.003386501405398,0.0012699380270242,15.6,15.0,1.04,5.0,5.0,1.0,0.0022012259135087,0.0021165633783738,0.0007055211261246,0.0007055211261246,0.7572815533980581,0.2427184466019417,0.75,0.25,213.26418728462872,5710.0,0.0373492447083412,0.0106769398451324,2.11711368930563,0.0357000882290483,0.8057051260342941,362864.0,310663.0,12918.0,0.8561416949600953,0.0356001146435028,41512.0,3841.0,17040.0,17239.0,11558.0,155.0,3612.0,3768.0,29954.0,3686.0,13428.0,13471.0,0.2784255155135864,0.7215744844864136,0.0403540744597761,0.959645925540224,0.2119718309859155,0.7880281690140845,0.2185741632345263,0.7814258367654736,baseline,female_P35,female,P35,1112056,CTRL,saline,CTRL_saline
3,active,6,yellow,18,12-18,41.0,438.92,10.705365853658536,15363.6,6236.4,147.0,104.51428571428572,0.0703803476364569,0.0065743056891796,34.0,238.96,7.028235294117647,0.03831697774357,0.0054518632544416,22.0,226.68,10.303636363636365,0.036347893015201,0.0035276762234622,143,20375.68,142.48727272727274,3.267218266948881,0.0229298954525046,6.0,14.16,2.36,0.0022705406965557,0.0009620935154897,60.0,774.64,12.910666666666666,0.1242126868064909,0.009620935154897,32.0,448.76,14.02375,0.07195818100186,0.005131165415945,18.0,176.8,9.822222222222225,0.0283496889230966,0.0028862805464691,8.0,30.84,3.855,0.004945160669617,0.0012827913539862,66.0,280.0,4.242424242424242,0.0448976973895196,0.0105830286703867,7.0,16.16,2.3085714285714287,0.0025912385350522,0.0011224424347379,1.0,1.0,1.0,1.8,2.0,0.9,0.0001603489192482,0.0001603489192482,0.0002886280546469,0.0003206978384965,0.3571428571428571,0.6428571428571429,0.3333333333333333,0.6666666666666666,181.7370463302011,6105.0,0.0297685579574449,0.0060800575762791,2.1294490128073007,0.027776131503763,0.9789301520107756,384237.0,269517.3333333333,16373.0,0.7014351385559779,0.0426117214115246,30677.0,5217.0,11697.0,11014.0,18892.0,116.0,3194.0,2794.0,11785.0,5101.0,8503.0,8220.0,0.6158359683150243,0.3841640316849757,0.0222350009584052,0.9777649990415948,0.2730614687526716,0.7269385312473283,0.253677138187761,0.746322861812239,baseline,female_P35,female,P35,1111888,ELA,saline,ELA_saline
3,active,6,yellow,24,18-24,77.0,557.6,7.241558441558442,13519.72,8080.280000000001,172.0,78.60302325581395,0.069007509640755,0.0095293727445088,33.0,221.36,6.707878787878788,0.027395090269149,0.0040840168905037,26.0,150.56,5.7907692307692304,0.0186330176677045,0.0032177102773666,172,18937.28,110.10046511627908,2.343641556975748,0.0212863910656561,10.0,26.56,2.6559999999999997,0.0032870148064175,0.0012375808759102,66.0,669.96,10.150909090909092,0.0829129683624824,0.0081680337810075,70.0,613.76,8.768,0.0759577638398669,0.0086630661313716,8.0,77.64,9.705,0.0096085779205671,0.0009900647007281,15.0,145.64,9.709333333333332,0.0180241278767567,0.0018563713138653,54.0,206.76,3.828888888888889,0.0255882221903201,0.0066829367299153,5.0,13.48,2.696,0.001668259020727,0.0006187904379551,7.6,8.0,0.95,5.0,5.0,1.0,0.0009405614656917,0.0009900647007281,0.0006187904379551,0.0006187904379551,0.6031746031746031,0.3968253968253968,0.6153846153846154,0.3846153846153846,215.56791459647303,6574.0,0.0327909818370053,0.0079987528441984,2.112339648519491,0.0299950746360956,0.8135856678233921,338165.0,293338.6666666666,11674.0,0.8674424220917796,0.0345216092735794,32229.0,5605.0,9357.0,14017.0,5319.0,95.0,2125.0,6545.0,26910.0,5510.0,7232.0,7472.0,0.165037698966769,0.834962301033231,0.0169491525423728,0.9830508474576272,0.2271027038580741,0.7728972961419258,0.4669330099165299,0.53306699008347,baseline,female_P35,female,P35,1111888,ELA,saline,ELA_saline
3,active,7,blue,18,12-18,71.0,592.16,8.340281690140845,14096.2,7503.799999999999,108.0,130.5203703703704,0.0789146832271649,0.00946187265119,33.0,208.52,6.318787878787879,0.0277885871158613,0.0043977717956235,67.0,327.2,4.883582089552239,0.0436045736826674,0.0089288094032356,168,19721.0,117.38690476190476,2.628135078227032,0.0223886564140835,8.0,13.56,1.695,0.0018070844105653,0.0010661264959087,160.0,1514.48,9.4655,0.2018284069404835,0.0213225299181747,50.0,438.56,8.7712,0.0584450545057171,0.0066632905994296,25.0,167.16,6.6864,0.0222767131320131,0.0033316452997148,25.0,158.36,6.3344000000000005,0.0211039739865135,0.0033316452997148,97.0,456.88,4.7101030927835055,0.0608864841813481,0.0129267837628934,13.0,33.56,2.581538461538462,0.0044724006503371,0.0017324555558517,3.8,4.0,0.95,3.2,4.0,0.8,0.0005064100855566,0.0005330632479543,0.0004264505983634,0.0005330632479543,0.5428571428571428,0.4571428571428572,0.5,0.5,210.0237495775432,7346.0,0.0285902191093851,0.0065560473347721,2.0739914799923467,0.0261862055973238,0.9789706548682002,352513.0,279018.6666666666,17504.0,0.7915131262298599,0.0496549063438795,49036.0,8188.0,13493.0,14875.0,7391.0,858.0,2927.0,2809.0,41645.0,7330.0,10566.0,12066.0,0.1507259972265274,0.8492740027734725,0.1047874938935026,0.8952125061064973,0.2169272956347736,0.7830727043652265,0.1888403361344537,0.8111596638655462,baseline,female_P35,female,P35,1111990,CTRL,MDMA,CTRL_MDMA
3,active,7,blue,24,18-24,100.0,925.6,9.256,13133.84,8466.16,118.0,111.30372881355932,0.109329377191076,0.0118117304657601,30.0,152.24,5.074666666666667,0.0179821784610732,0.003543519139728,75.0,389.44,5.1925333333333334,0.0459996031258563,0.0088587978493201,211,19308.08,91.50748815165878,2.280618367713344,0.0249227512827539,5.0,16.96,3.3920000000000003,0.0020032694869929,0.000590586523288,149.0,1046.28,7.022013422818792,0.1235837735171553,0.0175994783939826,78.0,749.04,9.603076923076925,0.0884745858807298,0.0092131497632929,20.0,132.4,6.62,0.0156387311366664,0.002362346093152,25.0,186.72,7.4688,0.0220548631256673,0.00295293261644,135.0,713.16,5.282666666666667,0.0842365369896151,0.0159458361287762,7.0,17.36,2.48,0.0020505164088559,0.0008268211326032,2.6,3.0,0.8666666666666667,6.6,7.0,0.9428571428571428,0.0003071049921097,0.0003543519139728,0.0007795742107401,0.0008268211326032,0.2826086956521739,0.717391304347826,0.3,0.7,247.02359883014896,8284.0,0.0298193624855322,0.0071629518592751,2.0751212129798735,0.0270802202953724,0.9784837517835712,328464.0,289000.3333333333,8698.0,0.8798539058567554,0.0264808319937649,45110.0,8023.0,13647.0,23240.0,3921.0,756.0,3636.0,6095.0,41189.0,7267.0,10011.0,17145.0,0.0869208601197073,0.9130791398802928,0.0942290913623332,0.9057709086376668,0.26643218289734,0.73356781710266,0.262263339070568,0.737736660929432,baseline,female_P35,female,P35,1111990,CTRL,MDMA,CTRL_MDMA
3,active,7,green,18,12-18,70.0,494.48,7.064,14631.4,6968.6,283.0,51.701060070671375,0.070958298653962,0.0100450592658496,22.0,186.6,8.481818181818182,0.0267772579858221,0.0031570186264098,64.0,448.92,7.014375,0.0644204000803604,0.0091840541859196,155,19968.32,128.82787096774194,2.8654708262778747,0.0222426312315242,13.0,39.16,3.012307692307692,0.0056194931550096,0.0018655110065149,100.0,1266.04,12.6604,0.1816778118990901,0.0143500846654995,16.0,84.32,5.27,0.0120999913899491,0.0022960135464799,15.0,80.8,5.386666666666667,0.0115948684097236,0.0021525126998249,21.0,171.12,8.14857142857143,0.0245558648796027,0.0030135177797549,90.0,387.56,4.306222222222222,0.0556151881296099,0.0129150761989495,8.0,18.6,2.325,0.0026691157477829,0.0011480067732399,8.6,9.0,0.9555555555555556,0.8,1.0,0.8,0.0012341072812329,0.0012915076198949,0.0001148006773239,0.0001435008466549,0.9148936170212764,0.0851063829787234,0.9,0.1,275.97339952441746,6696.0,0.0412146654008986,0.0082927227161668,2.092146527468693,0.0384440604778462,0.9608816692018484,366068.0,289867.6666666666,19528.0,0.7918410422835829,0.0533452801118917,33875.0,6334.0,15974.0,12432.0,2399.0,1067.0,3600.0,2437.0,31476.0,5267.0,12374.0,9995.0,0.0708191881918819,0.929180811808118,0.1684559520050521,0.8315440479949479,0.2253662201076749,0.7746337798923251,0.1960263835263835,0.8039736164736164,baseline,female_P35,female,P35,1111889,ELA,MDMA,ELA_MDMA
3,active,7,green,24,18-24,64.0,617.36,9.64625,14519.6,7080.4,259.0,56.060231660231665,0.0871928139653127,0.009039037342523,29.0,155.52,5.362758620689656,0.0219648607423309,0.0040958137958307,104.0,609.92,5.864615384615385,0.0861420258742444,0.0146884356815999,193,19631.52,101.71772020725388,2.772656912038868,0.0272583469860459,20.0,50.36,2.518,0.0071125925088978,0.0028246991695384,35.0,302.16,8.633142857142857,0.0426755550533868,0.0049432235466922,52.0,299.0,5.75,0.0422292525845997,0.0073442178407999,14.0,60.28,4.305714285714286,0.0085136432969888,0.0019772894186769,23.0,196.88,8.56,0.0278063386249364,0.0032484040449692,83.0,354.12,4.266506024096386,0.0500141234958477,0.0117225015535845,3.0,7.24,2.4133333333333336,0.0010225410993729,0.0004237048754307,6.0,6.0,1.0,0.8,1.0,0.8,0.0008474097508615,0.0008474097508615,0.0001129879667815,0.0001412349584769,0.8823529411764706,0.1176470588235294,0.8571428571428571,0.1428571428571428,311.0393675292639,6816.0,0.0456337100248333,0.0104628534695055,2.102508248594463,0.0436901084756184,0.962657476978702,363249.0,303777.0,20434.0,0.8362775947077624,0.0562534239598732,15116.0,6466.0,19269.0,15498.0,3994.0,673.0,3563.0,4649.0,11122.0,5793.0,15706.0,10849.0,0.2642233395078063,0.7357766604921937,0.1040828951438292,0.8959171048561707,0.1849084020966319,0.8150915979033682,0.2999741902180927,0.7000258097819073,baseline,female_P35,female,P35,1111889,ELA,MDMA,ELA_MDMA
3,active,7,red,18,12-18,58.0,416.6,7.182758620689656,14729.96,6870.040000000001,92.0,160.1082608695652,0.0606401127213233,0.0084424544835255,31.0,158.88,5.1251612903225805,0.0231265029024576,0.0045123463618843,59.0,249.32,4.225762711864407,0.036290909514355,0.0085880140435863,153,20230.88,132.22797385620916,2.9447979924425476,0.0222706126893002,7.0,12.2,1.7428571428571429,0.0017758266327415,0.0010189169204254,206.0,2601.2,12.627184466019417,0.3786295276301156,0.0299852693725218,13.0,75.16,5.781538461538461,0.0109402565341686,0.0018922742807902,26.0,174.12,6.696923076923077,0.0253448305977839,0.0037845485615804,23.0,127.44,5.540869565217391,0.0185501103341465,0.003347869881398,101.0,395.96,3.92039603960396,0.0576357634016686,0.0147015155661393,9.0,20.76,2.306666666666666,0.0030218164668619,0.001310036040547,1.6,2.0,0.8,4.2,5.0,0.8400000000000001,0.0002328952960972,0.0002911191201215,0.0006113501522552,0.0007277978003039,0.2758620689655172,0.7241379310344827,0.2857142857142857,0.7142857142857143,210.4150396238883,6729.0,0.0312698825418172,0.0062613252748176,2.056111429396346,0.029943185275688,0.9794702796490268,368341.0,292979.3333333333,15297.0,0.7954024486368156,0.0415294523281415,67128.0,7588.0,10295.0,10473.0,6786.0,520.0,1933.0,1689.0,60342.0,7068.0,8362.0,8784.0,0.1010904540579192,0.8989095459420808,0.0685292567211386,0.9314707432788614,0.1877610490529383,0.8122389509470617,0.1612718418791177,0.8387281581208823,baseline,female_P35,female,P35,1112057,CTRL,MDMA,CTRL_MDMA
3,active,7,red,24,18-24,63.0,419.12,6.652698412698412,14785.52,6814.48,67.0,220.67940298507463,0.0615043260821075,0.0092450194292154,37.0,133.76,3.615135135135135,0.0196287904579659,0.0054296145854122,54.0,207.88,3.8496296296296295,0.030505629189608,0.0079243023678989,135,20357.68,150.79762962962965,2.9874150338690555,0.0198107559197473,13.0,23.88,1.8369230769230769,0.003504302602693,0.0019077024219015,145.0,2138.96,14.751448275862067,0.3138845517192801,0.0212782193212101,29.0,210.6,7.2620689655172415,0.0309047792348058,0.004255643864242,24.0,154.24,6.426666666666667,0.0226341555041617,0.0035219121635106,12.0,54.12,4.51,0.0079419119287164,0.0017609560817553,94.0,342.0,3.638297872340426,0.0501872483300266,0.01379415597375,8.0,19.24,2.405,0.0028233995844143,0.0011739707211702,1.8,2.0,0.9,6.2,6.0,1.0333333333333334,0.0002641434122632,0.0002934926802925,0.0009098273089069,0.0008804780408776,0.225,0.775,0.25,0.75,212.74589729084457,6678.0,0.0318577264586469,0.0073462468111148,2.066112214136018,0.0301500832226925,0.9799720594968362,369705.0,304434.99999999994,20517.0,0.8234538348142436,0.0554955978415223,58913.0,5245.0,8632.0,10541.0,6798.0,276.0,2024.0,3393.0,52115.0,4969.0,6608.0,7148.0,0.115390491063093,0.8846095089369069,0.0526215443279313,0.9473784556720688,0.2344763670064875,0.7655236329935126,0.321885969073143,0.6781140309268571,baseline,female_P35,female,P35,1112057,CTRL,MDMA,CTRL_MDMA
3,active,7,yellow,18,12-18,106.0,765.24,7.219245283018868,13502.0,8098.0,109.0,123.87155963302752,0.0944974067671029,0.0130896517658681,39.0,251.04,6.436923076923077,0.0310002469745616,0.0048160039515929,76.0,437.96,5.762631578947368,0.0540824895035811,0.0093850333415658,192,19539.2,101.76666666666668,2.412842677204248,0.0237095579155347,17.0,38.36,2.256470588235294,0.0047369720918745,0.0020992837737713,97.0,1179.92,12.164123711340206,0.1457051123734255,0.0119782662385774,17.0,77.48,4.557647058823529,0.0095677945171647,0.0020992837737713,13.0,49.36,3.796923076923077,0.0060953321807853,0.0016053346505309,22.0,139.56,6.343636363636364,0.0172338849098542,0.0027167201778216,112.0,560.76,5.006785714285714,0.0692467275870585,0.0138305754507285,10.0,26.2,2.62,0.003235366757224,0.0012348728081007,2.4,3.0,0.7999999999999999,8.2,8.0,1.025,0.0002963694739441,0.0003704618424302,0.0010125957026426,0.0009878982464806,0.2264150943396226,0.7735849056603773,0.2727272727272727,0.7272727272727273,305.2318355971399,7952.0,0.0383842851606061,0.0081917488127564,2.106636197710645,0.0334694359195762,0.9819708570017288,337659.0,277229.6666666666,9607.0,0.821034436122439,0.0284517812349145,31549.0,4758.0,17340.0,19237.0,5115.0,75.0,3255.0,2612.0,26434.0,4683.0,14085.0,16625.0,0.162128752099908,0.8378712479000919,0.0157629255989911,0.9842370744010088,0.1877162629757785,0.8122837370242214,0.135780007277642,0.8642199927223579,baseline,female_P35,female,P35,1112047,ELA,MDMA,ELA_MDMA
3,active,7,yellow,24,18-24,120.0,644.48,5.370666666666667,13087.56,8512.44,83.0,157.68144578313252,0.0757103721142234,0.0140970156617843,31.0,161.48,5.209032258064516,0.0189698840755412,0.0036417290459609,83.0,523.56,6.307951807228915,0.0615052793323653,0.0097504358327342,203,19515.12,96.1335960591133,2.2925412690133498,0.0238474514945186,11.0,38.68,3.516363636363636,0.0045439380483151,0.0012922264356635,99.0,948.72,9.583030303030304,0.1114510058220674,0.0116300379209721,36.0,274.28,7.618888888888888,0.0322210787976185,0.0042291046985353,4.0,5.04,1.26,0.0005920746577949,0.0004699005220594,23.0,190.28,8.27304347826087,0.0223531678343694,0.002701928001842,110.0,497.04,4.518545454545455,0.0583898388711109,0.0129222643566357,9.0,21.6,2.4000000000000004,0.0025374628191211,0.0010572761746338,5.6,6.0,0.9333333333333332,2.4,3.0,0.7999999999999999,0.0006578607308832,0.0007048507830892,0.0002819403132356,0.0003524253915446,0.7,0.3,0.6666666666666666,0.3333333333333333,344.69961911419034,8371.0,0.0411778304998435,0.0095099228668975,2.140615981676463,0.036261143289013,0.9833843175399768,327272.0,288563.6666666666,7491.0,0.8817242742020907,0.0228892175315945,30710.0,4910.0,17240.0,16232.0,7342.0,463.0,2983.0,4172.0,23368.0,4447.0,14257.0,12060.0,0.2390752197981113,0.7609247802018886,0.0942973523421588,0.9057026476578413,0.1730278422273782,0.8269721577726218,0.2570231641202563,0.7429768358797437,baseline,female_P35,female,P35,1112047,ELA,MDMA,ELA_MDMA
3,active,8,blue,18,12-18,91.0,737.12,8.10021978021978,12841.56,8758.44,106.0,121.14679245283018,0.0841611063157365,0.0103899781239581,33.0,255.72,7.749090909090909,0.0291969802841601,0.003767794264732,43.0,281.24,6.54046511627907,0.0321107411822196,0.0049095501025296,193,19364.2,100.33264248704664,2.210918839428026,0.0220358876694936,5.0,26.56,5.311999999999999,0.0030325035051904,0.0005708779188987,199.0,1621.92,8.15035175879397,0.1851836628440681,0.0227209411721722,22.0,102.24,4.647272727272727,0.0116733116856426,0.0025118628431547,12.0,109.68,9.14,0.012522778028964,0.0013701070053571,13.0,125.44,9.649230769230767,0.014322185229333,0.0014842825891368,130.0,546.92,4.207076923076923,0.0624449102808262,0.0148428258913687,11.0,31.0,2.8181818181818183,0.0035394430971725,0.0012559314215773,2.4,3.0,0.7999999999999999,7.8,9.0,0.8666666666666667,0.0002740214010714,0.0003425267513392,0.0008905695534821,0.0010275802540178,0.2352941176470588,0.7647058823529412,0.25,0.75,229.03490572709595,8648.0,0.0264841472857419,0.0066848202470646,2.0566011693968176,0.0246402847280222,0.9873904485273632,321145.0,237166.66666666663,34395.0,0.7385033759412933,0.1071011536844727,43325.0,5903.0,13500.0,18519.0,6671.0,366.0,3355.0,5634.0,36654.0,5537.0,10145.0,12885.0,0.1539757645701096,0.8460242354298904,0.0620023716754192,0.9379976283245808,0.2485185185185185,0.7514814814814815,0.3042280900696582,0.6957719099303418,baseline,female_P35,female,P35,1111890,ELA,MDMA,ELA_MDMA
3,active,8,blue,24,18-24,69.0,1118.32,16.207536231884056,12701.64,8898.36,86.0,147.693488372093,0.1256770910594761,0.0077542378595606,34.0,234.24,6.889411764705883,0.0263239518293258,0.0038209288003632,69.0,591.16,8.567536231884057,0.0664347138124328,0.0077542378595606,203,18634.56,91.79586206896552,2.0941566760616563,0.022813192543345,5.0,7.16,1.432,0.0008046426532529,0.000561901294171,128.0,1051.76,8.216875,0.1181970610314709,0.0143846731307791,34.0,249.52,7.338823529411765,0.0280411221843126,0.0038209288003632,14.0,191.36,13.668571428571427,0.0215050863305148,0.0015733236236789,16.0,114.16,7.135,0.0128293303485136,0.0017980841413473,129.0,574.56,4.453953488372092,0.0645692015157849,0.0144970533896133,15.0,35.8,2.3866666666666663,0.0040232132662647,0.0016857038825131,6.6,5.0,1.3199999999999998,8.0,9.0,0.8888888888888888,0.0007417097083058,0.000561901294171,0.0008990420706736,0.0010114223295079,0.4520547945205479,0.547945205479452,0.3571428571428571,0.6428571428571429,215.0888670366219,8617.0,0.0249609918807731,0.0065121008857596,2.0527892778751435,0.0244461378199326,0.968380690374406,317627.0,252180.3333333333,20106.0,0.7939511859298275,0.0633006639863739,32694.0,7668.0,20738.0,28027.0,5123.0,294.0,4618.0,5789.0,27571.0,7374.0,16120.0,22238.0,0.1566954181195326,0.8433045818804674,0.0383411580594679,0.961658841940532,0.2226829973960845,0.7773170026039156,0.2065508259892246,0.7934491740107753,baseline,female_P35,female,P35,1111890,ELA,MDMA,ELA_MDMA
3,active,8,green,18,12-18,113.0,889.76,7.873982300884956,11192.36,10407.64,187.0,59.85219251336899,0.0854910431183246,0.0108574085959929,104.0,647.04,6.2215384615384615,0.0621697137871794,0.0099926592387899,83.0,557.8,6.720481927710843,0.0535952434942023,0.0079749107386496,315,18578.56,58.97955555555556,1.7850886464174398,0.0302662275021042,17.0,42.64,2.508235294117647,0.0040969902879038,0.0016334154524945,230.0,3431.92,14.921391304347829,0.3297500682191159,0.0220991502396316,39.0,264.8,6.78974358974359,0.0254428477541498,0.0037472472145462,39.0,184.12,4.7210256410256415,0.0176908501831347,0.0037472472145462,14.0,38.12,2.722857142857143,0.0036626939440641,0.0013451656667601,146.0,599.44,4.105753424657535,0.0575961505201947,0.0140281562390705,5.0,11.8,2.3600000000000003,0.001133782490555,0.0004804163095572,5.2,5.0,1.04,4.4,5.0,0.8800000000000001,0.0004996329619394,0.0004804163095572,0.0004227663524103,0.0004804163095572,0.5416666666666666,0.4583333333333333,0.5,0.5,417.9601302896478,10264.0,0.0407209791786484,0.0110161862858121,2.06150083116385,0.0363549852345658,0.9861986002590404,279996.0,228873.3333333333,15184.0,0.8174164392824659,0.0542293461335161,92687.0,5609.0,30308.0,22357.0,14084.0,450.0,6752.0,5508.0,78603.0,5159.0,23556.0,16849.0,0.1519522694660524,0.8480477305339476,0.0802282046710643,0.9197717953289356,0.2227794641678764,0.7772205358321236,0.2463657914747059,0.7536342085252941,baseline,female_P35,female,P35,1111991,CTRL,MDMA,CTRL_MDMA
3,active,8,green,24,18-24,122.0,877.48,7.1924590163934425,11199.84,10400.16,137.0,81.75065693430658,0.0843717788957092,0.0117305887601729,72.0,340.84,4.733888888888888,0.0327725727296503,0.0069229704158397,110.0,699.04,6.35490909090909,0.0672143505484531,0.0105767603575329,306,18428.04,60.222352941176474,1.7718996630821064,0.0294226242673189,16.0,32.68,2.0425,0.0031422593498561,0.0015384378701866,151.0,2796.76,18.52158940397351,0.2689150936139444,0.0145190073998861,28.0,108.72,3.882857142857143,0.010453685327918,0.0026922662728265,24.0,122.24,5.093333333333333,0.0117536653282257,0.0023076568052799,25.0,135.24,5.4096,0.0130036460977523,0.0024038091721665,151.0,591.76,3.9189403973509935,0.0568991246288518,0.0145190073998861,12.0,27.52,2.2933333333333334,0.0026461131367209,0.0011538284026399,5.4,6.0,0.9,8.0,7.0,1.1428571428571428,0.0005192227811879,0.0005769142013199,0.0007692189350933,0.0006730665682066,0.4029850746268656,0.5970149253731343,0.4615384615384615,0.5384615384615384,434.4354074464513,10095.0,0.0430347109902378,0.0099328080968741,2.0439871783014136,0.0394367110824247,0.970658143720866,280133.0,241138.99999999997,6827.0,0.8608018334148422,0.0243705668378948,72816.0,6486.0,26179.0,22059.0,11824.0,272.0,5334.0,4128.0,60992.0,6214.0,20845.0,17931.0,0.1623818940892111,0.8376181059107889,0.041936478569226,0.958063521430774,0.2037510982084877,0.7962489017915123,0.1871345029239766,0.8128654970760234,baseline,female_P35,female,P35,1111991,CTRL,MDMA,CTRL_MDMA
3,active,8,red,18,12-18,97.0,891.52,9.190927835051546,12628.2,8971.8,102.0,123.80588235294118,0.0993691343988943,0.0108116542945674,113.0,452.52,4.004601769911504,0.0504380391894603,0.0125950199514032,141.0,572.92,4.063262411347518,0.0638578657571501,0.015715909850866,289,19045.12,65.90006920415225,2.122775808644865,0.0322120421765977,30.0,79.44,2.648,0.00885441048619,0.0033438106065672,281.0,1863.24,6.630747330960854,0.2076773891526784,0.0313203593481798,38.0,216.56,5.698947368421052,0.0241378541652734,0.0042354934349851,42.0,253.4,6.033333333333333,0.0282440535901379,0.0046813348491941,14.0,37.12,2.6514285714285712,0.0041374083238592,0.0015604449497313,140.0,521.72,3.726571428571429,0.0581510956552754,0.0156044494973138,1.0,2.08,2.08,0.0002318375353886,0.0001114603535522,15.0,17.0,0.8823529411764706,3.2,4.0,0.8,0.0016719053032836,0.0018948260103881,0.0003566731313671,0.0004458414142089,0.8241758241758242,0.1758241758241758,0.8095238095238095,0.1904761904761904,411.35026640924184,8873.0,0.0463597730653941,0.0134567016550294,2.00964929948474,0.0419314226277545,0.9889877170690388,315807.0,244741.66666666663,19452.0,0.7749722668169693,0.0615945815007267,52314.0,7319.0,25890.0,22385.0,14259.0,608.0,6155.0,5776.0,38055.0,6711.0,19735.0,16609.0,0.2725656611996788,0.7274343388003212,0.0830714578494329,0.9169285421505672,0.2377365778292777,0.7622634221707223,0.2580299307572035,0.7419700692427965,baseline,female_P35,female,P35,1112048,ELA,MDMA,ELA_MDMA
3,active,8,red,24,18-24,118.0,919.36,7.791186440677966,11872.28,9727.72,89.0,133.39640449438204,0.0945092991985789,0.0121302833551952,81.0,291.08,3.59358024691358,0.029922736262968,0.0083267199302611,166.0,744.84,4.4869879518072295,0.0765688157142681,0.0170646359064611,296,18588.08,62.797567567567576,1.9108362493986264,0.0304285073994728,39.0,72.2,1.8512820512820511,0.0074220886291957,0.0040091614479035,211.0,1719.48,8.149194312796208,0.1767608442677215,0.0216905914232728,29.0,210.84,7.270344827586207,0.0216741435814353,0.0029811713330564,24.0,110.44,4.601666666666667,0.0113531228283708,0.0024671762756329,20.0,89.44,4.4719999999999995,0.009194343587192,0.0020559802296941,144.0,659.72,4.581388888888889,0.0678185638566899,0.0148030576537976,10.0,22.12,2.212,0.0022739141340416,0.001027990114847,12.2,13.0,0.9384615384615383,6.2,6.0,1.0333333333333334,0.0012541479401134,0.0013363871493011,0.0006373538712051,0.0006167940689082,0.6630434782608696,0.3369565217391305,0.6842105263157895,0.3157894736842105,419.7071230615372,9445.0,0.0444369637968806,0.011756829816593,2.0253806799816583,0.0404819221632175,0.970936663473044,296896.0,250125.66666666663,7898.0,0.8424689678091543,0.0266019077387368,48498.0,5041.0,26145.0,23102.0,10225.0,311.0,6758.0,5742.0,38273.0,4730.0,19387.0,17360.0,0.2108334364303682,0.7891665635696318,0.0616941083118428,0.9383058916881571,0.2584815452285331,0.7415184547714668,0.2485499090987793,0.7514500909012207,baseline,female_P35,female,P35,1112048,ELA,MDMA,ELA_MDMA
3,active,8,yellow,18,12-18,90.0,995.32,11.059111111111111,11972.88,9627.12,111.0,107.86378378378376,0.1033870981144932,0.0093485902325929,61.0,322.76,5.291147540983607,0.0335261220385743,0.0063362667132018,74.0,401.8,5.42972972972973,0.041736261727287,0.0076866186356875,221,19248.8,87.09864253393665,1.999434929657052,0.0229559826822559,22.0,51.24,2.329090909090909,0.0053224640390895,0.0022852109457449,106.0,1330.96,12.55622641509434,0.1382511072885764,0.0110105618294983,66.0,780.68,11.828484848484848,0.0810917491420071,0.0068556328372348,30.0,147.44,4.914666666666666,0.0153150682654833,0.0031161967441976,30.0,169.72,5.657333333333333,0.0176293637141741,0.0031161967441976,121.0,546.52,4.516694214876033,0.0567687948212965,0.0125686602015971,5.0,10.76,2.152,0.0011176758989188,0.0005193661240329,1.6,2.0,0.8,8.8,9.0,0.977777777777778,0.0001661971596905,0.0002077464496131,0.0009140843782979,0.0009348590232592,0.1538461538461538,0.8461538461538461,0.1818181818181818,0.8181818181818182,290.678314919992,9518.0,0.0305398523765488,0.0085843129688583,2.092966864512648,0.0283916527547736,0.988665353709105,299433.0,234613.0,24987.0,0.783524194060107,0.0834477161835869,52963.0,7989.0,18249.0,24973.0,14066.0,698.0,4394.0,4639.0,38897.0,7291.0,13855.0,20334.0,0.2655816324603969,0.7344183675396031,0.0873701339341594,0.9126298660658404,0.2407803167296838,0.7592196832703162,0.1857606214711888,0.8142393785288111,baseline,female_P35,female,P35,1112058,CTRL,MDMA,CTRL_MDMA
3,active,8,yellow,24,18-24,58.0,362.48,6.249655172413793,14818.84,6781.16,88.0,168.3959090909091,0.0534539813247291,0.0085531089076205,31.0,136.32,4.39741935483871,0.0201027552808074,0.0045714892437282,53.0,299.24,5.646037735849057,0.0441281432675235,0.0078157719328256,130,20215.36,155.50276923076925,2.9811064773578564,0.0191707613446666,9.0,21.44,2.3822222222222225,0.0031617009479204,0.0013272065546307,93.0,1466.72,15.771182795698923,0.2162933775342272,0.0137144677311846,40.0,509.28,12.732,0.0751021949047065,0.0058986957983589,20.0,133.92,6.696,0.0197488335329058,0.0029493478991794,18.0,108.4,6.022222222222222,0.0159854656135528,0.0026544131092615,85.0,322.68,3.796235294117647,0.0475847790053619,0.0125347285715128,8.0,18.64,2.33,0.0027487922420352,0.0011797391596717,0.0,0.0,0.0,2.0,2.0,1.0,0.0,0.0,0.0002949347899179,0.0002949347899179,0.0,1.0,0.0,1.0,212.91602652155757,6507.0,0.0327210736931854,0.0067671396848438,2.1397698632442332,0.0311315581214862,0.9595703389980476,370559.0,254658.3333333333,59149.0,0.6872274950367777,0.1596210050221422,49533.0,6096.0,10973.0,9120.0,5867.0,385.0,2805.0,2041.0,43666.0,5711.0,8168.0,7079.0,0.1184462883330305,0.8815537116669695,0.0631561679790026,0.9368438320209974,0.2556274491934749,0.7443725508065251,0.2237938596491228,0.7762061403508772,baseline,female_P35,female,P35,1112058,CTRL,MDMA,CTRL_MDMA
