day,phase,box,mouse,time_bin,time_window,s_wall_count,s_wall_duration,s_wall_mean_duration,nest_duration,outside_nest_duration,nest_count,nest_mean_duration,s_wall_duration_fraction,s_wall_event_rate,ramp1_count,ramp1_duration,ramp1_mean_duration,ramp1_duration_fraction,ramp1_event_rate,ramp2_count,ramp2_duration,ramp2_mean_duration,ramp2_duration_fraction,ramp2_event_rate,non_wall_count,non_wall_duration,non_wall_mean_duration,non_wall_duration_fraction,non_wall_event_rate,woodstick_count,woodstick_duration,woodstick_mean_duration,woodstick_duration_fraction,woodstick_event_rate,feeder_prox_count,feeder_prox_duration,feeder_prox_mean_duration,feeder_prox_duration_fraction,feeder_prox_event_rate,feeder_dist_count,feeder_dist_duration,feeder_dist_mean_duration,feeder_dist_duration_fraction,feeder_dist_event_rate,water_prox_count,water_prox_duration,water_prox_mean_duration,water_prox_duration_fraction,water_prox_event_rate,water_dist_count,water_dist_duration,water_dist_mean_duration,water_dist_duration_fraction,water_dist_event_rate,motionless_count,motionless_duration,motionless_mean_duration,motionless_duration_fraction,motionless_event_rate,speeding_count,speeding_duration,speeding_mean_duration,speeding_duration_fraction,speeding_event_rate,chasing_duration,chasing_count,chasing_mean_duration,chased_duration,chased_count,chased_mean_duration,chasing_duration_fraction,chasing_event_rate,chased_duration_fraction,chased_event_rate,chasing_duration_ratio,chased_duration_ratio,chasing_event_ratio,chased_event_ratio,total_distance,valid_locomotion_duration,mean_speed,median_speed,mean_abs_angular_velocity,mean_abs_acceleration,valid_locomotion_duration_fraction,nest_frames,weighted_sum,alone_sum,weighted_co_occupancy,alone_fraction,feeding_frames,drinking_frames,ramps_frames,s_wall_frames,feeding_together_frames,drinking_together_frames,ramps_together_frames,s_wall_together_frames,feeding_alone_frames,drinking_alone_frames,ramps_alone_frames,s_wall_alone_frames,feeding_together_fraction,feeding_alone_fraction,drinking_together_fraction,drinking_alone_fraction,ramps_together_fraction,ramps_alone_fraction,s_wall_together_fraction,s_wall_alone_fraction,time_point,exp,sex,age,mouse_ID,background,treatment,condition
1,inactive,1,blue,3,0-3,81.0,877.76,10.836543209876544,4992.84,5807.16,81.0,61.64,0.1511513373146254,0.0139482983076064,10.0,27.28,2.728,0.0046976491090309,0.0017220121367415,10.0,38.88,3.888,0.0066951831876511,0.0017220121367415,193.0,8458.2,43.82487046632125,1.4565123054987292,0.0332348342391117,,,,,,33.0,584.04,17.698181818181816,0.1005723968342528,0.005682640051247,18.0,51.56,2.864444444444445,0.0088786945770393,0.0030996218461347,23.0,108.04,4.697391304347827,0.0186046191253555,0.0039606279145055,6.0,20.64,3.44,0.0035542330502345,0.0010332072820449,121.0,592.92,4.900165289256198,0.1021015436116793,0.0208363468545726,10.0,23.56,2.356,0.004057060594163,0.0017220121367415,1.2,1.0,1.2,0.0,0.0,0.0,0.0002066414564089,0.0001722012136741,0.0,0.0,1.0,0.0,1.0,0.0,254.1038974326476,5724.0,0.0443927144361718,0.0097524103251186,1.9645736335287711,0.0366037005526612,0.9856797470708574,124902.0,121948.33333333334,732.0,0.9763521267340264,0.0058605947062497,15941.0,3246.0,1674.0,22025.0,1383.0,53.0,33.0,29.0,14558.0,3193.0,1641.0,21996.0,0.0867574179787968,0.9132425820212032,0.0163277880468268,0.9836722119531732,0.0197132616487455,0.9802867383512543,0.0013166855845629,0.998683314415437,baseline,male_P35,male,P35,1072482,CTRL,MDMA,CTRL_MDMA
1,inactive,1,blue,6,3-6,11.0,114.12,10.374545454545457,9716.64,1083.3600000000006,40.0,242.916,0.1053389455028798,0.0101535962191699,5.0,19.52,3.904,0.018018018018018,0.0046152710087136,2.0,17.56,8.78,0.0162088317826022,0.0018461084034854,31.0,10562.76,340.7341935483871,9.749999999999996,0.0286146802540245,,,,,,7.0,205.04,29.291428571428572,0.1892630335253285,0.006461379412199,1.0,5.76,5.76,0.0053167922020381,0.0009230542017427,5.0,41.72,8.344,0.0385098212967065,0.0046152710087136,2.0,9.08,4.54,0.0083813321518239,0.0018461084034854,18.0,90.52,5.028888888888889,0.0835548663417515,0.016614975631369,3.0,8.44,2.813333333333333,0.0077905774627086,0.0027691626052281,4.2,4.0,1.05,0.0,0.0,0.0,0.0038768276473194,0.0036922168069709,0.0,0.0,1.0,0.0,1.0,0.0,34.82813981628565,1045.0,0.0333283634605604,0.0063863767534715,1.97495801622636,0.0276739529147224,0.9645916408211485,242956.0,176013.0,856.0,0.7244645120927246,0.0035232717035183,5278.0,1277.0,934.0,2864.0,47.0,0.0,123.0,788.0,5231.0,1277.0,811.0,2076.0,0.008904888215233,0.991095111784767,0.0,1.0,0.1316916488222698,0.8683083511777302,0.2751396648044693,0.7248603351955307,baseline,male_P35,male,P35,1072482,CTRL,MDMA,CTRL_MDMA
1,inactive,1,blue,9,6-9,4.0,30.12,7.53,10222.0,578.0,12.0,851.8333333333334,0.0521107266435986,0.0069204152249134,,,,,,,,,,,14.0,10713.24,765.2314285714285,18.535017301038064,0.0242214532871972,,,,,,7.0,61.44,8.777142857142858,0.1062975778546712,0.0121107266435986,2.0,18.76,9.38,0.0324567474048442,0.0034602076124567,,,,,,1.0,3.44,3.44,0.0059515570934256,0.0017301038062283,12.0,42.4,3.533333333333333,0.073356401384083,0.0207612456747404,6.0,14.92,2.486666666666667,0.0258131487889273,0.0103806228373702,1.4,1.0,1.4,0.0,0.0,0.0,0.0024221453287197,0.0017301038062283,0.0,0.0,1.0,0.0,1.0,0.0,14.15118102319285,566.0,0.0250020866134149,0.003172114958079,1.974318803486549,0.0198775655569048,0.9792387543252596,255562.0,226684.66666666663,886.0,0.8870045885799401,0.0034668690963445,2014.0,87.0,0.0,757.0,0.0,0.0,0.0,0.0,2014.0,87.0,0.0,757.0,0.0,1.0,0.0,1.0,0.0,0.0,0.0,1.0,baseline,male_P35,male,P35,1072482,CTRL,MDMA,CTRL_MDMA
1,inactive,1,blue,12,9-12,5.0,27.6,5.5200000000000005,9903.88,896.1200000000008,14.0,707.42,0.0307994465027005,0.0055796098736776,1.0,4.64,4.64,0.0051778779627728,0.0011159219747355,2.0,9.56,4.78,0.0106682140784716,0.002231843949471,16.0,10707.28,669.205,11.948489041646198,0.0178547515957684,,,,,,18.0,203.32,11.295555555555556,0.226889255903227,0.0200865955452394,8.0,29.84,3.73,0.033299111726108,0.0089273757978842,5.0,20.6,4.12,0.0229879926795518,0.0055796098736776,3.0,29.12,9.706666666666669,0.0324956479042985,0.0033477659242065,10.0,35.8,3.5799999999999996,0.0399500066955318,0.0111592197473552,5.0,12.28,2.456,0.0137035218497522,0.0055796098736776,,,,,,,,,,,,,,,24.632112883121756,882.0,0.0279275656271221,0.00544539551509,1.9765057037251144,0.0246328932452611,0.9842431817167336,247611.0,229822.0,2498.0,0.928157472810174,0.0100884047962328,5855.0,1251.0,358.0,695.0,817.0,0.0,0.0,0.0,5038.0,1251.0,358.0,695.0,0.1395388556789069,0.8604611443210931,0.0,1.0,0.0,1.0,0.0,1.0,baseline,male_P35,male,P35,1072482,CTRL,MDMA,CTRL_MDMA
1,inactive,1,green,3,0-3,1.0,1.48,1.48,9952.08,847.9200000000001,91.0,109.36351648351648,0.0017454476837437,0.0011793565430701,2.0,7.16,3.58,0.0084441928483819,0.0023587130861402,1.0,3.64,3.64,0.0042928578167751,0.0011793565430701,11.0,10769.2,979.018181818182,12.70072648363053,0.0129729219737711,,,,,,19.0,322.2,16.957894736842103,0.3799886781771864,0.0224077743183319,8.0,62.0,7.75,0.0731201056703462,0.0094348523445608,11.0,52.68,4.789090909090909,0.0621285026889329,0.0129729219737711,1.0,1.16,1.16,0.0013680535899613,0.0011793565430701,14.0,53.84,3.845714285714286,0.0634965562788942,0.0165109916029814,,,,,,0.0,0.0,0.0,1.2,1.0,1.2,0.0,0.0,0.0014152278516841,0.0011793565430701,0.0,1.0,0.0,1.0,23.426798189732875,763.0,0.0307035362906066,0.0047563119568973,1.9382219322729537,0.0291642886634593,0.899849042362487,248893.0,198027.0,562.0,0.7956310543084779,0.0022579984169904,9632.0,1358.0,273.0,38.0,1190.0,0.0,58.0,27.0,8442.0,1358.0,215.0,11.0,0.1235465116279069,0.876453488372093,0.0,1.0,0.2124542124542124,0.7875457875457875,0.7105263157894737,0.2894736842105263,baseline,male_P35,male,P35,1072240,ELA,MDMA,ELA_MDMA
1,inactive,1,green,6,3-6,95.0,1182.92,12.451789473684212,3932.0,6868.0,111.0,35.42342342342342,0.1722364589400116,0.0138322655794991,17.0,72.68,4.275294117647059,0.0105824111822947,0.0024752475247524,19.0,122.96,6.471578947368421,0.017903319743739,0.0027664531158998,156.0,7949.2,50.95641025641026,1.1574257425742571,0.0227140361094933,,,,,,24.0,295.08,12.295,0.04296447291788,0.0034944670937682,24.0,645.4,26.891666666666666,0.0939720442632498,0.0034944670937682,11.0,76.16,6.923636363636363,0.011089108910891,0.0016016307513104,14.0,81.16,5.797142857142857,0.0118171228887594,0.0020384391380314,107.0,499.08,4.66429906542056,0.0726674432149097,0.0155794991263832,10.0,23.08,2.308,0.0033605125218404,0.0014560279557367,0.0,0.0,0.0,3.4,3.0,1.1333333333333333,0.0,0.0,0.0004950495049504,0.000436808386721,0.0,1.0,0.0,1.0,236.22649714463407,6771.0,0.0348879777203713,0.0085587224342946,2.011616638322302,0.0303612870670405,0.9858765288293536,98411.0,85247.99999999999,493.0,0.8662446271250164,0.0050096025850768,23560.0,3944.0,4927.0,29668.0,35.0,48.0,479.0,1088.0,23525.0,3896.0,4448.0,28580.0,0.0014855687606112,0.9985144312393888,0.0121703853955375,0.9878296146044624,0.0972194032880048,0.9027805967119952,0.0366725091007145,0.9633274908992854,baseline,male_P35,male,P35,1072240,ELA,MDMA,ELA_MDMA
1,inactive,1,green,9,6-9,,,,10747.08,52.92000000000007,19.0,565.6357894736842,,,,,,,,,,,,,4.0,10799.96,2699.99,204.08087679516223,0.075585789871504,,,,,,2.0,3.88,1.94,0.0733182161753589,0.037792894935752,,,,,,,,,,,,,,,,,,,,,,,,,,,,,,,,,,,,,,,,1.667917736139048,36.0,0.0463310482260846,0.0242082325339273,1.44480952180226,0.0461290987544811,0.6802721088435365,268696.0,235219.99999999997,0.0,0.875413106261351,0.0,99.0,0.0,0.0,0.0,28.0,0.0,0.0,0.0,71.0,0.0,0.0,0.0,0.2828282828282828,0.7171717171717171,0.0,0.0,0.0,0.0,0.0,0.0,baseline,male_P35,male,P35,1072240,ELA,MDMA,ELA_MDMA
1,inactive,1,green,12,9-12,4.0,15.76,3.94,9612.16,1187.84,72.0,133.50222222222223,0.0132677801724137,0.0033674568965517,4.0,13.0,3.25,0.0109442349137931,0.0033674568965517,3.0,15.64,5.213333333333334,0.0131667564655172,0.0025255926724137,14.0,10752.92,768.0657142857143,9.052498653017242,0.011786099137931,1.0,2.0,2.0,0.0016837284482758,0.0008418642241379,45.0,660.64,14.680888888888887,0.5561691810344828,0.0378838900862069,5.0,22.52,4.504,0.0189587823275862,0.0042093211206896,2.0,4.44,2.22,0.0037378771551724,0.0016837284482758,1.0,1.32,1.32,0.001111260775862,0.0008418642241379,7.0,22.28,3.182857142857143,0.0187567349137931,0.0058930495689655,1.0,2.68,2.68,0.0022561961206896,0.0008418642241379,,,,,,,,,,,,,,,36.40325050028954,1122.0,0.0324449647952669,0.003690406321252,2.2278751521611313,0.0271393574393137,0.9445716594827588,240376.0,229531.6666666667,1008.0,0.9548859564460124,0.0041934302925416,17129.0,147.0,723.0,398.0,1887.0,34.0,286.0,166.0,15242.0,113.0,437.0,232.0,0.1101640492731624,0.8898359507268375,0.2312925170068027,0.7687074829931972,0.3955739972337482,0.6044260027662517,0.4170854271356783,0.5829145728643216,baseline,male_P35,male,P35,1072240,ELA,MDMA,ELA_MDMA
1,inactive,1,red,3,0-3,5.0,138.12,27.624,9561.88,1238.1200000000008,72.0,132.80388888888888,0.1115562304138532,0.0040383807708461,2.0,9.6,4.8,0.0077536910800245,0.0016153523083384,2.0,11.16,5.58,0.0090136658805285,0.0016153523083384,19.0,10564.96,556.0505263157894,8.533066261751681,0.0153458469292152,,,,,,29.0,427.6,14.744827586206895,0.3453623235227601,0.0234226084709074,2.0,50.52,25.26,0.0408037993086291,0.0016153523083384,10.0,74.08,7.408,0.059832649500856,0.0080767615416922,1.0,1.16,1.16,0.0009369043388362,0.0008076761541692,15.0,75.44,5.029333333333333,0.0609310890705262,0.0121151423125383,2.0,4.32,2.16,0.003489160986011,0.0016153523083384,,,,,,,,,,,,,,,26.161344475725315,1164.0,0.0224753818519976,0.0048755113698778,1.90014862409562,0.0208337109740418,0.9401350434529764,239119.0,192834.0,2928.0,0.8064352895420271,0.0122449491675692,11984.0,1892.0,523.0,3458.0,303.0,0.0,17.0,29.0,11681.0,1892.0,506.0,3429.0,0.0252837116154873,0.9747162883845126,0.0,1.0,0.0325047801147227,0.9674952198852772,0.0083863504916136,0.9916136495083864,baseline,male_P35,male,P35,1072442,CTRL,MDMA,CTRL_MDMA
1,inactive,1,red,6,3-6,1.0,15.44,15.44,9755.88,1044.1200000000008,42.0,232.28285714285713,0.0147875723096961,0.0009577443205761,,,,,,,,,,,14.0,10724.44,766.0314285714286,10.271271501359989,0.0134084204880664,,,,,,24.0,537.52,22.396666666666665,0.5148067271961073,0.0229858636938282,,,,,,6.0,66.84,11.14,0.0640156303873117,0.005746465923457,,,,,,14.0,49.96,3.5685714285714285,0.0478489062559858,0.0134084204880664,1.0,3.16,3.16,0.0030264720530207,0.0009577443205761,0.0,0.0,0.0,0.8,1.0,0.8,0.0,0.0,0.0007661954564609,0.0009577443205761,0.0,1.0,0.0,1.0,13.968977564716038,1001.0,0.0139550225421738,0.0034419837864185,1.9495127253731572,0.0119338122482374,0.9587020648967544,243939.0,171117.3333333333,6942.0,0.7014759154269441,0.02845793415567,13462.0,1677.0,0.0,387.0,0.0,0.0,0.0,0.0,13462.0,1677.0,0.0,387.0,0.0,1.0,0.0,1.0,0.0,0.0,0.0,1.0,baseline,male_P35,male,P35,1072442,CTRL,MDMA,CTRL_MDMA
1,inactive,1,red,9,6-9,22.0,668.36,30.38,7402.32,3397.6800000000003,24.0,308.43,0.1967106967106967,0.0064750064750064,9.0,64.4,7.155555555555556,0.0189541098632007,0.0026488662852299,7.0,44.12,6.3028571428571425,0.0129853311671493,0.0020602293329566,55.0,9374.56,170.44654545454546,2.759106213651668,0.0161875161875161,,,,,,7.0,270.36,38.62285714285714,0.0795719432083068,0.0020602293329566,16.0,600.2,37.5125,0.1766499493772221,0.0047090956181865,11.0,38.76,3.5236363636363635,0.0114077841350568,0.0032375032375032,11.0,76.48,6.952727272727273,0.0225094770549316,0.0032375032375032,53.0,209.04,3.944150943396226,0.0615243342516069,0.0155988792352428,8.0,20.2,2.525,0.0059452332179604,0.0023545478090932,0.0,0.0,0.0,1.4,1.0,1.4,0.0,0.0,0.0004120458665913,0.0002943184761366,0.0,1.0,0.0,1.0,67.01749637318659,3372.0,0.0198747023645274,0.0036266147889457,2.0915388303297524,0.0185043252557196,0.9924419015328104,185082.0,181031.66666666663,0.0,0.978116006238676,0.0,21787.0,2903.0,2729.0,16731.0,0.0,0.0,0.0,0.0,21787.0,2903.0,2729.0,16731.0,0.0,1.0,0.0,1.0,0.0,1.0,0.0,1.0,baseline,male_P35,male,P35,1072442,CTRL,MDMA,CTRL_MDMA
1,inactive,1,red,12,9-12,1.0,1.28,1.28,10407.76,392.2399999999998,8.0,1300.97,0.0032633081786661,0.0025494595145829,,,,,,1.0,11.48,11.48,0.0292677952274118,0.0025494595145829,7.0,10770.12,1538.5885714285716,27.45798490719969,0.0178462166020803,,,,,,11.0,170.08,15.461818181818185,0.4336120742402613,0.028044054660412,2.0,43.36,21.68,0.1105445645523149,0.0050989190291658,3.0,16.64,5.546666666666667,0.0424230063226596,0.0076483785437487,1.0,1.8,1.8,0.0045890271262492,0.0025494595145829,9.0,34.44,3.826666666666666,0.0878033856822354,0.0229451356312461,1.0,1.96,1.96,0.0049969406485825,0.0025494595145829,,,,,,,,,,,,,,,8.579011436157373,386.0,0.0222254182283869,0.0051552835316699,1.956675828292987,0.0202089716434741,0.9840913726290031,260202.0,238808.33333333337,1468.0,0.917780544858738,0.005641770624361,5349.0,465.0,288.0,33.0,1028.0,229.0,0.0,0.0,4321.0,236.0,288.0,33.0,0.1921854552252757,0.8078145447747243,0.4924731182795699,0.5075268817204301,0.0,1.0,0.0,1.0,baseline,male_P35,male,P35,1072442,CTRL,MDMA,CTRL_MDMA
1,inactive,1,yellow,3,0-3,1.0,5.68,5.68,10476.8,323.2000000000007,54.0,194.0148148148148,0.0175742574257425,0.0030940594059405,1.0,10.88,10.88,0.0336633663366335,0.0030940594059405,,,,,,6.0,10788.36,1798.0600000000002,33.379826732673195,0.0185643564356435,,,,,,8.0,25.6,3.2,0.079207920792079,0.0247524752475246,,,,,,3.0,14.88,4.96,0.0460396039603959,0.0092821782178217,,,,,,,,,,,,,,,,,,,,,,,,,,,,,,12.6492130392033,274.0,0.0461650110919828,0.0162095408035189,1.9061840734303876,0.0397092609303599,0.8477722772277209,261974.0,201537.3333333333,3520.0,0.7693028061308882,0.0134364478917755,648.0,375.0,273.0,143.0,144.0,53.0,42.0,27.0,504.0,322.0,231.0,116.0,0.2222222222222222,0.7777777777777778,0.1413333333333333,0.8586666666666667,0.1538461538461538,0.8461538461538461,0.1888111888111888,0.8111888111888111,baseline,male_P35,male,P35,1072421,ELA,MDMA,ELA_MDMA
1,inactive,1,yellow,6,3-6,15.0,94.0,6.266666666666667,9322.4,1477.6000000000004,84.0,110.98095238095236,0.0636166756903086,0.0101515971846237,7.0,20.16,2.88,0.0136437466161342,0.004737412019491,2.0,3.92,1.96,0.0026529507309149,0.0013535462912831,19.0,10706.92,563.5221052631579,7.246155928532754,0.01285868976719,,,,,,10.0,88.08,8.808,0.0596101786681104,0.0067677314564158,3.0,10.12,3.373333333333333,0.0068489442338927,0.0020303194369247,4.0,17.92,4.48,0.0121277747698971,0.0027070925825663,4.0,28.88,7.22,0.0195452084461288,0.0027070925825663,23.0,100.84,4.384347826086957,0.068245804006497,0.0155657823497563,1.0,2.56,2.56,0.0017325392528424,0.0006767731456415,,,,,,,,,,,,,,,59.45725524824629,1408.0,0.0422281642388112,0.0128100602890839,2.124293294153526,0.0388166650865099,0.9528965890633456,233144.0,174056.3333333333,377.0,0.7465614956135835,0.0016170263871255,2468.0,1178.0,611.0,2365.0,82.0,48.0,356.0,1074.0,2386.0,1130.0,255.0,1291.0,0.03322528363047,0.96677471636953,0.0407470288624787,0.9592529711375212,0.5826513911620295,0.4173486088379705,0.454122621564482,0.545877378435518,baseline,male_P35,male,P35,1072421,ELA,MDMA,ELA_MDMA
1,inactive,1,yellow,9,6-9,,,,10664.6,135.39999999999964,10.0,1066.46,,,,,,,,,,,,,5.0,10795.84,2159.168,79.73293943870036,0.0369276218611522,,,,,,7.0,83.28,11.897142857142857,0.6150664697193517,0.0516986706056131,,,,,,,,,,,,,,,,2.0,9.12,4.56,0.0673559822747416,0.0147710487444608,,,,,,,,,,,,,,,,,,,,1.8233350534902613,127.0,0.0143569689251201,0.0023200242172727,2.2440486032979035,0.0154508486428708,0.937961595273267,266625.0,234508.3333333333,0.0,0.8795436786997968,0.0,2089.0,0.0,0.0,0.0,28.0,0.0,0.0,0.0,2061.0,0.0,0.0,0.0,0.0134035423647678,0.9865964576352322,0.0,0.0,0.0,0.0,0.0,0.0,baseline,male_P35,male,P35,1072421,ELA,MDMA,ELA_MDMA
1,inactive,1,yellow,12,9-12,7.0,79.88,11.411428571428573,9613.52,1186.4799999999996,22.0,436.97818181818184,0.0673251972220349,0.0058998044636234,5.0,24.36,4.872,0.0205313195334097,0.0042141460454453,1.0,1.48,1.48,0.0012473872294518,0.000842829209089,20.0,10704.6,535.23,9.022149551614865,0.0168565841817814,,,,,,46.0,365.92,7.954782608695653,0.3084080641898727,0.0387701436180972,10.0,73.44,7.343999999999999,0.0618973771155013,0.0084282920908907,3.0,11.8,3.9333333333333336,0.009945384667251,0.0025284876272672,5.0,47.52,9.504,0.0400512440159126,0.0042141460454453,8.0,26.2,3.275,0.0220821252781336,0.0067426336727125,2.0,5.44,2.72,0.0045849908974445,0.0016856584181781,,,,,,,,,,,,,,,35.888473054669404,1162.0,0.030885088687323,0.0051415754525442,2.2118283293993413,0.0295462543602467,0.9793675409615,240360.0,230422.66666666663,77.0,0.9586564597548122,0.0003203528041271,11040.0,1491.0,652.0,2004.0,1901.0,263.0,286.0,166.0,9139.0,1228.0,366.0,1838.0,0.1721920289855072,0.8278079710144928,0.1763916834339369,0.823608316566063,0.4386503067484663,0.5613496932515337,0.0828343313373253,0.9171656686626748,baseline,male_P35,male,P35,1072421,ELA,MDMA,ELA_MDMA
1,inactive,2,blue,3,0-3,35.0,445.04,12.715428571428571,3361.52,7438.48,39.0,86.19282051282052,0.0598294275174498,0.0047052623654294,8.0,31.16,3.895,0.004189027865908,0.0010754885406695,3.0,23.6,7.866666666666667,0.0031726911949753,0.000403308202751,90.0,8513.36,94.5928888888889,1.1445026403243674,0.0120992460825329,,,,,,58.0,724.92,12.498620689655173,0.0974553941127757,0.0077972919198545,44.0,463.96,10.544545454545457,0.0623729579161334,0.0059151869736827,14.0,224.44,16.03142857142857,0.0301728310084856,0.0018821049461717,12.0,108.96,9.08,0.0146481539239199,0.0016132328110043,88.0,400.8,4.554545454545455,0.0538819758875469,0.0118303739473655,30.0,74.48,2.482666666666667,0.0100127983136339,0.0040330820275109,4.2,4.0,1.05,12.2,10.0,1.22,0.0005646314838515,0.0005377442703347,0.0016401200245211,0.0013443606758369,0.2560975609756097,0.7439024390243902,0.2857142857142857,0.7142857142857143,130.3899038165901,6190.0,0.0210646048168966,0.0036182115496824,2.097628969029969,0.0191048952425451,0.8321592583431024,84077.0,69382.66666666667,1257.0,0.8252276682881962,0.0149505810150219,29824.0,8361.0,1380.0,11161.0,10691.0,611.0,0.0,2139.0,19133.0,7750.0,1380.0,9022.0,0.3584696888412017,0.6415303111587983,0.0730773830881473,0.9269226169118526,0.0,1.0,0.1916494937729594,0.8083505062270406,baseline,male_P35,male,P35,1072265,ELA,MDMA,ELA_MDMA
1,inactive,2,blue,6,3-6,,,,5628.0,5172.0,2.0,2814.0,,,,,,,,,,,,,2.0,5631.0,2815.5,1.0887470997679811,0.0003866976024748,,,,,,,,,,,,,,,,,,,,,,,,,,,,,,,,,,,,,,,,,,,,,,,,,,0.0,0.0,,,,,0.0,140702.0,140702.0,0.0,1.0,0.0,,,,,,,,,,,,,,,,,,,,,baseline,male_P35,male,P35,1072265,ELA,MDMA,ELA_MDMA
1,inactive,2,blue,9,6-9,,,,10796.96,3.040000000000873,4.0,2699.24,,,,,,,,,,,,,4.0,10799.96,2699.99,3552.6184210516108,1.3157894736838327,,,,,,,,,,,,,,,,,,,,,,,,,,,,,,,,,,,,,,,,,,,,,,,,,,0.0,0.0,,,,,0.0,269928.0,266280.6666666666,0.0,0.9864877547592936,0.0,,,,,,,,,,,,,,,,,,,,,baseline,male_P35,male,P35,1072265,ELA,MDMA,ELA_MDMA
1,inactive,2,blue,12,9-12,1.0,3.48,3.48,9725.36,1074.6399999999994,15.0,648.3573333333334,0.0032382937541874,0.0009305441822377,2.0,21.24,10.62,0.0197647584307303,0.0018610883644755,1.0,8.44,8.44,0.0078537928980868,0.0009305441822377,20.0,10690.08,534.504,9.947591751656374,0.0186108836447554,,,,,,11.0,668.44,60.76727272727273,0.6220129531750171,0.0102359860046155,1.0,1.52,1.52,0.0014144271570014,0.0009305441822377,5.0,46.28,9.256,0.0430655847539641,0.0046527209111888,1.0,2.04,2.04,0.001898310131765,0.0009305441822377,8.0,22.44,2.805,0.0208814114494156,0.0074443534579021,5.0,14.44,2.888,0.0134370579915134,0.0046527209111888,,,,,,,,,,,,,,,11.623171548916856,1058.0,0.010985984450772,0.0021929636597144,2.1253212867139606,0.0107973293149562,0.984515744807564,243149.0,222495.0,4687.0,0.9150562001077528,0.0192762462522979,16761.0,1214.0,745.0,88.0,0.0,445.0,0.0,0.0,16761.0,769.0,745.0,88.0,0.0,1.0,0.3665568369028006,0.6334431630971994,0.0,1.0,0.0,1.0,baseline,male_P35,male,P35,1072265,ELA,MDMA,ELA_MDMA
1,inactive,2,green,3,0-3,27.0,366.12,13.56,4471.2,6328.8,97.0,46.09484536082474,0.0578498293515358,0.0042662116040955,8.0,23.44,2.93,0.0037037037037037,0.0012640626975097,5.0,20.6,4.12,0.0032549614460877,0.0007900391859436,84.0,8167.2,97.22857142857144,1.2904816078877512,0.0132726583238528,,,,,,33.0,1028.44,31.164848484848488,0.1625015800783719,0.0052142586272279,33.0,862.96,26.150303030303032,0.1363544431803817,0.0052142586272279,11.0,118.32,10.756363636363636,0.0186954872961698,0.0017380862090759,7.0,100.32,14.331428571428573,0.0158513462267728,0.001106054860321,62.0,240.32,3.876129032258064,0.0379724434331942,0.0097964859057009,17.0,46.48,2.7341176470588233,0.0073442042725319,0.0026861332322083,9.8,9.0,1.088888888888889,7.0,7.0,1.0,0.0015484768044495,0.0014220705346985,0.001106054860321,0.001106054860321,0.5833333333333334,0.4166666666666666,0.5625,0.4375,137.65331047288583,5023.0,0.0274046009302978,0.0033085898165382,2.117014985521806,0.0253242580228958,0.7936733661989634,111877.0,89846.33333333331,272.0,0.8030813601842498,0.0024312414526667,47351.0,5484.0,1114.0,9180.0,16551.0,793.0,230.0,989.0,30800.0,4691.0,884.0,8191.0,0.3495385525120905,0.6504614474879095,0.1446024799416484,0.8553975200583516,0.2064631956912028,0.7935368043087971,0.1077342047930283,0.8922657952069717,baseline,male_P35,male,P35,1072254,ELA,MDMA,ELA_MDMA
1,inactive,2,green,6,3-6,,,,5628.0,5172.0,2.0,2814.0,,,,,,,,,,,,,2.0,5631.0,2815.5,1.0887470997679811,0.0003866976024748,,,,,,,,,,,,,,,,,,,,,,,,,,,,,,,,,,,,,,,,,,,,,,,,,,0.0,0.0,,,,,0.0,140702.0,140702.0,0.0,1.0,0.0,,,,,,,,,,,,,,,,,,,,,baseline,male_P35,male,P35,1072254,ELA,MDMA,ELA_MDMA
1,inactive,2,green,9,6-9,,,,10759.72,40.280000000000655,6.0,1793.2866666666666,,,,,,,,,,,,,4.0,10799.96,2699.99,268.1221449850999,0.0993048659384293,,,,,,,,,,,,,,,,,,,,,,,,,,1.0,6.64,6.64,0.1648460774577927,0.0248262164846073,,,,,,,,,,,,,,,,,,,,0.6237584198021587,35.0,0.0178216691372045,0.0048979958718763,2.15370194562809,0.0218554378015305,0.8689175769612569,268999.0,265661.3333333333,0.0,0.9875922710989012,0.0,,,,,,,,,,,,,,,,,,,,,baseline,male_P35,male,P35,1072254,ELA,MDMA,ELA_MDMA
1,inactive,2,green,12,9-12,3.0,12.28,4.093333333333333,9808.4,991.6000000000004,67.0,146.39402985074625,0.0123840258168616,0.0030254134731746,11.0,57.56,5.232727272727273,0.0580475998386446,0.0110931827349737,2.0,12.04,6.02,0.0121419927390076,0.0020169423154497,15.0,10748.24,716.5493333333333,10.839290036304956,0.0151270673658733,,,,,,28.0,277.72,9.918571428571427,0.2800726099233561,0.0282371924162968,6.0,14.04,2.34,0.0141589350544574,0.0060508269463493,6.0,30.56,5.093333333333333,0.0308188785800726,0.0060508269463493,1.0,7.28,7.28,0.0073416700282371,0.0010084711577248,8.0,24.72,3.09,0.0249294070189592,0.0080677692617991,2.0,4.36,2.18,0.0043969342476805,0.0020169423154497,,,,,,,,,,,,,,,39.169075168751874,935.0,0.0418920590040127,0.0080360213171441,2.081697235004876,0.038511269489977,0.942920532472771,245277.0,230524.0,0.0,0.9398516778988654,0.0,7328.0,953.0,1753.0,310.0,526.0,425.0,560.0,224.0,6802.0,528.0,1193.0,86.0,0.0717794759825327,0.9282205240174672,0.4459601259181532,0.5540398740818469,0.3194523673702225,0.6805476326297776,0.7225806451612903,0.2774193548387096,baseline,male_P35,male,P35,1072254,ELA,MDMA,ELA_MDMA
1,inactive,2,red,3,0-3,20.0,414.68,20.734,7681.68,3118.3199999999997,46.0,166.9930434782609,0.1329818620282716,0.0064137099463813,4.0,10.84,2.71,0.0034762307909387,0.0012827419892762,3.0,13.32,4.44,0.00427153082429,0.0009620564919572,40.0,8903.52,222.588,2.8552297390902797,0.0128274198927627,1.0,1.32,1.32,0.0004233048564611,0.000320685497319,37.0,496.4,13.416216216216217,0.159188280869186,0.0118653634008055,8.0,47.72,5.965,0.0153031119320659,0.0025654839785525,4.0,25.04,6.26,0.0080299648528694,0.0012827419892762,2.0,3.84,1.92,0.0012314323097052,0.0006413709946381,34.0,133.64,3.9305882352941177,0.0428564098617204,0.0109033069088483,3.0,6.8,2.2666666666666666,0.0021806613817696,0.0009620564919572,6.4,5.0,1.28,1.2,1.0,1.2,0.002052387182842,0.0016034274865953,0.0003848225967828,0.000320685497319,0.8421052631578947,0.1578947368421052,0.8333333333333334,0.1666666666666666,47.913088444504346,1865.0,0.0256906640453106,0.0047802960003473,2.060354247076804,0.023332413270408,0.5980784525000642,192088.0,117425.0,8068.0,0.6113083586689433,0.0420015826079713,13648.0,728.0,611.0,10387.0,7020.0,0.0,0.0,1690.0,6628.0,728.0,611.0,8697.0,0.5143610785463072,0.4856389214536928,0.0,1.0,0.0,1.0,0.16270337922403,0.83729662077597,baseline,male_P35,male,P35,1072440,CTRL,MDMA,CTRL_MDMA
1,inactive,2,red,6,3-6,,,,5628.0,5172.0,2.0,2814.0,,,,,,,,,,,,,2.0,5631.0,2815.5,1.0887470997679811,0.0003866976024748,,,,,,,,,,,,,,,,,,,,,,,,,,,,,,,,,,,,,,,,,,,,,,,,,,0.0,0.0,,,,,0.0,140702.0,140702.0,0.0,1.0,0.0,,,,,,,,,,,,,,,,,,,,,baseline,male_P35,male,P35,1072440,CTRL,MDMA,CTRL_MDMA
1,inactive,2,red,9,6-9,2.0,11.24,5.62,10396.24,403.7600000000002,9.0,1155.1377777777775,0.0278383197939369,0.0049534376857539,1.0,13.76,13.76,0.0340796512779869,0.0024767188428769,1.0,3.84,3.84,0.0095106003566475,0.0024767188428769,10.0,10757.2,1075.72,26.642559936595983,0.0247671884287695,1.0,1.92,1.92,0.0047553001783237,0.0024767188428769,7.0,183.36,26.194285714285716,0.4541311670299185,0.0173370319001386,1.0,12.0,12.0,0.0297206261145234,0.0024767188428769,6.0,34.16,5.6933333333333325,0.0846047156726767,0.0148603130572617,2.0,11.4,5.7,0.0282345948087972,0.0049534376857539,5.0,14.68,2.936,0.0363582326134337,0.0123835942143847,2.0,4.4,2.2,0.0108975629086586,0.0049534376857539,,,,,,,,,,,,,,,8.236307758910527,396.0,0.0207987569669457,0.0039804300794386,2.183344681421486,0.0192403581991391,0.9807806617792744,259915.0,259605.3333333333,0.0,0.9988085848578702,0.0,4892.0,1147.0,442.0,283.0,0.0,0.0,0.0,0.0,4892.0,1147.0,442.0,283.0,0.0,1.0,0.0,1.0,0.0,1.0,0.0,1.0,baseline,male_P35,male,P35,1072440,CTRL,MDMA,CTRL_MDMA
1,inactive,2,red,12,9-12,2.0,16.2,8.1,9927.72,872.2800000000007,14.0,709.1228571428571,0.0185720181593066,0.0022928417480625,1.0,2.4,2.4,0.002751410097675,0.0011464208740312,1.0,11.16,11.16,0.012794056954189,0.0011464208740312,7.0,10766.04,1538.0057142857145,12.342412986655653,0.0080249461182189,,,,,,51.0,521.68,10.229019607843137,0.5980648415646347,0.0584674645755949,2.0,12.32,6.16,0.0141239051680652,0.0022928417480625,10.0,41.16,4.116,0.0471866831751272,0.0114642087403127,1.0,2.96,2.96,0.0033934057871325,0.0011464208740312,11.0,36.88,3.352727272727273,0.0422800018342733,0.012610629614344,2.0,4.0,2.0,0.004585683496125,0.0022928417480625,,,,,,,,,,,,,,,13.19960889457695,861.0,0.0153305562074064,0.0033154695126497,2.1809679980436445,0.0132477205145893,0.9870683725409264,248207.0,229949.66666666663,589.0,0.9264431166996364,0.0023730192943792,13403.0,1114.0,341.0,407.0,267.0,48.0,0.0,0.0,13136.0,1066.0,341.0,407.0,0.0199209132283817,0.9800790867716184,0.0430879712746858,0.9569120287253142,0.0,1.0,0.0,1.0,baseline,male_P35,male,P35,1072440,CTRL,MDMA,CTRL_MDMA
1,inactive,2,yellow,3,0-3,7.0,27.72,3.96,8744.72,2055.2800000000007,101.0,86.58138613861385,0.0134872134210423,0.0034058619750107,2.0,6.72,3.36,0.0032696274960102,0.0009731034214316,3.0,10.2,3.4,0.0049628274493013,0.0014596551321474,16.0,9557.76,597.36,4.650344478611186,0.007784827371453,,,,,,16.0,136.0,8.5,0.0661710326573508,0.007784827371453,1.0,2.96,2.96,0.0014401930637188,0.0004865517107158,9.0,77.36,8.595555555555556,0.0376396403409754,0.0043789653964423,2.0,5.24,2.62,0.0025495309641508,0.0009731034214316,6.0,24.76,4.126666666666667,0.0120470203573235,0.0029193102642948,,,,,,,,,,,,,,,,,,,,32.131491305301154,768.0,0.0418378793037775,0.0094891134258461,2.0397725000729703,0.0362209225932678,0.3736717138297457,218719.0,122252.66666666666,25349.0,0.5589485443270437,0.1158975671980943,3491.0,2076.0,428.0,700.0,419.0,1151.0,230.0,442.0,3072.0,925.0,198.0,258.0,0.120022916069894,0.879977083930106,0.5544315992292871,0.4455684007707129,0.5373831775700935,0.4626168224299065,0.6314285714285715,0.3685714285714285,baseline,male_P35,male,P35,1072468,CTRL,MDMA,CTRL_MDMA
1,inactive,2,yellow,6,3-6,,,,5628.0,5172.0,2.0,2814.0,,,,,,,,,,,,,2.0,5631.0,2815.5,1.0887470997679811,0.0003866976024748,,,,,,,,,,,,,,,,,,,,,,,,,,,,,,,,,,,,,,,,,,,,,,,,,,0.0,0.0,,,,,0.0,140702.0,140702.0,0.0,1.0,0.0,,,,,,,,,,,,,,,,,,,,,baseline,male_P35,male,P35,1072468,CTRL,MDMA,CTRL_MDMA
1,inactive,2,yellow,9,6-9,,,,10796.96,3.040000000000873,4.0,2699.24,,,,,,,,,,,,,4.0,10799.96,2699.99,3552.6184210516108,1.3157894736838327,,,,,,,,,,,,,,,,,,,,,,,,,,,,,,,,,,,,,,,,,,,,,,,,,,0.0,0.0,,,,,0.0,269928.0,266280.6666666666,0.0,0.9864877547592936,0.0,,,,,,,,,,,,,,,,,,,,,baseline,male_P35,male,P35,1072468,CTRL,MDMA,CTRL_MDMA
1,inactive,2,yellow,12,9-12,2.0,10.0,5.0,9772.08,1027.92,33.0,296.12363636363636,0.0097283835317923,0.0019456767063584,6.0,25.2,4.2,0.0245155265001167,0.0058370301190754,3.0,5.6,1.8666666666666665,0.0054478947778037,0.0029185150595377,11.0,10772.64,979.330909090909,10.48003735699276,0.0107012218849715,,,,,,32.0,271.16,8.47375,0.2637948478480815,0.0311308273017355,8.0,20.72,2.59,0.0201572106778737,0.0077827068254338,12.0,98.36,8.196666666666667,0.0956883804187096,0.0116740602381508,4.0,15.2,3.8,0.0147871429683243,0.0038913534127169,20.0,60.44,3.022,0.058798350066153,0.0194567670635847,,,,,,,,,,,,,,,,,,,,32.657105108775085,1002.0,0.0325919212662426,0.0048692844553317,2.056130264131109,0.0306676393936291,0.974784029885594,244335.0,227294.66666666663,2543.0,0.9302583202024542,0.0104078416927578,7337.0,2855.0,779.0,252.0,401.0,893.0,560.0,224.0,6936.0,1962.0,219.0,28.0,0.05465449093635,0.94534550906365,0.312784588441331,0.687215411558669,0.7188703465982028,0.2811296534017972,0.8888888888888888,0.1111111111111111,baseline,male_P35,male,P35,1072468,CTRL,MDMA,CTRL_MDMA
1,inactive,3,blue,3,0-3,84.0,465.84,5.545714285714285,3038.8,7761.2,112.0,27.13214285714286,0.0600216461371952,0.0108230685976395,58.0,194.64,3.355862068965517,0.0250785960933876,0.0074730711745606,70.0,204.2,2.917142857142857,0.0263103643766427,0.0090192238313662,223.0,8870.6,39.77847533632287,1.1429418131216822,0.0287326702056383,1.0,1.68,1.68,0.0002164613719527,0.0001288460547338,88.0,1439.16,16.35409090909091,0.1854300881307014,0.0113384528165747,16.0,87.44,5.465,0.0112662990259238,0.0020615368757408,30.0,258.2,8.606666666666666,0.0332680513322682,0.0038653816420141,10.0,34.72,3.472,0.0044735350203576,0.001288460547338,170.0,749.92,4.411294117647058,0.0966242333659743,0.0219038293047466,15.0,35.0,2.3333333333333335,0.0045096119156831,0.001932690821007,6.2,6.0,1.0333333333333334,0.0,0.0,0.0,0.0007988455393495,0.0007730763284028,0.0,0.0,1.0,0.0,1.0,0.0,328.8690487217037,7630.0,0.0431021033711276,0.0084687481251904,1.9711806773217104,0.0374592471680011,0.983095397618925,76082.0,74694.33333333334,8.0,0.9817609070914716,0.0001051497068951,38269.0,7363.0,10099.0,11730.0,149.0,0.0,87.0,54.0,38120.0,7363.0,10012.0,11676.0,0.0038934908150199,0.99610650918498,0.0,1.0,0.0086147143281513,0.9913852856718488,0.0046035805626598,0.99539641943734,baseline,male_P35,male,P35,1072479,CTRL,saline,CTRL_saline
1,inactive,3,blue,6,3-6,3.0,16.2,5.3999999999999995,10086.92,713.0799999999999,40.0,252.173,0.0227183485723901,0.0042071015874796,8.0,19.6,2.45,0.0274863970382004,0.0112189375666124,6.0,12.2,2.033333333333333,0.0171088797890839,0.0084142031749593,22.0,10709.12,486.77818181818185,15.018118584170082,0.0308520783081842,,,,,,15.0,78.68,5.245333333333334,0.1103382509676333,0.0210355079373983,4.0,16.8,4.2,0.0235597688898861,0.0056094687833062,5.0,37.04,7.408,0.0519436809334156,0.0070118359791327,1.0,1.64,1.64,0.0022998822011555,0.0014023671958265,5.0,21.0,4.2,0.0294497111123576,0.0070118359791327,3.0,6.68,2.2266666666666666,0.0093678128681213,0.0042071015874796,3.8,3.0,1.2666666666666666,0.0,0.0,0.0,0.0053289953441409,0.0042071015874796,0.0,0.0,1.0,0.0,1.0,0.0,39.48018195543216,667.0,0.059190677594351,0.0206926848452049,1.8968418487524072,0.049265500717226,0.9353789196163124,252213.0,212383.3333333333,3402.0,0.8420792478315285,0.0134885989223394,2406.0,973.0,809.0,408.0,376.0,82.0,0.0,0.0,2030.0,891.0,809.0,408.0,0.1562759767248545,0.8437240232751455,0.0842754367934224,0.9157245632065776,0.0,1.0,0.0,1.0,baseline,male_P35,male,P35,1072479,CTRL,saline,CTRL_saline
1,inactive,3,blue,9,6-9,2.0,2.88,1.44,9735.8,1064.2000000000007,15.0,649.0533333333333,0.0027062582221386,0.0018793459875963,2.0,5.72,2.86,0.0053749295245254,0.0018793459875963,1.0,2.4,2.4,0.0022552151851155,0.0009396729937981,10.0,10251.4,1025.14,9.632963728622432,0.0093967299379815,,,,,,13.0,302.44,23.264615384615382,0.2841947002443147,0.012215748919376,1.0,7.48,7.48,0.0070287539936102,0.0009396729937981,2.0,4.2,2.1,0.0039466265739522,0.0018793459875963,1.0,11.88,11.88,0.0111633151663221,0.0009396729937981,10.0,31.72,3.1719999999999997,0.0298064273632775,0.0093967299379815,3.0,6.76,2.2533333333333334,0.0063521894380755,0.0028190189813944,,,,,,,,,,,,,,,9.900392037863089,522.0,0.0189662682717683,0.0028913602275914,1.9998048464976037,0.0183554703684124,0.4905093027626382,243410.0,223262.6666666667,2.0,0.9172288183175163,8.21658929378415e-06,7762.0,405.0,206.0,74.0,0.0,0.0,0.0,0.0,7762.0,405.0,206.0,74.0,0.0,1.0,0.0,1.0,0.0,1.0,0.0,1.0,baseline,male_P35,male,P35,1072479,CTRL,saline,CTRL_saline
1,inactive,3,blue,12,9-12,25.0,129.6,5.184,6856.0,3944.0,56.0,122.42857142857144,0.0328600405679513,0.0063387423935091,24.0,59.04,2.46,0.0149695740365111,0.0060851926977687,26.0,81.2,3.123076923076923,0.0205882352941176,0.0065922920892494,76.0,10291.16,135.41,2.609320486815416,0.0192697768762677,2.0,3.12,1.56,0.0007910750507099,0.0005070993914807,76.0,1059.56,13.94157894736842,0.2686511156186612,0.0192697768762677,11.0,37.44,3.4036363636363633,0.0094929006085192,0.002789046653144,19.0,239.16,12.58736842105263,0.0606389452332657,0.0048174442190669,9.0,42.72,4.746666666666666,0.0108316430020283,0.0022819472616632,69.0,297.68,4.314202898550724,0.0754766734279918,0.0174949290060851,16.0,46.76,2.9225,0.0118559837728194,0.0040567951318458,2.6,3.0,0.8666666666666667,0.0,0.0,0.0,0.0006592292089249,0.000760649087221,0.0,0.0,1.0,0.0,1.0,0.0,126.1547076766594,3891.0,0.0324221813612591,0.0046390978533933,2.0350557198114845,0.0288185163941471,0.9865618661257608,171456.0,162433.66666666666,0.0,0.947378141719547,0.0,27512.0,7075.0,3556.0,3265.0,930.0,30.0,48.0,172.0,26582.0,7045.0,3508.0,3093.0,0.0338034312300087,0.9661965687699912,0.0042402826855123,0.9957597173144876,0.0134983127109111,0.9865016872890888,0.0526799387442572,0.9473200612557428,baseline,male_P35,male,P35,1072479,CTRL,saline,CTRL_saline
1,inactive,3,green,3,0-3,5.0,21.76,4.352,10386.64,413.3600000000006,31.0,335.05290322580646,0.0526417650474162,0.0120959938068511,4.0,48.24,12.06,0.1167021482484999,0.0096767950454809,3.0,19.76,6.586666666666667,0.0478033675246757,0.0072575962841106,14.0,10700.28,764.3057142857143,25.886104122314656,0.0338687826591832,,,,,,2.0,3.32,1.66,0.0080317398877491,0.0048383975227404,2.0,5.36,2.68,0.0129669053609444,0.0048383975227404,3.0,21.76,7.253333333333334,0.0526417650474162,0.0072575962841106,1.0,2.24,2.24,0.0054190052254693,0.0024191987613702,,,,,,4.0,8.68,2.17,0.0209986452486936,0.0096767950454809,0.0,0.0,0.0,3.2,3.0,1.0666666666666669,0.0,0.0,0.0077414360363847,0.0072575962841106,0.0,1.0,0.0,1.0,21.142500204044993,374.0,0.0565307492086764,0.018250698184924,1.912488818416484,0.0493506068841037,0.9047803367524664,259697.0,196541.99999999997,0.0,0.7568127471630399,0.0,221.0,604.0,1707.0,549.0,149.0,0.0,284.0,86.0,72.0,604.0,1423.0,463.0,0.6742081447963801,0.3257918552036199,0.0,1.0,0.1663737551259519,0.833626244874048,0.1566484517304189,0.843351548269581,baseline,male_P35,male,P35,1072415,ELA,saline,ELA_saline
1,inactive,3,green,6,3-6,24.0,236.6,9.858333333333333,7152.16,3647.84,72.0,99.33555555555556,0.0648603008903899,0.0065792359314004,13.0,102.04,7.84923076923077,0.0279727181016711,0.0035637527961752,15.0,87.56,5.8373333333333335,0.0240032457563928,0.0041120224571253,69.0,10014.92,145.14376811594204,2.7454383964208957,0.0189153033027764,3.0,4.28,1.4266666666666667,0.001173297074433,0.000822404491425,59.0,964.96,16.355254237288136,0.2645291460151761,0.0161739549980262,11.0,44.32,4.029090909090909,0.0121496556866529,0.0030154831352252,11.0,203.28,18.48,0.0557261283389622,0.0030154831352252,5.0,27.84,5.568,0.0076319136804245,0.0013706741523751,64.0,333.16,5.205625,0.0913307601210579,0.0175446291504013,14.0,32.28,2.3057142857142856,0.0088490723277336,0.0038378876266502,0.0,0.0,0.0,2.0,2.0,1.0,0.0,0.0,0.00054826966095,0.00054826966095,0.0,1.0,0.0,1.0,104.2121969981767,3580.0,0.0291095522341275,0.006280013855224,1.9887660250219756,0.0254694958187715,0.9814026931005746,178876.0,166477.3333333333,1375.0,0.9306856891552434,0.0076868892417093,25302.0,5794.0,4768.0,5939.0,175.0,5.0,0.0,205.0,25127.0,5789.0,4768.0,5734.0,0.006916449292546,0.993083550707454,0.0008629616845012,0.9991370383154988,0.0,1.0,0.0345175955548072,0.9654824044451928,baseline,male_P35,male,P35,1072415,ELA,saline,ELA_saline
1,inactive,3,green,9,6-9,3.0,11.32,3.7733333333333334,8698.44,2101.5599999999995,16.0,543.6525,0.0053864748091893,0.0014275109918346,3.0,14.64,4.88,0.006966253640153,0.0014275109918346,4.0,14.92,3.73,0.0070994879993909,0.0019033479891128,13.0,10202.44,784.803076923077,4.854698414511127,0.0061858809646167,,,,,,72.0,897.96,12.471666666666668,0.4272825900759437,0.0342602638040313,6.0,11.6,1.9333333333333331,0.0055197091684272,0.0028550219836692,7.0,146.68,20.954285714285714,0.0697957707607682,0.0033308589809474,1.0,5.72,5.72,0.0027217876244313,0.0004758369972782,18.0,73.2,4.066666666666666,0.0348312682007651,0.0085650659510078,2.0,4.96,2.48,0.0023601515064999,0.0009516739945564,,,,,,,,,,,,,,,45.628191803606654,1555.0,0.0293428886196827,0.0028780201139959,2.2029638887729273,0.028115958205336,0.7399265307676204,217477.0,212374.66666666663,0.0,0.976538515183981,0.0,22781.0,3818.0,746.0,286.0,1072.0,0.0,50.0,0.0,21709.0,3818.0,696.0,286.0,0.0470567578245028,0.9529432421754972,0.0,1.0,0.067024128686327,0.9329758713136728,0.0,1.0,baseline,male_P35,male,P35,1072415,ELA,saline,ELA_saline
1,inactive,3,green,12,9-12,4.0,15.56,3.89,10317.4,482.6000000000003,45.0,229.2755555555555,0.0322420223787815,0.0082884376295068,1.0,5.52,5.52,0.0114380439287194,0.0020721094073767,5.0,21.92,4.384,0.0454206382096974,0.0103605470368835,5.0,10786.16,2157.232,22.350103605470355,0.0103605470368835,,,,,,16.0,67.44,4.215,0.1397430584334852,0.0331537505180273,1.0,3.2,3.2,0.0066307501036054,0.0020721094073767,2.0,21.36,10.68,0.0442602569415664,0.0041442188147534,2.0,4.44,2.22,0.0092001657687525,0.0041442188147534,5.0,15.48,3.096,0.0320762536261914,0.0103605470368835,4.0,9.6,2.4,0.0198922503108163,0.0082884376295068,,,,,,,,,,,,,,,21.59028493824918,445.0,0.0485174942432565,0.0101666524128542,2.0159986077840246,0.0456220710663627,0.9220886862826352,257980.0,217887.0,0.0,0.8445887278083573,0.0,1783.0,649.0,692.0,393.0,11.0,49.0,203.0,338.0,1772.0,600.0,489.0,55.0,0.0061693774537296,0.9938306225462704,0.0755007704160246,0.9244992295839752,0.2933526011560693,0.7066473988439307,0.8600508905852418,0.1399491094147582,baseline,male_P35,male,P35,1072415,ELA,saline,ELA_saline
1,inactive,3,red,3,0-3,,,,10669.32,130.6800000000003,14.0,762.0942857142857,,,1.0,15.12,15.12,0.1157024793388427,0.007652280379553,,,,,,7.0,10767.68,1538.24,82.39730639730621,0.0535659626568716,,,,,,2.0,22.64,11.32,0.1732476277930819,0.0153045607591061,2.0,8.72,4.36,0.0667278849097029,0.0153045607591061,1.0,7.48,7.48,0.0572390572390571,0.007652280379553,,,,,,1.0,2.36,2.36,0.0180593816957452,0.007652280379553,1.0,2.92,2.92,0.022344658708295,0.007652280379553,,,,,,,,,,,,,,,7.243570066204402,112.0,0.0646747327339678,0.016132753462173,1.887500689696991,0.0581652448558285,0.857055402509946,266747.0,197648.3333333333,2519.0,0.740958036391537,0.0094434051741912,788.0,188.0,379.0,0.0,0.0,0.0,0.0,0.0,788.0,188.0,379.0,0.0,0.0,1.0,0.0,1.0,0.0,1.0,0.0,0.0,baseline,male_P35,male,P35,1072441,CTRL,saline,CTRL_saline
1,inactive,3,red,6,3-6,1.0,5.28,5.28,9518.56,1281.4400000000005,25.0,380.7424,0.0041203645898364,0.0007803720814084,3.0,10.2,3.4,0.0079597952303658,0.0023411162442252,6.0,43.12,7.1866666666666665,0.0336496441503308,0.0046822324884504,18.0,10709.84,594.9911111111111,8.357660132351102,0.0140466974653514,,,,,,58.0,565.4,9.748275862068963,0.4412223748283179,0.045261580721688,2.0,25.64,12.82,0.0200087401673117,0.0015607441628168,7.0,111.36,15.90857142857143,0.0869022349856411,0.0054626045698589,1.0,1.08,1.08,0.000842801847921,0.0007803720814084,22.0,91.64,4.165454545454545,0.0715132975402671,0.0171681857909851,4.0,10.76,2.69,0.0083968035959545,0.0031214883256336,,,,,,,,,,,,,,,27.304336369713734,1256.0,0.0217391213134663,0.0043288447675857,2.032990390877385,0.0203746004814821,0.9801473342489696,237989.0,205068.3333333333,1507.0,0.8616714778134003,0.0063322254389908,14836.0,2819.0,1342.0,133.0,176.0,5.0,0.0,0.0,14660.0,2814.0,1342.0,133.0,0.011863035858722,0.988136964141278,0.0017736786094359,0.998226321390564,0.0,1.0,0.0,1.0,baseline,male_P35,male,P35,1072441,CTRL,saline,CTRL_saline
1,inactive,3,red,9,6-9,,,,10109.92,690.0799999999999,7.0,1444.2742857142855,,,,,,,,1.0,7.44,7.44,0.0107813586830512,0.0014491073498724,7.0,10259.04,1465.577142857143,14.866450266635756,0.0101437514491073,,,,,,5.0,53.92,10.784,0.078135868305124,0.0072455367493623,,,,,,2.0,21.0,10.5,0.030431254347322,0.0028982146997449,,,,,,1.0,2.96,2.96,0.0042893577556225,0.0014491073498724,1.0,2.32,2.32,0.0033619290517041,0.0014491073498724,,,,,,,,,,,,,,,3.0447991220220127,156.0,0.0195179430898846,0.0046617204496007,2.151719408438273,0.0174131916028023,0.2260607465801067,252755.0,229702.66666666663,106.0,0.908795737637897,0.0004193784494866,1353.0,527.0,187.0,0.0,7.0,0.0,0.0,0.0,1346.0,527.0,187.0,0.0,0.0051736881005173,0.9948263118994828,0.0,1.0,0.0,1.0,0.0,0.0,baseline,male_P35,male,P35,1072441,CTRL,saline,CTRL_saline
1,inactive,3,red,12,9-12,1.0,16.72,16.72,9847.2,952.7999999999992,23.0,428.13913043478266,0.0175482787573467,0.0010495382031905,3.0,18.08,6.026666666666666,0.0189756507136859,0.0031486146095717,4.0,26.08,6.52,0.0273719563392107,0.0041981528127623,14.0,10717.32,765.5228571428571,11.248236775818649,0.0146935348446683,1.0,2.04,2.04,0.0021410579345088,0.0010495382031905,28.0,479.36,17.12,0.5031066330814447,0.0293870696893367,2.0,25.04,12.52,0.0262804366078925,0.0020990764063811,5.0,75.24,15.047999999999998,0.0789672544080605,0.0052476910159529,1.0,3.12,3.12,0.0032745591939546,0.0010495382031905,12.0,39.12,3.26,0.0410579345088161,0.0125944584382871,2.0,4.24,2.12,0.0044500419815281,0.0020990764063811,0.0,0.0,0.0,0.8,1.0,0.8,0.0,0.0,0.0008396305625524,0.0010495382031905,0.0,1.0,0.0,1.0,18.03835844689505,930.0,0.0193960843515,0.0026907040292836,2.0353092506579595,0.0171940593453535,0.9760705289672552,246203.0,208988.66666666663,2890.0,0.848846954207165,0.0117382810120104,12640.0,1965.0,1111.0,419.0,930.0,0.0,0.0,0.0,11710.0,1965.0,1111.0,419.0,0.0735759493670886,0.9264240506329114,0.0,1.0,0.0,1.0,0.0,1.0,baseline,male_P35,male,P35,1072441,CTRL,saline,CTRL_saline
1,inactive,3,yellow,3,0-3,3.0,12.12,4.04,10583.44,216.5599999999995,16.0,661.465,0.0559660140376802,0.013852973771703,2.0,6.48,3.24,0.0299224233468785,0.009235315847802,1.0,1.28,1.28,0.0059106021425932,0.004617657923901,6.0,10786.72,1797.7866666666666,49.80938308090148,0.027705947543406,,,,,,1.0,1.52,1.52,0.0070188400443295,0.004617657923901,,,,,,,,,,,1.0,10.04,10.04,0.0463612855559661,0.004617657923901,,,,,,,,,,,0.0,0.0,0.0,3.0,3.0,1.0,0.0,0.0,0.013852973771703,0.013852973771703,0.0,1.0,0.0,1.0,13.317399306833613,194.0,0.0686463881795547,0.0282155431846134,2.0627597764422343,0.0607604793475669,0.8958256372367956,264602.0,198202.66666666663,0.0,0.7490595939058157,0.0,39.0,252.0,197.0,306.0,0.0,0.0,197.0,120.0,39.0,252.0,0.0,186.0,0.0,1.0,0.0,1.0,1.0,0.0,0.392156862745098,0.6078431372549019,baseline,male_P35,male,P35,1072239,ELA,saline,ELA_saline
1,inactive,3,yellow,6,3-6,1.0,11.48,11.48,10171.36,628.6399999999994,25.0,406.8544,0.0182616441842708,0.0015907355561211,,,,,,,,,,,6.0,10794.56,1799.0933333333332,17.17129040468314,0.0095444133367269,,,,,,34.0,207.68,6.108235294117647,0.3303639602952408,0.0540850089081191,1.0,1.96,1.96,0.0031178416899974,0.0015907355561211,3.0,9.68,3.2266666666666666,0.0153983201832527,0.0047722066683634,2.0,4.0,2.0,0.0063629422244846,0.0031814711122423,10.0,37.6,3.76,0.0598116569101553,0.0159073555612115,,,,,,0.0,0.0,0.0,1.8,1.0,1.8,0.0,0.0,0.002863324001018,0.0015907355561211,0.0,1.0,0.0,1.0,13.775998242516238,609.0,0.0226206867693205,0.0060301887772547,2.3394364563322143,0.0224437035242863,0.9687579536777816,254309.0,215134.3333333333,472.0,0.8459564283345588,0.0018560098148315,5276.0,347.0,0.0,288.0,421.0,82.0,0.0,205.0,4855.0,265.0,0.0,83.0,0.0797952994692949,0.9202047005307052,0.2363112391930835,0.7636887608069164,0.0,0.0,0.7118055555555556,0.2881944444444444,baseline,male_P35,male,P35,1072239,ELA,saline,ELA_saline
1,inactive,3,yellow,9,6-9,1.0,2.72,2.72,9550.72,1249.2800000000009,33.0,289.41575757575754,0.0021772540983606,0.0008004610655737,,,,,,1.0,3.08,3.08,0.0024654200819672,0.0008004610655737,4.0,10273.16,2568.29,8.22326460040983,0.003201844262295,,,,,,18.0,70.44,3.913333333333333,0.0563844774590163,0.0144082991803278,6.0,38.8,6.466666666666666,0.0310578893442622,0.0048027663934426,2.0,36.32,18.16,0.0290727459016393,0.0016009221311475,2.0,13.76,6.88,0.011014344262295,0.0016009221311475,1.0,4.52,4.52,0.0036180840163934,0.0008004610655737,,,,,,,,,,,,,,,,,,,,21.22391377017772,686.0,0.0309386498107546,0.0059373116435725,2.116076483751746,0.0316223195078324,0.5491162909836061,238801.0,225945.3333333333,0.0,0.946165775408534,0.0,2755.0,1256.0,78.0,69.0,1065.0,0.0,50.0,0.0,1690.0,1256.0,28.0,69.0,0.3865698729582577,0.6134301270417423,0.0,1.0,0.6410256410256411,0.358974358974359,0.0,1.0,baseline,male_P35,male,P35,1072239,ELA,saline,ELA_saline
1,inactive,3,yellow,12,9-12,5.0,40.24,8.048,10394.76,405.2399999999998,32.0,324.83625,0.0992991807324055,0.0123383673872273,1.0,2.36,2.36,0.0058237094067712,0.0024676734774454,3.0,11.84,3.946666666666667,0.0292172539729543,0.0074030204323363,8.0,10776.32,1347.04,26.59243904846512,0.0197413878195637,,,,,,11.0,30.76,2.7963636363636364,0.0759056361662225,0.0271444082519001,1.0,1.2,1.2,0.0029612081729345,0.0024676734774454,1.0,14.2,14.2,0.0350409633797256,0.0024676734774454,1.0,1.44,1.44,0.0035534498075214,0.0024676734774454,8.0,26.0,3.25,0.0641595104135821,0.0197413878195637,,,,,,0.0,0.0,0.0,1.8,2.0,0.9,0.0,0.0,0.0044418122594018,0.0049353469548909,0.0,1.0,0.0,1.0,16.798635775550636,375.0,0.044796362068135,0.0120342145392257,1.982924097164346,0.0440377360332338,0.9253775540420496,259901.0,219061.99999999997,272.0,0.8428670917003012,0.0010465523410837,811.0,393.0,359.0,1011.0,11.0,19.0,251.0,510.0,800.0,374.0,108.0,501.0,0.0135635018495684,0.9864364981504316,0.0483460559796437,0.9516539440203562,0.6991643454038997,0.3008356545961003,0.5044510385756676,0.4955489614243323,baseline,male_P35,male,P35,1072239,ELA,saline,ELA_saline
1,inactive,4,blue,3,0-3,14.0,205.2,14.657142857142857,8980.92,1819.08,132.0,68.03727272727272,0.1128042746883039,0.0076961980781493,1.0,2.24,2.24,0.0012313916925039,0.0005497284341535,4.0,6.04,1.51,0.0033203597422873,0.0021989137366141,36.0,10483.24,291.2011111111111,5.762935110055633,0.019790223629527,,,,,,8.0,31.2,3.9,0.01715152714559,0.0043978274732282,22.0,354.88,16.13090909090909,0.195087626712404,0.0120940255513776,3.0,17.16,5.72,0.0094333399300745,0.0016491853024605,3.0,26.0,8.666666666666666,0.0142929392879917,0.0016491853024605,25.0,112.8,4.512,0.0620093673725179,0.0137432108538382,4.0,11.6,2.9,0.0063768498361809,0.0021989137366141,31.8,23.0,1.382608695652174,0.0,0.0,0.0,0.0174813642060821,0.0126437539855311,0.0,0.0,1.0,0.0,1.0,0.0,72.3878193163376,1695.0,0.042706678062736,0.0079637015657441,2.091528680871733,0.0339476369085496,0.9317896958902304,224655.0,99309.66666666666,44496.0,0.4420541126022864,0.1980636976697602,9682.0,1085.0,212.0,5144.0,1433.0,16.0,46.0,542.0,8249.0,1069.0,166.0,4602.0,0.1480066102045032,0.8519933897954968,0.0147465437788018,0.9852534562211982,0.2169811320754717,0.7830188679245284,0.1053654743390357,0.8946345256609642,baseline,male_P35,male,P35,1072480,CTRL,saline,CTRL_saline
1,inactive,4,blue,6,3-6,,,,6977.16,3822.84,3.0,2325.72,,,,,,,,,,,,,3.0,6980.16,2326.72,1.8259095332266064,0.0007847568823178,,,,,,,,,,,,,,,,,,,,,,,,,,,,,,,,,,,,,,,,,,,,,,,,,,0.0,0.0,,,,,0.0,174432.0,165575.66666666666,0.0,0.9492275882101144,0.0,,,,,,,,,,,,,,,,,,,,,baseline,male_P35,male,P35,1072480,CTRL,saline,CTRL_saline
1,inactive,4,blue,9,6-9,2.0,5.88,2.94,8946.2,1853.7999999999993,13.0,688.1692307692308,0.0031718631999136,0.0010788650339842,1.0,4.16,4.16,0.0022440392706872,0.0005394325169921,2.0,12.68,6.34,0.0068400043154601,0.0010788650339842,11.0,9296.24,845.1127272727273,5.014694141762868,0.0059337576869133,,,,,,1.0,3.72,3.72,0.0020066889632107,0.0005394325169921,3.0,163.28,54.42666666666667,0.088078541374474,0.0016182975509763,2.0,5.32,2.66,0.0028697809903981,0.0010788650339842,2.0,2.04,1.02,0.0011004423346639,0.0010788650339842,4.0,10.32,2.58,0.0055669435753587,0.0021577300679684,,,,,,,,,,,,,,,,,,,,8.934745393097574,372.0,0.024018132777144,0.0041139522054587,2.1768084405955492,0.0195335176850775,0.2006688963210703,223668.0,212307.66666666663,0.0,0.9492089465934628,0.0,4179.0,188.0,424.0,149.0,0.0,0.0,0.0,46.0,4179.0,188.0,424.0,103.0,0.0,1.0,0.0,1.0,0.0,1.0,0.3087248322147651,0.6912751677852349,baseline,male_P35,male,P35,1072480,CTRL,saline,CTRL_saline
1,inactive,4,blue,12,9-12,8.0,69.36,8.67,9399.44,1400.5599999999995,26.0,361.5169230769231,0.0495230479236876,0.0057120009139201,11.0,40.0,3.636363636363636,0.0285600045696007,0.0078540012566402,2.0,8.2,4.1,0.0058548009367681,0.00142800022848,23.0,10605.52,461.1095652173913,7.572342491574802,0.0164220026275204,3.0,7.32,2.44,0.0052264808362369,0.00214200034272,5.0,41.92,8.384,0.0299308847889415,0.0035700005712,17.0,431.64,25.39058823529412,0.3081910093105616,0.0121380019420803,8.0,80.36,10.045,0.0573770491803278,0.0057120009139201,4.0,41.72,10.43,0.0297880847660935,0.00285600045696,36.0,139.16,3.8655555555555554,0.0993602558976409,0.0257040041126406,3.0,6.76,2.2533333333333334,0.0048266407722625,0.00214200034272,3.0,2.0,1.5,0.0,0.0,0.0,0.00214200034272,0.00142800022848,0.0,0.0,1.0,0.0,1.0,0.0,41.94204213676367,1377.0,0.0304589993731036,0.0037929263975483,2.1069154491653723,0.0268419639630358,0.9831781573085056,235012.0,208675.99999999997,641.0,0.8879376372270351,0.0027275202968359,11861.0,3064.0,1218.0,1742.0,18.0,49.0,0.0,70.0,11843.0,3015.0,1218.0,1672.0,0.0015175786190034,0.9984824213809964,0.0159921671018276,0.9840078328981724,0.0,1.0,0.0401836969001148,0.9598163030998852,baseline,male_P35,male,P35,1072480,CTRL,saline,CTRL_saline
1,inactive,4,green,3,0-3,108.0,1341.0,12.416666666666666,852.4,9947.6,53.0,16.08301886792453,0.1348063854598093,0.0108568901041457,33.0,150.12,4.549090909090909,0.0150910772447625,0.0033173830873778,46.0,279.16,6.068695652173914,0.0280630503840122,0.0046242309702842,219.0,7177.8,32.775342465753425,0.7215609795327516,0.0220153604889621,4.0,6.32,1.58,0.0006353291246129,0.0004021070408942,36.0,735.64,20.434444444444445,0.0739515058908681,0.0036189633680485,85.0,1173.0,13.8,0.1179178897422493,0.0085447746190035,4.0,24.04,6.01,0.0024166633157746,0.0004021070408942,16.0,190.64,11.915,0.0191644215690216,0.0016084281635771,133.0,623.84,4.690526315789474,0.0627126140978728,0.013370059109735,36.0,105.0,2.9166666666666665,0.010555309823475,0.0036189633680485,42.8,36.0,1.1888888888888889,24.6,16.0,1.5375,0.0043025453375688,0.0036189633680485,0.0024729583014998,0.0016084281635771,0.6350148367952522,0.3649851632047478,0.6923076923076923,0.3076923076923077,376.6912291003909,9895.0,0.0380688457908429,0.0058638848107082,2.082632674011472,0.0325789682804038,0.99471229241224,21363.0,16642.0,581.0,0.7790104386088096,0.0271965547909937,47837.0,5387.0,10811.0,33633.0,8108.0,100.0,3169.0,5300.0,39729.0,5287.0,7642.0,28333.0,0.169492234044777,0.8305077659552229,0.0185632077222944,0.9814367922777056,0.2931273702710202,0.7068726297289798,0.1575833259001575,0.8424166740998424,baseline,male_P35,male,P35,1072255,ELA,saline,ELA_saline
1,inactive,4,green,6,3-6,7.0,122.04,17.434285714285714,5945.88,4854.12,13.0,457.37538461538463,0.0251415292576203,0.0014420739495521,2.0,3.24,1.62,0.0006674742280784,0.0004120211284434,2.0,6.4,3.2,0.001318467611019,0.0004120211284434,29.0,6637.96,228.8951724137931,1.3674898848812969,0.0059743063624302,,,,,,2.0,6.24,3.12,0.0012855059207436,0.0004120211284434,1.0,9.04,9.04,0.0018623355005644,0.0002060105642217,,,,,,,,,,,19.0,84.72,4.458947368421053,0.0174532150008652,0.0039142007202129,1.0,2.04,2.04,0.0004202615510123,0.0002060105642217,,,,,,,,,,,,,,,29.84343886902987,1019.0,0.0292869861325121,0.008915021902114,1.9260624200673715,0.0260672301129945,0.2099247649419462,148660.0,148639.66666666666,0.0,0.9998632225660344,0.0,385.0,0.0,245.0,3058.0,0.0,0.0,0.0,0.0,385.0,0.0,245.0,3058.0,0.0,1.0,0.0,0.0,0.0,1.0,0.0,1.0,baseline,male_P35,male,P35,1072255,ELA,saline,ELA_saline
1,inactive,4,green,9,6-9,5.0,23.6,4.720000000000001,8485.68,2314.3199999999997,49.0,173.17714285714283,0.0101973797919043,0.0021604618203187,3.0,17.08,5.6933333333333325,0.0073801375782087,0.0012962770921912,4.0,19.64,4.91,0.0084862940302118,0.0017283694562549,19.0,9216.48,485.0778947368421,3.9823706315462,0.0082097549172111,1.0,1.6,1.6,0.0006913477825019,0.0004320923640637,1.0,3.8,3.8,0.0016419509834422,0.0004320923640637,47.0,268.32,5.708936170212766,0.1159390231255833,0.0203083411109958,2.0,15.88,7.94,0.0068616267413322,0.0008641847281274,2.0,19.8,9.9,0.008555428808462,0.0008641847281274,9.0,32.28,3.586666666666667,0.0139479415119776,0.0038888312765736,2.0,5.36,2.68,0.0023160150713816,0.0008641847281274,,,,,,,,,,,,,,,25.061413790895887,795.0,0.0315237909319445,0.0067446641450913,2.1375078222641184,0.0259064367992337,0.3435134294306751,212191.0,207356.66666666663,0.0,0.977217067013524,0.0,6851.0,896.0,925.0,595.0,440.0,313.0,23.0,46.0,6411.0,583.0,902.0,549.0,0.0642242008465917,0.9357757991534082,0.3493303571428571,0.6506696428571429,0.0248648648648648,0.9751351351351352,0.0773109243697479,0.9226890756302522,baseline,male_P35,male,P35,1072255,ELA,saline,ELA_saline
1,inactive,4,green,12,9-12,3.0,15.08,5.026666666666666,9413.52,1386.4799999999996,76.0,123.8621052631579,0.0108764641394033,0.0021637528128786,3.0,21.96,7.32,0.0158386705902717,0.0021637528128786,3.0,9.96,3.3200000000000003,0.0071836593387571,0.0021637528128786,16.0,10715.2,669.7,7.728348046852464,0.0115400150020195,1.0,4.12,4.12,0.00297155386302,0.0007212509376262,2.0,2.84,1.42,0.0020483526628584,0.0014425018752524,26.0,739.48,28.441538461538464,0.5333506433558366,0.0187525243782816,3.0,36.28,12.093333333333334,0.0261669840170792,0.0021637528128786,6.0,50.56,8.426666666666668,0.0364664474063816,0.0043275056257573,17.0,66.8,3.929411764705882,0.0481795626334314,0.0122612659396457,3.0,6.64,2.213333333333334,0.004789106225838,0.0021637528128786,0.0,0.0,0.0,3.0,2.0,1.5,0.0,0.0,0.0021637528128786,0.0014425018752524,0.0,1.0,0.0,1.0,43.246326620354424,1329.0,0.032540501595451,0.0044045552114247,2.1372700932355784,0.0282200271973749,0.9585424961052452,235414.0,212132.3333333333,51.0,0.901103304533007,0.0002166396221125,18586.0,2180.0,804.0,380.0,186.0,448.0,86.0,0.0,18400.0,1732.0,718.0,380.0,0.0100075325513827,0.9899924674486172,0.2055045871559633,0.7944954128440367,0.1069651741293532,0.8930348258706468,0.0,1.0,baseline,male_P35,male,P35,1072255,ELA,saline,ELA_saline
1,inactive,4,red,3,0-3,62.0,836.2,13.48709677419355,5426.84,5373.16,54.0,100.49703703703705,0.1556253675676883,0.0115388337589053,34.0,293.6,8.63529411764706,0.0546419611550744,0.0063277475452061,13.0,54.24,4.172307692307692,0.010094618436823,0.0024194328849317,118.0,8913.16,75.53525423728813,1.6588301855891132,0.0219610061863037,3.0,16.08,5.359999999999999,0.0029926523684386,0.0005583306657534,16.0,121.76,7.61,0.0226607806207148,0.0029777635506852,63.0,1350.08,21.42984126984127,0.251263688406822,0.0117249439808232,4.0,95.6,23.9,0.0177921372153444,0.0007444408876713,4.0,17.64,4.41,0.0032829843146304,0.0007444408876713,79.0,400.28,5.0668354430379745,0.0744961996292684,0.0147027075315084,16.0,43.48,2.7175,0.0080920724489871,0.0029777635506852,3.0,2.0,1.5,47.2,40.0,1.1800000000000002,0.0005583306657534,0.0003722204438356,0.0087844024745215,0.0074444088767131,0.0597609561752988,0.9402390438247012,0.0476190476190476,0.9523809523809524,178.58012212243483,5318.0,0.0335803163073401,0.0065573305875217,2.1562296813633774,0.0294101627741369,0.9897341601590126,135725.0,82398.99999999999,1394.0,0.6071025971633818,0.0102707680972554,36875.0,2839.0,8743.0,20967.0,7779.0,0.0,1212.0,5756.0,29096.0,2839.0,7531.0,15211.0,0.2109559322033898,0.7890440677966102,0.0,1.0,0.1386251858629761,0.8613748141370239,0.2745266370963896,0.7254733629036104,baseline,male_P35,male,P35,1072419,ELA,saline,ELA_saline
1,inactive,4,red,6,3-6,,,,6974.08,3825.92,5.0,1394.816,,,,,,,,,,,,,3.0,6980.16,2326.72,1.824439611910338,0.00078412512546,,,,,,,,,,,,,,,,,,,,,,,,,,,,,,,,,,,,,,,,,,,,,,,,,,0.0053416379971005,1.0,0.0053416379971005,0.0053416379971005,0.0058923544840738,,0.00026137504182,174357.0,165547.66666666666,0.0,0.9494753102351304,0.0,,,,,,,,,,,,,,,,,,,,,baseline,male_P35,male,P35,1072419,ELA,saline,ELA_saline
1,inactive,4,red,9,6-9,1.0,6.2,6.2,9126.24,1673.7600000000002,9.0,1014.0266666666666,0.0037042347767899,0.0005974572220629,2.0,10.72,5.36,0.0064047414205142,0.0011949144441258,1.0,3.8,3.8,0.002270337443839,0.0005974572220629,15.0,9233.48,615.5653333333333,5.516609310773347,0.0089618583309435,,,,,,,,,,,2.0,10.44,5.22,0.0062374533983366,0.0011949144441258,2.0,9.56,4.78,0.0057116910429213,0.0011949144441258,,,,,,4.0,18.76,4.69,0.0112082974859,0.0023898288882516,,,,,,,,,,,,,,,,,,,,8.474197008993455,194.0,0.0436814278814095,0.0163288790501527,1.7202465313092192,0.0373107291335601,0.1159067010802026,228165.0,214200.3333333333,123.0,0.9387957545343648,0.0005390835579514,263.0,241.0,366.0,156.0,0.0,0.0,0.0,0.0,263.0,241.0,366.0,156.0,0.0,1.0,0.0,1.0,0.0,1.0,0.0,1.0,baseline,male_P35,male,P35,1072419,ELA,saline,ELA_saline
1,inactive,4,red,12,9-12,4.0,22.76,5.69,9431.6,1368.3999999999996,21.0,449.12380952380954,0.0166325635779012,0.0029231218941829,4.0,21.36,5.34,0.0156094709149371,0.0029231218941829,2.0,11.68,5.84,0.0085355159310143,0.0014615609470914,24.0,10633.12,443.0466666666667,7.770476468868755,0.0175387313650979,,,,,,1.0,1.0,1.0,0.0007307804735457,0.0007307804735457,16.0,725.28,45.33,0.5300204618532594,0.0116924875767319,4.0,72.08,18.02,0.0526746565331774,0.0029231218941829,1.0,49.32,49.32,0.0360420929552762,0.0007307804735457,23.0,70.36,3.0591304347826087,0.0514177141186787,0.0168079508915521,5.0,13.88,2.776,0.0101432329728149,0.0036539023677287,,,,,,,,,,,,,,,28.783439400244827,1348.0,0.0213526998518136,0.0024118866732535,2.1200942915818484,0.0196472301232872,0.985092078339667,235811.0,209476.66666666663,207.0,0.8883244066929306,0.0008778216453006,18174.0,3040.0,832.0,573.0,29.0,49.0,12.0,70.0,18145.0,2991.0,820.0,503.0,0.0015956861450423,0.9984043138549576,0.0161184210526315,0.9838815789473684,0.0144230769230769,0.9855769230769232,0.1221640488656195,0.8778359511343804,baseline,male_P35,male,P35,1072419,ELA,saline,ELA_saline
1,inactive,4,yellow,3,0-3,19.0,75.28,3.962105263157895,7510.32,3289.6800000000003,99.0,75.86181818181818,0.0228836847352934,0.0057756377520001,55.0,637.0,11.581818181818182,0.1936358551591644,0.0167189513873689,28.0,203.56,7.27,0.0618783589893241,0.0085114661608423,81.0,10087.04,124.53135802469136,3.066267843680844,0.0246224556795797,2.0,3.28,1.64,0.0009970574645558,0.0006079618686315,8.0,28.88,3.61,0.0087789693830402,0.0024318474745263,33.0,139.48,4.226666666666667,0.0423992607183677,0.0100313708324213,7.0,43.96,6.28,0.0133630018725225,0.0021278665402105,5.0,29.12,5.824,0.008851924807276,0.0015199046715789,30.0,114.52,3.817333333333333,0.0348118965978453,0.0091194280294739,3.0,8.12,2.7066666666666666,0.0024683251866442,0.0009119428029473,0.0,0.0,0.0,5.8,5.0,1.16,0.0,0.0,0.0017630894190316,0.0015199046715789,0.0,1.0,0.0,1.0,165.35989680079348,3196.0,0.0517396423031268,0.0109850898716546,2.1760629090219172,0.0476653274736349,0.9715230660732956,187857.0,100694.0,3640.0,0.5360140958282097,0.0193764405904491,4250.0,1839.0,21097.0,1901.0,910.0,84.0,3654.0,356.0,3340.0,1755.0,17443.0,1545.0,0.2141176470588235,0.7858823529411765,0.0456769983686786,0.9543230016313212,0.1731999810399583,0.8268000189600417,0.1872698579694897,0.8127301420305103,baseline,male_P35,male,P35,1072469,CTRL,saline,CTRL_saline
1,inactive,4,yellow,6,3-6,,,,6947.6,3852.4,20.0,347.38,,,,,,,,,,,,,3.0,6980.16,2326.72,1.8118990759007372,0.0007787353338178,,,,,,,,,,,,,,,,,,,,,,,,,,,,,,,,,,,,,,,,,,,,,,,,,,0.3250509718015948,19.0,0.0171079458842944,0.0131584357974,2.6606016586384396,0.0128856817340629,0.0049319904475132,173710.0,165317.66666666666,0.0,0.9516876786982136,0.0,,,,,,,,,,,,,,,,,,,,,baseline,male_P35,male,P35,1072469,CTRL,saline,CTRL_saline
1,inactive,4,yellow,9,6-9,2.0,3.84,1.92,8869.64,1930.3600000000008,25.0,354.7856,0.0019892662508547,0.0010360761723201,2.0,6.6,3.3,0.0034190513686566,0.0010360761723201,1.0,2.96,2.96,0.0015333927350338,0.00051803808616,7.0,9318.56,1331.222857142857,4.827368988168008,0.0036262666031206,1.0,4.16,4.16,0.0021550384384259,0.00051803808616,,,,,,43.0,141.84,3.298604651162791,0.0734785221409477,0.022275637704884,1.0,2.32,2.32,0.0012018483598914,0.00051803808616,1.0,32.28,32.28,0.0167222694212478,0.00051803808616,1.0,2.6,2.6,0.0013468990240162,0.00051803808616,1.0,2.56,2.56,0.0013261775005698,0.00051803808616,,,,,,,,,,,,,,,16.12058387378012,433.0,0.0372299858516861,0.004277776057451,2.2470909204625333,0.0332782432159123,0.2243104913073208,221766.0,212716.66666666663,0.0,0.9591942257454554,0.0,3589.0,867.0,242.0,98.0,440.0,313.0,23.0,0.0,3149.0,554.0,219.0,98.0,0.1225968236277514,0.8774031763722485,0.3610149942329873,0.6389850057670127,0.0950413223140495,0.9049586776859504,0.0,1.0,baseline,male_P35,male,P35,1072469,CTRL,saline,CTRL_saline
1,inactive,4,yellow,12,9-12,4.0,9.88,2.47,9946.24,853.7600000000002,37.0,268.8172972972973,0.0115723388305847,0.0046851574212893,3.0,13.96,4.653333333333333,0.0163511994002998,0.003513868065967,2.0,9.24,4.62,0.0108227136431784,0.0023425787106446,12.0,10737.68,894.8066666666667,12.576930284857568,0.014055472263868,1.0,1.84,1.84,0.0021551724137931,0.0011712893553223,2.0,5.2,2.6,0.0060907046476761,0.0023425787106446,22.0,175.92,7.996363636363636,0.2060532233883057,0.0257683658170914,5.0,83.2,16.64,0.0974512743628185,0.0058564467766116,5.0,57.92,11.584,0.0678410794602698,0.0058564467766116,11.0,30.48,2.770909090909091,0.0357008995502248,0.0128841829085457,1.0,2.88,2.88,0.0033733133433283,0.0011712893553223,,,,,,,,,,,,,,,35.638184891545706,825.0,0.0431977998685402,0.0077347970734325,2.183238589150787,0.0411771934117758,0.9663137181409291,248693.0,218980.99999999997,278.0,0.8805273972327327,0.0011178440888967,4552.0,3538.0,585.0,251.0,139.0,448.0,74.0,0.0,4413.0,3090.0,511.0,251.0,0.0305360281195079,0.969463971880492,0.1266252119841718,0.8733747880158281,0.1264957264957265,0.8735042735042735,0.0,1.0,baseline,male_P35,male,P35,1072469,CTRL,saline,CTRL_saline
1,inactive,5,blue,3,0-3,11.0,183.32,16.665454545454544,10311.48,488.5200000000005,29.0,355.56827586206896,0.3752558748874146,0.0225169900925243,,,,,,,,,,,21.0,10470.64,498.60190476190473,21.43339064930809,0.0429869810857282,,,,,,,,,,,,,,,,1.0,5.64,5.64,0.011545074920167,0.0020469990993203,,,,,,6.0,30.88,5.1466666666666665,0.0632113321870137,0.0122819945959223,1.0,2.08,2.08,0.0042577581265864,0.0020469990993203,,,,,,,,,,,,,,,15.763213563016896,460.0,0.0342678555717758,0.0086123653672075,2.0266489390103826,0.0312275048819758,0.9416195856873814,257816.0,218813.3333333333,3668.0,0.8487189830473412,0.0142272007943649,0.0,142.0,0.0,4594.0,0.0,0.0,0.0,81.0,0.0,142.0,0.0,4513.0,0.0,0.0,0.0,1.0,0.0,0.0,0.0176316935132781,0.9823683064867218,baseline,male_P35,male,P35,1073127,CTRL,saline,CTRL_saline
1,inactive,5,blue,6,3-6,1.0,3.48,3.48,9713.0,1087.0,19.0,511.2105263157895,0.0032014719411223,0.0009199632014719,,,,,,,,,,,12.0,9799.8,816.65,9.015455381784728,0.0110395584176632,,,,,,,,,,,,,,,,1.0,3.92,3.92,0.00360625574977,0.0009199632014719,,,,,,1.0,2.84,2.84,0.0026126954921803,0.0009199632014719,,,,,,,,,,,,,,,,,,,,2.3364195992025167,125.0,0.0186913567936201,0.0066566893883961,1.9800948921611456,0.0150675805228417,0.1149954001839926,242844.0,242393.33333333337,0.0,0.9981442132946804,0.0,0.0,99.0,0.0,88.0,0.0,0.0,0.0,0.0,0.0,99.0,0.0,88.0,0.0,0.0,0.0,1.0,0.0,0.0,0.0,1.0,baseline,male_P35,male,P35,1073127,CTRL,saline,CTRL_saline
1,inactive,5,blue,9,6-9,,,,10486.48,313.52000000000044,7.0,1498.0685714285714,,,,,,,,,,,,,4.0,10491.76,2622.94,33.46440418474096,0.0127583567236539,,,,,,,,,,,,,,,,,,,,,,,,,,,,,,,,,,,,,,,,,,,,,,,,,,0.0,0.0,,,,,0.0,262169.0,257548.33333333337,0.0,0.9823752363297468,0.0,,,,,,,,,,,,,,,,,,,,,baseline,male_P35,male,P35,1073127,CTRL,saline,CTRL_saline
1,inactive,5,blue,12,9-12,,,,9673.64,1126.3600000000006,31.0,312.05290322580646,,,2.0,29.04,14.52,0.0257821655598565,0.0017756312369047,,,,,,13.0,10146.72,780.516923076923,9.008416492062922,0.0115416030398806,,,,,,18.0,110.12,6.117777777777778,0.0977662559039738,0.0159806811321424,3.0,8.84,2.9466666666666668,0.0078482900671188,0.002663446855357,3.0,14.24,4.746666666666667,0.0126424944067615,0.002663446855357,1.0,15.64,15.64,0.0138854362725949,0.0008878156184523,8.0,26.92,3.365,0.0238999964487375,0.0071025249476188,1.0,2.68,2.68,0.0023793458574523,0.0008878156184523,,,,,,,,,,,,,,,18.09134347121347,503.0,0.035966885628655,0.0081928594581536,2.0634986811180744,0.0307873696271114,0.4465712560815367,241872.0,225970.0,3527.0,0.934254481709334,0.0145820930078719,2995.0,751.0,728.0,0.0,220.0,70.0,0.0,0.0,2775.0,681.0,728.0,0.0,0.0734557595993322,0.9265442404006676,0.0932090545938748,0.9067909454061251,0.0,1.0,0.0,0.0,baseline,male_P35,male,P35,1073127,CTRL,saline,CTRL_saline
1,inactive,5,green,3,0-3,35.0,238.16,6.804571428571428,9028.68,1771.3199999999997,154.0,58.62779220779221,0.1344534019827022,0.0197592755685025,8.0,32.24,4.03,0.0182011155522435,0.0045164058442291,4.0,15.04,3.76,0.0084908429871508,0.0022582029221145,31.0,10616.24,342.45935483870966,5.993406047467427,0.017501072646388,,,,,,1.0,1.04,1.04,0.0005871327597497,0.0005645507305286,26.0,158.04,6.078461538461538,0.0892215974527471,0.0146783189937447,,,,,,7.0,38.8,5.542857142857143,0.0219045683445114,0.0039518551137005,10.0,30.6,3.06,0.0172752523541765,0.0056455073052864,,,,,,,,,,,,,,,,,,,,77.14265805716929,1652.0,0.0466965242476811,0.009373956839277,2.1487383472259847,0.0381649604743877,0.9326378068333222,225871.0,207344.0,984.0,0.91797530448796,0.004356468957945,4004.0,977.0,1194.0,5989.0,153.0,609.0,808.0,2474.0,3851.0,368.0,386.0,3515.0,0.0382117882117882,0.9617882117882118,0.623336745138178,0.3766632548618219,0.6767169179229481,0.3232830820770519,0.4130906662214059,0.5869093337785941,baseline,male_P35,male,P35,1073091,ELA,saline,ELA_saline
1,inactive,5,green,6,3-6,,,,9818.2,981.7999999999992,12.0,818.1833333333334,,,,,,,,,,,,,4.0,9848.68,2462.17,10.031248726828284,0.0040741495212874,,,,,,,,,,,,,,,,1.0,1.68,1.68,0.0017111427989407,0.0010185373803218,,,,,,,,,,,,,,,,,,,,,,,,,,,,,,1.598723140051647,31.0,0.0515717141952144,0.0154056543586191,2.3181314882265016,0.0465194815069038,0.0315746587899776,245467.0,244248.33333333337,0.0,0.9950353136402584,0.0,0.0,43.0,0.0,0.0,0.0,0.0,0.0,0.0,0.0,43.0,0.0,0.0,0.0,0.0,0.0,1.0,0.0,0.0,0.0,0.0,baseline,male_P35,male,P35,1073091,ELA,saline,ELA_saline
1,inactive,5,green,9,6-9,3.0,50.0,16.666666666666668,10250.88,549.1200000000008,31.0,330.67354838709673,0.0910547785547784,0.0054632867132867,2.0,9.52,4.76,0.0173368298368298,0.0036421911421911,,,,,,11.0,10453.44,950.3127272727272,19.03671328671326,0.0200320512820512,,,,,,,,,,,1.0,1.32,1.32,0.0024038461538461,0.0018210955710955,1.0,4.56,4.56,0.0083041958041957,0.0018210955710955,,,,,,1.0,8.56,8.56,0.015588578088578,0.0018210955710955,,,,,,,,,,,,,,,,,,,,13.999075800886336,213.0,0.0657233605675414,0.0190496850413741,2.3420461217290685,0.0467005898300655,0.387893356643356,256303.0,255114.6666666667,0.0,0.9953635605773896,0.0,34.0,115.0,240.0,1253.0,25.0,0.0,91.0,512.0,9.0,115.0,149.0,741.0,0.7352941176470589,0.2647058823529412,0.0,1.0,0.3791666666666666,0.6208333333333333,0.4086193136472466,0.5913806863527534,baseline,male_P35,male,P35,1073091,ELA,saline,ELA_saline
1,inactive,5,green,12,9-12,6.0,13.8,2.3000000000000003,9605.92,1194.08,101.0,95.10811881188118,0.0115570146053865,0.0050247889588637,3.0,8.72,2.9066666666666667,0.0073026932868819,0.0025123944794318,3.0,11.52,3.84,0.0096475948010183,0.0025123944794318,9.0,10185.84,1131.76,8.53028272812542,0.0075371834382955,1.0,3.16,3.16,0.0026463888516682,0.0008374648264772,8.0,17.12,2.14,0.0143373978292911,0.0066997186118183,1.0,2.04,2.04,0.0017084282460136,0.0008374648264772,3.0,11.6,3.8666666666666663,0.0097145919871365,0.0025123944794318,3.0,27.08,9.026666666666666,0.0226785475010049,0.0025123944794318,4.0,12.6,3.15,0.0105520568136138,0.0033498593059091,,,,,,,,,,,,,,,,,,,,35.159169794485955,528.0,0.0665893367319809,0.0177574530140929,2.028537391147578,0.0624024881373093,0.442181428380008,240249.0,226616.99999999997,2252.0,0.9432588689234918,0.0093736082148104,488.0,973.0,512.0,351.0,77.0,265.0,180.0,175.0,411.0,708.0,332.0,176.0,0.1577868852459016,0.8422131147540983,0.2723535457348407,0.7276464542651593,0.3515625,0.6484375,0.4985754985754986,0.5014245014245015,baseline,male_P35,male,P35,1073091,ELA,saline,ELA_saline
1,inactive,5,red,3,0-3,7.0,26.08,3.7257142857142855,9780.16,1019.84,50.0,195.6032,0.025572638845309,0.0068638217759648,,,,,,,,,,,48.0,10479.88,218.33083333333332,10.276004079071226,0.047066206463759,,,,,,6.0,155.84,25.973333333333333,0.1528082836523376,0.0058832758079698,,,,,,5.0,37.2,7.44,0.0364763100094132,0.0049027298399748,1.0,7.84,7.84,0.0076874803890806,0.0009805459679949,13.0,51.04,3.926153846153846,0.0500470662064637,0.0127470975839347,,,,,,,,,,,,,,,,,,,,31.88096352760854,965.0,0.0330372679042575,0.0123481416233892,1.9788051346163156,0.0288556897446729,0.9462268591151552,244554.0,213578.66666666663,174.0,0.8733394942085047,0.0007114993007679,3902.0,1132.0,0.0,659.0,0.0,0.0,0.0,76.0,3902.0,1132.0,0.0,583.0,0.0,1.0,0.0,1.0,0.0,0.0,0.1153262518968133,0.8846737481031867,baseline,male_P35,male,P35,1073117,CTRL,saline,CTRL_saline
1,inactive,5,red,6,3-6,,,,9852.36,947.6399999999994,3.0,3284.1200000000003,,,,,,,,,,,,,3.0,9855.36,3285.1200000000003,10.399898695707238,0.0031657591490439,,,,,,,,,,,,,,,,,,,,,,,,,,,,,,,,,,,,,,,,,,,,,,,,,,0.0,0.0,,,,,0.0,246312.0,244701.33333333337,0.0,0.9934608680589389,0.0,,,,,,,,,,,,,,,,,,,,,baseline,male_P35,male,P35,1073117,CTRL,saline,CTRL_saline
1,inactive,5,red,9,6-9,,,,10427.96,372.0400000000009,11.0,947.9963636363636,,,,,,,,,,,,,8.0,10466.48,1308.31,28.132673906031545,0.0215030641866465,,,,,,,,,,,,,,,,,,,,,,,,,,2.0,4.56,2.28,0.0122567465863885,0.0053757660466616,,,,,,,,,,,,,,,,,,,,2.494792769708608,53.0,0.0470715616926152,0.0257073554909217,1.6546700238475505,0.0430778438693965,0.1424578002365333,260710.0,256575.66666666663,0.0,0.9841420224259394,0.0,,,,,,,,,,,,,,,,,,,,,baseline,male_P35,male,P35,1073117,CTRL,saline,CTRL_saline
1,inactive,5,red,12,9-12,2.0,36.0,18.0,9551.44,1248.5599999999995,31.0,308.1109677419355,0.0288332158646761,0.0016018453258153,1.0,8.44,8.44,0.0067597872749407,0.0008009226629076,,,,,,17.0,10053.32,591.3717647058824,8.051931825462937,0.0136156852694303,,,,,,7.0,42.76,6.1085714285714285,0.0342474530659319,0.0056064586403536,1.0,3.64,3.64,0.0029153584929839,0.0008009226629076,4.0,39.92,9.98,0.0319728327032741,0.0032036906516306,1.0,1.32,1.32,0.0010572179150381,0.0008009226629076,11.0,40.68,3.6981818181818182,0.032581533927084,0.0088101492919843,,,,,,,,,,,,,,,,,,,,18.255644732996213,622.0,0.0293499111462961,0.0092302331072248,2.0012291166845446,0.0265367244596577,0.4981738963285707,238817.0,226544.66666666663,1452.0,0.9486119776509488,0.0060799691814234,1168.0,1036.0,212.0,902.0,0.0,262.0,0.0,0.0,1168.0,774.0,212.0,902.0,0.0,1.0,0.2528957528957529,0.747104247104247,0.0,1.0,0.0,1.0,baseline,male_P35,male,P35,1073117,CTRL,saline,CTRL_saline
1,inactive,5,yellow,3,0-3,31.0,295.6,9.535483870967743,8210.76,2589.24,90.0,91.23066666666666,0.1141647742194621,0.0119726251718651,4.0,36.84,9.21,0.0142281132687584,0.0015448548608858,5.0,13.88,2.776,0.0053606463672737,0.0019310685761072,53.0,10475.88,197.65811320754716,4.045928535014135,0.0204693269067371,,,,,,6.0,415.24,69.20666666666666,0.1603713831085569,0.0023172822913287,38.0,168.04,4.422105263157895,0.0648993527058132,0.0146761211784152,1.0,2.56,2.56,0.0009887071109669,0.0003862137152214,4.0,60.64,15.16,0.023419999691029,0.0015448548608858,18.0,58.68,3.26,0.0226630208091949,0.0069518468739861,,,,,,,,,,,,,,,,,,,,76.88946295524835,2506.0,0.0306821480268349,0.0053697679918299,2.1591361687463952,0.0274802110071692,0.9678515703449662,205359.0,194630.66666666663,116.0,0.9477581536074224,0.0005648644568779,14626.0,1585.0,1277.0,7421.0,153.0,609.0,808.0,2479.0,14473.0,976.0,469.0,4942.0,0.0104608231915766,0.9895391768084234,0.3842271293375394,0.6157728706624606,0.6327329678935004,0.3672670321064996,0.3340520145532947,0.6659479854467053,baseline,male_P35,male,P35,1073101,ELA,saline,ELA_saline
1,inactive,5,yellow,6,3-6,,,,9831.36,968.6399999999994,9.0,1092.3733333333334,,,,,,,,,,,,,4.0,9850.56,2462.64,10.16947472745293,0.0041295011562603,,,,,,,,,,,,,,,,,,,,,,,,,,,,,,,,,,,,,,,,,,,,,,,,,,1.419754293278758,15.0,0.0946502862185838,0.082608746833311,1.8294514611374348,0.0802247212775303,0.0154856293359762,245793.0,244461.6666666667,0.0,0.994583518109412,0.0,,,,,,,,,,,,,,,,,,,,,baseline,male_P35,male,P35,1073101,ELA,saline,ELA_saline
1,inactive,5,yellow,9,6-9,5.0,39.64,7.928,10230.88,569.1200000000008,22.0,465.04,0.0696513916221534,0.0087854933933089,1.0,11.64,11.64,0.0204526286196232,0.0017570986786617,,,,,,10.0,10456.04,1045.604,18.372294068034837,0.0175709867866179,,,,,,1.0,7.04,7.04,0.012369974697779,0.0017570986786617,2.0,8.2,4.1,0.0144082091650266,0.0035141973573235,2.0,5.28,2.64,0.0092774810233342,0.0035141973573235,,,,,,,,,,,,,,,,,,,,,,,,,,,,,,12.125220842204282,240.0,0.0505217535091845,0.0157802350469186,1.925781141908955,0.0395875854265352,0.4217036828788298,255794.0,254775.33333333337,0.0,0.9960176287689834,0.0,384.0,134.0,292.0,996.0,25.0,0.0,91.0,512.0,359.0,134.0,201.0,484.0,0.0651041666666666,0.9348958333333334,0.0,1.0,0.3116438356164384,0.6883561643835616,0.5140562248995983,0.4859437751004016,baseline,male_P35,male,P35,1073101,ELA,saline,ELA_saline
1,inactive,5,yellow,12,9-12,4.0,38.56,9.64,8734.36,2065.6399999999994,22.0,397.0163636363637,0.0186673379678937,0.0019364458472918,3.0,7.08,2.36,0.0034275091497066,0.0014523343854689,2.0,14.84,7.42,0.0071842140934528,0.0009682229236459,11.0,10159.4,923.581818181818,4.918281985244284,0.0053252260800526,,,,,,52.0,753.8,14.496153846153844,0.364923219922155,0.0251737960147944,1.0,2.24,2.24,0.0010844096744834,0.0004841114618229,4.0,37.28,9.32,0.0180476752967603,0.0019364458472918,4.0,40.8,10.2,0.0197517476423771,0.0019364458472918,14.0,51.52,3.68,0.0249414225131194,0.0067775604655215,3.0,6.6,2.1999999999999997,0.0031951356480316,0.0014523343854689,,,,,,,,,,,,,,,32.73874541927582,1450.0,0.0225784451167419,0.0031984012194638,2.193250654806872,0.0214421942496502,0.7019616196433068,218381.0,215287.66666666663,639.0,0.9858351535466302,0.0029260787339557,18954.0,1960.0,553.0,968.0,193.0,597.0,180.0,175.0,18761.0,1363.0,373.0,793.0,0.0101825472195842,0.9898174527804158,0.3045918367346938,0.6954081632653061,0.325497287522604,0.674502712477396,0.1807851239669421,0.8192148760330579,baseline,male_P35,male,P35,1073101,ELA,saline,ELA_saline
1,inactive,6,blue,3,0-3,,,,10598.6,201.39999999999964,18.0,588.8111111111111,,,,,,,,,,,,,4.0,10755.68,2688.92,53.404568023833264,0.0198609731876862,,,,,,,,,,,,,,,,,,,,,,,,,,3.0,7.8,2.6,0.0387288977159881,0.0148957298907646,,,,,,,,,,,,,,,,,,,,2.191802655506181,140.0,0.0156557332536155,0.0034971398760409,2.0832278442892553,0.0096019038950205,0.6951340615690181,264983.0,260317.3333333333,48.0,0.9823925811592944,0.0001811436960106,,,,,,,,,,,,,,,,,,,,,baseline,male_P35,male,P35,1073092,ELA,saline,ELA_saline
1,inactive,6,blue,6,3-6,,,,10735.12,64.8799999999992,16.0,670.945,,,,,,,,,,,,,4.0,10799.96,2699.99,166.46054254007603,0.0616522811344027,,,,,,1.0,3.64,3.64,0.0561035758323064,0.0154130702836006,,,,,,1.0,1.24,1.24,0.0191122071516648,0.0154130702836006,,,,,,,,,,,,,,,,,,,,,,,,,,,,,,1.1549834137140258,49.0,0.0235710900757964,0.0109738360387022,1.8212934664769964,0.0227819408196523,0.7552404438964335,268394.0,263098.3333333333,0.0,0.9802690571821028,0.0,92.0,32.0,0.0,0.0,0.0,0.0,0.0,0.0,92.0,32.0,0.0,0.0,0.0,1.0,0.0,1.0,0.0,0.0,0.0,0.0,baseline,male_P35,male,P35,1073092,ELA,saline,ELA_saline
1,inactive,6,blue,9,6-9,,,,10415.32,384.6800000000003,18.0,578.6288888888889,,,,,,,,1.0,13.4,13.4,0.0348341478631589,0.00259956327337,7.0,10778.04,1539.72,28.018196942913573,0.0181969429135905,,,,,,10.0,165.28,16.528,0.4296558178226055,0.0259956327337007,,,,,,4.0,25.72,6.43,0.0668607673910782,0.0103982530934802,,,,,,2.0,4.88,2.44,0.0126858687740459,0.0051991265467401,1.0,2.0,2.0,0.0051991265467401,0.00259956327337,,,,,,,,,,,,,,,6.177023974439488,372.0,0.0166049031570954,0.0042121066673252,2.143123233591789,0.0162141473354823,0.9670375376936668,260401.0,260047.0,0.0,0.9986405582159824,0.0,4142.0,647.0,336.0,0.0,0.0,0.0,0.0,0.0,4142.0,647.0,336.0,0.0,0.0,1.0,0.0,1.0,0.0,1.0,0.0,0.0,baseline,male_P35,male,P35,1073092,ELA,saline,ELA_saline
1,inactive,6,blue,12,9-12,,,,9835.36,964.6399999999994,22.0,447.0618181818182,,,1.0,17.68,17.68,0.0183280809421131,0.0010366561618842,,,,,,8.0,10758.2,1344.775,11.15255432078289,0.0082932492950738,,,,,,30.0,577.96,19.265333333333334,0.5991457953226078,0.0310996848565268,,,,,,3.0,31.88,10.626666666666669,0.0330485984408691,0.0031099684856526,,,,,,12.0,45.16,3.763333333333333,0.0468153922706916,0.0124398739426107,4.0,9.2,2.3,0.0095372366893348,0.0041466246475369,,,,,,,,,,,,,,,7.304738558486798,949.0,0.0076973009046225,0.0021084437690388,2.1315464311089833,0.0067972886238869,0.9837866976281312,245906.0,201843.66666666663,13121.0,0.8208163553010771,0.0533577871219083,14479.0,800.0,443.0,0.0,0.0,0.0,0.0,0.0,14479.0,800.0,443.0,0.0,0.0,1.0,0.0,1.0,0.0,1.0,0.0,0.0,baseline,male_P35,male,P35,1073092,ELA,saline,ELA_saline
1,inactive,6,green,3,0-3,1.0,111.96,111.96,10366.6,433.3999999999997,28.0,370.2357142857143,0.2583294877711123,0.002307337332718,1.0,3.36,3.36,0.0077526534379326,0.002307337332718,,,,,,13.0,10579.56,813.8123076923076,24.41061375173052,0.0299953853253345,,,,,,,,,,,,,,,,,,,,,,,,,,3.0,20.72,6.906666666666666,0.0478080295339178,0.0069220119981541,,,,,,,,,,,,,,,,,,,,7.184099477660588,366.0,0.0196286870974333,0.0045077390402115,2.0509586917990013,0.0168805271400405,0.8444854637748045,259193.0,256880.66666666663,0.0,0.9910787199757196,0.0,0.0,0.0,85.0,2800.0,0.0,0.0,0.0,0.0,0.0,0.0,85.0,2800.0,0.0,0.0,0.0,0.0,0.0,1.0,0.0,1.0,baseline,male_P35,male,P35,1073102,ELA,saline,ELA_saline
1,inactive,6,green,6,3-6,,,,10578.12,221.8799999999992,28.0,377.79,,,,,,,,,,,,,12.0,10744.8,895.4,48.42617631151991,0.0540832882639266,,,,,,2.0,9.6,4.8,0.0432666306111413,0.0090138813773211,,,,,,,,,,,,,,,,2.0,7.64,3.82,0.0344330268613666,0.0090138813773211,,,,,,,,,,,,,,,,,,,,6.083182461594694,201.0,0.0302645893611676,0.0097159775670894,2.044795339135621,0.0279694233333648,0.9058950784207712,264481.0,261031.3333333333,0.0,0.9869568450411688,0.0,242.0,0.0,0.0,0.0,0.0,0.0,0.0,0.0,242.0,0.0,0.0,0.0,0.0,1.0,0.0,0.0,0.0,0.0,0.0,0.0,baseline,male_P35,male,P35,1073102,ELA,saline,ELA_saline
1,inactive,6,green,9,6-9,,,,10796.84,3.1599999999998545,5.0,2159.368,,,,,,,,,,,,,4.0,10799.96,2699.99,3417.70886075965,1.2658227848101848,,,,,,,,,,,,,,,,,,,,,,,,,,,,,,,,,,,,,,,,,,,,,,,,,,0.0,0.0,,,,,0.0,269926.0,266343.3333333334,0.0,0.9867272264744166,0.0,,,,,,,,,,,,,,,,,,,,,baseline,male_P35,male,P35,1073102,ELA,saline,ELA_saline
1,inactive,6,green,12,9-12,6.0,49.48,8.246666666666666,8713.6,2086.3999999999996,91.0,95.75384615384615,0.023715490797546,0.0028757668711656,3.0,25.52,8.506666666666666,0.0122315950920245,0.0014378834355828,2.0,17.6,8.8,0.0084355828220858,0.0009585889570552,26.0,10588.36,407.24461538461543,5.074942484662578,0.0124616564417177,,,,,,76.0,796.08,10.474736842105264,0.3815567484662577,0.0364263803680981,29.0,145.92,5.031724137931034,0.0699386503067484,0.0138995398773006,5.0,19.4,3.88,0.0092983128834355,0.002396472392638,1.0,0.96,0.96,0.0004601226993865,0.0004792944785276,22.0,102.32,4.65090909090909,0.0490414110429447,0.0105444785276073,5.0,12.88,2.576,0.0061733128834355,0.002396472392638,,,,,,,,,,,,,,,55.87360753014558,2012.0,0.0277701826690584,0.0039697561439338,2.1854560066069473,0.0270811939312803,0.964340490797546,217931.0,197465.66666666663,0.0,0.9060926011749896,0.0,23655.0,515.0,1083.0,1243.0,1328.0,32.0,235.0,422.0,22327.0,483.0,848.0,821.0,0.0561403508771929,0.9438596491228072,0.062135922330097,0.9378640776699028,0.2169898430286242,0.7830101569713758,0.3395012067578439,0.6604987932421561,baseline,male_P35,male,P35,1073102,ELA,saline,ELA_saline
1,inactive,6,red,3,0-3,,,,10649.44,150.5599999999995,16.0,665.59,,,,,,,,,,,,,7.0,10747.32,1535.3314285714284,71.382306057386,0.0464930924548354,,,,,,1.0,4.24,4.24,0.0281615302869288,0.0066418703506907,,,,,,1.0,2.96,2.96,0.0196599362380446,0.0066418703506907,,,,,,1.0,4.48,4.48,0.0297555791710946,0.0066418703506907,,,,,,,,,,,,,,,,,,,,3.5678331570798885,91.0,0.0392069577701086,0.0127370486136559,1.725642148492183,0.0444632092980421,0.6044102019128607,266252.0,261227.3333333333,0.0,0.9811281542799052,0.0,107.0,75.0,0.0,0.0,0.0,0.0,0.0,0.0,107.0,75.0,0.0,0.0,0.0,1.0,0.0,1.0,0.0,0.0,0.0,0.0,baseline,male_P35,male,P35,1073128,CTRL,saline,CTRL_saline
1,inactive,6,red,6,3-6,2.0,9.04,4.52,10552.8,247.20000000000073,17.0,620.7529411764706,0.0365695792880257,0.0080906148867313,1.0,3.48,3.48,0.0140776699029125,0.0040453074433656,1.0,1.36,1.36,0.0055016181229773,0.0040453074433656,7.0,10782.2,1540.314285714286,43.61731391585748,0.0283171521035597,,,,,,7.0,60.6,8.657142857142857,0.2451456310679604,0.0283171521035597,2.0,5.72,2.86,0.0231391585760517,0.0080906148867313,3.0,10.88,3.626666666666667,0.0440129449838186,0.012135922330097,,,,,,3.0,9.92,3.306666666666666,0.0401294498381875,0.012135922330097,,,,,,,,,,,,,,,,,,,,11.011052330740045,231.0,0.0476668932066668,0.0159381226032006,1.4810842779933158,0.044648923523589,0.934466019417473,263837.0,260026.6666666667,0.0,0.9855580023524626,0.0,1667.0,275.0,123.0,228.0,0.0,0.0,0.0,0.0,1667.0,275.0,123.0,228.0,0.0,1.0,0.0,1.0,0.0,1.0,0.0,1.0,baseline,male_P35,male,P35,1073128,CTRL,saline,CTRL_saline
1,inactive,6,red,9,6-9,,,,10778.12,21.8799999999992,6.0,1796.3533333333337,,,,,,,,,,,,,4.0,10799.96,2699.99,493.599634369305,0.1828153564899518,,,,,,1.0,3.12,3.12,0.1425959780621624,0.0457038391224879,,,,,,1.0,1.32,1.32,0.0603290676416841,0.0457038391224879,,,,,,,,,,,,,,,,,,,,,,,,,,,,,,1.036494873407675,16.0,0.0647809295879797,0.0262754693842506,1.1770488734585842,0.0635505932721777,0.7312614259598074,269459.0,266032.0,0.0,0.9872819241517262,0.0,79.0,34.0,0.0,0.0,0.0,0.0,0.0,0.0,79.0,34.0,0.0,0.0,0.0,1.0,0.0,1.0,0.0,0.0,0.0,0.0,baseline,male_P35,male,P35,1073128,CTRL,saline,CTRL_saline
1,inactive,6,red,12,9-12,1.0,3.0,3.0,9199.08,1600.92,20.0,459.954,0.0018739224945656,0.0006246408315218,2.0,7.8,3.9,0.0048721984858706,0.0012492816630437,2.0,18.0,9.0,0.0112435349673937,0.0012492816630437,18.0,10739.0,596.6111111111111,6.708017889713415,0.0112435349673937,,,,,,82.0,671.36,8.187317073170732,0.4193588686505259,0.0512205481847937,5.0,69.2,13.84,0.0432251455413137,0.0031232041576093,7.0,78.56,11.222857142857142,0.0490717837243584,0.0043724858206531,3.0,8.28,2.76,0.0051720260850011,0.0018739224945656,16.0,54.2,3.3875,0.0338555330684856,0.0099942533043499,5.0,13.16,2.632,0.0082202733428278,0.0031232041576093,,,,,,,,,,,,,,,29.947365875278436,1585.0,0.018894237145286,0.0047769861356244,2.137174721772329,0.0172689310145141,0.9900557179621716,229997.0,206273.66666666663,67.0,0.8968537270775995,0.0002913081474975,18601.0,2181.0,649.0,76.0,3519.0,0.0,142.0,0.0,15082.0,2181.0,507.0,76.0,0.1891833772377829,0.8108166227622171,0.0,1.0,0.2187981510015408,0.7812018489984591,0.0,1.0,baseline,male_P35,male,P35,1073128,CTRL,saline,CTRL_saline
1,inactive,6,yellow,3,0-3,,,,10635.12,164.8799999999992,31.0,343.06838709677425,,,,,,,,,,,,,5.0,10751.72,2150.344,65.2093643862206,0.0303250849102378,,,,,,,,,,,,,,,,1.0,2.64,2.64,0.0160116448326056,0.0060650169820475,,,,,,4.0,17.6,4.4,0.1067442988840374,0.0242600679281903,,,,,,,,,,,,,,,,,,,,0.9292123263565258,93.0,0.0099915303909303,0.0015359192864594,1.8835221950604737,0.0102175500907722,0.5640465793304249,265909.0,260798.66666666663,25.0,0.9807816458512748,9.401712615970123e-05,0.0,67.0,0.0,0.0,0.0,0.0,0.0,0.0,0.0,67.0,0.0,0.0,0.0,0.0,0.0,1.0,0.0,0.0,0.0,0.0,baseline,male_P35,male,P35,1073137,CTRL,saline,CTRL_saline
1,inactive,6,yellow,6,3-6,,,,10617.12,182.8799999999992,38.0,279.39789473684215,,,,,,,,,,,,,4.0,10799.96,2699.99,59.0548993875768,0.0218722659667542,,,,,,,,,,,,,,,,1.0,8.56,8.56,0.0468066491688541,0.0054680664916885,,,,,,,,,,,,,,,,,,,,,,,,,,,,,,1.90431403041759,140.0,0.0136022430744113,0.0061376755584435,1.8180069442127351,0.0126168536027677,0.7655293088363988,265466.0,261714.33333333337,0.0,0.985867618954342,0.0,0.0,215.0,0.0,0.0,0.0,0.0,0.0,0.0,0.0,215.0,0.0,0.0,0.0,0.0,0.0,1.0,0.0,0.0,0.0,0.0,baseline,male_P35,male,P35,1073137,CTRL,saline,CTRL_saline
1,inactive,6,yellow,9,6-9,,,,10766.24,33.76000000000022,20.0,538.312,,,,,,,,,,,,,4.0,10799.96,2699.99,319.90402843601686,0.1184834123222741,,,,,,,,,,,,,,,,,,,,,,,,,,,,,,,,,,,,,,,,,,,,,,,,,,0.0258181429371316,17.0,0.0015187142904195,0.0005388978885036,1.4531335764206923,0.0016373814687789,0.503554502369665,269176.0,265897.0,0.0,0.9878183790531102,0.0,,,,,,,,,,,,,,,,,,,,,baseline,male_P35,male,P35,1073137,CTRL,saline,CTRL_saline
1,inactive,6,yellow,12,9-12,9.0,130.28,14.475555555555555,9174.24,1625.7600000000002,91.0,100.81582417582418,0.0801348292490896,0.0055358724534986,2.0,9.32,4.66,0.0057327034740675,0.0012301938785552,,,,,,21.0,10675.04,508.33523809523814,6.566184430666272,0.0129170357248302,,,,,,63.0,482.04,7.651428571428572,0.2965013286093888,0.0387511071744906,3.0,8.36,2.786666666666666,0.0051422104123609,0.0018452908178328,7.0,95.48,13.64,0.0587294557622281,0.0043056785749434,4.0,8.92,2.23,0.0054866646983564,0.0024603877571105,9.0,31.6,3.511111111111111,0.0194370632811731,0.0055358724534986,,,,,,,,,,,,,,,,,,,,43.67965981531498,1545.0,0.028271624475932,0.0054622026561577,2.151929981009773,0.0273426014392097,0.9503247711839384,229447.0,207089.6666666667,0.0,0.9025599230613898,0.0,12326.0,2621.0,235.0,3266.0,2689.0,32.0,222.0,422.0,9637.0,2589.0,13.0,2844.0,0.2181567418465033,0.7818432581534966,0.0122090805036245,0.9877909194963754,0.9446808510638298,0.0553191489361702,0.129210042865891,0.870789957134109,baseline,male_P35,male,P35,1073137,CTRL,saline,CTRL_saline
1,inactive,7,blue,3,0-3,2.0,7.56,3.78,9883.52,916.4799999999996,39.0,253.42358974358976,0.0082489525139664,0.0021822625698324,2.0,4.64,2.32,0.0050628491620111,0.0021822625698324,1.0,5.56,5.56,0.006066689944134,0.0010911312849162,20.0,10692.36,534.618,11.666768505586598,0.021822625698324,,,,,,1.0,1.04,1.04,0.0011347765363128,0.0010911312849162,23.0,139.16,6.050434782608695,0.1518418296089386,0.0250960195530726,2.0,15.92,7.96,0.0173708100558659,0.0021822625698324,,,,,,12.0,38.68,3.223333333333333,0.0422049581005586,0.0130935754189944,3.0,9.24,3.08,0.0100820530726257,0.0032733938547486,0.0,0.0,0.0,2.4,2.0,1.2,0.0,0.0,0.0026187150837988,0.0021822625698324,0.0,1.0,0.0,1.0,20.893743282257493,876.0,0.0238513051167322,0.0041750542092693,2.1702265270237246,0.0209079470886489,0.9558310055865926,247127.0,194573.66666666663,6363.0,0.7873428102419672,0.0257478948071234,3529.0,400.0,258.0,191.0,27.0,0.0,0.0,0.0,3502.0,400.0,258.0,191.0,0.0076508926041371,0.9923491073958628,0.0,1.0,0.0,1.0,0.0,1.0,baseline,male_P35,male,P35,1073149,ELA,MDMA,ELA_MDMA
1,inactive,7,blue,6,3-6,,,,10435.32,364.6800000000003,7.0,1490.76,,,,,,,,1.0,3.68,3.68,0.0100910387188768,0.0027421300866513,6.0,10536.92,1756.1533333333334,28.893605352637906,0.0164527805199078,,,,,,,,,,,1.0,1.16,1.16,0.0031808709005155,0.0027421300866513,1.0,12.92,12.92,0.0354283207195349,0.0027421300866513,,,,,,1.0,2.2,2.2,0.0060326861906328,0.0027421300866513,,,,,,,,,,,,,,,,,,,,4.915204364396457,102.0,0.0481882780823182,0.007779420672878,2.308183407279843,0.0435630550099757,0.2796972688384335,260890.0,258819.0,0.0,0.9920617884932348,0.0,30.0,324.0,93.0,0.0,0.0,0.0,0.0,0.0,30.0,324.0,93.0,0.0,0.0,1.0,0.0,1.0,0.0,1.0,0.0,0.0,baseline,male_P35,male,P35,1073149,ELA,MDMA,ELA_MDMA
1,inactive,7,blue,9,6-9,1.0,7.0,7.0,10291.76,508.2399999999998,13.0,791.6738461538462,0.0137730206201794,0.0019675743743113,,,,,,,,,,,8.0,10775.4,1346.925,21.20140091295452,0.0157405949944908,,,,,,1.0,4.2,4.2,0.0082638123721076,0.0019675743743113,29.0,275.36,9.495172413793105,0.5417912797103733,0.0570596568550291,2.0,27.96,13.98,0.0550133795057453,0.0039351487486227,,,,,,10.0,40.88,4.088,0.0804344404218479,0.0196757437431134,1.0,2.04,2.04,0.0040138517235951,0.0019675743743113,,,,,,,,,,,,,,,8.90171530178088,499.0,0.0178391088212041,0.0017787559352177,2.231092979623369,0.0145321868800679,0.9818196127813636,257307.0,248313.66666666663,151.0,0.9650482368014344,0.0005868476178261,7019.0,701.0,0.0,176.0,0.0,0.0,0.0,0.0,7019.0,701.0,0.0,176.0,0.0,1.0,0.0,1.0,0.0,0.0,0.0,1.0,baseline,male_P35,male,P35,1073149,ELA,MDMA,ELA_MDMA
1,inactive,7,blue,12,9-12,,,,9305.28,1494.7199999999991,35.0,265.86514285714287,,,1.0,8.44,8.44,0.0056465424962534,0.0006690216227788,,,,,,9.0,9892.16,1099.128888888889,6.618068935988015,0.0060211946050096,,,,,,13.0,110.88,8.529230769230768,0.0741811175337187,0.008697281096125,20.0,107.88,5.394,0.0721740526653821,0.0133804324555769,1.0,29.8,29.8,0.0199368443588096,0.0006690216227788,,,,,,4.0,12.84,3.21,0.0085902376364804,0.0026760864911153,3.0,6.6,2.1999999999999997,0.0044155427103404,0.0020070648683365,0.0,0.0,0.0,1.4,1.0,1.4,0.0,0.0,0.0009366302718903,0.0006690216227788,0.0,1.0,0.0,1.0,14.782943450923138,581.0,0.0254439646315372,0.0035474551527232,2.2355957385151703,0.0222996379736788,0.388701562834511,232667.0,199523.66666666663,5414.0,0.8575503473490725,0.023269307637095,5502.0,746.0,212.0,0.0,1519.0,0.0,114.0,0.0,3983.0,746.0,98.0,0.0,0.2760814249363867,0.7239185750636132,0.0,1.0,0.5377358490566038,0.4622641509433962,0.0,0.0,baseline,male_P35,male,P35,1073149,ELA,MDMA,ELA_MDMA
1,inactive,7,green,3,0-3,1.0,1.84,1.84,9709.28,1090.7199999999991,130.0,74.68676923076923,0.0016869590729059,0.000916825583101,,,,,,,,,,,5.0,10796.72,2159.344,9.898709109579,0.0045841279155053,,,,,,,,,,,43.0,215.88,5.02046511627907,0.1979243068798593,0.039423500073346,3.0,85.76,28.58666666666667,0.0786269620067479,0.0027504767493032,,,,,,3.0,14.24,4.746666666666667,0.0130555963033592,0.0027504767493032,,,,,,,,,,,,,,,,,,,,28.011375576146268,982.0,0.0285248223789676,0.0031450349850252,2.154785336707639,0.0212909924735268,0.9003227226052523,242862.0,193269.3333333333,848.0,0.7957989859810646,0.0034916948719849,5440.0,2147.0,0.0,47.0,425.0,452.0,0.0,0.0,5015.0,1695.0,0.0,47.0,0.078125,0.921875,0.2105263157894736,0.7894736842105263,0.0,0.0,0.0,1.0,baseline,male_P35,male,P35,1073093,ELA,MDMA,ELA_MDMA
1,inactive,7,green,6,3-6,,,,10349.84,450.15999999999985,19.0,544.7284210526316,,,,,,,,,,,,,4.0,10542.96,2635.74,23.420472720810384,0.0088857295183934,,,,,,,,,,,,,,,,,,,,,,,,,,1.0,2.48,2.48,0.0055091523014039,0.0022214323795983,,,,,,,,,,,,,,,,,,,,0.267123601838551,162.0,0.0016489111224601,6.728310834589545e-14,1.3966015474575857,0.0007964704516597,0.3598720454949352,258765.0,257600.0,0.0,0.9954978455355246,0.0,,,,,,,,,,,,,,,,,,,,,baseline,male_P35,male,P35,1073093,ELA,MDMA,ELA_MDMA
1,inactive,7,green,9,6-9,,,,10768.44,31.55999999999949,14.0,769.1742857142857,,,,,,,,,,,,,4.0,10799.96,2699.99,342.2040557667989,0.1267427122940451,,,,,,,,,,,,,,,,,,,,,,,,,,,,,,,,,,,,,,,,,,,,,,,,,,0.2431522794325346,20.0,0.0121576139716267,0.0085577209457933,1.8110072858667217,0.0100443702575283,0.6337135614702257,269225.0,256491.0,0.0,0.952701272170118,0.0,,,,,,,,,,,,,,,,,,,,,baseline,male_P35,male,P35,1073093,ELA,MDMA,ELA_MDMA
1,inactive,7,green,12,9-12,1.0,12.28,12.28,8931.48,1868.5200000000004,125.0,71.45183999999999,0.006572046325434,0.0005351829255239,8.0,34.04,4.255,0.018217626784835,0.0042814634041915,2.0,3.24,1.62,0.0017339926786975,0.0010703658510478,8.0,9901.0,1237.625,5.298846145612569,0.0042814634041915,,,,,,4.0,4.84,1.21,0.0025902853595358,0.0021407317020957,66.0,248.64,3.767272727272727,0.1330678826022734,0.0353220730845803,,,,,,1.0,4.92,4.92,0.0026330999935778,0.0005351829255239,4.0,14.48,3.62,0.0077494487615867,0.0021407317020957,,,,,,,,,,,,,,,,,,,,38.87748896473619,883.0,0.0440288663247295,0.005423261325612,1.9834799456366248,0.0403028210221989,0.4725665232376425,223412.0,195354.99999999997,4831.0,0.8744158773924408,0.0216237265679551,6407.0,124.0,942.0,308.0,529.0,70.0,715.0,221.0,5878.0,54.0,227.0,87.0,0.0825659434992976,0.9174340565007024,0.5645161290322581,0.4354838709677419,0.7590233545647559,0.2409766454352441,0.7175324675324676,0.2824675324675325,baseline,male_P35,male,P35,1073093,ELA,MDMA,ELA_MDMA
1,inactive,7,red,3,0-3,24.0,381.88,15.911666666666669,5668.56,5131.44,40.0,141.714,0.0744196560809441,0.0046770497170384,7.0,33.4,4.771428571428571,0.0065088941895452,0.0013641395008028,2.0,12.36,6.18,0.0024086806042748,0.0003897541430865,93.0,9285.0,99.83870967741936,1.8094336092792669,0.0181235676535241,,,,,,3.0,23.8,7.933333333333334,0.0046380743027298,0.0005846312146298,84.0,928.88,11.058095238095238,0.1810174142151131,0.0163696740096347,9.0,98.6,10.955555555555556,0.0192148792541664,0.0017538936438894,7.0,82.72,11.817142857142857,0.0161202313580593,0.0013641395008028,80.0,353.48,4.4185,0.0688851472491152,0.0155901657234616,24.0,57.84,2.41,0.0112716898180627,0.0046770497170384,2.4,2.0,1.2,0.0,0.0,0.0,0.0004677049717038,0.0003897541430865,0.0,0.0,1.0,0.0,1.0,0.0,102.6617643529381,5096.0,0.0201455581540302,0.0033426216783205,2.145465381382865,0.0181839171507207,0.9930935565845066,141754.0,130226.66666666669,240.0,0.918680719180176,0.0016930739167854,23904.0,4549.0,1153.0,9571.0,27.0,0.0,0.0,0.0,23877.0,4549.0,1153.0,9571.0,0.0011295180722891,0.9988704819277108,0.0,1.0,0.0,1.0,0.0,1.0,baseline,male_P35,male,P35,1073138,CTRL,MDMA,CTRL_MDMA
1,inactive,7,red,6,3-6,,,,10518.16,281.84000000000015,5.0,2103.632,,,,,,,,,,,,,4.0,10542.96,2635.74,37.407607152994586,0.0141924496168038,,,,,,,,,,,,,,,,,,,,,,,,,,,,,,,1.0,2.72,2.72,0.0096508657394266,0.0035481124042009,,,,,,,,,,,,,,,1.0213950373187264,18.0,0.0567441687399292,0.023697980568631,1.608257825598696,0.0436938220075234,0.0638660232756173,262959.0,260192.66666666663,0.0,0.9894799823039586,0.0,,,,,,,,,,,,,,,,,,,,,baseline,male_P35,male,P35,1073138,CTRL,MDMA,CTRL_MDMA
1,inactive,7,red,9,6-9,3.0,92.16,30.72,9755.36,1044.6399999999994,23.0,424.14608695652174,0.0882217797518762,0.002871802726298,1.0,12.04,12.04,0.0115255016082095,0.0009572675754326,1.0,5.6,5.6,0.005360698422423,0.0009572675754326,18.0,10632.48,590.6933333333333,10.17812835043652,0.0172308163577883,,,,,,2.0,5.36,2.68,0.0051309542043191,0.0019145351508653,13.0,56.32,4.332307692307692,0.0539133098483688,0.0124444784806249,7.0,50.12,7.159999999999999,0.0479782508806861,0.0067008730280287,5.0,74.8,14.96,0.0716036146423648,0.0047863378771634,14.0,48.04,3.4314285714285715,0.0459871343237862,0.0134017460560575,5.0,12.12,2.424,0.0116020830142441,0.0047863378771634,,,,,,,,,,,,,,,22.767065371585577,1022.0,0.0222769719878528,0.0037532084315984,2.20571083351704,0.0206760397370917,0.9783274620922046,243907.0,239629.66666666663,0.0,0.9824632612703476,0.0,1557.0,3135.0,443.0,2307.0,0.0,0.0,0.0,0.0,1557.0,3135.0,443.0,2307.0,0.0,1.0,0.0,1.0,0.0,1.0,0.0,1.0,baseline,male_P35,male,P35,1073138,CTRL,MDMA,CTRL_MDMA
1,inactive,7,red,12,9-12,3.0,178.36,59.45333333333334,7423.88,3376.12,20.0,371.194,0.0528298757153181,0.000888594007322,7.0,51.44,7.348571428571428,0.0152364252455481,0.0020733860170847,2.0,13.2,6.6,0.0039098136322168,0.0005923960048813,29.0,9537.0,328.86206896551727,2.8248403492766845,0.0085897420707794,,,,,,11.0,39.16,3.5599999999999996,0.0115991137755766,0.0032581780268473,105.0,995.8,9.483809523809525,0.2949539708304207,0.0311007902562705,6.0,62.84,10.473333333333334,0.0186130824733718,0.001777188014644,7.0,90.0,12.857142857142858,0.0266578202196604,0.0020733860170847,35.0,135.4,3.8685714285714288,0.0401052095304669,0.0103669300854235,12.0,31.0,2.5833333333333335,0.0091821380756608,0.003554376029288,3.8,4.0,0.95,0.8,1.0,0.8,0.0011255524092745,0.0011847920097626,0.0002369584019525,0.0002961980024406,0.8260869565217391,0.1739130434782609,0.8,0.2,43.60315216844611,2474.0,0.0176245562524034,0.0025534836634876,2.272104086151257,0.0166779479593638,0.7327938580382214,185617.0,172431.3333333333,2009.0,0.9289630439740612,0.0108233620842918,25990.0,3834.0,1625.0,4462.0,5399.0,80.0,153.0,0.0,20591.0,3754.0,1472.0,4462.0,0.2077337437475952,0.7922662562524048,0.0208659363588941,0.979134063641106,0.0941538461538461,0.905846153846154,0.0,1.0,baseline,male_P35,male,P35,1073138,CTRL,MDMA,CTRL_MDMA
1,inactive,7,yellow,3,0-3,1.0,3.52,3.52,9575.88,1224.1200000000008,67.0,142.92358208955224,0.0028755350782602,0.0008169133745057,2.0,8.12,4.06,0.0066333366009868,0.0016338267490115,,,,,,9.0,10781.0,1197.888888888889,8.807143090546672,0.0073522203705519,,,,,,1.0,17.68,17.68,0.0144430284612619,0.0008169133745057,44.0,174.24,3.96,0.1423389863738848,0.0359441884782537,5.0,52.24,10.448,0.0426755546841812,0.0040845668725288,,,,,,12.0,43.56,3.63,0.0355847465934712,0.0098029604940692,1.0,2.4,2.4,0.0019605920988138,0.0008169133745057,,,,,,,,,,,,,,,36.20890724230671,1154.0,0.031376869360751,0.005125208955165,2.2339514281517405,0.0283833096213823,0.9427180341796548,239464.0,191959.0,975.0,0.801619450105235,0.0040715932248688,4843.0,1311.0,205.0,89.0,425.0,452.0,0.0,0.0,4418.0,859.0,205.0,89.0,0.0877555234358868,0.9122444765641132,0.3447749809305873,0.6552250190694127,0.0,1.0,0.0,1.0,baseline,male_P35,male,P35,1073118,CTRL,MDMA,CTRL_MDMA
1,inactive,7,yellow,6,3-6,,,,10501.92,298.0799999999999,7.0,1500.2742857142855,,,,,,,,,,,,,4.0,10542.96,2635.74,35.36956521739131,0.013419216317767,,,,,,,,,,,,,,,,,,,,,,,,,,,,,,,,,,,,,,,,,,,,,,,,,,0.514441645839472,34.0,0.0151306366423374,0.0050357744382851,1.9463311820773557,0.0111005915246165,0.1140633387010199,262555.0,260121.0,0.0,0.9907295614252252,0.0,,,,,,,,,,,,,,,,,,,,,baseline,male_P35,male,P35,1073118,CTRL,MDMA,CTRL_MDMA
1,inactive,7,yellow,9,6-9,,,,10786.04,13.959999999999129,10.0,1078.604,,,,,,,,,,,,,4.0,10799.96,2699.99,773.6361031519107,0.2865329512894161,,,,,,,,,,,,,,,,,,,,,,,,,,,,,,,,,,,,,,,,,,,,,,,,,,0.1808287645348945,6.0,0.0301381274224824,0.0219962715945678,0.7915554378637788,0.0376530209965284,0.4297994269341242,269661.0,256671.66666666663,0.0,0.9518308790172352,0.0,,,,,,,,,,,,,,,,,,,,,baseline,male_P35,male,P35,1073118,CTRL,MDMA,CTRL_MDMA
1,inactive,7,yellow,12,9-12,3.0,11.0,3.6666666666666665,8374.52,2425.4799999999996,42.0,199.39333333333337,0.0045351847881656,0.0012368685785906,9.0,39.4,4.377777777777777,0.0162442073321569,0.0037106057357718,2.0,12.08,6.04,0.0049804574764582,0.0008245790523937,10.0,9894.36,989.436,4.079340996421328,0.0041228952619687,,,,,,17.0,375.56,22.091764705882355,0.1548394544584989,0.0070089219453469,75.0,348.04,4.640533333333334,0.1434932466975609,0.0309217144647657,6.0,56.88,9.48,0.0234510282500783,0.0024737371571812,2.0,3.96,1.98,0.0016326665237396,0.0008245790523937,6.0,16.64,2.7733333333333334,0.006860497715916,0.0024737371571812,,,,,,0.8,1.0,0.8,2.4,3.0,0.7999999999999999,0.0003298316209575,0.0004122895261968,0.0009894948628725,0.0012368685785906,0.25,0.7499999999999999,0.25,0.75,38.25772724314589,1501.0,0.0254881593891711,0.003608027356654,2.2257558761483365,0.0241104304640961,0.6188465788215117,209405.0,192028.66666666663,267.0,0.91702044682155,0.0012750411881282,18182.0,1529.0,1298.0,278.0,6651.0,150.0,630.0,221.0,11531.0,1379.0,668.0,57.0,0.3658013419865801,0.6341986580134199,0.0981033355134074,0.9018966644865926,0.485362095531587,0.514637904468413,0.7949640287769785,0.2050359712230215,baseline,male_P35,male,P35,1073118,CTRL,MDMA,CTRL_MDMA
1,inactive,8,blue,3,0-3,30.0,495.72,16.524,4721.32,6078.68,122.0,38.69934426229508,0.0815505998012726,0.0049352820020135,18.0,90.68,5.037777777777778,0.0149177123980864,0.0029611692012081,2.0,14.52,7.26,0.0023886764889745,0.0003290188001342,75.0,9564.64,127.52853333333331,1.5734731882579769,0.0123382050050339,1.0,2.36,2.36,0.0003882421841584,0.0001645094000671,2.0,4.8,2.4,0.0007896451203221,0.0003290188001342,77.0,1139.88,14.803636363636365,0.1875209749485085,0.0126672238051682,2.0,4.76,2.38,0.0007830647443194,0.0003290188001342,45.0,383.88,8.530666666666667,0.0631518684977659,0.0074029230030203,71.0,324.68,4.572957746478873,0.0534129120137924,0.0116801674047655,12.0,30.24,2.52,0.0049747642580297,0.0019741128008054,0.8,1.0,0.8,5.4,6.0,0.9,0.0001316075200536,0.0001645094000671,0.0008883507603624,0.0009870564004027,0.1290322580645161,0.8709677419354839,0.1428571428571428,0.8571428571428571,137.66042312166763,5963.0,0.0230857660777574,0.0058258296220278,2.1665945858250937,0.0213269482303606,0.9809695526002356,118155.0,41316.999999999985,33086.0,0.349684736151665,0.2800220049934408,28696.0,9763.0,2650.0,12423.0,750.0,3050.0,518.0,2989.0,27946.0,6713.0,2132.0,9434.0,0.0261360468357959,0.973863953164204,0.3124039741882618,0.6875960258117382,0.1954716981132075,0.8045283018867925,0.2406021089913869,0.7593978910086131,baseline,male_P35,male,P35,1073150,ELA,MDMA,ELA_MDMA
1,inactive,8,blue,6,3-6,75.0,7145.24,95.26986666666666,758.32,10041.68,25.0,30.3328,0.7115582253168792,0.0074688697508783,3.0,9.72,3.24,0.0009679655197138,0.0002987547900351,1.0,7.04,7.04,0.0007010779072824,9.958493001171118e-05,154.0,3409.48,22.13948051948052,0.339532827176329,0.0153360792218035,,,,,,1.0,5.04,5.04,0.000501908047259,9.958493001171118e-05,50.0,1064.32,21.2864,0.1059902327100644,0.0049792465005855,1.0,2.84,2.84,0.0002828212012332,9.958493001171118e-05,6.0,78.68,13.113333333333337,0.0078353422933214,0.0005975095800702,42.0,219.68,5.230476190476191,0.0218768174249727,0.0041825670604918,32.0,95.4,2.98125,0.0095004023231172,0.0031867177603747,2.0,2.0,1.0,1.6,2.0,0.8,0.0001991698600234,0.0001991698600234,0.0001593358880187,0.0001991698600234,0.5555555555555556,0.4444444444444445,0.5,0.5,107.91518123088916,10018.0,0.010772128292163,0.0020551854805191,2.270720747743093,0.0098975630975899,0.9976418288573228,18983.0,11158.999999999998,0.0,0.5878417531475529,0.0,26785.0,2045.0,423.0,178706.0,478.0,0.0,0.0,28275.0,26307.0,2045.0,423.0,150431.0,0.0178458092215792,0.9821541907784208,0.0,1.0,0.0,1.0,0.1582207648316229,0.8417792351683772,baseline,male_P35,male,P35,1073150,ELA,MDMA,ELA_MDMA
1,inactive,8,blue,9,6-9,88.0,7739.48,87.94863636363635,1774.84,9025.16,96.0,18.487916666666667,0.8575449077911084,0.0097505196583772,,,,,,,,,,,91.0,3194.36,35.10285714285715,0.3539394315447039,0.0100829237376401,,,,,,,,,,,13.0,54.04,4.156923076923077,0.0059877054811216,0.0014404176768057,,,,,,1.0,26.28,26.28,0.0029118597343426,0.0001108013597542,1.0,2.28,2.28,0.0002526271002397,0.0001108013597542,39.0,126.12,3.233846153846154,0.0139742674922106,0.0043212530304171,,,,,,,,,,,,,,,46.18403593663036,8936.0,0.0051683119893274,0.0007689129678384,2.238050574802062,0.0046948710209327,0.9901209507643078,44467.0,25372.999999999993,2532.0,0.5706029190185979,0.0569411023905368,1364.0,658.0,0.0,193575.0,250.0,0.0,0.0,21254.0,1114.0,658.0,0.0,172321.0,0.1832844574780058,0.8167155425219942,0.0,1.0,0.0,0.0,0.109797236213354,0.890202763786646,baseline,male_P35,male,P35,1073150,ELA,MDMA,ELA_MDMA
1,inactive,8,blue,12,9-12,133.0,2244.24,16.873984962406013,7447.88,3352.12,141.0,52.8218439716312,0.6694987052969463,0.0396763839003376,,,,,,,,,,,107.0,9063.16,84.70242990654205,2.7037098910540194,0.0319200983258355,,,,,,,,,,,6.0,77.84,12.973333333333334,0.0232211257353555,0.0017899120556543,,,,,,1.0,1.88,1.88,0.0005608391107716,0.0002983186759423,51.0,206.68,4.052549019607843,0.0616565039437729,0.0152142524730618,3.0,11.24,3.7466666666666666,0.0033531019175924,0.0008949560278271,0.0,0.0,0.0,8.2,6.0,1.3666666666666665,0.0,0.0,0.0024462131427275,0.0017899120556543,0.0,1.0,0.0,1.0,24.09159006315094,3220.0,0.0074818602680592,0.0015123466216458,2.1460205162218076,0.005714884547961,0.9605861365344917,186338.0,101404.33333333331,10532.0,0.5441956730958436,0.056520945808155,1952.0,48.0,0.0,56239.0,8.0,0.0,0.0,29125.0,1944.0,48.0,0.0,27114.0,0.0040983606557377,0.9959016393442623,0.0,1.0,0.0,0.0,0.5178790519034834,0.4821209480965167,baseline,male_P35,male,P35,1073150,ELA,MDMA,ELA_MDMA
1,inactive,8,green,3,0-3,103.0,718.4,6.974757281553398,71.4,10728.6,9.0,7.933333333333334,0.0669612064947896,0.0096005070559066,51.0,262.4,5.145098039215686,0.0244579907909699,0.0047536491247693,26.0,101.56,3.9061538461538463,0.0094662863747366,0.0024234289655686,161.0,9158.44,56.88472049689441,0.8536472605931809,0.0150066178252521,4.0,10.28,2.57,0.0009581865294633,0.0003728352254721,7.0,32.44,4.634285714285714,0.0030236936785787,0.0006524616445761,158.0,871.4,5.515189873417722,0.0812221538690975,0.014726991406148,1.0,6.48,6.48,0.0006039930652648,9.320880636802564e-05,80.0,1038.04,12.9755,0.0967544693622653,0.007456704509442,185.0,850.2,4.595675675675676,0.0792461271740954,0.0172436291780847,41.0,100.56,2.4526829268292683,0.0093730775683686,0.003821561061089,3.8,4.0,0.95,15.8,13.0,1.2153846153846155,0.0003541934641984,0.0003728352254721,0.0014726991406148,0.0012117144827843,0.1938775510204081,0.8061224489795918,0.2352941176470588,0.7647058823529411,400.0888766550407,10719.0,0.0373252053974289,0.0061240226032899,2.164523644253542,0.0357893029969557,0.9991051954588668,1794.0,460.0,536.0,0.2564102564102564,0.2987736900780379,22761.0,26194.0,9176.0,18063.0,1022.0,5069.0,1066.0,3279.0,21739.0,21125.0,8110.0,14784.0,0.0449013663723035,0.9550986336276964,0.1935175994502558,0.8064824005497442,0.1161726242371403,0.8838273757628596,0.1815313070918452,0.8184686929081548,baseline,male_P35,male,P35,1073129,CTRL,MDMA,CTRL_MDMA
1,inactive,8,green,6,3-6,103.0,1724.32,16.740970873786406,5558.4,5241.6,127.0,43.76692913385826,0.3289682539682539,0.0196504884004884,3.0,15.28,5.093333333333333,0.0029151404151404,0.0005723443223443,4.0,12.16,3.04,0.0023199023199023,0.0007631257631257,81.0,9049.28,111.71950617283952,1.7264346764346763,0.0154532967032967,1.0,1.32,1.32,0.0002518315018315,0.0001907814407814,2.0,3.28,1.64,0.0006257631257631,0.0003815628815628,30.0,499.16,16.63866666666667,0.0952304639804639,0.0057234432234432,,,,,,19.0,142.6,7.505263157894737,0.0272054334554334,0.0036248473748473,29.0,102.08,3.52,0.0194749694749694,0.0055326617826617,11.0,29.16,2.650909090909091,0.0055631868131868,0.0020985958485958,0.0,0.0,0.0,2.0,2.0,1.0,0.0,0.0,0.0003815628815628,0.0003815628815628,0.0,1.0,0.0,1.0,118.3981049221486,5117.0,0.0231381873992864,0.0047261233733229,2.259792923724786,0.0225155609573997,0.9762286324786325,139087.0,82647.66666666666,0.0,0.5942156108526797,0.0,12593.0,3584.0,693.0,43211.0,245.0,144.0,0.0,13207.0,12348.0,3440.0,693.0,30004.0,0.0194552529182879,0.980544747081712,0.0401785714285714,0.9598214285714286,0.0,1.0,0.3056397676517553,0.6943602323482446,baseline,male_P35,male,P35,1073129,CTRL,MDMA,CTRL_MDMA
1,inactive,8,green,9,6-9,36.0,2824.04,78.44555555555556,7299.88,3500.12,47.0,155.31659574468085,0.8068409083117151,0.0102853616447436,1.0,2.24,2.24,0.0006399780578951,0.0002857044901317,,,,,,57.0,8245.28,144.6540350877193,2.3557135183936553,0.0162851559375107,,,,,,,,,,,30.0,76.44,2.548,0.0218392512256722,0.008571134703953,,,,,,7.0,92.16,13.165714285714284,0.0263305258105436,0.0019999314309223,33.0,110.64,3.352727272727273,0.0316103447881786,0.0094282481743483,20.0,64.8,3.24,0.0185136509605384,0.0057140898026353,0.0,0.0,0.0,0.8,1.0,0.8,0.0,0.0,0.0002285635921054,0.0002857044901317,0.0,1.0,0.0,1.0,46.399351194029585,3454.0,0.01343351221599,0.0019969254592882,2.2879081660600984,0.0145575796109856,0.9868233089151228,182544.0,110862.66666666666,0.0,0.6073202442516141,0.0,1941.0,2311.0,57.0,70637.0,129.0,34.0,0.0,13853.0,1812.0,2277.0,57.0,56784.0,0.0664605873261205,0.9335394126738794,0.0147122457810471,0.9852877542189528,0.0,1.0,0.1961153503121593,0.8038846496878407,baseline,male_P35,male,P35,1073129,CTRL,MDMA,CTRL_MDMA
1,inactive,8,green,12,9-12,99.0,9395.48,94.90383838383838,112.6,10687.4,20.0,5.63,0.8791174654265771,0.0092632445683702,3.0,16.4,5.466666666666666,0.001534517282033,0.0002807043808597,3.0,12.88,4.293333333333334,0.0012051574751576,0.0002807043808597,140.0,1859.96,13.285428571428572,0.1740329734079383,0.0130995377734528,,,,,,1.0,1.08,1.08,0.0001010535771094,9.356812695323464e-05,9.0,198.68,22.075555555555557,0.0185901154630686,0.0008421131425791,,,,,,6.0,63.8,10.633333333333333,0.0059696464996163,0.0005614087617194,96.0,307.24,3.200416666666667,0.0287478713251118,0.0089825401875105,47.0,217.48,4.627234042553192,0.0203491962497894,0.004397701966802,0.0,0.0,0.0,0.8,1.0,0.8,0.0,0.0,7.485450156258773e-05,9.356812695323464e-05,0.0,1.0,0.0,1.0,76.87835111181508,10667.0,0.0072071201942265,0.0013360524796634,2.2991340322567533,0.0069404112302897,0.998091210210154,2835.0,1505.6666666666663,49.0,0.5310993533215755,0.0172839506172839,5004.0,1601.0,738.0,234986.0,0.0,572.0,0.0,45791.0,5004.0,1029.0,738.0,189195.0,0.0,1.0,0.3572767020612117,0.6427232979387882,0.0,1.0,0.1948669282425336,0.8051330717574664,baseline,male_P35,male,P35,1073129,CTRL,MDMA,CTRL_MDMA
1,inactive,8,red,3,0-3,27.0,139.04,5.149629629629629,8204.76,2595.24,74.0,110.87513513513514,0.0535750065504539,0.0104036620890553,7.0,29.52,4.217142857142857,0.0113746705507005,0.0026972457267921,7.0,28.36,4.051428571428572,0.0109276984016892,0.0026972457267921,83.0,10083.92,121.49301204819275,3.885544304187667,0.0319816279033923,,,,,,3.0,17.12,5.706666666666667,0.0065966924060973,0.0011559624543394,21.0,762.56,36.31238095238095,0.2938302430603721,0.0080917371803763,6.0,98.72,16.453333333333333,0.0380388711641312,0.0023119249086789,5.0,10.36,2.072,0.0039919236756523,0.0019266040905658,36.0,154.68,4.296666666666667,0.0596014241457437,0.0138715494520737,14.0,39.48,2.82,0.0152124658991075,0.0053944914535842,16.6,14.0,1.1857142857142855,0.0,0.0,0.0,0.0063963255806784,0.0053944914535842,0.0,0.0,1.0,0.0,1.0,0.0,103.92853261833308,2522.0,0.0412087758201162,0.0071522360640336,1.9388441130411536,0.0321325757462312,0.9717791032813922,205193.0,43896.99999999999,112506.0,0.2139302997665612,0.5482935577724386,19516.0,2738.0,1461.0,3503.0,0.0,134.0,0.0,33.0,19516.0,2604.0,1461.0,3470.0,0.0,1.0,0.0489408327246165,0.9510591672753836,0.0,1.0,0.0094204967170996,0.9905795032829005,baseline,male_P35,male,P35,1073139,CTRL,MDMA,CTRL_MDMA
1,inactive,8,red,6,3-6,60.0,575.04,9.584,9448.2,1351.7999999999993,65.0,145.3569230769231,0.425388371060808,0.0443852640923213,1.0,3.72,3.72,0.0027518863737239,0.0007397544015386,,,,,,42.0,10239.68,243.8019047619048,7.574848350347689,0.0310696848646249,,,,,,,,,,,1.0,4.32,4.32,0.0031957390146471,0.0007397544015386,,,,,,,,,,,1.0,3.44,3.44,0.002544755141293,0.0007397544015386,16.0,44.36,2.7725,0.0328155052522562,0.011836070424619,0.8,1.0,0.8,0.0,0.0,0.0,0.0005918035212309,0.0007397544015386,0.0,0.0,1.0,0.0,1.0,0.0,20.95590638762396,1286.0,0.0162954170976858,0.0021632623917627,2.0365469733944965,0.0135786966614099,0.9513241603787548,236270.0,104915.33333333331,44874.0,0.4440484756140573,0.1899267786854022,109.0,0.0,94.0,14436.0,0.0,0.0,0.0,13497.0,109.0,0.0,94.0,939.0,0.0,1.0,0.0,0.0,0.0,1.0,0.934954280964256,0.0650457190357439,baseline,male_P35,male,P35,1073139,CTRL,MDMA,CTRL_MDMA
1,inactive,8,red,9,6-9,56.0,985.36,17.595714285714287,8788.04,2011.9599999999991,77.0,114.13038961038964,0.4897512873019347,0.0278335553390723,2.0,6.04,3.02,0.0030020477544285,0.000994055547824,2.0,17.76,8.88,0.0088272132646772,0.000994055547824,54.0,9917.72,183.66148148148147,4.9293822938825835,0.0268394997912483,,,,,,,,,,,18.0,480.8,26.711111111111112,0.2389709536968927,0.0089464999304161,,,,,,1.0,6.48,6.48,0.0032207399749498,0.000497027773912,43.0,176.84,4.112558139534884,0.0878943915385992,0.0213721942782162,5.0,20.24,4.048,0.010059842143979,0.00248513886956,0.8,1.0,0.8,0.0,0.0,0.0,0.0003976222191296,0.000497027773912,0.0,0.0,1.0,0.0,1.0,0.0,23.386065460471062,1946.0,0.0120175053753705,0.0021635201817702,2.1398832938649117,0.009285868022846,0.9672160480327644,219778.0,128994.99999999996,13015.0,0.5869331780250979,0.0592188481103659,12038.0,163.0,599.0,24690.0,64.0,0.0,0.0,10527.0,11974.0,163.0,599.0,14163.0,0.0053164977571025,0.9946835022428976,0.0,1.0,0.0,1.0,0.42636695018226,0.57363304981774,baseline,male_P35,male,P35,1073139,CTRL,MDMA,CTRL_MDMA
1,inactive,8,red,12,9-12,52.0,909.0,17.48076923076923,7011.16,3788.84,12.0,584.2633333333333,0.2399151191393672,0.0137245172664984,12.0,59.16,4.93,0.0156142777208855,0.0031671962922688,8.0,38.76,4.845,0.0102300440240284,0.0021114641948459,59.0,9269.76,157.11457627118645,2.4465957918518595,0.0155720484369886,,,,,,2.0,9.68,4.84,0.0025548716757635,0.0005278660487114,35.0,1043.36,29.810285714285712,0.2753771602918043,0.0092376558524508,4.0,66.64,16.66,0.0175884967430664,0.0010557320974229,21.0,264.16,12.57904761904762,0.0697205477138121,0.0055425935114705,71.0,271.84,3.8287323943661966,0.0717475533408642,0.0187392447292575,12.0,47.8,3.983333333333333,0.0126159985642043,0.0031671962922688,9.8,8.0,1.225,0.0,0.0,0.0,0.0025865436386862,0.0021114641948459,0.0,0.0,1.0,0.0,1.0,0.0,92.43411874101454,3779.0,0.0244599414503875,0.0055134493254119,2.0436148342641065,0.0198004928749512,0.9974028990403396,175291.0,101222.99999999996,1760.0,0.5774569145021705,0.0100404470280847,26363.0,8295.0,2468.0,22777.0,8.0,423.0,0.0,19639.0,26355.0,7872.0,2468.0,3138.0,0.0003034556006524,0.9996965443993476,0.0509945750452079,0.949005424954792,0.0,1.0,0.8622294419809456,0.1377705580190543,baseline,male_P35,male,P35,1073139,CTRL,MDMA,CTRL_MDMA
1,inactive,8,yellow,3,0-3,22.0,189.36,8.607272727272727,3287.28,7512.719999999999,256.0,12.8409375,0.0252052518927898,0.0029283668232011,17.0,131.92,7.759999999999999,0.0175595523325772,0.0022628289088372,3.0,10.16,3.3866666666666667,0.0013523730419874,0.0003993227486183,43.0,10503.64,244.2706976744186,1.3981141317658583,0.0057236260635295,,,,,,2.0,3.84,1.92,0.0005111331182314,0.0002662151657455,99.0,316.4,3.1959595959595957,0.0421152392209479,0.0131776507044053,1.0,1.96,1.96,0.0002608908624306,0.0001331075828727,87.0,838.52,9.63816091954023,0.1116133703904844,0.0115803597099319,40.0,203.52,5.088,0.0270900552662684,0.0053243033149112,5.0,10.36,2.072,0.001378994558562,0.0006655379143639,,,,,,,,,,,,,,,163.38446357813777,7253.0,0.0225264667831432,0.0045117683695733,2.233525038964657,0.0230346360776188,0.9654292985762812,82438.0,38067.33333333333,7240.0,0.461769248809206,0.0878235765059802,8107.0,21100.0,3572.0,4756.0,353.0,3387.0,548.0,819.0,7754.0,17713.0,3024.0,3937.0,0.0435426174910571,0.9564573825089429,0.160521327014218,0.8394786729857819,0.1534154535274356,0.8465845464725644,0.1722035323801513,0.8277964676198486,baseline,male_P35,male,P35,1073094,ELA,MDMA,ELA_MDMA
1,inactive,8,yellow,6,3-6,24.0,214.96,8.956666666666667,8811.64,1988.3600000000008,109.0,80.84073394495412,0.1081091955179142,0.012070248848297,3.0,9.0,3.0,0.0045263433181114,0.0015087811060371,1.0,1.08,1.08,0.0005431611981733,0.0005029270353457,39.0,10537.08,270.1815384615385,5.299382405600594,0.0196141543784827,,,,,,1.0,1.2,1.2,0.0006035124424148,0.0005029270353457,41.0,100.08,2.4409756097560975,0.0503329376973988,0.0206200084491741,,,,,,7.0,67.44,9.634285714285712,0.0339173992637148,0.0035204892474199,3.0,9.52,3.1733333333333333,0.0047878653764911,0.0015087811060371,2.0,5.0,2.5,0.0025146351767285,0.0010058540706914,0.8,1.0,0.8,0.0,0.0,0.0,0.0004023416282765,0.0005029270353457,0.0,0.0,1.0,0.0,1.0,0.0,59.82979934648464,1890.0,0.0316559784902035,0.0092266268600676,2.1886626067209147,0.03127609488831,0.9505320968033952,220400.0,113496.0,3262.0,0.5149546279491832,0.0148003629764065,2574.0,1693.0,256.0,5398.0,319.0,144.0,0.0,3192.0,2255.0,1549.0,256.0,2206.0,0.1239316239316239,0.8760683760683761,0.0850561134081512,0.9149438865918488,0.0,1.0,0.5913301222675065,0.4086698777324935,baseline,male_P35,male,P35,1073094,ELA,MDMA,ELA_MDMA
1,inactive,8,yellow,9,6-9,21.0,69.4,3.304761904761905,9976.8,823.2000000000007,61.0,163.55409836065573,0.0843051506316811,0.0255102040816326,,,,,,,,,,,9.0,10783.64,1198.1822222222222,13.099659863945568,0.0109329446064139,,,,,,,,,,,47.0,313.36,6.667234042553192,0.3806608357628762,0.0570942662779397,,,,,,5.0,22.4,4.4799999999999995,0.0272108843537414,0.0060738581146744,3.0,10.8,3.6,0.0131195335276967,0.0036443148688046,1.0,2.52,2.52,0.0030612244897959,0.0012147716229348,,,,,,,,,,,,,,,11.067534370474297,767.0,0.014429640639471,0.0032302294348534,2.177346405721898,0.0136261917030057,0.9317298347910584,249481.0,142105.3333333333,5390.0,0.5696038308862531,0.0216048516720712,7881.0,565.0,0.0,1756.0,315.0,34.0,0.0,1489.0,7566.0,531.0,0.0,267.0,0.0399695470118005,0.9600304529881994,0.0601769911504424,0.9398230088495576,0.0,0.0,0.8479498861047836,0.1520501138952164,baseline,male_P35,male,P35,1073094,ELA,MDMA,ELA_MDMA
1,inactive,8,yellow,12,9-12,18.0,129.08,7.171111111111112,9878.24,921.7600000000002,106.0,93.19094339622642,0.1400364520048602,0.0195278597465717,,,,,,,,,,,16.0,10702.72,668.92,11.611178614823812,0.0173580975525082,,,,,,,,,,,,,,,,,,,,,10.0,91.88,9.188,0.0996788751952785,0.0108488109703176,7.0,23.6,3.371428571428571,0.0256031938899496,0.0075941676792223,,,,,,0.0,0.0,0.0,0.8,1.0,0.8,0.0,0.0,0.0008679048776254,0.0010848810970317,0.0,1.0,0.0,1.0,20.47668034443421,837.0,0.024464373171367,0.0034734557469298,2.125383875291317,0.0232337070883941,0.9080454782155872,247062.0,114730.99999999996,33007.0,0.4643814103342479,0.133598044215622,0.0,2307.0,0.0,3245.0,0.0,149.0,0.0,1406.0,0.0,2158.0,0.0,1839.0,0.0,0.0,0.0645860424794105,0.9354139575205896,0.0,0.0,0.4332819722650231,0.5667180277349769,baseline,male_P35,male,P35,1073094,ELA,MDMA,ELA_MDMA
2,inactive,1,blue,3,0-3,62.0,392.64,6.332903225806452,3217.84,7582.16,92.0,34.97652173913043,0.0517847157010667,0.0081770893782246,21.0,55.24,2.63047619047619,0.0072855228589214,0.0027696593055277,12.0,45.8,3.8166666666666664,0.0060404950568175,0.0015826624603015,170.0,8571.16,50.41858823529411,1.130437764436519,0.0224210515209386,1.0,1.96,1.96,0.0002585015351825,0.0001318885383584,92.0,1272.88,13.835652173913044,0.1678782827057197,0.0121337455289785,8.0,30.84,3.855,0.0040674425229749,0.0010551083068677,22.0,192.08,8.730909090909092,0.0253331504478934,0.0029015478438861,8.0,78.48,9.81,0.0103506124903721,0.0010551083068677,137.0,561.32,4.097226277372263,0.0740316743513721,0.0180687297551093,15.0,36.4,2.4266666666666667,0.004800742796248,0.0019783280753769,4.0,4.0,1.0,0.0,0.0,0.0,0.0005275541534338,0.0005275541534338,0.0,0.0,1.0,0.0,1.0,0.0,210.7388532116463,7488.0,0.0281435434310425,0.0053339015929661,2.0143177722039383,0.0250876331232255,0.9875813752281672,80538.0,75757.0,790.0,0.9406367180709728,0.0098090342447043,32693.0,6794.0,2559.0,9878.0,419.0,396.0,20.0,0.0,32274.0,6398.0,2539.0,9878.0,0.0128161991863701,0.9871838008136298,0.058286723579629,0.941713276420371,0.0078155529503712,0.9921844470496288,0.0,1.0,baseline,male_P35,male,P35,1072482,CTRL,MDMA,CTRL_MDMA
2,inactive,1,blue,6,3-6,8.0,44.6,5.575,9884.84,915.16,29.0,340.85655172413794,0.0487346474933345,0.0087416408059792,2.0,9.36,4.68,0.0102277197429957,0.0021854102014948,2.0,20.2,10.1,0.0220726430350976,0.0021854102014948,25.0,10581.16,423.2464,11.562087503824468,0.0273176275186852,,,,,,18.0,138.28,7.682222222222222,0.1510992613313519,0.0196686918134533,1.0,8.56,8.56,0.0093535556623978,0.0010927051007474,1.0,11.44,11.44,0.0125005463525503,0.0010927051007474,2.0,7.4,3.7,0.0080860177455308,0.0021854102014948,16.0,67.48,4.2175,0.0737357401984352,0.0174832816119585,5.0,10.6,2.12,0.0115826740679225,0.005463525503737,4.2,5.0,0.8400000000000001,0.0,0.0,0.0,0.0045893614231391,0.005463525503737,0.0,0.0,1.0,0.0,1.0,0.0,29.56924901288898,885.0,0.0334115808055242,0.0067792928807772,1.8854138273814205,0.0267110550870531,0.967044014161458,247150.0,228229.66666666663,18.0,0.923445950502394,7.283026502124217e-05,3690.0,474.0,743.0,1123.0,206.0,0.0,0.0,0.0,3484.0,474.0,743.0,1123.0,0.0558265582655826,0.9441734417344172,0.0,1.0,0.0,1.0,0.0,1.0,baseline,male_P35,male,P35,1072482,CTRL,MDMA,CTRL_MDMA
2,inactive,1,blue,9,6-9,4.0,14.16,3.54,9850.52,949.4799999999996,23.0,428.2834782608696,0.0149134262964991,0.0042128322871466,3.0,13.08,4.36,0.0137759615789695,0.0031596242153599,5.0,13.96,2.7920000000000003,0.0147027846821418,0.0052660403589333,23.0,10706.84,465.51478260869567,11.276530311328312,0.0242237856510932,,,,,,40.0,342.0,8.55,0.3601971605510386,0.0421283228714665,2.0,8.36,4.18,0.0088048194801364,0.0021064161435733,4.0,31.76,7.94,0.0334498883599444,0.0042128322871466,,,,,,15.0,52.56,3.504,0.0553566162531069,0.0157981210767999,4.0,8.4,2.1,0.0088469478030079,0.0042128322871466,2.0,2.0,1.0,0.0,0.0,0.0,0.0021064161435733,0.0021064161435733,0.0,0.0,1.0,0.0,1.0,0.0,23.287929209577975,925.0,0.0251761396860302,0.0050273613766888,2.0341591768000145,0.0222766238884094,0.9742174664026628,246286.0,227842.66666666663,292.0,0.9251141626672512,0.0011856134737662,8801.0,798.0,684.0,358.0,215.0,0.0,0.0,0.0,8586.0,798.0,684.0,358.0,0.0244290421543006,0.9755709578456994,0.0,1.0,0.0,1.0,0.0,1.0,baseline,male_P35,male,P35,1072482,CTRL,MDMA,CTRL_MDMA
2,inactive,1,blue,12,9-12,12.0,98.56,8.213333333333333,8641.28,2158.7199999999993,42.0,205.74476190476193,0.0456566854432256,0.0055588496887044,6.0,22.36,3.7266666666666666,0.0103579899199525,0.0027794248443522,5.0,16.96,3.3920000000000003,0.0078565075600355,0.0023161873702935,27.0,10458.2,387.3407407407408,4.844630151200714,0.0125074117995849,2.0,4.52,2.26,0.0020938333827453,0.0009264749481174,41.0,698.36,17.03317073170732,0.3235065223836348,0.0189927364364067,3.0,41.24,13.746666666666668,0.0191039134301808,0.0013897124221761,11.0,88.8,8.072727272727272,0.0411354876964127,0.0050956122146457,6.0,54.68,9.113333333333332,0.0253298250815298,0.0027794248443522,40.0,158.2,3.955,0.0732841683960865,0.018529498962348,6.0,14.2,2.3666666666666667,0.0065779721316335,0.0027794248443522,4.8,4.0,1.2,0.0,0.0,0.0,0.0022235398754817,0.0018529498962348,0.0,0.0,1.0,0.0,1.0,0.0,53.35405598679088,2116.0,0.0252145822243813,0.0036835400936764,1.961507983861356,0.0235934947991568,0.9802104951082126,216074.0,188720.0,4885.0,0.8734044817979025,0.0226079954089802,18534.0,3604.0,994.0,2476.0,148.0,0.0,0.0,72.0,18386.0,3604.0,994.0,2404.0,0.0079853242689111,0.9920146757310888,0.0,1.0,0.0,1.0,0.0290791599353796,0.9709208400646204,baseline,male_P35,male,P35,1072482,CTRL,MDMA,CTRL_MDMA
2,inactive,1,green,3,0-3,2.0,73.96,36.98,9074.72,1725.2800000000009,122.0,74.38295081967213,0.0428684039692107,0.0011592321246406,2.0,13.76,6.88,0.0079755170175275,0.0011592321246406,3.0,5.68,1.893333333333333,0.0032922192339794,0.0017388481869609,16.0,10633.4,664.5875,6.163289437076877,0.0092738569971251,,,,,,69.0,582.44,8.441159420289855,0.3375915793378464,0.0399935083001019,1.0,1.36,1.36,0.0007882778447556,0.0005796160623203,5.0,49.56,9.912,0.0287257720485949,0.0028980803116015,,,,,,8.0,31.36,3.92,0.0181767597143651,0.0046369284985625,2.0,3.96,1.98,0.0022952796067884,0.0011592321246406,0.0,0.0,0.0,2.2,2.0,1.1,0.0,0.0,0.0012751553371047,0.0011592321246406,0.0,1.0,0.0,1.0,47.73350664036675,1629.0,0.0293023367958052,0.0061153747310464,2.163927340913686,0.0242906297996375,0.9441945655197992,226990.0,169005.99999999997,2767.0,0.7445526234635885,0.0121899643156086,14665.0,1244.0,491.0,1851.0,331.0,117.0,68.0,0.0,14334.0,1127.0,423.0,1851.0,0.0225707466757586,0.9774292533242414,0.0940514469453376,0.9059485530546624,0.1384928716904277,0.8615071283095723,0.0,1.0,baseline,male_P35,male,P35,1072240,ELA,MDMA,ELA_MDMA
2,inactive,1,green,6,3-6,5.0,18.68,3.736,8864.96,1935.0400000000009,71.0,124.85859154929577,0.0096535472134942,0.0025839259136762,5.0,25.16,5.032,0.0130023151976186,0.0025839259136762,3.0,18.44,6.146666666666667,0.0095295187696378,0.0015503555482057,22.0,10508.8,477.6727272727272,5.430792128328093,0.0113692740201752,,,,,,27.0,545.8,20.21481481481481,0.2820613527368942,0.0139531999338514,13.0,119.36,9.181538461538462,0.0616834794112782,0.0067182073755581,3.0,12.68,4.226666666666667,0.0065528361170828,0.0015503555482057,2.0,33.84,16.92,0.0174880105837605,0.0010335703654704,30.0,109.56,3.652,0.0566189846204729,0.0155035554820572,1.0,3.68,3.68,0.0019017694724656,0.0005167851827352,0.0,0.0,0.0,4.2,5.0,0.8400000000000001,0.0,0.0,0.002170497767488,0.0025839259136762,0.0,1.0,0.0,1.0,41.87091856670277,1876.0,0.0223192529673255,0.0038103295140391,2.129377490996325,0.0185567576478897,0.969489002811311,221695.0,213544.0,10.0,0.963233270935294,4.510701639640046e-05,16669.0,1168.0,1098.0,472.0,120.0,0.0,87.0,54.0,16549.0,1168.0,1011.0,418.0,0.0071989921411002,0.9928010078588998,0.0,1.0,0.0792349726775956,0.9207650273224044,0.1144067796610169,0.885593220338983,baseline,male_P35,male,P35,1072240,ELA,MDMA,ELA_MDMA
2,inactive,1,green,9,6-9,6.0,31.96,5.326666666666667,9324.12,1475.8799999999992,98.0,95.14408163265308,0.0216548770902783,0.0040653711683876,3.0,16.16,5.386666666666667,0.0109493996801908,0.0020326855841938,4.0,24.76,6.19,0.0167764316882131,0.0027102474455917,18.0,10652.8,591.8222222222222,7.217930997100039,0.012196113505163,,,,,,36.0,456.56,12.682222222222222,0.3093476434398462,0.024392227010326,1.0,11.12,11.12,0.0075344878987451,0.0006775618613979,4.0,30.0,7.5,0.0203268558419383,0.0027102474455917,3.0,34.44,11.48,0.0233352305065452,0.0020326855841938,11.0,40.56,3.687272727272727,0.0274819090983006,0.0074531804753774,2.0,4.8,2.4,0.0032522969347101,0.0013551237227958,0.0,0.0,0.0,0.8,1.0,0.8,0.0,0.0,0.0005420494891183,0.0006775618613979,0.0,1.0,0.0,1.0,44.52696651687173,1395.0,0.0319189724135281,0.0049440335792562,2.0835533852628876,0.0292181687633873,0.9451987966501346,233201.0,218898.0,1322.0,0.9386666437965532,0.0056689293785189,11729.0,1618.0,1030.0,805.0,84.0,151.0,38.0,200.0,11645.0,1467.0,992.0,605.0,0.0071617358683604,0.9928382641316396,0.0933250927070457,0.9066749072929544,0.0368932038834951,0.9631067961165048,0.2484472049689441,0.7515527950310559,baseline,male_P35,male,P35,1072240,ELA,MDMA,ELA_MDMA
2,inactive,1,green,12,9-12,2.0,7.92,3.96,10069.16,730.8400000000001,44.0,228.84454545454545,0.0108368452739313,0.0027365770893766,3.0,5.72,1.9066666666666665,0.007826610475617,0.0041048656340649,1.0,4.88,4.88,0.0066772480980789,0.0013682885446883,3.0,10800.0,3600.0,14.77751628263368,0.0041048656340649,,,,,,43.0,349.44,8.126511627906977,0.4781347490558808,0.058836407421597,1.0,1.36,1.36,0.001860872420776,0.0013682885446883,2.0,27.08,13.54,0.0370532537901592,0.0027365770893766,1.0,0.96,0.96,0.0013135570029007,0.0013682885446883,1.0,8.6,8.6,0.0117672814843194,0.0013682885446883,,,,,,,,,,,,,,,,,,,,17.032048549761395,695.0,0.0245065446759156,0.0061219815837099,2.2196693128166687,0.0203026978631957,0.950960538558371,251773.0,216166.66666666663,211.0,0.8585776340857306,0.0008380565032787,8814.0,704.0,269.0,200.0,665.0,0.0,53.0,135.0,8149.0,704.0,216.0,65.0,0.0754481506693896,0.9245518493306104,0.0,1.0,0.1970260223048327,0.8029739776951673,0.675,0.325,baseline,male_P35,male,P35,1072240,ELA,MDMA,ELA_MDMA
2,inactive,1,red,3,0-3,,,,9665.28,1134.7199999999991,75.0,128.87040000000002,,,1.0,2.4,2.4,0.0021150592216582,0.0008812746756909,,,,,,13.0,10737.56,825.9661538461538,9.462739706711794,0.0114565707839819,,,,,,61.0,389.8,6.39016393442623,0.3435208685843206,0.0537577552171461,1.0,2.24,2.24,0.0019740552735476,0.0008812746756909,6.0,47.68,7.946666666666666,0.042019176536943,0.0052876480541455,,,,,,8.0,42.08,5.26,0.0370840383530739,0.0070501974055273,,,,,,0.0,0.0,0.0,1.0,1.0,1.0,0.0,0.0,0.0008812746756909,0.0008812746756909,0.0,1.0,0.0,1.0,20.501295677967512,1060.0,0.0193408449792146,0.0051952843155264,2.0237631040396087,0.0164656104048728,0.9341511562323752,241707.0,171737.3333333333,9992.0,0.7105186582653101,0.0413393075086778,9863.0,1198.0,61.0,0.0,188.0,194.0,0.0,0.0,9675.0,1004.0,61.0,0.0,0.0190611375849133,0.9809388624150868,0.1619365609348914,0.8380634390651085,0.0,1.0,0.0,0.0,baseline,male_P35,male,P35,1072442,CTRL,MDMA,CTRL_MDMA
2,inactive,1,red,6,3-6,,,,10483.56,316.4400000000005,24.0,436.815,,,,,,,,,,,,,5.0,10797.28,2159.456,34.12109720642139,0.0158007837188724,,,,,,9.0,41.72,4.635555555555555,0.1318417393502715,0.0284414106939703,,,,,,3.0,27.56,9.186666666666666,0.0870939198584248,0.0094804702313234,,,,,,5.0,22.56,4.512,0.0712931361395524,0.0158007837188724,1.0,2.44,2.44,0.0077107824548097,0.0031601567437744,,,,,,,,,,,,,,,5.503200097464982,293.0,0.0187822528923719,0.0037745147081288,1.946338953684026,0.0123477676078478,0.9259259259259244,262113.0,237170.0,1030.0,0.9048387527516758,0.0039296028812,1052.0,692.0,0.0,0.0,163.0,0.0,0.0,0.0,889.0,692.0,0.0,0.0,0.1549429657794676,0.8450570342205324,0.0,1.0,0.0,0.0,0.0,0.0,baseline,male_P35,male,P35,1072442,CTRL,MDMA,CTRL_MDMA
2,inactive,1,red,9,6-9,,,,10325.68,474.3199999999997,18.0,573.6488888888889,,,,,,,,,,,,,5.0,10793.04,2158.608,22.75476471580369,0.0105414066453027,,,,,,10.0,210.2,21.02,0.4431607353685278,0.0210828132906055,,,,,,3.0,34.48,11.493333333333332,0.0726935402260078,0.0063248439871816,,,,,,2.0,10.64,5.32,0.0224321133412042,0.0042165626581211,,,,,,0.0,0.0,0.0,1.2,1.0,1.2,0.0,0.0,0.0025299375948726,0.0021082813290605,0.0,1.0,0.0,1.0,4.177547258909057,458.0,0.0091212822246922,0.0020163837850411,2.2363983109175023,0.0071761214580343,0.9655928487097324,258160.0,232267.33333333337,3603.0,0.8997030265468444,0.0139564611093895,5265.0,865.0,0.0,0.0,210.0,0.0,0.0,0.0,5055.0,865.0,0.0,0.0,0.0398860398860398,0.96011396011396,0.0,1.0,0.0,0.0,0.0,0.0,baseline,male_P35,male,P35,1072442,CTRL,MDMA,CTRL_MDMA
2,inactive,1,red,12,9-12,13.0,318.36,24.48923076923077,8268.4,2531.6000000000004,38.0,217.5894736842105,0.1257544635803444,0.0051350924316637,4.0,29.84,7.46,0.0117870121662189,0.0015800284405119,3.0,33.48,11.159999999999998,0.0132248380470848,0.0011850213303839,33.0,10064.8,304.9939393939394,3.975667562016115,0.0130352346342234,,,,,,45.0,522.64,11.614222222222224,0.2064465160372886,0.0177753199557592,5.0,24.56,4.912,0.0097013746247432,0.0019750355506399,9.0,103.76,11.52888888888889,0.0409859377468794,0.0035550639911518,2.0,7.2,3.6,0.0028440511929214,0.0007900142202559,40.0,183.4,4.585,0.0724443039974719,0.0158002844051192,8.0,20.88,2.61,0.0082477484594722,0.0031600568810238,0.0,0.0,0.0,4.8,4.0,1.2,0.0,0.0,0.0018960341286143,0.0015800284405119,0.0,1.0,0.0,1.0,47.297836616762055,2494.0,0.0189646498062397,0.0046558793394433,2.0855780686574965,0.0173093661073558,0.9851477326591878,206748.0,186535.0,1408.0,0.9022336370847602,0.0068102230735001,13730.0,2785.0,1590.0,7972.0,661.0,0.0,0.0,0.0,13069.0,2785.0,1590.0,7972.0,0.0481427530954115,0.9518572469045884,0.0,1.0,0.0,1.0,0.0,1.0,baseline,male_P35,male,P35,1072442,CTRL,MDMA,CTRL_MDMA
2,inactive,1,yellow,3,0-3,2.0,4.2,2.1,9659.76,1140.2399999999998,109.0,88.62165137614679,0.0036834350663018,0.0017540166982389,1.0,2.72,2.72,0.0023854627096049,0.0008770083491194,,,,,,10.0,10776.0,1077.6,9.450641970111556,0.0087700834911948,,,,,,40.0,154.48,3.862,0.1354802497719778,0.0350803339647793,,,,,,11.0,86.24,7.84,0.0756332000280642,0.0096470918403143,1.0,6.28,6.28,0.0055076124324703,0.0008770083491194,6.0,20.04,3.34,0.0175752473163544,0.0052620500947169,,,,,,0.0,0.0,0.0,0.8,1.0,0.8,0.0,0.0,0.0007016066792955,0.0008770083491194,0.0,1.0,0.0,1.0,31.468966987944704,1043.0,0.030171588674923,0.0078725226403635,2.0380026411196748,0.0273511000528884,0.9147197081316216,241603.0,172680.3333333333,7579.0,0.7147276040998386,0.0313696435888627,3902.0,2325.0,69.0,107.0,264.0,319.0,69.0,0.0,3638.0,2006.0,0.0,107.0,0.0676576114812916,0.9323423885187084,0.1372043010752688,0.8627956989247312,1.0,0.0,0.0,1.0,baseline,male_P35,male,P35,1072421,ELA,MDMA,ELA_MDMA
2,inactive,1,yellow,6,3-6,4.0,12.52,3.13,10388.04,411.9599999999991,51.0,203.68705882352944,0.0303913001262259,0.0097096805515098,3.0,5.92,1.9733333333333336,0.0143703272162346,0.0072822604136324,,,,,,10.0,10777.32,1077.732,26.161083600349603,0.0242742013787746,,,,,,15.0,99.8,6.653333333333333,0.2422565297601714,0.036411302068162,,,,,,,,,,,,,,,,6.0,14.96,2.4933333333333336,0.0363142052626469,0.0145645208272648,,,,,,,,,,,,,,,,,,,,22.897400504624972,375.0,0.0610597346789999,0.0155704938915176,2.115448451880194,0.0542355910574109,0.9102825517040508,259752.0,236490.3333333333,170.0,0.9104466311456054,0.0006544704179371,2510.0,0.0,151.0,317.0,99.0,0.0,87.0,54.0,2411.0,0.0,64.0,263.0,0.0394422310756972,0.9605577689243028,0.0,0.0,0.5761589403973509,0.423841059602649,0.1703470031545741,0.8296529968454258,baseline,male_P35,male,P35,1072421,ELA,MDMA,ELA_MDMA
2,inactive,1,yellow,9,6-9,9.0,35.28,3.92,9616.4,1183.6000000000004,49.0,196.25306122448976,0.0298073673538357,0.0076039202433254,3.0,7.84,2.6133333333333333,0.0066238594119634,0.0025346400811084,1.0,3.08,3.08,0.0026022304832713,0.0008448800270361,13.0,10756.28,827.4061538461539,9.087766137208517,0.01098344035147,,,,,,42.0,392.36,9.341904761904765,0.331497127407908,0.0354849611355187,1.0,6.28,6.28,0.005305846569787,0.0008448800270361,4.0,25.56,6.39,0.0215951334910442,0.0033795201081446,3.0,41.52,13.840000000000002,0.0350794187225413,0.0025346400811084,10.0,37.96,3.796,0.0320716458262926,0.0084488002703616,,,,,,,,,,,,,,,,,,,,42.42907365764206,1137.0,0.0373166874737397,0.0051399360107041,2.1898969533683332,0.0347324400859121,0.9606285907401146,240459.0,225758.66666666663,11.0,0.9388655307834876,4.574584440590704e-05,10009.0,1684.0,277.0,891.0,89.0,151.0,38.0,200.0,9920.0,1533.0,239.0,691.0,0.0088919972025177,0.9911080027974822,0.089667458432304,0.910332541567696,0.1371841155234657,0.8628158844765343,0.2244668911335578,0.7755331088664422,baseline,male_P35,male,P35,1072421,ELA,MDMA,ELA_MDMA
2,inactive,1,yellow,12,9-12,2.0,5.88,2.94,10211.72,588.2800000000007,43.0,237.48186046511623,0.0099952403617324,0.0033997416196369,2.0,3.52,1.76,0.0059835452505609,0.0033997416196369,,,,,,3.0,10800.0,3600.0,18.35860474603928,0.0050996124294553,,,,,,41.0,243.48,5.938536585365854,0.4138845447745966,0.0696947032025565,1.0,1.56,1.56,0.0026517984633167,0.0016998708098184,2.0,35.72,17.86,0.0607193853267151,0.0033997416196369,1.0,1.52,1.52,0.002583803630924,0.0016998708098184,4.0,18.16,4.54,0.030869653906303,0.0067994832392738,,,,,,,,,,,,,,,,,,,,18.040258490964504,551.0,0.0327409409999355,0.0057478562535417,2.1859692232121963,0.0281446473685256,0.936628816209967,255336.0,217211.66666666663,951.0,0.8506895489342148,0.0037245041827239,6168.0,934.0,90.0,149.0,666.0,0.0,53.0,137.0,5502.0,934.0,37.0,12.0,0.107976653696498,0.892023346303502,0.0,1.0,0.5888888888888889,0.4111111111111111,0.9194630872483222,0.0805369127516778,baseline,male_P35,male,P35,1072421,ELA,MDMA,ELA_MDMA
2,inactive,2,blue,3,0-3,19.0,635.76,33.461052631578944,5261.88,5538.12,69.0,76.2591304347826,0.1147970791532144,0.0034307671195279,10.0,36.6,3.66,0.0066087408723537,0.0018056669050146,4.0,20.52,5.13,0.0037052284890901,0.0007222667620058,78.0,9560.88,122.5753846153846,1.7263764598816926,0.0140842018591146,1.0,1.4,1.4,0.000252793366702,0.0001805666905014,9.0,54.56,6.062222222222222,0.0098517186337601,0.0016251002145132,39.0,466.2,11.953846153846154,0.0841801911117852,0.0070421009295573,18.0,172.0,9.555555555555555,0.0310574707662528,0.0032502004290264,6.0,76.76,12.793333333333337,0.0138602991628928,0.0010834001430088,76.0,329.84,4.34,0.0595581171950048,0.0137230684781117,23.0,66.8,2.904347826086956,0.0120618549254981,0.0041530338815338,4.8,4.0,1.2,17.8,13.0,1.3692307692307693,0.000866720114407,0.0007222667620058,0.0032140870909261,0.0023473669765191,0.2123893805309734,0.7876106194690266,0.2352941176470588,0.7647058823529411,125.0396010616524,5468.0,0.0228675203112019,0.0036298385596287,2.1317603279386823,0.019641423707511,0.9873386636620368,131616.0,99874.33333333331,4141.0,0.7588312464543318,0.0314627400923899,13067.0,6243.0,1442.0,15913.0,708.0,132.0,15.0,278.0,12359.0,6111.0,1427.0,15635.0,0.0541822912680799,0.94581770873192,0.0211436809226333,0.9788563190773668,0.0104022191400832,0.9895977808599168,0.0174699930874128,0.9825300069125872,baseline,male_P35,male,P35,1072265,ELA,MDMA,ELA_MDMA
2,inactive,2,blue,6,3-6,,,,10398.4,401.6000000000003,5.0,2079.68,,,,,,,,,,,,,5.0,10417.52,2083.504,25.940039840637432,0.0124501992031872,,,,,,,,,,,,,,,,,,,,,,,,,,,,,,,,,,,,,,,,,,,,,,,,,,1.2419233846024016,20.0,0.06209616923012,0.0257282641265029,1.5635168663398402,0.039601133814694,0.0498007968127489,259965.0,255524.3333333333,0.0,0.9829182133492328,0.0,,,,,,,,,,,,,,,,,,,,,baseline,male_P35,male,P35,1072265,ELA,MDMA,ELA_MDMA
2,inactive,2,blue,9,6-9,,,,7597.68,3202.3199999999997,4.0,1899.42,,,,,,,,,,,,,3.0,7623.36,2541.12,2.380574083789253,0.0009368208049164,,,,,,,,,,,,,,,,1.0,20.52,20.52,0.0064078543056284,0.0003122736016388,,,,,,1.0,4.16,4.16,0.0012990581828174,0.0003122736016388,,,,,,,,,,,,,,,,,,,,0.146887083751379,21.0,0.0069946230357799,0.0019014556348316,2.253527148694624,0.0066887207216697,0.006557745634415,189946.0,184807.33333333337,0.0,0.9729466971314656,0.0,0.0,514.0,0.0,0.0,0.0,0.0,0.0,0.0,0.0,514.0,0.0,0.0,0.0,0.0,0.0,1.0,0.0,0.0,0.0,0.0,baseline,male_P35,male,P35,1072265,ELA,MDMA,ELA_MDMA
2,inactive,2,blue,12,9-12,5.0,65.44,13.088,9038.2,1761.7999999999993,24.0,376.5916666666667,0.037143830173686,0.0028380065841752,4.0,26.48,6.62,0.0150300828697922,0.0022704052673402,1.0,19.92,19.92,0.0113066182313543,0.000567601316835,20.0,10615.28,530.764,6.025246906572826,0.0113520263367011,1.0,2.2,2.2,0.0012487228970371,0.000567601316835,7.0,106.52,15.217142857142855,0.06046089226927,0.0039732092178453,42.0,740.28,17.625714285714285,0.4201839028266547,0.0238392553070723,5.0,27.04,5.4079999999999995,0.0153479396072198,0.0028380065841752,3.0,44.68,14.893333333333333,0.0253604268361902,0.0017028039505051,28.0,93.84,3.351428571428571,0.0532637075718015,0.0158928368713815,6.0,18.48,3.08,0.0104892723351118,0.0034056079010103,0.8,1.0,0.8,0.0,0.0,0.0,0.000454081053468,0.000567601316835,0.0,0.0,1.0,0.0,1.0,0.0,28.105762839151144,1741.0,0.0161434594136422,0.0025445748154483,2.1540858174762616,0.0151925583493309,0.9881938926098311,225979.0,211478.0,457.0,0.9358303205165082,0.0020223118077343,21219.0,1801.0,1165.0,1641.0,8.0,0.0,82.0,231.0,21211.0,1801.0,1083.0,1410.0,0.0003770205947499,0.99962297940525,0.0,1.0,0.0703862660944206,0.9296137339055794,0.1407678244972577,0.8592321755027422,baseline,male_P35,male,P35,1072265,ELA,MDMA,ELA_MDMA
2,inactive,2,green,3,0-3,40.0,517.08,12.927,4661.96,6138.04,128.0,36.4215625,0.0842418752565965,0.006516738242175,27.0,79.28,2.9362962962962964,0.0129161751959909,0.0043987983134681,11.0,41.8,3.8,0.0068099914630729,0.0017921030165981,120.0,9131.28,76.09400000000001,1.4876540394001996,0.019550214726525,,,,,,24.0,669.32,27.888333333333335,0.1090445810063147,0.003910042945305,94.0,700.04,7.447234042553191,0.1140494359763051,0.0153143348691113,16.0,158.84,9.9275,0.025877967559677,0.00260669529687,4.0,14.44,3.61,0.0023525425054251,0.0006516738242175,92.0,311.6,3.38695652173913,0.0507653909065434,0.0149884979570025,10.0,28.12,2.8120000000000003,0.004581266984249,0.0016291845605437,16.2,11.0,1.4727272727272729,5.6,5.0,1.12,0.0026392789880808,0.0017921030165981,0.0009123433539045,0.0008145922802718,0.743119266055046,0.2568807339449541,0.6875,0.3125,265.568004650645,6028.0,0.0440557406520645,0.005125225355734,2.1317364073735607,0.0436420099902082,0.9820724530957764,116677.0,98068.33333333331,1320.0,0.8405112690018882,0.0113132836805882,34352.0,4352.0,3065.0,12967.0,372.0,174.0,144.0,193.0,33980.0,4178.0,2921.0,12774.0,0.0108290638099673,0.9891709361900326,0.0399816176470588,0.9600183823529412,0.0469820554649265,0.9530179445350734,0.0148839361456003,0.9851160638543996,baseline,male_P35,male,P35,1072254,ELA,MDMA,ELA_MDMA
2,inactive,2,green,6,3-6,,,,10368.96,431.0400000000009,7.0,1481.28,,,,,,,,,,,,,4.0,10422.28,2605.57,24.179380103934623,0.0092798812175203,,,,,,,,,,,,,,,,1.0,1.48,1.48,0.0034335560504825,0.00231997030438,,,,,,1.0,2.84,2.84,0.0065887156644394,0.00231997030438,,,,,,,,,,,,,,,,,,,,1.4788439614265216,45.0,0.0328631991428115,0.0112394956687308,2.2131393201554586,0.0288280889706075,0.1043986636971044,259231.0,255004.3333333333,0.0,0.9836953656519988,0.0,0.0,38.0,0.0,0.0,0.0,30.0,0.0,0.0,0.0,8.0,0.0,0.0,0.0,0.0,0.7894736842105263,0.2105263157894736,0.0,0.0,0.0,0.0,baseline,male_P35,male,P35,1072254,ELA,MDMA,ELA_MDMA
2,inactive,2,green,9,6-9,,,,7377.12,3422.88,23.0,320.74434782608694,,,1.0,1.56,1.56,0.0004557565558827,0.0002921516383863,,,,,,3.0,7623.36,2541.12,2.227177114009255,0.0008764549151591,,,,,,8.0,20.24,2.53,0.0059131491609404,0.0023372131070911,,,,,,1.0,1.52,1.52,0.0004440704903473,0.0002921516383863,,,,,,2.0,5.8,2.9,0.001694479502641,0.0005843032767727,1.0,2.04,2.04,0.0005959893423082,0.0002921516383863,,,,,,,,,,,,,,,8.528735749415604,228.0,0.0374067357430508,0.0072308606868736,1.9998835711795708,0.0283950691699981,0.0666105735520964,184451.0,181994.33333333337,0.0,0.986681196270735,0.0,514.0,39.0,40.0,0.0,56.0,0.0,0.0,0.0,458.0,39.0,40.0,0.0,0.1089494163424124,0.8910505836575876,0.0,1.0,0.0,1.0,0.0,0.0,baseline,male_P35,male,P35,1072254,ELA,MDMA,ELA_MDMA
2,inactive,2,green,12,9-12,7.0,143.36,20.48,9209.16,1590.84,49.0,187.94204081632657,0.0901159136053908,0.0044001910940132,3.0,13.2,4.3999999999999995,0.0082975032058535,0.0018857961831485,1.0,4.36,4.36,0.0027406904528425,0.0006285987277161,13.0,10315.56,793.5046153846154,6.484347891679867,0.0081717834603102,,,,,,41.0,629.24,15.347317073170732,0.395539463428126,0.0257725478363631,6.0,41.48,6.913333333333333,0.0260742752256669,0.003771592366297,6.0,27.36,4.56,0.0171984611903145,0.003771592366297,1.0,2.32,2.32,0.0014583490483015,0.0006285987277161,23.0,78.68,3.4208695652173917,0.0494581478967086,0.014457770737472,1.0,2.88,2.88,0.0018103643358225,0.0006285987277161,0.0,0.0,0.0,0.8,1.0,0.8,0.0,0.0,0.0005028789821729,0.0006285987277161,0.0,1.0,0.0,1.0,34.59668473327399,1552.0,0.0222916783075219,0.0034006364252045,2.06679621862363,0.0223766900931055,0.975585225415504,230278.0,213639.0,942.0,0.9277438574245044,0.0040907077532373,16807.0,749.0,443.0,3591.0,2614.0,0.0,158.0,0.0,14193.0,749.0,285.0,3591.0,0.1555304337478431,0.8444695662521569,0.0,1.0,0.3566591422121896,0.6433408577878104,0.0,1.0,baseline,male_P35,male,P35,1072254,ELA,MDMA,ELA_MDMA
2,inactive,2,red,3,0-3,9.0,33.48,3.72,9982.08,817.9200000000001,51.0,195.7270588235294,0.0409330985915492,0.0110035211267605,2.0,3.2,1.6,0.0039123630672926,0.0024452269170579,,,,,,27.0,10626.44,393.5718518518519,12.992028560250391,0.0330105633802816,,,,,,5.0,25.64,5.128,0.0313478090766823,0.0061130672926447,6.0,43.08,7.18,0.0526701877934272,0.0073356807511737,4.0,23.88,5.97,0.0291960093896713,0.0048904538341158,,,,,,20.0,101.04,5.0520000000000005,0.1235328638497652,0.024452269170579,2.0,4.28,2.14,0.0052327856025039,0.0024452269170579,0.8,1.0,0.8,0.0,0.0,0.0,0.0009780907668231,0.0012226134585289,0.0,0.0,1.0,0.0,1.0,0.0,28.08234740662408,767.0,0.0366132299955985,0.0076120855615137,1.958182279666897,0.0309579514622565,0.9377445226917056,249603.0,143522.0,27914.0,0.5750011017495783,0.1118335917436889,1729.0,601.0,82.0,846.0,674.0,0.0,0.0,163.0,1055.0,601.0,82.0,683.0,0.3898207056101793,0.6101792943898207,0.0,1.0,0.0,1.0,0.1926713947990543,0.8073286052009456,baseline,male_P35,male,P35,1072440,CTRL,MDMA,CTRL_MDMA
2,inactive,2,red,6,3-6,4.0,16.0,4.0,9934.84,865.1599999999999,16.0,620.9275,0.0184936890286189,0.0046234222571547,1.0,2.36,2.36,0.0027278191317213,0.0011558555642886,2.0,13.28,6.64,0.0153497618937537,0.0023117111285773,15.0,10355.36,690.3573333333334,11.969300476212496,0.0173378334643303,,,,,,6.0,164.6,27.433333333333337,0.1902538258819178,0.0069351333857321,2.0,12.6,6.3,0.0145637801100374,0.0023117111285773,4.0,19.72,4.93,0.0227934717277729,0.0046234222571547,,,,,,5.0,19.04,3.808,0.0220074899440565,0.0057792778214434,1.0,2.28,2.28,0.0026353506865782,0.0011558555642886,,,,,,,,,,,,,,,11.70637283586342,472.0,0.0248016373641174,0.0052394890831922,1.8742638211891385,0.0218688577800133,0.5455638263442601,248387.0,247808.0,0.0,0.9976689601307636,0.0,4438.0,497.0,394.0,404.0,0.0,0.0,0.0,0.0,4438.0,497.0,394.0,404.0,0.0,1.0,0.0,1.0,0.0,1.0,0.0,1.0,baseline,male_P35,male,P35,1072440,CTRL,MDMA,CTRL_MDMA
2,inactive,2,red,9,6-9,,,,7416.2,3383.8,5.0,1483.24,,,,,,,,,,,,,4.0,7618.28,1904.57,2.251397836751581,0.0011821029611679,,,,,,2.0,151.32,75.66,0.0447189550209823,0.0005910514805839,2.0,28.56,14.28,0.0084402151427389,0.0005910514805839,,,,,,,,,,,2.0,7.96,3.98,0.0023523848927241,0.0005910514805839,,,,,,,,,,,,,,,,,,,,3.072498427429896,200.0,0.0153624921371494,0.002183188278711,2.311851681250117,0.011014596592673,0.0591051480583958,185410.0,181589.6666666667,15.0,0.9793952142099492,8.090178523272746e-05,4501.0,0.0,0.0,0.0,0.0,0.0,0.0,0.0,4501.0,0.0,0.0,0.0,0.0,1.0,0.0,0.0,0.0,0.0,0.0,0.0,baseline,male_P35,male,P35,1072440,CTRL,MDMA,CTRL_MDMA
2,inactive,2,red,12,9-12,5.0,18.08,3.616,10125.0,675.0,12.0,843.75,0.0267851851851851,0.0074074074074074,2.0,10.6,5.3,0.0157037037037037,0.0029629629629629,4.0,25.2,6.3,0.0373333333333333,0.0059259259259259,14.0,10737.96,766.9971428571428,15.908088888888887,0.0207407407407407,1.0,1.24,1.24,0.001837037037037,0.0014814814814814,6.0,258.64,43.10666666666666,0.3831703703703703,0.0088888888888888,12.0,145.32,12.11,0.2152888888888889,0.0177777777777777,2.0,2.64,1.32,0.0039111111111111,0.0029629629629629,3.0,10.16,3.3866666666666667,0.0150518518518518,0.0044444444444444,18.0,59.12,3.2844444444444445,0.0875851851851851,0.0266666666666666,,,,,,,,,,,,,,,,,,,,16.499895602294284,663.0,0.0248867203654514,0.0040555412530568,2.25055977745541,0.0243149771308255,0.9822222222222222,253137.0,229862.33333333337,604.0,0.90805505845978,0.0023860597226008,10117.0,325.0,901.0,457.0,2301.0,0.0,0.0,15.0,7816.0,325.0,901.0,442.0,0.2274389641197983,0.7725610358802016,0.0,1.0,0.0,1.0,0.0328227571115973,0.9671772428884028,baseline,male_P35,male,P35,1072440,CTRL,MDMA,CTRL_MDMA
2,inactive,2,yellow,3,0-3,17.0,72.04,4.23764705882353,7846.84,2953.16,157.0,49.97987261146497,0.0243942082379552,0.0057565455308889,5.0,6.92,1.384,0.0023432526513971,0.001693101626732,2.0,3.8,1.9,0.0012867572363163,0.0006772406506928,74.0,10371.24,140.1518918918919,3.511912663045687,0.0250579040756342,,,,,,8.0,22.68,2.835,0.0076799089788565,0.0027089626027712,5.0,53.24,10.648,0.0180281461214427,0.001693101626732,10.0,120.2,12.02,0.0407021631066383,0.003386203253464,1.0,1.28,1.28,0.0004334340164434,0.0003386203253464,32.0,135.56,4.23625,0.0459033713039591,0.010835850411085,,,,,,1.6,2.0,0.8,0.0,0.0,0.0,0.0005417925205542,0.0006772406506928,0.0,0.0,1.0,0.0,1.0,0.0,108.47009294278982,2809.0,0.0386151986268386,0.0091834654166233,2.1035617020690545,0.0344276381042832,0.9511844938980618,196328.0,133226.66666666666,3464.0,0.6785922877361693,0.0176439427896173,1911.0,3048.0,275.0,1818.0,216.0,216.0,129.0,360.0,1695.0,2832.0,146.0,1458.0,0.1130298273155416,0.8869701726844584,0.0708661417322834,0.9291338582677166,0.4690909090909091,0.5309090909090909,0.198019801980198,0.801980198019802,baseline,male_P35,male,P35,1072468,CTRL,MDMA,CTRL_MDMA
2,inactive,2,yellow,6,3-6,,,,10399.6,400.3999999999997,7.0,1485.6571428571428,,,,,,,,,,,,,4.0,10422.28,2605.57,26.029670329670353,0.0099900099900099,,,,,,,,,,,,,,,,1.0,8.24,8.24,0.0205794205794205,0.0024975024975024,,,,,,1.0,2.96,2.96,0.0073926073926073,0.0024975024975024,,,,,,,,,,,,,,,,,,,,0.6017681398531117,15.0,0.0401178759902074,0.0234812688669644,2.0815201733282453,0.0328875392528549,0.0374625374625374,259997.0,255517.3333333333,0.0,0.9827703140164435,0.0,0.0,207.0,0.0,0.0,0.0,30.0,0.0,0.0,0.0,177.0,0.0,0.0,0.0,0.0,0.144927536231884,0.855072463768116,0.0,0.0,0.0,0.0,baseline,male_P35,male,P35,1072468,CTRL,MDMA,CTRL_MDMA
2,inactive,2,yellow,9,6-9,,,,7426.56,3373.4399999999996,14.0,530.4685714285714,,,,,,,,,,,,,4.0,7619.2,1904.8,2.2585847087839124,0.0011857332574464,,,,,,13.0,72.52,5.578461538461538,0.0214973439575033,0.0038536330867008,,,,,,2.0,8.8,4.4,0.002608613166382,0.0005928666287232,,,,,,1.0,2.08,2.08,0.0006165812938721,0.0002964333143616,,,,,,,,,,,,,,,,,,,,8.700846565783834,182.0,0.0478068492625485,0.0100159578028149,1.92063149735422,0.03940860581634,0.0539508632138114,185678.0,182996.0,0.0,0.985555639332608,0.0,1826.0,222.0,0.0,0.0,56.0,0.0,0.0,0.0,1770.0,222.0,0.0,0.0,0.0306681270536692,0.9693318729463308,0.0,1.0,0.0,0.0,0.0,0.0,baseline,male_P35,male,P35,1072468,CTRL,MDMA,CTRL_MDMA
2,inactive,2,yellow,12,9-12,2.0,11.0,5.5,10337.04,462.9599999999991,25.0,413.4816,0.0237601520649732,0.0043200276481769,1.0,8.6,8.6,0.0185761188871609,0.0021600138240884,3.0,5.6,1.8666666666666665,0.0120960774148954,0.0064800414722654,6.0,10785.92,1797.6533333333334,23.2977363055124,0.0129600829445308,,,,,,31.0,158.2,5.103225806451612,0.3417141869707972,0.0669604285467428,1.0,1.92,1.92,0.0041472265422498,0.0021600138240884,2.0,16.68,8.34,0.0360290305857958,0.0043200276481769,1.0,0.96,0.96,0.0020736132711249,0.0021600138240884,8.0,36.36,4.545,0.078538102643857,0.0172801105927078,,,,,,,,,,,,,,,,,,,,16.21204339385736,442.0,0.036678831207822,0.0045836120777854,2.1117165625346783,0.0368340279021094,0.9547261102471074,258451.0,231376.6666666667,2027.0,0.8952438437718047,0.0078428793078765,4035.0,444.0,359.0,277.0,707.0,0.0,230.0,216.0,3328.0,444.0,129.0,61.0,0.1752168525402726,0.8247831474597274,0.0,1.0,0.6406685236768802,0.3593314763231198,0.779783393501805,0.2202166064981949,baseline,male_P35,male,P35,1072468,CTRL,MDMA,CTRL_MDMA
2,inactive,3,blue,3,0-3,39.0,367.76,9.42974358974359,4055.52,6744.48,91.0,44.566153846153846,0.0545275543852157,0.0057825065831613,55.0,242.32,4.405818181818182,0.0359286409033757,0.0081548169762531,47.0,145.6,3.097872340425532,0.0215880245771356,0.0069686617797072,154.0,9552.96,62.032207792207785,1.4164116432994092,0.0228334875335088,4.0,6.24,1.56,0.0009252010533058,0.0005930775982729,89.0,1579.08,17.742471910112357,0.2341292434702156,0.0131959765615733,15.0,56.12,3.741333333333333,0.0083208787037696,0.0022240409935235,21.0,129.32,6.158095238095238,0.0191741987521647,0.003113657390933,13.0,142.08,10.92923076923077,0.0210661162906554,0.0019275021943871,132.0,538.52,4.079696969696969,0.0798460370554883,0.0195715607430076,23.0,58.84,2.558260869565218,0.0087241714705952,0.0034101961900695,1.8,2.0,0.9,0.0,0.0,0.0,0.0002668849192228,0.0002965387991364,0.0,0.0,1.0,0.0,1.0,0.0,219.37034751686352,6650.0,0.0329880221829869,0.0055441218805206,2.0035820098197803,0.0299325785405232,0.9859915071287928,101479.0,96193.66666666669,2.0,0.947916974612153,1.97085111205274e-05,40984.0,6819.0,9800.0,9233.0,334.0,1032.0,11.0,0.0,40650.0,5787.0,9789.0,9233.0,0.008149521764591,0.991850478235409,0.1513418389793225,0.8486581610206775,0.0011224489795918,0.9988775510204082,0.0,1.0,baseline,male_P35,male,P35,1072479,CTRL,saline,CTRL_saline
2,inactive,3,blue,6,3-6,13.0,72.68,5.590769230769231,4997.84,5802.16,68.0,73.49764705882353,0.012526369489983,0.0022405449005198,11.0,46.04,4.1854545454545455,0.0079349759399947,0.0018958456850552,13.0,43.92,3.378461538461538,0.0075695947716023,0.0022405449005198,51.0,7716.52,151.3043137254902,1.329939195058392,0.0087898299943469,1.0,2.08,2.08,0.0003584871840831,0.0001723496077322,58.0,373.24,6.4351724137931035,0.0643277675900009,0.0099962772484729,3.0,12.08,4.026666666666666,0.002081983261406,0.0005170488231968,12.0,86.96,7.246666666666666,0.0149875218884001,0.0020681952927875,4.0,24.92,6.23,0.0042949522246887,0.0006893984309291,45.0,204.84,4.5520000000000005,0.0353040936478828,0.0077557323479531,16.0,45.36,2.835,0.0078177782067368,0.0027575937237166,1.4,1.0,1.4,0.0,0.0,0.0,0.0002412894508252,0.0001723496077322,0.0,0.0,1.0,0.0,1.0,0.0,110.6878889210164,2975.0,0.0372060130826945,0.0092858424664566,2.020647566572537,0.0324612286870283,0.5127400830035711,125014.0,109285.33333333331,1900.0,0.8741847579737736,0.0151982977906474,9694.0,2813.0,2273.0,1830.0,352.0,0.0,0.0,0.0,9342.0,2813.0,2273.0,1830.0,0.0363111202805859,0.963688879719414,0.0,1.0,0.0,1.0,0.0,1.0,baseline,male_P35,male,P35,1072479,CTRL,saline,CTRL_saline
2,inactive,3,blue,9,6-9,8.0,111.04,13.88,8141.08,2658.92,17.0,478.8870588235294,0.041761316624795,0.0030087403908353,9.0,24.56,2.7288888888888887,0.0092368329998646,0.0033848329396897,5.0,12.8,2.56,0.0048139846253366,0.0018804627442721,29.0,9408.64,324.4358620689655,3.5385193988536696,0.0109066839167782,,,,,,32.0,737.12,23.035,0.2772253396115716,0.0120349615633415,5.0,9.32,1.864,0.0035051825553232,0.0018804627442721,9.0,101.16,11.24,0.0380455222421133,0.0033848329396897,2.0,6.64,3.32,0.0024972545243933,0.0007521850977088,29.0,125.88,4.3406896551724135,0.0473425300497946,0.0109066839167782,3.0,8.36,2.786666666666666,0.0031441337084229,0.0011282776465632,,,,,,,,,,,,,,,40.13726381945286,1575.0,0.025483977028224,0.0041604122742131,2.0932832027477732,0.0216067950807123,0.5923457644457147,203544.0,177841.66666666666,0.0,0.8737259102045094,0.0,18698.0,2706.0,948.0,2784.0,74.0,0.0,0.0,0.0,18624.0,2706.0,948.0,2784.0,0.0039576425286126,0.9960423574713874,0.0,1.0,0.0,1.0,0.0,1.0,baseline,male_P35,male,P35,1072479,CTRL,saline,CTRL_saline
2,inactive,3,blue,12,9-12,13.0,79.44,6.110769230769231,7865.96,2934.04,73.0,107.75287671232876,0.0270752954969939,0.0044307507736772,17.0,126.12,7.418823529411765,0.0429850990443211,0.0057940587040394,14.0,45.08,3.22,0.0153644803751823,0.0047715777562678,69.0,10353.92,150.0568115942029,3.5288953115840274,0.0235170617987484,1.0,1.44,1.44,0.0004907908549304,0.0003408269825905,64.0,820.72,12.82375,0.2797235211517225,0.0218129268857956,2.0,11.4,5.7,0.0038854276015323,0.0006816539651811,10.0,86.6,8.66,0.0295156166923422,0.0034082698259055,5.0,45.56,9.112,0.0155280773268258,0.0017041349129527,47.0,175.56,3.73531914893617,0.0598355850635983,0.0160188681817562,16.0,39.96,2.4975,0.0136194462243186,0.0054532317214489,4.4,4.0,1.1,0.0,0.0,0.0,0.0014996387233984,0.0013633079303622,0.0,0.0,1.0,0.0,1.0,0.0,85.83852619926799,2857.0,0.0300449864190647,0.0055495840772698,1.952997497692342,0.0275814574215426,0.9737426892612234,196722.0,145637.66666666666,11113.0,0.740322214427805,0.0564908856152336,20869.0,3319.0,4311.0,1999.0,51.0,0.0,42.0,0.0,20818.0,3319.0,4269.0,1999.0,0.0024438161866883,0.9975561838133116,0.0,1.0,0.0097425191370911,0.9902574808629088,0.0,1.0,baseline,male_P35,male,P35,1072479,CTRL,saline,CTRL_saline
2,inactive,3,green,3,0-3,,,,9756.16,1043.84,129.0,75.6291472868217,,,1.0,9.04,9.04,0.0086603310852237,0.0009580012262415,1.0,2.32,2.32,0.0022225628448804,0.0009580012262415,6.0,10785.04,1797.506666666667,10.33208154506438,0.0057480073574494,,,,,,62.0,539.92,8.708387096774192,0.5172440220723482,0.0593960760269773,,,,,,5.0,35.48,7.095999999999999,0.0339898835070508,0.0047900061312078,,,,,,6.0,16.2,2.6999999999999997,0.0155196198651134,0.0057480073574494,1.0,2.68,2.68,0.0025674432863274,0.0009580012262415,0.0,0.0,0.0,1.0,1.0,1.0,0.0,0.0,0.0009580012262415,0.0009580012262415,0.0,1.0,0.0,1.0,18.793505765469806,938.0,0.0200357204322705,0.0031700138324528,2.1054176928453394,0.0137509216532554,0.8986051502145923,244033.0,185349.99999999997,1843.0,0.7595284244344002,0.0075522572766797,13560.0,892.0,286.0,0.0,225.0,62.0,19.0,0.0,13335.0,830.0,267.0,0.0,0.0165929203539823,0.9834070796460176,0.0695067264573991,0.9304932735426008,0.0664335664335664,0.9335664335664337,0.0,0.0,baseline,male_P35,male,P35,1072415,ELA,saline,ELA_saline
2,inactive,3,green,6,3-6,3.0,23.76,7.920000000000001,6761.88,4038.12,73.0,92.62849315068492,0.0058839261834715,0.0007429199726605,7.0,56.4,8.057142857142857,0.0139668954860182,0.0017334799362079,7.0,21.96,3.1371428571428575,0.0054381741998751,0.0017334799362079,20.0,7916.44,395.822,1.9604271294562816,0.0049527998177369,,,,,,34.0,482.64,14.19529411764706,0.1195209652016284,0.0084197596901528,2.0,14.84,7.42,0.0036749774647608,0.0004952799817736,7.0,67.84,9.691428571428572,0.0167998969817637,0.0017334799362079,1.0,29.0,29.0,0.0071815597357186,0.0002476399908868,16.0,61.76,3.86,0.0152942458371717,0.0039622398541895,2.0,4.32,2.16,0.0010698047606311,0.0004952799817736,,,,,,,,,,,,,,,35.05166963838273,1221.0,0.0287073461411815,0.0050637797586544,2.030573205380278,0.0244445361106551,0.3023684288728418,169120.0,136625.0,1251.0,0.8078583254493851,0.007397114474929,12473.0,2429.0,1973.0,597.0,125.0,219.0,201.0,0.0,12348.0,2210.0,1772.0,597.0,0.0100216467569951,0.9899783532430048,0.0901605599011939,0.909839440098806,0.1018753167764825,0.8981246832235175,0.0,1.0,baseline,male_P35,male,P35,1072415,ELA,saline,ELA_saline
2,inactive,3,green,9,6-9,4.0,49.52,12.38,8560.2,2239.7999999999993,15.0,570.6800000000001,0.0221091168854362,0.0017858737387266,4.0,37.92,9.48,0.0169300830431288,0.0017858737387266,3.0,14.44,4.8133333333333335,0.0064470041968032,0.001339405304045,19.0,9592.2,504.8526315789474,4.282614519153498,0.0084829002589516,,,,,,18.0,732.28,40.68222222222222,0.3269399053486919,0.00803643182427,1.0,7.52,7.52,0.0033574426288061,0.0004464684346816,5.0,65.92,13.184,0.0294311992142155,0.0022323421734083,2.0,22.72,11.36,0.0101437628359675,0.0008929368693633,16.0,51.8,3.2375,0.0231270649165104,0.0071434949549066,2.0,6.48,3.24,0.0028931154567372,0.0008929368693633,,,,,,,,,,,,,,,20.671913572320125,1160.0,0.0178206151485518,0.0018303739562864,2.0777307462565004,0.0165024163492132,0.517903384230735,214020.0,184773.33333333337,0.0,0.8633461047254151,0.0,18514.0,2223.0,1316.0,1242.0,74.0,0.0,0.0,0.0,18440.0,2223.0,1316.0,1242.0,0.0039969752619639,0.996003024738036,0.0,1.0,0.0,1.0,0.0,1.0,baseline,male_P35,male,P35,1072415,ELA,saline,ELA_saline
2,inactive,3,green,12,9-12,46.0,202.44,4.400869565217391,8304.44,2495.5599999999995,169.0,49.13869822485207,0.0811200692429755,0.0184327365400952,14.0,75.6,5.3999999999999995,0.0302938017919825,0.0056099632948115,9.0,67.56,7.506666666666667,0.027072080014105,0.003606404975236,56.0,10487.6,187.27857142857144,4.202503646476143,0.0224398531792463,,,,,,41.0,525.48,12.816585365853658,0.2105659651541137,0.0164291782205196,2.0,5.88,2.94,0.0023561845838208,0.0008014233278302,5.0,55.76,11.152,0.0223436823799067,0.0020035583195755,7.0,78.72,11.245714285714286,0.0315440221833977,0.0028049816474057,24.0,75.72,3.155,0.0303418871916523,0.0096170799339627,9.0,26.12,2.9022222222222225,0.0104665886614627,0.003606404975236,0.0,0.0,0.0,3.2,3.0,1.0666666666666669,0.0,0.0,0.0012822773245283,0.0012021349917453,0.0,1.0,0.0,1.0,104.91943957694092,2365.0,0.0443633993982836,0.0078235517887063,2.1061781529912658,0.0392682243148862,0.947683085159243,207780.0,167816.3333333333,430.0,0.8076635544004876,0.0020694965829242,13327.0,3374.0,3602.0,5107.0,70.0,583.0,621.0,2673.0,13257.0,2791.0,2981.0,2434.0,0.0052524949350941,0.9947475050649058,0.1727919383521043,0.8272080616478956,0.1724042198778456,0.8275957801221544,0.5233992559232427,0.4766007440767574,baseline,male_P35,male,P35,1072415,ELA,saline,ELA_saline
2,inactive,3,red,3,0-3,,,,10334.88,465.1200000000008,38.0,271.97052631578947,,,1.0,2.76,2.76,0.0059339525283797,0.0021499828001375,1.0,19.24,19.24,0.0413656690746473,0.0021499828001375,6.0,10774.96,1795.8266666666666,23.16597867217058,0.0128998968008255,,,,,,27.0,180.04,6.6681481481481475,0.3870829033367726,0.058049535603715,,,,,,5.0,54.68,10.936,0.1175610595115237,0.0107499140006879,,,,,,6.0,18.68,3.1133333333333333,0.0401616787065702,0.0128998968008255,1.0,3.4,3.4,0.0073099415204678,0.0021499828001375,,,,,,,,,,,,,,,13.007398685402366,427.0,0.0304622920032842,0.0025933562855938,2.1278786415151973,0.0195619116672179,0.9180426556587532,258410.0,190347.99999999997,8546.0,0.7366123602027784,0.0330714755620912,4528.0,1372.0,552.0,0.0,84.0,0.0,5.0,0.0,4444.0,1372.0,547.0,0.0,0.0185512367491166,0.9814487632508834,0.0,1.0,0.0090579710144927,0.9909420289855072,0.0,0.0,baseline,male_P35,male,P35,1072441,CTRL,saline,CTRL_saline
2,inactive,3,red,6,3-6,4.0,41.48,10.37,7047.28,3752.72,32.0,220.2275,0.0110533159947984,0.0010658935385533,5.0,36.8,7.359999999999999,0.0098062205546909,0.0013323669231917,3.0,19.56,6.52,0.0052122194035259,0.000799420153915,14.0,7905.48,564.6771428571428,2.1066000127907225,0.0037306273849367,2.0,4.12,2.06,0.0010978703447099,0.0005329467692766,34.0,352.92,10.38,0.0940437869065637,0.0090600950777036,7.0,23.24,3.32,0.006192841458995,0.0018653136924683,7.0,81.76,11.68,0.0217868639280308,0.0018653136924683,2.0,10.68,5.34,0.0028459357479374,0.0005329467692766,22.0,130.32,5.923636363636363,0.0347268114860687,0.0058624144620435,,,,,,0.0,0.0,0.0,1.4,1.0,1.4,0.0,0.0,0.0003730627384936,0.0002664733846383,0.0,1.0,0.0,1.0,26.163959572861415,969.0,0.0270009902712708,0.0040432470519969,2.0377054509352788,0.0224940787375558,0.2582127097145537,176214.0,140822.0,3957.0,0.7991533022347828,0.02245565051585,9445.0,2320.0,1417.0,1041.0,379.0,20.0,0.0,0.0,9066.0,2300.0,1417.0,1041.0,0.0401270513499205,0.9598729486500794,0.0086206896551724,0.9913793103448276,0.0,1.0,0.0,1.0,baseline,male_P35,male,P35,1072441,CTRL,saline,CTRL_saline
2,inactive,3,red,9,6-9,13.0,309.96,23.84307692307692,7734.0,3066.0,14.0,552.4285714285714,0.1010958904109589,0.0042400521852576,13.0,59.48,4.575384615384615,0.0193998695368558,0.0042400521852576,13.0,51.48,3.96,0.0167906066536203,0.0042400521852576,51.0,9087.36,178.1835294117647,2.9639138943248535,0.0166340508806262,2.0,3.44,1.72,0.0011219830397912,0.0006523157208088,18.0,453.88,25.215555555555554,0.1480365296803653,0.0058708414872798,14.0,166.36,11.882857142857144,0.0542596216568819,0.0045662100456621,9.0,80.36,8.928888888888888,0.0262100456621004,0.0029354207436399,5.0,21.6,4.32,0.0070450097847358,0.0016307893020221,36.0,115.64,3.212222222222222,0.0377168949771689,0.0117416829745596,4.0,10.72,2.68,0.0034964122635355,0.0013046314416177,,,,,,,,,,,,,,,55.03287499706873,1988.0,0.0276825326947025,0.0049030076474696,2.045210356881745,0.0250792544453291,0.6484018264840182,193364.0,170373.66666666666,8.0,0.8811033422284741,4.1372747771043216e-05,15538.0,2563.0,2800.0,7762.0,0.0,0.0,0.0,0.0,15538.0,2563.0,2800.0,7762.0,0.0,1.0,0.0,1.0,0.0,1.0,0.0,1.0,baseline,male_P35,male,P35,1072441,CTRL,saline,CTRL_saline
2,inactive,3,red,12,9-12,4.0,32.32,8.08,9334.12,1465.8799999999992,26.0,359.0046153846154,0.0220481894834502,0.0027287363222091,5.0,28.92,5.784000000000001,0.0197287636095724,0.0034109204027614,6.0,67.8,11.3,0.0462520806614457,0.0040931044833137,20.0,10656.64,532.832,7.269790160176826,0.0136436816110459,1.0,1.2,1.2,0.0008186208966627,0.0006821840805522,51.0,715.12,14.021960784313723,0.4878434796845583,0.0347913881081671,8.0,39.4,4.925,0.0268780527737604,0.0054574726444183,4.0,61.36,15.34,0.0418588151826889,0.0027287363222091,5.0,25.52,5.104,0.0174093377356946,0.0034109204027614,18.0,72.16,4.0088888888888885,0.0492264032526537,0.0122793134499413,5.0,11.8,2.3600000000000003,0.0080497721505171,0.0034109204027614,,,,,,,,,,,,,,,34.56898171453392,1436.0,0.0240731070435472,0.0033922522439045,2.15161928967325,0.0221711339320884,0.979616339673098,233379.0,179871.99999999994,1907.0,0.7707291572935009,0.0081712579109517,18922.0,2181.0,2429.0,812.0,970.0,297.0,440.0,0.0,17952.0,1884.0,1989.0,812.0,0.0512630800126836,0.9487369199873164,0.1361760660247593,0.8638239339752407,0.1811445039110745,0.8188554960889255,0.0,1.0,baseline,male_P35,male,P35,1072441,CTRL,saline,CTRL_saline
2,inactive,3,yellow,3,0-3,,,,9866.52,933.4799999999996,74.0,133.33135135135134,,,,,,,,2.0,2.2,1.1,0.0023567725071774,0.0021425204610704,7.0,10784.04,1540.577142857143,11.552513176500842,0.0074988216137464,,,,,,80.0,269.68,3.371,0.2888974589707333,0.0857008184428161,,,,,,3.0,71.24,23.746666666666663,0.0763165788233277,0.0032137806916056,,,,,,7.0,22.64,3.2342857142857144,0.0242533316193169,0.0074988216137464,,,,,,0.0,0.0,0.0,0.8,1.0,0.8,0.0,0.0,0.0008570081844281,0.0010712602305352,0.0,1.0,0.0,1.0,15.331824453373557,858.0,0.0178692592696661,0.004387058818127,2.1246889763988395,0.0165966860169404,0.9191412777992034,246737.0,189136.9999999999,237.0,0.7665530504140033,0.000960536927984,6822.0,1784.0,57.0,0.0,501.0,1061.0,25.0,0.0,6321.0,723.0,32.0,0.0,0.0734388742304309,0.9265611257695692,0.5947309417040358,0.4052690582959641,0.4385964912280701,0.5614035087719298,0.0,0.0,baseline,male_P35,male,P35,1072239,ELA,saline,ELA_saline
2,inactive,3,yellow,6,3-6,,,,7342.68,3457.3199999999997,49.0,149.85061224489797,,,1.0,6.6,6.6,0.0019089930929159,0.0002892413777145,2.0,10.32,5.16,0.0029849710180139,0.000578482755429,4.0,8047.08,2011.77,2.327548505779043,0.0011569655108581,,,,,,34.0,246.28,7.2435294117647056,0.0712343665035345,0.009834206842294,,,,,,1.0,1.08,1.08,0.0003123806879316,0.0002892413777145,4.0,13.52,3.38,0.0039105434267004,0.0011569655108581,6.0,17.88,2.98,0.0051716358335358,0.0017354482662871,1.0,1.96,1.96,0.0005669131003204,0.0002892413777145,,,,,,,,,,,,,,,16.051683388616695,660.0,0.0243207324069949,0.0045014078675656,2.092447287167371,0.0209657851799109,0.19089930929159,183616.0,147376.3333333333,273.0,0.8026333943301962,0.0014867985360752,6191.0,370.0,426.0,0.0,376.0,239.0,201.0,0.0,5815.0,131.0,225.0,0.0,0.0607333225650137,0.9392666774349864,0.6459459459459459,0.354054054054054,0.4718309859154929,0.528169014084507,0.0,0.0,baseline,male_P35,male,P35,1072239,ELA,saline,ELA_saline
2,inactive,3,yellow,9,6-9,,,,9733.12,1066.8799999999992,6.0,1622.1866666666667,,,,,,,,,,,,,4.0,9736.52,2434.13,9.126162267546498,0.00374925014997,,,,,,,,,,,,,,,,,,,,,,,,,,,,,,,,,,,,,,,,,,,,,,,,,,0.0,0.0,,,,,0.0,243334.0,203640.0,0.0,0.8368744195221383,0.0,,,,,,,,,,,,,,,,,,,,,baseline,male_P35,male,P35,1072239,ELA,saline,ELA_saline
2,inactive,3,yellow,12,9-12,26.0,404.52,15.558461538461538,8027.44,2772.5600000000004,83.0,96.71614457831323,0.1459012609285281,0.0093776149118504,5.0,6.6,1.3199999999999998,0.0023804714776235,0.0018033874830481,3.0,11.12,3.7066666666666666,0.0040107337622991,0.0010820324898288,60.0,10427.52,173.792,3.7609718094468647,0.0216406497965778,,,,,,65.0,420.64,6.471384615384615,0.1517153821738753,0.023444037279626,1.0,8.04,8.04,0.0028998470727414,0.0003606774966096,7.0,66.72,9.531428571428572,0.0240644025737946,0.0025247424762674,6.0,43.28,7.213333333333334,0.0156101220532648,0.0021640649796577,27.0,103.4,3.82962962962963,0.0372940531494358,0.00973829240846,1.0,3.28,3.28,0.0011830221888795,0.0003606774966096,0.0,0.0,0.0,1.2,1.0,1.2,0.0,0.0,0.0004328129959315,0.0003606774966096,0.0,1.0,0.0,1.0,81.55309410395007,2693.0,0.0302833620883587,0.0060242411186712,2.1516498652423435,0.0283944686893051,0.9713044983697376,200769.0,165980.66666666663,178.0,0.8267245773334859,0.0008865910573843,10783.0,2763.0,451.0,10139.0,991.0,880.0,139.0,2673.0,9792.0,1883.0,312.0,7466.0,0.0919039228415097,0.9080960771584902,0.3184943901556279,0.681505609844372,0.3082039911308204,0.6917960088691796,0.2636354670085807,0.7363645329914192,baseline,male_P35,male,P35,1072239,ELA,saline,ELA_saline
2,inactive,4,blue,3,0-3,16.0,879.12,54.945,6975.76,3824.24,113.0,61.732389380530975,0.22988096981361,0.0041838378344455,2.0,3.64,1.82,0.0009518231073363,0.0005229797293056,1.0,2.76,2.76,0.0007217120264418,0.0002614898646528,59.0,9467.12,160.45966101694916,2.4755559274522523,0.0154279020145179,,,,,,3.0,63.4,21.133333333333333,0.0165784574189904,0.0007844695939585,34.0,898.72,26.43294117647059,0.2350061711608058,0.0088906553981967,17.0,109.36,6.432941176470588,0.0285965315984352,0.0044453276990983,4.0,80.12,20.03,0.020950567955986,0.0010459594586113,42.0,173.48,4.13047619047619,0.0453632617199757,0.0109825743154195,12.0,32.48,2.7066666666666666,0.0084931908039244,0.0031378783758341,16.6,14.0,1.1857142857142855,0.0,0.0,0.0,0.0043407317532372,0.0036608581051398,0.0,0.0,1.0,0.0,1.0,0.0,81.53827005907935,3716.0,0.0219424838695046,0.0032438241609075,2.145599402954319,0.0198156970722527,0.971696337049976,174507.0,141867.99999999997,3844.0,0.8129645229131208,0.0220277696596698,24090.0,4758.0,163.0,21994.0,751.0,44.0,0.0,254.0,23339.0,4714.0,163.0,21740.0,0.0311747613117476,0.9688252386882524,0.0092475830180748,0.9907524169819252,0.0,1.0,0.0115486041647722,0.9884513958352278,baseline,male_P35,male,P35,1072480,CTRL,saline,CTRL_saline
2,inactive,4,blue,6,3-6,1.0,4.56,4.56,10628.68,171.3199999999997,25.0,425.1472,0.0266168573429839,0.0058370301190754,1.0,1.68,1.68,0.0098062106000467,0.0058370301190754,1.0,1.88,1.88,0.0109736166238617,0.0058370301190754,9.0,10780.28,1197.808888888889,62.92481905206642,0.0525332710716788,,,,,,,,,,,2.0,7.44,3.72,0.0434275040859211,0.0116740602381508,1.0,2.2,2.2,0.0128414662619659,0.0058370301190754,1.0,1.32,1.32,0.0077048797571795,0.0058370301190754,2.0,4.8,2.4,0.028017744571562,0.0116740602381508,,,,,,1.4,1.0,1.4,0.0,0.0,0.0,0.0081718421667055,0.0058370301190754,0.0,0.0,1.0,0.0,1.0,0.0,9.122538874173276,151.0,0.0604141647296243,0.0105567320659211,1.7293969595065557,0.0513137099351678,0.8813915479803891,265742.0,236258.66666666663,7501.0,0.8890527905512364,0.0282266258250483,188.0,90.0,91.0,115.0,0.0,0.0,30.0,0.0,188.0,90.0,61.0,115.0,0.0,1.0,0.0,1.0,0.3296703296703296,0.6703296703296703,0.0,1.0,baseline,male_P35,male,P35,1072480,CTRL,saline,CTRL_saline
2,inactive,4,blue,9,6-9,,,,10624.44,175.5599999999995,8.0,1328.055,,,,,,,,,,,,,4.0,10659.68,2664.92,60.71815903394869,0.0227842333105491,,,,,,,,,,,2.0,10.64,5.32,0.0606060606060607,0.0113921166552745,,,,,,,,,,,,,,,,1.0,2.24,2.24,0.0127591706539075,0.0056960583276372,,,,,,,,,,,,,,,2.2129686372799937,28.0,0.0790345941885712,0.0232146166399236,1.5939401014118604,0.0566469055057169,0.1594896331738441,265619.0,251917.3333333333,0.0,0.9484160897124576,0.0,268.0,0.0,0.0,0.0,0.0,0.0,0.0,0.0,268.0,0.0,0.0,0.0,0.0,1.0,0.0,0.0,0.0,0.0,0.0,0.0,baseline,male_P35,male,P35,1072480,CTRL,saline,CTRL_saline
2,inactive,4,blue,12,9-12,3.0,14.72,4.906666666666667,9029.12,1770.8799999999992,53.0,170.36075471698115,0.0083122515359595,0.0016940730032526,2.0,8.76,4.38,0.0049466931694976,0.0011293820021684,1.0,3.76,3.76,0.0021232381640766,0.0005646910010842,19.0,10718.32,564.1221052631579,6.052538850740877,0.0107291290205999,1.0,1.56,1.56,0.0008809179616913,0.0005646910010842,3.0,16.88,5.626666666666666,0.0095319840983014,0.0016940730032526,42.0,672.56,16.013333333333332,0.3797885796891942,0.0237170220455366,10.0,89.32,8.931999999999999,0.0504382002168413,0.005646910010842,5.0,37.44,7.488,0.0211420310805927,0.002823455005421,26.0,79.4,3.053846153846154,0.044836465486086,0.0146819660281893,1.0,1.96,1.96,0.001106794362125,0.0005646910010842,2.0,2.0,1.0,0.0,0.0,0.0,0.0011293820021684,0.0011293820021684,0.0,0.0,1.0,0.0,1.0,0.0,34.616569354256285,1719.0,0.0201376203340641,0.0028638043583633,2.110073779306303,0.0189673315811887,0.9707038308637518,225781.0,197821.0,39.0,0.8761631846789588,0.0001727337552761,17281.0,3184.0,316.0,371.0,700.0,0.0,0.0,0.0,16581.0,3184.0,316.0,371.0,0.0405069151090793,0.9594930848909208,0.0,1.0,0.0,1.0,0.0,1.0,baseline,male_P35,male,P35,1072480,CTRL,saline,CTRL_saline
2,inactive,4,green,3,0-3,28.0,485.32,17.332857142857144,6920.28,3879.72,176.0,39.31977272727273,0.1250915014485581,0.0072170156609239,5.0,15.04,3.008,0.0038765684121534,0.0012887527965935,2.0,6.44,3.22,0.0016599136020125,0.0005155011186374,41.0,9693.96,236.43804878048775,2.498623612013238,0.0105677729320672,1.0,1.4,1.4,0.0003608507830461,0.0002577505593187,,,,,,24.0,1423.4,59.30833333333334,0.3668821461342572,0.0061860134236491,7.0,42.6,6.085714285714286,0.0109801738269772,0.0018042539152309,5.0,78.96,15.791999999999998,0.0203519841638056,0.0012887527965935,56.0,216.4,3.8642857142857143,0.0557772210365696,0.0144340313218479,4.0,10.24,2.56,0.0026393657274236,0.0010310022372748,0.0,0.0,0.0,6.8,5.0,1.36,0.0,0.0,0.0017527038033672,0.0012887527965935,0.0,1.0,0.0,1.0,104.51681673708914,3751.0,0.0278637208043426,0.0032752273958548,2.1306095438485504,0.0232814277646477,0.9668223480044952,173183.0,135134.3333333333,4657.0,0.7802979122277205,0.0268906301426814,35609.0,3051.0,544.0,12161.0,360.0,124.0,124.0,1029.0,35249.0,2927.0,420.0,11132.0,0.0101098037013114,0.9898901962986886,0.0406424123238282,0.9593575876761716,0.2279411764705882,0.7720588235294118,0.0846147520763095,0.9153852479236904,baseline,male_P35,male,P35,1072255,ELA,saline,ELA_saline
2,inactive,4,green,6,3-6,15.0,91.72,6.1146666666666665,9274.2,1525.7999999999993,90.0,103.04666666666668,0.0601127277493774,0.0098309083759339,2.0,7.16,3.58,0.0046926202647791,0.0013107877834578,4.0,8.04,2.01,0.0052693668895005,0.0026215755669157,41.0,10507.0,256.2682926829268,6.886223620395861,0.0268711495608861,,,,,,2.0,2.84,1.42,0.0018613186525101,0.0013107877834578,55.0,401.0,7.290909090909091,0.2628129505833007,0.0360466640450911,2.0,21.76,10.88,0.0142613710840215,0.0013107877834578,4.0,50.52,12.63,0.0331104994101455,0.0026215755669157,16.0,72.72,4.545,0.0476602438065277,0.0104863022676628,4.0,12.4,3.1,0.0081268842574387,0.0026215755669157,3.6,3.0,1.2,1.4,1.0,1.4,0.0023594180102241,0.0019661816751867,0.0009175514484205,0.0006553938917289,0.72,0.2799999999999999,0.75,0.25,60.16215072972196,1446.0,0.0416059133677192,0.0060905305619576,1.9949156853540904,0.035115032068677,0.947699567440032,231945.0,223270.0,48.0,0.962598891978702,0.0002069456121063,10153.0,1813.0,386.0,2308.0,246.0,531.0,122.0,597.0,9907.0,1282.0,264.0,1711.0,0.0242292918349256,0.9757707081650744,0.29288472145615,0.7071152785438499,0.3160621761658031,0.6839378238341969,0.2586655112651646,0.7413344887348353,baseline,male_P35,male,P35,1072255,ELA,saline,ELA_saline
2,inactive,4,green,9,6-9,4.0,15.44,3.86,9165.36,1634.6399999999994,18.0,509.1866666666667,0.0094455048206332,0.0024470219742573,2.0,7.04,3.52,0.0043067586746929,0.0012235109871286,1.0,5.2,5.2,0.0031811285665345,0.0006117554935643,23.0,10330.12,449.13565217391306,6.319507659178782,0.0140703763519796,,,,,,1.0,1.96,1.96,0.001199040767386,0.0006117554935643,26.0,443.88,17.072307692307692,0.2715460284833358,0.0159056428326726,2.0,17.6,8.8,0.0107668966867322,0.0012235109871286,5.0,128.88,25.776,0.0788430480105711,0.0030587774678216,27.0,97.04,3.5940740740740744,0.0593647530954828,0.0165173983262369,8.0,18.92,2.365,0.0115744139382371,0.0048940439485146,,,,,,,,,,,,,,,19.52782067357533,1480.0,0.0131944734280914,0.0032386702484662,2.1677574900423555,0.0107658336657962,0.905398130475212,229152.0,227620.66666666663,0.0,0.9933173904948098,0.0,11173.0,3669.0,309.0,390.0,0.0,0.0,0.0,0.0,11173.0,3669.0,309.0,390.0,0.0,1.0,0.0,1.0,0.0,1.0,0.0,1.0,baseline,male_P35,male,P35,1072255,ELA,saline,ELA_saline
2,inactive,4,green,12,9-12,3.0,4.92,1.64,9188.68,1611.3199999999997,137.0,67.07065693430657,0.0030533972147059,0.0018618275699426,1.0,3.32,3.32,0.0020604225107365,0.0006206091899808,2.0,10.84,5.42,0.0067274036193927,0.0012412183799617,7.0,10782.84,1540.4057142857143,6.69192959809349,0.0043442643298661,,,,,,1.0,1.6,1.6,0.0009929747039694,0.0006206091899808,82.0,264.64,3.2273170731707315,0.1642380160365414,0.0508899535784326,1.0,21.8,21.8,0.0135292803415833,0.0006206091899808,10.0,40.16,4.016,0.0249236650696323,0.0062060918998088,5.0,23.96,4.792,0.014869796191942,0.0031030459499044,3.0,6.4,2.1333333333333333,0.0039718988158776,0.0018618275699426,,,,,,,,,,,,,,,42.7468075587988,1512.0,0.0282716981208986,0.0038259086023922,2.1201138378283435,0.023678010818748,0.9383610952510988,229854.0,204453.0,0.0,0.8894907201962985,0.0,6739.0,1560.0,357.0,126.0,1136.0,565.0,299.0,98.0,5603.0,995.0,58.0,28.0,0.168571004600089,0.831428995399911,0.3621794871794871,0.6378205128205128,0.8375350140056023,0.1624649859943977,0.7777777777777778,0.2222222222222222,baseline,male_P35,male,P35,1072255,ELA,saline,ELA_saline
2,inactive,4,red,3,0-3,23.0,179.52,7.805217391304348,9013.64,1786.3600000000006,31.0,290.7625806451613,0.1004948610582413,0.0128753442755099,6.0,29.2,4.866666666666666,0.0163460892541257,0.0033587854631765,1.0,7.52,7.52,0.0042096777805145,0.000559797577196,43.0,10358.88,240.9041860465116,5.798875926464988,0.0240712958194316,1.0,3.24,3.24,0.0018137441501153,0.000559797577196,2.0,3.08,1.54,0.0017241765377639,0.0011195951543921,20.0,520.68,26.034,0.2914754024944578,0.0111959515439217,3.0,38.16,12.72,0.0213618755458026,0.0016793927315882,6.0,69.48,11.58,0.038894735663584,0.0033587854631765,40.0,187.24,4.681,0.1048164983541951,0.0223919030878434,1.0,2.4,2.4,0.0013435141852706,0.000559797577196,0.0,0.0,0.0,7.2,6.0,1.2,0.0,0.0,0.0040305425558118,0.0033587854631765,0.0,1.0,0.0,1.0,54.786037461676905,1753.0,0.0312527310106542,0.0047486383539499,2.1035646139157436,0.0268089274605794,0.9813251528247382,225372.0,171880.99999999997,4243.0,0.7626546332286175,0.018826651048045,13116.0,2700.0,925.0,4511.0,235.0,0.0,0.0,782.0,12881.0,2700.0,925.0,3729.0,0.0179170478804513,0.9820829521195488,0.0,1.0,0.0,1.0,0.1733540234981157,0.8266459765018843,baseline,male_P35,male,P35,1072419,ELA,saline,ELA_saline
2,inactive,4,red,6,3-6,9.0,36.76,4.084444444444444,9572.2,1227.7999999999993,34.0,281.5352941176471,0.0299397295976543,0.0073301840690666,5.0,23.96,4.792,0.0195145789216484,0.0040723244828147,,,,,,29.0,10541.32,363.49379310344824,8.585535103437048,0.0236194820003258,1.0,1.4,1.4,0.0011402508551881,0.0008144648965629,,,,,,21.0,503.28,23.965714285714284,0.4099038931422057,0.0171037628278221,2.0,41.16,20.58,0.0335233751425313,0.0016289297931259,2.0,2.2,1.1,0.0017918227724385,0.0016289297931259,7.0,33.88,4.840000000000001,0.027594070695553,0.0057012542759407,6.0,19.88,3.313333333333333,0.0161915621436716,0.0048867893793777,0.0,0.0,0.0,3.6,3.0,1.2,0.0,0.0,0.0029320736276266,0.0024433946896888,0.0,1.0,0.0,1.0,34.22375698197291,1191.0,0.0287353123274331,0.003415393351155,2.064831003377773,0.0226561663442664,0.9700276918064836,239339.0,227515.66666666663,399.0,0.9506000554304423,0.0016670914476955,12603.0,1088.0,604.0,928.0,5.0,0.0,115.0,32.0,12598.0,1088.0,489.0,896.0,0.0003967309370784,0.9996032690629216,0.0,1.0,0.1903973509933774,0.8096026490066225,0.0344827586206896,0.9655172413793104,baseline,male_P35,male,P35,1072419,ELA,saline,ELA_saline
2,inactive,4,red,9,6-9,1.0,3.92,3.92,10520.0,280.0,5.0,2104.0,0.014,0.0035714285714285,,,,,,1.0,5.76,5.76,0.0205714285714285,0.0035714285714285,9.0,10617.64,1179.7377777777776,37.92014285714286,0.0321428571428571,,,,,,,,,,,3.0,50.64,16.88,0.1808571428571428,0.0107142857142857,1.0,3.2,3.2,0.0114285714285714,0.0035714285714285,,,,,,1.0,2.28,2.28,0.0081428571428571,0.0035714285714285,1.0,2.04,2.04,0.0072857142857142,0.0035714285714285,,,,,,,,,,,,,,,4.798756237736746,135.0,0.0355463425017536,0.0113696637472961,2.0309887213807594,0.030846545802566,0.4821428571428571,263005.0,250070.6666666667,0.0,0.9508209603112744,0.0,1269.0,81.0,145.0,99.0,0.0,0.0,0.0,0.0,1269.0,81.0,145.0,99.0,0.0,1.0,0.0,1.0,0.0,1.0,0.0,1.0,baseline,male_P35,male,P35,1072419,ELA,saline,ELA_saline
2,inactive,4,red,12,9-12,7.0,43.28,6.182857142857143,9017.32,1782.6800000000003,30.0,300.57733333333334,0.0242780532681131,0.0039266722014046,6.0,22.44,3.74,0.0125877891713599,0.0033657190297753,2.0,15.88,7.94,0.0089079363654722,0.0011219063432584,22.0,10645.0,483.8636363636364,5.971346511993178,0.0123409697758431,,,,,,1.0,1.48,1.48,0.0008302106940112,0.0005609531716292,41.0,1164.84,28.410731707317073,0.6534206924405949,0.0229990800367985,4.0,34.2,8.55,0.0191845984697197,0.0022438126865169,5.0,34.84,6.968000000000001,0.0195436084995624,0.0028047658581461,27.0,80.88,2.9955555555555553,0.0453698925213723,0.0151457356339892,7.0,19.6,2.8000000000000003,0.0109946821639329,0.0039266722014046,0.0,0.0,0.0,0.8,1.0,0.8,0.0,0.0,0.0004487625373033,0.0005609531716292,0.0,1.0,0.0,1.0,41.52169487201786,1752.0,0.0236995975296905,0.0036218353995975,2.23683794814691,0.0206421910938073,0.9827899566944148,225463.0,197432.0,4911.0,0.8756736138523837,0.0217818444711549,29200.0,1735.0,966.0,1089.0,985.0,0.0,0.0,0.0,28215.0,1735.0,966.0,1089.0,0.0337328767123287,0.9662671232876712,0.0,1.0,0.0,1.0,0.0,1.0,baseline,male_P35,male,P35,1072419,ELA,saline,ELA_saline
2,inactive,4,yellow,3,0-3,10.0,90.16,9.016,9515.92,1284.08,75.0,126.87893333333334,0.0702136938508504,0.0077876767802629,8.0,59.24,7.405,0.0461341972462774,0.0062301414242103,,,,,,25.0,10677.84,427.1136,8.315556663136254,0.0194691919506572,,,,,,2.0,5.56,2.78,0.0043299482898261,0.0015575353560525,27.0,154.68,5.728888888888889,0.1204597844371067,0.0210267273067098,10.0,62.76,6.276,0.04887545947293,0.0077876767802629,4.0,29.32,7.33,0.0228334683197308,0.0031150707121051,9.0,30.52,3.391111111111111,0.0237679895333624,0.0070089091022366,,,,,,0.0,0.0,0.0,2.6,3.0,0.8666666666666667,0.0,0.0,0.0020247959628683,0.0023363030340788,0.0,1.0,0.0,1.0,54.657602874102466,1211.0,0.0451342715723389,0.0063856427634581,2.125726851156181,0.0399459138857822,0.9430876580898389,237973.0,178679.99999999997,3396.0,0.7508414820168673,0.014270526488299,4035.0,2316.0,1489.0,2264.0,285.0,168.0,124.0,843.0,3750.0,2148.0,1365.0,1421.0,0.070631970260223,0.929368029739777,0.0725388601036269,0.927461139896373,0.0832773673606447,0.9167226326393552,0.3723498233215547,0.6276501766784452,baseline,male_P35,male,P35,1072469,CTRL,saline,CTRL_saline
2,inactive,4,yellow,6,3-6,6.0,180.08,30.013333333333335,9799.76,1000.2399999999998,40.0,244.994,0.1800367911701192,0.005998560345517,2.0,5.44,2.72,0.0054386947132688,0.0019995201151723,2.0,5.28,2.64,0.005278733104055,0.0019995201151723,19.0,10596.08,557.6884210526316,10.593537550987763,0.0189954410941374,,,,,,,,,,,58.0,317.16,5.468275862068966,0.3170838998640327,0.0579860833399984,,,,,,8.0,50.32,6.29,0.0503079260977365,0.0079980804606894,4.0,9.12,2.28,0.0091178117251859,0.0039990402303447,1.0,2.52,2.52,0.0025193953451171,0.0009997600575861,,,,,,,,,,,,,,,37.16769114525558,967.0,0.0384360818461795,0.0042926482288619,2.2430001898404903,0.0375696484753382,0.9667679756858356,245034.0,231271.0,6.0,0.943832284499294,2.4486397806018756e-05,7987.0,1266.0,272.0,4508.0,251.0,531.0,37.0,565.0,7736.0,735.0,235.0,3943.0,0.0314260673594591,0.9685739326405408,0.4194312796208531,0.580568720379147,0.1360294117647058,0.8639705882352942,0.1253327417923691,0.8746672582076309,baseline,male_P35,male,P35,1072469,CTRL,saline,CTRL_saline
2,inactive,4,yellow,9,6-9,,,,10621.68,178.3199999999997,13.0,817.0523076923077,,,,,,,,,,,,,4.0,10659.68,2664.92,59.778375953342405,0.0224315836698071,,,,,,,,,,,,,,,,2.0,6.24,3.12,0.0349932705248991,0.0112157918349035,,,,,,1.0,6.0,6.0,0.0336473755047106,0.0056078959174517,,,,,,,,,,,,,,,,,,,,0.2976749117189726,28.0,0.0106312468471061,0.0016337161571388,2.3892945802430345,0.0065187082437804,0.1570210856886498,265555.0,251780.0,0.0,0.9481275065429008,0.0,0.0,158.0,0.0,0.0,0.0,0.0,0.0,0.0,0.0,158.0,0.0,0.0,0.0,0.0,0.0,1.0,0.0,0.0,0.0,0.0,baseline,male_P35,male,P35,1072469,CTRL,saline,CTRL_saline
2,inactive,4,yellow,12,9-12,6.0,27.8,4.633333333333334,9483.28,1316.7199999999991,26.0,364.7415384615385,0.0211130688377179,0.0045567774469894,6.0,28.76,4.793333333333334,0.0218421532292363,0.0045567774469894,3.0,13.4,4.466666666666667,0.0101768029649431,0.0022783887234947,7.0,10761.88,1537.4114285714284,8.173248678534545,0.005316240354821,,,,,,1.0,1.4,1.4,0.0010632480709642,0.0007594629078315,82.0,634.28,7.735121951219512,0.4817121331794158,0.0622759584421897,3.0,38.2,12.733333333333334,0.0290114830791664,0.0022783887234947,8.0,98.04,12.255,0.0744577434838083,0.0060757032626526,8.0,32.64,4.08,0.0247888693116228,0.0060757032626526,7.0,17.04,2.434285714285714,0.0129412479494501,0.005316240354821,0.0,0.0,0.0,1.2,1.0,1.2,0.0,0.0,0.0009113554893978,0.0007594629078315,0.0,1.0,0.0,1.0,36.11190026256365,1297.0,0.0278426370567183,0.0034375781793331,2.2426217501741803,0.0254027052632249,0.985023391457562,237108.0,203200.66666666663,1771.0,0.8569962492478814,0.0074691701671812,15975.0,3417.0,1063.0,701.0,767.0,565.0,299.0,98.0,15208.0,2852.0,764.0,603.0,0.0480125195618153,0.9519874804381848,0.1653497219783435,0.8346502780216565,0.2812793979303857,0.7187206020696143,0.1398002853067047,0.8601997146932953,baseline,male_P35,male,P35,1072469,CTRL,saline,CTRL_saline
2,inactive,5,blue,3,0-3,1.0,28.72,28.72,10207.24,592.7600000000002,58.0,175.98689655172413,0.0484513125042175,0.001687023415885,2.0,2.2,1.1,0.003711451514947,0.00337404683177,,,,,,14.0,10709.28,764.9485714285714,18.06680612726904,0.0236183278223901,,,,,,38.0,139.36,3.667368421052632,0.2351035832377352,0.0641068898036304,1.0,4.6,4.6,0.007760307713071,0.001687023415885,4.0,19.96,4.99,0.0336729873810648,0.00674809366354,,,,,,5.0,11.92,2.384,0.0201093191173493,0.008435117079425,,,,,,,,,,,,,,,,,,,,16.92401833924483,544.0,0.0311103278294941,0.0041302972313015,1.9510816023747617,0.0259736700879278,0.9177407382414464,255239.0,156190.3333333333,3278.0,0.6119375696242867,0.0128428649226803,3638.0,503.0,57.0,719.0,79.0,0.0,0.0,0.0,3559.0,503.0,57.0,719.0,0.0217152281473337,0.9782847718526664,0.0,1.0,0.0,1.0,0.0,1.0,baseline,male_P35,male,P35,1073127,CTRL,saline,CTRL_saline
2,inactive,5,blue,6,3-6,,,,10378.48,421.5200000000005,31.0,334.7896774193548,,,,,,,,,,,,,36.0,10226.28,284.06333333333333,24.2604858606946,0.0854052002277471,,,,,,1.0,6.88,6.88,0.0163218827101916,0.0023723666729929,,,,,,1.0,1.52,1.52,0.0036059973429493,0.0023723666729929,,,,,,,,,,,1.0,2.04,2.04,0.0048396280129056,0.0023723666729929,,,,,,,,,,,,,,,5.21420895354435,125.0,0.0417136716283548,0.007044791737086,1.6708135697392277,0.048213880794287,0.2965458341241219,259493.0,257999.66666666663,0.0,0.994245188373739,0.0,173.0,39.0,0.0,0.0,0.0,0.0,0.0,0.0,173.0,39.0,0.0,0.0,0.0,1.0,0.0,1.0,0.0,0.0,0.0,0.0,baseline,male_P35,male,P35,1073127,CTRL,saline,CTRL_saline
2,inactive,5,blue,9,6-9,,,,9923.36,876.6399999999994,10.0,992.336,,,1.0,6.08,6.08,0.0069355721847052,0.0011407191093265,,,,,,5.0,10671.16,2134.232,12.172796130680789,0.0057035955466326,,,,,,12.0,568.76,47.39666666666667,0.6487954006205516,0.0136886293119182,1.0,1.32,1.32,0.001505749224311,0.0011407191093265,1.0,6.52,6.52,0.0074374885928089,0.0011407191093265,,,,,,8.0,33.2,4.15,0.0378718744296404,0.0091257528746121,3.0,8.8,2.9333333333333336,0.0100383281620733,0.0034221573279795,,,,,,,,,,,,,,,7.496534302312378,743.0,0.0100895481861539,0.0026387092593895,2.192221483991945,0.0082295765367468,0.8475542982296045,248094.0,245304.6666666667,656.0,0.9887569496508044,0.00264415906874,14265.0,164.0,153.0,0.0,0.0,0.0,0.0,0.0,14265.0,164.0,153.0,0.0,0.0,1.0,0.0,1.0,0.0,1.0,0.0,0.0,baseline,male_P35,male,P35,1073127,CTRL,saline,CTRL_saline
2,inactive,5,blue,12,9-12,,,,10094.68,705.3199999999997,19.0,531.2989473684211,,,,,,,,,,,,,7.0,10784.2,1540.6,15.289797538705844,0.0099245732433505,,,,,,46.0,319.56,6.94695652173913,0.4530709465207284,0.0652186241705892,1.0,1.24,1.24,0.0017580672602506,0.0014177961776215,3.0,62.44,20.813333333333333,0.0885271933306868,0.0042533885328645,,,,,,6.0,18.88,3.1466666666666665,0.026767991833494,0.008506777065729,3.0,8.12,2.7066666666666666,0.0115125049622866,0.0042533885328645,,,,,,,,,,,,,,,7.330226879611926,680.0,0.010779745411194,0.0029025375282551,2.1707847971770415,0.008328951853673,0.964101400782624,252386.0,227919.99999999997,2039.0,0.9030611840593376,0.008078895025873,8067.0,1564.0,0.0,0.0,434.0,0.0,0.0,0.0,7633.0,1564.0,0.0,0.0,0.0537994297756291,0.9462005702243708,0.0,1.0,0.0,0.0,0.0,0.0,baseline,male_P35,male,P35,1073127,CTRL,saline,CTRL_saline
2,inactive,5,green,3,0-3,37.0,328.32,8.873513513513513,5921.88,4878.12,422.0,14.032890995260663,0.0673046173525866,0.0075848892606167,2.0,3.88,1.94,0.0007953883873295,0.0004099940140873,5.0,54.52,10.904,0.0111764368240223,0.0010249850352184,93.0,10230.44,110.00473118279572,2.097209580740121,0.0190647216550638,,,,,,49.0,220.12,4.492244897959184,0.0451239411904586,0.0100448533451411,74.0,391.12,5.285405405405405,0.0801784293949308,0.0151697785212335,1.0,26.72,26.72,0.0054775200282075,0.0002049970070436,8.0,76.92,9.615,0.0157683697818011,0.0016399760563495,27.0,100.6,3.725925925925926,0.0206226989085959,0.0055349191901798,1.0,1.96,1.96,0.0004017941338056,0.0002049970070436,0.0,0.0,0.0,0.8,1.0,0.8,0.0,0.0,0.0001639976056349,0.0002049970070436,0.0,1.0,0.0,1.0,199.84194015534797,4548.0,0.0439406200869278,0.0058491176860607,2.1766943098736777,0.0445345254303565,0.9323263880347348,148469.0,115144.33333333331,747.0,0.7755446142516843,0.0050313533464898,15404.0,2600.0,1467.0,8245.0,511.0,837.0,368.0,4301.0,14893.0,1763.0,1099.0,3944.0,0.0331732017657751,0.9668267982342248,0.3219230769230769,0.678076923076923,0.250852079072938,0.7491479209270621,0.5216494845360825,0.4783505154639175,baseline,male_P35,male,P35,1073091,ELA,saline,ELA_saline
2,inactive,5,green,6,3-6,,,,10411.48,388.5200000000005,18.0,578.4155555555556,,,,,,,,,,,,,7.0,10507.24,1501.0342857142855,27.044270565221833,0.0180170904972716,,,,,,1.0,1.04,1.04,0.0026768248738803,0.0025738700710388,,,,,,2.0,12.72,6.36,0.0327396273036136,0.0051477401420776,,,,,,,,,,,,,,,,,,,,,,,,,,,,,,0.9490577420064372,95.0,0.0099900814948046,0.0049086924266382,2.0332104884497344,0.0082875653735851,0.244517656748687,260305.0,258566.6666666667,0.0,0.9933219364463484,0.0,27.0,320.0,0.0,0.0,0.0,0.0,0.0,0.0,27.0,320.0,0.0,0.0,0.0,1.0,0.0,1.0,0.0,0.0,0.0,0.0,baseline,male_P35,male,P35,1073091,ELA,saline,ELA_saline
2,inactive,5,green,9,6-9,,,,10596.12,203.8799999999992,18.0,588.6733333333334,,,1.0,5.4,5.4,0.0264861683343144,0.004904845987836,,,,,,6.0,10637.84,1772.9733333333334,52.17696684324133,0.029429075927016,,,,,,,,,,,,,,,,,,,,,,,,,,1.0,2.64,2.64,0.012948793407887,0.004904845987836,,,,,,,,,,,,,,,,,,,,2.44970149503948,68.0,0.0360250219858747,0.0061237989734314,1.9261924111551427,0.0355141032536789,0.333529527172848,264921.0,256997.3333333333,0.0,0.9700904546386784,0.0,0.0,0.0,136.0,0.0,0.0,0.0,0.0,0.0,0.0,0.0,136.0,0.0,0.0,0.0,0.0,0.0,0.0,1.0,0.0,0.0,baseline,male_P35,male,P35,1073091,ELA,saline,ELA_saline
2,inactive,5,green,12,9-12,2.0,11.84,5.92,9572.4,1227.6000000000004,73.0,131.12876712328767,0.009644835451287,0.0016291951775822,4.0,11.0,2.75,0.0089605734767025,0.0032583903551645,2.0,10.68,5.34,0.0086999022482893,0.0016291951775822,10.0,10752.76,1075.276,8.759172368849786,0.0081459758879113,,,,,,60.0,242.24,4.037333333333334,0.197328119908765,0.0488758553274682,12.0,47.32,3.943333333333334,0.0385467579015966,0.0097751710654936,4.0,6.12,1.53,0.0049853372434017,0.0032583903551645,5.0,59.52,11.904,0.0484848484848484,0.0040729879439556,10.0,30.0,3.0,0.0244379276637341,0.0081459758879113,,,,,,,,,,,,,,,,,,,,44.32352054551924,1172.0,0.0378187035371324,0.0058528883387474,2.23746941066585,0.0337340507339029,0.9547083740632124,239383.0,225059.33333333337,62.0,0.9401642277577494,0.000258999177051,7311.0,1650.0,548.0,298.0,674.0,695.0,80.0,270.0,6637.0,955.0,468.0,28.0,0.0921898509095883,0.9078101490904116,0.4212121212121212,0.5787878787878787,0.145985401459854,0.8540145985401459,0.906040268456376,0.0939597315436241,baseline,male_P35,male,P35,1073091,ELA,saline,ELA_saline
2,inactive,5,red,3,0-3,2.0,11.68,5.84,9816.16,983.84,86.0,114.1413953488372,0.0118718490811514,0.0020328508700601,,,,,,,,,,,34.0,10609.36,312.04,10.783623353390796,0.0345584647910229,,,,,,13.0,90.04,6.926153846153847,0.0915189461701089,0.0132135306553911,,,,,,3.0,23.72,7.906666666666666,0.0241096113189136,0.0030492763050902,,,,,,10.0,37.56,3.756,0.03817693933973,0.0101642543503008,,,,,,0.8,1.0,0.8,0.0,0.0,0.0,0.000813140348024,0.00101642543503,0.0,0.0,1.0,0.0,1.0,0.0,20.997067138935435,896.0,0.0234342267175618,0.0070844473943098,2.028928879470828,0.0206932813531206,0.9107171897869571,245490.0,151149.0,3688.0,0.6157032873029451,0.0150230151941015,2264.0,596.0,0.0,294.0,0.0,0.0,0.0,14.0,2264.0,596.0,0.0,280.0,0.0,1.0,0.0,1.0,0.0,0.0,0.0476190476190476,0.9523809523809524,baseline,male_P35,male,P35,1073117,CTRL,saline,CTRL_saline
2,inactive,5,red,6,3-6,,,,10523.04,276.9599999999991,6.0,1753.84,,,,,,,,,,,,,4.0,10528.4,2632.1,38.014153668399885,0.0144425187752744,,,,,,,,,,,,,,,,,,,,,,,,,,,,,,,,,,,,,,,,,,,,,,,,,,0.0,0.0,,,,,0.0,263082.0,260354.6666666667,0.0,0.989633143531928,0.0,,,,,,,,,,,,,,,,,,,,,baseline,male_P35,male,P35,1073117,CTRL,saline,CTRL_saline
2,inactive,5,red,9,6-9,,,,10450.68,349.3199999999997,8.0,1306.335,,,,,,,,,,,,,4.0,10676.56,2669.14,30.563838314439508,0.0114508187335394,,,,,,6.0,30.56,5.093333333333333,0.0874842551242414,0.0171762281003091,,,,,,,,,,,,,,,,,,,,,,,,,,,,,,,,,,,,,,,,1.2666454972080523,218.0,0.0058103004459084,0.0027347705888273,2.092718675628213,0.0045470986857513,0.6240696209779004,261275.0,254589.6666666667,11.0,0.9744126558861992,4.2101234331642905e-05,770.0,0.0,0.0,0.0,0.0,0.0,0.0,0.0,770.0,0.0,0.0,0.0,0.0,1.0,0.0,0.0,0.0,0.0,0.0,0.0,baseline,male_P35,male,P35,1073117,CTRL,saline,CTRL_saline
2,inactive,5,red,12,9-12,,,,10166.0,634.0,15.0,677.7333333333333,,,,,,,,,,,,,8.0,10779.52,1347.44,17.002397476340693,0.0126182965299684,,,,,,15.0,376.16,25.077333333333335,0.5933123028391167,0.0236593059936908,,,,,,5.0,58.6,11.72,0.0924290220820189,0.0078864353312302,,,,,,5.0,23.04,4.608,0.0363406940063091,0.0078864353312302,5.0,11.76,2.352,0.0185488958990536,0.0078864353312302,,,,,,,,,,,,,,,5.604734011013579,613.0,0.0091431223670694,0.0023570614020832,2.2550137934742125,0.0071009565048747,0.9668769716088328,254165.0,225786.3333333333,2582.0,0.8883454973475235,0.0101587551393779,9419.0,1470.0,0.0,0.0,0.0,30.0,0.0,0.0,9419.0,1440.0,0.0,0.0,0.0,1.0,0.0204081632653061,0.979591836734694,0.0,0.0,0.0,0.0,baseline,male_P35,male,P35,1073117,CTRL,saline,CTRL_saline
2,inactive,5,yellow,3,0-3,38.0,338.36,8.90421052631579,3881.48,6918.52,213.0,18.222910798122065,0.0489064135104039,0.0054925041771939,4.0,17.12,4.28,0.0024745176714094,0.0005781583344414,4.0,17.48,4.37,0.0025265519215092,0.0005781583344414,173.0,9415.24,54.42335260115607,1.3608748691916768,0.0250053479645935,,,,,,42.0,1128.56,26.87047619047619,0.1631215924793163,0.0060706625116354,82.0,329.32,4.016097560975609,0.0475997756745662,0.0118522458560501,4.0,11.56,2.89,0.0016708775865358,0.0005781583344414,7.0,92.32,13.188571428571429,0.0133438943589091,0.0010117770852725,41.0,149.28,3.6409756097560977,0.0215768690413556,0.005926122928025,3.0,6.56,2.1866666666666665,0.000948179668484,0.0004336187508311,,,,,,,,,,,,,,,136.62868000915924,6682.0,0.0204472732728463,0.0036714132541194,2.221938894793026,0.019099966577831,0.9658134976844758,97250.0,83728.33333333333,741.0,0.8609597257926306,0.0076195372750642,36571.0,2608.0,873.0,8497.0,590.0,837.0,368.0,4287.0,35981.0,1771.0,505.0,4210.0,0.016133001558612,0.983866998441388,0.3209355828220859,0.6790644171779141,0.4215349369988545,0.5784650630011455,0.5045310109450394,0.4954689890549605,baseline,male_P35,male,P35,1073101,ELA,saline,ELA_saline
2,inactive,5,yellow,6,3-6,,,,10455.88,344.1200000000008,17.0,615.0517647058823,,,,,,,,,,,,,10.0,10494.8,1049.48,30.497500871788837,0.0290596303615017,,,,,,,,,,,,,,,,,,,,,,,,,,,,,,,,,,,,,,,,,,,,,,,,,,0.1174077715438501,63.0,0.0018636154213309,0.0001654518592364,2.325511012399317,0.001674075339365,0.1830756712774609,261414.0,259268.33333333337,0.0,0.9917920743852026,0.0,,,,,,,,,,,,,,,,,,,,,baseline,male_P35,male,P35,1073101,ELA,saline,ELA_saline
2,inactive,5,yellow,9,6-9,,,,10634.16,165.84000000000017,18.0,590.7866666666666,,,1.0,2.84,2.84,0.0171249397009165,0.0060299083453931,,,,,,4.0,10676.56,2669.14,64.37867824409062,0.0241196333815725,,,,,,,,,,,1.0,2.72,2.72,0.0164013506994693,0.0060299083453931,,,,,,,,,,,,,,,,,,,,,,,,,,,,,,,,,,,2.5815915862086656,30.0,0.0860530528736221,0.0231502723408206,1.487735116321073,0.1311967155110271,0.1808972503617943,265872.0,257633.0,0.0,0.969011403983872,0.0,69.0,0.0,72.0,0.0,0.0,0.0,0.0,0.0,69.0,0.0,72.0,0.0,0.0,1.0,0.0,0.0,0.0,1.0,0.0,0.0,baseline,male_P35,male,P35,1073101,ELA,saline,ELA_saline
2,inactive,5,yellow,12,9-12,2.0,13.72,6.86,9106.0,1694.0,39.0,233.48717948717947,0.008099173553719,0.0011806375442739,3.0,13.48,4.493333333333333,0.0079574970484061,0.0017709563164108,,,,,,5.0,10792.96,2158.5919999999996,6.371286894923258,0.0029515938606847,,,,,,46.0,828.44,18.009565217391305,0.4890436835891382,0.0271546635182998,16.0,58.16,3.635,0.0343329397874852,0.0094451003541912,2.0,22.24,11.12,0.0131286894923258,0.0011806375442739,4.0,55.92,13.98,0.0330106257378984,0.0023612750885478,4.0,12.36,3.09,0.0072963400236127,0.0023612750885478,4.0,8.68,2.17,0.0051239669421487,0.0023612750885478,,,,,,,,,,,,,,,32.63638466076738,1656.0,0.0197079617516711,0.0026497034170443,2.2405954094868084,0.0179457183158869,0.9775678866587958,227689.0,216123.66666666663,0.0,0.9492055684142258,0.0,22227.0,1960.0,340.0,345.0,492.0,725.0,80.0,270.0,21735.0,1235.0,260.0,75.0,0.0221352409232015,0.9778647590767984,0.3698979591836734,0.6301020408163265,0.2352941176470588,0.7647058823529411,0.782608695652174,0.217391304347826,baseline,male_P35,male,P35,1073101,ELA,saline,ELA_saline
2,inactive,6,blue,3,0-3,1.0,2.2,2.2,10020.4,779.6000000000004,45.0,222.67555555555555,0.0028219599794766,0.0012827090815802,,,,,,,,,,,19.0,10643.84,560.2021052631579,13.652950230887628,0.0243714725500256,,,,,,13.0,241.76,18.596923076923076,0.3101077475628526,0.0166752180605438,,,,,,2.0,9.6,4.8,0.0123140071831708,0.0025654181631605,,,,,,5.0,19.6,3.92,0.0251410979989738,0.0064135454079014,3.0,6.72,2.24,0.0086198050282195,0.0038481272447408,,,,,,,,,,,,,,,13.200001711164449,739.0,0.0178619779582739,0.0036691811910195,2.037933548045711,0.0165687480122484,0.9479220112878396,250555.0,221318.3333333333,3257.0,0.883312379850066,0.0129991419049709,6057.0,242.0,0.0,56.0,12.0,0.0,0.0,56.0,6045.0,242.0,0.0,0.0,0.0019811788013868,0.9980188211986132,0.0,1.0,0.0,0.0,1.0,0.0,baseline,male_P35,male,P35,1073092,ELA,saline,ELA_saline
2,inactive,6,blue,6,3-6,,,,10095.28,704.7199999999993,22.0,458.8763636363637,,,1.0,5.96,5.96,0.0084572596208423,0.0014190032920876,1.0,9.0,9.0,0.0127710296287887,0.0014190032920876,10.0,10773.68,1077.368,15.287887387898754,0.0141900329208763,,,,,,14.0,486.8,34.77142857142857,0.6907708025882626,0.0198660460892269,,,,,,2.0,32.88,16.44,0.0466568282438415,0.0028380065841752,,,,,,12.0,38.8,3.233333333333333,0.0550573277330003,0.0170280395050516,4.0,15.56,3.89,0.0220796912248836,0.0056760131683505,,,,,,,,,,,,,,,6.688782926376704,683.0,0.0097932400093363,0.0020699859516019,2.1699771412548587,0.0076831432106989,0.9691792484958576,252404.0,243537.66666666663,48.0,0.9648724531571078,0.0001901713126574,12184.0,824.0,376.0,0.0,0.0,0.0,0.0,0.0,12184.0,824.0,376.0,0.0,0.0,1.0,0.0,1.0,0.0,1.0,0.0,0.0,baseline,male_P35,male,P35,1073092,ELA,saline,ELA_saline
2,inactive,6,blue,9,6-9,,,,10284.64,515.3600000000006,4.0,2571.16,,,,,,,,,,,,,4.0,10287.64,2571.91,19.962045948463185,0.0077615647314498,,,,,,,,,,,,,,,,,,,,,,,,,,,,,,,,,,,,,,,,,,,,,,,,,,0.0,0.0,,,,,0.0,257120.0,253532.0,0.0,0.986045426260112,0.0,,,,,,,,,,,,,,,,,,,,,baseline,male_P35,male,P35,1073092,ELA,saline,ELA_saline
2,inactive,6,blue,12,9-12,,,,9799.36,1000.6399999999994,21.0,466.6361904761905,,,1.0,5.32,5.32,0.0053165973776782,0.000999360409338,,,,,,5.0,10794.56,2158.912,10.787655900223864,0.0049968020466901,,,,,,60.0,660.28,11.004666666666669,0.6598576910777106,0.0599616245602814,,,,,,4.0,32.6,8.15,0.0325791493444195,0.003997441637352,1.0,14.28,14.28,0.0142708666453469,0.000999360409338,16.0,49.36,3.085,0.0493284298049248,0.0159897665494083,3.0,7.96,2.6533333333333333,0.0079549088583306,0.002998081228014,,,,,,,,,,,,,,,6.908003478244376,981.0,0.0070417976332766,0.0019324394410937,2.1884498812573097,0.0058903355457878,0.9803725615606018,245005.0,218749.0,500.0,0.892834840105304,0.0020407746780677,16567.0,1177.0,134.0,0.0,0.0,233.0,0.0,0.0,16567.0,944.0,134.0,0.0,0.0,1.0,0.1979609175870858,0.8020390824129142,0.0,1.0,0.0,0.0,baseline,male_P35,male,P35,1073092,ELA,saline,ELA_saline
2,inactive,6,green,3,0-3,4.0,87.04,21.76,9096.36,1703.6399999999994,42.0,216.58,0.051090605996572,0.0023479138785189,1.0,3.36,3.36,0.0019722476579559,0.0005869784696297,,,,,,26.0,10444.04,401.6938461538462,6.1304266159517296,0.015261440210373,,,,,,9.0,748.4,83.15555555555555,0.439294686670893,0.0052828062266676,1.0,7.52,7.52,0.0044140780916156,0.0005869784696297,2.0,27.0,13.5,0.0158484186800028,0.0011739569392594,3.0,55.4,18.466666666666665,0.0325186072174872,0.0017609354088892,19.0,79.68,4.193684210526317,0.0467704444600972,0.0111525909229649,3.0,7.76,2.5866666666666664,0.0045549529243267,0.0017609354088892,,,,,,,,,,,,,,,28.803355216306898,1665.0,0.0172993124422263,0.0027255975832528,2.226863758909315,0.0157131429268294,0.9773191519335074,227451.0,214198.3333333333,320.0,0.9417339705401748,0.0014068964304399,18908.0,2065.0,85.0,2180.0,584.0,41.0,0.0,0.0,18324.0,2024.0,85.0,2180.0,0.0308863972921514,0.9691136027078484,0.0198547215496368,0.9801452784503633,0.0,1.0,0.0,1.0,baseline,male_P35,male,P35,1073102,ELA,saline,ELA_saline
2,inactive,6,green,6,3-6,,,,10579.0,221.0,76.0,139.19736842105263,,,,,,,,,,,,,5.0,10793.48,2158.696,48.83927601809955,0.0226244343891402,,,,,,5.0,6.96,1.392,0.0314932126696832,0.0226244343891402,,,,,,,,,,,,,,,,,,,,,,,,,,,,,,,,,,,,,,,,8.557111933099435,160.0,0.0534819495818714,0.0154309469251666,1.5996229276989504,0.0520853787086842,0.7239819004524887,264551.0,252198.3333333333,0.0,0.9533070498064016,0.0,179.0,0.0,0.0,0.0,25.0,0.0,0.0,0.0,154.0,0.0,0.0,0.0,0.1396648044692737,0.8603351955307262,0.0,0.0,0.0,0.0,0.0,0.0,baseline,male_P35,male,P35,1073102,ELA,saline,ELA_saline
2,inactive,6,green,9,6-9,,,,9918.4,881.6000000000004,8.0,1239.8,,,,,,,,,,,,,12.0,9949.56,829.13,11.285798548094368,0.013611615245009,,,,,,,,,,,,,,,,,,,,,,,,,,,,,,,,,,,,,,,,,,,,,,,,,,0.3590958585784219,360.0,0.0009974884960511,0.0002299271213339,2.220589533711471,0.0011057154584288,0.4083484573502721,247968.0,247859.0,0.0,0.9995604271518904,0.0,,,,,,,,,,,,,,,,,,,,,baseline,male_P35,male,P35,1073102,ELA,saline,ELA_saline
2,inactive,6,green,12,9-12,,,,9287.44,1512.5599999999995,97.0,95.74680412371134,,,3.0,13.16,4.386666666666667,0.008700481303221,0.0019833923943512,2.0,9.72,4.86,0.0064261913576982,0.0013222615962341,14.0,10745.68,767.5485714285714,7.104299994710956,0.0092558311736393,,,,,,58.0,1002.92,17.291724137931034,0.6630613000476017,0.0383455862907917,3.0,6.88,2.2933333333333334,0.0045485798910456,0.0019833923943512,5.0,42.72,8.544,0.0282435076955624,0.0033056539905854,4.0,53.6,13.4,0.0354366107790765,0.0026445231924683,13.0,46.72,3.5938461538461537,0.0308880308880309,0.0085947003755222,6.0,14.8,2.466666666666667,0.009784735812133,0.0039667847887025,,,,,,,,,,,,,,,30.51628163697109,1429.0,0.0213549906486851,0.0024060133126494,2.20387031900082,0.0193686355212788,0.9447559105093356,232283.0,212638.66666666663,0.0,0.9154293110846108,0.0,25306.0,2417.0,577.0,0.0,310.0,281.0,147.0,0.0,24996.0,2136.0,430.0,0.0,0.0122500592744803,0.9877499407255196,0.1162598262308647,0.8837401737691353,0.2547660311958405,0.7452339688041595,0.0,0.0,baseline,male_P35,male,P35,1073102,ELA,saline,ELA_saline
2,inactive,6,red,3,0-3,25.0,290.96,11.6384,8247.24,2552.76,44.0,187.43727272727273,0.1139785957160093,0.0097933217380403,7.0,23.32,3.3314285714285714,0.009135210517244,0.0027421300866513,6.0,11.64,1.94,0.0045597706012316,0.0023503972171296,48.0,9652.04,201.08416666666668,3.781021325937417,0.0188031777370375,,,,,,27.0,324.16,12.005925925925927,0.1269841269841269,0.0105767874770836,6.0,27.92,4.653333333333333,0.0109371817170435,0.0023503972171296,5.0,47.2,9.44,0.0184897914414202,0.001958664347608,4.0,52.56,13.14,0.0205894796220561,0.0015669314780864,34.0,166.44,4.895294117647059,0.0652000188031777,0.0133189175637349,6.0,15.76,2.6266666666666665,0.0061737100236606,0.0023503972171296,,,,,,,,,,,,,,,69.72803949232944,2514.0,0.0277358947861294,0.0051773166081509,1.9830761813997495,0.0231344954654018,0.984816433977342,206225.0,201549.0,9.0,0.9773257364529034,4.3641653533761665e-05,8835.0,2503.0,887.0,7299.0,572.0,41.0,0.0,56.0,8263.0,2462.0,887.0,7243.0,0.0647425014148273,0.9352574985851726,0.0163803435876947,0.9836196564123052,0.0,1.0,0.0076722838745033,0.9923277161254966,baseline,male_P35,male,P35,1073128,CTRL,saline,CTRL_saline
2,inactive,6,red,6,3-6,,,,10423.8,376.2000000000007,27.0,386.06666666666666,,,,,,,,,,,,,8.0,10784.2,1348.025,28.666135034556035,0.0212652844231791,,,,,,11.0,49.48,4.498181818181818,0.1315257841573628,0.0292397660818712,,,,,,1.0,4.36,4.36,0.0115895800106326,0.0026581605528973,,,,,,7.0,19.0,2.7142857142857144,0.0505050505050504,0.0186071238702817,,,,,,,,,,,,,,,,,,,,6.878215306274835,351.0,0.019596055003632,0.0036672817726815,2.06538708871724,0.0186231083256418,0.933014354066984,260622.0,248561.66666666663,173.0,0.953724807064126,0.0006637966096492,1248.0,110.0,0.0,0.0,0.0,0.0,0.0,0.0,1248.0,110.0,0.0,0.0,0.0,1.0,0.0,1.0,0.0,0.0,0.0,0.0,baseline,male_P35,male,P35,1073128,CTRL,saline,CTRL_saline
2,inactive,6,red,9,6-9,,,,10283.68,516.3199999999997,5.0,2056.736,,,,,,,,,,,,,4.0,10287.64,2571.91,19.92493027579797,0.0077471335605825,,,,,,,,,,,,,,,,,,,,,,,,,,,,,,,,,,,,,,,,,,,,,,,,,,0.0,0.0,,,,,0.0,257097.0,253516.6666666667,0.0,0.9860739980111268,0.0,,,,,,,,,,,,,,,,,,,,,baseline,male_P35,male,P35,1073128,CTRL,saline,CTRL_saline
2,inactive,6,red,12,9-12,,,,9897.92,902.08,25.0,395.9168,,,3.0,9.48,3.16,0.0105090457609081,0.0033256473926924,,,,,,11.0,10743.56,976.6872727272728,11.909764100744944,0.0121940404398722,,,,,,42.0,487.76,11.613333333333332,0.5407059240865555,0.0465590634976942,,,,,,4.0,27.44,6.86,0.0304185881518268,0.0044341965235899,,,,,,10.0,32.88,3.2880000000000003,0.0364490954239091,0.0110854913089748,3.0,8.04,2.6799999999999997,0.0089127350124157,0.0033256473926924,,,,,,,,,,,,,,,11.940113837039195,875.0,0.0136458443851876,0.0029302494496672,2.056706569194962,0.0118045859676832,0.969980489535296,247473.0,218410.3333333333,1241.0,0.8825622727866608,0.0050146884710655,12236.0,690.0,240.0,0.0,0.0,0.0,0.0,0.0,12236.0,690.0,240.0,0.0,0.0,1.0,0.0,1.0,0.0,1.0,0.0,0.0,baseline,male_P35,male,P35,1073128,CTRL,saline,CTRL_saline
2,inactive,6,yellow,3,0-3,,,,10488.52,311.47999999999956,120.0,87.40433333333334,,,,,,,,,,,,,3.0,10800.0,3600.0,34.673173237447074,0.0096314370104019,,,,,,1.0,1.92,1.92,0.0061641196866572,0.0032104790034673,,,,,,,,,,,,,,,,2.0,8.36,4.18,0.0268396044689868,0.0064209580069346,,,,,,,,,,,,,,,,,,,,7.1450835907364665,222.0,0.0321850612195336,0.0078700498889399,1.6415049523936858,0.0295338033938819,0.7127263387697454,262333.0,224375.66666666663,9480.0,0.8553085836195471,0.0361372759050519,49.0,0.0,0.0,0.0,0.0,0.0,0.0,0.0,49.0,0.0,0.0,0.0,0.0,1.0,0.0,0.0,0.0,0.0,0.0,0.0,baseline,male_P35,male,P35,1073137,CTRL,saline,CTRL_saline
2,inactive,6,yellow,6,3-6,,,,10252.16,547.8400000000001,78.0,131.43794871794873,,,,,,,,,,,,,9.0,10773.56,1197.062222222222,19.665522780373827,0.0164281542056074,,,,,,16.0,161.24,10.0775,0.2943195093457943,0.0292056074766355,,,,,,3.0,22.16,7.386666666666667,0.0404497663551401,0.0054760514018691,,,,,,2.0,5.12,2.56,0.0093457943925233,0.0036507009345794,,,,,,,,,,,,,,,,,,,,11.848642981730537,480.0,0.0246846728786052,0.0049422158463527,2.140004079528538,0.0230327155725429,0.8761682242990652,256382.0,247104.33333333337,0.0,0.963813112204965,0.0,4047.0,557.0,0.0,0.0,25.0,0.0,0.0,0.0,4022.0,557.0,0.0,0.0,0.0061774153694094,0.9938225846305906,0.0,1.0,0.0,0.0,0.0,0.0,baseline,male_P35,male,P35,1073137,CTRL,saline,CTRL_saline
2,inactive,6,yellow,9,6-9,,,,10220.68,579.3199999999997,14.0,730.0485714285714,,,,,,,,,,,,,7.0,10278.04,1468.2914285714287,17.74155906925362,0.0120831319478008,,,,,,,,,,,,,,,,,,,,,,,,,,6.0,21.16,3.526666666666667,0.0365255817164952,0.0103569702409721,,,,,,,,,,,,,,,,,,,,0.1147577004304339,54.0,0.0021251426005635,0.0006226315070657,1.972665295885615,0.0024108349536889,0.0932127321687496,255531.0,252901.0,0.0,0.9897077066970348,0.0,,,,,,,,,,,,,,,,,,,,,baseline,male_P35,male,P35,1073137,CTRL,saline,CTRL_saline
2,inactive,6,yellow,12,9-12,,,,9672.56,1127.4400000000005,65.0,148.80861538461536,,,1.0,10.24,10.24,0.0090825232384871,0.0008869651600085,,,,,,5.0,10795.4,2159.08,9.575143688355915,0.0044348258000425,,,,,,59.0,514.2,8.715254237288136,0.4560774852763782,0.0523309444405023,,,,,,3.0,19.24,6.413333333333333,0.0170652096785638,0.0026608954800255,3.0,61.28,20.426666666666662,0.0543532250053217,0.0026608954800255,5.0,13.12,2.6239999999999997,0.0116369828993117,0.0044348258000425,,,,,,,,,,,,,,,,,,,,19.60756160683931,1069.0,0.0183419659558833,0.0030943418238868,2.2128340863908815,0.0177973585557686,0.948165756049102,241879.0,219685.3333333333,0.0,0.9082447559868088,0.0,12914.0,2019.0,257.0,0.0,310.0,116.0,147.0,0.0,12604.0,1903.0,110.0,0.0,0.0240049558618553,0.9759950441381446,0.0574541852402179,0.942545814759782,0.5719844357976653,0.4280155642023346,0.0,0.0,baseline,male_P35,male,P35,1073137,CTRL,saline,CTRL_saline
2,inactive,7,blue,3,0-3,10.0,223.12,22.312,9091.32,1708.6800000000003,62.0,146.6341935483871,0.1305803310157548,0.0058524709132195,1.0,4.8,4.8,0.0028091860383453,0.0005852470913219,4.0,10.92,2.73,0.0063908982372357,0.0023409883652878,41.0,10154.28,247.66536585365856,5.942762834468712,0.0239951307442001,,,,,,10.0,340.28,34.028,0.1991478802350351,0.0058524709132195,1.0,3.36,3.36,0.0019664302268417,0.0005852470913219,3.0,38.16,12.72,0.0223330290048458,0.0017557412739658,,,,,,25.0,99.72,3.9888,0.0583608399466254,0.0146311772830489,1.0,2.04,2.04,0.0011939040662967,0.0005852470913219,0.0,0.0,0.0,4.4,4.0,1.1,0.0,0.0,0.0025750872018166,0.0023409883652878,0.0,1.0,0.0,1.0,39.96079327361271,1651.0,0.0242039935030967,0.0044613907908085,2.1759860380660174,0.0238687216545572,0.9662429477725494,227345.0,182131.3333333333,12169.0,0.8011231095178399,0.0535265785480217,8602.0,957.0,398.0,5588.0,189.0,0.0,0.0,232.0,8413.0,957.0,398.0,5356.0,0.0219716345036038,0.9780283654963962,0.0,1.0,0.0,1.0,0.0415175375805297,0.9584824624194704,baseline,male_P35,male,P35,1073149,ELA,MDMA,ELA_MDMA
2,inactive,7,blue,6,3-6,1.0,20.0,20.0,10417.24,382.7600000000002,21.0,496.0590476190476,0.0522520639565262,0.0026126031978263,1.0,1.12,1.12,0.0029261155815654,0.0026126031978263,,,,,,11.0,10718.52,974.4109090909092,28.00323962796529,0.0287386351760894,,,,,,4.0,118.88,29.72,0.310586268157592,0.0104504127913052,,,,,,3.0,14.68,4.8933333333333335,0.0383530149440902,0.0078378095934789,,,,,,5.0,16.56,3.312,0.0432647089560037,0.0130630159891315,,,,,,,,,,,,,,,,,,,,8.878858497625245,358.0,0.0248012807196235,0.0042735151673212,1.9053656579194655,0.0208347667809966,0.93531194482182,260452.0,259693.0,0.0,0.9970858353938538,0.0,2976.0,370.0,29.0,501.0,0.0,0.0,0.0,0.0,2976.0,370.0,29.0,501.0,0.0,1.0,0.0,1.0,0.0,1.0,0.0,1.0,baseline,male_P35,male,P35,1073149,ELA,MDMA,ELA_MDMA
2,inactive,7,blue,9,6-9,,,,9284.72,1515.2800000000009,10.0,928.472,,,,,,,,,,,,,4.0,9537.96,2384.49,6.29451982471886,0.0026397761469827,,,,,,1.0,204.0,204.0,0.1346285834961194,0.0006599440367456,,,,,,1.0,1.0,1.0,0.0006599440367456,0.0006599440367456,,,,,,1.0,3.96,3.96,0.0026133783855129,0.0006599440367456,,,,,,,,,,,,,,,,,,,,2.6739617883107787,244.0,0.0109588597881589,0.0015485785413204,2.313176451214756,0.0093302963162609,0.1610263449659467,232128.0,209551.3333333333,4988.0,0.902740442054958,0.0214881444720154,5101.0,26.0,0.0,0.0,0.0,15.0,0.0,0.0,5101.0,11.0,0.0,0.0,0.0,1.0,0.5769230769230769,0.4230769230769231,0.0,0.0,0.0,0.0,baseline,male_P35,male,P35,1073149,ELA,MDMA,ELA_MDMA
2,inactive,7,blue,12,9-12,,,,10095.36,704.6399999999994,11.0,917.76,,,,,,,,,,,,,4.0,10799.96,2699.99,15.326918710263408,0.0056766575840145,,,,,,21.0,543.72,25.891428571428573,0.7716280653950961,0.0298024523160763,,,,,,2.0,45.72,22.86,0.0648841961852861,0.0028383287920072,,,,,,8.0,30.88,3.86,0.0438237965485922,0.011353315168029,2.0,4.52,2.26,0.0064146230699364,0.0028383287920072,,,,,,,,,,,,,,,3.29940159523043,695.0,0.0047473404247919,0.0018647396552692,2.241944837668857,0.0036787063543504,0.9863192552225258,252395.0,232157.3333333333,3763.0,0.9198174818571418,0.0149091701499633,13614.0,1145.0,0.0,0.0,0.0,51.0,0.0,0.0,13614.0,1094.0,0.0,0.0,0.0,1.0,0.0445414847161572,0.9554585152838428,0.0,0.0,0.0,0.0,baseline,male_P35,male,P35,1073149,ELA,MDMA,ELA_MDMA
2,inactive,7,green,3,0-3,19.0,101.76,5.355789473684211,9392.44,1407.5599999999995,167.0,56.24215568862276,0.0722953195600898,0.0134985364744664,2.0,2.92,1.46,0.002074511921339,0.0014208985762596,1.0,1.32,1.32,0.0009377930603313,0.0007104492881298,32.0,10565.44,330.17,7.506209326778258,0.022734377220154,,,,,,,,,,,,,,,,1.0,10.04,10.04,0.0071329108528233,0.0007104492881298,,,,,,8.0,27.24,3.405,0.0193526386086561,0.0056835943050385,,,,,,0.0,0.0,0.0,1.0,1.0,1.0,0.0,0.0,0.0007104492881298,0.0007104492881298,0.0,1.0,0.0,1.0,70.97688376168169,1273.0,0.0557556038976289,0.0119886379972487,2.085936072594016,0.050833694186598,0.9044019437892526,234978.0,187415.0,5465.0,0.7975853058584208,0.0232574964464758,0.0,252.0,109.0,2563.0,0.0,0.0,45.0,1864.0,0.0,252.0,64.0,699.0,0.0,0.0,0.0,1.0,0.4128440366972477,0.5871559633027523,0.7272727272727273,0.2727272727272727,baseline,male_P35,male,P35,1073093,ELA,MDMA,ELA_MDMA
2,inactive,7,green,6,3-6,,,,10742.08,57.92000000000007,17.0,631.8870588235294,,,,,,,,,,,,,4.0,10799.96,2699.99,186.463397790055,0.0690607734806628,,,,,,,,,,,,,,,,,,,,,,,,,,1.0,2.16,2.16,0.0372928176795579,0.0172651933701657,,,,,,,,,,,,,,,,,,,,1.8480871749728125,41.0,0.0450752969505564,0.0054141735804632,1.2351483530051,0.0273521281508403,0.7078729281767947,268569.0,265173.3333333333,0.0,0.987356445953678,0.0,,,,,,,,,,,,,,,,,,,,,baseline,male_P35,male,P35,1073093,ELA,MDMA,ELA_MDMA
2,inactive,7,green,9,6-9,6.0,20.48,3.4133333333333336,8904.8,1895.2000000000007,96.0,92.75833333333333,0.010806247361756,0.0031658927817644,1.0,1.8,1.8,0.0009497678345293,0.0005276487969607,2.0,10.48,5.24,0.0055297593921485,0.0010552975939214,6.0,9519.68,1586.6133333333337,5.023047699451244,0.0031658927817644,,,,,,1.0,1.32,1.32,0.0006964964119881,0.0005276487969607,,,,,,1.0,6.0,6.0,0.0031658927817644,0.0005276487969607,1.0,3.92,3.92,0.0020683832840861,0.0005276487969607,2.0,7.56,3.78,0.0039890249050232,0.0010552975939214,,,,,,,,,,,,,,,,,,,,40.11058139463855,555.0,0.0722713178281775,0.0212802625914809,2.082359382307118,0.0631201235984724,0.2928450823132122,222716.0,209362.0,145.0,0.94004023060759,0.0006510533594353,34.0,250.0,310.0,518.0,0.0,114.0,250.0,365.0,34.0,136.0,60.0,153.0,0.0,1.0,0.456,0.544,0.8064516129032258,0.1935483870967742,0.7046332046332047,0.2953667953667954,baseline,male_P35,male,P35,1073093,ELA,MDMA,ELA_MDMA
2,inactive,7,green,12,9-12,9.0,35.88,3.986666666666667,10346.8,453.2000000000007,106.0,97.61132075471696,0.0791703442188877,0.0198587819947042,,,,,,,,,,,11.0,10773.2,979.3818181818184,23.77140335392759,0.0242718446601941,,,,,,7.0,39.28,5.611428571428571,0.0866725507502205,0.0154457193292144,,,,,,2.0,3.32,1.66,0.0073256840247131,0.0044130626654898,1.0,6.36,6.36,0.0140335392762577,0.0022065313327449,1.0,6.72,6.72,0.0148278905560458,0.0022065313327449,,,,,,,,,,,,,,,,,,,,17.262918703752355,372.0,0.0464056954401945,0.0093567404886695,1.9931820040770496,0.0368447900847555,0.8208296557811108,258776.0,240926.66666666663,0.0,0.9310240001648789,0.0,989.0,245.0,0.0,906.0,19.0,157.0,0.0,551.0,970.0,88.0,0.0,355.0,0.019211324570273,0.980788675429727,0.6408163265306123,0.3591836734693877,0.0,0.0,0.608167770419426,0.3918322295805739,baseline,male_P35,male,P35,1073093,ELA,MDMA,ELA_MDMA
2,inactive,7,red,3,0-3,37.0,398.44,10.768648648648648,5328.96,5471.04,33.0,161.48363636363638,0.0728271041703222,0.0067628823770252,24.0,104.12,4.338333333333334,0.0190311165701585,0.0043867345148271,7.0,18.52,2.6457142857142855,0.0033850968006082,0.0012794642334912,91.0,8807.88,96.7898901098901,1.6099096332689944,0.0166330350353863,,,,,,23.0,162.4,7.060869565217391,0.0296835702169971,0.0042039539100426,48.0,394.08,8.209999999999999,0.072030180733462,0.0087734690296543,8.0,55.8,6.975,0.0101991577469731,0.0014622448382757,7.0,94.56,13.508571428571427,0.017283733988419,0.0012794642334912,103.0,465.52,4.5196116504854364,0.0850880271392642,0.0188264022927999,15.0,38.96,2.5973333333333333,0.0071211323624027,0.0027417090717669,5.4,5.0,1.08,0.0,0.0,0.0,0.0009870152658361,0.0009139030239223,0.0,0.0,1.0,0.0,1.0,0.0,126.2999008413314,5441.0,0.0232126265100774,0.0042743314878888,2.121579705631357,0.0217143612549478,0.9945092706322748,133257.0,128894.0,2144.0,0.9672587556376026,0.0160892110733394,13983.0,3774.0,3097.0,9998.0,1270.0,88.0,130.0,801.0,12713.0,3686.0,2967.0,9197.0,0.0908245726954158,0.909175427304584,0.0233174350821409,0.976682564917859,0.0419761059089441,0.9580238940910558,0.0801160232046409,0.919883976795359,baseline,male_P35,male,P35,1073138,CTRL,MDMA,CTRL_MDMA
2,inactive,7,red,6,3-6,,,,10754.6,45.39999999999963,6.0,1792.4333333333334,,,,,,,,,,,,,5.0,10797.12,2159.424,237.82202643172,0.1101321585903092,,,,,,,,,,,,,,,,1.0,1.56,1.56,0.0343612334801764,0.0220264317180618,,,,,,,,,,,,,,,,,,,,,,,,,,,,,,2.3129688366018235,40.0,0.0578242209150455,0.0180268860659488,1.4434356171263985,0.0561310372416381,0.8810572687224741,268871.0,265173.3333333333,0.0,0.9862474321638752,0.0,0.0,40.0,0.0,0.0,0.0,0.0,0.0,0.0,0.0,40.0,0.0,0.0,0.0,0.0,0.0,1.0,0.0,0.0,0.0,0.0,baseline,male_P35,male,P35,1073138,CTRL,MDMA,CTRL_MDMA
2,inactive,7,red,9,6-9,3.0,55.36,18.453333333333333,8318.4,2481.6000000000004,23.0,361.66956521739127,0.022308188265635,0.0012088974854932,1.0,6.16,6.16,0.002482269503546,0.0004029658284977,1.0,2.96,2.96,0.0011927788523533,0.0004029658284977,28.0,9035.36,322.6914285714286,3.64094132817537,0.0112830431979368,,,,,,7.0,219.72,31.388571428571428,0.0885396518375241,0.0028207607994842,4.0,12.68,3.17,0.0051096067053513,0.0016118633139909,2.0,12.64,6.32,0.0050934880722114,0.0008059316569954,4.0,31.52,7.88,0.0127014829142488,0.0016118633139909,22.0,83.56,3.7981818181818183,0.0336718246292714,0.0088652482269503,8.0,22.36,2.795,0.0090103159252095,0.0032237266279819,,,,,,,,,,,,,,,24.22235725812052,1194.0,0.0202867313719602,0.0021777197515113,2.170949801271358,0.0192832034896074,0.4811411992263055,207983.0,197709.66666666663,0.0,0.9506049372625006,0.0,5821.0,1110.0,230.0,1387.0,0.0,32.0,0.0,0.0,5821.0,1078.0,230.0,1387.0,0.0,1.0,0.0288288288288288,0.9711711711711712,0.0,1.0,0.0,1.0,baseline,male_P35,male,P35,1073138,CTRL,MDMA,CTRL_MDMA
2,inactive,7,red,12,9-12,5.0,19.12,3.824,9408.44,1391.5599999999995,19.0,495.18105263157895,0.0137399752795423,0.0035930897697548,4.0,17.72,4.43,0.012733910144011,0.0028744718158038,1.0,4.48,4.48,0.0032194084337003,0.0007186179539509,22.0,10646.88,483.9490909090909,7.651039121561415,0.0158095949869211,,,,,,13.0,651.28,50.098461538461535,0.4680215010491824,0.0093420334013625,1.0,9.32,9.32,0.0066975193308229,0.0007186179539509,9.0,99.4,11.044444444444444,0.0714306246227256,0.0064675615855586,1.0,7.96,7.96,0.0057201989134496,0.0007186179539509,18.0,59.28,3.2933333333333334,0.042599672310213,0.0129351231711173,8.0,23.6,2.95,0.0169593837132427,0.0057489436316076,,,,,,,,,,,,,,,19.69536538804231,1368.0,0.0143971969210835,0.0021692828943527,2.1285036440148764,0.0143351935447511,0.9830693610049156,235230.0,225440.66666666663,0.0,0.958383992971418,0.0,16529.0,2694.0,560.0,483.0,161.0,0.0,0.0,40.0,16368.0,2694.0,560.0,443.0,0.0097404561679472,0.9902595438320528,0.0,1.0,0.0,1.0,0.082815734989648,0.917184265010352,baseline,male_P35,male,P35,1073138,CTRL,MDMA,CTRL_MDMA
2,inactive,7,yellow,3,0-3,26.0,276.48,10.633846153846154,9165.0,1635.0,93.0,98.5483870967742,0.1691009174311926,0.0159021406727828,5.0,52.44,10.488,0.0320733944954128,0.0030581039755351,1.0,1.28,1.28,0.000782874617737,0.000611620795107,58.0,10400.72,179.32275862068963,6.361296636085626,0.0354740061162079,,,,,,10.0,61.8,6.18,0.0377981651376146,0.0061162079510703,,,,,,4.0,41.72,10.43,0.0255168195718654,0.0024464831804281,1.0,6.56,6.56,0.0040122324159021,0.000611620795107,11.0,49.2,4.472727272727273,0.030091743119266,0.0067278287461773,,,,,,,,,,,,,,,,,,,,63.05125422941382,1547.0,0.0407571132704678,0.0101982353980856,2.116421839724046,0.0348221843223876,0.946177370030581,229218.0,185861.66666666663,3676.0,0.8108510966270827,0.0160371349544974,1555.0,1212.0,1349.0,6938.0,1081.0,88.0,175.0,2525.0,474.0,1124.0,1174.0,4413.0,0.6951768488745981,0.3048231511254019,0.0726072607260726,0.9273927392739274,0.1297257227575982,0.8702742772424018,0.3639377342173537,0.6360622657826462,baseline,male_P35,male,P35,1073118,CTRL,MDMA,CTRL_MDMA
2,inactive,7,yellow,6,3-6,,,,10786.44,13.55999999999949,9.0,1198.493333333333,,,,,,,,,,,,,4.0,10798.32,2699.58,796.3362831858706,0.2949852507374742,,,,,,,,,,,,,,,,,,,,,,,,,,,,,,,,,,,,,,,,,,,,,,,,,,0.2324508045580793,4.0,0.0581127011395198,0.0536317586929262,1.499892385674772,0.0239574985554733,0.2949852507374742,269670.0,265775.0,0.0,0.9855564208106204,0.0,,,,,,,,,,,,,,,,,,,,,baseline,male_P35,male,P35,1073118,CTRL,MDMA,CTRL_MDMA
2,inactive,7,yellow,9,6-9,6.0,21.2,3.533333333333333,8574.04,2225.959999999999,38.0,225.63263157894735,0.0095239806645222,0.0026954662258081,2.0,9.6,4.8,0.0043127459612931,0.000898488741936,2.0,11.68,5.84,0.0052471742529066,0.000898488741936,19.0,9409.0,495.2105263157895,4.226940286438213,0.0085356430483926,,,,,,9.0,154.8,17.200000000000003,0.0695430286258513,0.0040431993387122,3.0,10.44,3.48,0.0046901112329062,0.001347733112904,1.0,4.16,4.16,0.001868856583227,0.000449244370968,2.0,8.32,4.16,0.003737713166454,0.000898488741936,5.0,24.4,4.88,0.0109615626516199,0.0022462218548401,,,,,,,,,,,,,,,,,,,,41.83984427245711,926.0,0.0451834171408824,0.0088419049930798,2.194017160144167,0.0462837863414556,0.4160002875163975,214389.0,204385.6666666667,199.0,0.9533402677687134,0.0009282192649809,4143.0,315.0,536.0,536.0,0.0,99.0,250.0,365.0,4143.0,216.0,286.0,171.0,0.0,1.0,0.3142857142857143,0.6857142857142857,0.4664179104477612,0.5335820895522388,0.6809701492537313,0.3190298507462686,baseline,male_P35,male,P35,1073118,CTRL,MDMA,CTRL_MDMA
2,inactive,7,yellow,12,9-12,9.0,95.88,10.653333333333332,10194.68,605.3199999999997,45.0,226.54844444444444,0.1583955593735545,0.0148681689023987,,,,,,,,,,,17.0,10708.2,629.8941176470589,17.69014736007402,0.0280843190378642,,,,,,26.0,164.2,6.315384615384615,0.2712614815304303,0.042952487940263,1.0,6.4,6.4,0.0105729201083724,0.0016520187669331,5.0,36.16,7.231999999999999,0.0597369986123042,0.0082600938346659,2.0,5.36,2.68,0.0088548205907619,0.0033040375338663,4.0,12.88,3.22,0.0212780017180995,0.0066080750677327,,,,,,,,,,,,,,,,,,,,16.98050007030708,555.0,0.0305954956221749,0.0042703210997928,2.120824156019143,0.0308268739116215,0.9168704156479222,254912.0,237923.3333333333,0.0,0.933354778642564,0.0,4292.0,1045.0,0.0,2406.0,180.0,106.0,0.0,537.0,4112.0,939.0,0.0,1869.0,0.0419384902143522,0.9580615097856476,0.1014354066985645,0.8985645933014355,0.0,0.0,0.2231920199501247,0.7768079800498753,baseline,male_P35,male,P35,1073118,CTRL,MDMA,CTRL_MDMA
2,inactive,8,blue,3,0-3,127.0,1387.68,10.926614173228346,4008.0,6792.0,186.0,21.548387096774192,0.2043109540636042,0.018698468786808,9.0,46.64,5.182222222222222,0.0068669022379269,0.0013250883392226,2.0,7.72,3.86,0.0011366313309776,0.0002944640753828,135.0,9179.12,67.99348148148148,1.3514605418138987,0.0198763250883392,2.0,3.36,1.68,0.0004946996466431,0.0002944640753828,,,,,,147.0,1106.2,7.525170068027212,0.1628680800942285,0.021643109540636,,,,,,23.0,256.4,11.14782608695652,0.0377502944640753,0.0033863368669022,44.0,175.12,3.98,0.0257832744405182,0.0064782096584216,10.0,23.04,2.304,0.0033922261484098,0.001472320376914,0.0,0.0,0.0,4.0,4.0,1.0,0.0,0.0,0.0005889281507656,0.0005889281507656,0.0,1.0,0.0,1.0,148.9098141067521,6617.0,0.0225041278686341,0.0063718179382822,2.121438009981338,0.0206320331014864,0.9742343934040048,100386.0,35040.0,14046.0,0.3490526567449644,0.1399199091506783,27802.0,6433.0,1370.0,34819.0,1275.0,917.0,69.0,15846.0,26527.0,5516.0,1301.0,18973.0,0.0458600100712179,0.954139989928782,0.1425462459194777,0.8574537540805223,0.0503649635036496,0.9496350364963504,0.4550963554381229,0.5449036445618771,baseline,male_P35,male,P35,1073150,ELA,MDMA,ELA_MDMA
2,inactive,8,blue,6,3-6,3.0,6.72,2.24,3823.32,6976.68,133.0,28.746766917293236,0.0009632088615215,0.0004300039560363,1.0,1.52,1.52,0.0002178686710584,0.0001433346520121,,,,,,11.0,10721.4,974.6727272727272,1.5367481380828705,0.0015766811721334,,,,,,1.0,4.6,4.6,0.0006593393992558,0.0001433346520121,9.0,366.32,40.70222222222222,0.0525063497250841,0.0012900118681091,1.0,3.12,3.12,0.0004472041142778,0.0001433346520121,8.0,641.04,80.13,0.0918832453258569,0.001146677216097,105.0,493.56,4.700571428571428,0.0707442508471078,0.0150501384612738,9.0,23.84,2.648888888888889,0.0034170981039692,0.0012900118681091,,,,,,,,,,,,,,,37.4309071414263,6857.0,0.005458787682868,0.0007710523258312,2.173870638195326,0.0052552705179491,0.982845708847188,95716.0,39378.66666666666,4039.0,0.4114115369077966,0.0421977516820594,9283.0,16113.0,39.0,171.0,0.0,1288.0,0.0,0.0,9283.0,14825.0,39.0,171.0,0.0,1.0,0.079935455843108,0.920064544156892,0.0,1.0,0.0,1.0,baseline,male_P35,male,P35,1073150,ELA,MDMA,ELA_MDMA
2,inactive,8,blue,9,6-9,2.0,12.0,6.0,4191.24,6608.76,134.0,31.27791044776119,0.0018157717938009,0.0003026286323001,1.0,3.6,3.6,0.0005447315381402,0.00015131431615,1.0,4.88,4.88,0.0007384138628123,0.00015131431615,14.0,10734.28,766.7342857142858,1.6242502375634764,0.0021184004261011,,,,,,,,,,,25.0,230.72,9.2288,0.0349112390221463,0.0037828579037519,,,,,,44.0,552.2,12.55,0.0835557653780739,0.0066578299106035,112.0,517.44,4.62,0.0782960797486971,0.0169472034088089,23.0,87.36,3.7982608695652176,0.0132188186588709,0.0034802292714518,,,,,,,,,,,,,,,42.43061268057917,6478.0,0.0065499556468939,0.0010635906640164,2.123046984224249,0.0060129757202043,0.9802141400202156,104915.0,51711.66666666666,163.0,0.4928910705491746,0.0015536386598675,5793.0,13849.0,214.0,302.0,110.0,3689.0,0.0,0.0,5683.0,10160.0,214.0,302.0,0.0189884343172794,0.9810115656827204,0.2663730233229836,0.7336269766770164,0.0,1.0,0.0,1.0,baseline,male_P35,male,P35,1073150,ELA,MDMA,ELA_MDMA
2,inactive,8,blue,12,9-12,1.0,6.68,6.68,5486.16,5313.84,182.0,30.143736263736265,0.0012570946810592,0.0001881878265058,,,,,,,,,,,8.0,10772.52,1346.565,2.027257124791112,0.001505502612047,,,,,,,,,,,46.0,319.2,6.939130434782609,0.0600695542206765,0.0086566400192704,,,,,,57.0,1004.2,17.617543859649125,0.1889782153772037,0.0107267061108351,13.0,58.44,4.495384615384615,0.0109976965810035,0.0024464417445764,5.0,18.48,3.696,0.0034777110338286,0.0009409391325293,0.0,0.0,0.0,2.2,2.0,1.1,0.0,0.0,0.0004140132183129,0.0003763756530117,0.0,1.0,0.0,1.0,34.497757293120465,5129.0,0.0067260201390369,0.0018149946798877,2.1930239481131393,0.0059984419090208,0.9652153621486532,137336.0,54239.33333333332,13866.0,0.3949389332245975,0.1009640589503116,8026.0,25162.0,0.0,168.0,415.0,8801.0,0.0,0.0,7611.0,16361.0,0.0,168.0,0.0517069524046847,0.9482930475953152,0.3497734679278276,0.6502265320721723,0.0,0.0,0.0,1.0,baseline,male_P35,male,P35,1073150,ELA,MDMA,ELA_MDMA
2,inactive,8,green,3,0-3,173.0,4827.24,27.903121387283235,62.84,10737.16,13.0,4.833846153846154,0.4495825711826963,0.0161122680485342,30.0,155.92,5.197333333333333,0.0145215308331067,0.0027940349217111,16.0,79.6,4.975,0.0074135059922735,0.0014901519582459,204.0,5609.16,27.495882352941177,0.5224062973821756,0.0189994374676357,4.0,5.36,1.34,0.0004992009060123,0.0003725379895614,,,,,,222.0,1438.64,6.480360360360361,0.1339870133256838,0.0206758584206624,,,,,,45.0,560.64,12.458666666666666,0.0522149246169378,0.0041910523825667,71.0,352.36,4.962816901408451,0.0328168715004712,0.0066125493147163,31.0,83.2,2.6838709677419357,0.0077487901828789,0.0028871694191015,1.2,1.0,1.2,2.2,2.0,1.1,0.0001117613968684,9.313449739037138e-05,0.0002048958942588,0.0001862689947807,0.3529411764705882,0.6470588235294118,0.3333333333333333,0.6666666666666666,295.8469942905114,10727.0,0.0275796582726308,0.0069139094368326,2.2272977632971624,0.0262423624684545,0.9990537535065138,1584.0,813.9999999999999,0.0,0.5138888888888888,0.0,36188.0,14061.0,5934.0,120854.0,2061.0,1497.0,147.0,28976.0,34127.0,12564.0,5787.0,91878.0,0.0569525809660661,0.943047419033934,0.1064646895668871,0.8935353104331129,0.0247724974721941,0.975227502527806,0.2397603720191305,0.7602396279808695,baseline,male_P35,male,P35,1073129,CTRL,MDMA,CTRL_MDMA
2,inactive,8,green,6,3-6,3.0,6.48,2.16,37.6,10762.4,5.0,7.52,0.0006020961867241,0.0002787482345945,1.0,4.6,4.6,0.0004274139597115,9.29160781981714e-05,,,,,,6.0,10793.6,1798.9333333333334,1.002898981639783,0.000557496469189,,,,,,,,,,,2.0,11.04,5.52,0.0010257935033078,0.0001858321563963,,,,,,29.0,292.32,10.08,0.0271612279788894,0.0026945662677469,146.0,581.4,3.9821917808219176,0.0540214078644168,0.013565747416933,24.0,75.16,3.1316666666666664,0.0069835724373745,0.0022299858767561,,,,,,,,,,,,,,,87.58195636830685,10756.0,0.0081426140171352,0.0015942219623722,2.3387938531201216,0.0075855170681985,0.9994053370995316,945.0,520.6666666666666,0.0,0.5509700176366843,0.0,278.0,7337.0,116.0,165.0,0.0,1330.0,0.0,154.0,278.0,6007.0,116.0,11.0,0.0,1.0,0.1812729998637045,0.8187270001362955,0.0,1.0,0.9333333333333332,0.0666666666666666,baseline,male_P35,male,P35,1073129,CTRL,MDMA,CTRL_MDMA
2,inactive,8,green,9,6-9,12.0,71.12,5.926666666666667,24.48,10775.52,5.0,4.896,0.0066001455150192,0.0011136353512405,10.0,65.28,6.5280000000000005,0.0060581763107488,0.0009280294593671,8.0,31.04,3.88,0.0028806034418756,0.0007424235674937,35.0,10529.28,300.83657142857146,0.9771482025925432,0.003248103107785,1.0,1.12,1.12,0.0001039392994491,9.28029459367158e-05,1.0,3.48,3.48,0.0003229542518597,9.28029459367158e-05,87.0,408.12,4.691034482758621,0.0378747382956924,0.0080738562964942,1.0,3.64,3.64,0.0003378027232096,9.28029459367158e-05,56.0,533.8,9.532142857142857,0.0495382125410188,0.005196964972456,154.0,528.0,3.4285714285714284,0.0489999554545859,0.0142916536742542,76.0,360.24,4.74,0.0334313332442425,0.0070530238911904,,,,,,,,,,,,,,,117.64184003967092,10769.0,0.0109241192348101,0.0013382582247561,2.236368368888687,0.0104753081598731,0.9993949247924926,617.0,250.0,140.0,0.4051863857374392,0.2269043760129659,10378.0,13493.0,2426.0,1790.0,594.0,3050.0,383.0,524.0,9784.0,10443.0,2043.0,1266.0,0.0572364617460011,0.9427635382539988,0.2260431334766175,0.7739568665233825,0.1578730420445177,0.8421269579554823,0.2927374301675978,0.7072625698324022,baseline,male_P35,male,P35,1073129,CTRL,MDMA,CTRL_MDMA
2,inactive,8,green,12,9-12,19.0,166.28,8.75157894736842,113.44,10686.56,17.0,6.672941176470588,0.0155597311014957,0.001777934152805,12.0,68.48,5.706666666666667,0.0064080489886361,0.0011229057807189,3.0,23.6,7.866666666666667,0.0022083813687472,0.0002807264451797,41.0,10395.32,253.54439024390243,0.9727470767019508,0.0038365947507897,2.0,3.64,1.82,0.0003406147534847,0.0001871509634531,2.0,9.8,4.9,0.0009170397209204,0.0001871509634531,79.0,1246.68,15.780759493670889,0.1166586815588926,0.0073924630563998,2.0,3.4,1.7,0.0003181566378703,0.0001871509634531,94.0,1143.48,12.16468085106383,0.1070016918447096,0.0087960952822985,143.0,532.84,3.7261538461538466,0.0498607596831908,0.0133812938869009,69.0,218.92,3.1727536231884055,0.0204855444595828,0.006456708239134,,,,,,,,,,,,,,,117.5754189791448,10673.0,0.0110161546874491,0.0029922983055421,2.2855149269958086,0.0100399651381607,0.9987311164677876,2853.0,1161.3333333333333,353.0,0.4070568991704638,0.1237294076410795,31493.0,28768.0,2317.0,4176.0,435.0,7498.0,0.0,0.0,31058.0,21270.0,2317.0,4176.0,0.0138125932746959,0.986187406725304,0.2606368186874305,0.7393631813125695,0.0,1.0,0.0,1.0,baseline,male_P35,male,P35,1073129,CTRL,MDMA,CTRL_MDMA
2,inactive,8,red,3,0-3,49.0,1511.8,30.853061224489796,6190.32,4609.68,80.0,77.37899999999999,0.3279620277329446,0.0106298051057774,5.0,10.56,2.112,0.002290831467694,0.0010846739903854,2.0,9.72,4.86,0.0021086062373093,0.0004338695961541,80.0,8472.8,105.91,1.8380451571475676,0.0173547838461671,,,,,,3.0,11.76,3.92,0.0025511532253865,0.0006508043942312,28.0,1057.44,37.76571428571429,0.2293955328786379,0.0060741743461585,4.0,76.04,19.01,0.0164957220457819,0.0008677391923083,12.0,70.48,5.873333333333334,0.0152895645684733,0.002603217576925,46.0,182.6,3.969565217391304,0.0396122941288766,0.0099790007115461,17.0,48.16,2.832941176470588,0.0104475798753926,0.0036878915673105,5.0,5.0,1.0,0.0,0.0,0.0,0.0010846739903854,0.0010846739903854,0.0,0.0,1.0,0.0,1.0,0.0,107.54516662967372,4536.0,0.0237092519024853,0.0045201462086051,2.0980032233139165,0.0210292979344575,0.98401624407768,154838.0,28923.66666666666,86317.0,0.1867995367200988,0.5574665133881863,26761.0,3679.0,514.0,37844.0,64.0,0.0,0.0,19461.0,26697.0,3679.0,514.0,18383.0,0.0023915399275064,0.9976084600724936,0.0,1.0,0.0,1.0,0.5142426804777508,0.4857573195222492,baseline,male_P35,male,P35,1073139,CTRL,MDMA,CTRL_MDMA
2,inactive,8,red,6,3-6,7.0,71.48,10.211428571428572,9602.64,1197.3600000000006,17.0,564.8611764705882,0.0596980022716643,0.0058461949622502,1.0,5.64,5.64,0.0047103627981559,0.0008351707088928,,,,,,23.0,10620.88,461.7773913043478,8.870247878666394,0.0192089263045366,,,,,,1.0,1.84,1.84,0.0015367141043629,0.0008351707088928,18.0,618.6,34.36666666666667,0.5166366005211462,0.0150330727600721,1.0,37.4,37.4,0.0312353845125943,0.0008351707088928,1.0,1.92,1.92,0.0016035277610743,0.0008351707088928,26.0,89.48,3.4415384615384617,0.0747310750317364,0.0217144384312153,6.0,13.32,2.22,0.0111244738424533,0.0050110242533573,,,,,,,,,,,,,,,20.24499985055674,1180.0,0.0171567795343701,0.0026801267195144,2.171797444139002,0.0146796990361407,0.9855014364936188,240083.0,77760.99999999999,33119.0,0.3238921539634209,0.1379481262729972,15530.0,985.0,142.0,1794.0,0.0,49.0,0.0,0.0,15530.0,936.0,142.0,1794.0,0.0,1.0,0.049746192893401,0.950253807106599,0.0,1.0,0.0,1.0,baseline,male_P35,male,P35,1073139,CTRL,MDMA,CTRL_MDMA
2,inactive,8,red,9,6-9,1.0,6.12,6.12,10527.6,272.39999999999964,5.0,2105.52,0.0224669603524229,0.0036710719530102,,,,,,,,,,,6.0,10790.92,1798.486666666667,39.61424375917773,0.0220264317180617,,,,,,,,,,,4.0,226.52,56.63,0.8315712187958896,0.0146842878120411,,,,,,,,,,,,,,,,1.0,2.48,2.48,0.0091042584434655,0.0036710719530102,,,,,,,,,,,,,,,2.414948410644968,265.0,0.0091130128703583,0.0028032258677687,2.2203281183858703,0.0064326156003636,0.9728340675477252,263195.0,87184.33333333331,52298.0,0.3312537598865226,0.1987043826820418,5667.0,0.0,0.0,154.0,0.0,0.0,0.0,0.0,5667.0,0.0,0.0,154.0,0.0,1.0,0.0,0.0,0.0,0.0,0.0,1.0,baseline,male_P35,male,P35,1073139,CTRL,MDMA,CTRL_MDMA
2,inactive,8,red,12,9-12,8.0,392.4,49.05,8642.72,2157.2800000000007,19.0,454.87999999999994,0.1818957205369724,0.0037083735073796,1.0,4.76,4.76,0.0022064822368908,0.0004635466884224,1.0,2.84,2.84,0.0013164725951197,0.0004635466884224,19.0,10336.6,544.0315789473684,4.791496699547577,0.0088073870800266,,,,,,,,,,,22.0,932.44,42.38363636363636,0.4322294741526366,0.010198027145294,7.0,108.04,15.434285714285716,0.0500815842171623,0.0032448268189572,8.0,57.04,7.13,0.0264407031076169,0.0037083735073796,31.0,133.64,4.3109677419354835,0.0619483794407772,0.0143699473410961,5.0,14.2,2.84,0.0065823629755989,0.0023177334421122,2.2,2.0,1.1,0.0,0.0,0.0,0.0010198027145294,0.0009270933768449,0.0,0.0,1.0,0.0,1.0,0.0,34.40675443365582,2141.0,0.0160704130937206,0.0031301324669141,2.205133304495559,0.0138747773741377,0.992453459912482,216087.0,68309.33333333333,51349.0,0.3161195876352271,0.2376311393096299,23333.0,4142.0,192.0,9818.0,0.0,648.0,0.0,0.0,23333.0,3494.0,192.0,9818.0,0.0,1.0,0.1564461612747465,0.8435538387252535,0.0,1.0,0.0,1.0,baseline,male_P35,male,P35,1073139,CTRL,MDMA,CTRL_MDMA
2,inactive,8,yellow,3,0-3,69.0,388.2,5.626086956521739,5488.8,5311.2,260.0,21.110769230769233,0.0730908269317668,0.0129914143696339,4.0,28.44,7.11,0.0053547220967013,0.0007531254707034,4.0,16.72,4.18,0.0031480644675402,0.0007531254707034,48.0,10577.24,220.35916666666665,1.9914972134357585,0.009037505648441,1.0,1.88,1.88,0.0003539689712306,0.0001882813676758,,,,,,151.0,567.32,3.757086092715232,0.1068157855098659,0.028430486519054,,,,,,50.0,464.0,9.28,0.0873625546015966,0.0094140683837927,29.0,102.64,3.5393103448275864,0.0193251995782497,0.0054601596625997,3.0,6.56,2.1866666666666665,0.0012351257719536,0.0005648441030275,,,,,,,,,,,,,,,129.0869543724436,5057.0,0.0255263900281676,0.0060544054961733,2.2312136450407176,0.0250081500051393,0.9521388763367976,137480.0,43028.99999999999,27337.0,0.3129837067209775,0.1988434681408205,14334.0,11650.0,1137.0,9774.0,1040.0,860.0,100.0,6130.0,13294.0,10790.0,1037.0,3644.0,0.072554764894656,0.927445235105344,0.0738197424892703,0.9261802575107296,0.0879507475813544,0.9120492524186457,0.6271741354614283,0.3728258645385717,baseline,male_P35,male,P35,1073094,ELA,MDMA,ELA_MDMA
2,inactive,8,yellow,6,3-6,5.0,24.52,4.904,6416.36,4383.64,234.0,27.42034188034188,0.0055935250157403,0.0011406046116925,,,,,,,,,,,12.0,10755.16,896.2633333333333,2.4534770190982833,0.0027374510680621,,,,,,1.0,3.32,3.32,0.0007573614621638,0.0002281209223385,16.0,41.84,2.615,0.0095445793906433,0.0036499347574162,,,,,,7.0,36.28,5.182857142857143,0.0082762270624412,0.0015968464563695,10.0,53.12,5.311999999999999,0.0121177833946218,0.0022812092233851,6.0,17.04,2.84,0.0038871805166482,0.001368725534031,,,,,,,,,,,,,,,38.493001762560944,4168.0,0.0092353651061806,0.0018195041339743,2.053267089194745,0.0078962649069701,0.9508080043069228,160643.0,58330.333333333314,11634.0,0.3631053536931787,0.0724214562726044,1146.0,914.0,0.0,618.0,0.0,91.0,0.0,154.0,1146.0,823.0,0.0,464.0,0.0,1.0,0.099562363238512,0.9004376367614879,0.0,0.0,0.2491909385113268,0.7508090614886731,baseline,male_P35,male,P35,1073094,ELA,MDMA,ELA_MDMA
2,inactive,8,yellow,9,6-9,5.0,40.44,8.088,6502.4,4297.6,209.0,31.111961722488036,0.009409903201787,0.0011634400595681,5.0,60.56,12.112,0.0140915860014892,0.0011634400595681,,,,,,14.0,10753.24,768.0885714285714,2.5021500372300816,0.0032576321667907,,,,,,,,,,,62.0,194.76,3.141290322580645,0.0453183172002978,0.0144266567386448,,,,,,15.0,85.16,5.677333333333333,0.0198157110945644,0.0034903201787043,42.0,157.4,3.747619047619048,0.0366250930752047,0.0097728965003723,8.0,22.44,2.805,0.0052215189873417,0.001861504095309,,,,,,,,,,,,,,,44.28737740848818,4093.0,0.0108202730047613,0.0020038515054952,2.2538784874197746,0.0101785878336741,0.952392032762472,162769.0,69947.33333333331,3583.0,0.4297337535607721,0.0220127911334467,4931.0,2144.0,1519.0,1016.0,544.0,699.0,383.0,524.0,4387.0,1445.0,1136.0,492.0,0.1103224498073413,0.8896775501926587,0.3260261194029851,0.6739738805970149,0.2521395655036208,0.7478604344963792,0.515748031496063,0.484251968503937,baseline,male_P35,male,P35,1073094,ELA,MDMA,ELA_MDMA
2,inactive,8,yellow,12,9-12,,,,5166.48,5633.52,302.0,17.10754966887417,,,,,,,,,,,,,4.0,10799.96,2699.99,1.917089137874721,0.0007100356437893,,,,,,,,,,,68.0,210.44,3.094705882352941,0.037354975219756,0.0120706059444184,,,,,,58.0,489.8,8.444827586206896,0.086943864582002,0.0102955168349451,36.0,137.96,3.832222222222222,0.0244891293542935,0.0063903207941038,3.0,8.76,2.92,0.0015549780598986,0.0005325267328419,,,,,,,,,,,,,,,28.75114786900422,5350.0,0.0053740463306549,0.0014743799132086,2.183976661845023,0.00471171310779,0.949672673568213,129464.0,51137.33333333333,16263.0,0.3949926877999546,0.1256179323981956,5329.0,12303.0,0.0,0.0,806.0,4353.0,0.0,0.0,4523.0,7950.0,0.0,0.0,0.1512478889097391,0.8487521110902608,0.3538161424042916,0.6461838575957084,0.0,0.0,0.0,0.0,baseline,male_P35,male,P35,1073094,ELA,MDMA,ELA_MDMA
3,inactive,1,blue,3,0-3,65.0,508.28,7.819692307692307,3517.68,7282.32,96.0,36.6425,0.0697964384976216,0.0089257269661316,19.0,65.56,3.4505263157894737,0.0090026255369168,0.0026090586516384,25.0,81.48,3.2592000000000003,0.011188742049237,0.0034329719100506,153.0,8773.0,57.33986928104575,1.2046985026749717,0.0210097880895099,,,,,,61.0,802.92,13.16262295081967,0.1102560722407145,0.0083764514605235,31.0,344.84,11.123870967741937,0.0473530413384745,0.0042568851684627,23.0,140.56,6.111304347826087,0.0193015412670687,0.0031583341572465,9.0,13.32,1.48,0.0018290874336749,0.0012358698876182,126.0,553.8,4.395238095238095,0.0760471937514418,0.0173021784266552,20.0,49.48,2.474,0.0067945380043722,0.0027463775280405,4.6,5.0,0.92,0.0,0.0,0.0,0.0006316668314493,0.0006865943820101,0.0,0.0,1.0,0.0,1.0,0.0,209.75635321455024,7188.0,0.0291814626063648,0.0049007955505106,1.9621249674889516,0.0263833149952605,0.987048083577761,88038.0,76333.66666666666,182.0,0.867053620784964,0.0020672891251505,28786.0,3879.0,3720.0,12772.0,5051.0,0.0,80.0,55.0,23735.0,3879.0,3640.0,12717.0,0.1754672410199402,0.8245327589800597,0.0,1.0,0.021505376344086,0.978494623655914,0.004306295020357,0.9956937049796428,baseline,male_P35,male,P35,1072482,CTRL,MDMA,CTRL_MDMA
3,inactive,1,blue,6,3-6,6.0,159.88,26.646666666666665,4059.68,6740.32,25.0,162.3872,0.0237199420799012,0.0008901654520853,1.0,1.72,1.72,0.0002551807629311,0.0001483609086808,2.0,3.64,1.82,0.0005400337075984,0.0002967218173617,19.0,4447.12,234.05894736842103,0.6597787642129751,0.0028188572649369,,,,,,4.0,56.48,14.12,0.0083794241222968,0.0005934436347235,4.0,24.44,6.11,0.003625940608161,0.0005934436347235,3.0,15.0,5.0,0.0022254136302134,0.0004450827260426,1.0,8.52,8.52,0.0012640349419612,0.0001483609086808,6.0,36.52,6.086666666666667,0.0054181403850262,0.0008901654520853,3.0,7.92,2.64,0.0011750183967526,0.0004450827260426,2.2,2.0,1.1,0.0,0.0,0.0,0.0003263939990979,0.0002967218173617,0.0,0.0,1.0,0.0,1.0,0.0,22.7404453137392,661.0,0.0344030942719201,0.0062249421588045,1.9132807549588076,0.0266280532597152,0.0980665606380706,101517.0,82755.33333333334,186.0,0.815186947342153,0.0018322054434232,2031.0,592.0,137.0,4003.0,0.0,0.0,0.0,0.0,2031.0,592.0,137.0,4003.0,0.0,1.0,0.0,1.0,0.0,1.0,0.0,1.0,baseline,male_P35,male,P35,1072482,CTRL,MDMA,CTRL_MDMA
3,inactive,1,green,3,0-3,8.0,48.52,6.065,9758.36,1041.6399999999994,145.0,67.29903448275863,0.0465803924580469,0.0076801966130332,,,,,,4.0,18.4,4.6,0.0176644522099765,0.0038400983065166,14.0,10723.08,765.9342857142857,10.294420337160638,0.0134403440728082,,,,,,23.0,302.28,13.142608695652171,0.2901962290234631,0.0220805652624707,,,,,,,,,,,,,,,,6.0,14.24,2.3733333333333335,0.0136707499711992,0.0057601474597749,1.0,1.96,1.96,0.0018816481701931,0.0009600245766291,0.0,0.0,0.0,0.8,1.0,0.8,0.0,0.0,0.0007680196613033,0.0009600245766291,0.0,1.0,0.0,1.0,35.40794889831849,914.0,0.0387395502169786,0.0096615239095442,2.071074535053712,0.0350668953852867,0.8774624630390543,244104.0,167126.3333333333,4691.0,0.6846521701132849,0.019217218890309,7580.0,0.0,464.0,1221.0,4130.0,0.0,47.0,531.0,3450.0,0.0,417.0,690.0,0.5448548812664907,0.4551451187335092,0.0,0.0,0.1012931034482758,0.8987068965517241,0.4348894348894349,0.5651105651105651,baseline,male_P35,male,P35,1072240,ELA,MDMA,ELA_MDMA
3,inactive,1,green,6,3-6,18.0,172.4,9.577777777777778,3181.56,7618.44,24.0,132.565,0.0226293046870487,0.0023626884244018,5.0,52.96,10.592,0.0069515543864623,0.0006563023401116,3.0,20.48,6.826666666666667,0.0026882143850972,0.0003937814040669,33.0,4275.56,129.56242424242424,0.561212006657531,0.0043315954447367,,,,,,13.0,311.8,23.984615384615385,0.0409270139293608,0.0017063860842902,2.0,5.0,2.5,0.0006563023401116,0.0002625209360446,1.0,1.36,1.36,0.0001785142365103,0.0001312604680223,3.0,14.28,4.76,0.0018743994833587,0.0003937814040669,20.0,70.04,3.502,0.0091934831802836,0.0026252093604464,4.0,9.8,2.45,0.0012863525866187,0.0005250418720892,0.0,0.0,0.0,2.2,2.0,1.1,0.0,0.0,0.0002887730296491,0.0002625209360446,0.0,1.0,0.0,1.0,62.638199327472805,1540.0,0.0406741554074498,0.0062012091524475,2.1124840846956587,0.0385215310864064,0.2021411207543801,79563.0,73967.66666666666,0.0,0.9296741785335728,0.0,7935.0,395.0,1844.0,4328.0,0.0,0.0,90.0,405.0,7935.0,395.0,1754.0,3923.0,0.0,1.0,0.0,1.0,0.0488069414316702,0.9511930585683296,0.0935767097966728,0.9064232902033272,baseline,male_P35,male,P35,1072240,ELA,MDMA,ELA_MDMA
3,inactive,1,red,3,0-3,8.0,219.16,27.395,7865.08,2934.92,66.0,119.1678787878788,0.0746732449266078,0.0027257983181824,4.0,17.12,4.28,0.0058332084009104,0.0013628991590912,5.0,54.4,10.88,0.0185354285636405,0.001703623948864,44.0,10216.12,232.18454545454549,3.4808853392937458,0.0149918907500034,,,,,,6.0,196.52,32.75333333333334,0.0669592356861515,0.0020443487386368,18.0,546.84,30.380000000000003,0.1863219440393605,0.0061330462159104,5.0,75.88,15.175999999999998,0.0258541970479604,0.001703623948864,4.0,31.6,7.9,0.0107669033568206,0.0013628991590912,51.0,211.28,4.1427450980392155,0.0719883335831981,0.017376964278413,13.0,33.36,2.566153846153846,0.0113665789868207,0.0044294222670464,0.0,0.0,0.0,1.6,2.0,0.8,0.0,0.0,0.0005451596636364,0.0006814495795456,0.0,1.0,0.0,1.0,59.46801162194659,2859.0,0.0208002838831572,0.0038449566690876,2.0394154209790063,0.0183346113708238,0.9741321739604486,196693.0,140561.66666666666,7326.0,0.7146246519533824,0.0372458603000615,18608.0,2696.0,1797.0,5487.0,6329.0,0.0,32.0,16.0,12279.0,2696.0,1765.0,5471.0,0.3401225279449699,0.6598774720550301,0.0,1.0,0.0178074568725653,0.9821925431274346,0.0029159832330964,0.9970840167669036,baseline,male_P35,male,P35,1072442,CTRL,MDMA,CTRL_MDMA
3,inactive,1,red,6,3-6,,,,4735.96,6064.04,3.0,1578.6533333333334,,,,,,,,,,,,,3.0,4739.0,1579.6666666666667,0.7814922065157882,0.0004947196918226,,,,,,,,,,,,,,,,,,,,,,,,,,,,,,,,,,,,,,,,,,,,,,,,,,0.3648606277146188,6.0,0.0608101046191031,0.0357564024160245,0.8123983268246557,0.0525546131245221,0.0009894393836452,118402.0,93864.33333333331,165.0,0.792759694374532,0.0013935575412577,,,,,,,,,,,,,,,,,,,,,baseline,male_P35,male,P35,1072442,CTRL,MDMA,CTRL_MDMA
3,inactive,1,yellow,3,0-3,8.0,64.96,8.12,9720.36,1079.6399999999994,84.0,115.71857142857144,0.0601682042162202,0.0074098773665295,,,,,,1.0,1.24,1.24,0.001148530991812,0.0009262346708161,20.0,10680.8,534.04,9.892927272053653,0.0185246934163239,,,,,,26.0,118.68,4.564615384615385,0.1099255307324664,0.0240821014412211,,,,,,8.0,35.4,4.425,0.0327887073468934,0.0074098773665295,1.0,1.76,1.76,0.0016301730206365,0.0009262346708161,9.0,24.2,2.6888888888888887,0.022414879033752,0.0083361120373457,,,,,,0.0,0.0,0.0,2.2,2.0,1.1,0.0,0.0,0.0020377162757956,0.0018524693416323,0.0,1.0,0.0,1.0,37.69738246604833,999.0,0.0377351175836319,0.011797340390954,2.1032602905828215,0.0314623035392449,0.9253084361453824,243093.0,166569.66666666663,3850.0,0.685209638560825,0.0158375601107395,2993.0,938.0,32.0,1632.0,1520.0,0.0,1.0,492.0,1473.0,938.0,31.0,1140.0,0.5078516538590043,0.4921483461409957,0.0,1.0,0.03125,0.96875,0.3014705882352941,0.6985294117647058,baseline,male_P35,male,P35,1072421,ELA,MDMA,ELA_MDMA
3,inactive,1,yellow,6,3-6,14.0,61.04,4.36,4026.72,6773.280000000001,31.0,129.89419354838708,0.0090118819833227,0.0020669454090189,4.0,19.72,4.93,0.002911440247561,0.0005905558311482,,,,,,16.0,4684.2,292.7625,0.6915704060661894,0.0023622233245931,,,,,,13.0,164.0,12.615384615384617,0.0242127890770793,0.0019193064512318,3.0,19.0,6.333333333333333,0.0028051401979543,0.0004429168733612,3.0,12.04,4.013333333333333,0.0017775730517563,0.0004429168733612,1.0,3.88,3.88,0.0005728391562138,0.000147638957787,3.0,9.48,3.16,0.0013996173198214,0.0004429168733612,1.0,2.08,2.08,0.0003070890321971,0.000147638957787,,,,,,,,,,,,,,,37.39544341203022,691.0,0.0541178631143707,0.0149549417493334,2.130146688843606,0.0483924552786913,0.1020185198308648,100699.0,87898.0,0.0,0.8728785787346448,0.0,4591.0,402.0,497.0,1540.0,0.0,0.0,90.0,405.0,4591.0,402.0,407.0,1135.0,0.0,1.0,0.0,1.0,0.1810865191146881,0.8189134808853119,0.262987012987013,0.737012987012987,baseline,male_P35,male,P35,1072421,ELA,MDMA,ELA_MDMA
3,inactive,2,blue,3,0-3,20.0,435.72,21.786,5860.88,4939.12,78.0,75.13948717948718,0.0882181441228397,0.0040493043295161,8.0,43.4,5.425,0.0087869903950501,0.0016197217318064,1.0,4.52,4.52,0.0009151427784706,0.0002024652164758,62.0,9659.44,155.79741935483872,1.955700610635093,0.0125528434215001,,,,,,6.0,21.36,3.56,0.0043246570239232,0.0012147912988548,82.0,505.52,6.164878048780488,0.1023502162328511,0.0166021477510163,7.0,46.84,6.691428571428572,0.0094834707397269,0.0014172565153306,8.0,85.52,10.69,0.0173148253130112,0.0016197217318064,66.0,288.92,4.377575757575758,0.0584962503441908,0.0133627042874034,17.0,47.16,2.7741176470588234,0.0095482596089991,0.0034419086800887,4.4,5.0,0.8800000000000001,8.4,8.0,1.05,0.0008908469524935,0.001012326082379,0.0017007078183967,0.0016197217318064,0.34375,0.65625,0.3846153846153846,0.6153846153846154,86.25063569107256,4865.0,0.0177288048696963,0.0037895726071079,2.077989940842484,0.0160296825206717,0.9849932781548132,146600.0,137425.6666666667,916.0,0.9374192814915872,0.0062482946793997,13260.0,3324.0,1207.0,10913.0,1289.0,233.0,0.0,582.0,11971.0,3091.0,1207.0,10331.0,0.097209653092006,0.902790346907994,0.0700962695547533,0.9299037304452468,0.0,1.0,0.053330889764501,0.9466691102354988,baseline,male_P35,male,P35,1072265,ELA,MDMA,ELA_MDMA
3,inactive,2,blue,6,3-6,,,,3421.32,7378.68,2.0,1710.66,,,,,,,,,,,,,3.0,3440.6,1146.8666666666666,0.4662893634091734,0.0004065767860918,,,,,,,,,,,,,,,,,,,,,,,,,,,,,,,,,,,,,,,,,,,,,,,,,,1.3302640342381118,25.0,0.0532105613695244,0.0335624005369558,1.4698046825519546,0.0556373852377939,0.0033881398840985,85535.0,84032.66666666667,0.0,0.9824360398277509,0.0,,,,,,,,,,,,,,,,,,,,,baseline,male_P35,male,P35,1072265,ELA,MDMA,ELA_MDMA
3,inactive,2,green,3,0-3,24.0,151.76,6.323333333333333,7298.64,3501.3599999999997,106.0,68.85509433962264,0.0433431580871432,0.0068544794022893,1.0,3.52,3.52,0.0010053236456691,0.0002856033084287,5.0,16.24,3.248,0.0046381977288824,0.0014280165421436,60.0,10152.64,169.21066666666667,2.8996275732858092,0.0171361985057234,,,,,,19.0,553.6,29.13684210526316,0.158109991546142,0.0054264628601457,40.0,365.04,9.126,0.1042566317088217,0.0114241323371489,11.0,81.28,7.38909090909091,0.0232138369090867,0.0031416363927159,6.0,90.2,15.033333333333331,0.0257614184202709,0.0017136198505723,59.0,238.44,4.041355932203389,0.0680992528617451,0.0168505951972947,5.0,13.16,2.632,0.003758539538922,0.0014280165421436,8.4,8.0,1.05,4.4,5.0,0.8800000000000001,0.0023990677908012,0.0022848264674297,0.0012566545570863,0.0014280165421436,0.65625,0.34375,0.6153846153846154,0.3846153846153846,94.3521944997801,3411.0,0.02766115347399,0.0038753458431395,2.015700090190202,0.0253665461891501,0.9741928850503804,182572.0,160910.66666666666,1391.0,0.881354570616889,0.0076189119908857,23025.0,4304.0,500.0,3818.0,166.0,403.0,0.0,423.0,22859.0,3901.0,500.0,3395.0,0.0072095548317046,0.9927904451682952,0.0936338289962825,0.9063661710037176,0.0,1.0,0.1107909900471451,0.8892090099528549,baseline,male_P35,male,P35,1072254,ELA,MDMA,ELA_MDMA
3,inactive,2,green,6,3-6,1.0,2.36,2.36,3289.0,7511.0,14.0,234.92857142857144,0.0003142058314472,0.0001331380641725,1.0,5.84,5.84,0.0007775262947676,0.0001331380641725,,,,,,4.0,3430.92,857.73,0.4567860471308747,0.0005325522566901,,,,,,,,,,,,,,,,1.0,12.6,12.6,0.001677539608574,0.0001331380641725,,,,,,1.0,3.56,3.56,0.0004739715084542,0.0001331380641725,1.0,3.8,3.8,0.0005059246438556,0.0001331380641725,,,,,,,,,,,,,,,5.239868927450964,146.0,0.0358895132017189,0.0096815277172702,1.8528501449702703,0.0302564596573107,0.0194381573691918,82239.0,81910.66666666666,0.0,0.9960075714279922,0.0,0.0,316.0,147.0,60.0,0.0,0.0,0.0,0.0,0.0,316.0,147.0,60.0,0.0,0.0,0.0,1.0,0.0,1.0,0.0,1.0,baseline,male_P35,male,P35,1072254,ELA,MDMA,ELA_MDMA
3,inactive,2,red,3,0-3,6.0,13.6,2.2666666666666666,10366.0,434.0,24.0,431.9166666666667,0.0313364055299539,0.0138248847926267,1.0,3.6,3.6,0.008294930875576,0.0023041474654377,2.0,10.8,5.4,0.0248847926267281,0.0046082949308755,15.0,10738.72,715.9146666666667,24.74359447004608,0.0345622119815668,,,,,,7.0,82.08,11.725714285714286,0.1891244239631336,0.0161290322580645,2.0,6.12,3.06,0.0141013824884792,0.0046082949308755,1.0,1.24,1.24,0.0028571428571428,0.0023041474654377,,,,,,8.0,32.84,4.105,0.0756682027649769,0.0184331797235023,,,,,,,,,,,,,,,,,,,,13.511765758450045,410.0,0.032955526240122,0.0080072534714593,1.9462443723987524,0.0306437679512818,0.9447004608294932,259174.0,188949.99999999997,11233.0,0.7290468951360861,0.0433415388889317,2214.0,32.0,363.0,346.0,1093.0,0.0,0.0,26.0,1121.0,32.0,363.0,320.0,0.493676603432701,0.506323396567299,0.0,1.0,0.0,1.0,0.0751445086705202,0.9248554913294798,baseline,male_P35,male,P35,1072440,CTRL,MDMA,CTRL_MDMA
3,inactive,2,red,6,3-6,,,,3449.16,7350.84,1.0,3449.16,,,,,,,,,,,,,1.0,3449.16,3449.16,0.4692198442626965,0.0001360388744687,,,,,,,,,,,,,,,,,,,,,,,,,,,,,,,,,,,,,,,,,,,,,,,,,,,,,,,,,86230.0,84496.0,0.0,0.9798909892148904,0.0,,,,,,,,,,,,,,,,,,,,,baseline,male_P35,male,P35,1072440,CTRL,MDMA,CTRL_MDMA
3,inactive,2,yellow,3,0-3,5.0,23.36,4.672,10100.52,699.4799999999996,113.0,89.38513274336283,0.0333962372047807,0.0071481672099273,1.0,1.32,1.32,0.0018871161434208,0.0014296334419854,,,,,,16.0,10730.16,670.635,15.340195573854873,0.0228741350717676,,,,,,2.0,8.72,4.36,0.0124664036141133,0.0028592668839709,1.0,2.04,2.04,0.0029164522216503,0.0014296334419854,1.0,8.2,8.2,0.0117229942242809,0.0014296334419854,1.0,2.76,2.76,0.0039457882998799,0.0014296334419854,7.0,25.12,3.5885714285714285,0.0359123920626751,0.0100074340938983,,,,,,,,,,,,,,,,,,,,25.66740207752763,596.0,0.0430661108683349,0.0122844504920439,1.8824854221570315,0.0364894976750767,0.8520615314233436,252626.0,189388.3333333333,3858.0,0.7496787081825834,0.0152715872475517,272.0,276.0,34.0,589.0,30.0,170.0,0.0,319.0,242.0,106.0,34.0,270.0,0.1102941176470588,0.8897058823529411,0.6159420289855072,0.3840579710144927,0.0,1.0,0.5415959252971138,0.4584040747028862,baseline,male_P35,male,P35,1072468,CTRL,MDMA,CTRL_MDMA
3,inactive,2,yellow,6,3-6,,,,3428.32,7371.68,6.0,571.3866666666667,,,,,,,,,,,,,1.0,3449.16,3449.16,0.4678933431727909,0.0001356542877607,,,,,,,,,,,,,,,,1.0,7.6,7.6,0.0010309725869815,0.0001356542877607,,,,,,1.0,4.72,4.72,0.0006402882382306,0.0001356542877607,,,,,,,,,,,,,,,,,,,,0.5639517861485813,15.0,0.0375967857432387,0.0041126114632112,1.9234392128700015,0.0282914150424786,0.0020348143164109,85714.0,84227.33333333333,0.0,0.982655497740548,0.0,0.0,191.0,0.0,0.0,0.0,0.0,0.0,0.0,0.0,191.0,0.0,0.0,0.0,0.0,0.0,1.0,0.0,0.0,0.0,0.0,baseline,male_P35,male,P35,1072468,CTRL,MDMA,CTRL_MDMA
3,inactive,3,blue,3,0-3,65.0,479.08,7.370461538461538,2668.04,8131.96,67.0,39.82149253731343,0.0589132263316592,0.0079931529422181,34.0,136.76,4.022352941176471,0.0168175937904269,0.0041810338466987,30.0,89.56,2.9853333333333336,0.0110133350385392,0.0036891475117929,144.0,8846.16,61.431666666666665,1.087826305097418,0.0177079080566062,5.0,8.52,1.704,0.0010477178933492,0.0006148579186321,95.0,1844.56,19.416421052631577,0.2268284644784283,0.011682300454011,26.0,252.32,9.704615384615384,0.0310281900058534,0.0031972611768872,9.0,47.0,5.222222222222222,0.0057796644351423,0.0011067442535378,29.0,137.68,4.7475862068965515,0.0169307276474552,0.0035661759280665,137.0,610.2,4.454014598540146,0.0750372603898691,0.0168471069705212,37.0,94.6,2.5567567567567564,0.0116331118205205,0.004549948597878,5.2,5.0,1.04,0.0,0.0,0.0,0.0006394522353774,0.0006148579186321,0.0,0.0,1.0,0.0,1.0,0.0,254.86305329863364,8060.0,0.0316207262157113,0.0053965822432228,2.039112433469543,0.0281790858196188,0.991150964835046,66768.0,53654.66666666667,244.0,0.8035985302340444,0.0036544452432302,52543.0,4655.0,5722.0,12042.0,514.0,0.0,0.0,0.0,52029.0,4655.0,5722.0,12042.0,0.0097824638867213,0.9902175361132788,0.0,1.0,0.0,1.0,0.0,1.0,baseline,male_P35,male,P35,1072479,CTRL,saline,CTRL_saline
3,inactive,3,blue,6,3-6,1.0,2.24,2.24,627.84,10172.16,13.0,48.29538461538462,0.0002202088838555,9.830753743551026e-05,2.0,2.76,1.38,0.000271328803322,0.000196615074871,,,,,,17.0,859.48,50.557647058823534,0.0844933622750723,0.0016712281364036,,,,,,,,,,,2.0,7.36,3.68,0.0007235434755253,0.000196615074871,,,,,,2.0,4.52,2.26,0.0004443500692085,0.000196615074871,2.0,4.84,2.42,0.0004758084811878,0.000196615074871,,,,,,1.0,1.0,1.0,0.0,0.0,0.0,9.830753743551026e-05,9.830753743551026e-05,0.0,0.0,1.0,0.0,1.0,0.0,13.9835015789447,304.0,0.0459983604570549,0.0220062586923708,1.7930704187939874,0.0367680173232629,0.0298854913803951,15709.0,13998.333333333332,0.0,0.8911027648693954,0.0,186.0,115.0,71.0,57.0,0.0,0.0,0.0,0.0,186.0,115.0,71.0,57.0,0.0,1.0,0.0,1.0,0.0,1.0,0.0,1.0,baseline,male_P35,male,P35,1072479,CTRL,saline,CTRL_saline
3,inactive,3,green,3,0-3,9.0,67.52,7.502222222222222,9530.08,1269.92,148.0,64.39243243243243,0.0531687035403804,0.0070870606022426,5.0,36.76,7.351999999999999,0.0289467053042711,0.0039372558901348,9.0,56.28,6.253333333333334,0.0443177522993574,0.0070870606022426,28.0,10524.56,375.8771428571428,8.287577170215446,0.0220486329847549,,,,,,28.0,118.32,4.225714285714285,0.0931712233841501,0.0220486329847549,2.0,6.72,3.36,0.0052916719163411,0.0015749023560539,2.0,25.04,12.52,0.0197177774977951,0.0015749023560539,3.0,10.16,3.3866666666666667,0.0080005039687539,0.0023623535340808,8.0,39.52,4.94,0.0311200705556255,0.0062996094242156,1.0,2.04,2.04,0.001606400403175,0.0007874511780269,0.0,0.0,0.0,2.0,2.0,1.0,0.0,0.0,0.0015749023560539,0.0015749023560539,0.0,1.0,0.0,1.0,45.73414361027872,1141.0,0.040082509737317,0.0143114849488679,1.8840652672127656,0.0361582317766132,0.8984817941287639,238400.0,168030.66666666663,340.0,0.7048266219239372,0.0014261744966442,3156.0,885.0,2340.0,1697.0,322.0,0.0,0.0,0.0,2834.0,885.0,2340.0,1697.0,0.1020278833967046,0.8979721166032953,0.0,1.0,0.0,1.0,0.0,1.0,baseline,male_P35,male,P35,1072415,ELA,saline,ELA_saline
3,inactive,3,green,6,3-6,,,,877.8,9922.2,21.0,41.8,,,,,,,,,,,,,1.0,942.76,942.76,0.0950152183991453,0.0001007841003003,,,,,,4.0,16.44,4.11,0.0016568906089375,0.0004031364012013,,,,,,,,,,,,,,,,1.0,5.84,5.84,0.0005885791457539,0.0001007841003003,,,,,,,,,,,,,,,,,,,,1.434963034594006,49.0,0.0292849598896735,0.0126493759526737,1.7994713700346885,0.0221202085651842,0.0049384209147164,21966.0,18111.0,0.0,0.82450150232177,0.0,415.0,0.0,0.0,0.0,0.0,0.0,0.0,0.0,415.0,0.0,0.0,0.0,0.0,1.0,0.0,0.0,0.0,0.0,0.0,0.0,baseline,male_P35,male,P35,1072415,ELA,saline,ELA_saline
3,inactive,3,red,3,0-3,2.0,10.6,5.3,10474.92,325.0799999999999,24.0,436.455,0.0326073581887535,0.006152331733727,2.0,16.6,8.3,0.0510643533899348,0.006152331733727,2.0,8.24,4.12,0.0253476067429555,0.006152331733727,8.0,10761.4,1345.175,33.10385135966532,0.0246093269349083,,,,,,9.0,75.2,8.355555555555556,0.2313276731881383,0.0276854928017718,2.0,14.72,7.36,0.0452811615602313,0.006152331733727,2.0,24.92,12.46,0.0766580534022394,0.006152331733727,1.0,2.6,2.6,0.0079980312538452,0.0030761658668635,6.0,27.6,4.6000000000000005,0.0849021779254337,0.0184569952011812,2.0,4.28,2.14,0.0131659899101759,0.006152331733727,0.0,0.0,0.0,0.8,1.0,0.8,0.0,0.0,0.0024609326934908,0.0030761658668635,0.0,1.0,0.0,1.0,11.831821051179952,297.0,0.0398377813171042,0.0074328989961946,1.74642689026456,0.0329706603824217,0.913621262458472,261897.0,176793.99999999994,3457.0,0.6750516424395848,0.0131998457408828,2259.0,691.0,625.0,267.0,212.0,0.0,0.0,0.0,2047.0,691.0,625.0,267.0,0.0938468348826914,0.9061531651173086,0.0,1.0,0.0,1.0,0.0,1.0,baseline,male_P35,male,P35,1072441,CTRL,saline,CTRL_saline
3,inactive,3,red,6,3-6,,,,903.52,9896.48,2.0,451.76,,,,,,,,,,,,,1.0,942.76,942.76,0.0952621538163064,0.0001010460284868,,,,,,,,,,,1.0,14.76,14.76,0.0014914393804665,0.0001010460284868,,,,,,1.0,11.84,11.84,0.0011963849772848,0.0001010460284868,1.0,7.0,7.0,0.0007073221994082,0.0001010460284868,,,,,,,,,,,,,,,,,,,,1.5366902150347914,37.0,0.0415321679739132,0.0032402814471108,2.336563103971436,0.0620259189904515,0.0037387030540151,22590.0,18330.333333333332,256.0,0.8114357385273719,0.0113324479858344,370.0,297.0,0.0,0.0,0.0,0.0,0.0,0.0,370.0,297.0,0.0,0.0,0.0,1.0,0.0,1.0,0.0,0.0,0.0,0.0,baseline,male_P35,male,P35,1072441,CTRL,saline,CTRL_saline
3,inactive,3,yellow,3,0-3,,,,9651.16,1148.84,62.0,155.66387096774193,,,,,,,,,,,,,12.0,10759.84,896.6533333333333,9.36582988057519,0.0104453187563107,,,,,,31.0,219.92,7.094193548387096,0.1914278750739876,0.0269837401204693,,,,,,2.0,29.96,14.98,0.026078479161589,0.0017408864593851,1.0,2.2,2.2,0.0019149751053236,0.0008704432296925,12.0,40.64,3.3866666666666667,0.0353748128547056,0.0104453187563107,,,,,,0.0,0.0,0.0,2.4,2.0,1.2,0.0,0.0,0.0020890637512621,0.0017408864593851,0.0,1.0,0.0,1.0,25.564184616650618,1100.0,0.0232401678333187,0.004443455064738,2.135943897662229,0.0210179566171924,0.9574875526618156,241341.0,167311.3333333333,264.0,0.6932569821676935,0.0010938879013512,5529.0,807.0,0.0,0.0,20.0,0.0,0.0,0.0,5509.0,807.0,0.0,0.0,0.0036172906493036,0.9963827093506964,0.0,1.0,0.0,0.0,0.0,0.0,baseline,male_P35,male,P35,1072239,ELA,saline,ELA_saline
3,inactive,3,yellow,6,3-6,,,,770.72,10029.28,8.0,96.34,,,,,,,,,,,,,1.0,942.76,942.76,0.0940007657578609,9.97080548155002e-05,,,,,,8.0,110.88,13.86,0.0110556291179426,0.000797664438524,,,,,,,,,,,,,,,,1.0,2.8,2.8,0.0002791825534834,9.97080548155002e-05,,,,,,0.0,0.0,0.0,1.0,1.0,1.0,0.0,0.0,9.97080548155002e-05,9.97080548155002e-05,0.0,1.0,0.0,1.0,2.1465303751711624,162.0,0.0132501875010565,0.0019083549884905,2.1641873273137535,0.0091530987112681,0.016152704880111,19276.0,16348.333333333332,0.0,0.8481185584837794,0.0,2780.0,0.0,0.0,0.0,0.0,0.0,0.0,0.0,2780.0,0.0,0.0,0.0,0.0,1.0,0.0,0.0,0.0,0.0,0.0,0.0,baseline,male_P35,male,P35,1072239,ELA,saline,ELA_saline
3,inactive,4,blue,3,0-3,5.0,126.32,25.264,7652.76,3147.24,93.0,82.28774193548388,0.040136754743839,0.0015886935854907,2.0,5.56,2.78,0.0017666272670657,0.0006354774341963,1.0,1.72,1.72,0.0005465105934088,0.0003177387170981,24.0,9700.36,404.1816666666667,3.0821799417902676,0.0076257292103557,,,,,,,,,,,23.0,749.92,32.60521739130434,0.238278618726249,0.0073079904932575,9.0,92.24,10.248888888888889,0.0293082192651338,0.0028596484538834,5.0,68.24,13.648,0.0216824900547781,0.0015886935854907,30.0,104.96,3.4986666666666664,0.0333498557466224,0.0095321615129446,10.0,24.56,2.456,0.0078036628919307,0.0031773871709815,16.0,12.0,1.3333333333333333,0.0,0.0,0.0,0.0050838194735704,0.0038128646051778,0.0,0.0,1.0,0.0,1.0,0.0,57.03686334829104,2186.0,0.0260918862526491,0.0030684738092032,2.1440199747546993,0.0232750845448427,0.6945768355765687,191412.0,154305.3333333333,19214.0,0.8061424222793415,0.1003803314316761,18771.0,4026.0,185.0,3163.0,88.0,30.0,47.0,295.0,18683.0,3996.0,138.0,2868.0,0.0046880826807309,0.995311917319269,0.007451564828614,0.992548435171386,0.254054054054054,0.745945945945946,0.0932658868163136,0.9067341131836864,baseline,male_P35,male,P35,1072480,CTRL,saline,CTRL_saline
3,inactive,4,blue,6,3-6,,,,4683.28,6116.72,5.0,936.656,,,,,,,,,,,,,3.0,4729.76,1576.5866666666668,0.773251023424319,0.0004904589387776,,,,,,,,,,,3.0,4.56,1.5199999999999998,0.000745497586942,0.0004904589387776,1.0,1.04,1.04,0.0001700257654429,0.0001634863129258,,,,,,1.0,4.36,4.36,0.0007128003243568,0.0001634863129258,,,,,,,,,,,,,,,,,,,,1.8882053975743032,44.0,0.0429137590357796,0.0033955951800764,1.632131983427886,0.049877804012723,0.0071933977687388,117087.0,107651.0,38.0,0.919410352985387,0.0003245449964556,117.0,27.0,0.0,0.0,0.0,0.0,0.0,0.0,117.0,27.0,0.0,0.0,0.0,1.0,0.0,1.0,0.0,0.0,0.0,0.0,baseline,male_P35,male,P35,1072480,CTRL,saline,CTRL_saline
3,inactive,4,green,3,0-3,31.0,505.36,16.301935483870967,6391.64,4408.36,81.0,78.90913580246914,0.1146367356567975,0.0070320935676759,7.0,25.0,3.5714285714285716,0.0056710431997386,0.0015878920959268,8.0,22.12,2.765,0.0050177390231287,0.0018147338239163,64.0,9098.72,142.1675,2.063969367293052,0.014517870591331,1.0,2.28,2.28,0.0005171991398161,0.0002268417279895,3.0,5.08,1.6933333333333334,0.0011523559781868,0.0006805251839686,60.0,867.16,14.452666666666666,0.1967080728434157,0.0136105036793728,6.0,91.72,15.286666666666669,0.0208059232912012,0.0013610503679372,6.0,41.56,6.926666666666667,0.0094275422152455,0.0013610503679372,62.0,231.68,3.736774193548387,0.0525546915406182,0.0140641871353519,9.0,23.0,2.5555555555555554,0.0052173597437595,0.0020415755519059,2.6,2.0,1.3,13.0,9.0,1.4444444444444444,0.0005897884927728,0.000453683455979,0.0029489424638641,0.0020415755519059,0.1666666666666666,0.8333333333333334,0.1818181818181818,0.8181818181818182,150.5451626084776,3467.0,0.0434223139914847,0.006491916472532,2.187128204984919,0.0428753414728061,0.78646027093976,159872.0,146936.66666666666,777.0,0.9190894382172404,0.0048601381104883,21869.0,3344.0,1193.0,12665.0,246.0,391.0,402.0,3190.0,21623.0,2953.0,791.0,9475.0,0.0112487996707668,0.9887512003292332,0.1169258373205741,0.8830741626794258,0.3369656328583403,0.6630343671416596,0.2518752467429925,0.7481247532570074,baseline,male_P35,male,P35,1072255,ELA,saline,ELA_saline
3,inactive,4,green,6,3-6,4.0,46.48,11.62,4045.4,6754.6,21.0,192.63809523809525,0.0068812364906878,0.0005921890267373,2.0,10.24,5.12,0.0015160039084475,0.0002960945133686,1.0,12.08,12.08,0.0017884108607467,0.0001480472566843,30.0,4490.4,149.67999999999998,0.6647914014153317,0.00444141770053,,,,,,,,,,,2.0,6.64,3.32,0.0009830337843839,0.0002960945133686,,,,,,,,,,,4.0,19.56,4.89,0.0028958043407455,0.0005921890267373,3.0,8.04,2.6799999999999997,0.001190299943742,0.000444141770053,1.8,1.0,1.8,0.0,0.0,0.0,0.0002664850620318,0.0001480472566843,0.0,0.0,1.0,0.0,1.0,0.0,27.93212552637088,668.0,0.0418145591712138,0.019295879260098,1.8617430911042616,0.034499183597006,0.0988955674651348,101156.0,98717.66666666669,0.0,0.9758953168044078,0.0,168.0,0.0,561.0,1166.0,0.0,0.0,0.0,74.0,168.0,0.0,561.0,1092.0,0.0,1.0,0.0,0.0,0.0,1.0,0.0634648370497427,0.9365351629502572,baseline,male_P35,male,P35,1072255,ELA,saline,ELA_saline
3,inactive,4,red,3,0-3,38.0,266.36,7.009473684210526,7889.44,2910.5600000000004,27.0,292.2014814814815,0.0915150349073717,0.0130559067670826,11.0,36.04,3.2763636363636364,0.0123824968390962,0.0037793414325765,6.0,27.72,4.62,0.0095239404100929,0.0020614589632235,54.0,9292.76,172.08814814814815,3.192773899180913,0.0185531306690121,,,,,,,,,,,31.0,524.24,16.910967741935483,0.1801165411467208,0.0106508713099884,5.0,32.04,6.4079999999999995,0.0110081908636138,0.0017178824693529,5.0,43.96,8.792,0.0151036226705513,0.0017178824693529,34.0,150.76,4.434117647058823,0.0517975922159309,0.0116816007916002,4.0,9.96,2.49,0.0034220218789511,0.0013743059754823,0.0,0.0,0.0,4.2,4.0,1.05,0.0,0.0,0.0014430212742565,0.0013743059754823,0.0,1.0,0.0,1.0,71.05775131121234,2012.0,0.0353169738127297,0.0076727417314408,2.01493077143428,0.0296693131131964,0.6912759056676377,197263.0,166820.66666666666,5038.0,0.8456764150736157,0.0255395081692968,13137.0,1910.0,1611.0,6697.0,89.0,0.0,112.0,2012.0,13048.0,1910.0,1499.0,4685.0,0.0067747583162061,0.993225241683794,0.0,1.0,0.0695220360024829,0.930477963997517,0.3004330297147977,0.6995669702852023,baseline,male_P35,male,P35,1072419,ELA,saline,ELA_saline
3,inactive,4,red,6,3-6,4.0,29.28,7.32,4307.72,6492.28,10.0,430.7720000000001,0.0045099718434817,0.0006161163720603,1.0,3.64,3.64,0.0005606658985749,0.000154029093015,,,,,,13.0,4655.44,358.1107692307692,0.7170732007861644,0.0020023782091961,1.0,2.24,2.24,0.0003450251683537,0.000154029093015,,,,,,4.0,199.72,49.93,0.0307626904569735,0.0006161163720603,2.0,12.72,6.36,0.0019592500631519,0.0003080581860301,,,,,,12.0,46.32,3.86,0.0071346275884589,0.001848349116181,,,,,,0.0,0.0,0.0,1.8,1.0,1.8,0.0,0.0,0.0002772523674271,0.000154029093015,0.0,1.0,0.0,1.0,11.398583718624767,417.0,0.0273347331381888,0.0034294343762613,2.051459093443574,0.022851657699323,0.0642301317872919,107703.0,102982.33333333331,0.0,0.9561695898288192,0.0,4997.0,320.0,92.0,736.0,0.0,0.0,0.0,74.0,4997.0,320.0,92.0,662.0,0.0,1.0,0.0,1.0,0.0,1.0,0.1005434782608695,0.8994565217391305,baseline,male_P35,male,P35,1072419,ELA,saline,ELA_saline
3,inactive,4,yellow,3,0-3,17.0,147.2,8.658823529411764,8028.88,2771.12,56.0,143.37285714285716,0.0531193163774935,0.0061347036577268,18.0,61.12,3.395555555555555,0.0220560639741332,0.0064955685787695,7.0,21.48,3.0685714285714285,0.0077513785039983,0.0025260544472992,35.0,9765.44,279.01257142857145,3.5240047345477645,0.0126302722364964,2.0,2.92,1.46,0.0010537255694448,0.0007217298420855,1.0,15.56,15.56,0.0056150581714252,0.0003608649210427,48.0,217.24,4.525833333333334,0.0783942954473281,0.0173215162100522,4.0,20.8,5.2,0.0075059903576893,0.001443459684171,7.0,92.68,13.24,0.0334449608822425,0.0025260544472992,23.0,79.16,3.441739130434782,0.0285660671497445,0.0082998931839833,1.0,2.28,2.28,0.0008227720199774,0.0003608649210427,0.0,0.0,0.0,1.4,1.0,1.4,0.0,0.0,0.0005052108894598,0.0003608649210427,0.0,1.0,0.0,1.0,84.4071344178028,1850.0,0.0456254780636771,0.0112742237763577,2.1428978868364954,0.0432607722680508,0.6676001039290973,200778.0,169101.3333333333,4256.0,0.8422303904478246,0.0211975415633186,5869.0,2848.0,2090.0,3697.0,157.0,421.0,328.0,1734.0,5712.0,2427.0,1762.0,1963.0,0.0267507241438064,0.9732492758561936,0.1478230337078651,0.8521769662921348,0.1569377990430622,0.8430622009569378,0.4690289423857181,0.5309710576142819,baseline,male_P35,male,P35,1072469,CTRL,saline,CTRL_saline
3,inactive,4,yellow,6,3-6,,,,4706.12,6093.88,28.0,168.07571428571427,,,,,,,,,,,,,2.0,4732.8,2366.4,0.7766480468929483,0.000328198126645,,,,,,,,,,,,,,,,,,,,,,,,,,,,,,,,,,,,,,,,,,,,,,,,,,0.1089574281501668,14.0,0.0077826734392976,0.0060109529061638,1.237718324124924,0.009890283563115,0.0022973868865156,117681.0,108177.66666666669,0.0,0.91924496449441,0.0,,,,,,,,,,,,,,,,,,,,,baseline,male_P35,male,P35,1072469,CTRL,saline,CTRL_saline
3,inactive,5,blue,3,0-3,12.0,588.76,49.06333333333333,8594.04,2205.959999999999,74.0,116.13567567567569,0.2668951386244538,0.0054398085187401,2.0,7.28,3.64,0.003300150501369,0.0009066347531233,2.0,9.64,4.82,0.0043699795100545,0.0009066347531233,42.0,9965.28,237.26857142857145,4.5174345863025644,0.0190393298155905,,,,,,16.0,318.16,19.885,0.1442274565268636,0.0072530780249868,7.0,464.16,66.30857142857143,0.2104117935048687,0.0031732216359317,4.0,9.36,2.34,0.0042430506446173,0.0018132695062467,1.0,31.32,31.32,0.0141979002339117,0.0004533173765616,44.0,191.84,4.36,0.0869644055195924,0.0199459645687138,5.0,15.72,3.144,0.0071261491595495,0.0022665868828083,2.8,3.0,0.9333333333333332,0.0,0.0,0.0,0.0012692886543726,0.001359952129685,0.0,0.0,1.0,0.0,1.0,0.0,44.345885698103615,2143.0,0.0206933671013082,0.0033356070479557,2.2122083267728017,0.0171405814543695,0.9714591379716772,214925.0,143610.66666666666,6276.0,0.6681896785700437,0.0292008840293125,19581.0,1022.0,427.0,14731.0,9567.0,0.0,27.0,1232.0,10014.0,1022.0,400.0,13499.0,0.4885858740615903,0.5114141259384097,0.0,1.0,0.063231850117096,0.936768149882904,0.083633154571991,0.916366845428009,baseline,male_P35,male,P35,1073127,CTRL,saline,CTRL_saline
3,inactive,5,blue,6,3-6,,,,4292.64,6507.36,4.0,1073.16,,,,,,,,,,,,,3.0,4304.08,1434.6933333333334,0.6614172260332916,0.0004610164490669,,,,,,,,,,,,,,,,,,,,,,,,,,,,,,,,,,,,,,,,,,,,,,,,,,0.0290095155064646,6.0,0.0048349192510774,0.001173955798359,2.3732948642230043,0.0044201916234657,0.0009220328981338,107320.0,104734.0,9.0,0.9759038389862096,8.386134923592993e-05,,,,,,,,,,,,,,,,,,,,,baseline,male_P35,male,P35,1073127,CTRL,saline,CTRL_saline
3,inactive,5,green,3,0-3,38.0,168.36,4.430526315789474,6404.36,4395.64,355.0,18.04045070422535,0.0383015897571229,0.0086449299760671,8.0,41.48,5.185,0.0094366235633491,0.0018199852581194,11.0,56.84,5.167272727272728,0.0129309952589384,0.0025024797299141,56.0,10456.52,186.72357142857143,2.3788390314038454,0.0127398968068358,4.0,8.56,2.14,0.0019473842261877,0.0009099926290597,23.0,99.8,4.339130434782609,0.0227043160950396,0.0052324576170933,106.0,961.16,9.06754716981132,0.2186621288367564,0.0241148046700821,5.0,46.92,9.384,0.0106742135388703,0.0011374907863246,8.0,117.72,14.715,0.0267810830732271,0.0018199852581194,26.0,78.92,3.0353846153846153,0.0179541545713479,0.005914952088888,1.0,1.96,1.96,0.0004458963882392,0.0002274981572649,0.0,0.0,0.0,0.8,1.0,0.8,0.0,0.0,0.0001819985258119,0.0002274981572649,0.0,1.0,0.0,1.0,173.70749702161038,4063.0,0.042753506527593,0.0069926975676685,2.149450504519358,0.0409912032624838,0.9243250129673948,160464.0,124713.0,4951.0,0.7772023631468741,0.0308542726094326,26653.0,4129.0,2477.0,4247.0,3077.0,1933.0,1781.0,3073.0,23576.0,2196.0,696.0,1174.0,0.1154466664165384,0.8845533335834616,0.4681520949382417,0.5318479050617583,0.7190149374243036,0.2809850625756964,0.7235695785260183,0.2764304214739816,baseline,male_P35,male,P35,1073091,ELA,saline,ELA_saline
3,inactive,5,green,6,3-6,,,,4287.92,6512.08,7.0,612.5600000000001,,,,,,,,,,,,,3.0,4304.08,1434.6933333333334,0.66093782631663,0.0004606823012002,,,,,,,,,,,,,,,,,,,,,,,,,,,,,,,,,,,,,,,,,,,,,,,,,,0.1416722346568673,8.0,0.0177090293321084,0.01250195192785,2.787049289805782,0.014352895939789,0.0012284861365339,107205.0,104716.0,0.0,0.9767827993097336,0.0,,,,,,,,,,,,,,,,,,,,,baseline,male_P35,male,P35,1073091,ELA,saline,ELA_saline
3,inactive,5,red,3,0-3,5.0,20.08,4.016,9543.48,1256.5200000000004,78.0,122.35230769230768,0.0159806449559099,0.0039792442619297,,,,,,,,,,,33.0,10511.52,318.5309090909091,8.36558112883201,0.0262630121287365,,,,,,7.0,113.24,16.177142857142858,0.0901219240441855,0.0055709419667016,,,,,,7.0,35.48,5.0685714285714285,0.0282367172826536,0.0055709419667016,1.0,23.32,23.32,0.0185591952376404,0.0007958488523859,19.0,61.52,3.2378947368421054,0.0489606213987839,0.0151211281953331,1.0,2.04,2.04,0.0016235316588673,0.0007958488523859,,,,,,,,,,,,,,,24.57554471317857,1177.0,0.0208798170885119,0.0046512679074553,2.046203335302468,0.0183510346269637,0.9367140992582684,238665.0,149206.3333333333,17384.0,0.6251705668335672,0.072838497475541,2838.0,1478.0,0.0,507.0,1480.0,0.0,0.0,159.0,1358.0,1478.0,0.0,348.0,0.5214940098661028,0.4785059901338971,0.0,1.0,0.0,0.0,0.3136094674556213,0.6863905325443787,baseline,male_P35,male,P35,1073117,CTRL,saline,CTRL_saline
3,inactive,5,red,6,3-6,1.0,19.12,19.12,4011.56,6788.4400000000005,13.0,308.58153846153846,0.00281655284572,0.0001473092492531,,,,,,,,,,,11.0,4251.96,386.5418181818182,0.62635303545439,0.0016204017417845,,,,,,4.0,6.24,1.56,0.0009192097153396,0.0005892369970125,,,,,,,,,,,,,,,,5.0,12.0,2.4,0.0017677109910377,0.0007365462462657,2.0,5.8,2.9,0.0008543936456682,0.0002946184985062,,,,,,,,,,,,,,,2.80313110319323,281.0,0.009975555527378,0.0028310333647312,1.918459483990752,0.0085458888915437,0.0413938990401329,100302.0,100086.66666666666,0.0,0.997853150153204,0.0,160.0,0.0,0.0,479.0,0.0,0.0,0.0,0.0,160.0,0.0,0.0,479.0,0.0,1.0,0.0,0.0,0.0,0.0,0.0,1.0,baseline,male_P35,male,P35,1073117,CTRL,saline,CTRL_saline
3,inactive,5,yellow,3,0-3,38.0,521.8,13.73157894736842,4146.88,6653.12,110.0,37.69890909090909,0.0784293684767447,0.0057116059833581,8.0,93.52,11.69,0.0140565629358857,0.0012024433649175,6.0,89.0,14.833333333333334,0.0133771824347073,0.0009018325236881,137.0,9384.68,68.50131386861314,1.41056827473426,0.0205918426242124,,,,,,51.0,1261.52,24.735686274509803,0.1896132942138425,0.0076655764513491,108.0,622.84,5.767037037037038,0.0936162281756529,0.0162329854263864,1.0,23.56,23.56,0.003541195709682,0.0001503054206146,15.0,133.36,8.890666666666668,0.0200447308931749,0.0022545813092203,60.0,212.36,3.5393333333333334,0.0319188591217353,0.0090183252368813,3.0,7.32,2.44,0.0011002356788995,0.000450916261844,0.0,0.0,0.0,2.0,2.0,1.0,0.0,0.0,0.0003006108412293,0.0003006108412293,0.0,1.0,0.0,1.0,148.97041988480814,6545.0,0.0227609503261738,0.0035558078410047,2.266176502714218,0.0209446482489329,0.98374897792314,103782.0,93318.0,1527.0,0.8991732670405271,0.014713534138868,47268.0,3939.0,4577.0,13083.0,10334.0,1933.0,1808.0,3595.0,36934.0,2006.0,2769.0,9488.0,0.2186257087247186,0.7813742912752814,0.4907336887534907,0.5092663112465092,0.3950185711164518,0.6049814288835482,0.2747840709317435,0.7252159290682565,baseline,male_P35,male,P35,1073101,ELA,saline,ELA_saline
3,inactive,5,yellow,6,3-6,,,,4292.52,6507.48,12.0,357.71000000000004,,,,,,,,,,,,,3.0,4304.08,1434.6933333333334,0.6614050292893716,0.000461007947777,,,,,,,,,,,,,,,,,,,,,,,,,,,,,,,,,,,,,,,,,,,,,,,,,,0.0159254700794085,2.0,0.0079627350397042,0.0079627350397042,1.5724051469634504,0.000286720450318,0.0003073386318513,107325.0,104792.0,0.0,0.9763987887258327,0.0,,,,,,,,,,,,,,,,,,,,,baseline,male_P35,male,P35,1073101,ELA,saline,ELA_saline
3,inactive,6,blue,3,0-3,,,,10072.4,727.6000000000004,42.0,239.8190476190476,,,,,,,,,,,,,15.0,10687.76,712.5173333333333,14.689059923034629,0.0206157229246838,,,,,,21.0,216.44,10.306666666666668,0.2974711379879053,0.0288620120945574,,,,,,1.0,15.36,15.36,0.0211105002748762,0.0013743815283122,2.0,30.72,15.36,0.0422210005497525,0.0027487630566245,11.0,29.0,2.636363636363636,0.0398570643210555,0.0151181968114348,1.0,2.64,2.64,0.0036283672347443,0.0013743815283122,,,,,,,,,,,,,,,11.954242872904183,690.0,0.0173249896708756,0.0030147363109126,2.040871428134455,0.015823101135458,0.9483232545354584,251852.0,220547.0,3204.0,0.8757008084112892,0.0127217572224957,5432.0,1155.0,0.0,0.0,0.0,70.0,0.0,0.0,5432.0,1085.0,0.0,0.0,0.0,1.0,0.0606060606060606,0.9393939393939394,0.0,0.0,0.0,0.0,baseline,male_P35,male,P35,1073092,ELA,saline,ELA_saline
3,inactive,6,blue,6,3-6,,,,3134.68,7665.32,5.0,626.9359999999999,,,,,,,,,,,,,3.0,3155.6,1051.8666666666666,0.4116723111363909,0.0003913730933607,,,,,,,,,,,,,,,,,,,,,,,,,,,,,,,,,,,,,,,,,,,,,,,,,,0.6184424794502714,16.0,0.0386526549656419,0.002947986348203,2.106031785385027,0.0396750994747374,0.0020873231645906,78372.0,73005.99999999999,3.0,0.9315316694737916,3.82789771857296e-05,,,,,,,,,,,,,,,,,,,,,baseline,male_P35,male,P35,1073092,ELA,saline,ELA_saline
3,inactive,6,green,3,0-3,1.0,10.24,10.24,9879.6,920.3999999999996,76.0,129.99473684210523,0.0111255975662755,0.0010864841373315,,,,,,2.0,6.96,3.48,0.0075619295958279,0.0021729682746631,28.0,10611.88,378.99571428571426,11.52963928726641,0.0304215558452846,,,,,,7.0,125.76,17.965714285714288,0.1366362451108214,0.0076053889613211,,,,,,3.0,36.28,12.093333333333334,0.0394176445023902,0.0032594524119947,1.0,14.2,14.2,0.0154280747501086,0.0010864841373315,9.0,37.72,4.191111111111111,0.0409821816601477,0.0097783572359843,3.0,8.0,2.6666666666666665,0.0086918730986527,0.0032594524119947,,,,,,,,,,,,,,,22.589498705099302,857.0,0.0263588082906643,0.0070627136495744,2.070221140699385,0.021258144178654,0.9311169056931772,247066.0,220047.0,893.0,0.8906405575838036,0.0036144188192628,3151.0,1266.0,176.0,257.0,31.0,113.0,0.0,0.0,3120.0,1153.0,176.0,257.0,0.0098381466201205,0.9901618533798794,0.089257503949447,0.9107424960505528,0.0,1.0,0.0,1.0,baseline,male_P35,male,P35,1073102,ELA,saline,ELA_saline
3,inactive,6,green,6,3-6,,,,3022.92,7777.08,51.0,59.27294117647059,,,,,,,,,,,,,3.0,3155.44,1051.8133333333333,0.4057358288715045,0.0003857488929006,,,,,,10.0,31.04,3.104,0.003991215211879,0.0012858296430022,,,,,,,,,,,,,,,,2.0,8.4,4.2,0.0010800969001218,0.0002571659286004,,,,,,,,,,,,,,,,,,,,3.93398743463557,97.0,0.0405565714910883,0.0049265026165524,1.634703456826146,0.0252353125589114,0.0124725475371219,75624.0,72016.66666666667,0.0,0.9522990937621214,0.0,786.0,0.0,0.0,0.0,6.0,0.0,0.0,0.0,780.0,0.0,0.0,0.0,0.0076335877862595,0.9923664122137404,0.0,0.0,0.0,0.0,0.0,0.0,baseline,male_P35,male,P35,1073102,ELA,saline,ELA_saline
3,inactive,6,red,3,0-3,20.0,457.24,22.862,7659.84,3140.16,23.0,333.0365217391304,0.145610414755936,0.0063691022113522,7.0,39.2,5.6000000000000005,0.0124834403342504,0.0022291857739733,6.0,17.36,2.893333333333333,0.0055283807194537,0.0019107306634056,54.0,9532.12,176.52074074074076,3.0355523285437687,0.0171965759706511,2.0,3.24,1.62,0.001031794558239,0.0006369102211352,46.0,694.68,15.10173913043478,0.2212243962091103,0.0146489350861102,8.0,33.4,4.175,0.0106364006929583,0.0025476408845409,11.0,92.64,8.421818181818182,0.0295016814429837,0.0035030062162437,6.0,36.2,6.033333333333334,0.0115280750025476,0.0019107306634056,52.0,204.12,3.925384615384615,0.0650030571690614,0.0165596657495159,13.0,35.64,2.7415384615384615,0.0113497401406297,0.0041399164373789,,,,,,,,,,,,,,,79.36130330398692,3119.0,0.0254444704405216,0.0049792106665371,2.0898405345695585,0.021905672399205,0.9932614898603892,191519.0,185522.3333333333,446.0,0.9686889203334046,0.002328750672257,18256.0,3238.0,1427.0,11451.0,31.0,43.0,0.0,0.0,18225.0,3195.0,1427.0,11451.0,0.0016980718667835,0.9983019281332164,0.0132798023471278,0.986720197652872,0.0,1.0,0.0,1.0,baseline,male_P35,male,P35,1073128,CTRL,saline,CTRL_saline
3,inactive,6,red,6,3-6,,,,3090.68,7709.32,5.0,618.136,,,,,,,,,,,,,5.0,3150.32,630.0640000000001,0.408637856516528,0.0006485656322477,,,,,,3.0,39.16,13.053333333333333,0.0050795660317641,0.0003891393793486,,,,,,1.0,2.0,2.0,0.000259426252899,0.0001297131264495,,,,,,,,,,,,,,,,,,,,,,,,,,,,,,0.3967123482497562,59.0,0.006723938105928,0.0023051546738036,1.9104023387106384,0.0055074822894071,0.0076530744605231,77272.0,72279.33333333333,0.0,0.9353884114987748,0.0,982.0,51.0,0.0,0.0,0.0,0.0,0.0,0.0,982.0,51.0,0.0,0.0,0.0,1.0,0.0,1.0,0.0,0.0,0.0,0.0,baseline,male_P35,male,P35,1073128,CTRL,saline,CTRL_saline
3,inactive,6,yellow,3,0-3,1.0,2.68,2.68,10398.44,401.5599999999995,123.0,84.54016260162602,0.0066739715111066,0.0024902878772786,,,,,,,,,,,6.0,10780.6,1796.7666666666669,26.846797489789857,0.0149417272636717,,,,,,2.0,4.36,2.18,0.0108576551449347,0.0049805757545572,,,,,,,,,,,,,,,,4.0,13.12,3.28,0.0326725769498954,0.0099611515091144,,,,,,,,,,,,,,,,,,,,9.884657855160496,296.0,0.0333941143755422,0.0094946364273742,1.8307518432843124,0.0269224037313602,0.7371252116744705,260084.0,225083.0,1986.0,0.8654242475507913,0.0076359945248458,111.0,0.0,0.0,68.0,0.0,0.0,0.0,0.0,111.0,0.0,0.0,68.0,0.0,1.0,0.0,0.0,0.0,0.0,0.0,1.0,baseline,male_P35,male,P35,1073137,CTRL,saline,CTRL_saline
3,inactive,6,yellow,6,3-6,,,,2697.08,8102.92,33.0,81.72969696969697,,,,,,,,,,,,,4.0,3148.28,787.07,0.388536478207856,0.0004936492030033,,,,,,21.0,169.84,8.087619047619048,0.0209603451595227,0.0025916583157676,,,,,,3.0,28.44,9.48,0.0035098458333539,0.0003702369022525,1.0,10.88,10.88,0.0013427258321691,0.0001234123007508,3.0,11.4,3.8,0.0014069002285595,0.0003702369022525,,,,,,,,,,,,,,,,,,,,8.64989225140126,424.0,0.0204006892721727,0.0043876692731845,2.100925899912482,0.0179378631024715,0.0523268155183563,67460.0,66578.66666666667,0.0,0.986935467931614,0.0,4267.0,987.0,0.0,0.0,6.0,0.0,0.0,0.0,4261.0,987.0,0.0,0.0,0.0014061401453011,0.9985938598546988,0.0,1.0,0.0,0.0,0.0,0.0,baseline,male_P35,male,P35,1073137,CTRL,saline,CTRL_saline
3,inactive,7,blue,3,0-3,,,,10153.96,646.0400000000009,51.0,199.0972549019608,,,1.0,4.08,4.08,0.0063153984273419,0.0015478917714073,1.0,3.64,3.64,0.0056343260479227,0.0015478917714073,4.0,10795.96,2698.99,16.710977648442796,0.0061915670856293,,,,,,,,,,,25.0,195.12,7.8048,0.3020246424370004,0.0386972942851835,3.0,30.4,10.133333333333333,0.0470559098507831,0.004643675314222,,,,,,13.0,44.0,3.3846153846153846,0.068107237941923,0.0201225930282954,1.0,2.16,2.16,0.0033434462262398,0.0015478917714073,0.0,0.0,0.0,1.8,1.0,1.8,0.0,0.0,0.0027862051885332,0.0015478917714073,0.0,1.0,0.0,1.0,14.523900064918276,599.0,0.0242469116275764,0.0032331881200721,2.002530867763138,0.020281553647084,0.9271871710729972,253900.0,198772.3333333333,14956.0,0.7828764605487724,0.0589050807404489,4903.0,763.0,195.0,0.0,0.0,26.0,73.0,0.0,4903.0,737.0,122.0,0.0,0.0,1.0,0.0340760157273918,0.9659239842726082,0.3743589743589743,0.6256410256410256,0.0,0.0,baseline,male_P35,male,P35,1073149,ELA,MDMA,ELA_MDMA
3,inactive,7,blue,6,3-6,,,,4028.08,6771.92,3.0,1342.6933333333334,,,,,,,,,,,,,3.0,4031.08,1343.6933333333334,0.5952639724036906,0.0004430058240499,,,,,,,,,,,,,,,,,,,,,,,,,,,,,,,,,,,,,,,,,,,,,,,,,,0.0,0.0,,,,,0.0,100705.0,99298.33333333334,0.0,0.9860318090793242,0.0,,,,,,,,,,,,,,,,,,,,,baseline,male_P35,male,P35,1073149,ELA,MDMA,ELA_MDMA
3,inactive,7,green,3,0-3,1.0,2.4,2.4,9730.28,1069.7199999999991,152.0,64.015,0.0022435777586658,0.0009348240661107,1.0,2.44,2.44,0.0022809707213102,0.0009348240661107,1.0,3.04,3.04,0.0028418651609767,0.0009348240661107,5.0,10773.52,2154.704,10.071345772725582,0.0046741203305537,,,,,,22.0,134.2,6.1,0.1254533896720638,0.0205661294544366,3.0,3.92,1.3066666666666666,0.0036645103391541,0.0028044721983322,5.0,51.4,10.28,0.0480499569980929,0.0046741203305537,2.0,3.28,1.64,0.0030662229368432,0.0018696481322215,11.0,34.48,3.1345454545454543,0.0322327337994989,0.0102830647272183,2.0,4.52,2.26,0.0042254047788206,0.0018696481322215,,,,,,,,,,,,,,,44.92854389900219,939.0,0.0478472245995763,0.0062078629689806,2.0876039789394905,0.0414312262318211,0.8777997980780025,243409.0,202563.0,700.0,0.832191907447958,0.0028758180675324,3478.0,1374.0,139.0,61.0,89.0,174.0,130.0,59.0,3389.0,1200.0,9.0,2.0,0.0255894192064404,0.9744105807935596,0.1266375545851528,0.8733624454148472,0.935251798561151,0.0647482014388489,0.9672131147540984,0.0327868852459016,baseline,male_P35,male,P35,1073093,ELA,MDMA,ELA_MDMA
3,inactive,7,green,6,3-6,,,,3972.8,6827.2,16.0,248.3,,,,,,,,,,,,,3.0,4031.08,1343.6933333333334,0.5904441059292242,0.0004394187954066,,,,,,,,,,,,,,,,,,,,,,,,,,1.0,3.2,3.2,0.000468713381767,0.0001464729318022,,,,,,,,,,,,,,,,,,,,4.793161532683666,43.0,0.1114688728531085,0.0298457191724553,2.238312804344723,0.0796209283414009,0.0062983360674947,99336.0,98691.33333333331,0.0,0.993510241335803,0.0,,,,,,,,,,,,,,,,,,,,,baseline,male_P35,male,P35,1073093,ELA,MDMA,ELA_MDMA
3,inactive,7,red,3,0-3,37.0,718.68,19.423783783783783,5949.44,4850.56,43.0,138.35906976744184,0.1481643356643356,0.0076279852223248,22.0,94.44,4.292727272727273,0.0194699168755772,0.0045355587808417,7.0,43.24,6.177142857142857,0.0089144346219817,0.0014431323393587,96.0,8737.44,91.015,1.801326032458108,0.0197915292254914,,,,,,21.0,237.04,11.287619047619048,0.0488685842459427,0.0043293970180762,26.0,320.08,12.31076923076923,0.0659882570259928,0.0053602058319039,7.0,65.4,9.342857142857143,0.013482979284866,0.0014431323393587,4.0,58.96,14.74,0.012155297532656,0.0008246470510621,96.0,394.2,4.10625,0.0812689668821744,0.0197915292254914,16.0,39.12,2.445,0.0080650481593877,0.0032985882042485,1.8,1.0,1.8,0.0,0.0,0.0,0.0003710911729779,0.0002061617627655,0.0,0.0,1.0,0.0,1.0,0.0,118.80417731256644,4812.0,0.0246891474049389,0.0046220146052767,2.130501778525129,0.0222406953035072,0.9920504024277608,148779.0,144237.66666666666,0.0,0.9694759789127946,0.0,13975.0,3120.0,3471.0,18004.0,53.0,64.0,31.0,0.0,13922.0,3056.0,3440.0,18004.0,0.0037924865831842,0.9962075134168158,0.0205128205128205,0.9794871794871794,0.0089311437626044,0.9910688562373956,0.0,1.0,baseline,male_P35,male,P35,1073138,CTRL,MDMA,CTRL_MDMA
3,inactive,7,red,6,3-6,1.0,16.24,16.24,3975.64,6824.360000000001,9.0,441.73777777777775,0.0023797103318113,0.0001465338874268,,,,,,,,,,,5.0,4009.32,801.864,0.5875012455380431,0.000732669437134,,,,,,,,,,,,,,,,,,,,,,,,,,1.0,6.96,6.96,0.0010198758564905,0.0001465338874268,,,,,,,,,,,,,,,,,,,,2.3923291802630215,45.0,0.0531628706725115,0.011885187303192,1.6413642906613382,0.0458225559949274,0.0065940249342062,99400.0,98431.33333333334,0.0,0.9902548625083836,0.0,0.0,0.0,0.0,407.0,0.0,0.0,0.0,0.0,0.0,0.0,0.0,407.0,0.0,0.0,0.0,0.0,0.0,0.0,0.0,1.0,baseline,male_P35,male,P35,1073138,CTRL,MDMA,CTRL_MDMA
3,inactive,7,yellow,3,0-3,1.0,2.68,2.68,9678.84,1121.16,97.0,99.7818556701031,0.0023903813907024,0.0008919333547397,2.0,3.44,1.72,0.0030682507403046,0.0017838667094794,,,,,,5.0,10794.28,2158.856,9.627778372400014,0.0044596667736986,,,,,,9.0,67.2,7.466666666666667,0.0599379214385101,0.0080274001926576,6.0,46.8,7.8,0.0417424810018195,0.0053516001284384,3.0,20.64,6.88,0.0184095044418281,0.0026758000642192,3.0,48.52,16.173333333333336,0.0432766063719718,0.0026758000642192,17.0,91.44,5.378823529411765,0.0815583859574012,0.0151628670305754,,,,,,,,,,,,,,,,,,,,33.69181351691199,1037.0,0.0324896948089797,0.006598161143331,2.1093160004393336,0.0298934198621718,0.924934888865104,242068.0,202396.33333333337,481.0,0.8361135438526915,0.0019870449625725,2865.0,1735.0,88.0,68.0,142.0,84.0,88.0,59.0,2723.0,1651.0,0.0,9.0,0.0495636998254799,0.95043630017452,0.0484149855907781,0.951585014409222,1.0,0.0,0.8676470588235294,0.1323529411764706,baseline,male_P35,male,P35,1073118,CTRL,MDMA,CTRL_MDMA
3,inactive,7,yellow,6,3-6,,,,3965.84,6834.16,13.0,305.0646153846154,,,,,,,,,,,,,4.0,4026.52,1006.63,0.5891755533964672,0.0005852950472333,,,,,,,,,,,,,,,,1.0,0.96,0.96,0.0001404708113359,0.0001463237618083,,,,,,,,,,,,,,,,,,,,,,,,,,,,,,3.816878907884951,50.0,0.076337578157699,0.0229863705352149,2.1001757266058876,0.0681701976558016,0.0073161880904163,99159.0,98570.33333333334,0.0,0.994063406582694,0.0,0.0,25.0,0.0,0.0,0.0,0.0,0.0,0.0,0.0,25.0,0.0,0.0,0.0,0.0,0.0,1.0,0.0,0.0,0.0,0.0,baseline,male_P35,male,P35,1073118,CTRL,MDMA,CTRL_MDMA
3,inactive,8,blue,3,0-3,69.0,816.72,11.836521739130434,3380.0,7420.0,215.0,15.72093023255814,0.1100700808625337,0.009299191374663,2.0,9.32,4.66,0.0012560646900269,0.0002695417789757,2.0,14.04,7.02,0.0018921832884097,0.0002695417789757,66.0,9746.64,147.67636363636362,1.3135633423180593,0.0088948787061994,,,,,,,,,,,127.0,712.48,5.610078740157481,0.096021563342318,0.0171159029649595,,,,,,51.0,444.8,8.721568627450981,0.0599460916442048,0.0068733153638814,85.0,573.48,6.746823529411765,0.077288409703504,0.011455525606469,11.0,27.72,2.52,0.0037358490566037,0.0014824797843665,0.8,1.0,0.8,3.6,4.0,0.9,0.0001078167115902,0.0001347708894878,0.0004851752021563,0.0005390835579514,0.1818181818181818,0.8181818181818181,0.2,0.8,120.14456958347454,7224.0,0.0166313080818763,0.0039568140554863,2.186719255211553,0.0153331749506446,0.9735849056603774,84715.0,16475.333333333332,39830.0,0.1944795294025064,0.4701646697751284,17939.0,11171.0,588.0,20487.0,1412.0,1542.0,67.0,10267.0,16527.0,9629.0,521.0,10220.0,0.0787111879145994,0.9212888120854004,0.1380359860352699,0.8619640139647301,0.1139455782312925,0.8860544217687075,0.5011470688729438,0.4988529311270562,baseline,male_P35,male,P35,1073150,ELA,MDMA,ELA_MDMA
3,inactive,8,blue,6,3-6,,,,1527.92,9272.08,61.0,25.04786885245902,,,,,,,,,,,,,3.0,4742.88,1580.96,0.5115227651185064,0.0003235519969629,,,,,,,,,,,,,,,,,,,,,8.0,41.64,5.205,0.0044909017178454,0.0008628053252344,5.0,20.0,4.0,0.0021570133130861,0.0005392533282715,8.0,49.04,6.13,0.0052889966436872,0.0008628053252344,,,,,,,,,,,,,,,26.002068846717695,3173.0,0.0081947900556942,0.0015414651412962,2.1959392109255704,0.0085811198413538,0.3422101621211206,38259.0,18667.666666666664,270.0,0.4879287662162279,0.0070571630204657,0.0,1049.0,0.0,0.0,0.0,137.0,0.0,0.0,0.0,912.0,0.0,0.0,0.0,0.0,0.1306005719733079,0.8693994280266921,0.0,0.0,0.0,0.0,baseline,male_P35,male,P35,1073150,ELA,MDMA,ELA_MDMA
3,inactive,8,green,3,0-3,111.0,957.2,8.623423423423423,45.04,10754.96,8.0,5.63,0.0890007959118397,0.0103208194172735,32.0,192.6,6.01875,0.0179080163942962,0.0029753713635383,35.0,147.48,4.2137142857142855,0.0137127427717071,0.00325431242887,131.0,8853.6,67.58473282442749,0.8232108720069625,0.0121804265194849,9.0,20.28,2.2533333333333334,0.0018856416016424,0.0008368231959951,4.0,6.56,1.64,0.0006099511295253,0.0003719214204422,199.0,1689.72,8.49105527638191,0.1571107656374361,0.0185030906670038,,,,,,114.0,836.92,7.341403508771929,0.0778171187991401,0.0105997604826052,51.0,179.12,3.512156862745098,0.0166546412074057,0.0047419981106391,25.0,61.32,2.4528,0.0057015553753802,0.0023245088777643,0.8,1.0,0.8,3.0,3.0,1.0,7.438428408845781e-05,9.298035511057224e-05,0.0002789410653317,0.0002789410653317,0.2105263157894737,0.7894736842105263,0.25,0.75,294.31010321808805,10746.0,0.0273878748574435,0.0082217001198712,2.2220330665057846,0.0251497964810955,0.9991668960182094,1134.0,196.33333333333331,775.0,0.1731334509112286,0.6834215167548501,42610.0,21037.0,8569.0,24041.0,1685.0,2435.0,669.0,9808.0,40925.0,18602.0,7900.0,14233.0,0.0395447078150668,0.9604552921849332,0.1157484432190901,0.8842515567809098,0.078072120434123,0.921927879565877,0.4079697183977372,0.5920302816022628,baseline,male_P35,male,P35,1073129,CTRL,MDMA,CTRL_MDMA
3,inactive,8,green,6,3-6,2.0,5.76,2.88,743.96,10056.04,64.0,11.624375,0.0005727900843672,0.0001988854459608,,,,,,,,,,,14.0,4670.0,333.57142857142856,0.4643975163185508,0.0013921981217258,,,,,,,,,,,12.0,114.92,9.576666666666666,0.0114279577249096,0.001193312675765,,,,,,8.0,81.12,10.14,0.0080667936881714,0.0007955417838433,31.0,529.08,17.06709677419355,0.0526131558744794,0.0030827244123929,10.0,37.88,3.788,0.0037668903464982,0.0009944272298041,,,,,,,,,,,,,,,33.406629261241825,3930.0,0.0085004145702905,0.0009062797266992,2.196178746389384,0.0080225409813482,0.3908099013130416,18663.0,12203.999999999998,0.0,0.6539141617103359,0.0,2885.0,2036.0,0.0,146.0,12.0,137.0,0.0,0.0,2873.0,1899.0,0.0,146.0,0.004159445407279,0.9958405545927208,0.0672888015717092,0.9327111984282908,0.0,0.0,0.0,1.0,baseline,male_P35,male,P35,1073129,CTRL,MDMA,CTRL_MDMA
3,inactive,8,red,3,0-3,35.0,503.72,14.392,5592.48,5207.52,86.0,65.02883720930232,0.0967293452545549,0.0067210495590991,7.0,18.84,2.6914285714285713,0.0036178449626693,0.0013442099118198,6.0,39.32,6.553333333333334,0.0075506191046793,0.0011521799244169,90.0,9674.84,107.49822222222222,1.8578594033244231,0.0172826988662549,,,,,,4.0,14.12,3.53,0.0027114634221279,0.0007681199496113,65.0,976.0,15.015384615384615,0.1874212677051648,0.0124819491811841,12.0,157.72,13.143333333333333,0.0302869696131747,0.0023043598488339,10.0,47.72,4.772,0.0091636709988631,0.0019202998740283,66.0,272.08,4.122424242424242,0.0522475189725627,0.0126739791685869,14.0,37.76,2.697142857142857,0.0072510523243309,0.0026884198236396,5.0,5.0,1.0,0.0,0.0,0.0,0.0009601499370141,0.0009601499370141,0.0,0.0,1.0,0.0,1.0,0.0,136.0561869792009,5131.0,0.0265165049657378,0.004906373072675,2.1056908580484293,0.0239153831081752,0.9853058653639352,139898.0,17468.0,92265.0,0.1248623997483881,0.6595162189595276,24822.0,5158.0,1467.0,12628.0,422.0,1068.0,53.0,371.0,24400.0,4090.0,1414.0,12257.0,0.0170010474579002,0.9829989525420998,0.2070569988367584,0.7929430011632416,0.0361281526925698,0.96387184730743,0.0293791574279379,0.970620842572062,baseline,male_P35,male,P35,1073139,CTRL,MDMA,CTRL_MDMA
3,inactive,8,red,6,3-6,,,,4083.32,6716.68,34.0,120.09764705882354,,,,,,,,,,,,,3.0,4742.88,1580.96,0.7061345783928965,0.0004466492374208,,,,,,,,,,,1.0,1.56,1.56,0.0002322576034588,0.0001488830791402,1.0,7.64,7.64,0.0011374667246318,0.0001488830791402,1.0,3.52,3.52,0.0005240684385738,0.0001488830791402,,,,,,3.0,8.36,2.786666666666666,0.0012446625416128,0.0004466492374208,,,,,,,,,,,,,,,4.628722942399808,620.0,0.0074656821651609,0.0007660213433144,2.1496138252809036,0.0070762867277856,0.0923075090669795,102117.0,43924.33333333333,6291.0,0.4301373261389712,0.0616058051059079,40.0,281.0,0.0,0.0,0.0,0.0,0.0,0.0,40.0,281.0,0.0,0.0,0.0,1.0,0.0,1.0,0.0,0.0,0.0,0.0,baseline,male_P35,male,P35,1073139,CTRL,MDMA,CTRL_MDMA
3,inactive,8,yellow,3,0-3,42.0,289.08,6.882857142857143,2938.36,7861.639999999999,286.0,10.273986013986017,0.0367709536432601,0.0053423967518227,6.0,50.2,8.366666666666667,0.0063854361176548,0.0007631995359746,5.0,8.56,1.7120000000000002,0.0010888313379905,0.0006359996133122,42.0,10546.4,251.1047619047619,1.3415012643672313,0.0053423967518227,,,,,,,,,,,126.0,456.92,3.6263492063492064,0.0581201886629253,0.0160271902554683,,,,,,67.0,329.4,4.916417910447761,0.04189965452501,0.0085223948183839,50.0,241.56,4.8312,0.0307264133183407,0.0063599961331223,2.0,4.2,2.1,0.0005342396751822,0.0002543998453248,0.8,1.0,0.8,0.8,1.0,0.8,0.0001017599381299,0.0001271999226624,0.0001017599381299,0.0001271999226624,0.5,0.5,0.5,0.5,129.9604735254812,7590.0,0.0171225920323427,0.0046149728546035,2.272507636157469,0.0167360817413352,0.965447413007973,73745.0,15987.666666666662,30553.0,0.2167966189798177,0.4143060546477727,11549.0,8302.0,1480.0,7269.0,1117.0,1688.0,549.0,5010.0,10432.0,6614.0,931.0,2259.0,0.0967183305913931,0.9032816694086068,0.2033245001204529,0.7966754998795471,0.3709459459459459,0.629054054054054,0.6892282294676021,0.3107717705323978,baseline,male_P35,male,P35,1073094,ELA,MDMA,ELA_MDMA
3,inactive,8,yellow,6,3-6,,,,4108.6,6691.4,37.0,111.04324324324324,,,,,,,,,,,,,3.0,4742.88,1580.96,0.7088023433063335,0.0004483366709507,,,,,,,,,,,24.0,111.84,4.66,0.0167139910930448,0.0035866933676061,,,,,,2.0,2.88,1.44,0.0004304032041127,0.0002988911139671,4.0,14.8,3.7,0.0022117942433571,0.0005977822279343,,,,,,,,,,,,,,,,,,,,3.638123039748606,603.0,0.0060333715418716,0.0028589642324214,2.366270419618383,0.0048494376845,0.0901156708611053,102752.0,44701.33333333333,4603.0,0.4350410048790615,0.0447971815633758,2820.0,74.0,0.0,0.0,12.0,0.0,0.0,0.0,2808.0,74.0,0.0,0.0,0.0042553191489361,0.9957446808510638,0.0,1.0,0.0,0.0,0.0,0.0,baseline,male_P35,male,P35,1073094,ELA,MDMA,ELA_MDMA
0,inactive,1,blue,12,9-12,15.0,172.64,11.509333333333332,46.12,10753.88,5.0,9.224,0.0160537406033915,0.0013948453953363,7.0,45.52,6.502857142857144,0.0042328908263808,0.0006509278511569,7.0,44.24,6.32,0.0041138640193121,0.0006509278511569,32.0,536.68,16.77125,0.0499057084512752,0.0029756701767176,,,,,,3.0,29.6,9.866666666666667,0.0027524949134637,0.0002789690790672,6.0,25.92,4.32,0.0024102928431412,0.0005579381581345,3.0,10.68,3.56,0.0009931299214795,0.0002789690790672,4.0,24.96,6.24,0.0023210227378397,0.0003719587720897,6.0,36.84,6.140000000000001,0.0034257402909461,0.0005579381581345,1.0,1.96,1.96,0.0001822597983239,9.29896930224254e-05,0.0,0.0,0.0,1.2,1.0,1.2,0.0,0.0,0.0001115876316269,9.29896930224254e-05,0.0,1.0,0.0,1.0,37.52051957175725,839.0,0.0447205239234293,0.0194471246106612,1.821793177092818,0.03953617764718,0.0780183524458149,1158.0,159.0,739.0,0.1373056994818652,0.6381692573402418,1397.0,898.0,2258.0,4331.0,258.0,109.0,369.0,712.0,1139.0,789.0,1889.0,3619.0,0.1846814602720114,0.8153185397279885,0.121380846325167,0.878619153674833,0.1634189548272807,0.8365810451727193,0.1643962133456476,0.8356037866543523,baseline,male_P42,male,P42,1111862,CTRL,MDMA,CTRL_MDMA
0,inactive,1,green,12,9-12,10.0,75.96,7.595999999999999,13.68,10786.32,3.0,4.56,0.0070422535211267,0.0009271002529129,12.0,57.16,4.763333333333333,0.0052993050456504,0.0011125203034955,7.0,33.88,4.840000000000001,0.003141015656869,0.000648970177039,31.0,620.08,20.00258064516129,0.0574876324826261,0.0028740107840301,,,,,,25.0,89.4,3.576,0.0082882762610417,0.0023177506322823,6.0,16.92,2.8200000000000003,0.0015686536279287,0.0005562601517477,1.0,1.8,1.8,0.0001668780455243,9.271002529129492e-05,1.0,2.8,2.8,0.0002595880708156,9.271002529129492e-05,12.0,44.04,3.67,0.0040829495138286,0.0011125203034955,1.0,2.08,2.08,0.0001928368526058,9.271002529129492e-05,,,,,,,,,,,,,,,81.45531137122323,874.0,0.0931982967634133,0.0369314994896914,2.1428440514555924,0.0859932435417174,0.0810285621045917,345.0,59.666666666666664,224.0,0.1729468599033816,0.6492753623188405,2689.0,117.0,2295.0,1909.0,168.0,39.0,567.0,814.0,2521.0,78.0,1728.0,1095.0,0.062476757158795,0.9375232428412048,0.3333333333333333,0.6666666666666666,0.2470588235294117,0.7529411764705882,0.4264012572027239,0.5735987427972761,baseline,male_P42,male,P42,1111966,CTRL,MDMA,CTRL_MDMA
0,inactive,1,red,12,9-12,12.0,83.28,6.94,53.32,10746.68,4.0,13.33,0.0077493700380024,0.0011166239247842,9.0,34.76,3.862222222222222,0.0032344873021249,0.0008374679435881,10.0,64.52,6.452,0.0060037146355897,0.0009305199373201,44.0,569.76,12.94909090909091,0.0530173039487544,0.0040942877242087,1.0,1.0,1.0,9.30519937320177e-05,9.30519937320177e-05,13.0,45.84,3.5261538461538464,0.0042655033926756,0.0012096759185162,4.0,7.56,1.89,0.000703473072614,0.000372207974928,3.0,3.76,1.2533333333333332,0.0003498754964323,0.000279155981196,3.0,5.8,1.9333333333333331,0.0005397015636457,0.000279155981196,4.0,12.76,3.19,0.0011873434400205,0.000372207974928,1.0,2.12,2.12,0.0001972702267118,9.30519937320177e-05,2.0,2.0,1.0,0.0,0.0,0.0,0.000186103987464,0.000186103987464,0.0,0.0,1.0,0.0,1.0,0.0,46.04536608306145,828.0,0.0556103455109437,0.0276678818184603,1.9122723540550135,0.0480415004844143,0.0770470508101106,1337.0,165.99999999999997,897.0,0.1241585639491398,0.6709050112191474,1352.0,245.0,2501.0,2094.0,282.0,0.0,338.0,350.0,1070.0,245.0,2163.0,1744.0,0.2085798816568047,0.7914201183431953,0.0,1.0,0.1351459416233506,0.8648540583766493,0.1671442215854823,0.8328557784145176,baseline,male_P42,male,P42,1111832,ELA,MDMA,ELA_MDMA
0,inactive,1,yellow,12,9-12,6.0,32.96,5.493333333333333,191.64,10608.36,29.0,6.6082758620689654,0.0031069835488237,0.0005655916654412,4.0,7.0,1.75,0.0006598569430147,0.0003770611102941,4.0,8.12,2.03,0.0007654340538971,0.0003770611102941,7.0,860.16,122.88,0.081083221157653,0.0006598569430147,,,,,,14.0,45.48,3.248571428571428,0.0042871848240444,0.0013197138860295,3.0,6.4,2.1333333333333333,0.0006032977764706,0.0002827958327206,3.0,8.28,2.76,0.0007805164983088,0.0002827958327206,2.0,3.08,1.54,0.0002903370549264,0.000188530555147,,,,,,,,,,,0.0,0.0,0.0,0.8,1.0,0.8,0.0,0.0,7.541222205882908e-05,9.426527757353632e-05,0.0,1.0,0.0,1.0,41.68989563483467,670.0,0.0622237248281114,0.0239591146188381,2.1172476050157587,0.0577906741597044,0.0631577359742693,4820.0,112.66666666666666,4482.0,0.0233748271092669,0.9298755186721992,1314.0,289.0,386.0,830.0,225.0,148.0,99.0,354.0,1089.0,141.0,287.0,476.0,0.1712328767123287,0.8287671232876712,0.5121107266435986,0.4878892733564013,0.2564766839378238,0.7435233160621761,0.4265060240963855,0.5734939759036145,baseline,male_P42,male,P42,1111916,ELA,MDMA,ELA_MDMA
0,inactive,2,blue,12,9-12,28.0,118.48,4.231428571428571,72.64,10727.36,11.0,6.6036363636363635,0.0110446559078841,0.0026101482564209,9.0,32.76,3.64,0.0030538734600125,0.0008389762252781,15.0,60.08,4.005333333333334,0.0056006324016346,0.0013982937087969,53.0,494.12,9.323018867924528,0.0460616591593831,0.0049406377710825,,,,,,3.0,11.36,3.786666666666666,0.0010589744354622,0.0002796587417593,3.0,8.88,2.9600000000000004,0.0008277898756077,0.0002796587417593,1.0,1.12,1.12,0.0001044059302568,9.321958058646302e-05,2.0,2.08,1.04,0.0001938967276198,0.0001864391611729,5.0,21.8,4.36,0.0020321868567848,0.0004660979029323,3.0,7.48,2.4933333333333336,0.0006972824627867,0.0002796587417593,4.2,5.0,0.8400000000000001,0.0,0.0,0.0,0.0003915222384631,0.0004660979029323,0.0,0.0,1.0,0.0,1.0,0.0,67.0545610156161,804.0,0.0834011952930548,0.0552956302885928,1.786015453660008,0.0685028491684316,0.0749485427915162,1827.0,452.33333333333337,734.0,0.2475825579273855,0.4017515051997811,512.0,83.0,2345.0,2990.0,0.0,0.0,458.0,649.0,512.0,83.0,1887.0,2341.0,0.0,1.0,0.0,1.0,0.1953091684434968,0.8046908315565032,0.2170568561872909,0.782943143812709,baseline,male_P42,male,P42,1111967,CTRL,MDMA,CTRL_MDMA
0,inactive,2,green,12,9-12,24.0,153.84,6.41,44.24,10755.76,5.0,8.848,0.0143030339092728,0.0022313625443483,14.0,105.0,7.5,0.0097622111315239,0.0013016281508698,6.0,28.84,4.806666666666667,0.0026813539907919,0.000557840636087,38.0,452.0,11.894736842105264,0.0420239945852268,0.0035329906952181,,,,,,4.0,14.4,3.6,0.0013388175266089,0.0003718937573913,1.0,1.52,1.52,0.0001413196278087,9.29734393478471e-05,1.0,6.92,6.92,0.0006433762002871,9.29734393478471e-05,2.0,3.44,1.72,0.0003198286313565,0.0001859468786956,4.0,9.76,2.44,0.0009074207680349,0.0003718937573913,2.0,4.56,2.28,0.0004239588834261,0.0001859468786956,0.0,0.0,0.0,4.2,5.0,0.8400000000000001,0.0,0.0,0.0003904884452609,0.0004648671967392,0.0,1.0,0.0,1.0,77.66906331634853,841.0,0.0923532262976795,0.0440207706224416,2.063488546584631,0.0801727699405067,0.0781906624915394,1111.0,525.3333333333333,28.0,0.4728472847284727,0.0252025202520252,403.0,262.0,3366.0,3870.0,110.0,0.0,922.0,676.0,293.0,262.0,2444.0,3194.0,0.2729528535980149,0.7270471464019851,0.0,1.0,0.2739156268568033,0.7260843731431966,0.1746770025839793,0.8253229974160207,baseline,male_P42,male,P42,1111833,ELA,MDMA,ELA_MDMA
0,inactive,2,red,12,9-12,4.0,28.76,7.19,273.44,10526.56,7.0,39.06285714285714,0.0027321366144305,0.0003799911842045,5.0,32.28,6.456,0.0030665288565305,0.0004749889802556,1.0,2.52,2.52,0.0002393944460488,9.49977960511316e-05,31.0,703.96,22.708387096774196,0.0668746485081546,0.002944931677585,,,,,,1.0,7.96,7.96,0.000756182456567,9.49977960511316e-05,6.0,21.84,3.64,0.0020747518657567,0.0005699867763067,,,,,,4.0,6.44,1.61,0.0006117858065692,0.0003799911842045,2.0,7.72,3.86,0.0007333829855147,0.0001899955921022,2.0,4.36,2.18,0.0004141903907829,0.0001899955921022,0.8,1.0,0.8,0.0,0.0,0.0,7.59982368409053e-05,9.49977960511316e-05,0.0,0.0,1.0,0.0,1.0,0.0,28.05783609073403,610.0,0.0459964526077607,0.0225623179274271,1.817041240341641,0.0397376800643848,0.0579486555911902,6843.0,1219.3333333333333,3942.0,0.1781869550392128,0.5760631302060499,752.0,165.0,876.0,723.0,110.0,0.0,494.0,37.0,642.0,165.0,382.0,686.0,0.1462765957446808,0.8537234042553191,0.0,1.0,0.5639269406392694,0.4360730593607306,0.0511756569847856,0.9488243430152145,baseline,male_P42,male,P42,1111863,CTRL,MDMA,CTRL_MDMA
0,inactive,2,yellow,12,9-12,15.0,57.4,3.826666666666666,191.68,10608.32,24.0,7.986666666666667,0.005410847334922,0.0014139844951886,5.0,13.44,2.6879999999999997,0.001266930107689,0.0004713281650628,6.0,19.64,3.2733333333333334,0.001851377032367,0.0005655937980754,13.0,847.56,65.19692307692307,0.0798957799161412,0.0012254532291635,,,,,,2.0,6.48,3.24,0.0006108413019215,0.0001885312660251,,,,,,,,,,,,,,,,4.0,11.32,2.83,0.0010670869657023,0.0003770625320503,,,,,,0.0,0.0,0.0,0.8,1.0,0.8,0.0,0.0,7.541250641006306e-05,9.42656330125788e-05,0.0,1.0,0.0,1.0,59.75896261182836,675.0,0.0885317964619679,0.0410369778738392,2.13255569341149,0.0780647650240725,0.0636293022834907,4816.0,1052.3333333333337,2416.0,0.2185077519379845,0.5016611295681063,164.0,0.0,838.0,1450.0,0.0,0.0,479.0,482.0,164.0,0.0,359.0,968.0,0.0,1.0,0.0,0.0,0.5715990453460621,0.4284009546539379,0.3324137931034482,0.6675862068965517,baseline,male_P42,male,P42,1111917,ELA,MDMA,ELA_MDMA
0,inactive,3,blue,12,9-12,16.0,163.72,10.2325,22.84,10777.16,3.0,7.613333333333333,0.0151913862279116,0.001484621180348,6.0,33.56,5.593333333333334,0.00311399292578,0.0005567329426305,4.0,26.16,6.54,0.002427355629869,0.000371155295087,33.0,504.16,15.27757575757576,0.0467804133927676,0.0030620311844678,,,,,,2.0,15.36,7.68,0.0014252363331341,0.0001855776475435,2.0,3.28,1.64,0.0003043473419713,0.0001855776475435,1.0,6.08,6.08,0.0005641560485322,9.278882377175434e-05,4.0,7.8,1.95,0.0007237528254196,0.000371155295087,12.0,41.64,3.47,0.0038637266218558,0.001113465885261,,,,,,,,,,,,,,,,,,,,36.83348463399705,864.0,0.0426313479560151,0.0187347622835207,1.9038148318056831,0.0380991594830732,0.0801695437387957,574.0,0.0,574.0,0.0,1.0,470.0,352.0,1503.0,4109.0,44.0,0.0,328.0,1492.0,426.0,352.0,1175.0,2617.0,0.0936170212765957,0.9063829787234042,0.0,1.0,0.2182302062541583,0.7817697937458417,0.363105378437576,0.6368946215624239,baseline,male_P42,male,P42,1111864,CTRL,saline,CTRL_saline
0,inactive,3,green,12,9-12,23.0,110.0,4.782608695652174,,,,,,,4.0,15.92,3.98,,,12.0,45.92,3.826666666666666,,,46.0,539.64,11.731304347826086,,,4.0,6.6,1.65,,,1.0,1.24,1.24,,,7.0,18.52,2.6457142857142855,,,,,,,,2.0,4.76,2.38,,,3.0,11.04,3.68,,,,,,,,,,,,,,,,,,,,,,94.44367093918798,890.0,0.1061164842013348,0.0575803982870409,2.10363594490035,0.0917498848221186,,,,,,,502.0,121.0,1562.0,2773.0,0.0,0.0,950.0,1078.0,502.0,121.0,612.0,1695.0,0.0,1.0,0.0,1.0,0.6081946222791293,0.3918053777208706,0.3887486476739993,0.6112513523260007,baseline,male_P42,male,P42,1111968,CTRL,saline,CTRL_saline
0,inactive,3,red,12,9-12,19.0,207.12,10.901052631578947,6.92,10793.08,1.0,6.92,0.0191900736397765,0.0017603872110648,9.0,38.32,4.257777777777778,0.0035504230488424,0.0008338676262938,9.0,51.2,5.688888888888889,0.0047437802740274,0.0008338676262938,40.0,417.44,10.436,0.0386766335466799,0.0037060783390839,1.0,2.08,2.08,0.0001927160736323,9.265195847709829e-05,3.0,5.36,1.7866666666666668,0.0004966144974372,0.0002779558754312,3.0,11.16,3.72,0.0010339958566044,0.0002779558754312,2.0,3.76,1.88,0.0003483713638738,0.0001853039169541,2.0,4.36,2.18,0.0004039625389601,0.0001853039169541,5.0,18.76,3.752,0.0017381507410303,0.0004632597923854,,,,,,,,,,,,,,,,,,,,53.43736885491607,882.0,0.0605865860033062,0.0347951025998316,1.7573806417624227,0.054151409176844,0.0817190273768006,174.0,0.0,174.0,0.0,1.0,419.0,207.0,2256.0,5197.0,0.0,0.0,686.0,1304.0,419.0,207.0,1570.0,3893.0,0.0,1.0,0.0,1.0,0.3040780141843971,0.6959219858156028,0.2509139888397152,0.7490860111602847,baseline,male_P42,male,P42,1111918,ELA,saline,ELA_saline
0,inactive,3,yellow,12,9-12,22.0,96.08,4.367272727272727,36.04,10763.96,6.0,6.006666666666667,0.0089260829657486,0.0020438574650964,4.0,18.56,4.64,0.001724272479645,0.0003716104481993,10.0,57.64,5.764,0.0053549065585528,0.0009290261204984,17.0,816.08,48.004705882352944,0.0758159636416337,0.0015793444048472,1.0,1.08,1.08,0.0001003348210138,9.29026120498404e-05,3.0,8.32,2.7733333333333334,0.0007729497322546,0.0002787078361495,2.0,3.12,1.56,0.0002898561495955,0.0001858052240996,4.0,6.92,1.73,0.0006428860753848,0.0003716104481993,4.0,6.2,1.55,0.000575996194709,0.0003716104481993,1.0,3.28,3.28,0.0003047205675234,9.29026120498404e-05,,,,,,,,,,,,,,,,,,,,64.89992746474002,846.0,0.0767138622514657,0.0407915246219443,2.17024948938957,0.0702603123290218,0.0785956097941649,907.0,0.0,907.0,0.0,1.0,291.0,336.0,1919.0,2424.0,44.0,0.0,732.0,1181.0,247.0,336.0,1187.0,1243.0,0.1512027491408934,0.8487972508591065,0.0,1.0,0.3814486711829077,0.6185513288170922,0.4872112211221122,0.5127887788778878,baseline,male_P42,male,P42,1111834,ELA,saline,ELA_saline
0,inactive,4,blue,12,9-12,5.0,23.8,4.76,323.2,10476.8,22.0,14.69090909090909,0.0022716860109957,0.0004772449602932,,,,,,4.0,31.2,7.8,0.0029780085522296,0.0003817959682345,20.0,782.8,39.14,0.0747174709835064,0.0019089798411728,,,,,,1.0,9.0,9.0,0.0008590409285277,9.544899205864386e-05,2.0,12.08,6.04,0.0011530238240684,0.0001908979841172,2.0,6.88,3.44,0.0006566890653634,0.0001908979841172,1.0,4.88,4.88,0.0004657910812461,9.544899205864386e-05,2.0,8.84,4.42,0.0008437690897984,0.0001908979841172,2.0,4.32,2.16,0.0004123396456933,0.0001908979841172,0.0,0.0,0.0,6.4,7.0,0.9142857142857144,0.0,0.0,0.0006108735491753,0.0006681429444105,0.0,1.0,0.0,1.0,36.88389536711763,545.0,0.0676768722332433,0.025146688853453,1.8656277976933375,0.0639061970130359,0.0520197006719609,8102.0,1055.0,5601.0,0.130214761787213,0.6913107874598865,530.0,297.0,784.0,600.0,0.0,0.0,62.0,38.0,530.0,297.0,722.0,562.0,0.0,1.0,0.0,1.0,0.0790816326530612,0.9209183673469388,0.0633333333333333,0.9366666666666666,baseline,male_P42,male,P42,1111865,CTRL,saline,CTRL_saline
0,inactive,4,green,12,9-12,20.0,104.28,5.214,9.16,10790.84,2.0,4.58,0.0096637518487902,0.0018534238298408,3.0,15.24,5.08,0.0014123089583387,0.0002780135744761,10.0,47.68,4.768,0.0044185624103406,0.0009267119149204,34.0,618.56,18.192941176470587,0.0573226922093182,0.0031508205107294,3.0,7.48,2.4933333333333336,0.0006931805123604,0.0002780135744761,2.0,2.92,1.46,0.0002705998791567,0.000185342382984,5.0,24.6,4.92,0.0022797113107042,0.0004633559574602,1.0,2.16,2.16,0.0002001697736228,9.267119149204324e-05,2.0,13.88,6.94,0.0012862761379095,0.000185342382984,13.0,48.72,3.747692307692307,0.0045149404494923,0.0012047254893965,3.0,8.76,2.92,0.0008117996374702,0.0002780135744761,6.4,7.0,0.9142857142857144,0.0,0.0,0.0,0.000593095625549,0.0006486983404443,0.0,0.0,1.0,0.0,1.0,0.0,88.11795042503064,880.0,0.1001340345738984,0.0561109991586944,2.0350270226277365,0.0863655460468895,0.081550648512998,231.0,107.33333333333336,0.0,0.4646464646464648,0.0,695.0,404.0,1586.0,2627.0,0.0,0.0,132.0,585.0,695.0,404.0,1454.0,2042.0,0.0,1.0,0.0,1.0,0.0832282471626734,0.9167717528373266,0.2226874762086029,0.777312523791397,baseline,male_P42,male,P42,1111969,CTRL,saline,CTRL_saline
0,inactive,4,red,12,9-12,19.0,169.64,8.928421052631577,81.32,10718.68,7.0,11.617142857142856,0.0158265756604358,0.0017726063283911,11.0,52.4,4.763636363636364,0.004888661663563,0.0010262457690685,4.0,26.64,6.66,0.0024853806625442,0.0003731802796613,42.0,495.8,11.804761904761904,0.0462556956640183,0.0039183929364436,,,,,,3.0,10.24,3.4133333333333336,0.0009553415159329,0.0002798852097459,2.0,2.48,1.24,0.00023137177339,0.0001865901398306,1.0,7.28,7.28,0.0006791881089835,9.32950699153254e-05,,,,,,8.0,24.0,3.0,0.0022390816779678,0.0007463605593226,,,,,,,,,,,,,,,,,,,,49.53900003468444,803.0,0.0616924035301176,0.0327912769718825,1.8227127518214763,0.0538829035821327,0.0749159411420063,2040.0,728.3333333333333,519.0,0.3570261437908496,0.2544117647058823,323.0,183.0,1991.0,4260.0,0.0,0.0,142.0,675.0,323.0,183.0,1849.0,3585.0,0.0,1.0,0.0,1.0,0.071320944249121,0.928679055750879,0.1584507042253521,0.8415492957746479,baseline,male_P42,male,P42,1111835,ELA,saline,ELA_saline
0,inactive,4,yellow,12,9-12,9.0,41.24,4.582222222222223,117.8,10682.2,18.0,6.544444444444444,0.0038606279605324,0.0008425230757709,4.0,10.8,2.7,0.001011027690925,0.0003744547003426,3.0,6.76,2.2533333333333334,0.000632828443579,0.0002808410252569,3.0,882.76,294.25333333333333,0.0826384078186141,0.0002808410252569,,,,,,3.0,6.2,2.066666666666667,0.000580404785531,0.0002808410252569,,,,,,5.0,19.44,3.888,0.0018198498436651,0.0004680683754282,2.0,3.88,1.94,0.0003632210593323,0.0001872273501713,3.0,11.16,3.72,0.0010447286139559,0.0002808410252569,,,,,,,,,,,,,,,,,,,,66.6057653770805,748.0,0.0890451408784498,0.0317785259190489,2.1901975509319014,0.0834452858436009,0.070023028964071,2963.0,750.6666666666667,1284.0,0.2533468331645854,0.4333445831927101,158.0,590.0,446.0,1040.0,0.0,0.0,92.0,605.0,158.0,590.0,354.0,435.0,0.0,1.0,0.0,1.0,0.2062780269058296,0.7937219730941704,0.5817307692307693,0.4182692307692308,baseline,male_P42,male,P42,1111919,ELA,saline,ELA_saline
0,inactive,5,blue,12,9-12,15.0,193.76,12.917333333333334,3.16,10796.84,1.0,3.16,0.017945991604951,0.0013892953864278,12.0,64.04,5.336666666666667,0.0059313651031227,0.0011114363091423,12.0,85.48,7.123333333333334,0.0079171313087903,0.0011114363091423,39.0,462.2,11.851282051282052,0.0428088218404644,0.0036121680047124,1.0,1.76,1.76,0.0001630106586742,9.261969242852538e-05,2.0,3.68,1.84,0.0003408404681369,0.000185239384857,6.0,33.6,5.6000000000000005,0.0031120216655984,0.0005557181545711,4.0,14.32,3.58,0.0013263139955764,0.0003704787697141,1.0,2.84,2.84,0.000263039926497,9.261969242852538e-05,3.0,8.36,2.786666666666666,0.0007743006287024,0.0002778590772855,,,,,,0.8,1.0,0.8,0.0,0.0,0.0,7.409575394282031e-05,9.261969242852538e-05,0.0,0.0,1.0,0.0,1.0,0.0,43.24658576428748,885.0,0.0488661986037146,0.021123188503019,1.966191605310396,0.0443944471856211,0.0819684277992449,80.0,0.0,80.0,0.0,1.0,940.0,434.0,3762.0,4859.0,73.0,0.0,704.0,1600.0,867.0,434.0,3058.0,3259.0,0.0776595744680851,0.9223404255319148,0.0,1.0,0.1871345029239766,0.8128654970760234,0.3292858612883309,0.6707141387116691,baseline,male_P42,male,P42,1112041,ELA,saline,ELA_saline
0,inactive,5,green,12,9-12,21.0,119.32,5.681904761904762,16.32,10783.68,2.0,8.16,0.0110648683937208,0.0019473871628238,8.0,45.52,5.69,0.0042211935072257,0.0007418617763138,14.0,99.48,7.105714285714286,0.0092250511884625,0.0012982581085492,31.0,592.36,19.10838709677419,0.054931155227158,0.0028747143832161,1.0,2.28,2.28,0.0002114306062494,9.273272203922964e-05,9.0,22.88,2.542222222222222,0.0021217246802575,0.000834594498353,9.0,101.28,11.253333333333334,0.0093919700881331,0.000834594498353,4.0,13.56,3.39,0.0012574557108519,0.0003709308881569,5.0,8.64,1.7280000000000002,0.0008012107184189,0.0004636636101961,12.0,34.28,2.856666666666667,0.0031788777115047,0.0011127926644707,1.0,2.08,2.08,0.0001928840618415,9.273272203922964e-05,,,,,,,,,,,,,,,76.11768347880063,871.0,0.0873911406186,0.0314211289674694,2.03625037234049,0.0767898158056845,0.080770200896169,410.0,31.333333333333332,316.0,0.0764227642276422,0.7707317073170732,3122.0,564.0,3647.0,3004.0,96.0,0.0,637.0,1584.0,3026.0,564.0,3010.0,1420.0,0.0307495195387572,0.9692504804612428,0.0,1.0,0.1746641074856046,0.8253358925143954,0.5272969374167776,0.4727030625832223,baseline,male_P42,male,P42,1112051,CTRL,saline,CTRL_saline
0,inactive,5,red,12,9-12,14.0,141.12,10.08,44.16,10755.84,4.0,11.04,0.0131203141735094,0.0013016184695941,7.0,45.76,6.5371428571428565,0.0042544329406164,0.000650809234797,4.0,28.6,7.15,0.0026590205878852,0.0003718909913126,32.0,529.48,16.54625,0.0492272105200523,0.002975127930501,2.0,7.64,3.82,0.0007103117934071,0.0001859454956563,3.0,4.92,1.64,0.0004574259193145,0.0002789182434844,8.0,45.84,5.73,0.0042618707604426,0.0007437819826252,3.0,17.8,5.933333333333334,0.0016549149113411,0.0002789182434844,2.0,3.72,1.86,0.0003458586219207,0.0001859454956563,7.0,31.52,4.502857142857143,0.0029305010115434,0.000650809234797,1.0,3.2,3.2,0.0002975127930501,9.29727478281566e-05,0.0,0.0,0.0,0.8,1.0,0.8,0.0,0.0,7.437819826252529e-05,9.29727478281566e-05,0.0,1.0,0.0,1.0,33.84632548225447,844.0,0.0401022813770787,0.0180340817197108,1.9086381217892845,0.0351173632498094,0.0784689991669641,1108.0,103.66666666666666,797.0,0.0935619735258724,0.7193140794223827,1280.0,543.0,1870.0,3542.0,111.0,0.0,533.0,1263.0,1169.0,543.0,1337.0,2279.0,0.08671875,0.91328125,0.0,1.0,0.2850267379679144,0.7149732620320856,0.3565782044042914,0.6434217955957087,baseline,male_P42,male,P42,1111882,ELA,saline,ELA_saline
0,inactive,5,yellow,12,9-12,18.0,162.4,9.022222222222222,95.56,10704.44,17.0,5.621176470588235,0.0151712747233858,0.0016815452279614,2.0,13.36,6.68,0.0012480802358647,0.0001868383586623,6.0,26.36,4.3933333333333335,0.0024625295671702,0.0005605150759871,22.0,777.8,35.35454545454545,0.0726614376838022,0.0020552219452862,1.0,0.96,0.96,8.968241215794567e-05,9.34191793311934e-05,2.0,6.96,3.48,0.0006501974881451,0.0001868383586623,7.0,18.64,2.662857142857143,0.0017413335027334,0.0006539342553183,2.0,16.92,8.46,0.0015806525142837,0.0001868383586623,,,,,,3.0,9.08,3.026666666666667,0.0008482461483272,0.0002802575379935,,,,,,,,,,,,,,,,,,,,44.511223914041885,772.0,0.057657025795391,0.0209326239346218,2.185562312178902,0.0546179790095225,0.0721196064436813,2406.0,135.0,2001.0,0.0561097256857855,0.8316708229426434,649.0,425.0,1001.0,4078.0,0.0,0.0,426.0,1320.0,649.0,425.0,575.0,2758.0,0.0,1.0,0.0,1.0,0.4255744255744256,0.5744255744255744,0.3236880823933301,0.67631191760667,baseline,male_P42,male,P42,1111983,CTRL,saline,CTRL_saline
0,inactive,6,blue,12,9-12,9.0,70.68,7.853333333333334,33.64,10766.36,4.0,8.41,0.0065648928700136,0.0008359371226672,1.0,10.04,10.04,0.0009325343012866,9.288190251858566e-05,6.0,36.72,6.12,0.0034106234604824,0.0005572914151115,31.0,618.84,19.962580645161292,0.0574790365546015,0.0028793389780761,,,,,,4.0,33.48,8.37,0.0031096860963222,0.0003715276100743,8.0,53.8,6.725,0.0049970463554999,0.0007430552201486,2.0,4.88,2.44,0.0004532636842906,0.0001857638050371,2.0,3.48,1.74,0.0003232290207646,0.0001857638050371,4.0,31.88,7.97,0.0029610750522925,0.0003715276100743,2.0,4.04,2.02,0.000375242886175,0.0001857638050371,,,,,,,,,,,,,,,32.48728609426806,853.0,0.0380859157025416,0.0139059013047591,1.9931424378867575,0.0342724433674389,0.0792282628483535,845.0,0.0,845.0,0.0,1.0,2194.0,213.0,1176.0,1776.0,128.0,35.0,202.0,912.0,2066.0,178.0,974.0,864.0,0.0583409298085688,0.9416590701914312,0.1643192488262911,0.8356807511737089,0.1717687074829932,0.8282312925170068,0.5135135135135135,0.4864864864864865,baseline,male_P42,male,P42,1111883,ELA,saline,ELA_saline
0,inactive,6,green,12,9-12,14.0,120.8,8.628571428571428,6.8,10793.2,2.0,3.4,0.0111922321461661,0.0012971129970722,16.0,114.28,7.1425,0.0105881480932438,0.0014824148537968,5.0,21.16,4.232,0.0019604936441463,0.0004632546418115,42.0,554.96,13.213333333333336,0.0514175592039432,0.0038913389912166,,,,,,8.0,19.6,2.45,0.0018159581959011,0.0007412074268984,11.0,47.24,4.294545454545455,0.0043768298558351,0.0010191602119853,2.0,2.92,1.46,0.0002705407108179,0.0001853018567246,8.0,20.08,2.51,0.001860430641515,0.0007412074268984,4.0,17.32,4.33,0.001604714079235,0.0003706037134492,3.0,7.6,2.533333333333333,0.0007041470555534,0.0002779527850869,,,,,,,,,,,,,,,79.8430897636069,883.0,0.0904225252135978,0.0337183749047589,2.0359198105398058,0.0825407751620003,0.0818107697439128,172.0,27.33333333333333,90.0,0.1589147286821705,0.5232558139534884,1690.0,585.0,3365.0,3034.0,21.0,19.0,433.0,633.0,1669.0,566.0,2932.0,2401.0,0.0124260355029585,0.9875739644970414,0.0324786324786324,0.9675213675213676,0.1286775631500742,0.8713224368499257,0.2086354647330257,0.7913645352669743,baseline,male_P42,male,P42,1112052,CTRL,saline,CTRL_saline
0,inactive,6,red,12,9-12,7.0,62.68,8.954285714285714,90.56,10709.44,10.0,9.056,0.0058527803507933,0.0006536289479188,5.0,49.32,9.864,0.0046052828159082,0.000466877819942,3.0,39.96,13.32,0.0037312875369767,0.0002801266919652,24.0,612.88,25.536666666666665,0.0572280156572145,0.0022410135357217,,,,,,3.0,13.84,4.613333333333333,0.0012923178055995,0.0002801266919652,3.0,3.76,1.2533333333333332,0.0003510921205964,0.0002801266919652,4.0,5.32,1.33,0.0004967580004183,0.0003735022559536,2.0,4.24,2.12,0.0003959123913108,0.0001867511279768,6.0,16.48,2.7466666666666666,0.0015388292945289,0.0005602533839304,1.0,2.32,2.32,0.0002166313084531,9.337556398840648e-05,,,,,,,,,,,,,,,32.430864018947425,787.0,0.0412082134929446,0.0146068196945447,1.8799506207732757,0.0378287963520192,0.0734865688588759,2274.0,143.66666666666666,1843.0,0.0631779536792729,0.8104661389621812,446.0,245.0,2240.0,1574.0,60.0,35.0,457.0,253.0,386.0,210.0,1783.0,1321.0,0.1345291479820627,0.8654708520179372,0.1428571428571428,0.8571428571428571,0.2040178571428571,0.7959821428571429,0.1607369758576874,0.8392630241423126,baseline,male_P42,male,P42,1112042,ELA,saline,ELA_saline
0,inactive,6,yellow,12,9-12,11.0,87.36,7.941818181818181,152.96,10647.04,23.0,6.650434782608696,0.0082050973791776,0.001033150997836,2.0,2.64,1.32,0.0002479562394806,0.0001878456359701,3.0,14.56,4.8533333333333335,0.0013675162298629,0.0002817684539552,11.0,852.12,77.46545454545455,0.080033511661457,0.001033150997836,,,,,,5.0,7.56,1.512,0.0007100565039672,0.0004696140899254,9.0,16.32,1.8133333333333337,0.0015328203895167,0.0008453053618658,2.0,12.48,6.24,0.0011721567684539,0.0001878456359701,3.0,7.92,2.64,0.0007438687184419,0.0002817684539552,,,,,,,,,,,,,,,,,,,,,,,,,44.89252358889516,713.0,0.0629628661835836,0.0227444468341042,2.208813889323074,0.0570084812894156,0.066966969223371,3847.0,116.33333333333331,3498.0,0.0302400138636166,0.90927995840915,611.0,515.0,435.0,2195.0,63.0,19.0,207.0,1270.0,548.0,496.0,228.0,925.0,0.1031096563011456,0.8968903436988543,0.0368932038834951,0.9631067961165048,0.4758620689655172,0.5241379310344828,0.5785876993166287,0.4214123006833713,baseline,male_P42,male,P42,1111984,CTRL,saline,CTRL_saline
0,inactive,7,blue,12,9-12,2.0,9.32,4.66,218.12,10581.88,10.0,21.812,0.0008807508684657,0.0001890023322887,4.0,37.2,9.3,0.0035154433805713,0.0003780046645775,3.0,38.76,12.92,0.0036628651997565,0.0002835034984331,18.0,726.44,40.357777777777784,0.0686494271339308,0.001701020990599,,,,,,8.0,24.72,3.09,0.0023360688270893,0.0007560093291551,3.0,17.84,5.946666666666666,0.0016859008040159,0.0002835034984331,5.0,25.64,5.128,0.0024230098999421,0.0004725058307219,4.0,9.12,2.28,0.0008618506352368,0.0003780046645775,5.0,15.56,3.112,0.0014704381452067,0.0004725058307219,2.0,4.2,2.1,0.0003969048978064,0.0001890023322887,0.0,0.0,0.0,0.8,1.0,0.8,0.0,0.0,7.560093291551218e-05,9.450116614439025e-05,0.0,1.0,0.0,1.0,31.58200585499399,661.0,0.0477791313993857,0.0146599121564295,2.0341492659906057,0.0450856903211723,0.0624652708214419,5463.0,549.6666666666667,3814.0,0.1006162670083592,0.6981511989749222,1075.0,878.0,1906.0,235.0,170.0,0.0,349.0,0.0,905.0,878.0,1557.0,235.0,0.1581395348837209,0.8418604651162791,0.0,1.0,0.183105981112277,0.816894018887723,0.0,1.0,baseline,male_P42,male,P42,1112053,CTRL,MDMA,CTRL_MDMA
0,inactive,7,green,12,9-12,17.0,155.64,9.155294117647058,4.04,10795.96,1.0,4.04,0.0144165039514781,0.0015746631147206,7.0,29.8,4.257142857142857,0.0027602918128633,0.0006483906942967,17.0,102.44,6.025882352941176,0.0094887346748228,0.0015746631147206,42.0,478.96,11.403809523809525,0.0443647438486248,0.0038903441657805,1.0,2.16,2.16,0.0002000748428115,9.262724204239363e-05,5.0,9.08,1.816,0.0008410553577449,0.0004631362102119,8.0,28.2,3.525,0.0026120882255955,0.0007410179363391,2.0,6.56,3.28,0.0006076347077981,0.0001852544840847,2.0,4.04,2.02,0.0003742140578512,0.0001852544840847,2.0,5.12,2.56,0.000474251479257,0.0001852544840847,2.0,5.92,2.96,0.0005483532728909,0.0001852544840847,,,,,,,,,,,,,,,80.33185474666973,886.0,0.0906680076147514,0.0323379403746664,2.031651574723275,0.0840467748905085,0.0820677364495607,102.0,19.333333333333332,44.0,0.1895424836601307,0.4313725490196078,945.0,269.0,3171.0,3908.0,202.0,0.0,516.0,1474.0,743.0,269.0,2655.0,2434.0,0.2137566137566137,0.7862433862433862,0.0,1.0,0.162724692526017,0.8372753074739829,0.3771750255885363,0.6228249744114637,baseline,male_P42,male,P42,1111884,ELA,MDMA,ELA_MDMA
0,inactive,7,red,12,9-12,15.0,215.96,14.397333333333334,77.76,10722.24,5.0,15.552,0.0201413137553347,0.0013989614110484,2.0,23.2,11.6,0.0021637269824215,0.0001865281881397,2.0,21.12,10.56,0.0019697376667562,0.0001865281881397,28.0,503.04,17.965714285714288,0.0469155698809204,0.002611394633957,,,,,,3.0,13.36,4.453333333333333,0.0012460082967738,0.0002797922822096,4.0,25.16,6.29,0.0023465246067985,0.0003730563762795,2.0,2.96,1.48,0.0002760617184468,0.0001865281881397,2.0,3.48,1.74,0.0003245590473632,0.0001865281881397,5.0,28.04,5.608,0.0026151251977198,0.0004663204703494,,,,,,0.8,1.0,0.8,0.0,0.0,0.0,7.461127525591667e-05,9.326409406989584e-05,0.0,0.0,1.0,0.0,1.0,0.0,35.175772092428176,808.0,0.04353437140152,0.0168674208509242,1.9451210223718067,0.0405818990050476,0.0753573880084758,1949.0,481.99999999999994,503.0,0.2473063109286813,0.2580810672139558,970.0,165.0,1112.0,5414.0,48.0,0.0,432.0,1470.0,922.0,165.0,680.0,3944.0,0.0494845360824742,0.9505154639175256,0.0,1.0,0.3884892086330935,0.6115107913669064,0.2715182859253786,0.7284817140746214,baseline,male_P42,male,P42,1111985,CTRL,MDMA,CTRL_MDMA
0,inactive,7,yellow,12,9-12,4.0,37.44,9.36,147.32,10652.68,10.0,14.732,0.0035146085304355,0.0003754923643627,7.0,46.6,6.6571428571428575,0.0043744860448262,0.0006571116376348,3.0,14.28,4.76,0.001340507740775,0.000281619273272,12.0,829.28,69.10666666666667,0.0778470769796896,0.0011264770930883,,,,,,3.0,27.8,9.266666666666667,0.0026096719323212,0.000281619273272,12.0,52.04,4.336666666666667,0.0048851556603596,0.0011264770930883,1.0,5.4,5.4,0.0005069146918897,9.387309109069267e-05,3.0,4.8,1.6,0.0004505908372353,0.000281619273272,3.0,7.68,2.56,0.0007209453395765,0.000281619273272,,,,,,,,,,,,,,,,,,,,60.96481968984028,728.0,0.083742884189341,0.0307347447630514,2.1129967740975006,0.0754674875929874,0.0683396103140242,3693.0,87.0,3432.0,0.0235580828594638,0.9293257514216084,2011.0,259.0,1532.0,940.0,16.0,0.0,308.0,554.0,1995.0,259.0,1224.0,386.0,0.0079562406762804,0.9920437593237196,0.0,1.0,0.2010443864229765,0.7989556135770235,0.5893617021276596,0.4106382978723404,baseline,male_P42,male,P42,1112043,ELA,MDMA,ELA_MDMA
0,inactive,8,blue,12,9-12,15.0,74.76,4.984,22.76,10777.24,3.0,7.586666666666667,0.0069368409722711,0.001391822024934,5.0,32.4,6.4799999999999995,0.0030063355738574,0.000463940674978,6.0,48.56,8.093333333333334,0.0045057918353864,0.0005567288099736,30.0,617.04,20.568,0.0572539908176861,0.002783644049868,,,,,,3.0,6.76,2.2533333333333334,0.0006272477925702,0.0002783644049868,10.0,52.6,5.26,0.0048806559007686,0.000927881349956,3.0,7.04,2.3466666666666667,0.000653228470369,0.0002783644049868,4.0,9.76,2.44,0.000905612197557,0.0003711525399824,12.0,41.6,3.466666666666667,0.003859986415817,0.0011134576199472,,,,,,,,,,,,,,,,,,,,45.58220690055614,866.0,0.0526353428412888,0.0253176568887517,1.9944695542063933,0.0467238654045705,0.0803545249061912,572.0,0.0,572.0,0.0,1.0,1497.0,427.0,2035.0,1884.0,56.0,43.0,507.0,345.0,1441.0,384.0,1528.0,1539.0,0.0374081496325985,0.9625918503674016,0.1007025761124121,0.8992974238875878,0.2491400491400491,0.7508599508599508,0.1831210191082802,0.8168789808917197,baseline,male_P42,male,P42,1112054,CTRL,MDMA,CTRL_MDMA
0,inactive,8,green,12,9-12,22.0,98.24,4.465454545454545,7.88,10792.12,2.0,3.94,0.0091029380696285,0.0020385244048435,12.0,55.2,4.6000000000000005,0.0051148430521528,0.0011119224026419,7.0,41.36,5.908571428571428,0.0038324258811058,0.0006486214015411,37.0,590.24,15.952432432432431,0.0546917565779476,0.0034284274081459,1.0,1.2,1.2,0.0001111922402641,9.266020022016064e-05,3.0,6.92,2.306666666666666,0.0006412085855235,0.0002779806006604,8.0,16.28,2.035,0.0015085080595842,0.0007412816017612,3.0,3.56,1.1866666666666668,0.0003298703127837,0.0002779806006604,2.0,7.28,3.64,0.0006745662576027,0.0001853204004403,3.0,10.44,3.48,0.0009673724902984,0.0002779806006604,2.0,5.04,2.52,0.0004670074091096,0.0001853204004403,,,,,,,,,,,,,,,97.26797638671772,881.0,0.1104063296103493,0.0618554429978933,2.027557771689223,0.0975202498177532,0.0816336363939615,199.0,40.33333333333335,78.0,0.2026800670016751,0.3919597989949748,591.0,276.0,2433.0,2478.0,78.0,6.0,752.0,762.0,513.0,270.0,1681.0,1716.0,0.1319796954314721,0.868020304568528,0.0217391304347826,0.9782608695652174,0.3090834360871352,0.6909165639128648,0.3075060532687651,0.6924939467312349,baseline,male_P42,male,P42,1112044,ELA,MDMA,ELA_MDMA
0,inactive,8,red,12,9-12,10.0,72.72,7.272,98.6,10701.4,11.0,8.963636363636363,0.0067953725680752,0.0009344571738277,3.0,20.56,6.853333333333333,0.0019212439493897,0.0002803371521483,5.0,28.44,5.688000000000001,0.002657596202366,0.0004672285869138,26.0,656.88,25.264615384615382,0.0613826228343955,0.002429588651952,,,,,,4.0,5.92,1.48,0.000553198646906,0.000373782869531,6.0,20.72,3.453333333333333,0.001936195264171,0.0005606743042966,2.0,12.68,6.34,0.0011848916964135,0.0001868914347655,4.0,14.72,3.68,0.0013755209598744,0.000373782869531,6.0,22.68,3.78,0.0021193488702412,0.0005606743042966,1.0,4.6,4.6,0.0004298502999607,9.344571738277236e-05,1.6,2.0,0.8,0.8,1.0,0.8,0.0001495131478124,0.0001868914347655,7.475657390621788e-05,9.344571738277236e-05,0.6666666666666666,0.3333333333333333,0.6666666666666666,0.3333333333333333,39.922384892251706,779.0,0.051248247615214,0.0178023478599365,1.8371096512580147,0.045637127103441,0.0727942138411796,2476.0,200.33333333333337,1875.0,0.080910070005385,0.7572697899838449,676.0,691.0,1233.0,1828.0,19.0,57.0,240.0,296.0,657.0,634.0,993.0,1532.0,0.0281065088757396,0.9718934911242604,0.0824891461649783,0.9175108538350216,0.194647201946472,0.805352798053528,0.161925601750547,0.838074398249453,baseline,male_P42,male,P42,1111885,ELA,MDMA,ELA_MDMA
0,inactive,8,yellow,12,9-12,15.0,70.84,4.722666666666667,82.56,10717.44,9.0,9.173333333333334,0.0066097874119192,0.0013995879613041,5.0,31.2,6.24,0.0029111429595127,0.0004665293204347,2.0,5.32,2.66,0.0004963871969425,0.0001866117281738,11.0,821.68,74.69818181818181,0.0766675624029619,0.0010263645049564,,,,,,5.0,11.52,2.304,0.0010748835542816,0.0004665293204347,2.0,4.16,2.08,0.0003881523946016,0.0001866117281738,4.0,6.24,1.56,0.0005822285919025,0.0003732234563477,3.0,4.2,1.4,0.0003918846291651,0.0002799175922608,3.0,8.12,2.7066666666666666,0.000757643616386,0.0002799175922608,1.0,2.12,2.12,0.0001978084318643,9.330586408694614e-05,0.8,1.0,0.8,1.6,2.0,0.8,7.464469126955691e-05,9.330586408694614e-05,0.0001492893825391,0.0001866117281738,0.3333333333333333,0.6666666666666666,0.3333333333333333,0.6666666666666666,59.67279048351525,795.0,0.0750601138157424,0.0308251860107672,2.1564312381611814,0.0717522191428062,0.0741781619491221,2073.0,240.66666666666663,1351.0,0.1160958353433027,0.6517124939700917,399.0,268.0,920.0,1786.0,41.0,44.0,700.0,564.0,358.0,224.0,220.0,1222.0,0.1027568922305764,0.8972431077694235,0.1641791044776119,0.835820895522388,0.7608695652173914,0.2391304347826087,0.3157894736842105,0.6842105263157895,baseline,male_P42,male,P42,1111986,CTRL,MDMA,CTRL_MDMA
1,inactive,1,blue,3,0-3,2.0,8.92,4.46,10676.96,123.04000000000087,12.0,889.7466666666666,0.0724967490247069,0.0162548764629387,1.0,1.32,1.32,0.0107282184655395,0.0081274382314693,,,,,,9.0,10765.44,1196.16,87.49544863458976,0.0731469440832244,,,,,,,,,,,,,,,,,,,,,,,,,,,,,,,,,,,,,,,,,,,,,,,,,,9.102374167585902,112.0,0.0812711979248741,0.0660303593001175,1.4528920839628643,0.0713342678092513,0.9102730819245708,266936.0,248360.66666666663,15.0,0.93041278308908,5.619324482272904e-05,0.0,0.0,34.0,225.0,0.0,0.0,0.0,42.0,0.0,0.0,34.0,183.0,0.0,0.0,0.0,0.0,0.0,1.0,0.1866666666666666,0.8133333333333334,baseline,male_P42,male,P42,1111862,CTRL,MDMA,CTRL_MDMA
1,inactive,1,blue,6,3-6,1.0,8.12,8.12,10692.56,107.44000000000052,15.0,712.8373333333333,0.0755770662695454,0.009307520476545,1.0,3.12,3.12,0.0290394638868204,0.009307520476545,,,,,,9.0,10777.88,1197.542222222222,100.31533879374486,0.083767684288905,,,,,,2.0,10.8,5.4,0.100521221146686,0.01861504095309,1.0,1.56,1.56,0.0145197319434102,0.009307520476545,1.0,2.76,2.76,0.0256887565152642,0.009307520476545,1.0,1.28,1.28,0.0119136262099776,0.009307520476545,,,,,,,,,,,,,,,,,,,,,,,,,6.354862627341638,94.0,0.0676049215674642,0.036933643067764,1.4991627136410448,0.0673271316367654,0.8749069247952302,267329.0,265724.0,0.0,0.9939961620325516,0.0,312.0,103.0,79.0,204.0,0.0,0.0,0.0,0.0,312.0,103.0,79.0,204.0,0.0,1.0,0.0,1.0,0.0,1.0,0.0,1.0,baseline,male_P42,male,P42,1111862,CTRL,MDMA,CTRL_MDMA
1,inactive,1,blue,9,6-9,,,,10718.64,81.36000000000058,8.0,1339.83,,,,,,,,,,,,,4.0,10799.96,2699.99,132.74287118977287,0.0491642084562435,,,,,,2.0,13.84,6.92,0.1701081612586025,0.0245821042281217,1.0,2.12,2.12,0.026057030481809,0.0122910521140608,1.0,1.0,1.0,0.0122910521140608,0.0122910521140608,1.0,1.16,1.16,0.0142576204523106,0.0122910521140608,,,,,,2.0,5.36,2.68,0.0658800393313663,0.0245821042281217,,,,,,,,,,,,,,,3.1607029565731737,74.0,0.0427122021158537,0.0087572267799045,1.6627167543300665,0.0352084234339453,0.9095378564405048,267974.0,257050.3333333333,2886.0,0.9592360950440464,0.0107697015382089,402.0,56.0,0.0,0.0,0.0,0.0,0.0,0.0,402.0,56.0,0.0,0.0,0.0,1.0,0.0,1.0,0.0,0.0,0.0,0.0,baseline,male_P42,male,P42,1111862,CTRL,MDMA,CTRL_MDMA
1,inactive,1,blue,12,9-12,,,,10557.2,242.79999999999927,9.0,1173.0222222222224,,,,,,,,,,,,,4.0,10799.96,2699.99,44.48088962108744,0.0164744645799012,,,,,,10.0,196.4,19.64,0.8088962108731491,0.041186161449753,,,,,,2.0,3.16,1.58,0.0130148270181219,0.0082372322899506,,,,,,3.0,8.04,2.6799999999999997,0.0331136738056014,0.0123558484349259,,,,,,,,,,,,,,,,,,,,2.19801577997047,236.0,0.0093136261863155,0.0022089333910173,2.2760296251276833,0.009306898517434,0.971993410214171,263939.0,239087.99999999997,2884.0,0.9058456688856136,0.0109267671696869,4920.0,81.0,0.0,0.0,0.0,0.0,0.0,0.0,4920.0,81.0,0.0,0.0,0.0,1.0,0.0,1.0,0.0,0.0,0.0,0.0,baseline,male_P42,male,P42,1111862,CTRL,MDMA,CTRL_MDMA
1,inactive,1,green,3,0-3,13.0,47.72,3.670769230769231,9494.72,1305.2800000000009,20.0,474.736,0.0365592056876685,0.0099595489090463,14.0,46.92,3.351428571428571,0.0359463103701887,0.010725668055896,6.0,34.48,5.746666666666666,0.0264157881833782,0.0045967148810983,38.0,10454.8,275.12631578947367,8.009622456484426,0.0291125275802892,,,,,,20.0,187.0,9.35,0.1432642804608971,0.0153223829369943,5.0,20.0,4.0,0.0153223829369943,0.0038305957342485,2.0,9.36,4.68,0.0071708752145133,0.0015322382936994,2.0,5.88,2.94,0.0045047805834763,0.0015322382936994,20.0,105.84,5.292,0.0810860505025741,0.0153223829369943,3.0,6.16,2.0533333333333332,0.0047192939445942,0.0022983574405491,,,,,,,,,,,,,,,72.50834274444726,1293.0,0.056077604597407,0.0105019048931067,2.022166111094053,0.0515600356685845,0.9905920568766848,237388.0,233794.66666666663,0.0,0.9848630371655966,0.0,5200.0,385.0,2055.0,1206.0,10.0,0.0,51.0,126.0,5190.0,385.0,2004.0,1080.0,0.0019230769230769,0.9980769230769232,0.0,1.0,0.0248175182481751,0.9751824817518248,0.1044776119402985,0.8955223880597015,baseline,male_P42,male,P42,1111966,CTRL,MDMA,CTRL_MDMA
1,inactive,1,green,6,3-6,,,,10721.04,78.95999999999913,12.0,893.4200000000001,,,1.0,1.96,1.96,0.0248226950354612,0.0126646403242149,,,,,,7.0,10785.04,1540.72,136.58865248227102,0.0886524822695045,,,,,,,,,,,,,,,,1.0,2.28,2.28,0.02887537993921,0.0126646403242149,,,,,,,,,,,,,,,,,,,,,,,,,,,,,,3.559939566383881,68.0,0.0523520524468217,0.0224224482947732,1.4552475990021414,0.046616855074157,0.8611955420466154,268038.0,266191.0,44.0,0.9931091860109388,0.0001641558286511,0.0,58.0,50.0,0.0,0.0,0.0,0.0,0.0,0.0,58.0,50.0,0.0,0.0,0.0,0.0,1.0,0.0,1.0,0.0,0.0,baseline,male_P42,male,P42,1111966,CTRL,MDMA,CTRL_MDMA
1,inactive,1,green,9,6-9,6.0,16.2,2.6999999999999997,10101.24,698.7600000000002,20.0,505.062,0.0231839258114373,0.0085866391894212,4.0,14.28,3.57,0.0204362012708225,0.0057244261262808,3.0,24.36,8.12,0.0348617551090503,0.0042933195947106,17.0,10687.76,628.6917647058824,15.295323143854825,0.0243288110366935,,,,,,16.0,162.2,10.1375,0.2321254794206879,0.0228977045051233,7.0,13.72,1.96,0.0196347816131432,0.0100177457209914,1.0,1.16,1.16,0.0016600835766214,0.0014311065315702,,,,,,10.0,39.16,3.915999999999999,0.0560421317762894,0.014311065315702,2.0,4.04,2.02,0.0057816703875436,0.0028622130631404,,,,,,,,,,,,,,,42.69331164042784,681.0,0.0626920875777207,0.0140985566300951,1.9554369463466976,0.0582082177170261,0.9745835479993128,252551.0,250822.0,0.0,0.993153858032635,0.0,4421.0,30.0,973.0,411.0,61.0,0.0,74.0,0.0,4360.0,30.0,899.0,411.0,0.0137977833069441,0.986202216693056,0.0,1.0,0.0760534429599177,0.9239465570400822,0.0,1.0,baseline,male_P42,male,P42,1111966,CTRL,MDMA,CTRL_MDMA
1,inactive,1,green,12,9-12,2.0,5.44,2.72,9333.4,1466.6000000000004,48.0,194.44583333333333,0.0037092595117959,0.0013636983499249,3.0,15.68,5.226666666666667,0.0106913950634119,0.0020455475248874,4.0,23.32,5.83,0.0159007227601254,0.0027273966998499,14.0,10744.36,767.4542857142858,7.326033001500067,0.0095458884494749,,,,,,61.0,661.76,10.848524590163937,0.4512205100231827,0.0415927996727123,10.0,122.36,12.236,0.0834310650484112,0.0068184917496249,3.0,34.88,11.626666666666669,0.0237828992226919,0.0020455475248874,2.0,6.96,3.48,0.0047456702577389,0.0013636983499249,6.0,21.04,3.5066666666666664,0.0143461066412109,0.0040910950497749,5.0,11.24,2.248,0.0076639847265784,0.0034092458748124,0.0,0.0,0.0,1.6,1.0,1.6,0.0,0.0,0.0010909586799399,0.0006818491749624,0.0,1.0,0.0,1.0,36.06758200580453,1424.0,0.0253283581501436,0.0035096667790526,2.25791469813697,0.0232198852398719,0.9709532251465972,233383.0,224402.6666666667,0.0,0.9615210476627118,0.0,19674.0,1051.0,982.0,138.0,144.0,0.0,141.0,76.0,19530.0,1051.0,841.0,62.0,0.0073193046660567,0.9926806953339432,0.0,1.0,0.1435845213849287,0.8564154786150713,0.5507246376811594,0.4492753623188406,baseline,male_P42,male,P42,1111966,CTRL,MDMA,CTRL_MDMA
1,inactive,1,red,3,0-3,4.0,23.4,5.85,10354.28,445.71999999999935,8.0,1294.285,0.052499326931706,0.0089742439199497,3.0,11.92,3.973333333333333,0.0267432468814502,0.0067306829399623,5.0,29.56,5.912,0.0663196625684287,0.0112178048999371,25.0,10619.2,424.768,23.82482275868262,0.0560890244996859,,,,,,5.0,19.76,3.952,0.0443327649645518,0.0112178048999371,3.0,9.64,3.213333333333334,0.0216279278470789,0.0067306829399623,,,,,,4.0,13.84,3.46,0.0310508839630261,0.0089742439199497,3.0,44.68,14.893333333333333,0.1002423045858387,0.0067306829399623,1.0,2.04,2.04,0.0045768643991743,0.0022435609799874,,,,,,,,,,,,,,,19.47443535231388,437.0,0.0445639252913361,0.016491423238816,1.7965789591406696,0.0434032359897342,0.980436148254511,258865.0,241697.33333333337,1942.0,0.9336810048995938,0.0075019797964189,743.0,350.0,1045.0,589.0,0.0,0.0,0.0,0.0,743.0,350.0,1045.0,589.0,0.0,1.0,0.0,1.0,0.0,1.0,0.0,1.0,baseline,male_P42,male,P42,1111832,ELA,MDMA,ELA_MDMA
1,inactive,1,red,6,3-6,,,,10686.44,113.55999999999948,7.0,1526.634285714286,,,1.0,7.48,7.48,0.0658682634730542,0.0088059175766115,1.0,5.88,5.88,0.0517787953504757,0.0088059175766115,8.0,10774.72,1346.84,94.88129623106772,0.0704473406128921,,,,,,,,,,,6.0,16.2,2.6999999999999997,0.1426558647411066,0.0528355054596691,1.0,1.4,1.4,0.0123282846072561,0.0088059175766115,,,,,,3.0,9.32,3.106666666666667,0.0820711518140194,0.0264177527298345,,,,,,,,,,,,,,,,,,,,4.334473265129053,108.0,0.0401340117141579,0.0157171163690647,1.5687933314115423,0.0372106893109837,0.9510390982740444,267168.0,265612.3333333333,0.0,0.9941771968698846,0.0,411.0,36.0,336.0,0.0,0.0,0.0,0.0,0.0,411.0,36.0,336.0,0.0,0.0,1.0,0.0,1.0,0.0,1.0,0.0,0.0,baseline,male_P42,male,P42,1111832,ELA,MDMA,ELA_MDMA
1,inactive,1,red,9,6-9,,,,10506.64,293.3600000000006,8.0,1313.33,,,3.0,11.88,3.96,0.0404963185164984,0.0102263430597218,4.0,23.48,5.87,0.0800381783474228,0.013635124079629,13.0,10734.6,825.7384615384616,36.59190073629663,0.0443141532587945,,,,,,5.0,77.44,15.488,0.2639760021816193,0.0170439050995363,1.0,6.32,6.32,0.0215434960458139,0.0034087810199072,2.0,7.36,3.68,0.0250886283065175,0.0068175620398145,1.0,1.96,1.96,0.0066812107990182,0.0034087810199072,6.0,23.28,3.88,0.0793564221434413,0.0204526861194436,,,,,,,,,,,,,,,,,,,,13.291175615951747,284.0,0.0467999141406751,0.0149227661652012,1.8888490186526845,0.0428647775725988,0.968093809653666,262674.0,256395.6666666667,0.0,0.9760983830400676,0.0,2100.0,236.0,891.0,0.0,0.0,0.0,0.0,0.0,2100.0,236.0,891.0,0.0,0.0,1.0,0.0,1.0,0.0,1.0,0.0,0.0,baseline,male_P42,male,P42,1111832,ELA,MDMA,ELA_MDMA
1,inactive,1,red,12,9-12,1.0,9.4,9.4,10011.52,788.4799999999996,8.0,1251.44,0.011921672077922,0.0012682629870129,3.0,14.0,4.666666666666667,0.0177556818181818,0.0038047889610389,3.0,31.24,10.413333333333332,0.0396205357142857,0.0038047889610389,17.0,10714.68,630.275294117647,13.58903206168832,0.0215604707792207,,,,,,24.0,462.76,19.281666666666663,0.5869013798701301,0.0304383116883117,2.0,6.08,3.04,0.0077110389610389,0.0025365259740259,3.0,20.16,6.72,0.0255681818181818,0.0038047889610389,2.0,2.96,1.48,0.0037540584415584,0.0025365259740259,8.0,34.76,4.345,0.0440848214285714,0.0101461038961039,3.0,7.32,2.44,0.009283685064935,0.0038047889610389,1.6,1.0,1.6,0.0,0.0,0.0,0.0020292207792207,0.0012682629870129,0.0,0.0,1.0,0.0,1.0,0.0,14.045577070966672,781.0,0.0179840935607767,0.0027207121438856,2.085077479715665,0.0166898357388227,0.9905133928571436,250296.0,232351.3333333333,0.0,0.9283062187703092,0.0,11747.0,583.0,1137.0,236.0,35.0,0.0,0.0,0.0,11712.0,583.0,1137.0,236.0,0.002979484123606,0.997020515876394,0.0,1.0,0.0,1.0,0.0,1.0,baseline,male_P42,male,P42,1111832,ELA,MDMA,ELA_MDMA
1,inactive,1,yellow,3,0-3,5.0,11.92,2.384,10119.52,680.4799999999996,33.0,306.65212121212124,0.0175170467905008,0.0073477545262167,3.0,9.32,3.106666666666667,0.0136962144368681,0.00440865271573,1.0,5.32,5.32,0.0078180108158946,0.0014695509052433,15.0,10642.12,709.4746666666667,15.639137079708451,0.0220432635786503,,,,,,7.0,18.48,2.64,0.0271573007288972,0.0102868563367035,4.0,9.2,2.3,0.0135198683282388,0.0058782036209734,,,,,,,,,,,7.0,35.04,5.005714285714285,0.0514930637197272,0.0102868563367035,,,,,,,,,,,,,,,,,,,,29.8109775544814,658.0,0.0453054370128896,0.0113390403630673,2.142191105851865,0.0458534371706681,0.96696449565013,253021.0,243466.0,0.0,0.9622363361143936,0.0,703.0,0.0,370.0,303.0,10.0,0.0,51.0,84.0,693.0,0.0,319.0,219.0,0.0142247510668563,0.9857752489331436,0.0,0.0,0.1378378378378378,0.8621621621621621,0.2772277227722772,0.7227722772277227,baseline,male_P42,male,P42,1111916,ELA,MDMA,ELA_MDMA
1,inactive,1,yellow,6,3-6,,,,10785.96,14.040000000000871,11.0,980.541818181818,,,,,,,,,,,,,4.0,10799.96,2699.99,769.2279202278725,0.2849002849002672,,,,,,,,,,,,,,,,,,,,,,,,,,,,,,,,,,,,,,,,,,,,,,,,,,0.4398876343813998,5.0,0.0879775268762799,0.0509882050142139,1.4695071239291777,0.1214621513352224,0.356125356125334,269660.0,267307.3333333333,0.0,0.991275433261638,0.0,,,,,,,,,,,,,,,,,,,,,baseline,male_P42,male,P42,1111916,ELA,MDMA,ELA_MDMA
1,inactive,1,yellow,9,6-9,1.0,2.84,2.84,10470.48,329.52000000000044,19.0,551.077894736842,0.0086185967467831,0.0030347171643602,2.0,6.6,3.3,0.0200291332847778,0.0060694343287205,,,,,,8.0,10784.92,1348.115,32.729181840252444,0.0242777373148822,,,,,,8.0,19.92,2.49,0.0604515659140567,0.0242777373148822,3.0,21.24,7.079999999999999,0.0644573925710123,0.0091041514930808,2.0,5.28,2.64,0.0160233066278222,0.0060694343287205,1.0,2.04,2.04,0.0061908230152949,0.0030347171643602,2.0,5.52,2.76,0.0167516387472687,0.0060694343287205,,,,,,,,,,,,,,,,,,,,17.16651160842376,315.0,0.0544968622489643,0.0131218654078866,2.059751281611724,0.0485333200990351,0.9559359067734876,261781.0,256426.0,0.0,0.9795439699596228,0.0,1040.0,186.0,167.0,72.0,61.0,0.0,74.0,0.0,979.0,186.0,93.0,72.0,0.0586538461538461,0.9413461538461538,0.0,1.0,0.4431137724550898,0.5568862275449101,0.0,1.0,baseline,male_P42,male,P42,1111916,ELA,MDMA,ELA_MDMA
1,inactive,1,yellow,12,9-12,1.0,3.92,3.92,10060.48,739.5200000000004,33.0,304.8630303030303,0.005300735612289,0.0013522284725227,4.0,10.08,2.52,0.0136304630030289,0.0054089138900908,,,,,,5.0,10795.84,2159.168,14.598442232799645,0.0067611423626135,,,,,,51.0,306.44,6.008627450980392,0.4143768931198613,0.0689636520986585,2.0,2.52,1.26,0.0034076157507572,0.0027044569450454,1.0,16.24,16.24,0.0219601903937689,0.0013522284725227,1.0,30.04,30.04,0.0406209433145824,0.0013522284725227,2.0,7.32,3.66,0.0098983124188662,0.0027044569450454,,,,,,,,,,,,,,,,,,,,20.340791500846507,708.0,0.0287299314983707,0.0042526855755049,2.148783586531867,0.0276202674875498,0.9573777585460834,251545.0,236311.99999999997,0.0,0.939442246914071,0.0,7777.0,1159.0,256.0,99.0,179.0,0.0,141.0,76.0,7598.0,1159.0,115.0,23.0,0.023016587373023,0.976983412626977,0.0,1.0,0.55078125,0.44921875,0.7676767676767676,0.2323232323232323,baseline,male_P42,male,P42,1111916,ELA,MDMA,ELA_MDMA
1,inactive,2,blue,3,0-3,8.0,44.52,5.565,10474.4,325.60000000000036,8.0,1309.3,0.1367321867321866,0.0245700245700245,1.0,1.8,1.8,0.0055282555282555,0.003071253071253,3.0,9.92,3.306666666666666,0.0304668304668304,0.0092137592137592,17.0,10631.64,625.3905882352941,32.65245700245696,0.0522113022113021,,,,,,1.0,2.04,2.04,0.0062653562653562,0.003071253071253,,,,,,1.0,1.6,1.6,0.0049140049140049,0.003071253071253,2.0,17.76,8.88,0.0545454545454544,0.0061425061425061,8.0,31.76,3.97,0.0975429975429974,0.0245700245700245,1.0,2.76,2.76,0.0084766584766584,0.003071253071253,1.2,1.0,1.2,0.0,0.0,0.0,0.0036855036855036,0.003071253071253,0.0,0.0,1.0,0.0,1.0,0.0,16.682478417726866,321.0,0.0519703377499279,0.0171683809268194,2.0405622023277714,0.0419045722908448,0.9858722358722348,261868.0,198127.3333333333,19423.0,0.7565923798758661,0.0741709563596926,52.0,487.0,297.0,1121.0,0.0,0.0,21.0,0.0,52.0,487.0,276.0,1121.0,0.0,1.0,0.0,1.0,0.0707070707070707,0.9292929292929292,0.0,1.0,baseline,male_P42,male,P42,1111967,CTRL,MDMA,CTRL_MDMA
1,inactive,2,blue,6,3-6,5.0,19.8,3.96,9999.48,800.5200000000004,27.0,370.3511111111111,0.0247339229500824,0.0062459401389097,6.0,38.2,6.366666666666667,0.0477189826612701,0.0074951281666916,1.0,1.36,1.36,0.0016988957177834,0.0012491880277819,26.0,10678.44,410.7092307692308,13.339379403387792,0.0324788887223304,,,,,,13.0,61.36,4.72,0.0766501773846999,0.0162394443611652,3.0,16.16,5.386666666666667,0.0201868785289561,0.0037475640833458,4.0,7.24,1.81,0.0090441213211412,0.0049967521111277,,,,,,4.0,10.12,2.53,0.0126417828411532,0.0049967521111277,2.0,6.0,3.0,0.0074951281666916,0.0024983760555638,,,,,,,,,,,,,,,32.538790491938215,775.0,0.0419855361186299,0.0131821153204103,1.7768600347220205,0.0359642789091203,0.9681207215310044,250014.0,245490.3333333333,0.0,0.9819063465779247,0.0,1954.0,185.0,996.0,500.0,130.0,0.0,0.0,0.0,1824.0,185.0,996.0,500.0,0.0665301944728761,0.933469805527124,0.0,1.0,0.0,1.0,0.0,1.0,baseline,male_P42,male,P42,1111967,CTRL,MDMA,CTRL_MDMA
1,inactive,2,blue,9,6-9,5.0,37.28,7.456,9422.2,1377.7999999999993,23.0,409.6608695652174,0.0270576281027725,0.0036289737262302,3.0,7.36,2.4533333333333336,0.0053418493250108,0.0021773842357381,3.0,26.28,8.76,0.019073885905066,0.0021773842357381,25.0,10131.8,405.272,7.353607199883876,0.0181448686311511,,,,,,11.0,111.76,10.16,0.0811148207286979,0.0079837421977064,,,,,,3.0,24.32,8.106666666666667,0.0176513282043838,0.0021773842357381,1.0,4.12,4.12,0.0029902743504137,0.000725794745246,11.0,53.4,4.8545454545454545,0.0387574393961387,0.0079837421977064,,,,,,,,,,,,,,,,,,,,23.026247342979584,845.0,0.0272499968555971,0.0056769383784744,1.9344903776032427,0.0251945383575425,0.6132965597329079,235578.0,231986.66666666663,0.0,0.9847552261529796,0.0,2805.0,715.0,847.0,937.0,0.0,0.0,0.0,0.0,2805.0,715.0,847.0,937.0,0.0,1.0,0.0,1.0,0.0,1.0,0.0,1.0,baseline,male_P42,male,P42,1111967,CTRL,MDMA,CTRL_MDMA
1,inactive,2,blue,12,9-12,4.0,20.68,5.17,9992.6,807.3999999999996,20.0,499.63,0.0256130790190735,0.0049541738915035,4.0,9.96,2.49,0.0123358929898439,0.0049541738915035,4.0,12.36,3.09,0.0153083973247461,0.0049541738915035,24.0,10634.12,443.08833333333337,13.17081991577905,0.0297250433490215,,,,,,26.0,170.44,6.555384615384615,0.2110973495169681,0.0322021302947733,1.0,17.8,17.8,0.0220460738171909,0.0012385434728758,3.0,9.84,3.28,0.0121872677730988,0.0037156304186276,1.0,6.88,6.88,0.0085211790933861,0.0012385434728758,12.0,55.96,4.663333333333333,0.0693088927421352,0.0148625216745107,1.0,2.12,2.12,0.0026257121624969,0.0012385434728758,1.6,1.0,1.6,0.0,0.0,0.0,0.0019816695566014,0.0012385434728758,0.0,0.0,1.0,0.0,1.0,0.0,25.4712632746007,760.0,0.0335148200981588,0.0090427978700927,1.9353919473875776,0.0295280389765125,0.9412930393856828,249835.0,217126.66666666663,0.0,0.8690802596380277,0.0,4733.0,422.0,566.0,521.0,640.0,0.0,0.0,0.0,4093.0,422.0,566.0,521.0,0.1352207901964927,0.8647792098035073,0.0,1.0,0.0,1.0,0.0,1.0,baseline,male_P42,male,P42,1111967,CTRL,MDMA,CTRL_MDMA
1,inactive,2,green,3,0-3,44.0,207.0,4.704545454545454,8618.48,2181.5200000000004,207.0,41.6351690821256,0.0948879680222963,0.0201694231544977,11.0,75.52,6.865454545454545,0.0346180644688107,0.0050423557886244,6.0,55.04,9.173333333333334,0.0252301147823535,0.0027503758847042,44.0,10503.4,238.71363636363637,4.814716344567089,0.0201694231544977,,,,,,21.0,112.16,5.3409523809523805,0.0514136932047379,0.0096263155964648,5.0,11.32,2.264,0.0051890425024753,0.0022919799039202,,,,,,,,,,,11.0,40.96,3.723636363636363,0.0187758993729142,0.0050423557886244,1.0,2.8,2.8,0.0012835087461953,0.000458395980784,,,,,,,,,,,,,,,113.1865786187088,2018.0,0.0560884928734929,0.0161444797023228,2.045901572687557,0.0507760833435993,0.9250430892221936,215669.0,187324.66666666663,253.0,0.8685748376756355,0.0011730939541612,3113.0,0.0,3281.0,5219.0,188.0,0.0,428.0,2608.0,2925.0,0.0,2853.0,2611.0,0.0603919049148731,0.9396080950851268,0.0,0.0,0.1304480341359341,0.8695519658640658,0.4997125886185093,0.5002874113814907,baseline,male_P42,male,P42,1111833,ELA,MDMA,ELA_MDMA
1,inactive,2,green,6,3-6,1.0,5.32,5.32,10035.16,764.8400000000001,24.0,418.13166666666666,0.0069557031536007,0.0013074629987971,1.0,3.8,3.8,0.0049683593954291,0.0013074629987971,2.0,17.12,8.56,0.0223837665394069,0.0026149259975942,17.0,10703.8,629.635294117647,13.99482244652476,0.0222268709795512,,,,,,10.0,303.84,30.383999999999997,0.3972595575545211,0.0130746299879713,1.0,3.12,3.12,0.004079284556247,0.0013074629987971,2.0,18.6,9.3,0.0243188117776266,0.0026149259975942,1.0,1.28,1.28,0.0016735526384603,0.0013074629987971,15.0,47.56,3.170666666666667,0.0621829402227916,0.019611944981957,,,,,,,,,,,,,,,,,,,,18.478521427951893,738.0,0.025038646921344,0.003555363458336,1.979029328179601,0.0216804545684674,0.9649076931122847,250903.0,244984.66666666663,0.0,0.9764118670030516,0.0,7685.0,500.0,526.0,134.0,149.0,0.0,0.0,0.0,7536.0,500.0,526.0,134.0,0.0193884189980481,0.980611581001952,0.0,1.0,0.0,1.0,0.0,1.0,baseline,male_P42,male,P42,1111833,ELA,MDMA,ELA_MDMA
1,inactive,2,green,9,6-9,1.0,31.88,31.88,9849.4,950.6000000000004,9.0,1094.3777777777775,0.0335367136545339,0.001051967178624,2.0,12.4,6.2,0.0130443930149379,0.002103934357248,2.0,16.72,8.36,0.0175888912265937,0.002103934357248,10.0,10217.76,1021.776,10.748748159057431,0.0105196717862402,,,,,,7.0,214.08,30.582857142857144,0.2252051335998316,0.0073637702503681,2.0,13.52,6.76,0.0142225962549968,0.002103934357248,,,,,,,,,,,3.0,9.96,3.3200000000000003,0.0104775930990953,0.003155901535872,,,,,,,,,,,,,,,,,,,,6.896109506600247,433.0,0.0159263498997696,0.0028848832403215,2.1188374734153763,0.0151734084061276,0.4555017883442034,246244.0,238382.0,0.0,0.9680723185133444,0.0,5699.0,0.0,732.0,798.0,0.0,0.0,0.0,0.0,5699.0,0.0,732.0,798.0,0.0,1.0,0.0,0.0,0.0,1.0,0.0,1.0,baseline,male_P42,male,P42,1111833,ELA,MDMA,ELA_MDMA
1,inactive,2,green,12,9-12,10.0,58.52,5.852,8667.68,2132.3199999999997,108.0,80.2562962962963,0.027444286035867,0.0046897276206197,4.0,22.28,5.57,0.0104487131387409,0.0018758910482479,5.0,22.4,4.4799999999999995,0.0105049898701883,0.0023448638103098,25.0,10631.68,425.2672,4.985968334959106,0.0117243190515494,,,,,,61.0,784.2,12.855737704918033,0.3677684400090043,0.0286073384857807,22.0,52.96,2.4072727272727272,0.0248367974788024,0.0103174007653635,3.0,69.96,23.319999999999997,0.032809334433856,0.0014069182861859,3.0,9.72,3.24,0.0045584152472424,0.0014069182861859,26.0,88.0,3.3846153846153846,0.0412696030614542,0.0121932918136114,1.0,2.44,2.44,0.0011442935394312,0.0004689727620619,0.0,0.0,0.0,1.6,1.0,1.6,0.0,0.0,0.0007503564192991,0.0004689727620619,0.0,1.0,0.0,1.0,64.01708514440804,2009.0,0.0318651493999044,0.0048559162632066,2.1350664417236667,0.0281756002280369,0.9421662789825168,216800.0,201359.3333333333,0.0,0.9287792127921278,0.0,21012.0,1998.0,1126.0,1473.0,1067.0,33.0,386.0,441.0,19945.0,1965.0,740.0,1032.0,0.0507805063773082,0.9492194936226918,0.0165165165165165,0.9834834834834836,0.3428063943161634,0.6571936056838366,0.2993890020366598,0.7006109979633401,baseline,male_P42,male,P42,1111833,ELA,MDMA,ELA_MDMA
1,inactive,2,red,3,0-3,29.0,663.2,22.86896551724138,8036.04,2763.96,25.0,321.4416,0.2399455853196139,0.0104921923616839,6.0,25.76,4.293333333333334,0.0093199612150682,0.0021707984196587,6.0,45.16,7.526666666666666,0.0163388761052981,0.0021707984196587,68.0,9492.56,139.5964705882353,3.4344057077526444,0.0246023820894658,,,,,,23.0,100.92,4.3878260869565215,0.0365128294186601,0.0083213939420252,18.0,93.56,5.197777777777778,0.0338499833572121,0.0065123952589762,1.0,4.76,4.76,0.0017221667462626,0.0003617997366097,6.0,48.2,8.033333333333333,0.0174387473045919,0.0021707984196587,51.0,206.72,4.053333333333334,0.0747912415519761,0.0184517865670993,5.0,12.0,2.4,0.0043415968393175,0.0018089986830489,0.8,1.0,0.8,0.0,0.0,0.0,0.0002894397892878,0.0003617997366097,0.0,0.0,1.0,0.0,1.0,0.0,75.26447848420256,2742.0,0.0274487521824225,0.0064659751167137,2.0033999177456603,0.0237427015502381,0.992054877784049,200926.0,177162.0,2141.0,0.8817276012064142,0.0106556642744094,4903.0,1331.0,1785.0,16609.0,0.0,74.0,36.0,651.0,4903.0,1257.0,1749.0,15958.0,0.0,1.0,0.0555972952667167,0.9444027047332832,0.0201680672268907,0.9798319327731092,0.0391956168342464,0.9608043831657536,baseline,male_P42,male,P42,1111863,CTRL,MDMA,CTRL_MDMA
1,inactive,2,red,6,3-6,,,,10606.64,193.36000000000055,8.0,1325.83,,,,,,,,,,,,,7.0,10785.68,1540.811428571429,55.78030616466678,0.0362019031857673,,,,,,9.0,73.76,8.195555555555556,0.381464625568886,0.0465453040959866,1.0,2.16,2.16,0.0111708729830367,0.0051717004551096,,,,,,,,,,,3.0,15.2,5.066666666666666,0.0786098469176663,0.0155151013653288,,,,,,,,,,,,,,,,,,,,4.3476648958267505,185.0,0.0235008913287932,0.0064887009585088,2.0820357052346252,0.0199860535827303,0.9567645841952808,265174.0,252793.3333333333,1406.0,0.9533111592136986,0.0053021789466538,1908.0,0.0,0.0,0.0,0.0,0.0,0.0,0.0,1908.0,0.0,0.0,0.0,0.0,1.0,0.0,0.0,0.0,0.0,0.0,0.0,baseline,male_P42,male,P42,1111863,CTRL,MDMA,CTRL_MDMA
1,inactive,2,red,9,6-9,,,,10197.8,602.2000000000007,9.0,1133.0888888888887,,,,,,,,,,,,,4.0,10291.12,2572.78,17.089206243772814,0.0066423115244104,,,,,,1.0,3.56,3.56,0.0059116572567253,0.0016605778811026,,,,,,1.0,1.36,1.36,0.0022583859182995,0.0016605778811026,,,,,,1.0,4.44,4.44,0.0073729657920956,0.0016605778811026,,,,,,,,,,,,,,,,,,,,1.7381632769679585,85.0,0.0204489797290348,0.0059456768166409,2.2543525859944302,0.0187674701520485,0.1411491198937228,254954.0,244805.3333333333,0.0,0.96019412652217,0.0,90.0,35.0,0.0,0.0,0.0,0.0,0.0,0.0,90.0,35.0,0.0,0.0,0.0,1.0,0.0,1.0,0.0,0.0,0.0,0.0,baseline,male_P42,male,P42,1111863,CTRL,MDMA,CTRL_MDMA
1,inactive,2,red,12,9-12,3.0,30.96,10.32,9991.16,808.8400000000001,15.0,666.0773333333333,0.0382770387221205,0.0037090153800504,3.0,32.28,10.76,0.0399090054893427,0.0037090153800504,2.0,6.84,3.42,0.008456555066515,0.0024726769200336,14.0,10670.32,762.1657142857142,13.19212699668661,0.0173087384402353,,,,,,9.0,120.36,13.373333333333331,0.1488056970476237,0.0111270461401513,2.0,16.28,8.14,0.0201275901290737,0.0024726769200336,2.0,5.44,2.72,0.0067256812224914,0.0024726769200336,1.0,28.72,28.72,0.0355076405716828,0.0012363384600168,13.0,46.64,3.5876923076923077,0.0576628257751842,0.0160723999802185,2.0,4.0,2.0,0.0049453538400672,0.0024726769200336,,,,,,,,,,,,,,,14.558294432560462,765.0,0.0190304502386411,0.0042368973454446,2.0083116274045416,0.0177547877009625,0.9457989219128627,249794.0,215363.0,95.0,0.8621624218355926,0.0003803133782236,3427.0,857.0,983.0,777.0,0.0,0.0,0.0,0.0,3427.0,857.0,983.0,777.0,0.0,1.0,0.0,1.0,0.0,1.0,0.0,1.0,baseline,male_P42,male,P42,1111863,CTRL,MDMA,CTRL_MDMA
1,inactive,2,yellow,3,0-3,45.0,421.28,9.361777777777776,7686.16,3113.84,54.0,142.3362962962963,0.1352927574955681,0.0144516095881612,7.0,18.08,2.5828571428571427,0.0058063355856434,0.0022480281581584,11.0,31.8,2.890909090909091,0.0102124707756339,0.003532615677106,84.0,10197.96,121.4042857142857,3.275043033681884,0.0269763378979009,,,,,,18.0,63.04,3.502222222222222,0.0202450992986152,0.0057806438352644,12.0,42.28,3.5233333333333334,0.0135780900752768,0.0038537625568429,3.0,3.84,1.28,0.0012332040181897,0.0009634406392107,9.0,83.08,9.231111111111112,0.026680882768543,0.0028903219176322,30.0,128.52,4.284000000000001,0.0412737969837885,0.0096344063921074,,,,,,0.0,0.0,0.0,2.0,2.0,1.0,0.0,0.0,0.0006422937594738,0.0006422937594738,0.0,1.0,0.0,1.0,118.01203852558302,3063.0,0.0385282528650287,0.0088471193681685,2.18058484147549,0.0346984571856469,0.9836728926341752,192208.0,178774.66666666666,412.0,0.9301104359166458,0.0021435111962041,2663.0,2185.0,1265.0,10577.0,188.0,74.0,443.0,3232.0,2475.0,2111.0,822.0,7345.0,0.0705970709725873,0.9294029290274128,0.0338672768878718,0.9661327231121282,0.350197628458498,0.649802371541502,0.3055686867731871,0.6944313132268128,baseline,male_P42,male,P42,1111917,ELA,MDMA,ELA_MDMA
1,inactive,2,yellow,6,3-6,1.0,3.08,3.08,10716.52,83.47999999999956,10.0,1071.652,0.0368950646861525,0.0119789171058936,,,,,,,,,,,5.0,10797.68,2159.536,129.34451365596618,0.0598945855294684,,,,,,5.0,17.36,3.472,0.2079540009583144,0.0598945855294684,1.0,1.28,1.28,0.0153330138955439,0.0119789171058936,,,,,,1.0,1.24,1.24,0.0148538572113081,0.0119789171058936,,,,,,,,,,,,,,,,,,,,,,,,,3.304621870891197,77.0,0.0429171671544311,0.014922976825019,1.846304787012932,0.0576290067725577,0.922376617153814,267923.0,254508.3333333333,50.0,0.9499308881034226,0.0001866207828368,472.0,32.0,0.0,78.0,19.0,0.0,0.0,0.0,453.0,32.0,0.0,78.0,0.0402542372881355,0.9597457627118644,0.0,1.0,0.0,0.0,0.0,1.0,baseline,male_P42,male,P42,1111917,ELA,MDMA,ELA_MDMA
1,inactive,2,yellow,9,6-9,,,,10288.12,511.8799999999992,4.0,2572.03,,,,,,,,,,,,,4.0,10291.12,2572.78,20.10455575525517,0.0078143314839415,,,,,,,,,,,,,,,,,,,,,,,,,,,,,,,,,,,,,,,,,,,,,,,,,,0.0,0.0,,,,,0.0,257207.0,245592.0,0.0,0.9548418200126746,0.0,,,,,,,,,,,,,,,,,,,,,baseline,male_P42,male,P42,1111917,ELA,MDMA,ELA_MDMA
1,inactive,2,yellow,12,9-12,9.0,56.52,6.28,9436.08,1363.92,31.0,304.3896774193548,0.0414393806088333,0.006598627485483,1.0,5.84,5.84,0.0042817760572467,0.0007331808317203,7.0,12.8,1.8285714285714287,0.0093847146460202,0.0051322658220423,20.0,10678.56,533.928,7.829315502375505,0.0146636166344067,,,,,,40.0,218.48,5.462,0.1601853481142588,0.0293272332688134,25.0,158.4,6.336,0.1161358437445011,0.0183295207930083,,,,,,5.0,38.08,7.616,0.0279195260719103,0.0036659041586016,11.0,37.96,3.450909090909091,0.0278315443721039,0.0080649891489236,1.0,2.08,2.08,0.0015250161299782,0.0007331808317203,,,,,,,,,,,,,,,55.05008510685056,1306.0,0.0421516731292883,0.0076948290105357,2.213027776326247,0.0385078906750924,0.957534166226758,235933.0,212400.3333333333,177.0,0.9002569938640772,0.0007502129841946,9487.0,957.0,474.0,1422.0,427.0,33.0,386.0,441.0,9060.0,924.0,88.0,981.0,0.0450089596289659,0.954991040371034,0.0344827586206896,0.9655172413793104,0.8143459915611815,0.1856540084388185,0.310126582278481,0.689873417721519,baseline,male_P42,male,P42,1111917,ELA,MDMA,ELA_MDMA
1,inactive,3,blue,3,0-3,15.0,99.2,6.613333333333333,8730.48,2069.5200000000004,79.0,110.51240506329114,0.0479338204027987,0.0072480575205844,9.0,36.96,4.1066666666666665,0.0178592137307201,0.0043488345123506,25.0,81.0,3.24,0.0391395106111562,0.0120800958676408,64.0,10307.2,161.05,4.980478565077892,0.0309250454211604,1.0,2.0,2.0,0.0009664076694112,0.0004832038347056,9.0,40.36,4.484444444444445,0.0195021067687193,0.0043488345123506,23.0,154.72,6.7269565217391305,0.0747612973056554,0.0111136881982295,9.0,90.92,10.102222222222222,0.043932892651436,0.0043488345123506,2.0,3.76,1.88,0.0018168464184931,0.0009664076694112,32.0,147.6,4.6125,0.0713208860025512,0.0154625227105802,1.0,2.04,2.04,0.0009857358227994,0.0004832038347056,0.8,1.0,0.8,10.0,10.0,1.0,0.0003865630677645,0.0004832038347056,0.0048320383470563,0.0048320383470563,0.074074074074074,0.9259259259259258,0.0909090909090909,0.9090909090909092,100.1277197652815,1995.0,0.0501893332156799,0.0154285413426944,1.873758431615172,0.0432880615271256,0.963991650237736,218341.0,170108.0,4558.0,0.7790932532140092,0.0208756028414269,4909.0,2378.0,2983.0,2495.0,990.0,0.0,594.0,87.0,3919.0,2378.0,2389.0,2408.0,0.2016704013037278,0.7983295986962722,0.0,1.0,0.1991283942339926,0.8008716057660074,0.0348697394789579,0.965130260521042,baseline,male_P42,male,P42,1111864,CTRL,saline,CTRL_saline
1,inactive,3,blue,6,3-6,4.0,76.64,19.16,10156.76,643.2399999999998,22.0,461.6709090909091,0.11914681922766,0.006218518748834,,,,,,,,,,,14.0,10655.2,761.0857142857143,16.564890243144088,0.0217648156209191,,,,,,1.0,1.64,1.64,0.0025495926870219,0.0015546296872085,26.0,130.84,5.032307692307692,0.2034077482743611,0.0404203718674211,,,,,,3.0,5.04,1.68,0.0078353336235308,0.0046638890616255,13.0,43.04,3.310769230769231,0.0669112617374541,0.0202101859337105,1.0,2.04,2.04,0.0031714445619053,0.0015546296872085,0.0,0.0,0.0,1.0,1.0,1.0,0.0,0.0,0.0015546296872085,0.0015546296872085,0.0,1.0,0.0,1.0,20.065518483068068,620.0,0.0323637394888194,0.0067395456200256,2.1254047619505427,0.0263574276908323,0.9638704060692748,253941.0,238970.0,72.0,0.9410453609302948,0.0002835304263588,3339.0,129.0,0.0,1920.0,0.0,0.0,0.0,0.0,3339.0,129.0,0.0,1920.0,0.0,1.0,0.0,1.0,0.0,0.0,0.0,1.0,baseline,male_P42,male,P42,1111864,CTRL,saline,CTRL_saline
1,inactive,3,blue,9,6-9,,,,8517.16,2282.84,4.0,2129.29,,,,,,,,,,,,,4.0,8520.16,2130.04,3.732263321126316,0.0017522033957701,,,,,,,,,,,,,,,,,,,,,,,,,,,,,,,,,,,,,,,,,,,,,,,,,,0.0,0.0,,,,,0.0,212933.0,203905.66666666663,0.0,0.9576048177908856,0.0,,,,,,,,,,,,,,,,,,,,,baseline,male_P42,male,P42,1111864,CTRL,saline,CTRL_saline
1,inactive,3,blue,12,9-12,4.0,77.16,19.29,9773.64,1026.3600000000006,29.0,337.02206896551724,0.0751783000116917,0.0038972680151213,1.0,4.12,4.12,0.004014186055575,0.0009743170037803,4.0,18.32,4.58,0.017849487509256,0.0038972680151213,20.0,10623.36,531.168,10.350520285280014,0.0194863400756069,1.0,2.4,2.4,0.0023383608090728,0.0009743170037803,1.0,1.28,1.28,0.0012471257648388,0.0009743170037803,22.0,203.4,9.245454545454546,0.198176078568923,0.0214349740831676,2.0,5.44,2.72,0.0053002845005651,0.0019486340075606,3.0,14.24,4.746666666666667,0.0138742741338321,0.002922951011341,9.0,41.48,4.608888888888888,0.0404146693168088,0.0087688530340231,4.0,11.36,2.84,0.0110682411629447,0.0038972680151213,0.0,0.0,0.0,2.8,3.0,0.9333333333333332,0.0,0.0,0.0027280876105849,0.002922951011341,0.0,1.0,0.0,1.0,23.942986715814683,1001.0,0.0239190676481665,0.0041516966278136,2.1029446257256006,0.0209746758208602,0.9752913207841296,244370.0,208863.66666666663,5620.0,0.8547025685095005,0.0229979130007775,5140.0,497.0,566.0,1933.0,58.0,0.0,0.0,0.0,5082.0,497.0,566.0,1933.0,0.011284046692607,0.988715953307393,0.0,1.0,0.0,1.0,0.0,1.0,baseline,male_P42,male,P42,1111864,CTRL,saline,CTRL_saline
1,inactive,3,green,3,0-3,59.0,259.52,4.39864406779661,5718.32,5081.68,54.0,105.8948148148148,0.0510697249728436,0.0116103335904661,10.0,40.0,4.0,0.0078714126037058,0.0019678531509264,38.0,337.08,8.870526315789473,0.0663323940114292,0.0074778419735205,204.0,8904.92,43.65156862745098,1.7523574880748098,0.0401442042788998,,,,,,7.0,21.12,3.0171428571428573,0.0041561058547566,0.0013774972056485,36.0,459.32,12.758888888888889,0.0903874309283544,0.0070842713433352,7.0,64.84,9.262857142857143,0.0127595598306072,0.0013774972056485,4.0,25.64,6.41,0.0050455754789754,0.0007871412603705,62.0,320.72,5.1729032258064525,0.0631129862565136,0.012200689535744,20.0,50.32,2.516,0.0099022370554619,0.0039357063018529,17.2,17.0,1.011764705882353,0.0,0.0,0.0,0.0033847074195935,0.0033453503565749,0.0,0.0,1.0,0.0,1.0,0.0,213.94807351400007,5031.0,0.0425259537893063,0.0085635868344274,1.9571682145813656,0.0359244806984179,0.9900269202311046,143012.0,128519.0,613.0,0.8986588538024781,0.0042863535927055,12054.0,2273.0,9475.0,6547.0,866.0,22.0,1334.0,325.0,11188.0,2251.0,8141.0,6222.0,0.0718433714949394,0.9281566285050604,0.0096788385393752,0.9903211614606248,0.1407915567282321,0.8592084432717678,0.0496410569726592,0.9503589430273408,baseline,male_P42,male,P42,1111968,CTRL,saline,CTRL_saline
1,inactive,3,green,6,3-6,5.0,28.36,5.672,9468.56,1331.4400000000005,81.0,116.8958024691358,0.0213002463498167,0.0037553325722525,5.0,16.08,3.2159999999999997,0.0120771495523643,0.0037553325722525,3.0,14.72,4.906666666666667,0.0110556990927116,0.0022531995433515,25.0,10565.76,422.6304,7.93558853572072,0.0187766628612629,1.0,1.8,1.8,0.0013519197260109,0.0007510665144505,4.0,15.4,3.85,0.011566424322538,0.003004266057802,12.0,30.84,2.57,0.023162891305654,0.0090127981734062,1.0,1.36,1.36,0.0010214504596527,0.0007510665144505,1.0,24.4,24.4,0.0183260229525926,0.0007510665144505,21.0,95.64,4.554285714285714,0.0718320014420476,0.0157723968034609,,,,,,2.0,2.0,1.0,0.0,0.0,0.0,0.001502133028901,0.001502133028901,0.0,0.0,1.0,0.0,1.0,0.0,65.39210267449586,1257.0,0.0520223569407286,0.0144657032061077,2.0884874034982093,0.0439589687557086,0.9440906086643028,236795.0,230725.0,0.0,0.9743660127958784,0.0,1172.0,646.0,778.0,714.0,0.0,0.0,410.0,76.0,1172.0,646.0,368.0,638.0,0.0,1.0,0.0,1.0,0.5269922879177378,0.4730077120822622,0.1064425770308123,0.8935574229691877,baseline,male_P42,male,P42,1111968,CTRL,saline,CTRL_saline
1,inactive,3,green,9,6-9,7.0,29.16,4.1657142857142855,7983.6,2816.3999999999996,44.0,181.44545454545457,0.0103536429484448,0.0024854424087487,1.0,5.16,5.16,0.001832126118449,0.0003550632012498,1.0,7.88,7.88,0.0027978980258486,0.0003550632012498,11.0,8481.76,771.069090909091,3.011560857832695,0.003905695213748,,,,,,,,,,,17.0,44.88,2.64,0.015935236472092,0.0060360744212469,1.0,1.92,1.92,0.0006817213463996,0.0003550632012498,,,,,,,,,,,2.0,4.96,2.48,0.0017611134781991,0.0007101264024996,,,,,,,,,,,,,,,29.9662322224046,498.0,0.0601731570731016,0.0262679219290168,2.079216798867616,0.051432300963943,0.1768214742224116,199634.0,198253.3333333333,0.0,0.993084010405709,0.0,1139.0,49.0,328.0,736.0,45.0,0.0,298.0,360.0,1094.0,49.0,30.0,376.0,0.0395083406496927,0.9604916593503072,0.0,1.0,0.9085365853658536,0.0914634146341463,0.4891304347826087,0.5108695652173914,baseline,male_P42,male,P42,1111968,CTRL,saline,CTRL_saline
1,inactive,3,green,12,9-12,12.0,59.36,4.946666666666666,8820.92,1979.08,47.0,187.6791489361702,0.0299937344624775,0.0060634234088566,3.0,14.44,4.8133333333333335,0.0072963195019908,0.0015158558522141,11.0,59.88,5.443636363636364,0.0302564828101946,0.0055581381247852,41.0,10582.6,258.11219512195123,5.347232047213858,0.0207166966469268,,,,,,3.0,11.0,3.6666666666666665,0.0055581381247852,0.0015158558522141,88.0,520.2,5.911363636363637,0.2628494047739353,0.044465104998282,5.0,20.72,4.144,0.0104695110859591,0.0025264264203569,3.0,7.04,2.3466666666666667,0.0035572083998625,0.0015158558522141,44.0,179.56,4.080909090909091,0.0907290256078582,0.022232552499141,4.0,8.84,2.21,0.004466721911191,0.0020211411362855,4.8,5.0,0.96,3.4,3.0,1.1333333333333333,0.0024253693635426,0.0025264264203569,0.0017179699658427,0.0015158558522141,0.5853658536585367,0.4146341463414634,0.625,0.375,72.9659997637243,1934.0,0.0377280246968584,0.0073866439317607,2.0577348995521128,0.0314166051604123,0.977221739394062,220570.0,202726.0,0.0,0.9191005123090176,0.0,13371.0,702.0,1872.0,1496.0,190.0,44.0,457.0,395.0,13181.0,658.0,1415.0,1101.0,0.0142098571535412,0.9857901428464588,0.0626780626780626,0.9373219373219374,0.2441239316239316,0.7558760683760684,0.2640374331550802,0.7359625668449198,baseline,male_P42,male,P42,1111968,CTRL,saline,CTRL_saline
1,inactive,3,red,3,0-3,31.0,259.24,8.362580645161291,7015.2,3784.8,55.0,127.5490909090909,0.0684950327626294,0.0081906573663073,23.0,102.32,4.448695652173913,0.0270344536038892,0.0060769393362925,16.0,86.6,5.4125,0.0228809976749101,0.0042274360600295,97.0,9603.24,99.00247422680413,2.537317691819911,0.0256288311139294,,,,,,5.0,17.16,3.432,0.0045339251743817,0.0013210737687592,85.0,547.76,6.444235294117647,0.144726273515113,0.0224582540689072,10.0,57.16,5.715999999999999,0.0151025153244557,0.0026421475375184,5.0,61.0,12.2,0.0161170999788628,0.0013210737687592,67.0,367.84,5.490149253731343,0.0971887550200803,0.0177023885013739,2.0,4.8,2.4,0.0012682308180088,0.0005284295075036,4.0,4.0,1.0,10.2,10.0,1.02,0.0010568590150073,0.0010568590150073,0.0026949904882688,0.0026421475375184,0.2816901408450704,0.7183098591549295,0.2857142857142857,0.7142857142857143,133.5340940998886,3729.0,0.0358096256636869,0.0101261417867989,2.013209988296343,0.0311984013449138,0.9852568167406468,175435.0,144328.0,702.0,0.822686465072534,0.0040014820303816,14213.0,2969.0,4762.0,6512.0,242.0,22.0,892.0,323.0,13971.0,2947.0,3870.0,6189.0,0.0170266657285583,0.9829733342714416,0.0074099023240148,0.9925900976759852,0.1873162536749265,0.8126837463250735,0.0496007371007371,0.9503992628992628,baseline,male_P42,male,P42,1111918,ELA,saline,ELA_saline
1,inactive,3,red,6,3-6,,,,10785.96,14.040000000000871,5.0,2157.192,,,,,,,,,,,,,4.0,10799.96,2699.99,769.2279202278725,0.2849002849002672,,,,,,,,,,,,,,,,,,,,,,,,,,,,,,,,,,,,,,,,,,,,,,,,,,0.1064318779112035,9.0,0.0118257642123559,0.0093447687499926,1.701251961580989,0.0077393975524797,0.6410256410256012,269654.0,244385.0,3856.0,0.906291024794737,0.0142998064185956,,,,,,,,,,,,,,,,,,,,,baseline,male_P42,male,P42,1111918,ELA,saline,ELA_saline
1,inactive,3,red,9,6-9,,,,8506.32,2293.6800000000003,6.0,1417.72,,,,,,,,,,,,,5.0,8517.36,1703.4720000000002,3.7134037877995185,0.0021799030379128,,,,,,,,,,,,,,,,,,,,,,,,,,,,,,,,,,,,,,,,,,,,,,,,,,0.1232174476687415,9.0,0.013690827518749,0.0137124310545214,2.155267370605232,0.0106619600740471,0.0039238254682431,212664.0,203726.3333333333,0.0,0.9579728272454826,0.0,,,,,,,,,,,,,,,,,,,,,baseline,male_P42,male,P42,1111918,ELA,saline,ELA_saline
1,inactive,3,red,12,9-12,10.0,197.8,19.78,8511.4,2288.6000000000004,23.0,370.0608695652174,0.0864283841649916,0.0043694835270471,9.0,35.64,3.96,0.0155728392903958,0.0039325351743423,16.0,64.08,4.005,0.0279996504413178,0.0069911736432753,53.0,10162.24,191.74037735849055,4.440374027789915,0.0231582626933496,1.0,2.04,2.04,0.0008913746395176,0.0004369483527047,2.0,10.36,5.18,0.0045267849340207,0.0008738967054094,66.0,415.36,6.293333333333334,0.1814908677794284,0.0288385912785108,6.0,35.16,5.859999999999999,0.0153631040810976,0.0026216901162282,2.0,7.08,3.54,0.0030935943371493,0.0008738967054094,40.0,198.8,4.970000000000001,0.0868653325176964,0.0174779341081884,3.0,9.56,3.186666666666667,0.004177226251857,0.0013108450581141,5.4,5.0,1.08,2.0,2.0,1.0,0.0023595211046054,0.0021847417635235,0.0008738967054094,0.0008738967054094,0.7297297297297297,0.2702702702702702,0.7142857142857143,0.2857142857142857,66.22655367408073,2267.0,0.0292133011354568,0.0058294467839486,2.05333935788123,0.0264795388047969,0.990561915581578,212808.0,190820.0,5237.0,0.8966768166610278,0.0246090372542385,10711.0,1064.0,2518.0,4955.0,0.0,0.0,291.0,355.0,10711.0,1064.0,2227.0,4600.0,0.0,1.0,0.0,1.0,0.1155679110405083,0.8844320889594917,0.0716448032290615,0.9283551967709384,baseline,male_P42,male,P42,1111918,ELA,saline,ELA_saline
1,inactive,3,yellow,3,0-3,15.0,71.68,4.778666666666667,9904.32,895.6800000000003,66.0,150.06545454545454,0.0800285816362986,0.0167470525187566,,,,,,5.0,10.4,2.08,0.0116112897463379,0.0055823508395855,25.0,10665.24,426.6096,11.907422293676309,0.0279117541979278,,,,,,,,,,,1.0,2.92,2.92,0.0032600928903179,0.0011164701679171,2.0,42.12,21.06,0.0470257234726687,0.0022329403358342,1.0,1.64,1.64,0.001831011075384,0.0011164701679171,8.0,40.16,5.02,0.0448374419435512,0.0089317613433369,,,,,,0.0,0.0,0.0,1.8,2.0,0.9,0.0,0.0,0.0020096463022508,0.0022329403358342,0.0,1.0,0.0,1.0,44.57560772929725,862.0,0.0517118419133378,0.0178244844016881,2.1359985618666815,0.0446470662151633,0.9623972847445512,247674.0,175322.3333333333,18971.0,0.7078754061117974,0.0765966552807319,74.0,1097.0,265.0,1807.0,0.0,0.0,33.0,521.0,74.0,1097.0,232.0,1286.0,0.0,1.0,0.0,1.0,0.1245283018867924,0.8754716981132076,0.2883231876037631,0.7116768123962368,baseline,male_P42,male,P42,1111834,ELA,saline,ELA_saline
1,inactive,3,yellow,6,3-6,6.0,24.16,4.026666666666666,9720.4,1079.6000000000004,47.0,206.81702127659577,0.0223786587625046,0.0055576139310855,5.0,29.32,5.864,0.0271582067432382,0.0046313449425713,3.0,8.28,2.76,0.0076695072248981,0.0027788069655427,16.0,10722.96,670.185,9.932345313078914,0.0148203038162282,,,,,,1.0,7.92,7.92,0.0073360503890329,0.0009262689885142,10.0,24.8,2.48,0.0229714709151537,0.0092626898851426,3.0,5.84,1.9466666666666663,0.0054094108929233,0.0027788069655427,1.0,1.24,1.24,0.0011485735457576,0.0009262689885142,6.0,20.72,3.453333333333333,0.0191922934420155,0.0055576139310855,,,,,,0.0,0.0,0.0,1.0,1.0,1.0,0.0,0.0,0.0009262689885142,0.0009262689885142,0.0,1.0,0.0,1.0,54.08330898952808,1038.0,0.0521033805294104,0.0181892998732203,2.1986236988621504,0.0462717793360303,0.9614672100778062,243057.0,235254.0,0.0,0.967896419358422,0.0,829.0,181.0,948.0,610.0,0.0,0.0,410.0,76.0,829.0,181.0,538.0,534.0,0.0,1.0,0.0,1.0,0.4324894514767932,0.5675105485232067,0.1245901639344262,0.8754098360655738,baseline,male_P42,male,P42,1111834,ELA,saline,ELA_saline
1,inactive,3,yellow,9,6-9,4.0,47.76,11.94,7976.0,2824.0,19.0,419.7894736842105,0.0169121813031161,0.0014164305949008,1.0,4.4,4.4,0.0015580736543909,0.0003541076487252,1.0,11.16,11.16,0.0039518413597733,0.0003541076487252,14.0,8470.12,605.0085714285715,2.999334277620397,0.0049575070821529,,,,,,1.0,0.96,0.96,0.0003399433427762,0.0003541076487252,14.0,72.12,5.151428571428572,0.0255382436260623,0.0049575070821529,,,,,,1.0,1.96,1.96,0.0006940509915014,0.0003541076487252,4.0,26.68,6.67,0.0094475920679886,0.0014164305949008,,,,,,,,,,,,,,,,,,,,25.798570087315017,528.0,0.0488609281956723,0.0192983155422447,2.164790457084654,0.047859822230854,0.1869688385269121,199419.0,198110.0,0.0,0.9934359313806608,0.0,1842.0,50.0,391.0,1198.0,45.0,0.0,298.0,360.0,1797.0,50.0,93.0,838.0,0.02442996742671,0.97557003257329,0.0,1.0,0.7621483375959079,0.237851662404092,0.3005008347245409,0.6994991652754591,baseline,male_P42,male,P42,1111834,ELA,saline,ELA_saline
1,inactive,3,yellow,12,9-12,4.0,16.2,4.05,10057.96,742.0400000000009,51.0,197.2149019607843,0.0218317071855964,0.0053905449840978,4.0,18.76,4.69,0.025281655975419,0.0053905449840978,2.0,19.96,9.98,0.0268988194706484,0.0026952724920489,9.0,10774.4,1197.1555555555556,14.519971969166065,0.0121287262142202,,,,,,1.0,2.24,2.24,0.0030187051910948,0.0013476362460244,61.0,217.24,3.5613114754098363,0.2927604980863562,0.0822058110074927,1.0,2.6,2.6,0.0035038542396636,0.0013476362460244,1.0,1.72,1.72,0.002317934343162,0.0013476362460244,10.0,30.12,3.012,0.040590803730257,0.0134763624602447,,,,,,0.0,0.0,0.0,2.0,2.0,1.0,0.0,0.0,0.0026952724920489,0.0026952724920489,0.0,1.0,0.0,1.0,28.351331455578993,698.0,0.040617953374755,0.0073726578366342,2.2776231139176035,0.0373681657607524,0.9406500997250812,251500.0,216920.3333333333,0.0,0.8625062955599734,0.0,5549.0,110.0,974.0,409.0,176.0,44.0,479.0,124.0,5373.0,66.0,495.0,285.0,0.0317174265633447,0.9682825734366552,0.4,0.6,0.4917864476386037,0.5082135523613963,0.3031784841075794,0.6968215158924206,baseline,male_P42,male,P42,1111834,ELA,saline,ELA_saline
1,inactive,4,blue,3,0-3,,,,10389.16,410.84000000000015,24.0,432.88166666666666,,,,,,,,1.0,4.52,4.52,0.0110018498685619,0.0024340375815402,8.0,10775.28,1346.91,26.22743647161911,0.019472300652322,,,,,,16.0,190.36,11.8975,0.4633433940220036,0.0389446013046441,,,,,,3.0,15.48,5.16,0.0376789017622432,0.0073021127446207,,,,,,9.0,38.92,4.3244444444444445,0.0947327426735468,0.0219063382338623,,,,,,,,,,,,,,,,,,,,6.045844610490422,389.0,0.0155420169935486,0.0028756239651696,2.097364053884164,0.0141881363699441,0.9468406192191604,259753.0,197007.66666666663,22592.0,0.7584423150711123,0.0869749338794932,4775.0,390.0,114.0,0.0,0.0,0.0,48.0,0.0,4775.0,390.0,66.0,0.0,0.0,1.0,0.0,1.0,0.4210526315789473,0.5789473684210527,0.0,0.0,baseline,male_P42,male,P42,1111865,CTRL,saline,CTRL_saline
1,inactive,4,blue,6,3-6,,,,8827.24,1972.76,4.0,2206.81,,,,,,,,,,,,,4.0,8830.24,2207.56,4.476084267726434,0.0020276161317139,,,,,,,,,,,,,,,,,,,,,,,,,,,,,,,,,,,,,,,,,,,,,,,,,,0.0,0.0,,,,,0.0,220685.0,215651.0,0.0,0.9771892063348212,0.0,,,,,,,,,,,,,,,,,,,,,baseline,male_P42,male,P42,1111865,CTRL,saline,CTRL_saline
1,inactive,4,blue,9,6-9,,,,5111.32,5688.68,3.0,1703.7733333333333,,,,,,,,,,,,,3.0,5114.32,1704.7733333333333,0.8990345739257612,0.0005273631141143,,,,,,,,,,,,,,,,,,,,,,,,,,,,,,,,,,,,,,,,,,,,,,,,,,0.0,0.0,,,,,0.0,127786.0,125160.0,0.0,0.9794500179988418,0.0,,,,,,,,,,,,,,,,,,,,,baseline,male_P42,male,P42,1111865,CTRL,saline,CTRL_saline
1,inactive,4,blue,12,9-12,,,,10218.08,581.9200000000001,18.0,567.6711111111111,,,,,,,,1.0,1.24,1.24,0.0021308770965081,0.0017184492713775,4.0,10799.96,2699.99,18.55918339290624,0.00687379708551,,,,,,9.0,400.64,44.51555555555555,0.688479516084685,0.0154660434423975,,,,,,2.0,7.92,3.96,0.0136101182293098,0.003436898542755,,,,,,7.0,21.28,3.04,0.0365686004949133,0.0120291448996425,1.0,2.68,2.68,0.0046054440472917,0.0017184492713775,,,,,,,,,,,,,,,5.77319458417619,566.0,0.0101999904314066,0.0018147129645389,2.1529913243901504,0.0095948365453857,0.97264228759967,255470.0,232330.66666666663,2543.0,0.9094244594929608,0.0099542020589501,10025.0,200.0,32.0,0.0,0.0,0.0,0.0,0.0,10025.0,200.0,32.0,0.0,0.0,1.0,0.0,1.0,0.0,1.0,0.0,0.0,baseline,male_P42,male,P42,1111865,CTRL,saline,CTRL_saline
1,inactive,4,green,3,0-3,35.0,234.96,6.7131428571428575,5999.28,4800.72,100.0,59.992799999999995,0.0489426586012098,0.0072905730807045,3.0,9.08,3.026666666666667,0.0018913829592227,0.0006249062640603,12.0,55.28,4.6066666666666665,0.0115149394257528,0.0024996250562415,129.0,9582.76,74.28496124031008,1.996108916995784,0.0268709693545968,,,,,,53.0,258.52,4.877735849056603,0.053850255794964,0.0110400106650669,4.0,13.6,3.4,0.0028329083970737,0.0008332083520805,7.0,80.0,11.428571428571429,0.0166641670416104,0.0014581146161409,5.0,23.6,4.720000000000001,0.004915929277275,0.0010415104401006,88.0,384.36,4.367727272727273,0.0800629905514172,0.0183305837457714,7.0,19.36,2.7657142857142856,0.0040327284240697,0.0014581146161409,2.0,2.0,1.0,0.0,0.0,0.0,0.0004166041760402,0.0004166041760402,0.0,0.0,1.0,0.0,1.0,0.0,226.589336982668,4710.0,0.048108139486766,0.0099445820962301,2.0588275682263824,0.0426930551639894,0.9811028345748136,150082.0,146498.33333333334,347.0,0.976121942227138,0.0023120694020602,6860.0,2602.0,1624.0,5909.0,0.0,39.0,380.0,330.0,6860.0,2563.0,1244.0,5579.0,0.0,1.0,0.0149884704073789,0.9850115295926212,0.2339901477832512,0.7660098522167488,0.0558470130309697,0.9441529869690304,baseline,male_P42,male,P42,1111969,CTRL,saline,CTRL_saline
1,inactive,4,green,6,3-6,,,,8808.16,1991.84,8.0,1101.02,,,,,,,,,,,,,4.0,8830.24,2207.56,4.433207486545104,0.0020081934291911,,,,,,,,,,,,,,,,,,,,,,,,,,,,,,,,,,,,,,,,,,,,,,,,,,0.3202250783164893,12.0,0.0266854231930407,0.0059757460532777,0.6481138340677842,0.0168294948996487,0.0060245802875732,220212.0,215428.3333333333,0.0,0.9782769936848732,0.0,,,,,,,,,,,,,,,,,,,,,baseline,male_P42,male,P42,1111969,CTRL,saline,CTRL_saline
1,inactive,4,green,9,6-9,,,,4937.44,5862.56,23.0,214.67130434782607,,,1.0,3.12,3.12,0.0005321907153189,0.0001705739472175,1.0,14.4,14.4,0.0024562648399334,0.0001705739472175,7.0,5082.52,726.0742857142858,0.8669454982123851,0.0011940176305231,,,,,,3.0,7.68,2.56,0.0013100079146311,0.0005117218416527,1.0,1.0,1.0,0.0001705739472175,0.0001705739472175,2.0,4.88,2.44,0.0008324008624218,0.0003411478944351,1.0,1.64,1.64,0.0002797412734368,0.0001705739472175,3.0,9.32,3.106666666666667,0.001589749188068,0.0005117218416527,,,,,,,,,,,,,,,,,,,,9.311710663742565,153.0,0.0608608540113893,0.0140524169920805,1.97842263459889,0.0481814269977101,0.0260978139242924,123459.0,122993.66666666669,0.0,0.9962308674674724,0.0,221.0,166.0,440.0,0.0,0.0,0.0,116.0,0.0,221.0,166.0,324.0,0.0,0.0,1.0,0.0,1.0,0.2636363636363636,0.7363636363636363,0.0,0.0,baseline,male_P42,male,P42,1111969,CTRL,saline,CTRL_saline
1,inactive,4,green,12,9-12,3.0,15.96,5.32,9126.24,1673.7600000000002,66.0,138.27636363636364,0.0095354172641238,0.0017923716661887,3.0,19.6,6.533333333333334,0.0117101615524328,0.0017923716661887,4.0,21.2,5.3,0.0126660931077334,0.0023898288882516,25.0,10658.4,426.336,6.367938055635215,0.0149364305515725,,,,,,72.0,686.64,9.536666666666669,0.4102380269572698,0.0430169199885288,3.0,10.32,3.44,0.0061657585316891,0.0017923716661887,7.0,31.96,4.565714285714286,0.0190947328171302,0.0041822005544403,3.0,15.52,5.173333333333333,0.0092725360864162,0.0017923716661887,32.0,128.84,4.02625,0.076976388490584,0.0191186311060128,7.0,20.0,2.857142857142857,0.011949144441258,0.0041822005544403,,,,,,,,,,,,,,,40.89880243897904,1619.0,0.0252617680290173,0.0041950333069428,2.0357577115516534,0.0208301854480485,0.9672832425198354,228222.0,217894.66666666663,0.0,0.9547487388011088,0.0,17499.0,1197.0,1027.0,402.0,99.0,23.0,94.0,72.0,17400.0,1174.0,933.0,330.0,0.0056574661409223,0.9943425338590776,0.0192147034252297,0.9807852965747702,0.0915287244401168,0.9084712755598832,0.1791044776119403,0.8208955223880597,baseline,male_P42,male,P42,1111969,CTRL,saline,CTRL_saline
1,inactive,4,red,3,0-3,16.0,111.72,6.9825,9104.0,1696.0,31.0,293.6774193548387,0.0658726415094339,0.0094339622641509,7.0,34.08,4.868571428571428,0.0200943396226415,0.004127358490566,8.0,42.44,5.305,0.0250235849056603,0.0047169811320754,54.0,10171.56,188.3622222222222,5.997382075471698,0.0318396226415094,,,,,,33.0,157.08,4.760000000000001,0.0926179245283018,0.0194575471698113,3.0,7.8,2.6,0.0045990566037735,0.0017688679245283,1.0,17.52,17.52,0.0103301886792452,0.0005896226415094,1.0,0.96,0.96,0.000566037735849,0.0005896226415094,28.0,131.48,4.695714285714286,0.0775235849056603,0.0165094339622641,3.0,6.44,2.146666666666667,0.0037971698113207,0.0017688679245283,0.0,0.0,0.0,1.2,1.0,1.2,0.0,0.0,0.0007075471698113,0.0005896226415094,0.0,1.0,0.0,1.0,63.39598548119139,1671.0,0.0379389500186663,0.0112357266286757,1.9340986634325064,0.032673377718466,0.985259433962264,227631.0,193045.3333333333,1382.0,0.848062580814271,0.0060712293141092,4158.0,464.0,1928.0,2809.0,0.0,0.0,48.0,330.0,4158.0,464.0,1880.0,2479.0,0.0,1.0,0.0,1.0,0.0248962655601659,0.975103734439834,0.1174795300818796,0.8825204699181203,baseline,male_P42,male,P42,1111835,ELA,saline,ELA_saline
1,inactive,4,red,6,3-6,6.0,91.84,15.306666666666668,8253.08,2546.92,11.0,750.28,0.0360592401802962,0.0023557865971447,1.0,4.16,4.16,0.0016333453740203,0.0003926310995241,2.0,7.6,3.8,0.0029839963563833,0.0007852621990482,11.0,8697.4,790.6727272727272,3.4148697250011777,0.0043189420947654,,,,,,15.0,285.16,19.01066666666667,0.1119626843403012,0.0058894664928619,2.0,11.12,5.56,0.0043660578267083,0.0007852621990482,2.0,15.64,7.82,0.0061407503965574,0.0007852621990482,1.0,6.64,6.64,0.0026070705008402,0.0003926310995241,8.0,24.24,3.03,0.0095173778524649,0.003141048796193,1.0,2.76,2.76,0.0010836618346866,0.0003926310995241,,,,,,,,,,,,,,,10.632818192995884,565.0,0.0188191472442405,0.0027081576597244,2.1152208289822845,0.0175623109630972,0.221836571231134,206338.0,206086.33333333337,0.0,0.9987803183772904,0.0,7424.0,560.0,297.0,2302.0,0.0,0.0,0.0,0.0,7424.0,560.0,297.0,2302.0,0.0,1.0,0.0,1.0,0.0,1.0,0.0,1.0,baseline,male_P42,male,P42,1111835,ELA,saline,ELA_saline
1,inactive,4,red,9,6-9,,,,5111.32,5688.68,3.0,1703.7733333333333,,,,,,,,,,,,,3.0,5114.32,1704.7733333333333,0.8990345739257612,0.0005273631141143,,,,,,,,,,,,,,,,,,,,,,,,,,,,,,,,,,,,,,,,,,,,,,,,,,0.0,0.0,,,,,0.0,127786.0,125160.0,0.0,0.9794500179988418,0.0,,,,,,,,,,,,,,,,,,,,,baseline,male_P42,male,P42,1111835,ELA,saline,ELA_saline
1,inactive,4,red,12,9-12,6.0,41.76,6.96,10066.16,733.8400000000001,12.0,838.8466666666667,0.0569061375776735,0.0081761691921944,4.0,21.68,5.42,0.0295432246811293,0.0054507794614629,4.0,24.48,6.12,0.0333587703041534,0.0054507794614629,16.0,10670.6,666.9125,14.54077183037174,0.0218031178458519,,,,,,25.0,314.56,12.5824,0.4286492968494494,0.0340673716341436,3.0,9.96,3.3200000000000003,0.0135724408590428,0.0040880845960972,2.0,14.4,7.2,0.0196228060612667,0.0027253897307314,2.0,16.44,8.22,0.0224027035866128,0.0027253897307314,19.0,78.92,4.153684210526316,0.1075438787746647,0.0258912024419491,2.0,4.12,2.06,0.0056143028453068,0.0027253897307314,,,,,,,,,,,,,,,20.285566643724877,718.0,0.0282528783338786,0.0055021319422037,2.045464808408472,0.0265142132046369,0.9784149133326064,251666.0,232165.0,446.0,0.9225123775162318,0.0017721901250069,8141.0,775.0,1162.0,1050.0,187.0,0.0,0.0,72.0,7954.0,775.0,1162.0,978.0,0.02297015108709,0.97702984891291,0.0,1.0,0.0,1.0,0.0685714285714285,0.9314285714285714,baseline,male_P42,male,P42,1111835,ELA,saline,ELA_saline
1,inactive,4,yellow,3,0-3,5.0,20.48,4.096,8908.28,1891.7199999999991,78.0,114.20871794871796,0.0108261264880637,0.0026430972871249,1.0,2.6,2.6,0.0013744105893049,0.0005286194574249,4.0,20.08,5.02,0.0106146787050937,0.0021144778296999,19.0,10682.28,562.2252631578948,5.6468610576618135,0.0100437696910747,,,,,,12.0,78.2,6.516666666666667,0.0413380415706341,0.0063434334890998,1.0,1.96,1.96,0.0010360941365529,0.0005286194574249,5.0,35.88,7.176,0.0189668661324086,0.0026430972871249,2.0,2.2,1.1,0.0011629628063349,0.0010572389148499,14.0,55.56,3.968571428571429,0.0293700970545323,0.0074006724039498,1.0,2.76,2.76,0.0014589897024929,0.0005286194574249,0.0,0.0,0.0,0.8,1.0,0.8,0.0,0.0,0.0004228955659399,0.0005286194574249,0.0,1.0,0.0,1.0,67.52249568368819,1822.0,0.0370595475761186,0.0083342965852688,2.1835392056691365,0.0308590698410142,0.9631446514283304,222785.0,190834.0,1877.0,0.8565837017752541,0.0084251632740085,2017.0,959.0,572.0,517.0,0.0,39.0,380.0,0.0,2017.0,920.0,192.0,517.0,0.0,1.0,0.040667361835245,0.959332638164755,0.6643356643356644,0.3356643356643357,0.0,1.0,baseline,male_P42,male,P42,1111919,ELA,saline,ELA_saline
1,inactive,4,yellow,6,3-6,,,,8815.8,1984.2000000000007,8.0,1101.975,,,,,,,,,,,,,4.0,8830.24,2207.56,4.450277189799413,0.00201592581393,,,,,,,,,,,,,,,,,,,,,,,,,,,,,,,,,,,,,,,,,,,,,,,,,,0.2394041667305613,10.0,0.0239404166730561,0.0083199497232121,1.260049809358338,0.0290630311786506,0.0050398145348251,220403.0,215555.66666666663,0.0,0.9780069539283344,0.0,,,,,,,,,,,,,,,,,,,,,baseline,male_P42,male,P42,1111919,ELA,saline,ELA_saline
1,inactive,4,yellow,9,6-9,,,,4968.68,5831.32,18.0,276.0377777777778,,,,,,,,2.0,6.0,3.0,0.0010289265552224,0.0003429755184074,6.0,5107.04,851.1733333333333,0.8757948457639094,0.0010289265552224,,,,,,,,,,,,,,,,1.0,3.32,3.32,0.0005693393605564,0.0001714877592037,1.0,1.92,1.92,0.0003292564976711,0.0001714877592037,1.0,2.96,2.96,0.000507603767243,0.0001714877592037,,,,,,,,,,,,,,,,,,,,8.331882947333767,124.0,0.0671926044139819,0.0252927572254362,2.0528476549276253,0.0541607591231623,0.0212644821412647,124235.0,123511.0,0.0,0.9941723346882924,0.0,0.0,133.0,152.0,0.0,0.0,0.0,116.0,0.0,0.0,133.0,36.0,0.0,0.0,0.0,0.0,1.0,0.7631578947368421,0.2368421052631578,0.0,0.0,baseline,male_P42,male,P42,1111919,ELA,saline,ELA_saline
1,inactive,4,yellow,12,9-12,,,,10280.0,520.0,32.0,321.25,,,1.0,2.4,2.4,0.0046153846153846,0.0019230769230769,1.0,4.08,4.08,0.0078461538461538,0.0019230769230769,4.0,10799.96,2699.99,20.769153846153845,0.0076923076923076,,,,,,26.0,241.72,9.296923076923076,0.4648461538461538,0.05,,,,,,2.0,3.84,1.92,0.0073846153846153,0.0038461538461538,,,,,,6.0,18.28,3.046666666666667,0.0351538461538461,0.0115384615384615,,,,,,,,,,,,,,,,,,,,14.190013339771577,491.0,0.0289002308345653,0.0038310760574617,2.171410421968964,0.0255522444316476,0.9442307692307692,257032.0,236195.0,14.0,0.9189322730243704,5.446792617261664e-05,6069.0,98.0,164.0,0.0,164.0,23.0,94.0,0.0,5905.0,75.0,70.0,0.0,0.0270225737353765,0.9729774262646236,0.2346938775510204,0.7653061224489796,0.573170731707317,0.4268292682926829,0.0,0.0,baseline,male_P42,male,P42,1111919,ELA,saline,ELA_saline
1,inactive,5,blue,3,0-3,3.0,65.48,21.826666666666668,9868.24,931.7600000000002,17.0,580.484705882353,0.0702756074525628,0.0032197132308749,3.0,6.64,2.213333333333334,0.0071262986176697,0.0032197132308749,4.0,48.96,12.24,0.0525457199278784,0.0042929509744998,19.0,10625.32,559.2273684210526,11.40349446209324,0.0203915171288743,,,,,,4.0,31.4,7.85,0.0336996651498239,0.0042929509744998,32.0,341.4,10.66875,0.3664033656735639,0.0343436077959989,1.0,8.8,8.8,0.0094444921438997,0.0010732377436249,,,,,,8.0,31.96,3.995,0.0343006782862539,0.0085859019489997,1.0,2.12,2.12,0.0022752640164849,0.0010732377436249,,,,,,,,,,,,,,,22.6276110147498,915.0,0.0247296295243167,0.0056966370928562,2.1656800052798486,0.0204266123878483,0.9820125354168452,246723.0,152963.0,44640.0,0.6199786805445784,0.18093165209567,9356.0,221.0,1397.0,1640.0,5156.0,0.0,0.0,0.0,4200.0,221.0,1397.0,1640.0,0.5510902094912355,0.4489097905087644,0.0,1.0,0.0,1.0,0.0,1.0,baseline,male_P42,male,P42,1112041,ELA,saline,ELA_saline
1,inactive,5,blue,6,3-6,,,,10758.24,41.76000000000022,4.0,2689.56,,,,,,,,,,,,,4.0,10761.24,2690.31,257.69252873563084,0.0957854406130263,,,,,,,,,,,,,,,,,,,,,,,,,,,,,,,,,,,,,,,,,,,,,,,,,,0.0,0.0,,,,,0.0,268960.0,266409.0,0.0,0.9905153182629388,0.0,,,,,,,,,,,,,,,,,,,,,baseline,male_P42,male,P42,1112041,ELA,saline,ELA_saline
1,inactive,5,blue,9,6-9,2.0,27.28,13.64,9610.24,1189.7600000000002,12.0,800.8533333333334,0.0229289940828402,0.0016810112963959,1.0,4.84,4.84,0.0040680473372781,0.0008405056481979,,,,,,20.0,9924.28,496.21400000000006,8.341413394298009,0.0168101129639591,,,,,,6.0,84.8,14.133333333333333,0.0712748789671866,0.0050430338891877,2.0,17.76,8.88,0.0149273803119956,0.0016810112963959,2.0,4.4,2.2,0.003698224852071,0.0016810112963959,,,,,,7.0,38.84,5.548571428571429,0.0326452393760086,0.0058835395373856,2.0,4.04,2.02,0.0033956428187197,0.0016810112963959,,,,,,,,,,,,,,,14.715715682656784,443.0,0.0332183198254103,0.0093969371702462,2.0065634514345465,0.0295037666155095,0.3723440021516944,240268.0,235194.3333333333,0.0,0.978883302534392,0.0,2572.0,112.0,122.0,684.0,0.0,0.0,0.0,0.0,2572.0,112.0,122.0,684.0,0.0,1.0,0.0,1.0,0.0,1.0,0.0,1.0,baseline,male_P42,male,P42,1112041,ELA,saline,ELA_saline
1,inactive,5,blue,12,9-12,5.0,32.84,6.5680000000000005,9736.24,1063.7600000000002,22.0,442.5563636363637,0.0308716251786117,0.0047003083402271,4.0,16.68,4.17,0.0156802286229976,0.0037602466721816,2.0,12.68,6.34,0.0119199819508159,0.0018801233360908,19.0,10681.12,562.1642105263159,10.040911483793336,0.017861171692863,,,,,,68.0,396.08,5.824705882352941,0.3723396254794313,0.0639241934270888,2.0,16.52,8.26,0.0155298187561103,0.0018801233360908,2.0,23.8,11.9,0.022373467699481,0.0018801233360908,1.0,1.28,1.28,0.0012032789350981,0.0009400616680454,15.0,48.36,3.224,0.0454613822666766,0.0141009250206813,5.0,12.56,2.512,0.0118071745506505,0.0047003083402271,,,,,,,,,,,,,,,22.30650428974949,1036.0,0.0215313747970554,0.0047350124487357,2.1754417953683363,0.0203112797611523,0.9739038880950588,243428.0,213372.0,5681.0,0.876530226596776,0.0233374960974086,10385.0,630.0,740.0,826.0,326.0,0.0,0.0,0.0,10059.0,630.0,740.0,826.0,0.031391429947039,0.968608570052961,0.0,1.0,0.0,1.0,0.0,1.0,baseline,male_P42,male,P42,1112041,ELA,saline,ELA_saline
1,inactive,5,green,3,0-3,58.0,260.72,4.495172413793104,6706.4,4093.6,217.0,30.90506912442396,0.0636896619112761,0.0141684580809067,5.0,15.44,3.088,0.0037717412546413,0.0012214188000781,10.0,32.64,3.264,0.0079734219269103,0.0024428376001563,70.0,10238.76,146.268,2.5011627906976743,0.0170998632010943,,,,,,15.0,101.96,6.797333333333333,0.024907172171194,0.0036642564002345,77.0,566.56,7.357922077922077,0.1384014070744576,0.0188098495212038,5.0,53.12,10.624,0.0129763533320304,0.0012214188000781,7.0,27.4,3.914285714285714,0.0066933750244283,0.0017099863201094,43.0,227.2,5.283720930232558,0.055501270275552,0.0105042016806722,3.0,7.92,2.64,0.0019347273793238,0.0007328512800469,0.0,0.0,0.0,0.8,1.0,0.8,0.0,0.0,0.0001954270080125,0.0002442837600156,0.0,1.0,0.0,1.0,229.40066575569057,3903.0,0.0587754716258494,0.0141814813644383,2.1281646522830973,0.0506645449739861,0.95343951534102,167877.0,137914.3333333333,4876.0,0.8215201208821536,0.0290450746677627,16805.0,2025.0,1217.0,6576.0,924.0,414.0,438.0,3480.0,15881.0,1611.0,779.0,3096.0,0.0549836358226718,0.945016364177328,0.2044444444444444,0.7955555555555556,0.3599013968775678,0.6400986031224322,0.5291970802919708,0.4708029197080292,baseline,male_P42,male,P42,1112051,CTRL,saline,CTRL_saline
1,inactive,5,green,6,3-6,4.0,32.48,8.12,10554.44,245.5599999999995,14.0,753.8885714285715,0.1322690992018246,0.0162892979312591,1.0,5.32,5.32,0.0216647662485747,0.0040723244828147,1.0,13.96,13.96,0.0568496497800946,0.0040723244828147,11.0,10690.88,971.8981818181818,43.536732366835075,0.0447955693109627,,,,,,,,,,,,,,,,,,,,,,,,,,3.0,9.68,3.2266666666666666,0.0394201009936472,0.0122169734484443,,,,,,,,,,,,,,,,,,,,11.73377657891434,195.0,0.0601732132252017,0.0238926899214614,1.716936993888548,0.0530474486062804,0.7941032741488858,263875.0,263339.6666666666,0.0,0.9979712616453495,0.0,0.0,0.0,484.0,816.0,0.0,0.0,109.0,142.0,0.0,0.0,375.0,674.0,0.0,0.0,0.0,0.0,0.2252066115702479,0.7747933884297521,0.1740196078431372,0.8259803921568627,baseline,male_P42,male,P42,1112051,CTRL,saline,CTRL_saline
1,inactive,5,green,9,6-9,,,,9886.96,913.0400000000008,24.0,411.95666666666665,,,1.0,8.04,8.04,0.0088057478314203,0.0010952422675895,,,,,,5.0,10058.0,2011.6,11.015946727416097,0.0054762113379479,,,,,,6.0,65.64,10.94,0.0718917024445806,0.0065714536055375,3.0,5.52,1.84,0.0060457373170945,0.0032857268027687,1.0,5.36,5.36,0.0058704985542802,0.0010952422675895,1.0,2.84,2.84,0.0031104880399544,0.0010952422675895,2.0,6.2,3.1,0.0067905020590554,0.0021904845351791,1.0,2.28,2.28,0.0024971523701042,0.0010952422675895,,,,,,,,,,,,,,,6.860177973557,158.0,0.043418847933905,0.0078102334849464,2.070348407450002,0.0465785049402351,0.1730482782791552,247198.0,238759.0,0.0,0.9658613742829636,0.0,1788.0,207.0,202.0,0.0,18.0,0.0,123.0,0.0,1770.0,207.0,79.0,0.0,0.0100671140939597,0.9899328859060402,0.0,1.0,0.6089108910891089,0.3910891089108911,0.0,0.0,baseline,male_P42,male,P42,1112051,CTRL,saline,CTRL_saline
1,inactive,5,green,12,9-12,7.0,66.72,9.531428571428572,8737.84,2062.16,70.0,124.82628571428572,0.0323544244869457,0.0033944989719517,6.0,30.44,5.073333333333333,0.0147612212437444,0.0029095705473872,12.0,56.96,4.746666666666667,0.0276215230631958,0.0058191410947744,30.0,10585.68,352.856,5.1332971253443,0.014547852736936,,,,,,47.0,215.68,4.588936170212766,0.1045893626100787,0.0227916359545331,18.0,352.16,19.564444444444447,0.1707723939946464,0.0087287116421616,6.0,75.52,12.586666666666666,0.0366217946231136,0.0029095705473872,,,,,,20.0,67.44,3.372,0.0327035729526321,0.0096985684912906,2.0,5.04,2.52,0.0024440392598052,0.000969856849129,1.0,1.0,1.0,0.0,0.0,0.0,0.0004849284245645,0.0004849284245645,0.0,0.0,1.0,0.0,1.0,0.0,69.57380535452344,1998.0,0.0348217244016633,0.0054043301969457,2.153699337590945,0.0323057422202936,0.9688869922799396,218516.0,200047.66666666663,3785.0,0.915482924209974,0.017321386076992,14261.0,1894.0,2203.0,1675.0,4798.0,0.0,152.0,53.0,9463.0,1894.0,2051.0,1622.0,0.3364420447373957,0.6635579552626043,0.0,1.0,0.0689968225147526,0.9310031774852474,0.0316417910447761,0.9683582089552238,baseline,male_P42,male,P42,1112051,CTRL,saline,CTRL_saline
1,inactive,5,red,3,0-3,35.0,614.52,17.557714285714287,6022.84,4777.16,50.0,120.4568,0.1286370981922313,0.0073265287325523,10.0,78.2,7.82,0.0163695584824456,0.0020932939235863,12.0,66.48,5.54,0.0139162180040023,0.0025119527083036,88.0,9242.4,105.02727272727272,1.934705975935493,0.0184209865275603,,,,,,31.0,272.8,8.8,0.0571050582354369,0.0064892111631178,65.0,705.2,10.84923076923077,0.1476190874913128,0.0136064105033115,6.0,44.72,7.453333333333333,0.0093612104262783,0.0012559763541518,7.0,82.96,11.85142857142857,0.0173659663900727,0.0014653057465104,79.0,346.24,4.382784810126583,0.0724782088102554,0.0165370219963325,11.0,27.44,2.4945454545454546,0.005743998526321,0.002302623315945,0.8,1.0,0.8,0.8,1.0,0.8,0.0001674635138869,0.0002093293923586,0.0001674635138869,0.0002093293923586,0.5,0.5,0.5,0.5,108.6119739544364,4722.0,0.0230012651322398,0.0052956877557713,2.0704134870578232,0.0203407233317323,0.9884533907174976,150621.0,129964.0,1595.0,0.862854449246785,0.0105894928330046,24546.0,3205.0,3639.0,15398.0,2828.0,0.0,53.0,1793.0,21718.0,3205.0,3586.0,13605.0,0.1152122545424916,0.8847877454575084,0.0,1.0,0.0145644407804341,0.9854355592195658,0.1164436939862319,0.883556306013768,baseline,male_P42,male,P42,1111882,ELA,saline,ELA_saline
1,inactive,5,red,6,3-6,,,,10697.0,103.0,5.0,2139.4,,,1.0,12.64,12.64,0.1227184466019417,0.0097087378640776,,,,,,6.0,10734.92,1789.1533333333334,104.22252427184466,0.058252427184466,,,,,,,,,,,2.0,2.92,1.46,0.0283495145631067,0.0194174757281553,,,,,,1.0,3.28,3.28,0.0318446601941747,0.0097087378640776,1.0,2.16,2.16,0.0209708737864077,0.0097087378640776,,,,,,,,,,,,,,,,,,,,2.4415731298241687,60.0,0.0406928854970694,0.0184980336442636,1.9035041391057528,0.0365916037890424,0.5825242718446602,267430.0,265389.0,0.0,0.9923680963242718,0.0,75.0,83.0,317.0,0.0,0.0,0.0,0.0,0.0,75.0,83.0,317.0,0.0,0.0,1.0,0.0,1.0,0.0,1.0,0.0,0.0,baseline,male_P42,male,P42,1111882,ELA,saline,ELA_saline
1,inactive,5,red,9,6-9,3.0,60.04,20.013333333333332,9529.8,1270.2000000000007,17.0,560.5764705882352,0.0472681467485435,0.002361832782239,3.0,10.56,3.52,0.0083136513934813,0.002361832782239,2.0,26.76,13.38,0.021067548417572,0.0015745551881593,19.0,9873.88,519.6778947368421,7.773484490631391,0.0149582742875137,,,,,,9.0,43.0,4.777777777777778,0.0338529365454259,0.007085498346717,5.0,79.0,15.8,0.062194929932294,0.0039363879703983,,,,,,,,,,,6.0,31.12,5.1866666666666665,0.0245000787277593,0.004723665564478,1.0,2.24,2.24,0.0017635018107384,0.0007872775940796,,,,,,,,,,,,,,,16.85101731971999,518.0,0.0325309214666409,0.01176780100217,1.884565496739569,0.0304547676310056,0.4078097937332701,238262.0,233849.66666666663,0.0,0.98148117058812,0.0,3064.0,0.0,938.0,1504.0,0.0,0.0,0.0,0.0,3064.0,0.0,938.0,1504.0,0.0,1.0,0.0,0.0,0.0,1.0,0.0,1.0,baseline,male_P42,male,P42,1111882,ELA,saline,ELA_saline
1,inactive,5,red,12,9-12,9.0,41.76,4.64,8712.24,2087.76,36.0,242.00666666666663,0.0200022991148407,0.0043108403264743,6.0,27.96,4.66,0.0133923439475801,0.0028738935509828,5.0,24.96,4.992,0.0119553971720887,0.0023949112924857,38.0,10486.24,275.9536842105263,5.022722918343104,0.0182013258228915,,,,,,20.0,123.52,6.176,0.0591638885695673,0.0095796451699429,15.0,102.28,6.818666666666667,0.048990305399088,0.0071847338774571,4.0,18.76,4.69,0.0089857071694064,0.0019159290339885,4.0,35.64,8.91,0.0170709276928382,0.0019159290339885,21.0,89.24,4.24952380952381,0.0427443767482852,0.01005862742844,6.0,15.28,2.5466666666666664,0.0073188489098363,0.0028738935509828,0.0,0.0,0.0,1.8,2.0,0.9,0.0,0.0,0.0008621680652948,0.0009579645169942,0.0,1.0,0.0,1.0,43.59896722030303,2043.0,0.0213406594323558,0.0055666275934548,2.0865269406003875,0.01929762130185,0.9785607541096676,217842.0,198400.0,4525.0,0.9107518293074798,0.0207719356230662,5680.0,1368.0,1334.0,1053.0,534.0,138.0,25.0,0.0,5146.0,1230.0,1309.0,1053.0,0.0940140845070422,0.9059859154929576,0.1008771929824561,0.8991228070175439,0.0187406296851574,0.9812593703148426,0.0,1.0,baseline,male_P42,male,P42,1111882,ELA,saline,ELA_saline
1,inactive,5,yellow,3,0-3,52.0,351.08,6.751538461538461,6782.04,4017.96,130.0,52.16953846153846,0.0873776742426505,0.0129418909098149,6.0,18.68,3.1133333333333333,0.0046491254268335,0.0014932951049786,6.0,22.12,3.686666666666667,0.0055052812870212,0.0014932951049786,88.0,10315.2,117.21818181818183,2.567272944479288,0.0219016615396868,,,,,,32.0,188.96,5.905,0.0470288405061274,0.0079642405598861,62.0,319.84,5.158709677419354,0.0796025843960616,0.0154307160847793,5.0,54.84,10.968,0.0136487172595048,0.0012444125874822,1.0,30.88,30.88,0.00768549214029,0.0002488825174964,37.0,132.4,3.5783783783783787,0.0329520453165287,0.0092086531473683,1.0,2.36,2.36,0.0005873627412916,0.0002488825174964,0.8,1.0,0.8,0.0,0.0,0.0,0.0001991060139971,0.0002488825174964,0.0,0.0,1.0,0.0,1.0,0.0,176.95193954652908,3894.0,0.0454422032733767,0.0118464778189682,2.14663644595063,0.0412075305537863,0.9691485231311412,169681.0,140005.3333333333,2180.0,0.825109077229232,0.012847637625898,12814.0,2149.0,1032.0,8829.0,2766.0,414.0,451.0,4483.0,10048.0,1735.0,581.0,4346.0,0.21585765568909,0.7841423443109099,0.1926477431363424,0.8073522568636575,0.437015503875969,0.562984496124031,0.5077585230490429,0.492241476950957,baseline,male_P42,male,P42,1111983,CTRL,saline,CTRL_saline
1,inactive,5,yellow,6,3-6,1.0,6.04,6.04,10716.28,83.71999999999935,15.0,714.4186666666667,0.0721452460582901,0.0119445771619685,1.0,4.32,4.32,0.0516005733397041,0.0119445771619685,,,,,,4.0,10761.24,2690.31,128.53846153846254,0.0477783086478742,,,,,,,,,,,,,,,,,,,,,,,,,,,,,,,,,,,,,,,,,,,,,,,,,,3.879861357803568,36.0,0.1077739266056546,0.0907861442136639,2.202136891103894,0.1233978145429078,0.4300047778308681,267922.0,266037.6666666667,0.0,0.9929668585135476,0.0,0.0,0.0,109.0,152.0,0.0,0.0,109.0,142.0,0.0,0.0,0.0,10.0,0.0,0.0,0.0,0.0,1.0,0.0,0.9342105263157896,0.0657894736842105,baseline,male_P42,male,P42,1111983,CTRL,saline,CTRL_saline
1,inactive,5,yellow,9,6-9,,,,9961.6,838.3999999999996,15.0,664.1066666666667,,,1.0,4.88,4.88,0.0058206106870229,0.001192748091603,,,,,,4.0,10064.96,2516.24,12.004961832061072,0.0047709923664122,,,,,,6.0,25.8,4.3,0.0307729007633587,0.0071564885496183,4.0,13.24,3.31,0.0157919847328244,0.0047709923664122,,,,,,,,,,,1.0,2.16,2.16,0.0025763358778625,0.001192748091603,,,,,,,,,,,,,,,,,,,,4.523605128936925,93.0,0.0486409153649131,0.0147284657382772,2.0277969870094745,0.0493212889239741,0.110925572519084,249055.0,239967.0,46.0,0.9635100680572564,0.0001846981590411,986.0,0.0,123.0,0.0,18.0,0.0,123.0,0.0,968.0,0.0,0.0,0.0,0.0182555780933062,0.9817444219066938,0.0,0.0,1.0,0.0,0.0,0.0,baseline,male_P42,male,P42,1111983,CTRL,saline,CTRL_saline
1,inactive,5,yellow,12,9-12,1.0,4.4,4.4,9618.68,1181.3199999999997,62.0,155.14,0.0037246470050452,0.0008465106829648,3.0,9.08,3.026666666666667,0.0076863170013205,0.0025395320488944,1.0,6.28,6.28,0.005316087089019,0.0008465106829648,10.0,10766.72,1076.672,9.11414350049098,0.0084651068296481,,,,,,48.0,401.72,8.369166666666667,0.3400602715606272,0.0406325127823113,4.0,8.32,2.08,0.0070429688822672,0.0033860427318592,2.0,48.68,24.34,0.0412081400467274,0.0016930213659296,1.0,1.88,1.88,0.0015914400839738,0.0008465106829648,10.0,41.6,4.16,0.0352148444113364,0.0084651068296481,,,,,,0.8,1.0,0.8,0.0,0.0,0.0,0.0006772085463718,0.0008465106829648,0.0,0.0,1.0,0.0,1.0,0.0,32.09268704049922,1124.0,0.0285522126694832,0.005980861570216,2.2092845481870227,0.0256803836501973,0.9514780076524568,240529.0,215076.33333333337,1994.0,0.8941804661115015,0.0082900606579663,10303.0,1267.0,388.0,111.0,4464.0,138.0,127.0,53.0,5839.0,1129.0,261.0,58.0,0.4332718625643016,0.5667281374356984,0.1089187056037884,0.8910812943962115,0.327319587628866,0.6726804123711341,0.4774774774774775,0.5225225225225225,baseline,male_P42,male,P42,1111983,CTRL,saline,CTRL_saline
1,inactive,6,blue,3,0-3,,,,9966.8,833.2000000000007,50.0,199.336,,,1.0,1.24,1.24,0.0014882381180988,0.0012001920307249,,,,,,12.0,10728.52,894.0433333333334,12.876284205472864,0.0144023043686989,,,,,,3.0,71.76,23.92,0.0861257801248199,0.0036005760921747,2.0,100.2,50.1,0.1202592414786364,0.0024003840614498,,,,,,1.0,2.0,2.0,0.0024003840614498,0.0012001920307249,19.0,65.16,3.4294736842105262,0.0782045127220354,0.0228036485837733,2.0,5.08,2.54,0.0060969755160825,0.0024003840614498,,,,,,,,,,,,,,,12.66052039984586,790.0,0.0160259751896783,0.0027306000594401,1.9520399066363283,0.0146617952036096,0.9481517042726828,249220.0,223798.3333333333,145.0,0.8979950779766203,0.0005818152636225,4304.0,51.0,32.0,0.0,0.0,0.0,0.0,0.0,4304.0,51.0,32.0,0.0,0.0,1.0,0.0,1.0,0.0,1.0,0.0,0.0,baseline,male_P42,male,P42,1111883,ELA,saline,ELA_saline
1,inactive,6,blue,6,3-6,,,,9964.72,835.2800000000007,12.0,830.3933333333333,,,,,,,,,,,,,4.0,10091.76,2522.94,12.081888707978154,0.0047888133320563,,,,,,,,,,,,,,,,,,,,,,,,,,,,,,,,,,,,,,,,,,,,,,,,,,1.6897586329316905,117.0,0.0144423814780486,0.0068912893200366,2.0234850043114467,0.0114281414573226,0.1400727899626471,249130.0,243337.0,0.0,0.9767470798378356,0.0,,,,,,,,,,,,,,,,,,,,,baseline,male_P42,male,P42,1111883,ELA,saline,ELA_saline
1,inactive,6,blue,9,6-9,,,,10439.88,360.1200000000008,25.0,417.5952,,,,,,,,,,,,,6.0,10745.04,1790.84,29.83738753748744,0.0166611129623458,,,,,,,,,,,7.0,47.44,6.777142857142857,0.1317338664889478,0.0194379651227368,1.0,1.04,1.04,0.0028879262468066,0.0027768521603909,1.0,4.76,4.76,0.013217816283461,0.0027768521603909,5.0,13.32,2.664,0.0369876707764077,0.0138842608019548,1.0,2.2,2.2,0.0061090747528601,0.0027768521603909,0.0,0.0,0.0,0.8,1.0,0.8,0.0,0.0,0.0022214817283127,0.0027768521603909,0.0,1.0,0.0,1.0,5.730923413156798,289.0,0.0198301848206117,0.004049157114487,2.0353842687890205,0.0193942283176369,0.8025102743529917,261022.0,253366.0,0.0,0.9706691389997778,0.0,1193.0,147.0,0.0,0.0,127.0,0.0,0.0,0.0,1066.0,147.0,0.0,0.0,0.1064543168482816,0.8935456831517183,0.0,1.0,0.0,0.0,0.0,0.0,baseline,male_P42,male,P42,1111883,ELA,saline,ELA_saline
1,inactive,6,blue,12,9-12,1.0,6.32,6.32,9915.68,884.3199999999997,29.0,341.92,0.0071467342138592,0.0011308123756106,2.0,39.76,19.88,0.044961100054279,0.0022616247512212,,,,,,8.0,10734.28,1341.785,12.138456667269772,0.0090464990048851,,,,,,10.0,379.84,37.983999999999995,0.4295277727519451,0.0113081237561063,9.0,35.44,3.937777777777778,0.040075990591641,0.0101773113804957,1.0,48.88,48.88,0.055274108919848,0.0011308123756106,3.0,6.76,2.2533333333333334,0.0076442916591279,0.0033924371268319,13.0,69.6,5.3538461538461535,0.0787045413425004,0.0147005608829383,3.0,6.44,2.146666666666667,0.0072824316989325,0.0033924371268319,,,,,,,,,,,,,,,12.095119267868812,852.0,0.0141961493754328,0.0027951050673491,2.213086770549106,0.0139405151017688,0.9634521440202644,247921.0,224567.0,501.0,0.9058006381064936,0.0020208050145005,10401.0,1395.0,996.0,159.0,237.0,62.0,0.0,0.0,10164.0,1333.0,996.0,159.0,0.0227862705509085,0.9772137294490916,0.0444444444444444,0.9555555555555556,0.0,1.0,0.0,1.0,baseline,male_P42,male,P42,1111883,ELA,saline,ELA_saline
1,inactive,6,green,3,0-3,4.0,13.08,3.27,9237.88,1562.1200000000008,140.0,65.98485714285714,0.0083732363710854,0.0025606227434512,6.0,34.56,5.760000000000001,0.0221237805034184,0.0038409341151768,,,,,,37.0,10607.0,286.6756756756757,6.790131359946735,0.0236857603769236,,,,,,17.0,117.64,6.92,0.0753079148848999,0.0108826466596676,34.0,142.32,4.185882352941176,0.0911069572119939,0.0217652933193352,,,,,,2.0,9.6,4.8,0.0061454945842828,0.0012803113717256,,,,,,1.0,3.04,3.04,0.0019460732850229,0.0006401556858628,,,,,,,,,,,,,,,53.45245984319993,1460.0,0.0366112738652054,0.0050056447260254,2.0959756717249047,0.033542858882292,0.9346273013596902,231087.0,217366.66666666663,0.0,0.9406269788723152,0.0,6550.0,242.0,870.0,331.0,265.0,197.0,5.0,142.0,6285.0,45.0,865.0,189.0,0.0404580152671755,0.9595419847328244,0.8140495867768595,0.1859504132231405,0.0057471264367816,0.9942528735632185,0.4290030211480362,0.5709969788519638,baseline,male_P42,male,P42,1112052,CTRL,saline,CTRL_saline
1,inactive,6,green,6,3-6,,,,9435.88,1364.1200000000008,35.0,269.5965714285714,,,,,,,,,,,,,11.0,9697.6,881.6,7.109051989561031,0.0080638067032225,,,,,,,,,,,2.0,9.16,4.58,0.0067149517637744,0.0014661466733131,1.0,1.84,1.84,0.0013488549394481,0.0007330733366565,1.0,2.8,2.8,0.0020526053426384,0.0007330733366565,,,,,,,,,,,,,,,,,,,,,,,,,7.131308300710149,626.0,0.0113918662950641,0.0002986905786552,2.07167516589485,0.0093340490536648,0.4589039087470308,235932.0,234396.66666666663,0.0,0.9934924752329768,0.0,231.0,118.0,0.0,0.0,0.0,0.0,0.0,0.0,231.0,118.0,0.0,0.0,0.0,1.0,0.0,1.0,0.0,0.0,0.0,0.0,baseline,male_P42,male,P42,1112052,CTRL,saline,CTRL_saline
1,inactive,6,green,9,6-9,1.0,6.64,6.64,10100.16,699.8400000000001,34.0,297.0635294117647,0.009487882944673,0.0014288980338363,6.0,42.4,7.066666666666666,0.0605852766346593,0.0085733882030178,1.0,3.68,3.68,0.0052583447645176,0.0014288980338363,18.0,10644.0,591.3333333333334,15.209190672153632,0.0257201646090534,,,,,,20.0,176.84,8.842,0.2526863283036122,0.0285779606767261,13.0,93.32,7.178461538461538,0.133344764517604,0.0185756744398719,2.0,10.92,5.46,0.0156035665294924,0.0028577960676726,2.0,3.16,1.58,0.0045153177869227,0.0028577960676726,3.0,9.36,3.1199999999999997,0.0133744855967078,0.0042866941015089,1.0,2.08,2.08,0.0029721079103795,0.0014288980338363,0.8,1.0,0.8,0.0,0.0,0.0,0.001143118427069,0.0014288980338363,0.0,0.0,1.0,0.0,1.0,0.0,26.270927376164725,623.0,0.0421684227546785,0.00580768811818,2.1930559725293075,0.0437286447692913,0.8902034750800181,252538.0,249532.6666666667,0.0,0.9880994807382124,0.0,6787.0,356.0,1159.0,167.0,254.0,0.0,0.0,0.0,6533.0,356.0,1159.0,167.0,0.0374244879917489,0.9625755120082512,0.0,1.0,0.0,1.0,0.0,1.0,baseline,male_P42,male,P42,1112052,CTRL,saline,CTRL_saline
1,inactive,6,green,12,9-12,,,,9654.88,1145.1200000000008,66.0,146.2860606060606,,,2.0,12.76,6.38,0.0111429369847701,0.0017465418471426,3.0,16.44,5.48,0.0143565739835126,0.0026198127707139,23.0,10677.96,464.25913043478255,9.3247519910577,0.0200852312421405,,,,,,61.0,520.76,8.537049180327868,0.4547645661590048,0.053269526337851,8.0,24.96,3.12,0.0217968422523403,0.0069861673885706,,,,,,,,,,,10.0,59.08,5.9079999999999995,0.051592846164594,0.0087327092357132,2.0,4.84,2.42,0.0042266312700852,0.0017465418471426,,,,,,,,,,,,,,,31.275910449517863,1085.0,0.0288257239166063,0.0042851654854736,2.1747954076286753,0.0249773840111786,0.9474989520748912,241438.0,223936.99999999997,32.0,0.9275134817220154,0.000132539202611,13712.0,0.0,735.0,0.0,299.0,0.0,79.0,0.0,13413.0,0.0,656.0,0.0,0.0218057176196032,0.9781942823803969,0.0,0.0,0.1074829931972789,0.8925170068027211,0.0,0.0,baseline,male_P42,male,P42,1112052,CTRL,saline,CTRL_saline
1,inactive,6,red,3,0-3,,,,10464.12,335.8799999999992,25.0,418.5648000000001,,,,,,,,,,,,,7.0,10765.56,1537.9371428571428,32.05180421579143,0.0208407764677861,,,,,,2.0,3.96,1.98,0.0117899249732047,0.0059545075622246,5.0,37.64,7.528,0.1120638323210673,0.0148862689055615,,,,,,,,,,,3.0,7.04,2.3466666666666667,0.0209598666190306,0.0089317613433369,1.0,2.36,2.36,0.007026318923425,0.0029772537811123,,,,,,,,,,,,,,,8.712533087141946,315.0,0.027658835197276,0.0058475780985979,1.7905040310885734,0.0277879171890372,0.9378349410503772,261628.0,231741.0,358.0,0.885765285061232,0.0013683550690293,1047.0,0.0,0.0,0.0,0.0,0.0,0.0,0.0,1047.0,0.0,0.0,0.0,0.0,1.0,0.0,0.0,0.0,0.0,0.0,0.0,baseline,male_P42,male,P42,1112042,ELA,saline,ELA_saline
1,inactive,6,red,6,3-6,,,,10083.92,716.0799999999999,5.0,2016.784,,,,,,,,,,,,,4.0,10091.76,2522.94,14.09306222768406,0.0055859680482627,,,,,,,,,,,,,,,,,,,,,,,,,,,,,,,,,,,,,,,,,,,,,,,,,,0.0604231858593148,4.0,0.0151057964648287,0.0137568093763888,0.7331290233810872,0.0111960779013806,0.0055859680482627,252103.0,244867.0,210.0,0.9712974458852136,0.0008329928640277,,,,,,,,,,,,,,,,,,,,,baseline,male_P42,male,P42,1112042,ELA,saline,ELA_saline
1,inactive,6,red,9,6-9,,,,10589.08,210.92000000000007,15.0,705.9386666666667,,,,,,,,,,,,,10.0,10719.84,1071.984,50.824198748340585,0.0474113407927176,,,,,,,,,,,1.0,6.2,6.2,0.0293950312914849,0.0047411340792717,1.0,2.48,2.48,0.0117580125165939,0.0047411340792717,,,,,,2.0,5.2,2.6,0.0246538972122131,0.0094822681585435,,,,,,,,,,,,,,,,,,,,4.769053950736202,148.0,0.0322233375049743,0.0119710491503766,1.8843138687380236,0.0288981783115873,0.7016878437322205,264742.0,254593.3333333333,750.0,0.961665823078066,0.0028329467934819,156.0,63.0,0.0,0.0,0.0,0.0,0.0,0.0,156.0,63.0,0.0,0.0,0.0,1.0,0.0,1.0,0.0,0.0,0.0,0.0,baseline,male_P42,male,P42,1112042,ELA,saline,ELA_saline
1,inactive,6,red,12,9-12,2.0,16.28,8.14,9577.96,1222.0400000000009,24.0,399.08166666666665,0.0133219861870315,0.0016366076396844,1.0,48.2,48.2,0.0394422441163955,0.0008183038198422,1.0,11.6,11.6,0.0094923243101698,0.0008183038198422,14.0,10679.52,762.8228571428572,8.739092010081498,0.0114562534777912,,,,,,13.0,63.28,4.867692307692308,0.0517822657196163,0.0106379496579489,26.0,526.16,20.236923076923077,0.4305587378481879,0.0212758993158979,4.0,54.68,13.67,0.0447448528689731,0.0032732152793689,2.0,3.4,1.7,0.0027822329874635,0.0016366076396844,14.0,55.64,3.974285714285714,0.0455304245360217,0.0114562534777912,5.0,11.96,2.3920000000000003,0.009786913685313,0.0040915190992111,,,,,,,,,,,,,,,22.556137619640182,1189.0,0.0189706792427587,0.0033501924512249,2.2181299243433097,0.015778615145038,0.972963241792412,239473.0,219644.66666666663,30.0,0.9172001297293084,0.0001252750832035,14775.0,1458.0,1497.0,409.0,306.0,62.0,0.0,0.0,14469.0,1396.0,1497.0,409.0,0.0207106598984771,0.9792893401015228,0.0425240054869684,0.9574759945130316,0.0,1.0,0.0,1.0,baseline,male_P42,male,P42,1112042,ELA,saline,ELA_saline
1,inactive,6,yellow,3,0-3,5.0,24.28,4.856,9577.48,1222.5200000000004,88.0,108.835,0.0198606157772469,0.004089912639466,2.0,1.96,0.98,0.0016032457546706,0.0016359650557864,,,,,,13.0,10752.88,827.1446153846153,8.795667964532274,0.0106337728626116,,,,,,18.0,51.2,2.844444444444445,0.041880705428132,0.0147236855020776,28.0,210.08,7.502857142857144,0.1718417694598042,0.0229035107810097,2.0,23.24,11.62,0.019009913948238,0.0016359650557864,2.0,29.68,14.84,0.0242777214278702,0.0016359650557864,5.0,16.2,3.24,0.0132513169518699,0.004089912639466,1.0,3.16,3.16,0.0025848247881425,0.0008179825278932,,,,,,,,,,,,,,,42.54373634491742,1143.0,0.0372211166622199,0.0070203700398688,2.146840207737658,0.0346669673443832,0.934954029381932,239525.0,223092.0,0.0,0.9313933827366664,0.0,6578.0,1327.0,51.0,612.0,265.0,197.0,5.0,142.0,6313.0,1130.0,46.0,470.0,0.0402858011553663,0.9597141988446336,0.148455162019593,0.8515448379804069,0.0980392156862745,0.9019607843137256,0.2320261437908496,0.7679738562091504,baseline,male_P42,male,P42,1111984,CTRL,saline,CTRL_saline
1,inactive,6,yellow,6,3-6,,,,9994.68,805.3199999999997,32.0,312.33375,,,,,,,,,,,,,4.0,10091.76,2522.94,12.531366413351218,0.0049669696518154,,,,,,,,,,,,,,,,,,,,,,,,,,,,,,,,,,,,,,,,,,,,,,,,,,0.1542661596762376,73.0,0.002113235064058,0.0003970120887096,1.7312379401980988,0.0014380216522586,0.0906471961456315,249899.0,244018.0,0.0,0.976466492462955,0.0,,,,,,,,,,,,,,,,,,,,,baseline,male_P42,male,P42,1111984,CTRL,saline,CTRL_saline
1,inactive,6,yellow,9,6-9,1.0,1.08,1.08,10456.72,343.28000000000065,48.0,217.84833333333333,0.0031461197855977,0.0029130738755534,,,,,,,,,,,7.0,10742.12,1534.5885714285716,31.292589140060535,0.0203915171288743,,,,,,11.0,36.44,3.3127272727272725,0.1061524120251687,0.0320438126310882,5.0,19.52,3.904,0.0568632020508039,0.0145653693777673,1.0,1.04,1.04,0.0030295968305756,0.0029130738755534,1.0,1.64,1.64,0.0047774411559077,0.0029130738755534,1.0,2.0,2.0,0.0058261477511069,0.0029130738755534,,,,,,,,,,,,,,,,,,,,13.870614963862684,260.0,0.0533485190917795,0.0134734515477411,2.1394451930933513,0.0460163527034638,0.7573992076439044,261466.0,254588.66666666663,183.0,0.9736970262545288,0.0006998997957669,1415.0,69.0,0.0,28.0,127.0,0.0,0.0,0.0,1288.0,69.0,0.0,28.0,0.0897526501766784,0.9102473498233216,0.0,1.0,0.0,0.0,0.0,1.0,baseline,male_P42,male,P42,1111984,CTRL,saline,CTRL_saline
1,inactive,6,yellow,12,9-12,,,,10098.08,701.9200000000001,48.0,210.3766666666667,,,,,,,,1.0,3.96,3.96,0.0056416685662183,0.001424663779348,6.0,10786.32,1797.72,15.366879416457714,0.0085479826760884,,,,,,38.0,150.84,3.9694736842105263,0.2148962844768634,0.0541372236152268,12.0,187.04,15.586666666666666,0.2664691132892637,0.0170959653521768,4.0,23.28,5.82,0.0331661727832231,0.0056986551173922,,,,,,2.0,3.92,1.96,0.0055846820150444,0.0028493275586961,1.0,2.12,2.12,0.0030202872122179,0.001424663779348,,,,,,,,,,,,,,,17.59529591758625,650.0,0.0270696860270557,0.0039360016377549,2.2509865418998305,0.0219246163141999,0.926031456576248,252500.0,229509.3333333333,1619.0,0.9089478547854783,0.0064118811881188,8497.0,586.0,100.0,0.0,230.0,0.0,79.0,0.0,8267.0,586.0,21.0,0.0,0.0270683770742615,0.9729316229257384,0.0,1.0,0.79,0.21,0.0,0.0,baseline,male_P42,male,P42,1111984,CTRL,saline,CTRL_saline
1,inactive,7,blue,3,0-3,,,,10743.68,56.31999999999971,16.0,671.48,,,,,,,,,,,,,4.0,10796.32,2699.08,191.69602272727371,0.0710227272727276,,,,,,,,,,,,,,,,1.0,13.52,13.52,0.2400568181818194,0.0177556818181819,,,,,,2.0,6.12,3.06,0.1086647727272732,0.0355113636363638,,,,,,,,,,,,,,,,,,,,2.101847127605944,47.0,0.0447201516511902,0.0068665647952846,1.4725453571158649,0.0301217989298984,0.8345170454545497,268608.0,258636.3333333333,116.0,0.9628765090143752,0.0004318560876816,0.0,339.0,0.0,0.0,0.0,0.0,0.0,0.0,0.0,339.0,0.0,0.0,0.0,0.0,0.0,1.0,0.0,0.0,0.0,0.0,baseline,male_P42,male,P42,1112053,CTRL,MDMA,CTRL_MDMA
1,inactive,7,blue,6,3-6,,,,10505.2,294.7999999999993,9.0,1167.2444444444443,,,,,,,,,,,,,4.0,10526.0,2631.5,35.705563093622885,0.0135685210312076,,,,,,,,,,,,,,,,,,,,,,,,,,,,,,,,,,,,,,,,,,,,,,,,,,0.0803476913239284,10.0,0.0080347691323928,0.0038686426657375,1.0048462034344192,0.0128723863350932,0.033921302578019,262639.0,261031.0,0.0,0.9938775277091368,0.0,,,,,,,,,,,,,,,,,,,,,baseline,male_P42,male,P42,1112053,CTRL,MDMA,CTRL_MDMA
1,inactive,7,blue,9,6-9,,,,10558.16,241.84000000000017,4.0,2639.54,,,,,,,,,,,,,4.0,10561.16,2640.29,43.67002977174989,0.016539861065167,,,,,,,,,,,,,,,,,,,,,,,,,,,,,,,,,,,,,,,,,,,,,,,,,,0.0,0.0,,,,,0.0,263958.0,256790.66666666663,0.0,0.972846690256278,0.0,,,,,,,,,,,,,,,,,,,,,baseline,male_P42,male,P42,1112053,CTRL,MDMA,CTRL_MDMA
1,inactive,7,blue,12,9-12,1.0,1.96,1.96,10287.24,512.7600000000002,18.0,571.5133333333333,0.0038224510492238,0.001950230127155,,,,,,,,,,,5.0,10635.2,2127.04,20.741087448318893,0.009751150635775,,,,,,6.0,241.8,40.3,0.4715656447460798,0.01170138076293,,,,,,7.0,19.84,2.834285714285714,0.0386925657227552,0.013651610890085,,,,,,3.0,7.28,2.4266666666666667,0.0141976753256884,0.005850690381465,1.0,2.36,2.36,0.0046025431000858,0.001950230127155,,,,,,,,,,,,,,,2.6771437100568254,333.0,0.0080394706007712,0.0027028234416034,2.110614801811804,0.0066368532397572,0.6494266323426161,257199.0,236611.33333333337,3480.0,0.9199543284901316,0.0135303792005412,6051.0,503.0,0.0,50.0,37.0,0.0,0.0,0.0,6014.0,503.0,0.0,50.0,0.0061146917864815,0.9938853082135184,0.0,1.0,0.0,0.0,0.0,1.0,baseline,male_P42,male,P42,1112053,CTRL,MDMA,CTRL_MDMA
1,inactive,7,green,3,0-3,2.0,6.44,3.22,10148.12,651.8799999999992,31.0,327.35870967741937,0.0098791188562312,0.0030680493342332,3.0,23.08,7.6933333333333325,0.0354052893170522,0.0046020740013499,3.0,6.44,2.146666666666667,0.0098791188562312,0.0046020740013499,19.0,10659.64,561.0336842105263,16.352150702583316,0.0291464686752163,1.0,2.44,2.44,0.0037430201877646,0.0015340246671166,4.0,27.04,6.76,0.0414800269988341,0.0061360986684665,1.0,2.48,2.48,0.0038043811744492,0.0015340246671166,2.0,6.52,3.26,0.0100018408296005,0.0030680493342332,1.0,4.24,4.24,0.0065042645885745,0.0015340246671166,9.0,45.36,5.04,0.0695833589004112,0.0138062220040498,,,,,,,,,,,,,,,,,,,,21.3825913730283,627.0,0.0341030165439047,0.0095007397599588,1.953924117605842,0.0321884772249991,0.961833466282139,253734.0,249613.0,0.0,0.983758581821908,0.0,743.0,272.0,744.0,163.0,0.0,0.0,47.0,0.0,743.0,272.0,697.0,163.0,0.0,1.0,0.0,1.0,0.0631720430107526,0.9368279569892471,0.0,1.0,baseline,male_P42,male,P42,1111884,ELA,MDMA,ELA_MDMA
1,inactive,7,green,6,3-6,2.0,8.04,4.02,10377.88,422.1200000000008,13.0,798.2984615384614,0.0190467165734861,0.0047379891973846,,,,,,,,,,,8.0,10487.96,1310.995,24.845920591301,0.0189519567895384,,,,,,1.0,2.16,2.16,0.0051170283331753,0.0023689945986923,1.0,2.56,2.56,0.0060646261726523,0.0023689945986923,1.0,1.6,1.6,0.0037903913579076,0.0023689945986923,,,,,,2.0,4.08,2.04,0.0096654979626646,0.0047379891973846,,,,,,,,,,,,,,,,,,,,6.254155652373878,137.0,0.0456507711852107,0.0258558797368241,1.8236319752322423,0.0453998955415788,0.3245522600208465,259460.0,258914.3333333333,0.0,0.9978969141036512,0.0,120.0,41.0,0.0,203.0,0.0,0.0,0.0,0.0,120.0,41.0,0.0,203.0,0.0,1.0,0.0,1.0,0.0,0.0,0.0,1.0,baseline,male_P42,male,P42,1111884,ELA,MDMA,ELA_MDMA
1,inactive,7,green,9,6-9,2.0,5.24,2.62,10292.56,507.4400000000005,21.0,490.1219047619047,0.0103263440012612,0.0039413526722371,2.0,25.92,12.96,0.0510799306321929,0.0039413526722371,,,,,,6.0,10529.16,1754.86,20.749566451206032,0.0118240580167113,,,,,,5.0,22.76,4.5520000000000005,0.0448525934100582,0.0098533816805927,3.0,41.24,13.746666666666668,0.0812706921015291,0.0059120290083556,1.0,1.2,1.2,0.0023648116033422,0.0019706763361185,1.0,4.16,4.16,0.0081980135582531,0.0019706763361185,3.0,12.8,4.266666666666667,0.0252246571023174,0.0059120290083556,,,,,,,,,,,,,,,,,,,,9.777711339062195,251.0,0.0389550252552278,0.0092779297645814,2.1272885548141365,0.0376273853879392,0.494639760365757,257335.0,253280.0,0.0,0.9842423300367226,0.0,1608.0,136.0,650.0,133.0,0.0,0.0,0.0,62.0,1608.0,136.0,650.0,71.0,0.0,1.0,0.0,1.0,0.0,1.0,0.4661654135338345,0.5338345864661654,baseline,male_P42,male,P42,1111884,ELA,MDMA,ELA_MDMA
1,inactive,7,green,12,9-12,1.0,11.84,11.84,9439.92,1360.08,71.0,132.95661971830987,0.0087053702723369,0.000735250867596,3.0,32.84,10.946666666666667,0.0241456384918534,0.002205752602788,5.0,37.8,7.56,0.0277924827951297,0.0036762543379801,14.0,10550.72,753.6228571428571,7.757426033762719,0.0102935121463443,1.0,2.48,2.48,0.0018234221516381,0.000735250867596,48.0,302.88,6.31,0.2226927827774837,0.0352920416446091,7.0,68.8,9.828571428571427,0.0505852596906064,0.0051467560731721,7.0,22.64,3.2342857142857144,0.0166460796423739,0.0051467560731721,1.0,4.32,4.32,0.0031762837480148,0.000735250867596,15.0,54.4,3.6266666666666665,0.0399976471972236,0.0110287630139403,2.0,4.4,2.2,0.0032351038174225,0.001470501735192,,,,,,,,,,,,,,,34.89865777840007,1141.0,0.0305860278513585,0.0058390819952312,2.0406498814837124,0.0317262253640835,0.8389212399270631,236069.0,225007.3333333333,26.0,0.9531422310143784,0.0001101372903684,9347.0,682.0,1774.0,297.0,425.0,17.0,0.0,0.0,8922.0,665.0,1774.0,297.0,0.0454691344816518,0.954530865518348,0.0249266862170087,0.9750733137829912,0.0,1.0,0.0,1.0,baseline,male_P42,male,P42,1111884,ELA,MDMA,ELA_MDMA
1,inactive,7,red,3,0-3,3.0,10.68,3.56,10360.36,439.6399999999994,11.0,941.8509090909092,0.02429260303885,0.0068237648985533,1.0,9.96,9.96,0.0226548994631971,0.0022745882995177,1.0,8.04,8.04,0.018287689928123,0.0022745882995177,14.0,10732.12,766.58,24.41115458102087,0.031844236193249,,,,,,9.0,220.48,24.497777777777777,0.5015012282776824,0.0204712946956601,2.0,6.2,3.1,0.0141024474570103,0.0045491765990355,1.0,1.0,1.0,0.0022745882995177,0.0022745882995177,,,,,,9.0,35.8,3.9777777777777774,0.0814302611227368,0.0204712946956601,,,,,,,,,,,,,,,,,,,,9.016010812256429,432.0,0.0208703953987417,0.0034912955976332,1.9758399527449209,0.0213586522818408,0.9826221453916854,259020.0,252149.0,130.0,0.9734730908810132,0.0005018917458111,5678.0,26.0,452.0,270.0,0.0,0.0,0.0,0.0,5678.0,26.0,452.0,270.0,0.0,1.0,0.0,1.0,0.0,1.0,0.0,1.0,baseline,male_P42,male,P42,1111985,CTRL,MDMA,CTRL_MDMA
1,inactive,7,red,6,3-6,,,,10476.76,323.2399999999998,5.0,2095.352,,,,,,,,,,,,,6.0,10514.6,1752.4333333333334,32.52877119168422,0.0185620591510951,,,,,,,,,,,,,,,,,,,,,,,,,,,,,,,,,,,,,,,,,,,,,,,,,,2.6874868783108705,42.0,0.0639877828169254,0.034024783190397,1.5422894176484148,0.0557309331008883,0.1299344140576662,261924.0,260565.66666666663,0.0,0.9948140172976384,0.0,,,,,,,,,,,,,,,,,,,,,baseline,male_P42,male,P42,1111985,CTRL,MDMA,CTRL_MDMA
1,inactive,7,red,9,6-9,3.0,26.96,8.986666666666666,10125.04,674.9599999999991,6.0,1687.506666666667,0.0399431077397179,0.0044447078345383,4.0,19.0,4.75,0.0281498162854095,0.0059262771127177,1.0,4.88,4.88,0.0072300580775157,0.0014815692781794,11.0,10488.52,953.5018181818182,15.53946900557072,0.0162972620599739,,,,,,6.0,19.52,3.2533333333333334,0.0289202323100628,0.0088894156690766,1.0,1.76,1.76,0.0026075619295958,0.0014815692781794,3.0,6.72,2.24,0.0099561455493659,0.0044447078345383,2.0,5.24,2.62,0.0077634230176603,0.0029631385563588,7.0,24.92,3.56,0.0369207064122318,0.0103709849472561,,,,,,,,,,,,,,,,,,,,10.09357440776022,430.0,0.0234734288552563,0.005464224524087,1.928516652695956,0.0229750726785882,0.6370747896171634,253132.0,249573.3333333333,0.0,0.9859414587382604,0.0,539.0,304.0,602.0,677.0,0.0,0.0,0.0,0.0,539.0,304.0,602.0,677.0,0.0,1.0,0.0,1.0,0.0,1.0,0.0,1.0,baseline,male_P42,male,P42,1111985,CTRL,MDMA,CTRL_MDMA
1,inactive,7,red,12,9-12,1.0,10.56,10.56,9714.24,1085.7600000000002,13.0,747.2492307692307,0.0097259062776304,0.0009210138520483,1.0,5.88,5.88,0.0054155614500442,0.0009210138520483,2.0,8.6,4.3,0.0079207191276156,0.0018420277040966,14.0,10579.4,755.6714285714286,9.74377394636015,0.0128941939286766,,,,,,23.0,469.0,20.39130434782609,0.4319554966106689,0.0211833185971116,4.0,112.84,28.21,0.103927203065134,0.0036840554081933,2.0,51.0,25.5,0.046971706454465,0.0018420277040966,,,,,,14.0,41.92,2.994285714285714,0.0386089006778661,0.0128941939286766,2.0,4.64,2.32,0.0042735042735042,0.0018420277040966,,,,,,,,,,,,,,,15.02440431654183,911.0,0.0164922111048757,0.0029543834165341,2.2041541756146295,0.0155648280142045,0.8390436192160329,242869.0,230683.0,0.0,0.949824802671399,0.0,14573.0,1277.0,365.0,265.0,1288.0,0.0,0.0,0.0,13285.0,1277.0,365.0,265.0,0.0883826254031428,0.9116173745968572,0.0,1.0,0.0,1.0,0.0,1.0,baseline,male_P42,male,P42,1111985,CTRL,MDMA,CTRL_MDMA
1,inactive,7,yellow,3,0-3,1.0,2.04,2.04,10670.04,129.95999999999913,24.0,444.585,0.0156971375807941,0.007694675284703,,,,,,1.0,1.84,1.84,0.0141582025238535,0.007694675284703,5.0,10790.44,2158.088,83.02893197907105,0.0384733764235151,,,,,,1.0,1.72,1.72,0.0132348414896892,0.007694675284703,,,,,,,,,,,,,,,,,,,,,,,,,,,,,,,,,,,,,,,,5.242634278886989,113.0,0.0463949936184689,0.013445122696803,1.8478505571409611,0.0418676477524209,0.8694983071714432,266775.0,258213.0,0.0,0.9679055383750352,0.0,44.0,0.0,47.0,52.0,0.0,0.0,47.0,0.0,44.0,0.0,0.0,52.0,0.0,1.0,0.0,0.0,1.0,0.0,0.0,1.0,baseline,male_P42,male,P42,1112043,ELA,MDMA,ELA_MDMA
1,inactive,7,yellow,6,3-6,,,,10520.92,279.0799999999999,6.0,1753.486666666667,,,,,,,,,,,,,4.0,10526.0,2631.5,37.716783717930355,0.0143328077970474,,,,,,,,,,,,,,,,,,,,,,,,,,,,,,,,,,,,,,,,,,,,,,,,,,0.0,0.0,,,,,0.0,263029.0,261305.0,0.0,0.9934455896498104,0.0,,,,,,,,,,,,,,,,,,,,,baseline,male_P42,male,P42,1112043,ELA,MDMA,ELA_MDMA
1,inactive,7,yellow,9,6-9,1.0,6.16,6.16,10395.48,404.5200000000005,18.0,577.5266666666666,0.0152279244536734,0.0024720656580638,,,,,,1.0,1.36,1.36,0.0033620092949668,0.0024720656580638,6.0,10556.44,1759.4066666666668,26.096212795411816,0.0148323939483832,,,,,,9.0,26.48,2.942222222222222,0.0654602986255314,0.0222485909225748,,,,,,1.0,2.92,2.92,0.0072184317215465,0.0024720656580638,,,,,,1.0,2.16,2.16,0.0053396618214179,0.0024720656580638,1.0,2.12,2.12,0.0052407791950954,0.0024720656580638,,,,,,,,,,,,,,,8.385827034147761,149.0,0.0562807183499849,0.0219563325724356,2.2250997799872865,0.0558300654944914,0.3683377830515174,259905.0,254993.3333333333,0.0,0.9811020693458506,0.0,671.0,74.0,35.0,155.0,0.0,0.0,0.0,62.0,671.0,74.0,35.0,93.0,0.0,1.0,0.0,1.0,0.0,1.0,0.4,0.6,baseline,male_P42,male,P42,1112043,ELA,MDMA,ELA_MDMA
1,inactive,7,yellow,12,9-12,,,,10069.24,730.7600000000002,35.0,287.6925714285714,,,1.0,2.96,2.96,0.0040505774809787,0.0013684383381684,,,,,,5.0,10629.72,2125.944,14.546116371996272,0.0068421916908424,,,,,,46.0,260.64,5.666086956521739,0.356669768460233,0.0629481635557501,,,,,,3.0,3.76,1.2533333333333332,0.0051453281515134,0.0041053150145054,,,,,,4.0,14.48,3.62,0.0198149871366796,0.0054737533526739,1.0,2.4,2.4,0.0032842520116043,0.0013684383381684,,,,,,,,,,,,,,,12.737074301600051,534.0,0.0238521990666667,0.0071705235537726,2.129185779718517,0.0222643506322787,0.7307460725819692,251766.0,236477.0,211.0,0.9392729756996576,0.0008380798042626,6562.0,97.0,75.0,0.0,1190.0,17.0,0.0,0.0,5372.0,80.0,75.0,0.0,0.1813471502590673,0.8186528497409327,0.1752577319587628,0.8247422680412371,0.0,1.0,0.0,0.0,baseline,male_P42,male,P42,1112043,ELA,MDMA,ELA_MDMA
1,inactive,8,blue,3,0-3,15.0,243.68,16.245333333333335,8309.56,2490.4400000000005,68.0,122.19941176470589,0.0978461637301039,0.0060230320746534,2.0,5.44,2.72,0.0021843529657409,0.0008030709432871,5.0,22.68,4.536,0.009106824496876,0.0020076773582178,58.0,10027.64,172.8903448275862,4.026453156871877,0.0232890573553267,,,,,,44.0,349.52,7.943636363636363,0.1403446780488588,0.0176675607523168,23.0,105.28,4.5773913043478265,0.0422736544546345,0.0092353158478019,4.0,46.32,11.58,0.0185991230465299,0.0016061418865742,2.0,36.68,18.34,0.0147283210998859,0.0008030709432871,46.0,184.28,4.006086956521739,0.0739949567144761,0.0184706316956039,4.0,10.32,2.58,0.0041438460673615,0.0016061418865742,1.6,2.0,0.8,0.0,0.0,0.0,0.0006424567546297,0.0008030709432871,0.0,0.0,1.0,0.0,1.0,0.0,64.43545573490155,2419.0,0.0266372284972722,0.0051581357785554,2.017536648763985,0.0234703872087609,0.9713143059057836,207807.0,195359.66666666663,301.0,0.9401014723597696,0.0014484593877973,11437.0,2081.0,710.0,6107.0,2312.0,0.0,0.0,385.0,9125.0,2081.0,710.0,5722.0,0.2021509137011454,0.7978490862988546,0.0,1.0,0.0,1.0,0.0630424103487801,0.93695758965122,baseline,male_P42,male,P42,1112054,CTRL,MDMA,CTRL_MDMA
1,inactive,8,blue,6,3-6,,,,10796.96,3.040000000000873,4.0,2699.24,,,,,,,,,,,,,4.0,10799.96,2699.99,3552.6184210516108,1.3157894736838327,,,,,,,,,,,,,,,,,,,,,,,,,,,,,,,,,,,,,,,,,,,,,,,,,,0.0,0.0,,,,,0.0,269928.0,269109.0,0.0,0.9969658575620164,0.0,,,,,,,,,,,,,,,,,,,,,baseline,male_P42,male,P42,1112054,CTRL,MDMA,CTRL_MDMA
1,inactive,8,blue,9,6-9,,,,10741.76,58.23999999999978,11.0,976.5236363636365,,,,,,,,,,,,,5.0,10797.32,2159.464,185.39354395604465,0.0858516483516486,,,,,,1.0,14.44,14.44,0.2479395604395613,0.0171703296703297,,,,,,,,,,,,,,,,1.0,2.48,2.48,0.0425824175824177,0.0171703296703297,,,,,,,,,,,,,,,,,,,,1.5392304256428435,47.0,0.0327495835243158,0.0083796078792676,1.9157214271349805,0.0356155826286446,0.8070054945054975,268555.0,265446.3333333333,0.0,0.9884244692272842,0.0,362.0,0.0,0.0,0.0,0.0,0.0,0.0,0.0,362.0,0.0,0.0,0.0,0.0,1.0,0.0,0.0,0.0,0.0,0.0,0.0,baseline,male_P42,male,P42,1112054,CTRL,MDMA,CTRL_MDMA
1,inactive,8,blue,12,9-12,1.0,21.0,21.0,10246.8,553.2000000000007,12.0,853.9,0.0379609544468546,0.0018076644974692,1.0,11.64,11.64,0.0210412147505422,0.0018076644974692,1.0,13.8,13.8,0.0249457700650758,0.0018076644974692,9.0,10733.72,1192.6355555555556,19.402964569775826,0.0162689804772234,,,,,,6.0,26.04,4.34,0.0470715835140997,0.0108459869848156,17.0,46.84,2.755294117647059,0.0846710050614604,0.0307302964569775,2.0,4.32,2.16,0.0078091106290672,0.0036153289949385,3.0,4.56,1.5199999999999998,0.0082429501084598,0.0054229934924078,7.0,20.28,2.8971428571428572,0.0366594360086767,0.0126536514822848,,,,,,1.0,1.0,1.0,0.0,0.0,0.0,0.0018076644974692,0.0018076644974692,0.0,0.0,1.0,0.0,1.0,0.0,14.215524292607345,541.0,0.0262763850140616,0.0061121003554858,2.1265041565049607,0.0249472967550902,0.9779464931308736,256182.0,238770.66666666663,0.0,0.9320352978221212,0.0,1845.0,227.0,638.0,526.0,360.0,0.0,0.0,0.0,1485.0,227.0,638.0,526.0,0.1951219512195122,0.8048780487804879,0.0,1.0,0.0,1.0,0.0,1.0,baseline,male_P42,male,P42,1112054,CTRL,MDMA,CTRL_MDMA
1,inactive,8,green,3,0-3,35.0,220.36,6.296,7710.92,3089.08,56.0,137.695,0.0713351548033718,0.0113302342444999,9.0,36.8,4.088888888888889,0.0119129320056456,0.0029134888057285,8.0,35.64,4.455,0.0115374156706851,0.0025897678273142,105.0,9187.0,87.4952380952381,2.974024628692038,0.0339907027334999,,,,,,36.0,281.16,7.81,0.0910173902909604,0.0116539552229142,23.0,92.68,4.029565217391305,0.0300024602794359,0.0074455825035285,10.0,83.32,8.331999999999999,0.0269724319214782,0.0032372097841428,2.0,12.44,6.22,0.0040270889714737,0.0006474419568285,49.0,257.64,5.257959183673469,0.0834034728786564,0.0158623279422999,5.0,10.92,2.184,0.0035350330842839,0.0016186048920714,0.0,0.0,0.0,0.8,1.0,0.8,0.0,0.0,0.0002589767827314,0.0003237209784142,0.0,1.0,0.0,1.0,137.29046805097852,3044.0,0.0451019934464449,0.007737893908647,1.990672879909489,0.0425203051223136,0.985406658293084,192829.0,186817.0,65.0,0.9688221170052222,0.0003370862266567,9405.0,2299.0,1828.0,5544.0,602.0,544.0,48.0,209.0,8803.0,1755.0,1780.0,5335.0,0.0640085061137692,0.9359914938862308,0.236624619399739,0.763375380600261,0.0262582056892779,0.973741794310722,0.0376984126984126,0.9623015873015872,baseline,male_P42,male,P42,1112044,ELA,MDMA,ELA_MDMA
1,inactive,8,green,6,3-6,,,,10728.72,71.28000000000065,10.0,1072.8719999999998,,,1.0,3.52,3.52,0.0493827160493822,0.0140291806958472,,,,,,7.0,10789.32,1541.3314285714284,151.36531986531847,0.0982042648709306,,,,,,,,,,,,,,,,,,,,,,,,,,1.0,5.12,5.12,0.0718294051627378,0.0140291806958472,,,,,,,,,,,,,,,,,,,,3.975938520999321,61.0,0.0651793200163823,0.0250426712662381,1.3231413013775393,0.0659015548980029,0.8557800224466813,268228.0,268176.3333333333,0.0,0.9998073778029636,0.0,0.0,0.0,89.0,0.0,0.0,0.0,0.0,0.0,0.0,0.0,89.0,0.0,0.0,0.0,0.0,0.0,0.0,1.0,0.0,0.0,baseline,male_P42,male,P42,1112044,ELA,MDMA,ELA_MDMA
1,inactive,8,green,9,6-9,,,,10432.4,367.6000000000003,24.0,434.68333333333334,,,1.0,4.8,4.8,0.0130576713819368,0.0027203482045701,1.0,14.92,14.92,0.0405875952121871,0.0027203482045701,14.0,10739.36,767.0971428571429,29.21479869423284,0.0380848748639825,,,,,,7.0,53.92,7.702857142857143,0.1466811751904242,0.0190424374319912,4.0,15.72,3.93,0.0427638737758432,0.0108813928182807,1.0,1.56,1.56,0.0042437431991294,0.0027203482045701,2.0,4.92,2.46,0.0133841131664852,0.0054406964091403,3.0,11.64,3.88,0.0316648531011969,0.0081610446137105,2.0,4.6,2.3,0.0125136017410228,0.0054406964091403,,,,,,,,,,,,,,,13.820377766664771,343.0,0.040292646550043,0.0091989248463105,1.902870860701639,0.0345994346525441,0.9330794341675728,260834.0,260363.0,0.0,0.9981942538166036,0.0,1752.0,165.0,495.0,0.0,0.0,0.0,0.0,0.0,1752.0,165.0,495.0,0.0,0.0,1.0,0.0,1.0,0.0,1.0,0.0,0.0,baseline,male_P42,male,P42,1112044,ELA,MDMA,ELA_MDMA
1,inactive,8,green,12,9-12,6.0,16.48,2.7466666666666666,9346.32,1453.6800000000003,64.0,146.03625,0.0113367453634912,0.0041274558362225,9.0,39.28,4.364444444444445,0.0270210775411369,0.0061911837543338,5.0,31.2,6.24,0.0214627703483572,0.0034395465301854,22.0,10702.92,486.4963636363637,7.362638269770512,0.015134004732816,,,,,,21.0,306.2,14.58095238095238,0.2106378295085575,0.0144460954267789,48.0,154.88,3.2266666666666666,0.1065433933190247,0.0330196466897804,2.0,30.56,15.28,0.0210225083924935,0.0013758186120741,,,,,,22.0,73.32,3.3327272727272725,0.0504375103186395,0.015134004732816,2.0,5.4,2.7,0.0037147102526002,0.0013758186120741,0.0,0.0,0.0,1.0,1.0,1.0,0.0,0.0,0.000687909306037,0.000687909306037,0.0,1.0,0.0,1.0,59.9286055881566,1400.0,0.0428061468486832,0.0056390163954278,2.1640572547571675,0.0417789659639213,0.9630730284519288,233722.0,225638.0,0.0,0.9654118996072256,0.0,11596.0,766.0,1776.0,418.0,258.0,504.0,217.0,192.0,11338.0,262.0,1559.0,226.0,0.0222490513970334,0.9777509486029664,0.6579634464751958,0.3420365535248041,0.1221846846846846,0.8778153153153153,0.4593301435406698,0.5406698564593302,baseline,male_P42,male,P42,1112044,ELA,MDMA,ELA_MDMA
1,inactive,8,red,3,0-3,,,,10717.04,82.95999999999913,21.0,510.33523809523814,,,,,,,,,,,,,8.0,10770.08,1346.26,129.82256509161178,0.0964320154291234,,,,,,,,,,,,,,,,1.0,3.44,3.44,0.041465766634523,0.0120540019286404,,,,,,,,,,,,,,,,,,,,,,,,,,,,,,2.8554999699171484,64.0,0.0446171870299554,0.0095884901134876,1.6217409853206184,0.0356828155956721,0.7714561234329879,267947.0,217417.33333333337,10541.0,0.8114191736923099,0.0393398694517945,0.0,87.0,0.0,0.0,0.0,0.0,0.0,0.0,0.0,87.0,0.0,0.0,0.0,0.0,0.0,1.0,0.0,0.0,0.0,0.0,baseline,male_P42,male,P42,1111885,ELA,MDMA,ELA_MDMA
1,inactive,8,red,6,3-6,,,,10791.52,8.479999999999563,6.0,1798.5866666666668,,,,,,,,,,,,,4.0,10799.96,2699.99,1273.5801886793108,0.4716981132075714,,,,,,,,,,,,,,,,,,,,,,,,,,,,,,,,,,,,,,,,,,,,,,,,,,0.0200849860456979,3.0,0.0066949953485659,0.0052829935403661,1.5795698078782474,0.0023748396066384,0.3537735849056786,269794.0,269019.6666666667,0.0,0.9971299089922928,0.0,,,,,,,,,,,,,,,,,,,,,baseline,male_P42,male,P42,1111885,ELA,MDMA,ELA_MDMA
1,inactive,8,red,9,6-9,,,,10796.96,3.040000000000873,4.0,2699.24,,,,,,,,,,,,,4.0,10799.96,2699.99,3552.6184210516108,1.3157894736838327,,,,,,,,,,,,,,,,,,,,,,,,,,,,,,,,,,,,,,,,,,,,,,,,,,0.0,0.0,,,,,0.0,269928.0,266345.3333333333,0.0,0.9867273248174822,0.0,,,,,,,,,,,,,,,,,,,,,baseline,male_P42,male,P42,1111885,ELA,MDMA,ELA_MDMA
1,inactive,8,red,12,9-12,,,,10327.28,472.71999999999935,9.0,1147.4755555555555,,,,,,,,,,,,,4.0,10799.96,2699.99,22.846420714164864,0.008461668641056,,,,,,8.0,399.2,49.9,0.8444745303773916,0.016923337282112,,,,,,2.0,12.84,6.42,0.0271619563377898,0.004230834320528,,,,,,1.0,2.56,2.56,0.0054154679302758,0.002115417160264,1.0,3.0,3.0,0.006346251480792,0.002115417160264,,,,,,,,,,,,,,,1.6043093508464392,465.0,0.0034501276362289,0.0018574893930827,2.114322890675541,0.002546046833692,0.9836689795227632,258191.0,233935.0,6663.0,0.9060540452610664,0.0258064766006561,9988.0,323.0,0.0,0.0,0.0,0.0,0.0,0.0,9988.0,323.0,0.0,0.0,0.0,1.0,0.0,1.0,0.0,0.0,0.0,0.0,baseline,male_P42,male,P42,1111885,ELA,MDMA,ELA_MDMA
1,inactive,8,yellow,3,0-3,4.0,38.8,9.7,10150.16,649.8400000000001,44.0,230.68545454545455,0.0597070048011818,0.0061553613197094,3.0,11.72,3.9066666666666663,0.0180352086667487,0.004616520989782,,,,,,11.0,10759.16,978.1054545454546,16.556629324141323,0.016927243629201,,,,,,29.0,273.6,9.43448275862069,0.4210267142681275,0.0446263695678936,1.0,1.72,1.72,0.002646805367475,0.0015388403299273,1.0,36.6,36.6,0.0563215560753416,0.0015388403299273,,,,,,5.0,24.4,4.88,0.0375477040502277,0.0076942016496368,,,,,,0.0,0.0,0.0,0.8,1.0,0.8,0.0,0.0,0.0012310722639418,0.0015388403299273,0.0,1.0,0.0,1.0,25.029668555323127,623.0,0.0401760329940981,0.0053500610708336,2.261641296786729,0.0343590177900633,0.9586975255447492,253798.0,216072.0,389.0,0.85135422658965,0.0015327149938139,6913.0,916.0,296.0,974.0,2297.0,544.0,48.0,176.0,4616.0,372.0,248.0,798.0,0.332272530015912,0.6677274699840879,0.5938864628820961,0.4061135371179039,0.1621621621621621,0.8378378378378378,0.1806981519507187,0.8193018480492813,baseline,male_P42,male,P42,1111986,CTRL,MDMA,CTRL_MDMA
1,inactive,8,yellow,6,3-6,,,,10771.92,28.079999999999927,7.0,1538.8457142857144,,,,,,,,,,,,,4.0,10799.96,2699.99,384.613960113961,0.1424501424501428,,,,,,,,,,,,,,,,,,,,,,,,,,,,,,,,,,,,,,,,,,,,,,,,,,1.1107453390471365,21.0,0.0528926351927207,0.0167398988833692,1.6165057099166735,0.0463970601694432,0.7478632478632498,269305.0,268894.3333333333,0.0,0.9984750871069356,0.0,,,,,,,,,,,,,,,,,,,,,baseline,male_P42,male,P42,1111986,CTRL,MDMA,CTRL_MDMA
1,inactive,8,yellow,9,6-9,,,,10785.32,14.680000000000293,14.0,770.38,,,,,,,,,,,,,4.0,10799.96,2699.99,735.6920980926283,0.2724795640326921,,,,,,,,,,,,,,,,,,,,,,,,,,,,,,,,,,,,,,,,,,,,,,,,,,0.2265747020242031,4.0,0.0566436755060507,0.0142641764862013,1.6827486384042212,0.0895187866772179,0.2724795640326921,269647.0,266222.0,0.0,0.9872982083983876,0.0,,,,,,,,,,,,,,,,,,,,,baseline,male_P42,male,P42,1111986,CTRL,MDMA,CTRL_MDMA
1,inactive,8,yellow,12,9-12,2.0,25.32,12.66,9882.72,917.2800000000008,44.0,224.60727272727271,0.0276033490319204,0.0021803593232164,4.0,7.96,1.99,0.0086778301064015,0.0043607186464329,1.0,3.32,3.32,0.0036193964765393,0.0010901796616082,9.0,10774.56,1197.1733333333332,11.746206174777592,0.009811616954474,,,,,,5.0,9.8,1.96,0.0106837606837606,0.0054508983080411,46.0,176.52,3.8373913043478263,0.1924385138670851,0.0501482644339786,3.0,31.08,10.36,0.0338827838827838,0.0032705389848246,,,,,,4.0,14.64,3.66,0.0159602302459445,0.0043607186464329,1.0,2.0,2.0,0.0021803593232164,0.0010901796616082,,,,,,,,,,,,,,,33.17208152740941,868.0,0.038216683787338,0.0085125011371603,2.1730548966404917,0.0360857708476833,0.9462759462759456,247112.0,235269.0,0.0,0.9520743630418596,0.0,4709.0,780.0,287.0,635.0,210.0,504.0,217.0,192.0,4499.0,276.0,70.0,443.0,0.0445954555107241,0.9554045444892758,0.6461538461538462,0.3538461538461538,0.7560975609756098,0.2439024390243902,0.3023622047244094,0.6976377952755906,baseline,male_P42,male,P42,1111986,CTRL,MDMA,CTRL_MDMA
2,inactive,1,blue,3,0-3,,,,10798.92,1.0799999999999272,6.0,1799.82,,,,,,,,,,,,,3.0,10799.72,3599.9066666666663,9999.740740741414,2.777777777777965,,,,,,,,,,,,,,,,,,,,,,,,,,,,,,,,,,,,,,,,,,,,,,,,,,,,,,,,,269979.0,262425.6666666666,0.0,0.9720225153314392,0.0,,,,,,,,,,,,,,,,,,,,,baseline,male_P42,male,P42,1111862,CTRL,MDMA,CTRL_MDMA
2,inactive,1,blue,6,3-6,,,,10738.16,61.840000000000146,7.0,1534.0228571428572,,,1.0,3.44,3.44,0.0556274256144888,0.0161707632600258,,,,,,6.0,10769.28,1794.88,174.14747736093105,0.097024579560155,,,,,,,,,,,,,,,,,,,,,,,,,,2.0,5.76,2.88,0.0931435963777488,0.0323415265200516,1.0,2.0,2.0,0.0323415265200516,0.0161707632600258,,,,,,,,,,,,,,,1.7608883410501288,55.0,0.0320161516554568,0.0070575508208136,1.851794684145177,0.0277506916990199,0.8893919793014209,268461.0,262393.6666666666,0.0,0.9773995726256948,0.0,0.0,0.0,87.0,0.0,0.0,0.0,0.0,0.0,0.0,0.0,87.0,0.0,0.0,0.0,0.0,0.0,0.0,1.0,0.0,0.0,baseline,male_P42,male,P42,1111862,CTRL,MDMA,CTRL_MDMA
2,inactive,1,blue,9,6-9,3.0,64.04,21.346666666666668,10538.68,261.3199999999997,12.0,878.2233333333334,0.245063523649166,0.0114801775600796,3.0,8.16,2.72,0.0312260829634165,0.0114801775600796,2.0,8.24,4.12,0.0315322210316853,0.0076534517067197,14.0,10709.6,764.9714285714286,40.98270319914286,0.0535741619470381,,,,,,6.0,58.24,9.706666666666669,0.2228685136996788,0.0229603551201592,1.0,1.12,1.12,0.004285932955763,0.0038267258533598,,,,,,1.0,3.16,3.16,0.0120924536966171,0.0038267258533598,2.0,7.0,3.5,0.026787080973519,0.0076534517067197,,,,,,,,,,,,,,,,,,,,10.131860281338868,249.0,0.0406902019330878,0.0094653659722824,2.020996920182563,0.0415772729446514,0.9528547374866077,263479.0,247233.66666666663,262.0,0.9383429672447012,0.0009943866494103,1491.0,80.0,415.0,1604.0,1029.0,0.0,0.0,623.0,462.0,80.0,415.0,981.0,0.6901408450704225,0.3098591549295774,0.0,1.0,0.0,1.0,0.3884039900249376,0.6115960099750624,baseline,male_P42,male,P42,1111862,CTRL,MDMA,CTRL_MDMA
2,inactive,1,blue,12,9-12,,,,10503.4,296.60000000000036,8.0,1312.925,,,,,,,,,,,,,4.0,10799.96,2699.99,36.41254214430205,0.0134861766689143,,,,,,17.0,223.96,13.174117647058823,0.7550910316925142,0.0573162508428859,,,,,,,,,,,,,,,,3.0,12.96,4.32,0.0436952124072824,0.0101146325016857,,,,,,,,,,,,,,,,,,,,1.6928785957905808,288.0,0.0058780506798284,0.0021608670708413,2.0714390480379965,0.0057174630576249,0.9710047201618328,262593.0,244705.66666666663,3123.0,0.9318819110435792,0.0118929293621688,5616.0,0.0,0.0,0.0,0.0,0.0,0.0,0.0,5616.0,0.0,0.0,0.0,0.0,1.0,0.0,0.0,0.0,0.0,0.0,0.0,baseline,male_P42,male,P42,1111862,CTRL,MDMA,CTRL_MDMA
2,inactive,1,green,3,0-3,3.0,89.76,29.92,10395.96,404.0400000000009,14.0,742.5685714285713,0.2221562221562217,0.0074250074250074,,,,,,2.0,8.56,4.28,0.0211860211860211,0.0049500049500049,11.0,10668.44,969.8581818181818,26.40441540441535,0.0272250272250271,,,,,,1.0,17.8,17.8,0.0440550440550439,0.0024750024750024,,,,,,1.0,1.76,1.76,0.0043560043560043,0.0024750024750024,,,,,,10.0,78.8,7.88,0.1950301950301946,0.0247500247500246,,,,,,,,,,,,,,,,,,,,14.837553132763803,392.0,0.0378509008488872,0.005790940936178,2.143976950093158,0.0344803691400381,0.970200970200968,259913.0,256562.6666666667,0.0,0.987109789301292,0.0,446.0,45.0,216.0,2247.0,0.0,0.0,0.0,0.0,446.0,45.0,216.0,2247.0,0.0,1.0,0.0,1.0,0.0,1.0,0.0,1.0,baseline,male_P42,male,P42,1111966,CTRL,MDMA,CTRL_MDMA
2,inactive,1,green,6,3-6,4.0,18.72,4.68,10148.6,651.3999999999996,12.0,845.7166666666667,0.0287381025483574,0.0061406202026404,5.0,12.44,2.488,0.0190973288302118,0.0076757752533005,5.0,20.12,4.024,0.0308873196192815,0.0076757752533005,27.0,10618.88,393.29185185185185,16.30162726435371,0.0414491863678231,,,,,,6.0,69.12,11.52,0.1061099171016273,0.0092109303039607,3.0,5.28,1.76,0.0081056186674854,0.0046054651519803,4.0,14.92,3.73,0.0229045133558489,0.0061406202026404,1.0,1.36,1.36,0.0020878108688977,0.0015351550506601,10.0,38.44,3.844,0.0590113601473749,0.0153515505066011,,,,,,,,,,,,,,,,,,,,25.80504017091043,641.0,0.0402574729655388,0.0081817384428068,1.935715218590519,0.0411606381034204,0.9840343874731352,253727.0,252553.3333333333,0.0,0.995374293367806,0.0,1869.0,412.0,824.0,472.0,0.0,0.0,0.0,0.0,1869.0,412.0,824.0,472.0,0.0,1.0,0.0,1.0,0.0,1.0,0.0,1.0,baseline,male_P42,male,P42,1111966,CTRL,MDMA,CTRL_MDMA
2,inactive,1,green,9,6-9,4.0,27.04,6.76,10005.64,794.3600000000006,55.0,181.92072727272725,0.0340399818721989,0.0050355002769525,4.0,10.4,2.6,0.0130923007200765,0.0050355002769525,1.0,8.88,8.88,0.0111788106148345,0.0012588750692381,19.0,10708.48,563.6042105263158,13.480638501435108,0.0239186263155244,,,,,,19.0,183.0,9.63157894736842,0.2303741376705774,0.0239186263155244,5.0,15.76,3.152,0.0198398710911928,0.0062943753461906,2.0,3.44,1.72,0.0043305302381791,0.0025177501384762,,,,,,10.0,36.72,3.672,0.046225892542424,0.0125887506923812,3.0,6.72,2.24,0.0084596404652802,0.0037766252077143,,,,,,,,,,,,,,,23.696427574319213,747.0,0.0317221252668262,0.0074105667401011,2.0136569013167698,0.0331831852846679,0.9403796767208816,250196.0,240942.0,51.0,0.9630129978097172,0.0002038401892915,4993.0,88.0,487.0,680.0,1004.0,0.0,49.0,213.0,3989.0,88.0,438.0,467.0,0.2010815141197676,0.7989184858802323,0.0,1.0,0.1006160164271047,0.8993839835728953,0.313235294117647,0.6867647058823529,baseline,male_P42,male,P42,1111966,CTRL,MDMA,CTRL_MDMA
2,inactive,1,green,12,9-12,4.0,22.96,5.74,9679.88,1120.1200000000008,44.0,219.9972727272727,0.0204978038067349,0.0035710459593614,3.0,13.24,4.413333333333333,0.0118201621254865,0.0026782844695211,3.0,13.32,4.44,0.0118915830446737,0.0026782844695211,14.0,10729.0,766.3571428571429,9.578438024497368,0.0124986608577652,,,,,,43.0,587.44,13.66139534883721,0.5244438095918291,0.038388744063136,4.0,13.08,3.27,0.011677320287112,0.0035710459593614,3.0,32.2,10.733333333333334,0.02874691997286,0.0026782844695211,,,,,,10.0,32.2,3.22,0.02874691997286,0.0089276148984037,2.0,4.12,2.06,0.0036781773381423,0.0017855229796807,,,,,,,,,,,,,,,19.572269452755773,1077.0,0.0181729521381204,0.0030318189804534,2.158089547444185,0.017632832228903,0.9615041245580824,242041.0,234606.0,0.0,0.9692820637825824,0.0,15060.0,808.0,670.0,578.0,233.0,0.0,0.0,0.0,14827.0,808.0,670.0,578.0,0.0154714475431606,0.9845285524568392,0.0,1.0,0.0,1.0,0.0,1.0,baseline,male_P42,male,P42,1111966,CTRL,MDMA,CTRL_MDMA
2,inactive,1,red,3,0-3,3.0,86.08,28.69333333333333,10414.16,385.84000000000015,9.0,1157.128888888889,0.2230976570599211,0.0077752436243002,2.0,7.88,3.94,0.0204229732531619,0.0051834957495334,4.0,30.52,7.63,0.0791001451378809,0.0103669914990669,15.0,10643.28,709.552,27.584698320547368,0.0388762181215011,,,,,,1.0,23.04,23.04,0.0597138710346257,0.0025917478747667,1.0,6.8,6.8,0.0176238855484138,0.0025917478747667,1.0,1.44,1.44,0.0037321169396641,0.0025917478747667,,,,,,7.0,35.24,5.034285714285715,0.0913331951067799,0.0181422351233671,,,,,,,,,,,,,,,,,,,,14.459747690525006,378.0,0.0382533007685846,0.0093286595137948,1.9734732801150856,0.035232350216933,0.9796806966618284,260363.0,256015.0,0.0,0.9833002385131528,0.0,748.0,37.0,966.0,2155.0,0.0,0.0,0.0,0.0,748.0,37.0,966.0,2155.0,0.0,1.0,0.0,1.0,0.0,1.0,0.0,1.0,baseline,male_P42,male,P42,1111832,ELA,MDMA,ELA_MDMA
2,inactive,1,red,6,3-6,,,,10715.04,84.95999999999913,12.0,892.9200000000001,,,,,,,,1.0,7.52,7.52,0.0885122410546148,0.0117702448210924,6.0,10791.4,1798.5666666666666,127.01741996233652,0.0706214689265544,,,,,,1.0,2.44,2.44,0.0287193973634654,0.0117702448210924,,,,,,,,,,,,,,,,,,,,,1.0,1.96,1.96,0.0230696798493411,0.0117702448210924,,,,,,,,,,,,,,,3.338227017232891,72.0,0.0463642641282346,0.0170301691217478,1.7678572563212922,0.0538433447346765,0.8474576271186528,267888.0,262020.3333333333,0.0,0.978096567719843,0.0,62.0,0.0,189.0,0.0,0.0,0.0,0.0,0.0,62.0,0.0,189.0,0.0,0.0,1.0,0.0,0.0,0.0,1.0,0.0,0.0,baseline,male_P42,male,P42,1111832,ELA,MDMA,ELA_MDMA
2,inactive,1,red,9,6-9,11.0,130.12,11.82909090909091,9929.76,870.2399999999998,17.0,584.1035294117647,0.1495219709505424,0.0126401912116197,6.0,22.76,3.7933333333333334,0.0261537047251333,0.0068946497517926,11.0,61.8,5.618181818181818,0.0710148924434638,0.0126401912116197,30.0,10498.52,349.9506666666667,12.06393638536496,0.034473248758963,,,,,,19.0,94.04,4.949473684210527,0.1080621437764295,0.0218330575473432,11.0,153.92,13.992727272727272,0.1768707482993197,0.0126401912116197,5.0,20.08,4.016,0.0230740945026659,0.0057455414598271,1.0,1.08,1.08,0.0012410369553226,0.0011491082919654,10.0,42.64,4.264,0.0489979775694061,0.0114910829196543,,,,,,,,,,,,,,,,,,,,30.8238956673476,855.0,0.03605133996181,0.0084398573557941,1.8847407812758648,0.0387233719417733,0.982487589630447,248261.0,238626.0,12.0,0.961190037903658,4.833622679357611e-05,6229.0,535.0,2131.0,3264.0,2033.0,0.0,0.0,836.0,4196.0,535.0,2131.0,2428.0,0.3263766254615508,0.6736233745384492,0.0,1.0,0.0,1.0,0.2561274509803921,0.7438725490196079,baseline,male_P42,male,P42,1111832,ELA,MDMA,ELA_MDMA
2,inactive,1,red,12,9-12,5.0,89.04,17.808,10232.0,568.0,15.0,682.1333333333333,0.1567605633802817,0.0088028169014084,1.0,7.96,7.96,0.0140140845070422,0.0017605633802816,4.0,40.6,10.15,0.0714788732394366,0.0070422535211267,12.0,10629.88,885.8233333333333,18.714577464788732,0.0211267605633802,,,,,,21.0,166.68,7.937142857142858,0.2934507042253521,0.0369718309859154,6.0,26.96,4.493333333333333,0.0474647887323943,0.0105633802816901,1.0,2.44,2.44,0.0042957746478873,0.0017605633802816,1.0,9.92,9.92,0.0174647887323943,0.0017605633802816,14.0,62.96,4.497142857142857,0.1108450704225352,0.0246478873239436,,,,,,,,,,,,,,,,,,,,12.595815665836197,551.0,0.0228599195387226,0.0049025393697894,1.9972798980738575,0.0208145143380123,0.9700704225352113,255815.0,243111.0,0.0,0.9503391122490864,0.0,4868.0,311.0,1219.0,2231.0,1053.0,0.0,0.0,0.0,3815.0,311.0,1219.0,2231.0,0.2163105998356614,0.7836894001643385,0.0,1.0,0.0,1.0,0.0,1.0,baseline,male_P42,male,P42,1111832,ELA,MDMA,ELA_MDMA
2,inactive,1,yellow,3,0-3,,,,10681.64,118.36000000000058,26.0,410.83230769230767,,,,,,,,,,,,,4.0,10797.16,2699.29,91.22304832713708,0.0337952010814462,,,,,,,,,,,,,,,,,,,,,,,,,,2.0,6.04,3.02,0.0510307536329838,0.0168976005407231,,,,,,,,,,,,,,,,,,,,4.877804330855811,102.0,0.0478216110868216,0.0245970920794289,2.223128257699183,0.0452853178471406,0.8617776275768798,267067.0,261332.0,0.0,0.978525987860724,0.0,,,,,,,,,,,,,,,,,,,,,baseline,male_P42,male,P42,1111916,ELA,MDMA,ELA_MDMA
2,inactive,1,yellow,6,3-6,,,,10795.28,4.719999999999345,5.0,2159.056,,,,,,,,,,,,,4.0,10799.96,2699.99,2288.127118644385,0.8474576271187616,,,,,,,,,,,,,,,,,,,,,,,,,,,,,,,,,,,,,,,,,,,,,,,,,,0.0,0.0,,,,,0.0,269887.0,263318.0,0.0,0.9756601837065142,0.0,,,,,,,,,,,,,,,,,,,,,baseline,male_P42,male,P42,1111916,ELA,MDMA,ELA_MDMA
2,inactive,1,yellow,9,6-9,1.0,2.24,2.24,10241.76,558.2399999999998,38.0,269.52,0.0040126110633419,0.0017913442247062,,,,,,1.0,1.92,1.92,0.0034393809114359,0.0017913442247062,11.0,10766.92,978.8109090909091,19.287259959873897,0.0197047864717684,,,,,,15.0,125.2,8.346666666666668,0.2242762969332188,0.0268701633705933,3.0,12.36,4.12,0.0221410146173688,0.0053740326741186,3.0,26.56,8.853333333333333,0.0475781026081972,0.0053740326741186,,,,,,9.0,26.04,2.893333333333333,0.0466466036113499,0.0161220980223559,1.0,2.12,2.12,0.0037976497563771,0.0017913442247062,,,,,,,,,,,,,,,17.22143895388863,528.0,0.0326163616550921,0.0036563688295194,2.2312650501461406,0.0280248127337148,0.9458297506448844,256082.0,242873.0,846.0,0.9484188658320382,0.0033036293062378,3457.0,667.0,49.0,57.0,0.0,0.0,49.0,0.0,3457.0,667.0,0.0,57.0,0.0,1.0,0.0,1.0,1.0,0.0,0.0,1.0,baseline,male_P42,male,P42,1111916,ELA,MDMA,ELA_MDMA
2,inactive,1,yellow,12,9-12,,,,10329.72,470.28000000000065,21.0,491.89142857142855,,,,,,,,,,,,,5.0,10797.08,2159.416,22.95883303563831,0.0106319639363783,,,,,,39.0,227.56,5.834871794871795,0.4838819426724497,0.0829293187037508,4.0,12.2,3.05,0.025941992004763,0.0085055711491026,1.0,26.04,26.04,0.0553712681806582,0.0021263927872756,,,,,,,,,,,,,,,,,,,,,,,,,,,,,,7.914150165594534,452.0,0.0175091817822887,0.0030008147382157,2.279182889660512,0.0131528510917856,0.9611295398485996,258264.0,245728.0,0.0,0.9514605210172536,0.0,6037.0,652.0,0.0,0.0,894.0,0.0,0.0,0.0,5143.0,652.0,0.0,0.0,0.1480867980785158,0.8519132019214842,0.0,1.0,0.0,0.0,0.0,0.0,baseline,male_P42,male,P42,1111916,ELA,MDMA,ELA_MDMA
2,inactive,2,blue,3,0-3,23.0,179.44,7.8017391304347825,9250.52,1549.4799999999996,46.0,201.0982608695652,0.1158065931796474,0.0148436894958308,7.0,25.28,3.611428571428572,0.0163151508893306,0.0045176446291659,8.0,19.36,2.42,0.0124945142886645,0.0051630224333324,66.0,10191.88,154.42242424242423,6.577613134729072,0.0425949350749929,,,,,,7.0,69.0,9.857142857142858,0.0445310684874925,0.0045176446291659,17.0,66.44,3.908235294117647,0.0428789013088262,0.0109714226708315,1.0,1.56,1.56,0.0010067893744998,0.0006453778041665,1.0,8.32,8.32,0.0053695433306657,0.0006453778041665,18.0,74.76,4.153333333333333,0.0482484446394919,0.011616800474998,3.0,6.76,2.2533333333333334,0.0043627539561659,0.0019361334124996,3.6,4.0,0.9,0.0,0.0,0.0,0.0023233600949996,0.0025815112166662,0.0,0.0,1.0,0.0,1.0,0.0,74.53379693673537,1505.0,0.0495241175659371,0.0136674893776375,1.9016899517383776,0.0445049782849726,0.9712935952706716,231309.0,191213.0,8380.0,0.8266561180066491,0.0362285946504459,3410.0,249.0,1131.0,4509.0,898.0,0.0,26.0,759.0,2512.0,249.0,1105.0,3750.0,0.2633431085043988,0.7366568914956012,0.0,1.0,0.0229885057471264,0.9770114942528736,0.1683300066533599,0.83166999334664,baseline,male_P42,male,P42,1111967,CTRL,MDMA,CTRL_MDMA
2,inactive,2,blue,6,3-6,9.0,67.36,7.484444444444445,9567.56,1232.4400000000005,18.0,531.531111111111,0.0546558047450585,0.0073025867385024,3.0,13.72,4.573333333333333,0.0111323877835837,0.0024341955795008,6.0,19.4,3.233333333333333,0.0157411314141053,0.0048683911590016,37.0,10393.64,280.9091891891892,8.433384180974324,0.0300217454805101,,,,,,5.0,18.4,3.68,0.014929732887605,0.0040569926325013,1.0,2.4,2.4,0.0019473564636006,0.0008113985265002,2.0,5.88,2.94,0.0047710233358216,0.0016227970530005,,,,,,25.0,132.12,5.284800000000001,0.1072019733212164,0.0202849631625068,1.0,2.08,2.08,0.0016877089351205,0.0008113985265002,,,,,,,,,,,,,,,37.26897605656676,1133.0,0.0328940653632539,0.0059459197090208,2.0089361630402713,0.0292989459871655,0.9193145305248122,239207.0,229061.66666666663,0.0,0.9575876402725116,0.0,526.0,149.0,837.0,1693.0,0.0,0.0,0.0,0.0,526.0,149.0,837.0,1693.0,0.0,1.0,0.0,1.0,0.0,1.0,0.0,1.0,baseline,male_P42,male,P42,1111967,CTRL,MDMA,CTRL_MDMA
2,inactive,2,blue,9,6-9,5.0,86.6,17.32,9867.04,932.9599999999992,35.0,281.9154285714286,0.0928228434230835,0.0053592865717715,,,,,,2.0,3.56,1.78,0.0038158120391013,0.0021437146287086,33.0,10473.24,317.3709090909091,11.225818898988177,0.0353712913736923,,,,,,5.0,22.52,4.504,0.0241382267192591,0.0053592865717715,2.0,3.04,1.52,0.0032584462356371,0.0021437146287086,1.0,12.16,12.16,0.0130337849425484,0.0010718573143543,,,,,,5.0,27.56,5.512,0.0295403875836048,0.0053592865717715,,,,,,,,,,,,,,,,,,,,32.04463975418915,801.0,0.0400057924521712,0.0109436362246765,1.9260148458674051,0.0355998427401755,0.8585577087978056,246711.0,233762.0,0.0,0.9475134874407708,0.0,646.0,305.0,91.0,2170.0,0.0,0.0,0.0,0.0,646.0,305.0,91.0,2170.0,0.0,1.0,0.0,1.0,0.0,1.0,0.0,1.0,baseline,male_P42,male,P42,1111967,CTRL,MDMA,CTRL_MDMA
2,inactive,2,blue,12,9-12,2.0,12.4,6.2,9531.0,1269.0,10.0,953.1,0.0097714736012608,0.0015760441292356,2.0,5.44,2.72,0.0042868400315208,0.0015760441292356,5.0,18.24,3.648,0.0143735224586288,0.003940110323089,13.0,10544.76,811.1353846153846,8.309503546099291,0.0102442868400315,,,,,,28.0,265.64,9.487142857142857,0.2093301812450748,0.0220646178092986,25.0,157.64,6.305599999999999,0.1242237982663514,0.0197005516154452,2.0,10.48,5.24,0.0082584712371946,0.0015760441292356,3.0,55.08,18.36,0.0434042553191489,0.0023640661938534,15.0,60.32,4.021333333333334,0.0475334909377462,0.0118203309692671,8.0,18.24,2.28,0.0143735224586288,0.0063041765169424,,,,,,,,,,,,,,,27.626392475476315,1045.0,0.0264367392109821,0.0039378062962792,2.0142288901970553,0.02624509135387,0.8234830575256107,238285.0,221293.0,1739.0,0.9286904337243216,0.0072979835071448,10635.0,1644.0,599.0,312.0,630.0,0.0,0.0,0.0,10005.0,1644.0,599.0,312.0,0.0592383638928067,0.9407616361071932,0.0,1.0,0.0,1.0,0.0,1.0,baseline,male_P42,male,P42,1111967,CTRL,MDMA,CTRL_MDMA
2,inactive,2,green,3,0-3,57.0,308.84,5.418245614035087,7916.56,2883.4399999999996,182.0,43.49758241758242,0.1071081763449213,0.0197680548234053,17.0,71.76,4.221176470588236,0.0248869405987293,0.0058957356490858,8.0,24.24,3.03,0.0084066254196376,0.0027744638348639,61.0,10160.28,166.56196721311477,3.52366617651139,0.0211552867408373,,,,,,23.0,71.16,3.0939130434782607,0.0246788558111145,0.0079765835252337,28.0,97.92,3.4971428571428573,0.0339594373387342,0.0097106234220236,1.0,23.96,23.96,0.0083095191854174,0.0003468079793579,5.0,24.52,4.904,0.0085037316538578,0.0017340398967899,29.0,147.8,5.096551724137932,0.0512582193491107,0.0100574314013816,,,,,,0.0,0.0,0.0,0.8,1.0,0.8,0.0,0.0,0.0002774463834863,0.0003468079793579,0.0,1.0,0.0,1.0,176.42068705935188,2723.0,0.0647890881598795,0.0184310685409458,2.0795814451024706,0.0607717315885689,0.9443581277918044,198096.0,181516.66666666663,2675.0,0.9163065718978004,0.0135035538324852,4278.0,1218.0,2425.0,7778.0,366.0,821.0,838.0,2385.0,3912.0,397.0,1587.0,5393.0,0.0855539971949509,0.9144460028050492,0.674055829228243,0.3259441707717569,0.3455670103092783,0.6544329896907216,0.3066340961686808,0.6933659038313191,baseline,male_P42,male,P42,1111833,ELA,MDMA,ELA_MDMA
2,inactive,2,green,6,3-6,6.0,29.08,4.846666666666667,10150.4,649.6000000000004,54.0,187.9703703703704,0.0447660098522167,0.0092364532019704,2.0,10.32,5.16,0.0158866995073891,0.0030788177339901,2.0,6.56,3.28,0.0100985221674876,0.0030788177339901,13.0,10678.92,821.4553846153847,16.439224137931024,0.0200123152709359,,,,,,1.0,1.52,1.52,0.0023399014778325,0.001539408866995,5.0,7.76,1.552,0.0119458128078817,0.0076970443349753,1.0,6.2,6.2,0.0095443349753694,0.001539408866995,1.0,16.76,16.76,0.0258004926108374,0.001539408866995,3.0,9.24,3.08,0.0142241379310344,0.0046182266009852,,,,,,,,,,,,,,,,,,,,29.744557841556457,529.0,0.0562278976210897,0.0187195713194673,2.003595467117421,0.0502038075465376,0.8143472906403937,253814.0,242249.6666666667,0.0,0.9544377641369928,0.0,238.0,576.0,426.0,733.0,37.0,357.0,220.0,519.0,201.0,219.0,206.0,214.0,0.1554621848739495,0.8445378151260504,0.6197916666666666,0.3802083333333333,0.5164319248826291,0.4835680751173709,0.7080491132332879,0.2919508867667121,baseline,male_P42,male,P42,1111833,ELA,MDMA,ELA_MDMA
2,inactive,2,green,9,6-9,1.0,14.0,14.0,9787.44,1012.5599999999996,43.0,227.61488372093024,0.013826341155092,0.0009875957967922,1.0,3.92,3.92,0.0038713755234257,0.0009875957967922,2.0,18.24,9.12,0.0180137473334913,0.0019751915935845,9.0,10644.76,1182.7511111111112,10.512720233862687,0.0088883621711306,,,,,,15.0,349.4,23.293333333333333,0.3450659713992258,0.0148139369518843,3.0,6.08,2.026666666666667,0.0060045824444971,0.0029627873903768,3.0,23.56,7.853333333333333,0.0232677569724263,0.0029627873903768,1.0,10.48,10.48,0.0103500039503831,0.0009875957967922,13.0,56.96,4.381538461538462,0.0562534565852888,0.0128387453582997,,,,,,,,,,,,,,,,,,,,18.68368720392153,872.0,0.0214262467934879,0.0025109129853363,2.075446455234098,0.0193186068870086,0.8611835348028762,244729.0,233171.33333333337,0.0,0.9527736121723758,0.0,8905.0,855.0,557.0,351.0,5.0,0.0,104.0,0.0,8900.0,855.0,453.0,351.0,0.0005614823133071,0.9994385176866928,0.0,1.0,0.1867145421903052,0.8132854578096947,0.0,1.0,baseline,male_P42,male,P42,1111833,ELA,MDMA,ELA_MDMA
2,inactive,2,green,12,9-12,8.0,22.28,2.785,9702.28,1097.7199999999991,50.0,194.0456,0.0202966148015887,0.0072878329628684,1.0,2.16,2.16,0.0019677148999744,0.0009109791203585,5.0,35.96,7.192,0.0327588091680938,0.0045548956017928,11.0,10545.32,958.6654545454544,9.606566337499553,0.0100207703239441,,,,,,52.0,391.24,7.523846153846154,0.3564114710490838,0.0473709142586452,8.0,13.2,1.65,0.012024924388733,0.0072878329628684,2.0,15.72,7.86,0.0143205917720365,0.0018219582407171,2.0,2.96,1.48,0.0026964981962613,0.0018219582407171,7.0,20.4,2.914285714285714,0.0185839740553146,0.0063768538425099,3.0,8.48,2.8266666666666667,0.0077251029406406,0.0027329373610756,,,,,,,,,,,,,,,46.61900466718757,845.0,0.0551704197244823,0.0062135955123812,2.145477837777761,0.0524790040019808,0.769777356702985,242607.0,229855.0,0.0,0.9474376254601062,0.0,10171.0,471.0,959.0,565.0,417.0,76.0,0.0,404.0,9754.0,395.0,959.0,161.0,0.0409989184937567,0.9590010815062432,0.1613588110403397,0.8386411889596603,0.0,1.0,0.7150442477876107,0.2849557522123894,baseline,male_P42,male,P42,1111833,ELA,MDMA,ELA_MDMA
2,inactive,2,red,3,0-3,16.0,140.12,8.7575,9528.44,1271.5599999999995,37.0,257.5254054054054,0.1101953505929724,0.0125829689515241,4.0,11.44,2.86,0.0089968228003397,0.003145742237881,,,,,,26.0,10440.68,401.5646153846154,8.210922017049926,0.0204473245462266,,,,,,16.0,170.24,10.64,0.1338827896442166,0.0125829689515241,19.0,113.36,5.9663157894736845,0.0891503350215483,0.0149422756299348,3.0,23.36,7.786666666666666,0.0183711346692252,0.0023593066784107,4.0,36.0,9.0,0.0283116801409292,0.003145742237881,16.0,66.24,4.14,0.0520934914593098,0.0125829689515241,1.0,2.12,2.12,0.0016672433860769,0.0007864355594702,0.0,0.0,0.0,1.8,2.0,0.9,0.0,0.0,0.0014155840070464,0.0015728711189405,0.0,1.0,0.0,1.0,36.18390855846819,1238.0,0.0292277128905235,0.0076138636645695,1.9609170440068775,0.0259578857697027,0.9736072226241784,238248.0,193785.3333333333,10387.0,0.8133765376134671,0.0435974278902656,7125.0,1491.0,290.0,3519.0,877.0,520.0,59.0,730.0,6248.0,971.0,231.0,2789.0,0.1230877192982456,0.8769122807017544,0.3487592219986586,0.6512407780013414,0.2034482758620689,0.7965517241379311,0.2074452969593634,0.7925547030406366,baseline,male_P42,male,P42,1111863,CTRL,MDMA,CTRL_MDMA
2,inactive,2,red,6,3-6,,,,10697.64,102.36000000000058,5.0,2139.528,,,,,,,,,,,,,4.0,10721.92,2680.48,104.7471668620549,0.0390777647518559,,,,,,,,,,,,,,,,,,,,,,,,,,,,,,,,,,,,,,,,,,,,,,,,,,0.7732478460769745,18.0,0.042958213670943,0.0214028218583474,1.3309236780644966,0.0498149634508741,0.1758499413833518,267446.0,247952.0,0.0,0.9271105195067416,0.0,,,,,,,,,,,,,,,,,,,,,baseline,male_P42,male,P42,1111863,CTRL,MDMA,CTRL_MDMA
2,inactive,2,red,9,6-9,2.0,8.0,4.0,10268.96,531.0400000000009,14.0,733.4971428571428,0.0150647785477553,0.0037661946369388,1.0,6.2,6.2,0.0116752033745103,0.0018830973184694,,,,,,15.0,10617.84,707.856,19.994426031937294,0.0282464597770412,,,,,,7.0,99.04,14.14857142857143,0.1865019584212109,0.0131816812292859,4.0,10.84,2.71,0.0204127749322084,0.0075323892738776,,,,,,,,,,,8.0,26.36,3.295,0.0496384453148537,0.0150647785477553,2.0,6.12,3.06,0.0115245555890328,0.0037661946369388,,,,,,,,,,,,,,,11.947452671511604,415.0,0.0287890425819556,0.0061010019746726,1.8841912918385024,0.0243717184106253,0.7814853871648074,256738.0,240092.0,0.0,0.9351634740474726,0.0,2758.0,0.0,156.0,202.0,0.0,0.0,0.0,0.0,2758.0,0.0,156.0,202.0,0.0,1.0,0.0,0.0,0.0,1.0,0.0,1.0,baseline,male_P42,male,P42,1111863,CTRL,MDMA,CTRL_MDMA
2,inactive,2,red,12,9-12,,,,10138.0,662.0,8.0,1267.25,,,,,,,,,,,,,4.0,10588.56,2647.14,15.994803625377642,0.0060422960725075,,,,,,24.0,256.0,10.666666666666666,0.3867069486404834,0.0362537764350453,,,,,,2.0,23.04,11.52,0.0348036253776435,0.0030211480362537,,,,,,8.0,20.4,2.55,0.0308157099697885,0.0120845921450151,1.0,3.04,3.04,0.0045921450151057,0.0015105740181268,,,,,,,,,,,,,,,6.0786932545821175,443.0,0.0137216552022169,0.0031472796930031,2.0803390605874292,0.0118826415885891,0.6691842900302115,253458.0,230932.66666666663,1668.0,0.9111279449323622,0.0065809719953601,6424.0,578.0,0.0,0.0,57.0,0.0,0.0,0.0,6367.0,578.0,0.0,0.0,0.0088729763387297,0.9911270236612704,0.0,1.0,0.0,0.0,0.0,0.0,baseline,male_P42,male,P42,1111863,CTRL,MDMA,CTRL_MDMA
2,inactive,2,yellow,3,0-3,41.0,320.36,7.813658536585367,7111.32,3688.68,78.0,91.17076923076922,0.0868494962967782,0.0111150872398798,9.0,22.92,2.546666666666667,0.0062136048667816,0.002439897198998,5.0,47.12,9.424,0.0127742173351984,0.0013554984438877,60.0,10406.32,173.43866666666665,2.82115011331967,0.0162659813266534,,,,,,32.0,189.68,5.9275,0.051422188967327,0.0086751900408818,37.0,188.44,5.092972972972973,0.0510860253532428,0.0100306884847696,4.0,31.44,7.86,0.0085233742151664,0.0010843987551102,10.0,130.0,13.0,0.0352429595410824,0.0027109968877755,30.0,130.96,4.365333333333334,0.0355032152423089,0.0081329906633267,,,,,,0.0,0.0,0.0,1.0,1.0,1.0,0.0,0.0,0.0002710996887775,0.0002710996887775,0.0,1.0,0.0,1.0,143.08915638750597,3617.0,0.039560175943463,0.0085917474231427,2.2025597567011346,0.0376158194820682,0.9805675743084248,177861.0,168650.3333333333,2283.0,0.9482142422078664,0.0128358662101303,9522.0,4050.0,1765.0,8050.0,955.0,399.0,753.0,2347.0,8567.0,3651.0,1012.0,5703.0,0.1002940558706154,0.8997059441293845,0.0985185185185185,0.9014814814814814,0.426628895184136,0.5733711048158641,0.2915527950310559,0.7084472049689441,baseline,male_P42,male,P42,1111917,ELA,MDMA,ELA_MDMA
2,inactive,2,yellow,6,3-6,6.0,45.76,7.626666666666666,10087.04,712.9599999999991,16.0,630.44,0.0641831238779175,0.008415619389587,1.0,3.6,3.6,0.0050493716337522,0.0014026032315978,2.0,10.2,5.1,0.014306552962298,0.0028052064631956,19.0,10627.72,559.3536842105262,14.906474416517073,0.0266494614003591,,,,,,3.0,14.96,4.986666666666667,0.0209829443447037,0.0042078096947935,16.0,110.72,6.92,0.1552962298025136,0.0224416517055655,1.0,2.12,2.12,0.0029735188509874,0.0014026032315978,3.0,17.04,5.68,0.0239003590664273,0.0042078096947935,4.0,17.08,4.27,0.0239564631956912,0.0056104129263913,,,,,,,,,,,,,,,,,,,,28.453620212465697,616.0,0.0461909419033534,0.0110768497766937,2.1791630117770047,0.043381015021187,0.8640035906642739,252192.0,241075.3333333333,0.0,0.9559198282789833,0.0,3161.0,483.0,348.0,1150.0,37.0,357.0,220.0,519.0,3124.0,126.0,128.0,631.0,0.0117051565960139,0.988294843403986,0.7391304347826086,0.2608695652173913,0.632183908045977,0.367816091954023,0.4513043478260869,0.548695652173913,baseline,male_P42,male,P42,1111917,ELA,MDMA,ELA_MDMA
2,inactive,2,yellow,9,6-9,2.0,9.4,4.7,10412.44,387.5599999999995,9.0,1156.937777777778,0.0242543090102178,0.0051604912787697,,,,,,1.0,6.72,6.72,0.0173392506966663,0.0025802456393848,6.0,10692.64,1782.1066666666666,27.589637733512262,0.0154814738363092,,,,,,18.0,181.0,10.055555555555555,0.467024460728662,0.0464444215089277,5.0,11.72,2.3440000000000003,0.0302404788935907,0.0129012281969243,,,,,,2.0,6.36,3.18,0.0164103622664877,0.0051604912787697,1.0,2.12,2.12,0.0054701207554959,0.0025802456393848,,,,,,,,,,,,,,,,,,,,7.789183407076625,280.0,0.0278185121681308,0.0030565148161789,2.241835958980303,0.0233249550499827,0.7224687790277644,260320.0,243186.6666666667,0.0,0.9341835689407908,0.0,4841.0,161.0,169.0,237.0,5.0,0.0,104.0,0.0,4836.0,161.0,65.0,237.0,0.0010328444536252,0.9989671555463748,0.0,1.0,0.6153846153846154,0.3846153846153846,0.0,1.0,baseline,male_P42,male,P42,1111917,ELA,MDMA,ELA_MDMA
2,inactive,2,yellow,12,9-12,10.0,86.48,8.648,9650.84,1149.16,30.0,321.69466666666665,0.0752549688468098,0.0087020084235441,,,,,,4.0,8.48,2.12,0.0073793031431654,0.0034808033694176,17.0,10525.6,619.1529411764706,9.159385986285637,0.014793414320025,,,,,,54.0,228.8,4.237037037037037,0.1991019527306902,0.0469908454871384,11.0,29.56,2.687272727272727,0.0257231368999965,0.0095722092658985,,,,,,3.0,41.92,13.973333333333334,0.036478819311497,0.0026106025270632,3.0,9.36,3.1199999999999997,0.0081450798844373,0.0026106025270632,,,,,,,,,,,,,,,,,,,,36.37253069287783,905.0,0.0401906416495887,0.0084304154507486,2.1715032046665126,0.0394791784681394,0.7875317623307458,241301.0,229445.33333333337,0.0,0.9508677267534464,0.0,6524.0,1051.0,216.0,2172.0,938.0,76.0,0.0,404.0,5586.0,975.0,216.0,1768.0,0.1437768240343347,0.8562231759656652,0.0723120837297811,0.9276879162702188,0.0,1.0,0.1860036832412523,0.8139963167587477,baseline,male_P42,male,P42,1111917,ELA,MDMA,ELA_MDMA
2,inactive,3,blue,3,0-3,18.0,235.56,13.086666666666666,8430.8,2369.2000000000007,95.0,88.74526315789473,0.0994259665709944,0.0075975012662502,6.0,23.0,3.8333333333333335,0.009707918284653,0.0025325004220834,7.0,25.36,3.6228571428571423,0.0107040351173391,0.0029545838257639,42.0,10340.52,246.2028571428571,4.364561877426978,0.0177275029545838,1.0,1.36,1.36,0.0005740334290055,0.0004220834036805,17.0,107.8,6.341176470588235,0.0455005909167651,0.0071754178625696,29.0,196.72,6.783448275862069,0.0830322471720411,0.0122404187067364,8.0,59.0,7.375,0.0249029208171534,0.0033766672294445,6.0,57.0,9.5,0.0240587540097923,0.0025325004220834,40.0,159.96,3.999,0.0675164612527435,0.0168833361472226,4.0,12.92,3.23,0.0054533175755529,0.0016883336147222,2.0,2.0,1.0,3.2,3.0,1.0666666666666669,0.0008441668073611,0.0008441668073611,0.0013506668917778,0.0012662502110417,0.3846153846153846,0.6153846153846154,0.4,0.6,77.15500758073415,2278.0,0.0338696258036585,0.0086490068892726,1.930665148463821,0.0279285752605087,0.961505993584332,210865.0,128274.66666666666,16833.0,0.608326022178487,0.0798283261802575,7659.0,2914.0,1222.0,5907.0,1965.0,457.0,25.0,902.0,5694.0,2457.0,1197.0,5005.0,0.2565609087348218,0.7434390912651783,0.1568291008922443,0.8431708991077557,0.0204582651391162,0.9795417348608838,0.1527001862197393,0.8472998137802608,baseline,male_P42,male,P42,1111864,CTRL,saline,CTRL_saline
2,inactive,3,blue,6,3-6,2.0,5.44,2.72,10107.96,692.0400000000009,25.0,404.31839999999994,0.007860817293798,0.0028900063580139,2.0,28.84,14.42,0.0416738916825616,0.0028900063580139,1.0,16.24,16.24,0.0234668516270735,0.0014450031790069,16.0,10542.68,658.9175,15.234206115253436,0.0231200508641118,,,,,,6.0,26.96,4.493333333333333,0.0389572857060285,0.0086700190740419,4.0,15.32,3.83,0.0221374487023871,0.0057800127160279,1.0,1.48,1.48,0.0021386047049303,0.0014450031790069,1.0,8.04,8.04,0.0116178255592162,0.0014450031790069,6.0,24.8,4.133333333333334,0.0358360788393734,0.0086700190740419,,,,,,,,,,,,,,,,,,,,16.00939061066711,485.0,0.0330090528054992,0.0088057514669394,2.0291046356267666,0.0288898777469085,0.7008265418183911,252724.0,250788.66666666663,0.0,0.9923421070680531,0.0,1067.0,240.0,1130.0,138.0,0.0,0.0,0.0,0.0,1067.0,240.0,1130.0,138.0,0.0,1.0,0.0,1.0,0.0,1.0,0.0,1.0,baseline,male_P42,male,P42,1111864,CTRL,saline,CTRL_saline
2,inactive,3,blue,9,6-9,,,,10796.96,3.040000000000873,4.0,2699.24,,,,,,,,,,,,,4.0,10799.96,2699.99,3552.6184210516108,1.3157894736838327,,,,,,,,,,,,,,,,,,,,,,,,,,,,,,,,,,,,,,,,,,,,,,,,,,0.0,0.0,,,,,0.0,269928.0,245704.3333333333,0.0,0.9102587850587316,0.0,,,,,,,,,,,,,,,,,,,,,baseline,male_P42,male,P42,1111864,CTRL,saline,CTRL_saline
2,inactive,3,blue,12,9-12,1.0,1.44,1.44,10155.16,644.8400000000001,11.0,923.1963636363636,0.0022331120898207,0.0015507722845977,2.0,9.56,4.78,0.0148253830407542,0.0031015445691954,2.0,8.76,4.38,0.0135847652130761,0.0031015445691954,8.0,10781.92,1347.74,16.72030271074995,0.0124061782767818,,,,,,7.0,50.24,7.177142857142857,0.0779107995781899,0.0108554059921841,33.0,244.88,7.420606060606061,0.3797531170522919,0.051175485391725,,,,,,2.0,8.76,4.38,0.0135847652130761,0.0031015445691954,22.0,87.08,3.958181818181818,0.1350412505427702,0.03411699026115,3.0,6.68,2.2266666666666666,0.0103591588611128,0.0046523168537931,0.0,0.0,0.0,0.8,1.0,0.8,0.0,0.0,0.0012406178276781,0.0015507722845977,0.0,1.0,0.0,1.0,13.655168491860836,633.0,0.0215721461166837,0.0035564595251167,2.1255833995559694,0.0204579970973497,0.9816388561503626,253890.0,234392.3333333333,0.0,0.923204274817178,0.0,7418.0,221.0,462.0,37.0,0.0,0.0,0.0,0.0,7418.0,221.0,462.0,37.0,0.0,1.0,0.0,1.0,0.0,1.0,0.0,1.0,baseline,male_P42,male,P42,1111864,CTRL,saline,CTRL_saline
2,inactive,3,green,3,0-3,65.0,598.16,9.202461538461538,5998.52,4801.48,75.0,79.98026666666668,0.1245782550380299,0.0135374926064463,11.0,41.6,3.7818181818181817,0.0086639952681256,0.0022909602872447,23.0,116.24,5.053913043478261,0.0242092021626665,0.0047901896915117,147.0,9480.08,64.49034013605443,1.974407890900306,0.0306155602022709,,,,,,51.0,171.24,3.3576470588235297,0.0356640035988903,0.0106217249681348,6.0,15.48,2.58,0.0032240059315044,0.0012496147021335,12.0,75.92,6.326666666666667,0.0158117913643293,0.002499229404267,3.0,19.4,6.466666666666666,0.0040404208702316,0.0006248073510667,87.0,433.28,4.980229885057471,0.0902388430234011,0.0181194131809358,2.0,4.92,2.46,0.0010246840557494,0.0004165382340445,5.6,5.0,1.12,0.0,0.0,0.0,0.0011663070553246,0.0010413455851112,0.0,0.0,1.0,0.0,1.0,0.0,225.52321880590316,4729.0,0.0476894097707555,0.0124988870646303,2.062699063064608,0.0437262095745924,0.9849046543982272,150038.0,106317.33333333331,1061.0,0.7086027095358064,0.007071541876058,4725.0,2398.0,3980.0,15019.0,1532.0,161.0,409.0,2162.0,3193.0,2237.0,3571.0,12857.0,0.3242328042328042,0.6757671957671958,0.067139282735613,0.932860717264387,0.1027638190954773,0.8972361809045226,0.1439509954058193,0.8560490045941807,baseline,male_P42,male,P42,1111968,CTRL,saline,CTRL_saline
2,inactive,3,green,6,3-6,1.0,3.04,3.04,10467.92,332.0799999999999,20.0,523.396,0.0091544206215369,0.003011322572874,,,,,,,,,,,6.0,10615.8,1769.3,31.96759816911588,0.018067935437244,,,,,,,,,,,1.0,7.68,7.68,0.0231269573596723,0.003011322572874,,,,,,1.0,3.44,3.44,0.0103589496506865,0.003011322572874,,,,,,1.0,2.56,2.56,0.0077089857865574,0.003011322572874,,,,,,,,,,,,,,,8.040913861175886,134.0,0.0600068198595215,0.0280789547048903,1.7702029088224591,0.0512443198010463,0.4035172247651169,261718.0,257005.66666666663,0.0,0.9819946150691456,0.0,193.0,87.0,0.0,77.0,0.0,0.0,0.0,32.0,193.0,87.0,0.0,45.0,0.0,1.0,0.0,1.0,0.0,0.0,0.4155844155844156,0.5844155844155844,baseline,male_P42,male,P42,1111968,CTRL,saline,CTRL_saline
2,inactive,3,green,9,6-9,15.0,52.96,3.530666666666667,9015.64,1784.3600000000006,85.0,106.06635294117646,0.0296801093949651,0.0084063753950996,6.0,50.16,8.36,0.0281109193212131,0.0033625501580398,4.0,38.92,9.73,0.0218117420251518,0.0022417001053599,25.0,10634.28,425.3712,5.959716649106681,0.0140106256584994,,,,,,55.0,322.16,5.857454545454546,0.1805465264856867,0.0308233764486986,40.0,129.84,3.246,0.0727655854199824,0.022417001053599,2.0,26.08,13.04,0.0146158846869465,0.0011208500526799,3.0,14.4,4.8,0.0080701203792956,0.0016812750790199,21.0,83.28,3.9657142857142857,0.0466721961935932,0.0117689255531394,3.0,7.08,2.36,0.003967809186487,0.0016812750790199,,,,,,,,,,,,,,,63.83873382568774,1711.0,0.0373107737146041,0.0069564027448841,2.0776466628299275,0.0320706096743784,0.958887220067699,225476.0,222544.0,0.0,0.9869963987297984,0.0,11395.0,1017.0,2237.0,1339.0,86.0,102.0,720.0,778.0,11309.0,915.0,1517.0,561.0,0.0075471698113207,0.9924528301886792,0.1002949852507374,0.8997050147492626,0.3218596334376397,0.6781403665623603,0.5810306198655714,0.4189693801344287,baseline,male_P42,male,P42,1111968,CTRL,saline,CTRL_saline
2,inactive,3,green,12,9-12,5.0,18.12,3.624,9514.48,1285.5200000000004,35.0,271.8422857142857,0.0140954633144564,0.0038894766320243,3.0,9.48,3.16,0.0073744476943182,0.0023336859792146,2.0,2.4,1.2,0.0018669487833717,0.0015557906528097,10.0,10761.16,1076.116,8.371056070695124,0.0077789532640487,,,,,,7.0,13.64,1.9485714285714288,0.0106104922521625,0.0054452672848341,78.0,566.12,7.257948717948718,0.4403821021843299,0.0606758354595805,,,,,,1.0,4.84,4.84,0.0037650133797996,0.0007778953264048,25.0,99.04,3.9616,0.0770427531271392,0.0194473831601219,1.0,2.36,2.36,0.0018358329703155,0.0007778953264048,2.6,3.0,0.8666666666666667,0.0,0.0,0.0,0.0020225278486526,0.0023336859792146,0.0,0.0,1.0,0.0,1.0,0.0,36.94999512445872,1251.0,0.0295363670059622,0.0041614259870063,2.2102106587296584,0.0259079904313143,0.9731470533325032,237897.0,227426.0,0.0,0.9559851532385863,0.0,14579.0,122.0,302.0,458.0,230.0,0.0,51.0,178.0,14349.0,122.0,251.0,280.0,0.0157761163317099,0.98422388366829,0.0,1.0,0.1688741721854304,0.8311258278145696,0.388646288209607,0.611353711790393,baseline,male_P42,male,P42,1111968,CTRL,saline,CTRL_saline
2,inactive,3,red,3,0-3,65.0,697.44,10.729846153846154,3169.04,7630.96,109.0,29.07376146788991,0.0913961021942193,0.0085179322129849,32.0,144.56,4.5175,0.0189438812416786,0.0041934435510079,41.0,205.44,5.010731707317073,0.0269219075974713,0.0053728495497289,166.0,8390.32,50.54409638554217,1.0995104154654198,0.0217534884208539,1.0,1.36,1.36,0.0001782213509178,0.0001310451109689,106.0,488.28,4.6064150943396225,0.0639867067839433,0.0138907817627139,62.0,341.12,5.501935483870968,0.0447021082537452,0.0081247968800779,15.0,116.56,7.770666666666667,0.0152746181345466,0.0019656766645349,15.0,167.12,11.141333333333334,0.0219002589451392,0.0019656766645349,122.0,581.88,4.769508196721311,0.0762525291706417,0.0159875035382179,19.0,42.96,2.261052631578947,0.0056296979672282,0.0024898571084109,2.4,2.0,1.2,6.0,5.0,1.2,0.0003145082663255,0.0002620902219379,0.0007862706658139,0.0006552255548449,0.2857142857142857,0.7142857142857143,0.2857142857142857,0.7142857142857143,219.7062360295568,7526.0,0.0291929625338236,0.0079351236903361,2.0206124316758665,0.0262725738694306,0.9862455051526936,79335.0,54379.999999999985,3743.0,0.685447784710405,0.0471796810991365,20903.0,7122.0,8823.0,17501.0,330.0,365.0,66.0,1413.0,20573.0,6757.0,8757.0,16088.0,0.0157872075778596,0.9842127924221404,0.051249648975007,0.9487503510249928,0.0074804488269296,0.9925195511730704,0.0807382435289412,0.9192617564710588,baseline,male_P42,male,P42,1111918,ELA,saline,ELA_saline
2,inactive,3,red,6,3-6,,,,10569.84,230.15999999999983,8.0,1321.23,,,,,,,,1.0,5.4,5.4,0.0234619395203337,0.0043448036148766,5.0,10615.44,2123.088,46.12200208550577,0.021724018074383,,,,,,,,,,,,,,,,,,,,,,,,,,1.0,6.36,6.36,0.0276329509906152,0.0043448036148766,,,,,,,,,,,,,,,,,,,,1.613395113869855,45.0,0.0358532247526634,0.0140790750627841,1.904166767464356,0.0304413711238386,0.1955161626694475,264254.0,258293.0,0.0,0.9774421579238156,0.0,0.0,0.0,136.0,0.0,0.0,0.0,0.0,0.0,0.0,0.0,136.0,0.0,0.0,0.0,0.0,0.0,0.0,1.0,0.0,0.0,baseline,male_P42,male,P42,1111918,ELA,saline,ELA_saline
2,inactive,3,red,9,6-9,,,,10796.96,3.040000000000873,4.0,2699.24,,,,,,,,,,,,,4.0,10799.96,2699.99,3552.6184210516108,1.3157894736838327,,,,,,,,,,,,,,,,,,,,,,,,,,,,,,,,,,,,,,,,,,,,,,,,,,0.0,0.0,,,,,0.0,269928.0,245704.3333333333,0.0,0.9102587850587316,0.0,,,,,,,,,,,,,,,,,,,,,baseline,male_P42,male,P42,1111918,ELA,saline,ELA_saline
2,inactive,3,red,12,9-12,3.0,21.16,7.053333333333334,9951.48,848.5200000000004,12.0,829.29,0.0249375383019846,0.0035355678121906,3.0,20.32,6.773333333333333,0.0239475793145712,0.0035355678121906,5.0,29.84,5.968,0.0351671145052561,0.0058926130203177,12.0,10722.32,893.5266666666666,12.636496488002631,0.0141422712487625,,,,,,25.0,144.28,5.7712,0.1700372413142883,0.0294630651015886,42.0,208.76,4.97047619047619,0.2460283788243057,0.0494979493706689,1.0,2.12,2.12,0.0024984679206147,0.0011785226040635,,,,,,12.0,36.76,3.063333333333333,0.0433224909253759,0.0141422712487625,2.0,5.16,2.58,0.0060811766369678,0.002357045208127,0.0,0.0,0.0,1.8,2.0,0.9,0.0,0.0,0.0021213406873143,0.002357045208127,0.0,1.0,0.0,1.0,19.90723736226201,837.0,0.0237840350803608,0.004270386474872,2.1690756127875357,0.0222888267776521,0.9864234196011874,248799.0,231227.66666666663,0.0,0.929375386021112,0.0,8893.0,54.0,1262.0,532.0,91.0,0.0,51.0,0.0,8802.0,54.0,1211.0,532.0,0.0102327673451028,0.9897672326548972,0.0,1.0,0.0404120443740095,0.9595879556259904,0.0,1.0,baseline,male_P42,male,P42,1111918,ELA,saline,ELA_saline
2,inactive,3,yellow,3,0-3,25.0,279.8,11.192,9009.0,1791.0,121.0,74.45454545454545,0.1562255723059743,0.0139586823003908,1.0,3.96,3.96,0.0022110552763819,0.0005583472920156,7.0,29.16,4.1657142857142855,0.0162814070351758,0.0039084310441094,33.0,10571.56,320.350303030303,5.902601898380793,0.0184254606365159,,,,,,58.0,236.04,4.069655172413793,0.1317922948073701,0.0323841429369067,1.0,4.04,4.04,0.0022557230597431,0.0005583472920156,5.0,37.6,7.52,0.0209938581797878,0.0027917364600781,1.0,4.36,4.36,0.0024343941931881,0.0005583472920156,11.0,40.84,3.712727272727273,0.0228029034059184,0.0061418202121719,,,,,,0.0,0.0,0.0,0.8,1.0,0.8,0.0,0.0,0.0004466778336125,0.0005583472920156,0.0,1.0,0.0,1.0,68.39418533740954,1695.0,0.0403505518214805,0.0102045457985876,2.195544292107235,0.0368779020086083,0.9463986599664992,225346.0,134815.3333333333,15519.0,0.5982592694493504,0.0688674305290531,6061.0,1055.0,836.0,7020.0,492.0,69.0,368.0,1833.0,5569.0,986.0,468.0,5187.0,0.0811747236429632,0.9188252763570368,0.0654028436018957,0.9345971563981044,0.4401913875598086,0.5598086124401914,0.2611111111111111,0.7388888888888889,baseline,male_P42,male,P42,1111834,ELA,saline,ELA_saline
2,inactive,3,yellow,6,3-6,2.0,11.84,5.92,10561.04,238.95999999999913,21.0,502.9066666666667,0.0495480415132241,0.0083696016069635,,,,,,,,,,,5.0,10613.48,2122.696,44.41529963173769,0.0209240040174088,,,,,,,,,,,,,,,,,,,,,,,,,,,,,,,,,,,,,,,,,,,,,,,,,,3.0252470500308712,47.0,0.0643669585112951,0.0302856926584395,2.35211231689663,0.0561480746845222,0.1966856377636431,264047.0,258376.0,0.0,0.978522762992952,0.0,0.0,0.0,0.0,298.0,0.0,0.0,0.0,32.0,0.0,0.0,0.0,266.0,0.0,0.0,0.0,0.0,0.0,0.0,0.1073825503355704,0.8926174496644296,baseline,male_P42,male,P42,1111834,ELA,saline,ELA_saline
2,inactive,3,yellow,9,6-9,11.0,118.56,10.77818181818182,9666.8,1133.2000000000007,39.0,247.86666666666665,0.1046240734204023,0.0097070243558065,6.0,32.96,5.493333333333333,0.0290857747970349,0.0052947405577126,3.0,27.64,9.213333333333331,0.024391104835863,0.0026473702788563,36.0,10636.8,295.46666666666664,9.38651606071302,0.031768443346276,,,,,,2.0,9.56,4.78,0.0084362866219555,0.0017649135192375,45.0,221.32,4.918222222222222,0.1953053300388279,0.039710554182845,1.0,1.36,1.36,0.0012001411930815,0.0008824567596187,1.0,21.6,21.6,0.0190610660077656,0.0008824567596187,4.0,14.6,3.65,0.0128838686904341,0.0035298270384751,,,,,,,,,,,,,,,,,,,,46.94771629166693,1096.0,0.0428355075653895,0.0112897875412525,2.174016063757016,0.0409975721151364,0.9671726085421808,241709.0,233366.0,0.0,0.9654832877551104,0.0,5819.0,576.0,1524.0,2975.0,86.0,102.0,720.0,778.0,5733.0,474.0,804.0,2197.0,0.0147791716789826,0.9852208283210172,0.1770833333333333,0.8229166666666666,0.4724409448818897,0.5275590551181102,0.2615126050420168,0.7384873949579832,baseline,male_P42,male,P42,1111834,ELA,saline,ELA_saline
2,inactive,3,yellow,12,9-12,3.0,31.6,10.533333333333331,10324.08,475.9200000000001,40.0,258.102,0.066397713901496,0.0063035804336863,,,,,,1.0,1.8,1.8,0.0037821482602118,0.0021011934778954,7.0,10787.12,1541.017142857143,22.665826189275503,0.0147083543452681,,,,,,9.0,61.2,6.800000000000001,0.1285930408472012,0.018910741301059,29.0,76.48,2.637241379310345,0.1606992771894436,0.0609346108589678,,,,,,2.0,3.48,1.74,0.0073121533030761,0.0042023869557908,4.0,10.32,2.58,0.0216843166918809,0.0084047739115817,,,,,,,,,,,,,,,,,,,,16.643966751400093,439.0,0.0379133638984056,0.0062158669777231,2.087214122130365,0.0414003627522725,0.9224239367961,258142.0,237982.66666666663,2384.0,0.9219060310475112,0.0092352271230563,3480.0,89.0,46.0,793.0,139.0,0.0,0.0,178.0,3341.0,89.0,46.0,615.0,0.0399425287356321,0.9600574712643678,0.0,1.0,0.0,1.0,0.2244640605296343,0.7755359394703657,baseline,male_P42,male,P42,1111834,ELA,saline,ELA_saline
2,inactive,4,blue,3,0-3,,,,7316.12,3483.88,37.0,197.73297297297296,,,,,,,,,,,,,8.0,7987.4,998.425,2.292673685660815,0.0022962903429509,,,,,,6.0,386.68,64.44666666666667,0.1109911937265347,0.0017222177572132,,,,,,2.0,26.44,13.22,0.0075892395834529,0.0005740725857377,,,,,,12.0,45.0,3.75,0.0129166331790991,0.0034444355144264,1.0,2.16,2.16,0.0006199983925967,0.0002870362928688,,,,,,,,,,,,,,,7.651944639819042,658.0,0.0116290951972933,0.0019133708453161,2.2100934767123985,0.0104118079399474,0.1888698807077166,182940.0,153182.0,1516.0,0.8373346452388761,0.0082868700120258,9673.0,663.0,0.0,0.0,0.0,0.0,0.0,0.0,9673.0,663.0,0.0,0.0,0.0,1.0,0.0,1.0,0.0,0.0,0.0,0.0,baseline,male_P42,male,P42,1111865,CTRL,saline,CTRL_saline
2,inactive,4,blue,6,3-6,,,,8056.0,2744.0,3.0,2685.3333333333335,,,,,,,,,,,,,3.0,8059.0,2686.3333333333335,2.936953352769679,0.0010932944606413,,,,,,,,,,,,,,,,,,,,,,,,,,,,,,,,,,,,,,,,,,,,,,,,,,0.0,0.0,,,,,0.0,201403.0,190674.3333333333,177.0,0.9467303532386973,0.0008788349726667,,,,,,,,,,,,,,,,,,,,,baseline,male_P42,male,P42,1111865,CTRL,saline,CTRL_saline
2,inactive,4,blue,9,6-9,,,,5057.76,5742.24,5.0,1011.552,,,,,,,,,,,,,3.0,5061.6,1687.2,0.881467859232634,0.0005224442029591,,,,,,,,,,,,,,,,,,,,,,,,,,,,,,,,,,,,,,,,,,,,,,,,,,0.0,0.0,,,,,0.0,126449.0,120810.66666666669,0.0,0.9554102180852888,0.0,,,,,,,,,,,,,,,,,,,,,baseline,male_P42,male,P42,1111865,CTRL,saline,CTRL_saline
2,inactive,4,blue,12,9-12,,,,10251.6,548.3999999999996,16.0,640.725,,,,,,,,,,,,,5.0,10797.52,2159.504,19.689132020423063,0.0091174325309992,,,,,,7.0,170.92,24.417142857142856,0.3116703136396792,0.0127644055433989,2.0,45.72,22.86,0.0833698030634573,0.0036469730123997,3.0,4.8,1.6,0.0087527352297593,0.0054704595185995,,,,,,18.0,102.24,5.68,0.1864332603938732,0.0328227571115974,,,,,,,,,,,,,,,,,,,,5.4893384696327745,530.0,0.0103572423955335,0.0018986398590013,2.1127581212879423,0.007876976836771,0.9664478482859232,256306.0,241488.0,24.0,0.942186292946712,9.363807324057962e-05,5425.0,123.0,0.0,0.0,796.0,0.0,0.0,0.0,4629.0,123.0,0.0,0.0,0.1467281105990783,0.8532718894009217,0.0,1.0,0.0,0.0,0.0,0.0,baseline,male_P42,male,P42,1111865,CTRL,saline,CTRL_saline
2,inactive,4,green,3,0-3,7.0,30.0,4.285714285714286,5426.88,5373.12,122.0,44.482622950819675,0.0055833482222619,0.0013027812518611,4.0,14.44,3.61,0.002687451610982,0.0007444464296349,8.0,19.08,2.385,0.0035510094693585,0.0014888928592698,63.0,7596.08,120.5726984126984,1.4137186588053123,0.01172503126675,,,,,,30.0,287.72,9.590666666666667,0.05354803168364,0.0055833482222619,4.0,13.8,3.45,0.0025683401822404,0.0007444464296349,3.0,4.8,1.6,0.0008933357155619,0.0005583348222261,3.0,59.36,19.786666666666665,0.0110475850157822,0.0005583348222261,39.0,171.32,4.392820512820513,0.0318846405812637,0.0072583526889405,2.0,4.8,2.4,0.0008933357155619,0.0003722232148174,,,,,,,,,,,,,,,95.35844571483352,2469.0,0.0386222947407183,0.0073507788495622,2.071517431573229,0.0385157303368173,0.4595095586921565,135794.0,126699.0,91.0,0.933023550377778,0.0006701327010029,7572.0,1610.0,850.0,757.0,0.0,0.0,0.0,69.0,7572.0,1610.0,850.0,688.0,0.0,1.0,0.0,1.0,0.0,1.0,0.0911492734478203,0.9088507265521796,baseline,male_P42,male,P42,1111969,CTRL,saline,CTRL_saline
2,inactive,4,green,6,3-6,1.0,11.44,11.44,7350.32,3449.6800000000003,64.0,114.84875,0.0033162496231534,0.0002898819600658,,,,,,,,,,,9.0,8029.48,892.1644444444444,2.327601400709631,0.0026089376405927,,,,,,16.0,59.96,3.7475,0.017381322325549,0.0046381113610537,3.0,18.12,6.04,0.0052526611163934,0.0008696458801975,4.0,11.48,2.87,0.003327844901556,0.0011595278402634,2.0,14.2,7.1,0.0041163238329352,0.0005797639201317,12.0,36.32,3.026666666666667,0.010528512789592,0.0034785835207903,1.0,2.04,2.04,0.0005913591985343,0.0002898819600658,,,,,,,,,,,,,,,19.286917621213373,651.0,0.0296266015686841,0.0051081843342519,1.9224932076432473,0.0241627152405657,0.1887131560028756,183822.0,179890.0,0.0,0.9786097420330536,0.0,1971.0,648.0,0.0,287.0,0.0,0.0,0.0,0.0,1971.0,648.0,0.0,287.0,0.0,1.0,0.0,1.0,0.0,0.0,0.0,1.0,baseline,male_P42,male,P42,1111969,CTRL,saline,CTRL_saline
2,inactive,4,green,9,6-9,1.0,5.04,5.04,4661.92,6138.08,21.0,221.9961904761905,0.0008211036675963,0.0001629173943643,,,,,,1.0,2.56,2.56,0.0004170685295727,0.0001629173943643,11.0,5034.0,457.6363636363636,0.8201261632301958,0.0017920913380079,,,,,,17.0,52.92,3.1129411764705885,0.008621588509762,0.0027695957041941,8.0,16.0,2.0,0.0026066783098297,0.0013033391549148,1.0,2.08,2.08,0.0003388681802778,0.0001629173943643,,,,,,1.0,4.96,4.96,0.0008080702760472,0.0001629173943643,3.0,6.72,2.24,0.0010948048901285,0.000488752183093,,,,,,,,,,,,,,,10.677794955903144,381.0,0.0280257085456775,0.0049937342079823,1.916551679371686,0.0258049909677275,0.0620715272528217,116569.0,114702.66666666669,0.0,0.9839894540286585,0.0,1748.0,53.0,65.0,127.0,18.0,0.0,0.0,0.0,1730.0,53.0,65.0,127.0,0.0102974828375286,0.9897025171624714,0.0,1.0,0.0,1.0,0.0,1.0,baseline,male_P42,male,P42,1111969,CTRL,saline,CTRL_saline
2,inactive,4,green,12,9-12,4.0,13.08,3.27,9812.32,987.6800000000004,60.0,163.53866666666667,0.0132431556779523,0.0040498947027377,1.0,2.36,2.36,0.0023894378746152,0.0010124736756844,1.0,3.6,3.6,0.0036449052324639,0.0010124736756844,15.0,10761.64,717.4426666666666,10.895877207192608,0.0151871051352664,,,,,,34.0,91.68,2.6964705882352944,0.0928235865867487,0.0344241049732706,42.0,269.44,6.415238095238095,0.2728009071764133,0.0425238943787461,1.0,3.08,3.08,0.003118418921108,0.0010124736756844,8.0,42.16,5.27,0.0426858901668556,0.0080997894054754,21.0,74.4,3.542857142857143,0.0753280414709217,0.021261947189373,1.0,3.52,3.52,0.0035639073384092,0.0010124736756844,,,,,,,,,,,,,,,24.22847277168521,946.0,0.0256114934161577,0.0029786143490894,2.037431103615726,0.0236288316733327,0.9578000971974724,245368.0,236708.3333333333,0.0,0.9647074326453868,0.0,9104.0,1140.0,151.0,331.0,953.0,489.0,0.0,44.0,8151.0,651.0,151.0,287.0,0.1046792618629174,0.8953207381370826,0.4289473684210526,0.5710526315789474,0.0,1.0,0.1329305135951661,0.8670694864048338,baseline,male_P42,male,P42,1111969,CTRL,saline,CTRL_saline
2,inactive,4,red,3,0-3,1.0,2.4,2.4,7521.32,3278.6800000000003,16.0,470.0825,0.0007320019032049,0.000305000793002,4.0,14.64,3.66,0.0044652116095501,0.0012200031720082,4.0,10.96,2.74,0.0033428086913025,0.0012200031720082,24.0,7826.8,326.1166666666667,2.3871802066685373,0.0073200190320494,,,,,,5.0,34.28,6.856,0.0104554271841106,0.0015250039650103,2.0,6.24,3.12,0.0019032049483328,0.0006100015860041,1.0,1.92,1.92,0.0005856015225639,0.000305000793002,,,,,,7.0,46.72,6.674285714285714,0.0142496370490563,0.0021350055510144,,,,,,,,,,,,,,,,,,,,20.988416265516356,474.0,0.0442793592099501,0.0124359475860473,1.8789926146558031,0.0408130691480762,0.1445703758829772,188049.0,156695.66666666666,453.0,0.833270406472072,0.0024089466043424,1020.0,49.0,648.0,61.0,0.0,0.0,0.0,0.0,1020.0,49.0,648.0,61.0,0.0,1.0,0.0,1.0,0.0,1.0,0.0,1.0,baseline,male_P42,male,P42,1111835,ELA,saline,ELA_saline
2,inactive,4,red,6,3-6,1.0,1.92,1.92,7618.76,3181.24,6.0,1269.7933333333333,0.0006035382429492,0.0003143428348694,,,,,,2.0,2.76,1.38,0.0008675862242396,0.0006286856697388,5.0,8051.64,1610.328,2.5309753429480333,0.0015717141743471,,,,,,15.0,224.48,14.965333333333332,0.0705636795714878,0.0047151425230413,1.0,3.76,3.76,0.001181929059109,0.0003143428348694,2.0,2.56,1.28,0.0008047176572657,0.0006286856697388,1.0,2.4,2.4,0.0007544228036866,0.0003143428348694,2.0,6.64,3.32,0.0020872364235329,0.0006286856697388,,,,,,,,,,,,,,,,,,,,6.869155684791288,433.0,0.0158641008886634,0.0024299376573765,2.042936627408335,0.0153144141856318,0.1361104474984597,190475.0,183588.3333333333,0.0,0.9638447740298376,0.0,5722.0,127.0,71.0,49.0,0.0,0.0,0.0,0.0,5722.0,127.0,71.0,49.0,0.0,1.0,0.0,1.0,0.0,1.0,0.0,1.0,baseline,male_P42,male,P42,1111835,ELA,saline,ELA_saline
2,inactive,4,red,9,6-9,,,,4914.48,5885.52,13.0,378.036923076923,,,,,,,,,,,,,5.0,5053.76,1010.752,0.8586768883633051,0.0008495426062607,,,,,,6.0,43.6,7.266666666666667,0.007408011526594,0.0010194511275129,1.0,1.84,1.84,0.0003126316791039,0.0001699085212521,,,,,,,,,,,1.0,3.44,3.44,0.0005844853131074,0.0001699085212521,1.0,4.28,4.28,0.0007272084709592,0.0001699085212521,,,,,,,,,,,,,,,6.226024201852229,133.0,0.0468122120440017,0.0117987362438924,2.0154499089269473,0.0396156391920524,0.0225978333265369,122875.0,118450.0,0.0,0.9639877924720244,0.0,1143.0,0.0,0.0,0.0,0.0,0.0,0.0,0.0,1143.0,0.0,0.0,0.0,0.0,1.0,0.0,0.0,0.0,0.0,0.0,0.0,baseline,male_P42,male,P42,1111835,ELA,saline,ELA_saline
2,inactive,4,red,12,9-12,1.0,7.52,7.52,10403.24,396.7600000000002,11.0,945.7490909090908,0.0189535235406794,0.002520415364452,1.0,8.56,8.56,0.0215747555197096,0.002520415364452,1.0,9.32,9.32,0.0234902711966932,0.002520415364452,7.0,10771.56,1538.7942857142857,27.148805323117234,0.0176429075511644,,,,,,7.0,133.12,19.017142857142854,0.3355176933158583,0.0176429075511644,,,,,,1.0,22.52,22.52,0.0567597540074603,0.002520415364452,1.0,1.84,1.84,0.0046375642705917,0.002520415364452,9.0,28.24,3.1377777777777776,0.0711765298921261,0.0226837382800685,1.0,1.96,1.96,0.004940014114326,0.002520415364452,,,,,,,,,,,,,,,5.868477544327009,386.0,0.015203309700329,0.0019395927164193,2.2140990790857074,0.0137054093144755,0.9728803306784952,260092.0,242949.66666666663,936.0,0.934091270268469,0.0035987266044322,3335.0,611.0,449.0,189.0,0.0,0.0,0.0,0.0,3335.0,611.0,449.0,189.0,0.0,1.0,0.0,1.0,0.0,1.0,0.0,1.0,baseline,male_P42,male,P42,1111835,ELA,saline,ELA_saline
2,inactive,4,yellow,3,0-3,3.0,20.84,6.946666666666666,7261.16,3538.84,67.0,108.3755223880597,0.0058889353573487,0.000847735416125,1.0,0.96,0.96,0.00027127533316,0.0002825784720416,2.0,3.12,1.56,0.00088164483277,0.0005651569440833,8.0,7973.68,996.71,2.2531903109493507,0.0022606277763334,,,,,,,,,,,,,,,,2.0,34.6,17.3,0.0097772151326423,0.0005651569440833,1.0,2.08,2.08,0.0005877632218467,0.0002825784720416,10.0,52.84,5.284000000000001,0.0149314464626826,0.0028257847204168,,,,,,,,,,,,,,,,,,,,27.43775040412006,690.0,0.039764855658145,0.0074207292382635,2.1892581561605833,0.0368876183073823,0.1949791457087633,181596.0,156341.3333333333,205.0,0.8609293890467483,0.0011288794907376,0.0,920.0,105.0,524.0,0.0,0.0,0.0,69.0,0.0,920.0,105.0,455.0,0.0,0.0,0.0,1.0,0.0,1.0,0.1316793893129771,0.8683206106870229,baseline,male_P42,male,P42,1111919,ELA,saline,ELA_saline
2,inactive,4,yellow,6,3-6,1.0,2.0,2.0,7907.48,2892.5200000000004,39.0,202.75589743589745,0.000691438607166,0.000345719303583,,,,,,,,,,,5.0,8050.76,1610.152,2.7833031405141533,0.0017285965179151,,,,,,,,,,,,,,,,,,,,,,,,,,,,,,,,,,,,,,,,,,,,,,,,,,4.846335020422855,104.0,0.0465993751963736,0.0153728214971239,1.5336403046348202,0.0421855274400599,0.0359548075726356,197726.0,189078.0,0.0,0.9562627069783438,0.0,0.0,0.0,0.0,51.0,0.0,0.0,0.0,0.0,0.0,0.0,0.0,51.0,0.0,0.0,0.0,0.0,0.0,0.0,0.0,1.0,baseline,male_P42,male,P42,1111919,ELA,saline,ELA_saline
2,inactive,4,yellow,9,6-9,,,,4921.44,5878.56,9.0,546.8266666666666,,,,,,,,,,,,,3.0,5061.6,1687.2,0.8610271903323263,0.000510329060178,,,,,,,,,,,10.0,93.48,9.348,0.0159018535151465,0.00170109686726,1.0,3.36,3.36,0.0005715685473993,0.000170109686726,,,,,,,,,,,,,,,,,,,,,,,,,,,,,,3.149370743277426,132.0,0.0238588692672532,0.0029823107960057,2.227722621817777,0.0200824581121382,0.0224544786478321,123045.0,118999.33333333334,0.0,0.9671204301949152,0.0,2347.0,85.0,0.0,0.0,18.0,0.0,0.0,0.0,2329.0,85.0,0.0,0.0,0.0076693651469961,0.992330634853004,0.0,1.0,0.0,0.0,0.0,0.0,baseline,male_P42,male,P42,1111919,ELA,saline,ELA_saline
2,inactive,4,yellow,12,9-12,1.0,4.0,4.0,10252.84,547.1599999999999,41.0,250.06926829268292,0.0073104759119818,0.0018276189779954,,,,,,,,,,,5.0,10797.0,2159.4,19.73280210541707,0.0091380948899773,,,,,,,,,,,36.0,176.36,4.898888888888889,0.3223188829592807,0.0657942832078368,2.0,28.28,14.14,0.0516850646977118,0.0036552379559909,3.0,37.72,12.573333333333332,0.068937787849989,0.0054828569339864,6.0,17.44,2.9066666666666667,0.0318736749762409,0.0109657138679728,,,,,,,,,,,,,,,,,,,,11.031905839530532,495.0,0.022286678463698,0.0025956630913348,2.0174429039426545,0.0220937387216438,0.9046713941077568,256362.0,243647.3333333333,0.0,0.9504034659322884,0.0,4445.0,1655.0,0.0,101.0,157.0,489.0,0.0,44.0,4288.0,1166.0,0.0,57.0,0.0353205849268841,0.9646794150731158,0.2954682779456193,0.7045317220543806,0.0,0.0,0.4356435643564356,0.5643564356435643,baseline,male_P42,male,P42,1111919,ELA,saline,ELA_saline
2,inactive,5,blue,3,0-3,8.0,80.12,10.015,10052.52,747.4799999999996,37.0,271.6897297297297,0.1071868143629261,0.01070262749505,2.0,8.8,4.4,0.011772890244555,0.0026756568737625,3.0,18.24,6.079999999999999,0.024401990688714,0.0040134853106437,23.0,10620.72,461.7704347826087,14.208701236153484,0.0307700540482688,,,,,,9.0,40.16,4.462222222222222,0.0537271900251512,0.0120404559319312,3.0,4.24,1.413333333333333,0.0056723925723765,0.0040134853106437,,,,,,1.0,3.48,3.48,0.0046556429603467,0.0013378284368812,6.0,19.36,3.2266666666666666,0.025900358538021,0.0080269706212875,1.0,2.16,2.16,0.0028897094236635,0.0013378284368812,1.0,1.0,1.0,0.0,0.0,0.0,0.0013378284368812,0.0013378284368812,0.0,0.0,1.0,0.0,1.0,0.0,32.218286532255654,715.0,0.0450605406045533,0.0189781562903223,1.8879905506451828,0.0379649478832194,0.9565473323700974,251350.0,209687.0,13395.0,0.8342430873284264,0.0532922220011935,1122.0,88.0,681.0,2011.0,61.0,0.0,25.0,172.0,1061.0,88.0,656.0,1839.0,0.0543672014260249,0.9456327985739752,0.0,1.0,0.0367107195301027,0.9632892804698971,0.0855295872700149,0.9144704127299852,baseline,male_P42,male,P42,1112041,ELA,saline,ELA_saline
2,inactive,5,blue,6,3-6,,,,10623.2,176.79999999999927,11.0,965.7454545454548,,,,,,,,1.0,2.8,2.8,0.0158371040723982,0.005656108597285,6.0,10790.08,1798.3466666666666,61.02986425339392,0.0339366515837105,,,,,,4.0,31.96,7.99,0.1807692307692315,0.0226244343891403,,,,,,1.0,2.08,2.08,0.0117647058823529,0.005656108597285,,,,,,2.0,7.96,3.98,0.0450226244343893,0.0113122171945701,,,,,,,,,,,,,,,,,,,,7.04546023867621,166.0,0.0424425315582904,0.0145608061040276,1.785966304245118,0.0370515352685845,0.9389140271493251,265591.0,253786.3333333333,0.0,0.9555532127720192,0.0,803.0,53.0,71.0,0.0,0.0,0.0,0.0,0.0,803.0,53.0,71.0,0.0,0.0,1.0,0.0,1.0,0.0,1.0,0.0,0.0,baseline,male_P42,male,P42,1112041,ELA,saline,ELA_saline
2,inactive,5,blue,9,6-9,3.0,40.08,13.36,10008.24,791.7600000000002,24.0,417.01,0.050621400424371,0.003789026977872,3.0,18.24,6.079999999999999,0.0230372840254622,0.003789026977872,5.0,15.68,3.136,0.0198039810043447,0.0063150449631201,15.0,10683.32,712.2213333333333,13.493129231080122,0.0189451348893604,,,,,,20.0,85.84,4.292,0.1084166919268465,0.0252601798524805,1.0,18.76,18.76,0.0236940487016267,0.001263008992624,1.0,1.2,1.2,0.0015156107911488,0.001263008992624,1.0,6.24,6.24,0.0078811761139739,0.001263008992624,,,,,,4.0,9.76,2.44,0.0123269677680105,0.0050520359704961,,,,,,,,,,,,,,,16.799266181679172,737.0,0.0227941196494968,0.006006646174861,2.1426523264397512,0.021184976708449,0.930837627563908,250230.0,235872.66666666663,5820.0,0.942623453089824,0.0232586020860808,2636.0,188.0,856.0,1005.0,3.0,0.0,0.0,0.0,2633.0,188.0,856.0,1005.0,0.0011380880121396,0.9988619119878605,0.0,1.0,0.0,1.0,0.0,1.0,baseline,male_P42,male,P42,1112041,ELA,saline,ELA_saline
2,inactive,5,blue,12,9-12,4.0,15.44,3.86,9662.12,1137.8799999999992,19.0,508.5326315789474,0.0135690934017646,0.0035153091714416,3.0,7.24,2.4133333333333336,0.0063627096003093,0.0026364818785812,2.0,8.48,4.24,0.0074524554434562,0.0017576545857208,13.0,10750.8,826.9846153846154,9.44809646008367,0.0114247548071853,,,,,,87.0,520.24,5.979770114942529,0.4572011108376985,0.0764579744788554,2.0,8.84,4.42,0.007768833268886,0.0017576545857208,3.0,25.16,8.386666666666667,0.0221112946883678,0.0026364818785812,1.0,2.84,2.84,0.0024958695117235,0.0008788272928604,16.0,44.52,2.7825,0.0391253910781453,0.0140612366857665,3.0,6.6,2.1999999999999997,0.0058002601328786,0.0026364818785812,,,,,,,,,,,,,,,19.06859551930457,1116.0,0.0170865551248248,0.003417141789814,2.115024819970944,0.015320881913357,0.9807712588322148,241572.0,222702.0,0.0,0.9218866424916796,0.0,13316.0,704.0,398.0,390.0,0.0,0.0,0.0,0.0,13316.0,704.0,398.0,390.0,0.0,1.0,0.0,1.0,0.0,1.0,0.0,1.0,baseline,male_P42,male,P42,1112041,ELA,saline,ELA_saline
2,inactive,5,green,3,0-3,13.0,92.6,7.123076923076923,8934.76,1865.24,82.0,108.96048780487806,0.0496450858870708,0.0069696124895455,6.0,24.28,4.046666666666667,0.0130170916343205,0.0032167442259441,8.0,22.84,2.855,0.0122450730200939,0.0042889923012588,37.0,10552.2,285.1945945945946,5.6572880701679145,0.019836589393322,,,,,,8.0,14.04,1.755,0.0075271814887092,0.0042889923012588,7.0,34.44,4.92,0.0184641118569192,0.0037528682636014,2.0,8.76,4.38,0.0046964465698784,0.0010722480753147,2.0,6.36,3.18,0.0034097488795007,0.0010722480753147,21.0,111.44,5.306666666666667,0.0597456627565353,0.0112586047908044,,,,,,0.0,0.0,0.0,5.4,5.0,1.08,0.0,0.0,0.0028950698033497,0.0026806201882867,0.0,1.0,0.0,1.0,117.33131962362468,1796.0,0.0653292425521295,0.0194248932987715,2.0785099329085464,0.0590542198354493,0.9628787716326048,223451.0,203354.3333333333,1353.0,0.9100623104543426,0.0060550187736908,1227.0,382.0,1192.0,2328.0,47.0,70.0,264.0,405.0,1180.0,312.0,928.0,1923.0,0.0383048084759576,0.9616951915240424,0.1832460732984293,0.8167539267015707,0.2214765100671141,0.7785234899328859,0.1739690721649484,0.8260309278350515,baseline,male_P42,male,P42,1112051,CTRL,saline,CTRL_saline
2,inactive,5,green,6,3-6,4.0,11.64,2.91,9973.92,826.0799999999999,22.0,453.36,0.0140906449738524,0.0048421460391245,1.0,10.92,10.92,0.0132190586868099,0.0012105365097811,2.0,13.44,6.72,0.0162696106914584,0.0024210730195622,23.0,10626.12,462.0052173913044,12.863306217315516,0.0278423397249661,,,,,,21.0,251.6,11.98095238095238,0.3045709858609335,0.0254212667054038,1.0,2.04,2.04,0.0024694944799535,0.0012105365097811,1.0,6.76,6.76,0.0081832268061204,0.0012105365097811,1.0,6.88,6.88,0.0083284911872942,0.0012105365097811,15.0,67.6,4.506666666666666,0.0818322680612047,0.018158047646717,1.0,2.52,2.52,0.0030505520046484,0.0012105365097811,,,,,,,,,,,,,,,24.6226761044668,808.0,0.0304736090401816,0.0053876487588865,1.968708202375282,0.0290494486754294,0.9781134999031572,249370.0,243017.66666666663,0.0,0.9745264733795832,0.0,6363.0,343.0,612.0,295.0,0.0,0.0,0.0,0.0,6363.0,343.0,612.0,295.0,0.0,1.0,0.0,1.0,0.0,1.0,0.0,1.0,baseline,male_P42,male,P42,1112051,CTRL,saline,CTRL_saline
2,inactive,5,green,9,6-9,3.0,12.44,4.1466666666666665,10018.4,781.6000000000004,45.0,222.6311111111111,0.0159160696008188,0.0038382804503582,5.0,9.8,1.96,0.0125383828045035,0.0063971340839303,3.0,11.92,3.973333333333333,0.01525076765609,0.0038382804503582,11.0,10743.48,976.68,13.745496417604906,0.0140736949846468,,,,,,13.0,31.8,2.4461538461538463,0.0406857727737973,0.016632548618219,1.0,1.2,1.2,0.0015353121801432,0.001279426816786,2.0,3.36,1.68,0.0042988741044012,0.0025588536335721,,,,,,2.0,4.92,2.46,0.0062947799385875,0.0025588536335721,1.0,1.96,1.96,0.0025076765609007,0.001279426816786,,,,,,,,,,,,,,,47.70418481760688,711.0,0.0670944934143556,0.0187364195342098,2.190125162958379,0.071767929173502,0.9096724667349024,250505.0,237376.33333333337,2570.0,0.9475911991111288,0.0102592762619508,839.0,86.0,551.0,314.0,56.0,0.0,17.0,160.0,783.0,86.0,534.0,154.0,0.066746126340882,0.933253873659118,0.0,1.0,0.0308529945553539,0.969147005444646,0.5095541401273885,0.4904458598726114,baseline,male_P42,male,P42,1112051,CTRL,saline,CTRL_saline
2,inactive,5,green,12,9-12,1.0,2.68,2.68,9911.52,888.4799999999996,89.0,111.36539325842698,0.0030163875382676,0.0011255177381595,2.0,8.32,4.16,0.0093643075814874,0.0022510354763191,,,,,,6.0,10790.88,1798.4799999999998,12.145326850351166,0.0067531064289573,,,,,,64.0,227.24,3.550625,0.255762650819377,0.0720331352422114,6.0,26.48,4.413333333333333,0.0298037097064649,0.0067531064289573,2.0,21.24,10.62,0.0239059967585089,0.0022510354763191,3.0,6.88,2.2933333333333334,0.0077435620385377,0.0033765532144786,12.0,46.56,3.88,0.0524041058887088,0.0135062128579146,2.0,4.68,2.34,0.0052674230145867,0.0022510354763191,,,,,,,,,,,,,,,24.774052759821455,824.0,0.030065598009492,0.0043647448986664,2.1024988670659357,0.0301040707967971,0.9274266162434724,247877.0,229858.3333333333,0.0,0.9273080331508504,0.0,6413.0,708.0,210.0,68.0,190.0,35.0,0.0,0.0,6223.0,673.0,210.0,68.0,0.0296273195072508,0.970372680492749,0.0494350282485875,0.9505649717514124,0.0,1.0,0.0,1.0,baseline,male_P42,male,P42,1112051,CTRL,saline,CTRL_saline
2,inactive,5,red,3,0-3,23.0,577.52,25.109565217391303,7590.76,3209.24,45.0,168.68355555555556,0.1799553788435891,0.0071668058481135,5.0,22.6,4.5200000000000005,0.0070421657464072,0.001558001271329,8.0,30.12,3.765,0.0093853996584861,0.0024928020341264,81.0,9502.24,117.3116049382716,2.9609004000947268,0.0252396205955304,,,,,,27.0,297.96,11.035555555555554,0.09284441176104,0.0084132068651768,5.0,21.88,4.3759999999999994,0.0068178135633358,0.001558001271329,,,,,,5.0,51.96,10.392,0.0161907492116513,0.001558001271329,42.0,194.76,4.637142857142857,0.0606872655208086,0.0130872106791639,5.0,13.08,2.616,0.0040757313257967,0.001558001271329,6.2,6.0,1.0333333333333334,0.0,0.0,0.0,0.001931921576448,0.0018696015255948,0.0,0.0,1.0,0.0,1.0,0.0,89.64241039913126,3169.0,0.0282872863361095,0.0054337310079006,2.0685792375043404,0.0255343425924475,0.987461205768344,189814.0,178850.0,1188.0,0.9422381910712592,0.0062587585741831,8028.0,1304.0,1331.0,14461.0,27.0,0.0,0.0,958.0,8001.0,1304.0,1331.0,13503.0,0.0033632286995515,0.9966367713004484,0.0,1.0,0.0,1.0,0.0662471475001728,0.9337528524998272,baseline,male_P42,male,P42,1111882,ELA,saline,ELA_saline
2,inactive,5,red,6,3-6,1.0,7.84,7.84,10201.88,598.1200000000008,11.0,927.4436363636364,0.0131077375777435,0.0016719053032836,5.0,17.2,3.44,0.0287567712164782,0.008359526516418,4.0,12.28,3.07,0.0205309971243228,0.0066876212131344,15.0,10661.56,710.7706666666667,17.82511870527651,0.0250785795492542,,,,,,7.0,54.44,7.777142857142857,0.0910185247107602,0.0117033371229853,3.0,6.32,2.106666666666667,0.0105664415167524,0.0050157159098508,1.0,2.28,2.28,0.0038119440914866,0.0016719053032836,1.0,2.04,2.04,0.0034106868186985,0.0016719053032836,3.0,14.64,4.88,0.0244766936400721,0.0050157159098508,3.0,7.64,2.5466666666666664,0.0127733565170868,0.0050157159098508,,,,,,,,,,,,,,,14.429114580426958,587.0,0.0245811151284956,0.0058981534766325,1.9354183694819616,0.0206294325404672,0.9814084130274848,255058.0,246778.66666666663,0.0,0.9675394093369613,0.0,1529.0,110.0,746.0,197.0,0.0,0.0,0.0,0.0,1529.0,110.0,746.0,197.0,0.0,1.0,0.0,1.0,0.0,1.0,0.0,1.0,baseline,male_P42,male,P42,1111882,ELA,saline,ELA_saline
2,inactive,5,red,9,6-9,4.0,40.0,10.0,9395.08,1404.92,20.0,469.754,0.0284713720354183,0.0028471372035418,5.0,27.8,5.5600000000000005,0.0197876035646157,0.0035589215044272,3.0,21.36,7.12,0.0152037126669134,0.0021353529026563,23.0,10549.64,458.6799999999999,7.50906813199328,0.0163710389203655,1.0,4.64,4.64,0.0033026791561085,0.0007117843008854,51.0,514.56,10.08941176470588,0.3662557298636221,0.0363009993451584,1.0,2.68,2.68,0.001907581926373,0.0007117843008854,2.0,54.08,27.04,0.0384932949918856,0.0014235686017709,1.0,9.36,9.36,0.0066623010562879,0.0007117843008854,15.0,62.32,4.1546666666666665,0.0443583976311818,0.0106767645132818,3.0,7.72,2.5733333333333333,0.0054949748028357,0.0021353529026563,,,,,,,,,,,,,,,23.579441815754542,1357.0,0.0173761546173578,0.0049060355462302,2.12154132787278,0.0162249906066094,0.9658912963015688,234897.0,229808.33333333337,69.0,0.9783366042705244,0.0002937457694223,12983.0,1589.0,1237.0,1004.0,79.0,0.0,0.0,0.0,12904.0,1589.0,1237.0,1004.0,0.0060848802279904,0.9939151197720096,0.0,1.0,0.0,1.0,0.0,1.0,baseline,male_P42,male,P42,1111882,ELA,saline,ELA_saline
2,inactive,5,red,12,9-12,1.0,7.76,7.76,10283.16,516.8400000000001,7.0,1469.0228571428572,0.0150143177772618,0.001934834765111,1.0,6.4,6.4,0.0123829424967107,0.001934834765111,,,,,,6.0,10780.28,1796.7133333333334,20.858060521631447,0.0116090085906663,,,,,,38.0,322.64,8.490526315789474,0.624255088615432,0.0735237210742202,,,,,,,,,,,,,,,,9.0,27.28,3.031111111111111,0.0527822923922296,0.0174135128859995,1.0,2.8,2.8,0.0054175373423109,0.001934834765111,,,,,,,,,,,,,,,4.420246299725234,508.0,0.0087012722435536,0.0026994474782138,2.2148847096188455,0.008285590801122,0.982896060676418,257086.0,232165.3333333333,905.0,0.9030648628604176,0.0035202228048201,8104.0,0.0,161.0,195.0,0.0,0.0,0.0,0.0,8104.0,0.0,161.0,195.0,0.0,1.0,0.0,0.0,0.0,1.0,0.0,1.0,baseline,male_P42,male,P42,1111882,ELA,saline,ELA_saline
2,inactive,5,yellow,3,0-3,8.0,60.8,7.6,9035.72,1764.2800000000009,78.0,115.8425641025641,0.0344616500782188,0.0045344276418709,2.0,9.16,4.58,0.0051919196499421,0.0011336069104677,3.0,5.88,1.96,0.0033328043167751,0.0017004103657015,25.0,10650.48,426.0192,6.036728863899151,0.0141700863808465,,,,,,31.0,349.4,11.270967741935484,0.1980411272587116,0.0175709071122497,10.0,25.28,2.528,0.014328791348312,0.0056680345523386,3.0,16.72,5.573333333333333,0.0094769537715101,0.0017004103657015,2.0,25.48,12.74,0.0144421520393588,0.0011336069104677,15.0,43.32,2.888,0.0245539256807309,0.0085020518285079,,,,,,0.0,0.0,0.0,1.8,2.0,0.9,0.0,0.0,0.0010202462194209,0.0011336069104677,0.0,1.0,0.0,1.0,72.55982598506714,1689.0,0.0429602285287549,0.0095683499303369,2.143587874435766,0.0386546634725961,0.9573310358899944,225971.0,203114.0,3946.0,0.8988498524146904,0.0174624177438697,9408.0,1060.0,381.0,1528.0,81.0,70.0,289.0,1040.0,9327.0,990.0,92.0,488.0,0.008609693877551,0.9913903061224488,0.0660377358490566,0.9339622641509434,0.7585301837270341,0.2414698162729658,0.680628272251309,0.3193717277486911,baseline,male_P42,male,P42,1111983,CTRL,saline,CTRL_saline
2,inactive,5,yellow,6,3-6,,,,10770.68,29.31999999999971,20.0,538.534,,,,,,,,,,,,,4.0,10799.96,2699.99,368.34788540245927,0.1364256480218294,,,,,,,,,,,,,,,,,,,,,,,,,,,,,,,,,,,,,,,,,,,,,,,,,,0.5219513235099476,10.0,0.0521951323509947,0.0206623808275641,1.3210316118335963,0.0208263046439174,0.3410641200545736,269287.0,256228.66666666663,62.0,0.951507747001031,0.0002302376275126,,,,,,,,,,,,,,,,,,,,,baseline,male_P42,male,P42,1111983,CTRL,saline,CTRL_saline
2,inactive,5,yellow,9,6-9,2.0,11.72,5.86,9917.72,882.2800000000007,27.0,367.32296296296295,0.0132837647912227,0.0022668540599356,2.0,4.64,2.32,0.0052591014190506,0.0022668540599356,,,,,,10.0,10749.2,1074.92,12.183433830529982,0.011334270299678,,,,,,58.0,293.32,5.057241379310344,0.3324568164301579,0.0657387677381329,1.0,1.8,1.8,0.002040168653942,0.0011334270299678,2.0,11.0,5.5,0.0124676973296459,0.0022668540599356,1.0,10.64,10.64,0.0120596635988574,0.0011334270299678,5.0,20.72,4.144,0.023484608060933,0.005667135149839,,,,,,,,,,,,,,,,,,,,27.95087477804054,824.0,0.0339209645364569,0.0072487352047987,2.171142835290929,0.0386494774283128,0.9339438726934752,247970.0,236296.66666666663,1228.0,0.95292441289941,0.0049522119611243,7437.0,544.0,118.0,295.0,132.0,0.0,17.0,160.0,7305.0,544.0,101.0,135.0,0.017749092375958,0.982250907624042,0.0,1.0,0.1440677966101695,0.8559322033898306,0.5423728813559322,0.4576271186440678,baseline,male_P42,male,P42,1111983,CTRL,saline,CTRL_saline
2,inactive,5,yellow,12,9-12,,,,9775.8,1024.2000000000007,21.0,465.5142857142857,,,,,,,,,,,,,4.0,10799.96,2699.99,10.544776410857246,0.0039054872095293,,,,,,83.0,648.56,7.813975903614457,0.6332356961530946,0.0810388595977347,5.0,8.24,1.648,0.0080453036516305,0.0048818590119117,2.0,34.36,17.18,0.0335481351298574,0.0019527436047646,1.0,6.68,6.68,0.006522163639914,0.0009763718023823,10.0,33.36,3.336,0.032571763327475,0.0097637180238234,,,,,,,,,,,,,,,,,,,,18.04247106811241,1005.0,0.0179527075304601,0.0030485855289326,2.2463048540203303,0.0189102215729016,0.9812536613942584,244416.0,227696.3333333333,0.0,0.9315934035960548,0.0,16508.0,1029.0,0.0,0.0,190.0,35.0,0.0,0.0,16318.0,994.0,0.0,0.0,0.0115095711170341,0.9884904288829658,0.0340136054421768,0.9659863945578232,0.0,0.0,0.0,0.0,baseline,male_P42,male,P42,1111983,CTRL,saline,CTRL_saline
2,inactive,6,blue,3,0-3,10.0,274.08,27.408,9930.68,869.3199999999997,28.0,354.6671428571429,0.3152809092163991,0.0115032439147839,5.0,30.36,6.072,0.0349238485252841,0.0057516219573919,2.0,5.8,2.9,0.0066718814705747,0.0023006487829567,26.0,10383.8,399.37692307692305,11.94473841623338,0.0299084341784383,,,,,,2.0,8.28,4.14,0.0095246859614411,0.0023006487829567,4.0,23.6,5.9,0.0271476556388901,0.0046012975659135,,,,,,1.0,1.28,1.28,0.0014724152210923,0.0011503243914783,11.0,41.56,3.7781818181818183,0.0478074817098421,0.0126535683062623,,,,,,,,,,,,,,,,,,,,24.191289713466425,844.0,0.0286626655372824,0.0071846231749952,1.979046091837936,0.0253885424794668,0.9708737864077672,248295.0,240207.0,350.0,0.9674258442578384,0.0014096135645099,803.0,33.0,911.0,6862.0,0.0,0.0,0.0,134.0,803.0,33.0,911.0,6728.0,0.0,1.0,0.0,1.0,0.0,1.0,0.0195278344505974,0.9804721655494024,baseline,male_P42,male,P42,1111883,ELA,saline,ELA_saline
2,inactive,6,blue,6,3-6,,,,10192.6,607.3999999999996,8.0,1274.075,,,,,,,,1.0,2.84,2.84,0.0046756667764241,0.0016463615409944,5.0,10279.16,2055.832,16.92321369772803,0.008231807704972,,,,,,1.0,13.04,13.04,0.021468554494567,0.0016463615409944,,,,,,,,,,,,,,,,2.0,7.84,3.92,0.0129074744813961,0.0032927230819888,,,,,,,,,,,,,,,,,,,,1.595833381748787,82.0,0.0194613827042535,0.0067076790061844,2.366756456463658,0.0190390013094103,0.135001646361541,254823.0,250280.0,0.0,0.9821719389537052,0.0,327.0,0.0,72.0,0.0,0.0,0.0,0.0,0.0,327.0,0.0,72.0,0.0,0.0,1.0,0.0,0.0,0.0,1.0,0.0,0.0,baseline,male_P42,male,P42,1111883,ELA,saline,ELA_saline
2,inactive,6,blue,9,6-9,1.0,30.96,30.96,10045.04,754.9599999999991,23.0,436.74086956521745,0.0410087951679559,0.001324573487337,2.0,8.6,4.3,0.0113913319910988,0.0026491469746741,1.0,4.4,4.4,0.0058281233442831,0.001324573487337,12.0,10734.68,894.5566666666667,14.218872523047596,0.0158948818480449,,,,,,4.0,24.56,6.14,0.0325315248489986,0.0052982939493483,7.0,261.2,37.31428571428571,0.345978594892445,0.0092720144113595,,,,,,,,,,,5.0,13.96,2.7920000000000003,0.0184910458832256,0.0066228674366853,2.0,5.04,2.52,0.0066758503761788,0.0026491469746741,,,,,,,,,,,,,,,10.033500698420871,733.0,0.0136882683470953,0.0023478837307971,2.1838238395908207,0.0127417841415043,0.9709123662180787,251149.0,245053.66666666663,624.0,0.9757302106186632,0.0024845808663383,7155.0,0.0,328.0,775.0,0.0,0.0,0.0,0.0,7155.0,0.0,328.0,775.0,0.0,1.0,0.0,0.0,0.0,1.0,0.0,1.0,baseline,male_P42,male,P42,1111883,ELA,saline,ELA_saline
2,inactive,6,blue,12,9-12,,,,9778.88,1021.1200000000008,42.0,232.83047619047616,,,1.0,2.64,2.64,0.0025853964274522,0.0009793168285803,,,,,,8.0,10381.2,1297.65,10.16648386085866,0.007834534628643,,,,,,7.0,102.68,14.668571428571427,0.1005562519586335,0.0068552178000626,11.0,291.68,26.516363636363636,0.2856471325603257,0.0107724851143841,1.0,34.6,34.6,0.0338843622688812,0.0009793168285803,1.0,10.16,10.16,0.0099498589783766,0.0009793168285803,4.0,13.6,3.4,0.0133187088686931,0.0039172673143215,2.0,5.56,2.78,0.0054450015669069,0.0019586336571607,,,,,,,,,,,,,,,7.309662391221408,577.0,0.0126683923591358,0.0021358984775708,2.246244920017648,0.0113561715566172,0.5650658100908802,244514.0,215844.3333333333,6589.0,0.8827483634202267,0.0269473322590935,9877.0,1121.0,67.0,0.0,0.0,0.0,0.0,0.0,9877.0,1121.0,67.0,0.0,0.0,1.0,0.0,1.0,0.0,1.0,0.0,0.0,baseline,male_P42,male,P42,1111883,ELA,saline,ELA_saline
2,inactive,6,green,3,0-3,6.0,27.32,4.553333333333334,10105.64,694.3600000000006,58.0,174.2351724137931,0.0393455844230658,0.0086410507517714,7.0,35.2,5.028571428571429,0.0506941644103922,0.0100812258770666,2.0,10.64,5.32,0.0153234633331412,0.0028803502505904,26.0,10651.2,409.6615384615385,15.339593294544605,0.0374445532576761,,,,,,6.0,51.32,8.553333333333333,0.0739097874301514,0.0086410507517714,1.0,5.24,5.24,0.007546517656547,0.0014401751252952,,,,,,,,,,,3.0,10.92,3.64,0.0157267123682239,0.0043205253758857,,,,,,,,,,,,,,,,,,,,39.39849879585799,650.0,0.0606130750705507,0.0165607877327492,2.017512420869716,0.0546533031553159,0.9361138314419024,252699.0,245023.3333333333,14.0,0.9696252590367722,5.5401881289597505e-05,1421.0,0.0,1155.0,689.0,1112.0,0.0,36.0,396.0,309.0,0.0,1119.0,293.0,0.7825475017593244,0.2174524982406755,0.0,0.0,0.0311688311688311,0.9688311688311688,0.5747460087082729,0.4252539912917271,baseline,male_P42,male,P42,1112052,CTRL,saline,CTRL_saline
2,inactive,6,green,6,3-6,3.0,10.08,3.36,9782.92,1017.08,27.0,362.3303703703704,0.0099107248200731,0.0029496204821646,6.0,39.4,6.566666666666666,0.0387383489990954,0.0058992409643292,3.0,12.44,4.1466666666666665,0.0122310929327093,0.0029496204821646,17.0,10182.44,598.9670588235294,10.0114445274708,0.0167145160655995,,,,,,9.0,48.12,5.346666666666667,0.0473119125339206,0.0088488614464938,2.0,10.68,5.34,0.010500648916506,0.0019664136547764,1.0,2.2,2.2,0.002163055020254,0.0009832068273882,,,,,,,,,,,,,,,,,,,,,,,,,,,,,,23.114106202208248,472.0,0.0489705639877293,0.0121424558587198,2.009048852045733,0.0473849688855412,0.4640736225272348,244600.0,243746.3333333333,0.0,0.9965099482147723,0.0,1481.0,56.0,1305.0,255.0,0.0,0.0,0.0,0.0,1481.0,56.0,1305.0,255.0,0.0,1.0,0.0,1.0,0.0,1.0,0.0,1.0,baseline,male_P42,male,P42,1112052,CTRL,saline,CTRL_saline
2,inactive,6,green,9,6-9,1.0,6.56,6.56,10108.8,691.2000000000007,70.0,144.41142857142856,0.0094907407407407,0.0014467592592592,2.0,9.32,4.66,0.0134837962962962,0.0028935185185185,,,,,,48.0,10465.88,218.03916666666663,15.141608796296278,0.0694444444444443,,,,,,10.0,185.0,18.5,0.2676504629629627,0.0144675925925925,2.0,12.08,6.04,0.0174768518518518,0.0028935185185185,,,,,,,,,,,,,,,,7.0,24.76,3.537142857142858,0.0358217592592592,0.0101273148148148,,,,,,,,,,,,,,,19.222286270871333,639.0,0.0300818251500333,0.0033685494899608,2.005692166079024,0.0288990074317958,0.9244791666666656,252790.0,246852.0,185.0,0.9765101467621344,0.0007318327465485,4939.0,0.0,235.0,165.0,870.0,0.0,0.0,0.0,4069.0,0.0,235.0,165.0,0.176149018019842,0.8238509819801579,0.0,0.0,0.0,1.0,0.0,1.0,baseline,male_P42,male,P42,1112052,CTRL,saline,CTRL_saline
2,inactive,6,green,12,9-12,2.0,5.08,2.54,8208.28,2591.7199999999993,61.0,134.56196721311477,0.0019600882811414,0.000771688299662,9.0,65.28,7.253333333333334,0.0251879061009677,0.003472597348479,2.0,8.72,4.36,0.0033645609865263,0.000771688299662,17.0,10294.6,605.564705882353,3.972111184850216,0.006559350547127,,,,,,30.0,268.56,8.952,0.1036223048786134,0.01157532449493,18.0,41.84,2.3244444444444445,0.016143719228929,0.006945194696958,2.0,16.36,8.18,0.0063124102912351,0.000771688299662,1.0,0.96,0.96,0.0003704103838377,0.000385844149831,10.0,42.64,4.264,0.0164523945487938,0.00385844149831,6.0,16.44,2.74,0.0063432778232216,0.002315064898986,1.0,1.0,1.0,1.6,2.0,0.8,0.000385844149831,0.000385844149831,0.0006173506397296,0.000771688299662,0.3846153846153846,0.6153846153846154,0.3333333333333333,0.6666666666666666,44.48818206662656,2132.0,0.0208668771419449,0.000806123455799,2.1584341638244795,0.0215357632728185,0.8226197274396928,205268.0,196247.33333333337,111.0,0.9560541990633384,0.0005407564744626,7808.0,436.0,1861.0,129.0,2701.0,0.0,20.0,0.0,5107.0,436.0,1841.0,129.0,0.3459272540983606,0.6540727459016393,0.0,1.0,0.0107469102632993,0.9892530897367008,0.0,1.0,baseline,male_P42,male,P42,1112052,CTRL,saline,CTRL_saline
2,inactive,6,red,3,0-3,,,,10573.76,226.23999999999975,8.0,1321.72,,,1.0,3.76,3.76,0.0166195190947666,0.0044200848656294,,,,,,5.0,10788.84,2157.768,47.68758840169737,0.0221004243281471,,,,,,2.0,39.36,19.68,0.1739745403111741,0.0088401697312588,3.0,51.6,17.2,0.2280763790664783,0.0132602545968882,,,,,,,,,,,2.0,4.92,2.46,0.0217468175388967,0.0088401697312588,,,,,,,,,,,,,,,,,,,,5.618327472892368,221.0,0.0254222962574315,0.0040762251818977,1.912278343164935,0.0212965303776141,0.9768387553041028,264352.0,248144.0,3725.0,0.9386878101924706,0.0140910604043094,2279.0,0.0,95.0,0.0,0.0,0.0,0.0,0.0,2279.0,0.0,95.0,0.0,0.0,1.0,0.0,0.0,0.0,1.0,0.0,0.0,baseline,male_P42,male,P42,1112042,ELA,saline,ELA_saline
2,inactive,6,red,6,3-6,,,,10273.88,526.1200000000008,4.0,2568.47,,,,,,,,,,,,,4.0,10282.08,2570.52,19.543222078613216,0.0076028282521097,,,,,,,,,,,,,,,,,,,,,,,,,,,,,,,,,,,,,,,,,,,,,,,,,,0.6866206790440456,5.0,0.1373241358088091,0.0760826607987572,3.655669191990556,0.1729731663585205,0.0095035353151372,256851.0,251630.6666666667,0.0,0.9796756355500532,0.0,,,,,,,,,,,,,,,,,,,,,baseline,male_P42,male,P42,1112042,ELA,saline,ELA_saline
2,inactive,6,red,9,6-9,,,,10555.04,244.95999999999913,5.0,2111.0080000000003,,,,,,,,,,,,,5.0,10797.04,2159.4080000000004,44.07674722403674,0.0204114957544089,,,,,,,,,,,18.0,131.16,7.286666666666666,0.5354343566296557,0.0734813847158722,1.0,1.6,1.6,0.0065316786414108,0.0040822991508817,2.0,5.92,2.96,0.0241672109732202,0.0081645983017635,,,,,,2.0,4.92,2.46,0.0200849118223384,0.0081645983017635,,,,,,,,,,,,,,,3.3331857158999716,239.0,0.0139463837485354,0.0034254442757205,2.278953370480037,0.0111268371844752,0.975669497060748,263881.0,253064.0,74.0,0.9590080377139696,0.0002804294359957,3297.0,191.0,0.0,0.0,714.0,0.0,0.0,0.0,2583.0,191.0,0.0,0.0,0.2165605095541401,0.7834394904458599,0.0,1.0,0.0,0.0,0.0,0.0,baseline,male_P42,male,P42,1112042,ELA,saline,ELA_saline
2,inactive,6,red,12,9-12,1.0,1.72,1.72,9556.92,1243.08,23.0,415.5182608695652,0.0013836599414357,0.0008044534543231,2.0,11.76,5.88,0.00946037262284,0.0016089069086462,3.0,5.92,1.9733333333333336,0.0047623644495929,0.0024133603629693,10.0,10361.48,1036.148,8.335328377900055,0.0080445345432313,,,,,,18.0,155.64,8.646666666666667,0.1252051356308524,0.0144801621778163,18.0,71.24,3.9577777777777774,0.0573092640859799,0.0144801621778163,3.0,18.16,6.053333333333334,0.014608874730508,0.0024133603629693,1.0,4.4,4.4,0.0035395951990217,0.0008044534543231,15.0,60.72,4.048,0.0488464137465006,0.0120668018148469,1.0,2.48,2.48,0.0019950445667213,0.0008044534543231,1.6,2.0,0.8,1.0,1.0,1.0,0.001287125526917,0.0016089069086462,0.0008044534543231,0.0008044534543231,0.6153846153846154,0.3846153846153846,0.6666666666666666,0.3333333333333333,22.151381599583193,809.0,0.0273811886274205,0.0032745411795853,2.315203002767501,0.022658107705021,0.6508028445474145,238946.0,216913.3333333333,493.0,0.90779227663712,0.0020632276748721,5708.0,568.0,447.0,44.0,956.0,0.0,74.0,0.0,4752.0,568.0,373.0,44.0,0.1674842326559215,0.8325157673440785,0.0,1.0,0.1655480984340044,0.8344519015659956,0.0,1.0,baseline,male_P42,male,P42,1112042,ELA,saline,ELA_saline
2,inactive,6,yellow,3,0-3,2.0,23.52,11.76,10280.08,519.9200000000001,40.0,257.002,0.0452377288813663,0.0038467456531774,1.0,1.4,1.4,0.0026927219572241,0.0019233728265887,,,,,,11.0,10769.4,979.0363636363636,20.713571318664407,0.0211571010924757,,,,,,,,,,,9.0,108.92,12.102222222222222,0.2094937682720418,0.0173103554392983,,,,,,,,,,,4.0,24.6,6.15,0.0473149715340821,0.0076934913063548,,,,,,,,,,,,,,,,,,,,22.422715591555423,485.0,0.0462324032815575,0.0106861953761547,2.2140964321067105,0.0423101465963,0.9328358208955224,257042.0,247805.0,52.0,0.964064238529112,0.0002023015693933,2732.0,0.0,36.0,590.0,1112.0,0.0,36.0,468.0,1620.0,0.0,0.0,122.0,0.4070278184480234,0.5929721815519766,0.0,0.0,1.0,0.0,0.7932203389830509,0.2067796610169491,baseline,male_P42,male,P42,1111984,CTRL,saline,CTRL_saline
2,inactive,6,yellow,6,3-6,,,,10233.48,566.5200000000004,22.0,465.1581818181818,,,,,,,,,,,,,4.0,10282.08,2570.52,18.149544588011,0.0070606509920214,,,,,,,,,,,1.0,1.6,1.6,0.0028242603968085,0.0017651627480053,,,,,,,,,,,,,,,,,,,,,,,,,,,,,,,,,,,2.0296030408023564,32.0,0.0634250950250736,0.0226438893663871,1.533682618768621,0.0801835951739779,0.0564852079361716,255859.0,251253.66666666663,0.0,0.9820005028811442,0.0,41.0,0.0,0.0,0.0,0.0,0.0,0.0,0.0,41.0,0.0,0.0,0.0,0.0,1.0,0.0,0.0,0.0,0.0,0.0,0.0,baseline,male_P42,male,P42,1111984,CTRL,saline,CTRL_saline
2,inactive,6,yellow,9,6-9,,,,10661.56,138.4400000000005,25.0,426.4624,,,,,,,,,,,,,4.0,10799.96,2699.99,78.01184628719994,0.0288933834151978,,,,,,2.0,3.48,1.74,0.025137243571222,0.0144466917075989,3.0,8.0,2.6666666666666665,0.0577867668303956,0.0216700375613983,1.0,1.16,1.16,0.0083790811904073,0.0072233458537994,,,,,,,,,,,,,,,,,,,,,,,,,,,,,,13.169281482800594,118.0,0.1116040803627168,0.0290227714414498,1.6152310808012962,0.1282033798876937,0.8523548107483355,266564.0,254557.66666666663,916.0,0.9549589091800342,0.0034363229843489,292.0,30.0,0.0,0.0,156.0,0.0,0.0,0.0,136.0,30.0,0.0,0.0,0.5342465753424658,0.4657534246575342,0.0,1.0,0.0,0.0,0.0,0.0,baseline,male_P42,male,P42,1111984,CTRL,saline,CTRL_saline
2,inactive,6,yellow,12,9-12,1.0,9.48,9.48,9743.84,1056.16,56.0,173.99714285714285,0.0089759127404938,0.0009468262384487,,,,,,2.0,7.0,3.5,0.006627783669141,0.0018936524768974,5.0,10387.68,2077.536,9.835327980608998,0.0047341311922435,,,,,,7.0,35.24,5.034285714285715,0.0333661566429328,0.006627783669141,49.0,184.88,3.773061224489796,0.1750492349643993,0.0463944856839872,2.0,29.72,14.86,0.0281396758066959,0.0018936524768974,,,,,,6.0,26.56,4.426666666666667,0.0251477048931979,0.0056809574306923,,,,,,,,,,,,,,,,,,,,25.85640942580647,598.0,0.0432381428525191,0.0062202870484544,2.151148736437338,0.0410881191562108,0.5662020905923345,243652.0,221246.3333333333,388.0,0.9080423445460464,0.0015924351123733,5559.0,745.0,177.0,238.0,2216.0,0.0,94.0,0.0,3343.0,745.0,83.0,238.0,0.3986328476344666,0.6013671523655334,0.0,1.0,0.5310734463276836,0.4689265536723164,0.0,1.0,baseline,male_P42,male,P42,1111984,CTRL,saline,CTRL_saline
2,inactive,7,blue,3,0-3,,,,10677.96,122.04000000000087,19.0,561.9978947368421,,,,,,,,,,,,,3.0,10800.0,3600.0,88.49557522123831,0.0245821042281217,,,,,,,,,,,,,,,,1.0,1.24,1.24,0.0101606030809569,0.0081940347427072,,,,,,2.0,4.2,2.1,0.0344149459193704,0.0163880694854145,,,,,,,,,,,,,,,,,,,,2.853275619661383,104.0,0.027435342496744,0.0052338630354895,2.082019598830673,0.0221826279448628,0.852179613241554,266968.0,240847.3333333333,1337.0,0.9021580613906284,0.0050080908573312,0.0,32.0,0.0,0.0,0.0,0.0,0.0,0.0,0.0,32.0,0.0,0.0,0.0,0.0,0.0,1.0,0.0,0.0,0.0,0.0,baseline,male_P42,male,P42,1112053,CTRL,MDMA,CTRL_MDMA
2,inactive,7,blue,6,3-6,,,,8384.84,2415.16,7.0,1197.8342857142857,,,,,,,,,,,,,4.0,8426.44,2106.61,3.488977955911824,0.0016562049719273,,,,,,1.0,16.8,16.8,0.0069560608820947,0.0004140512429818,,,,,,1.0,8.84,8.84,0.0036602129879593,0.0004140512429818,,,,,,,,,,,,,,,,,,,,,,,,,,,,,,0.7126589594080979,35.0,0.020361684554517,0.0026442238232007,1.802936655276622,0.0168999902450915,0.0144917935043641,209628.0,200813.0,0.0,0.957949319747362,0.0,421.0,222.0,0.0,0.0,0.0,0.0,0.0,0.0,421.0,222.0,0.0,0.0,0.0,1.0,0.0,1.0,0.0,0.0,0.0,0.0,baseline,male_P42,male,P42,1112053,CTRL,MDMA,CTRL_MDMA
2,inactive,7,blue,9,6-9,,,,9805.6,994.3999999999996,9.0,1089.5111111111112,,,,,,,,,,,,,5.0,9825.2,1965.04,9.880530973451332,0.0050281576830249,,,,,,2.0,7.28,3.64,0.0073209975864843,0.0020112630732099,,,,,,,,,,,,,,,,1.0,4.24,4.24,0.0042638777152051,0.0010056315366049,,,,,,,,,,,,,,,,,,,,0.5460898691970116,19.0,0.0287415720630006,0.0042934764236204,1.7296819700377544,0.0395360958795466,0.0191069991954947,245149.0,242506.66666666663,0.0,0.9892215210613408,0.0,184.0,0.0,0.0,0.0,0.0,0.0,0.0,0.0,184.0,0.0,0.0,0.0,0.0,1.0,0.0,0.0,0.0,0.0,0.0,0.0,baseline,male_P42,male,P42,1112053,CTRL,MDMA,CTRL_MDMA
2,inactive,7,blue,12,9-12,,,,10541.88,258.1200000000008,7.0,1505.982857142857,,,,,,,,,,,,,4.0,10590.96,2647.74,41.0311483031147,0.0154966682163334,,,,,,3.0,32.4,10.8,0.1255230125523008,0.01162250116225,,,,,,1.0,2.04,2.04,0.00790330079033,0.0038741670540833,,,,,,1.0,2.6,2.6,0.0100728343406167,0.0038741670540833,,,,,,,,,,,,,,,,,,,,0.710789432804102,42.0,0.0169235579239071,0.0052068313596726,2.0282383866754152,0.0133322573200775,0.1627150162715011,263554.0,243659.3333333333,0.0,0.9245138883619044,0.0,813.0,52.0,0.0,0.0,0.0,0.0,0.0,0.0,813.0,52.0,0.0,0.0,0.0,1.0,0.0,1.0,0.0,0.0,0.0,0.0,baseline,male_P42,male,P42,1112053,CTRL,MDMA,CTRL_MDMA
2,inactive,7,green,3,0-3,16.0,138.4,8.65,8209.16,2590.84,46.0,178.46,0.0534189683654722,0.0061756032792453,4.0,14.64,3.66,0.0056506770005094,0.0015439008198113,10.0,58.64,5.864,0.0226335860184341,0.0038597520495283,59.0,9441.56,160.0264406779661,3.6442080560744774,0.0227725370922171,1.0,1.88,1.88,0.0007256333853113,0.0003859752049528,27.0,205.0,7.592592592592593,0.0791249170153309,0.0104213305337265,2.0,21.76,10.88,0.0083988204597736,0.0007719504099056,3.0,26.68,8.893333333333333,0.0102978184681416,0.0011579256148585,2.0,13.4,6.7,0.0051720677463679,0.0007719504099056,44.0,169.64,3.855454545454545,0.0654768337681987,0.0169829090179246,1.0,2.0,2.0,0.0007719504099056,0.0003859752049528,,,,,,,,,,,,,,,83.32927484615122,2551.0,0.0326653370623877,0.0073541838159278,2.0245037817069567,0.0323399962683828,0.9846227478346792,205275.0,203999.0,58.0,0.9937839483619536,0.0002825478017293,5698.0,1007.0,1846.0,3476.0,6.0,36.0,0.0,0.0,5692.0,971.0,1846.0,3476.0,0.001053001053001,0.9989469989469988,0.0357497517378351,0.9642502482621648,0.0,1.0,0.0,1.0,baseline,male_P42,male,P42,1111884,ELA,MDMA,ELA_MDMA
2,inactive,7,green,6,3-6,4.0,26.64,6.66,7736.72,3063.2799999999997,42.0,184.20761904761903,0.0086965605494763,0.0013057898722937,1.0,17.72,17.72,0.0057846491342613,0.0003264474680734,2.0,16.08,8.04,0.0052492752866208,0.0006528949361468,19.0,8282.16,435.9031578947368,2.7036901621791025,0.0062025018933953,,,,,,7.0,134.16,19.165714285714284,0.0437961923167323,0.002285132276514,1.0,5.8,5.8,0.0018933953148259,0.0003264474680734,1.0,1.76,1.76,0.0005745475438092,0.0003264474680734,1.0,4.0,4.0,0.0013057898722937,0.0003264474680734,12.0,57.6,4.8,0.01880337416103,0.0039173696168812,2.0,4.52,2.26,0.0014755425556919,0.0006528949361468,,,,,,,,,,,,,,,23.405595868935254,654.0,0.0357883728882802,0.0097391090023696,1.916548811776452,0.0344909756183797,0.2134966441200282,193460.0,190908.66666666663,0.0,0.9868120886315862,0.0,3507.0,146.0,848.0,670.0,0.0,0.0,0.0,78.0,3507.0,146.0,848.0,592.0,0.0,1.0,0.0,1.0,0.0,1.0,0.1164179104477611,0.8835820895522388,baseline,male_P42,male,P42,1111884,ELA,MDMA,ELA_MDMA
2,inactive,7,green,9,6-9,,,,9628.24,1171.7600000000002,20.0,481.412,,,1.0,4.08,4.08,0.0034819416945449,0.0008534170819963,1.0,4.56,4.56,0.0038915818939031,0.0008534170819963,7.0,9820.92,1402.9885714285715,8.381340888919231,0.0059739195739741,,,,,,5.0,23.8,4.76,0.0203113265515122,0.0042670854099815,3.0,6.2,2.066666666666667,0.0052911859083771,0.0025602512459889,,,,,,,,,,,1.0,3.2,3.2,0.0027309346623882,0.0008534170819963,,,,,,,,,,,,,,,,,,,,9.780193135027565,183.0,0.0534436783334839,0.016610896300252,1.8903157173201264,0.0570531410317915,0.1561753260053253,240726.0,239952.6666666667,0.0,0.996787495603577,0.0,758.0,0.0,218.0,0.0,0.0,0.0,102.0,0.0,758.0,0.0,116.0,0.0,0.0,1.0,0.0,0.0,0.4678899082568807,0.5321100917431193,0.0,0.0,baseline,male_P42,male,P42,1111884,ELA,MDMA,ELA_MDMA
2,inactive,7,green,12,9-12,4.0,65.36,16.34,9542.16,1257.84,69.0,138.29217391304348,0.0519620937480124,0.0031800546969407,4.0,35.96,8.99,0.0285886917254976,0.0031800546969407,5.0,36.04,7.208,0.0286522928194364,0.0039750683711759,20.0,10403.84,520.192,8.27119506455511,0.0159002734847039,2.0,2.84,1.42,0.0022578388348279,0.0015900273484703,24.0,273.92,11.413333333333334,0.2177701456465051,0.0190803281816447,3.0,16.96,5.653333333333333,0.0134834319150289,0.0023850410227055,5.0,23.88,4.776,0.0189849265407365,0.0039750683711759,1.0,6.4,6.4,0.0050880875151052,0.0007950136742351,13.0,44.84,3.4492307692307693,0.0356484131527062,0.0103351777650575,3.0,7.08,2.36,0.0056286968135851,0.0023850410227055,,,,,,,,,,,,,,,21.53055576475201,994.0,0.0216605188780201,0.0045877969692177,2.081842143091875,0.0216344171851297,0.7902435921897857,238623.0,228862.3333333333,0.0,0.9590958680987722,0.0,7299.0,763.0,1809.0,1638.0,24.0,0.0,0.0,62.0,7275.0,763.0,1809.0,1576.0,0.0032881216605014,0.9967118783394986,0.0,1.0,0.0,1.0,0.0378510378510378,0.9621489621489622,baseline,male_P42,male,P42,1111884,ELA,MDMA,ELA_MDMA
2,inactive,7,red,3,0-3,3.0,11.92,3.973333333333333,10663.4,136.60000000000036,11.0,969.4,0.0872620790629573,0.0219619326500731,,,,,,3.0,23.76,7.920000000000001,0.1739385065885793,0.0219619326500731,12.0,10732.8,894.4,78.57101024890169,0.0878477306002925,,,,,,,,,,,,,,,,,,,,,,,,,,,,,,,1.0,2.36,2.36,0.0172767203513908,0.007320644216691,,,,,,,,,,,,,,,7.112256404968631,130.0,0.0547096646536048,0.029018733911846,1.7428440190081698,0.0599468376479039,0.9516837481698364,266596.0,240540.3333333333,768.0,0.9022653503178342,0.0028807634023016,0.0,0.0,597.0,301.0,0.0,0.0,0.0,0.0,0.0,0.0,597.0,301.0,0.0,0.0,0.0,0.0,0.0,1.0,0.0,1.0,baseline,male_P42,male,P42,1111985,CTRL,MDMA,CTRL_MDMA
2,inactive,7,red,6,3-6,,,,8143.04,2656.96,9.0,904.7822222222222,,,,,,,,,,,,,13.0,8387.76,645.2123076923077,3.1569011200770807,0.004892809827773,,,,,,2.0,12.68,6.34,0.0047723714320125,0.0007527399735035,2.0,13.28,6.64,0.0049981934240635,0.0007527399735035,1.0,2.56,2.56,0.0009635071660845,0.0003763699867517,,,,,,2.0,7.76,3.88,0.0029206310971937,0.0007527399735035,,,,,,,,,,,,,,,,,,,,7.596184631698564,273.0,0.0278248521307639,0.0056866625927436,1.8591834111436625,0.0238343621384475,0.1027490063832349,203585.0,196918.3333333333,6.0,0.967253645078632,2.9471719429231035e-05,653.0,65.0,0.0,0.0,0.0,0.0,0.0,0.0,653.0,65.0,0.0,0.0,0.0,1.0,0.0,1.0,0.0,0.0,0.0,0.0,baseline,male_P42,male,P42,1111985,CTRL,MDMA,CTRL_MDMA
2,inactive,7,red,9,6-9,,,,9786.52,1013.4799999999996,5.0,1957.304,,,,,,,,1.0,12.2,12.2,0.0120377313809843,0.0009866992935233,7.0,9806.92,1400.9885714285715,9.676481035639585,0.0069068950546631,,,,,,,,,,,1.0,7.8,7.8,0.0076962544894817,0.0009866992935233,,,,,,,,,,,,,,,,,,,,,,,,,,,,,,,,,,,2.148087055055413,42.0,0.0511449298822717,0.0171995222112998,1.7981758895287858,0.0506433660733734,0.0414413703279788,244668.0,242182.0,0.0,0.989839292428924,0.0,196.0,0.0,306.0,0.0,0.0,0.0,0.0,0.0,196.0,0.0,306.0,0.0,0.0,1.0,0.0,0.0,0.0,1.0,0.0,0.0,baseline,male_P42,male,P42,1111985,CTRL,MDMA,CTRL_MDMA
2,inactive,7,red,12,9-12,2.0,20.72,10.36,9800.12,999.8799999999992,13.0,753.8553846153847,0.0207224866984038,0.0020002400288034,3.0,17.16,5.72,0.0171620594471336,0.0030003600432051,2.0,17.32,8.66,0.0173220786494379,0.0020002400288034,22.0,10487.2,476.69090909090914,10.488458615033814,0.022002640316838,,,,,,9.0,240.04,26.67111111111111,0.240068808256991,0.0090010801296155,1.0,7.12,7.12,0.0071208545025403,0.0010001200144017,6.0,16.16,2.693333333333334,0.0161619394327319,0.0060007200864103,,,,,,7.0,18.2,2.6,0.0182021842621114,0.0070008401008121,3.0,7.36,2.4533333333333336,0.0073608833059967,0.0030003600432051,,,,,,,,,,,,,,,17.024047554945867,778.0,0.0218818091965885,0.0036757836648965,2.233062886696738,0.0201185582768643,0.7780933712045451,245016.0,231247.3333333333,0.0,0.943805030419782,0.0,6189.0,410.0,867.0,520.0,0.0,0.0,0.0,0.0,6189.0,410.0,867.0,520.0,0.0,1.0,0.0,1.0,0.0,1.0,0.0,1.0,baseline,male_P42,male,P42,1111985,CTRL,MDMA,CTRL_MDMA
2,inactive,7,yellow,3,0-3,2.0,3.8,1.9,10226.12,573.8799999999992,38.0,269.1084210526316,0.0066215933644664,0.0034850491391928,,,,,,,,,,,12.0,10732.16,894.3466666666667,18.701052484840066,0.0209102948351572,,,,,,5.0,5.84,1.168,0.0101763434864431,0.0087126228479821,,,,,,1.0,19.24,19.24,0.0335261727190353,0.0017425245695964,,,,,,7.0,23.4,3.3428571428571425,0.0407750749285565,0.012197671987175,,,,,,,,,,,,,,,,,,,,21.003477334574654,541.0,0.0388234331507849,0.0094988096376284,2.0694759918549317,0.0315262978765589,0.9427057921516706,255691.0,236836.66666666663,12.0,0.926261255447656,4.693164796570861e-05,151.0,482.0,0.0,97.0,6.0,36.0,0.0,0.0,145.0,446.0,0.0,97.0,0.0397350993377483,0.9602649006622516,0.0746887966804979,0.925311203319502,0.0,0.0,0.0,1.0,baseline,male_P42,male,P42,1112043,ELA,MDMA,ELA_MDMA
2,inactive,7,yellow,6,3-6,1.0,3.48,3.48,8310.56,2489.4400000000005,18.0,461.6977777777778,0.0013979047496625,0.0004016967671444,,,,,,,,,,,5.0,8420.76,1684.152,3.382592068899029,0.002008483835722,,,,,,,,,,,,,,,,,,,,,,,,,,2.0,5.48,2.74,0.0022012982839514,0.0008033935342888,,,,,,,,,,,,,,,,,,,,2.9655427554204885,99.0,0.0299549773274796,0.0103873652924927,1.8590362731882184,0.0306859379758032,0.0397679799472973,207782.0,199994.66666666663,0.0,0.9625216172077786,0.0,0.0,0.0,0.0,88.0,0.0,0.0,0.0,78.0,0.0,0.0,0.0,10.0,0.0,0.0,0.0,0.0,0.0,0.0,0.8863636363636364,0.1136363636363636,baseline,male_P42,male,P42,1112043,ELA,MDMA,ELA_MDMA
2,inactive,7,yellow,9,6-9,,,,9756.44,1043.5599999999995,9.0,1084.048888888889,,,1.0,5.16,5.16,0.0049446126720073,0.0009582582697688,,,,,,4.0,9832.88,2458.22,9.422438575644913,0.0038330330790754,,,,,,2.0,12.96,6.48,0.0124190271762045,0.0019165165395377,,,,,,,,,,,,,,,,,,,,,,,,,,,,,,,,,,,,,,,,3.89482153262578,69.0,0.0564466888786344,0.0126862785611346,1.9980355780711792,0.0535181330300178,0.0661198206140519,243920.0,242078.0,0.0,0.9924483437192522,0.0,326.0,0.0,130.0,0.0,0.0,0.0,102.0,0.0,326.0,0.0,28.0,0.0,0.0,1.0,0.0,0.0,0.7846153846153846,0.2153846153846154,0.0,0.0,baseline,male_P42,male,P42,1112043,ELA,MDMA,ELA_MDMA
2,inactive,7,yellow,12,9-12,1.0,2.52,2.52,10023.96,776.0400000000009,23.0,435.8243478260869,0.0032472552961187,0.0012885933714756,1.0,4.76,4.76,0.0061337044482243,0.0012885933714756,,,,,,6.0,10576.92,1762.82,13.629349002628716,0.0077315602288541,,,,,,42.0,395.92,9.426666666666668,0.5101798876346575,0.0541209216019792,,,,,,3.0,14.56,4.8533333333333335,0.0187619194886861,0.003865780114427,,,,,,4.0,10.88,2.72,0.0140198958816555,0.0051543734859027,,,,,,,,,,,,,,,,,,,,6.468216223985213,544.0,0.0118901033529139,0.0030741950823749,2.261271583056325,0.0113680715072229,0.7009947940827784,250622.0,236807.0,0.0,0.944877145661594,0.0,9940.0,367.0,120.0,64.0,24.0,0.0,0.0,62.0,9916.0,367.0,120.0,2.0,0.0024144869215291,0.9975855130784708,0.0,1.0,0.0,1.0,0.96875,0.03125,baseline,male_P42,male,P42,1112043,ELA,MDMA,ELA_MDMA
2,inactive,8,blue,3,0-3,12.0,390.88,32.57333333333333,8787.2,2012.7999999999993,57.0,154.16140350877194,0.1941971383147854,0.0059618441971383,5.0,19.72,3.944,0.0097972972972973,0.0024841017488076,2.0,8.76,4.38,0.0043521462639109,0.000993640699523,38.0,10142.08,266.89684210526315,5.038791732909382,0.018879173290938,,,,,,2.0,8.72,4.36,0.0043322734499205,0.000993640699523,46.0,162.0,3.5217391304347827,0.0804848966613672,0.0228537360890302,,,,,,5.0,46.36,9.272,0.0230325914149443,0.0024841017488076,3.0,8.16,2.72,0.004054054054054,0.0014904610492845,7.0,17.92,2.56,0.0089030206677265,0.0034777424483306,1.0,1.0,1.0,0.8,1.0,0.8,0.0004968203497615,0.0004968203497615,0.0003974562798092,0.0004968203497615,0.5555555555555556,0.4444444444444445,0.5,0.5,48.75542480348709,1967.0,0.0247866928334962,0.0041067538178888,2.096575407781901,0.024049043512957,0.9772456279809224,219737.0,196735.66666666663,692.0,0.8953233486698492,0.0031492192939741,4316.0,1164.0,719.0,9784.0,0.0,154.0,19.0,257.0,4316.0,1010.0,700.0,9527.0,0.0,1.0,0.1323024054982818,0.8676975945017182,0.0264255910987482,0.9735744089012516,0.026267375306623,0.973732624693377,baseline,male_P42,male,P42,1112054,CTRL,MDMA,CTRL_MDMA
2,inactive,8,blue,6,3-6,,,,8482.36,2317.6399999999994,512.0,16.567109375,,,,,,,,,,,,,6.0,10795.44,1799.24,4.657945151101984,0.0025888403721026,,,,,,,,,,,,,,,,,,,,,,,,,,,,,,,2.0,33.48,16.74,0.0144457292763328,0.0008629467907008,,,,,,,,,,,,,,,106.5652700239502,1960.0,0.0543700357265052,0.0003098915031266,1.8481991537099731,0.0591358423118892,0.8456878548868679,212571.0,207725.0,0.0,0.9772029110273744,0.0,,,,,,,,,,,,,,,,,,,,,baseline,male_P42,male,P42,1112054,CTRL,MDMA,CTRL_MDMA
2,inactive,8,blue,9,6-9,,,,8366.84,2433.16,465.0,17.99320430107527,,,,,,,,,,,,,7.0,10787.8,1541.1142857142856,4.433658287987638,0.0028769172598596,,,,,,,,,,,,,,,,,,,,,,,,,,,,,,,1.0,3.56,3.56,0.0014631179207286,0.0004109881799799,,,,,,,,,,,,,,,95.4876501082832,2108.0,0.0452977467306846,0.0001569553739014,1.7966351532512497,0.0526077428229614,0.8663630833977215,209636.0,202672.6666666667,0.0,0.9667836949124516,0.0,,,,,,,,,,,,,,,,,,,,,baseline,male_P42,male,P42,1112054,CTRL,MDMA,CTRL_MDMA
2,inactive,8,blue,12,9-12,,,,8933.2,1866.7999999999993,215.0,41.54976744186047,,,,,,,,,,,,,6.0,10793.76,1798.96,5.781958431540606,0.0032140561388472,,,,,,38.0,531.88,13.996842105263156,0.2849153631883438,0.0203556888793657,,,,,,2.0,37.4,18.7,0.020034283265481,0.0010713520462824,,,,,,,,,,,75.0,426.24,5.6832,0.2283265481037069,0.0401757017355903,,,,,,,,,,,,,,,13.597272725510472,1696.0,0.0080172598617396,0.000595778066997,1.9412533038745048,0.0061832011328557,0.9085065352474828,223545.0,209991.6666666667,2.0,0.9393708947490066,8.946744503343846e-06,13335.0,937.0,0.0,0.0,0.0,0.0,0.0,0.0,13335.0,937.0,0.0,0.0,0.0,1.0,0.0,1.0,0.0,0.0,0.0,0.0,baseline,male_P42,male,P42,1112054,CTRL,MDMA,CTRL_MDMA
2,inactive,8,green,3,0-3,20.0,341.88,17.094,8053.28,2746.7200000000003,106.0,75.97433962264151,0.1244684569231665,0.0072814120114172,24.0,121.44,5.06,0.0442127337333255,0.0087376944137007,12.0,48.96,4.08,0.0178248966039494,0.0043688472068503,79.0,9867.6,124.90632911392406,3.5925030581930444,0.0287615774450981,2.0,3.04,1.52,0.0011067746257354,0.0007281412011417,7.0,15.36,2.1942857142857144,0.0055921244247684,0.002548494203996,37.0,292.0,7.891891891891892,0.1063086153666919,0.0134706122211219,4.0,44.68,11.17,0.0162666744335061,0.0014562824022834,3.0,9.4,3.1333333333333333,0.0034222636453661,0.0010922118017125,42.0,179.68,4.278095238095238,0.0654162055105726,0.0152909652239762,6.0,13.84,2.306666666666666,0.0050387371119007,0.0021844236034251,0.8,1.0,0.8,1.0,1.0,1.0,0.0002912564804566,0.0003640706005708,0.0003640706005708,0.0003640706005708,0.4444444444444445,0.5555555555555556,0.5,0.5,116.02030975033789,2653.0,0.0437317413306965,0.0068301246253008,2.0753891839818635,0.0394647843325909,0.9658793033144988,201438.0,188708.3333333333,198.0,0.936806031301608,0.0009829327137878,7728.0,1359.0,4257.0,8567.0,508.0,67.0,236.0,143.0,7220.0,1292.0,4021.0,8424.0,0.0657349896480331,0.9342650103519669,0.0493009565857247,0.9506990434142752,0.0554381019497298,0.94456189805027,0.0166919575113808,0.9833080424886192,baseline,male_P42,male,P42,1112044,ELA,MDMA,ELA_MDMA
2,inactive,8,green,6,3-6,2.0,3.84,1.92,10443.84,356.15999999999985,33.0,316.48,0.0107816711590296,0.0056154537286612,1.0,8.64,8.64,0.0242587601078167,0.0028077268643306,2.0,23.4,11.7,0.0657008086253369,0.0056154537286612,9.0,10769.84,1196.648888888889,30.23876909254269,0.0252695417789757,,,,,,8.0,37.68,4.71,0.1057951482479784,0.0224618149146451,9.0,52.16,5.795555555555556,0.1464510332434861,0.0252695417789757,,,,,,2.0,6.52,3.26,0.0183063791554357,0.0056154537286612,2.0,6.04,3.02,0.016958670260557,0.0056154537286612,,,,,,,,,,,,,,,,,,,,15.849231417577014,329.0,0.0481739556765258,0.0101240545680222,1.9515765286337048,0.0489746849497592,0.9237421383647804,261129.0,240965.3333333333,0.0,0.9227827370124856,0.0,2263.0,165.0,804.0,98.0,26.0,0.0,164.0,29.0,2237.0,165.0,640.0,69.0,0.0114891736632788,0.9885108263367212,0.0,1.0,0.2039800995024875,0.7960199004975125,0.2959183673469387,0.7040816326530612,baseline,male_P42,male,P42,1112044,ELA,MDMA,ELA_MDMA
2,inactive,8,green,9,6-9,7.0,63.56,9.08,9825.28,974.7199999999992,25.0,393.0112,0.0652084701247538,0.0071815495732107,7.0,29.88,4.268571428571429,0.0306549573210768,0.0071815495732107,5.0,15.56,3.112,0.0159635587655942,0.0051296782665791,29.0,10600.68,365.5406896551724,10.875615561391998,0.0297521339461589,1.0,2.92,2.92,0.0029957321076822,0.0010259356533158,1.0,7.84,7.84,0.008043335521996,0.0010259356533158,16.0,164.52,10.2825,0.1687869336835195,0.0164149704530531,5.0,22.64,4.5280000000000005,0.0232271831910702,0.0051296782665791,,,,,,13.0,37.84,2.910769230769231,0.0388214051214708,0.0133371634931057,3.0,7.88,2.6266666666666665,0.0080843729481287,0.0030778069599474,,,,,,,,,,,,,,,37.7840159651289,954.0,0.0396058867559003,0.0082939374334014,1.9530230540305116,0.0343770084405289,0.9787426132632968,245657.0,226845.66666666663,0.0,0.9234243952611432,0.0,4326.0,571.0,1148.0,1596.0,0.0,0.0,73.0,0.0,4326.0,571.0,1075.0,1596.0,0.0,1.0,0.0,1.0,0.063588850174216,0.936411149825784,0.0,1.0,baseline,male_P42,male,P42,1112044,ELA,MDMA,ELA_MDMA
2,inactive,8,green,12,9-12,5.0,17.6,3.5200000000000005,9560.08,1239.92,63.0,151.7473015873016,0.014194464158978,0.0040325182269823,4.0,18.52,4.63,0.0149364475127427,0.0032260145815859,4.0,24.84,6.21,0.0200335505516484,0.0032260145815859,19.0,10716.4,564.021052631579,8.642815665526808,0.015323569262533,,,,,,66.0,240.76,3.647878787878788,0.1941738176656558,0.0532292405961674,25.0,317.96,12.7184,0.2564358990902639,0.0201625911349119,7.0,55.2,7.885714285714286,0.0445190012258855,0.0056455255177753,,,,,,8.0,38.8,4.85,0.0312923414413833,0.0064520291631718,4.0,9.08,2.27,0.0073230531002,0.0032260145815859,,,,,,,,,,,,,,,26.13282744208631,1178.0,0.022184064042518,0.0031805987829915,2.0998196197318206,0.0200632380514586,0.95006129427705,239065.0,222360.66666666663,0.0,0.9301263951923814,0.0,14059.0,1387.0,1092.0,445.0,143.0,251.0,0.0,44.0,13916.0,1136.0,1092.0,401.0,0.0101714204424212,0.9898285795575787,0.1809661139149243,0.8190338860850757,0.0,1.0,0.098876404494382,0.901123595505618,baseline,male_P42,male,P42,1112044,ELA,MDMA,ELA_MDMA
2,inactive,8,red,3,0-3,,,,10635.96,164.04000000000087,30.0,354.532,,,,,,,,,,,,,7.0,10784.88,1540.6971428571428,65.74542794440345,0.0426725188978295,,,,,,,,,,,,,,,,1.0,17.8,17.8,0.1085101194830523,0.0060960741282613,,,,,,4.0,23.76,5.94,0.1448427212874901,0.0243842965130454,,,,,,,,,,,,,,,,,,,,3.162578548858991,140.0,0.0225898467775642,0.0054763527802516,2.006447034301288,0.0240260597343528,0.8534503779565914,265929.0,222383.6666666667,1184.0,0.8362520321840291,0.0044523162197428,0.0,446.0,0.0,0.0,0.0,0.0,0.0,0.0,0.0,446.0,0.0,0.0,0.0,0.0,0.0,1.0,0.0,0.0,0.0,0.0,baseline,male_P42,male,P42,1111885,ELA,MDMA,ELA_MDMA
2,inactive,8,red,6,3-6,,,,10776.92,23.079999999999927,8.0,1347.115,,,,,,,,,,,,,4.0,10799.96,2699.99,467.9358752166392,0.1733102253032934,,,,,,,,,,,,,,,,,,,,,,,,,,1.0,5.44,5.44,0.2357019064124791,0.0433275563258233,,,,,,,,,,,,,,,,,,,,0.7227016914285221,16.0,0.0451688557142826,0.0042166243676531,1.487794773596923,0.0427317796509515,0.6932409012131737,269431.0,244588.66666666663,873.0,0.907797048842437,0.0032401616740464,,,,,,,,,,,,,,,,,,,,,baseline,male_P42,male,P42,1111885,ELA,MDMA,ELA_MDMA
2,inactive,8,red,9,6-9,,,,10796.96,3.040000000000873,4.0,2699.24,,,,,,,,,,,,,4.0,10799.96,2699.99,3552.6184210516108,1.3157894736838327,,,,,,,,,,,,,,,,,,,,,,,,,,,,,,,,,,,,,,,,,,,,,,,,,,0.0,0.0,,,,,0.0,269928.0,241437.0,196.0,0.8944496310127145,0.000726119557808,,,,,,,,,,,,,,,,,,,,,baseline,male_P42,male,P42,1111885,ELA,MDMA,ELA_MDMA
2,inactive,8,red,12,9-12,,,,10742.28,57.719999999999345,9.0,1193.5866666666668,,,,,,,,,,,,,4.0,10799.96,2699.99,187.1094941094962,0.06930006930007,,,,,,3.0,19.28,6.426666666666667,0.3340263340263378,0.0519750519750525,,,,,,,,,,,,,,,,,,,,,,,,,,,,,,,,,,,,,,,,0.7995156915707942,48.0,0.0166565769077248,0.0062419342232719,1.6637820532021712,0.0155935982929233,0.8316008316008411,268566.0,238050.3333333333,2267.0,0.8863755402148199,0.0084411280653545,485.0,0.0,0.0,0.0,0.0,0.0,0.0,0.0,485.0,0.0,0.0,0.0,0.0,1.0,0.0,0.0,0.0,0.0,0.0,0.0,baseline,male_P42,male,P42,1111885,ELA,MDMA,ELA_MDMA
2,inactive,8,yellow,3,0-3,5.0,26.84,5.368,10184.08,615.9200000000001,76.0,134.00105263157894,0.0435770879334978,0.0081179373944668,3.0,13.56,4.5200000000000005,0.022015846213794,0.00487076243668,2.0,3.92,1.96,0.0063644629172619,0.0032471749577867,7.0,10780.96,1540.1371428571426,17.503831666450186,0.0113651123522535,,,,,,5.0,70.8,14.16,0.11494999350565,0.0081179373944668,,,,,,,,,,,1.0,29.68,29.68,0.048188076373555,0.0016235874788933,3.0,6.6,2.1999999999999997,0.0107156773606961,0.00487076243668,,,,,,,,,,,,,,,,,,,,25.190642274133772,558.0,0.0451445202045408,0.0082415625806958,2.059134889667544,0.0439682027175191,0.9059618132224964,254678.0,219027.6666666667,0.0,0.8600180096697269,0.0,1775.0,743.0,442.0,676.0,508.0,221.0,217.0,114.0,1267.0,522.0,225.0,562.0,0.2861971830985915,0.7138028169014085,0.297442799461642,0.702557200538358,0.4909502262443438,0.5090497737556561,0.1686390532544378,0.8313609467455622,baseline,male_P42,male,P42,1111986,CTRL,MDMA,CTRL_MDMA
2,inactive,8,yellow,6,3-6,2.0,10.28,5.14,10461.2,338.7999999999993,27.0,387.4518518518518,0.0303423848878394,0.0059031877213695,1.0,3.76,3.76,0.0110979929161747,0.0029515938606847,2.0,2.68,1.34,0.0079102715466352,0.0059031877213695,6.0,10789.36,1798.2266666666667,31.8458087367179,0.0177095631641086,,,,,,11.0,146.4,13.30909090909091,0.4321133412042512,0.0324675324675325,2.0,4.32,2.16,0.0127508854781582,0.0059031877213695,1.0,2.08,2.08,0.0061393152302243,0.0029515938606847,,,,,,5.0,23.56,4.712,0.0695395513577333,0.0147579693034238,,,,,,,,,,,,,,,,,,,,9.66266098866883,318.0,0.0303857263794617,0.0033134692800794,2.1184954472731383,0.026809192054485,0.9386068476977588,261557.0,241447.0,0.0,0.9231142733706228,0.0,3781.0,53.0,164.0,259.0,26.0,0.0,164.0,29.0,3755.0,53.0,0.0,230.0,0.0068764877016662,0.9931235122983336,0.0,1.0,1.0,0.0,0.1119691119691119,0.888030888030888,baseline,male_P42,male,P42,1111986,CTRL,MDMA,CTRL_MDMA
2,inactive,8,yellow,9,6-9,,,,10759.92,40.07999999999993,20.0,537.996,,,1.0,2.88,2.88,0.0718562874251498,0.0249500998003992,,,,,,5.0,10797.0,2159.4,269.3862275449107,0.1247504990019962,,,,,,,,,,,,,,,,,,,,,,,,,,,,,,,,,,,,,,,,,,,,,,,,,,2.5792689425324764,28.0,0.0921167479475884,0.0182734933977125,1.4941937712359663,0.0943665317275908,0.6986027944111789,269018.0,241120.0,0.0,0.8962969020660327,0.0,0.0,0.0,73.0,0.0,0.0,0.0,73.0,0.0,0.0,0.0,0.0,0.0,0.0,0.0,0.0,0.0,1.0,0.0,0.0,0.0,baseline,male_P42,male,P42,1111986,CTRL,MDMA,CTRL_MDMA
2,inactive,8,yellow,12,9-12,1.0,3.72,3.72,10180.2,619.7999999999993,27.0,377.0444444444445,0.006001936108422,0.0016134236850596,,,,,,,,,,,4.0,10799.96,2699.99,17.42491126169734,0.0064536947402387,,,,,,52.0,292.96,5.633846153846154,0.4726686027750892,0.0838980316231043,1.0,1.6,1.6,0.0025814778960955,0.0016134236850596,3.0,10.72,3.5733333333333337,0.0172959019038399,0.004840271055179,,,,,,2.0,5.88,2.94,0.009486931268151,0.0032268473701193,2.0,5.52,2.76,0.0089060987415295,0.0032268473701193,,,,,,,,,,,,,,,10.2224050840246,596.0,0.0171516863825916,0.0026115997656861,2.157668858966603,0.0124955022728301,0.9616005162955804,254532.0,232472.0,50.0,0.9133311332170416,0.0001964389546304,7417.0,271.0,0.0,94.0,143.0,251.0,0.0,44.0,7274.0,20.0,0.0,50.0,0.0192800323580962,0.9807199676419036,0.92619926199262,0.07380073800738,0.0,0.0,0.4680851063829787,0.5319148936170213,baseline,male_P42,male,P42,1111986,CTRL,MDMA,CTRL_MDMA
3,inactive,1,blue,3,0-3,1.0,2.6,2.6,10589.88,210.1200000000008,16.0,661.8675,0.0123738815914714,0.004759185227489,1.0,3.0,3.0,0.0142775556824671,0.004759185227489,,,,,,8.0,10766.24,1345.78,51.238530363601555,0.0380734818199122,,,,,,1.0,2.88,2.88,0.0137064534551684,0.004759185227489,,,,,,1.0,1.92,1.92,0.0091376356367789,0.004759185227489,,,,,,2.0,5.4,2.7,0.0256996002284407,0.009518370454978,,,,,,,,,,,,,,,,,,,,10.644583340159572,199.0,0.0534903685435154,0.0210752738033136,1.928880560408944,0.053963799195537,0.9470778602703182,264763.0,256227.3333333333,0.0,0.9677611045853588,0.0,73.0,49.0,76.0,66.0,0.0,0.0,0.0,0.0,73.0,49.0,76.0,66.0,0.0,1.0,0.0,1.0,0.0,1.0,0.0,1.0,baseline,male_P42,male,P42,1111862,CTRL,MDMA,CTRL_MDMA
3,inactive,1,blue,6,3-6,1.0,37.96,37.96,2685.16,8114.84,4.0,671.29,0.004677849470846,0.0001232310187261,,,,,,1.0,2.76,2.76,0.0003401176116842,0.0001232310187261,6.0,2700.48,450.08,0.3327829014496897,0.0007393861123571,,,,,,,,,,,,,,,,,,,,,,,,,,3.0,16.84,5.613333333333333,0.0020752103553489,0.0003696930561785,,,,,,,,,,,,,,,,,,,,2.3589728242586414,64.0,0.0368589503790412,0.006159880723079,2.114206131942392,0.0320669563615254,0.0078867851984758,67133.0,62834.0,0.0,0.935962939240016,0.0,0.0,0.0,70.0,950.0,0.0,0.0,0.0,0.0,0.0,0.0,70.0,950.0,0.0,0.0,0.0,0.0,0.0,1.0,0.0,1.0,baseline,male_P42,male,P42,1111862,CTRL,MDMA,CTRL_MDMA
3,inactive,1,green,3,0-3,15.0,91.76,6.117333333333334,10125.04,674.9599999999991,45.0,225.0008888888889,0.1359487969657463,0.0222235391726917,4.0,16.16,4.04,0.0239421595353799,0.0059262771127177,5.0,20.16,4.032,0.0298684366480977,0.0074078463908972,29.0,10574.72,364.6455172413793,15.667180277349788,0.042965509067204,,,,,,4.0,11.8,2.95,0.0174825174825175,0.0059262771127177,,,,,,2.0,4.64,2.32,0.0068744814507526,0.0029631385563588,,,,,,3.0,8.76,2.92,0.0129785468768519,0.0044447078345383,1.0,1.96,1.96,0.0029038757852317,0.0014815692781794,,,,,,,,,,,,,,,36.26436587323447,639.0,0.0567517462804921,0.0146822534328178,2.116193513013715,0.0549403467649392,0.9467227687566684,253171.0,250991.66666666663,0.0,0.9913918524106894,0.0,299.0,118.0,917.0,2309.0,0.0,61.0,0.0,34.0,299.0,57.0,917.0,2275.0,0.0,1.0,0.5169491525423728,0.4830508474576271,0.0,1.0,0.014724989172802,0.985275010827198,baseline,male_P42,male,P42,1111966,CTRL,MDMA,CTRL_MDMA
3,inactive,1,green,6,3-6,,,,2752.76,8047.24,2.0,1376.38,,,,,,,,,,,,,1.0,2752.96,2752.96,0.3420999000899687,0.0001242662080415,,,,,,,,,,,,,,,,,,,,,,,,,,,,,,,,,,,,,,,,,,,,,,,,,,,,,,,,,68821.0,63960.666666666664,0.0,0.9293771765401064,0.0,,,,,,,,,,,,,,,,,,,,,baseline,male_P42,male,P42,1111966,CTRL,MDMA,CTRL_MDMA
3,inactive,1,red,3,0-3,,,,10787.88,12.1200000000008,4.0,2696.97,,,,,,,,1.0,7.16,7.16,0.5907590759075517,0.082508250825077,4.0,10794.44,2698.61,890.6303630362448,0.3300330033003082,,,,,,,,,,,,,,,,,,,,,,,,,,,,,,,,,,,,,,,,,,,,,,,,,,0.6363851626931705,11.0,0.05785319660847,0.027927525948573,1.3103172954162894,0.0435397391754753,0.9075907590758476,269701.0,257153.66666666663,2764.0,0.953476875008497,0.010248386175802,0.0,0.0,180.0,0.0,0.0,0.0,0.0,0.0,0.0,0.0,180.0,0.0,0.0,0.0,0.0,0.0,0.0,1.0,0.0,0.0,baseline,male_P42,male,P42,1111832,ELA,MDMA,ELA_MDMA
3,inactive,1,red,6,3-6,3.0,136.4,45.46666666666667,2238.36,8561.64,10.0,223.836,0.0159315271373241,0.0003504001569792,2.0,11.64,5.82,0.0013595526090795,0.0002336001046528,2.0,5.28,2.64,0.0006167042762835,0.0002336001046528,16.0,2548.08,159.255,0.2976158773319131,0.0018688008372227,,,,,,1.0,1.2,1.2,0.0001401600627917,0.0001168000523264,1.0,4.76,4.76,0.0005559682490737,0.0001168000523264,,,,,,1.0,2.64,2.64,0.0003083521381417,0.0001168000523264,6.0,29.16,4.86,0.0034058895258385,0.0007008003139585,1.0,2.08,2.08,0.0002429441088389,0.0001168000523264,,,,,,,,,,,,,,,14.412613075979628,504.0,0.0285964545158325,0.0065042239753498,2.0880227913651757,0.0278454862889885,0.0588672263725174,55969.0,55402.33333333333,0.0,0.989875347662694,0.0,151.0,67.0,427.0,3413.0,0.0,0.0,0.0,0.0,151.0,67.0,427.0,3413.0,0.0,1.0,0.0,1.0,0.0,1.0,0.0,1.0,baseline,male_P42,male,P42,1111832,ELA,MDMA,ELA_MDMA
3,inactive,1,yellow,3,0-3,2.0,7.36,3.68,10176.2,623.7999999999993,28.0,363.4357142857143,0.0117986534145559,0.0032061558191728,,,,,,,,,,,8.0,10781.24,1347.655,17.28316768194936,0.0128246232766912,,,,,,2.0,4.84,2.42,0.0077588970823982,0.0032061558191728,,,,,,3.0,34.92,11.64,0.0559794806027573,0.0048092337287592,,,,,,5.0,20.88,4.176,0.0334722667521641,0.008015389547932,,,,,,,,,,,,,,,,,,,,13.17492609317499,596.0,0.0221055806932466,0.0073508854534828,2.148520449854983,0.0186558599959878,0.955434434113499,254433.0,251801.3333333333,0.0,0.9896567400193108,0.0,123.0,876.0,0.0,186.0,0.0,61.0,0.0,34.0,123.0,815.0,0.0,152.0,0.0,1.0,0.069634703196347,0.930365296803653,0.0,0.0,0.1827956989247312,0.8172043010752689,baseline,male_P42,male,P42,1111916,ELA,MDMA,ELA_MDMA
3,inactive,1,yellow,6,3-6,,,,2751.4,8048.6,3.0,917.1333333333332,,,,,,,,,,,,,1.0,2752.96,2752.96,0.3420420942772656,0.0001242452103471,,,,,,,,,,,,,,,,,,,,,,,,,,,,,,,,,,,,,,,,,,,,,,,,,,0.0,0.0,,,,,0.0,68788.0,63947.0,0.0,0.9296243530848404,0.0,,,,,,,,,,,,,,,,,,,,,baseline,male_P42,male,P42,1111916,ELA,MDMA,ELA_MDMA
3,inactive,2,blue,3,0-3,16.0,198.84,12.4275,8483.24,2316.76,49.0,173.1273469387755,0.0858267580586681,0.0069061965848857,9.0,77.68,8.631111111111112,0.0335295844196205,0.0038847355789982,8.0,26.2,3.275,0.0113088969077504,0.0034530982924428,48.0,10136.88,211.18499999999997,4.375455377337315,0.0207185897546573,,,,,,29.0,235.64,8.12551724137931,0.1017110102039054,0.0125174813101054,5.0,63.28,12.656,0.0273140074932232,0.0021581864327768,2.0,19.0,9.5,0.0082011084445518,0.0008632745731107,2.0,2.32,1.16,0.0010013985048084,0.0008632745731107,48.0,247.88,5.164166666666667,0.106994250591343,0.0207185897546573,6.0,14.88,2.48,0.0064227628239437,0.0025898237193321,1.2,1.0,1.2,0.0,0.0,0.0,0.0005179647438664,0.0004316372865553,0.0,0.0,1.0,0.0,1.0,0.0,61.65207046757533,2272.0,0.0271355943959398,0.0047056454608954,2.0615309582211228,0.0252407954845079,0.980679915053782,212130.0,197715.6666666667,4421.0,0.9320495293766402,0.0208409937302597,7507.0,537.0,2614.0,4987.0,1695.0,0.0,11.0,48.0,5812.0,537.0,2603.0,4939.0,0.2257892633542027,0.7742107366457972,0.0,1.0,0.0042081101759755,0.9957918898240244,0.0096250250651694,0.9903749749348304,baseline,male_P42,male,P42,1111967,CTRL,MDMA,CTRL_MDMA
3,inactive,2,blue,6,3-6,,,,2406.56,8393.44,1.0,2406.56,,,,,,,,,,,,,1.0,2406.56,2406.56,0.286719152099735,0.0001191406622314,,,,,,,,,,,,,,,,,,,,,,,,,,,,,,,,,,,,,,,,,,,,,,,,,,,,,,,,,60165.0,60165.0,0.0,1.0,0.0,,,,,,,,,,,,,,,,,,,,,baseline,male_P42,male,P42,1111967,CTRL,MDMA,CTRL_MDMA
3,inactive,2,green,3,0-3,25.0,92.08,3.6832,9071.36,1728.6399999999994,143.0,63.43608391608392,0.0532673084042947,0.0144622362088115,13.0,86.08,6.621538461538462,0.0497963717141799,0.007520362828582,11.0,91.36,8.305454545454545,0.0528507960014809,0.006363383931877,31.0,10551.24,340.3625806451613,6.103781007034434,0.0179331728989263,1.0,1.76,1.76,0.0010181414291003,0.0005784894483524,25.0,57.6,2.3040000000000003,0.0333209922251018,0.0144622362088115,16.0,43.32,2.7075,0.0250601629026286,0.0092558311736393,2.0,9.0,4.5,0.0052064050351721,0.0011569788967049,,,,,,8.0,66.96,8.37,0.0387356534616808,0.0046279155868196,1.0,3.08,3.08,0.0017817475009255,0.0005784894483524,0.0,0.0,0.0,1.2,1.0,1.2,0.0,0.0,0.0006941873380229,0.0005784894483524,0.0,1.0,0.0,1.0,99.05509141837646,1617.0,0.061258559937153,0.0163663259926766,2.114079117172426,0.0567199478865921,0.9354174379859316,226927.0,207810.0,1261.0,0.9157570496238878,0.0055568530849127,2564.0,227.0,4460.0,2327.0,500.0,0.0,612.0,825.0,2064.0,227.0,3848.0,1502.0,0.1950078003120124,0.8049921996879875,0.0,1.0,0.137219730941704,0.862780269058296,0.3545337344220026,0.6454662655779975,baseline,male_P42,male,P42,1111833,ELA,MDMA,ELA_MDMA
3,inactive,2,green,6,3-6,,,,2406.56,8393.44,1.0,2406.56,,,,,,,,,,,,,1.0,2406.56,2406.56,0.286719152099735,0.0001191406622314,,,,,,,,,,,,,,,,,,,,,,,,,,,,,,,,,,,,,,,,,,,,,,,,,,,,,,,,,60165.0,60165.0,0.0,1.0,0.0,,,,,,,,,,,,,,,,,,,,,baseline,male_P42,male,P42,1111833,ELA,MDMA,ELA_MDMA
3,inactive,2,red,3,0-3,3.0,76.52,25.506666666666664,9999.32,800.6800000000003,21.0,476.1580952380952,0.0955687665484338,0.0037468152070739,1.0,3.04,3.04,0.0037967727431683,0.0012489384023579,,,,,,21.0,10562.04,502.9542857142858,13.19133736324124,0.0262277064495179,,,,,,13.0,74.68,5.744615384615385,0.0932707198880951,0.0162361992306539,3.0,10.48,3.4933333333333336,0.0130888744567117,0.0037468152070739,2.0,25.72,12.86,0.0321226957086476,0.0024978768047159,,,,,,13.0,57.88,4.452307692307692,0.0722885547284807,0.0162361992306539,,,,,,,,,,,,,,,,,,,,23.203163111275515,780.0,0.0297476450144557,0.0094625868759926,1.9613731985361664,0.0250426929411709,0.9741719538392364,250004.0,209275.6666666667,17980.0,0.837089273238295,0.0719188492984112,2145.0,645.0,77.0,1916.0,28.0,0.0,18.0,797.0,2117.0,645.0,59.0,1119.0,0.013053613053613,0.9869463869463868,0.0,1.0,0.2337662337662337,0.7662337662337663,0.4159707724425887,0.5840292275574113,baseline,male_P42,male,P42,1111863,CTRL,MDMA,CTRL_MDMA
3,inactive,2,red,6,3-6,,,,2406.56,8393.44,1.0,2406.56,,,,,,,,,,,,,1.0,2406.56,2406.56,0.286719152099735,0.0001191406622314,,,,,,,,,,,,,,,,,,,,,,,,,,,,,,,,,,,,,,,,,,,,,,,,,,,,,,,,,60165.0,60165.0,0.0,1.0,0.0,,,,,,,,,,,,,,,,,,,,,baseline,male_P42,male,P42,1111863,CTRL,MDMA,CTRL_MDMA
3,inactive,2,yellow,3,0-3,27.0,183.88,6.810370370370371,8449.28,2350.7199999999993,57.0,148.23298245614035,0.0782228423631908,0.0114858426354478,9.0,31.84,3.537777777777778,0.0135447862782466,0.0038286142118159,8.0,36.44,4.555,0.0155016335420637,0.0034032126327252,44.0,10529.04,239.29636363636365,4.479070242308741,0.0187176694799891,,,,,,32.0,182.08,5.69,0.0774571195208276,0.0136128505309011,24.0,136.76,5.698333333333333,0.0581779199564388,0.0102096378981758,1.0,20.08,20.08,0.0085420637081404,0.0004254015790906,5.0,38.16,7.632,0.0162333242580996,0.0021270078954533,27.0,102.16,3.783703703703704,0.043459025319902,0.0114858426354478,1.0,2.28,2.28,0.0009699156003267,0.0004254015790906,,,,,,,,,,,,,,,88.22613118742915,2296.0,0.0384260153255353,0.0093931458328941,2.129178557510316,0.035730493547315,0.9767220255921591,211289.0,201306.0,759.0,0.952751917989105,0.0035922362262114,8027.0,1462.0,1724.0,4624.0,1490.0,0.0,583.0,1492.0,6537.0,1462.0,1141.0,3132.0,0.1856235206179145,0.8143764793820855,0.0,1.0,0.3381670533642691,0.6618329466357309,0.3226643598615917,0.6773356401384083,baseline,male_P42,male,P42,1111917,ELA,MDMA,ELA_MDMA
3,inactive,2,yellow,6,3-6,,,,2406.56,8393.44,1.0,2406.56,,,,,,,,,,,,,1.0,2406.56,2406.56,0.286719152099735,0.0001191406622314,,,,,,,,,,,,,,,,,,,,,,,,,,,,,,,,,,,,,,,,,,,,,,,,,,,,,,,,,60165.0,60165.0,0.0,1.0,0.0,,,,,,,,,,,,,,,,,,,,,baseline,male_P42,male,P42,1111917,ELA,MDMA,ELA_MDMA
3,inactive,3,blue,3,0-3,10.0,100.44,10.044,9442.36,1357.6399999999994,65.0,145.26707692307693,0.0739813205267965,0.0073657228720426,6.0,18.76,3.126666666666667,0.013818096107952,0.0044194337232256,3.0,11.56,3.8533333333333335,0.0085147756400813,0.0022097168616128,26.0,10594.68,407.4876923076923,7.803747679797299,0.0191508794673109,,,,,,26.0,113.16,4.352307692307692,0.0833505200200348,0.0191508794673109,9.0,38.8,4.311111111111111,0.0285790047435255,0.0066291505848383,5.0,51.8,10.36,0.038154444477181,0.0036828614360213,3.0,17.04,5.68,0.0125511917739607,0.0022097168616128,26.0,94.84,3.647692307692308,0.0698565157184526,0.0191508794673109,,,,,,0.0,0.0,0.0,2.6,2.0,1.3,0.0,0.0,0.001915087946731,0.0014731445744085,0.0,1.0,0.0,1.0,36.37516088547717,1294.0,0.0281106343782667,0.0058287588359018,2.021510015693104,0.0264738066166738,0.9531245396423208,236124.0,182131.0,8175.0,0.7713362470566313,0.0346216394775626,3834.0,1729.0,767.0,2521.0,440.0,0.0,151.0,36.0,3394.0,1729.0,616.0,2485.0,0.1147626499739175,0.8852373500260824,0.0,1.0,0.196870925684485,0.803129074315515,0.0142800476001586,0.9857199523998412,baseline,male_P42,male,P42,1111864,CTRL,saline,CTRL_saline
3,inactive,3,blue,6,3-6,,,,2752.96,8047.04,1.0,2752.96,,,,,,,,,,,,,1.0,2752.96,2752.96,0.3421084025927546,0.0001242692965363,,,,,,,,,,,,,,,,,,,,,,,,,,,,,,,,,,,,,,,,,,,,,,,,,,,,,,,,,68825.0,67702.33333333333,98.0,0.9836880978326672,0.0014239011986923,,,,,,,,,,,,,,,,,,,,,baseline,male_P42,male,P42,1111864,CTRL,saline,CTRL_saline
3,inactive,3,green,3,0-3,40.0,404.64,10.116,7081.76,3718.24,50.0,141.6352,0.1088256809673393,0.0107577778734024,6.0,13.24,2.2066666666666666,0.0035608244760962,0.0016136666810103,8.0,49.04,6.13,0.0131890356727914,0.0021515555746804,89.0,9868.24,110.8791011235955,2.65400834803563,0.0239360557683205,,,,,,39.0,129.24,3.313846153846154,0.0347583803089633,0.0104888334265674,17.0,121.84,7.167058823529412,0.0327681914023839,0.004572055596196,2.0,22.84,11.42,0.0061426911657128,0.0005378888936701,4.0,30.24,7.56,0.0081328800722922,0.0010757777873402,84.0,429.24,5.11,0.1154417143594819,0.0225913335341451,8.0,18.88,2.36,0.0050776711562459,0.0021515555746804,4.8,4.0,1.2,0.0,0.0,0.0,0.0012909333448082,0.0010757777873402,0.0,0.0,1.0,0.0,1.0,0.0,140.7254354879697,3672.0,0.038323920339861,0.0066766055980607,2.012939861544372,0.0332388116431788,0.9875640087783468,177094.0,157626.0,91.0,0.8900696805086564,0.0005138514009509,6333.0,1333.0,1571.0,10156.0,1762.0,112.0,148.0,738.0,4571.0,1221.0,1423.0,9418.0,0.2782251697457761,0.721774830254224,0.0840210052513128,0.9159789947486872,0.0942075111394016,0.9057924888605984,0.0726664040961008,0.9273335959038992,baseline,male_P42,male,P42,1111968,CTRL,saline,CTRL_saline
3,inactive,3,green,6,3-6,,,,2665.84,8134.16,10.0,266.584,,,,,,,,,,,,,2.0,2747.08,1373.54,0.3377214119220669,0.0002458766486029,,,,,,,,,,,,,,,,,,,,,,,,,,,,,,,,,,,,,,,,,,,,,,,,,,3.7465819677090737,74.0,0.0506294860501226,0.0138863419572927,1.6141654126788876,0.037424359559308,0.0090974359983083,66656.0,66621.0,0.0,0.9994749159865578,0.0,,,,,,,,,,,,,,,,,,,,,baseline,male_P42,male,P42,1111968,CTRL,saline,CTRL_saline
3,inactive,3,red,3,0-3,34.0,492.44,14.483529411764708,6395.04,4404.96,70.0,91.35771428571428,0.1117921615633286,0.0077185717917983,12.0,69.52,5.793333333333333,0.0157822091460535,0.00272420180887,14.0,69.84,4.988571428571428,0.0158548545276234,0.0031782354436816,74.0,9421.96,127.32378378378375,2.138943372925066,0.0167992444880316,2.0,4.24,2.12,0.0009625513058007,0.0004540336348116,105.0,318.48,3.033142857142858,0.0723003160074098,0.0238367658276125,10.0,38.28,3.828,0.0086902037702953,0.0022701681740583,5.0,67.56,13.512,0.0153372561839381,0.0011350840870291,5.0,50.96,10.192,0.0115687770150012,0.0011350840870291,70.0,309.76,4.425142857142857,0.0703207293596309,0.0158911772184083,11.0,28.64,2.6036363636363635,0.006501761650503,0.0024971849914641,0.0,0.0,0.0,2.2,2.0,1.1,0.0,0.0,0.0004994369982928,0.0004540336348116,0.0,1.0,0.0,1.0,102.20018909550708,4334.0,0.0235810311710906,0.0046719004385976,2.0581719049753295,0.0208375232861215,0.983890886636882,159946.0,141987.0,2425.0,0.8877183549447939,0.0151613669613494,9034.0,2973.0,3510.0,12345.0,1458.0,112.0,3.0,945.0,7576.0,2861.0,3507.0,11400.0,0.1613903032986495,0.8386096967013504,0.0376723847965018,0.9623276152034982,0.0008547008547008,0.9991452991452991,0.0765492102065613,0.9234507897934386,baseline,male_P42,male,P42,1111918,ELA,saline,ELA_saline
3,inactive,3,red,6,3-6,,,,2726.92,8073.08,1.0,2726.92,,,,,,,,,,,,,1.0,2752.96,2752.96,0.3410049200552948,0.0001238684616032,,,,,,,,,,,,,,,,,,,,,,,,,,1.0,2.08,2.08,0.0002576464001347,0.0001238684616032,,,,,,,,,,,,,,,,,,,,1.4205336329246585,24.0,0.0591889013718607,0.0249215426648511,1.2137515597856097,0.0287816512583812,0.0029728430784781,68174.0,67518.0,0.0,0.9903775632939243,0.0,,,,,,,,,,,,,,,,,,,,,baseline,male_P42,male,P42,1111918,ELA,saline,ELA_saline
3,inactive,3,yellow,3,0-3,14.0,76.2,5.442857142857143,9923.56,876.4400000000005,78.0,127.2251282051282,0.0869426315549267,0.0159737118342385,1.0,5.16,5.16,0.0058874537903336,0.0011409794167313,1.0,3.72,3.72,0.0042444434302405,0.0011409794167313,19.0,10720.64,564.2442105263158,12.232029574186472,0.0216786089178951,,,,,,1.0,1.88,1.88,0.0021450413034548,0.0011409794167313,,,,,,3.0,14.76,4.92,0.0168408561909543,0.0034229382501939,1.0,5.96,5.96,0.0068002373237186,0.0011409794167313,2.0,4.88,2.44,0.0055679795536488,0.0022819588334626,,,,,,0.8,1.0,0.8,0.8,1.0,0.8,0.000912783533385,0.0011409794167313,0.000912783533385,0.0011409794167313,0.5,0.5,0.5,0.5,41.16936357813175,817.0,0.0503908978924501,0.0195291029225669,2.036035642234455,0.0453957406394267,0.9321801834694896,248167.0,186106.0,9447.0,0.7499224312660426,0.0380671080361208,48.0,522.0,224.0,1919.0,0.0,0.0,0.0,634.0,48.0,522.0,224.0,1285.0,0.0,1.0,0.0,1.0,0.0,1.0,0.3303804064616988,0.6696195935383012,baseline,male_P42,male,P42,1111834,ELA,saline,ELA_saline
3,inactive,3,yellow,6,3-6,,,,2730.68,8069.32,10.0,273.068,,,,,,,,,,,,,1.0,2752.96,2752.96,0.3411638155383601,0.0001239261796533,,,,,,,,,,,,,,,,,,,,,,,,,,,,,,,,,,,,,,,,,,,,,,,,,,0.2860951630029772,13.0,0.0220073202309982,0.0145620555619231,1.6463127801644597,0.0205507243218287,0.0016110403354929,68277.0,67517.33333333334,0.0,0.9888737544609948,0.0,,,,,,,,,,,,,,,,,,,,,baseline,male_P42,male,P42,1111834,ELA,saline,ELA_saline
3,inactive,4,blue,3,0-3,,,,10406.56,393.4400000000005,9.0,1156.2844444444445,,,,,,,,,,,,,3.0,10800.0,3600.0,27.450183001219973,0.0076250508336722,,,,,,,,,,,5.0,18.92,3.784,0.0480886539243594,0.0127084180561203,1.0,32.16,32.16,0.0817405449369661,0.002541683611224,,,,,,4.0,10.64,2.66,0.0270435136234241,0.0101667344448962,1.0,2.08,2.08,0.005286701911346,0.002541683611224,,,,,,,,,,,,,,,5.00475583175998,389.0,0.012865696225604,0.0027893412924899,2.169722555754633,0.0116354184591808,0.9887149247661638,260173.0,240367.3333333333,7.0,0.9238750113706392,2.690517463380135e-05,478.0,805.0,0.0,0.0,46.0,0.0,0.0,0.0,432.0,805.0,0.0,0.0,0.0962343096234309,0.9037656903765692,0.0,1.0,0.0,0.0,0.0,0.0,baseline,male_P42,male,P42,1111865,CTRL,saline,CTRL_saline
3,inactive,4,blue,6,3-6,,,,1385.96,9414.04,7.0,197.99428571428572,,,,,,,,,,,,,3.0,1427.88,475.96,0.151675582427948,0.0003186729608117,,,,,,1.0,10.84,10.84,0.001151471631733,0.0001062243202705,,,,,,,,,,,,,,,,,,,,,,,,,,,,,,,,,,,,,,,,0.5768109474550536,47.0,0.0122725733501075,0.0032927639877542,1.9469558108372147,0.0105240453703054,0.004992543052717,34656.0,34641.666666666664,0.0,0.9995864112034472,0.0,272.0,0.0,0.0,0.0,0.0,0.0,0.0,0.0,272.0,0.0,0.0,0.0,0.0,1.0,0.0,0.0,0.0,0.0,0.0,0.0,baseline,male_P42,male,P42,1111865,CTRL,saline,CTRL_saline
3,inactive,4,green,3,0-3,14.0,89.16,6.368571428571428,8721.8,2078.2000000000007,144.0,60.56805555555555,0.0429025117890482,0.0067365989798864,,,,,,1.0,5.08,5.08,0.0024444230584159,0.0004811856414204,54.0,10434.72,193.23555555555555,5.0210374362429,0.0259840246367048,1.0,1.32,1.32,0.000635165046675,0.0004811856414204,48.0,244.36,5.090833333333333,0.1175825233375035,0.023096910788182,1.0,1.8,1.8,0.0008661341545568,0.0004811856414204,3.0,36.6,12.2,0.0176113944759888,0.0014435569242613,,,,,,31.0,122.2,3.941935483870968,0.0588008853815801,0.0149167548840342,1.0,2.08,2.08,0.0010008661341545,0.0004811856414204,,,,,,,,,,,,,,,61.81902405802359,1952.0,0.0316695819969383,0.0070298406262822,2.060030074266499,0.0300036379846872,0.9392743720527376,218189.0,214825.3333333333,0.0,0.9845837018975904,0.0,6203.0,918.0,128.0,2243.0,46.0,25.0,0.0,567.0,6157.0,893.0,128.0,1676.0,0.0074157665645655,0.9925842334354344,0.0272331154684095,0.9727668845315904,0.0,1.0,0.2527864467231386,0.7472135532768613,baseline,male_P42,male,P42,1111969,CTRL,saline,CTRL_saline
3,inactive,4,green,6,3-6,,,,1436.0,9364.0,3.0,478.6666666666667,,,,,,,,,,,,,1.0,1438.24,1438.24,0.1535924818453652,0.0001067919692439,,,,,,,,,,,,,,,,,,,,,,,,,,,,,,,,,,,,,,,,,,,,,,,,,,0.0,0.0,,,,,0.0,35903.0,35473.0,0.0,0.9880232849622594,0.0,,,,,,,,,,,,,,,,,,,,,baseline,male_P42,male,P42,1111969,CTRL,saline,CTRL_saline
3,inactive,4,red,3,0-3,3.0,19.88,6.626666666666666,10557.6,242.39999999999964,8.0,1319.7,0.0820132013201321,0.0123762376237623,,,,,,,,,,,8.0,10768.72,1346.09,44.42541254125419,0.033003300330033,,,,,,7.0,53.72,7.674285714285714,0.2216171617161719,0.0288778877887789,1.0,2.24,2.24,0.0092409240924092,0.0041254125412541,1.0,3.36,3.36,0.0138613861386138,0.0041254125412541,,,,,,3.0,10.24,3.4133333333333336,0.0422442244224423,0.0123762376237623,1.0,2.32,2.32,0.0095709570957095,0.0041254125412541,,,,,,,,,,,,,,,8.142770829103481,237.0,0.0343576828232214,0.0056300309267763,2.0624674545863795,0.0341109628959235,0.9777227722772291,263948.0,239754.99999999997,4570.0,0.9083417945959052,0.0173140163971691,1407.0,85.0,0.0,500.0,0.0,0.0,0.0,0.0,1407.0,85.0,0.0,500.0,0.0,1.0,0.0,1.0,0.0,0.0,0.0,1.0,baseline,male_P42,male,P42,1111835,ELA,saline,ELA_saline
3,inactive,4,red,6,3-6,,,,1438.24,9361.76,1.0,1438.24,,,,,,,,,,,,,1.0,1438.24,1438.24,0.1536292321102015,0.0001068175214916,,,,,,,,,,,,,,,,,,,,,,,,,,,,,,,,,,,,,,,,,,,,,,,,,,,,,,,,,35957.0,35505.33333333333,0.0,0.9874386999286184,0.0,,,,,,,,,,,,,,,,,,,,,baseline,male_P42,male,P42,1111835,ELA,saline,ELA_saline
3,inactive,4,yellow,3,0-3,8.0,87.04,10.88,10254.84,545.1599999999999,69.0,148.6208695652174,0.159659549490058,0.0146745909457773,,,,,,,,,,,11.0,10732.08,975.6436363636363,19.686110499669827,0.0201775625504439,,,,,,,,,,,1.0,1.48,1.48,0.0027147993249688,0.0018343238682221,1.0,2.4,2.4,0.0044023772837332,0.0018343238682221,,,,,,2.0,6.84,3.42,0.0125467752586396,0.0036686477364443,,,,,,,,,,,,,,,,,,,,16.517384760740764,499.0,0.0331009714644103,0.0089201648347836,2.0655955957294,0.0286491133773448,0.9153276102428648,256440.0,238590.99999999997,0.0,0.9303969739510216,0.0,38.0,61.0,0.0,2184.0,0.0,25.0,0.0,567.0,38.0,36.0,0.0,1617.0,0.0,1.0,0.4098360655737705,0.5901639344262295,0.0,0.0,0.2596153846153846,0.7403846153846154,baseline,male_P42,male,P42,1111919,ELA,saline,ELA_saline
3,inactive,4,yellow,6,3-6,,,,1438.24,9361.76,1.0,1438.24,,,,,,,,,,,,,1.0,1438.24,1438.24,0.1536292321102015,0.0001068175214916,,,,,,,,,,,,,,,,,,,,,,,,,,,,,,,,,,,,,,,,,,,,,,,,,,,,,,,,,35957.0,35505.33333333333,0.0,0.9874386999286184,0.0,,,,,,,,,,,,,,,,,,,,,baseline,male_P42,male,P42,1111919,ELA,saline,ELA_saline
3,inactive,5,blue,3,0-3,,,,10758.04,41.95999999999913,10.0,1075.804,,,,,,,,,,,,,5.0,10794.0,2158.8,257.2449952335611,0.1191611058150644,,,,,,,,,,,,,,,,,,,,,,,,,,2.0,4.44,2.22,0.1058150619637772,0.0476644423260257,,,,,,,,,,,,,,,,,,,,0.7075264469523694,35.0,0.0202150413414962,0.0094630714540492,1.7939514249457025,0.0209919283929587,0.8341277407054511,268961.0,199774.66666666663,33956.0,0.7427644404455168,0.1262487869988585,,,,,,,,,,,,,,,,,,,,,baseline,male_P42,male,P42,1112041,ELA,saline,ELA_saline
3,inactive,5,blue,6,3-6,,,,1633.32,9166.68,1.0,1633.32,,,,,,,,,,,,,1.0,1633.32,1633.32,0.1781801044653025,0.0001090907504134,,,,,,,,,,,,,,,,,,,,,,,,,,,,,,,,,,,,,,,,,,,,,,,,,,,,,,,,,40834.0,40559.666666666664,0.0,0.9932817423389004,0.0,,,,,,,,,,,,,,,,,,,,,baseline,male_P42,male,P42,1112041,ELA,saline,ELA_saline
3,inactive,5,green,3,0-3,17.0,72.44,4.261176470588235,8967.72,1832.2800000000009,166.0,54.022409638554215,0.0395354421813259,0.0092780579387429,6.0,27.6,4.6000000000000005,0.0150631999476062,0.0032746086842622,15.0,95.6,6.373333333333333,0.0521754317025781,0.0081865217106555,37.0,10563.92,285.5113513513514,5.765450695308575,0.020193420219617,,,,,,16.0,33.28,2.08,0.0181631628353745,0.0087322898246992,1.0,1.52,1.52,0.0008295675333464,0.0005457681140437,,,,,,,,,,,3.0,14.0,4.666666666666667,0.0076407535966118,0.0016373043421311,1.0,2.68,2.68,0.0014626585456371,0.0005457681140437,0.8,1.0,0.8,0.8,1.0,0.8,0.0004366144912349,0.0005457681140437,0.0004366144912349,0.0005457681140437,0.5,0.5,0.5,0.5,103.67750796728318,1694.0,0.0612027792014658,0.0179493409302494,2.105426110228523,0.0571855756904599,0.924531185190036,224359.0,195383.0,0.0,0.8708498433314464,0.0,887.0,0.0,3101.0,1828.0,111.0,0.0,1519.0,921.0,776.0,0.0,1582.0,907.0,0.125140924464487,0.874859075535513,0.0,0.0,0.4898419864559819,0.510158013544018,0.5038293216630197,0.4961706783369803,baseline,male_P42,male,P42,1112051,CTRL,saline,CTRL_saline
3,inactive,5,green,6,3-6,,,,1633.32,9166.68,1.0,1633.32,,,,,,,,,,,,,1.0,1633.32,1633.32,0.1781801044653025,0.0001090907504134,,,,,,,,,,,,,,,,,,,,,,,,,,,,,,,,,,,,,,,,,,,,,,,,,,,,,,,,,40834.0,40559.666666666664,0.0,0.9932817423389004,0.0,,,,,,,,,,,,,,,,,,,,,baseline,male_P42,male,P42,1112051,CTRL,saline,CTRL_saline
3,inactive,5,red,3,0-3,24.0,262.96,10.956666666666663,6738.8,4061.2,39.0,172.7897435897436,0.0647493351718703,0.0059095833743721,6.0,30.24,5.04,0.0074460750517088,0.001477395843593,16.0,99.92,6.245,0.0246035654486358,0.0039397222495814,89.0,9343.4,104.98202247191011,2.300650054171181,0.0219147050132965,,,,,,22.0,61.84,2.810909090909091,0.0152270264946321,0.0054171180931744,8.0,178.2,22.275,0.0438786565547128,0.0019698611247907,1.0,20.96,20.96,0.0051610361469516,0.0002462326405988,3.0,43.6,14.533333333333331,0.0107357431301093,0.0007386979217965,63.0,338.44,5.372063492063492,0.0833349748842706,0.0155126563577267,12.0,30.52,2.5433333333333334,0.0075150201910765,0.002954791687186,2.4,3.0,0.7999999999999999,0.8,1.0,0.8,0.0005909583374372,0.0007386979217965,0.000196986112479,0.0002462326405988,0.7499999999999999,0.25,0.75,0.25,97.24048324905108,4025.0,0.0241591262730561,0.0051242578126169,2.0751863195546205,0.0213457313831918,0.991086378410322,168509.0,162987.3333333333,0.0,0.967232215094347,0.0,6031.0,1618.0,3276.0,6598.0,37.0,0.0,172.0,90.0,5994.0,1618.0,3104.0,6508.0,0.0061349693251533,0.9938650306748468,0.0,1.0,0.0525030525030525,0.9474969474969476,0.0136404971203394,0.9863595028796605,baseline,male_P42,male,P42,1111882,ELA,saline,ELA_saline
3,inactive,5,red,6,3-6,,,,1600.88,9199.12,1.0,1600.88,,,1.0,0.96,0.96,0.0001043578081381,0.0001087060501439,,,,,,2.0,1630.88,815.44,0.1772865230587273,0.0002174121002878,,,,,,,,,,,,,,,,,,,,,,,,,,,,,,,,,,,,,,,,,,,,,,,,,,1.5760989217684886,31.0,0.0508419007022093,0.0235299814300229,2.1797041587770183,0.0495298249497325,0.0033698875544617,40023.0,40019.0,0.0,0.9999000574669564,0.0,0.0,0.0,25.0,0.0,0.0,0.0,0.0,0.0,0.0,0.0,25.0,0.0,0.0,0.0,0.0,0.0,0.0,1.0,0.0,0.0,baseline,male_P42,male,P42,1111882,ELA,saline,ELA_saline
3,inactive,5,yellow,3,0-3,20.0,83.4,4.17,8333.96,2466.040000000001,67.0,124.38746268656716,0.0338194027671894,0.008110168529302,9.0,60.28,6.697777777777778,0.0244440479473163,0.0036495758381859,14.0,72.76,5.1971428571428575,0.0295047931096008,0.0056771179705114,42.0,10540.32,250.96,4.2741885776386415,0.0170313539115342,,,,,,46.0,178.48,3.88,0.0723751439554913,0.0186533876173946,3.0,9.12,3.0399999999999996,0.0036982368493617,0.0012165252793953,1.0,1.72,1.72,0.0006974744935199,0.0004055084264651,3.0,27.6,9.2,0.0111920325704368,0.0012165252793953,24.0,69.92,2.9133333333333336,0.0283531491784399,0.0097322022351624,1.0,1.96,1.96,0.0007947965158715,0.0004055084264651,0.0,0.0,0.0,1.6,2.0,0.8,0.0,0.0,0.0006488134823441,0.0008110168529302,0.0,1.0,0.0,1.0,81.83862520532362,2403.0,0.0340568560987613,0.0086368335233297,2.1681599338823223,0.0314407151215992,0.9744367487956396,208416.0,190072.3333333333,17.0,0.911985324223348,8.156763396284354e-05,4739.0,737.0,3349.0,2105.0,148.0,0.0,1670.0,881.0,4591.0,737.0,1679.0,1224.0,0.0312302173454315,0.9687697826545684,0.0,1.0,0.4986563153180053,0.5013436846819946,0.4185273159144893,0.5814726840855107,baseline,male_P42,male,P42,1111983,CTRL,saline,CTRL_saline
3,inactive,5,yellow,6,3-6,,,,1632.8,9167.2,2.0,816.4,,,,,,,,,,,,,1.0,1633.32,1633.32,0.1781699973819704,0.0001090845623527,,,,,,,,,,,,,,,,,,,,,,,,,,,,,,,,,,,,,,,,,,,,,,,,,,,,,,,,,40822.0,40551.666666666664,0.0,0.9933777538255516,0.0,,,,,,,,,,,,,,,,,,,,,baseline,male_P42,male,P42,1111983,CTRL,saline,CTRL_saline
3,inactive,6,blue,3,0-3,1.0,12.68,12.68,10023.44,776.5599999999995,79.0,126.87898734177216,0.016328422787679,0.0012877305037601,2.0,11.48,5.74,0.0147831461831667,0.0025754610075203,,,,,,20.0,10698.72,534.9359999999999,13.777068095189048,0.0257546100752034,,,,,,3.0,7.76,2.5866666666666664,0.0099927887091789,0.0038631915112805,6.0,17.88,2.98,0.0230246214072319,0.007726383022561,,,,,,,,,,,9.0,28.16,3.128888888888889,0.0362624909858865,0.0115895745338415,3.0,7.2,2.4,0.0092716596270732,0.0038631915112805,1.6,1.0,1.6,0.0,0.0,0.0,0.0020603688060162,0.0012877305037601,0.0,0.0,1.0,0.0,1.0,0.0,19.364093481295946,708.0,0.0273504145216044,0.0066461676423423,1.9674886600031225,0.0223451102213098,0.9117131966622032,250665.0,234600.0,27.0,0.9359104781281792,0.0001077134821375,650.0,0.0,289.0,318.0,0.0,0.0,0.0,3.0,650.0,0.0,289.0,315.0,0.0,1.0,0.0,0.0,0.0,1.0,0.0094339622641509,0.9905660377358492,baseline,male_P42,male,P42,1111883,ELA,saline,ELA_saline
3,inactive,6,blue,6,3-6,,,,2571.84,8228.16,1.0,2571.84,,,,,,,,,,,,,1.0,2571.84,2571.84,0.3125656282814141,0.0001215338544705,,,,,,,,,,,,,,,,,,,,,,,,,,,,,,,,,,,,,,,,,,,,,,,,,,,,,,,,,64297.0,64297.0,0.0,1.0,0.0,,,,,,,,,,,,,,,,,,,,,baseline,male_P42,male,P42,1111883,ELA,saline,ELA_saline
3,inactive,6,green,3,0-3,5.0,10.04,2.008,9656.04,1143.9599999999991,154.0,62.70155844155845,0.0087765306479247,0.0043707821951816,8.0,45.48,5.685,0.0397566348473723,0.0069932515122906,1.0,2.44,2.44,0.0021329417112486,0.0008741564390363,31.0,10597.36,341.8503225806452,9.26375048078605,0.0270988496101262,,,,,,11.0,25.56,2.3236363636363637,0.0223434385817686,0.0096157208293996,,,,,,,,,,,,,,,,7.0,30.24,4.319999999999999,0.0264344907164586,0.0061190950732543,,,,,,,,,,,,,,,,,,,,53.20986950326494,1025.0,0.0519120678080633,0.0124992709563782,1.9908684685442144,0.0517703354195305,0.8960103500122388,241555.0,229644.66666666663,3.0,0.9506930788709266,1.2419531783651755e-05,650.0,0.0,1207.0,256.0,23.0,0.0,0.0,65.0,627.0,0.0,1207.0,191.0,0.0353846153846153,0.9646153846153848,0.0,0.0,0.0,1.0,0.25390625,0.74609375,baseline,male_P42,male,P42,1112052,CTRL,saline,CTRL_saline
3,inactive,6,green,6,3-6,,,,2571.84,8228.16,1.0,2571.84,,,,,,,,,,,,,1.0,2571.84,2571.84,0.3125656282814141,0.0001215338544705,,,,,,,,,,,,,,,,,,,,,,,,,,,,,,,,,,,,,,,,,,,,,,,,,,,,,,,,,64297.0,64297.0,0.0,1.0,0.0,,,,,,,,,,,,,,,,,,,,,baseline,male_P42,male,P42,1112052,CTRL,saline,CTRL_saline
3,inactive,6,red,3,0-3,2.0,4.6,2.3,10182.8,617.2000000000007,29.0,351.1310344827586,0.0074530136098509,0.0032404406999351,1.0,2.64,2.64,0.0042773817239144,0.0016202203499675,,,,,,19.0,10702.56,563.2926315789473,17.340505508749168,0.0307841866493842,,,,,,8.0,40.08,5.01,0.0649384316267011,0.0129617627997407,,,,,,1.0,1.16,1.16,0.0018794556059624,0.0016202203499675,,,,,,11.0,46.48,4.225454545454546,0.0753078418664937,0.0178224238496435,2.0,4.8,2.4,0.0077770576798444,0.0032404406999351,0.0,0.0,0.0,1.6,1.0,1.6,0.0,0.0,0.0025923525599481,0.0016202203499675,0.0,1.0,0.0,1.0,14.970226581463285,588.0,0.025459569016094,0.0048242097876012,2.0981137443683124,0.0198247900871693,0.9526895657809452,254599.0,235226.0,1695.0,0.9239077922537008,0.0066575281128362,1010.0,30.0,67.0,117.0,0.0,0.0,0.0,3.0,1010.0,30.0,67.0,114.0,0.0,1.0,0.0,1.0,0.0,1.0,0.0256410256410256,0.9743589743589745,baseline,male_P42,male,P42,1112042,ELA,saline,ELA_saline
3,inactive,6,red,6,3-6,,,,2571.84,8228.16,1.0,2571.84,,,,,,,,,,,,,1.0,2571.84,2571.84,0.3125656282814141,0.0001215338544705,,,,,,,,,,,,,,,,,,,,,,,,,,,,,,,,,,,,,,,,,,,,,,,,,,,,,,,,,64297.0,64297.0,0.0,1.0,0.0,,,,,,,,,,,,,,,,,,,,,baseline,male_P42,male,P42,1112042,ELA,saline,ELA_saline
3,inactive,6,yellow,3,0-3,3.0,8.96,2.986666666666667,10183.4,616.6000000000004,93.0,109.4989247311828,0.0145313006811547,0.0048653908530651,1.0,2.48,2.48,0.0040220564385338,0.0016217969510217,,,,,,6.0,10784.44,1797.4066666666668,17.4901719104768,0.0097307817061303,,,,,,11.0,144.56,13.141818181818184,0.2344469672397014,0.017839766461239,1.0,1.4,1.4,0.0022705157314304,0.0016217969510217,2.0,10.84,5.42,0.0175802789490755,0.0032435939020434,1.0,0.96,0.96,0.0015569250729808,0.0016217969510217,1.0,2.6,2.6,0.0042166720726565,0.0016217969510217,,,,,,,,,,,,,,,,,,,,20.461687432228157,548.0,0.0373388456792484,0.0069440267989584,2.118139636493886,0.0332302470031533,0.8887447291599087,254678.0,237412.0,275.0,0.932204587753948,0.0010797948782384,3661.0,298.0,63.0,227.0,23.0,0.0,0.0,65.0,3638.0,298.0,63.0,162.0,0.0062824364927615,0.9937175635072384,0.0,1.0,0.0,1.0,0.2863436123348017,0.7136563876651982,baseline,male_P42,male,P42,1111984,CTRL,saline,CTRL_saline
3,inactive,6,yellow,6,3-6,,,,2571.84,8228.16,1.0,2571.84,,,,,,,,,,,,,1.0,2571.84,2571.84,0.3125656282814141,0.0001215338544705,,,,,,,,,,,,,,,,,,,,,,,,,,,,,,,,,,,,,,,,,,,,,,,,,,,,,,,,,64297.0,64297.0,0.0,1.0,0.0,,,,,,,,,,,,,,,,,,,,,baseline,male_P42,male,P42,1111984,CTRL,saline,CTRL_saline
3,inactive,7,blue,3,0-3,,,,10720.68,79.31999999999971,17.0,630.6282352941176,,,,,,,,,,,,,4.0,10787.72,2696.93,136.00252143217398,0.0504286434694908,,,,,,,,,,,,,,,,2.0,3.24,1.62,0.0408472012102875,0.0252143217347454,,,,,,2.0,7.2,3.6,0.0907715582450835,0.0252143217347454,,,,,,,,,,,,,,,,,,,,0.8986221062245981,67.0,0.0134122702421581,0.0048271169736327,2.1121153943334594,0.0064609341204425,0.8446797781139719,268034.0,231712.3333333333,2286.0,0.8644885847815326,0.0085287687382943,0.0,83.0,0.0,0.0,0.0,0.0,0.0,0.0,0.0,83.0,0.0,0.0,0.0,0.0,0.0,1.0,0.0,0.0,0.0,0.0,baseline,male_P42,male,P42,1112053,CTRL,MDMA,CTRL_MDMA
3,inactive,7,blue,6,3-6,,,,2701.28,8098.719999999999,1.0,2701.28,,,,,,,,,,,,,1.0,2701.28,2701.28,0.3335440662228106,0.000123476302428,,,,,,,,,,,,,,,,,,,,,,,,,,,,,,,,,,,,,,,,,,,,,,,,,,,,,,,,,67533.0,67416.33333333334,0.0,0.9982724495185072,0.0,,,,,,,,,,,,,,,,,,,,,baseline,male_P42,male,P42,1112053,CTRL,MDMA,CTRL_MDMA
3,inactive,7,green,3,0-3,15.0,272.04,18.136000000000003,7588.4,3211.6000000000004,56.0,135.50714285714284,0.0847054427699589,0.0046705691866982,7.0,109.56,15.651428571428571,0.0341138373396437,0.0021795989537925,12.0,93.2,7.766666666666667,0.0290198032133515,0.0037364553493585,82.0,9480.16,115.61170731707315,2.9518495453979323,0.0255324448872835,,,,,,35.0,295.48,8.442285714285715,0.0920039855523726,0.0108979947689625,4.0,28.56,7.14,0.0088927637314734,0.0012454851164528,3.0,21.52,7.173333333333333,0.0067007099265163,0.0009341138373396,3.0,28.4,9.466666666666669,0.0088429443268152,0.0009341138373396,40.0,196.2,4.904999999999999,0.0610910449620126,0.0124548511645285,8.0,18.28,2.285,0.0056918669821895,0.0024909702329057,,,,,,,,,,,,,,,94.91699018796908,3165.0,0.0299895703595478,0.0057329992008173,2.0735669034064244,0.0281853808091266,0.985490098393324,189766.0,188378.6666666667,0.0,0.9926892418381938,0.0,8140.0,1254.0,5088.0,6816.0,49.0,0.0,47.0,177.0,8091.0,1254.0,5041.0,6639.0,0.006019656019656,0.993980343980344,0.0,1.0,0.0092374213836477,0.9907625786163522,0.0259683098591549,0.9740316901408452,baseline,male_P42,male,P42,1111884,ELA,MDMA,ELA_MDMA
3,inactive,7,green,6,3-6,,,,2696.56,8103.44,3.0,898.8533333333334,,,,,,,,,,,,,1.0,2701.28,2701.28,0.3333497872508466,0.0001234043813491,,,,,,,,,,,,,,,,,,,,,,,,,,,,,,,,,,,,,,,,,,,,,,,,,,0.2506189669003829,2.0,0.1253094834501914,0.1253094834501914,0.0279817969306805,,0.0002468087626983,67417.0,67376.66666666666,0.0,0.9994017334895748,0.0,,,,,,,,,,,,,,,,,,,,,baseline,male_P42,male,P42,1111884,ELA,MDMA,ELA_MDMA
3,inactive,7,red,3,0-3,2.0,25.92,12.96,10499.36,300.6399999999994,33.0,318.16242424242427,0.0862160723789251,0.006652474720596,1.0,1.84,1.84,0.0061202767429483,0.003326237360298,,,,,,14.0,10710.92,765.0657142857143,35.62706226716345,0.0465673230441725,,,,,,,,,,,1.0,1.92,1.92,0.0063863757317722,0.003326237360298,2.0,6.96,3.48,0.0231506120276743,0.006652474720596,,,,,,3.0,11.48,3.826666666666666,0.0381852048962214,0.0099787120808941,1.0,2.2,2.2,0.0073177221926556,0.003326237360298,,,,,,,,,,,,,,,12.007422206757653,274.0,0.043822708783787,0.0144144748316104,1.8462189769050423,0.0387997481094531,0.9113890367216624,262517.0,230388.0,402.0,0.8776117356209312,0.0015313293996198,49.0,176.0,47.0,650.0,49.0,0.0,0.0,0.0,0.0,176.0,47.0,650.0,1.0,0.0,0.0,1.0,0.0,1.0,0.0,1.0,baseline,male_P42,male,P42,1111985,CTRL,MDMA,CTRL_MDMA
3,inactive,7,red,6,3-6,,,,2701.28,8098.719999999999,1.0,2701.28,,,,,,,,,,,,,1.0,2701.28,2701.28,0.3335440662228106,0.000123476302428,,,,,,,,,,,,,,,,,,,,,,,,,,,,,,,,,,,,,,,,,,,,,,,,,,,,,,,,,67533.0,67416.33333333334,0.0,0.9982724495185072,0.0,,,,,,,,,,,,,,,,,,,,,baseline,male_P42,male,P42,1111985,CTRL,MDMA,CTRL_MDMA
3,inactive,7,yellow,3,0-3,1.0,19.56,19.56,9852.76,947.2399999999998,77.0,127.95792207792208,0.0206494658164773,0.001055698661374,1.0,2.36,2.36,0.0024914488408428,0.001055698661374,2.0,4.6,2.3,0.0048562138423208,0.0021113973227481,7.0,10775.12,1539.3028571428572,11.375279760145268,0.0073898906296186,,,,,,13.0,57.32,4.409230769230769,0.0605126472699632,0.0137240825978632,1.0,1.56,1.56,0.0016468899117435,0.001055698661374,6.0,33.84,5.640000000000001,0.0357248427008994,0.0063341919682445,,,,,,11.0,46.76,4.250909090909091,0.0493644694058528,0.011612685275115,,,,,,,,,,,,,,,,,,,,26.90395890329655,887.0,0.0303314080082261,0.0073700124946443,2.048072378787716,0.0254295455929753,0.9364047126388246,246396.0,224177.0,124.0,0.9098240231172584,0.0005032549229695,1486.0,852.0,177.0,490.0,0.0,0.0,47.0,177.0,1486.0,852.0,130.0,313.0,0.0,1.0,0.0,1.0,0.2655367231638418,0.7344632768361582,0.3612244897959183,0.6387755102040816,baseline,male_P42,male,P42,1112043,ELA,MDMA,ELA_MDMA
3,inactive,7,yellow,6,3-6,,,,2691.88,8108.12,2.0,1345.94,,,,,,,,,,,,,1.0,2701.28,2701.28,0.3331573780358455,0.0001233331524447,,,,,,,,,,,,,,,,,,,,,,,,,,,,,,,,,,,,,,,,,,,,,,,,,,0.1985480643584606,8.0,0.0248185080448075,0.0100551157924489,2.184552691559462,0.026248519728762,0.0009866652195576,67299.0,67298.0,0.0,0.9999851409382012,0.0,,,,,,,,,,,,,,,,,,,,,baseline,male_P42,male,P42,1112043,ELA,MDMA,ELA_MDMA
3,inactive,8,blue,3,0-3,3.0,67.0,22.333333333333332,10002.28,797.7199999999993,38.0,263.21789473684214,0.0839893697036554,0.0037607180464323,,,,,,,,,,,23.0,10599.36,460.8417391304348,13.287068144211013,0.0288321716893145,,,,,,5.0,33.56,6.712000000000001,0.0420698992127563,0.0062678634107205,,,,,,2.0,33.88,16.94,0.0424710424710425,0.0025071453642882,,,,,,14.0,74.68,5.3342857142857145,0.0936168079025222,0.0175500175500175,,,,,,1.0,1.0,1.0,0.0,0.0,0.0,0.0012535726821441,0.0012535726821441,0.0,0.0,1.0,0.0,1.0,0.0,18.736680851108044,762.0,0.0245888200145774,0.005634759303533,2.03729376127408,0.0251988713850184,0.9552223837938132,250095.0,243861.0,0.0,0.9750734720806092,0.0,844.0,849.0,0.0,1678.0,0.0,0.0,0.0,0.0,844.0,849.0,0.0,1678.0,0.0,1.0,0.0,1.0,0.0,0.0,0.0,1.0,baseline,male_P42,male,P42,1112054,CTRL,MDMA,CTRL_MDMA
3,inactive,8,blue,6,3-6,,,,2740.84,8059.16,1.0,2740.84,,,,,,,,,,,,,1.0,2740.84,2740.84,0.3400900341971123,0.0001240824105738,,,,,,,,,,,,,,,,,,,,,,,,,,,,,,,,,,,,,,,,,,,,,,,,,,,,,,,,,68522.0,68351.33333333333,0.0,0.9975093157428756,0.0,,,,,,,,,,,,,,,,,,,,,baseline,male_P42,male,P42,1112054,CTRL,MDMA,CTRL_MDMA
3,inactive,8,green,3,0-3,9.0,138.16,15.351111111111113,9765.08,1034.92,46.0,212.28434782608696,0.133498241409964,0.0086963243535732,5.0,14.36,2.872,0.0138754686352568,0.0048312913075406,2.0,6.96,3.48,0.0067251575000966,0.0019325165230162,42.0,10406.0,247.76190476190476,10.054883469253662,0.0405828469833417,,,,,,10.0,90.24,9.024,0.0871951455184941,0.0096625826150813,,,,,,3.0,21.16,7.053333333333334,0.0204460248135121,0.0028987747845244,1.0,7.04,7.04,0.0068024581610172,0.0009662582615081,10.0,27.4,2.74,0.0264754763653229,0.0096625826150813,2.0,6.44,3.22,0.0062227032041123,0.0019325165230162,0.0,0.0,0.0,1.0,1.0,1.0,0.0,0.0,0.0009662582615081,0.0009662582615081,0.0,1.0,0.0,1.0,35.35643506160032,992.0,0.0356415676024196,0.0099902921003607,1.942849536428509,0.0298551449972145,0.9585281954160708,244173.0,240338.3333333333,0.0,0.984295287903795,0.0,2266.0,709.0,540.0,3463.0,0.0,0.0,0.0,0.0,2266.0,709.0,540.0,3463.0,0.0,1.0,0.0,1.0,0.0,1.0,0.0,1.0,baseline,male_P42,male,P42,1112044,ELA,MDMA,ELA_MDMA
3,inactive,8,green,6,3-6,,,,2720.32,8079.68,2.0,1360.16,,,1.0,1.16,1.16,0.0001435700423779,0.0001237672779119,,,,,,1.0,2740.84,2740.84,0.3392263059923165,0.0001237672779119,,,,,,,,,,,,,,,,,,,,,,,,,,1.0,2.8,2.8,0.0003465483781535,0.0001237672779119,,,,,,,,,,,,,,,,,,,,1.036292255032715,18.0,0.0575717919462619,0.0168665501236277,1.0939840341324951,0.0568648540666792,0.0022278110024159,68010.0,68010.0,0.0,1.0,0.0,0.0,0.0,30.0,0.0,0.0,0.0,0.0,0.0,0.0,0.0,30.0,0.0,0.0,0.0,0.0,0.0,0.0,1.0,0.0,0.0,baseline,male_P42,male,P42,1112044,ELA,MDMA,ELA_MDMA
3,inactive,8,red,3,0-3,,,,10687.56,112.44000000000052,25.0,427.5024,,,,,,,,,,,,,5.0,10793.32,2158.664,95.99181785841292,0.0444681607968692,,,,,,,,,,,,,,,,1.0,4.28,4.28,0.03806474564212,0.0088936321593738,,,,,,2.0,4.48,2.24,0.0398434720739948,0.0177872643187476,,,,,,,,,,,,,,,,,,,,2.172025480512363,90.0,0.0241336164501373,0.0041136689723608,2.0234134745315147,0.0228500215710049,0.8004268943436462,267214.0,252786.3333333333,39.0,0.9460070704878236,0.0001459504367286,0.0,108.0,0.0,0.0,0.0,0.0,0.0,0.0,0.0,108.0,0.0,0.0,0.0,0.0,0.0,1.0,0.0,0.0,0.0,0.0,baseline,male_P42,male,P42,1111885,ELA,MDMA,ELA_MDMA
3,inactive,8,red,6,3-6,,,,2740.84,8059.16,1.0,2740.84,,,,,,,,,,,,,1.0,2740.84,2740.84,0.3400900341971123,0.0001240824105738,,,,,,,,,,,,,,,,,,,,,,,,,,,,,,,,,,,,,,,,,,,,,,,,,,,,,,,,,68522.0,68351.33333333333,0.0,0.9975093157428756,0.0,,,,,,,,,,,,,,,,,,,,,baseline,male_P42,male,P42,1111885,ELA,MDMA,ELA_MDMA
3,inactive,8,yellow,3,0-3,,,,10794.56,5.440000000000509,12.0,899.5466666666666,,,,,,,,,,,,,3.0,10800.0,3600.0,1985.294117646873,0.5514705882352425,,,,,,,,,,,,,,,,,,,,,,,,,,,,,,,,,,,,,,,,,,,,,,,,,,0.0,0.0,,,,,0.0,269876.0,253755.66666666663,245.0,0.9402676290839744,0.0009078243341386,,,,,,,,,,,,,,,,,,,,,baseline,male_P42,male,P42,1111986,CTRL,MDMA,CTRL_MDMA
3,inactive,8,yellow,6,3-6,,,,2740.84,8059.16,1.0,2740.84,,,,,,,,,,,,,1.0,2740.84,2740.84,0.3400900341971123,0.0001240824105738,,,,,,,,,,,,,,,,,,,,,,,,,,,,,,,,,,,,,,,,,,,,,,,,,,,,,,,,,68522.0,68351.33333333333,0.0,0.9975093157428756,0.0,,,,,,,,,,,,,,,,,,,,,baseline,male_P42,male,P42,1111986,CTRL,MDMA,CTRL_MDMA
