day,phase,box,mouse,time_bin,time_window,s_wall_count,s_wall_duration,s_wall_mean_duration,nest_duration,outside_nest_duration,nest_count,nest_mean_duration,s_wall_duration_fraction,s_wall_event_rate,ramp1_count,ramp1_duration,ramp1_mean_duration,ramp1_duration_fraction,ramp1_event_rate,ramp2_count,ramp2_duration,ramp2_mean_duration,ramp2_duration_fraction,ramp2_event_rate,non_wall_count,non_wall_duration,non_wall_mean_duration,non_wall_duration_fraction,non_wall_event_rate,woodstick_count,woodstick_duration,woodstick_mean_duration,woodstick_duration_fraction,woodstick_event_rate,feeder_prox_count,feeder_prox_duration,feeder_prox_mean_duration,feeder_prox_duration_fraction,feeder_prox_event_rate,feeder_dist_count,feeder_dist_duration,feeder_dist_mean_duration,feeder_dist_duration_fraction,feeder_dist_event_rate,water_prox_count,water_prox_duration,water_prox_mean_duration,water_prox_duration_fraction,water_prox_event_rate,water_dist_count,water_dist_duration,water_dist_mean_duration,water_dist_duration_fraction,water_dist_event_rate,motionless_count,motionless_duration,motionless_mean_duration,motionless_duration_fraction,motionless_event_rate,speeding_count,speeding_duration,speeding_mean_duration,speeding_duration_fraction,speeding_event_rate,chasing_duration,chasing_count,chasing_mean_duration,chased_duration,chased_count,chased_mean_duration,chasing_duration_fraction,chasing_event_rate,chased_duration_fraction,chased_event_rate,chasing_duration_ratio,chased_duration_ratio,chasing_event_ratio,chased_event_ratio,total_distance,valid_locomotion_duration,mean_speed,median_speed,mean_abs_angular_velocity,mean_abs_acceleration,valid_locomotion_duration_fraction,nest_frames,weighted_sum,alone_sum,weighted_co_occupancy,alone_fraction,feeding_frames,drinking_frames,ramps_frames,s_wall_frames,feeding_together_frames,drinking_together_frames,ramps_together_frames,s_wall_together_frames,feeding_alone_frames,drinking_alone_frames,ramps_alone_frames,s_wall_alone_frames,feeding_together_fraction,feeding_alone_fraction,drinking_together_fraction,drinking_alone_fraction,ramps_together_fraction,ramps_alone_fraction,s_wall_together_fraction,s_wall_alone_fraction
1,active,1,blue,18,12-18,13.0,124.84,9.603076923076925,1567.32,20032.68,27,58.04888888888889,0.0062318172106777,0.0006489396326402,3.0,14.2,4.733333333333333,0.0007088417525762,0.00014975529984,9.0,91.64,10.182222222222222,0.004574525225781,0.0004492658995201,36,2894.52,80.40333333333334,0.1444899034976847,0.0017970635980807,,,,,,13.0,69.92,5.378461538461538,0.003490296854939,0.0006489396326402,42.0,447.12,10.645714285714286,0.0223195298881627,0.0020965741977608,5.0,59.12,11.824,0.0029511777755148,0.0002495921664001,1.0,18.6,18.6,0.0009284828590083,4.991843328002045e-05,36.0,149.76,4.16,0.0074757845680158,0.0017970635980807,2.0,4.2,2.1,0.000209657419776,9.98368665600409e-05,1.2,1.0,1.2,0.0,0.0,0.0,5.9902119936024535e-05,4.991843328002045e-05,0.0,0.0,1.0,0.0,1.0,0.0,51.31668162203753,1706.0,0.0300801181840782,0.0046374026013689,2.0130349297434114,0.0261888520925183,0.0851608471757148,39210,39196.333333333336,0,0.9996514494601718,0.0,12981.0,1949.0,2658.0,3134.0,468.0,0.0,0.0,0.0,12513.0,1949.0,2658.0,3134.0,0.0360526923965796,0.9639473076034204,0.0,1.0,0.0,1.0,0.0,1.0
1,active,1,blue,24,18-24,49.0,277.88,5.671020408163265,15820.76,5779.24,149,106.17959731543624,0.0480824468269184,0.0084786234868252,24.0,84.6,3.525,0.0146386029997023,0.0041527951772205,29.0,126.72,4.369655172413793,0.0219267585357244,0.0050179608391414,156,20480.04,131.2823076923077,3.543725472553485,0.0269931686519334,,,,,,137.0,828.8,6.04963503649635,0.1434098601200157,0.0237055391366338,58.0,508.8,8.772413793103448,0.0880392577570753,0.0100359216782829,24.0,170.12,7.088333333333334,0.0294363964811982,0.0041527951772205,7.0,34.92,4.988571428571428,0.0060423169828558,0.0012112319266893,69.0,262.2,3.8,0.0453692873111343,0.011939286134509,15.0,40.28,2.6853333333333333,0.0069697745724351,0.0025954969857628,25.2,23.0,1.0956521739130434,0.0,0.0,0.0,0.0043604349360815,0.0039797620448363,0.0,0.0,1.0,0.0,1.0,0.0,251.25738476535335,5627.0,0.0446521032104768,0.0086310322484463,1.9197009671080656,0.0387537430182574,0.9736574359258312,395668,319976.0,591,0.8086982015224885,0.0014936765166755,33635.0,5157.0,5336.0,6996.0,3749.0,61.0,188.0,80.0,29886.0,5096.0,5148.0,6916.0,0.1114612754571131,0.8885387245428868,0.0118285825092107,0.9881714174907892,0.0352323838080959,0.964767616191904,0.0114351057747284,0.9885648942252716
1,active,1,green,18,12-18,,,,3241.92,18358.08,9,360.21333333333337,,,,,,,,,,,,,1,3302.0,3302.0,0.1798663041015182,5.447192734752218e-05,,,,,,4.0,28.4,7.1,0.0015470027366696,0.00021788770939,,,,,,,,,,,,,,,,1.0,1.96,1.96,0.0001067649776011,5.447192734752218e-05,,,,,,0.0,0.0,0.0,1.2,1.0,1.2,0.0,0.0,6.53663128170266e-05,5.447192734752218e-05,0.0,1.0,0.0,1.0,0.8101273047758794,48.0,0.0168776521828308,0.0027209733939129,1.6204950471774868,0.0142219977518824,0.002614652512681,81057,65042.333333333314,2,0.8024270986260695,2.467399484313508e-05,714.0,0.0,0.0,0.0,473.0,0.0,0.0,0.0,241.0,0.0,0.0,0.0,0.6624649859943977,0.3375350140056022,0.0,0.0,0.0,0.0,0.0,0.0
1,active,1,green,24,18-24,21.0,104.64,4.982857142857143,17935.28,3664.720000000001,415,43.2175421686747,0.0285533410465192,0.0057303150036019,11.0,68.84,6.258181818181819,0.0187845183260931,0.0030015935733152,18.0,111.08,6.171111111111111,0.0303106376476238,0.0049116985745159,49,21244.92,433.56979591836733,5.79714684887249,0.0133707350084044,,,,,,102.0,1262.2,12.374509803921567,0.3444192189307777,0.0278329585889235,14.0,74.56,5.325714285714286,0.020345346984217,0.0038202100024012,15.0,149.2,9.946666666666664,0.0407125237398764,0.0040930821454299,4.0,24.84,6.21,0.0067781440328319,0.0010914885721146,40.0,138.32,3.4579999999999997,0.0377436748237245,0.0109148857211464,3.0,8.92,2.973333333333333,0.0024340195158156,0.0008186164290859,0.0,0.0,0.0,19.8,18.0,1.1,0.0,0.0,0.0054028684319675,0.0049116985745159,0.0,1.0,0.0,1.0,126.3195331434437,3335.0,0.0378769214822919,0.0069883892755028,1.9861050130610551,0.0311202628985101,0.9100285970005892,448797,350215.99999999994,2377,0.780343897129437,0.0052963812146694,33535.0,4370.0,4527.0,2637.0,1087.0,147.0,1075.0,431.0,32448.0,4223.0,3452.0,2206.0,0.0324138959296257,0.9675861040703744,0.0336384439359267,0.9663615560640731,0.237464104263309,0.762535895736691,0.1634433067880167,0.8365566932119833
1,active,1,red,18,12-18,,,,3017.44,18582.56,4,754.36,,,,,,,,,,,,,1,3302.0,3302.0,0.1776934932538896,5.381389862322521e-05,,,,,,,,,,,,,,,,,,,,,,,,,,1.0,2.08,2.08,0.0001119329091363,5.381389862322521e-05,1.0,2.44,2.44,0.0001313059126406,5.381389862322521e-05,,,,,,,,,,,,,,,2.809895198781025,279.0,0.0100713089562043,0.0025821103541616,2.2744973951887975,0.0082141427839209,0.0150140777158798,75440,63115.66666666666,206,0.8366339696005655,0.0027306468716861,,,,,,,,,,,,,,,,,,,,
1,active,1,red,24,18-24,27.0,404.16,14.96888888888889,18105.84,3494.16,66,274.3309090909091,0.1156672848409918,0.0077271790644961,21.0,130.0,6.190476190476191,0.0372049362364631,0.0060100281612748,17.0,141.92,8.348235294117647,0.0406163426975295,0.0048652608924605,57,20665.32,362.5494736842105,5.914245483893125,0.016312933580603,,,,,,15.0,118.24,7.882666666666666,0.0338393204661492,0.0042928772580534,36.0,1130.56,31.404444444444444,0.3235570208576596,0.0103029054193282,6.0,47.2,7.866666666666667,0.0135082537720081,0.0017171509032213,8.0,79.28,9.91,0.0226892872678984,0.0022895345376285,63.0,277.12,4.398730158730158,0.0793094763834512,0.0180300844838244,14.0,38.76,2.768571428571428,0.01109279483481,0.0040066854408498,7.0,7.0,1.0,4.4,4.0,1.1,0.0020033427204249,0.0020033427204249,0.0012592439956956,0.0011447672688142,0.6140350877192983,0.3859649122807018,0.6363636363636364,0.3636363636363636,100.13878313185424,3425.0,0.0292376009144099,0.003809696181002,2.055955642010954,0.0260846624258011,0.9802069739222016,452712,343464.0,13188,0.7586810157451095,0.0291311032179398,31271.0,3176.0,6836.0,10131.0,5040.0,0.0,598.0,36.0,26231.0,3176.0,6238.0,10095.0,0.1611716926225576,0.8388283073774424,0.0,1.0,0.0874780573434757,0.9125219426565244,0.0035534498075214,0.9964465501924784
1,active,1,yellow,18,12-18,,,,3282.2,18317.8,6,547.0333333333333,,,,,,,,,,,,,1,3302.0,3302.0,0.1802618218344998,5.459170861129612e-05,,,,,,1.0,1.84,1.84,0.0001004487438447,5.459170861129612e-05,,,,,,,,,,,,,,,,,,,,,,,,,,,,,,,,,,,,,,,,0.3551737165503727,9.0,0.0394637462833747,0.0157509956166127,2.100151443067358,0.0337527507176571,0.0004913253775016,82061,65064.99999999999,979,0.7928857800904204,0.0119301495229158,47.0,0.0,0.0,0.0,35.0,0.0,0.0,0.0,12.0,0.0,0.0,0.0,0.7446808510638298,0.2553191489361702,0.0,0.0,0.0,0.0,0.0,0.0
1,active,1,yellow,24,18-24,47.0,320.28,6.814468085106382,16103.8,5496.200000000001,179,89.96536312849162,0.0582729886103125,0.0085513627597249,23.0,96.2,4.182608695652174,0.0175030020741603,0.00418470943561,47.0,235.08,5.001702127659574,0.0427713693097048,0.0085513627597249,113,20637.08,182.62902654867256,3.754790582584331,0.0205596594010407,,,,,,100.0,1268.96,12.6896,0.2308795167570321,0.0181943888504785,26.0,548.04,21.078461538461536,0.0997125286561624,0.0047305411011244,26.0,245.6,9.446153846153846,0.0446854190167752,0.0047305411011244,11.0,48.28,4.38909090909091,0.008784250937011,0.0020013827735526,68.0,242.96,3.5729411764705885,0.0442050871511225,0.0123721844183253,6.0,13.36,2.2266666666666666,0.0024307703504239,0.0010916633310287,0.0,0.0,0.0,8.0,8.0,1.0,0.0,0.0,0.0014555511080382,0.0014555511080382,0.0,1.0,0.0,1.0,174.90641388373336,5347.0,0.0327111303317249,0.0064080456157167,2.077158438728522,0.0287659961973178,0.972853971835086,402774,322025.3333333333,2096,0.7995186713475381,0.0052039108780606,45551.0,7384.0,8352.0,8054.0,3263.0,208.0,485.0,435.0,42288.0,7176.0,7867.0,7619.0,0.0716339926675594,0.9283660073324406,0.028169014084507,0.971830985915493,0.0580699233716475,0.9419300766283524,0.0540104296001986,0.9459895703998014
1,active,2,blue,18,12-18,5.0,29.92,5.984,2476.0,19124.0,14,176.85714285714286,0.0015645262497385,0.0002614515791675,2.0,8.04,4.02,0.0004204141393014,0.000104580631667,3.0,31.4,10.466666666666669,0.0016419159171721,0.0001568709475005,15,3192.76,212.85066666666668,0.1669504287805898,0.0007843547375026,1.0,1.04,1.04,5.438192846684794e-05,5.229031583350764e-05,30.0,207.28,6.9093333333333335,0.0108387366659694,0.0015687094750052,3.0,24.04,8.013333333333334,0.0012570591926375,0.0001568709475005,4.0,45.84,11.46,0.0023969880778079,0.000209161263334,,,,,,4.0,13.0,3.25,0.0006797741058355,0.000209161263334,7.0,17.76,2.537142857142858,0.000928676009203,0.0003660322108345,0.8,1.0,0.8,3.8,3.0,1.2666666666666666,4.183225266680611e-05,5.229031583350764e-05,0.0001987032001673,0.0001568709475005,0.1739130434782609,0.8260869565217391,0.25,0.75,27.193232605918872,812.0,0.0334892027166488,0.0061923042557419,2.0742639421605835,0.0308984123242455,0.0424597364568082,61914,34310.66666666666,7945,0.5541665320713677,0.1283231579287398,5816.0,1150.0,991.0,753.0,1782.0,92.0,30.0,189.0,4034.0,1058.0,961.0,564.0,0.3063961485557084,0.6936038514442916,0.08,0.92,0.0302724520686175,0.9697275479313824,0.250996015936255,0.749003984063745
1,active,2,blue,24,18-24,62.0,1004.08,16.19483870967742,13139.48,8460.52,91,144.3898901098901,0.1186782845498858,0.0073281547706287,36.0,241.92,6.72,0.0285939871308146,0.0042550576087521,30.0,229.52,7.650666666666667,0.0271283561766889,0.0035458813406268,155,19617.48,126.5643870967742,2.3187085427373257,0.0183203869265718,4.0,7.32,1.83,0.0008651950471129,0.0004727841787502,133.0,821.16,6.174135338345865,0.0970578640556372,0.0157200739434455,128.0,381.36,2.979375,0.0450752436020481,0.0151290937200077,15.0,156.96,10.464,0.0185520511741595,0.0017729406703134,18.0,185.88,10.326666666666666,0.0219702807865237,0.002127528804376,127.0,516.08,4.0636220472440945,0.0609986147423562,0.0150108976753201,28.0,70.0,2.5,0.0082737231281292,0.0033094892512516,5.2,3.0,1.7333333333333334,25.6,19.0,1.3473684210526315,0.0006146194323753,0.0003545881340626,0.0030258187440015,0.0022457248490636,0.1688311688311688,0.8311688311688312,0.1363636363636363,0.8636363636363636,190.0687745967433,8366.0,0.0227191937122571,0.0036624802065009,2.139328897029272,0.0220689609706419,0.9888281098561316,328578,177909.3333333333,36097,0.5414523593586099,0.1098582376178563,30324.0,8604.0,11852.0,25164.0,6660.0,919.0,1775.0,4504.0,23664.0,7685.0,10077.0,20660.0,0.2196280174119509,0.7803719825880491,0.1068107856810785,0.8931892143189214,0.149763752953088,0.8502362470469119,0.1789858528055952,0.8210141471944047
1,active,2,green,18,12-18,6.0,27.04,4.506666666666667,2308.68,19291.32,50,46.17359999999999,0.0014016666562993,0.0003110207077587,4.0,24.04,6.01,0.0012461563024199,0.0002073471385058,5.0,27.48,5.496,0.0014244748415349,0.0002591839231322,17,3160.76,185.92705882352945,0.16384363537591,0.0008812253386497,,,,,,1.0,3.76,3.76,0.0001949063101954,5.183678462645377e-05,20.0,273.96,13.698,0.0142012055162632,0.001036735692529,1.0,2.28,2.28,0.0001181878689483,5.183678462645377e-05,5.0,46.64,9.328,0.0024176676349778,0.0002591839231322,8.0,30.6,3.825,0.0015862056095694,0.0004146942770116,3.0,7.72,2.5733333333333333,0.0004001799773162,0.0001555103538793,1.2,1.0,1.2,1.8,2.0,0.9,6.220414155174452e-05,5.183678462645377e-05,9.330621232761678e-05,0.0001036735692529,0.3999999999999999,0.6,0.3333333333333333,0.6666666666666666,37.22493924261694,957.0,0.0388975331688787,0.0052249460385739,1.9663723144728291,0.036475132765216,0.0496078028875162,57767,34404.99999999999,3315,0.5955822528433187,0.057385704641058,6964.0,1229.0,1297.0,682.0,724.0,317.0,143.0,0.0,6240.0,912.0,1154.0,682.0,0.1039632395175186,0.8960367604824814,0.25793327908869,0.74206672091131,0.110254433307633,0.889745566692367,0.0,1.0
1,active,2,green,24,18-24,69.0,511.96,7.419710144927536,12606.84,8993.16,346,36.435953757225434,0.0569277095036672,0.007672497764968,37.0,342.12,9.246486486486486,0.0380422454398676,0.0041142379319393,31.0,269.68,8.699354838709677,0.029987234742849,0.0034470642132465,160,19452.2,121.57625,2.1629994351262516,0.0177912991651432,1.0,1.04,1.04,0.0001156434445734,0.0001111956197821,70.0,2519.84,35.99771428571429,0.2801951705518416,0.0077836933847501,59.0,441.52,7.483389830508474,0.0490950900462128,0.0065605415671465,29.0,365.6,12.60689655172414,0.0406531185923524,0.0032246729736822,12.0,51.68,4.306666666666667,0.0057465896303412,0.0013343474373857,114.0,489.72,4.295789473684211,0.0544547189197123,0.0126763006551645,19.0,45.4,2.389473684210526,0.0050482811381094,0.0021127167758607,4.8,4.0,1.2,22.0,16.0,1.375,0.0005337389749542,0.0004447824791285,0.0024463036352072,0.0017791299165143,0.1791044776119403,0.8208955223880596,0.2,0.8,241.6980353930417,8756.0,0.027603704361928,0.0039802567656552,2.054381851776448,0.0245268070761229,0.9736288468124664,315517,153672.99999999997,58615,0.4870514108590028,0.1857744590624277,74163.0,10473.0,15363.0,12868.0,18353.0,464.0,2736.0,3453.0,55810.0,10009.0,12627.0,9415.0,0.2474684141687903,0.7525315858312096,0.0443044017950921,0.955695598204908,0.1780902167545401,0.8219097832454598,0.2683400683866956,0.7316599316133043
1,active,2,red,18,12-18,31.0,398.96,12.869677419354838,361.44,21238.56,14,25.81714285714286,0.018784701034345,0.0014596093143791,21.0,68.2,3.2476190476190476,0.003211140491634,0.0009887676000632,12.0,44.88,3.74,0.0021131376138495,0.000565010057179,60,2336.36,38.93933333333334,0.1100055747658975,0.002825050285895,3.0,3.96,1.32,0.000186453318869,0.0001412525142947,11.0,74.92,6.8109090909090915,0.0035275461236543,0.0005179258857474,44.0,732.4,16.645454545454545,0.0344844471564927,0.0020717035429897,1.0,20.0,20.0,0.0009416834286316,4.7084171431584814e-05,10.0,102.08,10.208,0.0048063522197361,0.0004708417143158,53.0,326.48,6.16,0.0153720402889838,0.0024954610858739,1.0,2.36,2.36,0.0001111186445785,4.7084171431584814e-05,1.0,1.0,1.0,0.0,0.0,0.0,4.7084171431584814e-05,4.7084171431584814e-05,0.0,0.0,1.0,0.0,1.0,0.0,93.31686491328776,2928.0,0.0318705139731174,0.0047741718252108,2.0785168156512173,0.0299296628101738,0.1378624539516803,9050,5373.666666666666,2725,0.5937753222836095,0.3011049723756906,20238.0,3063.0,2860.0,10005.0,839.0,150.0,35.0,720.0,19399.0,2913.0,2825.0,9285.0,0.0414566656784267,0.9585433343215732,0.048971596474045,0.951028403525955,0.0122377622377622,0.9877622377622378,0.0719640179910044,0.9280359820089956
1,active,2,red,24,18-24,167.0,1985.4,11.88862275449102,9591.64,12008.36,83,115.56192771084336,0.1653348167443347,0.0139069781385634,87.0,339.28,3.899770114942529,0.0282536499571964,0.0072449526829642,82.0,259.6,3.1658536585365855,0.0216182726034196,0.0068285760919892,275,17707.68,64.39156363636364,1.474612686495075,0.0229007125036224,34.0,73.48,2.1611764705882353,0.0061190703809679,0.0028313608186296,102.0,1298.96,12.734901960784311,0.1081713073225652,0.008494082455889,182.0,2523.92,13.867692307692309,0.2101802410987012,0.0151561079114883,19.0,102.24,5.381052631578947,0.0085140685322558,0.0015822310457048,36.0,309.2,8.588888888888889,0.0257487283858911,0.0029979114550196,186.0,911.36,4.899784946236559,0.0758937939901868,0.0154892091842682,24.0,59.48,2.478333333333333,0.004953215926238,0.0019986076366797,32.4,24.0,1.35,7.4,8.0,0.925,0.0026981203095177,0.0019986076366797,0.0006162373546429,0.0006662025455599,0.8140703517587939,0.185929648241206,0.75,0.25,436.55253831587873,11920.0,0.0366235350936139,0.0074655857345945,2.04603072766305,0.0326758699694923,0.9926417928842906,239874,147057.99999999997,18045,0.6130635250173007,0.0752269941719402,95856.0,10341.0,15141.0,49802.0,23532.0,1426.0,1357.0,9139.0,72324.0,8915.0,13784.0,40663.0,0.2454932398597896,0.7545067601402103,0.1378976888115269,0.862102311188473,0.0896241991942408,0.9103758008057592,0.1835066864784546,0.8164933135215453
1,active,2,yellow,18,12-18,13.0,84.96,6.535384615384615,1944.28,19655.72,29,67.04413793103448,0.0043224058950778,0.0006613850828155,7.0,31.96,4.565714285714286,0.0016259897882143,0.0003561304292083,7.0,48.8,6.971428571428571,0.0024827378493385,0.0003561304292083,44,2927.4,66.53181818181818,0.14893374549495,0.0022385341264527,,,,,,8.0,31.92,3.99,0.0016239547571902,0.0004070062048095,17.0,137.0,8.058823529411764,0.0069699812573642,0.0008648881852203,5.0,29.8,5.96,0.0015160981129157,0.0002543788780059,3.0,39.84,13.28,0.0020268908999517,0.0001526273268035,11.0,42.68,3.88,0.0021713781026591,0.0005596335316131,2.0,5.44,2.72,0.0002767642192705,0.0001017515512023,3.4,3.0,1.1333333333333333,0.8,1.0,0.8,0.000172977637044,0.0001526273268035,4.0700620480959235e-05,5.087577560119904e-05,0.8095238095238094,0.1904761904761904,0.75,0.25,50.171506588288416,1328.0,0.0377797489369641,0.0114057236619634,2.0095070767170826,0.0331943616451766,0.0675630299983923,48636,32341.999999999993,697,0.6649806727526933,0.0143309482687721,4248.0,1749.0,2033.0,2137.0,2038.0,202.0,182.0,703.0,2210.0,1547.0,1851.0,1434.0,0.4797551789077213,0.5202448210922788,0.115494568324757,0.884505431675243,0.0895228726020659,0.910477127397934,0.3289658399625643,0.6710341600374357
1,active,2,yellow,24,18-24,108.0,980.96,9.082962962962965,11062.28,10537.72,210,52.67752380952381,0.0930903459192311,0.010248896345699,43.0,289.52,6.733023255813953,0.0274746339815443,0.0040805791006024,44.0,280.6,6.377272727272728,0.0266281510611403,0.0041754762889885,261,18844.52,72.20122605363984,1.7882919644856765,0.0247681661687727,1.0,1.32,1.32,0.0001252642886696,9.48971883861025e-05,78.0,1220.6,15.648717948717948,0.1158315081440767,0.0074019806941159,101.0,936.8,9.275247524752476,0.0888996860801008,0.0095846160269963,42.0,356.84,8.496190476190476,0.0338631127036968,0.0039856819122163,16.0,82.68,5.1675,0.0078460995357629,0.0015183550141776,127.0,729.68,5.745511811023622,0.0692445804215712,0.012051942925035,18.0,49.32,2.74,0.0046803293312025,0.0017081493909498,17.2,17.0,1.011764705882353,4.6,5.0,0.92,0.0016322316402409,0.0016132522025637,0.000436527066576,0.0004744859419305,0.7889908256880734,0.2110091743119266,0.7727272727272727,0.2272727272727272,320.2255797418291,10350.0,0.0309396695402733,0.0068490394022135,2.037680528838991,0.0289047019042896,0.9821858997961608,276767,179936.3333333333,8119,0.650136516757176,0.0293351447246239,54114.0,11046.0,14340.0,24632.0,12477.0,449.0,2078.0,7961.0,41637.0,10597.0,12262.0,16671.0,0.2305687992016853,0.7694312007983146,0.0406481984428752,0.9593518015571249,0.1449093444909344,0.8550906555090656,0.3231974667099708,0.6768025332900293
1,active,3,blue,18,12-18,7.0,22.32,3.1885714285714286,2168.4,19431.6,26,83.4,0.0011486444760081,0.0003602379629057,9.0,31.6,3.511111111111111,0.0016262170896889,0.0004631630951645,6.0,26.12,4.3533333333333335,0.0013442022272998,0.0003087753967763,17,3186.0,187.41176470588235,0.1639597356882603,0.0008748636241997,2.0,3.2,1.6,0.000164680211614,0.0001029251322587,44.0,400.44,9.100909090909092,0.0206076699808559,0.0022643529096934,5.0,48.2,9.64,0.0024804956874369,0.0002573128306469,4.0,30.0,7.5,0.0015438769838819,0.0002058502645175,3.0,25.4,8.466666666666667,0.0013071491796866,0.0001543876983881,13.0,51.28,3.9446153846153846,0.0026390003911155,0.0006690133596821,4.0,12.12,3.03,0.0006237263014882,0.0002058502645175,4.4,4.0,1.1,0.0,0.0,0.0,0.0002264352909693,0.0002058502645175,0.0,0.0,1.0,0.0,1.0,0.0,39.938197371661374,1105.0,0.0361431650422274,0.0065734927246413,1.9902228073182195,0.0301084255440887,0.0568661355729842,54236,34136.99999999999,1008,0.6294158861272954,0.0185854414042333,11265.0,1392.0,1458.0,565.0,2267.0,196.0,51.0,0.0,8998.0,1196.0,1407.0,565.0,0.201242787394585,0.798757212605415,0.1408045977011494,0.8591954022988506,0.0349794238683127,0.9650205761316872,0.0,1.0
1,active,3,blue,24,18-24,31.0,175.04,5.646451612903226,16701.68,4898.32,118,141.53966101694917,0.0357347008770353,0.0063287004524,41.0,150.64,3.6741463414634143,0.030753401166114,0.0083702167273677,18.0,71.08,3.948888888888889,0.0145110976824707,0.0036747292949419,105,20811.0,198.2,4.2485995198353725,0.0214359208871613,1.0,1.12,1.12,0.0002286498227963,0.0002041516274967,78.0,696.56,8.93025641025641,0.1422038576491531,0.0159238269447484,50.0,482.8,9.656,0.0985644057554426,0.0102075813748387,19.0,111.96,5.892631578947368,0.0228568162145388,0.0038788809224387,11.0,86.72,7.883636363636364,0.0177040291365202,0.0022456679024645,76.0,333.76,4.391578947368421,0.0681376471933234,0.0155155236897548,17.0,42.08,2.475294117647058,0.0085907004850642,0.0034705776674451,2.6,3.0,0.8666666666666667,0.0,0.0,0.0,0.0005307942314916,0.0006124548824903,0.0,0.0,1.0,0.0,1.0,0.0,186.53134102260063,4774.0,0.0390723378765397,0.0063947667851071,1.98766061886631,0.0358405709496769,0.974619869669601,417660,319207.99999999994,15905,0.7642771632428289,0.0380812143849063,29612.0,4997.0,5602.0,4407.0,472.0,93.0,0.0,0.0,29140.0,4904.0,5602.0,4407.0,0.0159394839929758,0.9840605160070242,0.01861116670002,0.98138883329998,0.0,1.0,0.0,1.0
1,active,3,green,18,12-18,,,,2804.08,18795.92,63,44.509206349206345,,,,,,,,1.0,9.04,9.04,0.0004809554413936,5.320303555239648e-05,2,3291.6,1645.8,0.1751231118242682,0.0001064060711047,,,,,,42.0,165.12,3.931428571428571,0.0087848852304117,0.0022345274932006,,,,,,1.0,8.0,8.0,0.0004256242844191,5.320303555239648e-05,,,,,,1.0,5.68,5.68,0.0003021932419376,5.320303555239648e-05,,,,,,0.0,0.0,0.0,1.8,2.0,0.9,0.0,0.0,9.576546399431368e-05,0.0001064060711047,0.0,1.0,0.0,1.0,7.711661417739037,446.0,0.0172907206675763,0.0059036564768881,1.9917721092516767,0.0127095541306556,0.0237285538563688,70165,43473.66666666666,300,0.6195919142972516,0.0042756360008551,4170.0,201.0,227.0,0.0,136.0,0.0,0.0,0.0,4034.0,201.0,227.0,0.0,0.0326139088729016,0.9673860911270984,0.0,1.0,0.0,1.0,0.0,0.0
1,active,3,green,24,18-24,25.0,222.92,8.9168,18309.32,3290.6800000000003,265,69.09177358490565,0.0677428373466882,0.0075972139497003,15.0,60.64,4.042666666666666,0.0184278021563932,0.0045583283698202,29.0,157.72,5.438620689655172,0.0479293033658696,0.0088127681816524,52,21073.84,405.2661538461538,6.404098848870142,0.0158022050153767,2.0,4.92,2.46,0.001495131705301,0.000607777115976,83.0,1195.08,14.398554216867469,0.3631711378803164,0.0252227503130052,10.0,57.04,5.704,0.0173338033476363,0.0030388855798801,16.0,170.16,10.635,0.0517096770272405,0.0048622169278082,4.0,20.88,5.22,0.0063451930907897,0.001215554231952,36.0,141.44,3.928888888888889,0.0429819976418247,0.0109399880875685,3.0,6.84,2.28,0.002078597736638,0.000911665673964,0.0,0.0,0.0,1.0,1.0,1.0,0.0,0.0,0.000303888557988,0.000303888557988,0.0,1.0,0.0,1.0,100.59318038694558,3086.0,0.032596623586178,0.0051986158796163,2.029035116291347,0.0289718344670373,0.937800089951013,457998,358670.99999999994,1329,0.7831278739208467,0.0029017593963292,31396.0,4796.0,5503.0,5598.0,3846.0,397.0,401.0,225.0,27550.0,4399.0,5102.0,5373.0,0.1224996814880876,0.8775003185119123,0.0827773144286905,0.9172226855713094,0.0728693439941849,0.927130656005815,0.040192926045016,0.959807073954984
1,active,3,red,18,12-18,14.0,125.44,8.959999999999999,1883.52,19716.48,28,67.26857142857143,0.0063621904112701,0.0007100658941149,13.0,77.92,5.993846153846154,0.0039520238906741,0.0006593469016781,12.0,114.72,9.56,0.0058184828123478,0.0006086279092414,29,2917.48,100.60275862068966,0.1479716460544681,0.0014708507806667,2.0,4.52,2.26,0.0002292498458142,0.0001014379848735,17.0,264.68,15.569411764705883,0.0134243029181679,0.0008622228714253,15.0,293.72,19.581333333333337,0.0148971824585321,0.0007607848865517,5.0,49.12,9.824,0.0024913169084948,0.0002535949621839,5.0,40.24,8.048,0.0020409322556561,0.0002535949621839,28.0,105.84,3.78,0.0053680981595092,0.0014201317882299,3.0,8.12,2.7066666666666666,0.0004118382185866,0.0001521569773103,,,,,,,,,,,,,,,43.070057772870264,1389.0,0.0310079609595898,0.00409436279495,2.023944911481767,0.0283602188578065,0.0704486804946927,47116,28982.666666666664,1831,0.615134278518267,0.0388615332371169,13992.0,2244.0,4841.0,3150.0,3750.0,0.0,0.0,0.0,10242.0,2244.0,4841.0,3150.0,0.2680102915951972,0.7319897084048027,0.0,1.0,0.0,1.0,0.0,1.0
1,active,3,red,24,18-24,60.0,379.32,6.322,17055.16,4544.84,40,426.379,0.0834616840196794,0.0132017848813159,50.0,343.24,6.8648,0.0755230107110481,0.0110014874010966,37.0,241.6,6.52972972972973,0.0531591871220989,0.0081411006768115,83,20446.04,246.3378313253012,4.498737029246354,0.0182624690858204,12.0,24.6,2.0500000000000003,0.0054127318013395,0.0026403569762631,109.0,1069.72,9.81394495412844,0.2353702220540217,0.0239832425343906,44.0,731.56,16.626363636363635,0.1609649624629249,0.009681308912965,19.0,145.36,7.650526315789475,0.0319835241724681,0.0041805652124167,15.0,87.0,5.8,0.0191425880779081,0.0033004462203289,74.0,282.0,3.810810810810811,0.0620483889421849,0.016282201353623,6.0,15.4,2.566666666666667,0.0033884581195377,0.0013201784881315,1.0,1.0,1.0,0.8,1.0,0.8,0.0002200297480219,0.0002200297480219,0.0001760237984175,0.0002200297480219,0.5555555555555556,0.4444444444444445,0.5,0.5,130.3551642553454,4501.0,0.0289613784170951,0.0050630103083531,2.0663723235237823,0.0290650110571056,0.9903538958467184,426419,343396.3333333333,2014,0.8053026092489625,0.004723054085301,45185.0,5843.0,14708.0,9543.0,5072.0,712.0,0.0,43.0,40113.0,5131.0,14708.0,9500.0,0.1122496403673785,0.8877503596326215,0.1218552113640253,0.8781447886359747,0.0,1.0,0.0045059205700513,0.9954940794299486
1,active,3,yellow,18,12-18,,,,2067.92,19532.08,30,68.93066666666667,,,1.0,3.2,3.2,0.0001638330377512,5.1197824297258656e-05,1.0,12.36,12.36,0.0006328051083141,5.1197824297258656e-05,3,3285.28,1095.0933333333337,0.1681991882072979,0.0001535934728917,,,,,,42.0,822.24,19.577142857142857,0.0420968990501779,0.0021503086204848,,,,,,5.0,77.16,15.432,0.0039504241227764,0.0002559891214862,,,,,,14.0,38.0,2.7142857142857144,0.0019455173232958,0.0007167695401616,,,,,,0.0,0.0,0.0,2.6,2.0,1.3,0.0,0.0,0.0001331143431728,0.0001023956485945,0.0,1.0,0.0,1.0,13.35403934693226,1204.0,0.0110913948064221,0.0026120943275326,2.1613184493966315,0.0093435039940923,0.0616421804538994,51728,33839.99999999999,246,0.6541911537271883,0.0047556449118465,20598.0,1934.0,391.0,0.0,1743.0,196.0,51.0,0.0,18855.0,1738.0,340.0,0.0,0.0846198660064083,0.9153801339935916,0.1013443640124095,0.8986556359875905,0.1304347826086956,0.8695652173913043,0.0,0.0
1,active,3,yellow,24,18-24,10.0,76.72,7.672,16745.84,4854.16,147,113.91727891156462,0.0158050002472106,0.0020600886662161,11.0,72.92,6.629090909090909,0.0150221665540484,0.0022660975328378,15.0,83.56,5.570666666666667,0.0172141008949025,0.0030901329993242,51,21258.76,416.838431372549,4.379493053381017,0.0105064521977025,,,,,,177.0,1862.52,10.52271186440678,0.3836956342600985,0.0364635693920266,17.0,60.72,3.571764705882353,0.0125088583812647,0.0035021507325675,13.0,284.0,21.846153846153847,0.0585065181205399,0.002678115266081,5.0,33.2,6.640000000000001,0.0068394943718377,0.001030044333108,43.0,256.08,5.955348837209302,0.0527547505644642,0.0088583812647296,11.0,28.44,2.5854545454545454,0.0058588921667188,0.0022660975328378,0.0,0.0,0.0,1.8,2.0,0.9,0.0,0.0,0.0003708159599189,0.0004120177332432,0.0,1.0,0.0,1.0,84.94055763917586,4733.0,0.0179464520682814,0.0037850152933023,2.117325424939789,0.0165906800269901,0.9750399657201246,418793,343685.3333333333,307,0.820656824095277,0.0007330590530405,48275.0,7948.0,3938.0,1928.0,2536.0,372.0,401.0,268.0,45739.0,7576.0,3537.0,1660.0,0.0525323666494044,0.9474676333505956,0.0468042274786109,0.953195772521389,0.1018283392585068,0.8981716607414931,0.1390041493775933,0.8609958506224067
1,active,4,blue,18,12-18,37.0,206.96,5.593513513513514,1244.92,20355.08,36,34.58111111111111,0.010167486445644,0.0018177280560921,7.0,31.64,4.5200000000000005,0.0015544031268852,0.0003438944970985,6.0,44.6,7.433333333333334,0.0021910992243705,0.0002947667117987,55,2736.36,49.752,0.1344313065829267,0.0027020281914883,1.0,2.32,2.32,0.0001139764618955,4.9127785299787565e-05,36.0,311.04,8.64,0.0152807063396459,0.0017686002707923,23.0,167.92,7.300869565217391,0.0082495377075403,0.0011299390618951,8.0,44.12,5.515,0.0021675178874266,0.0003930222823983,3.0,24.44,8.146666666666667,0.0012006830727268,0.0001473833558993,50.0,188.44,3.7688,0.0092576398618919,0.0024563892649893,1.0,2.2,2.2,0.0001080811276595,4.9127785299787565e-05,1.0,1.0,1.0,0.0,0.0,0.0,4.9127785299787565e-05,4.9127785299787565e-05,0.0,0.0,1.0,0.0,1.0,0.0,68.91616877034866,2022.0,0.0340831695204493,0.0059515994073637,2.007381160361616,0.0313220878334316,0.0993363818761704,31159,26020.333333333332,1401,0.8350824266931972,0.0449629320581533,12033.0,1725.0,1919.0,5211.0,2623.0,0.0,303.0,399.0,9410.0,1725.0,1616.0,4812.0,0.2179838776697415,0.7820161223302584,0.0,1.0,0.1578947368421052,0.8421052631578947,0.0765687967760506,0.9234312032239492
1,active,4,blue,24,18-24,61.0,458.6,7.518032786885247,17586.88,4013.119999999999,96,183.1966666666667,0.1142751774180687,0.0152001435292241,26.0,155.72,5.989230769230769,0.0388027270552587,0.0064787497009807,18.0,70.24,3.902222222222222,0.0175025914998803,0.0044852882545251,132,20332.32,154.03272727272727,5.066462004624832,0.0328921138665178,2.0,7.4,3.7,0.0018439518379714,0.0004983653616139,14.0,48.48,3.462857142857142,0.012080376365521,0.0034885575312973,39.0,212.2,5.44102564102564,0.0528765648672354,0.0097181245514711,11.0,77.32,7.029090909090908,0.0192668048799936,0.0027410094888764,10.0,67.04,6.704000000000001,0.0167052069212981,0.0024918268080695,54.0,209.6,3.8814814814814818,0.0522286898971374,0.0134558647635754,6.0,16.52,2.7533333333333334,0.0041164978869308,0.0014950960848417,17.2,17.0,1.011764705882353,0.0,0.0,0.0,0.0042859421098795,0.0042361055737182,0.0,0.0,1.0,0.0,1.0,0.0,178.6053567973491,3837.0,0.0465481774295932,0.0113107154145129,1.8899861466953296,0.0398936628323263,0.9561139462562795,439768,300791.0,49374,0.6839765512724891,0.1122728347674228,6570.0,3630.0,5693.0,11526.0,596.0,0.0,555.0,1152.0,5974.0,3630.0,5138.0,10374.0,0.0907153729071537,0.9092846270928464,0.0,1.0,0.0974881433339188,0.9025118566660812,0.0999479437792816,0.9000520562207184
1,active,4,green,18,12-18,1.0,2.56,2.56,2574.64,19025.36,32,80.4575,0.0001345572435948,5.256142327924412e-05,,,,,,1.0,13.84,13.84,0.0007274500981847,5.256142327924412e-05,4,3270.64,817.66,0.171909493434027,0.0002102456931169,,,,,,7.0,338.04,48.291428571428575,0.0177678635253156,0.0003679299629547,3.0,9.44,3.1466666666666665,0.000496179835756,0.0001576842698377,8.0,69.44,8.68,0.0036498652325107,0.0004204913862339,,,,,,14.0,48.36,3.454285714285714,0.0025418704297842,0.0007358599259094,,,,,,0.0,0.0,0.0,0.8,1.0,0.8,0.0,0.0,4.20491386233953e-05,5.256142327924412e-05,0.0,1.0,0.0,1.0,12.913767045823343,697.0,0.0185276428204065,0.0031571519769319,2.002658172362974,0.0157708919161972,0.0366353120256331,64398,42466.666666666664,1840,0.6594407693820719,0.028572315910432,8697.0,1744.0,347.0,65.0,3399.0,0.0,0.0,13.0,5298.0,1744.0,347.0,52.0,0.3908244222145567,0.6091755777854433,0.0,1.0,0.0,1.0,0.2,0.8
1,active,4,green,24,18-24,82.0,704.56,8.59219512195122,14186.36,7413.639999999999,299,47.44602006688963,0.0950356370150155,0.0110606935324617,20.0,145.04,7.252,0.019563938901808,0.0026977301298687,23.0,184.8,8.034782608695652,0.024927026399987,0.003102389649349,161,19615.92,121.83801242236024,2.6459229204547294,0.0217167275454432,4.0,9.56,2.39,0.0012895150020772,0.0005395460259737,19.0,122.08,6.425263157894737,0.0164669447127187,0.0025628436233752,66.0,749.96,11.363030303030303,0.1011594844098175,0.0089025094285668,15.0,153.52,10.234666666666667,0.0207077764768723,0.0020232975974015,6.0,46.56,7.760000000000001,0.0062803157423344,0.0008093190389606,114.0,433.36,3.80140350877193,0.0584544164539956,0.0153770617402517,8.0,20.6,2.575,0.0027786620337647,0.0010790920519474,3.6,4.0,0.9,7.6,7.0,1.0857142857142856,0.0004855914233763,0.0005395460259737,0.0010251374493501,0.000944205545454,0.3214285714285714,0.6785714285714286,0.3636363636363636,0.6363636363636364,219.28626615592495,7103.0,0.0308723449466316,0.0071357065045515,2.0449837213181388,0.0278119903991984,0.958098855622879,354958,287581.0,6507,0.8101831766011753,0.0183317462911104,21886.0,5023.0,8289.0,17696.0,2736.0,488.0,1973.0,5221.0,19150.0,4535.0,6316.0,12475.0,0.1250114228273782,0.8749885771726218,0.0971530957595062,0.9028469042404936,0.2380262999155507,0.7619737000844493,0.2950384267631103,0.7049615732368897
1,active,4,red,18,12-18,16.0,151.96,9.4975,1904.96,19695.04,30,63.498666666666665,0.0077156482038117,0.0008123872812647,9.0,45.2,5.022222222222222,0.0022949940695728,0.0004569678457114,6.0,31.16,5.193333333333333,0.001582124230263,0.0003046452304742,31,2970.6,95.8258064516129,0.1508298536078119,0.0015740003574504,9.0,21.64,2.4044444444444446,0.0010987537979105,0.0004569678457114,37.0,354.08,9.56972972972973,0.0179781305343883,0.0018786455879246,6.0,115.16,19.19333333333333,0.0058471574569028,0.0003046452304742,7.0,100.92,14.417142857142858,0.0051241327765772,0.0003554194355533,2.0,5.68,2.84,0.0002883974848489,0.000101548410158,26.0,100.68,3.8723076923076927,0.0051119469673582,0.0013201293320551,,,,,,0.8,1.0,0.8,0.0,0.0,0.0,4.061936406323623e-05,5.077420507904528e-05,0.0,0.0,1.0,0.0,1.0,0.0,38.75379884318493,1368.0,0.0283288003239655,0.0058207112380113,2.0477153621988773,0.0275300098175842,0.0694591125481339,47654,35048.33333333333,1066,0.7354751612316559,0.0223695807277458,11774.0,2674.0,1924.0,3815.0,3755.0,0.0,126.0,351.0,8019.0,2674.0,1798.0,3464.0,0.318923050789876,0.681076949210124,0.0,1.0,0.0654885654885654,0.9345114345114344,0.092005242463958,0.907994757536042
1,active,4,red,24,18-24,120.0,1314.32,10.952666666666666,14299.04,7300.959999999999,87,164.35678160919542,0.1800201617321558,0.0164361946922048,42.0,267.48,6.368571428571429,0.0366362779689246,0.0057526681422717,30.0,150.56,5.018666666666666,0.020621945607153,0.0041090486730512,158,18975.28,120.09670886075948,2.5990116368258422,0.0216409896780697,14.0,43.04,3.0742857142857143,0.0058951151629374,0.0019175560474239,17.0,109.64,6.449411764705882,0.0150172032171111,0.002328460914729,107.0,1661.6,15.528971962616822,0.2275865091713966,0.0146556069338826,20.0,181.32,9.066,0.0248350901799215,0.0027393657820341,23.0,202.44,8.801739130434783,0.0277278604457496,0.0031502706493392,116.0,604.04,5.207241379310345,0.0827343253489952,0.015888321535798,6.0,13.2,2.1999999999999997,0.0018079814161425,0.0008218097346102,2.4,3.0,0.7999999999999999,4.4,5.0,0.8800000000000001,0.000328723893844,0.0004109048673051,0.0006026604720475,0.0006848414455085,0.3529411764705882,0.6470588235294118,0.375,0.625,228.9199815627757,7131.0,0.0321020868830144,0.0075184892381307,2.0416707859667436,0.0307953624161695,0.976720869584274,357563,277730.3333333333,7206,0.7767311867652227,0.0201530919026856,44405.0,9637.0,10523.0,32978.0,1968.0,40.0,2122.0,5075.0,42437.0,9597.0,8401.0,27903.0,0.0443193334083999,0.9556806665916,0.0041506692954238,0.9958493307045762,0.2016535208590706,0.7983464791409294,0.1538904724361695,0.8461095275638304
1,active,4,yellow,18,12-18,3.0,6.56,2.1866666666666665,2945.76,18654.24,24,122.74,0.0003516626782972,0.0001608213467822,4.0,14.76,3.69,0.0007912410261688,0.0002144284623763,4.0,23.36,5.84,0.001252262220278,0.0002144284623763,9,3162.48,351.38666666666666,0.1695314309240151,0.0004824640403468,3.0,11.2,3.733333333333333,0.0006003996946538,0.0001608213467822,2.0,12.64,6.32,0.0006775939411093,0.0001072142311881,3.0,49.88,16.62666666666667,0.0026739229258334,0.0001608213467822,2.0,17.44,8.72,0.000934908095961,0.0001072142311881,2.0,2.44,1.22,0.0001308013620495,0.0001072142311881,3.0,10.4,3.466666666666667,0.0005575140021785,0.0001608213467822,,,,,,0.0,0.0,0.0,1.0,1.0,1.0,0.0,0.0,5.360711559409549e-05,5.360711559409549e-05,0.0,1.0,0.0,1.0,12.82487536361847,342.0,0.0374996355661358,0.0092669926715978,1.882793062621936,0.0321548561708194,0.0183336335331806,73668,44866.666666666664,4984,0.6090387504298564,0.0676548840744964,1568.0,501.0,961.0,167.0,1173.0,0.0,177.0,113.0,395.0,501.0,784.0,54.0,0.7480867346938775,0.2519132653061224,0.0,1.0,0.1841831425598335,0.8158168574401665,0.6766467065868264,0.3233532934131736
1,active,4,yellow,24,18-24,91.0,699.44,7.686153846153847,14031.52,7568.48,218,64.36477064220183,0.092414857408621,0.0120235503033634,54.0,492.96,9.128888888888888,0.065133289643363,0.0071348540261717,54.0,245.2,4.54074074074074,0.0323975223558759,0.0071348540261717,185,19642.92,106.17794594594594,2.595358645329049,0.0244434813859586,33.0,78.44,2.376969696969697,0.0103640361076464,0.0043601885715493,8.0,28.12,3.515,0.0037154091706657,0.0010570154112846,149.0,2032.52,13.641073825503357,0.2685506204680464,0.0196869120351774,7.0,69.72,9.96,0.0092118893093461,0.0009248884848741,50.0,369.24,7.3848,0.0487865463078451,0.0066063463205293,90.0,357.36,3.970666666666667,0.0472168784220874,0.0118914233769528,4.0,8.96,2.24,0.0011838572606388,0.0005285077056423,0.8,1.0,0.8,12.0,13.0,0.9230769230769232,0.0001057015411284,0.0001321269264105,0.001585523116927,0.0017176500433376,0.0625,0.9375,0.0714285714285714,0.9285714285714286,254.08574667482335,7305.0,0.0347824430766356,0.0082831219069652,2.1067623044799895,0.0319192627005219,0.9651871974293386,351006,274763.0,17417,0.782787188822983,0.0496202344119473,51673.0,11031.0,18562.0,17577.0,1294.0,448.0,1781.0,5343.0,50379.0,10583.0,16781.0,12234.0,0.0250420916145762,0.9749579083854236,0.040612818420814,0.959387181579186,0.0959487124232302,0.9040512875767698,0.3039767878477556,0.6960232121522444
1,active,5,blue,18,12-18,8.0,37.96,4.745,2457.36,19142.64,23,106.8417391304348,0.001983007568444,0.0004179151882916,1.0,8.92,8.92,0.0004659754349452,5.2239398536461014e-05,9.0,51.96,5.773333333333333,0.0027143591479545,0.0004701545868281,18,3055.16,169.7311111111111,0.1595997208326542,0.0009403091736562,,,,,,,,,,,2.0,82.4,41.2,0.0043045264394043,0.0001044787970729,3.0,30.2,10.066666666666666,0.0015776298358011,0.0001567181956093,4.0,43.28,10.82,0.002260921168658,0.0002089575941458,16.0,101.68,6.355,0.0053117020431873,0.0008358303765833,4.0,8.96,2.24,0.0004680650108866,0.0002089575941458,3.4,3.0,1.1333333333333333,3.0,3.0,1.0,0.0001776139550239,0.0001567181956093,0.0001567181956093,0.0001567181956093,0.53125,0.46875,0.5,0.5,29.647512522347967,826.0,0.0358928723030847,0.0045524210213895,2.1242525416458804,0.0290618486477707,0.0431497431911167,61457,39734.99999999999,570,0.6465496200595537,0.009274777486698,2062.0,1844.0,1532.0,957.0,0.0,33.0,134.0,105.0,2062.0,1811.0,1398.0,852.0,0.0,1.0,0.0178958785249457,0.9821041214750542,0.0874673629242819,0.912532637075718,0.109717868338558,0.890282131661442
1,active,5,blue,24,18-24,72.0,690.52,9.590555555555556,14287.4,7312.6,105,136.0704761904762,0.0944287941361485,0.0098460191997374,52.0,197.8,3.803846153846154,0.0270492027459453,0.007111013866477,83.0,487.0,5.867469879518072,0.0665973798648907,0.0113502721330306,191,19805.12,103.6917277486911,2.70835544129311,0.0261193009326368,12.0,24.0,2.0,0.0032820063999124,0.0016410031999562,7.0,16.16,2.3085714285714287,0.0022098843092744,0.0009572518666411,98.0,1565.28,15.972244897959184,0.2140524574022919,0.0134015261329759,14.0,120.12,8.58,0.0164264420315619,0.0019145037332822,22.0,149.24,6.783636363636364,0.0204086097967891,0.0030085058665864,94.0,447.36,4.759148936170213,0.0611765992943686,0.0128545250663238,13.0,34.4,2.646153846153846,0.0047042091732078,0.0017777534666192,9.2,10.0,0.92,11.6,12.0,0.9666666666666668,0.0012581024532997,0.0013675026666301,0.001586303093291,0.0016410031999562,0.4423076923076923,0.5576923076923077,0.4545454545454545,0.5454545454545454,262.70304006159745,7163.0,0.036675002102694,0.0067034240072839,2.1279346482393033,0.0339882450383925,0.9795421601072122,357290,308205.3333333333,19828,0.8626195340852901,0.0554955358392342,39641.0,6770.0,17255.0,17335.0,1112.0,238.0,3168.0,5417.0,38529.0,6532.0,14087.0,11918.0,0.0280517645871698,0.9719482354128302,0.0351550960118168,0.9648449039881832,0.1835989568241089,0.816401043175891,0.3124891837323334,0.6875108162676665
1,active,5,green,18,12-18,,,,3208.8,18391.2,65,49.36615384615385,,,,,,,,1.0,1.2,1.2,6.524859715516116e-05,5.43738309626343e-05,1,3303.0,3303.0,0.1795967636695811,5.43738309626343e-05,,,,,,,,,,,1.0,1.16,1.16,6.307364391665578e-05,5.43738309626343e-05,,,,,,,,,,,,,,,,,,,,,,,,,,,,,,,,,,,4.039553301097113,54.0,0.0748065426129095,0.0250772477002789,1.427958263948169,0.0424222583170211,0.0029361868719822,80285,44046.66666666666,7449,0.5486288430798613,0.092781964252351,30.0,0.0,31.0,0.0,0.0,0.0,31.0,0.0,30.0,0.0,0.0,0.0,0.0,1.0,0.0,0.0,1.0,0.0,0.0,0.0
1,active,5,green,24,18-24,57.0,564.84,9.909473684210528,14883.4,6716.6,150,99.22266666666668,0.084096120060745,0.0084864365899413,16.0,157.44,9.84,0.0234404311705327,0.0023821576392817,31.0,477.32,15.397419354838709,0.0710657177738736,0.0046154304261084,125,20288.48,162.30784,3.0206473513384746,0.0186106065568889,3.0,7.12,2.3733333333333335,0.0010600601494803,0.0004466545573653,5.0,18.8,3.76,0.002799035226156,0.0007444242622755,143.0,2294.12,16.042797202797203,0.3415597177143197,0.0212905339010809,10.0,118.84,11.884,0.0176934758657654,0.0014888485245511,16.0,131.44,8.215,0.0195694250066998,0.0023821576392817,46.0,161.92,3.5199999999999996,0.0241074353095316,0.0068487032129351,13.0,30.76,2.3661538461538463,0.0045796980615192,0.0019355030819164,0.0,0.0,0.0,4.6,5.0,0.92,0.0,0.0,0.0006848703212935,0.0007444242622755,0.0,1.0,0.0,1.0,191.107213478723,6561.0,0.0291277569697794,0.0050197016486109,2.218459757974753,0.0281643090566344,0.9768335169579846,372235,318569.3333333333,17742,0.8558285312593746,0.0476634384192781,57971.0,6283.0,15916.0,14178.0,1362.0,1166.0,3455.0,6487.0,56609.0,5117.0,12461.0,7691.0,0.0234945058736264,0.9765054941263736,0.1855801368772879,0.8144198631227121,0.2170771550640864,0.7829228449359136,0.4575398504725631,0.5424601495274368
1,active,5,red,18,12-18,9.0,98.2,10.911111111111111,1457.2,20142.8,33,44.15757575757576,0.004875191135294,0.0004468097781837,4.0,28.96,7.24,0.0014377345751335,0.0001985821236372,12.0,115.24,9.603333333333332,0.0057211509819886,0.0005957463709116,51,2479.24,48.61254901960784,0.1230831860515916,0.0025319220763746,,,,,,,,,,,12.0,187.84,15.653333333333334,0.0093254165260043,0.0005957463709116,6.0,45.08,7.513333333333333,0.0022380205333915,0.0002978731854558,3.0,25.64,8.546666666666667,0.0012729114125146,0.0001489365927279,25.0,219.16,8.766399999999999,0.0108803145540838,0.0012411382727326,3.0,6.88,2.2933333333333334,0.000341561252656,0.0001489365927279,4.2,4.0,1.05,0.0,0.0,0.0,0.000208511229819,0.0001985821236372,0.0,0.0,1.0,0.0,1.0,0.0,45.897139488603045,1815.0,0.0252876801590099,0.0049817903910797,2.1358313563758986,0.0226169942799185,0.0901066386003932,36463,28534.999999999993,12,0.7825741162274084,0.0003291007322491,4708.0,1777.0,3621.0,2464.0,25.0,33.0,134.0,76.0,4683.0,1744.0,3487.0,2388.0,0.0053101104502973,0.9946898895497026,0.0185706246482836,0.9814293753517164,0.0370063518365092,0.9629936481634908,0.0308441558441558,0.969155844155844
1,active,5,red,24,18-24,92.0,1162.76,12.638695652173912,14576.28,7023.719999999999,58,251.3151724137931,0.1655476015558707,0.0130984720347622,40.0,223.68,5.5920000000000005,0.0318463720079957,0.0056949878412009,52.0,338.6,6.511538461538462,0.0482080720757661,0.0074034841935612,179,18961.56,105.9305027932961,2.699646341255062,0.0254850705893742,7.0,13.84,1.977142857142857,0.0019704657930555,0.0009966228722101,4.0,16.08,4.02,0.0022893851121627,0.00056949878412,118.0,1579.84,13.388474576271186,0.2249292397760731,0.0168002141315428,12.0,85.88,7.156666666666666,0.0122271388950584,0.0017084963523602,28.0,223.44,7.98,0.0318122020809485,0.0039864914888406,93.0,412.6,4.436559139784946,0.0587437995819879,0.0132408467307922,13.0,33.16,2.5507692307692307,0.0047211449203555,0.0018508710483903,26.6,27.0,0.9851851851851852,0.8,1.0,0.8,0.0037871669143986,0.0038441167928106,0.000113899756824,0.00014237469603,0.9708029197080292,0.0291970802919708,0.9642857142857144,0.0357142857142857,215.171540559918,6927.0,0.0310627314219601,0.0076834639815506,2.1169281745870308,0.0298307837211806,0.9862295193999762,364465,321778.6666666666,8663,0.8828794717371122,0.0237690861948335,40020.0,7773.0,14149.0,29161.0,1981.0,635.0,3526.0,8544.0,38039.0,7138.0,10623.0,20617.0,0.0495002498750624,0.9504997501249376,0.081693040010292,0.918306959989708,0.2492048908050038,0.7507951091949961,0.2929940674188128,0.7070059325811872
1,active,5,yellow,18,12-18,6.0,82.72,13.786666666666669,1464.28,20135.72,26,56.318461538461534,0.004108122282193,0.0002979779218225,4.0,48.8,12.2,0.0024235537641564,0.0001986519478816,3.0,32.64,10.88,0.0016209998947144,0.0001489889609112,31,2600.16,83.87612903225806,0.1291317122010039,0.0015395525960829,1.0,0.96,0.96,4.7676467491601985e-05,4.9662986970418736e-05,,,,,,13.0,475.88,36.606153846153845,0.0236336222394828,0.0006456188306154,1.0,1.92,1.92,9.535293498320396e-05,4.9662986970418736e-05,2.0,37.08,18.54,0.0018415035568631,9.932597394083749e-05,23.0,115.72,5.031304347826087,0.0057470008522168,0.0011422487003196,5.0,12.96,2.592,0.0006436323111366,0.000248314934852,0.0,0.0,0.0,4.6,4.0,1.15,0.0,0.0,0.0002284497400639,0.0001986519478816,0.0,1.0,0.0,1.0,30.735628676603767,1813.0,0.0169529115701068,0.0030625038881275,2.1679683116145965,0.0146366994067654,0.0900389953773691,36633,25854.0,193,0.7057571042502662,0.0052684737804711,11910.0,978.0,2043.0,2074.0,25.0,0.0,31.0,29.0,11885.0,978.0,2012.0,2045.0,0.0020990764063811,0.9979009235936188,0.0,1.0,0.0151737640724424,0.9848262359275576,0.0139826422372227,0.9860173577627772
1,active,5,yellow,24,18-24,59.0,389.84,6.607457627118643,15232.08,6367.92,160,95.2005,0.061219362052287,0.009265191773766,28.0,276.04,9.858571428571429,0.0433485345293282,0.0043970401638211,66.0,885.48,13.416363636363636,0.1390532544378698,0.0103644518147212,148,20060.08,135.5410810810811,3.150177766052338,0.0232414980087689,8.0,16.36,2.045,0.0025691277528612,0.0012562971896631,11.0,58.16,5.287272727272727,0.0091332805688513,0.0017274086357868,108.0,1302.68,12.061851851851852,0.204569152878805,0.016960012060453,12.0,71.84,5.986666666666667,0.0112815487631754,0.0018844457844947,14.0,204.96,14.64,0.0321863339991708,0.0021985200819105,46.0,187.36,4.07304347826087,0.0294224801819118,0.0072237088405633,4.0,12.72,3.18,0.0019975125315644,0.0006281485948315,0.0,0.0,0.0,18.8,19.0,0.9894736842105264,0.0,0.0,0.0029522983957084,0.00298370582545,0.0,1.0,0.0,1.0,198.840239865562,6194.0,0.0321020729521411,0.0064547344394228,2.1231923300435067,0.0295407677248162,0.9726880990967224,380962,325464.0,20128,0.8543214283839333,0.0528346659246854,34140.0,6946.0,29132.0,9805.0,1940.0,668.0,6100.0,3356.0,32200.0,6278.0,23032.0,6449.0,0.0568248388986526,0.9431751611013474,0.0961704578174488,0.9038295421825512,0.2093917341754771,0.7906082658245228,0.3422743498215196,0.6577256501784804
1,active,6,blue,18,12-18,13.0,104.32,8.024615384615384,1546.0,20054.0,21,73.61904761904762,0.0052019547222499,0.0006482497257405,7.0,58.16,8.308571428571428,0.0029001695422359,0.0003490575446295,11.0,32.6,2.963636363636364,0.0016256108507031,0.0005485189987035,32,2805.28,87.665,0.1398863069711778,0.001595691632592,,,,,,40.0,433.2,10.83,0.0216016754762142,0.00199461454074,1.0,1.6,1.6,7.978458162960008e-05,4.986536351850005e-05,4.0,37.72,9.43,0.0018809215119178,0.000199461454074,2.0,26.32,13.16,0.0013124563678069,9.97307270370001e-05,29.0,108.16,3.729655172413793,0.0053934377181609,0.0014460955420365,6.0,14.88,2.48,0.0007419966091552,0.000299192181111,0.0,0.0,0.0,0.8,1.0,0.8,0.0,0.0,3.989229081480004e-05,4.986536351850005e-05,0.0,1.0,0.0,1.0,44.668937769831146,1738.0,0.0257013450919626,0.0039670792353643,2.08469857051504,0.0236866635006446,0.086666001795153,38671,26227.33333333333,143,0.6782170963598906,0.003697861446562,10911.0,1607.0,2287.0,2621.0,88.0,288.0,281.0,261.0,10823.0,1319.0,2006.0,2360.0,0.0080652552469984,0.9919347447530016,0.179215930304916,0.820784069695084,0.1228683865325754,0.8771316134674245,0.0995803128576879,0.9004196871423121
1,active,6,blue,24,18-24,56.0,561.08,10.019285714285717,16363.08,5236.92,87,188.08137931034483,0.1071393108926621,0.0106933082804396,33.0,326.64,9.898181818181818,0.0623725395843358,0.0063014138081162,18.0,92.44,5.135555555555555,0.0176515967400685,0.003437134804427,110,20000.52,181.8229090909091,3.81913796659105,0.0210047126937207,5.0,12.2,2.44,0.0023296135896672,0.0009547596678963,133.0,1324.56,9.959097744360902,0.2529272931417703,0.0253966071660441,10.0,33.08,3.308,0.0063166899628025,0.0019095193357927,12.0,76.32,6.359999999999999,0.0145734515707706,0.0022914232029513,12.0,69.76,5.8133333333333335,0.0133208068864905,0.0022914232029513,55.0,219.36,3.988363636363637,0.0418872161499507,0.0105023563468603,14.0,31.56,2.254285714285714,0.006026443023762,0.0026733270701099,0.0,0.0,0.0,4.2,4.0,1.05,0.0,0.0,0.0008019981210329,0.0007638077343171,0.0,1.0,0.0,1.0,145.64812347313162,5152.0,0.0282702103014618,0.0052221357961196,2.0607828767544696,0.0270151523467263,0.9837843618004476,409164,276069.99999999994,13326,0.6747172282996547,0.032568847699211,34084.0,3676.0,10528.0,14083.0,1222.0,191.0,2370.0,2063.0,32862.0,3485.0,8158.0,12020.0,0.0358525994601572,0.9641474005398428,0.0519586507072905,0.9480413492927094,0.2251139817629179,0.774886018237082,0.1464886742881488,0.8535113257118512
1,active,6,green,18,12-18,24.0,239.08,9.961666666666668,2008.16,19591.84,25,80.3264,0.0122030396328267,0.0012249997958333,6.0,41.16,6.859999999999999,0.0021008746498542,0.0003062499489583,6.0,44.92,7.486666666666667,0.0022927912845347,0.0003062499489583,30,2799.4,93.31333333333332,0.1428860178523303,0.0015312497447917,1.0,1.32,1.32,6.737498877083521e-05,5.104165815972364e-05,4.0,187.24,46.81,0.0095570400738266,0.0002041666326388,3.0,4.68,1.5599999999999998,0.0002388749601875,0.0001531249744791,2.0,17.88,8.94,0.0009126248478958,0.0001020833163194,2.0,21.4,10.7,0.001092291484618,0.0001020833163194,12.0,34.56,2.8800000000000003,0.001763999706,0.0006124998979166,7.0,16.88,2.4114285714285715,0.0008615831897361,0.000357291607118,,,,,,,,,,,,,,,38.01133792371105,1271.0,0.029906638807011,0.0075434877880646,2.066013714798606,0.028971522229653,0.0648739475210087,50229,29841.99999999999,99,0.5941189352764337,0.0019709729439168,4805.0,986.0,2164.0,6001.0,71.0,200.0,471.0,1612.0,4734.0,786.0,1693.0,4389.0,0.0147762747138397,0.9852237252861602,0.2028397565922921,0.7971602434077079,0.2176524953789279,0.782347504621072,0.2686218963506082,0.7313781036493918
1,active,6,green,24,18-24,78.0,804.88,10.31897435897436,12909.28,8690.72,151,85.49192052980133,0.0926137305079441,0.0089750906714288,49.0,543.28,11.087346938775507,0.062512657179152,0.0056381979858976,37.0,257.32,6.954594594594594,0.0296085939945136,0.0042574148056777,158,19293.68,122.11189873417722,2.2200324023786293,0.0181803118728943,8.0,16.2,2.025,0.0018640572932967,0.0009205221201465,158.0,2904.64,18.38379746835443,0.3342231713828083,0.0181803118728943,17.0,134.96,7.938823529411765,0.0155292081668722,0.0019561095053114,13.0,161.64,12.433846153846153,0.0185991494375609,0.0014958484452381,16.0,155.2,9.7,0.017858129130843,0.001841044240293,114.0,540.28,4.739298245614035,0.062167461384097,0.0131174402120882,9.0,20.52,2.28,0.0023611392381758,0.0010355873851648,1.6,2.0,0.8,8.0,8.0,1.0,0.0001841044240293,0.0002301305300366,0.0009205221201465,0.0009205221201465,0.1666666666666666,0.8333333333333334,0.2,0.8,207.65197823610544,8575.0,0.0242159741383213,0.0041128866705343,2.0666474114476,0.0234602016026289,0.9866846475320804,322883,239811.3333333333,5405,0.742718982830726,0.0167398097762966,76165.0,7950.0,20101.0,20200.0,1526.0,578.0,4551.0,1875.0,74639.0,7372.0,15550.0,18325.0,0.0200354493533775,0.9799645506466224,0.0727044025157232,0.9272955974842768,0.2264066464355007,0.7735933535644993,0.0928217821782178,0.9071782178217822
1,active,6,red,18,12-18,23.0,98.0,4.260869565217392,1694.64,19905.36,10,169.464,0.0049232970416008,0.0011554676730287,26.0,194.68,7.487692307692308,0.0097802802863148,0.0013061808477716,18.0,59.64,3.3133333333333335,0.0029961779138885,0.0009042790484572,58,2656.56,45.80275862068965,0.133459530498318,0.002913788045029,3.0,6.16,2.0533333333333332,0.000309464385472,0.0001507131747428,20.0,153.12,7.656000000000001,0.0076924004388767,0.0010047544982858,3.0,5.4,1.8,0.0002712837145371,0.0001507131747428,3.0,13.32,4.44,0.0006691664958584,0.0001507131747428,5.0,30.4,6.08,0.0015272268373945,0.0002511886245714,26.0,99.16,3.813846153846154,0.0049815728025014,0.0013061808477716,4.0,10.6,2.65,0.0005325198840915,0.0002009508996571,0.8,1.0,0.8,0.0,0.0,0.0,4.0190179931435555e-05,5.023772491429444e-05,0.0,0.0,1.0,0.0,1.0,0.0,67.74234692500058,1593.0,0.0425250137633399,0.0101076264041595,1.9103025604785389,0.0396874791078044,0.080028695788471,42376,19471.333333333332,6125,0.459489648228557,0.1445393619029639,3986.0,1101.0,6402.0,2473.0,17.0,88.0,560.0,34.0,3969.0,1013.0,5842.0,2439.0,0.0042649272453587,0.9957350727546412,0.0799273387829246,0.9200726612170754,0.0874726647922524,0.9125273352077476,0.0137484836231298,0.9862515163768704
1,active,6,red,24,18-24,60.0,370.36,6.172666666666667,16339.8,5260.200000000001,120,136.165,0.0704079692787346,0.0114064104026462,63.0,339.2,5.384126984126984,0.0644842401429603,0.0119767309227786,34.0,180.8,5.31764705882353,0.0343713166799741,0.0064636325614995,161,20178.36,125.33142857142856,3.836044256872362,0.0306072012471008,12.0,31.92,2.66,0.0060682103342078,0.0022812820805292,139.0,1063.04,7.647769784172661,0.2020911752404851,0.0264248507661305,18.0,42.72,2.373333333333333,0.0081213642066841,0.0034219231207938,23.0,176.12,7.657391304347827,0.0334816166685677,0.0043724573210144,16.0,85.88,5.3675,0.0163263754229877,0.0030417094407056,83.0,382.48,4.608192771084338,0.0727120641800691,0.0157788677236606,7.0,16.36,2.337142857142857,0.0031101479031215,0.0013307478803087,4.8,5.0,0.96,10.4,10.0,1.04,0.0009125128322117,0.0009505342002205,0.0019771111364586,0.001901068400441,0.3157894736842105,0.6842105263157895,0.3333333333333333,0.6666666666666666,201.1724283182971,5140.0,0.0391386047311862,0.009169776679576,1.9389036507436952,0.0358863387898581,0.9771491578266984,408615,269759.3333333333,28834,0.6601797127695589,0.0705652019627277,27801.0,6589.0,13097.0,9319.0,631.0,293.0,1135.0,1526.0,27170.0,6296.0,11962.0,7793.0,0.0226970252868601,0.9773029747131398,0.0444680528152982,0.9555319471847018,0.0866610674200198,0.91333893257998,0.1637514754802017,0.8362485245197983
1,active,6,yellow,18,12-18,18.0,188.48,10.47111111111111,2705.8,18894.2,21,128.84761904761905,0.009975548051783,0.0009526733071524,3.0,32.16,10.72,0.0017021096421123,0.0001587788845254,2.0,12.2,6.1,0.00064570079707,0.0001058525896836,18,2911.64,161.75777777777776,0.1541023171131881,0.0009526733071524,,,,,,,,,,,,,,,,1.0,1.04,1.04,5.504334663547544e-05,5.2926294841803304e-05,2.0,4.16,2.08,0.0002201733865419,0.0001058525896836,2.0,6.52,3.26,0.0003450794423685,0.0001058525896836,4.0,10.56,2.64,0.0005589016735294,0.0002117051793672,,,,,,,,,,,,,,,20.163328576303055,583.0,0.0345854692560944,0.0103134893773344,2.053646040902588,0.0342845191086042,0.0308560298927713,67666,35406.66666666666,4431,0.523256386762431,0.0654834037773771,0.0,133.0,1114.0,4730.0,0.0,0.0,126.0,1355.0,0.0,133.0,988.0,3375.0,0.0,0.0,0.0,1.0,0.1131059245960502,0.8868940754039497,0.2864693446088795,0.7135306553911205
1,active,6,yellow,24,18-24,80.0,858.6,10.7325,12395.72,9204.28,159,77.96050314465408,0.0932826902267206,0.0086916086863937,38.0,273.24,7.190526315789474,0.0296861894683777,0.004128514126037,26.0,157.24,6.047692307692308,0.0170833568731068,0.0028247728230779,186,19269.04,103.59698924731184,2.0934869430308507,0.0202079901958654,,,,,,177.0,2263.72,12.789378531073446,0.2459421051945398,0.0192301842186461,24.0,172.72,7.196666666666666,0.018765183153924,0.0026074826059181,12.0,66.52,5.543333333333333,0.0072270726227363,0.001303741302959,32.0,340.56,10.6425,0.037000178177978,0.0034766434745574,142.0,613.12,4.317746478873239,0.0666124889725214,0.0154276054183488,12.0,33.52,2.7933333333333334,0.0036417840395989,0.001303741302959,17.0,16.0,1.0625,0.8,1.0,0.8,0.0018469668458586,0.0017383217372787,8.69160868639372e-05,0.0001086451085799,0.9550561797752808,0.0449438202247191,0.9411764705882352,0.0588235294117647,244.20166075894505,9059.0,0.0269568010551876,0.0057161864051495,2.0201645491199547,0.024683078568977,0.9842160386255088,310052,229786.0,7380,0.7411208442454814,0.0238024589423709,61112.0,10221.0,10826.0,21545.0,1743.0,616.0,2099.0,2897.0,59369.0,9605.0,8727.0,18648.0,0.0285214033250425,0.9714785966749576,0.0602680755307699,0.93973192446923,0.1938850914465176,0.8061149085534823,0.1344627523787421,0.8655372476212578
1,active,7,blue,18,12-18,20.0,87.8,4.39,1565.04,20034.96,34,46.03058823529412,0.0043823396702563,0.0009982550501722,9.0,69.36,7.706666666666667,0.0034619485139975,0.0004492147725775,10.0,57.44,5.744,0.0028669885040948,0.0004991275250861,47,2850.96,60.65872340425532,0.1422992608919608,0.0023458993679049,1.0,1.08,1.08,5.390577270930414e-05,4.991275250861494e-05,12.0,37.24,3.1033333333333335,0.0018587509034208,0.0005989530301033,37.0,229.0,6.1891891891891895,0.0114300203244728,0.0018467718428187,3.0,24.88,8.293333333333333,0.0012418292824143,0.0001497382575258,2.0,6.92,3.46,0.0003453962473596,9.982550501722989e-05,21.0,65.8,3.1333333333333333,0.0032842591150668,0.0010481678026809,2.0,5.6,2.8,0.0002795114140482,9.982550501722989e-05,0.8,1.0,0.8,2.6,2.0,1.3,3.993020200689196e-05,4.991275250861494e-05,0.0001297731565223,9.982550501722989e-05,0.2352941176470588,0.7647058823529411,0.3333333333333333,0.6666666666666666,63.018427399893746,1700.0,0.037069663176408,0.0074906805554118,2.1456486208363237,0.0324093731722744,0.0848516792646454,39160,17038.666666666664,3665,0.435103847463398,0.0935903983656792,6705.0,800.0,3189.0,2215.0,1320.0,28.0,852.0,377.0,5385.0,772.0,2337.0,1838.0,0.1968680089485458,0.8031319910514542,0.035,0.965,0.2671683913452493,0.7328316086547507,0.1702031602708803,0.8297968397291197
1,active,7,blue,24,18-24,57.0,392.72,6.889824561403509,13927.36,7672.639999999999,190,73.30189473684212,0.0511844684489302,0.0074289944530174,52.0,489.92,9.421538461538464,0.0638528589898653,0.0067773282729282,79.0,588.68,7.451645569620252,0.0767245693789882,0.0102963256454101,190,19582.24,103.0644210526316,2.552216707678192,0.0247633148433915,1.0,1.16,1.16,0.0001511865537807,0.0001303332360178,71.0,232.44,3.2738028169014086,0.0302946573799891,0.0092536597572673,43.0,158.88,3.694883720930232,0.020707344538516,0.0056043291487675,14.0,129.08,9.22,0.0168234141051841,0.0018246653042499,3.0,16.84,5.613333333333333,0.0021948116945406,0.0003909997080535,109.0,428.56,3.9317431192660552,0.0558556116278099,0.0142063227259457,8.0,19.04,2.38,0.0024815448137798,0.0010426658881428,6.2,6.0,1.0333333333333334,12.8,12.0,1.0666666666666669,0.0008080660633106,0.0007819994161071,0.0016682654210284,0.0015639988322142,0.3263157894736842,0.6736842105263158,0.3333333333333333,0.6666666666666666,270.34146221093573,7491.0,0.0360888348966674,0.005346948292617,2.1731031530961045,0.0327513551469085,0.9763262710097176,348374,211035.33333333328,37641,0.6057723404540329,0.1080476729032591,9897.0,3665.0,27096.0,9875.0,3000.0,264.0,4707.0,2115.0,6897.0,3401.0,22389.0,7760.0,0.3031221582297665,0.6968778417702334,0.0720327421555252,0.9279672578444748,0.1737156775907883,0.8262843224092117,0.2141772151898734,0.7858227848101266
1,active,7,green,18,12-18,12.0,120.4,10.033333333333331,353.8,21246.2,24,14.741666666666667,0.0056668957272359,0.0005648068831132,12.0,143.6,11.966666666666669,0.0067588557012548,0.0005648068831132,21.0,229.08,10.90857142857143,0.0107821633986312,0.0009884120454481,59,2560.72,43.402033898305085,0.1205260234771394,0.0027769671753066,,,,,,44.0,787.84,17.905454545454546,0.0370814545659929,0.0020709585714151,2.0,3.36,1.68,0.0001581459272717,9.413448051886926e-05,11.0,157.6,14.327272727272726,0.0074177970648868,0.0005177396428537,1.0,3.24,3.24,0.0001524978584405,4.706724025943463e-05,35.0,151.04,4.315428571428571,0.007109035968785,0.0016473534090802,4.0,12.16,3.04,0.0005723376415547,0.0001882689610377,0.0,0.0,0.0,3.0,3.0,1.0,0.0,0.0,0.0001412017207783,0.0001412017207783,0.0,1.0,0.0,1.0,62.1011875659553,2924.0,0.0212384362400667,0.0042313012550844,2.1413304157020563,0.0200476352771592,0.1376246105185868,8869,3967.999999999999,2346,0.4474010598714623,0.2645168564663434,19826.0,4033.0,9350.0,3022.0,1579.0,67.0,1717.0,132.0,18247.0,3966.0,7633.0,2890.0,0.079642893170584,0.920357106829416,0.0166129432184478,0.9833870567815522,0.1836363636363636,0.8163636363636364,0.043679682329583,0.9563203176704168
1,active,7,green,24,18-24,33.0,626.96,18.99878787878788,11330.32,10269.68,229,49.47737991266376,0.0610496140093946,0.0032133425773733,48.0,612.4,12.758333333333333,0.0596318483146505,0.0046739528398158,40.0,428.28,10.707,0.0417033442132568,0.0038949606998465,176,18977.08,107.8243181818182,1.8478745199460935,0.0171378270793247,,,,,,132.0,2278.36,17.26030303030303,0.2218530665025589,0.0128533703094935,44.0,213.2,4.845454545454545,0.020760140530182,0.0042844567698311,26.0,231.24,8.893846153846154,0.0225167678058128,0.0025317244549002,8.0,29.12,3.64,0.0028355313894882,0.0007789921399693,149.0,640.6,4.299328859060402,0.0623777956080423,0.0145087286069283,22.0,56.68,2.576363636363636,0.0055191593116825,0.0021422283849155,2.4,3.0,0.7999999999999999,10.6,11.0,0.9636363636363636,0.0002336976419907,0.0002921220524884,0.0010321645854593,0.0010711141924577,0.1846153846153846,0.8153846153846154,0.2142857142857142,0.7857142857142857,218.351495082932,10090.0,0.0216403860339873,0.0037264472207219,2.1328915519073552,0.0198614188040585,0.9825038365362894,283487,178355.99999999997,24137,0.6291505430584118,0.0851432340812806,62465.0,6543.0,26105.0,15707.0,12940.0,310.0,3614.0,667.0,49525.0,6233.0,22491.0,15040.0,0.2071560073641239,0.7928439926358761,0.0473788781904325,0.9526211218095676,0.1384409117027389,0.861559088297261,0.0424651429299038,0.957534857070096
1,active,7,red,18,12-18,15.0,71.96,4.797333333333333,863.6,20736.4,15,57.57333333333334,0.0034702262687833,0.0007233656758164,10.0,67.36,6.736,0.0032483941281996,0.0004822437838776,36.0,248.48,6.902222222222222,0.0119827935417912,0.0017360776219594,68,2617.8,38.497058823529414,0.1262417777434848,0.0032792577303678,,,,,,35.0,288.92,8.254857142857142,0.0139329874037923,0.0016878532435716,33.0,436.12,13.215757575757577,0.021031615902471,0.0015914044867961,12.0,106.28,8.856666666666667,0.0051252869350514,0.0005786925406531,5.0,22.08,4.4159999999999995,0.0010647942748017,0.0002411218919388,36.0,168.32,4.6755555555555555,0.0081171273702281,0.0017360776219594,7.0,18.56,2.6514285714285712,0.0008950444628768,0.0003375706487143,5.6,5.0,1.12,0.0,0.0,0.0,0.0002700565189714,0.0002411218919388,0.0,0.0,1.0,0.0,1.0,0.0,87.6028916098105,2420.0,0.036199541987525,0.0064766014895736,2.0529975564825738,0.0337905720529253,0.1167029956983854,21605,13136.999999999998,1268,0.6080536912751677,0.0586901180282342,18194.0,3226.0,7942.0,1814.0,1684.0,148.0,1387.0,380.0,16510.0,3078.0,6555.0,1434.0,0.0925579861492799,0.90744201385072,0.045877247365158,0.954122752634842,0.1746411483253588,0.8253588516746412,0.2094818081587651,0.7905181918412348
1,active,7,red,24,18-24,64.0,845.32,13.208125,9590.64,12009.36,85,112.8310588235294,0.0703884303576543,0.0053291765756043,44.0,340.76,7.744545454545454,0.0283745345297334,0.0036638088957279,77.0,1199.72,15.58077922077922,0.0998987456450635,0.0064116655675239,225,17720.56,78.75804444444445,1.4755623946654943,0.018735386398609,,,,,,122.0,1205.32,9.87967213114754,0.1003650485954288,0.0101587428472458,138.0,1625.56,11.779420289855072,0.135357754284991,0.0114910369911469,21.0,236.56,11.264761904761905,0.0196979689175776,0.0017486360638701,23.0,336.4,14.626086956521736,0.0280114843755204,0.0019151728318578,188.0,1168.16,6.213617021276596,0.0972707954462186,0.0156544561908378,37.0,96.92,2.6194594594594593,0.0080703717766808,0.0030809302077712,33.4,31.0,1.0774193548387097,1.6,2.0,0.8,0.0027811640253935,0.0025813199038083,0.0001332294143901,0.0001665367679876,0.9542857142857144,0.0457142857142857,0.9393939393939394,0.0606060606060606,298.47914024318163,11921.0,0.0250380958177318,0.0039418895328851,2.1039611850538775,0.0240458451256767,0.992642405590306,239851,173000.66666666666,11510,0.7212839082041211,0.0479881259615344,71032.0,14368.0,38633.0,21197.0,14003.0,685.0,3152.0,3946.0,57029.0,13683.0,35481.0,17251.0,0.1971365018583173,0.8028634981416827,0.0476753897550111,0.9523246102449888,0.0815882794502109,0.918411720549789,0.1861584186441477,0.8138415813558523
1,active,7,yellow,18,12-18,10.0,45.6,4.5600000000000005,1876.56,19723.44,36,52.126666666666665,0.0023119699200545,0.0005070109473803,17.0,60.16,3.5388235294117645,0.0030501778594403,0.0008619186105466,9.0,36.4,4.044444444444444,0.0018455198484645,0.0004563098526423,34,3020.32,88.8329411764706,0.1531335304591897,0.0017238372210932,,,,,,17.0,186.92,10.995294117647058,0.0094770486284339,0.0008619186105466,10.0,22.44,2.244,0.0011377325659215,0.0005070109473803,8.0,79.76,9.97,0.0040439193163058,0.0004056087579043,2.0,11.6,5.8,0.0005881326989612,0.000101402189476,10.0,38.8,3.88,0.0019672024758358,0.0005070109473803,3.0,8.16,2.72,0.0004137209330623,0.0001521032842141,0.0,0.0,0.0,0.8,1.0,0.8,0.0,0.0,4.056087579043007e-05,5.0701094738037586e-05,0.0,1.0,0.0,1.0,70.80300653719968,1397.0,0.0506821807710806,0.0112765190364476,2.0411582223936016,0.0451912476257079,0.0708294293490385,46950,20149.666666666664,6433,0.4291728789492367,0.1370181043663471,5261.0,2294.0,2440.0,1150.0,951.0,109.0,812.0,199.0,4310.0,2185.0,1628.0,951.0,0.1807641132864474,0.8192358867135525,0.0475152571926765,0.9524847428073234,0.3327868852459016,0.6672131147540984,0.1730434782608695,0.8269565217391305
1,active,7,yellow,24,18-24,80.0,615.68,7.696,12464.68,9135.32,233,53.49648068669528,0.0673955592141271,0.0087572192326048,48.0,240.36,5.0075,0.0263110651843613,0.0052543315395629,55.0,385.24,7.004363636363636,0.0421703892146088,0.0060205882224158,185,19519.08,105.50854054054057,2.1366607847344157,0.0202510694753987,3.0,6.52,2.1733333333333333,0.0007137133674572,0.0003283957212226,117.0,1165.76,9.963760683760684,0.1276101986575183,0.0128074331276846,88.0,614.92,6.987727272727272,0.0673123656314174,0.0096329411558653,20.0,286.0,14.3,0.0313070587565624,0.0021893048081512,21.0,248.72,11.843809523809524,0.0272261945941685,0.0022987700485587,139.0,552.76,3.9766906474820143,0.0605080062876834,0.0152156684166509,13.0,31.68,2.436923076923077,0.0034678588161115,0.0014230481252982,3.6,4.0,0.9,20.6,19.0,1.0842105263157895,0.0003940748654672,0.0004378609616302,0.0022549839523957,0.0020798395677436,0.1487603305785123,0.8512396694214875,0.1739130434782608,0.8260869565217391,319.0620015879431,8930.0,0.0357292275014493,0.006986690024217,2.1117246997537458,0.0332389890160098,0.9775245968395196,311850,202773.99999999997,27229,0.6502292768959435,0.0873144139810806,44722.0,13409.0,15743.0,15472.0,9014.0,695.0,3208.0,4192.0,35708.0,12714.0,12535.0,11280.0,0.2015562810249989,0.7984437189750011,0.0518308598702364,0.9481691401297636,0.2037731055072095,0.7962268944927905,0.2709410548086866,0.7290589451913133
1,active,8,blue,18,12-18,1.0,17.6,17.6,1451.36,20148.64,68,21.343529411764703,0.0008735080878907,4.963114135743157e-05,1.0,6.84,6.84,0.0003394770068848,4.963114135743157e-05,2.0,10.72,5.36,0.0005320458353516,9.926228271486314e-05,3,3270.4,1090.1333333333334,0.1623136846953442,0.0001488934240722,,,,,,,,,,,72.0,541.48,7.520555555555556,0.026874270422222,0.003573442177735,,,,,,15.0,66.2,4.413333333333333,0.0032855815578619,0.0007444671203614,4.0,14.08,3.52,0.0006988064703126,0.0001985245654297,2.0,4.48,2.24,0.0002223475132812,9.926228271486314e-05,,,,,,,,,,,,,,,21.650095576673657,1785.0,0.0121289050849712,0.0032302688121391,2.177928414049275,0.0105971909161292,0.0885915873230153,36352,9702.999999999998,9523,0.2669179137323943,0.2619663292253521,13609.0,1670.0,442.0,441.0,265.0,515.0,288.0,0.0,13344.0,1155.0,154.0,441.0,0.019472407965317,0.980527592034683,0.3083832335329341,0.6916167664670658,0.6515837104072398,0.3484162895927601,0.0,1.0
1,active,8,blue,24,18-24,3.0,35.6,11.866666666666667,11030.2,10569.8,413,26.70750605326877,0.0033680864349372,0.0002838275085621,1.0,1.24,1.24,0.0001173153702056,9.460916952070996e-05,1.0,11.68,11.68,0.0011050351000018,9.460916952070996e-05,12,21507.68,1792.3066666666666,2.034823743117183,0.0011353100342485,,,,,,,,,,,115.0,1471.64,12.796869565217392,0.1392306382334576,0.0108800544948816,,,,,,83.0,993.88,11.9744578313253,0.0940301614032432,0.0078525610702189,155.0,739.12,4.768516129032258,0.0699275293761471,0.01466442127571,6.0,16.24,2.7066666666666666,0.0015364529130163,0.0005676550171242,,,,,,,,,,,,,,,74.05145319520025,10171.0,0.0072806462683315,0.0016039138069558,2.1524137017598033,0.0066983873943121,0.962269863195141,276168,75111.33333333331,68435,0.2719769608837132,0.2478020625126734,36906.0,24930.0,325.0,893.0,271.0,5854.0,0.0,0.0,36635.0,19076.0,325.0,893.0,0.0073429794613342,0.9926570205386658,0.2348174889691135,0.7651825110308865,0.0,1.0,0.0,1.0
1,active,8,green,18,12-18,23.0,137.44,5.975652173913043,355.68,21244.32,31,11.473548387096775,0.0064694939635629,0.0010826423251014,12.0,116.12,9.676666666666668,0.0054659315995993,0.0005648568652703,11.0,67.12,6.1018181818181825,0.0031594327330787,0.0005177854598311,26,2880.6,110.79230769230767,0.1355938905081452,0.001223856541419,,,,,,2.0,5.72,2.86,0.0002692484391121,9.414281087839008e-05,30.0,449.52,14.984,0.0211595381730269,0.0014121421631758,2.0,3.52,1.76,0.0001656913471459,9.414281087839008e-05,24.0,190.32,7.93,0.0089586298831876,0.0011297137305406,6.0,22.4,3.733333333333333,0.0010543994818379,0.0002824284326351,30.0,86.36,2.8786666666666667,0.0040650865737288,0.0014121421631758,0.0,0.0,0.0,4.6,4.0,1.15,0.0,0.0,0.0002165284650202,0.0001882856217567,0.0,1.0,0.0,1.0,62.285651240161954,2919.0,0.0213380100171846,0.0060706833026535,2.2132144638909113,0.0199348177466204,0.1374014324770103,8923,1596.6666666666663,4405,0.1789383241809555,0.4936680488624902,11413.0,4872.0,4604.0,3459.0,184.0,2372.0,310.0,0.0,11229.0,2500.0,4294.0,3459.0,0.0161219661789187,0.9838780338210812,0.486863711001642,0.513136288998358,0.0673327541268462,0.9326672458731536,0.0,1.0
1,active,8,green,24,18-24,61.0,622.36,10.202622950819672,1336.8,20263.2,115,11.624347826086955,0.0307138063089739,0.0030103833550475,29.0,176.36,6.081379310344828,0.0087034624343637,0.0014311658573176,23.0,174.24,7.575652173913044,0.0085988392751391,0.0011350625764933,94,20388.32,216.89702127659575,1.006174740416124,0.0046389513995815,5.0,6.88,1.376,0.0003395317620119,0.0002467527340202,6.0,9.16,1.5266666666666666,0.0004520510087251,0.0002961032808243,121.0,1540.84,12.734214876033056,0.0760412965375656,0.005971416163291,6.0,10.08,1.68,0.0004974535117849,0.0002961032808243,153.0,1314.72,8.592941176470589,0.0648821508942319,0.0075506336610209,337.0,1545.04,4.584688427299703,0.0762485688341426,0.0166311342729677,72.0,203.2,2.822222222222222,0.0100280311105847,0.0035532393698922,0.0,0.0,0.0,7.0,7.0,1.0,0.0,0.0,0.0003454538276284,0.0003454538276284,0.0,1.0,0.0,1.0,249.12261380486697,20158.0,0.012358498551685,0.0032394474095877,2.2602756547051124,0.0116837949348987,0.994808322476213,33535,6566.333333333333,15556,0.1958053774663287,0.4638735649321604,38877.0,33279.0,8817.0,15620.0,568.0,7445.0,82.0,206.0,38309.0,25834.0,8735.0,15414.0,0.0146101808267098,0.9853898191732902,0.2237146548874665,0.7762853451125334,0.009300215492798,0.990699784507202,0.0131882202304737,0.9868117797695264
1,active,8,red,18,12-18,6.0,41.12,6.853333333333333,1531.68,20068.32,5,306.336,0.0020490006139029,0.000298978688799,2.0,21.0,10.5,0.0010464254107967,9.96595629330208e-05,4.0,17.24,4.31,0.0008590654324826,0.000199319125866,18,3185.52,176.97333333333333,0.1587337654571982,0.0008969360663971,,,,,,,,,,,16.0,400.04,25.0025,0.0199339057778628,0.0007972765034641,3.0,65.4,21.8,0.0032588677079097,0.0001494893443995,,,,,,36.0,200.92,5.5811111111111105,0.0100117996922512,0.0017938721327943,6.0,14.12,2.353333333333333,0.0007035965143071,0.000298978688799,5.4,5.0,1.08,0.0,0.0,0.0,0.0002690808199191,0.0002491489073325,0.0,0.0,1.0,0.0,1.0,0.0,32.687515440879174,1767.0,0.0184988768765586,0.0027427272170341,2.1296454900632984,0.0162849690917875,0.0880492238513238,38297,6262.333333333332,21518,0.1635202061083983,0.5618716870773167,10017.0,1638.0,962.0,1034.0,0.0,677.0,0.0,0.0,10017.0,961.0,962.0,1034.0,0.0,1.0,0.4133089133089133,0.5866910866910867,0.0,1.0,0.0,1.0
1,active,8,red,24,18-24,46.0,621.4,13.508695652173913,15453.76,6146.24,47,328.80340425531915,0.1011024626438277,0.0074842505336596,28.0,131.84,4.708571428571429,0.0214505128338626,0.0045556307596188,30.0,138.32,4.610666666666666,0.0225048159525173,0.0048810329567345,131,20069.0,153.19847328244273,3.265248346956839,0.021313843911074,,,,,,6.0,21.08,3.513333333333333,0.0034297391575987,0.0009762065913469,88.0,1496.68,17.007727272727273,0.2435114801895142,0.0143176966730879,20.0,217.24,10.862,0.0353451866507002,0.0032540219711563,16.0,38.24,2.39,0.0062216900088509,0.002603217576925,78.0,309.0,3.9615384615384617,0.0502746394543656,0.0126906856875097,36.0,99.64,2.767777777777778,0.0162115374603009,0.0058572395480814,10.8,11.0,0.981818181818182,0.0,0.0,0.0,0.0017571718644244,0.0017897120841359,0.0,0.0,1.0,0.0,1.0,0.0,193.31259675692877,6097.0,0.0317061828369573,0.0065833848424101,2.0201378600201703,0.0285918205545452,0.9919885979070132,386391,90009.33333333331,134259,0.2329488350746609,0.3474692733526402,38038.0,6423.0,6812.0,15581.0,382.0,1762.0,0.0,14.0,37656.0,4661.0,6812.0,15567.0,0.0100425889899574,0.9899574110100426,0.2743266386423789,0.7256733613576211,0.0,1.0,0.0008985302612155,0.9991014697387844
1,active,8,yellow,18,12-18,2.0,9.8,4.9,813.32,20786.68,98,8.299183673469388,0.0004714557591688,9.621546105486784e-05,,,,,,4.0,84.72,21.18,0.0040756869302842,0.0001924309221097,7,3208.76,458.3942857142858,0.1543661614072088,0.000336754113692,,,,,,,,,,,19.0,92.76,4.882105263157895,0.0044624730837247,0.0009140468800212,,,,,,20.0,343.28,17.163999999999998,0.0165144217354575,0.0009621546105486,19.0,78.68,4.1410526315789475,0.0037851162378985,0.0009140468800212,5.0,12.04,2.408,0.0005792170755503,0.0002405386526371,0.0,0.0,0.0,0.8,1.0,0.8,0.0,0.0,3.848618442194713e-05,4.8107730527433913e-05,0.0,1.0,0.0,1.0,28.769386363271263,2402.0,0.0119772632653086,0.0037698966223894,2.2385569905842897,0.0111883864002338,0.1155547687268962,20431,4985.999999999999,7753,0.2440409182125201,0.3794723704175028,2338.0,8602.0,2122.0,247.0,99.0,2258.0,506.0,0.0,2239.0,6344.0,1616.0,247.0,0.0423438836612489,0.957656116338751,0.2624970936991397,0.7375029063008602,0.238454288407163,0.7615457115928369,0.0,1.0
1,active,8,yellow,24,18-24,39.0,616.36,15.804102564102564,4801.68,16798.32,436,11.01302752293578,0.0366917644145366,0.0023216607375023,14.0,183.24,13.088571428571427,0.0109082336805109,0.0008334166750008,16.0,296.44,18.5275,0.0176470027955176,0.0009524762000009,75,20109.48,268.1264,1.197112568399697,0.0044647321875044,3.0,17.24,5.746666666666666,0.001026293105501,0.0001785892875001,7.0,21.44,3.062857142857143,0.0012763181080012,0.0004167083375004,73.0,1829.24,25.058082191780823,0.1088942227556089,0.0043456726625043,1.0,2.24,2.24,0.0001333466680001,5.952976250005953e-05,149.0,1299.04,8.718389261744965,0.0773315426780773,0.0088699346125088,122.0,494.36,4.052131147540984,0.0294291333895294,0.0072626310250072,22.0,64.28,2.921818181818182,0.0038265731335038,0.0013096547750013,0.0,0.0,0.0,3.8,4.0,0.95,0.0,0.0,0.0002262130975002,0.0002381190500002,0.0,1.0,0.0,1.0,200.9268950228069,16394.0,0.012256123888179,0.0030979395654917,2.2000209287672665,0.0119343851439516,0.975930926425976,120478,41476.33333333333,12895,0.3442647896988108,0.1070319892428493,46347.0,32682.0,12022.0,15448.0,407.0,8370.0,82.0,192.0,45940.0,24312.0,11940.0,15256.0,0.0087815824109435,0.9912184175890564,0.2561042775839912,0.7438957224160088,0.0068208284811179,0.993179171518882,0.0124287933713102,0.9875712066286898
1,inactive,1,blue,6,0-6,49.0,474.2,9.677551020408163,14277.76,7322.24,158,90.36556962025315,0.0647616030067301,0.0066919412638755,30.0,116.2,3.8733333333333335,0.0158694607114762,0.0040971068962503,15.0,95.76,6.384,0.013077965212831,0.0020485534481251,187,19520.92,104.38994652406416,2.665976531771698,0.025538632986627,,,,,,67.0,1200.64,17.92,0.1639716807971331,0.0091502054016257,27.0,220.2,8.155555555555555,0.0300727646184774,0.0036873962066252,21.0,150.68,7.175238095238096,0.0205784022375666,0.0028679748273752,14.0,71.72,5.122857142857143,0.0097948168866357,0.0019119832182501,113.0,515.72,4.563893805309735,0.0704319989511406,0.0154324359758762,25.0,61.92,2.4768,0.0084564286338606,0.0034142557468752,10.8,11.0,0.981818181818182,0.0,0.0,0.0,0.0014749584826501,0.0015022725286251,0.0,0.0,1.0,0.0,1.0,0.0,209.9664690520383,7153.0,0.0293536235218842,0.0049480283079328,2.0048736177105626,0.0262507500574549,0.9768868542959532,357102,345342.6666666666,109,0.9670700994860476,0.0003052349188747,35615.0,5595.0,5344.0,11904.0,7268.0,47.0,0.0,0.0,28347.0,5548.0,5344.0,11904.0,0.204071318264776,0.7959286817352239,0.0084003574620196,0.9915996425379804,0.0,1.0,0.0,1.0
1,inactive,1,blue,12,6-12,11.0,86.36,7.850909090909091,18999.4,2600.5999999999985,66,287.869696969697,0.0332077212950857,0.0042297931246635,3.0,12.92,4.306666666666667,0.0049680842882411,0.00115357994309,7.0,44.96,6.422857142857143,0.0172883180804429,0.0026916865338767,57,21172.92,371.4547368421052,8.141551949550108,0.021918018918711,,,,,,30.0,259.28,8.642666666666665,0.0997000692147966,0.0115357994309005,11.0,110.4,10.036363636363635,0.042451741905714,0.0042297931246635,13.0,81.72,6.286153846153846,0.0314235176497731,0.0049988464200569,11.0,82.08,7.461818181818182,0.0315619472429439,0.0042297931246635,45.0,225.48,5.010666666666666,0.0867030685226486,0.0173036991463508,10.0,28.4,2.84,0.0109205567945858,0.0038452664769668,3.0,3.0,1.0,0.0,0.0,0.0,0.00115357994309,0.00115357994309,0.0,0.0,1.0,0.0,1.0,0.0,70.59975033915211,2536.0,0.0278390182725363,0.0047026158840564,2.0025777969053036,0.0257982166460628,0.9751595785587946,475051,388827.0,3834,0.8184952773491688,0.0080707124077204,9283.0,4119.0,1457.0,2170.0,76.0,0.0,0.0,0.0,9207.0,4119.0,1457.0,2170.0,0.0081870085101799,0.99181299148982,0.0,1.0,0.0,1.0,0.0,1.0
1,inactive,1,green,6,0-6,3.0,13.44,4.4799999999999995,19539.56,2060.4399999999987,253,77.23146245059289,0.0065228786084525,0.0014559996893867,2.0,6.2,3.1,0.0030090660247325,0.0009706664595911,4.0,32.8,8.2,0.0159189299372949,0.0019413329191823,20,21538.4,1076.92,10.453301236629075,0.0097066645959115,,,,,,47.0,421.92,8.977021276595744,0.2047717963153502,0.0228106618003921,41.0,512.0,12.48780487804878,0.2484906136553359,0.0198986624216186,9.0,64.0,7.111111111111111,0.0310613267069169,0.0043679990681602,1.0,1.8,1.8,0.000873599813632,0.0004853332297955,19.0,61.88,3.256842105263158,0.0300324202597503,0.0092213313661159,,,,,,0.0,0.0,0.0,7.2,8.0,0.9,0.0,0.0,0.0034943992545281,0.0038826658383646,0.0,1.0,0.0,1.0,99.78886909592872,1843.0,0.0541448014627936,0.0066275103203821,2.0247001720408613,0.0538966628844609,0.8944691425132502,488742,425284.6666666666,2240,0.8701618986431832,0.0045831952236558,23408.0,1655.0,981.0,339.0,5997.0,47.0,113.0,311.0,17411.0,1608.0,868.0,28.0,0.2561944634313055,0.7438055365686944,0.0283987915407855,0.9716012084592144,0.1151885830784913,0.8848114169215087,0.9174041297935104,0.0825958702064896
1,inactive,1,green,12,6-12,33.0,436.4,13.224242424242425,16509.84,5090.16,224,73.70464285714286,0.0857340437235764,0.0064830967985289,10.0,105.56,10.556,0.0207380514561428,0.001964574787433,19.0,148.32,7.806315789473683,0.0291385732472063,0.0037326920961227,79,20307.76,257.06025316455697,3.989611328524054,0.0155201408207207,,,,,,48.0,1398.64,29.138333333333335,0.2747732880695303,0.0094299589796784,32.0,173.2,5.4125,0.0340264353183396,0.0062866393197856,5.0,85.76,17.152,0.0168481933770254,0.0009822873937165,6.0,36.8,6.133333333333333,0.0072296352177534,0.0011787448724598,54.0,207.84,3.848888888888889,0.0408317223820076,0.0106087038521382,9.0,25.16,2.7955555555555556,0.0049428701651814,0.0017681173086897,0.0,0.0,0.0,0.8,1.0,0.8,0.0,0.0,0.0001571659829946,0.0001964574787433,0.0,1.0,0.0,1.0,125.85089452359568,4892.0,0.0257258574251013,0.0045985971543767,2.0919255666613905,0.0222128258142932,0.9610699860122276,412970,353018.0,10,0.8548272271593578,2.421483400731288e-05,39376.0,3075.0,6376.0,10943.0,163.0,209.0,31.0,478.0,39213.0,2866.0,6345.0,10465.0,0.0041395774075579,0.995860422592442,0.0679674796747967,0.9320325203252032,0.0048619824341279,0.995138017565872,0.0436808918943616,0.9563191081056384
1,inactive,1,red,6,0-6,,,,20432.48,1167.5200000000004,62,329.55612903225807,,,,,,,,,,,,,10,21584.84,2158.484,18.487768946142243,0.0085651637659312,,,,,,14.0,146.12,10.437142857142858,0.1251541729477867,0.0119912292723036,16.0,590.68,36.9175,0.5059270933260241,0.0137042620254899,6.0,71.68,11.946666666666667,0.0613950938741948,0.0051390982595587,2.0,2.0,1.0,0.0017130327531862,0.0017130327531862,22.0,88.04,4.001818181818182,0.0754077017952583,0.0188433602850486,3.0,6.6,2.1999999999999997,0.0056530080855145,0.0025695491297793,0.8,1.0,0.8,2.0,2.0,1.0,0.0006852131012744,0.0008565163765931,0.0017130327531862,0.0017130327531862,0.2857142857142857,0.7142857142857143,0.3333333333333333,0.6666666666666666,29.35480437327345,1107.0,0.0265174384582415,0.0027523109009944,2.087960300357627,0.0229192022974329,0.948163628888584,510874,428599.3333333333,16277,0.8389531143360854,0.0318610851207929,18450.0,1850.0,0.0,0.0,5800.0,0.0,0.0,0.0,12650.0,1850.0,0.0,0.0,0.3143631436314363,0.6856368563685636,0.0,1.0,0.0,0.0,0.0,0.0
1,inactive,1,red,12,6-12,17.0,316.12,18.595294117647057,17704.72,3895.279999999999,27,655.7303703703705,0.0811546281653693,0.0043642562280503,8.0,57.36,7.17,0.014725513955351,0.0020537676367295,7.0,33.36,4.765714285714286,0.0085642110451623,0.0017970466821383,56,20421.72,364.67357142857145,5.242683452794153,0.014376373457107,,,,,,33.0,782.4,23.709090909090907,0.200858474872153,0.0084717915015095,23.0,365.24,15.88,0.093764761454889,0.0059045819555975,4.0,94.12,23.53,0.0241625762461235,0.0010268838183647,9.0,64.44,7.16,0.0165430983138567,0.0023104885913207,70.0,266.16,3.8022857142857145,0.0683288492739931,0.0179704668213838,11.0,29.16,2.650909090909091,0.0074859830358793,0.0028239305005031,,,,,,,,,,,,,,,64.34179739198775,3870.0,0.0166257874397901,0.0032642376479602,2.116128853292069,0.0154005196790415,0.9935100942679348,442645,365789.0,3429,0.8263710196658722,0.0077466141038529,28747.0,3977.0,2283.0,7920.0,0.0,0.0,0.0,0.0,28747.0,3977.0,2283.0,7920.0,0.0,1.0,0.0,1.0,0.0,1.0,0.0,1.0
1,inactive,1,yellow,6,0-6,8.0,52.28,6.535,19683.92,1916.0800000000015,143,137.6497902097902,0.0272848732829526,0.0041751910149889,1.0,5.48,5.48,0.0028600058452674,0.0005218988768736,2.0,3.6,1.8,0.001878835956745,0.0010437977537472,22,21541.56,979.1618181818184,11.242515970105623,0.0114817752912195,,,,,,62.0,666.76,10.754193548387097,0.3479812951442526,0.0323577303661642,6.0,18.96,3.16,0.0098952027055237,0.0031313932612416,16.0,82.64,5.165,0.0431297231848356,0.0083503820299778,1.0,5.12,5.12,0.0026721222495929,0.0005218988768736,12.0,39.8,3.3166666666666664,0.0207715752995699,0.0062627865224833,,,,,,0.0,0.0,0.0,2.4,2.0,1.2,0.0,0.0,0.0012525573044966,0.0010437977537472,0.0,1.0,0.0,1.0,55.046364017415605,1788.0,0.0307865570567201,0.005814961799883,2.1398098638655014,0.027852360198755,0.9331551918500264,492241,425351.3333333333,2664,0.8641119559998727,0.0054119831545929,17211.0,2211.0,230.0,1315.0,5016.0,0.0,113.0,311.0,12195.0,2211.0,117.0,1004.0,0.2914415199581663,0.7085584800418337,0.0,1.0,0.4913043478260869,0.508695652173913,0.2365019011406844,0.7634980988593156
1,inactive,1,yellow,12,6-12,6.0,110.64,18.44,19610.4,1989.5999999999983,90,217.89333333333337,0.0556091676718938,0.0030156815440289,2.0,6.2,3.1,0.0031162042621632,0.0010052271813429,3.0,6.72,2.24,0.0033775633293124,0.0015078407720144,26,21438.72,824.5661538461538,10.775392038600732,0.0130679533574587,,,,,,54.0,670.04,12.408148148148149,0.3367712102935266,0.0271411338962605,42.0,271.84,6.472380952380952,0.1366304784881384,0.0211097708082026,6.0,37.68,6.28,0.0189384800965018,0.0030156815440289,3.0,32.68,10.893333333333333,0.0164254121431443,0.0015078407720144,20.0,67.44,3.372,0.0338962605548854,0.0100522718134298,1.0,2.2,2.2,0.0011057498994772,0.0005026135906714,0.0,0.0,0.0,2.2,2.0,1.1,0.0,0.0,0.0011057498994772,0.0010052271813429,0.0,1.0,0.0,1.0,60.75533268802971,1911.0,0.0317924294547512,0.0045315510758868,2.259356175415347,0.0281454657008389,0.9604945717732216,490350,404504.6666666666,0,0.8249304918255667,0.0,23643.0,1768.0,328.0,2772.0,239.0,209.0,31.0,478.0,23404.0,1559.0,297.0,2294.0,0.0101087002495453,0.9898912997504546,0.1182126696832579,0.8817873303167421,0.0945121951219512,0.9054878048780488,0.1724386724386724,0.8275613275613276
1,inactive,2,blue,6,0-6,17.0,314.12,18.47764705882353,14752.0,6848.0,73,202.08219178082192,0.0458703271028037,0.002482476635514,7.0,20.48,2.9257142857142857,0.0029906542056074,0.0010221962616822,2.0,10.36,5.18,0.0015128504672897,0.0002920560747663,49,18492.4,377.39591836734695,2.700408878504673,0.0071553738317757,1.0,1.48,1.48,0.0002161214953271,0.0001460280373831,79.0,879.28,11.13012658227848,0.1283995327102803,0.011536214953271,17.0,51.08,3.004705882352941,0.0074591121495327,0.002482476635514,16.0,221.48,13.8425,0.0323422897196261,0.0023364485981308,7.0,30.88,4.411428571428571,0.0045093457943925,0.0010221962616822,53.0,181.84,3.4309433962264153,0.026553738317757,0.0077394859813084,10.0,28.52,2.852,0.0041647196261682,0.0014602803738317,0.0,0.0,0.0,20.0,20.0,1.0,0.0,0.0,0.0029205607476635,0.0029205607476635,0.0,1.0,0.0,1.0,71.69978168425676,4460.0,0.0160761842341382,0.0031437622147813,2.142501007452516,0.0138051886339168,0.6512850467289719,368873,335970.0,3658,0.9108012784888024,0.0099166921948746,23355.0,6332.0,780.0,7870.0,1545.0,135.0,17.0,217.0,21810.0,6197.0,763.0,7653.0,0.0661528580603725,0.9338471419396276,0.0213202779532533,0.9786797220467468,0.0217948717948717,0.9782051282051282,0.0275730622617534,0.9724269377382464
1,inactive,2,blue,12,6-12,4.0,20.52,5.13,19632.6,1967.4000000000017,47,417.7148936170212,0.0104300091491308,0.0020331401850157,2.0,15.44,7.72,0.0078479211141608,0.0010165700925078,1.0,3.32,3.32,0.001687506353563,0.0005082850462539,24,21017.2,875.7166666666667,10.682728474128282,0.0121988411100945,,,,,,42.0,535.52,12.75047619047619,0.2721968079699093,0.0213479719426654,6.0,12.8,2.1333333333333333,0.0065060485920504,0.0030497102775236,7.0,25.68,3.6685714285714286,0.0130527599878011,0.0035579953237775,,,,,,19.0,62.4,3.2842105263157895,0.0317169868862457,0.0096574158788248,1.0,1.96,1.96,0.0009962386906577,0.0005082850462539,,,,,,,,,,,,,,,22.45970194631957,1484.0,0.0151345700446897,0.0030033313342109,2.082345347881697,0.0142570594035022,0.7542950086408451,490862,472981.6666666667,0,0.9635736045297184,0.0,13756.0,649.0,472.0,517.0,74.0,0.0,0.0,0.0,13682.0,649.0,472.0,517.0,0.0053794707763884,0.9946205292236115,0.0,1.0,0.0,1.0,0.0,1.0
1,inactive,2,green,6,0-6,41.0,603.96,14.730731707317076,13094.88,8505.12,119,110.04100840336132,0.0710113437552909,0.0048206256936997,9.0,29.72,3.302222222222222,0.0034943657467501,0.0010581861278853,3.0,10.24,3.4133333333333336,0.0012039806610606,0.0003527287092951,111,17549.72,158.1055855855856,2.0634300280301745,0.0130509622439189,,,,,,28.0,1156.08,41.28857142857142,0.1359275354139623,0.0032921346200876,12.0,91.88,7.656666666666666,0.0108029046033448,0.0014109148371804,18.0,159.88,8.882222222222222,0.0187980886807005,0.0021163722557706,9.0,27.6,3.066666666666667,0.0032451041255149,0.0010581861278853,88.0,337.84,3.839090909090909,0.0397219557160863,0.0103467088059898,21.0,53.76,2.56,0.0063208984705683,0.0024691009650657,15.8,15.0,1.0533333333333337,7.0,4.0,1.75,0.0018577045356208,0.0017636435464755,0.0008230336550219,0.0004703049457268,0.6929824561403509,0.3070175438596491,0.7894736842105263,0.2105263157894736,168.3532361126677,6083.0,0.0276760210607706,0.0043187239273379,2.093048689052665,0.025026916057783,0.7152162462140451,327491,315053.3333333333,92,0.9620213481693644,0.0002809237505763,31239.0,4714.0,1011.0,15140.0,412.0,285.0,99.0,482.0,30827.0,4429.0,912.0,14658.0,0.0131886424021255,0.9868113575978744,0.0604582095884599,0.93954179041154,0.0979228486646884,0.9020771513353116,0.0318361955085865,0.9681638044914136
1,inactive,2,green,12,6-12,11.0,103.56,9.414545454545454,19755.28,1844.7200000000012,78,253.2728205128205,0.0561386009800945,0.0059629645691487,4.0,30.84,7.71,0.0167179843011405,0.0021683507524177,3.0,9.4,3.1333333333333333,0.0050956242681816,0.0016262630643132,29,20914.32,721.183448275862,11.337395377076188,0.0157205429550283,,,,,,41.0,688.04,16.781463414634146,0.3729780129233702,0.0222255952122815,4.0,20.32,5.08,0.0110152218222819,0.0021683507524177,3.0,30.32,10.106666666666667,0.0164360987033262,0.0016262630643132,2.0,13.72,6.86,0.0074374430807927,0.0010841753762088,23.0,81.96,3.563478260869565,0.0444295069170388,0.0124680168264018,,,,,,,,,,,,,,,,,,,,40.74453645425529,1347.0,0.0302483566846735,0.0040246824572712,2.1129265759995635,0.0290166857643363,0.7301921158766638,493960,476690.6666666666,0,0.9650390045077872,0.0,17754.0,1106.0,1013.0,2600.0,207.0,0.0,35.0,87.0,17547.0,1106.0,978.0,2513.0,0.011659344373099,0.988340655626901,0.0,1.0,0.0345508390918065,0.9654491609081934,0.0334615384615384,0.9665384615384616
1,inactive,2,red,6,0-6,16.0,216.52,13.5325,17195.4,4404.5999999999985,81,212.28888888888892,0.0491576987694683,0.0036325659537755,6.0,18.76,3.126666666666667,0.0042591835808018,0.0013622122326658,3.0,16.04,5.346666666666667,0.00364164736866,0.0006811061163329,45,18740.52,416.456,4.254760931753169,0.0102165917449938,,,,,,6.0,48.84,8.14,0.0110884075739,0.0013622122326658,14.0,313.12,22.365714285714287,0.0710893157153884,0.0031784952095536,7.0,50.52,7.217142857142858,0.0114698269990464,0.0015892476047768,2.0,18.28,9.14,0.0041502066021886,0.0004540707442219,38.0,145.08,3.8178947368421055,0.0329382917858602,0.008627344140217,3.0,8.08,2.693333333333334,0.0018344458066566,0.0006811061163329,12.4,10.0,1.24,1.2,1.0,1.2,0.002815238614176,0.0022703537211097,0.0002724424465331,0.0002270353721109,0.911764705882353,0.088235294117647,0.9090909090909092,0.0909090909090909,61.20293160984817,2013.0,0.0304038408394675,0.0062406100422769,2.073602945975264,0.0269236340469939,0.4570222040593926,429966,357303.0,8780,0.8310029165096775,0.0204202192731518,9069.0,1729.0,879.0,5429.0,1211.0,24.0,34.0,88.0,7858.0,1705.0,845.0,5341.0,0.1335318116661153,0.8664681883338846,0.0138808559861191,0.9861191440138808,0.0386803185437997,0.9613196814562004,0.0162092466384232,0.9837907533615768
1,inactive,2,red,12,6-12,3.0,9.36,3.1199999999999997,20598.08,1001.9199999999984,13,1584.4676923076925,0.0093420632385819,0.002994251038007,1.0,2.24,2.24,0.0022357074417119,0.0009980836793356,1.0,8.08,8.08,0.0080645161290322,0.0009980836793356,11,21135.8,1921.4363636363637,21.095297029703005,0.0109789204726924,,,,,,7.0,410.52,58.64571428571429,0.4097333120408821,0.0069865857553497,4.0,28.32,7.08,0.0282657297987863,0.0039923347173427,,,,,,2.0,5.08,2.54,0.0050702650910252,0.0019961673586713,29.0,164.8,5.682758620689656,0.1644841903545196,0.0289444267007346,,,,,,,,,,,,,,,,,,,,6.939014721908688,555.0,0.0125027292286643,0.0022913168232091,2.2342515193301544,0.0112274769972412,0.5539364420313008,514965,484471.6666666666,3853,0.9407856197346744,0.0074820618877011,10982.0,129.0,260.0,237.0,0.0,0.0,0.0,0.0,10982.0,129.0,260.0,237.0,0.0,1.0,0.0,1.0,0.0,1.0,0.0,1.0
1,inactive,2,yellow,6,0-6,9.0,62.6,6.955555555555556,18334.96,3265.040000000001,180,101.86088888888888,0.0191728125842256,0.0027564746526841,2.0,2.84,1.42,0.0008698208904025,0.0006125499228187,1.0,1.6,1.6,0.0004900399382549,0.0003062749614093,17,19231.72,1131.2776470588235,5.890194300835517,0.005206674343959,,,,,,,,,,,1.0,3.24,3.24,0.0009923308749663,0.0003062749614093,7.0,70.12,10.017142857142858,0.0214760002940239,0.0021439247298654,3.0,8.12,2.7066666666666666,0.0024869526866439,0.000918824884228,6.0,22.68,3.78,0.0069463161247641,0.0018376497684561,,,,,,,,,,,,,,,,,,,,38.0680545488495,807.0,0.0471723104694541,0.013829231563317,1.9097796142341132,0.0443172699469661,0.2471638938573493,458554,365789.0,19791,0.7977010341202999,0.0431595842583425,82.0,1966.0,114.0,1574.0,0.0,204.0,48.0,295.0,82.0,1762.0,66.0,1279.0,0.0,1.0,0.103763987792472,0.896236012207528,0.4210526315789473,0.5789473684210527,0.187420584498094,0.8125794155019059
1,inactive,2,yellow,12,6-12,3.0,7.08,2.36,20428.04,1171.9599999999991,38,537.58,0.0060411618143964,0.002559814328134,2.0,2.4,1.2,0.0020478514625072,0.0017065428854227,,,,,,7,21158.32,3022.617142857143,18.053790231748536,0.0059729000989794,,,,,,43.0,274.84,6.391627906976743,0.234513123314789,0.0366906720365883,2.0,4.2,2.1,0.0035837400593876,0.0017065428854227,4.0,49.36,12.34,0.0421174784122325,0.0034130857708454,1.0,9.96,9.96,0.0084985835694051,0.0008532714427113,13.0,59.6,4.584615384615384,0.0508549779855968,0.0110925287552476,1.0,2.0,2.0,0.0017065428854227,0.0008532714427113,,,,,,,,,,,,,,,15.071803544660645,695.0,0.0216860482656987,0.0030546336100666,2.2040004398949105,0.0180417113104416,0.5930236526843924,510739,487079.33333333326,0,0.9536756216645552,0.0,7021.0,1488.0,62.0,180.0,281.0,0.0,35.0,87.0,6740.0,1488.0,27.0,93.0,0.0400227887765275,0.9599772112234723,0.0,1.0,0.5645161290322581,0.4354838709677419,0.4833333333333333,0.5166666666666667
1,inactive,3,blue,6,0-6,51.0,842.48,16.51921568627451,10443.12,11156.88,100,104.4312,0.0755121503502771,0.0045711704347451,41.0,169.92,4.144390243902439,0.0152300643190569,0.0036748625063637,17.0,48.12,2.8305882352941176,0.0043130337513713,0.0015237234782483,134,16376.6,122.2134328358209,1.467847641993102,0.0120105262403109,,,,,,76.0,1596.12,21.00157894736842,0.1430615010648138,0.0068119402556987,34.0,433.04,12.736470588235294,0.0388137185306286,0.0030474469564967,11.0,72.12,6.556363636363637,0.0064641727794867,0.0009859387212195,20.0,166.6,8.33,0.0149324900868343,0.0017926158567628,128.0,584.24,4.564375,0.0523658944077555,0.011472741483282,41.0,104.32,2.544390243902439,0.0093502843088748,0.0036748625063637,6.6,6.0,1.1,0.0,0.0,0.0,0.0005915632327317,0.0005377847570288,0.0,0.0,1.0,0.0,1.0,0.0,258.3268359989502,7625.0,0.0338789293113377,0.0059777469381884,2.0506609979667423,0.029390717342711,0.6834347953908262,261178,239480.66666666663,3843,0.9169251110991992,0.0147141030255228,50839.0,5999.0,5509.0,21113.0,484.0,0.0,109.0,229.0,50355.0,5999.0,5400.0,20884.0,0.0095202502016168,0.9904797497983832,0.0,1.0,0.0197858050462878,0.980214194953712,0.0108463979538672,0.9891536020461328
1,inactive,3,blue,12,6-12,16.0,194.4,12.15,18329.24,3270.7599999999984,63,290.9403174603175,0.0594357274761829,0.004891829421908,14.0,65.12,4.651428571428572,0.0199097457471658,0.0042803507441695,16.0,76.64,4.79,0.0234318629309396,0.004891829421908,71,21055.72,296.5594366197183,6.4375619122161245,0.021707493059717,,,,,,79.0,1297.96,16.42987341772152,0.3968374322787366,0.024153407770671,8.0,40.16,5.02,0.0122784918489892,0.002445914710954,7.0,73.44,10.491428571428573,0.0224534970465579,0.0021401753720847,7.0,70.48,10.06857142857143,0.021548508603505,0.0021401753720847,60.0,243.64,4.060666666666666,0.0744903325221049,0.0183443603321552,13.0,31.84,2.4492307692307693,0.009734740549597,0.0039746114053002,3.4,2.0,1.7,0.0,0.0,0.0,0.0010395137521554,0.0006114786777385,0.0,0.0,1.0,0.0,1.0,0.0,113.5587576077814,3211.0,0.0353655426994024,0.0048682526120289,2.1148659514411365,0.0309756424857825,0.981729017109174,458294,382163.0,1134,0.8338817440333062,0.0024743941661902,33540.0,3612.0,3574.0,4876.0,2580.0,0.0,1.0,16.0,30960.0,3612.0,3573.0,4860.0,0.0769230769230769,0.9230769230769232,0.0,1.0,0.0002797985450475,0.9997202014549524,0.0032813781788351,0.9967186218211648
1,inactive,3,green,6,0-6,17.0,113.4,6.670588235294118,16839.04,4760.959999999999,143,117.75552447552448,0.023818725635166,0.0035707084285522,6.0,26.4,4.3999999999999995,0.0055451001478693,0.0012602500336066,12.0,83.24,6.9366666666666665,0.0174838687995698,0.0025205000672133,33,17932.6,543.4121212121212,3.766593292109155,0.0069313751848366,,,,,,58.0,255.0,4.396551724137931,0.0535606264282833,0.0121824169915311,3.0,13.04,4.346666666666667,0.0027389434063718,0.0006301250168033,2.0,21.32,10.66,0.004478088452749,0.0004200833445355,1.0,1.72,1.72,0.0003612716763005,0.0002100416722677,11.0,41.84,3.803636363636364,0.0087881435676838,0.0023104583949455,,,,,,0.0,0.0,0.0,2.6,2.0,1.3,0.0,0.0,0.0005461083478962,0.0004200833445355,0.0,1.0,0.0,1.0,63.78650152266329,1217.0,0.0524129018263461,0.0131118390982062,1.8708991970894135,0.0488061986046194,0.2556207151498857,421119,341369.99999999994,3113,0.8106259750806778,0.0073922098029298,6762.0,579.0,2759.0,2852.0,351.0,0.0,267.0,982.0,6411.0,579.0,2492.0,1870.0,0.0519077196095829,0.948092280390417,0.0,1.0,0.0967741935483871,0.9032258064516128,0.3443197755960729,0.655680224403927
1,inactive,3,green,12,6-12,83.0,626.2,7.544578313253012,16525.88,5074.119999999999,273,60.53435897435898,0.1234105618314111,0.0163575161801455,25.0,108.12,4.3248,0.0213081283059919,0.0049269627048631,43.0,262.52,6.105116279069767,0.0517370499712265,0.0084743758523645,91,20722.96,227.72483516483516,4.084050042174802,0.0179341442457017,3.0,4.44,1.4800000000000002,0.0008750285763836,0.0005912355245835,75.0,1294.84,17.264533333333333,0.2551851355505979,0.0147808881145893,30.0,217.48,7.249333333333333,0.0428606339621451,0.0059123552458357,11.0,103.52,9.41090909090909,0.0204015671682971,0.0021678635901397,12.0,72.56,6.046666666666667,0.0143000165545946,0.0023649420983342,49.0,206.88,4.222040816326531,0.0407716017752832,0.0096568469015316,8.0,20.04,2.505,0.0039494533042182,0.0015766280655561,0.0,0.0,0.0,2.2,1.0,2.2,0.0,0.0,0.0004335727180279,0.0001970785081945,0.0,1.0,0.0,1.0,178.51168577002562,4862.0,0.0367156902036251,0.0063858316581945,2.0379861453322334,0.0324611292639584,0.9581957068417776,413420,367303.3333333333,28,0.8884508087014013,6.772773450728073e-05,37913.0,4425.0,9334.0,15738.0,1797.0,744.0,1764.0,4335.0,36116.0,3681.0,7570.0,11403.0,0.0473979901353097,0.9526020098646902,0.168135593220339,0.831864406779661,0.1889865009642168,0.8110134990357831,0.2754479603507434,0.7245520396492566
1,inactive,3,red,6,0-6,18.0,266.48,14.804444444444446,16209.48,5390.52,32,506.54625,0.0494349339210317,0.0033391954765031,21.0,82.12,3.910476190476191,0.0152341518072467,0.0038957280559203,14.0,83.84,5.988571428571428,0.0155532304861126,0.0025971520372802,44,17618.4,400.41818181818184,3.268404532401327,0.0081624778314522,3.0,5.76,1.92,0.001068542552481,0.0005565325794171,39.0,777.24,19.92923076923077,0.1441864606754079,0.0072349235324235,6.0,24.84,4.14,0.0046080897575744,0.0011130651588343,9.0,72.8,8.088888888888889,0.0135051905938573,0.0016695977382515,2.0,3.88,1.94,0.0007197821360462,0.0003710217196114,16.0,57.84,3.615,0.0107299481311635,0.0029681737568917,7.0,15.84,2.262857142857143,0.0029384920193228,0.0012985760186401,0.0,0.0,0.0,0.8,1.0,0.8,0.0,0.0,0.0001484086878445,0.0001855108598057,0.0,1.0,0.0,1.0,60.8163413644838,1937.0,0.0313971819124851,0.0042258525160086,2.004488990121952,0.030262426331183,0.3593345354437048,405269,324180.3333333333,11927,0.7999139666081869,0.0294298354919818,20097.0,1928.0,4184.0,6680.0,162.0,0.0,82.0,0.0,19935.0,1928.0,4102.0,6680.0,0.0080609046126287,0.9919390953873712,0.0,1.0,0.0195984703632887,0.9804015296367112,0.0,1.0
1,inactive,3,red,12,6-12,21.0,109.36,5.207619047619048,19732.48,1867.5200000000004,36,548.1244444444444,0.0585589444825222,0.0112448594928032,17.0,79.44,4.672941176470588,0.0425376970527758,0.009102981494174,17.0,136.12,8.007058823529412,0.0728881082933516,0.009102981494174,42,21201.96,504.8085714285714,11.353002912954077,0.0224897189856065,2.0,3.08,1.54,0.0016492460589444,0.0010709389993145,40.0,823.04,20.576,0.4407128169979437,0.0214187799862919,8.0,34.92,4.365,0.0186985949280328,0.0042837559972583,8.0,63.2,7.9,0.0338416723783413,0.0042837559972583,4.0,14.56,3.64,0.0077964359150102,0.0021418779986291,38.0,167.08,4.3968421052631586,0.0894662440027415,0.0203478409869773,3.0,7.72,2.5733333333333333,0.0041338245373543,0.0016064084989718,0.0,0.0,0.0,1.2,1.0,1.2,0.0,0.0,0.0006425633995887,0.0005354694996572,0.0,1.0,0.0,1.0,51.10459253002687,1831.0,0.0279107550682833,0.0034307352187558,1.997510473667784,0.0264145575002291,0.9804446538725152,493348,404074.3333333333,5943,0.8190452446008362,0.0120462634894638,21497.0,1956.0,5423.0,2755.0,338.0,0.0,177.0,233.0,21159.0,1956.0,5246.0,2522.0,0.015723124156859,0.9842768758431408,0.0,1.0,0.032638760833487,0.967361239166513,0.084573502722323,0.915426497277677
1,inactive,3,yellow,6,0-6,13.0,139.2,10.707692307692309,16438.12,5161.880000000001,72,228.3072222222222,0.0269669190295008,0.0025184622656861,,,,,,5.0,26.84,5.368,0.0051996559393089,0.0009686393329562,28,18036.32,644.1542857142857,3.494137794756948,0.0054243802645547,,,,,,73.0,467.52,6.404383561643836,0.0905716521887374,0.0141421342611606,1.0,1.72,1.72,0.0003332119305369,0.0001937278665912,3.0,8.16,2.72,0.0015808193913845,0.0005811835997737,2.0,3.04,1.52,0.0005889327144373,0.0003874557331824,17.0,77.6,4.564705882352941,0.0150332824474803,0.0032933737320511,2.0,5.04,2.52,0.0009763884476198,0.0003874557331824,0.0,0.0,0.0,3.2,3.0,1.0666666666666669,0.0,0.0,0.0006199291730919,0.0005811835997737,0.0,1.0,0.0,1.0,44.81793512814204,1663.0,0.0269500511895021,0.006775811077308,2.1552628425721188,0.0255255411587966,0.3221694421412353,411025,340036.3333333333,64,0.8272886888469881,0.0001557082902499,11805.0,285.0,676.0,3493.0,573.0,0.0,240.0,1211.0,11232.0,285.0,436.0,2282.0,0.0485387547649301,0.95146124523507,0.0,1.0,0.3550295857988165,0.6449704142011834,0.3466933867735471,0.6533066132264529
1,inactive,3,yellow,12,6-12,45.0,486.04,10.80088888888889,18168.72,3431.279999999999,88,206.46272727272728,0.1416497633536173,0.0131146394348464,7.0,27.88,3.982857142857142,0.0081252477209671,0.0020400550231983,16.0,85.96,5.3725,0.0250518756848756,0.0046629829101676,90,21033.16,233.70177777777775,6.129829101676345,0.0262292788696929,,,,,,91.0,654.32,7.190329670329671,0.1906926861113055,0.0265207153015784,15.0,55.24,3.682666666666667,0.0160989484973537,0.0043715464782821,3.0,47.0,15.666666666666666,0.0136975122986174,0.0008743092956564,6.0,54.2,9.033333333333331,0.0157958546081928,0.0017486185913128,35.0,142.64,4.075428571428571,0.0415704926441444,0.0102002751159917,1.0,2.04,2.04,0.0005945303210463,0.0002914364318854,,,,,,,,,,,,,,,112.3170198944034,3350.0,0.033527468625195,0.0064728526645585,2.2283139486897223,0.031397428178096,0.9763120468163488,454306,389534.0,2261,0.8574264922761311,0.0049768217897188,17845.0,2539.0,2869.0,12196.0,1707.0,744.0,1588.0,4086.0,16138.0,1795.0,1281.0,8110.0,0.0956570467918184,0.9043429532081816,0.2930287514769594,0.7069712485230406,0.5535029627047752,0.4464970372952248,0.3350278779927845,0.6649721220072154
1,inactive,4,blue,6,0-6,10.0,209.0,20.9,16615.76,4984.240000000002,98,169.54857142857142,0.0419321702004718,0.0020063239330369,7.0,28.92,4.131428571428572,0.0058022888143428,0.0014044267531258,4.0,22.88,5.72,0.0045904691587884,0.0008025295732147,51,19140.88,375.3113725490196,3.8402805643387943,0.0102322520584883,1.0,6.4,6.4,0.0012840473171436,0.0002006323933036,5.0,70.24,14.047999999999998,0.0140924193056514,0.0010031619665184,44.0,546.36,12.417272727272728,0.1096175144054058,0.0088278253053625,9.0,97.8,10.866666666666667,0.0196218480651011,0.0018056915397332,7.0,152.68,21.81142857142857,0.0306325538096078,0.0014044267531258,43.0,157.76,3.668837209302325,0.0316517663675906,0.0086271929120588,13.0,33.48,2.575384615384615,0.0067171725278076,0.002608221112948,9.2,9.0,1.022222222222222,0.0,0.0,0.0,0.0018458180183939,0.0018056915397332,0.0,0.0,1.0,0.0,1.0,0.0,65.13773722691106,2842.0,0.0229196823458518,0.0037274427853481,2.09238866212014,0.0212885920061113,0.570197261769096,415492,353695.0,4305,0.8512678944480279,0.0103612103241458,15464.0,6278.0,1306.0,5235.0,805.0,189.0,30.0,619.0,14659.0,6089.0,1276.0,4616.0,0.0520563890325918,0.9479436109674082,0.0301051290219815,0.9698948709780184,0.0229709035222052,0.9770290964777948,0.1182425978987583,0.8817574021012416
1,inactive,4,blue,12,6-12,2.0,2.56,1.28,17998.84,3601.16,42,428.5438095238095,0.0007108820491175,0.000555376600873,1.0,2.68,2.68,0.0007442046451698,0.0002776883004365,2.0,6.76,3.38,0.0018771729109509,0.000555376600873,14,19527.24,1394.8028571428572,5.422486087816149,0.0038876362061113,,,,,,5.0,30.48,6.096,0.0084639393973053,0.0013884415021826,25.0,527.76,21.1104,0.1465527774383809,0.0069422075109131,4.0,57.96,14.49,0.016094813893301,0.0011107532017461,11.0,133.32,12.12,0.0370214042141976,0.0030545713048017,25.0,99.12,3.9648,0.0275244643392684,0.0069422075109131,4.0,10.96,2.74,0.0030434637727843,0.0011107532017461,1.2,1.0,1.2,0.0,0.0,0.0,0.0003332259605238,0.0002776883004365,0.0,0.0,1.0,0.0,1.0,0.0,28.662540684015823,1510.0,0.018981815022527,0.0023983985726828,2.184910726910423,0.0150664594377372,0.4193093336591543,450013,370335.6666666666,2799,0.8229443741995601,0.0062198203163019,13986.0,4797.0,239.0,66.0,68.0,0.0,45.0,0.0,13918.0,4797.0,194.0,66.0,0.0048620048620048,0.9951379951379952,0.0,1.0,0.1882845188284518,0.8117154811715481,0.0,1.0
1,inactive,4,green,6,0-6,22.0,228.96,10.407272727272728,16322.56,5277.4400000000005,105,155.45295238095238,0.0433846713558088,0.0041686878486538,5.0,18.52,3.704,0.0035092772253213,0.0009474290565122,5.0,20.04,4.008,0.003797295658501,0.0009474290565122,63,19011.0,301.76190476190476,3.6023147586708704,0.0119376061120543,,,,,,3.0,7.56,2.52,0.0014325127334465,0.0005684574339073,49.0,276.48,5.642448979591837,0.0523890371089012,0.00928480475382,8.0,53.32,6.665,0.0101033834586466,0.0015158864904195,7.0,74.76,10.68,0.0141659592529711,0.0013264006791171,54.0,203.76,3.773333333333333,0.0386096289109871,0.0102322338103322,13.0,35.68,2.7446153846153845,0.0067608537472714,0.0024633155469318,0.8,1.0,0.8,18.2,16.0,1.1375,0.0001515886490419,0.0001894858113024,0.0034486417657045,0.0030317729808391,0.0421052631578947,0.9578947368421052,0.0588235294117647,0.9411764705882352,100.11772256279409,3141.0,0.0318744739136561,0.006056068635231,2.09602546369852,0.0281203059518718,0.5951749333009944,408169,366400.3333333333,270,0.8976682044283943,0.0006614907060555,7153.0,3217.0,974.0,5746.0,1270.0,124.0,216.0,1570.0,5883.0,3093.0,758.0,4176.0,0.1775478820075492,0.8224521179924508,0.0385452284737332,0.9614547715262668,0.2217659137577002,0.7782340862422998,0.2732335537765402,0.7267664462234598
1,inactive,4,green,12,6-12,22.0,227.6,10.345454545454546,14626.6,6973.4,117,125.0136752136752,0.0326383112972151,0.0031548455559698,9.0,77.32,8.591111111111111,0.0110878481085266,0.0012906186365331,12.0,83.96,6.996666666666666,0.0120400378581466,0.0017208248487108,70,18754.4,267.92,2.6894197952218435,0.010038144950813,4.0,12.0,3.0,0.0017208248487108,0.0005736082829036,4.0,7.32,1.83,0.0010497031577135,0.0005736082829036,98.0,1788.44,18.24938775510204,0.2564659993690309,0.0140534029311383,7.0,71.72,10.245714285714286,0.0102847965124616,0.0010038144950813,18.0,112.0,6.222222222222222,0.0160610319213009,0.0025812372730662,69.0,220.8,3.2,0.031663177216279,0.0098947428800871,11.0,30.32,2.7563636363636363,0.0043479507844093,0.0015774227779849,0.0,0.0,0.0,1.2,1.0,1.2,0.0,0.0,0.000172082484871,0.0001434020707259,0.0,1.0,0.0,1.0,133.3359923906193,4819.0,0.0276688093775927,0.0045372888039074,2.1635867244647065,0.0243459283679085,0.6910545788281183,365782,322041.0,2,0.8804178445084777,5.467737614207369e-06,44996.0,4618.0,4053.0,5712.0,416.0,421.0,554.0,373.0,44580.0,4197.0,3499.0,5339.0,0.0092452662458885,0.9907547337541116,0.0911650064963187,0.9088349935036812,0.1366888724401677,0.8633111275598322,0.0653011204481792,0.9346988795518208
1,inactive,4,red,6,0-6,90.0,1163.04,12.922666666666666,14061.92,7538.08,42,334.807619047619,0.1542886252202152,0.0119393797890178,13.0,51.16,3.9353846153846153,0.0067868741111795,0.0017245770806359,10.0,25.84,2.584,0.0034279285972024,0.0013265977543353,111,16961.56,152.80684684684687,2.250116740602382,0.014725235073122,,,,,,9.0,58.96,6.551111111111111,0.007821620359561,0.0011939379789017,65.0,1337.84,20.582153846153844,0.1774775539659966,0.0086228854031795,1.0,10.4,10.4,0.0013796616645087,0.0001326597754335,11.0,125.88,11.443636363636363,0.016699212531573,0.0014592575297688,96.0,380.16,3.96,0.0504319402288115,0.012735338441619,8.0,21.92,2.74,0.002907902277503,0.0010612782034682,12.2,11.0,1.1090909090909091,3.2,4.0,0.8,0.001618449260289,0.0014592575297688,0.0004245112813873,0.0005306391017341,0.7922077922077922,0.2077922077922078,0.7333333333333333,0.2666666666666666,165.95445335401587,5451.0,0.0304447722168438,0.0065305716236353,2.1212273841673395,0.0265123666322548,0.7231284358881838,351590,327968.6666666666,3611,0.9328156849360524,0.010270485508689,34994.0,3419.0,1948.0,29166.0,1846.0,0.0,0.0,1536.0,33148.0,3419.0,1948.0,27630.0,0.0527519003257701,0.9472480996742298,0.0,1.0,0.0,1.0,0.0526640608928204,0.9473359391071796
1,inactive,4,red,12,6-12,15.0,120.48,8.032,15861.4,5738.6,32,495.66875,0.0209946676889833,0.0026138779493256,5.0,32.24,6.448,0.0056180950057505,0.0008712926497752,9.0,24.36,2.7066666666666666,0.0042449377897048,0.0015683267695953,64,18383.28,287.23875,3.2034433485519114,0.0111525459171226,1.0,1.08,1.08,0.0001881992123514,0.000174258529955,2.0,4.0,2.0,0.0006970341198201,0.00034851705991,22.0,1295.64,58.89272727272728,0.2257763217509497,0.0038336876590109,9.0,108.68,12.075555555555557,0.0189384170355138,0.0015683267695953,7.0,54.92,7.845714285714286,0.0095702784651308,0.0012198097096852,51.0,173.0,3.392156862745098,0.0301467256822221,0.0088871850277071,11.0,28.36,2.578181818181818,0.0049419719095249,0.0019168438295054,,,,,,,,,,,,,,,68.03791458207434,3660.0,0.0185895941481077,0.0028533360430814,2.155952713245077,0.0162804101364754,0.6377862196354511,396567,335373.6666666666,2920,0.84569232101175,0.0073631946178073,32515.0,4106.0,1429.0,3027.0,32.0,0.0,0.0,175.0,32483.0,4106.0,1429.0,2852.0,0.0009841611563893,0.9990158388436108,0.0,1.0,0.0,1.0,0.0578130161876445,0.9421869838123554
1,inactive,4,yellow,6,0-6,2.0,29.76,14.88,18898.0,2702.0,68,277.9117647058824,0.0110140636565507,0.000740192450037,6.0,60.76,10.126666666666669,0.0224870466321243,0.002220577350111,1.0,2.76,2.76,0.001021465581051,0.0003700962250185,14,19484.32,1391.7371428571428,7.211073279052553,0.005181347150259,,,,,,5.0,20.2,4.04,0.0074759437453737,0.0018504811250925,8.0,86.64,10.83,0.0320651369356032,0.002960769800148,4.0,25.16,6.29,0.0093116210214655,0.001480384900074,2.0,22.48,11.24,0.0083197631384159,0.000740192450037,8.0,23.88,2.985,0.0088378978534418,0.002960769800148,,,,,,0.0,0.0,0.0,0.8,1.0,0.8,0.0,0.0,0.0002960769800148,0.0003700962250185,0.0,1.0,0.0,1.0,35.083742068123705,610.0,0.0575143312592191,0.0112936642964449,2.1388090792709455,0.0529240510583514,0.2257586972612879,472518,386636.6666666666,6275,0.8182474882791061,0.0132799173788088,2684.0,1197.0,1595.0,746.0,489.0,219.0,222.0,121.0,2195.0,978.0,1373.0,625.0,0.1821907600596125,0.8178092399403875,0.1829573934837092,0.8170426065162907,0.1391849529780564,0.8608150470219436,0.1621983914209115,0.8378016085790885
1,inactive,4,yellow,12,6-12,9.0,53.76,5.973333333333333,18037.68,3562.3199999999997,78,231.2523076923077,0.0150912888230142,0.0025264434413528,8.0,31.32,3.915,0.0087920231759078,0.0022457275034247,9.0,33.12,3.68,0.0092973118641784,0.0025264434413528,20,19494.2,974.71,5.472332637157808,0.0056143187585618,1.0,1.84,1.84,0.0005165173257876,0.000280715937928,3.0,16.2,5.3999999999999995,0.004547598194435,0.0008421478137842,87.0,385.8,4.43448275862069,0.1083002088526578,0.0244222865997439,2.0,15.2,7.6,0.0042668822565069,0.0005614318758561,17.0,167.96,9.88,0.0471490489344023,0.0047721709447775,16.0,49.08,3.0675,0.0137775382335107,0.0044914550068494,4.0,8.24,2.06,0.0023130993285274,0.0011228637517123,,,,,,,,,,,,,,,63.108487695529895,1446.0,0.0436434907991216,0.0076562173540785,2.21807960430898,0.0415611303961298,0.4059152462440208,451020,378721.6666666666,247,0.8397003828359422,0.0005476475544321,10140.0,4598.0,1628.0,1353.0,440.0,421.0,539.0,548.0,9700.0,4177.0,1089.0,805.0,0.0433925049309664,0.9566074950690336,0.0915615484993475,0.9084384515006524,0.3310810810810811,0.668918918918919,0.4050258684405026,0.5949741315594974
1,inactive,5,blue,6,0-6,8.0,132.96,16.62,18855.84,2744.16,78,241.74153846153845,0.0484519853069791,0.0029152819077604,1.0,1.0,1.0,0.00036441023847,0.00036441023847,2.0,4.2,2.1,0.0015305230015742,0.0007288204769401,28,20628.2,736.7214285714286,7.517127281208094,0.0102034866771616,,,,,,1.0,1.68,1.68,0.0006122092006297,0.00036441023847,20.0,529.84,26.492,0.1930791207509766,0.0072882047694012,3.0,32.8,10.933333333333332,0.0119526558218179,0.0010932307154101,2.0,28.8,14.4,0.0104950148679377,0.0007288204769401,50.0,243.4,4.868,0.0886974520436126,0.018220511923503,3.0,8.28,2.76,0.003017316774532,0.0010932307154101,4.0,4.0,1.0,0.0,0.0,0.0,0.0014576409538802,0.0014576409538802,0.0,0.0,1.0,0.0,1.0,0.0,64.69728423696563,1996.0,0.032413469056596,0.0036501250871767,2.2395227167481075,0.0275284304460356,0.7273628359862399,471474,392426.6666666666,7329,0.8323399947116207,0.0155448656765802,13309.0,1545.0,133.0,3332.0,43.0,45.0,0.0,184.0,13266.0,1500.0,133.0,3148.0,0.0032308963859042,0.9967691036140958,0.029126213592233,0.970873786407767,0.0,1.0,0.0552220888355342,0.9447779111644656
1,inactive,5,blue,12,6-12,3.0,48.88,16.293333333333333,19875.44,1724.5600000000013,39,509.6266666666666,0.0283434615206197,0.0017395741522475,9.0,48.08,5.342222222222222,0.0278795750800203,0.0052187224567425,1.0,1.84,1.84,0.0010669388133784,0.0005798580507491,19,21201.32,1115.858947368421,12.293756088509523,0.0110173029642343,,,,,,1.0,2.4,2.4,0.001391659321798,0.0005798580507491,20.0,835.0,41.75,0.4841814723755621,0.0115971610149835,6.0,39.56,6.593333333333334,0.0229391844876374,0.003479148304495,4.0,47.64,11.91,0.0276244375376907,0.0023194322029967,28.0,103.04,3.68,0.0597485735491951,0.0162360254209769,4.0,10.72,2.68,0.0062160783040311,0.0023194322029967,,,,,,,,,,,,,,,27.05138624102138,1398.0,0.0193500616888564,0.0027440568748721,2.280131977303478,0.0170050654032299,0.8106415549473482,496925,464409.3333333333,63,0.9345662490986232,0.000126779695125,20956.0,2190.0,1258.0,1225.0,0.0,31.0,0.0,0.0,20956.0,2159.0,1258.0,1225.0,0.0,1.0,0.0141552511415525,0.9858447488584476,0.0,1.0,0.0,1.0
1,inactive,5,green,6,0-6,33.0,174.12,5.276363636363636,15772.76,5827.24,303,52.055313531353136,0.0298803550222746,0.0056630583260686,10.0,35.56,3.556,0.006102374365909,0.0017160782806268,28.0,146.92,5.247142857142856,0.0252126220989696,0.0048050191857551,50,20713.08,414.2616,3.554526671288638,0.0085803914031342,,,,,,,,,,,201.0,1889.44,9.400199004975123,0.3242426946547594,0.0344931734405996,5.0,66.0,13.2,0.0113261166521372,0.0008580391403134,13.0,97.72,7.516923076923077,0.0167695169582855,0.0022309017648149,28.0,93.64,3.3442857142857143,0.0160693570197898,0.0048050191857551,2.0,5.12,2.56,0.0008786320796809,0.0003432156561253,0.0,0.0,0.0,0.8,1.0,0.8,0.0,0.0,0.0001372862624501,0.0001716078280626,0.0,1.0,0.0,1.0,202.59527041158387,4897.0,0.0413713029225207,0.0046947589920761,2.18446190848123,0.0388037342012038,0.840363534022968,394622,361998.0,6326,0.9173284814328648,0.0160305304823349,47437.0,4111.0,4600.0,4386.0,916.0,1301.0,2939.0,2426.0,46521.0,2810.0,1661.0,1960.0,0.0193098214473933,0.9806901785526068,0.3164680126489905,0.6835319873510095,0.6389130434782608,0.3610869565217391,0.5531235750113999,0.4468764249886001
1,inactive,5,green,12,6-12,5.0,14.56,2.912,19020.24,2579.7599999999984,74,257.0302702702703,0.0056439358700034,0.0019381647905231,4.0,24.48,6.12,0.0094892548144013,0.0015505318324185,4.0,16.28,4.07,0.0063106645579433,0.0015505318324185,13,21265.76,1635.827692307692,8.243309455143118,0.0050392284553601,,,,,,3.0,8.08,2.693333333333334,0.0031320743014854,0.0011628988743138,71.0,1501.64,21.14985915492958,0.5820851552082368,0.0275219400254287,5.0,45.44,9.088,0.0176140416162743,0.0019381647905231,7.0,80.12,11.445714285714288,0.0310571526033429,0.0027134307067324,18.0,80.56,4.475555555555555,0.031227711104909,0.0069773932458833,1.0,2.24,2.24,0.0008682978261543,0.0003876329581046,,,,,,,,,,,,,,,34.72052786926566,2227.0,0.0155907174985476,0.0019357915109792,2.317603556617205,0.0153833470338259,0.8632585976990113,475580,454631.3333333333,0,0.955951329604553,0.0,37817.0,3151.0,1027.0,369.0,261.0,724.0,141.0,94.0,37556.0,2427.0,886.0,275.0,0.0069016579845043,0.9930983420154956,0.2297683275150746,0.7702316724849254,0.1372930866601752,0.8627069133398247,0.2547425474254742,0.7452574525745257
1,inactive,5,red,6,0-6,5.0,126.64,25.328,19655.44,1944.5600000000013,62,317.0232258064516,0.0651252725552309,0.0025712757641831,6.0,26.44,4.406666666666667,0.0135969062410005,0.0030855309170197,1.0,12.2,12.2,0.0062739128646068,0.0005142551528366,28,20627.52,736.6971428571429,10.607808450240665,0.0143991442794256,,,,,,,,,,,14.0,156.4,11.171428571428573,0.0804295059036491,0.0071995721397128,6.0,54.88,9.146666666666668,0.0282223227876743,0.0030855309170197,,,,,,22.0,120.76,5.489090909090909,0.0621014522565515,0.0113136133624058,,,,,,2.4,3.0,0.7999999999999999,0.0,0.0,0.0,0.0012342123668079,0.0015427654585098,0.0,0.0,1.0,0.0,1.0,0.0,30.258200208735524,1210.0,0.0250067770320128,0.0049234332171672,2.066789442061901,0.0234411035732229,0.6222487349323236,491448,399353.6666666666,11744,0.8126061489041906,0.023896729664176,3924.0,1378.0,973.0,3171.0,6.0,0.0,0.0,140.0,3918.0,1378.0,973.0,3031.0,0.0015290519877675,0.9984709480122324,0.0,1.0,0.0,1.0,0.0441501103752759,0.955849889624724
1,inactive,5,red,12,6-12,3.0,43.68,14.56,20332.88,1267.119999999999,32,635.4025,0.0344718732243197,0.0023675737104615,,,,,,,,,,,24,21186.6,882.775,16.72027905802135,0.0189405896836921,,,,,,1.0,6.4,6.4,0.0050508239156512,0.0007891912368205,44.0,267.0,6.068181818181818,0.2107140602310753,0.0347244144201023,2.0,7.68,3.84,0.0060609886987814,0.001578382473641,5.0,31.2,6.24,0.0246227665887998,0.0039459561841025,16.0,49.76,3.11,0.0392701559441884,0.0126270597891281,1.0,2.44,2.44,0.001925626617842,0.0007891912368205,,,,,,,,,,,,,,,18.234591821003075,945.0,0.0192958643608498,0.002996139003103,2.2153153879962915,0.0171804174608591,0.7457857187953791,508354,471279.6666666666,479,0.9270698502749396,0.0009422567738229,6880.0,979.0,0.0,1095.0,0.0,13.0,0.0,0.0,6880.0,966.0,0.0,1095.0,0.0,1.0,0.0132788559754851,0.9867211440245148,0.0,0.0,0.0,1.0
1,inactive,5,yellow,6,0-6,27.0,253.88,9.402962962962963,14991.32,6608.68,208,72.07365384615385,0.0384161436171822,0.0040855359920589,13.0,62.04,4.772307692307693,0.0093876538128642,0.0019671099221024,17.0,213.32,12.548235294117646,0.0322787606602226,0.0025723745135185,103,20273.04,196.8256310679612,3.0676383180907534,0.0155855632289655,,,,,,1.0,2.52,2.52,0.0003813166925921,0.000151316147854,151.0,487.04,3.225430463576159,0.0736970166508289,0.0228487383259591,3.0,58.04,19.346666666666668,0.0087823892214481,0.0004539484435621,10.0,85.8,8.58,0.0129829254858761,0.0015131614785403,52.0,202.48,3.8938461538461535,0.0306384936174848,0.0078684396884097,,,,,,0.0,0.0,0.0,5.6,6.0,0.9333333333333332,0.0,0.0,0.0008473704279825,0.0009078968871242,0.0,1.0,0.0,1.0,172.93481106188634,5725.0,0.0302069538972727,0.0059929560884982,2.2017965855247708,0.0291465732512923,0.8662849464643468,374991,353963.6666666666,1497,0.9439257653294788,0.0039920958102994,12391.0,3609.0,6914.0,6374.0,879.0,1272.0,2939.0,2423.0,11512.0,2337.0,3975.0,3951.0,0.0709385844564603,0.9290614155435396,0.3524522028262676,0.6475477971737323,0.4250795487416835,0.5749204512583165,0.3801380608722937,0.6198619391277063
1,inactive,5,yellow,12,6-12,2.0,8.8,4.4,20394.4,1205.5999999999983,113,180.48141592920356,0.0072992700729927,0.0016589250165892,4.0,13.48,3.37,0.0111811546118115,0.0033178500331785,,,,,,15,21274.84,1418.3226666666667,17.646682149966846,0.0124419376244193,,,,,,3.0,8.28,2.76,0.0068679495686795,0.0024883875248838,59.0,173.72,2.944406779661017,0.1440942269409424,0.0489382879893829,3.0,6.08,2.026666666666667,0.0050431320504313,0.0024883875248838,4.0,34.96,8.74,0.0289980092899801,0.0033178500331785,6.0,20.56,3.4266666666666663,0.0170537491705375,0.0049767750497677,,,,,,,,,,,,,,,,,,,,36.434584183707976,806.0,0.0452041987390917,0.0072127823448297,2.081642346388482,0.044014508766222,0.6685467816854688,509973,476961.0,143,0.935267161202652,0.0002804070019393,4612.0,1033.0,341.0,222.0,261.0,706.0,141.0,94.0,4351.0,327.0,200.0,128.0,0.0565915004336513,0.9434084995663486,0.6834462729912875,0.3165537270087125,0.4134897360703812,0.5865102639296188,0.4234234234234234,0.5765765765765766
1,inactive,6,blue,6,0-6,,,,20504.04,1095.9599999999991,51,402.04,,,,,,,,,,,,,12,21450.16,1787.513333333333,19.572028176210825,0.0109493047191503,,,,,,29.0,426.2,14.696551724137931,0.388882805941823,0.0264608197379466,,,,,,4.0,34.12,8.53,0.0311325230847841,0.0036497682397167,1.0,21.64,21.64,0.0197452461768677,0.0009124420599291,12.0,54.2,4.516666666666667,0.0494543596481623,0.0109493047191503,4.0,9.44,2.36,0.0086134530457316,0.0036497682397167,,,,,,,,,,,,,,,16.366850820925563,906.0,0.0180649567559884,0.0022005754441458,2.142459378712295,0.0146546651455311,0.8266725062958509,512652,477658.3333333333,1231,0.9317399197376256,0.0024012390471508,10684.0,1399.0,0.0,0.0,0.0,0.0,0.0,0.0,10684.0,1399.0,0.0,0.0,0.0,1.0,0.0,1.0,0.0,0.0,0.0,0.0
1,inactive,6,blue,12,6-12,,,,20628.8,971.2000000000008,25,825.1519999999999,,,,,,,,1.0,5.56,5.56,0.0057248764415156,0.0010296540362438,9,21585.6,2398.3999999999996,22.225700164744627,0.0092668863261943,,,,,,26.0,770.04,29.616923076923076,0.792874794069192,0.0267710049423393,,,,,,4.0,38.76,9.69,0.0399093904448105,0.0041186161449752,1.0,2.76,2.76,0.0028418451400329,0.0010296540362438,19.0,68.64,3.6126315789473686,0.0706754530477759,0.0195634266886326,1.0,2.28,2.28,0.0023476112026359,0.0010296540362438,,,,,,,,,,,,,,,7.710129007580156,944.0,0.0081675095419281,0.0016021537301538,2.154329182209849,0.0061192063472815,0.9719934102141672,515745,488789.6666666666,325,0.9477351533542092,0.0006301563757283,19277.0,1043.0,140.0,0.0,0.0,0.0,0.0,0.0,19277.0,1043.0,140.0,0.0,0.0,1.0,0.0,1.0,0.0,1.0,0.0,0.0
1,inactive,6,green,6,0-6,1.0,13.08,13.08,20456.04,1143.9599999999991,79,258.9372151898734,0.0114339662225952,0.0008741564390363,1.0,11.32,11.32,0.0098954508898912,0.0008741564390363,1.0,2.84,2.84,0.0024826042868631,0.0008741564390363,25,21354.8,854.192,18.66743592433303,0.0218539109759082,,,,,,20.0,268.84,13.441999999999998,0.2350082170705271,0.0174831287807266,,,,,,4.0,43.2,10.8,0.0377635581663694,0.0034966257561453,2.0,12.64,6.32,0.0110493373894192,0.0017483128780726,6.0,20.52,3.42,0.0179376901290255,0.0052449386342179,2.0,5.0,2.5,0.0043707821951816,0.0017483128780726,0.8,1.0,0.8,1.2,1.0,1.2,0.000699325151229,0.0008741564390363,0.0010489877268435,0.0008741564390363,0.4,0.6,0.5,0.5,27.064944348437287,947.0,0.0285796666826159,0.0048077761604562,2.1023656045289014,0.0241922098544663,0.827826147767405,511480,480264.0,133,0.9389692656604364,0.000260029717682,6741.0,1402.0,356.0,328.0,38.0,0.0,0.0,0.0,6703.0,1402.0,356.0,328.0,0.0056371458240617,0.9943628541759384,0.0,1.0,0.0,1.0,0.0,1.0
1,inactive,6,green,12,6-12,1.0,5.8,5.8,20400.08,1199.9199999999985,99,206.06141414141416,0.0048336555770384,0.0008333888925928,,,,,,,,,,,13,21570.4,1659.2615384615383,17.97653176878461,0.0108340556037069,,,,,,49.0,782.2,15.96326530612245,0.6518767917861199,0.0408360557370491,,,,,,,,,,,3.0,53.12,17.706666666666667,0.0442696179745316,0.0025001666777785,15.0,58.04,3.869333333333333,0.0483698913260884,0.0125008333888926,2.0,4.56,2.28,0.0038002533502233,0.0016667777851856,,,,,,,,,,,,,,,21.28610924348634,1117.0,0.0190564988750996,0.0024354560689622,2.1397261690540907,0.0151795413315709,0.9308953930262028,510101,488009.6666666667,81,0.956692236766183,0.0001587920823523,19604.0,1331.0,0.0,146.0,110.0,0.0,0.0,0.0,19494.0,1331.0,0.0,146.0,0.005611099775556,0.994388900224444,0.0,1.0,0.0,0.0,0.0,1.0
1,inactive,6,red,6,0-6,30.0,707.08,23.569333333333336,17881.0,3719.0,39,458.4871794871795,0.1901263780586179,0.0080666845926324,13.0,81.24,6.249230769230769,0.0218445818768486,0.003495563323474,3.0,4.96,1.653333333333333,0.0013336918526485,0.0008066684592632,60,20358.32,339.30533333333335,5.4741382091960205,0.0161333691852648,2.0,4.44,2.22,0.0011938693197095,0.0005377789728421,59.0,395.96,6.711186440677966,0.1064694810432912,0.0158644796988437,4.0,19.68,4.92,0.0052917450927668,0.0010755579456843,8.0,71.48,8.935,0.0192202204893788,0.0021511158913686,5.0,25.6,5.12,0.0068835708523796,0.0013444474321054,65.0,296.84,4.56676923076923,0.0798171551492336,0.0174778166173702,9.0,22.76,2.528888888888889,0.0061199247109438,0.0024200053777897,1.2,1.0,1.2,0.8,1.0,0.8,0.0003226673837052,0.000268889486421,0.0002151115891368,0.000268889486421,0.6,0.4,0.5,0.5,90.79943226474413,3543.0,0.0256278386296201,0.0048535031375737,2.1015223110451555,0.0225623862688783,0.9526754503898898,447064,437871.6666666666,4,0.9794384398356089,8.947264821144176e-06,10454.0,2440.0,2171.0,17707.0,38.0,0.0,0.0,0.0,10416.0,2440.0,2171.0,17707.0,0.0036349722594222,0.9963650277405778,0.0,1.0,0.0,1.0,0.0,1.0
1,inactive,6,red,12,6-12,3.0,5.64,1.88,20455.28,1144.7200000000012,29,705.3544827586206,0.004926969040464,0.0026207282130127,1.0,2.44,2.44,0.0021315256132503,0.0008735760710042,2.0,5.36,2.68,0.0046823677405828,0.0017471521420085,22,21534.64,978.8472727272728,18.812146201691224,0.0192186735620937,,,,,,39.0,539.6,13.835897435897436,0.4713816479138998,0.0340694667691662,2.0,5.6,2.8,0.0048920259976238,0.0017471521420085,9.0,75.0,8.333333333333334,0.0655182053253196,0.0078621846390383,2.0,3.56,1.78,0.0031099308127751,0.0017471521420085,36.0,171.36,4.760000000000001,0.1496959955272903,0.0314487385561534,1.0,2.48,2.48,0.0021664686560905,0.0008735760710042,,,,,,,,,,,,,,,21.852911351217315,1114.0,0.0196166170118647,0.002782812621011,2.073083725386861,0.0183327717125814,0.973163743098748,511411,485878.6666666667,30,0.9500747278933512,5.866123333287708e-05,13671.0,1975.0,198.0,144.0,0.0,0.0,0.0,0.0,13671.0,1975.0,198.0,144.0,0.0,1.0,0.0,1.0,0.0,1.0,0.0,1.0
1,inactive,6,yellow,6,0-6,,,,21047.44,552.5600000000013,117,179.89264957264956,,,,,,,,,,,,,10,21454.96,2145.496,38.82829014043715,0.0180975821630229,,,,,,4.0,13.16,3.29,0.0238164181265382,0.0072390328652091,,,,,,,,,,,,,,,,1.0,3.32,3.32,0.0060083972781236,0.0018097582163022,,,,,,,,,,,,,,,,,,,,12.052779931682366,309.0,0.0390057602967066,0.0086756748543957,1.6926593646050585,0.0377734151162086,0.55921528883741,526303,483430.0,3783,0.9185393205054884,0.0071878746653543,333.0,0.0,0.0,0.0,0.0,0.0,0.0,0.0,333.0,0.0,0.0,0.0,0.0,1.0,0.0,0.0,0.0,0.0,0.0,0.0
1,inactive,6,yellow,12,6-12,,,,20591.36,1008.6399999999994,97,212.28206185567012,,,,,,,,,,,,,7,21596.48,3085.2114285714283,21.411484771573615,0.0069400380710659,,,,,,39.0,542.12,13.90051282051282,0.5374762055837566,0.0386659263959391,,,,,,5.0,55.36,11.072,0.0548857868020304,0.0049571700507614,1.0,6.08,6.08,0.0060279187817258,0.0009914340101522,9.0,25.28,2.808888888888889,0.0250634517766497,0.0089229060913705,,,,,,,,,,,,,,,,,,,,12.69672568070784,921.0,0.0137858042135807,0.0027436234720631,2.235649057857532,0.0129687429328666,0.9131107233502544,514881,490988.0,0,0.9535951025576784,0.0,13592.0,1542.0,0.0,0.0,110.0,0.0,0.0,0.0,13482.0,1542.0,0.0,0.0,0.0080929958799293,0.9919070041200706,0.0,1.0,0.0,0.0,0.0,0.0
1,inactive,7,blue,6,0-6,4.0,22.76,5.69,19689.28,1910.7200000000012,98,200.91102040816327,0.011911740077039,0.0020934516831351,2.0,6.04,3.02,0.003161112041534,0.0010467258415675,5.0,21.56,4.311999999999999,0.0112837045720984,0.0026168146039189,18,21064.96,1170.2755555555557,11.024618991793664,0.0094205325741081,,,,,,48.0,334.0,6.958333333333333,0.1748032155417851,0.0251214201976218,1.0,2.8,2.8,0.0014654161781946,0.0005233629207837,4.0,35.84,8.96,0.0187573270808909,0.0020934516831351,2.0,7.44,3.72,0.0038938201306313,0.0010467258415675,16.0,61.28,3.83,0.0320716797856305,0.0083738067325406,1.0,2.24,2.24,0.0011723329425556,0.0005233629207837,0.0,0.0,0.0,4.6,4.0,1.15,0.0,0.0,0.0024074694356054,0.0020934516831351,0.0,1.0,0.0,1.0,35.343117513568224,1341.0,0.0263557923292827,0.0034501962172094,2.1725382481661595,0.0232910339369788,0.7018296767710597,492330,411328.6666666666,31126,0.835473496773844,0.0632218227611561,8469.0,1088.0,697.0,573.0,1528.0,525.0,0.0,45.0,6941.0,563.0,697.0,528.0,0.1804227181485417,0.8195772818514583,0.4825367647058823,0.5174632352941176,0.0,1.0,0.0785340314136125,0.9214659685863874
1,inactive,7,blue,12,6-12,,,,20683.68,916.3199999999996,29,713.2303448275862,,,1.0,9.48,9.48,0.0103457307490832,0.001091321808975,1.0,3.6,3.6,0.0039287585123101,0.001091321808975,11,21571.2,1961.0181818181816,23.54112100576219,0.0120045398987253,,,,,,27.0,494.16,18.302222222222223,0.5392875851231014,0.0294656888423258,4.0,66.64,16.66,0.072725685350096,0.0043652872359001,3.0,10.2,3.4,0.0111314824515453,0.003273965426925,,,,,,16.0,42.16,2.635,0.0460101274663873,0.0174611489436004,,,,,,,,,,,,,,,,,,,,10.216263989931486,888.0,0.0115048017904633,0.0020317619701137,2.2678732844461105,0.009632334265549,0.9690937663698276,517121,467779.6666666666,3286,0.9045845491996392,0.0063544122168699,14051.0,258.0,329.0,0.0,26.0,0.0,0.0,0.0,14025.0,258.0,329.0,0.0,0.0018504021066116,0.9981495978933884,0.0,1.0,0.0,1.0,0.0,0.0
1,inactive,7,green,6,0-6,27.0,152.56,5.6503703703703705,17782.52,3817.48,335,53.082149253731345,0.0399635361547408,0.0070727286063057,3.0,4.04,1.346666666666667,0.0010582897618324,0.0007858587340339,9.0,38.6,4.288888888888889,0.0101113823779037,0.0023575762021019,35,20929.24,597.9782857142858,5.482475350231043,0.0091683518970629,,,,,,62.0,347.04,5.59741935483871,0.0909081383530496,0.0162410805033687,36.0,106.4,2.9555555555555557,0.0278717897670714,0.0094303048084076,9.0,82.76,9.195555555555556,0.0216792229428837,0.0023575762021019,3.0,29.72,9.906666666666666,0.0077852405251631,0.0007858587340339,21.0,90.24,4.297142857142857,0.0236386307197418,0.0055010111382377,,,,,,0.0,0.0,0.0,3.6,4.0,0.9,0.0,0.0,0.0009430304808407,0.0010478116453786,0.0,1.0,0.0,1.0,158.71650686420278,3052.0,0.0520040979240507,0.0076015938326291,2.070674570882744,0.0499083672029661,0.7994802854238922,444898,403425.3333333333,6062,0.906781629347251,0.0136255950802206,11434.0,2824.0,1078.0,3841.0,806.0,259.0,709.0,1546.0,10628.0,2565.0,369.0,2295.0,0.0704915165296484,0.9295084834703516,0.09171388101983,0.90828611898017,0.6576994434137291,0.3423005565862709,0.4024993491278313,0.5975006508721687
1,inactive,7,green,12,6-12,5.0,76.92,15.384,19971.52,1628.4799999999996,175,114.12297142857145,0.0472342306936529,0.0030703478089998,2.0,9.4,4.7,0.0057722538809196,0.0012281391235999,4.0,13.12,3.28,0.0080565926508154,0.0024562782471998,18,21506.04,1194.78,13.20620455885243,0.0110532521123992,,,,,,27.0,180.24,6.6755555555555555,0.1106798978188249,0.0165798781685989,2.0,2.88,1.44,0.0017685203379838,0.0012281391235999,3.0,9.4,3.1333333333333333,0.0057722538809196,0.0018422086853998,1.0,5.56,5.56,0.0034142267636077,0.0006140695617999,23.0,85.44,3.714782608695652,0.0524661033601886,0.0141235999213991,,,,,,0.0,0.0,0.0,1.0,1.0,1.0,0.0,0.0,0.0006140695617999,0.0006140695617999,0.0,1.0,0.0,1.0,58.809758418141435,1501.0,0.0391803853551908,0.0043834643977567,2.108065078314941,0.0341722140340401,0.9217184122617412,499463,463355.3333333333,0,0.927707024010454,0.0,4607.0,378.0,569.0,1928.0,38.0,140.0,309.0,420.0,4569.0,238.0,260.0,1508.0,0.0082483177772954,0.9917516822227046,0.3703703703703703,0.6296296296296297,0.5430579964850615,0.4569420035149384,0.2178423236514522,0.7821576763485477
1,inactive,7,red,6,0-6,31.0,636.4,20.529032258064515,16131.28,5468.719999999999,69,233.7866666666667,0.1163709240919264,0.0056686025249052,5.0,12.84,2.568,0.0023478985941865,0.0009142907298234,19.0,113.88,5.9936842105263155,0.0208238856624584,0.003474304773329,90,19439.44,215.99377777777775,3.554659956991764,0.0164572331368217,,,,,,32.0,289.12,9.035,0.0528679471613101,0.0058514606708699,16.0,139.12,8.695,0.0254392252666071,0.0029257303354349,12.0,78.92,6.576666666666667,0.014431164879533,0.0021942977515762,4.0,51.24,12.81,0.0093696513992305,0.0007314325838587,49.0,215.44,4.396734693877551,0.039394958966632,0.0089600491522696,11.0,25.52,2.32,0.0046665398850187,0.0020114396056115,9.2,9.0,1.022222222222222,0.0,0.0,0.0,0.0016822949428751,0.0016457233136821,0.0,0.0,1.0,0.0,1.0,0.0,142.4308569364035,4930.0,0.0288906403522116,0.0051221711691448,2.1174083220697075,0.0266006232564063,0.9014906596059042,403351,380461.6666666667,3904,0.9432520724298854,0.0096789148905047,10754.0,3270.0,3192.0,15941.0,2395.0,929.0,0.0,216.0,8359.0,2341.0,3192.0,15725.0,0.2227078296447833,0.7772921703552167,0.2840978593272171,0.7159021406727829,0.0,1.0,0.013549965497773,0.986450034502227
1,inactive,7,red,12,6-12,11.0,69.4,6.3090909090909095,19007.36,2592.6399999999994,41,463.59414634146344,0.0267680819550728,0.0042427795606023,4.0,7.76,1.94,0.0029930881263885,0.0015428289311281,3.0,11.92,3.973333333333333,0.0045976302147617,0.001157121698346,45,21137.44,469.7208888888889,8.152863490496175,0.0173568254751913,,,,,,45.0,632.08,14.046222222222225,0.243797827696865,0.0173568254751913,10.0,70.2,7.0200000000000005,0.0270766477412984,0.0038570723278202,8.0,83.36,10.42,0.0321525549247099,0.0030856578622562,3.0,6.48,2.16,0.0024993828684275,0.001157121698346,55.0,217.52,3.954909090909091,0.083899037274747,0.0212138978030116,9.0,21.72,2.413333333333333,0.0083775610960256,0.0034713650950382,1.8,2.0,0.9,0.0,0.0,0.0,0.0006942730190076,0.000771414465564,0.0,0.0,1.0,0.0,1.0,0.0,50.138297842447066,2554.0,0.0196312834152102,0.0027587510226398,2.129204613945088,0.0192950111392677,0.9850962725253026,475225,442497.0,0,0.9311315692566678,0.0,17612.0,2257.0,499.0,1746.0,26.0,0.0,0.0,262.0,17586.0,2257.0,499.0,1484.0,0.0014762661821485,0.9985237338178514,0.0,1.0,0.0,1.0,0.1500572737686139,0.849942726231386
1,inactive,7,yellow,6,0-6,36.0,290.36,8.065555555555555,16930.72,4669.279999999999,162,104.51061728395062,0.0621851763012713,0.0077099681321317,9.0,46.48,5.164444444444444,0.0099544255217078,0.0019274920330329,8.0,65.92,8.24,0.0141178083130589,0.0017133262515848,79,20540.88,260.01113924050634,4.399153616831718,0.0169190967344001,,,,,,42.0,496.36,11.81809523809524,0.1063033272795806,0.0089949628208203,47.0,223.32,4.751489361702127,0.0478275023129904,0.0100657917280608,6.0,81.44,13.573333333333332,0.0174416612411335,0.0012849946886886,4.0,15.52,3.88,0.0033238529280745,0.0008566631257924,37.0,130.48,3.526486486486486,0.0279443511633485,0.0079241339135798,,,,,,0.0,0.0,0.0,1.0,1.0,1.0,0.0,0.0,0.0002141657814481,0.0002141657814481,0.0,1.0,0.0,1.0,126.98492134872808,4053.0,0.0313310933502906,0.0068937015506864,2.2325143589947203,0.0282690171172936,0.8680139122091631,423430,392045.6666666666,6452,0.9258807044060804,0.0152374654606428,18081.0,2434.0,2827.0,7295.0,3597.0,663.0,709.0,1529.0,14484.0,1771.0,2118.0,5766.0,0.1989381118300978,0.8010618881699021,0.2723911257189811,0.727608874281019,0.2507958967102936,0.7492041032897064,0.2095956134338588,0.7904043865661412
1,inactive,7,yellow,12,6-12,3.0,17.16,5.72,19683.08,1916.9199999999985,86,228.87302325581396,0.0089518602758591,0.0015650105377376,1.0,6.92,6.92,0.0036099576403814,0.0005216701792458,4.0,22.04,5.51,0.011497610750579,0.0020866807169834,19,21563.84,1134.9389473684212,11.249212278029349,0.0099117334056716,,,,,,32.0,464.36,14.51125,0.242242764434614,0.0166934457358679,7.0,257.84,36.83428571428571,0.1345074390167561,0.0036516912547211,4.0,68.8,17.2,0.0358909083321161,0.0020866807169834,1.0,7.32,7.32,0.0038186257120797,0.0005216701792458,37.0,126.68,3.423783783783784,0.0660851783068673,0.0193017966320973,,,,,,0.0,0.0,0.0,0.8,1.0,0.8,0.0,0.0,0.0004173361433966,0.0005216701792458,0.0,1.0,0.0,1.0,57.03008139741231,1837.0,0.0310452266725162,0.0038876830640825,2.1850630565974525,0.0293127220940357,0.9583081192746704,492163,457350.6666666667,1288,0.9292666589456474,0.0026170191582869,18094.0,1908.0,729.0,432.0,38.0,140.0,309.0,158.0,18056.0,1768.0,420.0,274.0,0.0021001436940422,0.9978998563059578,0.0733752620545073,0.9266247379454928,0.4238683127572016,0.5761316872427984,0.3657407407407407,0.6342592592592593
1,inactive,8,blue,6,0-6,111.0,1264.48,11.391711711711713,6692.04,14907.96,342,19.56736842105263,0.0848191167671499,0.0074456867337985,23.0,153.56,6.676521739130435,0.01030053743101,0.0015427999538501,26.0,123.48,4.74923076923077,0.0082828234044094,0.0017440347304393,122,19394.6,158.97213114754098,1.300955999345316,0.0081835475812921,1.0,1.8,1.8,0.0001207408659534,6.707825886305035e-05,2.0,5.96,2.98,0.0003997864228237,0.0001341565177261,210.0,1214.64,5.784000000000001,0.0814759363454154,0.0140864343612405,3.0,10.96,3.6533333333333338,0.000735177717139,0.0002012347765891,112.0,838.96,7.490714285714286,0.0562759760557447,0.0075127649926616,114.0,635.28,5.572631578947369,0.0426134762905186,0.0076469215103877,43.0,159.76,3.715348837209302,0.0107164226359609,0.0028843651311111,2.4,3.0,0.7999999999999999,4.8,5.0,0.96,0.0001609878212713,0.0002012347765891,0.0003219756425426,0.0003353912943152,0.3333333333333333,0.6666666666666667,0.375,0.625,271.25711768354324,14563.0,0.0186264586749669,0.0043946844369888,2.1160662529656493,0.0175823037864195,0.9768606838226022,167643,55710.0,43091,0.3323133086379986,0.2570402581676538,30727.0,21363.0,6975.0,31723.0,1924.0,4149.0,1288.0,10314.0,28803.0,17214.0,5687.0,21409.0,0.062615940378169,0.9373840596218308,0.1942142957449796,0.8057857042550204,0.1846594982078853,0.8153405017921147,0.3251268795511143,0.6748731204488857
1,inactive,8,blue,12,6-12,,,,6349.12,15250.88,268,23.690746268656717,,,,,,,,,,,,,8,21596.52,2699.565,1.4160835309175603,0.0005245598942487,,,,,,,,,,,49.0,447.72,9.137142857142855,0.0293569944816299,0.0032129293522734,,,,,,53.0,1763.52,33.273962264150946,0.115633983088189,0.0034752092993978,132.0,454.2,3.440909090909091,0.0297818879959713,0.0086552382551039,27.0,83.84,3.1051851851851855,0.0054973876917266,0.0017703896430894,0.0,0.0,0.0,0.8,1.0,0.8,0.0,0.0,5.2455989424872537e-05,6.556998678109067e-05,0.0,1.0,0.0,1.0,57.9937074431217,15014.0,0.0038626420303131,0.0007624938420816,2.1565933425749644,0.0035093464104112,0.9844677815312952,158996,74329.99999999999,9819,0.4674960376361669,0.0617562705980024,11242.0,44141.0,0.0,0.0,192.0,14553.0,0.0,0.0,11050.0,29588.0,0.0,0.0,0.0170788115993595,0.9829211884006404,0.3296934822500623,0.6703065177499377,0.0,0.0,0.0,0.0
1,inactive,8,green,6,0-6,142.0,1121.68,7.899154929577465,109.56,21490.44,20,5.478,0.0521943710784888,0.0066075892350272,53.0,574.0,10.830188679245284,0.0267095508514483,0.0024662128834961,32.0,193.68,6.0525,0.0090123794580287,0.0014890341938089,179,18570.28,103.74458100558658,0.8641181846439626,0.0083292850216189,1.0,1.12,1.12,5.2116196783313894e-05,4.6532318556530256e-05,5.0,31.88,6.3759999999999994,0.0014834503155821,0.0002326615927826,317.0,2563.76,8.087570977917983,0.11929769702249,0.01475074498242,4.0,13.68,3.42,0.0006365621178533,0.0001861292742261,198.0,2522.96,12.742222222222225,0.1173991784253835,0.0092133990741929,298.0,1135.32,3.8097986577181207,0.0528290719035999,0.013866630929846,115.0,466.16,4.053565217391305,0.0216915056183121,0.0053512166340009,2.2,2.0,1.1,10.6,11.0,0.9636363636363636,0.0001023711008243,9.306463711306053e-05,0.0004932425766992,0.0005118555041218,0.171875,0.8281249999999999,0.1538461538461538,0.8461538461538461,469.01499186535074,21472.0,0.0218430976092283,0.0051857300251952,2.232290571232443,0.0203183941589241,0.9991419440458176,2759,465.0,1676,0.1685393258426966,0.607466473359913,65213.0,63618.0,19277.0,28184.0,2829.0,9916.0,1692.0,9547.0,62384.0,53702.0,17585.0,18637.0,0.0433809209820127,0.9566190790179872,0.1558678361470024,0.8441321638529976,0.0877729937230896,0.9122270062769104,0.3387382912290661,0.6612617087709338
1,inactive,8,green,12,6-12,14.0,73.56,5.2542857142857144,189.8,21410.2,35,5.4228571428571435,0.0034357455792099,0.0006538939384031,9.0,46.0,5.111111111111111,0.0021485086547533,0.0004203603889734,3.0,18.08,6.026666666666666,0.0008444573147378,0.0001401201296578,24,21420.84,892.535,1.0004969593931865,0.0011209610372626,1.0,1.6,1.6,7.473073581750755e-05,4.6706709885942215e-05,2.0,2.84,1.42,0.000132647056076,9.341341977188444e-05,116.0,788.76,6.799655172413793,0.0368403844896357,0.0054179783467692,1.0,1.28,1.28,5.9784588654006035e-05,4.6706709885942215e-05,201.0,4101.52,20.405572139303484,0.1915685047313897,0.0093880486870743,283.0,905.76,3.200565371024735,0.042305069546291,0.0132179988977216,69.0,269.44,3.904927536231884,0.0125846559116682,0.00322276298213,0.0,0.0,0.0,4.8,3.0,1.6,0.0,0.0,0.0002241922074525,0.0001401201296578,0.0,1.0,0.0,1.0,151.1931298664293,21383.0,0.0070707164507519,0.0015139642802706,2.2683571226477364,0.0067896841921756,0.9987295774911024,4780,1337.333333333333,856,0.2797768479776847,0.1790794979079498,19908.0,102772.0,1614.0,1853.0,672.0,17958.0,101.0,0.0,19236.0,84814.0,1513.0,1853.0,0.0337552742616033,0.9662447257383966,0.1747363095006422,0.8252636904993578,0.0625774473358116,0.9374225526641884,0.0,1.0
1,inactive,8,red,6,0-6,24.0,904.32,37.68,14731.56,6868.4400000000005,89,165.52314606741572,0.1316630850673515,0.0034942432342715,16.0,60.88,3.805,0.0088637303376021,0.0023294954895143,6.0,27.0,4.5,0.0039310236385554,0.0008735608085678,116,19658.44,169.46931034482756,2.86214045693054,0.016888842298979,,,,,,7.0,45.08,6.4399999999999995,0.0065633535417067,0.0010191542766625,91.0,1516.72,16.667252747252746,0.2208245249285136,0.0132490055966129,21.0,237.12,11.291428571428572,0.0345231231546027,0.0030574628299875,19.0,77.64,4.086315789473685,0.0113038768628684,0.0027662758937983,106.0,471.68,4.449811320754717,0.0686735270308832,0.0154329076180326,27.0,80.28,2.973333333333333,0.0116882436186382,0.0039310236385554,10.8,11.0,0.981818181818182,0.0,0.0,0.0,0.0015724094554221,0.0016015281490411,0.0,0.0,1.0,0.0,1.0,0.0,165.54542698003533,6780.0,0.024416729643073,0.004660025097388,2.0848153513381695,0.0217917537709481,0.9871237136817091,368378,85369.33333333331,154848,0.2317438428281094,0.4203508352833231,39143.0,7909.0,2219.0,22632.0,914.0,2163.0,79.0,347.0,38229.0,5746.0,2140.0,22285.0,0.0233502797435045,0.9766497202564954,0.2734859021368062,0.7265140978631939,0.0356016223524109,0.964398377647589,0.0153322728879462,0.9846677271120536
1,inactive,8,red,12,6-12,8.0,144.04,18.005,19062.2,2537.7999999999993,19,1003.2736842105264,0.0567578217353613,0.0031523366695563,4.0,23.88,5.97,0.0094097249586255,0.0015761683347781,6.0,48.28,8.046666666666667,0.0190243518007723,0.0023642525021672,30,21336.8,711.2266666666667,8.407597131373633,0.0118212625108361,,,,,,2.0,3.76,1.88,0.0014815982346914,0.000788084167389,33.0,1292.68,39.17212121212121,0.5093703207502563,0.0130033887619197,7.0,93.6,13.37142857142857,0.0368823390338088,0.0027582945858617,7.0,29.24,4.177142857142857,0.0115217905272283,0.0027582945858617,39.0,134.72,3.4543589743589744,0.0530853495153282,0.015367641264087,4.0,10.48,2.62,0.0041295610371187,0.0015761683347781,5.6,4.0,1.4,0.0,0.0,0.0,0.0022066356686894,0.0015761683347781,0.0,0.0,1.0,0.0,1.0,0.0,54.64721874275254,2522.0,0.0216682072730977,0.0042977586682038,2.125107975966251,0.0186654488161727,0.9937741350776266,476574,167634.3333333333,47494,0.3517488015152595,0.0996571361425507,32446.0,3085.0,1814.0,3609.0,74.0,518.0,0.0,0.0,32372.0,2567.0,1814.0,3609.0,0.0022807125685754,0.9977192874314246,0.1679092382495948,0.8320907617504052,0.0,1.0,0.0,1.0
1,inactive,8,yellow,6,0-6,29.0,384.72,13.266206896551726,9108.12,12491.88,465,19.58735483870968,0.0307976061249387,0.0023215080516303,3.0,46.28,15.426666666666668,0.0037048066423949,0.000240156005341,,,,,,58,21172.72,365.04689655172416,1.6949186191349903,0.0046430161032606,,,,,,,,,,,235.0,911.2,3.8774468085106384,0.0729433840222608,0.0188122204183837,,,,,,147.0,1409.68,9.58965986394558,0.1128477058697329,0.0117676442617124,81.0,302.72,3.737283950617284,0.0242333419789495,0.0064842121442088,11.0,31.8,2.890909090909091,0.0025456536566153,0.0008805720195839,,,,,,,,,,,,,,,161.8162345641104,12060.0,0.013417598222563,0.003985650501993,2.256996870842113,0.0128490104311683,0.9654271414710996,228168,76462.33333333333,41047,0.3351141848696282,0.1798981452263244,23015.0,35389.0,1160.0,9647.0,1643.0,6567.0,325.0,1846.0,21372.0,28822.0,835.0,7801.0,0.0713882250706061,0.9286117749293938,0.1855661363700585,0.8144338636299415,0.2801724137931034,0.7198275862068966,0.1913548253343008,0.8086451746656992
1,inactive,8,yellow,12,6-12,,,,16450.92,5149.080000000002,416,39.54548076923077,,,2.0,21.28,10.64,0.0041327771174656,0.0003884189020174,,,,,,10,21587.28,2158.728,4.192453797571603,0.0019420945100872,,,,,,,,,,,109.0,549.64,5.04256880733945,0.1067452826524349,0.0211688301599508,,,,,,39.0,421.08,10.796923076923076,0.0817777156307534,0.0075741685893402,27.0,112.88,4.180740740740741,0.0219223628298647,0.0052436551772355,1.0,2.64,2.64,0.000512712950663,0.0001942094510087,,,,,,,,,,,,,,,46.90818938511776,4762.0,0.0098505227604195,0.0025649443288813,2.1927653639091527,0.0092058631756835,0.9248254057035428,411689,151846.3333333333,29895,0.3688374800719313,0.072615493734348,13850.0,10566.0,534.0,0.0,680.0,4794.0,101.0,0.0,13170.0,5772.0,433.0,0.0,0.0490974729241877,0.9509025270758122,0.4537194775695627,0.5462805224304372,0.1891385767790262,0.8108614232209738,0.0,0.0
2,active,1,blue,18,12-18,104.0,566.04,5.442692307692307,11649.68,9950.32,199,58.541105527638194,0.0568866126918531,0.0104519251642158,36.0,160.24,4.4511111111111115,0.0161040046953263,0.0036179740953054,66.0,345.6,5.236363636363636,0.0347325513149325,0.00663295250806,239,19433.88,81.31330543933055,1.953090955868756,0.0240193280216113,,,,,,179.0,1403.6,7.841340782122905,0.1410607900047435,0.0179893711961022,113.0,1117.68,9.890973451327437,0.112326035745584,0.0113564186880421,46.0,341.12,7.415652173913044,0.0342823145386279,0.0046229668995569,13.0,35.92,2.763076923076923,0.0036099341528714,0.0013064906455269,152.0,582.52,3.832368421052632,0.0585428408332596,0.0152758906246231,24.0,56.08,2.3366666666666664,0.0056359996462425,0.0024119827302036,57.2,58.0,0.9862068965517242,0.0,0.0,0.0,0.0057485588403187,0.0058289582646588,0.0,0.0,1.0,0.0,1.0,0.0,369.6384822442056,9543.0,0.0387339916424819,0.0068138528691299,1.9497562968775888,0.034020427365798,0.959064633097227,291441,229918.3333333333,1240,0.7889018131743074,0.0042547205094684,63324.0,9485.0,12748.0,14255.0,16124.0,0.0,527.0,275.0,47200.0,9485.0,12221.0,13980.0,0.2546269976628135,0.7453730023371865,0.0,1.0,0.0413398180106683,0.9586601819893316,0.0192914766748509,0.980708523325149
2,active,1,blue,24,18-24,63.0,328.96,5.221587301587301,16229.24,5370.76,127,127.78929133858269,0.0612501768837185,0.0117301834377257,17.0,83.04,4.884705882352941,0.0154614989312499,0.0031652875943069,30.0,188.48,6.282666666666667,0.035093729751469,0.0055858016370122,164,20119.32,122.67878048780489,3.746084353052454,0.030535715615667,,,,,,77.0,421.44,5.4732467532467535,0.0784693413967483,0.0143368908683314,46.0,410.72,8.928695652173914,0.0764733482784559,0.0085648958434188,23.0,126.72,5.509565217391304,0.0235944261147398,0.0042824479217094,3.0,12.6,4.2,0.0023460366875451,0.0005585801637012,112.0,524.08,4.679285714285714,0.0975802307308462,0.0208536594448457,16.0,39.64,2.4775,0.0073807058963722,0.0029790942064065,29.0,27.0,1.0740740740740742,0.0,0.0,0.0,0.0053996082491118,0.005027221473311,0.0,0.0,1.0,0.0,1.0,0.0,207.0928724338319,5131.0,0.0403611133178389,0.0070525442058824,1.918440529365706,0.0347297555915003,0.955358273316998,405858,347165.3333333333,961,0.855386202399197,0.002367823228814,20927.0,3509.0,6835.0,8287.0,2774.0,258.0,274.0,16.0,18153.0,3251.0,6561.0,8271.0,0.1325560280976728,0.8674439719023271,0.073525220860644,0.926474779139356,0.0400877834674469,0.959912216532553,0.0019307348859659,0.998069265114034
2,active,1,green,18,12-18,22.0,146.56,6.661818181818182,17095.8,4504.200000000001,505,33.85306930693069,0.0325385196039252,0.0048843301807202,5.0,31.52,6.304,0.0069979130589227,0.0011100750410727,11.0,97.88,8.898181818181818,0.0217308290040406,0.0024421650903601,42,21039.84,500.9485714285714,4.671160250432928,0.0093246303450113,,,,,,115.0,1735.68,15.092869565217391,0.3853470094578393,0.0255317259446738,42.0,568.32,13.531428571428572,0.126175569468496,0.0093246303450113,13.0,105.76,8.135384615384616,0.0234803072687713,0.0028861951067892,5.0,21.84,4.368,0.0048488077794058,0.0011100750410727,56.0,174.44,3.115,0.038728298032947,0.012432840460015,4.0,8.48,2.12,0.0018826872696594,0.0008880600328582,0.0,0.0,0.0,3.4,4.0,0.85,0.0,0.0,0.0007548510279294,0.0008880600328582,0.0,1.0,0.0,1.0,125.99263741607312,3918.0,0.0321573857621421,0.0040268567398792,2.0388171573187615,0.027089032211553,0.8698548021846275,427900,302250.6666666666,16366,0.7063581833761782,0.0382472540313157,57757.0,3208.0,3251.0,3686.0,11973.0,187.0,384.0,450.0,45784.0,3021.0,2867.0,3236.0,0.207299548106723,0.792700451893277,0.058291770573566,0.941708229426434,0.1181175023069824,0.8818824976930175,0.1220835594139989,0.877916440586001
2,active,1,green,24,18-24,25.0,188.0,7.52,16935.32,4664.68,338,50.10449704142012,0.0403028717939923,0.0053594244406904,7.0,36.0,5.142857142857143,0.0077175711945942,0.0015006388433933,19.0,196.96,10.366315789473685,0.0422236895135357,0.0040731625749247,57,20805.4,365.00701754385966,4.4601987703336565,0.0122194877247742,,,,,,73.0,1502.88,20.587397260273978,0.3221828721369955,0.0156495193668161,21.0,627.44,29.87809523809524,0.134508690842673,0.0045019165301799,14.0,134.16,9.582857142857142,0.0287608153185213,0.0030012776867866,6.0,38.72,6.453333333333333,0.0083006765737413,0.0012862618657657,48.0,177.8,3.704166666666667,0.0381162266221905,0.0102900949261256,7.0,16.12,2.302857142857143,0.0034557568793572,0.0015006388433933,0.0,0.0,0.0,1.0,1.0,1.0,0.0,0.0,0.0002143769776276,0.0002143769776276,0.0,1.0,0.0,1.0,90.33896052946832,4303.0,0.0209944133231392,0.0037379995906505,2.075517102962797,0.0173387428190782,0.9224641347316428,423721,350997.3333333333,3019,0.8283689817906909,0.0071249713844723,53352.0,4342.0,5850.0,4725.0,931.0,95.0,0.0,194.0,52421.0,4247.0,5850.0,4531.0,0.0174501424501424,0.9825498575498576,0.0218793182865039,0.978120681713496,0.0,1.0,0.041058201058201,0.958941798941799
2,active,1,red,18,12-18,9.0,87.64,9.737777777777778,17968.6,3631.4000000000015,145,123.92137931034482,0.0241339428319656,0.0024783829927851,6.0,29.8,4.966666666666667,0.0082062014649997,0.0016522553285234,7.0,69.28,9.897142857142857,0.0190780415266839,0.0019276312166106,36,21142.12,587.281111111111,5.822030071046976,0.0099135319711406,,,,,,34.0,514.88,15.143529411764703,0.1417855372583576,0.0093627801949661,46.0,1587.6,34.51304347826087,0.4371867599273005,0.0126672908520129,13.0,67.08,5.16,0.0184722145728919,0.0035798865451341,8.0,65.52,8.19,0.0180426281874758,0.0022030071046979,45.0,229.88,5.108444444444444,0.0633034091534945,0.0123919149639257,11.0,26.8,2.4363636363636365,0.007380073800738,0.0030291347689596,0.0,0.0,0.0,10.8,11.0,0.981818181818182,0.0,0.0,0.0029740595913421,0.0030291347689596,0.0,1.0,0.0,1.0,94.38367643929358,3281.0,0.0287667407617475,0.0032323102399145,2.0925310123068077,0.024794204904849,0.9035082888142312,449360,310840.6666666666,15797,0.6917408462405791,0.0351544418728858,52642.0,3336.0,2490.0,2200.0,10947.0,0.0,0.0,0.0,41695.0,3336.0,2490.0,2200.0,0.2079518255385433,0.7920481744614566,0.0,1.0,0.0,1.0,0.0,1.0
2,active,1,red,24,18-24,7.0,76.16,10.88,19777.08,1822.9199999999985,85,232.6715294117647,0.0417791236038883,0.0038399929782985,4.0,16.76,4.19,0.0091940403308976,0.0021942817018848,6.0,62.4,10.4,0.0342307945494042,0.0032914225528273,27,21247.12,786.9303703703704,11.65554165843812,0.014811401487723,,,,,,10.0,140.56,14.056,0.077107059004235,0.0054857042547122,24.0,694.32,28.930000000000003,0.3808834178131792,0.0131656902113093,5.0,48.36,9.672,0.0265288657757883,0.0027428521273561,5.0,25.6,5.12,0.0140434028920632,0.0027428521273561,23.0,97.08,4.2208695652173915,0.0532552169047462,0.0126171197858381,8.0,16.76,2.095,0.0091940403308976,0.0043885634037697,0.0,0.0,0.0,11.2,10.0,1.12,0.0,0.0,0.0061439887652776,0.0054857042547122,0.0,1.0,0.0,1.0,49.78780998556661,1642.0,0.0303214433529638,0.0036226203041102,2.083981297869272,0.0254027877438407,0.9007526386237472,494512,393455.99999999994,10957,0.7956449995146729,0.0221571973986475,20906.0,1859.0,1989.0,1911.0,3290.0,258.0,33.0,0.0,17616.0,1601.0,1956.0,1911.0,0.157371089639338,0.842628910360662,0.1387842926304464,0.8612157073695536,0.0165912518853695,0.9834087481146304,0.0,1.0
2,active,1,yellow,18,12-18,82.0,515.04,6.280975609756097,15230.8,6369.200000000001,312,48.81666666666666,0.0808641587640519,0.0128744583307165,19.0,89.2,4.6947368421052635,0.0140048985743892,0.0029831061985806,87.0,462.64,5.317701149425287,0.0726370658795453,0.0136594862777114,181,20170.4,111.43867403314918,3.166865540413238,0.0284180116812158,2.0,4.4,2.2,0.0006908245933555,0.0003140111787979,119.0,1092.52,9.180840336134452,0.1715317465301764,0.0186836651384789,69.0,840.68,12.183768115942028,0.1319914588959366,0.0108333856685297,34.0,242.6,7.135294117647058,0.0380895559881931,0.0053381900395654,9.0,40.84,4.537777777777778,0.0064121082710544,0.0014130503045908,84.0,346.0,4.119047619047619,0.0543239339320479,0.0131884695095145,6.0,14.0,2.3333333333333335,0.0021980782515857,0.0009420335363938,0.0,0.0,0.0,43.0,43.0,1.0,0.0,0.0,0.0067512403441562,0.0067512403441562,0.0,1.0,0.0,1.0,260.8793770642771,5870.0,0.044442824031393,0.0108997100315908,1.9711230805995816,0.0385558899137761,0.9216228097720278,381082,289515.6666666666,1057,0.7597201302256906,0.002773681254953,48518.0,7129.0,13902.0,12958.0,13741.0,187.0,911.0,725.0,34777.0,6942.0,12991.0,12233.0,0.283214477101282,0.716785522898718,0.0262308879225697,0.9737691120774302,0.0655301395482664,0.9344698604517336,0.0559499922827596,0.9440500077172403
2,active,1,yellow,24,18-24,47.0,297.0,6.319148936170213,17706.52,3893.48,181,97.8260773480663,0.0762813729619774,0.012071463061323,17.0,83.44,4.908235294117647,0.0214306995284424,0.0043662738732445,59.0,397.88,6.743728813559322,0.1021913558050895,0.0151535387365544,111,20611.04,185.68504504504503,5.2937320854351375,0.0285091999958905,1.0,2.56,2.56,0.0006575094773827,0.0002568396396026,47.0,496.24,10.558297872340423,0.127454102756403,0.012071463061323,33.0,616.36,18.67757575757576,0.1583056802654694,0.0084757081068863,16.0,123.92,7.745,0.0318275681395563,0.0041094342336418,11.0,32.08,2.916363636363636,0.0082394156384519,0.0028252360356287,50.0,196.32,3.9264,0.0504227580467859,0.0128419819801308,1.0,1.96,1.96,0.0005034056936211,0.0002568396396026,0.0,0.0,0.0,16.8,16.0,1.05,0.0,0.0,0.0043149059453239,0.0041094342336418,0.0,1.0,0.0,1.0,145.52155938266517,3641.0,0.0399674703055932,0.0092945495366932,1.9983491753191704,0.0365922484078348,0.9351531277931312,442844,368810.6666666666,547,0.8328229956071814,0.00123519794781,27895.0,3927.0,12109.0,7472.0,1735.0,95.0,265.0,210.0,26160.0,3832.0,11844.0,7262.0,0.0621975264384298,0.9378024735615702,0.02419149477973,0.97580850522027,0.0218845486827979,0.978115451317202,0.0281049250535331,0.9718950749464668
2,active,2,blue,18,12-18,73.0,629.72,8.626301369863015,10986.64,10613.36,186,59.06795698924731,0.059332765495564,0.0068781234218004,54.0,331.64,6.141481481481481,0.0312474089261082,0.0050879269147564,59.0,508.6,8.620338983050848,0.0479207338675028,0.0055590312587154,213,19493.8,91.52018779342724,1.8367227720533363,0.0200690450526506,4.0,5.84,1.46,0.000550249873744,0.0003768834751671,199.0,1209.12,6.0759798994974865,0.1139243368735254,0.0187499528895656,146.0,372.2,2.5493150684931507,0.0350690073643031,0.0137562468436008,23.0,284.24,12.358260869565218,0.0267813397453775,0.0021670799822111,22.0,180.52,8.205454545454545,0.0170087512342933,0.0020728591134193,127.0,501.4,3.948031496062992,0.0472423436122019,0.0119660503365569,16.0,42.84,2.6775,0.0040364220190401,0.0015075339006685,0.8,1.0,0.8,14.6,15.0,0.9733333333333332,7.537669503342956e-05,9.422086879178695e-05,0.00137562468436,0.0014133130318768,0.0519480519480519,0.948051948051948,0.0625,0.9375,247.9197683792096,10392.0,0.0238567906446506,0.0049130285491768,2.1200676789519473,0.0227068726598745,0.97914326848425,274852,153743.66666666663,40949,0.5593689209708012,0.1489856359058693,39878.0,11664.0,21119.0,15816.0,14779.0,357.0,3819.0,4666.0,25099.0,11307.0,17300.0,11150.0,0.370605346306234,0.629394653693766,0.0306069958847736,0.9693930041152264,0.1808324257777357,0.8191675742222643,0.2950177035913,0.7049822964087
2,active,2,blue,24,18-24,68.0,729.6,10.729411764705883,13898.08,7701.92,119,116.79058823529412,0.0947296258595259,0.0088289673224338,22.0,218.72,9.94181818181818,0.0283981137170991,0.0028564306043168,47.0,365.8,7.782978723404256,0.0474946506845046,0.0061023744728587,140,20017.72,142.98371428571429,2.5990558198475187,0.0181772856638344,3.0,5.04,1.68,0.000654382283898,0.000389513264225,83.0,658.6,7.934939759036145,0.085511145272867,0.010776533643559,172.0,570.48,3.316744186046512,0.0740698423250306,0.022332093815568,21.0,170.28,8.108571428571429,0.0221087728774123,0.0027265928495751,12.0,98.52,8.209999999999999,0.0127916155971498,0.0015580530569,106.0,448.2,4.228301886792453,0.0581932816752186,0.0137628020026175,12.0,27.6,2.3000000000000003,0.0035835220308702,0.0015580530569,0.0,0.0,0.0,10.0,9.0,1.1111111111111112,0.0,0.0,0.0012983775474167,0.001168539792675,0.0,1.0,0.0,1.0,170.66660088621407,7584.0,0.0225035075008193,0.0042997546337394,2.1529120465852207,0.020738748697099,0.9846895319608616,347571,203994.66666666663,58583,0.5869150955248472,0.1685497351620244,30982.0,6753.0,14682.0,18308.0,6366.0,135.0,3616.0,3069.0,24616.0,6618.0,11066.0,15239.0,0.2054741462784843,0.7945258537215157,0.0199911150599733,0.9800088849400268,0.2462879716659855,0.7537120283340144,0.1676316364430849,0.832368363556915
2,active,2,green,18,12-18,118.0,719.24,6.0952542372881355,11629.12,9970.88,248,46.89161290322581,0.0721340543663147,0.0118344619532077,72.0,489.6,6.800000000000001,0.049102987900767,0.0072210276324657,52.0,486.08,9.347692307692308,0.0487499598831798,0.0052151866234474,263,18637.68,70.86570342205323,1.8692111428479736,0.0263768092685901,9.0,13.2,1.4666666666666666,0.001323855065952,0.0009026284540582,53.0,523.64,9.88,0.0525169292981161,0.0053154786738983,217.0,1440.84,6.639815668202765,0.1445047979716935,0.0217633749478481,23.0,185.36,8.05913043478261,0.0185901344715812,0.002306717160371,29.0,246.76,8.508965517241379,0.0247480663692673,0.0029084694630764,125.0,524.88,4.19904,0.0526412914406752,0.0125365063063641,11.0,27.96,2.541818181818182,0.0028041657306075,0.00110321255496,1.6,2.0,0.8,21.4,18.0,1.1888888888888889,0.0001604672807214,0.0002005841009018,0.0021462498796495,0.0018052569081164,0.0695652173913043,0.9304347826086956,0.1,0.9,329.1072436471234,9781.0,0.0336476069570722,0.0078770232760157,2.059468271160368,0.0304311784338525,0.9809565454603808,290976,177581.0,22099,0.6102943198064446,0.0759478444957659,49382.0,10855.0,24516.0,18099.0,15579.0,131.0,4836.0,4904.0,33803.0,10724.0,19680.0,13195.0,0.3154793244502045,0.6845206755497955,0.0120681713496084,0.9879318286503916,0.1972589329417523,0.8027410670582477,0.27095419636444,0.7290458036355599
2,active,2,green,24,18-24,115.0,741.2,6.4452173913043485,11814.68,9785.32,209,56.529569377990434,0.0757461176537916,0.0117522983407798,63.0,471.48,7.483809523809524,0.0481823793192251,0.006438215612775,57.0,754.08,13.229473684210529,0.0770623750679589,0.0058250522210821,219,18577.08,84.8268493150685,1.8984642300916068,0.0223804637967894,3.0,4.44,1.4800000000000002,0.0004537409098527,0.0003065816958464,45.0,1020.84,22.685333333333332,0.1043236194626236,0.0045987254376964,134.0,1171.32,8.741194029850746,0.1197017573262805,0.0136939824144739,20.0,121.64,6.082,0.0124308658275866,0.0020438779723095,28.0,240.48,8.588571428571429,0.0245755887390499,0.0028614291612333,139.0,547.88,3.9415827338129494,0.0559899931734475,0.0142049519075513,12.0,28.32,2.36,0.0028941312087903,0.0012263267833857,7.8,9.0,0.8666666666666667,20.0,18.0,1.1111111111111112,0.0007971124092007,0.0009197450875392,0.0020438779723095,0.0018394901750785,0.2805755395683453,0.7194244604316546,0.3333333333333333,0.6666666666666666,295.7046359433257,9629.0,0.0307097970654611,0.0057426793998106,2.060318698232987,0.0283589903982897,0.9840250497684286,295576,195594.66666666663,29847,0.6617406916213313,0.1009791052047527,54983.0,9101.0,30759.0,18645.0,17258.0,777.0,6869.0,4336.0,37725.0,8324.0,23890.0,14309.0,0.3138788352763581,0.6861211647236418,0.0853752334908251,0.9146247665091748,0.2233167528203127,0.7766832471796873,0.2325556449450254,0.7674443550549745
2,active,2,red,18,12-18,232.0,2504.8,10.796551724137933,9347.0,12253.0,80,116.8375,0.2044234065126907,0.0189341385783073,166.0,656.08,3.9522891566265064,0.0535444380967926,0.013547702603444,165.0,717.68,4.349575757575757,0.0585717783399983,0.0134660899371582,398,16732.2,42.04070351758794,1.3655594548273893,0.0324818411817514,50.0,79.72,1.5944,0.0065061617563045,0.0040806333142903,102.0,1091.96,10.705490196078433,0.0891177670774504,0.0083244919611523,269.0,2124.92,7.8993308550185874,0.1734203868440382,0.0219538072308822,27.0,66.2,2.451851851851852,0.0054027585081204,0.0022035419897168,47.0,196.16,4.173617021276596,0.016009140618624,0.0038357953154329,185.0,978.96,5.291675675675676,0.0798955357871541,0.0150983432628743,7.0,15.88,2.2685714285714287,0.0012960091406186,0.0005712886640006,26.6,24.0,1.1083333333333334,4.2,4.0,1.05,0.0021708969232024,0.0019587039908593,0.0003427731984003,0.0003264506651432,0.8636363636363636,0.1363636363636363,0.8571428571428571,0.1428571428571428,566.8765477287828,12145.0,0.0466757140987058,0.0144891611407101,2.032540745222248,0.0433832782581472,0.9911858320411328,233755,147357.66666666666,29235,0.6303936457687179,0.1250668434899788,80793.0,6633.0,34675.0,62852.0,21268.0,397.0,5010.0,9992.0,59525.0,6236.0,29665.0,52860.0,0.2632406272820665,0.7367593727179335,0.0598522538821046,0.9401477461178954,0.1444844989185292,0.8555155010814708,0.1589766435435626,0.8410233564564373
2,active,2,red,24,18-24,157.0,1240.68,7.902420382165605,9838.64,11761.36,93,105.79182795698924,0.1054878007305277,0.0133487963976955,84.0,341.16,4.061428571428571,0.0290068495480114,0.0071420311936714,108.0,464.04,4.296666666666667,0.0394546208941823,0.0091826115347204,267,18443.08,69.07520599250937,1.5681077698497454,0.02270145629417,21.0,28.92,1.3771428571428572,0.002458899310964,0.0017855077984178,117.0,1283.4,10.96923076923077,0.1091200337375949,0.0099478291626138,224.0,2302.68,10.279821428571427,0.1957834808219457,0.0190454165164572,21.0,102.96,4.902857142857142,0.0087540896631001,0.0017855077984178,23.0,184.52,8.022608695652174,0.0156886618554316,0.0019555561601719,189.0,987.12,5.222857142857143,0.0839290694273451,0.0160695701857608,13.0,34.36,2.643076923076923,0.0029214308549351,0.0011053143514015,24.8,22.0,1.1272727272727272,5.4,6.0,0.9,0.0021085996857506,0.0018705319792949,0.000459130576736,0.0005101450852622,0.8211920529801324,0.1788079470198675,0.7857142857142857,0.2142857142857142,398.86241382537,11669.0,0.0341813706251923,0.0069226875656268,2.060504593069431,0.0317059561414102,0.9921471666541964,246059,181358.0,9198,0.7370508699133135,0.0373812784738619,89993.0,7231.0,20322.0,31174.0,20642.0,209.0,4501.0,4947.0,69351.0,7022.0,15821.0,26227.0,0.2293733957085551,0.7706266042914449,0.0289033328723551,0.9710966671276448,0.221484105895089,0.778515894104911,0.1586899339192917,0.8413100660807082
2,active,2,yellow,18,12-18,139.0,897.24,6.4549640287769785,8134.44,13465.56,107,76.02280373831775,0.0666322083894023,0.0103226304735933,56.0,277.6,4.957142857142857,0.0206155555357519,0.0041587576008721,73.0,526.92,7.218082191780821,0.0391309384830634,0.0054212375868511,291,19005.56,65.3112027491409,1.4114199483719951,0.0216106868188177,2.0,3.2,1.6,0.0002376432914784,0.000148527057174,44.0,512.68,11.65181818181818,0.0380734258359845,0.0032675952578281,337.0,4118.52,12.221127596439173,0.3058558277561424,0.0250268091338199,30.0,206.56,6.8853333333333335,0.0153398744649312,0.00222790585761,48.0,344.28,7.172499999999999,0.0255674476219332,0.0035646493721761,178.0,763.4,4.28876404494382,0.0566927777233178,0.0132189080884864,21.0,53.16,2.531428571428571,0.003947849179685,0.001559534100327,14.6,14.0,1.042857142857143,3.4,4.0,0.85,0.0010842475173702,0.001039689400218,0.0002524959971958,0.000297054114348,0.8111111111111111,0.1888888888888888,0.7777777777777778,0.2222222222222222,381.4950345846576,13342.0,0.0285935417916847,0.0068017692482565,2.145315254545136,0.0271479642484549,0.99082399840779,203468,143954.3333333333,8691,0.7075035550225751,0.042714333457841,116161.0,13849.0,20242.0,22570.0,29766.0,311.0,3990.0,7146.0,86395.0,13538.0,16252.0,15424.0,0.2562477940100378,0.7437522059899622,0.0224564950537944,0.9775435049462056,0.1971149095939136,0.8028850904060864,0.3166149756313691,0.6833850243686309
2,active,2,yellow,24,18-24,113.0,761.64,6.7401769911504426,11871.44,9728.56,166,71.51469879518072,0.0782890787536901,0.0116152853042999,49.0,276.52,5.643265306122449,0.0284235282508408,0.0050367166363778,47.0,393.2,8.36595744680851,0.0404170812535462,0.0048311363655052,222,19394.96,87.36468468468468,1.9936105651812808,0.0228194100668547,1.0,0.96,0.96,9.867853001883116e-05,0.0001027901354362,26.0,97.36,3.744615384615385,0.0100076475860764,0.0026725435213433,226.0,2766.52,12.241238938053096,0.2843709654871841,0.0232305706085998,28.0,173.68,6.202857142857143,0.0178525907225735,0.0028781237922159,28.0,220.44,7.872857142857143,0.0226590574555741,0.0028781237922159,119.0,468.04,3.933109243697479,0.0481098949895976,0.0122320261169176,20.0,47.56,2.378,0.0048886988413495,0.0020558027087256,6.2,6.0,1.0333333333333334,3.4,4.0,0.85,0.0006372988397049,0.0006167408126176,0.0003494864604833,0.0004111605417451,0.6458333333333334,0.3541666666666667,0.6,0.4,293.9164400351889,9595.0,0.0306322501339436,0.0070536158642352,2.071577114917941,0.0280551006612696,0.9862713495111302,296952,206620.66666666663,14005,0.6958049336817622,0.0471625043778119,71849.0,9909.0,16839.0,19154.0,16310.0,921.0,3966.0,5552.0,55539.0,8988.0,12873.0,13602.0,0.2270038553076591,0.7729961446923409,0.0929458068422646,0.9070541931577354,0.2355246748619276,0.7644753251380724,0.2898611256134489,0.7101388743865511
2,active,3,blue,18,12-18,61.0,357.88,5.866885245901639,12771.04,8828.96,145,88.0761379310345,0.0405347855240028,0.0069090810242655,75.0,1006.4,13.418666666666669,0.1139885105380475,0.0084947717511462,50.0,207.64,4.1528,0.0235180587521067,0.0056631811674308,168,19445.92,115.7495238095238,2.202515358547326,0.0190282887225675,2.0,3.2,1.6,0.0003624435947155,0.0002265272466972,217.0,2161.96,9.96294930875576,0.2448714231347746,0.0245782062666497,18.0,253.4,14.077777777777778,0.0287010021565393,0.002038745220275,12.0,71.4,5.95,0.0080870227070912,0.0013591634801833,21.0,155.92,7.424761904761904,0.0176600641525162,0.0023785360903209,130.0,520.44,4.003384615384616,0.0589469201355539,0.0147242710353201,16.0,39.96,2.4975,0.0045260143890107,0.0018122179735778,14.0,13.0,1.0769230769230769,0.0,0.0,0.0,0.0015856907268806,0.001472427103532,0.0,0.0,1.0,0.0,1.0,0.0,306.9719694264823,8504.0,0.0360973623502448,0.0062564777097533,2.0212438769668797,0.0327067997967625,0.9631938529566336,319421,248690.66666666663,2277,0.7785670530950272,0.0071285231716136,60619.0,5716.0,30476.0,9008.0,3255.0,0.0,258.0,60.0,57364.0,5716.0,30218.0,8948.0,0.0536960358963361,0.946303964103664,0.0,1.0,0.0084656779104869,0.9915343220895132,0.0066607460035523,0.9933392539964476
2,active,3,blue,24,18-24,46.0,246.04,5.348695652173913,15813.04,5786.959999999999,133,118.89503759398497,0.0425162779766924,0.0079489058158342,50.0,637.24,12.7448,0.1101165378713521,0.0086401150172111,37.0,142.8,3.859459459459459,0.0246761684891549,0.0063936851127362,141,20143.28,142.86014184397163,3.480805120477764,0.0243651243485353,2.0,6.76,3.38,0.0011681435503269,0.0003456046006884,115.0,1339.8,11.650434782608697,0.2315205220011889,0.0198722645395855,7.0,73.28,10.468571428571428,0.0126629525692246,0.0012096161024095,18.0,99.72,5.54,0.0172318453903258,0.003110441406196,15.0,75.76,5.050666666666667,0.0130915022740782,0.0025920345051633,101.0,430.44,4.261782178217822,0.074381022160167,0.0174530323347664,13.0,31.2,2.4,0.0053914317707397,0.0022464299044748,10.8,10.0,1.08,0.0,0.0,0.0,0.0018662648437176,0.0017280230034422,0.0,0.0,1.0,0.0,1.0,0.0,233.95408329834365,5650.0,0.0414078023536891,0.0070417617558592,1.987873564189819,0.0363447150917431,0.9763329969448554,395459,342048.3333333333,3215,0.8649400654260829,0.0081297934804872,35449.0,4420.0,19588.0,6197.0,702.0,63.0,138.0,48.0,34747.0,4357.0,19450.0,6149.0,0.0198030974075432,0.9801969025924568,0.0142533936651583,0.9857466063348416,0.0070451296712272,0.9929548703287728,0.0077456833951912,0.9922543166048088
2,active,3,green,18,12-18,12.0,111.96,9.33,18273.24,3326.7599999999984,364,50.20120879120879,0.0336543664105616,0.0036071132272842,5.0,34.92,6.984,0.010496699491397,0.0015029638447017,12.0,61.04,5.086666666666667,0.0183481826161189,0.0036071132272842,35,21181.36,605.1817142857143,6.366963652322383,0.0105207469129122,2.0,5.28,2.64,0.001587129820005,0.0006011855378807,125.0,1100.12,8.80096,0.3306881169666584,0.0375740961175438,3.0,156.48,52.16,0.047036756483786,0.000901778306821,11.0,113.4,10.30909090909091,0.0340872199978357,0.0033065204583438,3.0,4.28,1.4266666666666667,0.0012865370510647,0.000901778306821,28.0,94.68,3.3814285714285717,0.0284601233632723,0.0084165975303298,8.0,20.6,2.575,0.0061922110401712,0.0024047421515228,2.8,3.0,0.9333333333333332,3.4,3.0,1.1333333333333333,0.0008416597530329,0.000901778306821,0.0010220154143971,0.000901778306821,0.4516129032258065,0.5483870967741936,0.5,0.5,89.5328488566694,2896.0,0.0309160389698444,0.0042448683785011,2.06187018792176,0.0253566861133592,0.8705166588512551,457195,336846.0,1156,0.7367665875611064,0.002528461597349,31543.0,2956.0,2416.0,2811.0,589.0,0.0,249.0,890.0,30954.0,2956.0,2167.0,1921.0,0.0186729226769806,0.9813270773230194,0.0,1.0,0.1030629139072847,0.8969370860927153,0.3166133048737104,0.6833866951262896
2,active,3,green,24,18-24,15.0,140.32,9.354666666666668,19494.6,2105.4000000000015,189,103.14603174603174,0.0666476679015863,0.0071245369051011,5.0,22.2,4.4399999999999995,0.0105443146195497,0.0023748456350337,10.0,61.44,6.144,0.0291821031632943,0.0047496912700674,38,21311.72,560.8347368421053,10.122409043412173,0.0180488268262562,1.0,2.0,2.0,0.0009499382540134,0.0004749691270067,55.0,850.64,15.466181818181818,0.4040277381970169,0.0261233019853709,4.0,23.56,5.89,0.0111902726322788,0.0018998765080269,10.0,114.44,11.444,0.0543554668946518,0.0047496912700674,2.0,8.36,4.18,0.0039707419017763,0.0009499382540134,19.0,83.68,4.40421052631579,0.0397454165479243,0.0090244134131281,1.0,2.64,2.64,0.0012539184952978,0.0004749691270067,0.0,0.0,0.0,3.6,4.0,0.9,0.0,0.0,0.0017098888572242,0.0018998765080269,0.0,1.0,0.0,1.0,58.37867984325224,1967.0,0.0296790441501028,0.0046998334454955,2.0613027079420387,0.0253784039755711,0.934264272822266,487554,407160.3333333333,1356,0.8351081794700347,0.0027812303867879,21914.0,3082.0,2106.0,3523.0,628.0,295.0,0.0,282.0,21286.0,2787.0,2106.0,3241.0,0.0286574792370174,0.9713425207629826,0.0957170668397144,0.9042829331602856,0.0,1.0,0.0800454158387737,0.9199545841612262
2,active,3,red,18,12-18,63.0,321.32,5.10031746031746,17096.56,4503.439999999999,123,138.99642276422765,0.0713499014087009,0.0139893059527827,79.0,374.44,4.739746835443038,0.0831453289041266,0.0175421455598387,56.0,440.64,7.868571428571428,0.0978452027783206,0.0124349386246957,133,20134.24,151.38526315789474,4.470857833123126,0.0295329792336525,19.0,38.48,2.0252631578947367,0.0085445792549695,0.0042189970333789,167.0,1198.08,7.174131736526945,0.2660366297763488,0.0370827633986463,37.0,307.32,8.305945945945945,0.0682411667525269,0.0082159415913168,19.0,123.96,6.524210526315789,0.0275256248556658,0.0042189970333789,9.0,45.08,5.0088888888888885,0.0100101255928801,0.0019984722789689,87.0,329.92,3.792183908045977,0.0732595526974935,0.0193185653633666,3.0,6.28,2.0933333333333333,0.0013944895457694,0.0006661574263229,0.8,1.0,0.8,2.6,3.0,0.8666666666666667,0.0001776419803527,0.0002220524754409,0.0005773364361465,0.0006661574263229,0.2352941176470588,0.7647058823529411,0.25,0.75,175.292229097514,4221.0,0.0415286020131518,0.0075866921930945,1.9572739877889265,0.0375590776000348,0.9372834988364454,427537,309902.6666666666,9561,0.7248557824624924,0.022362976771601,37839.0,4254.0,20512.0,8096.0,3856.0,48.0,379.0,88.0,33983.0,4206.0,20133.0,8008.0,0.1019054414757261,0.8980945585242739,0.0112834978843441,0.988716502115656,0.0184769890795631,0.9815230109204368,0.0108695652173913,0.9891304347826086
2,active,3,red,24,18-24,16.0,80.96,5.06,19242.2,2357.7999999999993,82,234.6609756097561,0.0343370939010942,0.0067859869369751,27.0,144.36,5.346666666666668,0.0612265671388582,0.0114513529561455,15.0,134.32,8.954666666666666,0.0569683603359063,0.0063618627534142,49,21174.8,432.1387755102041,8.980744762066335,0.0207820849944863,5.0,11.8,2.3600000000000003,0.0050046653660191,0.0021206209178047,120.0,826.04,6.883666666666667,0.3503435405886844,0.0508949020273136,8.0,20.84,2.605,0.0088387479854101,0.0033929934684875,14.0,142.44,10.174285714285714,0.0604122487064212,0.0059377385698532,3.0,4.16,1.3866666666666667,0.0017643566036135,0.0012723725506828,58.0,235.24,4.055862068965517,0.0997709729408771,0.0245992026465349,2.0,5.0,2.5,0.0021206209178047,0.0008482483671218,0.0,0.0,0.0,1.2,1.0,1.2,0.0,0.0,0.0005089490202731,0.0004241241835609,0.0,1.0,0.0,1.0,82.70784099663814,2271.0,0.0364191285762387,0.0041997861731925,1.978429345883869,0.0307927615779362,0.96318602086691,481137,397940.6666666667,3138,0.8270839005660897,0.0065220508919496,21300.0,3682.0,7009.0,2040.0,376.0,0.0,131.0,7.0,20924.0,3682.0,6878.0,2033.0,0.0176525821596244,0.9823474178403756,0.0,1.0,0.0186902553859323,0.9813097446140676,0.0034313725490196,0.9965686274509804
2,active,3,yellow,18,12-18,23.0,157.64,6.8539130434782605,16964.8,4635.200000000001,203,83.57044334975369,0.0340093199861926,0.0049620296858819,21.0,168.0,8.0,0.0362443907490507,0.0045305488436313,15.0,107.0,7.133333333333334,0.0230842250604073,0.0032361063168795,63,20957.24,332.6546031746032,4.521323783224024,0.013591646530894,5.0,14.2,2.84,0.0030635139799792,0.0010787021056265,156.0,1721.8,11.037179487179486,0.3714618570935449,0.0336555056955471,16.0,75.0,4.6875,0.0161805315843976,0.0034518467380048,11.0,70.8,6.4363636363636365,0.0152744218156713,0.0023731446323783,11.0,82.48,7.498181818181819,0.0177942699344149,0.0023731446323783,49.0,168.76,3.444081632653061,0.0364083534691059,0.0105712806351397,6.0,14.12,2.353333333333333,0.0030462547462892,0.0012944425267518,0.0,0.0,0.0,11.6,11.0,1.0545454545454545,0.0,0.0,0.0025025888850535,0.0023731446323783,0.0,1.0,0.0,1.0,108.0081019022266,4288.0,0.0251884566003326,0.0047873854952232,2.0834692263853243,0.0237443332040513,0.925094925785295,424323,316489.99999999994,3627,0.7458704807422646,0.0085477336840095,45092.0,3854.0,6911.0,3964.0,1968.0,48.0,370.0,976.0,43124.0,3806.0,6541.0,2988.0,0.0436441053845471,0.9563558946154528,0.0124545926310326,0.9875454073689672,0.0535378382289104,0.9464621617710895,0.2462159434914228,0.7537840565085772
2,active,3,yellow,24,18-24,7.0,66.92,9.56,18030.16,3569.84,135,133.55674074074074,0.0187459381933083,0.0019608721959527,3.0,22.36,7.453333333333333,0.0062635860430719,0.0008403737982654,1.0,2.72,2.72,0.0007619389104273,0.0002801245994218,31,21432.76,691.3793548387097,6.003843309504067,0.0086838625820765,,,,,,76.0,1688.16,22.21263157894737,0.4728951437599444,0.0212894695560585,6.0,18.84,3.14,0.0052775474531071,0.0016807475965309,7.0,65.52,9.36,0.0183537637541178,0.0019608721959527,8.0,129.96,16.245,0.03640499294086,0.0022409967953745,42.0,135.44,3.2247619047619045,0.0379400757456916,0.0117652331757165,3.0,6.84,2.28,0.0019160522600452,0.0008403737982654,0.0,0.0,0.0,6.0,5.0,1.2,0.0,0.0,0.0016807475965309,0.0014006229971091,0.0,1.0,0.0,1.0,63.0614705127563,3462.0,0.0182153294375379,0.0030700037205388,2.07316991214746,0.0163498239304494,0.9697913631983506,450889,386802.0,1361,0.8578652395600691,0.003018481267008,42757.0,4902.0,631.0,1680.0,688.0,234.0,7.0,323.0,42069.0,4668.0,624.0,1357.0,0.0160909324788923,0.9839090675211076,0.047735618115055,0.9522643818849448,0.011093502377179,0.9889064976228208,0.1922619047619047,0.8077380952380953
2,active,4,blue,18,12-18,235.0,1768.08,7.523744680851063,10103.8,11496.2,157,64.35541401273885,0.1537969068039874,0.0204415372035977,62.0,290.16,4.680000000000001,0.0252396444042379,0.0053930864111619,53.0,227.88,4.299622641509434,0.019822202118961,0.0046102190288965,363,17938.08,49.41619834710744,1.5603486369409023,0.0315756510847062,16.0,42.92,2.6825,0.0037334075607592,0.0013917642351385,48.0,630.2,13.129166666666668,0.0548181138115203,0.0041752927054157,196.0,1548.32,7.899591836734693,0.1346810250343591,0.0170491118804474,36.0,166.8,4.633333333333334,0.0145091421513195,0.0031314695290617,38.0,194.88,5.1284210526315785,0.0169516883839877,0.003305440058454,182.0,752.68,4.135604395604395,0.065472069031506,0.0158313181747012,21.0,49.8,2.371428571428571,0.0043318661818687,0.0018266905586193,55.6,55.0,1.010909090909091,1.0,1.0,1.0,0.0048363807171065,0.0047841895582888,8.698526469616047e-05,8.698526469616047e-05,0.9823321554770318,0.0176678445229682,0.9821428571428572,0.0178571428571428,480.4875845590502,11333.0,0.0423972103202197,0.0099586720772378,1.965670793713712,0.0384742585256355,0.9858040048015866,252752,179596.0,26822,0.7105621320503893,0.1061198328796606,54707.0,9116.0,13066.0,44437.0,14892.0,497.0,1338.0,7108.0,39815.0,8619.0,11728.0,37329.0,0.2722137934816385,0.7277862065183615,0.054519526107942,0.945480473892058,0.1024031838359099,0.89759681616409,0.1599567927627877,0.8400432072372123
2,active,4,blue,24,18-24,107.0,898.84,8.4003738317757,15904.12,5695.879999999999,122,130.3616393442623,0.1578052908418014,0.0187855081216598,33.0,198.2,6.006060606060606,0.0347970813991867,0.0057936613833156,34.0,135.4,3.98235294117647,0.0237715682212406,0.0059692268797797,188,19602.44,104.2682978723404,3.4415121105079463,0.0330063133352528,10.0,29.04,2.904,0.0050984220173177,0.0017556549646411,9.0,39.36,4.373333333333333,0.0069102579408274,0.0015800894681769,47.0,318.6,6.778723404255319,0.0559351671734657,0.0082515783338132,27.0,131.16,4.857777777777778,0.0230271705162327,0.0047402684045309,14.0,37.36,2.6685714285714286,0.0065591269478991,0.0024579169504975,106.0,509.2,4.80377358490566,0.0893979507995252,0.0186099426251957,2.0,4.8,2.4,0.0008427143830277,0.0003511309929282,36.8,36.0,1.022222222222222,0.0,0.0,0.0,0.0064608102698792,0.0063203578727079,0.0,0.0,1.0,0.0,1.0,0.0,266.1225667814899,5574.0,0.0477435534233028,0.0130522427772934,1.9105166358370895,0.0429811771003319,0.9786020772909544,397725,255461.9999999999,14500,0.642308127475014,0.0364573511848639,9005.0,4254.0,8407.0,22578.0,1305.0,187.0,807.0,3602.0,7700.0,4067.0,7600.0,18976.0,0.1449194891726818,0.8550805108273182,0.043958627174424,0.956041372825576,0.0959914357083382,0.9040085642916618,0.1595358313402427,0.8404641686597573
2,active,4,green,18,12-18,123.0,1129.2,9.18048780487805,12325.84,9274.16,252,48.912063492063496,0.121757657836397,0.013262656671871,51.0,350.16,6.865882352941177,0.0377565191887998,0.0054991503273611,32.0,205.0,6.40625,0.0221044277864518,0.0034504472642266,235,18867.24,80.28612765957448,2.034388020047099,0.0253392220966642,26.0,65.2,2.5076923076923077,0.0070302863008617,0.0028034884021841,38.0,706.24,18.585263157894737,0.0761513711214816,0.0040974061262691,118.0,660.28,5.595593220338983,0.0711956662382361,0.0127235242868356,18.0,134.4,7.466666666666667,0.0144918785097518,0.0019408765861274,20.0,106.56,5.328,0.0114899893898746,0.0021565295401416,91.0,436.32,4.794725274725274,0.04704684844773,0.0098122094076444,6.0,15.76,2.6266666666666665,0.0016993452776316,0.0006469588620424,0.0,0.0,0.0,11.6,12.0,0.9666666666666668,0.0,0.0,0.0012507871332821,0.0012939177240849,0.0,1.0,0.0,1.0,297.8189152384847,9083.0,0.0327886067641181,0.0093806785540822,2.089115879713055,0.0308177384782653,0.9793878906553262,308398,206401.3333333333,21301,0.6692693640468917,0.0690698383257997,34319.0,6062.0,13962.0,28353.0,7102.0,790.0,1838.0,7258.0,27217.0,5272.0,12124.0,21095.0,0.206940761677205,0.7930592383227949,0.1303200263939294,0.8696799736060706,0.1316430310843718,0.8683569689156281,0.2559870207738158,0.7440129792261841
2,active,4,green,24,18-24,65.0,523.84,8.059076923076924,15948.24,5651.76,273,58.418461538461536,0.0926861720950641,0.0115008422155222,18.0,152.48,8.47111111111111,0.0269792064772743,0.0031848486135292,15.0,87.4,5.826666666666667,0.0154642093790252,0.0026540405112743,147,19894.04,135.3336054421769,3.51997253952751,0.0260095970104887,5.0,15.72,3.144,0.0027814344558155,0.0008846801704247,5.0,17.48,3.496,0.003092841875805,0.0008846801704247,78.0,757.32,9.70923076923077,0.1339971973332201,0.0138010106586266,14.0,143.8,10.271428571428572,0.0254434017014169,0.0024771044771894,9.0,44.84,4.982222222222223,0.0079338117683694,0.0015924243067646,93.0,357.4,3.843010752688172,0.0632369385819638,0.016455051169901,5.0,11.88,2.3760000000000003,0.0021020000849292,0.0008846801704247,1.2,1.0,1.2,12.2,12.0,1.0166666666666666,0.0002123232409019,0.0001769360340849,0.0021586196158364,0.0021232324090194,0.0895522388059701,0.91044776119403,0.0769230769230769,0.9230769230769232,179.86180849960098,5474.0,0.032857473237048,0.007580529963406,2.032011511888967,0.0300244832289291,0.968547850581058,398979,259573.66666666663,11284,0.6505948099189848,0.028282190290717,19453.0,4739.0,6030.0,13161.0,854.0,944.0,1304.0,3994.0,18599.0,3795.0,4726.0,9167.0,0.0439006836991723,0.9560993163008276,0.1991981430681578,0.8008018569318421,0.2162520729684909,0.7837479270315091,0.3034723805181977,0.6965276194818023
2,active,4,red,18,12-18,106.0,1144.0,10.79245283018868,13809.64,7790.360000000001,113,122.209203539823,0.1468481559260419,0.0136065599022381,44.0,271.76,6.176363636363636,0.0348841388587947,0.0056480059971554,25.0,174.36,6.9744,0.0223815074014551,0.0032090943165656,195,19208.04,98.50276923076925,2.4656164798545896,0.0250309356692116,34.0,107.68,3.167058823529412,0.0138222110403113,0.0043643682705292,43.0,392.6,9.130232558139536,0.0503956171473462,0.0055196422244928,138.0,2611.4,18.923188405797102,0.3352091559311764,0.0177142006274421,21.0,149.88,7.137142857142857,0.019239162246674,0.0026956392259151,26.0,117.76,4.52923076923077,0.0151161178687506,0.0033374580892282,104.0,432.16,4.155384615384616,0.0554736879938796,0.0133498323569129,9.0,21.84,2.4266666666666667,0.0028034647949517,0.0011552739539636,2.6,3.0,0.8666666666666667,18.8,20.0,0.94,0.0003337458089228,0.0003850913179878,0.0024132389260573,0.0025672754532524,0.1214953271028037,0.8785046728971962,0.1304347826086956,0.8695652173913043,242.4380712044048,7678.0,0.0315756800214124,0.0085012070598677,2.112001112856489,0.0299509195875808,0.9855770465036277,345354,237610.66666666663,14586,0.6880206010837188,0.04223492416477,75281.0,6738.0,11222.0,28706.0,17054.0,276.0,1320.0,7230.0,58227.0,6462.0,9902.0,21476.0,0.2265379046505758,0.7734620953494241,0.0409617097061442,0.9590382902938558,0.1176260916057743,0.8823739083942256,0.2518637218699923,0.7481362781300077
2,active,4,red,24,18-24,137.0,1201.08,8.767007299270073,8911.64,12688.36,90,99.01822222222222,0.094659987579167,0.0107972976807089,35.0,214.6,6.131428571428572,0.0169131392867163,0.0027584337140497,33.0,202.44,6.134545454545455,0.0159547806020636,0.0026008089303897,233,18045.72,77.44944206008584,1.422226355494327,0.0183632872963881,24.0,63.92,2.6633333333333336,0.0050376880857731,0.0018914974039198,12.0,55.36,4.613333333333333,0.0043630540117083,0.0009457487019599,139.0,3411.2,24.541007194244603,0.2688448310104694,0.0109549224643689,12.0,124.16,10.346666666666666,0.0097853465696118,0.0009457487019599,32.0,241.64,7.55125,0.0190442263617993,0.0025219965385597,200.0,938.16,4.690799999999999,0.0739386335192254,0.0157624783659984,28.0,73.04,2.608571428571429,0.0057564570992626,0.0022067469712397,5.6,5.0,1.12,10.2,10.0,1.02,0.0004413493942479,0.0003940619591499,0.0008038863966659,0.0007881239182999,0.3544303797468354,0.6455696202531646,0.3333333333333333,0.6666666666666666,319.847642453875,12590.0,0.0254048961440726,0.0053198252277449,2.109463270062846,0.0248009378947874,0.992248013139602,222881,148580.0,11074,0.6666337642060113,0.0496857067224213,86815.0,9189.0,10494.0,30164.0,1235.0,751.0,678.0,3502.0,85580.0,8438.0,9816.0,26662.0,0.0142256522490353,0.9857743477509648,0.081728153226684,0.918271846773316,0.0646083476272155,0.9353916523727844,0.1160986606550855,0.8839013393449144
2,active,4,yellow,18,12-18,72.0,473.12,6.571111111111112,14531.48,7068.52,300,48.438266666666664,0.0669333891677465,0.0101860078205904,39.0,166.08,4.258461538461539,0.0234957247061619,0.0055174209028198,40.0,178.64,4.465999999999999,0.0252726171815316,0.0056588932336613,152,19955.08,131.28342105263158,2.8230916797292784,0.0215037942879131,37.0,90.4,2.4432432432432436,0.0127890987080746,0.0052344762411367,16.0,144.36,9.0225,0.0204229456802838,0.0022635572934645,184.0,2155.84,11.716521739130435,0.3049917097214127,0.0260309088748422,13.0,47.92,3.686153846153846,0.0067793540939263,0.0018391403009399,54.0,298.92,5.535555555555556,0.0422889091351513,0.0076395058654428,67.0,283.92,4.237611940298508,0.0401668241725283,0.0094786461663827,1.0,2.88,2.88,0.0004074403128236,0.0001414723308415,0.0,0.0,0.0,26.8,25.0,1.072,0.0,0.0,0.0037914584665531,0.0035368082710383,0.0,1.0,0.0,1.0,262.98970165966733,6820.0,0.0385615398327957,0.0082899752224655,2.183669346686278,0.0345551160415638,0.964841296339262,363587,239669.99999999997,27694,0.6591819839543217,0.0761688399200191,57705.0,8738.0,8697.0,11900.0,15576.0,651.0,1209.0,3188.0,42129.0,8087.0,7488.0,8712.0,0.2699246165843514,0.7300753834156486,0.0745021744106202,0.9254978255893798,0.1390134529147982,0.8609865470852018,0.2678991596638655,0.7321008403361344
2,active,4,yellow,24,18-24,81.0,584.0,7.209876543209877,13821.48,7778.52,210,65.81657142857142,0.0750785496469765,0.0104132919887073,42.0,261.08,6.216190476190476,0.0335642255853298,0.0053994847348852,36.0,157.0,4.361111111111111,0.0201837881756426,0.0046281297727588,160,19577.12,122.357,2.5168181093575637,0.0205694656567059,34.0,84.88,2.4964705882352938,0.0109121015308824,0.00437101145205,4.0,35.68,8.92,0.0045869908414454,0.0005142366414176,157.0,3082.4,19.63312101910828,0.3962707558764392,0.0201837881756426,3.0,5.8,1.9333333333333331,0.0007456431300555,0.0003856774810632,71.0,372.72,5.249577464788733,0.0479165702472964,0.0091277003851632,111.0,386.8,3.4846846846846846,0.0497266832250865,0.0142700667993397,2.0,4.08,2.04,0.000524521374246,0.0002571183207088,1.6,2.0,0.8,22.8,22.0,1.0363636363636364,0.000205694656567,0.0002571183207088,0.0029311488560805,0.002828301527797,0.0655737704918032,0.9344262295081966,0.0833333333333333,0.9166666666666666,232.19841228655991,7603.0,0.0305403672611547,0.0070582970297378,2.1290756174539234,0.0267672694189868,0.9774352961745936,345747,225083.66666666663,22636,0.6510068537591552,0.0654698377715497,78113.0,9537.0,10530.0,14681.0,1752.0,1026.0,1464.0,2557.0,76361.0,8511.0,9066.0,12124.0,0.0224290451013275,0.9775709548986724,0.1075810003145643,0.8924189996854357,0.139031339031339,0.860968660968661,0.1741706968190177,0.8258293031809822
2,active,5,blue,18,12-18,101.0,557.04,5.515247524752475,10834.92,10765.08,120,90.291,0.0517450868920621,0.0093821875917317,72.0,488.96,6.79111111111111,0.0454209350975561,0.0066882921446008,130.0,726.6,5.5892307692307694,0.0674960148925971,0.0120760830388626,287,18947.44,66.01895470383275,1.7600835293374502,0.0266602756319507,15.0,28.32,1.888,0.002630728243543,0.0013933941967918,45.0,235.88,5.241777777777778,0.021911588209284,0.0041801825903755,203.0,2588.24,12.749950738916256,0.240429239726969,0.0188572681299163,23.0,142.88,6.212173913043478,0.0132725441891746,0.0021365377684141,36.0,327.76,9.104444444444445,0.0304465921293664,0.0033441460723004,142.0,627.44,4.418591549295775,0.0582847503223385,0.0131907983962961,23.0,52.4,2.278260869565217,0.0048675903941261,0.0021365377684141,22.0,21.0,1.0476190476190477,6.8,7.0,0.9714285714285714,0.0020436448219613,0.0019507518755085,0.0006316720358789,0.0006502506251695,0.7638888888888888,0.2361111111111111,0.75,0.25,397.2419392930915,10583.0,0.0375358536608798,0.0075506611393542,2.1225870374305846,0.0348164736313296,0.983086052309876,270993,167367.99999999997,27335,0.6176100489680544,0.1008697641636499,70851.0,11825.0,30591.0,14027.0,11034.0,1234.0,6816.0,3195.0,59817.0,10591.0,23775.0,10832.0,0.155735275437185,0.8442647245628149,0.1043551797040169,0.8956448202959831,0.2228106305776208,0.7771893694223792,0.2277750053468311,0.7722249946531689
2,active,5,blue,24,18-24,79.0,525.96,6.657721518987342,13620.24,7979.76,120,113.502,0.0659117567445637,0.0099000471192116,54.0,273.8,5.07037037037037,0.0343118088764574,0.0067671208156636,79.0,422.24,5.344810126582279,0.0529138720964039,0.0099000471192116,192,19721.56,102.71645833333334,2.471447762839986,0.0240608740112484,14.0,30.04,2.1457142857142855,0.0037645242463432,0.0017544387299868,15.0,84.0,5.6,0.0105266323799212,0.0018797557821287,183.0,1949.64,10.65377049180328,0.244323137537971,0.0229330205419711,6.0,11.4,1.9,0.0014286143944178,0.0007519023128515,20.0,280.88,14.044,0.0351990536056222,0.0025063410428383,117.0,571.24,4.8823931623931625,0.0715861128655498,0.0146620951006045,11.0,29.72,2.7018181818181817,0.0037244227896578,0.0013784875735611,18.2,18.0,1.011111111111111,8.8,9.0,0.977777777777778,0.0022807703489829,0.0022557069385545,0.0011027900588488,0.0011278534692772,0.674074074074074,0.3259259259259259,0.6666666666666666,0.3333333333333333,284.43312001460083,7858.0,0.0361966301876559,0.0073046688373566,2.126566025449859,0.0332074058754061,0.9847413957312,340626,251172.33333333328,18464,0.737384501868129,0.0542060793949962,51039.0,7333.0,17534.0,13228.0,9831.0,405.0,4465.0,2669.0,41208.0,6928.0,13069.0,10559.0,0.1926174102157174,0.8073825897842826,0.0552297831719623,0.9447702168280376,0.2546481122390783,0.7453518877609216,0.2017689749017236,0.7982310250982764
2,active,5,green,18,12-18,56.0,828.52,14.795,9643.6,11956.4,239,40.34979079497908,0.0692951055501656,0.0046836840520558,39.0,341.44,8.754871794871795,0.0285570907631059,0.003261851393396,58.0,833.12,14.364137931034485,0.0696798367401559,0.0048509584824863,198,18711.84,94.50424242424242,1.565006189153926,0.0165601686126258,2.0,2.04,1.02,0.0001706199190391,0.0001672744304305,37.0,573.64,15.503783783783785,0.0479776521360944,0.0030945769629654,167.0,2588.08,15.49748502994012,0.2164598039543675,0.0139674149409521,21.0,211.88,10.08952380952381,0.0177210531598139,0.0017563815195209,26.0,175.96,6.767692307692308,0.014716804389281,0.0021745675955973,134.0,514.64,3.840597014925373,0.0430430564383928,0.0112073868388478,28.0,76.4,2.7285714285714286,0.0063898832424475,0.0023418420260279,0.0,0.0,0.0,4.2,4.0,1.05,0.0,0.0,0.0003512763039041,0.0003345488608611,0.0,1.0,0.0,1.0,321.8858160280206,11703.0,0.0275045557573289,0.0049717812017597,2.1913410018288766,0.0267797354790081,0.9788063296644476,241329,159169.99999999997,17884,0.6595560417521308,0.0741063030137281,79247.0,9743.0,29461.0,20769.0,7176.0,823.0,5631.0,2989.0,72071.0,8920.0,23830.0,17780.0,0.0905523237472712,0.9094476762527288,0.0844709021861849,0.9155290978138152,0.1911340416143375,0.8088659583856624,0.1439164138860802,0.8560835861139198
2,active,5,green,24,18-24,36.0,431.96,11.998888888888889,13836.64,7763.360000000001,256,54.049375,0.055640856536345,0.0046371674120483,19.0,146.76,7.724210526315789,0.0189041858164506,0.0024473939119144,71.0,1074.92,15.139718309859155,0.1384606665155293,0.0091455246182065,145,19998.56,137.92110344827586,2.57601863110818,0.0186774798540837,,,,,,55.0,645.96,11.744727272727271,0.0832062405968549,0.0070845613239628,123.0,1744.24,14.180813008130082,0.2246759135219801,0.0158436553244986,13.0,128.2,9.86153846153846,0.0165134683951278,0.001674532676573,15.0,116.84,7.789333333333333,0.0150501844562148,0.0019321530883534,74.0,284.12,3.839459459459459,0.036597555697533,0.0095319552358772,9.0,20.88,2.32,0.002689557098988,0.001159291853012,1.6,2.0,0.8,8.6,10.0,0.86,0.0002060963294243,0.0002576204117804,0.001107767770656,0.0012881020589023,0.1568627450980392,0.8431372549019608,0.1666666666666666,0.8333333333333334,226.36342015309077,7575.0,0.0298829597561836,0.0048768953908531,2.2007467044632065,0.0299850307756215,0.9757373096185156,346172,256785.3333333333,17500,0.7417853937734228,0.0505529043365725,59933.0,6154.0,30486.0,10835.0,11534.0,195.0,7930.0,1968.0,48399.0,5959.0,22556.0,8867.0,0.1924482338611449,0.807551766138855,0.0316867078323041,0.9683132921676958,0.2601193990684248,0.7398806009315751,0.1816335948315643,0.8183664051684356
2,active,5,red,18,12-18,115.0,1093.2,9.50608695652174,10431.8,11168.2,90,115.90888888888888,0.0978850665281782,0.0102970935334252,71.0,514.0,7.23943661971831,0.0460235310972224,0.0063573360075929,78.0,536.08,6.872820512820513,0.0480005730556401,0.0069841156139753,268,17746.0,66.21641791044776,1.588975842123171,0.0239967049300693,17.0,31.32,1.8423529411764703,0.0028043910388424,0.0015221790440715,57.0,344.2,6.03859649122807,0.0308196486452606,0.0051037767948281,126.0,1887.36,14.979047619047618,0.1689941082716999,0.0112820329148833,31.0,231.24,7.459354838709678,0.0207052165971239,0.0027757382568363,36.0,331.04,9.195555555555556,0.0296413029852617,0.0032234379756809,147.0,669.04,4.551292517006803,0.059905803979155,0.0131623717340305,21.0,47.64,2.2685714285714287,0.0042656829211511,0.0018803388191472,24.2,23.0,1.0521739130434782,1.0,1.0,1.0,0.0021668666392077,0.002059418706685,8.953994376891531e-05,8.953994376891531e-05,0.9603174603174603,0.0396825396825396,0.9583333333333334,0.0416666666666666,330.10757543374507,11020.0,0.0299553153751129,0.0074428641380873,2.0702913611309515,0.0288383404857995,0.9867301803334468,260885,160246.99999999997,29910,0.6142438239070854,0.1146482166471817,55972.0,14124.0,26401.0,27445.0,8459.0,1323.0,5996.0,4112.0,47513.0,12801.0,20405.0,23333.0,0.1511291359965697,0.8488708640034303,0.0936703483432455,0.9063296516567544,0.2271126093708571,0.7728873906291428,0.1498269265804336,0.8501730734195664
2,active,5,red,24,18-24,90.0,697.32,7.748,13969.16,7630.84,107,130.55289719626168,0.0913818137976946,0.0117942454565945,44.0,204.04,4.637272727272727,0.0267388649218172,0.0057660755565573,54.0,396.88,7.349629629629629,0.0520100015201471,0.0070765472739567,209,19231.0,92.01435406698565,2.520168159730777,0.0273888588936473,4.0,15.04,3.76,0.0019709494629686,0.0005241886869597,33.0,424.52,12.864242424242423,0.0556321453470391,0.004324556667418,103.0,1608.76,15.619029126213592,0.210823448008345,0.0134978586892137,12.0,96.36,8.03,0.0126277054688605,0.0015725660608792,30.0,252.08,8.402666666666667,0.0330343710522039,0.0039314151521981,124.0,498.24,4.018064516129033,0.0652929428477074,0.0162498492957525,14.0,31.8,2.2714285714285714,0.00416730006133,0.0018346604043591,18.2,19.0,0.9578947368421052,2.4,3.0,0.7999999999999999,0.0023850585256668,0.0024898962630588,0.0003145132121758,0.0003931415152198,0.883495145631068,0.116504854368932,0.8636363636363636,0.1363636363636363,242.72368470843904,7524.0,0.0322599261972938,0.007163505820804,2.0721494376521385,0.0308624849461608,0.9859989201713047,349336,247342.3333333333,18649,0.7080356256822466,0.0533841344722559,50968.0,8753.0,15121.0,17523.0,6297.0,231.0,3008.0,1992.0,44671.0,8522.0,12113.0,15531.0,0.1235481086171715,0.8764518913828284,0.0263909516737118,0.973609048326288,0.1989286422855631,0.8010713577144368,0.1136791645266221,0.8863208354733778
2,active,5,yellow,18,12-18,76.0,534.28,7.029999999999999,11539.8,10060.2,284,40.63309859154929,0.0531082881056042,0.007554521778891,56.0,363.64,6.493571428571428,0.0361463986799467,0.0055664897318144,102.0,1569.96,15.391764705882354,0.1560565396314188,0.0101389634400906,210,19154.32,91.21104761904762,1.903970099998012,0.0208743364943042,6.0,15.68,2.6133333333333333,0.001558617124908,0.0005964096141229,61.0,496.4,8.137704918032787,0.0493429554084411,0.0060634977435836,160.0,1723.84,10.774,0.1713524582016262,0.0159042563766127,33.0,268.48,8.135757575757577,0.0266873421999562,0.0032802528776763,16.0,139.36,8.71,0.0138526073040297,0.0015904256376612,100.0,415.88,4.1588,0.0413391383869107,0.0099401602353829,4.0,10.8,2.7,0.0010735373054213,0.0003976064094153,0.0,0.0,0.0,34.2,32.0,1.06875,0.0,0.0,0.0033995348005009,0.0031808512753225,0.0,1.0,0.0,1.0,318.8370645324392,9768.0,0.0326409771224855,0.006950507676055,2.1925258582298532,0.0307341693796671,0.9709548517922107,288779,190484.99999999997,15529,0.6596220639312415,0.0537746858324185,55727.0,10245.0,48498.0,13433.0,6112.0,900.0,10790.0,3494.0,49615.0,9345.0,37708.0,9939.0,0.1096775351265993,0.8903224648734007,0.0878477306002928,0.9121522693997072,0.2224834013773763,0.7775165986226236,0.2601057098191022,0.7398942901808978
2,active,5,yellow,24,18-24,68.0,502.56,7.390588235294118,12385.24,9214.76,191,64.84418848167539,0.0545385880912796,0.0073794651190047,33.0,240.76,7.295757575757576,0.0261276473831114,0.0035812110136346,129.0,1736.72,13.462945736434108,0.1884715391393807,0.0139992794169354,216,19199.64,88.88722222222222,2.0835746129036457,0.0234406539074267,5.0,7.44,1.488,0.0008074003012558,0.0005426077293385,12.0,372.72,31.06,0.0404481505758153,0.0013022585504125,151.0,1371.52,9.082913907284768,0.1488394705884906,0.0163867534260252,12.0,106.28,8.856666666666667,0.0115336698948209,0.0013022585504125,24.0,263.2,10.966666666666669,0.028562870872383,0.0026045171008251,101.0,381.44,3.776633663366336,0.0413944584557818,0.0109606761326393,12.0,28.88,2.4066666666666667,0.0031341022446596,0.0013022585504125,1.6,2.0,0.8,19.8,19.0,1.0421052631578949,0.0001736344733883,0.0002170430917354,0.0021487266081807,0.0020619093714866,0.0747663551401869,0.9252336448598132,0.0952380952380952,0.9047619047619048,274.36309828007967,9049.0,0.0303197146955552,0.0057702793173333,2.1712856849612785,0.0287385010061472,0.9820114685569672,309822,240993.3333333333,19358,0.7778444827460068,0.062481037498951,43769.0,9273.0,49599.0,12632.0,3616.0,369.0,9944.0,1652.0,40153.0,8904.0,39655.0,10980.0,0.0826155498183646,0.9173844501816354,0.0397929472662568,0.9602070527337432,0.2004879130627633,0.7995120869372366,0.1307789740341988,0.8692210259658011
2,active,6,blue,18,12-18,112.0,1390.56,12.415714285714284,9469.76,12130.24,176,53.805454545454545,0.1146358192418286,0.009233123169863,66.0,701.96,10.635757575757577,0.0578685994671168,0.0054409475822407,67.0,595.92,8.894328358208954,0.04912681035165,0.0055233861819716,268,17612.32,65.71761194029851,1.4519349988128842,0.0220935447278866,13.0,22.16,1.7046153846153846,0.0018268393700371,0.0010717017965019,269.0,1777.12,6.606394052044609,0.1465032843538132,0.0221759833276175,14.0,114.84,8.202857142857143,0.0094672487930989,0.0011541403962328,31.0,242.24,7.814193548387097,0.0199699263988181,0.0025555965916585,20.0,141.88,7.093999999999999,0.0116963885298229,0.0016487719946184,138.0,657.4,4.763768115942029,0.054195135463107,0.011376526762867,17.0,39.84,2.343529411764706,0.0032843538132798,0.0014014561954256,0.0,0.0,0.0,5.6,6.0,0.9333333333333332,0.0,0.0,0.0004616561584931,0.0004946315983855,0.0,1.0,0.0,1.0,302.22280747169526,11941.0,0.025309673182455,0.0053333298172209,2.0673800921393672,0.0246183575807108,0.9843993193869206,236920,111633.33333333331,25692,0.4711857729754065,0.1084416680736113,47582.0,9654.0,32580.0,34876.0,2882.0,457.0,6165.0,4685.0,44700.0,9197.0,26415.0,30191.0,0.0605691227775209,0.9394308772224792,0.047337891029625,0.952662108970375,0.1892265193370165,0.8107734806629834,0.1343330657185457,0.8656669342814542
2,active,6,blue,24,18-24,60.0,590.16,9.836,14851.76,6748.24,114,130.2785964912281,0.0874539139094045,0.0088912071888373,38.0,379.84,9.99578947368421,0.0562872689767998,0.0056310978862636,30.0,216.08,7.202666666666667,0.032020200822733,0.0044456035944186,133,19553.16,147.01624060150377,2.89751994594146,0.0197088426019228,2.0,3.24,1.62,0.0004801251881972,0.0002963735729612,211.0,1214.88,5.757725118483413,0.1800291631595794,0.0312674119474114,12.0,44.8,3.733333333333333,0.0066387680343319,0.0017782414377674,10.0,87.36,8.736,0.0129455976669472,0.0014818678648062,13.0,118.52,9.116923076923076,0.0175630979336834,0.0019264282242481,98.0,435.2,4.440816326530612,0.0644908894763671,0.014522305075101,12.0,26.24,2.1866666666666665,0.0038884212772515,0.0017782414377674,0.0,0.0,0.0,9.2,8.0,1.15,0.0,0.0,0.0013633184356217,0.0011854942918449,0.0,1.0,0.0,1.0,173.9372924722928,6630.0,0.0262348857424272,0.0052542687238656,2.044773063978662,0.0247130762502722,0.9824783943665312,371408,263596.0,18248,0.7097208460776289,0.0491319519234911,31715.0,5170.0,14966.0,14814.0,1387.0,239.0,2707.0,949.0,30328.0,4931.0,12259.0,13865.0,0.0437332492511429,0.956266750748857,0.0462282398452611,0.9537717601547387,0.1808766537484966,0.8191233462515034,0.0640610233562846,0.9359389766437154
2,active,6,green,18,12-18,103.0,764.96,7.426796116504855,8969.32,12630.68,155,57.866580645161285,0.0605636434459585,0.008154747012829,43.0,332.44,7.731162790697675,0.026320039776164,0.0034044089471034,95.0,993.28,10.45557894736842,0.0786402632320666,0.0075213686040656,259,18481.84,71.35845559845559,1.463249801277524,0.0205056259837158,14.0,27.68,1.977142857142857,0.0021914892943214,0.0011084122153359,275.0,3747.52,13.627345454545454,0.2966997818011381,0.0217723828012426,46.0,357.24,7.76608695652174,0.0282835128433306,0.0036419258503896,21.0,191.2,9.104761904761904,0.0151377439694458,0.0016626183230039,36.0,350.52,9.736666666666666,0.0277514749799694,0.0028502028394354,158.0,691.04,4.373670886075949,0.0547112269489845,0.0125092235730776,20.0,53.0,2.65,0.0041961319580576,0.0015834460219085,0.8,1.0,0.8,4.2,5.0,0.8400000000000001,6.333784087634237e-05,7.917230109542796e-05,0.0003325236646007,0.0003958615054771,0.16,0.8400000000000001,0.1666666666666666,0.8333333333333334,332.0251000768738,12513.0,0.0265344122174437,0.0056775576770779,2.1278493156316354,0.025622083042495,0.99068300360709,224388,122256.0,8428,0.544841970158832,0.0375599408167994,102940.0,13600.0,33281.0,19227.0,7427.0,1226.0,5519.0,3727.0,95513.0,12374.0,27762.0,15500.0,0.0721488245579949,0.927851175442005,0.0901470588235294,0.9098529411764706,0.1658303536552387,0.8341696463447613,0.193841993030634,0.806158006969366
2,active,6,green,24,18-24,53.0,358.36,6.761509433962265,13210.64,8389.36,112,117.95214285714285,0.0427160117100708,0.0063175260091353,41.0,281.84,6.874146341463414,0.0335949345361267,0.0048871427617839,31.0,210.84,6.801290322580646,0.0251318336559642,0.0036951567223244,127,19946.36,157.05795275590552,2.37757826580335,0.0151382227011357,8.0,17.84,2.23,0.0021265030943957,0.0009535888315676,139.0,2240.84,16.12115107913669,0.2671049996662439,0.0165686059484871,55.0,472.2,8.585454545454546,0.0562855807832778,0.0065559232170272,11.0,114.52,10.41090909090909,0.0136506241238902,0.0013111846434054,22.0,208.8,9.490909090909092,0.0248886685039144,0.0026223692868109,124.0,602.92,4.862258064516129,0.0718672222910925,0.0147806268892978,12.0,28.08,2.34,0.0033470967988022,0.0014303832473514,0.0,0.0,0.0,4.2,4.0,1.05,0.0,0.0,0.0005006341365729,0.0004767944157838,0.0,1.0,0.0,1.0,216.0760096961983,8288.0,0.026070947115854,0.0044964575553452,2.1623225627775273,0.0247751886389192,0.9879180295040384,330378,253701.66666666663,2786,0.7679133194906036,0.0084327648935461,68020.0,8116.0,12389.0,9012.0,7339.0,259.0,1404.0,746.0,60681.0,7857.0,10985.0,8266.0,0.1078947368421052,0.8921052631578947,0.0319122720551996,0.9680877279448004,0.1133263378803777,0.8866736621196223,0.0827785175321793,0.9172214824678206
2,active,6,red,18,12-18,125.0,873.16,6.9852799999999995,13211.6,8388.4,210,62.91238095238096,0.1040913642649373,0.0149015306852319,147.0,844.24,5.74312925170068,0.100643746125602,0.0175242000858328,77.0,353.28,4.588051948051947,0.04211530208383,0.0091793429021029,300,18865.88,62.88626666666667,2.249043917791236,0.0357636736445567,28.0,60.4,2.157142857142857,0.007200419627104,0.0033379428734919,155.0,1219.2,7.865806451612904,0.1453435696914787,0.0184778980496876,66.0,217.04,3.288484848484849,0.025873825759382,0.0078680082018024,34.0,174.2,5.123529411764705,0.0207667731629392,0.0040532163463831,32.0,199.8,6.24375,0.0238186066472748,0.0038147918554193,121.0,533.16,4.406280991735537,0.0635592008011062,0.0144246817033045,6.0,12.68,2.1133333333333333,0.0015116112727099,0.0007152734728911,3.2,4.0,0.8,11.2,11.0,1.018181818181818,0.0003814791855419,0.0004768489819274,0.0013351771493967,0.0013113347003004,0.2222222222222222,0.7777777777777778,0.2666666666666666,0.7333333333333333,372.0094574427532,8179.0,0.0454834891114749,0.015916700525329,1.8649209887876468,0.0417423528112626,0.9750369557960994,330500,145773.66666666663,49663,0.4410700958144224,0.1502662632375189,36127.0,9416.0,30162.0,21954.0,3402.0,1020.0,4915.0,3152.0,32725.0,8396.0,25247.0,18802.0,0.0941677969385778,0.9058322030614222,0.1083262531860662,0.8916737468139337,0.1629533850540415,0.8370466149459584,0.1435729252072515,0.8564270747927485
2,active,6,red,24,18-24,61.0,384.2,6.298360655737705,17203.48,4396.52,112,153.6025,0.0873872972259878,0.0138746099187539,68.0,380.44,5.594705882352941,0.0865320753687007,0.0154667782700863,40.0,190.16,4.754,0.0432523905270532,0.0090981048647566,147,20265.36,137.8595918367347,4.609409260051131,0.0334355353779807,9.0,15.28,1.6977777777777776,0.003475476058337,0.0020470735945702,96.0,797.24,8.304583333333333,0.1813343280594652,0.021835451675416,35.0,76.4,2.182857142857143,0.0173773802916852,0.007960841756662,22.0,132.44,6.02,0.0301238252072093,0.0050039576756161,17.0,104.2,6.129411764705883,0.0237005631726911,0.0038666945675215,63.0,305.12,4.843174603174603,0.0694003439083638,0.0143295151619917,6.0,14.08,2.3466666666666667,0.0032025329123943,0.0013647157297135,3.2,3.0,1.0666666666666669,6.6,6.0,1.1,0.0007278483891805,0.0006823578648567,0.0015011873026848,0.0013647157297135,0.3265306122448979,0.6734693877551019,0.3333333333333333,0.6666666666666666,176.79055776873906,4284.0,0.0412676372009194,0.0122051533710966,1.8872967502400235,0.0377068903734042,0.9744070310154394,430199,280110.3333333333,48188,0.6511180484690418,0.1120132775761914,21972.0,5955.0,14373.0,9666.0,2370.0,319.0,1698.0,861.0,19602.0,5636.0,12675.0,8805.0,0.1078645548880393,0.8921354451119606,0.053568429890848,0.946431570109152,0.1181381757461907,0.8818618242538092,0.0890751086281812,0.9109248913718188
2,active,6,yellow,18,12-18,97.0,806.92,8.318762886597938,11411.56,10188.44,195,58.520820512820514,0.0791995634267856,0.0095205939280203,44.0,416.72,9.47090909090909,0.0409012567183985,0.0043186199261123,31.0,181.08,5.841290322580646,0.0177730840050096,0.0030426640388518,212,19195.72,90.5458490566038,1.8840686110925715,0.0208078960076321,1.0,2.08,2.08,0.0002041529419616,9.815045286618952e-05,166.0,2194.12,13.217590361445785,0.2153538716427637,0.0162929751757874,28.0,228.48,8.16,0.0224254154708669,0.0027482126802533,22.0,129.0,5.863636363636363,0.0126614084197384,0.0021593099630561,34.0,297.4,8.74705882352941,0.0291899446824047,0.0033371153974504,128.0,551.76,4.310625,0.0541554938734487,0.0125632579668722,24.0,61.08,2.545,0.0059950296610668,0.0023556108687885,17.8,18.0,0.9888888888888888,0.8,1.0,0.8,0.0017470780610181,0.0017667081515914,7.852036229295162e-05,9.815045286618952e-05,0.956989247311828,0.043010752688172,0.9473684210526316,0.0526315789473684,309.1894448739223,10029.0,0.0308295388248003,0.0066384146171405,2.0096468930468587,0.0285057486980704,0.9843508917950148,285484,135269.66666666666,34714,0.4738257368772564,0.1215970071877933,60759.0,10716.0,15020.0,20270.0,5183.0,161.0,3819.0,2075.0,55576.0,10555.0,11201.0,18195.0,0.0853042347635741,0.914695765236426,0.0150242627846211,0.9849757372153788,0.2542609853528628,0.7457390146471371,0.1023680315737543,0.8976319684262457
2,active,6,yellow,24,18-24,81.0,701.16,8.656296296296295,12383.28,9216.72,139,89.08834532374101,0.0760747858240241,0.0087883759081321,38.0,236.12,6.213684210526316,0.0256186582645453,0.004122941784062,24.0,104.6,4.358333333333333,0.0113489397529706,0.0026039632320391,168,19228.44,114.455,2.086256282061297,0.0182277426242741,,,,,,161.0,2237.08,13.894906832298137,0.2427197527970905,0.0174682533482627,22.0,155.76,7.079999999999999,0.0168997213759341,0.0023869662960359,18.0,101.64,5.6466666666666665,0.0110277842876858,0.0019529724240293,25.0,295.2,11.808,0.0320287477540817,0.0027124617000407,135.0,549.32,4.069037037037037,0.0596003784426564,0.0146472931802202,21.0,48.64,2.316190476190476,0.0052773654835993,0.0022784678280342,16.8,15.0,1.12,0.0,0.0,0.0,0.0018227742624274,0.0016274770200244,0.0,0.0,1.0,0.0,1.0,0.0,264.95802480913426,9076.0,0.0291932596748715,0.0055489290253931,2.027180829020601,0.0278752420997795,0.9847320955828104,309721,231955.3333333333,14214,0.7489170360851648,0.045892916528101,60004.0,9964.0,8580.0,17610.0,6365.0,377.0,1384.0,956.0,53639.0,9587.0,7196.0,16654.0,0.1060762615825611,0.8939237384174389,0.0378362103572862,0.9621637896427138,0.1613053613053613,0.8386946386946387,0.0542873367404883,0.9457126632595116
2,active,7,blue,18,12-18,102.0,678.56,6.652549019607843,9485.96,12114.04,229,41.42340611353711,0.0560143436871596,0.0084199821034105,93.0,966.08,10.387956989247312,0.0797487873574794,0.0076770425060508,114.0,1077.72,9.453684210526315,0.0889645403185064,0.0094105682332235,283,18176.52,64.22798586572438,1.5004507166890648,0.0233613228947568,2.0,3.92,1.96,0.0003235914690722,0.0001650976883021,30.0,152.88,5.096,0.0126200672938177,0.0024764653245325,164.0,837.84,5.108780487804879,0.0691627235835443,0.0135380104407778,21.0,187.12,8.91047619047619,0.0154465397175508,0.0017335257271727,3.0,6.2,2.066666666666667,0.0005118028337367,0.0002476465324532,155.0,706.44,4.557677419354839,0.0583158054620919,0.012795070843418,12.0,28.32,2.36,0.0023377832663587,0.000990586129813,10.2,10.0,1.02,8.8,8.0,1.1,0.000841998210341,0.0008254884415108,0.0007264298285295,0.0006603907532086,0.5368421052631579,0.4631578947368421,0.5555555555555556,0.4444444444444444,408.06337387331416,11892.0,0.0343141081292729,0.0063915776732734,2.1122393224922296,0.031686532973583,0.9816708546446932,237378,138576.0,25146,0.5837777721608574,0.1059323104921264,24962.0,4857.0,51302.0,17066.0,4519.0,222.0,5702.0,2922.0,20443.0,4635.0,45600.0,14144.0,0.1810351734636647,0.8189648265363352,0.0457072266831377,0.9542927733168622,0.1111457642976882,0.8888542357023118,0.1712176256885034,0.8287823743114966
2,active,7,blue,24,18-24,55.0,387.32,7.042181818181818,15364.56,6235.4400000000005,161,95.432049689441,0.0621159052127836,0.0088205483494348,42.0,364.8,8.685714285714287,0.058504291597706,0.0067356914668411,65.0,444.16,6.833230769230769,0.0712315409979087,0.0104242844129684,144,19957.4,138.59305555555557,3.2006402114365624,0.0230937993148839,1.0,2.44,2.44,0.0003913115995022,0.0001603736063533,11.0,32.68,2.9709090909090907,0.0052410094556278,0.0017641096698869,59.0,569.4,9.65084745762712,0.0913167314576036,0.0094620427748482,13.0,116.72,8.978461538461538,0.0187188073335642,0.0020848568825936,,,,,,72.0,284.16,3.946666666666667,0.045571763981371,0.0115468996574419,10.0,22.92,2.2920000000000003,0.003675763057619,0.0016037360635336,5.4,5.0,1.08,4.0,4.0,1.0,0.0008660174743081,0.0008018680317668,0.0006414944254134,0.0006414944254134,0.574468085106383,0.425531914893617,0.5555555555555556,0.4444444444444444,219.12368342475696,6077.0,0.0360578712234255,0.0068373201608546,2.147564044605266,0.0323885540615722,0.9745904058093734,384275,283493.0,18889,0.7377346952052567,0.0491549020883481,15122.0,2931.0,20331.0,9738.0,773.0,0.0,2964.0,1450.0,14349.0,2931.0,17367.0,8288.0,0.051117577040074,0.948882422959926,0.0,1.0,0.1457872214844326,0.8542127785155673,0.1489012117477921,0.8510987882522079
2,active,7,green,18,12-18,41.0,425.88,10.387317073170731,11332.2,10267.8,237,47.81518987341772,0.0414772395255069,0.0039930657005395,48.0,388.36,8.090833333333334,0.0378230974502814,0.0046748086250219,50.0,612.16,12.2432,0.0596193926644461,0.0048695923177311,177,19791.72,111.81762711864408,1.9275521533337232,0.0172383568047683,,,,,,38.0,332.0,8.736842105263158,0.0323340929897349,0.0037008901614756,229.0,2227.64,9.72768558951965,0.2169539726134128,0.0223027328152087,32.0,222.4,6.95,0.0216599466292682,0.0031165390833479,19.0,159.64,8.402105263157894,0.015547634352052,0.0018504450807378,110.0,463.76,4.216,0.04516644266542,0.0107131030990085,20.0,52.88,2.644,0.0051500808352324,0.0019478369270924,1.0,1.0,1.0,13.0,12.0,1.0833333333333333,9.73918463546232e-05,9.73918463546232e-05,0.0012660940026101,0.0011687021562554,0.0714285714285714,0.9285714285714286,0.0769230769230769,0.9230769230769232,231.0143961234376,10080.0,0.0229180948535156,0.0046048729008894,2.125653044945533,0.0211017786772355,0.981709811254602,283542,164636.3333333333,22680,0.5806417861668934,0.0799881499037179,64258.0,9602.0,25111.0,10688.0,8760.0,599.0,7152.0,2028.0,55498.0,9003.0,17959.0,8660.0,0.136325438077749,0.8636745619222509,0.0623828369089772,0.9376171630910228,0.2848154195372546,0.7151845804627454,0.1897455089820359,0.8102544910179641
2,active,7,green,24,18-24,32.0,441.36,13.7925,14421.52,7178.48,118,122.21627118644068,0.0614837681514749,0.0044577682183414,30.0,386.68,12.889333333333331,0.0538665567083839,0.0041791577046951,20.0,195.56,9.778,0.0272425360243394,0.0027861051364634,118,19587.84,165.99864406779662,2.7286890818111913,0.0164380203051342,,,,,,92.0,884.52,9.614347826086956,0.1232182857652316,0.0128160836277317,96.0,882.6,9.19375,0.1229508196721311,0.0133733046550244,16.0,135.56,8.4725,0.0188842206149491,0.0022288841091707,11.0,100.72,9.156363636363636,0.0140308254672298,0.0015323578250548,94.0,436.24,4.640851063829787,0.0607705252365403,0.0130946941413781,18.0,42.72,2.373333333333333,0.0059511205714858,0.002507494622817,0.0,0.0,0.0,5.4,6.0,0.9,0.0,0.0,0.0007522483868451,0.000835831540939,0.0,1.0,0.0,1.0,166.90232577721812,7078.0,0.0235804359673944,0.0043836829609335,2.1706139922716225,0.0214366549364797,0.9860026077944076,360656,278922.3333333333,10765,0.7733749981515164,0.0298483873829909,44366.0,5934.0,14606.0,11066.0,2295.0,31.0,2416.0,1272.0,42071.0,5903.0,12190.0,9794.0,0.0517288013343551,0.9482711986656448,0.0052241321199865,0.9947758678800136,0.1654114747364096,0.8345885252635903,0.1149466835351527,0.8850533164648473
2,active,7,red,18,12-18,76.0,696.12,9.159473684210528,10008.92,11591.08,107,93.54130841121496,0.0600565262253387,0.0065567660649395,46.0,286.28,6.223478260869564,0.024698302487775,0.0039685689340423,143.0,1188.4,8.31048951048951,0.102527115678608,0.01233707299061,278,18663.6,67.13525179856114,1.6101691990737703,0.0239839600796474,,,,,,50.0,589.2,11.784,0.0508321916508211,0.0043136618848286,290.0,1946.48,6.712,0.1679291317116265,0.0250192389320063,22.0,178.76,8.125454545454545,0.0154222039706394,0.0018980112293246,29.0,428.6,14.779310344827588,0.0369767096767514,0.0025019238932006,167.0,772.6,4.6263473053892215,0.0666547034443727,0.0144076306953277,25.0,61.88,2.4752,0.0053385879486639,0.0021568309424143,14.6,13.0,1.123076923076923,2.8,3.0,0.9333333333333332,0.0012595892703699,0.0011215520900554,0.0002415650655504,0.0002588197130897,0.839080459770115,0.160919540229885,0.8125,0.1875,338.8714626960426,11479.0,0.0295209916104227,0.0061994325825943,2.0846299723589765,0.0285336604608152,0.990330495518968,250330,142059.3333333333,13275,0.567488248844858,0.0530300003994727,63732.0,15235.0,37056.0,17479.0,7605.0,787.0,5270.0,2849.0,56127.0,14448.0,31786.0,14630.0,0.1193278102052344,0.8806721897947656,0.0516573679028552,0.9483426320971448,0.1422171848013816,0.8577828151986183,0.1629955947136563,0.8370044052863436
2,active,7,red,24,18-24,38.0,549.88,14.470526315789474,12726.12,8873.88,74,171.9745945945946,0.0619661298101845,0.0042822305462773,31.0,210.04,6.775483870967742,0.0236694658931606,0.003493398603542,89.0,678.12,7.619325842696629,0.0764175310010953,0.0100294347004917,169,19307.36,114.24473372781064,2.175751756841427,0.019044656903181,,,,,,76.0,661.16,8.699473684210526,0.0745063038941252,0.0085644610925547,172.0,1291.44,7.508372093023256,0.1455327320180124,0.0193827277357818,22.0,269.76,12.261818181818182,0.0303993292674681,0.0024791861057395,13.0,194.48,14.96,0.0219160051747375,0.001464973607937,144.0,849.2,5.897222222222222,0.0956965836815463,0.0162273999648406,24.0,55.92,2.33,0.0063016403196797,0.0027045666608067,9.2,9.0,1.022222222222222,0.0,0.0,0.0,0.0010367505533092,0.0010142124978025,0.0,0.0,1.0,0.0,1.0,0.0,214.78108239753792,8802.0,0.0244013954098543,0.004230349645475,2.107508997528469,0.0235062005585369,0.9918998228508838,318227,242558.66666666663,8451,0.7622190029968124,0.0265565146891998,49063.0,11641.0,22324.0,13785.0,4076.0,26.0,2210.0,690.0,44987.0,11615.0,20114.0,13095.0,0.0830768603632065,0.9169231396367936,0.0022334850957821,0.997766514904218,0.0989965955921877,0.9010034044078122,0.0500544069640914,0.9499455930359086
2,active,7,yellow,18,12-18,61.0,304.44,4.990819672131147,12527.0,9073.0,253,49.51383399209486,0.0335545023696682,0.0067232447922407,43.0,226.12,5.25860465116279,0.0249222969249421,0.0047393364928909,71.0,472.84,6.659718309859154,0.0521150666813622,0.0078254160696572,166,20207.92,121.73445783132529,2.227258900033065,0.018296043205114,3.0,6.84,2.28,0.0007538851537528,0.0003306513832249,35.0,434.2,12.405714285714286,0.0478562768654248,0.0038575994709577,152.0,1022.08,6.724210526315789,0.1126507219221867,0.0167530034167309,27.0,201.2,7.451851851851852,0.0221756861016201,0.0029758624490245,46.0,298.92,6.498260869565217,0.0329461038245343,0.0050699878761159,129.0,599.4,4.6465116279069765,0.0660641463683456,0.0142180094786729,13.0,31.0,2.3846153846153846,0.0034167309599911,0.0014328226606414,7.4,7.0,1.0571428571428572,8.6,8.0,1.075,0.0008156067452882,0.0007715198941915,0.0009478672985781,0.0008817370219332,0.4625,0.5375,0.4666666666666667,0.5333333333333333,326.55852974476693,8870.0,0.0368160687423638,0.0066275952589562,2.079508607991075,0.0345918922638908,0.9776259230684448,313428,157414.3333333333,51593,0.5022344312994796,0.1646087777735237,36594.0,12576.0,17588.0,7672.0,3411.0,936.0,4018.0,1910.0,33183.0,11640.0,13570.0,5762.0,0.0932120019675356,0.9067879980324643,0.0744274809160305,0.9255725190839694,0.2284512167386854,0.7715487832613145,0.2489572471324296,0.7510427528675704
2,active,7,yellow,24,18-24,25.0,119.6,4.784,17670.48,3929.52,232,76.16586206896551,0.0304362873837008,0.006362100205623,38.0,180.6,4.752631578947368,0.0459598118854211,0.009670392312547,32.0,179.48,5.60875,0.0456747897962092,0.0081434882631975,99,20940.32,211.51838383838384,5.328976567112522,0.0251939168142673,2.0,2.76,1.38,0.0007023758627007,0.0005089680164498,22.0,255.16,11.598181818181818,0.0649341395386713,0.0055986481809483,76.0,453.68,5.969473684210526,0.1154543048514831,0.0193407846250941,12.0,53.68,4.473333333333334,0.0136607015615138,0.003053808098699,17.0,76.0,4.470588235294118,0.0193407846250941,0.0043262281398236,39.0,145.28,3.7251282051282057,0.0369714367149168,0.009924876320772,8.0,18.0,2.25,0.0045807121480486,0.0020358720657993,0.8,1.0,0.8,6.0,5.0,1.2,0.0002035872065799,0.0002544840082249,0.0015269040493495,0.0012724200411246,0.1176470588235294,0.8823529411764706,0.1666666666666666,0.8333333333333334,158.8470926948739,3767.0,0.0421680628337865,0.0083494343162277,2.026862467879112,0.0386154218045589,0.9586412589832854,441994,316968.6666666666,16850,0.7171334150840659,0.038122689448273,17819.0,3271.0,9072.0,3015.0,4126.0,57.0,2230.0,234.0,13693.0,3214.0,6842.0,2781.0,0.2315505920646501,0.7684494079353499,0.0174258636502598,0.98257413634974,0.2458112874779541,0.7541887125220459,0.0776119402985074,0.9223880597014924
2,active,8,blue,18,12-18,9.0,72.44,8.04888888888889,12207.8,9392.2,470,25.974042553191488,0.0077127829475522,0.000958241945444,7.0,64.8,9.257142857142856,0.0068993420071974,0.0007452992909009,6.0,35.44,5.906666666666666,0.0037733438385042,0.0006388279636293,39,21348.48,547.396923076923,2.273001000830476,0.004152381763591,3.0,6.72,2.24,0.0007154873192649,0.0003194139818146,1.0,5.84,5.84,0.0006217925512659,0.0001064713272715,247.0,1539.4,6.232388663967612,0.1639019612018483,0.0262984178360767,,,,,,132.0,728.48,5.518787878787879,0.0775622324907902,0.0140542151998466,68.0,373.44,5.491764705882353,0.0397606524562935,0.0072400502544664,10.0,23.72,2.372,0.0025254998828815,0.0010647132727156,0.8,1.0,0.8,3.4,4.0,0.85,8.517706181725261e-05,0.0001064713272715,0.0003620025127233,0.0004258853090862,0.1904761904761904,0.8095238095238094,0.2,0.8,157.9158461648339,8901.0,0.0177413600904206,0.0044892323055817,2.134218166169636,0.0168713835489493,0.9477012840442068,305665,66986.0,130331,0.2191484141134902,0.4263850947933195,38879.0,18344.0,2519.0,1820.0,995.0,4948.0,131.0,306.0,37884.0,13396.0,2388.0,1514.0,0.0255922220221713,0.9744077779778286,0.2697339729611862,0.7302660270388138,0.0520047637951568,0.9479952362048432,0.1681318681318681,0.8318681318681319
2,active,8,blue,24,18-24,8.0,37.72,4.715,12273.48,9326.52,539,22.77083487940631,0.0040443809695363,0.0008577690285336,5.0,63.92,12.784,0.0068535745379841,0.0005361056428335,16.0,112.76,7.0475,0.0120902544571823,0.0017155380570673,48,21300.88,443.7683333333334,2.2839043930640797,0.0051466141712021,2.0,5.52,2.76,0.0005918606296882,0.0002144422571334,1.0,1.28,1.28,0.0001372430445653,0.0001072211285667,151.0,1187.28,7.862781456953642,0.1273015015246844,0.0161903904135733,,,,,,137.0,796.52,5.814014598540146,0.0854037733259565,0.0146892946136393,92.0,469.72,5.105652173913044,0.0503639085103554,0.0098643438281373,4.0,8.72,2.18,0.0009349682411017,0.0004288845142668,1.2,1.0,1.2,2.6,3.0,0.8666666666666667,0.00012866535428,0.0001072211285667,0.0002787749342734,0.0003216633857001,0.3157894736842105,0.6842105263157895,0.25,0.75,126.41454563310155,8795.0,0.0143734560128597,0.0025051053874061,1.9919948484511256,0.0138670610437364,0.9430098257442218,307376,85466.33333333333,90199,0.278051420193292,0.2934484149705897,29866.0,20050.0,4438.0,951.0,963.0,4837.0,872.0,389.0,28903.0,15213.0,3566.0,562.0,0.0322440233040916,0.9677559766959084,0.2412468827930174,0.7587531172069826,0.1964849031095087,0.8035150968904912,0.409043112513144,0.5909568874868559
2,active,8,green,18,12-18,71.0,518.72,7.305915492957747,592.16,21007.84,78,7.591794871794871,0.0246917341335425,0.0033796906297839,32.0,285.96,8.93625,0.0136120610210283,0.0015232408472265,22.0,139.24,6.329090909090909,0.0066280017364945,0.0010472280824682,118,20362.76,172.56576271186438,0.9692933685709716,0.0056169506241479,6.0,13.08,2.18,0.0006226246963038,0.0002856076588549,4.0,5.04,1.26,0.0002399104334381,0.0001904051059033,197.0,1246.48,6.327309644670051,0.0593340391015925,0.0093774514657385,5.0,13.2,2.6399999999999997,0.0006283368494809,0.0002380063823791,265.0,1952.8,7.369056603773584,0.0929557727020007,0.0126143382660949,173.0,803.28,4.643236994219653,0.0382371533675047,0.0082350208303185,96.0,285.72,2.9762500000000003,0.0136006367146741,0.0045697225416796,0.8,1.0,0.8,39.8,35.0,1.137142857142857,3.8081021180663984e-05,4.7601276475829976e-05,0.001894530803738,0.001666044676654,0.0197044334975369,0.9802955665024632,0.0277777777777777,0.9722222222222222,375.6810232348938,20938.0,0.0179425457653497,0.0052427089825354,2.250518983945086,0.0165914572493947,0.996675526850928,14882,2962.0,6813,0.1990323881198763,0.4578013707834968,31489.0,49420.0,10684.0,13039.0,1005.0,17633.0,298.0,708.0,30484.0,31787.0,10386.0,12331.0,0.0319159071421766,0.9680840928578234,0.3567988668555241,0.6432011331444759,0.0278921752152751,0.9721078247847248,0.0542986425339366,0.9457013574660632
2,active,8,green,24,18-24,57.0,399.16,7.00280701754386,796.0,20804.0,94,8.46808510638298,0.0191866948663718,0.0027398577196692,13.0,101.44,7.803076923076923,0.0048759853874254,0.0006248798308017,25.0,155.08,6.203200000000001,0.0074543357046721,0.001201691982311,102,20652.4,202.4745098039216,0.9927129398192656,0.0049029032878292,10.0,20.72,2.072,0.0009959623149394,0.0004806767929244,3.0,3.4,1.1333333333333333,0.0001634301095943,0.0001442030378773,134.0,1041.36,7.771343283582088,0.0500557585079792,0.0064410690251874,1.0,3.28,3.28,0.0001576619880792,4.806767929244376e-05,208.0,1998.2,9.606730769230769,0.0960488367621611,0.0099980772928283,284.0,1500.84,5.284647887323944,0.0721418957892712,0.013651220919054,69.0,191.28,2.772173913043478,0.0091943856950586,0.0033166698711786,0.0,0.0,0.0,28.8,26.0,1.1076923076923078,0.0,0.0,0.0013843491636223,0.0012497596616035,0.0,1.0,0.0,1.0,311.0285489213093,20719.0,0.0150117548588884,0.0038538067223449,2.269594271753401,0.0137560025632782,0.9959142472601424,19994,6485.333333333334,4434,0.3243639758594245,0.2217665299589876,26256.0,50246.0,6451.0,10036.0,1322.0,11580.0,603.0,626.0,24934.0,38666.0,5848.0,9410.0,0.050350396099939,0.9496496039000608,0.2304661067547665,0.7695338932452335,0.0934738800186017,0.9065261199813982,0.062375448385811,0.9376245516141888
2,active,8,red,18,12-18,134.0,1323.88,9.879701492537317,9871.12,11728.88,81,121.8656790123457,0.1128735224505664,0.0114247907728615,40.0,239.28,5.982,0.0204009248964948,0.0034103853053317,38.0,256.0,6.7368421052631575,0.0218264659541235,0.0032398660400652,236,18591.96,78.77949152542372,1.5851436795329137,0.0201212733014576,,,,,,9.0,47.32,5.257777777777778,0.0040344858162075,0.0007673366936996,173.0,1817.96,10.50843930635838,0.1549986017420248,0.01474991644556,30.0,311.76,10.392,0.026580543069756,0.0025577889789988,40.0,257.12,6.428,0.0219219567426727,0.0034103853053317,180.0,716.48,3.9804444444444447,0.0610868215891031,0.015346733873993,53.0,135.28,2.5524528301886793,0.0115339231026321,0.0045187605295646,56.2,50.0,1.124,0.0,0.0,0.0,0.0047915913539911,0.0042629816316647,0.0,0.0,1.0,0.0,1.0,0.0,384.9911356757768,11637.0,0.0330833664755329,0.0059503111581766,2.0293423585231753,0.0299079671902859,0.992166344953653,246859,58888.33333333333,95561,0.2385504815839541,0.3871076201394318,46814.0,14292.0,12460.0,33231.0,518.0,3155.0,0.0,170.0,46296.0,11137.0,12460.0,33061.0,0.0110650660058956,0.9889349339941044,0.2207528687377553,0.7792471312622447,0.0,1.0,0.00511570521501,0.99488429478499
2,active,8,red,24,18-24,70.0,490.72,7.010285714285715,14597.88,7002.120000000001,79,184.7832911392405,0.0700816324198956,0.0099969723455182,34.0,174.92,5.144705882352941,0.0249810057525435,0.0048556722821088,21.0,94.84,4.516190476190476,0.0135444693892706,0.0029990917036554,170,20059.04,117.99435294117649,2.8647095451091955,0.0242783614105442,,,,,,10.0,62.04,6.204,0.0088601737759421,0.0014281389065026,119.0,1744.36,14.658487394957982,0.2491188382946878,0.0169948529873809,18.0,193.12,10.72888888888889,0.0275802185623782,0.0025706500317046,9.0,25.6,2.844444444444445,0.0036560356006466,0.0012853250158523,100.0,384.72,3.8472,0.0549433600109681,0.014281389065026,28.0,79.36,2.834285714285714,0.0113337103620046,0.0039987889382072,32.6,31.0,1.0516129032258066,0.0,0.0,0.0,0.0046557328351984,0.004427230610158,0.0,0.0,1.0,0.0,1.0,0.0,243.9427173149581,6927.0,0.035216214423987,0.0056582358381638,2.0376453756664707,0.0305717533282411,0.9892718205343524,365026,88263.66666666666,139582,0.2418010406564646,0.3823891996734479,45289.0,5495.0,6799.0,12338.0,1086.0,1638.0,0.0,222.0,44203.0,3857.0,6799.0,12116.0,0.0239793327298019,0.976020667270198,0.2980891719745223,0.7019108280254777,0.0,1.0,0.017993191765278,0.982006808234722
2,active,8,yellow,18,12-18,45.0,648.24,14.405333333333331,5201.64,16398.36,669,7.775246636771301,0.0395307823465273,0.00274417685671,14.0,138.76,9.911428571428573,0.0084618217919352,0.0008537439109764,16.0,253.08,15.8175,0.0154332506421373,0.0009757073268302,75,20437.2,272.49600000000004,1.246295361243441,0.0045736280945167,5.0,13.2,2.6399999999999997,0.0008049585446349,0.0003049085396344,5.0,8.16,1.632,0.0004976107366834,0.0003049085396344,108.0,1122.32,10.391851851851852,0.0684409904405074,0.0065860244561041,,,,,,293.0,3216.68,10.978430034129692,0.1961586402542693,0.0178676404225788,90.0,418.04,4.6448888888888895,0.0254927931817572,0.0054883537134201,25.0,66.68,2.6672,0.004066260284565,0.0015245426981722,0.0,0.0,0.0,14.6,13.0,1.123076923076923,0.0,0.0,0.0008903329357325,0.0007927622030495,0.0,1.0,0.0,1.0,250.87867945278452,15766.0,0.0159126398232135,0.0038619407021493,2.1162532241787404,0.0155029146273696,0.9614376071753516,130710,41587.0,31013,0.3181623441205722,0.237265702700635,28375.0,80710.0,9826.0,16251.0,652.0,17634.0,421.0,1118.0,27723.0,63076.0,9405.0,15133.0,0.0229779735682819,0.977022026431718,0.2184859373064056,0.7815140626935944,0.042845511907185,0.957154488092815,0.0687957664143745,0.9312042335856257
2,active,8,yellow,24,18-24,41.0,690.84,16.849756097560977,4121.6,17478.4,486,8.480658436213993,0.0395253570120834,0.0023457524716221,19.0,234.76,12.35578947368421,0.0134314353716587,0.0010870560234346,27.0,287.8,10.65925925925926,0.0164660380812889,0.0015447638227755,81,20205.2,249.44691358024693,1.156009703405346,0.0046342914683266,3.0,9.08,3.026666666666667,0.0005194983522519,0.0001716404247528,7.0,15.68,2.24,0.0008971072867081,0.0004004943244232,80.0,1713.24,21.4155,0.0980204137678506,0.004577077993409,3.0,11.16,3.72,0.0006385023800805,0.0001716404247528,204.0,1761.08,8.632745098039216,0.1007575064079091,0.0116715488831929,175.0,776.64,4.437942857142857,0.0444342731600146,0.0100123581105822,29.0,76.28,2.630344827586207,0.0043642438667154,0.0016591907726107,0.0,0.0,0.0,2.4,3.0,0.7999999999999999,0.0,0.0,0.0001373123398022,0.0001716404247528,0.0,1.0,0.0,1.0,209.2164775868989,17005.0,0.0123032330248102,0.003160509140633,2.195950524238408,0.0119234884756435,0.972915140974002,103526,41437.33333333333,14790,0.4002601600886089,0.1428626625195603,43310.0,44513.0,13110.0,17312.0,650.0,10407.0,636.0,299.0,42660.0,34106.0,12474.0,17013.0,0.0150080812745324,0.9849919187254677,0.2337968683306,0.7662031316693999,0.0485125858123569,0.951487414187643,0.0172712569316081,0.982728743068392
2,inactive,1,blue,6,0-6,86.0,784.32,9.12,12931.64,8668.36,174,74.31977011494253,0.0904807829854782,0.0099211384852498,25.0,122.16,4.8864,0.0140926311320711,0.002884051885247,22.0,116.92,5.3145454545454545,0.0134881338569233,0.0025379656590173,234,18949.84,80.98222222222222,2.186092871085188,0.0269947256459122,,,,,,98.0,1209.2,12.338775510204082,0.1394958215856286,0.0113054833901683,31.0,222.0,7.161290322580645,0.0256103807409936,0.0035762243377063,25.0,171.48,6.8591999999999995,0.0197822886912864,0.002884051885247,12.0,81.72,6.81,0.0094273888024955,0.0013843449049185,137.0,613.48,4.477956204379562,0.070772326022454,0.0158046043311537,21.0,56.48,2.689523809523809,0.0065156500191501,0.0024226035836075,6.6,7.0,0.9428571428571428,0.0,0.0,0.0,0.0007613896977052,0.0008075345278691,0.0,0.0,1.0,0.0,1.0,0.0,290.4450006668574,8503.0,0.0341579443333949,0.0070744267925739,1.948456948889248,0.0306414612284155,0.980923727210222,323465,300385.0,862,0.928647612570139,0.002664894192571,35909.0,6367.0,6024.0,19694.0,7755.0,15.0,0.0,0.0,28154.0,6352.0,6024.0,19694.0,0.2159625720571444,0.7840374279428556,0.0023558975969844,0.9976441024030156,0.0,1.0,0.0,1.0
2,inactive,1,blue,12,6-12,14.0,96.2,6.871428571428572,19065.96,2534.040000000001,60,317.76599999999996,0.0379630945052169,0.0055247746681188,5.0,19.68,3.936,0.0077662546763271,0.0019731338100424,5.0,23.08,4.616,0.009107985667156,0.0019731338100424,49,21300.56,434.70530612244903,8.40577102176761,0.0193367113384161,,,,,,17.0,313.2,18.423529411764704,0.1235971018610597,0.0067086549541443,25.0,583.2,23.328000000000003,0.2301463276033526,0.0098656690502123,10.0,78.04,7.804,0.0307966725071427,0.0039462676200849,8.0,76.12,9.515,0.0300389891240864,0.0031570140960679,50.0,208.56,4.1712,0.0823033574844911,0.0197313381004246,12.0,32.4,2.6999999999999997,0.0127859070890751,0.0047355211441019,4.4,4.0,1.1,0.0,0.0,0.0,0.0017363577528373,0.0015785070480339,0.0,0.0,1.0,0.0,1.0,0.0,62.82521801343207,2476.0,0.0253736744803845,0.0036018222919866,2.088935709128205,0.0216044655524216,0.9770958627330268,476709,399026.6666666666,2806,0.8370445421980005,0.005886190527135,22452.0,3872.0,1079.0,2419.0,1756.0,0.0,63.0,67.0,20696.0,3872.0,1016.0,2352.0,0.0782112952075538,0.921788704792446,0.0,1.0,0.0583873957367933,0.9416126042632068,0.0276973956180239,0.972302604381976
2,inactive,1,green,6,0-6,7.0,23.32,3.3314285714285714,19773.92,1826.0800000000015,280,70.62114285714286,0.0127705248400946,0.0038333479365635,4.0,10.96,2.74,0.0060019276263909,0.0021904845351791,14.0,80.12,5.722857142857143,0.0438754052396389,0.0076666958731271,26,21488.32,826.4738461538461,11.767458161745369,0.0142381494786646,,,,,,45.0,295.08,6.557333333333333,0.1615920441601681,0.0246429510207657,5.0,9.68,1.936,0.0053009725751336,0.0027381056689739,6.0,14.32,2.3866666666666667,0.0078419346359414,0.0032857268027687,4.0,37.28,9.32,0.0204153158678699,0.0021904845351791,9.0,44.76,4.973333333333333,0.024511521948655,0.0049285902041531,,,,,,0.0,0.0,0.0,2.6,3.0,0.8666666666666667,0.0,0.0,0.0014238149478664,0.0016428634013843,0.0,1.0,0.0,1.0,79.55366171722962,1585.0,0.0501915846796401,0.0108552653068089,1.9167794556922944,0.0475775277874625,0.86797949706475,494628,406903.6666666666,5016,0.8226458402408813,0.0101409544142264,7669.0,1300.0,2295.0,590.0,1373.0,113.0,673.0,406.0,6296.0,1187.0,1622.0,184.0,0.1790324683791889,0.820967531620811,0.0869230769230769,0.9130769230769232,0.2932461873638344,0.7067538126361655,0.688135593220339,0.311864406779661
2,inactive,1,green,12,6-12,34.0,234.84,6.907058823529412,17363.2,4236.799999999999,277,62.68303249097473,0.0554286253776435,0.008024924471299,16.0,94.44,5.9025,0.0222904078549848,0.0037764350453172,41.0,168.8,4.117073170731707,0.0398413897280966,0.0096771148036253,50,21113.72,422.2744,4.9834120090634455,0.0118013595166163,,,,,,16.0,362.64,22.665,0.0855929003021148,0.0037764350453172,66.0,1108.8,16.8,0.2617069486404834,0.0155777945619335,3.0,20.0,6.666666666666667,0.0047205438066465,0.0007080815709969,6.0,88.84,14.806666666666668,0.0209686555891238,0.0014161631419939,38.0,117.72,3.0978947368421053,0.0277851208459214,0.0089690332326284,8.0,21.48,2.685,0.0050698640483383,0.0018882175226586,0.0,0.0,0.0,2.6,2.0,1.3,0.0,0.0,0.000613670694864,0.0004720543806646,0.0,1.0,0.0,1.0,161.26130141701614,3988.0,0.0404366352600341,0.0060281797573023,2.12600132931139,0.0360539654804725,0.9412764350453172,434357,380819.3333333333,0,0.876742710105589,0.0,36868.0,2730.0,6638.0,5905.0,293.0,0.0,945.0,1808.0,36575.0,2730.0,5693.0,4097.0,0.007947271346425,0.992052728653575,0.0,1.0,0.142362157276288,0.8576378427237119,0.3061812023708721,0.6938187976291279
2,inactive,1,red,6,0-6,3.0,41.36,13.786666666666669,19376.72,2223.279999999999,81,239.2187654320988,0.0186031449030261,0.001349357705732,3.0,26.32,8.773333333333333,0.0118383649382893,0.001349357705732,3.0,23.44,7.813333333333333,0.0105429815407865,0.001349357705732,19,21465.6,1129.7684210526315,9.654924256054125,0.0085459321363031,,,,,,18.0,188.84,10.491111111111111,0.0849375697168148,0.0080961462343924,28.0,1068.16,38.14857142857143,0.4804433089849235,0.0125940052534993,1.0,4.92,4.92,0.0022129466374005,0.0004497859019106,11.0,105.28,9.57090909090909,0.0473534597531575,0.0049476449210175,36.0,135.8,3.7722222222222226,0.0610809254794718,0.0161922924687848,11.0,31.24,2.84,0.0140513115756899,0.0049476449210175,0.0,0.0,0.0,1.8,2.0,0.9,0.0,0.0,0.0008096146234392,0.0008995718038213,0.0,1.0,0.0,1.0,38.417148981027765,2136.0,0.0179855566390579,0.0030082928144381,2.105590687161123,0.0152354383017432,0.9607426864812354,484499,397324.33333333326,8024,0.8200725560493072,0.0165614376913058,31471.0,2767.0,1250.0,1037.0,9023.0,15.0,0.0,0.0,22448.0,2752.0,1250.0,1037.0,0.2867083982078739,0.7132916017921261,0.0054210336104083,0.9945789663895916,0.0,1.0,0.0,1.0
2,inactive,1,red,12,6-12,12.0,176.76,14.73,18971.28,2628.720000000001,27,702.64,0.0672418515475212,0.0045649593718615,14.0,105.44,7.531428571428571,0.0401107763474238,0.0053257859338385,8.0,62.16,7.77,0.023646489546243,0.0030433062479077,43,20927.32,486.68186046511624,7.961030463495538,0.016357771082504,,,,,,17.0,214.84,12.63764705882353,0.0817279892875619,0.0064670257768039,21.0,902.04,42.95428571428571,0.3431479959828356,0.0079886789007577,4.0,11.72,2.93,0.0044584436531848,0.0015216531239538,8.0,81.56,10.195,0.0310265071974192,0.0030433062479077,51.0,197.68,3.87607843137255,0.0752000973857999,0.0194010773304117,5.0,10.92,2.184,0.004154113028394,0.0019020664049423,,,,,,,,,,,,,,,48.932566056100114,2605.0,0.0187840944553167,0.0034291594695436,2.1033769250503873,0.0175204107005797,0.9909765969749532,474309,393276.6666666666,6147,0.8291570825488587,0.0129599058841388,27960.0,2344.0,4212.0,4431.0,43.0,0.0,63.0,0.0,27917.0,2344.0,4149.0,4431.0,0.0015379113018597,0.9984620886981402,0.0,1.0,0.0149572649572649,0.9850427350427352,0.0,1.0
2,inactive,1,yellow,6,0-6,12.0,68.36,5.696666666666666,19513.24,2086.7599999999984,130,150.10184615384617,0.0327589181314574,0.0057505415093254,3.0,12.44,4.1466666666666665,0.0059613946980007,0.0014376353773313,5.0,24.28,4.856,0.0116352623205351,0.0023960589622189,18,21547.96,1197.108888888889,10.326036535107065,0.0086258122639882,,,,,,42.0,542.16,12.908571428571427,0.2598094653913245,0.0201268952826391,24.0,160.0,6.666666666666667,0.0766738867910062,0.0115010830186509,16.0,86.04,5.3775,0.0412313826218635,0.0076673886791006,4.0,32.36,8.09,0.015507293603481,0.0019168471697751,25.0,92.92,3.7168,0.0445283597538768,0.0119802948110947,1.0,2.8,2.8,0.0013417930188426,0.0004792117924437,0.0,0.0,0.0,2.2,2.0,1.1,0.0,0.0,0.0010542659433763,0.0009584235848875,0.0,1.0,0.0,1.0,68.34536524935838,1962.0,0.0348345388630776,0.0072316649471179,2.1472739973260655,0.0321165368341504,0.9402135367747136,487961,403032.33333333326,3648,0.8259519374157632,0.0074760073038623,17620.0,2980.0,926.0,1721.0,2549.0,113.0,673.0,406.0,15071.0,2867.0,253.0,1315.0,0.1446651532349602,0.8553348467650397,0.0379194630872483,0.9620805369127516,0.7267818574514039,0.2732181425485961,0.2359093550261476,0.7640906449738524
2,inactive,1,yellow,12,6-12,39.0,244.84,6.277948717948718,18196.6,3403.4000000000015,92,197.7891304347826,0.0719398248810013,0.0114591291061879,16.0,52.08,3.255,0.0153023447141094,0.0047011811717694,10.0,24.48,2.448,0.0071928071928071,0.0029382382323558,42,21395.92,509.4266666666666,6.286631016042778,0.0123406005758946,,,,,,33.0,253.28,7.675151515151515,0.0744196979491096,0.0096961861667743,92.0,1075.24,11.687391304347829,0.3159311276958334,0.027031791737674,12.0,94.44,7.87,0.0277487218663689,0.003525885878827,11.0,25.52,2.32,0.0074983839689722,0.0032320620555914,24.0,81.4,3.391666666666667,0.0239172592113768,0.0070517717576541,,,,,,0.0,0.0,0.0,1.8,2.0,0.9,0.0,0.0,0.000528882881824,0.0005876476464711,0.0,1.0,0.0,1.0,149.8282544880544,3317.0,0.0451698084076136,0.0080342950040165,2.162826419064921,0.0404862437096633,0.9746136216724448,455007,396398.0,3,0.8711909926660469,6.593305157942625e-06,33338.0,3022.0,1940.0,6160.0,2036.0,0.0,945.0,1875.0,31302.0,3022.0,995.0,4285.0,0.0610714499970004,0.9389285500029996,0.0,1.0,0.4871134020618556,0.5128865979381443,0.3043831168831168,0.6956168831168831
2,inactive,2,blue,6,0-6,6.0,98.0,16.333333333333332,17762.36,3837.6399999999994,59,301.05694915254236,0.0255365276576229,0.0015634608769973,2.0,16.8,8.4,0.0043776904555925,0.0005211536256657,3.0,45.88,15.293333333333337,0.0119552641727728,0.0007817304384986,35,20158.56,575.9588571428571,5.252853316100521,0.009120188449151,,,,,,61.0,694.36,11.382950819672132,0.1809341157586433,0.0158951855828061,33.0,150.16,4.55030303030303,0.0391282142149863,0.0085990348234852,16.0,157.36,9.835,0.041004367267383,0.0041692290053261,4.0,25.24,6.31,0.006576958755902,0.0010423072513315,24.0,96.68,4.028333333333333,0.0251925662646835,0.0062538435079892,6.0,18.4,3.0666666666666664,0.0047946133561251,0.0015634608769973,0.0,0.0,0.0,8.4,8.0,1.05,0.0,0.0,0.0021888452277962,0.002084614502663,0.0,1.0,0.0,1.0,41.99961956241887,2776.0,0.0151295459518799,0.0027211958833608,2.1498905507385753,0.0133177829067107,0.7233612324240941,444118,409765.0,3372,0.92264893564323,0.0075925767476211,21207.0,4585.0,1572.0,2456.0,2513.0,532.0,84.0,294.0,18694.0,4053.0,1488.0,2162.0,0.118498608949875,0.8815013910501249,0.116030534351145,0.8839694656488549,0.0534351145038167,0.9465648854961832,0.1197068403908794,0.8802931596091205
2,inactive,2,blue,12,6-12,8.0,50.12,6.265,19596.0,2004.0,53,369.7358490566038,0.0250099800399201,0.0039920159680638,5.0,39.56,7.912000000000001,0.0197405189620758,0.0024950099800399,5.0,69.36,13.872,0.0346107784431137,0.0024950099800399,25,21263.12,850.5247999999999,10.610339321357284,0.0124750499001996,,,,,,33.0,317.72,9.627878787878789,0.1585429141716567,0.0164670658682634,43.0,190.56,4.431627906976744,0.0950898203592814,0.0214570858283433,11.0,83.12,7.556363636363637,0.0414770459081836,0.0054890219560878,1.0,6.96,6.96,0.0034730538922155,0.0004990019960079,31.0,123.84,3.994838709677419,0.0617964071856287,0.0154690618762475,3.0,7.48,2.4933333333333336,0.0037325349301397,0.0014970059880239,0.8,1.0,0.8,4.8,4.0,1.2,0.0003992015968063,0.0004990019960079,0.0023952095808383,0.0019960079840319,0.1428571428571428,0.8571428571428572,0.2,0.8,41.5993407888497,1953.0,0.0213002256983357,0.0035938634253791,2.0946093266109425,0.0206234367298829,0.9745508982035928,489953,467854.0,1560,0.9548956736666578,0.0031839788714427,12783.0,2264.0,2733.0,1261.0,4511.0,558.0,9.0,27.0,8272.0,1706.0,2724.0,1234.0,0.352890557772041,0.647109442227959,0.2464664310954063,0.7535335689045937,0.0032930845225027,0.9967069154774972,0.021411578112609,0.9785884218873908
2,inactive,2,green,6,0-6,28.0,219.28,7.831428571428572,16609.96,4990.040000000001,133,124.88691729323308,0.0439435355227613,0.0056111774655112,6.0,22.48,3.7466666666666666,0.0045049739080247,0.0012023951711809,4.0,46.12,11.53,0.0092424108824778,0.0008015967807873,90,19521.0,216.9,3.9119926894373585,0.0180359275677148,,,,,,44.0,501.68,11.401818181818182,0.1005362682463467,0.0088175645886606,5.0,17.56,3.5119999999999996,0.0035190098676563,0.0010019959759841,11.0,95.32,8.665454545454544,0.019102051286162,0.0022043911471651,5.0,39.6,7.92,0.0079358081297945,0.0010019959759841,42.0,246.52,5.86952380952381,0.049402409599923,0.0084167661982669,6.0,17.16,2.86,0.0034388501895776,0.0012023951711809,8.4,8.0,1.05,3.8,2.0,1.9,0.0016833532396533,0.0016031935615746,0.0007615169417479,0.0004007983903936,0.6885245901639345,0.3114754098360656,0.8,0.2,167.9650894059427,3851.0,0.0436159671269651,0.0070615887915067,2.100239688625648,0.0410696859375184,0.7717373007030003,415382,400805.6666666666,167,0.964908606214681,0.0004020395683972,13030.0,3389.0,1725.0,5510.0,2318.0,861.0,327.0,665.0,10712.0,2528.0,1398.0,4845.0,0.177897160399079,0.8221028396009209,0.2540572440247861,0.745942755975214,0.1895652173913043,0.8104347826086956,0.1206896551724138,0.8793103448275862
2,inactive,2,green,12,6-12,10.0,43.92,4.392,18944.36,2655.6399999999994,93,203.70279569892477,0.0165383862270488,0.0037655706345739,9.0,53.12,5.902222222222222,0.0200027112108568,0.0033890135711165,6.0,54.2,9.033333333333331,0.0204093928393908,0.0022593423807443,31,21386.24,689.8787096774194,8.05313973279511,0.0116732689671792,,,,,,72.0,692.96,9.624444444444444,0.2609389826934374,0.0271121085689325,16.0,440.48,27.53,0.1658658553117139,0.0060249130153183,12.0,87.32,7.276666666666666,0.0328809627810998,0.0045186847614887,5.0,32.2,6.44,0.0121251374433281,0.0018827853172869,35.0,145.48,4.156571428571429,0.054781521591782,0.0131794972210088,2.0,7.0,3.5,0.0026358994442017,0.0007531141269147,4.0,3.0,1.3333333333333333,0.8,1.0,0.8,0.0015062282538295,0.0011296711903721,0.0003012456507659,0.0003765570634573,0.8333333333333334,0.1666666666666666,0.75,0.25,88.24154169318334,2569.0,0.0343485954430452,0.0046552872161408,2.136245682049031,0.0342897363432198,0.9673750960220514,473702,460166.6666666666,459,0.9714264805018062,0.0009689636100333,28424.0,3005.0,2698.0,1108.0,5056.0,105.0,132.0,57.0,23368.0,2900.0,2566.0,1051.0,0.1778778497044751,0.8221221502955249,0.0349417637271214,0.9650582362728786,0.0489251297257227,0.9510748702742772,0.0514440433212996,0.9485559566787004
2,inactive,2,red,6,0-6,7.0,81.16,11.594285714285714,19480.6,2119.4000000000015,43,453.0372093023255,0.0382938567519108,0.0033028215532697,1.0,6.84,6.84,0.003227328489195,0.0004718316504671,2.0,25.84,12.92,0.0121921298480702,0.0009436633009342,34,20256.36,595.775294117647,9.557591771256009,0.0160422761158818,,,,,,11.0,177.0,16.09090909090909,0.083514202132679,0.0051901481551382,3.0,16.6,5.533333333333334,0.007832405397754,0.0014154949514013,6.0,38.56,6.426666666666667,0.0181938284420118,0.0028309899028026,,,,,,23.0,82.28,3.577391304347826,0.038822308200434,0.0108521279607435,4.0,8.76,2.19,0.0041332452580919,0.0018873266018684,3.8,2.0,1.9,0.0,0.0,0.0,0.001792960271775,0.0009436633009342,0.0,0.0,1.0,0.0,1.0,0.0,28.98860695574899,1062.0,0.0272962400713267,0.0049791204135306,1.9575479169167245,0.0230398824532117,0.501085212796074,487058,420454.0,16150,0.8632524257891258,0.0331582686250918,4854.0,970.0,820.0,2036.0,227.0,0.0,72.0,69.0,4627.0,970.0,748.0,1967.0,0.0467655541821178,0.9532344458178822,0.0,1.0,0.0878048780487804,0.9121951219512195,0.0338899803536345,0.9661100196463654
2,inactive,2,red,12,6-12,6.0,38.68,6.446666666666666,20482.56,1117.4399999999987,26,787.7907692307692,0.034614833906071,0.0053694158075601,6.0,28.8,4.8,0.0257731958762886,0.0053694158075601,4.0,16.96,4.24,0.0151775486827033,0.0035796105383734,21,21474.32,1022.5866666666668,19.217425544100823,0.0187929553264605,,,,,,27.0,507.4,18.79259259259259,0.4540735967926694,0.0241623711340206,11.0,119.28,10.843636363636364,0.1067439862542956,0.0098439289805269,4.0,13.76,3.44,0.0123138602520045,0.0035796105383734,3.0,5.52,1.84,0.0049398625429553,0.00268470790378,21.0,109.32,5.2057142857142855,0.0978307560137458,0.0187929553264605,4.0,9.88,2.47,0.0088416380297823,0.0035796105383734,0.8,1.0,0.8,0.0,0.0,0.0,0.0007159221076746,0.0008949026345933,0.0,0.0,1.0,0.0,1.0,0.0,23.264961770279584,1093.0,0.0212854179051048,0.0037514118337757,2.046510478630504,0.0188382616836521,0.9781285796105396,512090,475608.6666666667,3232,0.9287599185039088,0.0063113905758753,15705.0,489.0,1154.0,973.0,4421.0,74.0,0.0,59.0,11284.0,415.0,1154.0,914.0,0.28150270614454,0.71849729385546,0.1513292433537832,0.8486707566462167,0.0,1.0,0.0606372045220966,0.9393627954779034
2,inactive,2,yellow,6,0-6,10.0,79.76,7.976000000000001,18532.36,3067.6399999999994,186,99.63634408602152,0.0260004433375493,0.0032598349219595,2.0,13.0,6.5,0.0042377853985474,0.0006519669843919,1.0,6.84,6.84,0.0022297270866203,0.0003259834921959,41,20341.96,496.1453658536585,6.631143158910434,0.0133653231800341,,,,,,27.0,65.72,2.434074074074074,0.0214236351071181,0.0088015542892907,4.0,12.48,3.12,0.0040682739826055,0.0013039339687838,7.0,91.56,13.08,0.0298470485454616,0.0022818844453716,1.0,1.52,1.52,0.0004954949081378,0.0003259834921959,30.0,115.4,3.8466666666666662,0.0376184949994132,0.0097795047658786,,,,,,,,,,,,,,,,,,,,59.5537026302073,1901.0,0.0313275658233599,0.0083672292732422,2.0775819682625056,0.0282430548484574,0.6196946186645109,463495,421667.3333333333,1608,0.9097559484640252,0.0034692930883828,1986.0,2335.0,499.0,2004.0,176.0,329.0,171.0,440.0,1810.0,2006.0,328.0,1564.0,0.0886203423967774,0.9113796576032226,0.140899357601713,0.859100642398287,0.342685370741483,0.657314629258517,0.2195608782435129,0.780439121756487
2,inactive,2,yellow,12,6-12,2.0,8.32,4.16,20753.88,846.119999999999,78,266.0753846153846,0.0098331205975511,0.0023637309128728,5.0,10.72,2.144,0.0126695976929986,0.0059093272821822,2.0,8.76,4.38,0.0103531413983832,0.0023637309128728,10,21590.84,2159.084,25.517467971446163,0.0118186545643644,,,,,,44.0,139.6,3.1727272727272724,0.1649884177185271,0.0520020800832033,5.0,23.76,4.752000000000001,0.0280811232449298,0.0059093272821822,6.0,72.64,12.106666666666667,0.085850706755543,0.0070911927386186,2.0,10.52,5.26,0.0124332246017113,0.0023637309128728,7.0,36.64,5.234285714285714,0.0433035503238311,0.008273058195055,,,,,,,,,,,,,,,,,,,,29.744368275396027,772.0,0.0385289744499948,0.0060711814614318,2.0588760649901436,0.0362582456631712,0.9124001323689322,518925,480143.3333333333,6236,0.9252653723241958,0.0120171508406802,4133.0,2087.0,494.0,210.0,458.0,589.0,133.0,59.0,3675.0,1498.0,361.0,151.0,0.1108153883377691,0.8891846116622308,0.2822232870148538,0.7177767129851461,0.2692307692307692,0.7307692307692307,0.2809523809523809,0.719047619047619
2,inactive,3,blue,6,0-6,46.0,535.92,11.650434782608697,13220.48,8379.52,138,95.80057971014492,0.0639559306499656,0.0054895745818376,42.0,159.08,3.787619047619048,0.0189843809669288,0.0050122202703734,35.0,123.08,3.5165714285714285,0.0146881921637516,0.0041768502253112,145,19716.64,135.9768275862069,2.352955777896586,0.0173040937905751,3.0,5.16,1.72,0.0006157870617887,0.0003580157335981,80.0,1821.84,22.773,0.2174157946994577,0.0095470862292828,29.0,373.6,12.882758620689655,0.0445848926907507,0.003460818758115,9.0,43.08,4.786666666666666,0.0051411059344688,0.0010740472007943,27.0,211.96,7.850370370370371,0.0252950049644848,0.0032221416023829,139.0,572.32,4.117410071942446,0.0682998548842893,0.0165880623233789,27.0,70.48,2.6103703703703705,0.0084109829679981,0.0032221416023829,8.0,7.0,1.1428571428571428,0.0,0.0,0.0,0.0009547086229282,0.0008353700450622,0.0,0.0,1.0,0.0,1.0,0.0,279.332089623002,8239.0,0.0339036399590972,0.0057960254823456,2.0437911001423537,0.0297529373586724,0.9832305430382646,330650,272042.0,5314,0.8227491305005292,0.0160713745652502,54995.0,6412.0,7131.0,13444.0,385.0,0.0,9.0,0.0,54610.0,6412.0,7122.0,13444.0,0.0070006364214928,0.9929993635785072,0.0,1.0,0.0012620950778291,0.9987379049221708,0.0,1.0
2,inactive,3,blue,12,6-12,21.0,367.04,17.47809523809524,18753.16,2846.84,75,250.04213333333337,0.1289289176771438,0.0073766000196709,13.0,26.88,2.0676923076923077,0.0094420480251787,0.0045664666788439,12.0,26.68,2.223333333333333,0.0093717946916581,0.0042152000112405,55,21024.56,382.26472727272727,7.385227129027273,0.0193196667181857,,,,,,55.0,933.4,16.97090909090909,0.3278723075409928,0.0193196667181857,4.0,6.84,1.71,0.0024026640064071,0.0014050666704135,7.0,59.4,8.485714285714286,0.0208652400556406,0.0024588666732236,9.0,65.56,7.2844444444444445,0.0230290427280774,0.0031614000084304,43.0,173.92,4.044651162790697,0.0610922988295794,0.0151044667069452,16.0,50.48,3.155,0.0177319413806185,0.005620266681654,4.6,5.0,0.92,0.0,0.0,0.0,0.0016158266709755,0.0017563333380168,0.0,0.0,1.0,0.0,1.0,0.0,98.9460493266424,2773.0,0.0356819507128173,0.0051852301554952,2.021117838649006,0.0307185819024761,0.9740624692641664,468904,357996.6666666666,955,0.76347539510575,0.0020366642212478,23565.0,3140.0,1364.0,9197.0,154.0,0.0,79.0,101.0,23411.0,3140.0,1285.0,9096.0,0.0065351156375981,0.993464884362402,0.0,1.0,0.0579178885630498,0.9420821114369502,0.010981841904969,0.989018158095031
2,inactive,3,green,6,0-6,22.0,130.24,5.920000000000001,17890.64,3709.3600000000006,251,71.27745019920319,0.0351111782086397,0.0059309422649729,28.0,137.44,4.908571428571428,0.0370522138589945,0.0075484719736019,11.0,45.96,4.178181818181819,0.0123902775680979,0.0029654711324864,37,21374.92,577.7005405405405,5.762428019927965,0.0099747665365453,3.0,5.44,1.8133333333333337,0.0014665602691569,0.0008087648543144,98.0,1469.72,14.997142857142858,0.3962192938943645,0.0264196519076067,12.0,50.24,4.1866666666666665,0.01354411542692,0.0032350594172579,4.0,44.08,11.02,0.0118834515927275,0.0010783531390859,12.0,81.32,6.776666666666666,0.0219229193176181,0.0032350594172579,48.0,170.88,3.56,0.0460672461017534,0.0129402376690318,2.0,5.56,2.78,0.0014989108633295,0.0005391765695429,0.0,0.0,0.0,4.0,3.0,1.3333333333333333,0.0,0.0,0.0010783531390859,0.0008087648543144,0.0,1.0,0.0,1.0,104.911166256848,3480.0,0.030146886855416,0.0035202175363151,2.1541000096691563,0.0277988009356399,0.9381672310048093,447517,360257.0,82,0.8050129939197841,0.000183233262647,38109.0,3151.0,4624.0,3278.0,720.0,618.0,304.0,1437.0,37389.0,2533.0,4320.0,1841.0,0.0188931748405888,0.9811068251594112,0.1961282132656299,0.80387178673437,0.0657439446366782,0.9342560553633218,0.4383770591824283,0.5616229408175717
2,inactive,3,green,12,6-12,80.0,922.04,11.5255,14426.12,7173.879999999999,253,57.0202371541502,0.1285273798836891,0.0111515665163063,48.0,218.4,4.55,0.0304437765895164,0.0066909399097838,52.0,249.0,4.788461538461538,0.0347092507820036,0.0072485182355991,138,19877.88,144.04260869565218,2.7708687627894535,0.0192364522406285,7.0,14.4,2.0571428571428574,0.0020072819729351,0.0009757620701768,92.0,1719.84,18.69391304347826,0.2397363769675545,0.0128243014937523,31.0,103.36,3.3341935483870966,0.0144078239390678,0.0043212320250687,10.0,74.32,7.432,0.0103598052936486,0.0013939458145382,31.0,222.04,7.16258064516129,0.0309511728660083,0.0043212320250687,81.0,314.08,3.8775308641975306,0.0437810501430188,0.0112909610977602,22.0,52.56,2.389090909090909,0.0073265792012132,0.0030666807919842,0.0,0.0,0.0,1.8,2.0,0.9,0.0,0.0,0.0002509102466168,0.0002787891629076,0.0,1.0,0.0,1.0,217.53776614388312,6969.0,0.0312150618659611,0.0062031469856658,2.0546833070739288,0.0291797197636913,0.9714408381517394,360906,293042.3333333333,41,0.8119630411612256,0.0001136029880356,45703.0,7450.0,11785.0,23131.0,215.0,946.0,552.0,1722.0,45488.0,6504.0,11233.0,21409.0,0.0047042863706977,0.9952957136293022,0.126979865771812,0.8730201342281879,0.0468392023759015,0.9531607976240984,0.0744455492628939,0.925554450737106
2,inactive,3,red,6,0-6,28.0,154.24,5.508571428571429,19344.32,2255.6800000000003,32,604.51,0.0683784934033196,0.0124131082423038,24.0,143.16,5.965,0.0634664491417222,0.0106398070648318,22.0,145.44,6.61090909090909,0.0644772308128812,0.0097531564760959,61,21034.6,344.8295081967213,9.325170236913037,0.0270428429564477,5.0,8.8,1.7600000000000002,0.0039012625904383,0.0022166264718399,47.0,487.16,10.365106382978723,0.2159703504043126,0.0208362888352957,12.0,41.16,3.4299999999999997,0.0182472691161866,0.0053199035324159,9.0,117.12,13.013333333333334,0.0519222584763796,0.0039899276493119,8.0,36.32,4.54,0.0161015746914455,0.0035466023549439,38.0,146.84,3.8642105263157895,0.0650978862249964,0.0168463611859838,1.0,2.0,2.0,0.0008866505887359,0.0004433252943679,1.0,1.0,1.0,1.0,1.0,1.0,0.0004433252943679,0.0004433252943679,0.0004433252943679,0.0004433252943679,0.5,0.5,0.5,0.5,68.88072054713578,2226.0,0.0309437199223431,0.0064531087184344,1.9680213970607177,0.0287836356952504,0.9868421052631576,483640,368670.99999999994,6508,0.7622839301960135,0.0134562898023323,13267.0,3853.0,7261.0,3884.0,57.0,0.0,0.0,0.0,13210.0,3853.0,7261.0,3884.0,0.0042963744629531,0.9957036255370468,0.0,1.0,0.0,1.0,0.0,1.0
2,inactive,3,red,12,6-12,40.0,352.76,8.818999999999999,17504.2,4095.7999999999993,47,372.4297872340426,0.0861272523072415,0.0097661018604424,47.0,256.28,5.452765957446808,0.0625714146198544,0.0114751696860198,34.0,163.32,4.803529411764706,0.0398749938961863,0.008301186581376,89,20600.2,231.4629213483146,5.029591288637142,0.0217295766394843,11.0,19.4,1.7636363636363634,0.0047365594023145,0.0026856780116216,122.0,1245.48,10.208852459016391,0.3040871136285952,0.0297866106743493,19.0,73.08,3.846315789473684,0.0178426680990282,0.0046388983837101,19.0,146.88,7.730526315789473,0.0358611260315445,0.0046388983837101,6.0,15.24,2.54,0.0037208848088285,0.0014649152790663,71.0,333.4,4.6957746478873235,0.0814004590067874,0.0173348308022852,6.0,14.92,2.486666666666667,0.003642755993945,0.0014649152790663,,,,,,,,,,,,,,,115.85512694298042,4045.0,0.0286415641391793,0.0044617720770282,1.959235860344228,0.0276306339152455,0.9875970506372383,437652,337963.99999999994,2378,0.7722208512699587,0.0054335408041092,33105.0,4078.0,10571.0,8859.0,679.0,0.0,0.0,101.0,32426.0,4078.0,10571.0,8758.0,0.0205104969037909,0.9794895030962092,0.0,1.0,0.0,1.0,0.0114008353087255,0.9885991646912744
2,inactive,3,yellow,6,0-6,15.0,113.0,7.533333333333333,19195.0,2405.0,117,164.05982905982907,0.0469854469854469,0.0062370062370062,8.0,20.68,2.585,0.0085987525987525,0.0033264033264033,2.0,8.36,4.18,0.0034760914760914,0.0008316008316008,35,21481.16,613.7474285714286,8.93187525987526,0.0145530145530145,,,,,,82.0,424.96,5.182439024390244,0.1766985446985446,0.0340956340956341,11.0,68.6,6.236363636363635,0.0285239085239085,0.0045738045738045,2.0,19.68,9.84,0.0081829521829521,0.0008316008316008,11.0,107.04,9.730909090909092,0.0445072765072765,0.0045738045738045,9.0,26.0,2.888888888888889,0.0108108108108108,0.0037422037422037,,,,,,0.0,0.0,0.0,4.0,4.0,1.0,0.0,0.0,0.0016632016632016,0.0016632016632016,0.0,1.0,0.0,1.0,90.8364131531488,2291.0,0.0396492418826489,0.0087563911898964,2.10491883949273,0.0385380440536989,0.9525987525987526,479992,378852.6666666666,124,0.7892895437146173,0.0002583376389606,12432.0,3181.0,736.0,2840.0,410.0,618.0,295.0,1437.0,12022.0,2563.0,441.0,1403.0,0.0329794079794079,0.967020592020592,0.1942785287645394,0.8057214712354606,0.4008152173913043,0.5991847826086957,0.5059859154929578,0.4940140845070422
2,inactive,3,yellow,12,6-12,28.0,179.52,6.411428571428572,18507.16,3092.84,104,177.95346153846154,0.0580437397343541,0.0090531679621318,7.0,17.96,2.565714285714286,0.0058069605928531,0.0022632919905329,2.0,15.12,7.56,0.0048887106995512,0.0006466548544379,38,21425.8,563.8368421052631,6.927548790108767,0.0122864422343218,,,,,,112.0,653.44,5.8342857142857145,0.2112750740419808,0.0362126718485275,17.0,47.64,2.8023529411764705,0.0154033186327129,0.0054965662627229,5.0,31.4,6.279999999999999,0.0101524812146764,0.0016166371360949,16.0,155.48,9.7175,0.0502709483840095,0.0051732388355039,21.0,73.92,3.52,0.0239003634200281,0.0067898759715989,4.0,10.2,2.55,0.0032979397576337,0.0012933097088759,0.0,0.0,0.0,2.8,3.0,0.9333333333333332,0.0,0.0,0.0009053167962131,0.0009699822816569,0.0,1.0,0.0,1.0,93.4030641490566,3001.0,0.0311239800563334,0.0045700599544739,2.2055854052084096,0.0295638062490689,0.9703056090842074,462783,361763.6666666666,1016,0.7817133876280387,0.0021954134010972,17656.0,4693.0,836.0,4516.0,668.0,946.0,473.0,1722.0,16988.0,3747.0,363.0,2794.0,0.0378341640235613,0.9621658359764386,0.2015768165352653,0.7984231834647347,0.5657894736842105,0.4342105263157895,0.3813108945969884,0.6186891054030115
2,inactive,4,blue,6,0-6,14.0,394.44,28.174285714285713,18347.76,3252.2400000000016,94,195.1889361702127,0.1212825621725333,0.0043047253585221,8.0,26.36,3.295,0.0081051828893316,0.0024598430620126,4.0,13.88,3.47,0.0042678277125919,0.0012299215310063,46,20971.44,455.90086956521736,6.448306398051801,0.0141440976065726,,,,,,3.0,11.6,3.8666666666666663,0.0035667724399183,0.0009224411482547,33.0,288.8,8.751515151515152,0.0888003345386563,0.0101468526308021,8.0,67.44,8.43,0.0207364770127665,0.0024598430620126,21.0,211.08,10.051428571428572,0.0649029591912035,0.0064570880377831,51.0,170.68,3.3466666666666667,0.0524807517280397,0.0156814995203305,16.0,39.44,2.465,0.0121270262957223,0.0049196861240252,16.2,14.0,1.157142857142857,0.0,0.0,0.0,0.0049811822005756,0.0043047253585221,0.0,0.0,1.0,0.0,1.0,0.0,76.28994866093127,3160.0,0.0241423888167504,0.0032479697233312,2.0816255066420934,0.0222892157881577,0.9716380094949938,458788,427462.0,2228,0.9317200972998422,0.004856273485793,7546.0,6992.0,1018.0,9875.0,175.0,322.0,13.0,1512.0,7371.0,6670.0,1005.0,8363.0,0.023191094619666,0.976808905380334,0.0460526315789473,0.9539473684210528,0.0127701375245579,0.987229862475442,0.1531139240506329,0.846886075949367
2,inactive,4,blue,12,6-12,4.0,119.08,29.77,20283.76,1316.2400000000016,29,699.4399999999999,0.0904698231325593,0.0030389594602807,1.0,5.2,5.2,0.003950647298365,0.0007597398650701,,,,,,15,21391.28,1426.0853333333332,16.251808180878847,0.0113960979760529,,,,,,8.0,214.8,26.85,0.1631921230170787,0.0060779189205615,8.0,606.12,75.765,0.460493527016349,0.0060779189205615,5.0,44.68,8.936,0.0339451771713364,0.0037986993253509,3.0,23.76,7.920000000000001,0.0180514191940679,0.0022792195952105,39.0,155.28,3.9815384615384617,0.1179724062481005,0.0296298547377377,1.0,2.12,2.12,0.0016106485139488,0.0007597398650701,0.8,1.0,0.8,0.0,0.0,0.0,0.0006077918920561,0.0007597398650701,0.0,0.0,1.0,0.0,1.0,0.0,15.392424228899914,1252.0,0.0122942685534344,0.0022731785503095,2.1450824937978057,0.0121839428972086,0.9511943110678892,507123,450335.3333333333,15131,0.8880199346772545,0.0298369429112858,20539.0,1719.0,131.0,2981.0,0.0,0.0,0.0,0.0,20539.0,1719.0,131.0,2981.0,0.0,1.0,0.0,1.0,0.0,1.0,0.0,1.0
2,inactive,4,green,6,0-6,22.0,187.88,8.54,17783.16,3816.84,153,116.22980392156865,0.0492239653744982,0.0057639303717211,9.0,37.96,4.217777777777778,0.0099453998595696,0.002357971515704,7.0,39.96,5.708571428571429,0.0104693935297261,0.0018339778455476,64,20826.04,325.406875,5.456356567212668,0.0167677974450068,,,,,,5.0,26.2,5.24,0.0068643170790496,0.0013099841753911,43.0,216.08,5.025116279069768,0.0566122761237044,0.0112658639083639,9.0,60.0,6.666666666666667,0.0157198101046939,0.002357971515704,7.0,32.04,4.577142857142857,0.0083943785959065,0.0018339778455476,60.0,241.56,4.026,0.0632879554814977,0.0157198101046939,12.0,29.88,2.49,0.0078284654321375,0.0031439620209387,1.6,2.0,0.8,9.0,8.0,1.125,0.0004191949361251,0.0005239936701564,0.002357971515704,0.0020959746806258,0.1509433962264151,0.8490566037735849,0.2,0.8,143.23149832192425,3692.0,0.0387950970536089,0.0052144770557269,2.085723076913347,0.0354319106429138,0.9672923151088334,444732,417305.6666666666,812,0.938330650069405,0.0018258186953041,6105.0,2317.0,1964.0,4719.0,836.0,237.0,181.0,1149.0,5269.0,2080.0,1783.0,3570.0,0.1369369369369369,0.863063063063063,0.1022874406560207,0.8977125593439793,0.0921588594704684,0.9078411405295316,0.2434837889383344,0.7565162110616656
2,inactive,4,green,12,6-12,16.0,51.8,3.2375,18641.84,2958.16,166,112.30024096385542,0.0175108851448197,0.0054087676122995,6.0,32.16,5.359999999999999,0.010871622900722,0.0020282878546123,13.0,58.32,4.486153846153846,0.0197149579468318,0.0043946236849933,40,21277.0,531.925,7.192646780431079,0.0135219190307488,5.0,8.08,1.616,0.0027314276442112,0.0016902398788436,4.0,32.96,8.24,0.011142061281337,0.0013521919030748,58.0,1072.12,18.484827586206897,0.3624279957811612,0.0196067825945858,2.0,37.44,18.72,0.0126565162127809,0.0006760959515374,9.0,60.0,6.666666666666667,0.0202828785461232,0.0030424317819184,33.0,120.96,3.665454545454545,0.0408902831489845,0.0111555832003677,7.0,17.16,2.4514285714285715,0.0058009032641912,0.002366335830381,0.0,0.0,0.0,0.8,1.0,0.8,0.0,0.0,0.0002704383806149,0.0003380479757687,0.0,1.0,0.0,1.0,89.99666410619491,2785.0,0.0323147806485439,0.0051347197084249,2.1476618155873024,0.029466940992408,0.9414636125158884,466212,436820.3333333333,45,0.9369564346978057,9.652261203057837e-05,27689.0,2447.0,2281.0,1311.0,512.0,496.0,813.0,651.0,27177.0,1951.0,1468.0,660.0,0.0184910975477626,0.9815089024522372,0.2026971802206783,0.7973028197793216,0.3564226216571679,0.6435773783428321,0.4965675057208238,0.5034324942791762
2,inactive,4,red,6,0-6,22.0,147.92,6.723636363636363,19882.12,1717.880000000001,41,484.9297560975609,0.0861061308123966,0.01280648240855,8.0,35.28,4.41,0.0205369408806202,0.0046569026940182,4.0,10.96,2.74,0.0063799566908049,0.0023284513470091,44,21133.04,480.2963636363637,12.301813863599314,0.0256129648171001,,,,,,1.0,1.72,1.72,0.0010012340792139,0.0005821128367522,19.0,500.04,26.317894736842103,0.2910797028896079,0.0110601438982932,4.0,55.2,13.8,0.0321326285887256,0.0023284513470091,6.0,13.4,2.2333333333333334,0.0078003120124804,0.0034926770205136,31.0,120.68,3.892903225806452,0.0702493771392646,0.0180454979393205,6.0,16.24,2.7066666666666666,0.0094535124688569,0.0034926770205136,0.0,0.0,0.0,7.2,6.0,1.2,0.0,0.0,0.0041912124246163,0.0034926770205136,0.0,1.0,0.0,1.0,55.991637831128514,1671.0,0.0335078622568094,0.0060310053053216,2.033750102428061,0.0285136340580948,0.9727105502130527,497094,440329.3333333333,9898,0.8858069768159208,0.0199117269570745,12564.0,1725.0,1168.0,3720.0,561.0,0.0,65.0,256.0,12003.0,1725.0,1103.0,3464.0,0.0446513849092645,0.9553486150907354,0.0,1.0,0.0556506849315068,0.9443493150684932,0.0688172043010752,0.9311827956989248
2,inactive,4,red,12,6-12,15.0,100.8,6.72,19271.52,2328.4799999999996,25,770.8608,0.0432900432900432,0.006441970727685,6.0,33.8,5.633333333333333,0.0145159073730502,0.002576788291074,4.0,12.36,3.09,0.0053081838796124,0.001717858860716,40,21151.76,528.794,9.083934583934584,0.01717858860716,1.0,3.76,3.76,0.001614787329073,0.000429464715179,2.0,7.0,3.5,0.003006253006253,0.000858929430358,27.0,1107.44,41.0162962962963,0.4756064041778328,0.011595547309833,3.0,50.68,16.893333333333334,0.0217652717652717,0.001288394145537,3.0,45.92,15.306666666666668,0.0197210197210197,0.001288394145537,43.0,176.32,4.10046511627907,0.0757232185803614,0.018466982752697,9.0,21.88,2.431111111111111,0.0093966879681165,0.003865182436611,,,,,,,,,,,,,,,49.35975038570682,2267.0,0.0217731585292045,0.0036576277295186,2.169783046336612,0.0188301091395371,0.9735965093107952,481813,447530.0,43,0.9288458385307162,8.924624283695126e-05,27890.0,2421.0,1164.0,2535.0,465.0,0.0,74.0,361.0,27425.0,2421.0,1090.0,2174.0,0.0166726425242022,0.9833273574757978,0.0,1.0,0.063573883161512,0.936426116838488,0.1424063116370808,0.8575936883629192
2,inactive,4,yellow,6,0-6,4.0,28.28,7.07,20002.28,1597.7200000000012,91,219.8052747252747,0.0177002228175149,0.0025035675838069,5.0,26.28,5.256,0.0164484390256114,0.0031294594797586,2.0,6.0,3.0,0.0037553513757103,0.0012517837919034,16,21548.32,1346.77,13.4869188593746,0.0100142703352276,,,,,,6.0,36.4,6.066666666666666,0.022782465012643,0.0037553513757103,39.0,225.52,5.782564102564103,0.1411511403750343,0.0244097839421175,15.0,134.88,8.991999999999999,0.0844202989259694,0.0093883784392759,5.0,17.2,3.44,0.0107653406103697,0.0031294594797586,24.0,82.6,3.4416666666666664,0.0516986706056129,0.0150214055028415,,,,,,0.0,0.0,0.0,1.6,2.0,0.8,0.0,0.0,0.0010014270335227,0.0012517837919034,0.0,1.0,0.0,1.0,63.07885273262271,1513.0,0.0416912443705371,0.0047333159350306,2.1793571688042803,0.0372941502729736,0.9469744385749688,500148,447049.6666666666,4182,0.8938347582448928,0.0083615249886033,6593.0,3822.0,814.0,711.0,316.0,559.0,129.0,175.0,6277.0,3263.0,685.0,536.0,0.0479296223267101,0.9520703776732898,0.1462585034013605,0.8537414965986394,0.1584766584766584,0.8415233415233415,0.2461322081575246,0.7538677918424754
2,inactive,4,yellow,12,6-12,16.0,132.6,8.2875,19907.0,1693.0,58,343.2241379310345,0.0783225044300059,0.0094506792675723,10.0,46.28,4.628,0.027336089781453,0.0059066745422327,9.0,47.44,5.271111111111111,0.028021264028352,0.0053160070880094,32,21432.0,669.75,12.659184878913171,0.0189013585351447,2.0,3.84,1.92,0.0022681630242173,0.0011813349084465,3.0,34.24,11.413333333333334,0.0202244536326048,0.0017720023626698,70.0,241.56,3.450857142857143,0.1426816302421736,0.041346721795629,3.0,53.28,17.76,0.0314707619610159,0.0017720023626698,15.0,73.52,4.901333333333333,0.0434258712344949,0.008860011813349,14.0,74.32,5.308571428571428,0.0438984051978735,0.0082693443591258,1.0,1.96,1.96,0.0011577082102776,0.0005906674542232,,,,,,,,,,,,,,,63.15906296835558,1597.0,0.0395485679200723,0.0096599478709373,2.205608558277696,0.0362686361376299,0.943295924394566,497733,460479.6666666666,0,0.925153981485388,0.0,6968.0,3188.0,2362.0,3331.0,825.0,496.0,887.0,913.0,6143.0,2692.0,1475.0,2418.0,0.118398392652124,0.881601607347876,0.1555834378920953,0.8444165621079046,0.3755292125317527,0.6244707874682472,0.2740918643050135,0.7259081356949865
2,inactive,5,blue,6,0-6,2.0,100.2,50.1,20293.96,1306.0400000000009,61,332.687868852459,0.0767204679795411,0.0015313466662583,,,,,,,,,,,12,20681.2,1723.4333333333334,15.835043337110646,0.0091880799975498,,,,,,1.0,2.76,2.76,0.0021132583994364,0.0007656733331291,1.0,2.96,2.96,0.0022663930660622,0.0007656733331291,2.0,10.76,5.38,0.0082386450644696,0.0015313466662583,,,,,,7.0,26.16,3.737142857142857,0.0200300143946586,0.005359713331904,3.0,7.72,2.5733333333333333,0.005910998131757,0.0022970199993874,0.8,1.0,0.8,0.0,0.0,0.0,0.0006125386665033,0.0007656733331291,0.0,0.0,1.0,0.0,1.0,0.0,17.388310402554893,447.0,0.0389000232719348,0.0065260771311774,1.9813826507187604,0.0323865154867044,0.3422559799087315,507410,423032.0,7730,0.8337084409057764,0.0152342287302181,145.0,271.0,0.0,2507.0,0.0,0.0,0.0,0.0,145.0,271.0,0.0,2507.0,0.0,1.0,0.0,1.0,0.0,0.0,0.0,1.0
2,inactive,5,blue,12,6-12,1.0,1.4,1.4,19867.28,1732.7200000000012,34,584.3317647058823,0.0008079782076734,0.0005771272911953,3.0,19.2,6.3999999999999995,0.0110808439909506,0.001731381873586,1.0,3.68,3.68,0.0021238284315988,0.0005771272911953,21,21436.32,1020.7771428571428,12.371485294796612,0.0121196731151022,,,,,,15.0,228.32,15.221333333333332,0.1317697031257213,0.0086569093679301,28.0,940.52,33.589999999999996,0.5427997599150465,0.0161595641534696,5.0,57.04,11.408,0.0329193406897825,0.0028856364559767,1.0,25.04,25.04,0.0144512673715314,0.0005771272911953,42.0,171.2,4.076190476190476,0.0988041922526431,0.0242393462302045,1.0,2.16,2.16,0.0012465949489819,0.0005771272911953,,,,,,,,,,,,,,,18.52731653627488,1606.0,0.0115363116664227,0.0023709858844423,2.220890370159354,0.010717192147756,0.9268664296597252,496716,455294.6666666666,679,0.9166096253526494,0.0013669783135634,29264.0,2058.0,576.0,36.0,0.0,0.0,52.0,0.0,29264.0,2058.0,524.0,36.0,0.0,1.0,0.0,1.0,0.0902777777777777,0.9097222222222222,0.0,1.0
2,inactive,5,green,6,0-6,24.0,81.32,3.388333333333333,16234.92,5365.08,340,47.74976470588235,0.0151572763127483,0.0044733722516719,17.0,71.4,4.2,0.0133082824487239,0.0031686386782676,21.0,150.0,7.142857142857143,0.0279585765729495,0.0039142007202129,42,20603.76,490.56571428571425,3.840345344337829,0.0078284014404258,3.0,4.52,1.5066666666666666,0.0008424851073982,0.0005591715314589,1.0,2.08,2.08,0.0003876922618115,0.0001863905104863,139.0,1115.44,8.024748201438848,0.2079074310168721,0.0259082809575998,3.0,40.32,13.44,0.0075152653828088,0.0005591715314589,9.0,68.36,7.595555555555555,0.0127416552968455,0.0016775145943769,34.0,116.08,3.4141176470588235,0.0216362104572532,0.0063372773565352,,,,,,,,,,,,,,,,,,,,173.404091501723,4258.0,0.0407243051906348,0.0055994738244402,2.2317679093381173,0.0381503235355301,0.7936507936507936,406213,384908.3333333333,482,0.947552966875342,0.0011865696075704,28078.0,2729.0,5573.0,2057.0,739.0,895.0,3426.0,1057.0,27339.0,1834.0,2147.0,1000.0,0.026319538428663,0.973680461571337,0.3279589593257603,0.6720410406742396,0.614749685986004,0.385250314013996,0.5138551288283909,0.4861448711716091
2,inactive,5,green,12,6-12,4.0,9.84,2.46,18957.28,2642.720000000001,154,123.09922077922076,0.0037234364594054,0.0015135920566688,4.0,14.96,3.74,0.0056608342919416,0.0015135920566688,3.0,7.72,2.5733333333333333,0.0029212326693709,0.0011351940425016,16,21460.6,1341.2875,8.120648422837073,0.0060543682266755,2.0,8.12,4.06,0.0030725918750378,0.0007567960283344,3.0,8.08,2.693333333333334,0.0030574559544711,0.0011351940425016,143.0,1421.12,9.937902097902096,0.5377489858933218,0.0541109160259126,4.0,49.36,12.34,0.018677725979294,0.0015135920566688,5.0,68.24,13.648,0.0258218804867711,0.0018919900708361,28.0,92.76,3.312857142857143,0.0351001997941514,0.0105951443966822,1.0,3.16,3.16,0.0011957377247684,0.0003783980141672,,,,,,,,,,,,,,,47.013566368847485,2429.0,0.0193551117203983,0.0026665087212633,2.262672996010438,0.0164167621296288,0.9191287764121808,474086,448369.0,13,0.9457545677366552,2.742118518581017e-05,35876.0,2949.0,574.0,250.0,901.0,549.0,357.0,120.0,34975.0,2400.0,217.0,130.0,0.02511428252871,0.97488571747129,0.1861648016276704,0.8138351983723296,0.6219512195121951,0.3780487804878049,0.48,0.52
2,inactive,5,red,6,0-6,1.0,9.48,9.48,19868.2,1731.7999999999993,73,272.16712328767125,0.0054740732186164,0.0005774338838203,3.0,8.08,2.693333333333334,0.004665665781268,0.0017323016514609,,,,,,46,20487.4,445.3782608695652,11.830118951380072,0.0265619586557339,,,,,,,,,,,14.0,69.24,4.945714285714286,0.0399815221157177,0.0080840743734842,4.0,39.44,9.86,0.0227739923778727,0.0023097355352812,,,,,,18.0,62.32,3.462222222222222,0.0359856796396812,0.0103938099087654,4.0,11.52,2.88,0.0066520383416098,0.0023097355352812,0.8,1.0,0.8,0.0,0.0,0.0,0.0004619471070562,0.0005774338838203,0.0,0.0,1.0,0.0,1.0,0.0,22.4729772774789,844.0,0.0266267503287664,0.0050745005713529,1.9947000298936648,0.0236303072593431,0.4873541979443356,496778,420040.6666666666,3250,0.8455299281905935,0.0065421576639867,1745.0,990.0,205.0,238.0,0.0,0.0,11.0,0.0,1745.0,990.0,194.0,238.0,0.0,1.0,0.0,1.0,0.0536585365853658,0.946341463414634,0.0,1.0
2,inactive,5,red,12,6-12,2.0,108.32,54.16,20653.04,946.9599999999992,33,625.849696969697,0.1143870913238152,0.0021120216271014,7.0,58.92,8.417142857142858,0.0622201571344091,0.0073920756948551,,,,,,23,21310.56,926.5460869565218,22.50418180282168,0.0242882487116668,,,,,,5.0,13.0,2.6,0.0137281405761595,0.0052800540677536,27.0,128.84,4.771851851851852,0.1360564332178762,0.0285122919658697,1.0,9.32,9.32,0.0098420207822928,0.0010560108135507,,,,,,21.0,110.44,5.259047619047619,0.1166258342485428,0.0221762270845653,1.0,2.76,2.76,0.0029145898454,0.0010560108135507,,,,,,,,,,,,,,,14.795081914891965,820.0,0.0180427828230389,0.0025945672882897,2.1716122962424564,0.0168407605499259,0.8659288671115999,516359,468715.33333333326,228,0.9077315072136504,0.0004415532604254,3578.0,234.0,1480.0,2710.0,0.0,0.0,52.0,0.0,3578.0,234.0,1428.0,2710.0,0.0,1.0,0.0,1.0,0.0351351351351351,0.9648648648648648,0.0,1.0
2,inactive,5,yellow,6,0-6,24.0,203.76,8.49,15309.12,6290.879999999999,219,69.90465753424658,0.0323897451548908,0.0038150465435678,22.0,150.24,6.829090909090909,0.0238821913627346,0.0034971259982705,26.0,157.12,6.0430769230769235,0.0249758380385574,0.0041329670888651,88,20211.64,229.67772727272725,3.2128478050765557,0.013988503993082,1.0,1.08,1.08,0.0001716770944605,0.0001589602726486,1.0,2.2,2.2,0.000349712599827,0.0001589602726486,124.0,459.88,3.708709677419354,0.0731026501856656,0.0197110738084337,3.0,36.32,12.106666666666667,0.0057734371025993,0.0004768808179459,6.0,63.68,10.613333333333332,0.0101225901622666,0.0009537616358919,39.0,163.8,4.2,0.0260376926598504,0.0061994506332977,1.0,2.04,2.04,0.0003242789562032,0.0001589602726486,0.0,0.0,0.0,1.6,2.0,0.8,0.0,0.0,0.0002543364362378,0.0003179205452973,0.0,1.0,0.0,1.0,178.20503715684407,5271.0,0.0338085822722147,0.0063733335566856,2.2181845090734216,0.0311654417531091,0.8378795971310851,382947,370755.0,417,0.9681626961433304,0.0010889235324992,11677.0,2509.0,7732.0,5118.0,739.0,895.0,3417.0,1057.0,10938.0,1614.0,4315.0,4061.0,0.063286803117239,0.936713196882761,0.3567158230370665,0.6432841769629334,0.4419296430419038,0.5580703569580963,0.2065259867135599,0.79347401328644
2,inactive,5,yellow,12,6-12,5.0,130.36,26.072000000000003,19611.04,1988.9599999999991,142,138.10591549295776,0.0655417906845789,0.0025138765988255,3.0,14.8,4.933333333333334,0.0074410747325235,0.0015083259592953,4.0,15.84,3.96,0.0079639610650792,0.0020111012790604,19,21342.64,1123.296842105263,10.73055265063149,0.0095527310755369,,,,,,3.0,8.24,2.7466666666666666,0.0041428686348644,0.0015083259592953,134.0,617.04,4.604776119402985,0.3102324833078595,0.0673718928485238,6.0,41.08,6.846666666666667,0.0206540101359504,0.0030166519185906,5.0,35.24,7.048,0.0177178022685222,0.0025138765988255,23.0,81.92,3.5617391304347827,0.0411873541951572,0.0115638323545973,,,,,,,,,,,,,,,,,,,,45.00214023670937,1770.0,0.0254249379868414,0.0040247914301353,2.2739597286959268,0.0260288318001665,0.8899123159842334,490418,459293.6666666666,19,0.9365350918332253,3.874246051327643e-05,15769.0,1919.0,773.0,3264.0,901.0,549.0,357.0,120.0,14868.0,1370.0,416.0,3144.0,0.0571374215232418,0.9428625784767584,0.2860865033871808,0.7139134966128192,0.4618369987063389,0.538163001293661,0.0367647058823529,0.9632352941176472
2,inactive,6,blue,6,0-6,5.0,89.68,17.936,20042.84,1557.16,78,256.95948717948716,0.0575920265097998,0.0032109738241413,1.0,3.48,3.48,0.0022348377816024,0.0006421947648282,1.0,4.36,4.36,0.0027999691746512,0.0006421947648282,28,21262.0,759.3571428571429,13.654345089778827,0.0179814534151917,,,,,,30.0,376.96,12.565333333333331,0.2420817385496673,0.0192658429448483,1.0,1.04,1.04,0.0006678825554214,0.0006421947648282,2.0,2.52,1.26,0.0016183308073672,0.0012843895296565,1.0,11.08,11.08,0.0071155179942973,0.0006421947648282,13.0,41.52,3.1938461538461542,0.02666392663567,0.0083485319427676,2.0,4.24,2.12,0.0027229058028718,0.0012843895296565,,,,,,,,,,,,,,,25.658483796353178,1407.0,0.018236306891509,0.0031879598293979,2.024468896604639,0.0163125496719225,0.9035680341133858,501149,464008.0,624,0.925888308666684,0.0012451386713332,9481.0,343.0,198.0,2247.0,22.0,0.0,0.0,0.0,9459.0,343.0,198.0,2247.0,0.0023204303343529,0.9976795696656472,0.0,1.0,0.0,1.0,0.0,1.0
2,inactive,6,blue,12,6-12,,,,20657.96,942.0400000000008,31,666.3858064516129,,,1.0,3.64,3.64,0.0038639548214513,0.0010615260498492,1.0,2.08,2.08,0.0022079741836864,0.0010615260498492,12,21583.16,1798.5966666666666,22.91108657806461,0.0127383125981911,,,,,,53.0,449.0,8.471698113207546,0.4766251963823188,0.0562608806420109,,,,,,4.0,33.28,8.32,0.0353275869389834,0.004246104199397,,,,,,17.0,56.84,3.343529411764706,0.060337140673432,0.0180459428474374,,,,,,,,,,,,,,,,,,,,10.24549035851078,913.0,0.0112217857157839,0.002875150290909,2.0040725500151644,0.0095996166293223,0.9691732835123766,516480,495357.3333333333,792,0.959102643535729,0.0015334572490706,11278.0,836.0,145.0,0.0,0.0,0.0,0.0,0.0,11278.0,836.0,145.0,0.0,0.0,1.0,0.0,1.0,0.0,1.0,0.0,0.0
2,inactive,6,green,6,0-6,2.0,3.04,1.52,20583.08,1016.9199999999984,122,168.7137704918033,0.0029894190300121,0.0019667230460606,1.0,4.56,4.56,0.0044841285450182,0.0009833615230303,1.0,7.0,7.0,0.0068835306612122,0.0009833615230303,20,21468.68,1073.434,21.11147386225075,0.0196672304606065,,,,,,29.0,355.0,12.241379310344827,0.3490933406757666,0.0285174841678795,1.0,1.64,1.64,0.0016127128977697,0.0009833615230303,1.0,1.6,1.6,0.0015733784368485,0.0009833615230303,2.0,36.08,18.04,0.0354796837509342,0.0019667230460606,5.0,13.52,2.7039999999999997,0.01329504779137,0.0049168076151516,2.0,4.44,2.22,0.0043661251622546,0.0019667230460606,,,,,,,,,,,,,,,18.289158340325983,847.0,0.0215928669897591,0.0031351215606986,2.081552973573794,0.0181819931325139,0.8329072100066882,514699,472041.0,919,0.9171204917825758,0.0017855095890996,8946.0,945.0,291.0,78.0,137.0,26.0,0.0,46.0,8809.0,919.0,291.0,32.0,0.0153141068634026,0.9846858931365974,0.0275132275132275,0.9724867724867724,0.0,1.0,0.5897435897435898,0.4102564102564102
2,inactive,6,green,12,6-12,,,,20682.56,917.4399999999988,89,232.38831460674157,,,2.0,5.96,2.98,0.0064963376351587,0.0021799790722009,1.0,2.16,2.16,0.0023543773979769,0.0010899895361004,10,21589.4,2158.94,23.53222009068716,0.0108998953610045,,,,,,32.0,549.48,17.17125,0.598927450296478,0.0348796651552145,1.0,1.68,1.68,0.0018311824206487,0.0010899895361004,,,,,,3.0,20.44,6.8133333333333335,0.0222793861178932,0.0032699686083013,11.0,46.36,4.214545454545455,0.050531914893617,0.011989884897105,2.0,5.68,2.84,0.0061911405650505,0.0021799790722009,,,,,,,,,,,,,,,18.782671933407535,848.0,0.0221493772799617,0.0023461408884846,2.21577720387065,0.0170991975545401,0.9243111266131856,517153,497038.6666666666,18,0.96110564313978,3.4805947176174166e-05,13812.0,514.0,206.0,0.0,0.0,67.0,0.0,0.0,13812.0,447.0,206.0,0.0,0.0,1.0,0.1303501945525292,0.8696498054474708,0.0,1.0,0.0,0.0
2,inactive,6,red,6,0-6,20.0,335.64,16.782,17917.72,3682.279999999999,58,308.9262068965517,0.0911500483396157,0.0054314174913368,7.0,35.16,5.022857142857142,0.0095484319497702,0.0019009961219679,7.0,28.44,4.062857142857143,0.007723475672681,0.0019009961219679,72,20237.16,281.07166666666666,5.495823239949163,0.0195531029688128,1.0,2.32,2.32,0.000630044428995,0.0002715708745668,49.0,552.44,11.274285714285716,0.1500266139457076,0.0133069728537753,2.0,15.68,7.84,0.0042582313132081,0.0005431417491336,9.0,138.32,15.368888888888888,0.0375636833700859,0.0024441378711016,2.0,4.8,2.4,0.0013035401979208,0.0005431417491336,70.0,358.32,5.118857142857142,0.0973092757747917,0.0190099612196791,8.0,24.12,3.015,0.0065502894945522,0.0021725669965347,,,,,,,,,,,,,,,82.27855688999472,3553.0,0.0231574885702208,0.0036902663007895,2.1017672580769493,0.0199280910323324,0.9648913173359986,448001,428490.6666666666,1338,0.956450246018796,0.0029866004763382,14254.0,3589.0,1604.0,8411.0,0.0,0.0,0.0,46.0,14254.0,3589.0,1604.0,8365.0,0.0,1.0,0.0,1.0,0.0,1.0,0.0054690286529544,0.9945309713470456
2,inactive,6,red,12,6-12,2.0,19.72,9.86,20368.64,1231.3600000000006,26,783.4092307692307,0.0160148128898128,0.0016242203742203,3.0,10.56,3.52,0.0085758835758835,0.0024363305613305,4.0,14.2,3.55,0.0115319646569646,0.0032484407484407,18,21529.68,1196.0933333333332,17.484472453222445,0.0146179833679833,,,,,,27.0,440.8,16.325925925925926,0.3579781704781703,0.021926975051975,2.0,2.72,1.36,0.0022089397089397,0.0016242203742203,6.0,43.8,7.3,0.0355704261954261,0.0048726611226611,3.0,4.8,1.6,0.0038981288981288,0.0024363305613305,29.0,103.88,3.5820689655172413,0.0843620062370062,0.0235511954261954,,,,,,,,,,,,,,,,,,,,24.04404358417112,1206.0,0.0199370178973226,0.003021150573234,2.052887670525395,0.0198279646780695,0.9794048856548851,509242,490439.6666666666,38,0.96307780321864,7.462071078190722e-05,11117.0,1224.0,626.0,495.0,0.0,0.0,0.0,0.0,11117.0,1224.0,626.0,495.0,0.0,1.0,0.0,1.0,0.0,1.0,0.0,1.0
2,inactive,6,yellow,6,0-6,,,,20828.2,771.7999999999993,159,130.99496855345913,,,,,,,,,,,,,9,21524.24,2391.5822222222223,27.888364861363076,0.0116610520860326,,,,,,27.0,219.56,8.131851851851852,0.2844778440010368,0.0349831562580979,,,,,,2.0,2.24,1.12,0.0029023062969681,0.0025913449080072,1.0,12.8,12.8,0.0165846074112464,0.0012956724540036,2.0,9.08,4.54,0.0117647058823529,0.0025913449080072,1.0,2.48,2.48,0.003213267685929,0.0012956724540036,,,,,,,,,,,,,,,10.82001520064868,577.0,0.0187521927220947,0.0034933067786829,2.0352565691528888,0.0158007398390575,0.747603005960094,520864,475801.0,2004,0.9134841340541868,0.0038474534619401,5516.0,379.0,0.0,0.0,159.0,26.0,0.0,0.0,5357.0,353.0,0.0,0.0,0.0288252356780275,0.9711747643219724,0.0686015831134564,0.9313984168865436,0.0,0.0,0.0,0.0
2,inactive,6,yellow,12,6-12,,,,21064.52,535.4799999999996,79,266.63949367088605,,,,,,,,1.0,3.96,3.96,0.0073952341824157,0.0018674833793979,10,21588.96,2158.8959999999997,40.317023978486624,0.0186748337939792,,,,,,14.0,92.32,6.594285714285713,0.1724060655860164,0.0261447673115709,,,,,,3.0,28.76,9.586666666666668,0.0537088219914843,0.0056024501381937,2.0,24.84,12.42,0.0463882871442444,0.0037349667587958,8.0,26.32,3.29,0.0491521625457533,0.0149398670351833,,,,,,,,,,,,,,,,,,,,12.47616743518758,465.0,0.0268304676025539,0.0050344998277318,1.9901677063405951,0.0269263914698987,0.8683797714200351,526692,502753.0,0,0.9545483888116774,0.0,2322.0,1345.0,100.0,0.0,0.0,67.0,0.0,0.0,2322.0,1278.0,100.0,0.0,0.0,1.0,0.049814126394052,0.950185873605948,0.0,1.0,0.0,0.0
2,inactive,7,blue,6,0-6,15.0,165.44,11.029333333333334,18559.48,3040.5200000000004,136,136.46676470588235,0.0544117453593464,0.0049333666609658,2.0,21.32,10.66,0.0070119584807861,0.0006577822214621,3.0,14.6,4.866666666666666,0.0048018102166734,0.0009866733321931,42,20295.4,483.2238095238096,6.674976648731137,0.0138134266507044,,,,,,3.0,10.84,3.6133333333333337,0.0035651796403246,0.0009866733321931,48.0,147.48,3.0725,0.0485048610106165,0.0157867733150908,7.0,16.0,2.2857142857142856,0.0052622577716969,0.0023022377751174,,,,,,39.0,131.0,3.358974358974359,0.0430847355057687,0.0128267533185113,2.0,4.64,2.32,0.0015260547537921,0.0006577822214621,1.2,1.0,1.2,3.4,3.0,1.1333333333333333,0.0003946693328772,0.000328891110731,0.0011182297764856,0.0009866733321931,0.2608695652173913,0.7391304347826088,0.25,0.75,65.97372103118902,1991.0,0.0331359723913556,0.0046120877808051,2.1232325292103376,0.0299969314113318,0.6548222014655387,464123,379433.33333333326,29672,0.8175275375995873,0.0639313285486821,4009.0,407.0,903.0,4151.0,75.0,126.0,0.0,467.0,3934.0,281.0,903.0,3684.0,0.0187079072087802,0.9812920927912198,0.3095823095823096,0.6904176904176904,0.0,1.0,0.1125030113225728,0.8874969886774271
2,inactive,7,blue,12,6-12,,,,17220.16,4379.84,16,1076.26,,,1.0,2.84,2.84,0.0006484255132607,0.0002283188426974,,,,,,8,18029.36,2253.67,4.116442609775699,0.0018265507415796,,,,,,2.0,3.92,1.96,0.000895009863374,0.0004566376853949,67.0,402.76,6.0113432835820895,0.091957697084825,0.0152973624607291,3.0,6.92,2.306666666666666,0.0015799663914663,0.0006849565280923,1.0,1.36,1.36,0.0003105136260685,0.0002283188426974,7.0,16.12,2.302857142857143,0.0036804997442828,0.0015982318988821,2.0,5.04,2.52,0.0011507269671951,0.0004566376853949,,,,,,,,,,,,,,,10.34867697886467,796.0,0.0130008504759606,0.0021211404991071,2.3330751086394663,0.0129538372268256,0.1817417987871703,430520,388396.6666666666,6189,0.9021570813589768,0.0143756387624268,10236.0,211.0,72.0,0.0,5.0,0.0,0.0,0.0,10231.0,211.0,72.0,0.0,0.0004884720593982,0.9995115279406018,0.0,1.0,0.0,1.0,0.0,0.0
2,inactive,7,green,6,0-6,18.0,84.76,4.70888888888889,17186.8,4413.200000000001,285,60.30456140350877,0.0192060183087102,0.004078673071694,3.0,5.48,1.8266666666666669,0.0012417293573823,0.0006797788452823,4.0,10.16,2.54,0.0023021843560228,0.0009063717937097,35,20477.12,585.0605714285714,4.6399709961026,0.0079307531949605,,,,,,30.0,87.76,2.9253333333333336,0.0198857971539925,0.0067977884528233,62.0,827.72,13.350322580645162,0.1875555152723647,0.0140487628025015,9.0,153.48,17.05333333333333,0.0347774857246442,0.002039336535847,3.0,6.68,2.2266666666666666,0.0015136408954953,0.0006797788452823,42.0,156.84,3.7342857142857144,0.0355388380313604,0.0095169038339526,1.0,2.96,2.96,0.0006707151273452,0.0002265929484274,0.0,0.0,0.0,2.2,2.0,1.1,0.0,0.0,0.0004985044865403,0.0004531858968548,0.0,1.0,0.0,1.0,198.2198165840908,3252.0,0.0609532031316392,0.005212494053738,2.160008682864448,0.0584014382621299,0.7368802682860508,429955,382392.6666666666,2566,0.8893783457958778,0.0059680664255561,22979.0,4016.0,398.0,2137.0,1251.0,159.0,96.0,1161.0,21728.0,3857.0,302.0,976.0,0.0544410113581966,0.9455589886418034,0.0395916334661354,0.9604083665338644,0.2412060301507537,0.7587939698492462,0.5432849789424427,0.4567150210575573
2,inactive,7,green,12,6-12,4.0,14.4,3.6,16150.36,5449.639999999999,132,122.35121212121211,0.0026423763771551,0.0007339934380986,2.0,4.16,2.08,0.0007633531756226,0.0003669967190493,2.0,4.64,2.32,0.0008514323881944,0.0003669967190493,14,17989.88,1284.9914285714287,3.301113468045596,0.0025689770333453,,,,,,1.0,1.0,1.0,0.0001834983595246,0.0001834983595246,70.0,560.52,8.007428571428571,0.1028545004807657,0.0128448851667266,7.0,43.8,6.257142857142857,0.0080372281471803,0.0012844885166726,7.0,35.2,5.028571428571429,0.0064591422552682,0.0012844885166726,14.0,51.32,3.665714285714286,0.0094171358108058,0.0025689770333453,,,,,,0.0,0.0,0.0,2.4,1.0,2.4,0.0,0.0,0.0004403960628591,0.0001834983595246,0.0,1.0,0.0,1.0,56.356091343580275,1768.0,0.0318756172757807,0.0029880693902715,2.2061169936109755,0.0254474951339399,0.3244250996396092,403891,378478.3333333333,1593,0.9370803838989562,0.0039441334419434,14109.0,1989.0,224.0,364.0,369.0,696.0,71.0,68.0,13740.0,1293.0,153.0,296.0,0.0261535190304061,0.973846480969594,0.3499245852187028,0.6500754147812972,0.3169642857142857,0.6830357142857143,0.1868131868131868,0.8131868131868132
2,inactive,7,red,6,0-6,35.0,795.84,22.738285714285716,15672.6,5927.4,96,163.25625,0.134264601680332,0.00590478118568,10.0,63.08,6.308,0.0106421027769342,0.0016870803387657,10.0,58.2,5.82,0.0098188075716165,0.0016870803387657,87,19121.88,219.79172413793103,3.226014778823768,0.0146775989472618,,,,,,2.0,17.72,8.86,0.0029895063602928,0.0003374160677531,61.0,550.32,9.021639344262296,0.0928434052029557,0.0102911900664709,10.0,105.36,10.536,0.0177750784492357,0.0016870803387657,7.0,87.76,12.537142857142856,0.014805817053008,0.001180956237136,65.0,228.08,3.508923076923077,0.0384789283665688,0.0109660222019772,33.0,78.36,2.3745454545454545,0.0132199615345682,0.0055673651179269,6.4,6.0,1.0666666666666669,0.0,0.0,0.0,0.00107973141681,0.0010122482032594,0.0,0.0,1.0,0.0,1.0,0.0,117.39853789931304,4916.0,0.0238809068143435,0.0042766574213252,2.1688805821501904,0.0220678398376196,0.8293686945372339,391911,355258.3333333333,3884,0.906477065796401,0.0099104133336395,14264.0,4845.0,3052.0,19931.0,841.0,7.0,0.0,1581.0,13423.0,4838.0,3052.0,18350.0,0.0589596186203028,0.9410403813796973,0.0014447884416924,0.9985552115583076,0.0,1.0,0.0793236666499423,0.9206763333500576
2,inactive,7,red,12,6-12,3.0,75.88,25.293333333333333,15763.36,5836.639999999999,43,366.5897674418605,0.0130006304997395,0.0005139943529153,1.0,1.36,1.36,0.0002330107733216,0.0001713314509717,4.0,17.8,4.45,0.0030496998272978,0.0006853258038871,30,17823.92,594.1306666666666,3.0537980756051426,0.0051399435291537,,,,,,6.0,57.64,9.606666666666667,0.009875544834014,0.0010279887058307,69.0,953.96,13.825507246376812,0.1634433509690507,0.0118218701170536,5.0,21.36,4.272,0.0036596397927574,0.0008566572548589,5.0,89.92,17.984,0.0154061240713835,0.0008566572548589,41.0,155.6,3.795121951219512,0.0266591737712108,0.0070245894898434,6.0,14.76,2.46,0.0025288522163436,0.0010279887058307,2.4,1.0,2.4,0.0,0.0,0.0,0.0004111954823323,0.0001713314509717,0.0,0.0,1.0,0.0,1.0,0.0,46.82975968501911,2230.0,0.0209998922354345,0.0036950312887949,2.221326509460686,0.0198327411005485,0.3820691356670961,394127,368998.6666666666,1200,0.936243055326498,0.0030447038644903,25365.0,2792.0,484.0,1900.0,160.0,0.0,0.0,0.0,25205.0,2792.0,484.0,1900.0,0.006307904592943,0.9936920954070568,0.0,1.0,0.0,1.0,0.0,1.0
2,inactive,7,yellow,6,0-6,24.0,342.6,14.275,17081.4,4518.5999999999985,180,94.89666666666668,0.0758199442305139,0.0053113796308591,8.0,24.4,3.05,0.0053999026247067,0.001770459876953,3.0,6.24,2.08,0.0013809587040233,0.0006639224538573,56,20306.28,362.6121428571428,4.493931748771745,0.0123932191386712,,,,,,11.0,95.96,8.723636363636363,0.0212366662240517,0.0024343823308104,59.0,215.6,3.654237288135594,0.0477138936838844,0.0130571415925286,9.0,128.92,14.324444444444444,0.0285309609170982,0.0019917673615721,8.0,47.36,5.92,0.0104811224715619,0.001770459876953,40.0,161.6,4.04,0.0357632895144513,0.0088522993847651,1.0,2.44,2.44,0.0005399902624706,0.0002213074846191,0.0,0.0,0.0,2.0,2.0,1.0,0.0,0.0,0.0004426149692382,0.0004426149692382,0.0,1.0,0.0,1.0,125.48725539072868,3436.0,0.0365213199623773,0.0071965622009178,2.198009747484264,0.0349634469054568,0.7604125171513303,427215,380560.3333333334,3131,0.8907934724514199,0.0073288625165314,7859.0,4424.0,777.0,8589.0,653.0,26.0,96.0,1850.0,7206.0,4398.0,681.0,6739.0,0.083089451584171,0.916910548415829,0.005877034358047,0.994122965641953,0.1235521235521235,0.8764478764478765,0.2153917801839562,0.7846082198160438
2,inactive,7,yellow,12,6-12,4.0,10.96,2.74,16587.36,5012.639999999999,96,172.785,0.002186472597274,0.000797982699735,3.0,11.12,3.7066666666666666,0.0022183919052634,0.0005984870248013,1.0,2.84,2.84,0.0005665677168118,0.0001994956749337,13,17995.12,1384.24,3.589948609914137,0.0025934437741389,,,,,,3.0,13.96,4.653333333333333,0.0027849596220753,0.0005984870248013,67.0,187.64,2.8005970149253727,0.0374333684445721,0.0133662102205624,2.0,22.96,11.48,0.0045804206964793,0.0003989913498675,5.0,56.32,11.264,0.0112355964122697,0.0009974783746688,12.0,35.28,2.94,0.0070382074116633,0.0023939480992052,,,,,,,,,,,,,,,,,,,,47.95704849085104,1351.0,0.0354974452189867,0.0060628330601921,2.20145443837105,0.0335309023756362,0.2695186568355198,414780,387130.3333333333,171,0.9333389588054712,0.0004122667438159,5110.0,1989.0,353.0,278.0,534.0,696.0,71.0,68.0,4576.0,1293.0,282.0,210.0,0.1045009784735812,0.8954990215264188,0.3499245852187028,0.6500754147812972,0.2011331444759206,0.7988668555240793,0.2446043165467626,0.7553956834532374
2,inactive,8,blue,6,0-6,24.0,180.84,7.535,7963.04,13636.96,323,24.653374613003095,0.0132610200513897,0.0017599230326993,18.0,246.28,13.682222222222222,0.01805974352055,0.0013199422745245,22.0,157.4,7.154545454545455,0.0115421618894533,0.0016132627799744,84,20861.84,248.3552380952381,1.5298013633537095,0.0061597306144477,5.0,10.64,2.128,0.0007802325444967,0.0003666506318123,,,,,,141.0,1093.24,7.753475177304964,0.0801674273445108,0.0103395478171087,,,,,,76.0,755.8,9.944736842105264,0.0554229095047576,0.005573089603548,189.0,790.68,4.183492063492063,0.0579806643122807,0.0138593938825075,28.0,75.56,2.698571428571429,0.0055408243479485,0.0020532435381492,3.2,3.0,1.0666666666666669,7.4,7.0,1.0571428571428572,0.0002346564043599,0.0002199903790874,0.0005426429350823,0.0005133108845373,0.3018867924528302,0.6981132075471698,0.3,0.7,199.75137236453736,13318.0,0.0149986013188569,0.003011450217275,2.1845275342767176,0.0140274323250229,0.9766106228954254,199399,66526.66666666666,34550,0.3336359092406012,0.1732706783885576,27472.0,18971.0,10132.0,4545.0,708.0,6291.0,1966.0,1623.0,26764.0,12680.0,8166.0,2922.0,0.0257716948165404,0.9742283051834596,0.3316114068841916,0.6683885931158083,0.1940386893012238,0.8059613106987762,0.3570957095709571,0.642904290429043
2,inactive,8,blue,12,6-12,,,,11461.0,10139.0,421,27.223277909738716,,,2.0,8.84,4.42,0.0008718808561002,0.0001972581122398,,,,,,21,21499.08,1023.7657142857144,2.1204339678469277,0.0020712101785185,2.0,2.44,1.22,0.0002406548969326,0.0001972581122398,,,,,,80.0,522.08,6.526000000000001,0.0514922576190945,0.0078903244895946,,,,,,76.0,1618.04,21.29,0.1595857579642962,0.0074958082651149,124.0,658.88,5.313548387096774,0.0649847124963014,0.0122300029588716,16.0,42.6,2.6625,0.0042015977907091,0.0015780648979189,,,,,,,,,,,,,,,70.31751515788967,9716.0,0.0072372905679178,0.0011170211886242,2.058547628250359,0.0066669469242598,0.9582799092612684,286946,124546.33333333331,23361,0.4340410158473486,0.0814125305806667,13132.0,40527.0,223.0,0.0,348.0,9304.0,19.0,0.0,12784.0,31223.0,204.0,0.0,0.0265001522997258,0.973499847700274,0.2295753448318405,0.7704246551681595,0.085201793721973,0.9147982062780268,0.0,0.0
2,inactive,8,green,6,0-6,111.0,751.16,6.767207207207207,60.84,21539.16,14,4.345714285714286,0.0348741547952659,0.0051534043110316,48.0,316.68,6.5975,0.0147025232181756,0.0022284991615271,46.0,245.52,5.337391304347826,0.0113987732112115,0.0021356450297968,150,19830.96,132.2064,0.920693286089151,0.0069640598797724,7.0,14.4,2.0571428571428574,0.0006685497484581,0.000324989461056,2.0,4.84,2.42,0.0002247069987873,9.28541317302996e-05,184.0,1561.0,8.483695652173912,0.0724726498154988,0.0085425801191875,1.0,1.36,1.36,6.314080957660373e-05,4.64270658651498e-05,151.0,1650.8,10.932450331125828,0.0766418003301892,0.0070104869456376,149.0,449.6,3.0174496644295306,0.0208736088129713,0.0069176328139073,101.0,285.24,2.8241584158415844,0.0132428562673753,0.0046891336523801,0.0,0.0,0.0,13.8,14.0,0.9857142857142858,0.0,0.0,0.000640693508939,0.000649978922112,0.0,1.0,0.0,1.0,417.54817848995094,21526.0,0.0193973882044946,0.0032774871953689,2.244454792342373,0.018164137715239,0.9993890198132146,1535,274.3333333333333,712,0.1787187839305103,0.4638436482084691,39332.0,41456.0,14027.0,18890.0,901.0,10267.0,2743.0,2823.0,38431.0,31189.0,11284.0,16067.0,0.0229075561883453,0.9770924438116546,0.2476601698186028,0.7523398301813972,0.1955514365152919,0.8044485634847081,0.1494441503440974,0.8505558496559026
2,inactive,8,green,12,6-12,45.0,267.68,5.948444444444444,94.4,21505.6,17,5.552941176470589,0.0124469905512982,0.0020924782382263,24.0,103.36,4.306666666666667,0.0048061900156238,0.0011159883937207,15.0,76.4,5.093333333333334,0.0035525630533442,0.0006974927460754,69,20934.36,303.39652173913043,0.9734376162487912,0.003208466631947,5.0,6.88,1.376,0.0003199166728666,0.0002324975820251,1.0,2.32,2.32,0.0001078788780596,4.649951640502939e-05,180.0,1614.48,8.969333333333333,0.0750725392455918,0.0083699129529052,3.0,7.04,2.3466666666666667,0.0003273565954914,0.000139498549215,140.0,2001.84,14.298857142857145,0.093084591920244,0.0065099322967041,233.0,822.64,3.5306437768240344,0.0382523621754333,0.0108343873223718,106.0,342.76,3.233584905660378,0.0159381742429878,0.0049289487389331,0.0,0.0,0.0,7.0,6.0,1.1666666666666667,0.0,0.0,0.0003254966148352,0.0002789970984301,0.0,1.0,0.0,1.0,261.96693205498514,21490.0,0.0121901783180542,0.0022449730376618,2.2681278569847674,0.0118437964539596,0.9992746075440816,2377,684.6666666666666,682,0.2880381433179077,0.286916281026504,40601.0,50365.0,4533.0,6737.0,781.0,12064.0,223.0,592.0,39820.0,38301.0,4310.0,6145.0,0.0192359794093741,0.9807640205906258,0.2395314206294053,0.7604685793705946,0.0491947937348334,0.9508052062651664,0.0878729404779575,0.9121270595220424
2,inactive,8,red,6,0-6,39.0,806.96,20.69128205128205,14530.0,7070.0,78,186.28205128205127,0.1141386138613861,0.0055162659123055,11.0,50.4,4.581818181818182,0.0071287128712871,0.0015558698727015,8.0,27.6,3.45,0.0039038189533239,0.0011315417256011,94,20095.44,213.78127659574463,2.84235360678925,0.0132956152758132,,,,,,9.0,29.0,3.2222222222222223,0.0041018387553041,0.0012729844413012,111.0,1713.12,15.433513513513512,0.2423083451202262,0.0157001414427157,22.0,257.88,11.72181818181818,0.0364752475247524,0.0031117397454031,24.0,158.0,6.583333333333333,0.0223479490806223,0.0033946251768033,125.0,576.92,4.61536,0.0816011315417256,0.0176803394625176,34.0,86.24,2.536470588235294,0.0121980198019801,0.0048090523338048,19.6,20.0,0.98,0.0,0.0,0.0,0.0027722772277227,0.0028288543140028,0.0,0.0,1.0,0.0,1.0,0.0,182.0680868977955,6990.0,0.0260469366091266,0.0049030277506125,2.0857946560892757,0.0229073904205603,0.9886845827439888,363328,101200.33333333331,94458,0.2785371161411543,0.2599799630086313,43673.0,10443.0,1969.0,20213.0,366.0,2130.0,0.0,599.0,43307.0,8313.0,1969.0,19614.0,0.0083804639021821,0.9916195360978178,0.2039643780522838,0.7960356219477162,0.0,1.0,0.0296343937070202,0.9703656062929796
2,inactive,8,red,12,6-12,8.0,187.4,23.425,18107.24,3492.7599999999984,30,603.5746666666668,0.0536538439514882,0.0022904522497967,7.0,55.36,7.908571428571428,0.0158499295685933,0.0020041457185721,3.0,8.08,2.693333333333334,0.0023133567722946,0.0008589195936737,35,21271.08,607.7451428571429,6.090049130200762,0.0100207285928606,,,,,,4.0,22.44,5.61,0.0064247185606798,0.0011452261248983,61.0,1295.48,21.237377049180328,0.3709043850708324,0.0174646984047,5.0,58.68,11.736,0.0168004672522589,0.0014315326561229,15.0,99.72,6.648,0.0285504872937161,0.0042945979683688,52.0,219.64,4.223846153846154,0.062884366518169,0.0148879396236787,7.0,18.96,2.7085714285714286,0.0054283718320182,0.0020041457185721,7.0,6.0,1.1666666666666667,0.0,0.0,0.0,0.0020041457185721,0.0017178391873475,0.0,0.0,1.0,0.0,1.0,0.0,60.53894459509,3462.0,0.0174866968789976,0.0033535883952345,2.1254777199706973,0.0157206083072812,0.991193211099532,452711,159272.3333333333,84957,0.3518190044715797,0.1876627694047637,33013.0,3980.0,1596.0,4693.0,7.0,806.0,0.0,0.0,33006.0,3174.0,1596.0,4693.0,0.0002120376821252,0.9997879623178748,0.2025125628140703,0.7974874371859296,0.0,1.0,0.0,1.0
2,inactive,8,yellow,6,0-6,25.0,226.44,9.0576,9807.84,11792.16,476,20.604705882352945,0.019202588838686,0.0021200526451472,13.0,110.04,8.464615384615385,0.0093316237228802,0.0011024273754765,4.0,20.04,5.01,0.00169943420035,0.0003392084232235,54,21230.92,393.1651851851852,1.8004267241964151,0.0045793137135181,1.0,1.48,1.48,0.0001255071165927,8.480210580589137e-05,1.0,1.0,1.0,8.480210580589137e-05,8.480210580589137e-05,163.0,754.36,4.627975460122699,0.0639713165357322,0.0138227432463602,,,,,,82.0,536.2,6.539024390243903,0.0454708891331189,0.006953772676083,29.0,88.0,3.0344827586206895,0.0074625853109184,0.0024592610683708,11.0,32.0,2.909090909090909,0.0027136673857885,0.0009328231638648,0.0,0.0,0.0,1.6,2.0,0.8,0.0,0.0,0.0001356833692894,0.0001696042116117,0.0,1.0,0.0,1.0,155.29516842787112,11349.0,0.0136835992975479,0.0036022653545032,2.260343927217443,0.0130136176964238,0.9624190987910612,245672,73565.99999999999,59705,0.2994480445472011,0.2430272884170764,19048.0,13487.0,3269.0,5686.0,625.0,3712.0,987.0,671.0,18423.0,9775.0,2282.0,5015.0,0.0328118437631247,0.9671881562368752,0.275227997330763,0.724772002669237,0.3019271948608137,0.6980728051391863,0.1180091452690819,0.8819908547309181
2,inactive,8,yellow,12,6-12,11.0,211.36,19.214545454545455,11823.2,9776.8,488,24.227868852459014,0.0216185254889125,0.0011251125112511,5.0,38.16,7.632,0.0039031175844857,0.0005114147778414,3.0,3.72,1.24,0.000380492594714,0.0003068488667048,29,21323.0,735.2758620689655,2.180979461582522,0.0029662057114802,,,,,,,,,,,152.0,782.64,5.1489473684210525,0.0800507323459618,0.0155470092463791,,,,,,57.0,677.72,11.88982456140351,0.0693192046477375,0.0058301284673921,40.0,160.68,4.017,0.0164348253007118,0.0040913182227313,20.0,57.88,2.894,0.0059201374682922,0.0020456591113656,,,,,,,,,,,,,,,99.51583955048574,9328.0,0.0106685076705066,0.0027017092218839,2.233573976838415,0.009406806515475,0.9540954095409542,296068,127053.33333333331,24621,0.4291356490175679,0.0831599497412756,19718.0,17000.0,1055.0,5295.0,524.0,4791.0,204.0,592.0,19194.0,12209.0,851.0,4703.0,0.0265747033167664,0.9734252966832336,0.2818235294117647,0.7181764705882353,0.1933649289099526,0.8066350710900474,0.1118035882908404,0.8881964117091596
3,active,1,blue,18,12-18,142.0,742.88,5.231549295774648,10424.76,11175.24,222,46.95837837837838,0.0664755298320215,0.0127066622282832,56.0,310.28,5.5407142857142855,0.027764951804167,0.0050110780618581,78.0,877.0,11.243589743589745,0.0784770617901718,0.0069797158718738,284,18706.88,65.8692957746479,1.6739577852466705,0.0254133244565664,2.0,1.96,0.98,0.000175387732165,0.0001789670736377,148.0,1470.0,9.932432432432432,0.1315407991237772,0.0132435634491966,111.0,738.92,6.656936936936937,0.0661211750262186,0.0099326725868974,43.0,307.96,7.161860465116279,0.0275573499987472,0.0038477920832125,17.0,49.64,2.92,0.00444196276769,0.0015212201259212,189.0,731.32,3.8694179894179896,0.065441100146395,0.0169123884587713,33.0,81.0,2.4545454545454546,0.0072481664823305,0.0029529567150235,66.6,69.0,0.9652173913043476,0.0,0.0,0.0,0.0059596035521384,0.0061743640405038,0.0,0.0,1.0,0.0,1.0,0.0,443.0327828487284,10934.0,0.0405188204544291,0.0064059515277305,1.9769648410780116,0.036223055105723,0.9784129915778096,260841,199226.3333333333,2181,0.7637845788558291,0.0083614155750054,55482.0,9000.0,29816.0,18714.0,18639.0,209.0,1203.0,783.0,36843.0,8791.0,28613.0,17931.0,0.3359467935546664,0.6640532064453336,0.0232222222222222,0.9767777777777776,0.0403474644486181,0.959652535551382,0.0418403334402051,0.9581596665597948
3,active,1,blue,24,18-24,61.0,347.08,5.68983606557377,15538.0,6062.0,163,95.32515337423312,0.0572550313427911,0.010062685582316,26.0,98.52,3.789230769230769,0.016252062025734,0.0042890135268888,31.0,296.24,9.556129032258063,0.0488683602771362,0.0051138238205212,149,20291.28,136.18308724832215,3.347291322995711,0.0245793467502474,,,,,,82.0,594.56,7.250731707317072,0.0980798416364236,0.0135268888155724,36.0,248.52,6.903333333333333,0.040996370834708,0.0059386341141537,23.0,190.44,8.28,0.0314153744638733,0.0037941273507093,9.0,20.0,2.2222222222222223,0.0032992411745298,0.0014846585285384,113.0,483.56,4.27929203539823,0.0797690531177829,0.0186407126360937,19.0,47.28,2.488421052631579,0.0077994061365885,0.0031342791158033,34.8,34.0,1.0235294117647058,0.0,0.0,0.0,0.0057406796436819,0.0056087099967007,0.0,0.0,1.0,0.0,1.0,0.0,237.82269328739048,5865.0,0.0405494788213794,0.0072163839817482,1.9649535585096205,0.0357483946999111,0.9675024744308808,388613,334706.3333333333,1732,0.8612844483672273,0.0044568761209738,21195.0,5293.0,9926.0,8738.0,2097.0,144.0,540.0,26.0,19098.0,5149.0,9386.0,8712.0,0.0989384288747346,0.9010615711252654,0.0272057434347251,0.9727942565652749,0.0544025790852307,0.9455974209147692,0.0029755092698558,0.9970244907301442
3,active,1,green,18,12-18,16.0,57.36,3.585,16260.92,5339.08,743,21.885491251682367,0.0107434239606823,0.0029967709792698,10.0,32.6,3.26,0.0061059208702622,0.0018729818620436,17.0,91.72,5.395294117647059,0.0171789896386643,0.0031840691654742,50,21335.2,426.704,3.996044262307364,0.0093649093102182,,,,,,109.0,1347.12,12.358899082568806,0.2523131325996239,0.0204155022962757,65.0,1179.92,18.152615384615387,0.2209968758662541,0.0121743821032837,24.0,154.04,6.418333333333333,0.0288514126029203,0.0044951564689047,10.0,53.8,5.38,0.0100766424177948,0.0018729818620436,52.0,167.88,3.2284615384615383,0.0314436194999887,0.0097395056826269,2.0,4.36,2.18,0.000816620091851,0.0003745963724087,0.0,0.0,0.0,8.4,10.0,0.8400000000000001,0.0,0.0,0.0015733047641166,0.0018729818620436,0.0,1.0,0.0,1.0,202.19516794280312,4756.0,0.0425137022587895,0.0050973596762395,2.000875878342517,0.0376891981510848,0.890790173587959,407266,273430.99999999994,11415,0.6713818487180367,0.0280283647542392,63350.0,5230.0,3135.0,1450.0,15521.0,195.0,344.0,522.0,47829.0,5035.0,2791.0,928.0,0.2450039463299131,0.7549960536700868,0.0372848948374761,0.962715105162524,0.1097288676236044,0.8902711323763955,0.36,0.64
3,active,1,green,24,18-24,21.0,237.88,11.327619047619049,17911.04,3688.959999999999,270,66.33718518518519,0.0644842990978487,0.0056926613462873,9.0,35.64,3.96,0.0096612595419847,0.0024397120055517,8.0,76.44,9.555,0.0207212873004857,0.0021686328938237,44,21073.84,478.9509090909091,5.712677827897295,0.0119274809160305,,,,,,66.0,845.84,12.815757575757576,0.2292895558639834,0.0178912213740458,50.0,903.4,18.068,0.2448928695350451,0.0135539555863983,14.0,104.6,7.471428571428571,0.0283548750867453,0.0037951075641915,2.0,23.0,11.5,0.0062348195697432,0.0005421582234559,40.0,140.32,3.508,0.0380378209576682,0.0108431644691186,1.0,2.08,2.08,0.0005638445523941,0.0002710791117279,0.0,0.0,0.0,11.6,12.0,0.9666666666666668,0.0,0.0,0.0031445176960444,0.0032529493407356,0.0,1.0,0.0,1.0,132.8241891677901,3440.0,0.0386116828976134,0.0051077148610323,2.035831760994306,0.0334878172968224,0.9325121443442056,448046,379262.3333333333,1371,0.8464807928947772,0.0030599536654718,43847.0,3206.0,2819.0,5968.0,9454.0,81.0,276.0,646.0,34393.0,3125.0,2543.0,5322.0,0.2156133828996282,0.7843866171003717,0.0252651278852152,0.9747348721147848,0.0979070592408655,0.9020929407591344,0.1082439678284182,0.8917560321715817
3,active,1,red,18,12-18,5.0,69.12,13.824000000000002,18234.64,3365.3600000000006,193,94.48,0.0205386645113747,0.0014857251527325,8.0,50.52,6.315,0.0150117669432096,0.002377160244372,9.0,87.08,9.675555555555556,0.02587538925999,0.0026743052749185,44,21295.72,483.9936363636364,6.327917369909905,0.0130743813440464,1.0,1.08,1.08,0.0003209166329902,0.0002971450305465,50.0,976.44,19.5288,0.2901442936268333,0.0148572515273254,46.0,821.04,17.848695652173912,0.2439679558799058,0.0136686714051394,7.0,67.8,9.685714285714283,0.0201464330710533,0.0020800152138255,10.0,57.2,5.720000000000001,0.0169966957472603,0.002971450305465,38.0,136.6,3.594736842105263,0.0405900111726531,0.0112915111607673,3.0,5.96,1.9866666666666664,0.0017709843820571,0.0008914350916395,0.0,0.0,0.0,5.6,6.0,0.9333333333333332,0.0,0.0,0.0016640121710604,0.001782870183279,0.0,1.0,0.0,1.0,110.10161144960074,3160.0,0.034842282104304,0.0037061959979617,1.9976565007400824,0.0309542273118125,0.9389782965269688,456059,279787.3333333333,44210,0.6134893365405206,0.0969392118125067,45033.0,3142.0,3457.0,1733.0,16482.0,0.0,3.0,0.0,28551.0,3142.0,3454.0,1733.0,0.3659982679368463,0.6340017320631537,0.0,1.0,0.0008678044547295,0.9991321955452704,0.0,1.0
3,active,1,red,24,18-24,8.0,97.84,12.23,19501.28,2098.720000000001,56,348.2371428571428,0.046618891514828,0.0038118472211633,12.0,85.96,7.163333333333333,0.0409582983914004,0.005717770831745,16.0,119.64,7.4775,0.0570061751924982,0.0076236944423267,43,21213.72,493.34232558139536,10.107932454067235,0.0204886788137531,,,,,,7.0,31.32,4.474285714285714,0.0149233818708546,0.0033353663185179,28.0,906.68,32.38142857142857,0.4320157048105509,0.0133414652740718,1.0,6.16,6.16,0.0029351223602957,0.0004764809026454,10.0,122.28,12.228,0.0582640847754821,0.0047648090264542,40.0,134.88,3.372,0.0642677441488144,0.0190592361058168,1.0,2.64,2.64,0.0012579095829839,0.0004764809026454,0.0,0.0,0.0,3.4,3.0,1.1333333333333333,0.0,0.0,0.0016200350689944,0.0014294427079362,0.0,1.0,0.0,1.0,58.59765582231561,2020.0,0.0290087405060968,0.0041639747602649,1.9642132994011132,0.0252308773409855,0.9624914233437518,487588,383841.3333333333,13317,0.7872247334498251,0.0273119929120486,23485.0,3222.0,5168.0,2454.0,292.0,180.0,431.0,0.0,23193.0,3042.0,4737.0,2454.0,0.012433468171173,0.9875665318288268,0.0558659217877094,0.9441340782122905,0.0833978328173374,0.9166021671826624,0.0,1.0
3,active,1,yellow,18,12-18,127.0,751.8,5.919685039370078,12575.16,9024.84,362,34.73801104972376,0.0833034159054343,0.0140722716413808,46.0,195.36,4.246956521739131,0.0216469211642533,0.0050970432716812,126.0,673.8,5.347619047619047,0.0746606034012791,0.013961466352866,228,20050.48,87.94070175438597,2.2216992212604323,0.0252636057813767,3.0,4.44,1.4800000000000002,0.0004919754810057,0.0003324158655444,84.0,670.92,7.987142857142857,0.0743414841703564,0.009307644235244,160.0,2812.52,17.57825,0.311642090053674,0.0177288461623696,33.0,180.32,5.464242424242424,0.0199804096249905,0.0036565745209887,28.0,96.2,3.435714285714286,0.0106594687551247,0.0031025480784146,107.0,386.28,3.610093457943925,0.0428018668475009,0.0118561658710846,7.0,16.96,2.422857142857143,0.0018792576932111,0.0007756370196036,0.0,0.0,0.0,52.6,53.0,0.9924528301886792,0.0,0.0,0.005828358175879,0.0058726802912849,0.0,1.0,0.0,1.0,380.6737154691714,8672.0,0.0438968767838066,0.0088990297766437,2.0675217496687717,0.0398644277417013,0.9609034620004344,314741,226533.99999999997,8013,0.719747347819318,0.0254590282168513,87330.0,6974.0,21901.0,18922.0,21967.0,14.0,1291.0,1305.0,65363.0,6960.0,20610.0,17617.0,0.251540135119661,0.748459864880339,0.0020074562661313,0.9979925437338688,0.0589470800420072,0.9410529199579928,0.0689673396046929,0.9310326603953072
3,active,1,yellow,24,18-24,47.0,298.28,6.346382978723404,17830.44,3769.5600000000018,169,105.50556213017752,0.0791285985632275,0.0124682986873799,21.0,90.24,4.297142857142857,0.0239391334797695,0.0055709419667016,54.0,312.0,5.777777777777778,0.0827682806481392,0.0143252793429471,94,20983.04,223.22382978723405,5.566442767856193,0.0249365973747599,,,,,,32.0,198.44,6.20125,0.0526427487558229,0.0084890544254501,59.0,1161.04,19.67864406779661,0.3080041171913962,0.0156516940969237,13.0,47.24,3.633846153846154,0.0125319665955708,0.0034486783603391,12.0,86.28,7.19,0.02288861299462,0.0031833954095438,50.0,158.56,3.1712,0.0420632646781056,0.0132641475397659,1.0,2.28,2.28,0.0006048451278133,0.0002652829507953,1.6,2.0,0.8,21.4,21.0,1.019047619047619,0.0004244527212725,0.0005305659015906,0.0056770551470198,0.0055709419667016,0.0695652173913043,0.9304347826086956,0.0869565217391304,0.9130434782608696,159.4420937650551,3602.0,0.0442648788909092,0.0087472976222125,2.0635550302939127,0.0405558415635854,0.955549188764736,445930,376469.99999999994,948,0.8442356423653935,0.002125894198641,34078.0,3363.0,10131.0,7504.0,8330.0,211.0,291.0,672.0,25748.0,3152.0,9840.0,6832.0,0.244439227654205,0.755560772345795,0.0627415997621171,0.9372584002378828,0.0287237192774652,0.9712762807225348,0.0895522388059701,0.9104477611940298
3,active,2,blue,18,12-18,103.0,1032.52,10.024466019417476,10557.04,11042.96,193,54.69968911917099,0.0935002933995957,0.0093272093714004,44.0,272.92,6.202727272727273,0.0247143881712874,0.0039844389547729,79.0,712.04,9.013164556962025,0.0644790889399219,0.0071538790324333,243,18636.96,76.6953086419753,1.687677941421503,0.0220049696820417,2.0,3.2,1.6,0.0002897773785289,0.0001811108615805,36.0,190.2,5.283333333333333,0.0172236429363141,0.0032599955084506,149.0,349.48,2.345503355704698,0.0316473119525924,0.013492759187754,25.0,225.28,9.0112,0.0204003274484377,0.0022638857697573,31.0,288.6,9.30967741935484,0.0261342973260792,0.0028072183544991,138.0,562.16,4.073623188405797,0.0509066409730724,0.0124966494490607,9.0,21.36,2.373333333333333,0.0019342640016807,0.0008149988771126,1.6,2.0,0.8,3.6,4.0,0.9,0.0001448886892644,0.0001811108615805,0.000325999550845,0.0003622217231611,0.3076923076923077,0.6923076923076923,0.3333333333333333,0.6666666666666666,261.53826073303094,10835.0,0.0241382797169387,0.0059190316237878,2.0782267042597464,0.022599114549261,0.9811680926128502,264119,155186.3333333333,44571,0.5875621721017167,0.1687534785456555,13677.0,12903.0,24747.0,25916.0,5970.0,333.0,4016.0,8356.0,7707.0,12570.0,20731.0,17560.0,0.4364992322877824,0.5635007677122176,0.0258079516391536,0.9741920483608464,0.1622822968440619,0.8377177031559381,0.322426300354993,0.6775736996450069
3,active,2,blue,24,18-24,62.0,623.24,10.05225806451613,12606.72,8993.28,146,86.34739726027397,0.069300633361799,0.0068940364360945,38.0,503.96,13.262105263157894,0.0560373968118417,0.0042253771705095,58.0,737.08,12.708275862068966,0.081958973811557,0.0064492598918303,167,19510.08,116.8268263473054,2.169406490179334,0.0185694207230287,3.0,6.88,2.2933333333333334,0.0007650156561343,0.0003335824081981,90.0,539.44,5.993777777777779,0.0599825647594648,0.0100074722459436,128.0,310.76,2.4278125,0.0345546897238827,0.0142328494164531,19.0,228.96,12.050526315789474,0.0254590093936806,0.0021126885852547,19.0,187.28,9.85684210526316,0.020824437802448,0.0021126885852547,103.0,400.44,3.887766990291262,0.0445265798462852,0.0114529960148021,8.0,19.36,2.42,0.0021527184742385,0.0008895530885283,0.0,0.0,0.0,5.0,5.0,1.0,0.0,0.0,0.0005559706803302,0.0005559706803302,0.0,1.0,0.0,1.0,190.34182001030263,8843.0,0.0215245753715144,0.0045294890293771,2.1495945142605404,0.0211037663160844,0.9832897452319954,315314,176111.66666666666,40643,0.5585279012878168,0.1288969091128208,21473.0,10444.0,31122.0,15643.0,8969.0,492.0,3369.0,3921.0,12504.0,9952.0,27753.0,11722.0,0.4176873282727146,0.5823126717272854,0.0471083875909613,0.9528916124090386,0.1082513977250819,0.891748602274918,0.2506552451575785,0.7493447548424216
3,active,2,green,18,12-18,131.0,1029.32,7.857404580152672,11299.04,10300.96,340,33.232470588235294,0.0999246672154828,0.0127172613038008,88.0,564.8,6.418181818181818,0.0548298411021885,0.0085428930895761,62.0,581.36,9.376774193548387,0.0564374582563178,0.0060188564949286,293,18174.44,62.028805460750846,1.7643442941240428,0.0284439508550659,8.0,14.12,1.765,0.0013707460275547,0.0007766266445069,68.0,1498.68,22.03941176470588,0.1454893524487038,0.0066013264783088,110.0,569.6,5.178181818181819,0.0552958170888926,0.0106786163619701,29.0,277.6,9.572413793103449,0.0269489445643901,0.0028152715863375,31.0,139.96,4.514838709677419,0.0135870831456485,0.0030094282474643,138.0,621.52,4.503768115942028,0.0603361240117426,0.0133968096177443,12.0,29.6,2.466666666666667,0.0028735185846756,0.0011649399667603,4.8,5.0,0.96,8.0,7.0,1.1428571428571428,0.0004659759867041,0.0004853916528168,0.0007766266445069,0.0006795483139435,0.3749999999999999,0.625,0.4166666666666667,0.5833333333333334,343.65123273003746,10074.0,0.0341126893716535,0.0080847061029729,2.040809223089026,0.0314231077524439,0.9779671020953388,282816,167300.66666666663,51879,0.5915530474466318,0.1834372878479294,51885.0,10499.0,28804.0,25864.0,24393.0,949.0,5065.0,8363.0,27492.0,9550.0,23739.0,17501.0,0.47013587742122,0.52986412257878,0.0903895609105629,0.9096104390894372,0.1758436328287737,0.8241563671712262,0.3233451902257965,0.6766548097742036
3,active,2,green,24,18-24,115.0,609.96,5.304,12021.68,9578.32,273,44.03545787545788,0.0636813136332885,0.0120062808509216,68.0,447.0,6.573529411764706,0.0466678916553216,0.007099366068371,61.0,660.88,10.834098360655736,0.0689974859891922,0.0063685489730975,217,19055.76,87.81456221198155,1.989467881632687,0.0226553299534782,5.0,7.0,1.4,0.0007308170952734,0.0005220122109096,91.0,1838.72,20.205714285714286,0.1919668584887537,0.0095006222385554,94.0,568.12,6.043829787234043,0.0593131154523966,0.0098138295651011,36.0,343.92,9.553333333333336,0.0359060879152085,0.0037584879185493,23.0,115.4,5.017391304347826,0.0120480418277944,0.0024012561701843,146.0,609.56,4.175068493150684,0.0636395526564157,0.0152427565585614,18.0,42.2,2.344444444444445,0.0044057830600773,0.0018792439592746,4.4,4.0,1.1,24.0,23.0,1.0434782608695652,0.0004593707456004,0.0004176097687277,0.0025056586123662,0.0024012561701843,0.1549295774647887,0.8450704225352114,0.1481481481481481,0.8518518518518519,296.286608604119,9384.0,0.0315735942672761,0.0056463836952536,2.022742764235625,0.0289504382511429,0.9797125174352078,300815,170480.3333333333,33538,0.5667281662594396,0.1114904509416086,60356.0,11542.0,27826.0,15364.0,21556.0,673.0,4659.0,4004.0,38800.0,10869.0,23167.0,11360.0,0.3571475909603022,0.6428524090396978,0.0583087853058395,0.9416912146941604,0.1674333357291741,0.8325666642708258,0.2606092163499088,0.7393907836500911
3,active,2,red,18,12-18,241.0,2376.32,9.860248962655602,9136.56,12463.44,79,115.6526582278481,0.190663251879096,0.0193365555576951,119.0,545.68,4.585546218487394,0.0437824549241621,0.0095479257733017,161.0,643.92,3.999503105590062,0.0516647089407097,0.0129177819285847,367,17305.44,47.15378746594005,1.3884962739019082,0.029446124023544,43.0,67.56,1.5711627906976744,0.0054206543297837,0.0034500908256468,114.0,1371.96,12.034736842105264,0.1100787583524291,0.0091467524214823,249.0,1494.12,6.000481927710843,0.1198802256840807,0.0199784329206061,22.0,125.48,5.703636363636364,0.0100678464372596,0.0017651627480053,46.0,223.68,4.862608695652174,0.0179468910669927,0.0036907948367384,194.0,1032.92,5.324329896907217,0.0828759957122592,0.0155655260505927,4.0,9.32,2.33,0.0007477871277913,0.0003209386814555,9.6,9.0,1.0666666666666669,3.6,4.0,0.9,0.0007702528354932,0.0007221120332749,0.0002888448133099,0.0003209386814555,0.7272727272727273,0.2727272727272727,0.6923076923076923,0.3076923076923077,501.8208654979876,12379.0,0.040538077833265,0.0131398032072475,2.06772961070633,0.0371129506438151,0.993224984434474,228493,156407.3333333333,18862,0.6845169582146207,0.0825495748228611,72015.0,8797.0,30020.0,59649.0,33957.0,861.0,6984.0,10984.0,38058.0,7936.0,23036.0,48665.0,0.4715267652572381,0.528473234742762,0.0978742753211322,0.9021257246788678,0.2326449033977348,0.7673550966022652,0.1841439085315764,0.8158560914684236
3,active,2,red,24,18-24,193.0,1753.64,9.086217616580312,6869.28,14730.72,97,70.81731958762886,0.1190464552988584,0.0131018714631735,72.0,321.92,4.471111111111111,0.021853650059196,0.0048877447945517,104.0,578.88,5.5661538461538465,0.0392974681481964,0.0070600758143525,324,16818.92,51.91024691358024,1.1417581761108757,0.021994851575483,29.0,53.0,1.827586206896552,0.003597923251545,0.0019686749866944,103.0,936.84,9.095533980582523,0.0635977060184431,0.0069921904699838,246.0,2599.28,10.566178861788618,0.1764530179108693,0.0166997947147186,13.0,76.8,5.907692307692307,0.0052135944475219,0.000882509476794,40.0,240.88,6.022,0.0163522217515505,0.0027154137747509,204.0,1383.48,6.781764705882353,0.0939180162273127,0.01384861025123,22.0,56.56,2.570909090909091,0.0038395950774979,0.001493477576113,28.8,28.0,1.0285714285714287,2.6,2.0,1.3,0.0019550979178207,0.0019007896423256,0.0001765018953588,0.0001357706887375,0.9171974522292992,0.0828025477707006,0.9333333333333332,0.0666666666666666,487.5626821030914,14629.0,0.0333285038008812,0.0069875206301064,2.05811450731963,0.0301298354359723,0.9930947027708082,171829,106496.0,18885,0.6197789662978892,0.1099057784192423,88752.0,7995.0,22696.0,44034.0,20203.0,517.0,3490.0,7122.0,68549.0,7478.0,19206.0,36912.0,0.2276343068325221,0.7723656931674779,0.064665415884928,0.935334584115072,0.1537715897074374,0.8462284102925626,0.1617386564927102,0.8382613435072899
3,active,2,yellow,18,12-18,145.0,999.32,6.8918620689655175,5226.88,16373.12,101,51.751287128712875,0.0610341828558026,0.0088559785795254,77.0,393.24,5.107012987012987,0.024017413907673,0.0047028300042997,84.0,566.32,6.741904761904762,0.0345883985459093,0.0051303600046906,293,18605.12,63.49870307167235,1.1363209944103505,0.0178951843020755,5.0,7.6,1.52,0.0004641754289958,0.0003053785717077,20.0,112.04,5.602,0.0068429230348278,0.001221514286831,568.0,6433.72,11.326971830985917,0.3929440448735488,0.0346910057460032,32.0,165.92,5.185,0.0101336825235507,0.0019544228589297,77.0,547.32,7.108051948051949,0.0334279599734198,0.0047028300042997,181.0,830.48,4.58828729281768,0.0507221592463745,0.0110547042958214,23.0,57.6,2.5043478260869567,0.0035179611460735,0.0014047414298557,3.2,4.0,0.8,4.0,5.0,0.8,0.0001954422858929,0.0002443028573662,0.0002443028573662,0.0003053785717077,0.4444444444444445,0.5555555555555556,0.4444444444444444,0.5555555555555556,404.37010773737006,16273.0,0.0248491432272703,0.0062602937415028,2.163907491109249,0.0237227270516606,0.9938850994801236,130773,103161.66666666666,4562,0.7888605955867546,0.0348848768476673,164232.0,17940.0,24150.0,25128.0,42212.0,914.0,4586.0,6623.0,122020.0,17026.0,19564.0,18505.0,0.257026645233572,0.742973354766428,0.0509476031215161,0.949052396878484,0.1898964803312629,0.8101035196687371,0.2635705189430117,0.7364294810569882
3,active,2,yellow,24,18-24,136.0,769.84,5.660588235294118,10658.6,10941.4,128,83.2703125,0.070360282961961,0.0124298535836364,47.0,293.48,6.2442553191489365,0.0268228928656296,0.0042956111649331,81.0,437.8,5.404938271604938,0.0400131610214415,0.0074030745608423,256,19312.72,75.4403125,1.7651050139835855,0.0233973714515509,1.0,1.32,1.32,0.000120642696547,9.139598223262106e-05,15.0,138.08,9.205333333333334,0.0126199572266803,0.0013709397334893,322.0,3474.6,10.790683229813665,0.3175644798654651,0.0294295062789039,34.0,216.52,6.368235294117647,0.0197890580730071,0.0031074633959091,37.0,172.16,4.6529729729729725,0.015734732301168,0.0033816513426069,114.0,591.12,5.185263157894737,0.0540259930173469,0.0104191419745188,11.0,24.24,2.2036363636363636,0.0022154386093187,0.0010053558045588,1.0,1.0,1.0,2.6,3.0,0.8666666666666667,9.139598223262106e-05,9.139598223262106e-05,0.0002376295538048,0.0002741879466978,0.2777777777777778,0.7222222222222222,0.25,0.75,302.23084349288627,10833.0,0.0278990901405784,0.0071166996044009,2.1180812423421953,0.0262401487411757,0.990092675525984,266593,168586.66666666666,17546,0.6323746935090818,0.065815681582037,90654.0,9788.0,18410.0,19382.0,27544.0,736.0,3459.0,5466.0,63110.0,9052.0,14951.0,13916.0,0.3038365654025194,0.6961634345974805,0.0751941152431548,0.9248058847568452,0.1878870179250407,0.8121129820749593,0.2820142400165101,0.7179857599834898
3,active,3,blue,18,12-18,49.0,314.04,6.408979591836735,14113.16,7486.84,141,100.09333333333332,0.0419456005470933,0.0065448173060997,58.0,1154.88,19.911724137931035,0.1542546655197653,0.0077469266072201,32.0,140.96,4.405,0.0188277030095474,0.0042741664039835,167,19494.0,116.73053892215567,2.6037687462267125,0.022305805920789,3.0,5.12,1.7066666666666668,0.0006838666246373,0.0004007031003734,170.0,1703.28,10.01929411764706,0.2275031922680329,0.0227065090211624,15.0,63.84,4.256,0.0085269619759471,0.0020035155018672,8.0,37.04,4.63,0.0049473476126109,0.0010685416009958,26.0,169.6,6.523076923076923,0.0226530819411126,0.0034727602032366,107.0,390.08,3.6456074766355138,0.0521020884645591,0.0142917439133199,24.0,63.12,2.63,0.0084307932318575,0.0032056248029876,16.2,16.0,1.0125,0.0,0.0,0.0,0.0021637967420166,0.0021370832019917,0.0,0.0,1.0,0.0,1.0,0.0,250.23734688658,7342.0,0.0340829946726477,0.0055584917815643,1.9828102254929152,0.0315265001805789,0.9806540543139696,352970,296633.0,3557,0.8403915346913335,0.0100773436835991,44363.0,5200.0,32486.0,7900.0,263.0,0.0,454.0,27.0,44100.0,5200.0,32032.0,7873.0,0.0059283637265288,0.9940716362734712,0.0,1.0,0.0139752508773009,0.986024749122699,0.0034177215189873,0.9965822784810128
3,active,3,blue,24,18-24,22.0,152.08,6.912727272727273,13591.32,8008.68,111,122.44432432432431,0.0189893965047923,0.00274701948386,27.0,220.28,8.158518518518518,0.0275051569047583,0.0033713420938281,18.0,128.96,7.164444444444445,0.0161025287562994,0.0022475613958854,99,17727.04,179.0610101010101,2.2134783759620813,0.01236158767737,,,,,,129.0,1129.36,8.754728682170542,0.1410169965587337,0.0161075233371791,11.0,40.72,3.7018181818181817,0.0050844833355808,0.00137350974193,11.0,92.48,8.407272727272728,0.0115474709939715,0.00137350974193,8.0,32.32,4.04,0.0040356213508343,0.000998916175949,78.0,309.92,3.9733333333333336,0.0386980126562679,0.0097394327155036,20.0,45.24,2.262,0.0056488709749921,0.0024972904398727,8.4,8.0,1.05,0.0,0.0,0.0,0.0010488619847465,0.000998916175949,0.0,0.0,1.0,0.0,1.0,0.0,176.39775677155015,4814.0,0.0366426582408704,0.0060680176814545,1.976078337212018,0.032735253296314,0.6010978088773681,339894,290552.3333333333,4301,0.8548321927816711,0.0126539450534578,29392.0,3139.0,8776.0,3824.0,640.0,0.0,0.0,0.0,28752.0,3139.0,8776.0,3824.0,0.0217746325530756,0.9782253674469245,0.0,1.0,0.0,1.0,0.0,1.0
3,active,3,green,18,12-18,11.0,67.8,6.163636363636363,19425.4,2174.5999999999985,373,52.07882037533513,0.0311781477053251,0.0050584015451117,8.0,44.84,5.605,0.0206198841166191,0.0036788374873539,5.0,32.24,6.448,0.0148257150740366,0.0022992734295962,32,21418.6,669.33125,9.849443575830044,0.0147153499494159,3.0,7.72,2.5733333333333333,0.0035500781752966,0.0013795640577577,71.0,583.72,8.221408450704226,0.2684263772647845,0.0326496827002667,5.0,9.56,1.912,0.004396210797388,0.0022992734295962,5.0,49.52,9.904,0.0227720040467212,0.0022992734295962,4.0,18.92,4.73,0.0087004506575922,0.0018394187436769,15.0,60.56,4.037333333333334,0.0278487997792697,0.0068978202887887,,,,,,0.0,0.0,0.0,7.0,7.0,1.0,0.0,0.0,0.0032189828014347,0.0032189828014347,0.0,1.0,0.0,1.0,91.1424400188462,1878.0,0.048531650702261,0.0095004755800795,1.905418749970525,0.042693259705834,0.8636071001563512,486008,382594.33333333326,1417,0.787218180221999,0.0029155898668334,14908.0,1720.0,1940.0,1706.0,359.0,0.0,195.0,27.0,14549.0,1720.0,1745.0,1679.0,0.0240810303192916,0.9759189696807083,0.0,1.0,0.1005154639175257,0.8994845360824743,0.0158264947245017,0.9841735052754984
3,active,3,green,24,18-24,14.0,69.92,4.994285714285715,16417.08,5182.919999999998,268,61.257761194029854,0.0134904648344948,0.0027011800297901,7.0,32.56,4.651428571428572,0.0062821729835691,0.001350590014895,7.0,43.76,6.251428571428571,0.0084431170074012,0.001350590014895,26,18359.2,706.123076923077,3.542250314494533,0.0050164771981817,1.0,2.92,2.92,0.0005633889776419,0.0001929414306992,65.0,612.12,9.41723076923077,0.1181033085596536,0.0125411929954543,6.0,11.24,1.8733333333333333,0.00216866168106,0.0011576485841957,13.0,108.32,8.332307692307692,0.0208994157733478,0.0025082385990908,1.0,14.64,14.64,0.0028246625454377,0.0001929414306992,24.0,112.24,4.676666666666667,0.021655746181689,0.0046305943367831,1.0,3.36,3.36,0.0006482832071496,0.0001929414306992,0.0,0.0,0.0,2.6,3.0,0.8666666666666667,0.0,0.0,0.0005016477198181,0.0005788242920978,0.0,1.0,0.0,1.0,72.46853980277808,1894.0,0.0382621646265987,0.0074943099435907,1.968775700339064,0.0328222402530229,0.3654310697444685,410695,341061.6666666666,949,0.8304500095366796,0.0023107171988945,15655.0,3088.0,1922.0,1762.0,393.0,86.0,93.0,390.0,15262.0,3002.0,1829.0,1372.0,0.0251038007026509,0.974896199297349,0.0278497409326424,0.9721502590673576,0.0483870967741935,0.9516129032258064,0.2213393870601589,0.7786606129398411
3,active,3,red,18,12-18,32.0,164.04,5.12625,18736.64,2863.3600000000006,89,210.52404494382023,0.0572893383996423,0.0111756817165847,44.0,296.08,6.729090909090909,0.1034029950827,0.0153665623603039,29.0,206.2,7.110344827586206,0.0720132990612427,0.0101279615556548,79,20862.12,264.0774683544304,7.285887907912381,0.0275899642378185,5.0,7.6,1.52,0.0026542244076888,0.0017462002682163,118.0,752.8,6.379661016949152,0.2629079123826552,0.0412103263299061,27.0,235.2,8.71111111111111,0.0821412606168976,0.0094294814483683,16.0,119.08,7.4425,0.0415875055878408,0.0055878408582923,11.0,28.4,2.5818181818181816,0.0099184175234689,0.0038416405900759,59.0,211.88,3.591186440677966,0.0739969825659365,0.020605163164953,2.0,4.84,2.42,0.0016903218596334,0.0006984801072865,0.0,0.0,0.0,1.6,2.0,0.8,0.0,0.0,0.0005587840858292,0.0006984801072865,0.0,1.0,0.0,1.0,108.14846531654143,2780.0,0.0389023256534321,0.0053225552488584,1.9543247672723945,0.0367787530151409,0.9708873491282968,468505,366469.6666666666,6802,0.7822107910623507,0.014518521680665,24845.0,3714.0,12630.0,4133.0,1825.0,0.0,696.0,1.0,23020.0,3714.0,11934.0,4132.0,0.0734554236264842,0.9265445763735158,0.0,1.0,0.0551068883610451,0.9448931116389548,0.0002419549963706,0.9997580450036292
3,active,3,red,24,18-24,6.0,36.08,6.013333333333333,17262.52,4337.48,63,274.008253968254,0.0083181939743814,0.0013832916808838,13.0,82.04,6.310769230769231,0.0189142082499515,0.0029971319752483,4.0,35.96,8.99,0.0082905281407637,0.0009221944539225,28,18334.96,654.8199999999999,4.227099606222969,0.0064553611774578,1.0,1.12,1.12,0.0002582144470983,0.0002305486134806,64.0,370.08,5.7825,0.0853214308769147,0.0147551112627608,3.0,4.0,1.3333333333333333,0.0009221944539225,0.0006916458404419,12.0,90.32,7.526666666666666,0.0208231507695712,0.0027665833617676,2.0,11.12,5.56,0.0025637005819047,0.0004610972269612,12.0,37.16,3.0966666666666662,0.0085671864769405,0.0027665833617676,1.0,2.2,2.2,0.0005072069496574,0.0002305486134806,0.0,0.0,0.0,1.0,1.0,1.0,0.0,0.0,0.0002305486134806,0.0002305486134806,0.0,1.0,0.0,1.0,49.4948222589694,1182.0,0.0418737920972668,0.0050535840828044,2.0548250692254117,0.0330323022477459,0.2725084611341147,431626,348656.3333333333,6308,0.8077741686861619,0.0146145042235639,9419.0,2550.0,2967.0,908.0,405.0,110.0,78.0,0.0,9014.0,2440.0,2889.0,908.0,0.042998195137488,0.957001804862512,0.0431372549019607,0.9568627450980391,0.0262891809908999,0.9737108190091,0.0,1.0
3,active,3,yellow,18,12-18,27.0,164.76,6.102222222222222,17398.72,4201.279999999999,194,89.6841237113402,0.0392166196968543,0.0064266128418005,21.0,111.2,5.295238095238095,0.0264681240003046,0.0049984766547337,10.0,52.08,5.208,0.0123962221037398,0.0023802269784446,63,21196.44,336.45142857142855,5.045233833498363,0.0149954299642013,6.0,13.92,2.32,0.0033132759539949,0.0014281361870667,95.0,1536.88,16.177684210526316,0.3658123238632037,0.0226121562952243,32.0,261.52,8.1725,0.0622476959402848,0.0076167263310229,6.0,21.12,3.52,0.0050270393784751,0.0014281361870667,14.0,132.28,9.448571428571428,0.031485642470866,0.0033323177698225,52.0,170.2,3.273076923076923,0.0405114631731282,0.0123771802879122,3.0,6.6,2.1999999999999997,0.0015709498057734,0.0007140680935333,0.0,0.0,0.0,7.6,7.0,1.0857142857142856,0.0,0.0,0.0018089725036179,0.0016661588849112,0.0,1.0,0.0,1.0,130.39194770826626,4028.0,0.0323713872165507,0.0051945430152209,2.0327323303437304,0.0301608235592477,0.9587554269175113,435162,353540.99999999994,1173,0.8124353688971002,0.002695547864933,45087.0,3855.0,4113.0,4146.0,1909.0,0.0,393.0,53.0,43178.0,3855.0,3720.0,4093.0,0.0423403641847982,0.9576596358152016,0.0,1.0,0.0955506929248723,0.9044493070751276,0.0127834056922334,0.9872165943077664
3,active,3,yellow,24,18-24,16.0,399.96,24.9975,14172.72,7427.280000000001,140,101.23371428571429,0.0538501308689048,0.0021542206568218,19.0,172.72,9.090526315789472,0.0232548119903921,0.0025581370299759,11.0,74.6,6.781818181818181,0.010044053812432,0.001481026701565,61,17728.76,290.63540983606555,2.3869788132398395,0.0082129662541334,,,,,,108.0,1537.2,14.233333333333334,0.2069667496041619,0.0145409894335476,12.0,45.24,3.77,0.0060910589071638,0.0016156654926164,10.0,149.8,14.98,0.0201688908994948,0.0013463879105136,11.0,58.64,5.330909090909091,0.0078952187072521,0.001481026701565,51.0,184.72,3.6219607843137256,0.0248704774830085,0.0068665783436197,4.0,10.0,2.5,0.0013463879105136,0.0005385551642054,0.0,0.0,0.0,4.8,4.0,1.2,0.0,0.0,0.0006462661970465,0.0005385551642054,0.0,1.0,0.0,1.0,98.093690322346,4224.0,0.0232229380497978,0.0045024916586035,2.129952166588051,0.0214425872747463,0.5687142534009758,354458,308094.99999999994,1532,0.8692003001766075,0.0043220917569923,39681.0,5232.0,6213.0,10015.0,865.0,196.0,171.0,390.0,38816.0,5036.0,6042.0,9625.0,0.0217988457952168,0.9782011542047832,0.0374617737003058,0.9625382262996942,0.0275229357798165,0.9724770642201837,0.0389415876185721,0.961058412381428
3,active,4,blue,18,12-18,243.0,1603.04,6.596872427983539,9646.84,11953.16,161,59.918260869565216,0.1341101432591883,0.0203293522382365,56.0,295.68,5.28,0.0247365550197604,0.0046849536022273,72.0,319.56,4.4383333333333335,0.0267343530915674,0.0060235117742923,384,17757.92,46.24458333333333,1.485625558429737,0.032125396129559,21.0,48.0,2.2857142857142856,0.0040156745161948,0.0017568576008352,10.0,42.76,4.276,0.0035772967148436,0.0008365988575406,131.0,778.44,5.942290076335878,0.0651242014663904,0.0109594450337818,39.0,231.04,5.924102564102564,0.019328780004618,0.0032627355444083,29.0,193.16,6.660689655172414,0.0161597435322542,0.0024261366868677,199.0,962.32,4.835778894472362,0.080507581258847,0.0166483172650579,12.0,26.56,2.213333333333334,0.0022220065656278,0.0010039186290487,31.6,33.0,0.9575757575757576,0.0,0.0,0.0,0.0026436523898282,0.0027607762298839,0.0,0.0,1.0,0.0,1.0,0.0,494.32613321676945,11798.0,0.0418991467381564,0.0109838207964784,1.9883959837340583,0.0383406319675502,0.9870193321264,241332,190503.3333333333,8304,0.789382814269692,0.034409029884143,20671.0,10673.0,15509.0,40319.0,1822.0,611.0,3050.0,8111.0,18849.0,10062.0,12459.0,32208.0,0.0881428087659039,0.911857191234096,0.0572472594397076,0.9427527405602923,0.1966600038687214,0.8033399961312786,0.2011706639549592,0.7988293360450408
3,active,4,blue,24,18-24,165.0,1093.76,6.6288484848484845,12690.52,8909.48,165,76.91224242424242,0.1227636180787206,0.0185195993481101,39.0,156.88,4.022564102564102,0.0176082105801909,0.0043773598459169,47.0,218.0,4.638297872340425,0.0244683191387151,0.0052752798143101,273,18498.16,67.75882783882784,2.076233405316584,0.0306415189214185,10.0,19.64,1.964,0.0022043935224053,0.0011223999604915,11.0,38.24,3.4763636363636365,0.0042920574489195,0.0012346399565406,83.0,381.56,4.59710843373494,0.0428262928925144,0.0093159196720796,24.0,127.0,5.291666666666667,0.0142544794982423,0.0026937599051796,26.0,165.44,6.363076923076923,0.0185689849463717,0.0029182398972779,123.0,542.04,4.406829268292682,0.0608385674584824,0.0138055195140457,9.0,21.88,2.431111111111111,0.0024558111135554,0.0010101599644423,47.6,47.0,1.0127659574468086,1.6,2.0,0.8,0.0053426238119396,0.0052752798143101,0.0001795839936786,0.0002244799920983,0.967479674796748,0.032520325203252,0.9591836734693876,0.0408163265306122,364.3936015277873,8396.0,0.0434008577331809,0.0128859702934132,1.96585030169946,0.0387489642430095,0.9423670068286814,317428,193249.66666666663,37212,0.6087984256797341,0.1172297339869198,10589.0,7361.0,9458.0,27509.0,2031.0,452.0,1384.0,6812.0,8558.0,6909.0,8074.0,20697.0,0.1918028142411937,0.8081971857588063,0.0614047004483086,0.9385952995516912,0.146331148234299,0.853668851765701,0.2476280490021447,0.7523719509978553
3,active,4,green,18,12-18,119.0,969.4,8.146218487394957,11813.52,9786.48,256,46.1465625,0.0990550228478472,0.0121596324725539,48.0,398.96,8.311666666666666,0.0407664451365557,0.004904725703215,28.0,233.16,8.327142857142857,0.023824705103367,0.0028610899935421,261,18654.88,71.47463601532567,1.9061889463831736,0.0266694460112318,9.0,18.96,2.106666666666667,0.0019373666527699,0.0009196360693528,14.0,44.08,3.148571428571429,0.0045041731041191,0.001430544996771,133.0,1192.68,8.967518796992481,0.1218701719106359,0.013590177469325,26.0,170.2,6.546153846153846,0.0173913398893166,0.0026567264225748,16.0,62.52,3.9075,0.0063884052284376,0.0016349085677383,99.0,452.92,4.574949494949495,0.0462801742812533,0.010115996762881,3.0,7.08,2.36,0.0007234470412242,0.0003065453564509,0.8,1.0,0.8,9.4,10.0,0.94,8.174542838691748e-05,0.0001021817854836,0.0009605087835462,0.0010218178548364,0.0784313725490196,0.9215686274509804,0.0909090909090909,0.9090909090909092,313.75830781110153,9583.0,0.0327411361589378,0.0091551102199255,2.0994438100690043,0.0307558627723317,0.9792080502897876,295594,213301.66666666663,32297,0.7216035057094077,0.1092613517189117,31066.0,5860.0,15879.0,24354.0,2060.0,587.0,3352.0,5824.0,29006.0,5273.0,12527.0,18530.0,0.0663104358462628,0.9336895641537372,0.1001706484641638,0.8998293515358362,0.2110964166509226,0.7889035833490774,0.2391393610905806,0.7608606389094194
3,active,4,green,24,18-24,168.0,1616.92,9.62452380952381,9525.76,12074.24,317,30.049716088328076,0.133914846814375,0.0139139192197604,51.0,254.88,4.997647058823529,0.0211094031591222,0.0042238683345701,44.0,258.92,5.884545454545455,0.0214439997879783,0.0036441217004134,305,17385.52,57.001704918032786,1.4398852432948162,0.025260389059684,15.0,27.32,1.8213333333333332,0.0022626682921658,0.00124231421605,5.0,7.6,1.52,0.0006294392027986,0.0004141047386833,63.0,177.44,2.8165079365079366,0.0146957489663945,0.0052177197074101,24.0,188.32,7.846666666666667,0.0155968408777695,0.00198770274568,21.0,155.64,7.411428571428571,0.0128902523057351,0.00173923990247,175.0,835.68,4.775314285714286,0.0692118096045796,0.0144936658539171,10.0,23.6,2.3600000000000003,0.0019545743665853,0.0008282094773666,9.2,8.0,1.15,30.6,31.0,0.9870967741935484,0.0007619527191773,0.0006625675818933,0.002534321000742,0.0025674493798367,0.2311557788944723,0.7688442211055277,0.2051282051282051,0.7948717948717948,385.4985940472517,11488.0,0.0335566324901855,0.0084167819111298,2.0290369330147975,0.0300434238085025,0.9514470475988552,238461,163339.66666666666,17940,0.6849743424151817,0.0752324279441921,4694.0,8644.0,12940.0,40591.0,655.0,529.0,2317.0,10241.0,4039.0,8115.0,10623.0,30350.0,0.1395398380911802,0.8604601619088198,0.0611985192040721,0.9388014807959278,0.1790571870170015,0.8209428129829984,0.2522973072848661,0.7477026927151339
3,active,4,red,18,12-18,120.0,968.68,8.072333333333333,11992.96,9607.04,71,168.9149295774648,0.1008302245020318,0.0124908400506295,33.0,237.44,7.195151515151515,0.0247152088468456,0.0034349810139231,40.0,370.96,9.274,0.0386133502098461,0.0041636133502098,200,19180.68,95.9034,1.9965233828525744,0.0208180667510492,27.0,69.52,2.5748148148148147,0.0072363600026647,0.0028104390113916,9.0,37.76,4.195555555555555,0.003930451002598,0.0009368130037972,230.0,4326.84,18.812347826086956,0.4503822197055492,0.0239407767637066,23.0,238.76,10.380869565217392,0.0248526080874025,0.0023940776763706,19.0,105.6,5.557894736842105,0.0109919392445539,0.0019777163413496,143.0,582.44,4.073006993006993,0.0606263739924055,0.0148849177270001,5.0,12.4,2.48,0.001290720138565,0.0005204516687762,0.8,1.0,0.8,15.4,17.0,0.9058823529411764,8.327226700419692e-05,0.0001040903337552,0.0016029911398307,0.0017695356738391,0.0493827160493827,0.9506172839506174,0.0555555555555555,0.9444444444444444,274.0826857853538,9539.0,0.0287328531067568,0.0080992855966497,2.1681295165228702,0.0269232164161038,0.992917693691293,299895,226038.0,8657,0.753723803331166,0.0288667700361793,109354.0,8651.0,15283.0,24337.0,4387.0,280.0,3111.0,5759.0,104967.0,8371.0,12172.0,18578.0,0.0401174168297455,0.9598825831702544,0.0323662004392555,0.9676337995607444,0.203559510567297,0.796440489432703,0.2366355754612318,0.7633644245387682
3,active,4,red,24,18-24,146.0,1209.88,8.286849315068494,9930.8,11669.2,120,82.75666666666666,0.1036814863058307,0.0125115689164638,30.0,212.88,7.096,0.0182428958283344,0.0025708703253007,33.0,216.84,6.570909090909091,0.0185822507112741,0.0028279573578308,228,18362.84,80.53877192982456,1.573616014808213,0.019538614472286,11.0,32.24,2.930909090909091,0.0027628286429232,0.0009426524526102,8.0,34.96,4.37,0.0029959208857505,0.0006855654200802,214.0,3024.8,14.134579439252338,0.2592122853323278,0.0183388749871456,15.0,178.48,11.898666666666664,0.0152949645219895,0.0012854351626503,39.0,276.16,7.081025641025642,0.0236657183011688,0.003342131422891,162.0,780.04,4.815061728395062,0.0668460562849209,0.0138826997566242,19.0,47.24,2.4863157894736845,0.0040482638055736,0.0016282178726905,19.6,19.0,1.0315789473684212,25.0,24.0,1.0416666666666667,0.0016796352791965,0.0016282178726905,0.0021423919377506,0.0020566962602406,0.4394618834080717,0.5605381165919282,0.4418604651162791,0.5581395348837209,343.87836754823013,11203.0,0.0306952037443747,0.007263386217311,2.1087225931202265,0.0281761595123606,0.9600486751448256,248390,173804.66666666663,14556,0.6997248949904047,0.0586013929707315,76716.0,11420.0,10806.0,30393.0,4171.0,187.0,1584.0,8075.0,72545.0,11233.0,9222.0,22318.0,0.0543693623233745,0.9456306376766256,0.0163747810858143,0.9836252189141856,0.1465852304275402,0.8534147695724598,0.265686177738295,0.734313822261705
3,active,4,yellow,18,12-18,45.0,323.44,7.187555555555556,14381.52,7218.48,308,46.693246753246754,0.0448072170318405,0.006233999401536,22.0,192.04,8.729090909090909,0.0266039387793552,0.0030477330407509,39.0,213.6,5.476923076923077,0.0295907171592911,0.0054027994813312,130,20081.44,154.47261538461538,2.7819485542662723,0.0180093316044375,19.0,50.36,2.650526315789474,0.006976537996919,0.0026321330806485,9.0,30.52,3.391111111111111,0.0042280369274417,0.0012467998803072,237.0,2241.08,9.45603375527426,0.3104642528620984,0.0328323968480899,10.0,68.36,6.836,0.0094701377575334,0.0013853332003413,28.0,118.88,4.2457142857142856,0.0164688410856579,0.0038789329609557,57.0,198.92,3.4898245614035086,0.02755704802119,0.0078963992419456,5.0,10.72,2.144,0.0014850771907659,0.0006926666001706,0.8,1.0,0.8,9.2,9.0,1.022222222222222,0.0001108266560273,0.0001385333200341,0.001274506544314,0.0012467998803072,0.08,0.92,0.1,0.9,215.79949150702004,6970.0,0.0309611895992855,0.0069951177372956,2.2185998830584004,0.0284891407215287,0.9655772406379184,359846,230309.0,58443,0.6400210089871778,0.1624111425443106,57036.0,4719.0,10202.0,8131.0,5341.0,336.0,2479.0,1661.0,51695.0,4383.0,7723.0,6470.0,0.0936426116838488,0.9063573883161512,0.0712015257469803,0.9287984742530198,0.2429915702803372,0.7570084297196628,0.2042799163694502,0.7957200836305498
3,active,4,yellow,24,18-24,70.0,568.52,8.121714285714285,12629.04,8970.96,307,41.13693811074919,0.063373373641171,0.0078029553135896,24.0,172.24,7.176666666666667,0.0191997289030382,0.0026752989646593,28.0,173.96,6.2128571428571435,0.0193914586621721,0.0031211821254358,138,19981.12,144.79072463768117,2.2273112353638855,0.0153829690467909,4.0,7.88,1.97,0.0008783898267298,0.0004458831607765,7.0,23.96,3.422857142857143,0.0026708401330515,0.0007802955313589,251.0,3861.92,15.386135458167333,0.4304912740665436,0.0279791683387285,16.0,152.12,9.5075,0.0169569366043322,0.0017835326431062,50.0,211.4,4.228,0.0235649250470406,0.0055735395097068,70.0,299.48,4.2782857142857145,0.0333832722473403,0.0078029553135896,8.0,17.36,2.17,0.0019351329177702,0.0008917663215531,0.0,0.0,0.0,19.2,17.0,1.1294117647058823,0.0,0.0,0.0021402391717274,0.0018950034333003,0.0,1.0,0.0,1.0,245.07226599462032,8408.0,0.0291475102277141,0.0065373408931974,2.2288546524038177,0.0254350691021237,0.9372464039523084,316033,180935.33333333337,43244,0.5725203802556484,0.136833811658909,97405.0,9154.0,8707.0,14283.0,4720.0,126.0,1586.0,5293.0,92685.0,9028.0,7121.0,8990.0,0.0484574713823725,0.9515425286176274,0.0137644745466462,0.9862355254533536,0.1821522912599058,0.8178477087400942,0.3705804102779528,0.6294195897220471
3,active,5,blue,18,12-18,106.0,639.76,6.0354716981132075,10286.4,11313.6,131,78.52213740458015,0.056547871588177,0.0093692547023051,106.0,818.28,7.719622641509433,0.0723271107339838,0.0093692547023051,121.0,713.6,5.897520661157025,0.0630745297694809,0.0106950926318766,298,18668.8,62.64697986577181,1.6501202093056144,0.0263399802008202,15.0,26.56,1.7706666666666666,0.0023476170272945,0.0013258379295714,44.0,179.92,4.089090909090909,0.0159029840192334,0.0038891245934097,219.0,2599.28,11.868858447488586,0.229748267571772,0.0193572337717437,23.0,185.6,8.069565217391304,0.0164050346485645,0.0020329514920096,30.0,220.64,7.354666666666666,0.0195021920520435,0.0026516758591429,145.0,653.44,4.50648275862069,0.0577570357799462,0.012816433319191,14.0,35.44,2.531428571428571,0.0031325130816009,0.0012374487342667,16.8,16.0,1.05,15.4,16.0,0.9625,0.00148493848112,0.0014142271248762,0.0013611936076933,0.0014142271248762,0.5217391304347826,0.4782608695652173,0.5,0.5,422.6848958513252,11177.0,0.0378173835422139,0.008167464740654,2.1461660800168616,0.0352184338944334,0.987926035921369,257291,150436.3333333333,29026,0.584693336857229,0.1128138955501747,69743.0,10209.0,38524.0,16100.0,11011.0,200.0,8742.0,4938.0,58732.0,10009.0,29782.0,11162.0,0.1578796438352236,0.8421203561647764,0.0195905573513566,0.9804094426486434,0.2269234762745301,0.7730765237254699,0.3067080745341615,0.6932919254658385
3,active,5,blue,24,18-24,75.0,531.72,7.089600000000001,13766.04,7833.959999999999,112,122.91107142857145,0.0678737190386471,0.0095737021889312,65.0,591.88,9.105846153846151,0.0755531046877951,0.0082972085637404,62.0,312.72,5.043870967741936,0.0399185086469678,0.0079142604761831,174,19660.16,112.98942528735633,2.5096068910231866,0.0222109890783205,7.0,10.76,1.5371428571428571,0.0013735071407053,0.0008935455376335,20.0,183.88,9.194,0.023472164780009,0.0025529872503816,139.0,1734.12,12.475683453237409,0.2213593125315932,0.0177432613901526,12.0,140.36,11.696666666666667,0.0179168645231785,0.001531792350229,15.0,129.12,8.608,0.016482085688464,0.0019147404377862,92.0,486.16,5.2843478260869565,0.0620580140822776,0.0117437413517556,14.0,35.36,2.525714285714286,0.0045136814586747,0.0017870910752671,18.4,18.0,1.022222222222222,6.0,6.0,1.0,0.0023487482703511,0.0022976885253435,0.0007658961751145,0.0007658961751145,0.7540983606557377,0.2459016393442623,0.75,0.25,248.0736166394959,7713.0,0.0321630515544529,0.0060923084320072,2.158299334760584,0.0290238325565359,0.9845595331096918,344263,280200.0,23119,0.8139126191313036,0.0671550529682248,48109.0,6764.0,22742.0,13368.0,3305.0,551.0,7514.0,3480.0,44804.0,6213.0,15228.0,9888.0,0.0686981645845891,0.9313018354154108,0.0814606741573033,0.9185393258426966,0.3304018995690792,0.6695981004309207,0.2603231597845601,0.7396768402154399
3,active,5,green,18,12-18,61.0,742.72,12.175737704918031,9455.52,12144.48,313,30.20932907348243,0.0611570030170085,0.0050228581215498,46.0,400.96,8.716521739130433,0.0330158228265022,0.0037877290752671,105.0,1275.48,12.147428571428572,0.1050254930635152,0.0086459033239792,265,18881.56,71.25116981132076,1.5547442130087086,0.0218206131509953,1.0,1.48,1.48,0.0001218660658998,8.234193641885038e-05,59.0,649.44,11.007457627118646,0.0534761471878581,0.0048581742487121,187.0,2494.24,13.338181818181816,0.2053805514933533,0.015397942110325,24.0,230.68,9.611666666666666,0.0189946378931004,0.0019762064740524,16.0,147.8,9.2375,0.012170138202706,0.0013174709827016,121.0,491.88,4.065123966942148,0.0405023516857041,0.0099633743066808,13.0,28.72,2.209230769230769,0.0023648604139493,0.001070445173445,0.0,0.0,0.0,6.8,6.0,1.1333333333333333,0.0,0.0,0.0005599251676481,0.0004940516185131,0.0,1.0,0.0,1.0,377.2523233810207,11905.0,0.0316885613927778,0.0060119173145771,2.1934476744470173,0.0306697045358071,0.9802807530664136,236701,118788.99999999996,50710,0.5018525481514652,0.2142365262504172,78825.0,9502.0,42062.0,18629.0,12636.0,520.0,11129.0,6914.0,66189.0,8982.0,30933.0,11715.0,0.1603044719314938,0.8396955280685062,0.0547253209850557,0.9452746790149442,0.2645856117160382,0.7354143882839618,0.371141768210854,0.6288582317891459
3,active,5,green,24,18-24,33.0,535.96,16.241212121212122,14041.32,7558.68,194,72.37793814432989,0.0709065604047267,0.0043658416548921,33.0,456.24,13.825454545454546,0.0603597453523631,0.0043658416548921,57.0,648.56,11.378245614035087,0.0858033413241465,0.0075409992220863,145,19978.52,137.78289655172415,2.643122873305921,0.019183243635132,,,,,,6.0,51.96,8.66,0.0068742161329755,0.0007937893917985,129.0,1495.44,11.592558139534884,0.1978440680118751,0.0170664719236692,11.0,89.04,8.094545454545456,0.0117798345742907,0.0014552805516307,11.0,114.04,10.367272727272727,0.0150872903734514,0.0014552805516307,68.0,307.88,4.527647058823529,0.0407319796578238,0.0089962797737171,9.0,21.56,2.395555555555555,0.0028523498811961,0.0011906840876978,0.0,0.0,0.0,4.8,5.0,0.96,0.0,0.0,0.0006350315134388,0.0006614911598321,0.0,1.0,0.0,1.0,194.7614607937504,7392.0,0.0263476002156047,0.0052749694670635,2.2019100729503265,0.0250841353040318,0.9779485306958358,351227,274158.0,21957,0.780572108636295,0.0625151255455873,38820.0,5099.0,27710.0,13432.0,1669.0,313.0,8329.0,1745.0,37151.0,4786.0,19381.0,11687.0,0.0429933024214322,0.9570066975785676,0.0613845852127868,0.9386154147872132,0.3005774088776615,0.6994225911223385,0.1299136390708755,0.8700863609291245
3,active,5,red,18,12-18,143.0,1187.84,8.306573426573426,9333.32,12266.68,116,80.45965517241379,0.0968346773536115,0.0116575960243521,77.0,460.8,5.984415584415585,0.0375651765595907,0.0062771670900357,74.0,525.72,7.104324324324325,0.0428575621113455,0.0060326021384759,322,17777.6,55.20993788819875,1.4492592942833755,0.0262499714674223,9.0,15.8,1.7555555555555555,0.0012880420782151,0.0007336948546795,83.0,608.16,7.32722891566265,0.0495782069802098,0.0067662969931554,184.0,2247.08,12.212391304347824,0.1831856704503582,0.0149999836956698,28.0,226.76,8.098571428571429,0.0184858494719027,0.0022826062145584,48.0,413.32,8.610833333333334,0.0336945285929037,0.0039130392249573,175.0,738.12,4.217828571428571,0.0601727606817818,0.0142662888409903,24.0,56.4,2.35,0.0045978210893249,0.0019565196124786,34.6,34.0,1.0176470588235291,1.0,1.0,1.0,0.0028206491079901,0.0027717361176781,8.152165051994509e-05,8.152165051994509e-05,0.9719101123595506,0.0280898876404494,0.9714285714285714,0.0285714285714285,397.4184517097573,12153.0,0.0327012632033043,0.0079512659464375,2.0616220809551415,0.0316574514543288,0.9907326187688926,233449,135392.66666666666,28720,0.5799667878922876,0.1230247291699686,71648.0,16078.0,24814.0,29839.0,6941.0,109.0,4311.0,6902.0,64707.0,15969.0,20503.0,22937.0,0.0968763957123716,0.9031236042876284,0.0067794501803706,0.9932205498196292,0.1737325703232046,0.8262674296767953,0.2313080197057542,0.7686919802942458
3,active,5,red,24,18-24,86.0,1207.96,14.046046511627909,13355.0,8245.0,89,150.0561797752809,0.1465081867798666,0.0104305639781685,46.0,299.16,6.503478260869565,0.0362838083687083,0.0055791388720436,43.0,370.96,8.626976744186045,0.0449921164342025,0.0052152819890842,184,18824.08,102.30478260869566,2.283090357792602,0.0223165554881746,3.0,4.0,1.3333333333333333,0.0004851425106124,0.0003638568829593,24.0,120.32,5.013333333333333,0.0145930867192237,0.0029108550636749,120.0,1368.88,11.407333333333334,0.1660254699818071,0.0145542753183747,13.0,67.8,5.2153846153846155,0.0082231655548817,0.0015767131594906,28.0,187.44,6.694285714285714,0.0227337780473013,0.0033959975742874,144.0,665.16,4.619166666666667,0.0806743480897513,0.0174651303820497,10.0,25.4,2.54,0.0030806549423893,0.0012128562765312,11.6,11.0,1.0545454545454545,1.6,2.0,0.8,0.0014069132807762,0.0013341419041843,0.0001940570042449,0.0002425712553062,0.8787878787878788,0.1212121212121212,0.8461538461538461,0.1538461538461538,235.22565791476725,8157.0,0.0288372757036615,0.0069093163458345,2.119987345221546,0.0269925824794336,0.9893268647665252,333964,274049.6666666667,19999,0.8205964315515046,0.0598837000395252,37374.0,6422.0,16842.0,30285.0,3788.0,570.0,5273.0,3800.0,33586.0,5852.0,11569.0,26485.0,0.1013538823781238,0.8986461176218762,0.0887573964497041,0.9112426035502958,0.3130863317895737,0.6869136682104263,0.1254746574211656,0.8745253425788344
3,active,5,yellow,18,12-18,86.0,486.16,5.653023255813954,9035.92,12564.08,291,31.05127147766323,0.0386944368389886,0.0068449102520837,52.0,417.4,8.026923076923076,0.0332216923165086,0.0041387829431203,150.0,2132.56,14.217066666666666,0.1697346721765541,0.0119387969513088,279,18656.44,66.8689605734767,1.4849029932951716,0.0222061623294343,10.0,17.0,1.7,0.0013530636544816,0.0007959197967539,48.0,256.52,5.344166666666666,0.0204169346263315,0.0038204150244188,242.0,2950.52,12.192231404958678,0.2348377278718378,0.0192612590814448,31.0,194.4,6.270967741935484,0.0154726808488962,0.0024673513699371,25.0,257.76,10.3104,0.020515628681129,0.0019897994918848,146.0,605.6,4.147945205479452,0.0482009028914174,0.0116204290326072,11.0,27.64,2.5127272727272727,0.0021999223182278,0.0008755117764293,0.8,1.0,0.8,29.0,28.0,1.0357142857142858,6.367358374031365e-05,7.959197967539207e-05,0.0023081674105863,0.0022285754309109,0.0268456375838926,0.9731543624161072,0.0344827586206896,0.9655172413793104,395.6690182892035,12310.0,0.0321420810957923,0.0068648366455488,2.1940407467429366,0.0293334446519819,0.9797772698040764,226189,140785.33333333334,11919,0.6224234305529153,0.052694870219153,80466.0,11360.0,63951.0,12240.0,12519.0,459.0,12609.0,2932.0,67947.0,10901.0,51342.0,9308.0,0.155581239281187,0.8444187607188129,0.0404049295774647,0.9595950704225352,0.1971665806633203,0.8028334193366796,0.2395424836601307,0.7604575163398692
3,active,5,yellow,24,18-24,27.0,150.4,5.57037037037037,15294.44,6305.5599999999995,207,73.88618357487923,0.0238519655668965,0.004281935307887,24.0,197.92,8.246666666666666,0.0313881717087776,0.0038061647181217,65.0,1523.8,23.443076923076923,0.2416597415614156,0.0103083627782465,126,19747.04,156.7225396825397,3.1316869556391507,0.0199823647701393,1.0,1.52,1.52,0.0002410570988143,0.0001585901965884,4.0,20.76,5.19,0.0032923324811753,0.0006343607863536,112.0,1568.44,14.003928571428572,0.2487392079371221,0.0177621020179016,8.0,42.4,5.3,0.0067242243353484,0.0012687215727072,15.0,174.44,11.629333333333332,0.0276644738928818,0.0023788529488261,71.0,274.92,3.8721126760563385,0.043599616846085,0.0112599039577769,11.0,26.28,2.389090909090909,0.0041677503663433,0.0017444921624724,0.0,0.0,0.0,17.6,16.0,1.1,0.0,0.0,0.0027911874599559,0.0025374431454145,0.0,1.0,0.0,1.0,164.61710768445224,6135.0,0.0268324543902937,0.0044966108882172,2.1872181216495226,0.0248809867886034,0.9729508560698812,382568,299590.3333333333,14862,0.7831034831280539,0.0388479956504464,39846.0,5444.0,43132.0,3787.0,1350.0,428.0,10630.0,793.0,38496.0,5016.0,32502.0,2994.0,0.0338804396928173,0.9661195603071826,0.0786186627479794,0.9213813372520204,0.2464527496985996,0.7535472503014004,0.2094005809347768,0.7905994190652231
3,active,6,blue,18,12-18,81.0,1137.8,14.046913580246914,11301.84,10298.16,175,64.58194285714286,0.110485756678863,0.0078654827658533,58.0,626.92,10.80896551724138,0.0608768945131945,0.0056320740792529,63.0,657.48,10.436190476190475,0.0638444149246078,0.0061175977067748,232,18273.72,78.76603448275863,1.774464564543569,0.0225282963170119,4.0,7.84,1.96,0.0007613010479541,0.0003884189020174,241.0,1814.28,7.528132780082988,0.1761751613880537,0.0234022388465512,11.0,78.44,7.130909090909091,0.0076168946685621,0.0010681519805479,34.0,278.52,8.191764705882353,0.0270456081474748,0.0033015606671483,10.0,64.08,6.4079999999999995,0.0062224708103195,0.0009710472550436,121.0,491.88,4.065123966942148,0.0477638723810855,0.0117496717860277,12.0,30.04,2.5033333333333334,0.002917025954151,0.0011652567060523,1.2,1.0,1.2,4.6,5.0,0.92,0.0001165256706052,9.710472550436196e-05,0.00044668173732,0.0004855236275218,0.2068965517241379,0.793103448275862,0.1666666666666666,0.8333333333333334,257.2307423626387,10120.0,0.0254180575457152,0.0052329354495123,2.0364819504439873,0.0242264486217076,0.9826998221041428,282721,177325.3333333333,17108,0.6272096283379491,0.0605119534806399,47570.0,8609.0,32231.0,28526.0,2541.0,403.0,5827.0,2812.0,45029.0,8206.0,26404.0,25714.0,0.053416018499054,0.946583981500946,0.0468114763619468,0.9531885236380532,0.1807886817039496,0.8192113182960504,0.0985767370118488,0.9014232629881512
3,active,6,blue,24,18-24,83.0,912.36,10.992289156626509,14461.12,7138.879999999999,105,137.7249523809524,0.1278015599085571,0.0116264736205119,37.0,312.12,8.435675675675675,0.0437211439329418,0.0051828858308306,34.0,348.64,10.254117647058823,0.0488367923259671,0.004762651844547,171,18641.32,109.013567251462,2.6112387377291677,0.023953337218163,3.0,8.6,2.8666666666666667,0.0012046707606795,0.0004202339862835,174.0,1301.64,7.480689655172414,0.1823311219687122,0.0243735712044466,5.0,21.76,4.352,0.0030480971805101,0.0007003899771392,21.0,133.56,6.36,0.0187088170693442,0.0029416379039849,14.0,78.64,5.617142857142857,0.0110157335604464,0.0019610919359899,105.0,426.6,4.062857142857143,0.0597572728495226,0.0147081895199246,10.0,21.56,2.1559999999999997,0.0030200815814245,0.0014007799542785,1.6,2.0,0.8,9.0,8.0,1.125,0.0002241247926845,0.0002801559908557,0.0012607019588506,0.0011206239634228,0.1509433962264151,0.8490566037735849,0.2,0.8,195.85728609625835,7018.0,0.027907849258515,0.0057527689830767,2.034369161515907,0.025933516535946,0.9830673719126812,361633,250558.66666666663,6541,0.6928534361263122,0.0180873979974172,33264.0,5340.0,16590.0,22892.0,1154.0,204.0,1599.0,3015.0,32110.0,5136.0,14991.0,19877.0,0.0346921596921596,0.9653078403078404,0.0382022471910112,0.9617977528089888,0.096383363471971,0.9036166365280288,0.1317053992661191,0.8682946007338809
3,active,6,green,18,12-18,63.0,692.36,10.98984126984127,11137.92,10462.08,129,86.34046511627908,0.0661780449012051,0.0060217471095613,51.0,473.0,9.27450980392157,0.045210894965437,0.0048747476601211,62.0,771.08,12.436774193548388,0.0737023612895332,0.005926163822108,172,19249.56,111.91604651162793,1.8399362268306112,0.0164403254419771,11.0,26.6,2.4181818181818184,0.0025425154462592,0.0010514161619869,330.0,3386.68,10.262666666666666,0.3237100079525295,0.0315424848596072,24.0,191.32,7.971666666666667,0.0182869945555759,0.0022939988988805,24.0,263.6,10.983333333333334,0.0251957545727044,0.0022939988988805,25.0,229.36,9.1744,0.0219229828103015,0.0023895821863338,132.0,480.0,3.636363636363636,0.0458799779776105,0.0126169939438429,21.0,59.92,2.8533333333333335,0.005727350584205,0.0020072490365204,0.0,0.0,0.0,2.8,3.0,0.9333333333333332,0.0,0.0,0.0002676332048693,0.00028674986236,0.0,1.0,0.0,1.0,236.2515763578548,10360.0,0.0228042062121481,0.0052239951434839,2.0901110214502556,0.022001610675475,0.9902428580167616,278577,184711.99999999997,6984,0.663055456839581,0.0250702678254127,89804.0,12373.0,31215.0,17372.0,4407.0,821.0,6349.0,2430.0,85397.0,11552.0,24866.0,14942.0,0.0490735379270411,0.9509264620729588,0.0663541582477976,0.9336458417522024,0.2033958032996956,0.7966041967003044,0.139880267096477,0.860119732903523
3,active,6,green,24,18-24,59.0,729.56,12.36542372881356,12990.64,8609.36,144,90.21277777777776,0.084740329130156,0.0068530064952563,32.0,198.64,6.2075,0.023072562885046,0.003716884878783,29.0,400.84,13.82206896551724,0.0465586292128567,0.0033684269213971,151,19587.6,129.71920529801324,2.275151695364115,0.0175390505217577,16.0,41.68,2.605,0.0048412425546149,0.0018584424393915,145.0,2200.04,15.172689655172414,0.255540481522436,0.0168421346069858,23.0,182.44,7.932173913043478,0.0211908899151621,0.0026715110066253,15.0,142.12,9.474666666666668,0.0165076149678954,0.0017422897869295,19.0,214.68,11.298947368421054,0.024935651430536,0.0022069003967774,109.0,579.72,5.318532110091743,0.0673360156852541,0.0126606391183549,21.0,53.96,2.5695238095238095,0.0062675971268479,0.0024392057017014,0.0,0.0,0.0,3.2,4.0,0.8,0.0,0.0,0.0003716884878783,0.0004646106098478,0.0,1.0,0.0,1.0,187.37476744177252,8467.0,0.0221300067841942,0.0041305551495877,2.100907410898527,0.0210241774531497,0.9834645083955136,324910,238079.99999999997,3574,0.7327567634114062,0.0109999692222461,59730.0,8954.0,15048.0,18298.0,4658.0,693.0,1823.0,2751.0,55072.0,8261.0,13225.0,15547.0,0.0779842625146492,0.9220157374853508,0.0773955773955774,0.9226044226044228,0.1211456671982987,0.8788543328017012,0.1503442999234889,0.8496557000765111
3,active,6,red,18,12-18,106.0,709.28,6.691320754716981,12508.6,9091.4,202,61.923762376237626,0.0780165871042963,0.0116593703939987,117.0,592.52,5.064273504273504,0.0651736806212464,0.0128693050575268,106.0,584.48,5.513962264150943,0.0642893283762676,0.0116593703939987,283,19164.92,67.72056537102473,2.1080273665222076,0.0311283190707701,33.0,56.4,1.709090909090909,0.0062036650020898,0.0036298039905845,202.0,2661.2,13.174257425742573,0.2927161933255604,0.02221880018479,38.0,95.72,2.5189473684210526,0.0105286314539014,0.0041797742921882,43.0,170.92,3.974883720930232,0.0188001847900213,0.0047297445937919,32.0,151.0,4.71875,0.0166091031084321,0.0035198099302637,141.0,566.64,4.0187234042553195,0.0623270343401456,0.0155091625052247,12.0,29.84,2.486666666666667,0.0032822227599709,0.0013199287238489,2.0,2.0,1.0,3.4,4.0,0.85,0.0002199881206414,0.0002199881206414,0.0003739798050905,0.0004399762412829,0.3703703703703703,0.6296296296296295,0.3333333333333333,0.6666666666666666,341.09872873348496,8888.0,0.0383774447269897,0.0105629711611054,1.9080299319393983,0.0345849970984267,0.977627208130761,312917,137039.0,87758,0.4379404123138085,0.2804513656976131,69163.0,8123.0,29648.0,17838.0,1243.0,326.0,4033.0,719.0,67920.0,7797.0,25615.0,17119.0,0.0179720370718447,0.9820279629281552,0.0401329558045057,0.9598670441954944,0.1360294117647058,0.8639705882352942,0.0403072093284,0.9596927906716
3,active,6,red,24,18-24,62.0,340.56,5.492903225806452,15006.64,6593.360000000001,126,119.10031746031746,0.0516519650072193,0.0094033997840251,73.0,492.52,6.746849315068493,0.0746993945423881,0.0110717449069973,40.0,201.24,5.031000000000001,0.0305216156860841,0.0060667095380807,160,20163.72,126.02325,3.058185811179732,0.0242668381523229,18.0,36.64,2.035555555555556,0.0055571059368819,0.0027300192921363,177.0,2548.72,14.39954802259887,0.3865585983474283,0.0268451897060072,15.0,33.4,2.2266666666666666,0.0050657024642974,0.0022750160767802,38.0,178.36,4.693684210526317,0.027051457830302,0.0057633740611766,10.0,59.6,5.96,0.0090393972117402,0.0015166773845201,91.0,347.12,3.8145054945054944,0.0526469053714646,0.0138017641991336,7.0,16.16,2.3085714285714287,0.0024509506533846,0.0010616741691641,2.4,2.0,1.2,0.0,0.0,0.0,0.0003640025722848,0.000303335476904,0.0,0.0,1.0,0.0,1.0,0.0,210.4744539023314,6453.0,0.032616527801384,0.0075023722295572,1.8992581270095816,0.0296027915014707,0.9787119162308746,375292,232569.66666666663,58025,0.6197032355250488,0.1546129413896379,64745.0,5997.0,17457.0,8576.0,2161.0,379.0,2064.0,682.0,62584.0,5618.0,15393.0,7894.0,0.0333770947563518,0.966622905243648,0.0631982657995664,0.9368017342004336,0.1182333734318611,0.8817666265681389,0.0795242537313432,0.9204757462686568
3,active,6,yellow,18,12-18,68.0,790.04,11.618235294117646,12565.6,9034.4,179,70.19888268156424,0.0874479766226866,0.0075267865049145,33.0,270.2,8.187878787878788,0.0299079075533516,0.0036527052156202,34.0,198.88,5.8494117647058825,0.0220136367661383,0.0037633932524572,150,19607.56,130.71706666666668,2.1703223235632696,0.0166032055255468,,,,,,193.0,1883.0,9.756476683937825,0.2084255733640308,0.0213627911095368,13.0,133.12,10.24,0.0147347914637386,0.0014389444788807,21.0,195.6,9.314285714285711,0.021650580005313,0.0023244487735765,27.0,289.44,10.72,0.0320375453820951,0.0029885769945984,121.0,507.4,4.193388429752066,0.0561631098910829,0.0133932524572744,17.0,42.36,2.491764705882353,0.0046887452404144,0.0018816966262286,7.6,9.0,0.8444444444444444,0.0,0.0,0.0,0.000841229079961,0.0009961923315328,0.0,0.0,1.0,0.0,1.0,0.0,252.7324254491791,8858.0,0.0285315449818445,0.005676602906683,2.0598343677329707,0.0273685168998741,0.980474630301957,314319,193091.66666666663,16686,0.6143175139481439,0.0530861958710736,50609.0,12174.0,11794.0,19819.0,2559.0,948.0,1873.0,2380.0,48050.0,11226.0,9921.0,17439.0,0.0505641289098776,0.9494358710901224,0.0778708723509117,0.9221291276490884,0.1588095641851789,0.8411904358148211,0.1200867854079418,0.8799132145920582
3,active,6,yellow,24,18-24,76.0,732.76,9.64157894736842,13665.44,7934.56,170,80.38494117647059,0.0923504264886773,0.0095783509104474,21.0,637.16,30.34095238095238,0.0803018692907987,0.0026466495936762,17.0,100.92,5.936470588235294,0.0127190417616099,0.0021425258615474,140,19411.8,138.65571428571428,2.4464872658345262,0.0176443306245084,1.0,2.64,2.64,0.000332721663205,0.0001260309330322,111.0,1818.68,16.384504504504505,0.2292099372870077,0.0139894335665745,7.0,58.72,8.388571428571428,0.0074005363876509,0.0008822165312254,14.0,109.24,7.8028571428571425,0.0137676191244379,0.0017644330624508,23.0,173.36,7.537391304347827,0.0218487225504627,0.0028987114597406,122.0,483.12,3.96,0.0608880643665181,0.0153757738299288,5.0,10.48,2.096,0.0013208041781774,0.000630154665161,8.2,8.0,1.025,0.0,0.0,0.0,0.001033453650864,0.0010082474642576,0.0,0.0,1.0,0.0,1.0,0.0,207.06873813262555,7773.0,0.0266394877309437,0.0051432238376672,2.0553255178518226,0.0256024781183873,0.9796384424593172,341806,237094.3333333333,3173,0.6936517595751196,0.0092830435978303,47053.0,7102.0,18490.0,18395.0,2860.0,186.0,697.0,2324.0,44193.0,6916.0,17793.0,16071.0,0.0607825218370773,0.9392174781629228,0.0261898056885384,0.9738101943114617,0.0376960519199567,0.9623039480800432,0.1263386789888556,0.8736613210111444
3,active,7,blue,18,12-18,108.0,773.92,7.165925925925926,11308.8,10291.2,181,62.47955801104972,0.0752021144278606,0.0104944029850746,88.0,711.0,8.079545454545455,0.0690881529850746,0.0085509950248756,132.0,912.04,6.909393939393939,0.088623289800995,0.0128264925373134,292,18954.16,64.91150684931507,1.8417832711442783,0.0283737562189054,4.0,6.56,1.64,0.0006374378109452,0.0003886815920398,154.0,732.04,4.753506493506493,0.0711326181592039,0.0149642412935323,90.0,315.32,3.5035555555555553,0.0306397699004975,0.0087453358208955,24.0,163.44,6.81,0.0158815298507462,0.0023320895522388,2.0,4.0,2.0,0.0003886815920398,0.0001943407960199,134.0,493.44,3.6823880597014926,0.0479477611940298,0.0130208333333333,10.0,24.44,2.444,0.0023748445273631,0.0009717039800995,14.2,15.0,0.9466666666666668,9.4,8.0,1.175,0.0013798196517412,0.0014575559701492,0.0009134017412935,0.0007773631840796,0.6016949152542372,0.3983050847457627,0.6521739130434783,0.3478260869565217,392.70446469318415,10104.0,0.0388662375982961,0.0082620297920288,2.1211310620822097,0.0358646608588871,0.9818097014925372,282901,163414.99999999997,30882,0.5776402345696904,0.1091618622769095,26428.0,4212.0,40796.0,19456.0,2417.0,104.0,5436.0,5975.0,24011.0,4108.0,35360.0,13481.0,0.0914560314817617,0.9085439685182384,0.0246913580246913,0.9753086419753086,0.1332483576821257,0.8667516423178743,0.3071032072368421,0.6928967927631579
3,active,7,blue,24,18-24,74.0,829.84,11.214054054054056,13043.48,8556.52,168,77.6397619047619,0.0969833530453969,0.0086483757415397,42.0,394.0,9.38095238095238,0.0460467573265766,0.004908537583036,71.0,595.52,8.387605633802817,0.0695983881297536,0.00829776591418,180,19251.92,106.95511111111112,2.2499707825143864,0.0210365896415832,,,,,,95.0,300.92,3.1675789473684213,0.035168503083029,0.0111026445330578,31.0,84.12,2.7135483870967745,0.0098310995591665,0.0036229682160504,18.0,124.76,6.931111111111111,0.0145806940204662,0.0021036589641583,2.0,6.56,3.28,0.0007666668224932,0.0002337398849064,125.0,513.76,4.11008,0.0600431016347767,0.014608742806655,8.0,18.84,2.355,0.002201829715819,0.0009349595396259,0.8,1.0,0.8,5.4,5.0,1.08,9.349595396259228e-05,0.0001168699424532,0.0006310976892474,0.0005843497122662,0.1290322580645161,0.8709677419354839,0.1666666666666666,0.8333333333333334,243.79929249428113,8389.0,0.0290617823929289,0.0053322896194583,2.134110544357333,0.0266058168486216,0.9804219472402332,326255,218485.3333333333,36100,0.6696765822235163,0.1106496452161652,9752.0,3303.0,24851.0,20820.0,3479.0,68.0,2580.0,3827.0,6273.0,3235.0,22271.0,16993.0,0.3567473338802297,0.6432526661197703,0.020587344838026,0.979412655161974,0.1038187598084584,0.8961812401915416,0.1838136407300672,0.8161863592699328
3,active,7,green,18,12-18,54.0,839.76,15.55111111111111,11308.68,10291.32,192,58.899375,0.0815988619535686,0.0052471403085318,45.0,440.32,9.784888888888888,0.0427855707528286,0.0043726169237765,57.0,642.4,11.27017543859649,0.0624215358185344,0.0055386481034502,183,19141.28,104.59715846994536,1.8599441082387875,0.0177819754900246,,,,,,100.0,1174.2,11.742,0.1140961509310759,0.0097169264972812,133.0,1297.8,9.757894736842104,0.1261062720817154,0.012923512241384,31.0,242.84,7.833548387096775,0.0235965843059976,0.0030122472141571,9.0,41.28,4.586666666666667,0.0040111472580776,0.0008745233847553,115.0,456.88,3.9728695652173913,0.0443946937807783,0.0111744654718733,17.0,45.4,2.6705882352941175,0.0044114846297656,0.0016518775045378,0.0,0.0,0.0,14.4,15.0,0.96,0.0,0.0,0.0013992374156084,0.0014575389745921,0.0,1.0,0.0,1.0,232.7216356772176,10132.0,0.0229689731225047,0.0049455496518983,2.1451598982092315,0.0208926981933948,0.9845189927045316,282909,169468.66666666666,23181,0.5990218291629699,0.0819380083348355,62033.0,7143.0,27170.0,21048.0,8683.0,560.0,5771.0,4666.0,53350.0,6583.0,21399.0,16382.0,0.1399738848677316,0.8600261151322683,0.0783984320313593,0.9216015679686408,0.2124033860875966,0.7875966139124034,0.2216837704294945,0.7783162295705055
3,active,7,green,24,18-24,70.0,887.36,12.676571428571428,11681.36,9918.64,161,72.55503105590063,0.0894638781123218,0.0070574191623045,35.0,490.84,14.024,0.0494866231660792,0.0035287095811522,48.0,366.6,7.6375,0.0369607123557261,0.0048393731398659,185,19121.88,103.36151351351351,1.927873176161248,0.0186517506432333,,,,,,182.0,2071.68,11.382857142857144,0.2088673447166143,0.0183492898219917,50.0,751.48,15.0296,0.0757644193155513,0.0050410136873603,20.0,199.04,9.952,0.0200672672866441,0.0020164054749441,9.0,87.4,9.711111111111112,0.0088116919255059,0.0009073824637248,138.0,571.48,4.141159420289855,0.057616770041054,0.0139131977771146,25.0,62.24,2.4896000000000003,0.0062750538380261,0.0025205068436801,2.4,3.0,0.7999999999999999,5.4,6.0,0.9,0.0002419686569932,0.0003024608212416,0.0005444294782349,0.0006049216424832,0.3076923076923076,0.6923076923076923,0.3333333333333333,0.6666666666666666,231.79749701270333,9787.0,0.0236842236653421,0.0041447542170254,2.1593669185150826,0.021740555484984,0.9867280191639176,292195,222623.99999999997,6472,0.7619021543832029,0.0221495918821335,70811.0,7190.0,21519.0,22254.0,8772.0,76.0,2678.0,3744.0,62039.0,7114.0,18841.0,18510.0,0.1238790583383937,0.8761209416616063,0.0105702364394993,0.9894297635605008,0.1244481620893164,0.8755518379106836,0.1682394176327851,0.8317605823672148
3,active,7,red,18,12-18,101.0,977.96,9.682772277227723,7763.48,13836.52,82,94.67658536585364,0.070679621754603,0.0072995232905383,66.0,454.32,6.883636363636364,0.0328348457560137,0.0047699855165894,155.0,1181.96,7.625548387096774,0.085423213351334,0.0112022387132024,330,17941.08,54.3669090909091,1.296646844726853,0.0238499275829471,1.0,2.08,2.08,0.0001503268162803,7.22725078271126e-05,160.0,1937.08,12.10675,0.1399976294617432,0.011563601252338,202.0,1848.08,9.148910891089107,0.1335653762651302,0.0145990465810767,42.0,502.96,11.975238095238094,0.0363501805367245,0.0030354453287387,27.0,273.28,10.12148148148148,0.0197506309389933,0.001951357711332,202.0,830.56,4.111683168316832,0.0600266541008866,0.0145990465810767,27.0,69.6,2.5777777777777775,0.005030166544767,0.001951357711332,21.2,19.0,1.1157894736842104,2.0,2.0,1.0,0.0015321771659347,0.0013731776487151,0.0001445450156542,0.0001445450156542,0.913793103448276,0.0862068965517241,0.9047619047619048,0.0952380952380952,406.583608842781,13744.0,0.0295826257889101,0.0069126941100906,2.0641554384914405,0.0278300908336787,0.9933133475758356,194169,117391.66666666666,26425,0.6045850092788584,0.1360927851510797,94991.0,19475.0,41128.0,24550.0,10611.0,522.0,5671.0,3105.0,84380.0,18953.0,35457.0,21445.0,0.1117053194513164,0.8882946805486835,0.0268035943517329,0.973196405648267,0.1378865979381443,0.8621134020618557,0.1264765784114053,0.8735234215885948
3,active,7,red,24,18-24,61.0,1008.56,16.533770491803278,13962.08,7637.92,60,232.70133333333337,0.1320464210151454,0.007986467519953,44.0,282.4,6.418181818181818,0.0369734168464712,0.00576073067013,67.0,501.52,7.485373134328358,0.0656618555837191,0.0087720217022435,173,19248.88,111.26520231213874,2.520173031401219,0.0226501455893751,,,,,,121.0,1097.28,9.068429752066116,0.1436621488572805,0.0158420093428577,85.0,677.4,7.969411764705882,0.0886890671805936,0.0111286842491149,24.0,295.96,12.331666666666663,0.0387487692984477,0.0031422167291618,10.0,94.92,9.492,0.0124274671638351,0.0013092569704841,133.0,621.04,4.669473684210526,0.0813100948949452,0.0174131177074386,28.0,70.68,2.5242857142857145,0.0092538282673816,0.0036659195173555,13.6,13.0,1.0461538461538462,0.0,0.0,0.0,0.0017805894798583,0.0017020340616293,0.0,0.0,1.0,0.0,1.0,0.0,202.9625336623228,7580.0,0.0267760598499106,0.0052507941250823,2.054999023338896,0.0250152871217733,0.992416783626956,349112,255950.66666666663,5602,0.7331477195474995,0.0160464263617406,44573.0,9806.0,19709.0,25275.0,10208.0,35.0,2925.0,3368.0,34365.0,9771.0,16784.0,21907.0,0.2290175666883539,0.7709824333116461,0.003569243320416,0.996430756679584,0.1484093561317164,0.8515906438682835,0.1332542037586548,0.8667457962413452
3,active,7,yellow,18,12-18,104.0,909.0,8.740384615384615,11414.4,10185.6,201,56.788059701492536,0.0892436380772855,0.010210493245366,86.0,444.32,5.166511627906977,0.0436223688344329,0.0084432924913603,63.0,368.96,5.856507936507936,0.0362236883443292,0.0061852026390197,261,19180.68,73.48919540229885,1.883117342130066,0.0256244109330819,11.0,22.8,2.0727272727272728,0.0022384542884071,0.0010799560163367,125.0,1228.72,9.82976,0.1206330505812127,0.0122722274583726,96.0,604.28,6.294583333333333,0.0593268928683631,0.0094250706880301,35.0,304.4,8.697142857142856,0.0298853283066289,0.0034362236883443,23.0,153.68,6.681739130434783,0.0150879673264216,0.0022580898523405,135.0,575.56,4.263407407407407,0.0565072258875274,0.0132540056550424,11.0,24.52,2.229090909090909,0.0024073201382343,0.0010799560163367,4.2,5.0,0.8400000000000001,13.8,14.0,0.9857142857142858,0.0004123468426013,0.0004908890983349,0.0013548539114043,0.0013744894753377,0.2333333333333333,0.7666666666666667,0.2631578947368421,0.7368421052631579,377.0263163361433,10010.0,0.0376649666669473,0.0085009693728536,2.053044421972821,0.0353651902608286,0.982759974866478,285561,166323.3333333333,32413,0.5824441479520429,0.1135063961815514,46046.0,11510.0,20481.0,22829.0,4244.0,534.0,5961.0,5678.0,41802.0,10976.0,14520.0,17151.0,0.092168700864353,0.907831299135647,0.0463944396177237,0.9536055603822764,0.2910502416874176,0.7089497583125824,0.2487187349423978,0.7512812650576022
3,active,7,yellow,24,18-24,46.0,681.28,14.810434782608697,16053.08,5546.92,249,64.47020080321285,0.122821313449626,0.0082928904689449,28.0,275.8,9.85,0.0497212867681524,0.0050478463724012,34.0,138.6,4.076470588235294,0.0249868395433862,0.0061295277379158,125,20220.88,161.76704,3.645424848384329,0.0225350284482199,3.0,5.72,1.9066666666666665,0.0010312029017905,0.0005408406827572,63.0,598.48,9.49968253968254,0.1078941106055252,0.0113576543379028,46.0,341.0,7.413043478260869,0.0614755576067439,0.0082928904689449,18.0,108.76,6.042222222222223,0.0196072775522271,0.0032450440965436,15.0,80.76,5.384,0.0145594311798259,0.0027042034137863,79.0,344.76,4.364050632911392,0.0621534112624663,0.0142421379792749,7.0,18.4,2.628571428571429,0.0033171561875779,0.0012619615931003,0.8,1.0,0.8,6.8,7.0,0.9714285714285714,0.0001442241820686,0.0001802802275857,0.0012259055475831,0.0012619615931003,0.1052631578947368,0.8947368421052632,0.125,0.875,190.70941596126377,5369.0,0.0355204723340033,0.0066632894826225,2.074524677100842,0.0331429534707959,0.9679245419079416,401576,273729.3333333333,24842,0.6816376808707028,0.0618612666095583,23596.0,4771.0,10422.0,17078.0,2793.0,43.0,2509.0,3997.0,20803.0,4728.0,7913.0,13081.0,0.1183675199186302,0.8816324800813697,0.009012785579543,0.9909872144204568,0.2407407407407407,0.7592592592592593,0.2340437990397002,0.7659562009602998
3,active,8,blue,18,12-18,20.0,171.12,8.556000000000001,8390.92,13209.08,501,16.748343313373255,0.0129547250830489,0.0015141099910061,20.0,156.16,7.808,0.0118221708097763,0.0015141099910061,10.0,73.96,7.395999999999999,0.0055991787467408,0.000757054995503,60,21081.2,351.35333333333335,1.5959627771199811,0.0045423299730185,9.0,16.48,1.8311111111111111,0.001247626632589,0.0006813494959527,2.0,9.2,4.6,0.0006964905958628,0.0001514109991006,404.0,2476.76,6.130594059405941,0.1875043530662241,0.0305850218183249,1.0,1.96,1.96,0.0001483827791186,7.570549955030933e-05,119.0,544.44,4.5751260504201685,0.0412171021751704,0.0090089544464868,95.0,554.6,5.837894736842106,0.0419862700506015,0.0071920224572793,11.0,29.2,2.6545454545454543,0.002210600586869,0.0008327604950534,0.0,0.0,0.0,12.6,12.0,1.05,0.0,0.0,0.0009538892943338,0.0009084659946037,0.0,1.0,0.0,1.0,232.9162499858019,12706.0,0.0183312017933103,0.0045341338676816,2.1774727794134354,0.0171567767888668,0.9619140772862304,210274,46448.33333333332,84517,0.2208943251820639,0.4019374720602642,62555.0,13780.0,5783.0,4298.0,1289.0,3510.0,2890.0,324.0,61266.0,10270.0,2893.0,3974.0,0.0206058668371832,0.9793941331628168,0.2547169811320754,0.7452830188679245,0.4997406190558534,0.5002593809441467,0.075383899488134,0.924616100511866
3,active,8,blue,24,18-24,11.0,249.32,22.665454545454544,7365.96,14234.04,330,22.32109090909091,0.017515757999837,0.0007727953553594,3.0,5.64,1.88,0.0003962332549297,0.0002107623696434,6.0,20.6,3.4333333333333336,0.0014472349382185,0.0004215247392869,38,21239.4,558.9315789473685,1.4921554246018698,0.0026696566821506,1.0,3.56,3.56,0.0002501046786435,7.025412321449145e-05,,,,,,118.0,1070.32,9.07050847457627,0.0751943931589344,0.0082899865393099,,,,,,60.0,408.96,6.816,0.0287311262297984,0.0042152473928694,219.0,1132.04,5.169132420091324,0.0795304776437329,0.0153856529839736,10.0,28.16,2.816,0.00197835610972,0.0007025412321449,0.0,0.0,0.0,2.2,2.0,1.1,0.0,0.0,0.0001545590710718,0.0001405082464289,0.0,1.0,0.0,1.0,109.99135593784924,13916.0,0.0079039491188451,0.001172586015191,2.0851689364257795,0.0075828939822047,0.977656378652863,184479,49885.33333333333,56844,0.2704119890791544,0.3081326329826159,26876.0,10284.0,665.0,6244.0,256.0,3433.0,271.0,2900.0,26620.0,6851.0,394.0,3344.0,0.0095252269682988,0.9904747730317012,0.3338195254764683,0.6661804745235317,0.4075187969924812,0.5924812030075188,0.464445868033312,0.535554131966688
3,active,8,green,18,12-18,95.0,757.52,7.973894736842105,1462.84,20137.16,128,11.4284375,0.0376180156486813,0.0047176463811182,55.0,551.16,10.021090909090908,0.0273702945201806,0.0027312689574895,49.0,315.0,6.428571428571429,0.0156427222110764,0.0024333123439452,185,19608.8,105.9935135135135,0.9737619406112876,0.0091869955842829,15.0,28.16,1.8773333333333333,0.0013984097062346,0.0007448915338607,5.0,12.32,2.464,0.0006118042464776,0.0002482971779535,231.0,1853.84,8.025281385281385,0.0920606480754982,0.011471329621456,4.0,11.44,2.86,0.0005681039431578,0.0001986377423628,213.0,1268.8,5.956807511737089,0.063007891877504,0.0105774597808231,134.0,735.52,5.4889552238805965,0.0365255080656855,0.0066543643691563,58.0,152.16,2.623448275862069,0.0075561797194837,0.0028802472642616,0.8,1.0,0.8,35.2,32.0,1.1,3.972754847257509e-05,4.965943559071885e-05,0.0017480121327933,0.001589101938903,0.0222222222222222,0.977777777777778,0.0303030303030303,0.9696969696969696,416.30441095114287,20013.0,0.0208016994429192,0.0063782268263998,2.2457663419096328,0.0197939074570902,0.9938342844770564,36699,7018.999999999999,16984,0.191258617401019,0.4627919016866945,46890.0,32223.0,21758.0,19033.0,955.0,9419.0,3267.0,1039.0,45935.0,22804.0,18491.0,17994.0,0.0203668159522286,0.9796331840477712,0.2923067374235794,0.7076932625764206,0.1501516683518705,0.8498483316481295,0.0545893973624757,0.9454106026375244
3,active,8,green,24,18-24,93.0,917.92,9.87010752688172,902.36,20697.64,83,10.871807228915662,0.0443490175691528,0.004493265898914,44.0,379.32,8.620909090909091,0.0183267271051192,0.0021258462317442,42.0,176.88,4.211428571428572,0.008545901851612,0.0020292168575741,153,19665.68,128.53385620915031,0.9501411755156628,0.0073921471240199,7.0,10.52,1.502857142857143,0.0005082705081352,0.0003382028095956,7.0,9.44,1.3485714285714283,0.0004560906460833,0.0003382028095956,73.0,1422.8,19.49041095890411,0.0687421367846769,0.0035269721572121,8.0,31.32,3.915,0.0015132159995052,0.0003865174966807,87.0,887.96,10.206436781609195,0.0429015095440832,0.0042033777764034,284.0,1317.12,4.637746478873239,0.0636362406535237,0.0137213711321677,82.0,223.32,2.723414634146341,0.010789635919844,0.003961804340978,1.0,1.0,1.0,13.6,13.0,1.0461538461538462,4.8314687085097624e-05,4.8314687085097624e-05,0.0006570797443573,0.0006280909321062,0.0684931506849315,0.9315068493150684,0.0714285714285714,0.9285714285714286,313.2838807068759,20619.0,0.0151939415445402,0.003537824351591,2.2232652100051853,0.0147679031788441,0.996200533007628,22642,4666.333333333333,10478,0.2060919235638783,0.4627683066866884,35886.0,23077.0,13991.0,23041.0,222.0,3723.0,1450.0,4128.0,35664.0,19354.0,12541.0,18913.0,0.0061862564788496,0.9938137435211504,0.1613294622351258,0.8386705377648741,0.1036380530340933,0.8963619469659067,0.1791588906731478,0.8208411093268522
3,active,8,red,18,12-18,121.0,1199.88,9.916363636363638,11244.6,10355.4,95,118.3642105263158,0.1158699808795411,0.0116847248778415,26.0,192.52,7.404615384615385,0.0185912663924136,0.0025107673291229,23.0,154.2,6.7043478260869565,0.0148907816211831,0.0022210634065318,204,19151.44,93.87960784313724,1.849415763756108,0.0196998667361956,,,,,,5.0,25.68,5.136,0.0024798655773799,0.0004828398709851,255.0,1839.88,7.21521568627451,0.177673484365645,0.0246248334202445,24.0,270.44,11.268333333333333,0.0261158429418467,0.0023176313807288,41.0,281.08,6.855609756097561,0.0271433261873032,0.0039592869420785,140.0,610.2,4.3585714285714285,0.0589257778550321,0.0135195163875852,42.0,107.56,2.560952380952381,0.0103868513046333,0.0040558549162755,63.4,59.0,1.0745762711864406,0.0,0.0,0.0,0.0061224095640921,0.0056975104776252,0.0,0.0,1.0,0.0,1.0,0.0,352.54761276472135,10257.0,0.0343714158881467,0.0068902472870423,2.014554721632751,0.0309643034061879,0.9904977113390117,281210,47126.666666666664,153850,0.1675853158375116,0.5471000320045517,46899.0,13853.0,8717.0,30118.0,284.0,3384.0,159.0,40.0,46615.0,10469.0,8558.0,30078.0,0.0060555662167636,0.9939444337832364,0.2442792174980148,0.7557207825019852,0.0182402202592635,0.9817597797407364,0.0013281094362175,0.9986718905637824
3,active,8,red,24,18-24,42.0,659.28,15.697142857142856,14438.6,7161.4,93,155.2537634408602,0.0920602116904515,0.0058647750439858,17.0,85.4,5.023529411764706,0.0119250425894378,0.0023738375178037,14.0,85.12,6.08,0.0118859440891445,0.0019549250146619,115,20218.68,175.81460869565217,2.823285949674645,0.0160583126204373,,,,,,12.0,60.72,5.06,0.0084787890635909,0.0016756500125673,71.0,881.6,12.416901408450704,0.1231044209232831,0.0099142625743569,23.0,159.0,6.913043478260869,0.0222023626665177,0.0032116625240874,17.0,134.96,7.938823529411765,0.018845477141341,0.0023738375178037,134.0,659.64,4.922686567164179,0.0921104811908286,0.0187114251403356,22.0,64.08,2.9127272727272726,0.0089479710671097,0.0030720250230401,16.8,16.0,1.05,0.0,0.0,0.0,0.0023459100175943,0.0022342000167565,0.0,0.0,1.0,0.0,1.0,0.0,188.7923368873941,7065.0,0.0267221991348045,0.0054574969571919,2.0733179851424657,0.0244138511317426,0.986538944899042,361058,68102.66666666666,180402,0.1886197416112277,0.4996482559588764,23641.0,7389.0,4294.0,16524.0,33.0,704.0,12.0,792.0,23608.0,6685.0,4282.0,15732.0,0.0013958800389154,0.9986041199610846,0.0952767627554472,0.9047232372445528,0.0027945971122496,0.9972054028877504,0.0479302832244008,0.9520697167755992
3,active,8,yellow,18,12-18,33.0,551.36,16.707878787878787,3993.32,17606.68,528,7.563106060606061,0.0313153871144361,0.0018742886222729,26.0,271.36,10.436923076923078,0.015412332137575,0.0014767122478513,14.0,162.72,11.622857142857145,0.0092419468065529,0.000795152748843,69,20524.8,297.46086956521737,1.1657393671038492,0.0039189671192979,4.0,6.2,1.55,0.0003521390744876,0.0002271864996694,1.0,3.52,3.52,0.0001999241197091,5.679662491736091e-05,130.0,1278.8,9.836923076923076,0.0726315239443211,0.0073835612392569,,,,,,275.0,2255.76,8.202763636363636,0.128119554623586,0.0156190718522742,113.0,472.28,4.179469026548673,0.0268239100159712,0.0064180186156617,31.0,77.16,2.489032258064516,0.0043824275786235,0.0017606953724381,0.0,0.0,0.0,16.4,16.0,1.025,0.0,0.0,0.0009314646486447,0.0009087459986777,0.0,1.0,0.0,1.0,255.51686763333552,17095.0,0.0149468773111047,0.0043448943446122,2.2355933301877524,0.0144091437701448,0.9709383029622848,100361,28592.666666666664,28479,0.2848981842216265,0.283765606161756,32189.0,56669.0,10892.0,13817.0,652.0,12889.0,1225.0,801.0,31537.0,43780.0,9667.0,13016.0,0.0202553667401907,0.9797446332598092,0.227443575852759,0.772556424147241,0.1124678663239074,0.8875321336760925,0.0579720634001592,0.9420279365998409
3,active,8,yellow,24,18-24,40.0,502.64,12.566,7013.76,14586.24,468,14.986666666666666,0.0344598745118687,0.0027423105611864,24.0,281.6,11.733333333333334,0.0193058663507524,0.0016453863367118,24.0,204.4,8.516666666666667,0.0140132069676626,0.0016453863367118,86,20352.88,236.66139534883723,1.3953479443640031,0.0058959677065508,2.0,3.56,1.78,0.0002440656399455,0.0001371155280593,4.0,34.44,8.61,0.0023611293931815,0.0002742310561186,68.0,1077.08,15.83941176470588,0.073842196481067,0.0046619279540169,1.0,10.56,10.56,0.0007239699881532,6.855776402966083e-05,104.0,815.56,7.841923076923076,0.0559129700320301,0.0071300074590847,116.0,481.6,4.151724137931034,0.0330174191566846,0.0079527006274406,30.0,75.88,2.529333333333333,0.0052021631345706,0.0020567329208898,0.0,0.0,0.0,2.0,2.0,1.0,0.0,0.0,0.0001371155280593,0.0001371155280593,0.0,1.0,0.0,1.0,184.43090193894596,14157.0,0.0130275412826831,0.0025917816159629,2.182763591208249,0.0128794438950561,0.9705722653679084,175812,50404.99999999999,48045,0.2866982913566764,0.2732748617841785,27860.0,20758.0,12198.0,12606.0,155.0,5152.0,1449.0,1552.0,27705.0,15606.0,10749.0,11054.0,0.0055635319454414,0.9944364680545584,0.2481934675787648,0.7518065324212352,0.1187899655681259,0.8812100344318741,0.1231159765191178,0.8768840234808821
3,inactive,1,blue,6,0-6,13.0,272.56,20.966153846153848,1759.48,19840.52,26,67.6723076923077,0.0137375431692314,0.0006552247622542,7.0,18.36,2.6228571428571428,0.0009253789719221,0.0003528133335215,3.0,9.88,3.2933333333333334,0.0004979708193132,0.0001512057143663,44,3362.44,76.41909090909091,0.1694733807380048,0.0022176838107065,,,,,,11.0,207.2,18.836363636363636,0.0104432746722364,0.0005544209526766,29.0,623.0,21.482758620689655,0.0314003866834135,0.0014616552388747,8.0,60.52,7.565,0.0030503232778173,0.0004032152383102,1.0,5.04,5.04,0.0002540256001354,5.040190478878578e-05,35.0,139.0,3.971428571428571,0.0070058647656412,0.0017640666676075,4.0,9.72,2.43,0.0004899065145469,0.0002016076191551,5.4,6.0,0.9,0.0,0.0,0.0,0.0002721702858594,0.0003024114287327,0.0,0.0,1.0,0.0,1.0,0.0,65.68447173390132,2133.0,0.0307944077514774,0.0039849386478744,2.049916381482092,0.0275686324244781,0.10750726291448,44013,43641.33333333333,78,0.9915555252614756,0.0017722036670983,20795.0,1648.0,716.0,6827.0,4426.0,0.0,0.0,0.0,16369.0,1648.0,716.0,6827.0,0.2128396249098341,0.7871603750901659,0.0,1.0,0.0,1.0,0.0,1.0
3,inactive,1,green,6,0-6,1.0,10.2,10.2,3346.16,18253.84,53,63.13509433962264,0.0005587865347784,5.478299360572898e-05,,,,,,1.0,6.6,6.6,0.0003615677577978,5.478299360572898e-05,6,3897.68,649.6133333333333,0.2135265785171777,0.0003286979616343,,,,,,21.0,184.16,8.76952380952381,0.010088836102431,0.0011504428657203,15.0,124.44,8.296,0.0068171957242969,0.0008217449040859,3.0,12.88,4.293333333333334,0.0007056049576417,0.0001643489808171,,,,,,1.0,2.36,2.36,0.0001292878649095,5.478299360572898e-05,1.0,2.04,2.04,0.0001117573069556,5.478299360572898e-05,0.0,0.0,0.0,3.8,4.0,0.95,0.0,0.0,0.0002081753757017,0.0002191319744229,0.0,1.0,0.0,1.0,21.903042558658992,531.0,0.0412486677187551,0.0069518011580128,2.051897383652628,0.0287302115120776,0.029089769604642,83707,68878.66666666664,450,0.8228543212236329,0.0053758944891108,7751.0,325.0,166.0,256.0,4075.0,0.0,0.0,0.0,3676.0,325.0,166.0,256.0,0.525738614372339,0.4742613856276609,0.0,1.0,0.0,1.0,0.0,1.0
3,inactive,1,red,6,0-6,,,,3778.6,17821.4,8,472.325,,,,,,,,1.0,15.88,15.88,0.0008910635528072,5.611231440852009e-05,3,3907.2,1302.4,0.2192420348569697,0.0001683369432255,,,,,,,,,,,5.0,89.92,17.984,0.0050456193116141,0.0002805615720426,,,,,,,,,,,4.0,15.32,3.83,0.0008596406567385,0.000224449257634,1.0,3.0,3.0,0.0001683369432255,5.611231440852009e-05,,,,,,,,,,,,,,,4.342720925269573,137.0,0.0316986928851793,0.0033177287238739,2.081266072829695,0.0259893646202068,0.0076873870739672,94473,70779.99999999999,5047,0.7492087686428925,0.053422671027701,2253.0,0.0,398.0,0.0,663.0,0.0,0.0,0.0,1590.0,0.0,398.0,0.0,0.2942743009320905,0.7057256990679095,0.0,0.0,0.0,1.0,0.0,0.0
3,inactive,1,yellow,6,0-6,1.0,3.88,3.88,3570.32,18029.68,31,115.1716129032258,0.0002152007134902,5.546410141500015e-05,,,,,,1.0,1.2,1.2,6.655692169800018e-05,5.546410141500015e-05,5,3916.6,783.3199999999999,0.2172306996019896,0.000277320507075,,,,,,18.0,64.64,3.591111111111111,0.0035851995154656,0.00099835382547,14.0,64.64,4.617142857142857,0.0035851995154656,0.00077649741981,3.0,5.32,1.7733333333333334,0.0002950690195278,0.000166392304245,,,,,,2.0,3.96,1.98,0.0002196378416034,0.00011092820283,,,,,,0.0,0.0,0.0,1.6,2.0,0.8,0.0,0.0,8.874256226400025e-05,0.00011092820283,0.0,1.0,0.0,1.0,14.15123353442578,323.0,0.0438118685276339,0.0101592466443561,2.038236055126365,0.0391034356042337,0.017914904757045,89289,70707.99999999999,457,0.7919004580631431,0.0051182116498112,3264.0,136.0,31.0,98.0,1009.0,0.0,0.0,0.0,2255.0,136.0,31.0,98.0,0.3091299019607843,0.6908700980392157,0.0,1.0,0.0,1.0,0.0,1.0
3,inactive,2,blue,6,0-6,5.0,78.08,15.616,2545.28,19054.72,33,77.12969696969698,0.0040976723877338,0.0002624021764686,,,,,,1.0,2.44,2.44,0.0001280522621166,5.24804352937225e-05,11,3480.04,316.36727272727273,0.182634014039566,0.0005772847882309,,,,,,5.0,22.96,4.5920000000000005,0.0012049507943438,0.0002624021764686,12.0,86.28,7.19,0.0045280119571423,0.0006297652235246,8.0,43.56,5.445,0.0022860477613945,0.0004198434823497,2.0,10.52,5.26,0.0005520941792899,0.0001049608705874,5.0,19.4,3.88,0.0010181204446982,0.0002624021764686,,,,,,0.0,0.0,0.0,0.8,1.0,0.8,0.0,0.0,4.1984348234978e-05,5.24804352937225e-05,0.0,1.0,0.0,1.0,20.45106765130446,1011.0,0.0202285535621211,0.0040001891573263,2.0948162271904134,0.0195687425195115,0.0530577200819534,63665,46833.33333333333,0,0.735621351344276,0.0,2748.0,1362.0,62.0,1957.0,0.0,99.0,0.0,390.0,2748.0,1263.0,62.0,1567.0,0.0,1.0,0.0726872246696035,0.9273127753303964,0.0,1.0,0.1992846193152785,0.8007153806847215
3,inactive,2,green,6,0-6,19.0,173.44,9.12842105263158,1082.84,20517.16,47,23.03914893617021,0.0084534116807589,0.0009260540932565,5.0,27.36,5.4719999999999995,0.0013335178942894,0.0002436984455938,4.0,16.8,4.2,0.0008188267771952,0.000194958756475,42,3010.96,71.6895238095238,0.1467532543490424,0.0020470669429882,,,,,,24.0,430.32,17.93,0.0209736630215877,0.0011697525388504,6.0,15.8,2.6333333333333333,0.0007700870880765,0.0002924381347126,9.0,78.88,8.764444444444443,0.0038445866776883,0.0004386572020689,4.0,6.64,1.66,0.0003236315357486,0.000194958756475,40.0,160.36,4.009,0.0078158965470854,0.0019495875647506,3.0,7.72,2.5733333333333333,0.0003762703999968,0.0001462190673563,,,,,,,,,,,,,,,62.44108057093604,2460.0,0.0253825530776162,0.0044253322056818,2.1102594700857153,0.0237162079698863,0.1198996352321666,27118,23678.66666666666,0,0.8731715711581481,0.0,11183.0,2151.0,1113.0,4355.0,0.0,477.0,74.0,381.0,11183.0,1674.0,1039.0,3974.0,0.0,1.0,0.2217573221757322,0.7782426778242678,0.0664869721473495,0.9335130278526504,0.0874856486796785,0.9125143513203214
3,inactive,2,red,6,0-6,,,,3586.2,18013.8,1,3586.2,,,,,,,,,,,,,1,3586.2,3586.2,0.199080704792992,5.551299559226815e-05,,,,,,,,,,,,,,,,,,,,,,,,,,,,,,,,,,,,,,,,,,,,,,,,,,,,,,,,,89656,55658.999999999985,5339,0.6208061925582223,0.0595498349246007,,,,,,,,,,,,,,,,,,,,
3,inactive,2,yellow,6,0-6,4.0,37.68,9.42,3044.8,18555.2,74,41.14594594594595,0.0020306975942053,0.0002155729930154,,,,,,1.0,3.72,3.72,0.0002004828835043,5.3893248253858755e-05,10,3543.36,354.336,0.1909631801327929,0.0005389324825385,,,,,,3.0,10.0,3.3333333333333335,0.0005389324825385,0.0001616797447615,1.0,1.52,1.52,8.191773734586531e-05,5.3893248253858755e-05,3.0,24.48,8.16,0.0013193067172544,0.0001616797447615,,,,,,9.0,39.24,4.36,0.0021147710614814,0.0004850392342847,,,,,,0.8,1.0,0.8,0.0,0.0,0.0,4.311459860308701e-05,5.3893248253858755e-05,0.0,0.0,1.0,0.0,1.0,0.0,18.43734896316603,488.0,0.037781452793373,0.0079689499695786,2.057276760461573,0.0334349104952794,0.026299905147883,76194,51869.666666666664,0,0.6807578899475899,0.0,292.0,615.0,94.0,946.0,0.0,508.0,74.0,562.0,292.0,107.0,20.0,384.0,0.0,1.0,0.8260162601626017,0.1739837398373983,0.7872340425531915,0.2127659574468085,0.5940803382663847,0.4059196617336152
3,inactive,3,blue,6,0-6,6.0,58.28,9.713333333333331,2820.64,18779.36,20,141.03199999999998,0.0031034071448654,0.0003194997060602,8.0,39.16,4.895,0.0020852680815533,0.0004259996080803,4.0,12.64,3.16,0.0006730793807669,0.0002129998040401,16,3785.64,236.6025,0.201585144541667,0.0008519992161607,,,,,,26.0,453.76,17.45230769230769,0.024162697770318,0.0013844987262611,,,,,,,,,,,5.0,54.28,10.856,0.0028904073408252,0.0002662497550502,16.0,62.64,3.915,0.0033355769312692,0.0008519992161607,5.0,13.32,2.664,0.0007092893474538,0.0002662497550502,1.0,1.0,1.0,0.0,0.0,0.0,5.324995101004507e-05,5.324995101004507e-05,0.0,0.0,1.0,0.0,1.0,0.0,31.08035996503301,1085.0,0.0286454930553299,0.0041510277417575,1.9957382723570256,0.0248231907265108,0.0577761968458989,70536,52423.33333333332,5,0.7432138671505801,7.088578881705796e-05,11370.0,1362.0,1307.0,1463.0,22.0,0.0,0.0,40.0,11348.0,1362.0,1307.0,1423.0,0.0019349164467897,0.9980650835532102,0.0,1.0,0.0,1.0,0.0273410799726589,0.9726589200273412
3,inactive,3,green,6,0-6,11.0,95.12,8.647272727272728,2976.56,18623.44,48,62.01166666666666,0.0051075418934418,0.0005906534990313,8.0,30.16,3.77,0.0016194645027986,0.0004295661811136,7.0,46.0,6.571428571428571,0.0024700055414037,0.0003758704084744,23,3717.92,161.64869565217393,0.1996365870107778,0.0012350027707018,1.0,1.44,1.44,7.732191260046479e-05,5.3695772639211664e-05,17.0,293.84,17.284705882352938,0.0157779658323059,0.0009128281348665,2.0,12.68,6.34,0.0006808623970652,0.0001073915452784,2.0,21.76,10.88,0.0011684200126292,0.0001073915452784,2.0,5.36,2.68,0.0002878093413461,0.0001073915452784,4.0,18.04,4.51,0.0009686717384113,0.0002147830905568,1.0,2.04,2.04,0.0001095393761839,5.3695772639211664e-05,0.0,0.0,0.0,1.8,2.0,0.9,0.0,0.0,9.6652390750581e-05,0.0001073915452784,0.0,1.0,0.0,1.0,32.05797206367186,901.0,0.03558043514281,0.0094189890395813,1.9389114736934916,0.0315304278312803,0.0483798911479297,74462,57545.99999999999,0,0.7728237221670112,0.0,7682.0,682.0,1919.0,2389.0,764.0,0.0,0.0,157.0,6918.0,682.0,1919.0,2232.0,0.0994532673782869,0.9005467326217131,0.0,1.0,0.0,1.0,0.065717873587275,0.934282126412725
3,inactive,3,red,6,0-6,20.0,182.96,9.148,2264.32,19335.68,22,102.92363636363638,0.0094622997484443,0.001034357209056,12.0,94.6,7.883333333333333,0.0048925095988349,0.0006206143254336,12.0,61.68,5.14,0.0031899576327287,0.0006206143254336,34,3495.96,102.82235294117648,0.1808035714285714,0.0017584072553952,2.0,5.2,2.6,0.0002689328743545,0.0001034357209056,34.0,491.2,14.447058823529412,0.0254038130544154,0.0017584072553952,8.0,52.28,6.535,0.0027038097444723,0.0004137428836224,9.0,81.96,9.106666666666666,0.0042387958427115,0.0004654607440752,4.0,14.64,3.66,0.0007571494770289,0.0002068714418112,30.0,114.92,3.830666666666666,0.0059434165232358,0.001551535813584,,,,,,0.8,1.0,0.8,0.0,0.0,0.0,4.1374288362240174e-05,5.171786045280021e-05,0.0,0.0,1.0,0.0,1.0,0.0,44.48608751017555,1638.0,0.0271587835837457,0.003784336716225,1.995695532742208,0.0264885969646829,0.0847138554216867,56630,44752.333333333336,967,0.7902584024957325,0.0170757549002295,13629.0,2428.0,3931.0,4594.0,786.0,0.0,0.0,130.0,12843.0,2428.0,3931.0,4464.0,0.0576711424169051,0.9423288575830948,0.0,1.0,0.0,1.0,0.0282977797126686,0.9717022202873312
3,inactive,3,yellow,6,0-6,1.0,10.4,10.4,3819.36,17780.64,29,131.70206896551724,0.0005849058301613,5.624094520782154e-05,,,,,,,,,,,3,3915.88,1305.2933333333333,0.2202327925204042,0.0001687228356234,,,,,,,,,,,,,,,,,,,,,1.0,1.12,1.12,6.298985863276014e-05,5.624094520782154e-05,,,,,,,,,,,,,,,,,,,,,,,,,4.859225512252037,84.0,0.0578479227649052,0.0172951796093503,1.9470923521506232,0.0523580761794352,0.004724239397457,95513,66245.0,1893,0.6935705087265608,0.019819291614754,0.0,29.0,0.0,261.0,0.0,0.0,0.0,67.0,0.0,29.0,0.0,194.0,0.0,0.0,0.0,1.0,0.0,0.0,0.2567049808429119,0.7432950191570882
3,inactive,5,blue,6,0-6,6.0,27.8,4.633333333333334,2157.0,19443.0,74,29.14864864864865,0.0014298205009514,0.0003085943527233,1.0,0.96,0.96,4.9375096435735225e-05,5.1432392120557526e-05,1.0,1.32,1.32,6.789075759913593e-05,5.1432392120557526e-05,29,3570.8,123.13103448275862,0.1836547857840868,0.0014915393714961,,,,,,,,,,,31.0,297.92,9.610322580645162,0.0153227382605564,0.0015944041557372,6.0,44.8,7.466666666666666,0.0023041711670009,0.0003085943527233,2.0,5.6,2.8,0.0002880213958751,0.0001028647842411,17.0,82.72,4.865882352941177,0.0042544874762125,0.0008743506660494,3.0,7.88,2.6266666666666665,0.0004052872499099,0.0001542971763616,2.2,2.0,1.1,1.0,1.0,1.0,0.0001131512626652,0.0001028647842411,5.1432392120557526e-05,5.1432392120557526e-05,0.6875,0.3125,0.6666666666666666,0.3333333333333333,41.88355824823626,1701.0,0.0246229031441718,0.0053375317505532,2.1761926554782423,0.0230215765402808,0.0874864989970683,53999,33075.0,3185,0.6125113428026445,0.0589825737513657,7479.0,1268.0,59.0,701.0,44.0,0.0,0.0,0.0,7435.0,1268.0,59.0,701.0,0.0058831394571466,0.9941168605428532,0.0,1.0,0.0,1.0,0.0,1.0
3,inactive,5,green,6,0-6,8.0,81.16,10.145,2087.24,19512.76,168,12.424047619047618,0.0041593295874084,0.0004099881308436,6.0,10.04,1.6733333333333331,0.0005145351042087,0.0003074910981327,10.0,48.76,4.8759999999999994,0.0024988776574918,0.0005124851635545,21,3762.76,179.17904761904762,0.1928358674016387,0.0010762188434644,1.0,1.28,1.28,6.559810093497794e-05,5.1248516355451514e-05,,,,,,78.0,347.12,4.450256410256411,0.0177893849973043,0.0039973842757252,1.0,13.88,13.88,0.0007113294070136,5.1248516355451514e-05,4.0,30.56,7.64,0.0015661546598225,0.0002049940654218,12.0,54.24,4.5200000000000005,0.0027797195271196,0.0006149821962654,,,,,,,,,,,,,,,,,,,,90.08963456504068,1663.0,0.0541729612537827,0.0079358813925316,2.231971897088805,0.0520009542862338,0.0852262826991158,52349,32690.666666666664,4248,0.6244754754945971,0.0811476819041433,8756.0,1116.0,1486.0,2037.0,514.0,167.0,695.0,606.0,8242.0,949.0,791.0,1431.0,0.0587026039287345,0.9412973960712654,0.1496415770609319,0.850358422939068,0.4676985195154778,0.5323014804845222,0.2974963181148748,0.7025036818851251
3,inactive,5,red,6,0-6,1.0,2.4,2.4,3294.96,18305.04,40,82.374,0.0001311114316057,5.462976316905071e-05,,,,,,,,,,,10,3897.2,389.72,0.2129031130224244,0.0005462976316905,,,,,,,,,,,14.0,35.96,2.5685714285714285,0.001964486283559,0.0007648166843667,1.0,9.24,9.24,0.000504779011682,5.462976316905071e-05,2.0,47.44,23.72,0.0025916359647397,0.0001092595263381,,,,,,2.0,6.16,3.08,0.0003365193411213,0.0001092595263381,1.0,1.0,1.0,0.0,0.0,0.0,5.462976316905071e-05,5.462976316905071e-05,0.0,0.0,1.0,0.0,1.0,0.0,18.371196965558187,593.0,0.0309800960633358,0.0078544473920694,2.2352774836360187,0.0264288295152895,0.032395449559247,82414,40520.666666666664,13945,0.4916721269040049,0.1692066881840464,913.0,1420.0,0.0,61.0,33.0,35.0,0.0,0.0,880.0,1385.0,0.0,61.0,0.036144578313253,0.963855421686747,0.0246478873239436,0.9753521126760564,0.0,0.0,0.0,1.0
3,inactive,5,yellow,6,0-6,14.0,71.76,5.125714285714286,1039.92,20560.08,64,16.24875,0.0034902587927673,0.0006809312026023,4.0,33.2,8.3,0.0016147797090283,0.000194551772172,14.0,51.36,3.6685714285714286,0.0024980447546896,0.0006809312026023,42,3639.76,86.66095238095238,0.177030439570274,0.0020427936078069,,,,,,2.0,50.8,25.4,0.0024708075065855,9.727588608604635e-05,86.0,425.12,4.943255813953488,0.02067696234645,0.0041828631016999,6.0,59.12,9.853333333333332,0.0028754751927035,0.0002918276582581,4.0,12.04,3.01,0.0005856008342379,0.000194551772172,31.0,94.12,3.0361290322580645,0.0045778031992093,0.0015077762343337,1.0,2.8,2.8,0.0001361862405204,4.863794304302318e-05,0.0,0.0,0.0,2.2,2.0,1.1,0.0,0.0,0.0001070034746946,9.727588608604635e-05,0.0,1.0,0.0,1.0,81.5835057510206,2823.0,0.0288995769574993,0.0056115211644258,2.226244342226474,0.0276517033656212,0.1373049132104544,26062,20809.666666666664,1007,0.7984677563758217,0.0386386309569488,11986.0,1789.0,2132.0,1808.0,559.0,132.0,695.0,606.0,11427.0,1657.0,1437.0,1202.0,0.0466377440347071,0.9533622559652928,0.0737842370039128,0.9262157629960872,0.3259849906191369,0.674015009380863,0.3351769911504424,0.6648230088495575
3,inactive,6,blue,6,0-6,3.0,123.32,41.10666666666666,3097.72,18502.28,25,123.9088,0.0066651245143841,0.0001621421792341,,,,,,,,,,,6,3262.0,543.6666666666666,0.1763025962205739,0.0003242843584682,,,,,,2.0,15.32,7.66,0.0008280060619556,0.000108094786156,,,,,,,,,,,,,,,,1.0,2.4,2.4,0.0001297137433873,5.404739307804227e-05,,,,,,,,,,,,,,,,,,,,7.05581845177591,282.0,0.0250206328077159,0.0062833585143631,2.177370092267787,0.019069753768267,0.0152413648480079,77468,55318.33333333332,1110,0.7140797920861945,0.0143284969277637,385.0,0.0,0.0,3086.0,0.0,0.0,0.0,200.0,385.0,0.0,0.0,2886.0,0.0,1.0,0.0,0.0,0.0,0.0,0.0648088139987038,0.935191186001296
3,inactive,6,green,6,0-6,,,,3110.64,18489.36,46,67.62260869565218,,,,,,,,,,,,,6,3371.08,561.8466666666667,0.1823254022854225,0.0003245109619802,,,,,,6.0,75.84,12.64,0.0041018185594309,0.0003245109619802,,,,,,,,,,,,,,,,,,,,,,,,,,,,,,,,,,,,,,,,4.618603466380441,247.0,0.0186987994590301,0.004832650432032,1.998795978374527,0.0154843677420669,0.0133590346015221,77812,56249.33333333333,166,0.7228876437224764,0.0021333470415874,1902.0,0.0,0.0,0.0,61.0,0.0,0.0,0.0,1841.0,0.0,0.0,0.0,0.0320715036803364,0.9679284963196636,0.0,0.0,0.0,0.0,0.0,0.0
3,inactive,6,red,6,0-6,19.0,231.36,12.17684210526316,823.4,20776.6,30,27.446666666666665,0.0111356044781148,0.0009144903400941,13.0,48.12,3.7015384615384614,0.0023160671139647,0.0006257039169065,8.0,23.0,2.875,0.0011070146222192,0.0003850485642501,57,2244.88,39.38385964912281,0.1080484776142391,0.0027434710202824,2.0,2.08,1.04,0.000100112626705,9.626214106254152e-05,63.0,458.56,7.278730158730159,0.0220709837028195,0.00303225744347,5.0,9.76,1.952,0.0004697592483852,0.0002406553526563,15.0,121.56,8.104000000000001,0.0058508129337812,0.000721966057969,1.0,1.32,1.32,6.35330131012774e-05,4.813107053127076e-05,54.0,259.4,4.803703703703703,0.0124851996958116,0.0025990778086886,11.0,29.28,2.661818181818182,0.0014092777451556,0.0005294417758439,,,,,,,,,,,,,,,71.19007645772962,2550.0,0.0279176770422469,0.0045770902146206,2.0660558240041698,0.0253444976101628,0.1227342298547404,20615,19321.0,105,0.9372301722047052,0.0050933786078098,11776.0,3088.0,1799.0,5803.0,61.0,0.0,0.0,184.0,11715.0,3088.0,1799.0,5619.0,0.005180027173913,0.9948199728260868,0.0,1.0,0.0,1.0,0.0317077373772186,0.9682922626227812
3,inactive,6,yellow,6,0-6,1.0,3.68,3.68,3253.48,18346.52,53,61.386415094339625,0.0002005829988466,5.450624968658906e-05,,,,,,,,,,,3,3383.12,1127.7066666666667,0.1844011834396932,0.0001635187490597,,,,,,,,,,,,,,,,,,,,,,,,,,1.0,2.24,2.24,0.0001220939992979,5.450624968658906e-05,1.0,3.2,3.2,0.000174419998997,5.450624968658906e-05,,,,,,,,,,,,,,,3.321487973701216,105.0,0.0316332187971544,0.0106721304843823,1.6906933151760548,0.0279686937302778,0.0057231562170918,81390,56897.99999999999,2032,0.6990785108735716,0.0249662120653642,0.0,0.0,0.0,93.0,0.0,0.0,0.0,16.0,0.0,0.0,0.0,77.0,0.0,0.0,0.0,0.0,0.0,0.0,0.1720430107526881,0.8279569892473119
3,inactive,7,blue,6,0-6,,,,3700.48,17899.52,6,616.7466666666667,,,,,,,,,,,,,2,3754.56,1877.28,0.2097575800915331,0.0001117348398169,,,,,,4.0,26.8,6.7,0.0014972468535469,0.0002234696796338,,,,,,1.0,0.96,0.96,5.363272311212814e-05,5.5867419908466816e-05,,,,,,,,,,,,,,,,,,,,,,,,,,,,,,0.8148305669835904,49.0,0.016629195244563,0.0028725104616452,2.309456290105178,0.0130185819585764,0.0027375035755148,92518,54252.99999999999,14378,0.5864048077130936,0.1554075963596273,674.0,25.0,0.0,0.0,136.0,0.0,0.0,0.0,538.0,25.0,0.0,0.0,0.201780415430267,0.798219584569733,0.0,1.0,0.0,0.0,0.0,0.0
3,inactive,7,green,6,0-6,10.0,84.88,8.488,2801.08,18798.92,110,25.464363636363636,0.0045151529981509,0.0005319454521855,2.0,6.28,3.14,0.0003340617439725,0.0001063890904371,1.0,3.44,3.44,0.0001829892355518,5.319454521855511e-05,15,3689.2,245.94666666666663,0.1962453162202935,0.0007979181782783,,,,,,6.0,29.88,4.9799999999999995,0.0015894530111304,0.0003191672713113,20.0,134.16,6.708,0.0071365801865213,0.0010638909043711,,,,,,3.0,7.72,2.5733333333333333,0.0004106618890872,0.0001595836356556,4.0,14.8,3.7,0.0007872792692346,0.0002127781808742,1.0,2.24,2.24,0.0001191557812895,5.319454521855511e-05,0.0,0.0,0.0,0.8,1.0,0.8,0.0,0.0,4.2555636174844095e-05,5.319454521855511e-05,0.0,1.0,0.0,1.0,53.36136390107363,854.0,0.0624840326710464,0.0134068988115212,2.122660357068614,0.0631219351255624,0.045428141616646,70137,51414.33333333333,0,0.7330557813042093,0.0,4127.0,196.0,246.0,2132.0,994.0,196.0,157.0,1064.0,3133.0,0.0,89.0,1068.0,0.2408529197964623,0.7591470802035377,1.0,0.0,0.6382113821138211,0.3617886178861789,0.49906191369606,0.50093808630394
3,inactive,7,red,6,0-6,19.0,532.68,28.035789473684208,1181.84,20418.16,41,28.825365853658536,0.0260885407891798,0.0009305441822377,2.0,12.0,6.0,0.0005877121150975,9.795201918292344e-05,5.0,27.52,5.504,0.001347819783957,0.0002448800479573,45,2647.32,58.82933333333334,0.1296551697116684,0.0022039204316157,,,,,,26.0,399.8,15.376923076923076,0.0195806086346663,0.001273376249378,6.0,28.92,4.82,0.001416386197385,0.0002938560575487,4.0,63.4,15.85,0.0031050790080986,0.0001959040383658,,,,,,52.0,233.0,4.480769230769231,0.0114114102348105,0.002546752498756,8.0,22.64,2.83,0.0011088168571506,0.0003918080767316,0.8,1.0,0.8,0.0,0.0,0.0,3.9180807673169374e-05,4.897600959146172e-05,0.0,0.0,1.0,0.0,1.0,0.0,56.079793543012734,2531.0,0.0221571685274645,0.0041388568055755,2.121204927120558,0.0197172429365533,0.1239582802759896,29587,27077.666666666664,0,0.9151879767014792,0.0,10750.0,1589.0,995.0,13336.0,1830.0,0.0,0.0,831.0,8920.0,1589.0,995.0,12505.0,0.1702325581395349,0.8297674418604651,0.0,1.0,0.0,1.0,0.0623125374925015,0.9376874625074983
3,inactive,7,yellow,6,0-6,18.0,102.68,5.704444444444444,2535.28,19064.72,73,34.72986301369863,0.0053858645707883,0.0009441523400291,2.0,8.28,4.14,0.0004343100764133,0.0001049058155587,1.0,1.16,1.16,6.084537302409895e-05,5.245290777939566e-05,29,3507.2,120.93793103448276,0.1839628381638964,0.0015211343256024,1.0,1.2,1.2,6.294348933527478e-05,5.245290777939566e-05,5.0,94.6,18.92,0.0049620450759308,0.0002622645388969,12.0,34.68,2.89,0.0018190668417894,0.0006294348933527,4.0,9.76,2.44,0.0005119403799269,0.0002098116311175,1.0,18.32,18.32,0.0009609372705185,5.245290777939566e-05,10.0,37.32,3.732,0.001957542518327,0.0005245290777939,,,,,,,,,,,,,,,,,,,,42.387048426537255,1154.0,0.0367305445637237,0.0093915052727027,2.2236154666815677,0.0326619613596732,0.0605306555774225,63455,48728.333333333336,420,0.7679195230215639,0.0066188637617209,3249.0,707.0,239.0,2585.0,892.0,196.0,157.0,738.0,2357.0,511.0,82.0,1847.0,0.2745460141582025,0.7254539858417974,0.2772277227722772,0.7227722772277227,0.6569037656903766,0.3430962343096234,0.2854932301740812,0.7145067698259188
3,inactive,8,blue,6,0-6,6.0,19.4,3.233333333333333,1609.64,19990.36,135,11.92325925925926,0.0009704677654629,0.0003001446697308,,,,,,1.0,2.64,2.64,0.0001320636546815,5.002411162180171e-05,10,3834.24,383.424,0.1918044497447769,0.000500241116218,,,,,,,,,,,84.0,337.32,4.015714285714286,0.0168741333322661,0.0042020253762313,,,,,,10.0,75.56,7.556,0.0037798218741433,0.000500241116218,4.0,16.12,4.03,0.0008063886793434,0.0002000964464872,2.0,4.44,2.22,0.0002221070556007,0.0001000482232436,0.0,0.0,0.0,3.6,3.0,1.2,0.0,0.0,0.0001800868018384,0.0001500723348654,0.0,1.0,0.0,1.0,38.38652097345401,2185.0,0.0175682018185144,0.0058692759849114,2.100713517636324,0.0163956275530664,0.1093026838936367,40376,7068.999999999999,19874,0.175079255002972,0.4922231028333663,8517.0,1899.0,67.0,491.0,1005.0,723.0,0.0,363.0,7512.0,1176.0,67.0,128.0,0.1179992955265938,0.8820007044734062,0.3807266982622433,0.6192733017377567,0.0,1.0,0.7393075356415478,0.2606924643584521
3,inactive,8,green,6,0-6,8.0,74.92,9.365,27.52,21572.48,5,5.504,0.0034729433055448,0.0003708428516331,3.0,18.64,6.213333333333334,0.0008640638443053,0.0001390660693624,2.0,10.72,5.36,0.0004969294211884,9.2710712908298e-05,13,3783.28,291.02153846153846,0.1753752929658528,0.0006026196339039,,,,,,,,,,,108.0,987.32,9.141851851851852,0.0457675705343103,0.005006378497048,,,,,,42.0,288.2,6.8619047619047615,0.0133596137300857,0.0019469249710742,41.0,145.12,3.5395121951219513,0.0067270893286261,0.0019005696146201,16.0,42.24,2.64,0.0019580502566232,0.0007416857032663,0.0,0.0,0.0,4.0,4.0,1.0,0.0,0.0,0.0001854214258165,0.0001854214258165,0.0,1.0,0.0,1.0,68.91872349386789,3891.0,0.0177123421983726,0.006348870603244,2.350697719747908,0.0163617524256875,0.1803686919630937,693,27.999999999999996,609,0.0404040404040404,0.8787878787878788,24791.0,7247.0,739.0,1881.0,1317.0,1538.0,204.0,695.0,23474.0,5709.0,535.0,1186.0,0.053124117623331,0.946875882376669,0.2122257485856216,0.7877742514143784,0.2760487144790257,0.7239512855209743,0.3694843168527379,0.6305156831472621
3,inactive,8,red,6,0-6,22.0,795.92,36.17818181818182,341.48,21258.52,21,16.260952380952382,0.0374400475668108,0.0010348791919663,2.0,15.4,7.7,0.0007244154343764,9.407992654239336e-05,4.0,13.04,3.26,0.0006134011210564,0.0001881598530847,47,2271.28,48.32510638297872,0.1068409277786036,0.0022108782737462,,,,,,2.0,13.08,6.54,0.0006152827195872,9.407992654239336e-05,37.0,150.56,4.069189189189189,0.0070823368701113,0.0017404786410342,8.0,67.16,8.395,0.0031592039332935,0.0003763197061695,5.0,49.64,9.928,0.0023350637767822,0.0002351998163559,37.0,142.04,3.838918918918919,0.0066815563830407,0.0017404786410342,9.0,26.12,2.9022222222222225,0.0012286838406436,0.0004233596694407,7.6,7.0,1.0857142857142856,0.0,0.0,0.0,0.000357503720861,0.0003292797428983,0.0,0.0,1.0,0.0,1.0,0.0,72.13606829959093,3565.0,0.0202345212621573,0.004597085815543,2.147746913010058,0.0172688926997,0.1676974690618161,8558,1461.6666666666663,4878,0.1707953571706784,0.5699929890161253,4130.0,2933.0,717.0,19920.0,176.0,529.0,0.0,213.0,3954.0,2404.0,717.0,19707.0,0.0426150121065375,0.9573849878934624,0.1803614047050801,0.8196385952949199,0.0,1.0,0.0106927710843373,0.9893072289156628
3,inactive,8,yellow,6,0-6,8.0,80.28,10.035,1700.88,19899.12,108,15.74888888888889,0.0040343492576556,0.0004020278283662,2.0,16.04,8.02,0.0008060657958743,0.0001005069570915,1.0,0.96,0.96,4.824333940395354e-05,5.025347854578494e-05,19,3804.76,200.25052631578947,0.1912024250318607,0.0009548160923699,,,,,,,,,,,65.0,208.24,3.203692307692308,0.0104647843723742,0.003266476105476,,,,,,14.0,103.92,7.422857142857143,0.0052223414904779,0.0007035486996409,1.0,3.0,3.0,0.0001507604356373,5.025347854578494e-05,2.0,4.44,2.22,0.0002231254447432,0.0001005069570915,,,,,,,,,,,,,,,43.74560298112719,2123.0,0.0206055595766025,0.0070902396104594,2.24439038118929,0.0207168040226318,0.1066881349527014,42630,7105.333333333332,22019,0.1666744858863085,0.51651419188365,5271.0,2612.0,428.0,2015.0,840.0,856.0,204.0,602.0,4431.0,1756.0,224.0,1413.0,0.1593625498007968,0.8406374501992032,0.327718223583461,0.6722817764165391,0.4766355140186916,0.5233644859813084,0.2987593052109181,0.7012406947890819
