day,phase,box,mouse,time_bin,time_window,s_wall_count,s_wall_duration,s_wall_mean_duration,nest_duration,outside_nest_duration,nest_count,nest_mean_duration,s_wall_duration_fraction,s_wall_event_rate,ramp1_count,ramp1_duration,ramp1_mean_duration,ramp1_duration_fraction,ramp1_event_rate,ramp2_count,ramp2_duration,ramp2_mean_duration,ramp2_duration_fraction,ramp2_event_rate,non_wall_count,non_wall_duration,non_wall_mean_duration,non_wall_duration_fraction,non_wall_event_rate,woodstick_count,woodstick_duration,woodstick_mean_duration,woodstick_duration_fraction,woodstick_event_rate,feeder_prox_count,feeder_prox_duration,feeder_prox_mean_duration,feeder_prox_duration_fraction,feeder_prox_event_rate,feeder_dist_count,feeder_dist_duration,feeder_dist_mean_duration,feeder_dist_duration_fraction,feeder_dist_event_rate,water_prox_count,water_prox_duration,water_prox_mean_duration,water_prox_duration_fraction,water_prox_event_rate,water_dist_count,water_dist_duration,water_dist_mean_duration,water_dist_duration_fraction,water_dist_event_rate,motionless_count,motionless_duration,motionless_mean_duration,motionless_duration_fraction,motionless_event_rate,speeding_count,speeding_duration,speeding_mean_duration,speeding_duration_fraction,speeding_event_rate,chasing_duration,chasing_count,chasing_mean_duration,chased_duration,chased_count,chased_mean_duration,chasing_duration_fraction,chasing_event_rate,chased_duration_fraction,chased_event_rate,chasing_duration_ratio,chased_duration_ratio,chasing_event_ratio,chased_event_ratio,total_distance,valid_locomotion_duration,mean_speed,median_speed,mean_abs_angular_velocity,mean_abs_acceleration,valid_locomotion_duration_fraction,nest_frames,weighted_sum,alone_sum,weighted_co_occupancy,alone_fraction,feeding_frames,drinking_frames,ramps_frames,s_wall_frames,feeding_together_frames,drinking_together_frames,ramps_together_frames,s_wall_together_frames,feeding_alone_frames,drinking_alone_frames,ramps_alone_frames,s_wall_alone_frames,feeding_together_fraction,feeding_alone_fraction,drinking_together_fraction,drinking_alone_fraction,ramps_together_fraction,ramps_alone_fraction,s_wall_together_fraction,s_wall_alone_fraction,normDS,rank
1,active,1,blue,24,12-24,178.0,932.8,5.240449438202247,26473.76,16726.24,268.0,98.78268656716418,0.0557686604999091,0.0106419613732673,131.0,586.32,4.475725190839695,0.0350539033279445,0.007832005280326,162.0,722.12,4.457530864197531,0.0431728828475497,0.0096853805756703,497,36881.6,74.20845070422536,2.2050143965410034,0.0297137910253589,17.0,32.68,1.9223529411764704,0.001953816279092,0.0010163670974468,91.0,843.8,9.272527472527472,0.0504476798132754,0.0054405532863333,205.0,2309.16,11.264195121951218,0.1380561321612029,0.0122561914692124,40.0,114.88,2.872,0.0068682501267469,0.0023914519939926,24.0,79.44,3.31,0.0047494236600694,0.0014348711963956,240.0,1152.52,4.8021666666666665,0.0689049063029108,0.014348711963956,6.0,13.76,2.2933333333333334,0.0008226594859334,0.0003587177990989,4.0,5.0,0.8,3.4,4.0,0.85,0.0002391451993992,0.000298931499249,0.0002032734194893,0.0002391451993992,0.5405405405405405,0.4594594594594594,0.5555555555555556,0.4444444444444444,608.5819615455408,14496.0,0.0419827512103711,0.0109301902460851,1.9712800557253016,0.0394058836851711,0.8666622026229445,662112.0,491418.3333333333,43970.0,0.7421981980893464,0.0664087042675559,79120.0,4922.0,33004.0,23498.0,17612.0,118.0,4776.0,4850.0,61508.0,4804.0,28228.0,18648.0,0.2225985844287158,0.7774014155712842,0.0239739943112555,0.9760260056887444,0.1447097321536783,0.8552902678463217,0.2064005447272108,0.7935994552727892,1.2,Gamma
1,active,1,green,24,12-24,265.0,1769.28,6.676528301886792,19699.28,23500.72,492.0,40.03918699186992,0.0752862039971541,0.0112762502595665,159.0,772.44,4.85811320754717,0.0328687801905643,0.0067657501557399,176.0,892.2,5.069318181818182,0.037964794270133,0.007489132247863,608,35605.92,58.56236842105263,1.5150991118569983,0.025871547765345,8.0,17.48,2.185,0.0007438069982536,0.0003404151021755,115.0,1378.68,11.988521739130436,0.0586654366334308,0.0048934670937741,436.0,4996.44,11.4597247706422,0.2126079541392774,0.0185526230685698,43.0,147.2,3.4232558139534883,0.0062636378800309,0.0018297311741938,56.0,228.48,4.08,0.0097222553181349,0.0023829057152291,307.0,1493.84,4.865928338762215,0.0635657120292484,0.0130634295459883,8.0,20.16,2.52,0.0008578460574824,0.0003404151021755,2.2,2.0,1.1,2.4,3.0,0.7999999999999999,9.361415309828804e-05,8.510377554389823e-05,0.0001021245306526,0.0001276556633158,0.4782608695652174,0.5217391304347826,0.4,0.6,1065.0178227519684,21113.0,0.050443699273053,0.0120653953735782,2.038745066485464,0.0452424343889973,0.8983980065291616,492974.0,413648.6666666666,17897.0,0.8390882007299911,0.0363041458575908,159929.0,9491.0,41951.0,44497.0,18012.0,118.0,6060.0,8090.0,141917.0,9373.0,35891.0,36407.0,0.1126249773336918,0.8873750226663082,0.0124328311031503,0.9875671688968496,0.1444542442373245,0.8555457557626756,0.1818100096635728,0.8181899903364271,1.2499999999999998,Beta
1,active,1,red,24,12-24,156.0,1518.92,9.736666666666666,26149.12,17050.88,174.0,150.2822988505747,0.0890816192478042,0.0091490879063133,60.0,313.4,5.223333333333333,0.0183802830117859,0.0035188799639666,52.0,221.84,4.266153846153847,0.0130104721867727,0.0030496959687711,299,37499.64,125.41685618729096,2.199278864199384,0.0175357518204339,12.0,30.16,2.513333333333333,0.0017688236618872,0.0007037759927933,53.0,330.6,6.237735849056604,0.0193890286014563,0.0031083439681705,398.0,4627.44,11.626733668341709,0.2713900983409653,0.0233419037609789,6.0,33.0,5.5,0.0019353839801816,0.0003518879963966,22.0,135.32,6.15090909090909,0.0079362472787328,0.0012902559867877,263.0,1036.88,3.9425095057034225,0.060810937617296,0.0154244238420538,17.0,43.0,2.5294117647058822,0.0025218639741761,0.0009970159897905,9.0,11.0,0.8181818181818182,2.2,2.0,1.1,0.000527831994595,0.0006451279933938,0.0001290255986787,0.0001172959987988,0.8035714285714286,0.1964285714285714,0.8461538461538461,0.1538461538461538,450.9194916640891,14916.0,0.0302305907524865,0.0068887922531497,2.1047580423966075,0.0261193168848753,0.8747935590421139,653902.0,473874.6666666666,66818.0,0.7246875933498699,0.1021835076204079,124402.0,4236.0,13493.0,38129.0,19290.0,0.0,2548.0,7775.0,105112.0,4236.0,10945.0,30354.0,0.1550618157264352,0.8449381842735647,0.0,1.0,0.1888386570814496,0.8111613429185504,0.2039130320753232,0.7960869679246767,3.0,Alpha
1,active,1,yellow,24,12-24,182.0,1085.32,5.963296703296703,25857.28,17342.72,390.0,66.30071794871795,0.0625807255147981,0.0104943169237582,124.0,438.28,3.5345161290322578,0.0252716990183777,0.0071499741678352,131.0,502.56,3.836335877862595,0.0289781533692523,0.0075536017418259,369,38684.32,104.83555555555556,2.2305797475828473,0.0212769392575097,10.0,16.48,1.648,0.0009502546313381,0.0005766108199867,87.0,700.4,8.050574712643678,0.0403858218318695,0.0050165141338844,214.0,1673.64,7.820747663551402,0.0965038932762565,0.0123394715477156,30.0,160.76,5.358666666666666,0.0092695955421064,0.0017298324599601,27.0,114.44,4.238518518518519,0.0065987342239279,0.0015568492139641,172.0,728.24,4.2339534883720935,0.0419911063547125,0.0099177061037714,7.0,16.32,2.3314285714285714,0.0009410288582183,0.0004036275739907,1.6,2.0,0.8,8.8,11.0,0.8,9.225773119787438e-05,0.0001153221639973,0.0005074175215883,0.0006342719019853,0.1538461538461538,0.8461538461538461,0.1538461538461538,0.8461538461538461,863.1050534169485,15030.0,0.057425485922618,0.0135144969911825,2.0560663743553413,0.0510064369731495,0.8666460624400324,646822.0,481682.99999999994,45363.0,0.7446917389946538,0.0701321229024368,59652.0,6937.0,23776.0,27315.0,13534.0,0.0,4157.0,4198.0,46118.0,6937.0,19619.0,23117.0,0.226882585663515,0.773117414336485,0.0,1.0,0.1748401749663526,0.8251598250336474,0.1536884495698334,0.8463115504301666,0.4875,Delta
1,active,2,blue,24,12-24,290.0,2919.2,10.066206896551725,22077.8,21122.2,200.0,110.389,0.1382053005842194,0.0137296304362235,95.0,524.48,5.520842105263158,0.0248307467972086,0.0044976375566939,161.0,1108.8,6.88695652173913,0.0524945318196021,0.0076223120697654,584,36467.64,62.44458904109589,1.726507655452557,0.0276486350853604,40.0,106.2,2.655,0.0050278853528515,0.0018937421291342,156.0,1469.48,9.41974358974359,0.0695704045980058,0.0073855943036236,207.0,1462.76,7.0664734299516905,0.0692522559203113,0.0098001155182698,61.0,437.48,7.171803278688525,0.0207118576663415,0.0028879567469297,55.0,297.72,5.41309090909091,0.0140951226671464,0.0026038954275596,337.0,1385.96,4.112640949554896,0.0656162710323735,0.0159547774379562,24.0,56.76,2.365,0.0026872200812415,0.0011362452774805,9.4,11.0,0.8545454545454546,8.0,9.0,0.8888888888888888,0.0004450294003465,0.0005207790855119,0.0003787484258268,0.0004260919790552,0.5402298850574714,0.4597701149425288,0.55,0.45,701.3947428922895,20825.0,0.0336804198267606,0.0078481293412412,2.0482111625052717,0.0325601447379125,0.9859294959805324,552145.0,433827.0,54435.0,0.7857120864990175,0.09858823316339,73669.0,18496.0,41088.0,73270.0,27432.0,1469.0,6194.0,21598.0,46237.0,17027.0,34894.0,51672.0,0.3723682960268227,0.6276317039731774,0.0794225778546712,0.9205774221453288,0.1507496105919003,0.8492503894080997,0.2947727582912515,0.7052272417087485,1.6446428571428573,Beta
1,active,2,green,24,12-24,357.0,2740.56,7.676638655462185,23489.56,19710.44,416.0,56.465288461538464,0.1390410361209592,0.0181122288492798,175.0,569.8,3.256,0.0289085378104192,0.0088785435535685,170.0,650.76,3.828,0.033016005730973,0.0086248708806094,571,37409.68,65.51607705779334,1.897962704028931,0.0289694192519294,37.0,59.68,1.612972972972973,0.0030278370244398,0.0018771777798973,220.0,2815.24,12.796545454545454,0.1428298911642763,0.0111615976102004,200.0,1599.76,7.9988,0.0811630790586105,0.010146906918364,85.0,433.48,5.099764705882353,0.0219924060548622,0.0043124354403047,36.0,117.68,3.268888888888889,0.0059704400307654,0.0018264432453055,295.0,1339.84,4.541830508474576,0.0679761588275046,0.014966687704587,12.0,27.92,2.3266666666666667,0.0014165082058036,0.0006088144151018,4.6,5.0,0.92,16.4,16.0,1.025,0.0002333788591223,0.0002536726729591,0.0008320463673058,0.0008117525534691,0.219047619047619,0.7809523809523808,0.238095238095238,0.7619047619047619,973.9702814763548,19271.0,0.050540723443327,0.0121701309968431,2.0070305208491366,0.0467341258261285,0.9777052161189704,587655.0,445367.0,62059.0,0.7578715402744808,0.1056044788183543,110795.0,13900.0,30663.0,68871.0,48794.0,1287.0,5603.0,20443.0,62001.0,12613.0,25060.0,48428.0,0.4403989349699896,0.5596010650300104,0.0925899280575539,0.907410071942446,0.1827283696963767,0.8172716303036233,0.2968303059342829,0.703169694065717,0.6988636363636365,Delta
1,active,2,red,24,12-24,343.0,3975.56,11.590553935860058,19757.76,23442.24,148.0,133.49837837837836,0.1695895955335326,0.0146317075501317,176.0,1402.48,7.968636363636364,0.0598270472446319,0.0075078149528372,145.0,804.96,5.551448275862069,0.0343380154797493,0.0061854157281897,571,34861.72,61.0538003502627,1.487132628963785,0.0243577405572163,65.0,165.72,2.5495384615384613,0.0070692903067283,0.0027727725678092,159.0,2751.88,17.3074213836478,0.1173898057523513,0.0067826282812563,219.0,2815.96,12.858264840182647,0.1201233329238161,0.0093421106515418,90.0,1607.56,17.861777777777778,0.0685753579862675,0.0038392235554281,59.0,386.12,6.544406779661017,0.0164711222135768,0.0025168243307806,337.0,1645.28,4.882136498516321,0.0701844192363869,0.0143757593131031,21.0,51.0,2.4285714285714284,0.0021755600147426,0.0008958188295999,20.0,21.0,0.9523809523809524,3.4,4.0,0.85,0.0008531607900951,0.0008958188295999,0.0001450373343161,0.000170632158019,0.8547008547008548,0.1452991452991453,0.84,0.16,809.2184742397584,23196.0,0.0348861214967993,0.0111441353632459,2.0432879842424847,0.0306257501436521,0.9894958843523484,494092.0,416287.3333333333,32934.0,0.8425300011603777,0.0666556026003254,139574.0,49991.0,55507.0,99732.0,56053.0,2814.0,7374.0,22238.0,83521.0,47177.0,48133.0,77494.0,0.401600584636107,0.598399415363893,0.0562901322238002,0.9437098677761996,0.1328481092474823,0.8671518907525178,0.2229775799141699,0.77702242008583,2.8469696969696967,Alpha
1,active,2,yellow,24,12-24,156.0,1692.96,10.852307692307692,23168.36,20031.64,210.0,110.32552380952382,0.0845142983799629,0.0077876798904133,58.0,253.2,4.36551724137931,0.0126400035144401,0.0028954194464357,76.0,425.32,5.596315789473684,0.0212324103268629,0.0037939978953295,328,39692.04,121.01231707317072,1.981467318701814,0.0163740961798434,13.0,32.64,2.51076923076923,0.0016294222539941,0.0006489733242011,95.0,901.04,9.484631578947369,0.0449808403106285,0.0047424973691619,434.0,6443.12,14.84589861751152,0.3216471542020523,0.0216657248233294,48.0,219.48,4.5725,0.0109566665535123,0.0023962091970502,45.0,319.64,7.103111111111111,0.0159567564113572,0.0022464461222346,244.0,983.8,4.031967213114754,0.0491123043345427,0.0121807300850055,46.0,116.16,2.5252173913043476,0.0057988262568616,0.0022963671471731,4.4,5.0,0.8800000000000001,10.6,13.0,0.8153846153846154,0.0002196525097296,0.0002496051246927,0.0005291628643486,0.0006489733242011,0.2933333333333333,0.7066666666666667,0.2777777777777778,0.7222222222222222,529.7125901431425,19737.0,0.026838556525467,0.0061381013955505,2.158010645963476,0.0234614362456896,0.9852912692121064,579419.0,454490.0,43154.0,0.7843891898608779,0.0744780547410423,184133.0,13571.0,17097.0,42480.0,79570.0,2143.0,3760.0,12851.0,104563.0,11428.0,13337.0,29629.0,0.4321332949552769,0.5678667050447231,0.157910249797362,0.842089750202638,0.2199216236766684,0.7800783763233315,0.3025188323917137,0.6974811676082863,0.8095238095238095,Gamma
1,active,3,blue,24,12-24,197.0,1649.84,8.37482233502538,24925.0,18275.0,118.0,211.228813559322,0.0902785225718194,0.0107797537619699,114.0,462.12,4.053684210526316,0.0252870041039671,0.0062380300957592,54.0,292.48,5.416296296296297,0.0160043775649794,0.0029548563611491,354,37174.24,105.01197740112994,2.034158139534884,0.0193707250341997,14.0,36.12,2.5799999999999996,0.0019764705882352,0.000766073871409,54.0,699.36,12.95111111111111,0.0382686730506156,0.0029548563611491,218.0,5024.44,23.047889908256877,0.2749351573187414,0.0119288645690834,37.0,213.0,5.756756756756757,0.0116552667578659,0.0020246238030095,56.0,331.0,5.910714285714286,0.0181121751025991,0.0030642954856361,268.0,1155.16,4.3102985074626865,0.0632098495212038,0.0146648426812585,24.0,62.96,2.6233333333333335,0.0034451436388508,0.001313269493844,18.2,19.0,0.9578947368421052,10.4,10.0,1.04,0.0009958960328317,0.0010396716826265,0.0005690834473324,0.000547195622435,0.6363636363636364,0.3636363636363636,0.6551724137931034,0.3448275862068966,496.3556002977673,17113.0,0.0290045930168741,0.0049467062098852,2.1069775026039133,0.0276401872659789,0.9364158686730506,623243.0,504791.6666666666,35659.0,0.8099435800589283,0.0572152434925061,143367.0,13693.0,19033.0,41443.0,30021.0,449.0,2122.0,8900.0,113346.0,13244.0,16911.0,32543.0,0.2093996526397288,0.7906003473602712,0.0327904768860001,0.967209523114,0.1114905690117164,0.8885094309882835,0.2147527929927852,0.7852472070072147,2.447368421052632,Alpha
1,active,3,green,24,12-24,234.0,1737.76,7.426324786324786,24084.08,19115.92,395.0,60.97235443037975,0.0909064277314406,0.0122411058426693,210.0,941.56,4.483619047619047,0.0492552804154861,0.0109856078075237,151.0,620.84,4.111523178807947,0.0324776416724907,0.0078991751377909,522,36386.16,69.70528735632185,1.9034480161038552,0.0273070822644162,46.0,122.64,2.666086956521739,0.0064155949595938,0.002406371234029,69.0,700.32,10.149565217391306,0.0366354326655478,0.0036095568510435,262.0,2905.48,11.089618320610688,0.1519926846314485,0.0137058535503391,54.0,305.64,5.66,0.0159887674775788,0.0028248705790775,44.0,215.6,4.8999999999999995,0.0112785573490577,0.0023017463977668,286.0,1229.76,4.29986013986014,0.0643317193208592,0.0149613515854847,18.0,43.36,2.408888888888889,0.002268266450163,0.0009416235263591,9.0,10.0,0.9,7.2,8.0,0.9,0.0004708117631795,0.0005231241813106,0.0003766494105436,0.0004184993450485,0.5555555555555556,0.4444444444444445,0.5555555555555556,0.4444444444444444,857.9776369589817,17742.0,0.0483585636883655,0.0093076841607215,2.03880229076803,0.0463263092926402,0.9281269224813664,602497.0,480369.6666666666,43464.0,0.7972980225074425,0.0721397782893524,90476.0,13129.0,39421.0,43678.0,16638.0,602.0,4686.0,7245.0,73838.0,12527.0,34735.0,36433.0,0.1838940713559397,0.8161059286440603,0.045852692512758,0.954147307487242,0.1188706526978006,0.8811293473021994,0.1658729795320298,0.8341270204679702,1.8333333333333333,Beta
1,active,3,red,24,12-24,200.0,1754.28,8.7714,23916.52,19283.48,193.0,123.919792746114,0.09097320608106,0.0103715719361857,101.0,677.0,6.702970297029703,0.0351077710039889,0.0052376438277738,34.0,172.16,5.063529411764706,0.0089278491226687,0.0017631672291515,341,37353.48,109.54099706744869,1.9370715244343863,0.0176835301511967,13.0,39.2,3.015384615384616,0.0020328280994924,0.000674152175852,104.0,2391.48,22.995,0.124017034269748,0.0053932174068166,142.0,3027.56,21.320845070422536,0.1570027816555932,0.0073638160746919,50.0,387.4,7.747999999999999,0.0200897348403918,0.0025928929840464,18.0,76.16,4.231111111111111,0.0039494945932995,0.0009334414742567,282.0,1388.16,4.922553191489362,0.0719870064946783,0.0146239164300219,33.0,86.8,2.6303030303030304,0.0045012622203046,0.0017113093694706,12.4,12.0,1.0333333333333334,17.4,18.0,0.9666666666666666,0.0006430374600435,0.0006222943161711,0.0009023267584481,0.0009334414742567,0.4161073825503356,0.5838926174496645,0.4,0.6,484.7878646784483,18046.0,0.0268640066872685,0.0055641843159735,2.073012629789148,0.0247971371937996,0.935826935802044,598106.0,495713.6666666667,24113.0,0.8288057077953852,0.040315596232106,135722.0,11657.0,21364.0,44057.0,35270.0,393.0,3925.0,8981.0,100452.0,11264.0,17439.0,35076.0,0.2598694390003094,0.7401305609996905,0.0337136484515741,0.9662863515484258,0.1837202771016663,0.8162797228983336,0.2038495585264543,0.7961504414735456,1.2192982456140349,Gamma
1,active,3,yellow,24,12-24,131.0,834.6,6.370992366412214,28575.76,14624.240000000002,307.0,93.08065146579804,0.0570696323364496,0.0089577304530013,64.0,398.4,6.225,0.0272424413166085,0.0043762957938327,85.0,522.68,6.149176470588235,0.0357406607112574,0.005812267851184,303,39778.52,131.28224422442244,2.7200401525139077,0.0207190253989267,5.0,26.0,5.2,0.0017778701662445,0.0003418981088931,43.0,308.68,7.178604651162791,0.0211074216506293,0.0029403237364813,211.0,1649.04,7.815355450236967,0.1127607314978419,0.0144281001952921,28.0,235.28,8.402857142857142,0.0160883574120774,0.0019146294098018,17.0,102.6,6.035294117647059,0.007015749194488,0.0011624535702368,142.0,631.84,4.4495774647887325,0.0432049802246133,0.0097099062925663,5.0,10.96,2.192,0.0007494406546938,0.0003418981088931,1.6,2.0,0.8,6.2,7.0,0.8857142857142858,0.0001094073948458,0.0001367592435572,0.0004239536550275,0.0004786573524504,0.2051282051282051,0.7948717948717948,0.2222222222222222,0.7777777777777778,521.6488377326656,13298.0,0.0392276160123827,0.0085352175499332,2.1242989432293986,0.0363764235126144,0.9093122104123016,714701.0,535185.0,62569.0,0.7488236339392277,0.0875457009294796,49197.0,8492.0,23176.0,20996.0,15612.0,486.0,4460.0,6556.0,33585.0,8006.0,18716.0,14440.0,0.317336422952619,0.6826635770473809,0.0572303344324069,0.942769665567593,0.1924404556437694,0.8075595443562306,0.3122499523718803,0.6877500476281196,0.4999999999999998,Delta
1,active,4,blue,24,12-24,155.0,978.24,6.311225806451613,29784.16,13415.84,170.0,175.2009411764706,0.0729167908979236,0.011553506899307,116.0,536.12,4.621724137931034,0.0399617168958484,0.008646495485933,87.0,381.64,4.386666666666667,0.0284469701487197,0.0064848716144497,422,39446.36,93.47478672985784,2.940282531693878,0.0314553542677909,51.0,105.12,2.061176470588235,0.0078355138403558,0.0038014764636429,93.0,711.36,7.6490322580645165,0.0530238881799425,0.0069321041395842,152.0,1932.32,12.712631578947368,0.1440327254946391,0.0113298906367398,67.0,302.4,4.513432835820895,0.0225405192667771,0.0049940965306682,101.0,429.84,4.255841584158415,0.0320397381006332,0.0075284141730968,229.0,1056.32,4.612751091703056,0.0787367768250068,0.0170693747092988,6.0,15.4,2.566666666666667,0.0011478968145118,0.0004472325251344,18.8,19.0,0.9894736842105264,14.0,14.0,1.0,0.0014013285787546,0.0014162363295924,0.001043542558647,0.001043542558647,0.5731707317073171,0.426829268292683,0.5757575757575758,0.4242424242424242,638.6461146018951,13155.0,0.0485477852224929,0.0120590001386341,2.033994922103225,0.0460743054983199,0.9805573113573208,744774.0,619757.3333333334,32708.0,0.8321414728942382,0.0439166780795248,66337.0,18474.0,23147.0,24611.0,10038.0,1350.0,5517.0,7529.0,56299.0,17124.0,17630.0,17082.0,0.1513182688394108,0.8486817311605891,0.0730756739201039,0.926924326079896,0.2383462219726098,0.7616537780273902,0.3059201170208443,0.6940798829791557,1.8409090909090908,Beta
1,active,4,green,24,12-24,272.0,2445.52,8.990882352941176,25728.76,17471.24,416.0,61.847980769230766,0.1399740373322099,0.0155684427665122,80.0,584.72,7.309,0.0334675729942465,0.0045789537548565,153.0,1251.96,8.182745098039216,0.0716583367866276,0.0087572490561631,472,37100.76,78.60330508474577,2.1235333038753974,0.0270158271536536,36.0,123.36,3.4266666666666667,0.0070607466899888,0.0020605291896854,87.0,652.92,7.504827586206896,0.0373711310702617,0.0049796122084065,240.0,2903.64,12.0985,0.166195416009396,0.0137368612645696,52.0,408.44,7.854615384615385,0.0233778483954201,0.0029763199406567,55.0,195.68,3.557818181818182,0.0112001208843791,0.0031480307064638,227.0,1022.52,4.504493392070485,0.058525897417699,0.0129927812794054,14.0,32.24,2.302857142857143,0.0018453183632071,0.0008013169070998,9.8,10.0,0.98,8.0,7.0,1.1428571428571428,0.0005609218349699,0.000572369219357,0.0004578953754856,0.0004006584535499,0.550561797752809,0.449438202247191,0.5882352941176471,0.4117647058823529,738.5445263284901,17046.0,0.0433265590947137,0.010196373884069,2.058171133964134,0.0404964468959637,0.97566057131606,643635.0,570646.0,25675.0,0.886598771042594,0.0398906212371918,89241.0,15210.0,46150.0,61410.0,11323.0,1216.0,10175.0,11880.0,77918.0,13994.0,35975.0,49530.0,0.1268811420759516,0.8731188579240483,0.0799474030243261,0.920052596975674,0.2204767063921993,0.7795232936078007,0.1934538348803126,0.8065461651196874,2.795454545454546,Alpha
1,active,4,red,24,12-24,119.0,896.6,7.534453781512605,30506.52,12693.48,109.0,279.87633027522935,0.0706346880445709,0.0093748916766718,49.0,228.32,4.659591836734694,0.0179871871228378,0.0038602495139236,99.0,405.2,4.092929292929293,0.0319219000620791,0.0077992796301723,299,40315.72,134.83518394648829,3.176096704764966,0.0235554000951669,20.0,38.28,1.914,0.0030157214569999,0.0015756120464994,23.0,139.72,6.074782608695652,0.0110072257568452,0.0018119538534743,232.0,4452.56,19.192068965517244,0.3507753586880824,0.0182770997393937,45.0,342.84,7.618666666666666,0.0270091417010937,0.0035451271046237,46.0,256.84,5.583478260869565,0.0202340099011461,0.0036239077069487,199.0,806.0,4.050251256281407,0.0634971654739283,0.0156773398626696,13.0,33.24,2.556923076923077,0.0026186672212821,0.0010241478302246,2.4,3.0,0.7999999999999999,8.0,9.0,0.8888888888888888,0.0001890734455799,0.0002363418069749,0.0006302448185997,0.0007090254209247,0.2307692307692307,0.7692307692307692,0.25,0.75,401.5955941879928,12492.0,0.0321482223973737,0.0072090175253052,2.1170601427123934,0.0304607440170792,0.9841272842435644,762772.0,631480.6666666666,31453.0,0.8278760450916743,0.041235126617128,115062.0,15083.0,15986.0,22534.0,16101.0,915.0,5044.0,5628.0,98961.0,14168.0,10942.0,16906.0,0.1399332533764405,0.8600667466235594,0.0606643240734601,0.9393356759265398,0.3155260853246591,0.6844739146753409,0.2497559243809354,0.7502440756190645,0.4090909090909089,Delta
1,active,4,yellow,24,12-24,260.0,1661.16,6.3890769230769235,28227.08,14972.919999999998,299.0,94.40494983277593,0.110944291427457,0.0173646823732445,104.0,613.28,5.896923076923077,0.0409592784840899,0.0069458729492978,208.0,1400.28,6.732115384615384,0.0935208362831031,0.0138917458985956,498,38338.28,76.98449799196787,2.5605079036019696,0.0332600454687529,48.0,112.72,2.348333333333333,0.0075282576812004,0.0032057875150605,48.0,456.64,9.513333333333334,0.0304977252266091,0.0032057875150605,188.0,1978.52,10.524042553191489,0.1321398898811988,0.0125560011006537,38.0,148.32,3.9031578947368417,0.009905883421537,0.0025379151160895,109.0,563.8,5.172477064220183,0.0376546458539817,0.0072798091487832,183.0,780.48,4.264918032786885,0.0521261049948841,0.0122220649011682,5.0,11.24,2.248,0.0007506885764433,0.0003339361994854,7.6,7.0,1.0857142857142856,8.6,9.0,0.9555555555555556,0.0005075830232179,0.0004675106792796,0.000574370263115,0.0006010851590738,0.4691358024691358,0.5308641975308642,0.4375,0.5625,599.2737145762923,14625.0,0.040975980483849,0.0110710369799038,2.0849211058573265,0.0392968302548601,0.9767633834950032,705976.0,609126.0,28225.0,0.8628140333382438,0.0399801126383899,61115.0,17950.0,50651.0,41789.0,10548.0,1375.0,11111.0,9368.0,50567.0,16575.0,39540.0,32421.0,0.1725926531947967,0.8274073468052033,0.0766016713091922,0.9233983286908078,0.219363882253065,0.7806361177469349,0.2241738256478977,0.7758261743521022,0.9545454545454544,Gamma
1,active,5,blue,24,12-24,101.0,768.64,7.61029702970297,33871.64,9328.36,205.0,165.22751219512196,0.0823981921795471,0.0108271979211779,62.0,349.64,5.639354838709677,0.037481400803571,0.0066463987238914,137.0,808.64,5.902481751824817,0.0866861913562512,0.0146863971802117,309,40316.4,130.473786407767,4.321917250191888,0.0331247936400396,10.0,17.76,1.7760000000000002,0.0019038716344566,0.001071999794176,67.0,753.2,11.24179104477612,0.0807430244973392,0.0071823986209794,126.0,977.28,7.756190476190476,0.1047643958852359,0.013507197406618,40.0,216.04,5.401,0.0231594835533791,0.0042879991767041,34.0,134.56,3.9576470588235297,0.0144248292304327,0.0036447993001985,153.0,648.12,4.236078431372549,0.0694784506601374,0.0164015968508934,9.0,22.32,2.48,0.0023927035406009,0.0009647998147584,10.4,11.0,0.9454545454545454,14.2,14.0,1.0142857142857142,0.001114879785943,0.0011791997735936,0.0015222397077299,0.0015007997118464,0.4227642276422764,0.5772357723577235,0.44,0.56,381.4829529112547,9016.0,0.042311773836652,0.0095192389995149,2.0116669911424685,0.039644340842192,0.9665150144291172,846996.0,709556.3333333333,26363.0,0.8377328031458628,0.0311252945704584,43455.0,8839.0,29156.0,19317.0,5960.0,283.0,2497.0,5386.0,37495.0,8556.0,26659.0,13931.0,0.1371533770567253,0.8628466229432746,0.0320171965154429,0.9679828034845572,0.0856427493483331,0.9143572506516668,0.2788217632137496,0.7211782367862505,1.3125,Beta
1,active,5,green,24,12-24,141.0,1323.56,9.38695035460993,31250.24,11949.759999999998,263.0,118.82220532319393,0.1107603834721367,0.0117994001553169,52.0,344.96,6.633846153846154,0.0288675253728945,0.0043515518303296,102.0,634.84,6.223921568627452,0.0531257531532014,0.0085357362825696,337,39462.72,117.10005934718102,3.3023859893420457,0.0282014032080979,9.0,34.24,3.804444444444445,0.0028653295128939,0.0007531532014032,79.0,834.16,10.558987341772152,0.0698055860536111,0.0066110114345392,138.0,1718.84,12.45536231884058,0.1438388720777655,0.0115483490881825,38.0,320.2,8.426315789473684,0.0267955172321452,0.0031799801837024,19.0,118.96,6.261052631578947,0.0099550116487695,0.0015899900918512,174.0,797.48,4.583218390804598,0.0667360683394478,0.0145609618937953,11.0,23.04,2.0945454545454543,0.0019280721955922,0.0009205205794928,4.8,6.0,0.7999999999999999,9.0,10.0,0.9,0.000401681707415,0.0005021021342688,0.0007531532014032,0.000836836890448,0.3478260869565217,0.6521739130434783,0.375,0.625,434.29908688280506,11623.0,0.0373654897085782,0.0076776201474381,2.092568177524609,0.0345870503820638,0.972655517767721,781519.0,695026.6666666666,3946.0,0.8893279199439382,0.0050491414796057,64042.0,11036.0,24649.0,33230.0,6897.0,365.0,2955.0,7335.0,57145.0,10671.0,21694.0,25895.0,0.1076949501889385,0.8923050498110615,0.0330735773831098,0.9669264226168902,0.1198831595602255,0.8801168404397745,0.2207342762563948,0.7792657237436051,1.125,Gamma
1,active,5,red,24,12-24,232.0,1422.44,6.131206896551724,32057.72,11142.28,136.0,235.7185294117647,0.1276614840050689,0.0208215912721633,86.0,321.6,3.7395348837209306,0.0288630334186539,0.0077183484888191,153.0,634.12,4.1445751633986925,0.0569111528340698,0.0137314804510387,401,39292.12,97.98533665835411,3.526398546796526,0.0359890435350754,27.0,56.48,2.091851851851852,0.0050689804959128,0.0024232024325362,83.0,731.68,8.815421686746987,0.0656669909569675,0.0074491037740929,137.0,1438.24,10.498102189781022,0.1290795061692939,0.0122955086391654,45.0,243.4,5.408888888888889,0.021844721188123,0.0040386707208937,48.0,170.6,3.5541666666666667,0.0153110494440994,0.0043079154356199,190.0,875.28,4.606736842105263,0.0785548379685306,0.0170521652659958,9.0,21.32,2.368888888888889,0.0019134324393212,0.0008077341441787,21.0,21.0,1.0,3.6,4.0,0.9,0.0018847130030837,0.0018847130030837,0.0003230936576714,0.0003589929529683,0.8536585365853658,0.1463414634146341,0.84,0.16,573.6647030504927,10902.0,0.0526201342001919,0.0137625813004757,2.0002347989346196,0.047478533369794,0.9784352933151922,801579.0,691818.3333333333,18957.0,0.8630694333725475,0.0236495716579401,54468.0,10443.0,24132.0,35793.0,6992.0,562.0,2307.0,5416.0,47476.0,9881.0,21825.0,30377.0,0.1283689505764852,0.8716310494235148,0.0538159532701331,0.9461840467298668,0.0955992043759323,0.9044007956240676,0.15131450283575,0.84868549716425,3.0,Alpha
1,active,5,yellow,24,12-24,63.0,557.4,8.847619047619046,35796.52,7403.480000000003,171.0,209.33637426900583,0.0752889181844213,0.0085095117431262,52.0,241.76,4.649230769230769,0.0326549136352093,0.0070237239784533,66.0,533.0,8.075757575757576,0.071993170779147,0.0089147265880369,203,41292.28,203.41024630541872,5.57741494540405,0.0274195378389622,6.0,8.36,1.393333333333333,0.0011291987011513,0.0008104296898215,68.0,474.96,6.984705882352941,0.0641536142462733,0.0091848698179774,109.0,1061.12,9.735045871559633,0.1433271920772392,0.014722806031758,22.0,212.44,9.656363636363636,0.0286946138842814,0.0029715755293456,19.0,124.04,6.528421052631579,0.0167542831209107,0.0025663606844348,89.0,413.72,4.648539325842697,0.0558818285454948,0.0120213737323528,2.0,4.64,2.32,0.0006267322934619,0.0002701432299405,3.0,3.0,1.0,12.4,13.0,0.953846153846154,0.0004052148449107,0.0004052148449107,0.0016748880256311,0.0017559309946133,0.1948051948051948,0.8051948051948052,0.1875,0.8125,303.77800718230935,7155.0,0.0424567445398056,0.0076452878689006,2.1415322327935726,0.0393761157483578,0.96643740511219,895084.0,731420.0,37653.0,0.8171523566503256,0.042066442926027,38579.0,8453.0,19487.0,13998.0,7808.0,121.0,2413.0,2300.0,30771.0,8332.0,17074.0,11698.0,0.2023899012416081,0.7976100987583918,0.0143144445758902,0.9856855554241096,0.1238261405039257,0.8761738594960743,0.1643091870267181,0.8356908129732818,0.5625,Delta
1,active,6,blue,24,12-24,179.0,1299.44,7.259441340782123,26010.32,17189.68,255.0,102.00125490196078,0.0755941937255376,0.0104132246789934,141.0,749.04,5.312340425531914,0.0435749821986214,0.0082025959761903,150.0,741.36,4.9424,0.043128202502897,0.0087261659321174,448,39205.48,87.51223214285714,2.2807568261887368,0.0260621489172573,4.0,13.08,3.27,0.0007609216692806,0.0002326977581897,133.0,1401.0,10.533834586466163,0.0815023898059766,0.0077372004598107,143.0,3088.48,21.59776223776224,0.1796705930535065,0.0083189448552852,60.0,329.64,5.494,0.0191766222524212,0.0034904663728469,54.0,275.56,5.102962962962963,0.0160305485616951,0.0031414197355622,233.0,957.88,4.111072961373391,0.0557241321537108,0.0135546444145557,18.0,44.16,2.453333333333333,0.0025689832504153,0.001047139911854,29.2,28.0,1.042857142857143,12.8,14.0,0.9142857142857144,0.0016986936347855,0.0016288843073285,0.0007446328262073,0.0008144421536642,0.6952380952380952,0.3047619047619048,0.6666666666666666,0.3333333333333333,663.5240717313335,16812.0,0.039467289539099,0.0088035974774496,2.092638030130605,0.0362038769768093,0.9780286776717192,650513.0,512953.0,34614.0,0.7885361245663038,0.0532103124764608,112513.0,15244.0,37551.0,32665.0,29490.0,942.0,9381.0,10186.0,83023.0,14302.0,28170.0,22479.0,0.262103045870255,0.737896954129745,0.0617948045132511,0.9382051954867489,0.2498202444675241,0.7501797555324758,0.3118322363385887,0.6881677636614113,2.5214285714285714,Alpha
1,active,6,green,24,12-24,216.0,1035.76,4.795185185185185,24684.52,18515.48,582.0,42.413264604811,0.0559402186710795,0.0116659141431926,187.0,707.28,3.782245989304813,0.0381993877555429,0.0100996571517454,184.0,843.04,4.581739130434783,0.0455316308299865,0.0099376305664233,635,37550.04,59.13392125984252,2.028034919969669,0.0342956272265153,11.0,16.16,1.469090909090909,0.0008727832062684,0.0005940974795144,90.0,1375.96,15.288444444444444,0.0743140334466079,0.0048607975596635,95.0,859.28,9.045052631578947,0.0464087347451969,0.0051308418685337,57.0,289.52,5.0792982456140345,0.01563664566082,0.0030785051211202,65.0,316.6,4.870769230769231,0.017099205637661,0.0035105760153125,288.0,1380.08,4.791944444444444,0.0745365499571169,0.0155545521909234,27.0,76.44,2.831111111111111,0.0041284373940076,0.001458239267899,24.0,25.0,0.96,52.4,49.0,1.0693877551020408,0.0012962126825769,0.0013502215443509,0.0028300643569596,0.0026464342269279,0.3141361256544502,0.6858638743455496,0.3378378378378378,0.6621621621621622,1152.5206119614877,17937.0,0.0642538112260404,0.0172190861478362,2.0454608638314897,0.0583643530613835,0.9687569536409534,617695.0,493092.3333333333,41629.0,0.7982780066753549,0.0673941022673002,56066.0,15275.0,39125.0,26110.0,20653.0,1125.0,10015.0,7758.0,35413.0,14150.0,29110.0,18352.0,0.368369421752934,0.6316305782470659,0.0736497545008183,0.9263502454991815,0.2559744408945686,0.7440255591054313,0.2971275373420146,0.7028724626579854,1.2886363636363636,Gamma
1,active,6,red,24,12-24,182.0,1862.88,10.235604395604396,25032.4,18167.6,158.0,158.43291139240506,0.1025385851736057,0.0100178339461458,143.0,842.28,5.89006993006993,0.0463616548140646,0.0078711552434003,71.0,389.92,5.4918309859154935,0.0214623835839626,0.00390805609987,447,37308.44,83.46407158836689,2.053570091811797,0.0246042405160835,15.0,25.44,1.6960000000000002,0.001400295030714,0.0008256456549021,52.0,752.84,14.477692307692308,0.0414386049891014,0.0028622382703273,151.0,4563.64,30.222781456953644,0.2511966357691715,0.0083114995926814,41.0,206.16,5.028292682926829,0.0113476738809749,0.0022567647900658,44.0,254.0,5.7727272727272725,0.0139809330896761,0.0024218939210462,317.0,1355.96,4.277476340694006,0.0746361654814064,0.017448644840265,34.0,88.72,2.6094117647058823,0.0048834188335278,0.0018714634844448,8.4,8.0,1.05,20.8,20.0,1.04,0.0004623615667451,0.0004403443492811,0.0011448953081309,0.0011008608732028,0.2876712328767123,0.7123287671232876,0.2857142857142857,0.7142857142857143,588.8146640453773,17884.0,0.0329241033351251,0.0075622796993148,2.126077759044695,0.0290300975964596,0.9843897928179838,625968.0,499590.6666666666,32572.0,0.7981089555163629,0.0520346087978938,133115.0,11589.0,31019.0,46754.0,36053.0,651.0,5891.0,11540.0,97062.0,10938.0,25128.0,35214.0,0.2708410021410058,0.7291589978589941,0.056173958063681,0.9438260419363188,0.1899158580225023,0.8100841419774977,0.2468238011720922,0.7531761988279078,0.3928571428571428,Delta
1,active,6,yellow,24,12-24,231.0,1779.04,7.701471861471862,25686.92,17513.08,290.0,88.57558620689655,0.1015835021595287,0.0131901413115225,218.0,1079.28,4.950825688073395,0.0616270810160177,0.0124478389866317,162.0,798.28,4.927654320987654,0.0455819307626071,0.0092502289717171,543,38283.48,70.50364640883978,2.1859935545318128,0.0310053971089037,43.0,108.08,2.5134883720930232,0.0061713873287851,0.0024553076900236,71.0,852.96,12.013521126760564,0.0487041685414558,0.0040541126974809,138.0,1057.2,7.660869565217392,0.0603663090672799,0.0078798246796108,42.0,180.84,4.305714285714286,0.0103259963410205,0.0023982075111859,58.0,305.72,5.271034482758621,0.01745666667428,0.00331181037259,227.0,1067.36,4.702026431718061,0.0609464468842716,0.0129617405961715,14.0,33.16,2.3685714285714283,0.0018934419302601,0.0007994025037286,48.4,47.0,1.0297872340425531,24.0,25.0,0.96,0.0027636486557475,0.0026837084053747,0.0013704042921062,0.001427504470944,0.6685082872928176,0.3314917127071823,0.6527777777777778,0.3472222222222222,963.7714534865084,17117.0,0.0563049280531932,0.0161075816878957,2.081472180104505,0.0518124827034415,0.9773837611659398,642463.0,494218.6666666666,65304.0,0.7692562321358065,0.101646320488495,47963.0,12264.0,47319.0,44707.0,13605.0,728.0,13135.0,11048.0,34358.0,11536.0,34184.0,33659.0,0.2836561516168713,0.7163438483831287,0.0593607305936073,0.9406392694063926,0.2775840571440647,0.7224159428559352,0.247120137786029,0.752879862213971,1.7970779220779218,Beta
1,active,7,blue,24,12-24,309.0,2249.96,7.281423948220064,22596.24,20603.76,297.0,76.08161616161617,0.1092014273122964,0.0149972626355577,152.0,882.24,5.8042105263157895,0.0428193688918915,0.0073772942414394,325.0,1716.36,5.281107692307692,0.0833032417384011,0.0157738199241303,667,35613.16,53.39304347826087,1.728478685443822,0.032372731967369,12.0,19.4,1.6166666666666665,0.0009415757123942,0.0005824179664294,39.0,179.0,4.589743589743589,0.0086877346659056,0.0018928583908956,298.0,3437.2,11.534228187919462,0.1668239195176026,0.0144633794996641,51.0,202.84,3.977254901960785,0.0098448050258787,0.002475276357325,48.0,158.72,3.306666666666666,0.0077034483026399,0.0023296718657177,342.0,1515.68,4.4318128654970765,0.0735632719464796,0.0165989120432387,21.0,46.6,2.219047619047619,0.0022617231029676,0.0010192314412514,60.0,50.0,1.2,4.0,5.0,0.8,0.0029120898321471,0.0024267415267892,0.0001941393221431,0.0002426741526789,0.9375,0.0625,0.9090909090909092,0.0909090909090909,923.6567169426752,19787.0,0.046679977608666,0.0114874288983491,2.0492114510267183,0.0421292654169146,0.9603586918115916,565203.0,415081.0,21926.0,0.7343927756929811,0.0387931415792202,90742.0,9138.0,65442.0,56558.0,7535.0,373.0,5732.0,11220.0,83207.0,8765.0,59710.0,45338.0,0.0830376231513521,0.9169623768486478,0.0408185598599255,0.9591814401400744,0.0875890101158277,0.9124109898841722,0.1983804236359135,0.8016195763640864,3.0,Alpha
1,active,7,green,24,12-24,94.0,905.6,9.63404255319149,28553.12,14646.88,779.0,36.65355584082157,0.0618288673082595,0.0064177490359721,36.0,324.44,9.012222222222222,0.022150792523732,0.0024578613329255,100.0,989.76,9.8976,0.067574800913232,0.0068273925914597,292,39647.32,135.77849315068494,2.7068781883923405,0.0199359863670624,1.0,1.8,1.8,0.0001228930666462,6.827392591459752e-05,60.0,791.76,13.196,0.0540565635821417,0.0040964355548758,234.0,3365.04,14.38051282051282,0.2297444916596572,0.0159760986640158,29.0,230.72,7.955862068965517,0.0157521601870159,0.0019799438515233,35.0,286.48,8.185142857142857,0.0195591142960138,0.0023895874070109,168.0,734.72,4.373333333333333,0.050162218847973,0.0114700195536523,38.0,107.84,2.8378947368421055,0.0073626601706301,0.0025944091847547,2.4,3.0,0.7999999999999999,17.6,17.0,1.035294117647059,0.000163857422195,0.0002048217777437,0.0012016210960969,0.0011606567405481,0.12,0.8800000000000001,0.15,0.85,509.0821553509733,13525.0,0.0376400854233621,0.0073140235050281,2.078171192386575,0.0338198846288543,0.9234048479949314,714607.0,488158.3333333333,49619.0,0.6831144018087331,0.0694353679714864,104214.0,12994.0,32991.0,22734.0,13132.0,905.0,3899.0,4930.0,91082.0,12089.0,29092.0,17804.0,0.126009941082772,0.873990058917228,0.0696475296290595,0.9303524703709404,0.1181837470825376,0.8818162529174624,0.2168558106800387,0.7831441893199613,0.28125,Delta
1,active,7,red,24,12-24,137.0,1486.72,10.851970802919707,26578.48,16621.52,176.0,151.0140909090909,0.089445489943158,0.0082423268148761,92.0,401.88,4.368260869565217,0.0241782941632293,0.0055349931895518,194.0,1105.84,5.70020618556701,0.0665306181384133,0.0116716160736202,432,37937.2,87.81759259259259,2.28241460468116,0.025990402803113,8.0,17.36,2.17,0.0010444291496806,0.0004813037556132,34.0,326.64,9.607058823529412,0.0196516323416871,0.0020455409613561,209.0,4624.2,22.12535885167464,0.2782056033383228,0.0125740606153949,29.0,179.72,6.197241379310345,0.0108124888698506,0.0017447261140978,56.0,397.2,7.0928571428571425,0.0238967314661956,0.0033691262892924,284.0,1227.92,4.323661971830986,0.0738753134490708,0.0170862833242687,26.0,67.52,2.5969230769230767,0.0040622036973754,0.0015642372057429,7.8,8.0,0.975,23.6,17.0,1.3882352941176472,0.0004692711617228,0.0004813037556132,0.0014198460790589,0.001022770480678,0.2484076433121018,0.751592356687898,0.32,0.68,591.2536220382549,15912.0,0.0371577188309612,0.0077364618417177,2.0706498386932917,0.0333909930207984,0.9573131699146648,664638.0,471970.99999999994,31463.0,0.7101173872092778,0.047338551211336,124014.0,14508.0,37979.0,37305.0,10091.0,369.0,5199.0,7626.0,113923.0,14139.0,32780.0,29679.0,0.0813698453400422,0.9186301546599578,0.0254342431761786,0.9745657568238212,0.1368914400063192,0.8631085599936807,0.2044229995979091,0.7955770004020909,1.5,Beta
1,active,7,yellow,24,12-24,98.0,764.76,7.803673469387755,28507.72,14692.28,316.0,90.21430379746836,0.0520518258568445,0.0066701696401103,51.0,343.68,6.738823529411765,0.0233918765501338,0.0034712107310778,182.0,1179.28,6.47956043956044,0.0802652821754009,0.012387457903062,343,39396.2,114.85772594752186,2.681421807915449,0.0233455937403861,1.0,1.4,1.4,9.528813771586164e-05,6.806295551132975e-05,42.0,139.44,3.32,0.0094906985164998,0.0028586441314758,234.0,2872.08,12.273846153846154,0.1954822532649799,0.0159267315896511,21.0,236.08,11.241904761904763,0.0160683025371147,0.0014293220657379,25.0,185.36,7.4144,0.01261614943358,0.0017015738877832,176.0,797.0,4.528409090909091,0.0542461755425298,0.011979080169994,20.0,47.6,2.38,0.0032397966823392,0.0013612591102265,7.6,5.0,1.52,32.6,27.0,1.2074074074074077,0.0005172784618861,0.0003403147775566,0.0022188523496693,0.0018376997988059,0.1890547263681591,0.8109452736318408,0.15625,0.84375,515.9685007283248,13851.0,0.0372513537454569,0.007444605049236,2.118308633764618,0.0332659917733239,0.9427399967874284,713009.0,488246.99999999994,49151.0,0.684769757464492,0.0689346137285784,75564.0,10582.0,38307.0,19217.0,3559.0,860.0,4502.0,4927.0,72005.0,9722.0,33805.0,14290.0,0.0470991477423111,0.9529008522576888,0.0812700812700812,0.9187299187299188,0.1175242122849609,0.882475787715039,0.2563875735026278,0.7436124264973721,0.9171428571428568,Gamma
1,active,8,blue,24,12-24,133.0,2114.72,15.900150375939848,30071.12,13128.88,247.0,121.74542510121456,0.1610739072944531,0.0101303386122807,73.0,439.68,6.0230136986301375,0.0334895284289292,0.0055602610428307,46.0,226.2,4.9173913043478255,0.0172291924368262,0.0035037261365782,262,39296.88,149.98809160305342,2.993163163956103,0.019956005386598,25.0,94.28,3.7712,0.0071811152207956,0.0019041989872708,86.0,711.76,8.276279069767442,0.0542133068471948,0.0065504445162115,169.0,1966.92,11.638579881656804,0.1498162828817081,0.0128723851539506,36.0,328.08,9.113333333333332,0.0249891841497523,0.0027420465416699,12.0,59.72,4.976666666666667,0.0045487505407925,0.0009140155138899,170.0,699.36,4.113882352941177,0.0532688241495085,0.0129485531134415,18.0,44.64,2.48,0.0034001377116707,0.0013710232708349,15.8,16.0,0.9875,6.6,8.0,0.825,0.0012034537599551,0.0012186873518533,0.0005027085326394,0.0006093436759266,0.7053571428571429,0.2946428571428571,0.6666666666666666,0.3333333333333333,397.775334139185,12805.0,0.0310640635797879,0.0062754600646701,2.1262127121236207,0.0285795135696505,0.9753307212801092,752025.0,474160.6666666666,77275.0,0.6305118402535376,0.1027558924237891,67222.0,9743.0,16766.0,53001.0,22053.0,381.0,2129.0,15823.0,45169.0,9362.0,14637.0,37178.0,0.3280622415280712,0.6719377584719288,0.0391049984604331,0.9608950015395668,0.1269831802457354,0.8730168197542646,0.298541536952133,0.7014584630478671,2.2648809523809517,Alpha
1,active,8,green,24,12-24,179.0,1748.32,9.767150837988826,23767.6,19432.4,752.0,31.605851063829785,0.0899693295732899,0.0092114201025092,118.0,669.44,5.673220338983051,0.0344496819744344,0.006072332805006,92.0,359.56,3.9082608695652175,0.0185031185031185,0.0047343611700047,419,38577.84,92.07121718377088,1.985232909985385,0.0215619275025215,32.0,85.44,2.67,0.0043967806344043,0.0016467343200016,124.0,880.48,7.1006451612903225,0.0453098948148453,0.0063810954900063,347.0,4537.04,13.075043227665706,0.2334781087256334,0.0178567752825178,85.0,595.52,7.006117647058823,0.0306457256952306,0.0043741380375043,51.0,169.48,3.3231372549019604,0.0087215166423087,0.0026244828225026,281.0,1241.12,4.416797153024911,0.0638685906012638,0.0144603857475144,18.0,46.0,2.5555555555555554,0.0023671805850023,0.0009262880550009,23.8,23.0,1.0347826086956522,13.0,13.0,1.0,0.0012247586505012,0.0011835902925011,0.0006689858175006,0.0006689858175006,0.6467391304347827,0.3532608695652174,0.6388888888888888,0.3611111111111111,761.2961168295403,18843.0,0.0404020653202536,0.0081083838506132,2.1003575449002443,0.035941785289119,0.9696692122434696,594942.0,422561.6666666666,50377.0,0.7102569101974086,0.0846754809712543,135909.0,19261.0,25935.0,43887.0,40704.0,1780.0,5959.0,18005.0,95205.0,17481.0,19976.0,25882.0,0.2994945147120499,0.70050548528795,0.0924147240537874,0.9075852759462124,0.2297667245035666,0.7702332754964334,0.4102581630095472,0.5897418369904528,1.9404761904761905,Gamma
1,active,8,red,24,12-24,125.0,1584.24,12.67392,25301.08,17898.92,164.0,154.2748780487805,0.0885103682233341,0.0069836615840508,105.0,736.88,7.017904761904762,0.0411689643844433,0.0058662757306027,40.0,260.08,6.502,0.0145304856382396,0.0022347717068962,314,39119.28,124.58369426751592,2.1855665034538396,0.0175429578991358,36.0,112.8,3.1333333333333333,0.0063020562134475,0.0020112945362066,109.0,1513.12,13.88183486238532,0.0845369441284725,0.0060897529012923,240.0,3853.72,16.057166666666667,0.2153046105575085,0.0134086302413776,76.0,521.32,6.859473684210527,0.0291257796559792,0.0042460662431029,31.0,140.44,4.530322580645161,0.0078462834629128,0.0017319480728446,297.0,1209.08,4.0709764309764305,0.0675504443843539,0.0165931799237048,34.0,83.44,2.4541176470588235,0.0046617337805856,0.0018995559508618,2.6,3.0,0.8666666666666667,38.8,37.0,1.0486486486486486,0.0001452601609482,0.0001676078780172,0.0021677285556893,0.002067163828879,0.0628019323671497,0.9371980676328502,0.075,0.925,539.0837177387061,17627.0,0.030582839833137,0.0071740829550077,2.116891237112723,0.0281020482317771,0.9848080219365192,632691.0,442276.3333333333,34466.0,0.6990400263846543,0.054475249371336,134520.0,16651.0,25069.0,39731.0,46164.0,1992.0,3896.0,13833.0,88356.0,14659.0,21173.0,25898.0,0.3431757359500446,0.6568242640499554,0.1196324545072368,0.8803675454927632,0.1554110654593322,0.8445889345406677,0.3481664191689109,0.6518335808310891,0.0,Delta
1,active,8,yellow,24,12-24,300.0,1464.56,4.881866666666666,17391.28,25808.72,191.0,91.0538219895288,0.0567467119640183,0.0116239782523116,163.0,987.76,6.059877300613497,0.0382723358616777,0.0063156948504226,129.0,580.32,4.4986046511627915,0.0224854235312716,0.0049983106484939,534,39627.84,74.20943820224718,1.5354438344869483,0.0206906812891146,120.0,265.52,2.2126666666666663,0.0102879956851792,0.0046495913009246,298.0,4426.88,14.855302013422818,0.1715265228186442,0.0115464850639628,495.0,5093.28,10.289454545454545,0.1973472531764457,0.0191795641163141,162.0,1047.6,6.466666666666666,0.0405909320570721,0.0062769482562482,200.0,1118.48,5.5924000000000005,0.0433372906521516,0.0077493188348744,282.0,1344.24,4.766808510638298,0.0520847217529579,0.0109265395571729,27.0,62.56,2.317037037037037,0.0024239869315487,0.001046158042708,28.0,29.0,0.9655172413793104,11.8,13.0,0.9076923076923078,0.0010849046368824,0.0011236512310567,0.0004572098112575,0.0005037057242668,0.7035175879396985,0.2964824120603015,0.6904761904761905,0.3095238095238095,992.744947158876,25518.0,0.0389037129539492,0.0083349644499322,2.141130188217193,0.0362835775957152,0.9887355901416264,434973.0,354372.6666666666,7402.0,0.814700376038666,0.0170171481908072,238797.0,54514.0,39494.0,36914.0,58454.0,3911.0,5739.0,10233.0,180343.0,50603.0,33755.0,26681.0,0.244785319748573,0.7552146802514269,0.0717430384855266,0.9282569615144732,0.1453132121334886,0.8546867878665114,0.2772118979249065,0.7227881020750935,2.180357142857143,Beta
1,inactive,1,blue,12,0-12,53.0,620.56,11.708679245283015,36933.52,6266.480000000003,108.0,341.977037037037,0.0990284816994548,0.0084576987399624,20.0,79.92,3.996,0.0127535713829773,0.0031915844301745,41.0,141.48,3.450731707317073,0.0225772682590545,0.0065427480818577,141,41516.16,294.4408510638298,6.625116492831698,0.0225006702327303,3.0,3.96,1.32,0.0006319337171745,0.0004787376645261,34.0,644.36,18.95176470588235,0.1028264671713625,0.0054256935312966,39.0,1093.36,28.03487179487179,0.1744775376287803,0.0062235896388403,6.0,15.84,2.64,0.0025277348686982,0.0009574753290523,16.0,91.96,5.7475,0.0146749052099424,0.0025532675441396,86.0,364.2,4.234883720930233,0.0581187524734779,0.0137238130497504,11.0,25.64,2.330909090909091,0.0040916112394837,0.0017553714365959,0.8,1.0,0.8,0.8,1.0,0.8,0.0001276633772069,0.0001595792215087,0.0001276633772069,0.0001595792215087,0.5,0.5,0.5,0.5,186.0907663582986,6151.0,0.0302537418888471,0.0044199051596413,2.0537650031467276,0.028925793345667,0.9815717915001718,923446.0,863363.3333333333,9839.0,0.934936459016914,0.0106546565798108,43516.0,2717.0,5596.0,15567.0,3193.0,0.0,43.0,1156.0,40323.0,2717.0,5553.0,14411.0,0.0733753102307197,0.9266246897692804,0.0,1.0,0.0076840600428877,0.9923159399571122,0.074259651827584,0.925740348172416,1.75,Beta
1,inactive,1,green,12,0-12,19.0,226.72,11.932631578947367,39284.8,3915.199999999997,285.0,137.84140350877195,0.0579076420106253,0.004852881078872,10.0,34.56,3.4560000000000004,0.0088271352676747,0.0025541479362484,13.0,56.96,4.381538461538462,0.0145484266448712,0.003320392317123,66,42635.32,645.989696969697,10.88969145892931,0.0168573763792398,,,,,,41.0,387.96,9.462439024390244,0.0990907233346956,0.0104720065386187,31.0,783.16,25.26322580645161,0.2000306497752351,0.0079178586023702,9.0,20.88,2.32,0.0053330608908868,0.0022987331426236,2.0,4.12,2.06,0.0010523089497343,0.0005108295872496,49.0,185.04,3.776326530612245,0.0472619534123416,0.0125153248876175,9.0,23.4,2.5999999999999996,0.0059767061708214,0.0022987331426236,,,,,,,,,,,,,,,147.96248015027766,3670.0,0.0403167520845443,0.0055255532740517,2.069293022854798,0.0366657276646224,0.9373722926031884,982405.0,901819.6666666666,3355.0,0.9179713729741468,0.0034150884818379,29350.0,636.0,2311.0,5687.0,8255.0,42.0,28.0,1753.0,21095.0,594.0,2283.0,3934.0,0.2812606473594548,0.7187393526405451,0.0660377358490566,0.9339622641509434,0.0121159671138035,0.9878840328861964,0.308246878846492,0.691753121153508,1.5,Delta
1,inactive,1,red,12,0-12,71.0,678.04,9.549859154929576,36042.16,7157.8399999999965,113.0,318.95716814159294,0.0947269008527712,0.009919193499715,32.0,173.76,5.43,0.0242754797536687,0.0044706224224067,19.0,51.48,2.709473684210526,0.0071921138220468,0.002654432063304,147,41613.08,283.0821768707483,5.81363651604395,0.020536921752931,3.0,4.68,1.5599999999999998,0.0006538285292769,0.0004191208521006,42.0,802.96,19.11809523809524,0.1121790931342416,0.0058676919294088,44.0,1045.52,23.76181818181818,0.1460664110960849,0.0061471058308092,5.0,16.48,3.2960000000000003,0.0023023705475394,0.000698534753501,8.0,80.48,10.06,0.011243615392353,0.0011176556056016,110.0,432.2,3.929090909090909,0.0603813440926313,0.0153677645770232,14.0,34.48,2.462857142857142,0.0048170956601432,0.0019558973098029,0.8,1.0,0.8,0.8,1.0,0.8,0.0001117655605601,0.0001397069507002,0.0001117655605601,0.0001397069507002,0.5,0.5,0.5,0.5,200.13303957744952,7035.0,0.0284481932590546,0.0048779184642796,2.117634583087074,0.0252390924009355,0.9828383981759864,901167.0,857369.0,2219.0,0.9513985754027832,0.0024623626919316,46298.0,2437.0,5682.0,17022.0,13581.0,0.0,71.0,2189.0,32717.0,2437.0,5611.0,14833.0,0.2933388051319711,0.7066611948680288,0.0,1.0,0.0124956001407954,0.9875043998592044,0.1285982845729056,0.8714017154270943,1.75,Alpha
1,inactive,1,yellow,12,0-12,,,,41366.16,1833.8399999999965,231.0,179.07428571428574,,,1.0,1.8,1.8,0.0009815469179426,0.0005453038433014,1.0,2.52,2.52,0.0013741656851197,0.0005453038433014,20,43181.2,2159.06,23.54687431837024,0.0109060768660297,,,,,,61.0,474.24,7.7744262295081965,0.2586048946472979,0.0332635344413908,6.0,18.24,3.0399999999999996,0.0099463421018191,0.0032718230598089,4.0,22.2,5.55,0.012105745321293,0.0021812153732059,1.0,1.96,1.96,0.0010687955328709,0.0005453038433014,9.0,40.44,4.493333333333333,0.0220520874231122,0.0049077345897133,1.0,2.08,2.08,0.001134231994067,0.0005453038433014,,,,,,,,,,,,,,,58.17670505010893,1629.0,0.0357131399939281,0.004628035925166,2.0686101314339984,0.0321407547944062,0.888299960738125,1034385.0,915692.6666666666,28648.0,0.8852532342084104,0.027695683908796,12379.0,609.0,110.0,0.0,6750.0,42.0,0.0,0.0,5629.0,567.0,110.0,0.0,0.5452782938848049,0.4547217061151951,0.0689655172413793,0.9310344827586208,0.0,1.0,0.0,0.0,1.5,Gamma
1,inactive,2,blue,12,0-12,21.0,131.6,6.266666666666667,33236.4,9963.6,92.0,361.2652173913043,0.0132080774017423,0.0021076719258099,9.0,50.4,5.6,0.0050584126219438,0.0009032879682042,16.0,59.8,3.7375,0.0060018467220683,0.0016058452768075,65,35422.2,544.956923076923,3.55516078525834,0.0065237464370307,3.0,8.96,2.986666666666667,0.0008992733550122,0.0003010959894014,24.0,290.44,12.101666666666668,0.0291501063872495,0.0024087679152113,11.0,91.12,8.283636363636363,0.0091452888514191,0.0011040186278052,4.0,29.52,7.38,0.0029627845357099,0.0004014613192018,5.0,19.4,3.88,0.0019470873981291,0.0005018266490023,31.0,159.4,5.141935483870968,0.0159982335701955,0.0031113252238146,4.0,10.24,2.56,0.0010277409771568,0.0004014613192018,,,,,,,,,,,,,,,93.3004223057346,2485.0,0.0375454415717241,0.0059537729534724,1.98155828089073,0.0356748120040229,0.2494078445541772,831002.0,738509.0,23101.0,0.8886970187797382,0.0277989703995898,9574.0,1232.0,2780.0,3311.0,513.0,20.0,229.0,489.0,9061.0,1212.0,2551.0,2822.0,0.0535826195947357,0.9464173804052642,0.0162337662337662,0.9837662337662336,0.0823741007194244,0.9176258992805756,0.147689519782543,0.8523104802174569,1.5,Delta
1,inactive,2,green,12,0-12,29.0,105.16,3.626206896551724,32132.52,11067.48,479.0,67.08250521920668,0.0095017113200114,0.0026202893522283,16.0,45.36,2.835,0.0040984939661061,0.001445676883988,14.0,53.48,3.82,0.00483217498473,0.0012649672734895,46,35634.08,774.6539130434783,3.219710358636293,0.0041563210414656,2.0,3.6,1.8,0.0003252772988973,0.0001807096104985,52.0,316.36,6.083846153846154,0.0285846461886536,0.0046984498729611,23.0,127.44,5.540869565217391,0.0115148163809647,0.0020781605207328,10.0,52.28,5.228,0.0047237492184309,0.0009035480524925,5.0,7.44,1.488,0.0006722397510544,0.0004517740262462,30.0,131.08,4.3693333333333335,0.011843707872072,0.0027106441574775,,,,,,0.8,1.0,0.8,0.0,0.0,0.0,7.228384419940222e-05,9.035480524925276e-05,0.0,0.0,1.0,0.0,1.0,0.0,184.4758221357018,3271.0,0.0563973776018654,0.012012218249639,1.95400184719128,0.0524243019236561,0.2955505679703058,803792.0,738447.0,2222.0,0.9187040926010708,0.0027643967593606,11170.0,1508.0,2501.0,2658.0,336.0,61.0,193.0,1338.0,10834.0,1447.0,2308.0,1320.0,0.0300805729632945,0.9699194270367054,0.0404509283819628,0.9595490716180372,0.0771691323470611,0.9228308676529388,0.5033860045146726,0.4966139954853273,1.75,Gamma
1,inactive,2,red,12,0-12,73.0,572.24,7.838904109589041,29936.08,13263.919999999998,151.0,198.2521854304636,0.0431426003775656,0.0055036520123764,30.0,174.44,5.814666666666667,0.01315146653478,0.0022617747996067,36.0,188.68,5.2411111111111115,0.01422505563966,0.0027141297595281,183,33720.08,184.26273224043717,2.542240906157456,0.0137968262776011,10.0,24.92,2.492,0.00187878093354,0.0007539249332022,31.0,403.88,13.028387096774193,0.0304495202021725,0.0023371672929269,31.0,262.4,8.464516129032257,0.019782990247227,0.0023371672929269,12.0,83.04,6.920000000000001,0.0062605926453114,0.0009047099198427,14.0,48.08,3.434285714285714,0.0036248710788364,0.0010554949064831,116.0,533.56,4.599655172413793,0.0402264187359393,0.0087455292251461,7.0,20.76,2.9657142857142857,0.0015651481613278,0.0005277474532415,1.0,1.0,1.0,1.6,2.0,0.8,7.53924933202251e-05,7.53924933202251e-05,0.0001206279893123,0.0001507849866404,0.3846153846153846,0.6153846153846154,0.3333333333333333,0.6666666666666666,202.5935705764975,5723.0,0.0353998900186086,0.0086567437166868,1.976025689378075,0.0306249857954732,0.4314712392716482,748553.0,708723.3333333333,2623.0,0.9467911201121808,0.0035040938984948,16719.0,3304.0,9144.0,14379.0,1540.0,27.0,276.0,509.0,15179.0,3277.0,8868.0,13870.0,0.0921107721753693,0.9078892278246308,0.0081719128329297,0.9918280871670704,0.0301837270341207,0.9698162729658792,0.0353988455386327,0.9646011544613672,1.75,Alpha
1,inactive,2,yellow,12,0-12,21.0,189.96,9.045714285714286,31764.96,11435.04,222.0,143.0854054054054,0.0166120975527851,0.0018364605633211,1.0,5.16,5.16,0.0004512445955589,8.745050301529334e-05,,,,,,61,35546.72,582.7331147540983,3.108578544543788,0.0053344806839328,1.0,0.96,0.96,8.39524828946816e-05,8.745050301529334e-05,39.0,110.08,2.8225641025641024,0.0096265513719234,0.0034105696175964,36.0,255.8,7.105555555555556,0.022369838671312,0.0031482181085505,8.0,37.48,4.685,0.0032776448530131,0.0006996040241223,5.0,14.24,2.848,0.0012452951629377,0.0004372525150764,38.0,141.08,3.7126315789473687,0.0123375169653975,0.0033231191145811,1.0,2.16,2.16,0.000188893086513,8.745050301529334e-05,0.8,1.0,0.8,1.0,1.0,1.0,6.996040241223468e-05,8.745050301529334e-05,8.745050301529334e-05,8.745050301529334e-05,0.4444444444444445,0.5555555555555556,0.5,0.5,140.1532373431626,3830.0,0.0365935345543505,0.0076907027739751,2.1216233861658313,0.0325676604246143,0.3349354265485735,794346.0,736258.6666666666,5705.0,0.9268740154374374,0.0071820088475299,9222.0,1306.0,130.0,4770.0,1587.0,108.0,46.0,1358.0,7635.0,1198.0,84.0,3412.0,0.1720884840598568,0.8279115159401431,0.0826952526799387,0.9173047473200612,0.3538461538461538,0.6461538461538462,0.2846960167714885,0.7153039832285115,1.75,Beta
1,inactive,3,blue,12,0-12,5.0,18.2,3.64,39014.36,4185.639999999999,55.0,709.352,0.0043482000363146,0.0011945604495369,5.0,16.48,3.2960000000000003,0.0039372712416739,0.0011945604495369,3.0,15.56,5.1866666666666665,0.0037174721189591,0.0007167362697221,28,39957.92,1427.0685714285714,9.546430175552604,0.0066895385174071,1.0,1.8,1.8,0.0004300417618333,0.0002389120899073,2.0,12.2,6.1,0.0029147274968702,0.0004778241798147,14.0,621.8,44.41428571428571,0.1485555375044198,0.0033447692587035,,,,,,1.0,1.8,1.8,0.0004300417618333,0.0002389120899073,12.0,40.52,3.376666666666667,0.0096807178830477,0.0028669450788887,4.0,9.28,2.32,0.0022171041943406,0.0009556483596295,,,,,,,,,,,,,,,22.382786293519334,963.0,0.0232427687367802,0.0023126955611153,2.0273373860321025,0.0199599211485219,0.2300723425808239,975414.0,874348.3333333333,11405.0,0.8963869016984924,0.011692471094325,15866.0,46.0,809.0,460.0,0.0,0.0,0.0,0.0,15866.0,46.0,809.0,460.0,0.0,1.0,0.0,1.0,0.0,1.0,0.0,1.0,1.5,Gamma
1,inactive,3,green,12,0-12,34.0,457.08,13.443529411764706,33265.04,9934.96,245.0,135.77567346938775,0.0460072310306231,0.0034222583684282,31.0,96.76,3.1212903225806454,0.0097393446979152,0.0031202943947434,15.0,46.36,3.0906666666666665,0.0046663499400098,0.0015098198684242,144,38316.8,266.0888888888889,3.8567643956291726,0.0144942707368726,2.0,3.96,1.98,0.0003985924452639,0.0002013093157898,18.0,153.56,8.53111111111111,0.0154565292663483,0.001811783842109,101.0,1155.24,11.438019801980198,0.1162802869865606,0.0101661204473898,8.0,39.12,4.89,0.0039376102168503,0.0008052372631595,12.0,66.12,5.510000000000001,0.006655285980014,0.0012078558947393,97.0,391.68,4.037938144329897,0.0394244164042935,0.00976350181581,13.0,35.04,2.6953846153846155,0.003526939212639,0.0013085105526343,0.8,1.0,0.8,0.8,1.0,0.8,8.052372631595901e-05,0.0001006546578949,8.052372631595901e-05,0.0001006546578949,0.5,0.5,0.5,0.5,260.68428437693706,6555.0,0.0397687695464434,0.0062695312622043,2.0931675532266674,0.0373510331791253,0.6597912825013891,831871.0,809521.0,0.0,0.9731328535313768,0.0,32839.0,2651.0,3624.0,11461.0,956.0,345.0,234.0,511.0,31883.0,2306.0,3390.0,10950.0,0.0291117269100764,0.9708882730899236,0.1301395699735948,0.8698604300264051,0.064569536423841,0.9354304635761588,0.0445859872611464,0.9554140127388536,1.75,Beta
1,inactive,3,red,12,0-12,12.0,110.96,9.246666666666666,37364.84,5835.1600000000035,142.0,263.132676056338,0.0190157596364109,0.0020564988792081,7.0,29.48,4.211428571428572,0.0050521322465879,0.0011996243462047,4.0,13.24,3.31,0.0022690037633929,0.0006854996264027,75,39429.0,525.72,6.757141192358046,0.0128531179950506,1.0,6.04,6.04,0.001035104435868,0.0001713749066006,6.0,32.32,5.386666666666667,0.0055388369813338,0.001028249439604,20.0,398.92,19.946,0.0683648777411416,0.0034274981320135,8.0,43.0,5.375,0.007369120983829,0.0013709992528054,1.0,11.12,11.12,0.0019056889613995,0.0001713749066006,60.0,288.88,4.814666666666667,0.0495067830188032,0.0102824943960405,4.0,9.8,2.45,0.0016794740846866,0.0006854996264027,0.8,1.0,0.8,0.0,0.0,0.0,0.0001370999252805,0.0001713749066006,0.0,0.0,1.0,0.0,1.0,0.0,89.7359153257889,2532.0,0.0354407248522073,0.0074315843996281,1.9909706961703253,0.0330951670002151,0.4339212635129111,934263.0,861724.0,1711.0,0.922356980850146,0.0018313900903706,10807.0,1362.0,1079.0,2786.0,185.0,0.0,0.0,0.0,10622.0,1362.0,1079.0,2786.0,0.0171185342833348,0.9828814657166652,0.0,1.0,0.0,1.0,0.0,1.0,1.75,Alpha
1,inactive,3,yellow,12,0-12,13.0,193.96,14.92,37014.0,6186.0,231.0,160.23376623376623,0.0313546718396378,0.0021015195602974,4.0,21.72,5.43,0.0035111542192046,0.0006466214031684,4.0,12.04,3.01,0.001946330423537,0.0006466214031684,57,39741.36,697.2168421052631,6.4244034917555775,0.0092143549951503,,,,,,4.0,16.44,4.11,0.0026576139670223,0.0006466214031684,72.0,551.4,7.658333333333333,0.0891367604267701,0.011639185257032,7.0,89.4,12.771428571428572,0.0144519883608147,0.0011315874555447,6.0,54.64,9.106666666666667,0.0088328483672809,0.0009699321047526,18.0,60.76,3.3755555555555556,0.0098221791141286,0.002909796314258,,,,,,0.0,0.0,0.0,0.8,1.0,0.8,0.0,0.0,0.0001293242806336,0.0001616553507921,0.0,1.0,0.0,1.0,109.75144675721609,2811.0,0.0390435598567115,0.0067727521529935,2.177542532630505,0.0356962541554323,0.4544131910766246,925581.0,864082.6666666666,795.0,0.9335570486717713,0.0008589199648653,14272.0,3614.0,852.0,4862.0,771.0,345.0,234.0,511.0,13501.0,3269.0,618.0,4351.0,0.054021860986547,0.945978139013453,0.0954620918649695,0.9045379081350304,0.2746478873239437,0.7253521126760564,0.1051007815713698,0.8948992184286302,1.5,Delta
1,inactive,4,blue,12,0-12,32.0,441.68,13.8025,37838.6,5361.4000000000015,130.0,291.06615384615384,0.0823814675271384,0.00596859029358,13.0,40.32,3.101538461538462,0.0075204237699108,0.0024247398067668,26.0,102.12,3.927692307692308,0.0190472637743872,0.0048494796135337,103,42377.64,411.4333980582524,7.904211586525905,0.0192114000074607,14.0,152.92,10.922857142857142,0.0285224008654455,0.0026112582534412,49.0,868.52,17.72489795918367,0.161995001305629,0.0091394038870444,22.0,263.68,11.985454545454546,0.0491811840190994,0.0041034058268362,21.0,121.96,5.807619047619047,0.0227477897564069,0.0039168873801618,24.0,116.12,4.838333333333334,0.0216585220278285,0.004476442720185,71.0,326.28,4.595492957746479,0.0608572387809154,0.0132428097138806,16.0,40.8,2.55,0.0076099526243145,0.00298429514679,1.8,2.0,0.9,16.0,13.0,1.2307692307692308,0.0003357332040138,0.0003730368933487,0.00298429514679,0.0024247398067668,0.1011235955056179,0.898876404494382,0.1333333333333333,0.8666666666666667,168.2675933241753,5237.0,0.0321305314730141,0.0052352693590281,2.083093784089209,0.0290680543073142,0.9767971052337072,946095.0,892742.3333333333,7865.0,0.9436074953713244,0.0083131186614452,28376.0,5997.0,3600.0,11074.0,5317.0,147.0,51.0,2241.0,23059.0,5850.0,3549.0,8833.0,0.1873766563292923,0.8126233436707077,0.024512256128064,0.975487743871936,0.0141666666666666,0.9858333333333332,0.2023659021130576,0.7976340978869424,1.6071428571428572,Beta
1,inactive,4,green,12,0-12,20.0,194.2,9.71,38791.32,4408.68,377.0,102.89474801061009,0.0440494660533311,0.0045365052578095,9.0,37.52,4.1688888888888895,0.0085104838636507,0.0020414273660143,65.0,283.12,4.3556923076923075,0.0642187684295526,0.0147436420878811,112,42559.84,379.9985714285714,9.653646896576753,0.0254044294437337,3.0,7.72,2.5733333333333333,0.0017510910295145,0.0006804757886714,128.0,598.64,4.676875,0.1357866753767567,0.0290336336499813,29.0,252.92,8.721379310344828,0.0573686454902601,0.0065779326238239,20.0,162.0,8.1,0.0367456925882577,0.0045365052578095,14.0,77.76,5.554285714285714,0.0176379324423637,0.0031755536804667,24.0,96.68,4.028333333333333,0.0219294664162515,0.0054438063093715,13.0,34.4,2.646153846153846,0.0078027890434325,0.0029487284175762,0.0,0.0,0.0,0.8,1.0,0.8,0.0,0.0,0.0001814602103123,0.0002268252628904,0.0,1.0,0.0,1.0,167.58664615674832,4121.0,0.0406664999167067,0.0071854006682699,2.0233225668481776,0.0374398016740326,0.9347469083716669,970160.0,907183.0,516.0,0.9350859652016162,0.0005318710315824,21446.0,6028.0,8090.0,4875.0,8012.0,241.0,894.0,1459.0,13434.0,5787.0,7196.0,3416.0,0.3735894805558146,0.6264105194441854,0.0399800928998009,0.960019907100199,0.1105067985166872,0.8894932014833127,0.2992820512820512,0.7007179487179487,0.75,Delta
1,inactive,4,red,12,0-12,44.0,388.52,8.83,37282.6,5917.4000000000015,227.0,164.24052863436123,0.0656572143170987,0.0074356981106567,13.0,60.36,4.643076923076923,0.0102004258627099,0.0021969108054212,36.0,166.28,4.618888888888889,0.0281001791327272,0.0060837529996282,149,42078.88,282.4085906040268,7.111042011694323,0.0251799776929056,9.0,34.2,3.8,0.0057795653496468,0.001520938249907,40.0,460.12,11.503,0.0777571230608037,0.0067597255551424,31.0,785.68,25.344516129032257,0.1327745293541082,0.0052387873052354,23.0,158.76,6.902608695652174,0.0268293507283604,0.0038868421942069,23.0,140.24,6.097391304347826,0.0236995977963294,0.0038868421942069,97.0,396.36,4.086185567010309,0.0669821205259066,0.0163923344712204,10.0,25.16,2.516,0.0042518673741846,0.0016899313887856,16.0,13.0,1.2307692307692308,1.0,1.0,1.0,0.0027038902220569,0.0021969108054212,0.0001689931388785,0.0001689931388785,0.9411764705882352,0.0588235294117647,0.9285714285714286,0.0714285714285714,228.2800845414051,5697.0,0.040070227232123,0.0083983310053741,2.094938129718574,0.0353627873636348,0.9627539121911648,932292.0,889005.0,1207.0,0.95356926799758,0.0012946587549823,31216.0,7521.0,5715.0,9757.0,8308.0,120.0,124.0,1331.0,22908.0,7401.0,5591.0,8426.0,0.2661455663762173,0.7338544336237827,0.0159553250897487,0.9840446749102512,0.0216972878390201,0.97830271216098,0.1364148816234498,0.8635851183765502,2.1428571428571432,Alpha
1,inactive,4,yellow,12,0-12,5.0,18.84,3.768,41909.96,1290.0400000000009,122.0,343.52426229508194,0.0146041983194319,0.0038758488108895,3.0,17.4,5.8,0.0134879538618957,0.0023255092865337,12.0,78.92,6.576666666666667,0.0611763976310811,0.0093020371461349,24,43152.36,1798.015,33.45040463861584,0.0186040742922699,1.0,1.48,1.48,0.0011472512480233,0.0007751697621779,63.0,395.08,6.271111111111111,0.3062540696412512,0.0488356950172087,7.0,19.44,2.777142857142857,0.0150693001767386,0.0054261883352454,4.0,46.24,11.56,0.0358438498031068,0.0031006790487116,8.0,26.12,3.265,0.0202474341880871,0.0062013580974233,6.0,19.4,3.233333333333333,0.0150382933862515,0.0046510185730674,,,,,,,,,,,,,,,,,,,,40.22946845151415,1187.0,0.0338917173138282,0.0054334919343392,2.1574500107974734,0.0339950826260817,0.9201265077051868,1047871.0,934662.3333333333,22186.0,0.8919631646770769,0.0211724534794836,10433.0,1821.0,2423.0,476.0,607.0,241.0,779.0,170.0,9826.0,1580.0,1644.0,306.0,0.0581807725486437,0.9418192274513564,0.1323448654585392,0.8676551345414607,0.3215022699133306,0.6784977300866695,0.3571428571428571,0.6428571428571429,1.5,Gamma
1,inactive,5,blue,12,0-12,29.0,199.56,6.881379310344828,38660.76,4539.239999999998,223.0,173.36663677130045,0.0439633066328284,0.0063887346780518,22.0,119.84,5.447272727272727,0.0264008953040597,0.0048466263074875,27.0,82.92,3.071111111111111,0.0182673751553123,0.005948132286462,120,42087.6,350.72999999999996,9.271948608137048,0.0264361434953869,2.0,3.0,1.5,0.0006609035873846,0.0004406023915897,53.0,607.12,11.455094339622642,0.1337492619909941,0.0116759633771292,30.0,324.92,10.830666666666668,0.0715802645376759,0.0066090358738467,23.0,89.32,3.883478260869565,0.0196773028083996,0.0050669275032824,6.0,19.2,3.1999999999999997,0.0042297829592619,0.0013218071747693,62.0,291.72,4.7051612903225815,0.0642662648372855,0.0136586741392832,5.0,10.96,2.192,0.002414501105912,0.0011015059789744,1.0,1.0,1.0,1.8,2.0,0.9,0.0002203011957948,0.0002203011957948,0.0003965421524308,0.0004406023915897,0.3571428571428571,0.6428571428571429,0.3333333333333333,0.6666666666666666,201.2752716171132,4175.0,0.0482096458963145,0.0089245298606921,2.003276029236477,0.0418898749092706,0.9197574924436694,966742.0,867334.3333333334,18910.0,0.8971724962123642,0.0195605445920421,23384.0,2742.0,5118.0,5018.0,319.0,0.0,27.0,288.0,23065.0,2742.0,5091.0,4730.0,0.0136418063633253,0.9863581936366748,0.0,1.0,0.0052754982415005,0.9947245017584996,0.0573933838182542,0.9426066161817456,1.5,Beta
1,inactive,5,green,12,0-12,48.0,385.52,8.031666666666666,35733.56,7466.440000000002,376.0,95.03606382978722,0.0516337103090629,0.0064287665875571,14.0,119.64,8.545714285714286,0.0160237007194861,0.0018750569213708,19.0,89.36,4.703157894736842,0.0119682204638355,0.0025447201075746,179,41779.72,233.40625698324024,5.595668082781083,0.0239739420660984,5.0,11.64,2.3280000000000003,0.0015589758974826,0.0006696631862038,51.0,363.2,7.12156862745098,0.0486443338458488,0.0068305644992794,44.0,826.28,18.779090909090908,0.1106658594993061,0.005893036038594,19.0,108.84,5.728421052631579,0.0145772282372857,0.0025447201075746,14.0,76.32,5.451428571428571,0.0102217388742158,0.0018750569213708,74.0,263.04,3.5545945945945947,0.035229640899813,0.0099110151558172,5.0,11.24,2.248,0.0015054028425862,0.0006696631862038,0.0,0.0,0.0,4.4,4.0,1.1,0.0,0.0,0.0005893036038594,0.000535730548963,0.0,1.0,0.0,1.0,237.69769574196357,7028.0,0.0338215275671547,0.0072480086970578,2.0968842356795947,0.0324740194129098,0.941278574528155,893715.0,840390.6666666666,7066.0,0.9403340736886664,0.007906323604281,29832.0,4662.0,5258.0,9686.0,2852.0,215.0,48.0,1301.0,26980.0,4447.0,5210.0,8385.0,0.0956020380799141,0.9043979619200858,0.0461175461175461,0.953882453882454,0.00912894636744,0.99087105363256,0.1343175717530456,0.8656824282469544,0.0,Delta
1,inactive,5,red,12,0-12,34.0,171.52,5.044705882352941,37141.24,6058.760000000002,211.0,176.02483412322275,0.0283094230502611,0.0056117093266608,15.0,80.36,5.357333333333333,0.0132634400438373,0.0024757541147033,11.0,89.08,8.098181818181818,0.0147026784358515,0.0018155530174491,196,41541.72,211.94755102040816,6.85647228145693,0.0323498537654569,2.0,8.64,4.32,0.0014260343700691,0.0003301005486271,68.0,708.48,10.418823529411766,0.116934818345668,0.0112234186533217,14.0,219.56,15.682857142857143,0.0362384382282843,0.0023107038403897,20.0,119.08,5.954,0.0196541866652582,0.0033010054862711,6.0,20.8,3.466666666666667,0.0034330457057219,0.0009903016458813,90.0,443.52,4.928,0.0732030976635483,0.01485452468822,12.0,30.12,2.51,0.0049713142623243,0.0019806032917626,5.2,5.0,1.04,0.0,0.0,0.0,0.0008582614264304,0.0008252513715677,0.0,0.0,1.0,0.0,1.0,0.0,189.24555833678036,5702.0,0.0331893297679376,0.0058800074254076,2.078111851371457,0.0303782852416012,0.9411166641358956,928742.0,853356.0,14555.0,0.918829987230038,0.0156717366071524,23283.0,3523.0,4262.0,4322.0,2638.0,33.0,97.0,252.0,20645.0,3490.0,4165.0,4070.0,0.1133015504874801,0.8866984495125199,0.0093670167470905,0.9906329832529096,0.0227592679493195,0.9772407320506804,0.0583063396575659,0.941693660342434,3.0,Alpha
1,inactive,5,yellow,12,0-12,25.0,402.64,16.1056,37860.16,5339.8399999999965,291.0,130.10364261168385,0.0754030083298376,0.0046817882183735,7.0,19.24,2.748571428571428,0.0036031042128603,0.0013109007011446,1.0,1.16,1.16,0.0002172349733325,0.0001872715287349,103,42495.92,412.5817475728155,7.958275903397859,0.0192889674596991,,,,,,99.0,1018.72,10.29010101010101,0.1907772517528616,0.0185398813447594,30.0,200.08,6.669333333333333,0.0374692874692874,0.0056181458620483,15.0,150.16,10.010666666666667,0.0281206927548391,0.0028090729310241,4.0,15.92,3.98,0.0029813627374603,0.0007490861149397,33.0,103.64,3.1406060606060606,0.0194088212380895,0.0061799604482531,1.0,1.96,1.96,0.0003670521963204,0.0001872715287349,,,,,,,,,,,,,,,138.4679779583984,4945.0,0.0280016133384021,0.0055859763053662,2.1597933351877248,0.0264293984267245,0.9260577095942956,946795.0,861852.3333333334,14898.0,0.910283993191064,0.0157351908280039,30599.0,4171.0,518.0,10091.0,745.0,182.0,22.0,1422.0,29854.0,3989.0,496.0,8669.0,0.0243472008889179,0.975652799111082,0.0436346199952049,0.956365380004795,0.0424710424710424,0.9575289575289576,0.140917649390546,0.8590823506094539,1.5,Gamma
1,inactive,6,blue,12,0-12,10.0,85.56,8.556000000000001,33727.88,9472.120000000004,157.0,214.8272611464968,0.0090328247530647,0.0010557298682871,9.0,37.92,4.213333333333334,0.0040033276605448,0.0009501568814584,10.0,47.92,4.792,0.0050590575288319,0.0010557298682871,79,36963.32,467.89012658227847,3.902328095505545,0.0083402659594684,,,,,,53.0,1050.72,19.824905660377357,0.1109276487206665,0.0055953683019218,10.0,205.8,20.58,0.0217269206893493,0.0010557298682871,14.0,108.28,7.734285714285714,0.0114314430138131,0.0014780218156019,8.0,22.68,2.835,0.0023943953412752,0.0008445838946297,39.0,175.44,4.498461538461538,0.0185217248092296,0.0041173464863198,8.0,19.8,2.475,0.0020903451392085,0.0008445838946297,,,,,,,,,,,,,,,126.250698224198,3468.0,0.0364044689227791,0.0045519780846144,2.0674382705147165,0.0330452801522344,0.3661271183219805,843354.0,780124.3333333333,2596.0,0.9250259479807214,0.0030781854357719,31476.0,3296.0,2165.0,2149.0,2968.0,36.0,0.0,8.0,28508.0,3260.0,2165.0,2141.0,0.0942940653196085,0.9057059346803914,0.0109223300970873,0.9890776699029126,0.0,1.0,0.0037226617031177,0.9962773382968824,,
1,inactive,6,green,12,0-12,36.0,212.36,5.898888888888889,33060.24,10139.760000000002,345.0,95.82678260869564,0.0209432964882798,0.0035503798906482,11.0,53.48,4.861818181818181,0.0052742865708853,0.0010848382999203,7.0,30.76,4.394285714285714,0.0030336023732317,0.0006903516454038,55,37051.56,673.6647272727272,3.654086487254135,0.0054241914996015,,,,,,54.0,798.44,14.785925925925929,0.0787434811080341,0.0053255698359724,22.0,296.4,13.47272727272727,0.0292314610996709,0.0021696765998406,13.0,87.12,6.701538461538462,0.0085919193353688,0.0012820816271785,5.0,28.12,5.6240000000000006,0.0027732411812508,0.0004931083181455,34.0,121.04,3.56,0.0119371661656686,0.00335313656339,18.0,47.36,2.631111111111111,0.004670721989475,0.0017751899453241,,,,,,,,,,,,,,,145.58773556010766,4016.0,0.0362519261852857,0.0028372027683491,2.100273275933017,0.03285489708979,0.3960646011345435,826851.0,777068.6666666666,662.0,0.9397928607048508,0.000800627924499,27447.0,2899.0,2124.0,5345.0,2118.0,566.0,34.0,2395.0,25329.0,2333.0,2090.0,2950.0,0.0771669034867198,0.9228330965132802,0.1952397378406347,0.8047602621593652,0.0160075329566855,0.9839924670433146,0.4480823199251637,0.5519176800748363,,
1,inactive,6,red,12,0-12,,,,35806.2,7393.800000000003,74.0,483.8675675675675,,,,,,,,,,,,,15,37357.88,2490.525333333333,5.052595417782464,0.0020287267710784,,,,,,24.0,897.8,37.40833333333333,0.1214260596716167,0.0032459628337255,3.0,25.28,8.426666666666668,0.0034190808515242,0.0004057453542156,3.0,39.88,13.293333333333337,0.0053937082420406,0.0004057453542156,1.0,1.24,1.24,0.0001677080797424,0.0001352484514052,19.0,67.24,3.538947368421052,0.0090941058724877,0.0025697205766993,6.0,16.64,2.7733333333333334,0.002250534231383,0.0008114907084313,,,,,,,,,,,,,,,21.63506320304047,1488.0,0.014539693012796,0.0024982451791915,2.159301136885092,0.0132382071125288,0.2012496956909842,895229.0,807585.6666666666,10100.0,0.9020995372878522,0.011282029514236,23104.0,1032.0,0.0,0.0,981.0,0.0,0.0,0.0,22123.0,1032.0,0.0,0.0,0.0424601800554016,0.9575398199445984,0.0,1.0,0.0,0.0,0.0,0.0,,
1,inactive,6,yellow,12,0-12,19.0,514.64,27.086315789473684,33256.48,9943.519999999997,269.0,123.6300371747212,0.0517563196936296,0.0019107921540862,3.0,3.88,1.2933333333333332,0.000390203871466,0.0003017040243294,1.0,4.32,4.32,0.0004344537950343,0.0001005680081098,60,36818.16,613.6360000000001,3.702729013468069,0.0060340804865882,,,,,,52.0,414.72,7.975384615384616,0.041707564323298,0.0052295364217098,22.0,101.08,4.594545454545455,0.010165414259739,0.0022124961784156,8.0,53.2,6.65,0.0053502180314415,0.0008045440648784,7.0,32.08,4.582857142857143,0.0032262217001625,0.0007039760567686,20.0,82.16,4.108,0.0082626675463015,0.002011360162196,9.0,24.64,2.7377777777777776,0.0024779957198255,0.0009051120729882,,,,,,,,,,,,,,,98.55285055257946,3857.0,0.0255516853908684,0.0021008822315519,1.6101538149248826,0.0259502121269701,0.3878908072795148,831681.0,777522.6666666666,2314.0,0.9348808818124577,0.0027823167777068,12969.0,2147.0,209.0,12885.0,328.0,530.0,34.0,2403.0,12641.0,1617.0,175.0,10482.0,0.0252910787261932,0.9747089212738068,0.2468560782487191,0.7531439217512809,0.1626794258373205,0.8373205741626795,0.1864959254947613,0.8135040745052387,,
1,inactive,7,blue,12,0-12,4.0,14.48,3.62,39662.96,3537.040000000001,186.0,213.2417204301075,0.0040938185601519,0.0011308891050143,2.0,3.04,1.52,0.0008594757198109,0.0005654445525071,3.0,4.04,1.346666666666667,0.0011421979960645,0.0008481668287607,33,42015.16,1273.1866666666667,11.878621672358806,0.0093298351163684,,,,,,16.0,577.56,36.0975,0.1632890778730237,0.0045235564200574,19.0,172.12,9.058947368421054,0.048662158188768,0.0053717232488182,17.0,115.84,6.814117647058824,0.0327505484812159,0.004806278696311,1.0,1.68,1.68,0.000474973424106,0.0002827222762535,40.0,160.88,4.022,0.0454843598036776,0.0113088910501436,7.0,21.68,3.097142857142857,0.0061294189491778,0.0019790559337751,,,,,,,,,,,,,,,68.17383528385929,2277.0,0.0299401999489939,0.0037046748644284,2.100956910812998,0.0256430077475,0.6437586230294255,991760.0,884283.3333333333,10057.0,0.8916303675620445,0.0101405581995644,18777.0,2956.0,182.0,366.0,0.0,30.0,0.0,0.0,18777.0,2926.0,182.0,366.0,0.0,1.0,0.010148849797023,0.989851150202977,0.0,1.0,0.0,1.0,,
1,inactive,7,green,12,0-12,27.0,434.0,16.074074074074073,32621.24,10578.759999999998,276.0,118.19289855072464,0.0410256022444974,0.0025522840106023,9.0,54.92,6.102222222222222,0.00519153473564,0.0008507613368674,33.0,233.64,7.079999999999999,0.0220857643050792,0.0031194582351806,159,39319.32,247.291320754717,3.716817471991047,0.0150301169513251,,,,,,29.0,96.04,3.3117241379310345,0.00907856875475,0.0027413420854618,54.0,1834.0,33.96296296296296,0.1733662546461022,0.0051045680212047,24.0,78.88,3.286666666666666,0.0074564504724561,0.0022686968983132,18.0,195.8,10.877777777777778,0.0185087855287387,0.0017015226737349,125.0,527.44,4.21952,0.0498583955019302,0.0118161296787147,26.0,73.32,2.82,0.0069308690243469,0.0024577549731726,,,,,,,,,,,,,,,259.312173613551,9267.0,0.0279823215294648,0.0047494554169878,2.163493761240811,0.0258444205900636,0.8760005898611937,815807.0,780545.3333333334,67.0,0.9567769501038031,8.212726784643917e-05,48334.0,6909.0,7256.0,10877.0,155.0,103.0,0.0,0.0,48179.0,6806.0,7256.0,10877.0,0.0032068523192783,0.9967931476807216,0.0149080908959328,0.9850919091040672,0.0,1.0,0.0,1.0,,
1,inactive,7,red,12,0-12,13.0,535.48,41.190769230769234,38730.64,4469.360000000001,183.0,211.64284153005465,0.1198113376411835,0.0029086938622084,2.0,15.2,7.6,0.0034009343619668,0.0004474913634166,3.0,7.0,2.3333333333333335,0.0015662197719584,0.000671237045125,51,41367.96,811.1364705882353,9.255902411083463,0.0114110297671254,,,,,,22.0,593.68,26.985454545454544,0.132833336316609,0.0049224049975835,16.0,204.76,12.7975,0.0458141657866003,0.0035799309073334,15.0,145.2,9.68,0.0324878729840514,0.0033561852256251,1.0,10.28,10.28,0.0023001056079617,0.0002237456817083,50.0,175.48,3.5096,0.03926289222618,0.0111872840854171,8.0,20.36,2.545,0.0045554620795818,0.0017899654536667,,,,,,,,,,,,,,,92.0839321151315,3196.0,0.0288122440910924,0.0052192442258736,2.104567028226481,0.0257301535437812,0.7150911987398643,968449.0,877079.0,2696.0,0.9056532662019372,0.0027838327056974,19999.0,3903.0,560.0,13400.0,115.0,0.0,0.0,0.0,19884.0,3903.0,560.0,13400.0,0.0057502875143757,0.9942497124856244,0.0,1.0,0.0,1.0,0.0,1.0,,
1,inactive,7,yellow,12,0-12,,,,40435.28,2764.720000000001,226.0,178.91716814159292,,,1.0,4.08,4.08,0.001475737145172,0.0003617002806794,,,,,,16,42102.52,2631.4075,15.228493301310792,0.0057872044908706,,,,,,26.0,121.8,4.684615384615385,0.044055094186753,0.0094042072976648,46.0,512.88,11.149565217391304,0.1855088399548597,0.0166382129112532,5.0,21.8,4.36,0.0078850661188113,0.001808501403397,,,,,,8.0,18.76,2.345,0.0067854972655458,0.0028936022454353,1.0,2.28,2.28,0.000824676639949,0.0003617002806794,,,,,,,,,,,,,,,32.83901131167659,1485.0,0.0221138123310953,0.0037145746358801,2.0968032251819926,0.0213099275845656,0.5371249168089353,1011108.0,899007.0,6136.0,0.8891305379840729,0.0060685901011563,15939.0,550.0,103.0,0.0,188.0,73.0,0.0,0.0,15751.0,477.0,103.0,0.0,0.0117949683167074,0.9882050316832924,0.1327272727272727,0.8672727272727273,0.0,1.0,0.0,0.0,,
1,inactive,8,blue,12,0-12,28.0,734.68,26.238571428571426,34369.92,8830.080000000002,140.0,245.49942857142855,0.0832019641951148,0.0031709791983764,11.0,62.0,5.636363636363637,0.0070214539392621,0.0012457418279336,10.0,29.16,2.916,0.0033023483365949,0.0011324925708487,85,38090.0,448.11764705882354,4.3136642023628315,0.0096261868522142,1.0,3.8,3.8,0.0004303471769225,0.0001132492570848,47.0,1198.96,25.509787234042555,0.1357813292744799,0.005322715082989,20.0,505.36,25.268,0.0572316445604116,0.0022649851416974,6.0,70.88,11.813333333333333,0.0080271073421758,0.0006794955425092,2.0,2.16,1.08,0.0002446183953033,0.0002264985141697,51.0,180.52,3.5396078431372553,0.0204437558889613,0.0057757121113285,10.0,27.84,2.784,0.0031528593172428,0.0011324925708487,6.2,6.0,1.0333333333333334,3.8,4.0,0.95,0.0007021453939262,0.0006794955425092,0.0004303471769225,0.0004529970283394,0.62,0.38,0.6,0.4,105.10071595914086,4801.0,0.0218914217786171,0.0042597193466085,2.1325308484122956,0.019668373968454,0.5437096832644777,859388.0,761268.0,40679.0,0.8858257271453639,0.0473348475892146,42675.0,1834.0,2300.0,18395.0,6214.0,307.0,0.0,2662.0,36461.0,1527.0,2300.0,15733.0,0.1456121851200937,0.8543878148799062,0.1673936750272628,0.8326063249727372,0.0,1.0,0.1447132372927426,0.8552867627072575,1.8000000000000005,Beta
1,inactive,8,green,12,0-12,73.0,492.24,6.743013698630137,31722.88,11477.12,332.0,95.55084337349398,0.0428888083421624,0.0063604806780795,59.0,318.32,5.395254237288135,0.0277351809513187,0.005140662465845,24.0,125.32,5.221666666666667,0.0109191155969441,0.002091116935259,136,37945.12,279.00823529411764,3.306153460101489,0.0118496626331344,17.0,32.36,1.903529411764706,0.0028195226677075,0.0014812078291418,91.0,759.92,8.350769230769231,0.0662117325600847,0.0079288183795237,105.0,685.52,6.528761904761905,0.0597292700607817,0.0091486365917582,31.0,192.68,6.215483870967742,0.0167881837952378,0.0027010260413762,17.0,47.36,2.7858823529411763,0.0041264707522444,0.0014812078291418,73.0,354.56,4.856986301369863,0.0308927675235599,0.0063604806780795,4.0,10.48,2.62,0.0009131210617297,0.0003485194892098,5.0,5.0,1.0,4.4,4.0,1.1,0.0004356493615122,0.0004356493615122,0.0003833714381308,0.0003485194892098,0.5319148936170213,0.4680851063829787,0.5555555555555556,0.4444444444444444,495.7386220547111,7312.0,0.0677979515939156,0.0131530659313503,2.1372938706496267,0.0646066169903857,0.6370936262755813,793404.0,750889.0,8791.0,0.94641443703334,0.0110801054695968,36332.0,6049.0,11174.0,12379.0,6276.0,727.0,2400.0,5216.0,30056.0,5322.0,8774.0,7163.0,0.172740284047121,0.8272597159528791,0.1201851545710034,0.8798148454289966,0.2147843207445856,0.7852156792554144,0.4213587527263914,0.5786412472736085,2.5500000000000003,Alpha
1,inactive,8,red,12,0-12,48.0,963.32,20.069166666666668,33664.52,9535.480000000003,118.0,285.2925423728813,0.1010248042049272,0.0050338315428274,18.0,145.92,8.106666666666666,0.0153028478901953,0.0018876868285602,2.0,5.24,2.62,0.0005495266100919,0.0002097429809511,129,37210.72,288.4551937984496,3.902343668069147,0.0135284222713486,4.0,9.24,2.31,0.0009690125719942,0.0004194859619022,48.0,1062.36,22.132499999999997,0.1114112766216278,0.0050338315428274,27.0,278.92,10.330370370370373,0.0292507561234463,0.0028315302428404,17.0,86.2,5.070588235294117,0.0090399224789942,0.0017828153380847,5.0,21.52,4.304,0.0022568344750342,0.0005243574523778,77.0,302.76,3.931948051948052,0.0317508924563839,0.0080751047666189,4.0,10.12,2.53,0.0010612994836127,0.0004194859619022,2.6,3.0,0.8666666666666667,4.8,5.0,0.96,0.0002726658752364,0.0003146144714267,0.0005033831542827,0.0005243574523778,0.3513513513513513,0.6486486486486486,0.375,0.625,177.56619958520832,5533.0,0.032092210299152,0.0068877153733942,2.130023273360132,0.0286643138594937,0.5802539568013354,841731.0,768305.3333333334,15816.0,0.9127682517732308,0.0187898509143657,33607.0,2715.0,3799.0,24131.0,3060.0,141.0,597.0,6945.0,30547.0,2574.0,3202.0,17186.0,0.0910524593090725,0.9089475406909276,0.0519337016574585,0.9480662983425414,0.1571466175309292,0.8428533824690708,0.287804069454229,0.712195930545771,0.9,Gamma
1,inactive,8,yellow,12,0-12,80.0,1254.0,15.675,31808.6,11391.4,197.0,161.46497461928934,0.1100830451042014,0.0070228417929315,37.0,182.6,4.935135135135135,0.0160296363923661,0.0032480643292308,7.0,18.28,2.6114285714285717,0.0016047193496848,0.0006144986568815,145,37830.08,260.89710344827586,3.320933335674281,0.0127289007496883,2.0,4.28,2.14,0.0003757220359218,0.0001755710448232,126.0,738.96,5.864761904761905,0.0648699896413083,0.0110609758238671,90.0,378.8,4.208888888888889,0.0332531558895307,0.0079006970170479,45.0,279.16,6.203555555555556,0.0245062064364345,0.0039503485085239,45.0,204.04,4.534222222222222,0.0179117579928718,0.0039503485085239,43.0,135.16,3.143255813953488,0.0118650912091577,0.0037747774637006,2.0,4.72,2.36,0.0004143476657829,0.0001755710448232,0.0,0.0,0.0,0.8,1.0,0.8,0.0,0.0,7.02284179293151e-05,8.778552241164388e-05,0.0,1.0,0.0,1.0,337.79765609781344,7293.0,0.0463180661041839,0.0091303932760499,2.2213767580388932,0.0436487629377229,0.6402198149481187,795412.0,754501.0,5772.0,0.9485662776020476,0.0072566166967558,28160.0,12170.0,5066.0,31430.0,6656.0,1023.0,2353.0,7870.0,21504.0,11147.0,2713.0,23560.0,0.2363636363636363,0.7636363636363637,0.0840591618734593,0.9159408381265408,0.4644690090801421,0.5355309909198579,0.2503977091950365,0.7496022908049634,0.75,Delta
2,active,1,blue,24,12-24,208.0,1379.6,6.632692307692308,26780.88,16419.12,251.0,106.69673306772908,0.0840239915415686,0.0126681576113701,119.0,588.16,4.942521008403361,0.0358216518303051,0.0072476478641973,219.0,1131.36,5.166027397260273,0.0689050326692295,0.0133381082542791,522,38403.68,73.57026819923372,2.338960918733769,0.031792203236227,29.0,75.08,2.5889655172413795,0.0045727176608734,0.0017662335131237,118.0,1523.88,12.914237288135594,0.0928113077923786,0.0071867432602965,168.0,1784.48,10.621904761904762,0.1086830475689318,0.0102319734553374,48.0,189.0,3.9375,0.0115109701372546,0.0029234209872392,45.0,205.76,4.572444444444444,0.0125317312986323,0.0027407071755368,262.0,1151.92,4.396641221374046,0.0701572313254303,0.0159570062220143,5.0,10.12,2.024,0.0006163545914762,0.000304523019504,1.6,2.0,0.8,9.4,11.0,0.8545454545454546,9.744736624130892e-05,0.0001218092078016,0.0005725032766676,0.0006699506429089,0.1454545454545454,0.8545454545454546,0.1538461538461538,0.8461538461538461,574.8983083123335,16014.0,0.0358997320040173,0.008545587616503,1.992380989973007,0.035126384034678,0.9753263268677006,669773.0,520375.0,32407.0,0.7769423371799102,0.0483850498601765,82995.0,9962.0,43326.0,34698.0,25371.0,288.0,5003.0,8409.0,57624.0,9674.0,38323.0,26289.0,0.3056931140430146,0.6943068859569853,0.0289098574583417,0.9710901425416584,0.1154733878040899,0.8845266121959101,0.2423482621476742,0.7576517378523258,0.1666666666666665,Delta
2,active,1,green,24,12-24,268.0,1819.48,6.78910447761194,20682.92,22517.08,330.0,62.67551515151515,0.0808044382308896,0.0119020761128885,172.0,832.92,4.842558139534884,0.0369905867012951,0.0076386458634956,178.0,885.32,4.97370786516854,0.0393177090457554,0.0079051102540826,569,37536.64,65.96949033391915,1.6670296503809552,0.0252697063740058,13.0,26.48,2.036923076923077,0.0011759961771242,0.0005773395129386,198.0,2580.28,13.031717171717172,0.1145921229573283,0.0087933248893728,428.0,5229.52,12.218504672897197,0.2322468099771373,0.01900779319521,37.0,155.04,4.19027027027027,0.0068854398527695,0.0016431970752868,47.0,329.64,7.013617021276596,0.0146395536188528,0.0020873043929319,306.0,1238.76,4.048235294117647,0.0550142380806037,0.0135896839199398,22.0,51.64,2.347272727272727,0.0022933701883192,0.0009770360988192,4.0,5.0,0.8,1.6,2.0,0.8,0.000177642927058,0.0002220536588225,7.105717082321509e-05,8.882146352901885e-05,0.7142857142857143,0.2857142857142857,0.7142857142857143,0.2857142857142857,1013.131807382855,22081.0,0.045882514713231,0.0098802895106662,2.0998819170575267,0.0420623216329548,0.9806333680921326,517403.0,462240.6666666666,6520.0,0.8933861355010826,0.0126013958171869,195871.0,12201.0,43306.0,45755.0,50638.0,539.0,7656.0,10097.0,145233.0,11662.0,35650.0,35658.0,0.2585272960264664,0.7414727039735336,0.0441767068273092,0.9558232931726908,0.1767884357825705,0.8232115642174295,0.2206753360288493,0.7793246639711507,1.95,Beta
2,active,1,red,24,12-24,164.0,1865.76,11.37658536585366,29223.88,13976.12,136.0,214.8814705882353,0.1334962779369381,0.0117343010792694,108.0,469.36,4.345925925925926,0.0335829972839386,0.0077274665643969,83.0,527.72,6.358072289156627,0.0377586912533664,0.0059387011559717,310,38753.6,125.0116129032258,2.7728439652779167,0.0221806910644728,19.0,42.48,2.2357894736842105,0.0030394701819961,0.0013594617104031,73.0,845.24,11.578630136986302,0.0604774429526935,0.0052231949926016,198.0,2638.76,13.327070707070709,0.1888049043654462,0.0141670220347278,16.0,58.16,3.635,0.0041613838461604,0.0011448098613921,22.0,203.52,9.250909090909092,0.014561981436908,0.0015741135594142,231.0,910.72,3.9425108225108225,0.0651625773104409,0.0165281923738491,19.0,48.56,2.555789473684211,0.0034744979293251,0.0013594617104031,10.6,12.0,0.8833333333333333,5.8,7.0,0.8285714285714285,0.0007584365331722,0.0008586073960441,0.0004149935747546,0.000500854314359,0.6463414634146342,0.3536585365853659,0.631578947368421,0.3684210526315789,379.0628532093218,13697.0,0.0276748815951903,0.0068280912622078,2.11406075333431,0.025175580749728,0.980028791968014,730733.0,511009.6666666666,104718.0,0.6993110570710049,0.1433054207213852,87371.0,6580.0,25118.0,46808.0,23753.0,404.0,5641.0,8847.0,63618.0,6176.0,19477.0,37961.0,0.2718636618557645,0.7281363381442355,0.0613981762917933,0.9386018237082068,0.2245799824826817,0.7754200175173183,0.1890061527943941,0.8109938472056059,1.7833333333333334,Gamma
2,active,1,yellow,24,12-24,173.0,1155.0,6.676300578034682,27358.16,15841.84,362.0,75.57502762430939,0.0729081975326098,0.0109204486347545,109.0,416.28,3.8190825688073393,0.0262772506224024,0.0068805138797008,134.0,527.12,3.9337313432835823,0.033273912626311,0.0084586133933936,346,40580.52,117.28473988439303,2.561603955096125,0.021840897269509,18.0,51.76,2.8755555555555556,0.0032672972331496,0.0011362316498588,147.0,1393.64,9.480544217687076,0.0879721042505163,0.0092792251405139,220.0,2161.12,9.823272727272728,0.136418496841276,0.0138872757204971,25.0,96.76,3.8704,0.0061078763577968,0.0015780995136928,33.0,159.76,4.841212121212121,0.0100846871323028,0.0020830913580745,179.0,720.44,4.024804469273743,0.0454770405457951,0.0112991925180408,4.0,8.8,2.2,0.0005554910288198,0.0002524959221908,3.4,4.0,0.85,2.8,3.0,0.9333333333333332,0.0002146215338622,0.0002524959221908,0.0001767471455335,0.0001893719416431,0.5483870967741936,0.4516129032258065,0.5714285714285714,0.4285714285714285,749.1426800403616,15348.0,0.0488104430570994,0.009781147699433,2.1168101951123535,0.0443539549418087,0.9688268534463168,684316.0,517372.6666666667,54750.0,0.7560435042680088,0.0800068973982779,89236.0,6471.0,23828.0,29048.0,28087.0,529.0,4386.0,7669.0,61149.0,5942.0,19442.0,21379.0,0.3147496526065713,0.6852503473934287,0.081749343223613,0.918250656776387,0.1840691623300319,0.8159308376699681,0.2640112916551914,0.7359887083448086,2.1,Alpha
2,active,2,blue,24,12-24,276.0,2395.0,8.677536231884059,19485.2,23714.8,261.0,74.655938697318,0.1009917857203096,0.0116383018199605,102.0,557.0,5.46078431372549,0.0234874424410073,0.0043011115421593,143.0,1044.52,7.304335664335664,0.0440450689021202,0.0060299897110665,598,36422.8,60.907692307692315,1.5358678968407915,0.0252163206099144,57.0,171.36,3.0063157894736845,0.0072258673908276,0.0024035623323831,141.0,1687.2,11.965957446808511,0.0711454450385413,0.005945654190632,165.0,1046.96,6.345212121212121,0.0441479582370502,0.0069576804358459,55.0,348.24,6.331636363636364,0.0146845008180545,0.0023192268119486,66.0,443.0,6.712121212121212,0.0186803177762409,0.0027830721743383,323.0,1405.68,4.351950464396285,0.0592743771821815,0.0136201865501712,41.0,107.8,2.629268292682927,0.0045456845514193,0.0017288781689071,6.4,8.0,0.8,20.8,21.0,0.9904761904761904,0.0002698736653903,0.0003373420817379,0.0008770894125187,0.0008855229645622,0.2352941176470588,0.7647058823529411,0.2758620689655172,0.7241379310344828,721.2840651310429,23265.0,0.0310029686280267,0.0069430829275932,2.0726530381638852,0.0291980825437715,0.9810329414542818,487391.0,351691.6666666666,67781.0,0.7215801413375844,0.1390690431296433,68660.0,19902.0,40283.0,60151.0,30717.0,1025.0,6701.0,17166.0,37943.0,18877.0,33582.0,42985.0,0.4473783862510923,0.5526216137489076,0.0515023615717013,0.9484976384282988,0.1663480872824765,0.8336519127175235,0.2853817891639374,0.7146182108360626,0.9999999999999998,Gamma
2,active,2,green,24,12-24,539.0,4025.4,7.468274582560297,19126.88,24073.12,457.0,41.85312910284464,0.1672155499577952,0.0223901181068345,192.0,647.32,3.3714583333333334,0.0268897425842599,0.0079757006985384,216.0,831.32,3.848703703703704,0.0345331224203593,0.0089726632858557,740,35376.8,47.80648648648649,1.469556085791954,0.0307396797756169,58.0,93.8,1.6172413793103448,0.0038964621120984,0.0024093262526834,208.0,2006.16,9.645,0.0833361026738536,0.0086403424234166,233.0,3018.16,12.953476394849783,0.1253746917724001,0.0096788451185388,70.0,422.16,6.030857142857143,0.0175365719109114,0.0029078075463421,39.0,114.24,2.9292307692307693,0.0047455419156303,0.0016200642043906,315.0,1426.84,4.529650793650793,0.059271087420326,0.0130851339585396,17.0,41.16,2.421176470588235,0.0017097908372491,0.000706181832683,11.0,12.0,0.9166666666666666,26.6,29.0,0.9172413793103448,0.0004569411858537,0.0004984812936586,0.00110496686761,0.0012046631263417,0.2925531914893617,0.7074468085106383,0.2926829268292683,0.7073170731707317,1184.8184153030877,23497.0,0.0504242420437965,0.0128845403066661,2.056036982561894,0.0464794941906287,0.976067913091448,478629.0,355091.6666666667,52015.0,0.7418933384033702,0.1086749862628465,126035.0,13519.0,37374.0,101174.0,68674.0,963.0,8108.0,22461.0,57361.0,12556.0,29266.0,78713.0,0.544880390367755,0.455119609632245,0.0712330793697758,0.928766920630224,0.2169422593246642,0.7830577406753358,0.2220036768339692,0.7779963231660308,1.0879120879120878,Beta
2,active,2,red,24,12-24,290.0,3472.48,11.974068965517242,18098.84,25101.16,221.0,81.89520361990951,0.1383394233573269,0.0115532509254552,144.0,1616.64,11.226666666666668,0.0644049916418205,0.0057367866664329,157.0,919.68,5.857834394904458,0.036638944176285,0.0062546910182636,552,35132.76,63.64630434782609,1.3996468689096442,0.0219910155546596,63.0,178.92,2.84,0.0071279574330429,0.0025098441665644,150.0,3484.12,23.227466666666665,0.1388031469461969,0.0059758194442009,169.0,3408.68,20.169704142011835,0.1357977081537267,0.0067327565737997,95.0,1130.2,11.896842105263158,0.0450258075722396,0.0037846856479939,91.0,740.88,8.141538461538461,0.0295157673987975,0.0036253304628152,335.0,1514.44,4.520716417910448,0.0603334666605049,0.0133459967587155,25.0,65.04,2.6016000000000004,0.0025911153110055,0.0009959699073668,50.0,50.0,1.0,6.6,7.0,0.9428571428571428,0.0019919398147336,0.0019919398147336,0.0002629360555448,0.0002788715740627,0.8833922261484098,0.1166077738515901,0.8771929824561403,0.1228070175438596,711.2046305623361,24692.0,0.0288030386587694,0.0089015490170018,2.071987579035454,0.0263067628174675,0.9836995581080716,452692.0,347885.6666666666,41689.0,0.7684820289880683,0.0920913115319024,172639.0,46963.0,63709.0,87102.0,102699.0,2429.0,9431.0,23386.0,69940.0,44534.0,54278.0,63716.0,0.5948771714386668,0.4051228285613332,0.0517215680429274,0.9482784319570726,0.1480324600919807,0.8519675399080193,0.2684898165369337,0.7315101834630663,3.0,Alpha
2,active,2,yellow,24,12-24,163.0,1193.84,7.324171779141103,17823.24,25376.76,271.0,65.76841328413285,0.0470446187771803,0.0064231998095895,71.0,274.2,3.8619718309859152,0.0108051618882788,0.0027978354998825,63.0,342.32,5.433650793650793,0.0134895077228141,0.0024825864294732,324,40268.16,124.28444444444446,1.5868125008866385,0.0127675873515767,36.0,73.92,2.0533333333333332,0.0029129014105819,0.0014186208168418,338.0,8803.28,26.04520710059172,0.3469032295691018,0.013319273224793,250.0,3461.04,13.84416,0.136386205331177,0.0098515334502907,54.0,339.56,6.2881481481481485,0.0133807467935228,0.0021279312252627,36.0,235.36,6.537777777777778,0.0092746276514417,0.0014186208168418,267.0,1031.56,3.863520599250936,0.0406497913839276,0.0105214377249105,45.0,120.08,2.6684444444444444,0.0047318885468436,0.0017732760210523,6.6,8.0,0.825,20.0,21.0,0.9523809523809524,0.0002600804830876,0.0003152490704093,0.0007881226760232,0.0008275288098244,0.2481203007518796,0.7518796992481203,0.2758620689655172,0.7241379310344828,542.3965365340182,24932.0,0.0217550351569877,0.0046188115862646,2.1683775954698965,0.0196449174186645,0.9824737279305948,445852.0,347492.3333333333,40863.0,0.7793894236951574,0.0916514897320187,307196.0,14463.0,15547.0,30009.0,132953.0,1509.0,4218.0,10350.0,174243.0,12954.0,11329.0,19659.0,0.4327953488977721,0.5672046511022278,0.1043352001659406,0.8956647998340593,0.2713063613558886,0.7286936386441114,0.3448965310406878,0.6551034689593122,0.6741071428571428,Delta
2,active,3,blue,24,12-24,217.0,2039.84,9.400184331797234,21668.68,21531.32,204.0,106.21901960784314,0.0947382696462641,0.0100783416901518,101.0,486.72,4.819009900990099,0.0226052095273304,0.0046908410631582,104.0,519.08,4.991153846153846,0.0241081364263779,0.0048301729759253,424,36919.92,87.07528301886792,1.7147076909358088,0.01969224367108,21.0,46.68,2.222857142857143,0.0021680045626557,0.0009753233893695,155.0,1835.56,11.842322580645162,0.0852506952662447,0.0071988154929655,209.0,4520.4,21.62870813397129,0.2099453261574302,0.0097067899227729,34.0,239.6,7.047058823529412,0.0111279754329971,0.0015790950113601,56.0,386.04,6.893571428571429,0.0179292305348673,0.002600862371652,302.0,1459.6,4.833112582781457,0.0677896199582747,0.0140260792185523,20.0,47.24,2.362,0.0021940131863722,0.0009288794184471,3.6,4.0,0.9,6.6,7.0,0.9428571428571428,0.0001671982953204,0.0001857758836894,0.0003065302080875,0.0003251077964565,0.3529411764705882,0.6470588235294118,0.3636363636363636,0.6363636363636364,592.1986691650736,20169.0,0.0293618260283144,0.005817723083823,2.137170354207993,0.0281431748690428,0.9367284495330525,541921.0,403588.6666666666,44890.0,0.7447370865249117,0.0828349519579422,159263.0,15731.0,25350.0,51213.0,44399.0,956.0,3925.0,11400.0,114864.0,14775.0,21425.0,39813.0,0.278777870566296,0.721222129433704,0.0607717246201767,0.9392282753798232,0.1548323471400394,0.8451676528599605,0.2225997305371683,0.7774002694628317,1.1,Gamma
2,active,3,green,24,12-24,339.0,3168.12,9.345486725663717,19712.0,23488.0,440.0,44.8,0.1348824931880109,0.0144329019073569,178.0,822.52,4.620898876404494,0.0350187329700272,0.0075783378746594,180.0,758.92,4.216222222222222,0.0323109673024523,0.0076634877384196,605,34400.12,56.85970247933885,1.464582765667575,0.0257578337874659,90.0,238.84,2.653777777777778,0.0101685967302452,0.0038317438692098,115.0,1316.32,11.446260869565217,0.056042234332425,0.0048961171662125,202.0,2598.04,12.86158415841584,0.1106113760217983,0.008600136239782,85.0,466.16,5.4842352941176475,0.0198467302452316,0.0036188692098092,61.0,262.48,4.302950819672131,0.011175068119891,0.0025970708446866,318.0,1388.36,4.365911949685534,0.0591093324250681,0.0135388283378746,18.0,45.04,2.502222222222222,0.0019175749318801,0.0007663487738419,14.2,15.0,0.9466666666666668,6.4,7.0,0.9142857142857144,0.0006045640326975,0.0006386239782016,0.0002724795640326,0.0002980245231607,0.6893203883495145,0.3106796116504854,0.6818181818181818,0.3181818181818182,985.1851711963118,21943.0,0.0448974694069321,0.0102337280893205,2.053626496157334,0.0422852478430087,0.9342217302452316,493240.0,391326.3333333333,30118.0,0.7933791528126942,0.0610615521855486,98176.0,18362.0,39894.0,79542.0,29436.0,850.0,5688.0,16176.0,68740.0,17512.0,34206.0,63366.0,0.2998288787483703,0.7001711212516297,0.0462912536760701,0.95370874632393,0.1425778312528199,0.85742216874718,0.2033642603907369,0.796635739609263,2.6730769230769234,Alpha
2,active,3,red,24,12-24,228.0,2364.28,10.36964912280702,20578.52,22621.48,229.0,89.8625327510917,0.1045148239637725,0.0100789161451859,123.0,750.48,6.101463414634146,0.0331755481957856,0.0054373100256923,48.0,338.36,7.049166666666667,0.0149574652056364,0.002121877083197,394,36258.0,92.0253807106599,1.6028129017199582,0.0174170743912423,20.0,37.68,1.884,0.0016656735103096,0.000884115451332,153.0,3494.56,22.840261437908495,0.1544797245803546,0.0067634832026905,148.0,2749.2,18.575675675675676,0.12153050994011,0.0065424543398575,55.0,342.56,6.228363636363636,0.0151431294504161,0.0024313174911632,24.0,233.84,9.743333333333334,0.0103370778569748,0.0010609385415985,286.0,1467.64,5.131608391608392,0.0648781600496519,0.0126428509540489,31.0,79.12,2.552258064516129,0.0034975607254697,0.0013703789495647,12.0,12.0,1.0,12.0,13.0,0.9230769230769232,0.0005304692707992,0.0005304692707992,0.0005304692707992,0.0005746750433658,0.5,0.5,0.48,0.52,548.1350413616453,21222.0,0.0258286231911057,0.0060384862719423,2.0545033952760954,0.0239728620931241,0.938134905408488,514692.0,402960.99999999994,31880.0,0.7829167735266915,0.0619399563233934,156395.0,14489.0,27392.0,59335.0,62297.0,493.0,3735.0,11360.0,94098.0,13996.0,23657.0,47975.0,0.398331148694012,0.601668851305988,0.0340258126854855,0.9659741873145145,0.136353679906542,0.863646320093458,0.1914552961995449,0.8085447038004551,1.5840659340659342,Beta
2,active,3,yellow,24,12-24,171.0,976.36,5.709707602339181,25403.64,17796.36,390.0,65.13753846153845,0.0548629045490201,0.0096087064995313,74.0,456.4,6.167567567567567,0.0256456938385152,0.0041581536898556,84.0,415.72,4.94904761904762,0.0233598331344162,0.0047200663506469,315,39599.56,125.71288888888888,2.225149412576504,0.0177002488149261,28.0,82.32,2.94,0.004625665023634,0.0015733554502156,160.0,1681.8,10.51125,0.0945024712918821,0.0089906025726609,204.0,1775.76,8.704705882352942,0.0997822026526772,0.0114630182801426,36.0,332.4,9.233333333333333,0.018677976844703,0.0020228855788487,18.0,106.56,5.92,0.0059877413133921,0.0010114427894243,185.0,712.32,3.8503783783783785,0.0400261626534864,0.0103953842246391,10.0,22.56,2.256,0.0012676749627451,0.0005619126607913,2.8,3.0,0.9333333333333332,7.6,7.0,1.0857142857142856,0.0001573355450215,0.0001685737982373,0.0004270536222013,0.0003933388625539,0.2692307692307693,0.7307692307692308,0.3,0.7,605.261270853039,16272.0,0.0371964891133873,0.0080151986037322,2.1396195297292335,0.0346758152143872,0.914344281639616,635481.0,426340.0,102196.0,0.6708933862696131,0.1608167671417398,86803.0,11028.0,21961.0,24580.0,38331.0,959.0,4126.0,6869.0,48472.0,10069.0,17835.0,17711.0,0.4415861202953815,0.5584138797046185,0.0869604642727602,0.9130395357272396,0.1878785119074723,0.8121214880925277,0.2794548413344182,0.7205451586655818,0.642857142857143,Delta
2,active,4,blue,24,12-24,193.0,1662.64,8.614715025906737,25520.52,17679.48,255.0,100.0804705882353,0.0940434899668994,0.0109166106695445,108.0,578.8,5.359259259259259,0.0327385194587171,0.0061087769549783,133.0,562.56,4.229774436090225,0.031819940405487,0.0075228456945566,461,38462.4,83.43253796095445,2.175539099566277,0.0260754275578241,82.0,281.2,3.4292682926829268,0.0159054451827768,0.0046381454658168,177.0,1780.72,10.060564971751411,0.1007224194376757,0.0100116066762144,141.0,1730.24,12.271205673758866,0.0978671318387192,0.0079753476912216,47.0,291.56,6.203404255319149,0.0164914352684581,0.0026584492304072,114.0,580.44,5.091578947368421,0.0328312823680334,0.0064481534524771,307.0,1240.8,4.041693811074919,0.0701830596827508,0.0173647641220216,15.0,37.4,2.493333333333333,0.0021154468344091,0.0008484412437469,13.4,15.0,0.8933333333333333,6.8,8.0,0.85,0.0007579408444139,0.0008484412437469,0.0003846266971653,0.000452501996665,0.6633663366336634,0.3366336633663366,0.6521739130434783,0.3478260869565217,677.4797937845065,17428.0,0.0388730659734052,0.0079546121703332,2.088849551616337,0.0368802655694236,0.985775599734834,638268.0,461839.3333333333,69430.0,0.7235821525336275,0.1087787575125182,88092.0,21961.0,28775.0,41759.0,23087.0,1942.0,7320.0,16250.0,65005.0,20019.0,21455.0,25509.0,0.2620782817963039,0.7379217182036961,0.0884294886389508,0.9115705113610492,0.2543874891398783,0.7456125108601216,0.3891376709212385,0.6108623290787615,2.004545454545454,Beta
2,active,4,green,24,12-24,432.0,4300.36,9.954537037037037,21180.4,22019.6,461.0,45.94446854663775,0.1952969172918672,0.0196188849933695,91.0,711.24,7.815824175824176,0.0323003142654725,0.0041326817925847,222.0,1862.2,8.388288288288289,0.0845701102653999,0.0100819270104815,679,34079.64,50.190927835051546,1.5476956892949918,0.0308361641446711,68.0,240.64,3.5388235294117645,0.0109284455666769,0.0030881578230303,132.0,1449.08,10.977878787878788,0.0658086432087776,0.0059946593035295,162.0,2237.04,13.80888888888889,0.1015931261239986,0.0073570818725135,54.0,364.8,6.7555555555555555,0.0165670584388453,0.0024523606241711,58.0,229.24,3.9524137931034486,0.010410724990463,0.0026340169667023,274.0,1162.6,4.2430656934306565,0.0527984159566931,0.0124434594633871,15.0,39.92,2.6613333333333333,0.0018129302984613,0.0006812112844919,17.4,18.0,0.9666666666666666,8.0,9.0,0.8888888888888888,0.0007902050900107,0.0008174535413903,0.0003633126850623,0.0004087267706951,0.6850393700787402,0.3149606299212598,0.6666666666666666,0.3333333333333333,931.2700603627284,21655.0,0.0430048515521924,0.011365941452767,2.0638860666311416,0.039928831054693,0.9834420243782812,529971.0,435429.0,17532.0,0.8216091069133972,0.0330810553785018,92434.0,14963.0,64649.0,107941.0,21837.0,2311.0,13086.0,23560.0,70597.0,12652.0,51563.0,84381.0,0.2362442391327866,0.7637557608672134,0.1544476375058477,0.8455523624941522,0.2024161239926371,0.7975838760073628,0.2182673868131664,0.7817326131868335,2.366883116883117,Alpha
2,active,4,red,24,12-24,192.0,1981.12,10.318333333333332,24775.08,18424.92,205.0,120.85404878048782,0.1075239404024549,0.0104206693977504,64.0,387.08,6.048125,0.0210085037004231,0.0034735564659168,154.0,931.96,6.051688311688312,0.0505814950621223,0.0083582452461123,434,38217.36,88.05843317972351,2.0742212177854777,0.0235550547844983,37.0,78.08,2.11027027027027,0.0042377388884185,0.0020081498318581,93.0,1468.48,15.79010752688172,0.0797007531104612,0.0050475117395353,171.0,4314.32,25.229941520467836,0.2341567833130347,0.0092809086823714,61.0,480.56,7.878032786885246,0.0260820671134528,0.0033107335065769,67.0,420.72,6.279402985074627,0.0228342918178206,0.0036363794252566,276.0,1190.08,4.311884057971014,0.0645907824837231,0.0149797122592662,26.0,63.0,2.423076923076923,0.0034192821461368,0.0014111323142787,4.8,6.0,0.7999999999999999,14.0,15.0,0.9333333333333332,0.0002605167349437,0.0003256459186797,0.0007598404769193,0.0008141147966992,0.2553191489361702,0.7446808510638298,0.2857142857142857,0.7142857142857143,554.5451944776282,18206.0,0.0304594745950581,0.0071845501491488,2.1106103818224495,0.0286942216447461,0.9881182659137734,619582.0,466625.99999999994,50978.0,0.7531303362589616,0.082278051976978,144834.0,22660.0,33194.0,49720.0,43508.0,1585.0,9450.0,13270.0,101326.0,21075.0,23744.0,36450.0,0.3003990775646602,0.6996009224353398,0.0699470432480141,0.9300529567519858,0.2846900042176297,0.7153099957823703,0.2668946098149638,0.7331053901850362,0.5035714285714286,Delta
2,active,4,yellow,24,12-24,248.0,1656.32,6.678709677419355,22943.28,20256.72,379.0,60.53635883905013,0.0817664459004221,0.0122428507675477,94.0,613.76,6.52936170212766,0.030299080996331,0.0046404353715705,237.0,1761.88,7.4340928270042195,0.0869775560900284,0.0116998210964065,569,37539.72,65.97490333919157,1.8531983460303545,0.0280894438981236,54.0,204.0,3.7777777777777777,0.0100707320829828,0.002665782021966,93.0,1370.4,14.735483870967744,0.0676516237574493,0.0045910690378304,165.0,3013.96,18.266424242424243,0.1487881552393477,0.0081454450671184,48.0,275.0,5.729166666666667,0.0135757417785307,0.0023695840195253,124.0,714.32,5.760645161290323,0.0352633595172367,0.0061214253837738,229.0,941.24,4.110218340611354,0.0464655679695429,0.0113048904264856,11.0,25.28,2.2981818181818183,0.00124798091695,0.0005430296711412,3.2,4.0,0.8,10.0,11.0,0.9090909090909092,0.0001579722679683,0.0001974653349604,0.0004936633374011,0.0005430296711412,0.2424242424242424,0.7575757575757576,0.2666666666666666,0.7333333333333333,719.8925022736007,19897.0,0.0361809570424486,0.0091916887949245,2.1708017281052983,0.0341610368961676,0.9822419424270068,573961.0,450766.3333333333,45001.0,0.7853605616641781,0.0784042818240263,109867.0,24905.0,59722.0,41656.0,29129.0,1885.0,11803.0,12498.0,80738.0,23020.0,47919.0,29158.0,0.265129656766818,0.7348703432331819,0.0756876129291306,0.9243123870708692,0.1976323632832122,0.8023676367167878,0.3000288073746879,0.699971192625312,1.125,Gamma
2,active,5,blue,24,12-24,121.0,897.76,7.419504132231405,31259.4,11940.6,270.0,115.77555555555556,0.0751855015660854,0.0101334941292732,59.0,387.12,6.56135593220339,0.032420481382845,0.0049411252365877,150.0,928.28,6.188533333333333,0.0777414870274525,0.0125621828048841,365,39705.56,108.78235616438356,3.325256687268646,0.0305679781585514,11.0,21.4,1.945454545454545,0.0017922047468301,0.0009212267390248,49.0,370.44,7.56,0.0310235666549419,0.0041036463829288,175.0,1346.48,7.694171428571429,0.1127648526874696,0.0146558799390315,42.0,257.08,6.120952380952381,0.0215299063698641,0.0035174111853675,29.0,93.24,3.2151724137931033,0.007808652831516,0.0024286886756109,176.0,693.16,3.9384090909090905,0.0580506842202234,0.0147396278243974,16.0,36.52,2.2825,0.0030584727735624,0.0013399661658543,4.4,5.0,0.8800000000000001,13.0,11.0,1.181818181818182,0.0003684906956099,0.0004187394268294,0.0010887225097566,0.0009212267390248,0.2528735632183908,0.7471264367816093,0.3125,0.6875,457.41935071268193,11669.0,0.0391995330116275,0.008976485768596,2.0947024932079708,0.0359147191324809,0.977254074334623,781755.0,609888.0,53549.0,0.7801523495212694,0.068498442606699,43147.0,8829.0,33094.0,22565.0,7181.0,675.0,6484.0,5032.0,35966.0,8154.0,26610.0,17533.0,0.1664310380791248,0.8335689619208752,0.0764525993883792,0.9235474006116208,0.1959267540943977,0.8040732459056023,0.2230002215820961,0.7769997784179038,0.7250000000000001,Delta
2,active,5,green,24,12-24,135.0,1098.84,8.139555555555555,28932.0,14268.0,425.0,68.07529411764706,0.0770142977291841,0.0094617325483599,54.0,337.8,6.2555555555555555,0.0236753574432296,0.0037846930193439,139.0,1095.4,7.880575539568346,0.0767731987664704,0.0097420801794224,376,39428.92,104.8641489361702,2.7634510793383793,0.0263526773198766,13.0,29.32,2.2553846153846155,0.0020549481356882,0.0009111298009531,47.0,475.52,10.117446808510635,0.033327726380712,0.0032940846649845,207.0,2090.84,10.100676328502416,0.1465405102326885,0.0145079899074852,35.0,349.72,9.992,0.0245107933837959,0.002453041771797,18.0,139.64,7.757777777777777,0.0097869358003924,0.0012615643397813,189.0,795.24,4.207619047619048,0.0557359125315391,0.0132464255677039,25.0,62.64,2.5056,0.004390243902439,0.0017521726941407,14.8,13.0,1.1384615384615384,5.2,6.0,0.8666666666666667,0.0010372862349313,0.0009111298009531,0.0003644519203812,0.0004205214465937,0.74,0.26,0.6842105263157895,0.3157894736842105,512.0378321467769,13948.0,0.0367104840942627,0.0075011484526669,2.143270375207939,0.0333135820405827,0.9775721895149986,723725.0,598448.6666666666,33721.0,0.8269006413577901,0.0465936647207157,64413.0,12287.0,36023.0,27606.0,5688.0,772.0,9910.0,6837.0,58725.0,11515.0,26113.0,20769.0,0.0883051557915327,0.9116948442084672,0.0628306340034182,0.9371693659965816,0.2751020181550676,0.7248979818449324,0.2476635514018691,0.7523364485981309,1.875,Beta
2,active,5,red,24,12-24,300.0,1680.4,5.601333333333334,25576.76,17623.24,155.0,165.01135483870968,0.0953513655831731,0.0170229764787859,127.0,566.56,4.461102362204724,0.0321484585127365,0.0072063933760193,307.0,1645.76,5.360781758957654,0.0933857792324226,0.0174201792632909,634,37423.48,59.02757097791799,2.1235300659810568,0.0359752236251676,56.0,97.68,1.7442857142857144,0.0055426811414927,0.00317762227604,74.0,651.56,8.804864864864864,0.0369716351817259,0.0041990008647672,305.0,3204.64,10.507016393442624,0.1818417044765888,0.0173066927534324,56.0,305.64,5.457857142857143,0.0173430084365871,0.00317762227604,98.0,218.48,2.229387755102041,0.0123972663369505,0.00556083898307,308.0,1210.8,3.931168831168831,0.0687047330683801,0.0174769225182202,27.0,64.08,2.373333333333333,0.0036361077758686,0.0015320678830907,16.6,16.0,1.0375,8.4,9.0,0.9333333333333332,0.0009419380318261,0.0009078920788685,0.000476643341406,0.0005106892943635,0.664,0.336,0.64,0.36,889.607069549034,17470.0,0.0509219845191204,0.0132752811066672,2.0769233621206613,0.0471504154483857,0.991304663614636,639574.0,566278.3333333333,8189.0,0.88539923970226,0.0128038350527069,96784.0,13257.0,55742.0,42310.0,11470.0,642.0,9547.0,8564.0,85314.0,12615.0,46195.0,33746.0,0.1185113241858158,0.8814886758141841,0.0484272459832541,0.951572754016746,0.1712712138064655,0.8287287861935345,0.2024107775939494,0.7975892224060506,2.3076923076923075,Alpha
2,active,5,yellow,24,12-24,130.0,1010.52,7.773230769230769,30837.36,12362.64,212.0,145.45924528301887,0.0817398225621711,0.0105155533122375,76.0,499.08,6.566842105263158,0.0403700180543961,0.0061475542440773,140.0,893.12,6.379428571428572,0.0722434690325043,0.0113244420285634,324,40131.68,123.8632098765432,3.2462063119204316,0.0262079944089611,10.0,16.68,1.668,0.0013492263788317,0.0008088887163259,74.0,514.12,6.947567567567567,0.0415865866837504,0.0059857765008121,221.0,1653.84,7.483438914027149,0.133777251460853,0.0178764406308037,38.0,245.16,6.451578947368421,0.0198307157694473,0.0030737771220386,27.0,157.2,5.822222222222222,0.0127157306206441,0.00218399953408,162.0,600.56,3.70716049382716,0.048578620747672,0.0131039972044805,3.0,6.8,2.2666666666666666,0.0005500443271016,0.0002426666148977,8.4,9.0,0.9333333333333332,17.6,17.0,1.035294117647059,0.0006794665217138,0.0007279998446933,0.0014236441407336,0.0013751108177541,0.3230769230769231,0.676923076923077,0.3461538461538461,0.6538461538461539,525.966657215905,12166.0,0.0432325051139162,0.0086871882961173,2.1371990823430935,0.0402849615076007,0.9840940122821664,771146.0,607471.6666666666,49255.0,0.7877518221798033,0.0638724703233888,54494.0,10124.0,35021.0,25393.0,9714.0,671.0,6992.0,3724.0,44780.0,9453.0,28029.0,21669.0,0.1782581568613058,0.8217418431386941,0.0662781509284867,0.9337218490715132,0.1996516375888752,0.8003483624111247,0.1466545898475958,0.8533454101524042,1.0923076923076922,Gamma
2,active,6,blue,24,12-24,114.0,808.32,7.090526315789474,23898.64,19301.36,315.0,75.86869841269841,0.0418789142319505,0.0059063195546842,143.0,703.16,4.917202797202797,0.0364305934918575,0.0074088043536828,174.0,901.72,5.182298850574713,0.0467179514811391,0.0090149087939917,458,39897.92,87.11336244541485,2.0671040797125175,0.0237288978600471,,,,,,166.0,3415.88,20.577590361445782,0.1769761301794277,0.0086004302287507,235.0,3155.96,13.429617021276597,0.1635097215947477,0.0121753078539543,71.0,401.96,5.661408450704225,0.0208254755105339,0.0036784972665138,59.0,244.64,4.146440677966101,0.0126747545250697,0.0030567794186523,259.0,1022.96,3.94965250965251,0.0529993741373664,0.0134187435496773,20.0,52.52,2.6260000000000003,0.0027210517808071,0.0010361964131024,16.6,16.0,1.0375,7.8,9.0,0.8666666666666667,0.000860043022875,0.0008289571304819,0.0004041166011099,0.0004662883858961,0.680327868852459,0.3196721311475409,0.64,0.36,626.5865662456198,18922.0,0.0331141827632184,0.0070890467043002,2.128241612213313,0.0301380464636804,0.980345426436272,597781.0,451410.3333333333,45127.0,0.7551433272943324,0.0754908570195439,164697.0,16295.0,40439.0,20322.0,65090.0,903.0,9239.0,7665.0,99607.0,15392.0,31200.0,12657.0,0.3952105988572955,0.6047894011427045,0.0554157717091132,0.9445842282908868,0.2284675684364104,0.7715324315635896,0.3771774431650428,0.6228225568349572,2.4749999999999996,Alpha
2,active,6,green,24,12-24,268.0,1709.96,6.38044776119403,22559.0,20641.0,470.0,47.99787234042553,0.0828428855191124,0.0129838670607044,157.0,660.24,4.2053503184713374,0.0319868223438786,0.0076062206288455,279.0,1228.04,4.401577060931899,0.0594951794971173,0.0135167869773751,721,35275.48,48.92576976421637,1.7090005329199167,0.034930478174507,,,,,,104.0,1286.08,12.366153846153846,0.0623070587665326,0.0050385155757957,147.0,1591.84,10.828843537414963,0.0771202945593721,0.0071217479773266,81.0,349.84,4.319012345679012,0.0169487912407344,0.0039242284773024,66.0,421.72,6.3896969696969705,0.0204311806598517,0.0031975195000242,303.0,1523.84,5.029174917491749,0.0738258805290441,0.0146795213410203,23.0,51.24,2.227826086956522,0.0024824378663824,0.0011142870984932,18.0,17.0,1.0588235294117647,15.8,16.0,0.9875,0.0008720507727338,0.0008236035075819,0.0007654667893997,0.0007751562424301,0.5325443786982249,0.4674556213017752,0.5151515151515151,0.4848484848484848,1157.141686662916,20171.0,0.0573665999039668,0.0151273802907207,2.0372706453284417,0.0527470271890429,0.9772297853786154,564445.0,426735.0,47625.0,0.7560258306832375,0.0843749169538218,72199.0,19436.0,47634.0,43017.0,33577.0,2717.0,10714.0,8291.0,38622.0,16719.0,36920.0,34726.0,0.4650618429618138,0.5349381570381861,0.1397921383000617,0.8602078616999382,0.224923374060545,0.775076625939455,0.1927377548411093,0.8072622451588907,1.9294117647058824,Beta
2,active,6,red,24,12-24,171.0,1604.16,9.381052631578948,19834.68,23365.32,154.0,128.7966233766234,0.0686555972697998,0.0073185387574405,138.0,1015.6,7.359420289855072,0.0434661284330794,0.0059061891726712,130.0,695.76,5.352,0.029777465063607,0.0055638013945454,445,38169.44,85.77402247191011,1.633593719238598,0.0190453201582516,,,,,,144.0,2693.08,18.701944444444443,0.1152597096894029,0.0061629800062656,251.0,7934.48,31.611474103585657,0.3395836222230211,0.0107424165386992,43.0,263.8,6.134883720930233,0.0112902369837006,0.0018403343074265,62.0,868.84,14.013548387096774,0.0371850246433603,0.0026535052804755,285.0,1133.04,3.975578947368421,0.0484923810159672,0.0121975645957341,46.0,121.08,2.632173913043478,0.005182039021935,0.0019687297242237,5.8,7.0,0.8285714285714285,18.4,17.0,1.0823529411764703,0.0002482311391412,0.0002995893058601,0.0007874918896895,0.0007275740285174,0.2396694214876033,0.7603305785123966,0.2916666666666667,0.7083333333333334,590.790569958669,23145.0,0.025525624107093,0.0061247953856754,2.1850500142106113,0.0229047088259827,0.9905706405904134,496021.0,386349.6666666666,37576.0,0.7788978020419833,0.0757548571532253,266084.0,28421.0,43052.0,40275.0,77905.0,3035.0,9461.0,6013.0,188179.0,25386.0,33591.0,34262.0,0.2927834819079689,0.7072165180920311,0.1067872347911755,0.8932127652088244,0.2197575025550497,0.7802424974449503,0.149298572315332,0.8507014276846679,0.1,Delta
2,active,6,yellow,24,12-24,170.0,1275.88,7.505176470588236,24958.64,18241.36,260.0,95.99476923076922,0.0699443462548845,0.0093194805650455,174.0,854.0,4.908045977011494,0.046816684720876,0.0095387624606937,194.0,951.52,4.904742268041237,0.0521627773367775,0.0106351719389343,493,39100.48,79.31131845841786,2.1435068437879634,0.0270264936386322,4.0,6.8,1.7,0.0003727792226018,0.0002192818956481,104.0,827.92,7.96076923076923,0.0453869667612502,0.0057013292868514,180.0,1508.12,8.378444444444444,0.082675853116215,0.0098676853041659,44.0,285.8,6.495454545454546,0.0156676914440589,0.0024121008521294,62.0,400.96,6.467096774193548,0.0219808172197687,0.003398869382546,204.0,981.64,4.811960784313725,0.0538139700110079,0.0111833766780547,12.0,27.2,2.2666666666666666,0.0014911168904072,0.0006578456869443,21.6,23.0,0.9391304347826088,20.0,21.0,0.9523809523809524,0.0011841222364999,0.0012608708999767,0.0010964094782406,0.0011512299521526,0.5192307692307693,0.4807692307692307,0.5227272727272727,0.4772727272727273,800.1313186183022,17926.0,0.0446352403558129,0.0112199959990815,2.15987240798928,0.0419486175767134,0.9827118153471012,624226.0,464644.3333333333,43273.0,0.7443527397662598,0.0693226491687305,58685.0,17275.0,45506.0,32067.0,34397.0,2083.0,14257.0,10257.0,24288.0,15192.0,31249.0,21810.0,0.5861293345829428,0.4138706654170572,0.1205788712011577,0.8794211287988423,0.3132993451413,0.6867006548586999,0.3198615399008326,0.6801384600991673,1.4955882352941177,Gamma
2,active,7,blue,24,12-24,238.0,2149.32,9.03075630252101,24559.68,18640.32,278.0,88.3441726618705,0.115304887469743,0.0127680211498515,115.0,917.64,7.979478260869565,0.0492287686048308,0.0061694219841719,272.0,1307.24,4.8060294117647056,0.0701296973442516,0.0145920241712588,587,36107.28,61.511550255536626,1.9370525827882783,0.0314908756931211,9.0,11.88,1.32,0.0006373281145388,0.000482824329196,38.0,217.52,5.724210526315789,0.011669327565192,0.0020385916121611,191.0,1968.2,10.304712041884818,0.1055883160804106,0.0102466052084942,50.0,346.48,6.929600000000001,0.0185876637310947,0.0026823573844225,35.0,123.08,3.5165714285714285,0.0066028909374946,0.0018776501690958,282.0,1185.28,4.203120567375886,0.063586891212168,0.0151284956481433,18.0,45.2,2.511111111111111,0.002424851075518,0.0009656486583921,52.8,48.0,1.1,3.2,3.0,1.0666666666666669,0.0028325693979502,0.0025750630890456,0.000171670872603,0.0001609414430653,0.9428571428571428,0.0571428571428571,0.9411764705882352,0.0588235294117647,743.3508116886442,18101.0,0.0410668367321498,0.0104564614751416,2.068154548249697,0.0381696837647038,0.9710670203086642,614270.0,430512.6666666666,41826.0,0.7008525024283566,0.0680905790613248,54872.0,11824.0,56009.0,53971.0,8103.0,561.0,7535.0,8068.0,46769.0,11263.0,48474.0,45903.0,0.1476709432861933,0.8523290567138067,0.0474458728010825,0.9525541271989174,0.1345319502222857,0.8654680497777143,0.1494876878323544,0.8505123121676456,3.0,Alpha
2,active,7,green,24,12-24,116.0,1000.28,8.623103448275861,25259.08,17940.92,633.0,39.903759873617695,0.0557541084849606,0.00646566619772,32.0,298.56,9.33,0.0166412870688905,0.0017836320545434,141.0,1616.8,11.466666666666669,0.0901180095558087,0.0078591287403321,399,38512.2,96.5218045112782,2.146612325343405,0.0222396621800888,,,,,,83.0,1230.96,14.830843373493977,0.0686118660581508,0.0046262956414721,270.0,3800.08,14.07437037037037,0.2118107655571732,0.0150493954602105,41.0,377.16,9.199024390243904,0.0210223333028629,0.0022852785698838,33.0,297.48,9.014545454545456,0.0165810894870497,0.0018393705562479,229.0,1047.36,4.573624454148471,0.0583782771452077,0.0127641168903266,58.0,207.28,3.573793103448276,0.0115534766333053,0.00323283309886,4.4,4.0,1.1,16.2,17.0,0.9529411764705882,0.0002452494074997,0.0002229540068179,0.0009029637276126,0.0009475545289762,0.2135922330097087,0.7864077669902911,0.1904761904761904,0.8095238095238095,682.8204899689781,17192.0,0.0397173388767437,0.0073066828292747,2.115145853932236,0.0353619893428855,0.9582563213034784,632110.0,448487.3333333333,47590.0,0.7095083661598983,0.0752875290693075,126129.0,16940.0,48057.0,25123.0,29701.0,1062.0,8145.0,7343.0,96428.0,15878.0,39912.0,17780.0,0.235481134394152,0.764518865605848,0.0626918536009445,0.9373081463990556,0.1694862350958237,0.8305137649041763,0.2922819726943438,0.7077180273056561,0.5499999999999997,Gamma
2,active,7,red,24,12-24,224.0,1859.0,8.299107142857142,20052.2,23147.8,275.0,72.91709090909092,0.0803100078625182,0.0096769455412609,125.0,543.72,4.34976,0.0234890572754214,0.0054000812172215,294.0,1652.84,5.621904761904761,0.0714037619125791,0.0127009910229049,610,35931.68,58.904393442622954,1.5522719221697094,0.0263523963400409,16.0,30.6,1.9125,0.0013219398819758,0.0006912103958043,55.0,511.92,9.307636363636364,0.0221152766137602,0.0023760357355774,243.0,7472.8,30.752263374485597,0.322829815360423,0.0104977578862786,64.0,374.44,5.850625,0.0161760512878113,0.0027648415832174,79.0,349.52,4.424303797468355,0.015099491096346,0.0034128513292839,375.0,1467.68,3.9138133333333336,0.0634047296071333,0.0162002436516645,29.0,65.84,2.270344827586207,0.0028443307787349,0.0012528188423953,3.6,4.0,0.9,31.6,29.0,1.089655172413793,0.0001555223390559,0.000172802598951,0.0013651405317135,0.0012528188423953,0.1022727272727272,0.8977272727272727,0.1212121212121212,0.8787878787878788,801.822822672929,22614.0,0.0354569214943366,0.0076102181548866,2.1133653588427466,0.0318779078307149,0.9769394931699772,501580.0,380904.3333333333,37306.0,0.7594089344338556,0.0743769687786594,199916.0,18242.0,55333.0,46699.0,30745.0,376.0,7457.0,7116.0,169171.0,17866.0,47876.0,39583.0,0.1537895916284839,0.8462104083715161,0.0206117750246683,0.9793882249753316,0.1347658720835667,0.8652341279164333,0.1523801366196278,0.8476198633803722,0.0595238095238093,Delta
2,active,7,yellow,24,12-24,149.0,992.28,6.659597315436241,24816.44,18383.56,333.0,74.52384384384384,0.0539764876879124,0.0081050677888287,67.0,407.68,6.084776119402985,0.0221763358130851,0.0036445606835672,237.0,1675.72,7.070548523206751,0.0911531825174231,0.0128919534627678,426,39066.64,91.70572769953051,2.1250856743742776,0.0231728783761143,8.0,20.56,2.57,0.0011183905620021,0.0004351714249035,35.0,359.56,10.273142857142858,0.0195587796922902,0.001903874983953,247.0,2895.48,11.722591093117408,0.1575037696724682,0.0134359177438972,26.0,184.04,7.078461538461538,0.0100111186299062,0.0014143071309365,29.0,324.12,11.176551724137932,0.0176309702799675,0.0015774964152753,243.0,1023.64,4.212510288065843,0.0556823596735343,0.0132183320314454,27.0,65.04,2.4088888888888893,0.0035379436844659,0.0014687035590494,16.0,17.0,0.9411764705882352,25.8,24.0,1.075,0.0008703428498071,0.00092473927792,0.0014034278453139,0.0013055142747106,0.3827751196172249,0.6172248803827752,0.4146341463414634,0.5853658536585366,666.6113549452315,17811.0,0.0374269471082607,0.0081820601756014,2.1412551943880964,0.0336545417709017,0.9688547811196524,620744.0,433941.6666666666,39962.0,0.6990670335382486,0.064377585606949,81658.0,12759.0,52389.0,24956.0,15444.0,837.0,6995.0,5579.0,66214.0,11922.0,45394.0,19377.0,0.1891302750495971,0.8108697249504029,0.0656007524100634,0.9343992475899364,0.1335203955028727,0.8664796044971272,0.2235534540791793,0.7764465459208206,1.8515151515151511,Beta
2,active,8,blue,24,12-24,153.0,1334.36,8.721307189542483,29256.48,13943.52,214.0,136.71252336448595,0.0956974996270669,0.0109728389961788,76.0,557.72,7.338421052631579,0.0399985082676397,0.0054505605471215,75.0,322.48,4.299733333333333,0.0231275890162598,0.0053788426451857,302,39170.72,129.70437086092716,2.809241855715056,0.0216588063846145,40.0,129.36,3.2340000000000004,0.0092774277944163,0.0028687160774323,84.0,1172.96,13.963809523809523,0.0841222302546272,0.006024303762608,118.0,1789.88,15.168474576271189,0.1283664383168669,0.0084627124284255,36.0,306.2,8.505555555555555,0.0219600215727449,0.0025818444696891,20.0,103.48,5.174,0.0074213684923175,0.0014343580387161,185.0,791.0,4.275675675675676,0.0567288604312254,0.0132678118581247,13.0,34.4,2.646153846153846,0.0024670958265918,0.0009323327251655,14.4,15.0,0.96,5.6,6.0,0.9333333333333332,0.0010327377878756,0.0010757685290371,0.0004016202508405,0.0004303074116148,0.72,0.2799999999999999,0.7142857142857143,0.2857142857142857,437.1118236871458,13129.0,0.0332936113707933,0.0074762550480326,2.0789175525745582,0.0307312405221578,0.9415843345152444,731626.0,460496.6666666666,92402.0,0.6294153934751726,0.1262967691142742,74273.0,10298.0,22156.0,33512.0,31340.0,699.0,3356.0,10473.0,42933.0,9599.0,18800.0,23039.0,0.4219568349198228,0.5780431650801772,0.0678772577199456,0.9321227422800544,0.1514713847264849,0.8485286152735151,0.3125149200286464,0.6874850799713536,2.75,Alpha
2,active,8,green,24,12-24,214.0,1985.36,9.277383177570092,24606.24,18593.76,626.0,39.30709265175719,0.1067756064400099,0.0115092375076369,123.0,789.68,6.420162601626016,0.042470162032854,0.0066151224927072,96.0,485.16,5.05375,0.0260926246224539,0.0051630224333324,450,37245.72,82.76826666666668,2.003130082350208,0.0242016676562459,37.0,91.32,2.468108108108108,0.0049113250897075,0.0019899148961802,93.0,779.72,8.384086021505377,0.0419344984553957,0.0050016779822908,126.0,2270.12,18.016825396825396,0.1220904217328824,0.0067764669437488,73.0,575.88,7.888767123287671,0.0309716808219531,0.0039260483086799,39.0,176.16,4.516923076923077,0.009474146165165,0.0020974778635413,251.0,1104.68,4.4011155378486055,0.0594113293922262,0.0134991524038171,27.0,64.16,2.3762962962962964,0.0034506199929438,0.0014521000593747,16.6,17.0,0.9764705882352942,11.6,12.0,0.9666666666666668,0.000892772629097,0.0009142852225692,0.0006238652106943,0.0006453778041665,0.5886524822695035,0.4113475177304964,0.5862068965517241,0.4137931034482758,693.7915129694733,17552.0,0.0395277753514968,0.0086142895933402,2.048366623670134,0.0362174944229431,0.943972601560954,615782.0,430525.3333333333,48448.0,0.6991521891405291,0.0786771942018441,76465.0,18913.0,32090.0,49848.0,23379.0,1742.0,4868.0,16185.0,53086.0,17171.0,27222.0,33663.0,0.305747727718564,0.6942522722814359,0.0921059588642732,0.9078940411357268,0.1516983483951386,0.8483016516048614,0.3246870486278286,0.6753129513721714,1.4166666666666667,Beta
2,active,8,red,24,12-24,182.0,2145.2,11.786813186813186,26575.32,16624.68,236.0,112.60728813559322,0.1290370701872156,0.0109475791413729,119.0,709.24,5.96,0.0426618737924579,0.007158032515513,59.0,319.44,5.414237288135594,0.0192148059391218,0.0035489404908846,352,38049.68,108.09568181818182,2.2887466104610734,0.0211733398778202,37.0,88.56,2.3935135135135135,0.0053270198283515,0.0022256067485208,166.0,1747.52,10.52722891566265,0.1051160082479783,0.009985154601472,109.0,1539.0,14.119266055045872,0.0925732104317195,0.006556517178075,78.0,611.08,7.834358974358975,0.0367573992401658,0.0046918196320169,33.0,149.0,4.515151515151516,0.0089625785278273,0.0019850006135456,246.0,1120.12,4.553333333333333,0.0673769359771135,0.0147972773009766,19.0,49.08,2.583157894736842,0.002952237276146,0.0011428791411323,9.2,11.0,0.8363636363636363,29.6,29.0,1.0206896551724138,0.000553394110443,0.0006616668711818,0.0017804853988166,0.0017443944785704,0.2371134020618556,0.7628865979381444,0.275,0.725,562.3357643898092,15773.0,0.0356517951175939,0.008809479806984,2.0389559396646573,0.0323826325419073,0.948770141741074,664619.0,438574.3333333333,77180.0,0.6598883470579886,0.1161266831071636,82438.0,19113.0,25895.0,53812.0,33128.0,1324.0,4337.0,17307.0,49310.0,17789.0,21558.0,36505.0,0.401853514156093,0.598146485843907,0.069272223094229,0.9307277769057708,0.1674840702838385,0.8325159297161614,0.3216197130751505,0.6783802869248495,0.4583333333333332,Delta
2,active,8,yellow,24,12-24,294.0,2168.56,7.376054421768707,15044.72,28155.28,169.0,89.02201183431953,0.0770214325696636,0.0104420911459591,151.0,884.84,5.859867549668874,0.0314271426176546,0.0053631148402715,116.0,499.92,4.309655172413793,0.0177558170261492,0.0041200087514668,535,37752.92,70.56620560747663,1.340882420633004,0.0190017645002997,98.0,239.48,2.443673469387755,0.0085056870327696,0.003480697048653,404.0,5186.2,12.837128712871287,0.1841999085073918,0.014348995996488,335.0,6072.76,18.127641791044777,0.2156881409099821,0.0118983011357017,144.0,767.92,5.332777777777777,0.0272744579347106,0.0051144936225105,118.0,513.4,4.350847457627118,0.0182345904569231,0.0041910433851128,278.0,1223.28,4.400287769784173,0.0434476233232274,0.0098738140767912,27.0,63.2,2.340740740740741,0.0022446944232129,0.0009589675542207,15.2,13.0,1.169230769230769,8.6,9.0,0.9555555555555556,0.0005398632157094,0.0004617251186988,0.0003054489246777,0.0003196558514069,0.638655462184874,0.3613445378151261,0.5909090909090909,0.4090909090909091,832.6294783697599,27382.0,0.0304079131681308,0.0065085484639582,2.1912429741212156,0.0286846776363319,0.972535169247118,376287.0,325408.3333333333,5092.0,0.864787604496922,0.0135322240736459,282213.0,32295.0,34886.0,54508.0,61398.0,2211.0,5589.0,13410.0,220815.0,30084.0,29297.0,41098.0,0.2175590777178939,0.782440922282106,0.0684626103111936,0.9315373896888064,0.1602075331078369,0.839792466892163,0.2460189330006604,0.7539810669993395,1.375,Gamma
2,inactive,1,blue,12,0-12,48.0,307.0,6.395833333333333,37621.16,5578.8399999999965,103.0,365.2539805825243,0.0550293609424181,0.00860393917015,23.0,98.6,4.28695652173913,0.0176739250453499,0.0041227208523635,36.0,159.28,4.424444444444444,0.0285507381462813,0.0064529543776125,119,42030.36,353.1963025210084,7.5338887654064335,0.0213305991926637,7.0,20.28,2.8971428571428572,0.0036351642993884,0.0012547411289802,42.0,785.36,18.69904761904762,0.1407747847222721,0.0075284467738813,49.0,286.68,5.85061224489796,0.0513870266937213,0.0087831879028615,10.0,32.68,3.268,0.0058578485850105,0.0017924873271145,5.0,13.64,2.728,0.0024449527141843,0.0008962436635572,86.0,350.52,4.075813953488372,0.0628302657900209,0.0154153910131855,7.0,18.92,2.7028571428571433,0.0033913860229008,0.0012547411289802,0.0,0.0,0.0,3.6,4.0,0.9,0.0,0.0,0.0006452954377612,0.0007169949308458,0.0,1.0,0.0,1.0,164.97087115125322,5479.0,0.0301096680327164,0.0048048854238462,2.059632378823764,0.0289642360900475,0.9821038065260884,940632.0,890483.3333333334,4025.0,0.9466861996331544,0.0042790379234387,26892.0,1173.0,6506.0,7723.0,2198.0,0.0,39.0,453.0,24694.0,1173.0,6467.0,7270.0,0.0817343447865536,0.9182656552134464,0.0,1.0,0.0059944666461727,0.9940055333538272,0.0586559627087919,0.941344037291208,0.75,Delta
2,inactive,1,green,12,0-12,9.0,139.48,15.497777777777776,39341.36,3858.6399999999994,302.0,130.26940397350992,0.0361474509153484,0.0023324280057222,9.0,46.04,5.115555555555556,0.0119316650426056,0.0023324280057222,7.0,41.72,5.96,0.010812099599859,0.0018141106711172,45,42884.12,952.9804444444444,11.113791387639171,0.0116621400286111,1.0,2.04,2.04,0.000528683681297,0.0002591586673024,81.0,984.12,12.14962962962963,0.2550432276657061,0.0209918520515,46.0,469.56,10.20782608695652,0.1216905438185474,0.0119212986959135,4.0,24.56,6.14,0.0063649368689486,0.0010366346692098,3.0,10.28,3.4266666666666663,0.0026641510998693,0.0007774760019074,37.0,132.2,3.5729729729729724,0.0342607758173864,0.0095888706901913,5.0,12.84,2.568,0.0033275972881637,0.0012957933365123,,,,,,,,,,,,,,,123.39832438565634,3612.0,0.0341634342152979,0.0043677037501846,2.0963551017945523,0.0303485458857617,0.9360811062965192,983836.0,916860.0,5305.0,0.9319236132851412,0.0053921588557442,36469.0,878.0,2210.0,3496.0,5916.0,0.0,96.0,44.0,30553.0,878.0,2114.0,3452.0,0.1622199676437522,0.8377800323562478,0.0,1.0,0.0434389140271493,0.9565610859728508,0.0125858123569794,0.9874141876430206,1.5,Gamma
2,inactive,1,red,12,0-12,43.0,480.0,11.16279069767442,37994.12,5205.879999999997,84.0,452.3109523809524,0.0922034315043758,0.0082598907389336,14.0,58.16,4.154285714285714,0.0111719824506135,0.0026892667522109,10.0,28.08,2.808,0.0053939007430059,0.0019209048230078,90,42212.08,469.0231111111111,8.108538806119238,0.0172881434070704,4.0,10.16,2.54,0.0019516393001759,0.0007683619292031,35.0,895.76,25.59314285714286,0.1720669704257494,0.0067231668805274,13.0,534.28,41.098461538461535,0.1026301028836623,0.0024971762699101,3.0,6.0,2.0,0.0011525428938046,0.0005762714469023,9.0,87.76,9.751111111111111,0.0168578607267167,0.001728814340707,72.0,271.48,3.770555555555556,0.0521487241350165,0.0138305147256563,20.0,51.8,2.59,0.0099502869831805,0.0038418096460156,3.6,4.0,0.9,0.0,0.0,0.0,0.0006915257362828,0.0007683619292031,0.0,0.0,1.0,0.0,1.0,0.0,127.95316493720216,5125.0,0.0249664712072589,0.0042698376565844,2.128615637931527,0.0217217150986294,0.9844637217915132,949937.0,894411.6666666666,4229.0,0.9415484044380488,0.0044518741769191,35799.0,2356.0,2180.0,12043.0,5101.0,0.0,85.0,409.0,30698.0,2356.0,2095.0,11634.0,0.1424900136875331,0.8575099863124668,0.0,1.0,0.0389908256880734,0.9610091743119266,0.0339616374657477,0.9660383625342522,2.25,Alpha
2,inactive,1,yellow,12,0-12,,,,41434.24,1765.760000000002,250.0,165.73695999999998,,,,,,,,1.0,1.4,1.4,0.0007928597317868,0.0005663283798477,17,43193.88,2540.816470588235,24.46192007973901,0.009627582457412,,,,,,60.0,318.44,5.307333333333333,0.1803416092787239,0.0339797027908662,15.0,42.16,2.810666666666666,0.0238764044943819,0.0084949256977165,7.0,16.72,2.3885714285714283,0.0094690105110547,0.0039642986589343,,,,,,10.0,31.24,3.1239999999999997,0.0176920985864443,0.0056632837984777,,,,,,,,,,,,,,,,,,,,40.97768763294269,1561.0,0.0262509209692137,0.0040938519746752,2.0673500797657733,0.021633894898215,0.8840386009423694,1036106.0,936025.0,12259.0,0.903406601255084,0.0118318009933346,9090.0,425.0,36.0,0.0,1199.0,0.0,3.0,0.0,7891.0,425.0,33.0,0.0,0.1319031903190319,0.8680968096809681,0.0,1.0,0.0833333333333333,0.9166666666666666,0.0,0.0,1.5,Beta
2,inactive,2,blue,12,0-12,22.0,118.12,5.369090909090909,38871.92,4328.080000000002,82.0,474.04780487804874,0.0272915472911776,0.0050830853403818,18.0,64.32,3.573333333333333,0.0148610931406073,0.0041588880057669,16.0,76.48,4.78,0.0176706530378366,0.0036967893384595,78,41238.16,528.694358974359,9.52804938910556,0.0180218480249902,3.0,4.96,1.653333333333333,0.0011460046949224,0.0006931480009611,53.0,563.6,10.633962264150943,0.1302194044472375,0.0122456146836472,16.0,136.04,8.5025,0.0314319513502522,0.0036967893384595,11.0,74.64,6.785454545454545,0.0172455222639137,0.0025415426701909,12.0,43.76,3.6466666666666665,0.0101107188406868,0.0027725920038446,53.0,196.76,3.712452830188679,0.0454612668897062,0.0122456146836472,4.0,10.2,2.55,0.0023567032032679,0.0009241973346148,0.0,0.0,0.0,2.6,3.0,0.8666666666666667,0.0,0.0,0.0006007282674996,0.0006931480009611,0.0,1.0,0.0,1.0,105.43276444054976,2787.0,0.0378301989381233,0.0072334957007649,2.022730495680416,0.036340432711848,0.6439344928929223,971880.0,884975.3333333334,13813.0,0.9105808673224404,0.0142126599991768,17560.0,2983.0,3554.0,2975.0,2636.0,20.0,194.0,389.0,14924.0,2963.0,3360.0,2586.0,0.1501138952164009,0.849886104783599,0.0067046597385182,0.9932953402614816,0.0545863815419245,0.9454136184580754,0.1307563025210084,0.8692436974789916,0.0,Delta
2,inactive,2,green,12,0-12,34.0,192.12,5.6505882352941175,37364.92,5835.080000000002,414.0,90.25342995169082,0.0329249984576046,0.0058268267101736,19.0,71.84,3.781052631578948,0.0123117420840845,0.0032561678674499,23.0,73.92,3.213913043478261,0.0126682067769422,0.0039416768921762,72,41392.4,574.8944444444445,7.093715938770332,0.0123391624450735,3.0,5.36,1.7866666666666668,0.0009185820931332,0.0005141317685447,102.0,972.0,9.529411764705882,0.1665786930084934,0.0174804801305209,16.0,72.12,4.5075,0.0123597277158153,0.0027420360989052,8.0,49.68,6.21,0.0085140220871007,0.0013710180494526,9.0,30.64,3.4044444444444446,0.0052509991294035,0.0015423953056341,39.0,167.24,4.288205128205129,0.028661132323807,0.0066837129910815,,,,,,2.2,2.0,1.1,2.4,2.0,1.2,0.0003770299635994,0.0003427545123631,0.0004113054148357,0.0003427545123631,0.4782608695652174,0.5217391304347826,0.5,0.5,217.9179405578153,4028.0,0.054100779681682,0.0106656604455839,2.0379311331805923,0.0498082897549802,0.6903075878993945,934537.0,876872.0,2671.0,0.938295648005376,0.0028580997863112,26209.0,2025.0,3686.0,4837.0,1661.0,35.0,685.0,1102.0,24548.0,1990.0,3001.0,3735.0,0.0633751764660994,0.9366248235339004,0.0172839506172839,0.982716049382716,0.1858383071079761,0.8141616928920239,0.2278271655985114,0.7721728344014885,2.25,Beta
2,inactive,2,red,12,0-12,55.0,776.28,14.114181818181818,37425.56,5774.440000000002,103.0,363.35495145631063,0.1344338152271042,0.0095247331342952,27.0,186.88,6.921481481481481,0.0323633114206745,0.0046757780841085,36.0,199.92,5.553333333333333,0.0346215390583329,0.0062343707788114,126,40263.52,319.551746031746,6.972714237224732,0.02182029772584,9.0,29.84,3.3155555555555556,0.0051676006677703,0.0015585926947028,35.0,529.68,15.133714285714284,0.0917283753922457,0.0060611938127333,22.0,95.4,4.336363636363637,0.0165210825638503,0.0038098932537181,17.0,59.72,3.512941176470588,0.0103421284141838,0.0029440084233276,21.0,141.56,6.740952380952381,0.0245149313180152,0.00363671628764,79.0,345.48,4.373164556962026,0.0598291782406605,0.0136809803201695,1.0,2.04,2.04,0.0003532810107993,0.000173176966078,3.2,3.0,1.0666666666666669,0.0,0.0,0.0,0.0005541662914499,0.0005195308982342,0.0,0.0,1.0,0.0,1.0,0.0,150.96962925564162,4208.0,0.0358768130360365,0.0099172791024574,2.011753522510619,0.0327669778194174,0.7287286732566272,935742.0,870824.6666666666,7336.0,0.930624751979356,0.0078397677992438,15684.0,5070.0,9733.0,19462.0,988.0,45.0,393.0,708.0,14696.0,5025.0,9340.0,18754.0,0.0629941341494516,0.9370058658505483,0.0088757396449704,0.9911242603550297,0.0403780951402445,0.9596219048597556,0.036378583907101,0.963621416092899,3.0,Alpha
2,inactive,2,yellow,12,0-12,27.0,136.48,5.054814814814814,36582.16,6617.8399999999965,179.0,204.36960893854751,0.0206230431681636,0.0040798810488014,7.0,27.64,3.948571428571429,0.0041765893403285,0.0010577469385781,4.0,6.68,1.67,0.0010093927928145,0.0006044268220446,57,41400.04,726.3164912280702,6.255823652430403,0.0086130822141363,2.0,3.2,1.6,0.0004835414576357,0.0003022134110223,97.0,645.76,6.657319587628866,0.0975786661508891,0.0146573504345828,26.0,87.48,3.364615384615385,0.0132188145981166,0.0039287743432902,7.0,49.56,7.08,0.0074888483251332,0.0010577469385781,10.0,26.64,2.664,0.0040254826348174,0.0015110670551116,54.0,204.32,3.783703703703704,0.0308741220700409,0.0081597620976028,6.0,13.4,2.2333333333333334,0.0020248298538495,0.0009066402330669,0.8,1.0,0.8,1.2,1.0,1.2,0.0001208853644089,0.0001511067055111,0.0001813280466133,0.0001511067055111,0.4,0.6,0.5,0.5,169.3555491059397,4980.0,0.0340071383746866,0.0062320704498995,2.166256524021659,0.0330656975074509,0.7525113934455959,914733.0,867454.6666666666,2457.0,0.9483146083793486,0.0026860296939106,18454.0,1922.0,869.0,3439.0,3072.0,10.0,303.0,906.0,15382.0,1912.0,566.0,2533.0,0.1664679744228893,0.8335320255771107,0.0052029136316337,0.9947970863683664,0.3486766398158803,0.6513233601841196,0.2634486769409712,0.7365513230590288,1.5,Gamma
2,inactive,3,blue,12,0-12,3.0,15.04,5.013333333333333,39221.84,3978.160000000003,70.0,560.3119999999999,0.0037806423069961,0.0007541174814487,3.0,10.84,3.6133333333333337,0.002724877832968,0.0007541174814487,3.0,13.72,4.573333333333333,0.0034488306151587,0.0007541174814487,29,41021.96,1414.5503448275863,10.311792386429898,0.0072898023206708,,,,,,13.0,253.84,19.526153846153846,0.0638083938303134,0.003267842419611,22.0,845.28,38.42181818181818,0.2124801415729883,0.0055301948639572,3.0,13.36,4.453333333333333,0.0033583365173849,0.0007541174814487,3.0,23.76,7.920000000000001,0.0059726104530737,0.0007541174814487,21.0,69.4,3.304761904761905,0.0174452510708468,0.0052788223701409,2.0,6.6,3.3,0.0016590584591871,0.0005027449876324,,,,,,,,,,,,,,,36.810454481279926,1858.0,0.0198118700114531,0.0023113584294431,2.144723745039214,0.0170333745863271,0.4670500935105673,980616.0,926587.3333333333,1863.0,0.9449033396694866,0.0018998262316747,27513.0,934.0,620.0,379.0,4491.0,0.0,0.0,115.0,23022.0,934.0,620.0,264.0,0.1632319267255479,0.8367680732744521,0.0,1.0,0.0,1.0,0.3034300791556728,0.6965699208443272,,
2,inactive,3,green,12,0-12,14.0,116.68,8.334285714285715,37440.52,5759.480000000003,354.0,105.76418079096044,0.020258773361484,0.0024307750005208,19.0,68.76,3.6189473684210527,0.0119385777882725,0.0032989089292783,11.0,39.36,3.578181818181818,0.0068339502871786,0.0019098946432664,66,40790.84,618.0430303030303,7.082382437303363,0.0114593678595984,3.0,8.16,2.72,0.0014167945717321,0.0005208803572544,75.0,525.88,7.011733333333333,0.0913068540909942,0.0130220089313618,81.0,448.24,5.533827160493828,0.0778264704452484,0.0140637696458708,15.0,106.0,7.066666666666666,0.018404439289658,0.0026044017862723,6.0,22.0,3.6666666666666665,0.0038197892865328,0.0010417607145089,33.0,131.88,3.996363636363636,0.0228979005049066,0.0057296839297992,4.0,8.92,2.23,0.0015487509289033,0.0006945071430059,,,,,,,,,,,,,,,119.94367481484676,3402.0,0.0352568121148873,0.0068332272295352,2.0037544181207925,0.0323187069240877,0.5906783251265736,936367.0,897667.0,5435.0,0.9586700513794272,0.005804348081468,24509.0,3221.0,2733.0,2931.0,1554.0,307.0,241.0,101.0,22955.0,2914.0,2492.0,2830.0,0.0634052796931739,0.936594720306826,0.0953120149022042,0.9046879850977956,0.0881814855470179,0.911818514452982,0.034459228932105,0.9655407710678948,,
2,inactive,3,red,12,0-12,11.0,55.48,5.043636363636363,38714.32,4485.68,104.0,372.25307692307695,0.012368247400617,0.0024522480426601,6.0,21.4,3.5666666666666664,0.0047707371011752,0.001337589841451,3.0,9.76,3.2533333333333334,0.0021758128087603,0.0006687949207255,47,40920.2,870.6425531914894,9.122407305023986,0.0104777870913663,,,,,,12.0,177.92,14.826666666666666,0.0396639974318275,0.002675179682902,11.0,458.36,41.66909090909091,0.102182946621248,0.0024522480426601,4.0,46.56,11.64,0.0103796971696598,0.0008917265609673,2.0,5.4,2.7,0.0012038308573059,0.0004458632804836,44.0,169.72,3.8572727272727274,0.0378359579818444,0.0098089921706407,6.0,13.88,2.3133333333333335,0.0030942911665566,0.001337589841451,,,,,,,,,,,,,,,64.79919610670807,2323.0,0.0278946173511442,0.0059225551078932,2.020057836862911,0.0255656707319112,0.5178702002817855,967962.0,916998.0,3521.0,0.9473491727981056,0.0036375394901865,15930.0,1305.0,788.0,1398.0,7358.0,0.0,0.0,115.0,8572.0,1305.0,788.0,1283.0,0.4618957940991839,0.5381042059008161,0.0,1.0,0.0,1.0,0.0822603719599427,0.9177396280400572,,
2,inactive,3,yellow,12,0-12,4.0,11.32,2.83,38649.08,4550.919999999998,159.0,243.0759748427673,0.0024874091392509,0.0008789431587459,4.0,8.56,2.14,0.0018809383597162,0.0008789431587459,2.0,11.24,5.62,0.002469830276076,0.0004394715793729,19,41127.56,2164.6084210526315,9.03719687447813,0.0041749800040431,,,,,,86.0,745.24,8.665581395348838,0.1637558999059531,0.0188972779130373,62.0,306.72,4.9470967741935485,0.0673973614126374,0.0136236189605618,4.0,54.0,13.5,0.0118657326430699,0.0008789431587459,2.0,6.08,3.04,0.0013359936012938,0.0004394715793729,17.0,53.84,3.167058823529412,0.0118305749167201,0.0037355084246701,1.0,2.12,2.12,0.0004658398741353,0.0002197357896864,,,,,,,,,,,,,,,54.15499515030577,2363.0,0.0229178989209927,0.0036391828708963,2.163516933092986,0.0213207576535436,0.5192356710291547,966386.0,920403.6666666666,1771.0,0.9524182538516356,0.0018326010517536,26447.0,1508.0,501.0,287.0,7777.0,307.0,241.0,101.0,18670.0,1201.0,260.0,186.0,0.2940598177487049,0.7059401822512951,0.2035809018567639,0.7964190981432361,0.4810379241516966,0.5189620758483033,0.3519163763066202,0.6480836236933798,,
2,inactive,4,blue,12,0-12,13.0,63.36,4.873846153846154,36243.2,6956.800000000003,103.0,351.8757281553398,0.0091076356945722,0.0018686752529898,10.0,35.12,3.5119999999999996,0.0050482980680772,0.0014374425022999,9.0,55.36,6.151111111111111,0.0079576816927322,0.0012936982520699,52,39428.04,758.2315384615384,5.667554047838085,0.0074747010119595,3.0,14.76,4.92,0.0021216651333946,0.0004312327506899,74.0,891.76,12.05081081081081,0.1281853725850965,0.0106370745170193,20.0,209.4,10.47,0.03010004599816,0.0028748850045998,6.0,51.8,8.633333333333333,0.0074459521619135,0.0008624655013799,11.0,60.56,5.505454545454546,0.0087051517939282,0.0015811867525298,51.0,200.68,3.934901960784314,0.0288465961361545,0.0073309567617295,7.0,18.68,2.6685714285714286,0.0026851425942962,0.0010062097516099,0.8,1.0,0.8,0.8,1.0,0.8,0.0001149954001839,0.0001437442502299,0.0001149954001839,0.0001437442502299,0.5,0.5,0.5,0.5,104.29363470190268,3348.0,0.0311510258966256,0.0040892132207642,2.062513672703855,0.0297100190928802,0.481255749770009,906183.0,855620.6666666666,2026.0,0.9442029553265364,0.0022357514983176,27623.0,2826.0,2281.0,1597.0,1091.0,41.0,88.0,190.0,26532.0,2785.0,2193.0,1407.0,0.0394960721138182,0.9605039278861818,0.0145081387119603,0.9854918612880396,0.0385795703638754,0.9614204296361244,0.118973074514715,0.8810269254852849,1.75,Beta
2,inactive,4,green,12,0-12,14.0,98.96,7.0685714285714285,36873.52,6326.480000000003,202.0,182.54217821782177,0.0156421896536462,0.0022129209291738,18.0,105.12,5.84,0.0166158748624827,0.0028451840517949,22.0,153.2,6.963636363636363,0.0242156775963885,0.0034774471744161,70,39300.36,561.4337142857142,6.212042083433438,0.0110646046458694,5.0,9.56,1.912,0.0015111088630644,0.0007903289032763,81.0,662.64,8.18074074074074,0.104740708893413,0.0128033282330774,13.0,120.48,9.267692307692307,0.0190437652533478,0.0020548551485186,9.0,49.12,5.457777777777777,0.0077641911457872,0.0014225920258974,12.0,62.2,5.183333333333334,0.0098316915567582,0.0018967893678633,21.0,75.36,3.5885714285714285,0.0119118372301817,0.0033193813937608,8.0,20.0,2.5,0.0031613156131055,0.0012645262452422,0.0,0.0,0.0,0.8,1.0,0.8,0.0,0.0,0.0001264526245242,0.0001580657806552,0.0,1.0,0.0,1.0,118.6928938140391,2647.0,0.0448405341193952,0.0070399728721631,1.9934708508954135,0.0412635759803566,0.4184001213945193,922040.0,868359.0,470.0,0.941780183072318,0.0005097392737842,19672.0,2804.0,6498.0,2488.0,1268.0,205.0,958.0,370.0,18404.0,2599.0,5540.0,2118.0,0.0644570963806425,0.9355429036193574,0.0731098430813124,0.9268901569186876,0.1474299784549092,0.8525700215450908,0.1487138263665595,0.8512861736334405,1.5,Delta
2,inactive,4,red,12,0-12,22.0,189.8,8.627272727272727,35882.84,7317.1600000000035,188.0,190.86617021276595,0.0259390255235637,0.0030066309879789,12.0,69.16,5.763333333333333,0.0094517545058465,0.0016399805388976,21.0,113.64,5.411428571428571,0.0155306157033603,0.0028699659430708,85,38988.44,458.68752941176473,5.328356903498077,0.0116165288171913,4.0,8.88,2.22,0.0012135855987842,0.0005466601796325,28.0,404.12,14.432857142857143,0.0552290779482749,0.0038266212574277,17.0,332.44,19.55529411764706,0.0454329275292599,0.0023233057634382,18.0,108.36,6.02,0.0148090242662453,0.0024599708083464,13.0,61.92,4.763076923076923,0.0084622995807116,0.0017766455838057,54.0,199.24,3.68962962962963,0.0272291435474965,0.0073799124250392,3.0,8.04,2.6799999999999997,0.0010987869610613,0.0004099951347244,0.8,1.0,0.8,0.0,0.0,0.0,0.0001093320359265,0.0001366650449081,0.0,0.0,1.0,0.0,1.0,0.0,117.16892825123443,3624.0,0.0323313819677799,0.0072692843847356,2.031245644145535,0.0303464704257308,0.4952741227470765,897259.0,844991.3333333334,6284.0,0.9417474032952952,0.0070035519287073,18459.0,4288.0,4603.0,4767.0,342.0,0.0,113.0,0.0,18117.0,4288.0,4490.0,4767.0,0.0185275475377864,0.9814724524622136,0.0,1.0,0.0245492070388876,0.9754507929611124,0.0,1.0,1.75,Alpha
2,inactive,4,yellow,12,0-12,5.0,26.76,5.352,38351.04,4848.959999999999,72.0,532.6533333333333,0.0055187091665016,0.0010311489474031,10.0,54.92,5.492,0.0113261400382762,0.0020622978948063,5.0,23.96,4.792,0.0049412657559559,0.0010311489474031,20,39649.68,1982.484,8.176945159374382,0.0041245957896126,2.0,4.2,2.1,0.0008661651158186,0.0004124595789612,48.0,575.84,11.996666666666668,0.1187553619745265,0.0098990298950702,5.0,31.4,6.279999999999999,0.0064756153896918,0.0010311489474031,7.0,68.44,9.777142857142858,0.0141143667920543,0.0014436085263644,6.0,23.6,3.9333333333333336,0.0048670230317428,0.0012373787368837,9.0,30.56,3.395555555555555,0.006302382366528,0.0018560681053256,,,,,,,,,,,,,,,,,,,,38.27274168873546,1265.0,0.0302551317697513,0.0036447453699424,2.1839471988264707,0.0299174286228974,0.2608806836929981,958848.0,887393.6666666666,3759.0,0.9254789775508389,0.0039203293952743,15234.0,2314.0,1987.0,674.0,485.0,184.0,866.0,238.0,14749.0,2130.0,1121.0,436.0,0.0318366811080477,0.9681633188919522,0.0795159896283491,0.9204840103716508,0.4358329139406139,0.564167086059386,0.3531157270029673,0.6468842729970327,1.5,Gamma
2,inactive,5,blue,12,0-12,29.0,340.08,11.726896551724137,37557.0,5643.0,111.0,338.35135135135135,0.0602658160552897,0.0051391104022682,8.0,59.6,7.45,0.0105617579301789,0.0014176856282119,20.0,119.88,5.994,0.0212440191387559,0.0035442140705298,96,41348.6,430.71458333333334,7.327414495835548,0.0170122275385433,,,,,,77.0,831.0,10.792207792207792,0.1472620946305156,0.0136452241715399,31.0,428.24,13.814193548387095,0.0758887116781853,0.0054935318093212,20.0,145.04,7.252,0.0257026404394825,0.0035442140705298,5.0,15.0,3.0,0.0026581605528973,0.0008860535176324,68.0,230.4,3.388235294117647,0.0408293460925039,0.0120503278398015,14.0,35.76,2.5542857142857143,0.0063370547581073,0.0024809498493709,0.0,0.0,0.0,1.8,1.0,1.8,0.0,0.0,0.0003189792663476,0.0001772107035264,0.0,1.0,0.0,1.0,127.30984884385488,4898.0,0.0259922108705297,0.0039576276996917,2.135538967622012,0.0230593499406044,0.8679780258727627,939036.0,845397.6666666666,11177.0,0.9002824882823093,0.0119026320609646,31589.0,4026.0,4515.0,8531.0,4670.0,0.0,52.0,452.0,26919.0,4026.0,4463.0,8079.0,0.1478362721200417,0.8521637278799582,0.0,1.0,0.011517165005537,0.9884828349944628,0.0529832376040323,0.9470167623959675,1.5,Beta
2,inactive,5,green,12,0-12,54.0,436.6,8.085185185185185,33128.76,10071.239999999998,350.0,94.6536,0.0433511662913405,0.0053618025188556,7.0,56.4,8.057142857142857,0.005600104853027,0.0006950484746664,17.0,133.08,7.828235294117648,0.013213864429802,0.0016879748670471,263,38294.88,145.60790874524713,3.802399704505106,0.0261139641196118,1.0,1.92,1.92,0.000190641867337,9.929263923806802e-05,49.0,674.76,13.77061224489796,0.0669987012522787,0.0048653393226653,34.0,355.92,10.468235294117648,0.0353402361576131,0.0033759497340943,14.0,115.32,8.237142857142857,0.011450427156934,0.0013900969493329,4.0,13.72,3.43,0.0013622950103462,0.0003971705569522,78.0,328.44,4.21076923076923,0.032611674431351,0.0077448258605693,28.0,91.8,3.2785714285714285,0.0091150642820546,0.0027801938986659,,,,,,,,,,,,,,,220.5864162308464,9140.0,0.0241341812068759,0.00383644653089,2.1131774116027024,0.0231456613226567,0.9075347226359416,828569.0,773602.6666666666,10573.0,0.9336611273975572,0.0127605546430049,25850.0,3244.0,4761.0,10969.0,3794.0,57.0,29.0,1686.0,22056.0,3187.0,4732.0,9283.0,0.1467698259187621,0.8532301740812379,0.0175709001233045,0.9824290998766956,0.0060911573198907,0.9939088426801092,0.1537058984410611,0.8462941015589388,1.5,Delta
2,inactive,5,red,12,0-12,19.0,232.76,12.250526315789472,38292.84,4907.1600000000035,157.0,243.90343949044583,0.047432730948247,0.0038718933150742,5.0,21.32,4.264,0.0043446718672307,0.0010189192934406,14.0,80.04,5.717142857142858,0.0163108600493971,0.0028529740216336,106,41602.88,392.48,8.47799541893885,0.0216010890209408,1.0,1.44,1.44,0.0002934487565108,0.0002037838586881,150.0,794.56,5.297066666666666,0.1619185027592333,0.0305675788032181,16.0,267.0,16.6875,0.0544102902697282,0.0032605417390099,14.0,128.48,9.177142857142856,0.0261821501642497,0.0028529740216336,5.0,18.24,3.648,0.0037170175824713,0.0010189192934406,61.0,233.52,3.828196721311475,0.0475876066808499,0.0124308153799753,5.0,14.04,2.808,0.0028611253759812,0.0010189192934406,1.8,1.0,1.8,0.0,0.0,0.0,0.0003668109456386,0.0002037838586881,0.0,0.0,1.0,0.0,1.0,0.0,123.3412801804667,4127.0,0.029886426019013,0.0054944548520976,2.1200949651052596,0.0279649019970177,0.8410159848058749,957478.0,856262.3333333333,10662.0,0.8942893030788522,0.0111355038966952,26705.0,3687.0,2553.0,5838.0,2554.0,0.0,52.0,1004.0,24151.0,3687.0,2501.0,4834.0,0.0956375210634712,0.9043624789365288,0.0,1.0,0.0203681942812377,0.9796318057187624,0.171976704350805,0.828023295649195,1.75,Alpha
2,inactive,5,yellow,12,0-12,12.0,245.96,20.496666666666663,38823.0,4377.0,334.0,116.2365269461078,0.0561937400045693,0.0027416038382453,4.0,10.8,2.7,0.0024674434544208,0.0009138679460817,,,,,,83,42079.92,506.9869879518072,9.61387251542152,0.0189627598811971,,,,,,86.0,609.56,7.087906976744185,0.1392643363034041,0.0196481608407585,30.0,169.96,5.665333333333334,0.0388302490290153,0.0068540095956134,14.0,95.28,6.805714285714286,0.0217683344756682,0.0031985378112862,1.0,3.12,3.12,0.0007128169979437,0.0002284669865204,25.0,82.92,3.3168,0.0189444825222755,0.0057116746630111,2.0,6.24,3.12,0.0014256339958875,0.0004569339730408,,,,,,,,,,,,,,,73.90568770416064,3336.0,0.0221539831247483,0.0038749036850149,2.1146337275759595,0.0207518906400832,0.7621658670322139,970909.0,860539.3333333333,14706.0,0.8863233663848344,0.0151466306317069,19604.0,2475.0,274.0,6161.0,5390.0,57.0,29.0,1656.0,14214.0,2418.0,245.0,4505.0,0.2749438890022444,0.7250561109977556,0.023030303030303,0.9769696969696968,0.1058394160583941,0.8941605839416058,0.268787534491154,0.731212465508846,1.5,Gamma
2,inactive,6,blue,12,0-12,4.0,8.88,2.22,39946.16,3253.8399999999965,114.0,350.4049122807018,0.002729083175571,0.0012293167457527,9.0,38.88,4.32,0.0119489587687163,0.0027659626779436,18.0,74.36,4.131111111111111,0.0228529983035429,0.0055319253558872,45,42129.48,936.2106666666668,12.947618813463492,0.013829813389718,,,,,,44.0,690.88,15.70181818181818,0.2123275883264084,0.0135224842032798,12.0,288.44,24.036666666666665,0.088646030536228,0.0036879502372581,8.0,81.36,10.17,0.0250043026086101,0.0024586334915054,5.0,12.36,2.472,0.0037985887443758,0.0015366459321908,33.0,111.6,3.381818181818182,0.0342979372065006,0.0101418631524598,5.0,13.48,2.696,0.0041427974331866,0.0015366459321908,,,,,,,,,,,,,,,73.24502789286024,2234.0,0.0327864941328828,0.0052012688537394,2.050108110084973,0.0307174801066843,0.6865734025028897,998768.0,949191.0,2031.0,0.9503618457940184,0.0020335052785031,24539.0,2356.0,2858.0,226.0,1762.0,67.0,108.0,0.0,22777.0,2289.0,2750.0,226.0,0.071804066995395,0.9281959330046048,0.0284380305602716,0.9715619694397284,0.0377886634009797,0.9622113365990204,0.0,1.0,,
2,inactive,6,green,12,0-12,10.0,31.24,3.1239999999999997,38989.76,4210.239999999998,290.0,134.4474482758621,0.0074200045603101,0.0023751615109827,18.0,68.24,3.791111111111111,0.0162081021509462,0.0042752907197689,11.0,69.96,6.359999999999999,0.0166166299308353,0.002612677662081,50,42106.36,842.1272,10.000940563958354,0.0118758075549137,,,,,,73.0,663.28,9.086027397260274,0.1575397127004637,0.017338679030174,31.0,214.6,6.922580645161291,0.0509709660256897,0.0073630006840465,7.0,62.76,8.965714285714286,0.0149065136429277,0.0016626130576879,4.0,10.68,2.67,0.0025366724937295,0.000950064604393,41.0,155.4,3.7902439024390246,0.0369100098806719,0.0097381621950292,6.0,14.84,2.473333333333333,0.0035247396822983,0.0014250969065896,,,,,,,,,,,,,,,139.06490033208118,3079.0,0.0451656058239951,0.0068107842252207,2.0795555195930935,0.0413238830362151,0.7313122292315881,975034.0,941674.0,2632.0,0.9657858084948832,0.0026993930468065,22051.0,1847.0,3484.0,791.0,992.0,67.0,378.0,174.0,21059.0,1780.0,3106.0,617.0,0.0449866219219083,0.9550133780780916,0.0362750406063887,0.9637249593936112,0.1084959816303099,0.8915040183696901,0.2199747155499367,0.7800252844500632,,
2,inactive,6,red,12,0-12,2.0,4.44,2.22,41203.8,1996.199999999997,50.0,824.076,0.0022242260294559,0.001001903616872,2.0,8.88,4.44,0.0044484520589119,0.001001903616872,1.0,12.04,12.04,0.0060314597735697,0.000500951808436,17,42279.4,2487.0235294117647,21.179941889590253,0.0085161807434124,,,,,,19.0,717.0,37.73684210526316,0.3591824466486329,0.0095180843602845,1.0,1.68,1.68,0.0008415990381725,0.000500951808436,6.0,25.24,4.206666666666666,0.0126440236449253,0.0030057108506161,2.0,4.36,2.18,0.002184149884781,0.001001903616872,13.0,46.4,3.569230769230769,0.0232441639114317,0.0065123735096683,2.0,5.24,2.62,0.0026249874762047,0.001001903616872,,,,,,,,,,,,,,,20.72040979268108,1041.0,0.0199043321735649,0.0027383607887058,2.1305382386794784,0.0180921450288827,0.5214908325819064,1030145.0,966456.6666666666,5384.0,0.938175370133978,0.0052264487038232,17987.0,748.0,526.0,113.0,1736.0,67.0,0.0,0.0,16251.0,681.0,526.0,113.0,0.0965141491076888,0.9034858508923111,0.0895721925133689,0.910427807486631,0.0,1.0,0.0,1.0,,
2,inactive,6,yellow,12,0-12,10.0,41.44,4.144,39177.0,4023.0,192.0,204.046875,0.0103007705692269,0.0024857071836937,4.0,9.44,2.36,0.0023465075814069,0.0009942828734775,2.0,6.96,3.48,0.0017300521998508,0.0004971414367387,30,42181.4,1406.0466666666666,10.485060899826,0.0074571215510812,,,,,,54.0,445.36,8.247407407407408,0.1107034551329853,0.0134228187919463,10.0,49.24,4.924,0.012239622172508,0.0024857071836937,8.0,55.84,6.98,0.0138801889137459,0.001988565746955,2.0,9.4,4.7,0.0023365647526721,0.0004971414367387,36.0,162.68,4.518888888888889,0.0404374844643301,0.0089485458612975,,,,,,,,,,,,,,,,,,,,103.69216087574394,2950.0,0.035149885042625,0.0063811585238916,2.133850627136919,0.0331530432935223,0.7332836191896595,979617.0,944290.3333333334,1529.0,0.9639382874463523,0.0015608140732551,12429.0,1641.0,416.0,1046.0,2052.0,67.0,270.0,174.0,10377.0,1574.0,146.0,872.0,0.1650977552498189,0.834902244750181,0.040828762949421,0.9591712370505788,0.6490384615384616,0.3509615384615384,0.1663479923518164,0.8336520076481836,,
2,inactive,7,blue,12,0-12,3.0,10.4,3.466666666666667,41521.08,1678.9199999999985,83.0,500.2539759036145,0.0061944583422676,0.0017868629833464,2.0,9.64,4.82,0.0057417863864865,0.0011912419888976,1.0,7.56,7.56,0.004502894718033,0.0005956209944488,22,42642.64,1938.301818181818,25.398851642722725,0.0131036618778738,,,,,,12.0,238.48,19.87333333333333,0.1420436947561529,0.0071474519333857,20.0,210.88,10.544,0.1256045553093656,0.0119124198889762,8.0,28.48,3.56,0.0169632859219021,0.0047649679555905,3.0,18.32,6.1066666666666665,0.0109117766183022,0.0017868629833464,19.0,62.48,3.2884210526315787,0.0372143997331618,0.0113167988945274,4.0,9.16,2.29,0.0054558883091511,0.0023824839777952,,,,,,,,,,,,,,,34.94438608820114,1083.0,0.03226628447664,0.0038433072846812,1.97172275334542,0.0274391851197488,0.6450575369880643,1038110.0,976723.6666666666,1341.0,0.9408672170258128,0.0012917706216104,11266.0,1181.0,433.0,263.0,51.0,50.0,0.0,86.0,11215.0,1131.0,433.0,177.0,0.0045268950825492,0.9954731049174508,0.0423370025402201,0.95766299745978,0.0,1.0,0.3269961977186312,0.6730038022813688,,
2,inactive,7,green,12,0-12,21.0,498.0,23.714285714285715,37428.76,5771.239999999998,200.0,187.1438,0.0862899480874127,0.003638732750674,10.0,102.0,10.2,0.0176738447889881,0.0017327298812733,19.0,152.68,8.035789473684211,0.0264553198272814,0.0032921867744193,85,41433.48,487.452705882353,7.17930288811417,0.0147282039908234,,,,,,21.0,272.2,12.961904761904762,0.0471649073682605,0.003638732750674,43.0,640.76,14.901395348837209,0.1110263998724711,0.0074507384894754,6.0,79.2,13.2,0.0137232206596849,0.001039637928764,10.0,75.68,7.568,0.0131132997414767,0.0017327298812733,86.0,327.68,3.810232558139535,0.0567780927495651,0.0149014769789508,18.0,50.16,2.786666666666666,0.0086913730844671,0.003118913786292,,,,,,,,,,,,,,,105.39091243060372,5086.0,0.0207217680752268,0.0041513234839858,2.1285437722877156,0.0196154244421769,0.8812664176156254,935919.0,914292.6666666666,0.0,0.9768929433708116,0.0,22888.0,3888.0,6396.0,12471.0,584.0,50.0,0.0,1041.0,22304.0,3838.0,6396.0,11430.0,0.0255155540020971,0.9744844459979028,0.0128600823045267,0.9871399176954732,0.0,1.0,0.0834736588886216,0.9165263411113784,,
2,inactive,7,red,12,0-12,10.0,167.28,16.728,41284.04,1915.9599999999991,67.0,616.1797014925373,0.0873087120816718,0.0052193156433328,2.0,3.12,1.56,0.0016284264807198,0.0010438631286665,2.0,7.48,3.74,0.0039040481012129,0.0010438631286665,24,42489.28,1770.3866666666663,22.176496377794955,0.0125263575439988,,,,,,6.0,45.4,7.566666666666666,0.0236956930207311,0.0031315893859997,17.0,501.44,29.496470588235297,0.2617173636192824,0.0088728365936658,10.0,75.6,7.56,0.0394580262635963,0.0052193156433328,1.0,14.72,14.72,0.0076828326269859,0.0005219315643332,22.0,91.56,4.161818181818182,0.0477880540303555,0.0114824944153322,1.0,2.24,2.24,0.0011691267041065,0.0005219315643332,,,,,,,,,,,,,,,38.92989630577252,1337.0,0.0291173495181544,0.0033553170030954,2.115862527647891,0.0257948669757709,0.6978225015136018,1032168.0,974344.0,285.0,0.94397811209028,0.0002761178412816,13694.0,2269.0,269.0,4192.0,1024.0,0.0,0.0,955.0,12670.0,2269.0,269.0,3237.0,0.0747772747188549,0.925222725281145,0.0,1.0,0.0,1.0,0.2278148854961832,0.7721851145038168,,
2,inactive,7,yellow,12,0-12,,,,41531.24,1668.760000000002,113.0,367.5330973451327,,,,,,,,,,,,,15,42679.44,2845.2960000000003,25.575541120352806,0.0089887101800138,,,,,,10.0,57.76,5.776,0.0346125266665068,0.0059924734533425,32.0,630.8,19.7125,0.3780052254368508,0.0191759150506963,,,,,,,,,,,12.0,33.44,2.786666666666666,0.0200388312279776,0.0071909681440111,2.0,4.52,2.26,0.0027085980009108,0.0011984946906685,,,,,,,,,,,,,,,17.235817961030012,1064.0,0.0161990770310432,0.0029306584817436,2.0707434740652593,0.013604683657032,0.637599175435652,1038394.0,977588.3333333333,972.0,0.9414425866610682,0.000936060878626,17256.0,0.0,0.0,0.0,659.0,0.0,0.0,0.0,16597.0,0.0,0.0,0.0,0.038189615206305,0.961810384793695,0.0,0.0,0.0,0.0,0.0,0.0,,
2,inactive,8,blue,12,0-12,28.0,193.68,6.917142857142857,38861.12,4338.879999999997,183.0,212.3558469945355,0.0446382476583819,0.0064532782653588,15.0,92.0,6.133333333333334,0.0212036285861789,0.0034571133564422,7.0,43.52,6.217142857142858,0.0100302382181576,0.0016133195663397,102,42188.84,413.6160784313725,9.72344015045358,0.023508370823807,1.0,2.8,2.8,0.0006453278265358,0.0002304742237628,69.0,1103.92,15.998840579710146,0.2544251050962462,0.0159027214396342,15.0,96.68,6.445333333333334,0.0222822479533889,0.0034571133564422,9.0,92.04,10.226666666666668,0.0212128475551294,0.0020742680138653,6.0,32.04,5.34,0.0073843941293605,0.0013828453425768,71.0,245.08,3.451830985915493,0.0564846227597905,0.0163636698871598,2.0,4.32,2.16,0.0009956486466553,0.0004609484475256,2.6,3.0,0.8666666666666667,5.6,6.0,0.9333333333333332,0.0005992329817833,0.0006914226712884,0.0012906556530717,0.0013828453425768,0.3170731707317074,0.6829268292682927,0.3333333333333333,0.6666666666666666,130.05322177267698,3971.0,0.0327507483688433,0.0065781460526596,2.0267005591392726,0.0294072963076331,0.9152131425621364,971711.0,875994.3333333333,27493.0,0.901496775618814,0.028293391759484,30099.0,3117.0,3410.0,4870.0,3084.0,113.0,377.0,510.0,27015.0,3004.0,3033.0,4360.0,0.1024618758098275,0.8975381241901724,0.0362528071863971,0.9637471928136028,0.1105571847507331,0.8894428152492668,0.1047227926078028,0.8952772073921971,1.05,Delta
2,inactive,8,green,12,0-12,43.0,177.52,4.128372093023256,36127.56,7072.440000000002,363.0,99.52495867768594,0.0251002482877196,0.0060799384653669,49.0,211.44,4.315102040816327,0.0298963299794695,0.0069283019721623,31.0,101.6,3.2774193548387096,0.0143656220484019,0.0043832114517761,90,42574.96,473.0551111111111,6.019840394545586,0.0127254526019308,14.0,34.12,2.437142857142857,0.0048243604753097,0.0019795148491892,90.0,1320.12,14.668,0.186656938765122,0.0127254526019308,143.0,628.16,4.392727272727273,0.0888180034047655,0.0202193302452901,31.0,182.48,5.886451612903225,0.0258015621200038,0.0043832114517761,5.0,34.64,6.928,0.0048978853125653,0.0007069695889961,65.0,248.16,3.817846153846154,0.0350883146410573,0.00919060465695,3.0,6.32,2.106666666666667,0.0008936095604911,0.0004241817533976,2.4,3.0,0.7999999999999999,2.4,3.0,0.7999999999999999,0.0003393454027181,0.0004241817533976,0.0003393454027181,0.0004241817533976,0.5,0.5,0.5,0.5,411.3211764849522,6583.0,0.062482329710611,0.0121065317853758,2.126854889691091,0.0608269851566077,0.9307961608723436,903552.0,857729.3333333333,5106.0,0.9492860768758558,0.005651030599235,48940.0,5464.0,7906.0,4481.0,8932.0,763.0,2074.0,1534.0,40008.0,4701.0,5832.0,2947.0,0.1825091949325705,0.8174908050674295,0.1396412884333821,0.8603587115666179,0.2623324057677713,0.7376675942322287,0.3423343003793796,0.6576656996206204,2.0,Alpha
2,inactive,8,red,12,0-12,29.0,261.12,9.004137931034483,38768.76,4431.239999999998,102.0,380.0858823529412,0.058927072331898,0.0065444435417625,10.0,39.72,3.972,0.0089636309475451,0.0022567046695733,8.0,21.88,2.735,0.0049376698170263,0.0018053637356586,69,42502.48,615.9779710144928,9.591554508444592,0.0155712622200557,2.0,8.8,4.4,0.0019859001092245,0.0004513409339146,99.0,1550.12,15.657777777777776,0.3498163042398968,0.0223413762287757,21.0,149.72,7.12952380952381,0.0337873823128515,0.0047390798061039,26.0,206.32,7.935384615384615,0.0465603307426363,0.0058674321408905,13.0,46.92,3.6092307692307695,0.0105884583096379,0.0029337160704452,48.0,199.08,4.1475,0.0449264765618653,0.0108321824139518,8.0,23.32,2.915,0.0052626352894449,0.0018053637356586,5.4,6.0,0.9,2.6,3.0,0.8666666666666667,0.0012186205215695,0.0013540228017439,0.000586743214089,0.0006770114008719,0.675,0.325,0.6666666666666666,0.3333333333333333,130.3355103657718,4146.0,0.0314364472662257,0.0055967444579811,2.124956561388519,0.0291990279157349,0.9356297560050916,969321.0,875246.3333333333,24351.0,0.9029478710698864,0.0251217089075755,42616.0,6370.0,1558.0,6557.0,9118.0,130.0,132.0,670.0,33498.0,6240.0,1426.0,5887.0,0.2139571991740191,0.7860428008259809,0.0204081632653061,0.979591836734694,0.0847240051347881,0.9152759948652118,0.1021808754003355,0.8978191245996645,1.4500000000000002,Gamma
2,inactive,8,yellow,12,0-12,52.0,284.48,5.470769230769231,36383.72,6816.279999999999,189.0,192.50645502645503,0.041735374720522,0.0076287945917714,51.0,215.68,4.229019607843138,0.0316418926452551,0.0074820870034681,3.0,4.4,1.4666666666666668,0.0006455133885345,0.0004401227649098,74,42604.12,575.7313513513513,6.250347696984281,0.010856361534444,2.0,3.28,1.64,0.0004812008896348,0.0002934151766065,102.0,770.56,7.554509803921568,0.1130469992429888,0.0149641740069363,167.0,877.96,5.257245508982036,0.128803394226763,0.0245001672466506,50.0,248.08,4.961600000000001,0.036395218506282,0.0073353794151648,27.0,135.12,5.004444444444444,0.0198231293315415,0.003961104884189,49.0,180.68,3.6873469387755105,0.0265071270546397,0.0071886718268615,,,,,,1.8,2.0,0.9,1.6,2.0,0.8,0.0002640736589459,0.0002934151766065,0.0002347321412852,0.0002934151766065,0.5294117647058824,0.4705882352941176,0.5,0.5,297.7273522707539,6422.0,0.0463605344551158,0.0087947433342266,2.222104521584437,0.0449037872983295,0.942156132083776,909782.0,862197.3333333333,5789.0,0.9476966276902964,0.0063630627996596,41482.0,9657.0,5556.0,7164.0,9020.0,697.0,1917.0,1938.0,32462.0,8960.0,3639.0,5226.0,0.217443710525047,0.782556289474953,0.0721756238997618,0.9278243761002382,0.3450323974082073,0.6549676025917927,0.2705192629815745,0.7294807370184254,1.5,Beta
3,active,1,blue,24,12-24,229.0,1767.6,7.718777292576418,23067.16,20132.84,230.0,100.292,0.0877968533003788,0.0113744508971411,121.0,799.16,6.604628099173554,0.03969435012646,0.0060100810417208,185.0,832.6,4.50054054054054,0.0413553179779901,0.0091889668819699,481,37075.04,77.07908523908525,1.8415206200416832,0.0238913138931218,26.0,82.4,3.1692307692307695,0.0040928155193206,0.0012914223726011,100.0,940.8,9.408,0.0467296218516612,0.0049670091253891,268.0,2342.28,8.739850746268658,0.1163412613421653,0.0133115844560429,34.0,93.92,2.7623529411764705,0.0046650149705655,0.0016887831026323,41.0,177.32,4.324878048780487,0.00880750058114,0.0020364737414095,294.0,1193.28,4.0587755102040814,0.0592703264914438,0.0146030068286441,17.0,39.2,2.3058823529411767,0.0019470675771525,0.0008443915513161,3.2,4.0,0.8,14.8,16.0,0.925,0.0001589442920124,0.0001986803650155,0.0007351173505575,0.0007947214600622,0.1777777777777777,0.8222222222222223,0.2,0.8,605.7000675933951,18666.0,0.0324493768131037,0.0075209387253505,2.027165019423361,0.031632113626384,0.9271419233451416,576909.0,449001.0,59372.0,0.7782873902123212,0.1029139777677242,82445.0,6856.0,41100.0,44419.0,27698.0,219.0,6639.0,9305.0,54747.0,6637.0,34461.0,35114.0,0.3359573048699132,0.6640426951300867,0.0319428238039673,0.9680571761960328,0.1615328467153284,0.8384671532846716,0.2094824286904252,0.7905175713095748,0.6428571428571428,Delta
3,active,1,green,24,12-24,253.0,1555.2,6.14703557312253,18368.44,24831.56,289.0,63.55861591695501,0.062629975724441,0.0101886470282173,148.0,723.48,4.888378378378379,0.0291355033674887,0.0059601571548464,165.0,780.36,4.729454545454545,0.0314261367388919,0.0066447698010112,528,37284.6,70.61477272727272,1.501500509835065,0.0212632633632361,18.0,36.92,2.051111111111111,0.0014868175821414,0.0007248839782921,153.0,2738.44,17.89830065359477,0.1102806267507961,0.0061615138154832,554.0,7514.4,13.563898916967508,0.3026148981376925,0.022310317998547,29.0,93.76,3.233103448275862,0.0037758401002595,0.0011678686316928,49.0,222.56,4.542040816326531,0.008962787678261,0.0019732952742397,316.0,1271.92,4.025063291139241,0.0512219127594077,0.0127257409522398,19.0,46.16,2.4294736842105262,0.001858924690998,0.0007651553104194,2.4,3.0,0.7999999999999999,5.2,6.0,0.8666666666666667,9.66511971056188e-05,0.000120813996382,0.0002094109270621,0.000241627992764,0.3157894736842105,0.6842105263157895,0.3333333333333333,0.6666666666666666,1032.115123674994,23340.0,0.0442208707658523,0.0088678744665373,2.1505993385753435,0.0398958162112165,0.9399328918521428,459500.0,415490.3333333333,11396.0,0.9042227058396808,0.0248008705114254,257028.0,7986.0,37909.0,39133.0,56900.0,157.0,6252.0,8711.0,200128.0,7829.0,31657.0,30422.0,0.2213766593522884,0.7786233406477115,0.0196594039569246,0.9803405960430752,0.1649212588039779,0.8350787411960221,0.2225998517874939,0.777400148212506,0.8749999999999998,Gamma
3,active,1,red,24,12-24,224.0,1763.28,7.871785714285714,25567.52,17632.48,190.0,134.5658947368421,0.100001814832627,0.0127038283894267,108.0,644.12,5.964074074074074,0.0365303122419534,0.0061250601163307,86.0,415.6,4.832558139534884,0.0235701387439543,0.0048773626852263,395,36835.08,93.2533670886076,2.0890470313875302,0.0224018402402838,29.0,73.08,2.52,0.0041446240120504,0.001644692068274,70.0,522.08,7.458285714285715,0.0296089943104997,0.0039699463716958,248.0,2298.0,9.266129032258064,0.1303276680308158,0.0140649528597225,14.0,54.2,3.871428571428571,0.0030738727620845,0.0007939892743391,29.0,299.96,10.343448275862068,0.0170117873379127,0.001644692068274,254.0,1154.12,4.543779527559055,0.0654542072357376,0.0144052339772964,23.0,56.68,2.4643478260869567,0.0032145222906817,0.0013044109507,14.2,16.0,0.8875,1.6,2.0,0.8,0.0008053319782583,0.0009074163135304,9.074163135304849e-05,0.0001134270391913,0.8987341772151899,0.1012658227848101,0.8888888888888888,0.1111111111111111,506.97828495431605,16215.0,0.0312660058559553,0.0083976565869181,2.1093926768445126,0.0278339644125547,0.9196097202435506,639378.0,469790.0,76107.0,0.7347609708185142,0.1190328725730319,70820.0,8897.0,26687.0,44306.0,20433.0,77.0,6065.0,10518.0,50387.0,8820.0,20622.0,33788.0,0.288520192036148,0.711479807963852,0.008654602675059,0.991345397324941,0.2272642110390827,0.7727357889609173,0.2373944838170902,0.7626055161829097,2.8749999999999996,Alpha
3,active,1,yellow,24,12-24,280.0,1631.84,5.827999999999999,23182.36,20017.64,343.0,67.58705539358601,0.0815200992724417,0.0139876628813386,144.0,570.08,3.958888888888889,0.0284788816264055,0.007193655196117,174.0,682.72,3.9236781609195406,0.0341059185798126,0.0086923333619747,474,38465.6,81.15105485232067,1.9215851618872155,0.0236791150205518,21.0,56.68,2.699047619047619,0.0028315026146938,0.0010490747161003,146.0,1378.12,9.43917808219178,0.0688452784643944,0.0072935670738408,254.0,2559.16,10.075433070866142,0.1278452404978808,0.0126888084709286,37.0,129.24,3.4929729729729733,0.006456305538515,0.0018483697378911,32.0,111.76,3.4925,0.0055830757272086,0.0015985900435815,185.0,715.36,3.866810810810811,0.0357364804242658,0.0092418486894559,8.0,16.4,2.05,0.0008192773973355,0.0003996475108953,6.6,7.0,0.9428571428571428,4.8,6.0,0.7999999999999999,0.0003297091964886,0.0003496915720334,0.0002397885065372,0.0002997356331715,0.5789473684210527,0.4210526315789474,0.5384615384615384,0.4615384615384615,912.4213267705228,18467.0,0.0494082052726768,0.010880481408205,2.107050301634377,0.0460771786857126,0.9225363229631466,579902.0,456400.6666666666,49081.0,0.7870306821957272,0.084636714479343,98832.0,6094.0,31638.0,41076.0,38369.0,189.0,5384.0,8872.0,60463.0,5905.0,26254.0,32204.0,0.3882244617128055,0.6117755382871944,0.031014112241549,0.968985887758451,0.1701751058853277,0.8298248941146722,0.2159898724315902,0.7840101275684098,1.6071428571428568,Beta
3,active,2,blue,24,12-24,337.0,4043.0,11.997032640949556,18099.0,25101.0,231.0,78.35064935064935,0.1610692801083622,0.0134257599298832,125.0,843.36,6.74688,0.033598661407912,0.0049798812796302,175.0,1325.44,7.573942857142858,0.0528042707461854,0.0069718337914824,683,34324.56,50.255578330893115,1.3674578702043745,0.0272100713118999,40.0,92.84,2.321,0.003698657424007,0.0015935620094816,152.0,1311.36,8.627368421052632,0.0522433369188478,0.0060555356360304,154.0,1762.48,11.444675324675323,0.0702155292617824,0.0061352137365045,58.0,406.6,7.0103448275862075,0.0161985578263814,0.0023106649137484,58.0,367.32,6.333103448275862,0.0146336799330703,0.0023106649137484,327.0,1487.12,4.547767584097859,0.0592454483885104,0.0130273694275128,41.0,114.52,2.793170731707317,0.004562368033146,0.0016334010597187,5.8,6.0,0.9666666666666668,20.0,19.0,1.0526315789473684,0.0002310664913748,0.0002390343014222,0.0007967810047408,0.0007569419545038,0.2248062015503875,0.7751937984496123,0.24,0.76,737.1305581628897,24746.0,0.0297878670558025,0.0073020603943742,2.0661662532047247,0.0279750375109839,0.98585713716585,452706.0,299989.0,70471.0,0.6626574421368394,0.1556661497749091,77152.0,19464.0,54520.0,101412.0,38106.0,1000.0,8274.0,35758.0,39046.0,18464.0,46246.0,65654.0,0.4939081294068851,0.5060918705931149,0.0513769009453349,0.948623099054665,0.1517608217168011,0.8482391782831988,0.3526012700666587,0.6473987299333412,0.6057692307692306,Delta
3,active,2,green,24,12-24,514.0,4943.0,9.616731517509727,17266.12,25933.88,531.0,32.51623352165725,0.1906000953193274,0.019819633622119,178.0,682.2,3.8325842696629215,0.0263053580875673,0.006863608530617,164.0,662.32,4.038536585365854,0.0255387932696534,0.0063237741518045,764,34490.68,45.14486910994764,1.329946772330249,0.0294595332437722,47.0,83.84,1.7838297872340427,0.0032328367371176,0.0018123011288708,194.0,1856.32,9.568659793814431,0.0715789538626692,0.0074805621064028,135.0,1444.0,10.696296296296296,0.0556800602146689,0.0052055457956927,61.0,306.84,5.030163934426229,0.0118316271996322,0.0023521355076833,44.0,141.96,3.2263636363636365,0.0054739206011595,0.0016966223334109,396.0,1596.56,4.031717171717172,0.0615627125597866,0.0152696010006986,8.0,20.32,2.54,0.0007835310412479,0.0003084767878929,21.6,24.0,0.9,40.2,39.0,1.0307692307692309,0.0008328873273108,0.0009254303636787,0.0015500958591618,0.0015038243409779,0.3495145631067961,0.6504854368932039,0.3809523809523809,0.6190476190476191,1157.7404469521166,25394.0,0.0455911021088492,0.0113670337421172,2.0330185737065016,0.043778184921576,0.9791824439690474,432184.0,287017.6666666666,68481.0,0.664109885295769,0.158453343946097,82837.0,11325.0,33955.0,124089.0,43471.0,908.0,6906.0,41697.0,39366.0,10417.0,27049.0,82392.0,0.5247775752381182,0.4752224247618817,0.0801766004415011,0.9198233995584988,0.2033868355175968,0.7966131644824032,0.336024949834393,0.663975050165607,1.475,Beta
3,active,2,red,24,12-24,298.0,3638.76,12.21060402684564,15018.96,28181.04,195.0,77.02030769230768,0.1291208557242742,0.0105744855406329,125.0,1436.96,11.49568,0.0509903112163355,0.0044356063509366,145.0,858.48,5.9205517241379315,0.0304630347212168,0.0051453033670865,575,35039.92,60.93899130434782,1.2433863335064994,0.0204037892143086,72.0,179.08,2.4872222222222224,0.0063546270826058,0.0025549092581395,389.0,5882.2,15.12133676092545,0.2087289894198368,0.0138036069641148,209.0,4664.2,22.31674641148325,0.16550844113631,0.007416333818766,83.0,520.72,6.273734939759036,0.0184776715124778,0.0029452426170219,106.0,542.84,5.1211320754716985,0.0192625964123396,0.0037613941855942,400.0,1487.16,3.7179,0.0527716507268716,0.0141939403229973,46.0,134.84,2.931304347826087,0.0047847772828823,0.0016323031371446,58.2,56.0,1.0392857142857144,14.4,16.0,0.9,0.0020652183169961,0.0019871516452196,0.0005109818516279,0.0005677576129198,0.8016528925619835,0.1983471074380165,0.7777777777777778,0.2222222222222222,783.1553522574221,27866.0,0.0281043333186471,0.0082033852602189,2.10826498638401,0.0251823120342297,0.9888208526016072,375669.0,267773.3333333333,51476.0,0.7127906037850696,0.1370248809457261,264258.0,26778.0,57656.0,91267.0,110084.0,1711.0,6729.0,30504.0,154174.0,25067.0,50927.0,60763.0,0.4165777384222994,0.5834222615777006,0.0638957353051012,0.9361042646948988,0.1167094491466629,0.8832905508533371,0.3342281437978678,0.6657718562021322,2.844230769230769,Alpha
3,active,2,yellow,24,12-24,203.0,1674.0,8.246305418719212,15741.6,27458.4,351.0,44.84786324786325,0.0609649506162048,0.0073930017772339,84.0,441.04,5.25047619047619,0.0160621157824199,0.0030591731492002,77.0,431.0,5.597402597402597,0.0156964717536345,0.0028042420534335,406,39339.88,96.89625615763546,1.432708387961425,0.0147860035544678,22.0,43.28,1.9672727272727273,0.0015762025463974,0.0008012120152667,586.0,12132.84,20.704505119453927,0.4418625994231273,0.0213413745884683,83.0,852.68,10.273253012048192,0.0310535209626198,0.0030227544212335,60.0,423.64,7.060666666666666,0.0154284299157999,0.0021851236780001,29.0,81.32,2.8041379310344827,0.0029615709582495,0.0010561431110334,301.0,1222.16,4.060332225913622,0.0445095125717448,0.0109620371179675,47.0,111.2,2.3659574468085105,0.0040497625498936,0.0017116802144334,12.4,13.0,0.953846153846154,23.4,25.0,0.936,0.0004515922267867,0.0004734434635667,0.00085219823442,0.0009104681991667,0.3463687150837989,0.6536312849162011,0.3421052631578947,0.6578947368421053,603.7509472270405,27013.0,0.0223503848971621,0.0046059607464158,2.141707109614648,0.0198552039311213,0.9837790985636452,393891.0,274513.3333333333,55577.0,0.6969271532818301,0.1410974101972373,325307.0,12713.0,21962.0,42053.0,105177.0,1119.0,4895.0,15129.0,220130.0,11594.0,17067.0,26924.0,0.3233161290719228,0.6766838709280771,0.0880201368677731,0.9119798631322268,0.2228849831527183,0.7771150168472817,0.3597603024754476,0.6402396975245523,1.075,Gamma
3,active,3,blue,24,12-24,199.0,1829.32,9.192562814070351,22321.04,20878.96,214.0,104.30392523364486,0.0876154751002923,0.0095311260714135,93.0,553.2,5.948387096774194,0.0264955725764118,0.0044542448474445,88.0,407.6,4.631818181818182,0.0195220451593374,0.004214769318012,368,36855.52,100.15086956521738,1.765199032902022,0.017625398966232,26.0,66.56,2.56,0.0031878982478054,0.001245272753049,93.0,1009.24,10.852043010752688,0.0483376566648913,0.0044542448474445,303.0,6498.16,21.446072607260724,0.3112300612674195,0.0145122170836095,20.0,126.32,6.316,0.0060501097755826,0.00095790211773,62.0,434.16,7.002580645161291,0.0207941391716828,0.002969496564963,255.0,1141.36,4.4759215686274505,0.0546655580546157,0.0122132520010575,20.0,47.8,2.3899999999999997,0.0022893860613747,0.00095790211773,6.6,8.0,0.825,14.4,12.0,1.2,0.0003161076988509,0.000383160847092,0.0006896895247656,0.000574741270638,0.3142857142857143,0.6857142857142857,0.4,0.6,519.9207036220854,18556.0,0.0280190075243633,0.0058663883379766,2.192788355478023,0.026662533317689,0.8887415848298957,558240.0,392563.3333333333,68988.0,0.7032160599980892,0.1235812553740326,188081.0,14094.0,24201.0,45932.0,56915.0,497.0,3214.0,13436.0,131166.0,13597.0,20987.0,32496.0,0.3026089823001792,0.6973910176998208,0.0352632325812402,0.9647367674187598,0.132804429569026,0.867195570430974,0.2925193764695637,0.7074806235304363,1.1875,Gamma
3,active,3,green,24,12-24,331.0,3608.84,10.90283987915408,17126.12,26073.88,363.0,47.17939393939394,0.1384082461068318,0.0126946967616633,211.0,1100.4,5.2151658767772515,0.0422031550348471,0.008092389778583,200.0,837.16,4.1857999999999995,0.0321072276162964,0.0076705116384673,647,32542.4,50.29737248840804,1.2480842897182929,0.0248141051504417,68.0,147.68,2.171764705882353,0.0056639057938442,0.0026079739570788,157.0,1011.84,6.44484076433121,0.0388066524813338,0.0060213516361968,291.0,3177.8,10.920274914089347,0.121876759423607,0.0111605944339699,80.0,364.44,4.5555,0.0139772063076151,0.0030682046553869,82.0,384.08,4.68390243902439,0.0147304505505126,0.0031449097717715,356.0,1661.68,4.667640449438203,0.0637296788970417,0.0136535107164718,26.0,62.84,2.416923076923077,0.0024100747568064,0.0009971665130007,25.2,24.0,1.05,4.4,5.0,0.8800000000000001,0.0009664844664468,0.000920461396616,0.0001687512560462,0.0001917627909616,0.8513513513513513,0.1486486486486486,0.8275862068965517,0.1724137931034483,1107.5373432790263,23656.0,0.0468184538078722,0.0107505260506194,2.0808185821432965,0.0441228257898594,0.9072681165979132,428516.0,347125.3333333333,29443.0,0.8100638793728433,0.0687092197257512,105162.0,18875.0,48850.0,90552.0,44529.0,719.0,6825.0,19855.0,60633.0,18156.0,42025.0,70697.0,0.4234324185542306,0.5765675814457694,0.038092715231788,0.961907284768212,0.1397134083930399,0.8602865916069601,0.2192662779397473,0.7807337220602527,2.9375,Alpha
3,active,3,red,24,12-24,189.0,2491.32,13.181587301587305,19563.0,23637.0,238.0,82.19747899159664,0.1053991623302449,0.0079959385708846,101.0,782.12,7.743762376237624,0.0330888014553454,0.0042729618817954,39.0,217.24,5.570256410256411,0.0091906756356559,0.001649955578119,377,35626.56,94.50015915119364,1.5072369590049497,0.0159495705884841,21.0,55.76,2.655238095238095,0.0023590134111773,0.0008884376189871,154.0,3156.44,20.496363636363636,0.1335380970512332,0.0065152092059059,106.0,2493.48,23.523396226415095,0.1054905444853407,0.004484494648221,43.0,293.32,6.821395348837209,0.0124093582095866,0.0018191817912594,35.0,243.48,6.956571428571428,0.010300799593857,0.0014807293649786,307.0,1502.76,4.894983713355049,0.0635765960147226,0.0129881118585268,51.0,122.16,2.3952941176470586,0.0051681685493082,0.0021576342175402,11.2,11.0,1.018181818181818,8.4,8.0,1.05,0.0004738333967931,0.0004653720861361,0.0003553750475948,0.0003384524262808,0.5714285714285714,0.4285714285714285,0.5789473684210527,0.4210526315789473,509.6019718881621,21282.0,0.0239452105952524,0.0057846555699984,2.081934439209062,0.0224149874940452,0.9003680670135804,489313.0,368397.6666666666,37698.0,0.7528875518669371,0.0770427109028372,141508.0,13498.0,25124.0,62472.0,46706.0,354.0,3135.0,12183.0,94802.0,13144.0,21989.0,50289.0,0.3300590779319897,0.6699409220680103,0.026226107571492,0.973773892428508,0.1247810858143607,0.8752189141856392,0.1950153668843642,0.8049846331156358,2.25,Beta
3,active,3,yellow,24,12-24,231.0,1374.0,5.9480519480519485,23217.56,19982.44,352.0,65.95897727272728,0.0687603716062703,0.0115601498115345,107.0,632.4,5.9102803738317755,0.0316477867567724,0.0053547014278536,98.0,481.04,4.908571428571428,0.0240731362135955,0.004904305980651,387,38041.48,98.29839793281654,1.9037454885389375,0.0193670042297136,36.0,106.6,2.961111111111111,0.0053346838524224,0.0018015817888105,159.0,1648.04,10.36503144654088,0.082474412534205,0.0079569862339133,320.0,2528.84,7.902625,0.1265531136337704,0.0160140603449828,27.0,251.4,9.311111111111112,0.0125810461585271,0.0013511863416079,25.0,218.08,8.7232,0.0109135821251058,0.0012510984644517,153.0,688.16,4.497777777777777,0.0344382367718857,0.0076567226024449,5.0,11.16,2.232,0.0005584903545312,0.0002502196928903,1.6,2.0,0.8,17.4,20.0,0.8699999999999999,8.007030172491449e-05,0.0001000878771561,0.0008707645312584,0.0010008787715614,0.0842105263157894,0.9157894736842104,0.0909090909090909,0.9090909090909092,653.2131432122366,17538.0,0.0372455891898869,0.0086841070726296,2.1730981515482517,0.0342224601412308,0.8776705947822189,580791.0,399237.0,70398.0,0.6874021808189177,0.1212105559486975,104901.0,11789.0,28041.0,34581.0,46246.0,908.0,5256.0,13737.0,58655.0,10881.0,22785.0,20844.0,0.4408537573521701,0.5591462426478299,0.0770209517346679,0.922979048265332,0.187439820263186,0.8125601797368139,0.3972412596512535,0.6027587403487464,0.0,Delta
3,active,4,blue,24,12-24,164.0,1551.68,9.461463414634146,25873.68,17326.32,299.0,86.53404682274248,0.0895562358308054,0.0094653682951717,157.0,694.12,4.421146496815287,0.040061594152711,0.0090613586728168,141.0,589.68,4.182127659574467,0.034033770587176,0.0081379081074342,455,38562.84,84.7534945054945,2.225679775047442,0.0262606254530679,70.0,150.88,2.1554285714285712,0.008708138831558,0.0040400962235489,177.0,1811.32,10.233446327683616,0.1045415298805516,0.0102156718795451,155.0,1411.68,9.107612903225808,0.0814760433837075,0.008945927352144,71.0,473.8,6.673239436619719,0.0273456798673925,0.0040978118838853,108.0,587.68,5.441481481481481,0.0339183392665032,0.0062332913163326,273.0,1217.8,4.460805860805861,0.0702861311576838,0.0157563752718407,10.0,22.08,2.2079999999999997,0.001274361780228,0.0005771566033641,19.2,21.0,0.9142857142857144,7.4,8.0,0.925,0.0011081406784591,0.0012120288670646,0.0004270958864894,0.0004617252826913,0.7218045112781954,0.2781954887218045,0.7241379310344828,0.2758620689655172,717.4807218774921,17020.0,0.0421551540468561,0.0101560343320635,2.0756636514875897,0.0393077980166644,0.98232053892575,647141.0,489536.0,77722.0,0.7564595659987545,0.1201005654100111,80907.0,26716.0,32393.0,38956.0,38474.0,2330.0,7648.0,10064.0,42433.0,24386.0,24745.0,28892.0,0.4755336373861347,0.5244663626138653,0.0872136547387333,0.9127863452612668,0.2361003920600129,0.763899607939987,0.2583427456617722,0.7416572543382277,2.537878787878788,Beta
3,active,4,green,24,12-24,312.0,2794.0,8.955128205128204,20226.44,22973.56,408.0,49.57460784313725,0.1216180687712309,0.0135808294404524,95.0,684.48,7.205052631578948,0.0297942504339771,0.0041351884514198,204.0,1608.64,7.885490196078432,0.070021363689389,0.0088797730956804,580,36499.44,62.93006896551724,1.5887585554872643,0.0252464137034051,59.0,205.8,3.4881355932203393,0.0089581240347599,0.0025681696698291,110.0,1219.32,11.084727272727273,0.0530749261324757,0.0047881129437492,349.0,6198.8,17.76160458452722,0.2698232228701168,0.0151913765215317,61.0,408.8,6.701639344262295,0.0177943688309517,0.0026552262688064,66.0,218.72,3.313939393939394,0.009520509664153,0.0028728677662495,265.0,1082.68,4.085584905660378,0.0471272192903494,0.0115349993644868,16.0,39.32,2.4575,0.0017115327358929,0.000696452791818,14.0,16.0,0.875,7.0,8.0,0.875,0.0006093961928408,0.000696452791818,0.0003046980964204,0.000348226395909,0.6666666666666666,0.3333333333333333,0.6666666666666666,0.3333333333333333,888.8779344777195,22628.0,0.039282213827016,0.0093337420331114,2.178425153901755,0.0361441861523539,0.9849583608287092,506069.0,449028.3333333333,20107.0,0.8872867797342523,0.0397317361861722,185912.0,15815.0,57627.0,70162.0,50925.0,1360.0,14625.0,14379.0,134987.0,14455.0,43002.0,55783.0,0.2739199191015103,0.7260800808984896,0.0859943092001264,0.9140056907998736,0.2537872872091207,0.7462127127908793,0.2049399960092357,0.7950600039907643,2.670454545454545,Alpha
3,active,4,red,24,12-24,144.0,1646.72,11.435555555555556,26704.16,16495.84,269.0,99.27197026022304,0.0998263804692577,0.0087294736127411,72.0,414.76,5.760555555555555,0.0251433088584758,0.0043647368063705,139.0,852.52,6.133237410071942,0.0516809086412089,0.0084263668900765,383,39119.72,102.14026109660574,2.3714900241515435,0.0232179749561101,15.0,36.36,2.424,0.0022041920872171,0.0009093201679938,116.0,1766.8,15.23103448275862,0.1071057915207712,0.0070320759658192,157.0,3686.64,23.48178343949045,0.2234890736088614,0.0095175510916691,57.0,470.8,8.259649122807017,0.0285405290061009,0.0034554166383767,46.0,238.52,5.185217391304348,0.0144594030979931,0.0027885818485145,264.0,1089.12,4.125454545454545,0.0660239187576989,0.0160040349566921,14.0,32.84,2.345714285714286,0.0019908049544612,0.0008486988234609,3.4,4.0,0.85,7.0,8.0,0.875,0.0002061125714119,0.0002424853781316,0.0004243494117304,0.0004849707562633,0.3269230769230769,0.673076923076923,0.3333333333333333,0.6666666666666666,496.0245883388974,16220.0,0.0305810473698457,0.0079525777663877,2.1207191987885627,0.0278612820873257,0.983278208324038,667873.0,493354.0,93167.0,0.7386943326051509,0.1394980782274474,136609.0,17836.0,31893.0,41312.0,50853.0,1671.0,8212.0,9350.0,85756.0,16165.0,23681.0,31962.0,0.3722521942185361,0.6277478057814639,0.0936869253195783,0.9063130746804215,0.2574859687078669,0.7425140312921331,0.2263264910921766,0.7736735089078234,0.0,Delta
3,active,4,yellow,24,12-24,223.0,2033.4,9.118385650224216,21995.6,21204.4,315.0,69.82730158730158,0.095895191564015,0.0105166852162758,118.0,776.44,6.58,0.0366169285619965,0.0055648827601818,265.0,1878.56,7.088905660377359,0.088592933542095,0.0124974061987134,586,36643.4,62.53139931740615,1.7281036011393862,0.0276357737073437,56.0,154.2,2.753571428571429,0.0072720756069495,0.0026409613099168,82.0,1033.08,12.598536585365853,0.0487200769651581,0.0038671219180924,303.0,3729.12,12.307326732673268,0.1758653864292316,0.0142894870875855,37.0,172.8,4.6702702702702705,0.008149252042029,0.0017449208654807,128.0,788.04,6.1565625,0.0371639848333364,0.0060364829940955,236.0,979.24,4.149322033898305,0.0461809813057667,0.0111297655203636,13.0,29.84,2.2953846153846156,0.0014072550979985,0.0006130803040878,2.4,3.0,0.7999999999999999,17.6,20.0,0.8800000000000001,0.0001131840561392,0.0001414800701741,0.0008300164116881,0.0009432004678274,0.12,0.8800000000000001,0.1304347826086956,0.8695652173913043,663.5252790010114,20878.0,0.0317810747677465,0.0085388881120155,2.1844751657678434,0.0311424968898549,0.9846069683650562,550205.0,470137.6666666666,27047.0,0.8544772705930819,0.0491580410937741,119440.0,24186.0,66758.0,51058.0,41641.0,1883.0,13430.0,9983.0,77799.0,22303.0,53328.0,41075.0,0.3486352980576021,0.6513647019423978,0.0778549574133796,0.9221450425866204,0.2011743910842146,0.7988256089157854,0.1955227388460182,0.8044772611539818,0.8750000000000001,Gamma
3,active,5,blue,24,12-24,147.0,1268.8,8.631292517006802,27132.32,16067.68,289.0,93.88346020761246,0.0789659739302749,0.0091488005735737,66.0,429.44,6.506666666666667,0.0267269450225545,0.0041076247473188,218.0,1423.36,6.529174311926605,0.0885852842476325,0.0135676090138713,460,38894.24,84.55269565217391,2.420650647759975,0.0286288997540404,9.0,18.84,2.0933333333333333,0.0011725401551437,0.0005601306473616,54.0,502.88,9.312592592592592,0.0312976111050257,0.0033607838841699,269.0,2822.04,10.49085501858736,0.1756345657867221,0.016741682682254,38.0,244.92,6.445263157894736,0.0152430220168686,0.0023649960666381,46.0,211.08,4.5886956521739135,0.0131369307827888,0.002862889975404,214.0,872.32,4.076261682242991,0.0542903518118359,0.0133186620594883,12.0,28.24,2.353333333333333,0.0017575654979436,0.0007468408631488,7.2,8.0,0.9,7.0,8.0,0.875,0.0004481045178893,0.0004978939087659,0.0004356571701701,0.0004978939087659,0.5070422535211268,0.4929577464788732,0.5,0.5,513.6725386331149,15646.0,0.0328309177191048,0.0073020287231549,2.117689305321584,0.0302242510074034,0.9737560120689484,678597.0,487363.0,99086.0,0.7181920933926911,0.1460159711876121,83446.0,11484.0,46604.0,31867.0,12568.0,772.0,9688.0,8662.0,70878.0,10712.0,36916.0,23205.0,0.1506123720729573,0.8493876279270426,0.0672239637756879,0.932776036224312,0.2078791520041198,0.7921208479958802,0.2718172404054351,0.7281827595945649,2.0625,Alpha
3,active,5,green,24,12-24,211.0,2024.92,9.596777251184834,24358.4,18841.6,386.0,63.104663212435234,0.107470703125,0.0111986243206521,65.0,572.92,8.814153846153845,0.0304071841032608,0.0034498131793478,212.0,1897.8,8.95188679245283,0.1007239300271739,0.0112516983695652,497,37140.84,74.73006036217303,1.9712147588315216,0.0263778023097826,14.0,28.96,2.0685714285714285,0.0015370244565217,0.0007430366847826,67.0,794.84,11.863283582089553,0.0421853770380434,0.0035559612771739,253.0,2661.76,10.520790513833992,0.1412703804347826,0.013427734375,42.0,298.96,7.118095238095238,0.0158670176630434,0.0022291100543478,33.0,328.36,9.950303030303033,0.0174273947010869,0.0017514436141304,261.0,1121.04,4.295172413793103,0.0594981317934782,0.0138523267663043,26.0,60.68,2.333846153846154,0.0032205332880434,0.0013799252717391,6.8,8.0,0.85,9.4,10.0,0.94,0.0003609035326086,0.0004245923913043,0.0004988960597826,0.0005307404891304,0.4197530864197531,0.5802469135802469,0.4444444444444444,0.5555555555555556,665.8267915443776,18412.0,0.0361626543311089,0.0084000878710446,2.131147956554614,0.0332296934932712,0.9771993885869568,609346.0,494615.99999999994,29414.0,0.8117161678258329,0.0482714254298871,86735.0,15758.0,62045.0,50834.0,20158.0,498.0,16425.0,10883.0,66577.0,15260.0,45620.0,39951.0,0.2324090620856632,0.7675909379143367,0.0316029953039725,0.9683970046960274,0.2647272141187847,0.7352727858812153,0.2140889955541566,0.7859110044458434,0.6785714285714283,Delta
3,active,5,red,24,12-24,416.0,2322.12,5.58201923076923,20687.84,22512.16,167.0,123.87928143712575,0.1031495867122479,0.0184789020689263,168.0,782.8,4.659523809523809,0.0347723186047007,0.0074626335278356,402.0,2062.76,5.131243781094528,0.091628701999275,0.0178570159416066,842,35669.2,42.362470308788595,1.5844414751849665,0.0374020085145094,43.0,79.2,1.841860465116279,0.0035180986631225,0.0019100788196245,40.0,383.36,9.584,0.0170290189835182,0.0017768175066275,429.0,6143.96,14.321585081585082,0.2729173922004819,0.0190563677585802,65.0,345.64,5.3175384615384615,0.0153534800747684,0.0028873284482697,130.0,300.04,2.3080000000000003,0.013327908117213,0.0057746568965394,374.0,1526.36,4.081176470588235,0.0678015792353998,0.0166132436869674,40.0,107.88,2.697,0.0047920768153744,0.0017768175066275,12.4,14.0,0.8857142857142858,26.0,29.0,0.896551724137931,0.0005508134270545,0.0006218861273196,0.0011549313793078,0.0012881926923049,0.3229166666666667,0.6770833333333334,0.3255813953488372,0.6744186046511628,1085.622654567028,22210.0,0.0488799034023875,0.0122246384338644,2.0967871231872395,0.0456263236424474,0.9865779205549357,517363.0,446664.0,12753.0,0.8633473982484252,0.0246500039624016,163652.0,16337.0,71709.0,58469.0,20193.0,890.0,12001.0,9037.0,143459.0,15447.0,59708.0,49432.0,0.123389876078508,0.876610123921492,0.0544775662606353,0.9455224337393646,0.1673569565884338,0.8326430434115661,0.1545605363525971,0.8454394636474029,1.3714285714285714,Gamma
3,active,5,yellow,24,12-24,205.0,1617.28,7.889170731707317,26441.36,16758.64,238.0,111.0981512605042,0.0965042509416038,0.0122324961930085,125.0,908.76,7.27008,0.054226357270041,0.0074588391420783,210.0,1599.56,7.61695238095238,0.0954468859048228,0.0125308497586916,495,38114.8,76.99959595959596,2.2743372970599047,0.0295370030026302,11.0,15.92,1.4472727272727273,0.000949957753135,0.0006563778445028,40.0,197.44,4.936,0.0117813856016956,0.002386828525465,230.0,2402.44,10.445391304347826,0.1433553080679578,0.0137242640214241,45.0,273.44,6.076444444444444,0.0163163598000792,0.0026851820911482,65.0,288.92,4.444923076923077,0.0172400624394342,0.0038785963538807,218.0,901.48,4.135229357798165,0.0537919544784063,0.0130082154637846,17.0,39.4,2.317647058823529,0.002351026097583,0.0010144021233226,28.6,32.0,0.89375,12.6,15.0,0.84,0.0017065823957075,0.001909462820372,0.0007518509855214,0.0008950606970494,0.6941747572815534,0.3058252427184466,0.6808510638297872,0.3191489361702128,662.819860694126,16414.0,0.0403813732602733,0.0090708924095696,2.1360424238074533,0.0373791986160778,0.979435085424593,661272.0,494204.99999999994,59263.0,0.7473550974485537,0.089619702633712,65267.0,14169.0,63043.0,40637.0,3523.0,451.0,16725.0,8462.0,61744.0,13718.0,46318.0,32175.0,0.053978273859684,0.946021726140316,0.0318300515209259,0.968169948479074,0.2652951160319147,0.7347048839680853,0.2082338755321505,0.7917661244678494,1.8874999999999995,Beta
3,active,6,blue,24,12-24,170.0,1684.44,9.908470588235296,22379.72,20820.28,306.0,73.13633986928104,0.0809038110918777,0.0081651159350402,146.0,764.0,5.232876712328767,0.0366949916139456,0.0070123936853875,144.0,659.52,4.58,0.0316768074204573,0.0069163334979164,436,39116.64,89.71706422018349,1.8787758858190189,0.0209411208686914,,,,,,193.0,3290.72,17.050362694300517,0.1580535900573863,0.0092698080909574,362.0,3895.8,10.761878453038674,0.1871156391748814,0.0173868939322622,69.0,315.52,4.572753623188405,0.0151544551754347,0.0033140764677516,52.0,293.04,5.635384615384615,0.0140747386682599,0.0024975648742476,249.0,1030.6,4.1389558232931725,0.0494998146038381,0.0119594933401472,24.0,57.76,2.4066666666666667,0.0027742182141642,0.0011527222496527,8.0,10.0,0.8,6.2,7.0,0.8857142857142858,0.0003842407498842,0.0004803009373553,0.0002977865811602,0.0003362106561487,0.5633802816901409,0.4366197183098592,0.5882352941176471,0.4117647058823529,630.7652459490682,20367.0,0.0309699634678189,0.0066515831712192,2.1190435003342563,0.0283458691673092,0.9782289191115586,559799.0,349311.6666666666,53262.0,0.6239948028965158,0.0951448644960066,180218.0,15335.0,35878.0,42281.0,81475.0,1082.0,9524.0,11654.0,98743.0,14253.0,26354.0,30627.0,0.4520913560243705,0.5479086439756296,0.0705575480925986,0.9294424519074014,0.2654551535760076,0.7345448464239924,0.2756320806035808,0.7243679193964192,1.9464285714285712,Beta
3,active,6,green,24,12-24,275.0,1577.0,5.734545454545454,19999.68,23200.32,639.0,31.298403755868545,0.06797320036965,0.0118532847822788,214.0,961.32,4.492149532710281,0.0414356353705466,0.0092240107033006,374.0,1488.68,3.980427807486631,0.0641663563261196,0.0161204673038992,826,33927.76,41.07476997578693,1.462383277472035,0.0356029572005903,1.0,1.0,1.0,4.310285375374133e-05,4.310285375374133e-05,83.0,716.36,8.630843373493976,0.0308771603150301,0.0035775368615605,204.0,1516.28,7.432745098039216,0.0653559950897229,0.0087929821657632,76.0,373.4,4.913157894736842,0.016094605591647,0.0032758168852843,62.0,368.88,5.949677419354838,0.0158997806926801,0.0026723769327319,313.0,1817.16,5.8056230031948886,0.0783247817271486,0.013491193224921,24.0,54.16,2.2566666666666664,0.0023344505593026,0.0010344684900897,15.4,12.0,1.2833333333333334,8.8,10.0,0.8800000000000001,0.0006637839478076,0.0005172342450448,0.0003793051130329,0.0004310285375374,0.6363636363636364,0.3636363636363636,0.5454545454545454,0.4545454545454545,1340.8501245305404,22540.0,0.0594875831646202,0.0168115412008089,2.054364144048688,0.0548659677345997,0.9715383236093296,500631.0,320812.99999999994,54321.0,0.6408172885818096,0.1085050666059432,56103.0,18695.0,61838.0,39700.0,24815.0,1447.0,15366.0,10292.0,31288.0,17248.0,46472.0,29408.0,0.4423114628451241,0.5576885371548759,0.0774003744316662,0.9225996255683336,0.2484879847343057,0.7515120152656942,0.2592443324937027,0.7407556675062972,1.173076923076923,Gamma
3,active,6,red,24,12-24,186.0,1976.52,10.626451612903226,12936.32,30263.68,122.0,106.03540983606555,0.0653099689132319,0.0061459809249899,165.0,1034.72,6.271030303030304,0.0341901579715355,0.0054520798528136,114.0,786.76,6.90140350877193,0.0259968384545435,0.0037668915346712,453,37523.44,82.8332008830022,1.2398835832258337,0.0149684374140884,7.0,10.36,1.48,0.0003423245289403,0.000231300357392,184.0,4400.04,23.913260869565217,0.1453901177913591,0.0060798951085922,396.0,13197.28,33.32646464646465,0.4360765115147926,0.0130849916467528,79.0,378.28,4.788354430379746,0.0124994713134688,0.0026103897477107,61.0,274.88,4.506229508196721,0.0090828346057055,0.0020156174001311,401.0,1384.0,3.451371571072319,0.045731384947237,0.0132502061877471,92.0,252.72,2.7469565217391305,0.0083506037600186,0.0030399475542961,7.2,8.0,0.9,21.2,18.0,1.1777777777777778,0.0002379089390318,0.0002643432655909,0.000700509653816,0.0005947723475796,0.2535211267605634,0.7464788732394366,0.3076923076923077,0.6923076923076923,636.2337909076356,29993.0,0.0212127426702109,0.0052376878668022,2.199073935202462,0.018660770044605,0.9910559456087296,323530.0,246664.99999999997,16146.0,0.7624177046950823,0.0499057274441319,440513.0,16469.0,45816.0,49599.0,103345.0,1077.0,11516.0,12136.0,337168.0,15392.0,34300.0,37463.0,0.2346014760063834,0.7653985239936165,0.0653955917177727,0.9346044082822272,0.251353239043129,0.748646760956871,0.2446823524667836,0.7553176475332164,0.5352564102564102,Delta
3,active,6,yellow,24,12-24,263.0,2696.12,10.251406844106464,20510.96,22689.04,275.0,74.58530909090909,0.1188291791984147,0.0115914996844291,179.0,931.84,5.205810055865922,0.0410700496803743,0.0078892716483377,212.0,1127.44,5.31811320754717,0.0496909521072729,0.0093437183768021,615,36320.24,59.057300813008126,1.600783461971066,0.0271055981213837,11.0,18.44,1.6763636363636365,0.0008127272022086,0.0004848155761548,57.0,475.72,8.345964912280703,0.0209669514443978,0.0025122261673477,433.0,2881.2,6.654041570438799,0.1269864216379362,0.0190841040431856,39.0,152.0,3.897435897435898,0.006699269779594,0.0017188915881853,59.0,436.84,7.404067796610169,0.0192533487534069,0.0026003744539213,243.0,1043.48,4.294156378600823,0.0459904870369129,0.010710016818693,8.0,19.96,2.495,0.0008797199000045,0.0003525931462944,11.2,12.0,0.9333333333333332,5.6,7.0,0.7999999999999999,0.0004936304048121,0.0005288897194416,0.000246815202406,0.0003085190030076,0.6666666666666667,0.3333333333333333,0.631578947368421,0.3684210526315789,837.892308125655,22282.0,0.0376039991080538,0.0086505833187378,2.183803085737543,0.035524087838303,0.9820600607165396,513049.0,330666.3333333333,54246.0,0.6445121875948171,0.1057325908441493,84413.0,14819.0,51873.0,67666.0,47585.0,766.0,14706.0,19524.0,36828.0,14053.0,37167.0,48142.0,0.5637164891663606,0.4362835108336393,0.0516903974627167,0.9483096025372832,0.2835000867503325,0.7164999132496674,0.2885348624124376,0.7114651375875625,2.345238095238095,Alpha
3,active,7,blue,24,12-24,275.0,2096.96,7.6253090909090915,20043.04,23156.96,397.0,50.486246851385395,0.0905542005513677,0.0118754793375296,129.0,907.04,7.031317829457364,0.0391692173756831,0.005570679398332,341.0,1939.8,5.688563049853372,0.0837674720688726,0.0147255943785367,645,36474.96,56.55032558139535,1.5751186684262528,0.0278533969916603,8.0,15.32,1.915,0.0006615721580034,0.000345468489819,57.0,256.28,4.496140350877193,0.011067083071353,0.0024614629899606,415.0,4041.32,9.73812048192771,0.1745185896594371,0.0179211779093628,81.0,421.84,5.207901234567901,0.0182165534681581,0.0034978684594178,50.0,130.44,2.6088,0.0056328637264995,0.002159178061369,305.0,1289.56,4.2280655737704915,0.0556877932163807,0.013170986174351,16.0,38.96,2.435,0.0016824315454187,0.000690936979638,79.2,67.0,1.182089552238806,22.2,21.0,1.0571428571428572,0.0034201380492085,0.0028932986022344,0.0009586750592478,0.0009068547857749,0.7810650887573964,0.2189349112426035,0.7613636363636364,0.2386363636363636,899.3018037328818,22757.0,0.039517590356061,0.0097110969647117,2.128076054550732,0.0370397082192063,0.9827283028514968,501473.0,323373.6666666666,85886.0,0.6448476122675929,0.1712674461037782,107912.0,13938.0,71641.0,52699.0,27368.0,1349.0,14875.0,11108.0,80544.0,12589.0,56766.0,41591.0,0.2536140558973979,0.7463859441026022,0.096785765533075,0.903214234466925,0.2076325009421979,0.7923674990578021,0.2107819882730222,0.7892180117269777,2.93780487804878,Alpha
3,active,7,green,24,12-24,109.0,865.36,7.93908256880734,18646.8,24553.2,427.0,43.669320843091334,0.0352442858771972,0.0044393398823778,56.0,446.36,7.970714285714286,0.0181793004577814,0.0022807617744326,214.0,2592.96,12.116635514018691,0.1056057866184448,0.008715768209439,493,37682.6,76.43529411764706,1.534732743593503,0.0200788491927732,3.0,3.68,1.2266666666666668,0.0001498786308912,0.0001221836664874,125.0,2475.32,19.80256,0.1008145577765831,0.0050909861036443,499.0,5559.2,11.14068136272545,0.2264144795790365,0.0203232165257481,64.0,495.76,7.74625,0.0201912581659417,0.0026065848850658,40.0,292.4,7.31,0.0119088346936448,0.0016291155531661,313.0,1433.88,4.581086261980831,0.0583989052343482,0.0127478292035254,71.0,259.4,3.653521126760563,0.0105648143622827,0.0028916801068699,3.6,4.0,0.9,103.0,55.0,1.8727272727272728,0.0001466203997849,0.0001629115553166,0.0041949725494029,0.0022400338856035,0.0337711069418386,0.9662288930581614,0.0677966101694915,0.9322033898305084,1003.474455621242,24219.0,0.0414333562748768,0.0078909780883637,2.1751464388507675,0.038193875479751,0.9863887395532964,466597.0,336617.6666666666,41310.0,0.7214312708111424,0.0885346455292254,201478.0,19808.0,76130.0,21743.0,50219.0,749.0,13432.0,4514.0,151259.0,19059.0,62698.0,17229.0,0.2492530201808634,0.7507469798191366,0.0378130048465266,0.9621869951534734,0.1764350453172205,0.8235649546827795,0.2076070459458216,0.7923929540541783,0.0,Delta
3,active,7,red,24,12-24,256.0,2033.04,7.9415625,15837.24,27362.76,228.0,69.46157894736842,0.0742995224165983,0.0093557813612369,124.0,653.36,5.269032258064517,0.0238777082428819,0.0045317065968491,269.0,1497.36,5.566394052044609,0.05472254991821,0.0098308796334872,656,35392.44,53.95189024390244,1.2934528534402232,0.0239741897381696,12.0,22.04,1.836666666666667,0.0008054743015689,0.0004385522513079,61.0,979.12,16.051147540983607,0.0357829400250559,0.0022293072774822,317.0,8676.72,27.371356466876968,0.3170995908307495,0.0115850886387191,53.0,347.2,6.5509433962264145,0.0126887784711776,0.0019369391099435,72.0,323.16,4.488333333333333,0.0118102121277239,0.0026313135078478,426.0,1773.8,4.163849765258216,0.0648253319475082,0.0155686049214333,66.0,186.96,2.832727272727273,0.0068326440753783,0.0024120373821939,107.2,61.0,1.757377049180328,35.6,33.0,1.0787878787878789,0.0039177334450179,0.0022293072774822,0.001301038345547,0.0012060186910969,0.7507002801120448,0.2492997198879551,0.648936170212766,0.351063829787234,1008.8610816364162,27133.0,0.0371820691274984,0.0077387800411063,2.177871698858437,0.0318588783975253,0.99160318622829,396159.0,293023.3333333333,33130.0,0.7396609273885821,0.0836280382371724,241774.0,16884.0,54161.0,51082.0,46642.0,951.0,11475.0,7185.0,195132.0,15933.0,42686.0,43897.0,0.1929156981313127,0.8070843018686873,0.0563255152807391,0.9436744847192609,0.2118683185317848,0.7881316814682151,0.1406561998355585,0.8593438001644415,2.2832477535301665,Beta
3,active,7,yellow,24,12-24,170.0,1097.4,6.4552941176470595,21073.08,22126.92,448.0,47.038125,0.0495956961023043,0.0076829490954909,86.0,516.88,6.010232558139535,0.0233597807557491,0.0038866683659542,358.0,2540.96,7.097653631284916,0.1148356843157565,0.0161793869187397,568,38050.0,66.9894366197183,1.7196247828437037,0.0256700887425814,19.0,53.88,2.83578947368421,0.0024350429250885,0.0008586825459666,26.0,202.84,7.801538461538461,0.0091671140854669,0.001175039273428,302.0,2767.32,9.163311258278146,0.1250657570054937,0.0136485330990485,38.0,350.2,9.215789473684213,0.0158268751367113,0.0017173650919332,26.0,350.44,13.478461538461538,0.0158377216530814,0.001175039273428,276.0,1236.56,4.4802898550724635,0.0558848678442367,0.0124734938256205,27.0,64.56,2.3911111111111114,0.0029177129035582,0.0012202330916367,20.2,18.0,1.1222222222222222,49.4,41.0,1.2048780487804878,0.0009129151278171,0.0008134887277578,0.0022325746195132,0.0018529465465595,0.2902298850574712,0.7097701149425287,0.3050847457627119,0.6949152542372882,780.559708149143,21695.0,0.0359787835053764,0.0086504390869082,2.11283691752606,0.0323818816042625,0.980479886039268,527275.0,353113.3333333333,65942.0,0.6696948145338454,0.1250618747332985,74582.0,17580.0,76890.0,27605.0,24912.0,1323.0,17809.0,6842.0,49670.0,16257.0,59081.0,20763.0,0.3340216137942131,0.6659783862057869,0.0752559726962457,0.9247440273037544,0.2316165951359084,0.7683834048640915,0.2478536497011411,0.7521463502988589,1.1166666666666667,Gamma
3,active,8,blue,24,12-24,167.0,2056.08,12.31185628742515,27108.08,16091.919999999998,224.0,121.0182142857143,0.1277709558585923,0.0103778790846586,100.0,683.68,6.836799999999999,0.0424859183987989,0.006214298853089,92.0,417.6,4.539130434782609,0.0259509120104996,0.0057171549448418,345,38544.32,111.72266666666668,2.395259235690956,0.021439331043157,46.0,137.44,2.9878260869565216,0.0085409323436855,0.0028585774724209,70.0,933.36,13.333714285714288,0.0580017797751915,0.0043500091971623,201.0,2577.2,12.82189054726368,0.1601549100418098,0.0124907406947088,37.0,236.68,6.396756756756757,0.014708002525491,0.0022992905756429,29.0,136.44,4.704827586206896,0.0084787893551546,0.0018021466673958,225.0,841.8,3.741333333333333,0.0523119677453032,0.0139821724194502,16.0,44.92,2.8075,0.0027914630448075,0.0009942878164942,11.6,13.0,0.8923076923076922,24.8,22.0,1.1272727272727272,0.0007208586669583,0.0008078588509015,0.001541146115566,0.0013671457476795,0.3186813186813186,0.6813186813186813,0.3714285714285714,0.6285714285714286,515.5831944897714,15787.0,0.0326587188503054,0.007316581481972,2.1339114691420544,0.0305054085997578,0.9810513599371612,677926.0,438913.3333333333,89626.0,0.647435462474272,0.1322061699949552,88035.0,9394.0,27724.0,51569.0,45224.0,555.0,4380.0,13609.0,42811.0,8839.0,23344.0,37960.0,0.5137047765093429,0.4862952234906571,0.0590802639982967,0.9409197360017032,0.1579858606261722,0.8420141393738277,0.263898853962652,0.736101146037348,0.8273809523809527,Gamma
3,active,8,green,24,12-24,192.0,2123.8,11.061458333333334,23967.44,19232.56,686.0,34.93795918367347,0.1104273170082402,0.0099830703764865,126.0,819.92,6.507301587301587,0.0426318701202544,0.0065513899345692,100.0,587.36,5.8736,0.030539876126735,0.0051995158210867,445,37514.44,84.30211235955056,1.9505692429920929,0.0231378454038359,41.0,98.16,2.3941463414634145,0.0051038447299787,0.0021318014866455,83.0,622.6,7.501204819277109,0.032372185502086,0.0043155981315019,241.0,2661.88,11.045145228215768,0.1384048717383437,0.012530833128819,62.0,459.6,7.412903225806452,0.0238969747137146,0.0032236998090737,53.0,291.76,5.504905660377358,0.0151701073596026,0.0027557433851759,292.0,1341.32,4.593561643835616,0.0697421456114006,0.0151825861975732,24.0,65.0,2.7083333333333335,0.0033796852837063,0.0012478837970608,33.2,34.0,0.9764705882352942,14.4,16.0,0.9,0.0017262392526007,0.0017678353791694,0.0007487302782364,0.0008319225313738,0.6974789915966387,0.3025210084033613,0.68,0.32,741.7199326883288,18675.0,0.0397172654719319,0.0082402276411765,2.0753371344934672,0.0366007905490898,0.9710095795879488,599872.0,426212.99999999994,46947.0,0.7105065747359436,0.0782616958284434,82436.0,18899.0,35408.0,53287.0,31225.0,1195.0,5364.0,16781.0,51211.0,17704.0,30044.0,36506.0,0.3787786889223155,0.6212213110776845,0.0632308587755965,0.9367691412244034,0.1514911884319927,0.8485088115680073,0.3149173344342897,0.6850826655657102,2.3458333333333337,Alpha
3,active,8,red,24,12-24,162.0,1933.32,11.934074074074074,25769.44,17430.56,157.0,164.13656050955413,0.1109155414398619,0.0092940215345921,81.0,588.28,7.262716049382716,0.0337499196812953,0.004647010767296,61.0,285.04,4.672786885245902,0.0163528882606181,0.003499600701297,319,38759.36,121.5026959247649,2.2236439907840024,0.0183011905526844,33.0,112.36,3.404848484848485,0.0064461497507825,0.0018932266088983,102.0,1743.88,17.09686274509804,0.1000472732947191,0.005851791336595,164.0,2755.52,16.801951219512194,0.1580855692530819,0.009408762541192,67.0,548.16,8.181492537313432,0.0314482150889013,0.0038438237210967,40.0,287.08,7.177,0.01646992408735,0.002294820131998,270.0,1164.68,4.31362962962963,0.0668182777833873,0.0154900358909868,25.0,65.44,2.6176,0.0037543257359488,0.0014342625824987,18.6,17.0,1.0941176470588236,37.6,40.0,0.94,0.001067091361379,0.0009752985560991,0.0021571309240781,0.002294820131998,0.3309608540925267,0.6690391459074733,0.2982456140350877,0.7017543859649122,529.326105527343,17189.0,0.0307944677134995,0.0072031708840105,2.1206374542568116,0.0278308754298374,0.9861415812228636,644393.0,441957.99999999994,54774.0,0.6858516464331549,0.0850009233495708,112751.0,20988.0,21975.0,48495.0,59840.0,1000.0,4175.0,12307.0,52911.0,19988.0,17800.0,36188.0,0.5307270002039893,0.4692729997960106,0.0476462740613684,0.9523537259386315,0.1899886234357224,0.8100113765642776,0.2537787400762965,0.7462212599237035,0.7642857142857145,Delta
3,active,8,yellow,24,12-24,297.0,2091.32,7.041481481481482,13074.8,30125.2,169.0,77.36568047337278,0.0694209499024073,0.0098588557088417,142.0,620.52,4.3698591549295775,0.0205980375234023,0.0047136616520388,137.0,551.08,4.0224817518248175,0.0182929905859546,0.0045476876502064,483,39517.08,81.81590062111802,1.311761581665848,0.0160330885770053,73.0,146.92,2.0126027397260273,0.0048769800698418,0.0024232204267523,261.0,4448.72,17.044904214559388,0.147674372286325,0.0086638428956488,571.0,12567.88,22.010297723292467,0.4171882676297584,0.0189542310092547,133.0,550.96,4.142556390977444,0.0182890072099106,0.0044149084487405,107.0,533.72,4.98803738317757,0.0177167288515926,0.0035518436392123,274.0,1120.52,4.0894890510948905,0.0371954377066376,0.0090953753004129,37.0,94.4,2.5513513513513515,0.0031335891545948,0.0012282076135594,28.2,30.0,0.94,14.8,16.0,0.925,0.0009360933703344,0.0009958440109941,0.0004912830454237,0.0005311168058635,0.6558139534883721,0.3441860465116279,0.6521739130434783,0.3478260869565217,835.9065727137067,29872.0,0.0279829463281235,0.0056572176322776,2.2290383966309437,0.0258158335711345,0.9915950765472096,327039.0,284234.3333333333,7788.0,0.8691144888937812,0.0238136735985616,426247.0,27357.0,29569.0,52580.0,93768.0,857.0,4505.0,17009.0,332479.0,26500.0,25064.0,35571.0,0.2199851259950216,0.7800148740049784,0.0313265343422158,0.968673465657784,0.1523555074571341,0.8476444925428659,0.3234880182578927,0.6765119817421072,2.0625,Beta
3,inactive,1,blue,12,0-12,1.0,8.2,8.2,26.2,43173.8,2.0,13.1,0.0001899300038449,2.3162195590844447e-05,,,,,,,,,,,2,107.8,53.9,0.002496884684693,4.6324391181688894e-05,,,,,,2.0,8.48,4.24,0.0001964154186103,4.6324391181688894e-05,,,,,,,,,,,1.0,1.0,1.0,2.3162195590844447e-05,2.3162195590844447e-05,1.0,4.0,4.0,9.26487823633778e-05,2.3162195590844447e-05,,,,,,,,,,,,,,,,,,,,4.3368742073851205,94.0,0.0461369596530331,0.0179819579349703,1.7185482577912492,0.0351535614123134,0.0021772463855393,657.0,169.0,150.0,0.2572298325722983,0.228310502283105,214.0,26.0,0.0,206.0,214.0,0.0,0.0,0.0,0.0,26.0,0.0,206.0,1.0,0.0,0.0,1.0,0.0,0.0,0.0,1.0,,
3,inactive,1,green,12,0-12,,,,55.04,43144.96,5.0,11.008,,,2.0,11.76,5.88,0.0002725694959503,4.635535645414899e-05,,,,,,3,110.36,36.78666666666667,0.0025578885691399,6.953303468122348e-05,,,,,,1.0,1.64,1.64,3.801139229240217e-05,2.3177678227074496e-05,,,,,,,,,,,1.0,1.84,1.84,4.264692793781707e-05,2.3177678227074496e-05,,,,,,,,,,,,,,,,,,,,,,,,,4.254844169798708,64.0,0.0664819401531048,0.0196180425144512,1.738361300218994,0.0682979043783822,0.0014833714065327,1381.0,94.33333333333334,1098.0,0.0683079893796765,0.7950760318609703,42.0,47.0,296.0,0.0,42.0,0.0,0.0,0.0,0.0,47.0,296.0,0.0,1.0,0.0,0.0,1.0,0.0,1.0,0.0,0.0,,
3,inactive,1,red,12,0-12,,,,,,,,,,,,,,,,,,,,1,122.96,122.96,,,,,,,,,,,,,2.0,121.68,60.84,,,,,,,,,,,,,2.0,5.6,2.8,,,,,,,,,,,,,,,,,,,,,,0.504129337579236,122.0,0.0041322076850757,0.0027271826258011,2.3267739253701483,0.0032489452861718,,,,,,,3044.0,0.0,0.0,0.0,256.0,0.0,0.0,0.0,2788.0,0.0,0.0,0.0,0.0840998685939553,0.9159001314060446,0.0,0.0,0.0,0.0,0.0,0.0,,
3,inactive,1,yellow,12,0-12,,,,29.88,43170.12,3.0,9.96,,,,,,,,,,,,,2,120.16,60.08,0.0027834066710956,4.632834006484114e-05,,,,,,,,,,,,,,,,1.0,1.48,1.48,3.4282971647982445e-05,2.316417003242057e-05,,,,,,1.0,12.32,12.32,0.0002853825747994,2.316417003242057e-05,,,,,,,,,,,,,,,,,,,,0.5099474995084841,88.0,0.00579485794896,0.0032575179211093,2.5608741737533305,0.0052900238542378,0.002038446962853,750.0,76.0,522.0,0.1013333333333333,0.696,0.0,38.0,0.0,0.0,0.0,0.0,0.0,0.0,0.0,38.0,0.0,0.0,0.0,0.0,0.0,1.0,0.0,0.0,0.0,0.0,,
3,inactive,2,blue,12,0-12,,,,94.2,43105.8,2.0,47.1,,,,,,,,,,,,,1,122.96,122.96,0.002852516366707,2.319873427705784e-05,,,,,,,,,,,,,,,,,,,,,,,,,,,,,,,,,,,,,,,,,,,,,,,,,,0.1692673586737171,25.0,0.0067706943469486,0.0033193290998842,1.9450348357927736,0.0065093409389262,0.0005799683569264,2357.0,1405.0,0.0,0.5960967331353415,0.0,,,,,,,,,,,,,,,,,,,,,,
3,inactive,2,green,12,0-12,,,,83.76,43116.24,6.0,13.96,,,,,,,,,,,,,1,122.96,122.96,0.0028518256693997,2.3193117025046713e-05,,,,,,,,,,,,,,,,,,,,,,,,,,1.0,4.4,4.4,0.0001020497149102,2.3193117025046713e-05,,,,,,,,,,,,,,,,,,,,0.4918892052692797,36.0,0.0136635890352577,0.0029389956785574,1.89258564024016,0.0161161232137006,0.0008349522129016,2100.0,1452.6666666666663,0.0,0.6917460317460316,0.0,,,,,,,,,,,,,,,,,,,,,,
3,inactive,2,red,12,0-12,,,,94.08,43105.92,2.0,47.04,,,,,,,,,,,,,1,122.96,122.96,0.0028525084257568,2.3198669695484984e-05,,,,,,,,,,,,,,,,,,,,,,,,,,2.0,10.8,5.4,0.0002505456327112,4.639733939096997e-05,,,,,,,,,,,,,,,,,,,,0.3474224883191652,27.0,0.0128674995673764,0.0038794087172243,2.2096376436832337,0.0108597370913861,0.000626364081778,2354.0,1292.6666666666663,151.0,0.5491362220334183,0.0641461342395921,,,,,,,,,,,,,,,,,,,,,,
3,inactive,2,yellow,12,0-12,,,,58.04,43141.96,2.0,29.02,,,,,,,,,,,,,1,122.96,122.96,0.0028501254926758,2.3179289953446713e-05,,,,,,,,,,,,,,,,,,,,,,,,,,1.0,2.92,2.92,6.76835266640644e-05,2.3179289953446713e-05,,,,,,,,,,,,,,,,,,,,1.2566026048631245,64.0,0.0196344157009863,0.0081778887610439,2.0540971019857137,0.0144697790919135,0.0014834745570205,1453.0,1021.6666666666669,0.0,0.7031429226886902,0.0,,,,,,,,,,,,,,,,,,,,,,
3,inactive,3,blue,12,0-12,,,,119.12,43080.88,1.0,119.12,,,,,,,,,,,,,1,119.12,119.12,0.0027650317263714,2.3212153512184525e-05,,,,,,,,,,,,,,,,,,,,,,,,,,,,,,,,,,,,,,,,,,,,,,,,,,,,,,,,,2979.0,2671.6666666666665,0.0,0.8968333892805191,0.0,,,,,,,,,,,,,,,,,,,,,,
3,inactive,3,green,12,0-12,1.0,1.44,1.44,89.28,43110.72,5.0,17.856,3.3402364887434026e-05,2.3196086727384744e-05,,,,,,,,,,,1,119.12,119.12,0.002763117850966,2.3196086727384744e-05,,,,,,,,,,,,,,,,,,,,,,,,,,,,,,,,,,,,,,,,,,,,,,,,,,2.1266253823087227,24.0,0.0886093909295301,0.0612478678813445,1.6026112925902976,0.0547441759807102,0.0005567060814572,2237.0,2236.0,0.0,0.9995529727313366,0.0,0.0,0.0,0.0,37.0,0.0,0.0,0.0,0.0,0.0,0.0,0.0,37.0,0.0,0.0,0.0,0.0,0.0,0.0,0.0,1.0,,
3,inactive,3,red,12,0-12,,,,119.12,43080.88,1.0,119.12,,,,,,,,,,,,,1,119.12,119.12,0.0027650317263714,2.3212153512184525e-05,,,,,,,,,,,,,,,,,,,,,,,,,,,,,,,,,,,,,,,,,,,,,,,,,,,,,,,,,2979.0,2671.6666666666665,0.0,0.8968333892805191,0.0,,,,,,,,,,,,,,,,,,,,,,
3,inactive,3,yellow,12,0-12,,,,111.88,43088.12,2.0,55.94,,,,,,,,,,,,,1,119.12,119.12,0.0027645671243024,2.320825322617928e-05,,,,,,,,,,,,,,,,,,,,,,,,,,,,,,,,,,,,,,,,,,,,,,,,,,0.2592993099637166,6.0,0.0432165516606194,0.0259551388727906,1.3906059590193347,0.026750979301422,0.000139249519357,2799.0,2610.6666666666665,0.0,0.932714064546862,0.0,,,,,,,,,,,,,,,,,,,,,,
3,inactive,4,blue,12,0-12,,,,122.96,43077.04,1.0,122.96,,,,,,,,,,,,,1,122.96,122.96,0.0028544208237149,2.3214222704252654e-05,,,,,,,,,,,,,,,,,,,,,,,,,,,,,,,,,,,,,,,,,,,,,,,,,,,,,,,,,3075.0,3075.0,0.0,1.0,0.0,,,,,,,,,,,,,,,,,,,,,,
3,inactive,4,green,12,0-12,,,,122.96,43077.04,1.0,122.96,,,,,,,,,,,,,1,122.96,122.96,0.0028544208237149,2.3214222704252654e-05,,,,,,,,,,,,,,,,,,,,,,,,,,,,,,,,,,,,,,,,,,,,,,,,,,,,,,,,,3075.0,3075.0,0.0,1.0,0.0,,,,,,,,,,,,,,,,,,,,,,
3,inactive,4,red,12,0-12,,,,122.96,43077.04,1.0,122.96,,,,,,,,,,,,,1,122.96,122.96,0.0028544208237149,2.3214222704252654e-05,,,,,,,,,,,,,,,,,,,,,,,,,,,,,,,,,,,,,,,,,,,,,,,,,,,,,,,,,3075.0,3075.0,0.0,1.0,0.0,,,,,,,,,,,,,,,,,,,,,,
3,inactive,4,yellow,12,0-12,,,,122.96,43077.04,1.0,122.96,,,,,,,,,,,,,1,122.96,122.96,0.0028544208237149,2.3214222704252654e-05,,,,,,,,,,,,,,,,,,,,,,,,,,,,,,,,,,,,,,,,,,,,,,,,,,,,,,,,,3075.0,3075.0,0.0,1.0,0.0,,,,,,,,,,,,,,,,,,,,,,
3,inactive,5,blue,12,0-12,,,,88.36,43111.64,3.0,29.453333333333333,,,1.0,4.32,4.32,0.0001002049562484,2.3195591724184e-05,,,,,,2,106.44,53.22,0.0024689387831221,4.6391183448368e-05,,,,,,,,,,,,,,,,,,,,,,,,,,1.0,2.8,2.8,6.49476568277152e-05,2.3195591724184e-05,,,,,,,,,,,,,,,,,,,,1.269708347464754,21.0,0.0604623022602263,0.0198282125684961,1.9493541553962968,0.0668220411987689,0.0004871074262078,2212.0,1091.3333333333333,271.0,0.4933694996986136,0.1225135623869801,0.0,0.0,109.0,0.0,0.0,0.0,0.0,0.0,0.0,0.0,109.0,0.0,0.0,0.0,0.0,0.0,0.0,1.0,0.0,0.0,,
3,inactive,5,green,12,0-12,,,,34.52,43165.48,6.0,5.753333333333334,,,,,,,,,,,,,6,92.28,15.38,0.0021378193871584,0.0001389999601533,,,,,,,,,,,,,,,,,,,,,,,,,,1.0,4.92,4.92,0.0001139799673257,2.3166660025557458e-05,,,,,,,,,,,,,,,,,,,,2.0718117853034266,72.0,0.0287751636847698,0.0168960821458369,2.100620171649942,0.0262835827500496,0.0016679995218401,869.0,611.3333333333333,4.0,0.7034906022247793,0.004602991944764,,,,,,,,,,,,,,,,,,,,,,
3,inactive,5,red,12,0-12,1.0,1.72,1.72,52.84,43147.16,4.0,13.21,3.986357387137415e-05,2.3176496436845435e-05,,,,,,1.0,3.44,3.44,7.97271477427483e-05,2.3176496436845435e-05,3,102.96,34.32,0.0023862520731376,6.952948931053631e-05,,,,,,,,,,,,,,,,,,,,,,,,,,2.0,14.4,7.2,0.0003337415486905,4.635299287369087e-05,,,,,,,,,,,,,,,,,,,,3.103441782909369,56.0,0.0554186032662387,0.0112518741417455,1.8741257401203395,0.0388831449834191,0.0012978838004633,1325.0,851.6666666666667,0.0,0.6427672955974844,0.0,0.0,0.0,87.0,44.0,0.0,0.0,0.0,0.0,0.0,0.0,87.0,44.0,0.0,0.0,0.0,0.0,0.0,1.0,0.0,1.0,,
3,inactive,5,yellow,12,0-12,,,,74.6,43125.4,8.0,9.325,,,,,,,,,,,,,1,112.48,112.48,0.0026082076919866,2.318819071823102e-05,,,,,,,,,,,,,,,,1.0,4.96,4.96,0.0001150134259624,2.318819071823102e-05,,,,,,1.0,2.68,2.68,6.214435112485913e-05,2.318819071823102e-05,,,,,,,,,,,,,,,,,,,,0.9611830802171346,30.0,0.0320394360072378,0.0151209229759831,1.6334313440095696,0.0308370092043305,0.0006956457215469,1873.0,889.0,285.0,0.4746396155899626,0.1521623064602242,0.0,125.0,0.0,0.0,0.0,0.0,0.0,0.0,0.0,125.0,0.0,0.0,0.0,0.0,0.0,1.0,0.0,0.0,0.0,0.0,,
3,inactive,6,blue,12,0-12,,,,103.72,43096.28,8.0,12.965,,,,,,,,,,,,,1,115.88,115.88,0.0026888631687004,2.32038588945496e-05,,,,,,,,,,,,,,,,,,,,,,,,,,,,,,,,,,,,,,,,,,,,,,,,,,0.8242337304876716,5.0,0.1648467460975343,0.1800384107046498,0.8081561104474206,0.0847852191416468,0.0001160192944727,2601.0,1764.3333333333333,146.0,0.6783288478790208,0.0561322568242983,,,,,,,,,,,,,,,,,,,,,,
3,inactive,6,green,12,0-12,,,,66.48,43133.52,9.0,7.386666666666667,,,,,,,,1.0,5.4,5.4,0.0001251926575897,2.3183825479580617e-05,3,106.36,35.45333333333333,0.0024658316780081,6.955147643874185e-05,,,,,,,,,,,,,,,,,,,,,,,,,,,,,,,,,,,,,,,,,,,,,,,,,,4.096847708200648,42.0,0.0975439930523963,0.030496246442896,1.715287520245041,0.0947427395873234,0.0009737206701423,1671.0,1405.0,12.0,0.8408138839018552,0.0071813285457809,0.0,0.0,136.0,0.0,0.0,0.0,0.0,0.0,0.0,0.0,136.0,0.0,0.0,0.0,0.0,0.0,0.0,1.0,0.0,0.0,,
3,inactive,6,red,12,0-12,,,,105.6,43094.4,4.0,26.4,,,,,,,,,,,,,1,115.88,115.88,0.0026889804707804,2.3204871166555283e-05,,,,,,,,,,,,,,,,,,,,,,,,,,,,,,,,,,,,,,,,,,,,,,,,,,0.6843175130372057,6.0,0.1140529188395342,0.0966062906148725,1.6072871851229982,0.1876190232845007,0.0001392292269993,2644.0,1822.6666666666663,82.0,0.6893595562279374,0.0310136157337367,,,,,,,,,,,,,,,,,,,,,,
3,inactive,6,yellow,12,0-12,,,,63.6,43136.4,8.0,7.95,,,,,,,,,,,,,1,115.88,115.88,0.0026863623297261,2.3182277612410866e-05,,,,,,,,,,,,,,,,,,,,,,,,,,,,,,,,,,,,,,,,,,,,,,,,,,2.764167989376326,45.0,0.0614259553194738,0.0104839601826518,1.9230165271153472,0.0774085836846649,0.0010432024925584,1598.0,1373.3333333333333,0.0,0.8594075928243637,0.0,,,,,,,,,,,,,,,,,,,,,,
3,inactive,7,blue,12,0-12,,,,106.88,43093.12,4.0,26.72,,,,,,,,,,,,,2,112.44,56.22,0.0026092332140258,4.6411120847132906e-05,,,,,,,,,,,,,,,,,,,,,,,,,,,,,,,,,,,,,,,,,,,,,,,,,,0.1057311427403839,5.0,0.0211462285480767,0.0248205558812554,1.5673282559407755,0.0085198001473263,0.0001160278021178,2676.0,1318.6666666666667,83.0,0.4927752864972596,0.03101644245142,,,,,,,,,,,,,,,,,,,,,,
3,inactive,7,green,12,0-12,,,,,,,,,,,,,,,,,,,,1,115.88,115.88,,,,,,,,4.0,52.76,13.19,,,,,,,,,,,,,,,,,,2.0,8.28,4.14,,,,,,,,,,,,,,,,,,,,,,2.9732544093157993,115.0,0.0258543861679634,0.0044454686569231,2.6276572757193257,0.0197149392730653,,,,,,,1323.0,0.0,0.0,0.0,0.0,0.0,0.0,0.0,1323.0,0.0,0.0,0.0,0.0,1.0,0.0,0.0,0.0,0.0,0.0,0.0,,
3,inactive,7,red,12,0-12,,,,101.8,43098.2,4.0,25.45,,,,,,,,,,,,,1,115.88,115.88,0.0026887433813941,2.3202825175993432e-05,,,,,,,,,,,,,,,,,,,,,,,,,,,,,,,,,,,,,,,,,,,,,,,,,,0.7617101880055936,10.0,0.0761710188005593,0.0207851170536831,1.5042721875028768,0.0562074801700304,0.0002320282517599,2549.0,1270.3333333333333,101.0,0.4983653720413233,0.0396233817183209,,,,,,,,,,,,,,,,,,,,,,
3,inactive,7,yellow,12,0-12,,,,66.48,43133.52,5.0,13.296,,,,,,,,,,,,,1,115.88,115.88,0.0026865416965738,2.3183825479580617e-05,,,,,,,,,,,,,,,,1.0,1.24,1.24,2.8747943594679963e-05,2.3183825479580617e-05,,,,,,,,,,,,,,,,,,,,,,,,,,,,,,1.6869536156187954,44.0,0.0383398549004271,0.0143956985967522,2.168462602991335,0.0450102457933359,0.0010200883211015,1667.0,983.0,81.0,0.5896820635872825,0.0485902819436112,0.0,32.0,0.0,0.0,0.0,0.0,0.0,0.0,0.0,32.0,0.0,0.0,0.0,0.0,0.0,1.0,0.0,0.0,0.0,0.0,,
3,inactive,8,blue,12,0-12,,,,108.08,43091.92,3.0,36.026666666666664,,,,,,,,,,,,,1,115.88,115.88,0.0026891352253508,2.3206206639202895e-05,,,,,,,,,,,,,,,,,,,,,,,,,,,,,,,,,,,,,,,,,,,,,,,,,,0.3482171599627999,5.0,0.0696434319925599,0.0544243386241004,1.831634825256997,0.0225802827246567,0.000116031033196,2705.0,1153.6666666666663,550.0,0.4264941466420209,0.2033271719038817,,,,,,,,,,,,,,,,,,,,,,
3,inactive,8,green,12,0-12,2.0,11.04,5.52,74.24,43125.76,9.0,8.248888888888889,0.0002559954885432,4.637599430131782e-05,,,,,,,,,,,1,97.6,97.6,0.0022631485219043,2.318799715065891e-05,,,,,,,,,,,,,,,,,,,,,,,,,,,,,,,1.0,3.24,3.24,7.512911076813488e-05,2.318799715065891e-05,,,,,,,,,,,,,,,3.9191916724663463,37.0,0.1059240992558472,0.0558877819636021,1.6766965845026254,0.0782194123559492,0.0008579558945743,1865.0,1018.6666666666664,115.0,0.546201966041108,0.0616621983914209,0.0,0.0,0.0,278.0,0.0,0.0,0.0,106.0,0.0,0.0,0.0,172.0,0.0,0.0,0.0,0.0,0.0,0.0,0.381294964028777,0.6187050359712231,,
3,inactive,8,red,12,0-12,,,,70.48,43129.52,5.0,14.096,,,,,,,,,,,,,1,115.88,115.88,0.0026867908569351,2.318597563803168e-05,,,,,,,,,,,,,,,,1.0,2.92,2.92,6.77030488630525e-05,2.318597563803168e-05,,,,,,,,,,,,,,,,,,,,,,,,,,,,,,0.5694476163324731,43.0,0.0132429678216854,0.003736150289483,1.953844363229592,0.0084788904007929,0.0009969969524353,1767.0,1024.3333333333337,0.0,0.5797019430296171,0.0,0.0,74.0,0.0,0.0,0.0,0.0,0.0,0.0,0.0,74.0,0.0,0.0,0.0,0.0,0.0,1.0,0.0,0.0,0.0,0.0,,
3,inactive,8,yellow,12,0-12,3.0,108.92,36.306666666666665,,,,,,,,,,,,,,,,,2,10.04,5.02,,,,,,,,,,,,,,,,,,,,,,,,,,,,1.0,2.2,2.2,,,,,,,,,,,,,,,,,,,,,,0.3551329092417073,115.0,0.0030881122542757,0.0021052628271519,2.3313702107372274,0.0023653573158466,,,,,,,0.0,0.0,0.0,2726.0,0.0,0.0,0.0,106.0,0.0,0.0,0.0,2620.0,0.0,0.0,0.0,0.0,0.0,0.0,0.0388848129126925,0.9611151870873074,,
