day,phase,box,mouse,time_bin,time_window,s_wall_count,s_wall_duration,s_wall_mean_duration,nest_duration,outside_nest_duration,nest_count,nest_mean_duration,s_wall_duration_fraction,s_wall_event_rate,ramp1_count,ramp1_duration,ramp1_mean_duration,ramp1_duration_fraction,ramp1_event_rate,ramp2_count,ramp2_duration,ramp2_mean_duration,ramp2_duration_fraction,ramp2_event_rate,non_wall_count,non_wall_duration,non_wall_mean_duration,non_wall_duration_fraction,non_wall_event_rate,woodstick_count,woodstick_duration,woodstick_mean_duration,woodstick_duration_fraction,woodstick_event_rate,feeder_prox_count,feeder_prox_duration,feeder_prox_mean_duration,feeder_prox_duration_fraction,feeder_prox_event_rate,feeder_dist_count,feeder_dist_duration,feeder_dist_mean_duration,feeder_dist_duration_fraction,feeder_dist_event_rate,water_prox_count,water_prox_duration,water_prox_mean_duration,water_prox_duration_fraction,water_prox_event_rate,water_dist_count,water_dist_duration,water_dist_mean_duration,water_dist_duration_fraction,water_dist_event_rate,motionless_count,motionless_duration,motionless_mean_duration,motionless_duration_fraction,motionless_event_rate,speeding_count,speeding_duration,speeding_mean_duration,speeding_duration_fraction,speeding_event_rate,chasing_duration,chasing_count,chasing_mean_duration,chased_duration,chased_count,chased_mean_duration,chasing_duration_fraction,chasing_event_rate,chased_duration_fraction,chased_event_rate,chasing_duration_ratio,chased_duration_ratio,chasing_event_ratio,chased_event_ratio,total_distance,valid_locomotion_duration,mean_speed,median_speed,mean_abs_angular_velocity,mean_abs_acceleration,valid_locomotion_duration_fraction,nest_frames,weighted_sum,alone_sum,weighted_co_occupancy,alone_fraction,feeding_frames,drinking_frames,ramps_frames,s_wall_frames,feeding_together_frames,drinking_together_frames,ramps_together_frames,s_wall_together_frames,feeding_alone_frames,drinking_alone_frames,ramps_alone_frames,s_wall_alone_frames,feeding_together_fraction,feeding_alone_fraction,drinking_together_fraction,drinking_alone_fraction,ramps_together_fraction,ramps_alone_fraction,s_wall_together_fraction,s_wall_alone_fraction,normDS,rank
1,active,1,blue,24,12-24,507.0,2432.12,4.797080867850099,12863.92,30336.08,355,36.23639436619718,0.0801725206420869,0.0167127723819293,284.0,1068.4,3.761971830985916,0.0352187889799868,0.0093617896577276,230.0,846.8,3.6817391304347824,0.027913955923112,0.0075817310608358,1072,32997.72,30.7814552238806,1.0877384289598393,0.0353374595531129,37.0,65.96,1.7827027027027025,0.0021743086120553,0.0012196697793518,313.0,2699.28,8.623897763578276,0.088979195729969,0.0103177470523548,146.0,1360.36,9.317534246575342,0.0448429724605156,0.0048127510212262,205.0,1163.2,5.674146341463415,0.0383437807389748,0.006757629858571,92.0,368.2,4.002173913043478,0.0121373625069554,0.0030326924243343,447,2358.24,5.275704697986576,0.077737136769154,0.0147349294964939,54.0,130.72,2.4207407407407406,0.0043090603664019,0.0017800585968918,101.6,95.0,1.0694736842105264,0.0,0.0,0.0,0.0033491472860039,0.003131584568606,0.0,0.0,1.0,0.0,1.0,0.0,1430.4486066075074,28405,0.0503590426547265,0.0144884565532808,1.8972385850136124,0.0425006437489929,0.9363437860132224,321953,210115.99999999997,28354,0.6526294210645652,0.0880687553773376,101950.0,38582.0,48394.0,61310.0,15444.0,1517.0,4938.0,7333.0,86506.0,37065.0,43456.0,53977.0,0.1514860225600784,0.8485139774399215,0.0393188533513037,0.9606811466486964,0.1020374426581807,0.8979625573418192,0.1196052846191485,0.8803947153808515,3.0,Alpha
1,active,1,green,24,12-24,139.0,1039.68,7.479712230215828,28963.24,14236.759999999998,945,30.648931216931217,0.0730278518426945,0.0097634574158727,63.0,365.64,5.803809523809524,0.0256828098528035,0.0044251641525178,61.0,435.8,7.144262295081967,0.0306108974232901,0.0042846827508506,249,39099.84,157.0274698795181,2.746400164082277,0.0174899345075705,5.0,14.64,2.928,0.0010283238602041,0.000351203504168,243.0,2853.64,11.743374485596709,0.2004416735268418,0.0170684903025688,69.0,484.44,7.020869565217391,0.0340274051118372,0.0048466083575195,75.0,544.48,7.259733333333333,0.0382446567898875,0.0052680525625212,19.0,58.6,3.0842105263157897,0.0041161050688499,0.0013345733158387,133,615.48,4.627669172932331,0.0432317465490743,0.009342013210871,4.0,11.76,2.94,0.0008260306418033,0.0002809628033344,1.6,2.0,0.8,30.0,28.0,1.0714285714285714,0.0001123851213337,0.0001404814016672,0.0021072210250084,0.0019667396233412,0.050632911392405,0.9493670886075948,0.0666666666666666,0.9333333333333332,487.30258403084554,11962,0.0407375509137974,0.0100478380714867,1.9990570776977816,0.0361183546798618,0.8402192633717223,725026,435834.33333333326,38531,0.601129246859193,0.0531443010319629,83764.0,15171.0,20160.0,26131.0,19324.0,1388.0,3032.0,5205.0,64440.0,13783.0,17128.0,20926.0,0.2306957642901485,0.7693042357098515,0.0914903434183639,0.908509656581636,0.1503968253968254,0.8496031746031746,0.1991887030729784,0.8008112969270216,0.9999999999999996,Gamma
1,active,1,red,24,12-24,94.0,1006.12,10.70340425531915,30404.36,12795.64,312,97.4498717948718,0.0786299083125189,0.0073462523171955,63.0,375.88,5.966349206349206,0.0293756310743346,0.0049235520849289,53.0,366.8,6.920754716981132,0.0286660143611417,0.0041420358809719,252,39097.12,155.1473015873016,3.0555032808050244,0.0196942083397157,11.0,25.24,2.2945454545454544,0.0019725468987873,0.0008596678243526,235.0,2674.84,11.382297872340429,0.2090430802992269,0.0183656307929888,80.0,725.52,9.069,0.0567005636294862,0.0062521296316557,79.0,729.16,9.22987341772152,0.0569850355277266,0.00617397801126,47.0,166.6,3.5446808510638297,0.0130200599579231,0.0036731261585977,164,724.04,4.414878048780488,0.0565848992313006,0.0128168657448943,11.0,25.6,2.3272727272727276,0.0020006814821298,0.0008596678243526,1.8,2.0,0.9,19.8,20.0,0.99,0.0001406729167122,0.0001563032407913,0.0015474020838348,0.0015630324079139,0.0833333333333333,0.9166666666666666,0.0909090909090909,0.9090909090909092,355.02323981068525,10905,0.0325560054847029,0.0093170096073384,1.9704040399687852,0.0291689728531968,0.852243420415079,760421,440565.6666666666,76531,0.5793707257777818,0.1006429333224621,85324.0,22520.0,18683.0,25247.0,16097.0,995.0,1752.0,4793.0,69227.0,21525.0,16931.0,20454.0,0.1886573531480005,0.8113426468519994,0.0441829484902309,0.9558170515097693,0.0937750896536958,0.906224910346304,0.1898443379411415,0.8101556620588585,1.2499999999999998,Beta
1,active,1,yellow,24,12-24,266.0,1885.96,7.090075187969925,24218.56,18981.44,419,57.80085918854416,0.0993581098167473,0.0140136891616231,132.0,626.84,4.748787878787879,0.0330238380228265,0.0069541615388505,209.0,1080.8,5.1712918660287075,0.0569398317514371,0.0110107557698467,463,38004.76,82.08371490280778,2.0022063657973264,0.024392248427938,10.0,18.96,1.896,0.0009988704755803,0.0005268304196098,240.0,2653.92,11.058,0.1398165787211086,0.0126439300706374,101.0,865.92,8.573465346534652,0.0456192996948598,0.0053209872380599,91.0,799.48,8.785494505494505,0.0421190383869716,0.00479415681845,34.0,201.28,5.92,0.0106040426859079,0.0017912234266736,262,1113.32,4.249312977099237,0.0586530842760085,0.0138029569937791,9.0,22.12,2.457777777777778,0.001165348888177,0.0004741473776489,0.0,0.0,0.0,55.2,51.0,1.0823529411764707,0.0,0.0,0.0029081039162466,0.0026868351400104,0.0,1.0,0.0,1.0,706.4198714501061,17035,0.0414687332814855,0.01154272405449,2.0366344821610034,0.0373206849135818,0.8974556198054521,605883,398165.99999999994,21377,0.6571664826377369,0.0352823895042442,88337.0,25144.0,43032.0,47415.0,12778.0,1733.0,5092.0,9389.0,75559.0,23411.0,37940.0,38026.0,0.1446505994090811,0.8553494005909189,0.0689230034998409,0.9310769965001592,0.1183305447109128,0.8816694552890872,0.1980175050089634,0.8019824949910366,0.0,Delta
1,active,2,blue,24,12-24,228.0,1867.96,8.19280701754386,18103.2,25096.8,222,81.54594594594595,0.0744302062414331,0.0090848235631634,131.0,1020.36,7.789007633587787,0.0406569761881992,0.0052197889770807,177.0,938.28,5.301016949152542,0.0373864397054604,0.0070526919766663,556,36004.16,64.75568345323741,1.4346115839469575,0.0221542188645564,31.0,66.8,2.1548387096774193,0.0026616939211373,0.0012352172388511,271.0,2042.56,7.537121771217712,0.081387268496382,0.0107981894106021,312.0,2759.36,8.844102564102565,0.1099486787160116,0.0124318638232762,79.0,442.16,5.596962025316456,0.0176181823977558,0.0031478116732013,71.0,616.96,8.689577464788734,0.0245832137961811,0.0028290459341429,321,1586.68,4.942928348909658,0.063222402856141,0.0127904752797169,31.0,74.4,2.4000000000000004,0.0029645213732428,0.0012352172388511,3.2,3.0,1.0666666666666669,43.4,38.0,1.1421052631578947,0.0001275062956233,0.0001195371521468,0.0017293041343916,0.0015141372605272,0.0686695278969957,0.9313304721030042,0.073170731707317,0.926829268292683,694.4140859321834,23309,0.0297916721408976,0.007910118970356,2.059803665203495,0.0270475018085263,0.9287638264639316,452802,278179.6666666666,39585,0.6143516739472586,0.0874223170392357,120631.0,26628.0,49274.0,46927.0,33053.0,3378.0,11259.0,13519.0,87578.0,23250.0,38015.0,33408.0,0.2740008787127687,0.7259991212872313,0.1268589454709328,0.8731410545290671,0.2284977878800178,0.7715022121199822,0.2880857502077695,0.7119142497922305,0.0,Delta
1,active,2,green,24,12-24,279.0,2377.08,8.52,18425.64,24774.36,656,28.087865853658535,0.0959491990913186,0.0112616430858355,180.0,1160.96,6.449777777777778,0.0468613518169591,0.00726557618441,184.0,967.04,5.2556521739130435,0.0390339044076214,0.0074270334329524,673,34411.52,51.13153046062406,1.3889973343408264,0.0271651820672663,15.0,42.84,2.8560000000000003,0.0017292071318895,0.0006054646820341,144.0,3266.4,22.683333333333337,0.1318459891597603,0.005812460947528,205.0,2111.48,10.29990243902439,0.0852284377881002,0.0082746839878002,75.0,611.72,8.156266666666667,0.024691657019596,0.0030273234101708,63.0,453.8,7.203174603174603,0.0183173248471403,0.0025429516645435,350,1536.2,4.389142857142858,0.0620076563027258,0.0141275092474639,26.0,74.2,2.853846153846154,0.0029950319604623,0.0010494721155258,5.2,5.0,1.04,20.8,22.0,0.9454545454545454,0.0002098944231051,0.000201821560678,0.0008395776924207,0.0008880148669834,0.2,0.8,0.1851851851851851,0.8148148148148148,874.1017308855618,22758,0.0384085478023359,0.0096653143882968,1.977707993403036,0.0337451617695311,0.918611015582239,461297,252176.99999999997,81110,0.546669499259696,0.1758303218967389,134796.0,26776.0,53564.0,59706.0,29332.0,3930.0,11606.0,15783.0,105464.0,22846.0,41958.0,43923.0,0.2176028962283747,0.7823971037716253,0.1467732297579922,0.8532267702420078,0.216675378985886,0.7833246210141139,0.2643452919304592,0.7356547080695407,0.6166666666666665,Gamma
1,active,2,red,24,12-24,379.0,3397.8,8.965171503957784,15364.44,27835.56,174,88.30137931034483,0.1220668813560783,0.0136156772128888,332.0,1384.4,4.16987951807229,0.0497349433602198,0.0119271895374118,310.0,1021.2,3.294193548387097,0.0366868854084487,0.0111368336042098,853,32338.6,37.9116060961313,1.1617729264293586,0.0306442550464226,82.0,172.44,2.1029268292682928,0.0061949535055159,0.0029458721146619,221.0,1840.8,8.329411764705883,0.066131236447192,0.0079394846017109,385.0,3765.92,9.781610389610387,0.1352916916347291,0.0138312288310348,86.0,379.0,4.406976744186046,0.0136156772128888,0.0030895731934259,102.0,569.8,5.586274509803921,0.0204702186699315,0.0036643775084819,446,2240.68,5.0239461883408065,0.0804970332912289,0.0160226702821858,18.0,45.6,2.533333333333333,0.0016381922979095,0.0006466548544379,24.8,23.0,1.0782608695652174,5.0,5.0,1.0,0.0008909466883367,0.0008262812028929,0.0001796263484549,0.0001796263484549,0.8322147651006712,0.1677852348993288,0.8214285714285714,0.1785714285714285,1067.508880957063,26084,0.0409258120287173,0.0128557193840498,1.9687831487786949,0.0376328197295699,0.9370747346200328,384285,236872.3333333333,40346,0.6163975521639755,0.1049897862263684,140774.0,23908.0,60782.0,85324.0,32357.0,3876.0,10977.0,21277.0,108417.0,20032.0,49805.0,64047.0,0.2298506826544674,0.7701493173455326,0.1621214656182031,0.8378785343817969,0.1805962291467868,0.8194037708532131,0.2493671182785617,0.7506328817214383,2.8333333333333335,Alpha
1,active,2,yellow,24,12-24,485.0,3650.96,7.527752577319588,12945.64,30254.36,276,46.90449275362319,0.1206754993329887,0.0160307473038596,230.0,1242.0,5.4,0.0410519343327705,0.0076022100616241,223.0,1163.0,5.2152466367713,0.0384407404420387,0.007370838451053,955,33083.68,34.64259685863875,1.0935177607458892,0.0315656982993525,20.0,49.32,2.466,0.00163017826191,0.000661061744489,159.0,1048.84,6.596477987421383,0.0346674000044952,0.005255440868688,254.0,1571.12,6.185511811023622,0.0519303664000824,0.008395484155011,67.0,345.56,5.157611940298508,0.0114218248212819,0.0022145568440383,117.0,878.36,7.507350427350428,0.0290325096944704,0.0038672112052609,407,1940.6,4.768058968058968,0.0641428210677733,0.0134526065003523,26.0,60.28,2.3184615384615386,0.00199244009789,0.0008593802678357,43.4,42.0,1.0333333333333332,7.4,8.0,0.925,0.0014345039855412,0.001388229663427,0.0002445928454609,0.0002644246977956,0.8543307086614174,0.1456692913385827,0.84,0.16,1159.5907297434514,28420,0.0408019257474824,0.0140342925669774,1.9926718938945147,0.036446298849297,0.9393687389189525,323917,208901.66666666663,35744,0.6449234423221586,0.1103492561366028,65912.0,30782.0,60578.0,91759.0,17737.0,4020.0,13114.0,24022.0,48175.0,26762.0,47464.0,67737.0,0.2691012258769268,0.7308987741230731,0.1305958027418621,0.8694041972581379,0.2164812308098649,0.7835187691901351,0.2617944833749278,0.7382055166250722,2.688888888888889,Beta
1,active,3,blue,24,12-24,364.0,1616.52,4.440989010989011,15678.04,27521.96,391,40.097289002557545,0.0587356423743076,0.0132258022321084,352.0,1273.04,3.616590909090909,0.0462554265757235,0.012789786773907,265.0,957.16,3.611924528301887,0.0347780463310025,0.0096286747019471,990,34266.6,34.61272727272727,1.2450639416669451,0.0359712753016136,32.0,61.4,1.91875,0.0022309457611303,0.001162707888537,564.0,4529.88,8.031702127659575,0.1645914753164382,0.0204927265354647,142.0,620.36,4.368732394366197,0.0225405458041505,0.0051595162553829,127.0,812.28,6.395905511811024,0.0295138863656512,0.0046144969326312,54.0,123.16,2.2807407407407405,0.0044749719860068,0.0019620695619062,438,2056.72,4.695707762557078,0.0747301427659948,0.0159145642243503,44.0,109.36,2.485454545454546,0.0039735542090752,0.0015987233467383,132.4,113.0,1.1716814159292035,0.0,0.0,0.0,0.0048107038888218,0.0041058122313963,0.0,0.0,1.0,0.0,1.0,0.0,1526.0548980620374,25545,0.0597398668256816,0.0197297109735643,1.873183584269278,0.0511020376113244,0.9281679066461836,392342,310837.6666666666,3859,0.7922620230988949,0.0098358065157439,129462.0,23567.0,56372.0,40777.0,9477.0,527.0,6112.0,3073.0,119985.0,23040.0,50260.0,37704.0,0.0732029475830745,0.9267970524169254,0.0223617770611448,0.9776382229388552,0.1084226211594408,0.8915773788405591,0.0753611104298992,0.9246388895701008,3.0,Alpha
1,active,3,green,24,12-24,42.0,199.04,4.739047619047619,37917.88,5282.120000000003,934,40.597301927194856,0.0376818398673259,0.0079513528658947,10.0,49.68,4.968,0.0094053145328012,0.0018931792537844,19.0,116.88,6.151578947368421,0.0221274791182328,0.0035970405821904,79,41156.32,520.9660759493671,7.791629118611462,0.0149561161048972,3.0,5.8,1.9333333333333331,0.0010980439671949,0.0005679537761353,60.0,205.16,3.4193333333333333,0.038840465570642,0.0113590755227067,15.0,38.4,2.56,0.0072698083345323,0.0028397688806766,27.0,153.4,5.681481481481482,0.0290413697530536,0.005111583985218,8.0,33.08,4.135,0.006262636971519,0.0015145434030275,28,124.48,4.445714285714286,0.023566295351109,0.0053009019105965,2.0,4.16,2.08,0.0007875625695743,0.0003786358507568,0.0,0.0,0.0,20.2,18.0,1.1222222222222222,0.0,0.0,0.0038242220926446,0.003407722656812,0.0,1.0,0.0,1.0,205.598221369459,3083,0.0666877137104959,0.0212521485170713,1.7906607007434092,0.0553150824112687,0.5836671639417503,948881,578232.9999999999,39128,0.6093841061207884,0.0412359400177683,6164.0,4697.0,4193.0,5018.0,803.0,422.0,1347.0,1731.0,5361.0,4275.0,2846.0,3287.0,0.1302725502920181,0.8697274497079819,0.0898445816478603,0.9101554183521396,0.3212497018840925,0.6787502981159075,0.3449581506576325,0.6550418493423675,0.75,Delta
1,active,3,red,24,12-24,92.0,717.68,7.800869565217391,33671.88,9528.120000000004,263,128.0299619771863,0.0753223091228909,0.0096556298619244,61.0,341.6,5.6000000000000005,0.0358517734873196,0.0064021024084499,98.0,576.2,5.879591836734694,0.060473629635227,0.0102853448529195,245,39286.68,160.35379591836735,4.123235223737734,0.0257133621322989,24.0,49.52,2.0633333333333335,0.0051972477256793,0.0025188599639803,158.0,1268.52,8.028607594936709,0.1331343433961788,0.0165824947628703,50.0,262.4,5.247999999999999,0.0275395356061846,0.0052476249249589,36.0,287.16,7.9766666666666675,0.0301381594690243,0.0037782899459704,19.0,60.68,3.1936842105263157,0.0063685176089301,0.0019940974714844,149,556.6,3.735570469798658,0.0584165606646431,0.0156379222763777,21.0,56.52,2.6914285714285717,0.0059319152151736,0.0022040024684827,0.0,0.0,0.0,21.0,21.0,1.0,0.0,0.0,0.0022040024684827,0.0022040024684827,0.0,1.0,0.0,1.0,380.6852976339735,7709,0.0493819299045237,0.0110134444519603,1.8892433582986192,0.0449898228430455,0.8090788109301726,842060,527648.9999999999,37359,0.6266168681566633,0.0443661971830985,38481.0,8751.0,23104.0,18034.0,3574.0,500.0,1749.0,666.0,34907.0,8251.0,21355.0,17368.0,0.0928770042358566,0.9071229957641432,0.0571363272768826,0.9428636727231172,0.0757011772853185,0.9242988227146814,0.0369302428745702,0.9630697571254296,0.75,Beta
1,active,3,yellow,24,12-24,151.0,1342.32,8.88953642384106,24321.04,18878.96,306,79.480522875817,0.0711013742282413,0.0079983219414628,127.0,820.0,6.456692913385827,0.043434595973507,0.0067270654739455,100.0,515.48,5.1548,0.0273044701614919,0.0052969019479886,394,38105.0,96.71319796954316,2.018384487281079,0.0208697936750753,12.0,30.68,2.556666666666666,0.0016250895176429,0.0006356282337586,308.0,3492.2,11.338311688311688,0.18497840982766,0.016314457999805,106.0,743.36,7.012830188679246,0.0393750503205685,0.0056147160648679,67.0,605.32,9.034626865671642,0.0320632068715649,0.0035489243051524,43.0,171.96,3.9990697674418607,0.0091085525897613,0.0022776678376351,227,935.8,4.122466960352423,0.0495684084292778,0.0120239674219342,25.0,62.24,2.4896000000000003,0.0032967917724281,0.0013242254869971,0.0,0.0,0.0,91.2,74.0,1.2324324324324325,0.0,0.0,0.0048307745765656,0.0039197074415116,0.0,1.0,0.0,1.0,570.7276009146902,17024,0.0335248825725264,0.008003496982994,2.0185659361999586,0.0309722038943431,0.9017445876255896,608332,456915.6666666666,3104,0.7510958928129157,0.0051024769369357,106303.0,19542.0,33614.0,33709.0,6915.0,1301.0,6559.0,3942.0,99388.0,18241.0,27055.0,29767.0,0.0650499045182168,0.9349500954817832,0.066574557363627,0.933425442636373,0.1951270304039983,0.8048729695960016,0.1169420629505473,0.8830579370494527,0.75,Gamma
1,active,4,blue,24,12-24,465.0,3449.36,7.417978494623656,13379.64,29820.36,315,42.475047619047615,0.1156713064496874,0.0155933731182319,186.0,752.56,4.046021505376344,0.0252364491910895,0.0062373492472927,260.0,977.76,3.760615384615385,0.0327883365593171,0.0087188752919146,904,32464.4,35.91194690265487,1.088665596257054,0.0303148587072724,89.0,248.8,2.795505617977528,0.0083432929716475,0.0029845380806938,92.0,852.24,9.263478260869563,0.0285791318414667,0.0030851404879082,329.0,5116.2,15.550759878419452,0.1715673452634374,0.0110327306578458,84.0,352.52,4.196666666666666,0.0118214535304067,0.0028168674020031,125.0,938.32,7.50656,0.0314657502458052,0.0041917669672666,448,2234.44,4.987589285714286,0.0749300142587145,0.0150232928106837,67.0,201.4,3.0059701492537316,0.00675377493766,0.0022467870944549,222.2,185.0,1.201081081081081,0.0,0.0,0.0,0.0074512849610132,0.0062038151115546,0.0,0.0,1.0,0.0,1.0,0.0,1234.3732836190056,27938,0.0441825930137807,0.0117706841104571,1.9239911580523377,0.037716905639052,0.9368766842519676,334806,247617.66666666663,21071,0.7395855112114678,0.0629349533759849,149632.0,32480.0,43704.0,86699.0,21954.0,1836.0,3612.0,6240.0,127678.0,30644.0,40092.0,80459.0,0.1467199529512403,0.8532800470487596,0.0565270935960591,0.9434729064039408,0.0826468973091707,0.9173531026908291,0.0719731484792212,0.9280268515207788,3.0,Alpha
1,active,4,green,24,12-24,130.0,1433.4,11.026153846153846,25029.84,18170.16,628,39.85643312101911,0.0788875827180388,0.0071545875215187,67.0,371.08,5.538507462686567,0.0204224949037322,0.0036873643380135,75.0,417.32,5.564266666666667,0.0229673266498478,0.00412764664703,416,37225.16,89.4835576923077,2.0486974247887746,0.0228946800688601,12.0,41.4,3.4499999999999997,0.0022784609491606,0.0006604234635248,49.0,251.08,5.124081632653062,0.0138182602684841,0.0026967291427263,214.0,3336.12,15.589345794392525,0.183604327094533,0.0117775517661924,49.0,338.12,6.900408163265306,0.0186085317905841,0.0026967291427263,47.0,340.16,7.237446808510639,0.0187208037793833,0.0025866585654721,249,1110.56,4.46008032128514,0.0611199901376762,0.0137037868681398,39.0,98.44,2.524102564102564,0.0054176738124485,0.0021463762564556,0.0,0.0,0.0,57.2,50.0,1.144,0.0,0.0,0.0031480185094682,0.0027517644313533,0.0,1.0,0.0,1.0,530.7364973138635,16114,0.0329363595205326,0.0074057822775439,1.979825303206097,0.0285719215969474,0.8868386409365685,626374,385908.33333333326,49447,0.6160989015082574,0.0789416546663814,89943.0,17053.0,19852.0,35965.0,12304.0,1121.0,2805.0,5215.0,77639.0,15932.0,17047.0,30750.0,0.1367977496859121,0.8632022503140878,0.0657362340937078,0.934263765906292,0.141295587346363,0.858704412653637,0.1450020853607674,0.8549979146392326,0.0,Delta
1,active,4,red,24,12-24,166.0,1495.28,9.007710843373491,27132.4,16067.6,232,116.95,0.0930618138365406,0.0103313500460554,87.0,466.36,5.360459770114943,0.0290248699245686,0.0054146232169085,85.0,498.72,5.867294117647059,0.0310388608130648,0.0052901491199681,410,37472.36,91.396,2.332169085613284,0.0255171898727874,50.0,153.04,3.0608,0.0095247578978814,0.0031118524235106,43.0,207.44,4.8241860465116275,0.012910453334661,0.0026761930842191,232.0,3379.32,14.56603448275862,0.2103189026363613,0.0144389952450894,49.0,350.72,7.157551020408164,0.0218277776394732,0.0030496153750404,64.0,474.2,7.409375,0.0295128083845751,0.0039831711020936,255,1166.76,4.575529411764706,0.0726156986731061,0.0158704473599044,25.0,90.72,3.6288,0.0056461450372177,0.0015559262117553,3.2,4.0,0.8,71.2,53.0,1.3433962264150945,0.0001991585551046,0.0002489481938808,0.0044312778510791,0.0032985635689213,0.043010752688172,0.956989247311828,0.0701754385964912,0.9298245614035088,560.1221516392364,14264,0.0392682383370188,0.0107441648673324,2.015283222384518,0.0350080275409512,0.8877492593791232,678542,419884.99999999994,45683,0.6188047313209794,0.0673252355786377,89944.0,20736.0,24299.0,37548.0,10574.0,1356.0,4150.0,6289.0,79370.0,19380.0,20149.0,31259.0,0.1175620386017966,0.8824379613982033,0.0653935185185185,0.9346064814814816,0.1707889213547882,0.8292110786452117,0.1674922765526792,0.8325077234473207,1.125,Gamma
1,active,4,yellow,24,12-24,151.0,932.28,6.1740397350993375,26372.72,16827.28,409,64.48097799511002,0.0554028933969126,0.0089735239444521,139.0,866.0,6.23021582733813,0.0514640512310961,0.0082603962137671,223.0,1218.52,5.464215246636771,0.0724133668661839,0.0132522903285617,540,36833.16,68.20955555555557,2.1888956503962618,0.0320907478808221,47.0,140.0,2.978723404255319,0.0083198235246575,0.0027930836118493,97.0,675.76,6.9665979381443295,0.0401585996073043,0.0057644491563698,130.0,1011.2,7.778461538461539,0.0600928967723839,0.0077255504157534,69.0,452.56,6.558840579710145,0.0268944238165645,0.0041004844514383,74.0,213.64,2.887027027027026,0.0126960506986274,0.0043976210058904,192,883.72,4.602708333333333,0.0525171031800742,0.0114100436909589,13.0,32.92,2.5323076923076924,0.0019563470745123,0.0007725550415753,6.8,5.0,1.36,103.8,91.0,1.1406593406593406,0.0004041057140547,0.000297136554452,0.0061685548704246,0.0054078852910274,0.0614828209764918,0.9385171790235082,0.0520833333333333,0.9479166666666666,724.1912077906773,14900,0.0486034367644749,0.0165987586443379,1.9652474623708,0.043379632652747,0.8854669322671282,659727,411771.6666666666,42350,0.6241546377011501,0.0641932193164748,42401.0,16798.0,52475.0,23458.0,10480.0,1402.0,5484.0,4385.0,31921.0,15396.0,46991.0,19073.0,0.247163981981557,0.7528360180184429,0.0834623169424931,0.9165376830575068,0.104506908051453,0.895493091948547,0.1869298320402421,0.8130701679597578,1.875,Beta
1,active,5,blue,24,12-24,307.0,2223.0,7.241042345276873,13452.8,29747.2,245,54.90938775510204,0.0747297224612736,0.0103202990533562,212.0,1173.68,5.53622641509434,0.0394551419965576,0.0071267211703958,297.0,1342.16,4.519057239057239,0.0451188683304647,0.009984132960413,820,33935.4,41.38463414634146,1.1407930830464716,0.0275656196213425,36.0,96.12,2.67,0.00323122848537,0.0012101979345955,206.0,2162.4,10.497087378640778,0.0726925559380378,0.0069250215146299,306.0,3132.64,10.237385620915031,0.105308734939759,0.0102866824440619,63.0,319.08,5.064761904761904,0.0107263876936316,0.0021178463855421,126.0,921.6,7.314285714285714,0.0309810671256454,0.0042356927710843,432,2068.72,4.788703703703703,0.0695433519793459,0.0145223752151462,52.0,120.8,2.323076923076923,0.0040608864027538,0.0017480636833046,20.0,21.0,0.9523809523809524,43.8,35.0,1.2514285714285711,0.0006723321858864,0.0007059487951807,0.0014724074870912,0.0011765813253012,0.3134796238244514,0.6865203761755486,0.375,0.625,1073.4158788308855,27944,0.0384131076020213,0.0095365170366385,2.0358147846060923,0.034793951353813,0.939382530120482,336565,194302.3333333333,38006,0.577309979746359,0.1129232094840521,132888.0,31206.0,63405.0,55882.0,30407.0,2462.0,10816.0,10946.0,102481.0,28744.0,52589.0,44936.0,0.2288167479381133,0.7711832520618866,0.0788950842786643,0.9211049157213356,0.1705859159372289,0.8294140840627711,0.1958770265917468,0.8041229734082531,2.2916666666666665,Beta
1,active,5,green,24,12-24,132.0,1474.64,11.171515151515152,16650.44,26549.56,449,37.08338530066815,0.0555429167187704,0.0049718338081685,110.0,787.8,7.161818181818181,0.0296728081369333,0.0041431948401404,91.0,646.88,7.1085714285714285,0.024364998892637,0.0034275520950253,477,36076.6,75.63228511530399,1.3588398451801085,0.0179663994431546,3.0,9.92,3.306666666666666,0.0003736408437653,0.0001129962229129,85.0,1001.36,11.780705882352942,0.0377166325920278,0.0032015596491994,258.0,5020.2,19.45813953488372,0.1890878794224838,0.0097176751705113,48.0,234.6,4.8875,0.0088363046317905,0.0018079395666067,74.0,726.04,9.811351351351352,0.0273465925612326,0.0027872401651854,371,1795.4,4.839353099730459,0.0676244728726201,0.0139738662335646,55.0,137.4,2.4981818181818185,0.0051752270094118,0.0020715974200702,0.8,1.0,0.8,28.0,25.0,1.12,3.013232611011256e-05,3.7665407637640696e-05,0.0010546314138539,0.000941635190941,0.0277777777777777,0.9722222222222222,0.0384615384615384,0.9615384615384616,710.8222129884626,24625,0.0288658766695822,0.0058137373485504,2.0770911219778525,0.026018146657946,0.9275106630769022,416710,206381.99999999997,64041,0.4952652924095893,0.153682417028629,150882.0,24138.0,36068.0,36998.0,33822.0,1876.0,7935.0,7356.0,117060.0,22262.0,28133.0,29642.0,0.2241619278641587,0.7758380721358412,0.0777197779434916,0.9222802220565084,0.2200011090163025,0.7799988909836975,0.1988215579220498,0.8011784420779502,0.0,Delta
1,active,5,red,24,12-24,381.0,3107.96,8.15737532808399,16174.92,27025.08,259,62.45142857142857,0.1150028048020579,0.0140980156210453,205.0,958.92,4.677658536585366,0.0354825961662278,0.0075855464627671,232.0,1124.6,4.847413793103448,0.0416131978147705,0.0085846184359121,834,32308.32,38.738992805755394,1.1954939633851225,0.0308602231704771,13.0,21.48,1.6523076923076925,0.0007948172586353,0.0004810346537364,162.0,1520.44,9.385432098765431,0.0562603329943889,0.0059944318388696,201.0,1858.2,9.244776119402983,0.0687583533517754,0.007437535800079,60.0,280.08,4.668,0.0103637066014235,0.0022201599403221,110.0,897.88,8.162545454545455,0.0332239534536068,0.0040702932239238,423,1893.64,4.476690307328606,0.0700697278231923,0.0156521275792708,25.0,68.56,2.7424,0.0025369027584747,0.0009250666418008,77.4,64.0,1.209375,0.8,1.0,0.8,0.0028640063230155,0.0023681706030102,2.960213253762801e-05,3.7002665672035014e-05,0.989769820971867,0.0102301790281329,0.9846153846153848,0.0153846153846153,1018.3736544646686,25205,0.0404036363604312,0.0117447464049167,2.0066574843712197,0.0367699109053005,0.9326521882636424,404632,214895.3333333333,57948,0.5310883304665308,0.1432116095612803,84829.0,29619.0,52525.0,78080.0,25617.0,1864.0,9458.0,10953.0,59212.0,27755.0,43067.0,67127.0,0.3019839913237218,0.6980160086762781,0.062932577062021,0.937067422937979,0.1800666349357448,0.8199333650642551,0.1402792008196721,0.8597207991803278,3.0,Alpha
1,active,5,yellow,24,12-24,219.0,1671.68,7.63324200913242,17653.28,25546.72,255,69.22854901960784,0.0654361890684988,0.0085725290761397,172.0,982.04,5.70953488372093,0.0384409427120193,0.0067327625620823,168.0,1073.88,6.392142857142858,0.0420359247684242,0.0065761866885455,581,35944.76,61.86705679862307,1.407020549017643,0.0227426456312199,23.0,49.04,2.132173913043478,0.0019196202095611,0.0009003112728365,135.0,4022.56,29.79674074074074,0.157458961463546,0.0052844357318669,136.0,1449.2,10.655882352941177,0.056727438982382,0.0053235797002511,54.0,340.56,6.306666666666667,0.013330869872923,0.0021137742927467,61.0,744.2,12.2,0.0291309412715213,0.0023877820714361,368,1623.24,4.410978260869565,0.0635400552399681,0.0144049803653854,43.0,109.36,2.5432558139534884,0.004280784382496,0.0016831906405205,1.8,2.0,0.9,27.4,27.0,1.0148148148148148,7.045914309155931e-05,7.828793676839922e-05,0.001072544733727,0.0010568871463733,0.0616438356164383,0.9383561643835616,0.0689655172413793,0.9310344827586208,734.9840786723812,23762,0.0309310697193999,0.0067016162239635,2.094752806097828,0.0278727551781332,0.9301389767453512,441587,242811.66666666663,42818,0.5498614467062359,0.0969639051874262,137065.0,27234.0,51738.0,42011.0,34218.0,2145.0,10525.0,9798.0,102847.0,25089.0,41213.0,32213.0,0.2496479772370773,0.7503520227629227,0.0787618418153778,0.9212381581846222,0.2034288144110711,0.7965711855889288,0.2332246316440932,0.7667753683559068,0.2499999999999995,Gamma
1,active,6,blue,24,12-24,194.0,1808.2,9.320618556701032,22310.6,20889.4,251,88.88685258964144,0.086560647984145,0.0092870068072802,154.0,894.72,5.80987012987013,0.0428312924258236,0.0073721600428925,131.0,950.56,7.256183206106869,0.0455044185089088,0.0062711231533696,521,35694.52,68.51155470249519,1.708738403209283,0.0249408791061495,13.0,34.04,2.6184615384615384,0.0016295345964939,0.0006223251984259,162.0,1168.04,7.210123456790123,0.0559154403668846,0.0077551293957701,250.0,2426.08,9.70432,0.1161392859536415,0.011967792277423,39.0,347.48,8.90974358974359,0.0166342738422357,0.0018669755952779,56.0,385.48,6.883571428571429,0.018453378268404,0.0026807854701427,293,1331.08,4.542935153583618,0.0637203557785288,0.0140262525491397,25.0,61.72,2.4688,0.0029546085574501,0.0011967792277422,4.2,5.0,0.8400000000000001,23.8,27.0,0.8814814814814815,0.0002010589102607,0.0002393558455484,0.0011393338248106,0.0012925215659616,0.15,0.85,0.15625,0.84375,622.253125382561,19069,0.0326316600441848,0.0091011854093977,1.9896542326882865,0.0295627139496065,0.9128553237527166,558016,289313.6666666666,88260,0.5184684071185532,0.1581675077417135,90265.0,18419.0,46417.0,45399.0,18914.0,849.0,10758.0,9002.0,71351.0,17570.0,35659.0,36397.0,0.2095385808452888,0.7904614191547111,0.0460937075845594,0.9539062924154406,0.2317685330805524,0.7682314669194477,0.1982863058657679,0.801713694134232,0.2863636363636366,Gamma
1,active,6,green,24,12-24,169.0,978.08,5.787455621301776,21009.68,22190.32,561,37.45040998217469,0.0440768767642828,0.0076159334340379,130.0,721.48,5.549846153846154,0.0325132760591104,0.0058584103338753,144.0,784.56,5.448333333333333,0.0353559570118862,0.0064893160621388,512,37530.16,73.30109375,1.6912852090461068,0.0230731237764935,17.0,43.6,2.5647058823529414,0.001964820696592,0.0007660998128913,185.0,1849.0,9.994594594594597,0.0833246208256573,0.0083369685520533,261.0,3571.4,13.68352490421456,0.1609440512800176,0.0117618853626265,79.0,682.44,8.638481012658229,0.0307539503711528,0.0035601108952011,55.0,260.56,4.737454545454545,0.0117420568968811,0.002478558218178,297,1393.48,4.691851851851852,0.0627967510157582,0.0133842143781612,27.0,67.12,2.485925925925926,0.0030247423200746,0.001216746761651,3.4,4.0,0.85,24.8,25.0,0.992,0.0001532199625782,0.0001802587795038,0.0011176044329239,0.001126617371899,0.1205673758865248,0.8794326241134752,0.1379310344827586,0.8620689655172413,768.7707256467903,20220,0.0380203128410875,0.0085936242407841,2.0131323795479616,0.0335387142732008,0.9112081303919908,525803,290881.99999999994,65868,0.5532147971768894,0.1252712517806098,135956.0,23709.0,37925.0,24621.0,14428.0,1839.0,10303.0,6149.0,121528.0,21870.0,27622.0,18472.0,0.1061225690664626,0.8938774309335373,0.0775654814627356,0.9224345185372644,0.2716677653263019,0.7283322346736981,0.2497461516591527,0.7502538483408473,0.1833333333333331,Delta
1,active,6,red,24,12-24,358.0,1528.0,4.268156424581005,16953.76,26246.24,243,69.76855967078188,0.0582178628253037,0.0136400490127347,457.0,2442.92,5.345557986870897,0.0930769512128213,0.0174120178737983,355.0,1855.8,5.227605633802817,0.0707072708319363,0.0135257469260358,1031,32725.08,31.74110572259942,1.246848310462756,0.0392818171288535,9.0,19.76,2.195555555555556,0.00075286974439,0.0003429062600966,207.0,1102.0,5.323671497584541,0.0419869665140606,0.0078868439822237,421.0,2639.52,6.269643705463183,0.1005675479611555,0.0160403928334115,103.0,749.88,7.280388349514563,0.0285709495912557,0.0039243716433287,72.0,264.08,3.667777777777778,0.010061631685148,0.0027432500807734,411,1878.12,4.56963503649635,0.071557678356976,0.0156593858777485,15.0,38.08,2.5386666666666664,0.0014508744871646,0.0005715104334944,38.8,40.0,0.97,13.2,14.0,0.9428571428571428,0.0014783069879723,0.0015240278226519,0.0005029291814751,0.0005334097379281,0.7461538461538461,0.2538461538461538,0.7407407407407407,0.2592592592592592,1203.6072791780912,24428,0.0492716259693012,0.0179115932413496,1.909222850946461,0.0453861802734533,0.9307237912935338,424087,260620.3333333333,32238,0.6145444999100027,0.0760174209537194,94166.0,25524.0,108280.0,38558.0,18815.0,2002.0,16177.0,8132.0,75351.0,23522.0,92103.0,30426.0,0.1998067242953932,0.8001932757046067,0.0784359818210311,0.9215640181789688,0.1493997044698928,0.8506002955301071,0.2109030551377146,0.7890969448622854,2.351731601731602,Beta
1,active,6,yellow,24,12-24,223.0,1832.36,8.216860986547085,17878.08,25321.92,415,43.0797108433735,0.0723626012561448,0.0088065991836322,172.0,1128.76,6.562558139534883,0.0445763986301196,0.0067925338994831,126.0,701.52,5.567619047619048,0.0277040603556128,0.0049759259961329,642,35294.84,54.97638629283489,1.3938453324234497,0.0253535276945824,3.0,6.44,2.146666666666667,0.000254325106469,0.0001184744284793,184.0,1725.88,9.379782608695653,0.0681575488746509,0.0072664316134005,246.0,3058.16,12.431544715447156,0.1207712527328101,0.0097149031353072,92.0,708.44,7.700434782608696,0.0279773413706385,0.0036332158067002,61.0,207.84,3.4072131147540983,0.0082079084050498,0.0024089800457469,333,1465.36,4.40048048048048,0.0578692295055035,0.0131506615612086,20.0,52.36,2.618,0.0020677736917263,0.0007898295231957,19.0,21.0,0.9047619047619048,3.6,4.0,0.9,0.0007503380470359,0.0008293209993554,0.0001421693141752,0.0001579659046391,0.8407079646017699,0.1592920353982301,0.84,0.16,856.4775888414074,23375,0.0366407524638035,0.0099056172202264,1.978750102003698,0.0331260822583451,0.92311325523499,447367,253731.3333333333,59821,0.5671659584487307,0.1337179541629132,120031.0,23060.0,46055.0,46032.0,20793.0,976.0,10810.0,8710.0,99238.0,22084.0,35245.0,37322.0,0.1732302488523798,0.8267697511476202,0.0423243712055507,0.9576756287944492,0.2347193572901965,0.7652806427098034,0.1892161974278762,0.8107838025721238,3.0,Alpha
1,active,7,blue,24,12-24,262.0,1784.2,6.809923664122137,21155.64,22044.36,253,83.6191304347826,0.0809368019756527,0.0118851261728623,193.0,1056.72,5.4752331606217615,0.0479360707228515,0.0087550738601619,238.0,1375.88,5.781008403361345,0.0624141503767857,0.0107964123249665,680,33674.64,49.5215294117647,1.5275852871210596,0.0308468923570473,8.0,13.6,1.7,0.0006169378471409,0.0003629046159652,208.0,2229.92,10.720769230769232,0.1011560326541573,0.0094355200150968,214.0,1383.24,6.463738317757009,0.0627480226234737,0.0097076984770707,64.0,508.72,7.94875,0.023077104529231,0.0029032369277221,35.0,75.92,2.169142857142857,0.0034439648055103,0.001587707694848,346,1561.96,4.514335260115607,0.0708553117441377,0.0156956246404976,22.0,49.04,2.229090909090909,0.002224605295867,0.0009979876939044,6.0,7.0,0.8571428571428571,18.0,18.0,1.0,0.0002721784619739,0.0003175415389696,0.0008165353859218,0.0008165353859218,0.25,0.75,0.28,0.72,844.9685553125167,20226,0.0417763549546384,0.0121791907742316,2.028271988974951,0.0371678540846733,0.9175135953141756,529144,304723.3333333333,50136,0.5758797857168054,0.0947492554011762,90751.0,14715.0,61246.0,44867.0,14647.0,1905.0,9835.0,10290.0,76104.0,12810.0,51411.0,34577.0,0.1613976705490848,0.8386023294509152,0.1294597349643221,0.8705402650356778,0.1605819155536688,0.8394180844463311,0.2293445070987585,0.7706554929012415,0.993956043956044,Gamma
1,active,7,green,24,12-24,169.0,2861.76,16.933491124260357,17267.76,25932.24,480,35.9745,0.1103552951846813,0.0065169842636039,103.0,708.72,6.880776699029126,0.0273296869071086,0.0039718898174627,122.0,1006.36,8.248852459016394,0.0388072916184641,0.0047045685216548,550,34150.72,62.09221818181818,1.316921330359429,0.0212091203845097,4.0,5.72,1.43,0.0002205748519989,0.0001542481482509,135.0,2157.8,15.983703703703704,0.0832091635739913,0.0052058750034705,340.0,3522.48,10.360235294117649,0.1358340043127782,0.0131110926013333,41.0,466.4,11.37560975609756,0.0179853340860642,0.0015810435195725,52.0,368.84,7.093076923076922,0.0142232217502228,0.0020052259272627,342,1494.6,4.370175438596491,0.0576348205939787,0.0131882166754588,66.0,162.36,2.4600000000000004,0.0062609323375072,0.0025450944461411,1.6,2.0,0.8,28.8,25.0,1.152,6.16992593003921e-05,7.712407412549012e-05,0.001110586667407,0.0009640509265686,0.0526315789473684,0.9473684210526316,0.074074074074074,0.925925925925926,639.7446537939024,24007,0.0266482548337527,0.0061667149077673,2.060406233591523,0.0230647010042908,0.9257588237653206,432174,257988.66666666663,27904,0.5969555472255773,0.0645665866063206,142482.0,20974.0,43102.0,71713.0,19543.0,1390.0,8677.0,11408.0,122939.0,19584.0,34425.0,60305.0,0.1371611852725256,0.8628388147274744,0.0662725278916754,0.9337274721083246,0.2013131641223145,0.7986868358776855,0.1590785492170178,0.8409214507829822,0.0,Delta
1,active,7,red,24,12-24,242.0,2319.28,9.583801652892562,18889.64,24310.36,187,101.01411764705882,0.0954029475499334,0.0099546037162756,189.0,1010.68,5.347513227513227,0.0415740449750641,0.0077744632329591,135.0,709.56,5.255999999999999,0.0291875562517379,0.0055531880235422,693,33441.88,48.25668109668109,1.375622574079528,0.0285063651875167,2.0,5.76,2.88,0.0002369360223378,8.226945220062557e-05,191.0,2886.92,15.11476439790576,0.118752663473515,0.0078567326851597,266.0,1728.48,6.498045112781955,0.0711005513698686,0.0109418371426832,89.0,912.64,10.25438202247191,0.0375411964281894,0.0036609906229278,74.0,517.64,6.9951351351351345,0.0212929796185659,0.0030439697314231,380,1924.88,5.065473684210526,0.07917941157597,0.0156311959181188,40.0,97.72,2.443,0.0040196854345225,0.0016453890440125,42.6,37.0,1.1513513513513514,3.2,4.0,0.8,0.0017523393318733,0.0015219848657115,0.000131631123521,0.0001645389044012,0.9301310043668122,0.0698689956331877,0.902439024390244,0.0975609756097561,793.0335679838674,22555,0.0351599897133171,0.0086916934923859,1.969272375180786,0.0324648407104448,0.9277937471925548,472428,287493.3333333333,23635,0.6085442296674484,0.0500287874554429,115842.0,35920.0,43330.0,58224.0,15417.0,2315.0,8738.0,11106.0,100425.0,33605.0,34592.0,47118.0,0.133086445330709,0.8669135546692909,0.0644487750556792,0.9355512249443207,0.2016616662820217,0.7983383337179784,0.1907460840890354,0.8092539159109645,3.0,Alpha
1,active,7,yellow,24,12-24,288.0,1724.48,5.987777777777778,21707.2,21492.8,358,60.634636871508384,0.0802352415692697,0.0133998362242239,228.0,1032.52,4.52859649122807,0.0480402739522072,0.0106082036775106,234.0,1050.28,4.488376068376068,0.0488665971860343,0.0108873669321819,723,35810.0,49.529737206085755,1.666139358296732,0.0336391721878954,8.0,17.92,2.24,0.000833767587285,0.0003722176728951,155.0,1358.4,8.763870967741935,0.0632025608575895,0.0072117174123427,163.0,894.64,5.488588957055215,0.04162510235986,0.0075839350852378,88.0,779.2,8.854545454545455,0.0362540013399836,0.0040943944018462,88.0,499.44,5.675454545454546,0.0232375493188416,0.0040943944018462,301,1361.0,4.5215946843853825,0.0633235316012804,0.0140046899426784,13.0,30.2,2.323076923076923,0.001405121715179,0.0006048537184545,13.2,14.0,0.9428571428571428,13.4,13.0,1.0307692307692309,0.0006141591602769,0.0006513809275664,0.0006234646020993,0.0006048537184545,0.4962406015037593,0.5037593984962406,0.5185185185185185,0.4814814814814814,974.1848492703956,19613,0.0496703640070563,0.0166752763934337,1.9480836358356104,0.0449542887919611,0.9125381523114716,543038,324257.99999999994,36718,0.5971184337007722,0.0676158942836412,56644.0,32142.0,52532.0,43400.0,12324.0,3406.0,9524.0,9618.0,44320.0,28736.0,43008.0,33782.0,0.2175693806934538,0.7824306193065461,0.1059672702383174,0.8940327297616826,0.181299017741567,0.8187009822584329,0.2216129032258064,0.7783870967741936,2.052197802197802,Beta
1,active,8,blue,24,12-24,50.0,404.16,8.0832,29893.56,13306.44,387,77.24434108527132,0.0303732628712112,0.0037575790369174,25.0,122.92,4.9168,0.0092376323043578,0.0018787895184587,38.0,223.48,5.881052631578947,0.0167948752634062,0.0028557600680572,170,40411.68,237.71576470588235,3.0370016322923337,0.0127757687255193,17.0,36.04,2.12,0.0027084629698101,0.0012775768725519,59.0,552.8,9.369491525423728,0.0415437938321594,0.0044339432635626,254.0,2591.12,10.201259842519685,0.1947267638827515,0.0190885015075407,7.0,23.12,3.302857142857143,0.0017375045466706,0.0005260610651684,198.0,1835.2,9.268686868686869,0.1379181809710185,0.0148800129861931,129,583.32,4.521860465116279,0.0438374200762938,0.009694553915247,20.0,46.0,2.3,0.003456972713964,0.0015030316147669,8.2,10.0,0.82,39.6,35.0,1.1314285714285717,0.0006162429620544,0.0007515158073834,0.0029760025972386,0.0026303053258422,0.1715481171548117,0.8284518828451883,0.2222222222222222,0.7777777777777778,333.16062204279183,11361,0.0293249381254107,0.0071366966863325,2.1231068725631976,0.0256306201765155,0.8537971087683858,747726,406007.6666666666,87341,0.542989900935191,0.1168088310423871,78911.0,46663.0,8723.0,10154.0,6827.0,13601.0,1475.0,2514.0,72084.0,33062.0,7248.0,7640.0,0.0865151879966037,0.9134848120033964,0.2914729014422562,0.7085270985577439,0.1690932018800871,0.8309067981199129,0.2475871577703368,0.7524128422296632,1.886363636363637,Beta
1,active,8,green,24,12-24,124.0,763.68,6.158709677419354,19548.04,23651.96,392,49.86744897959184,0.0322882331950502,0.0052426944743691,69.0,309.32,4.482898550724638,0.0130779859259021,0.0029173057962215,113.0,554.44,4.906548672566372,0.0234416090674937,0.0047776167387396,369,38958.48,105.57853658536588,1.6471565147243612,0.015601244040663,12.0,27.2,2.2666666666666666,0.0011500104008293,0.0005073575297776,46.0,311.04,6.761739130434783,0.0131507071718369,0.0019448705308143,219.0,1173.84,5.359999999999999,0.0496297135628506,0.0092592749184422,9.0,23.88,2.6533333333333333,0.0010096414842575,0.0003805181473332,305.0,3504.04,11.488655737704915,0.1481500898868423,0.0128953372151821,322,1364.12,4.23639751552795,0.0576747127933583,0.0136140937157005,64.0,176.52,2.758125,0.0074632292630293,0.0027059068254808,6.0,6.0,1.0,96.2,92.0,1.0456521739130435,0.0002536787648888,0.0002536787648888,0.0040673161970509,0.0038897410616287,0.0587084148727984,0.9412915851272016,0.0612244897959183,0.9387755102040816,744.338057272152,21758,0.0342098564790951,0.006517468457434,2.104059360085289,0.0292697903957279,0.919923761075192,489093,322552.33333333326,19514,0.6594907989550725,0.0398983424420304,37387.0,88512.0,21776.0,19216.0,5211.0,33632.0,2238.0,1863.0,32176.0,54880.0,19538.0,17353.0,0.1393799983951641,0.8606200016048359,0.3799710773680405,0.6200289226319595,0.102773695811903,0.897226304188097,0.0969504579517069,0.9030495420482932,0.5590909090909087,Gamma
1,active,8,red,24,12-24,383.0,3597.48,9.39289817232376,13342.72,29857.28,390,34.212102564102565,0.1204892073223013,0.0128276922747149,239.0,1315.44,5.503933054393306,0.0440575966732401,0.0080047479207751,167.0,1185.72,7.100119760479042,0.0397129276343993,0.0055932757438051,905,31669.52,34.993944751381214,1.0606967546943329,0.0303108655577467,45.0,123.0,2.7333333333333334,0.0041195983023235,0.0015071701106061,116.0,1243.64,10.721034482758622,0.0416528230300951,0.0038851496184515,284.0,4121.92,14.513802816901409,0.1380541027179971,0.0095119180313812,50.0,443.68,8.8736,0.0148600274371945,0.0016746334562291,84.0,553.4,6.588095238095238,0.0185348430935436,0.0028133842064648,484,2348.12,4.8514876033057845,0.0786448062248135,0.0162104518562976,92.0,253.64,2.7569565217391303,0.0084950805967589,0.0030813255594615,175.2,160.0,1.095,0.8,1.0,0.8,0.0058679156306267,0.0053588270599331,2.679413529966561e-05,3.349266912458201e-05,0.9954545454545454,0.0045454545454545,0.9937888198757764,0.0062111801242236,1361.885267362905,27908,0.0487990994468577,0.0093191363701922,1.963835533180532,0.0422762188683479,0.9347134099288348,333958,181433.66666666663,71885,0.5432828878681351,0.2152516184669928,134539.0,25061.0,62935.0,90320.0,5632.0,6341.0,3162.0,3361.0,128907.0,18720.0,59773.0,86959.0,0.041861467678517,0.9581385323214828,0.253022624795499,0.746977375204501,0.0502423134980535,0.9497576865019464,0.037212134632418,0.962787865367582,3.0,Alpha
1,active,8,yellow,24,12-24,68.0,665.92,9.792941176470588,27425.28,15774.72,726,37.77586776859504,0.0422143784485556,0.0043106945796819,52.0,359.56,6.914615384615384,0.0227934315157416,0.0032964135021097,46.0,290.72,6.32,0.0184294871794871,0.0029160580980201,182,39930.68,219.39934065934065,2.5313083211619607,0.0115374472573839,21.0,54.96,2.617142857142857,0.0034840555014605,0.0013312439143135,50.0,308.32,6.166399999999999,0.0195451963648166,0.0031696283674131,171.0,926.4,5.417543859649123,0.0587268743914313,0.010840129016553,7.0,19.8,2.8285714285714287,0.0012551728334956,0.0004437479714378,256.0,2897.04,11.3165625,0.1836508033106134,0.0162284972411554,124,627.4,5.059677419354839,0.0397724967543005,0.0078606783511846,23.0,61.72,2.683478260869565,0.0039125892567348,0.00145802904901,1.6,2.0,0.8,54.4,50.0,1.088,0.0001014281077572,0.0001267851346965,0.0034485556637455,0.0031696283674131,0.0285714285714285,0.9714285714285714,0.0384615384615384,0.9615384615384616,395.0032225556194,13562,0.0291257353307491,0.0057974425966318,2.100279919519539,0.0271870535541018,0.8597299983771504,686358,398659.6666666666,45689,0.5808334231795457,0.0665673016122781,31089.0,73184.0,16355.0,16716.0,2474.0,33123.0,2737.0,3231.0,28615.0,40061.0,13618.0,13485.0,0.0795779857827527,0.9204220142172472,0.4525989287275907,0.5474010712724092,0.1673494344237236,0.8326505655762764,0.1932878679109834,0.8067121320890165,0.0,Delta
1,inactive,1,blue,12,0-12,101.0,1049.6,10.39207920792079,34835.36,8364.64,147,236.9752380952381,0.1254805945025727,0.0120746379999617,16.0,51.44,3.215,0.0061496968189904,0.0019128139405879,14.0,66.0,4.714285714285714,0.0078903575049254,0.0016737121980144,254,40441.48,159.2184251968504,4.834814170125672,0.0303659213068344,,,,,,65.0,1053.84,16.212923076923076,0.1259874901968285,0.0077708066336387,29.0,105.92,3.652413793103448,0.0126628282866925,0.0034669752673157,33.0,170.36,5.162424242424243,0.0203666864324107,0.0039451787524627,12.0,62.28,5.19,0.0074456282637387,0.0014346104554409,161,761.64,4.730683229813664,0.0910547256068402,0.0192476902771667,24.0,59.2,2.466666666666667,0.0070774115801755,0.0028692209108819,6.8,6.0,1.1333333333333333,0.0,0.0,0.0,0.0008129459247498,0.0007173052277204,0.0,0.0,1.0,0.0,1.0,0.0,327.71533115524784,8217,0.0398826008464461,0.0076070662117762,1.9678459143392764,0.0330451185872649,0.9823495093632244,871031,754468.0,4972,0.8661781268404913,0.0057081780097378,29088.0,5861.0,2966.0,26341.0,2247.0,53.0,156.0,817.0,26841.0,5808.0,2810.0,25524.0,0.0772483498349834,0.9227516501650164,0.0090428254564067,0.9909571745435932,0.052596089008766,0.947403910991234,0.031016286397631,0.9689837136023688,3.0,Alpha
1,inactive,1,green,12,0-12,100.0,1200.16,12.001600000000002,34243.32,8956.68,293,116.87139931740614,0.1339960789042368,0.0111648512618514,23.0,92.84,4.036521739130435,0.0103654479115029,0.0025679157902258,23.0,142.24,6.184347826086957,0.0158808844348575,0.0025679157902258,185,40271.28,217.68259459459455,4.4962285132437465,0.0206549748344252,1.0,2.0,2.0,0.000223297025237,0.0001116485126185,90.0,1281.8,14.24222222222222,0.1431110634744123,0.0100483661356663,37.0,729.92,19.727567567567565,0.0814944823305063,0.004130994966885,24.0,133.28,5.553333333333334,0.0148805137617956,0.0026795643028443,16.0,83.64,5.2275,0.0093382815954125,0.0017863762018962,128,575.2,4.49375,0.0642202244581697,0.0142910096151699,11.0,25.76,2.341818181818182,0.0028760656850529,0.0012281336388036,0.0,0.0,0.0,4.6,4.0,1.15,0.0,0.0,0.0005135831580451,0.000446594050474,0.0,1.0,0.0,1.0,297.72446357079554,8692,0.0342526994444081,0.0074421623257412,2.030732068384335,0.0299099055328914,0.9704488716801316,856376,748026.6666666666,2063,0.8734792505472674,0.0024089885751118,50420.0,5449.0,5923.0,30104.0,3140.0,82.0,823.0,1281.0,47280.0,5367.0,5100.0,28823.0,0.0622768742562475,0.9377231257437524,0.0150486327766562,0.9849513672233438,0.1389498564916427,0.8610501435083573,0.0425524847196385,0.9574475152803614,0.75,Delta
1,inactive,1,red,12,0-12,29.0,823.2,28.386206896551727,37127.84,6072.1600000000035,146,254.30027397260272,0.1355695502094805,0.0047758952333271,11.0,74.0,6.7272727272727275,0.0121867671471107,0.0018115464678137,10.0,66.76,6.676,0.0109944401992042,0.0016468604252852,95,41434.08,436.14821052631584,6.823614661010247,0.0156451740402097,,,,,,71.0,1405.56,19.79661971830986,0.2314761139363915,0.0116927090195251,20.0,694.08,34.704,0.1143052883981976,0.0032937208505704,30.0,196.32,6.544,0.0323311638691997,0.0049405812758557,13.0,79.44,6.110769230769231,0.0130826592184659,0.0021409185528708,91,368.88,4.053626373626374,0.0607493873679217,0.0149864298700956,12.0,29.64,2.47,0.0048812943005454,0.0019762325103422,0.0,0.0,0.0,2.2,2.0,1.1,0.0,0.0,0.0003623092935627,0.000329372085057,0.0,1.0,0.0,1.0,115.7268298497853,5923,0.0195385496960637,0.0038625301056523,2.0211551660781417,0.017965832676326,0.9754354298964448,928342,783791.3333333333,11338,0.8442915793245735,0.012213171438974,52582.0,6937.0,3540.0,20609.0,1331.0,229.0,17.0,29.0,51251.0,6708.0,3523.0,20580.0,0.0253128446997071,0.9746871553002928,0.0330113882081591,0.9669886117918408,0.0048022598870056,0.9951977401129944,0.0014071522150516,0.9985928477849484,0.75,Gamma
1,inactive,1,yellow,12,0-12,23.0,179.56,7.806956521739131,40077.32,3122.6800000000003,170,235.7489411764706,0.0575018894026925,0.0073654681235349,13.0,55.4,4.2615384615384615,0.017741171045384,0.0041630906785197,3.0,5.4,1.8,0.0017292838203081,0.0009607132335045,50,42995.72,859.9144,13.768852396018804,0.0160118872250758,,,,,,71.0,562.88,7.927887323943662,0.1802554216250144,0.0227368798596077,13.0,83.56,6.427692307692308,0.0267590659305468,0.0041630906785197,10.0,44.6,4.46,0.0142826034047676,0.0032023774450151,9.0,76.4,8.488888888888889,0.0244661636799159,0.0028821397005136,33,136.16,4.126060606060606,0.0436035712913266,0.01056784556855,3.0,8.0,2.6666666666666665,0.0025619019560121,0.0009607132335045,,,,,,,,,,,,,,,109.81827639560926,2971,0.0369634050473272,0.0086761950605686,2.143539997432595,0.0342109802251603,0.9514263389140096,1002103,840524.6666666666,3974,0.8387607528035208,0.0039656602165645,16245.0,3044.0,1536.0,4512.0,2155.0,364.0,684.0,1267.0,14090.0,2680.0,852.0,3245.0,0.1326562019082794,0.8673437980917206,0.1195795006570302,0.8804204993429697,0.4453125,0.5546875,0.2808067375886525,0.7191932624113475,1.5,Beta
1,inactive,2,blue,12,0-12,36.0,448.52,12.458888888888888,29511.84,13688.16,60,491.864,0.0327670044768617,0.0026300101693726,10.0,52.4,5.24,0.0038281259131979,0.0007305583803812,4.0,32.04,8.01,0.0023407090507416,0.0002922233521525,116,35634.4,307.19310344827585,2.603300954985915,0.0084744772124229,,,,,,69.0,1393.36,20.193623188405795,0.1017930824888078,0.0050408528246309,45.0,465.48,10.344,0.0340060314899884,0.0032875127117158,19.0,270.72,14.24842105263158,0.0197776764736823,0.0013880609227244,13.0,111.0,8.538461538461538,0.0081091980222323,0.0009497258944956,96,423.24,4.40875,0.0309201528912578,0.0070133604516604,35.0,88.92,2.5405714285714285,0.0064961251183504,0.0025569543313345,4.2,4.0,1.05,12.2,10.0,1.22,0.0003068345197601,0.0002922233521525,0.0008912812240651,0.0007305583803812,0.2560975609756097,0.7439024390243902,0.2857142857142857,0.7142857142857143,142.01307536550698,7248,0.0195934154753734,0.0033357143317956,2.10166798928552,0.0178983256840533,0.5295087141003612,737856,698860.3333333333,5944,0.947150031081042,0.0080557724000346,46585.0,9575.0,2125.0,11249.0,10691.0,1056.0,0.0,2139.0,35894.0,8519.0,2125.0,9110.0,0.229494472469679,0.7705055275303209,0.1102872062663185,0.8897127937336815,0.0,1.0,0.1901502355764956,0.8098497644235043,0.4999999999999995,Delta
1,inactive,2,green,12,0-12,30.0,378.4,12.613333333333332,30667.32,12532.68,172,178.29837209302326,0.030193063255425,0.0023937418014343,19.0,81.0,4.2631578947368425,0.0064631028638726,0.0015160364742417,7.0,32.64,4.662857142857143,0.0026043910799605,0.000558539753668,105,35346.4,336.63238095238097,2.82033850700728,0.0083780963050201,,,,,,61.0,1306.16,21.412459016393445,0.1042203263787154,0.0048672749962498,39.0,877.0,22.487179487179485,0.0699770519952635,0.0031118643418646,17.0,148.88,8.75764705882353,0.0118793426465847,0.0013564536874794,8.0,107.6,13.45,0.0085855539278111,0.0006383311470491,71,271.68,3.8264788732394366,0.0216777257537892,0.0056651889300612,19.0,50.84,2.6757894736842105,0.0040565944394973,0.0015160364742417,9.8,9.0,1.088888888888889,7.0,7.0,1.0,0.0007819556551352,0.0007181225404302,0.000558539753668,0.000558539753668,0.5833333333333334,0.4166666666666666,0.5625,0.4375,177.44614406143987,5993,0.0296089010614783,0.0037233426737912,2.1117182476830862,0.027298165162987,0.478189820533198,766855,726733.6666666666,272,0.9476806784420349,0.0003546954769806,54679.0,6437.0,2867.0,9490.0,17077.0,1218.0,790.0,1213.0,37602.0,5219.0,2077.0,8277.0,0.3123136853270908,0.6876863146729092,0.18921858008389,0.81078141991611,0.2755493547261946,0.7244506452738054,0.1278187565858798,0.8721812434141202,1.375,Gamma
1,inactive,2,red,12,0-12,24.0,442.12,18.421666666666667,33633.64,9566.36,71,473.7132394366197,0.04621611563855,0.0025087912225757,6.0,27.0,4.5,0.0028223901253977,0.0006271978056439,5.0,28.32,5.664,0.0029603736426394,0.0005226648380366,59,36057.76,611.1484745762713,3.769224658072663,0.0061674450888321,2.0,3.24,1.62,0.0003386868150477,0.0002090659352146,95.0,1201.44,12.646736842105264,0.1255900886021433,0.0099306319226957,11.0,72.04,6.54909090909091,0.0075305549864316,0.0011498626436805,20.0,100.36,5.018,0.010490928629071,0.0020906593521464,5.0,18.2,3.64,0.0019025000104532,0.0005226648380366,50,185.2,3.704,0.0193595056008764,0.0052266483803662,7.0,15.2,2.1714285714285713,0.0015889011076313,0.0007317307732512,6.4,5.0,1.28,1.2,1.0,1.2,0.0006690109926868,0.0005226648380366,0.0001254395611287,0.0001045329676073,0.8421052631578947,0.1578947368421052,0.8333333333333334,0.1666666666666666,69.34900509799182,3122,0.0222130061172299,0.0041972064776051,2.109170487690347,0.0200169040216101,0.3263519248700655,840912,747682.0,8657,0.8891322754342904,0.0102947751964533,31943.0,2989.0,1394.0,11077.0,7287.0,48.0,0.0,1690.0,24656.0,2941.0,1394.0,9387.0,0.2281250978305106,0.7718749021694894,0.0160588825694212,0.9839411174305788,0.0,1.0,0.1525683849417712,0.8474316150582287,2.625,Alpha
1,inactive,2,yellow,12,0-12,9.0,37.72,4.191111111111111,34941.76,8258.239999999998,140,249.584,0.0045675591893672,0.0010898205913124,8.0,31.92,3.99,0.0038652303638547,0.0009687294144999,6.0,15.8,2.6333333333333333,0.0019132405936373,0.0007265470608749,33,36761.36,1113.980606060606,4.451476343627699,0.0039960088348122,,,,,,48.0,407.16,8.4825,0.0493034835509745,0.0058123764869996,9.0,23.68,2.631111111111111,0.0028674390669198,0.0010898205913124,21.0,175.72,8.367619047619048,0.0212781415894912,0.0025429147130623,6.0,20.44,3.4066666666666667,0.0024751036540473,0.0007265470608749,26,85.2,3.276923076923077,0.0103169682644243,0.0031483705971248,,,,,,,,,,,,,,,,,,,,64.78859641407624,1770,0.0366037267876136,0.0067870734075635,2.0490378927164157,0.0330034397915814,0.2143313829581122,873684,756530.0,27892,0.8659080399778409,0.0319245860059243,10828.0,4931.0,1207.0,952.0,820.0,2044.0,790.0,666.0,10008.0,2887.0,417.0,286.0,0.0757295899519763,0.9242704100480236,0.4145203812614074,0.5854796187385926,0.6545153272576636,0.3454846727423363,0.6995798319327731,0.3004201680672269,1.5,Beta
1,inactive,3,blue,12,0-12,114.0,614.52,5.390526315789473,29717.52,13482.48,223,133.2624215246637,0.0455791516100895,0.0084554176976342,92.0,279.0,3.032608695652174,0.0206935222599996,0.0068236704226522,103.0,300.0,2.912621359223301,0.0222510992043006,0.0076395440601432,331,40122.28,121.21534743202416,2.9758827752757653,0.0245503794554117,3.0,4.8,1.6,0.0003560175872688,0.000222510992043,192.0,2879.84,14.999166666666667,0.2135986851083777,0.0142407034907524,32.0,149.16,4.66125,0.0110632465243783,0.002373450581792,56.0,538.6,9.617857142857144,0.0399481401047878,0.0041535385181361,21.0,90.96,4.331428571428571,0.0067465332787439,0.001557576944301,254,1100.32,4.3319685039370075,0.0816110982549204,0.0188392639929745,37.0,95.2,2.572972972972973,0.0070610154808314,0.002744302235197,12.6,12.0,1.05,0.0,0.0,0.0,0.0009345461665806,0.000890043968172,0.0,0.0,1.0,0.0,1.0,0.0,504.4043303916583,12710,0.0396856278828999,0.0067167918847281,1.98800960005828,0.034625271129552,0.9427049029555392,743161,672774.0,3412,0.9052870104862876,0.0045911989461233,75949.0,15816.0,14670.0,15477.0,1455.0,112.0,135.0,226.0,74494.0,15704.0,14535.0,15251.0,0.0191575925950308,0.9808424074049692,0.0070814365199797,0.9929185634800204,0.00920245398773,0.99079754601227,0.0146023131097757,0.9853976868902242,3.0,Alpha
1,inactive,3,green,12,0-12,36.0,285.24,7.923333333333334,36554.64,6645.360000000001,164,222.8941463414634,0.042923182491242,0.005417313734696,21.0,170.44,8.116190476190477,0.0256479709150444,0.0031600996785727,27.0,144.16,5.339259259259259,0.0216933318887163,0.004062985301022,101,41703.8,412.90891089108914,6.275626903583854,0.015198574644564,3.0,4.28,1.4266666666666667,0.0006440584106805,0.0004514428112246,149.0,1933.68,12.977718120805369,0.2909819784029759,0.0224216596241588,20.0,64.48,3.224,0.0097030108225889,0.0030096187414978,23.0,393.08,17.090434782608696,0.0591510467453982,0.0034610615527225,9.0,40.24,4.471111111111111,0.0060553529078936,0.001354328433674,87,421.84,4.8487356321839075,0.0634788784956721,0.0130918415255155,24.0,55.52,2.3133333333333335,0.0083547016263979,0.0036115424897973,0.0,0.0,0.0,5.2,5.0,1.04,0.0,0.0,0.0007825008727894,0.0007524046853744,0.0,1.0,0.0,1.0,192.57317394407752,5954,0.0323434957917496,0.0059434604113766,2.041960801133413,0.0290359629816315,0.8959634993439031,914030,793281.0,1375,0.867893832806363,0.0015043269914554,50087.0,10865.0,7913.0,7167.0,1407.0,54.0,537.0,629.0,48680.0,10811.0,7376.0,6538.0,0.0280911214486793,0.9719088785513208,0.0049700874367234,0.9950299125632766,0.0678630102363199,0.93213698976368,0.0877633598437282,0.9122366401562718,0.75,Delta
1,inactive,3,red,12,0-12,2.0,22.0,11.0,40145.0,3055.0,69,581.8115942028985,0.0072013093289689,0.0006546644844517,7.0,43.4,6.2,0.0142062193126022,0.002291325695581,11.0,76.64,6.967272727272728,0.0250867430441898,0.0036006546644844,46,42453.88,922.9104347826086,13.89652373158756,0.0150572831423895,1.0,2.04,2.04,0.0006677577741407,0.0003273322422258,93.0,1121.32,12.057204301075268,0.3670441898527005,0.0304418985270049,6.0,59.4,9.9,0.019443535188216,0.0019639934533551,15.0,215.08,14.338666666666668,0.0704026186579378,0.0049099836333878,2.0,4.2,2.1,0.0013747954173486,0.0006546644844517,36,136.08,3.78,0.0445433715220949,0.0117839607201309,8.0,20.24,2.53,0.0066252045826513,0.0026186579378068,0.0,0.0,0.0,0.8,1.0,0.8,0.0,0.0,0.0002618657937806,0.0003273322422258,0.0,1.0,0.0,1.0,55.6310640048352,2454,0.0226695452342441,0.003805240167505,2.0347766255160273,0.0206000968764494,0.8032733224222586,1003694,841407.9999999999,7022,0.8383112781385561,0.0069961561990008,29617.0,5499.0,3019.0,552.0,1113.0,5.0,0.0,0.0,28504.0,5494.0,3019.0,552.0,0.0375797683762703,0.9624202316237296,0.0009092562284051,0.9990907437715948,0.0,1.0,0.0,1.0,0.75,Beta
1,inactive,3,yellow,12,0-12,10.0,66.56,6.656000000000001,40700.28,2499.720000000001,106,383.9649056603773,0.0266269822220088,0.0040004480501816,3.0,8.84,2.9466666666666668,0.0035363960763605,0.0012001344150544,5.0,16.2,3.24,0.0064807258412942,0.0020002240250908,24,42630.76,1776.2816666666668,17.054214071976055,0.0096010753204358,,,,,,64.0,310.4,4.85,0.1241739074776374,0.0256028675211623,8.0,41.96,5.245,0.016785880018562,0.0032003584401452,6.0,60.2,10.033333333333331,0.0240826972620933,0.0024002688301089,6.0,29.24,4.873333333333333,0.011697310098731,0.0024002688301089,19,68.12,3.585263157894737,0.0272510521178371,0.007600851295345,,,,,,0.0,0.0,0.0,6.6,6.0,1.1,0.0,0.0,0.0026402957131198,0.0024002688301089,0.0,1.0,0.0,1.0,65.11594709507821,1864,0.034933448012381,0.0069661227474503,2.156715237567832,0.034037595128153,0.7456835165538537,1017613,858344.3333333333,744,0.8434879795495275,0.0007311227352637,8881.0,2248.0,634.0,1674.0,1497.0,101.0,498.0,835.0,7384.0,2147.0,136.0,839.0,0.1685620988627406,0.8314379011372593,0.0449288256227758,0.9550711743772242,0.7854889589905363,0.2145110410094637,0.498805256869773,0.501194743130227,0.75,Gamma
1,inactive,4,blue,12,0-12,24.0,280.44,11.685,34303.72,8896.279999999999,174,197.14781609195404,0.0315232883857072,0.0026977568152081,13.0,46.4,3.569230769230769,0.005215663176069,0.001461284941571,8.0,26.92,3.365,0.0030259838943918,0.000899252271736,73,37365.16,511.8515068493151,4.200088126722631,0.0082056769795914,3.0,7.32,2.44,0.0008228158286384,0.000337219601901,14.0,76.84,5.488571428571428,0.0086373180700247,0.001573691475538,42.0,949.8,22.61428571428571,0.1067637259618627,0.0047210744266142,13.0,102.84,7.910769230769231,0.0115598879531669,0.001461284941571,9.0,69.76,7.751111111111111,0.0078414798095383,0.001011658805703,65,262.28,4.035076923076923,0.0294819857288664,0.0073064247078554,7.0,18.36,2.6228571428571428,0.0020637839636342,0.000786845737769,34.8,25.0,1.392,0.0,0.0,0.0,0.0039117473820518,0.0028101633491751,0.0,0.0,1.0,0.0,1.0,0.0,123.26460684619884,3444,0.035791116970441,0.0055444151342808,2.106896572407487,0.0294491917137723,0.3871281029823702,857767,685869.0,45137,0.7995982592009252,0.0526215160993603,25722.0,4337.0,1854.0,7035.0,1451.0,65.0,46.0,658.0,24271.0,4272.0,1808.0,6377.0,0.0564108545214213,0.9435891454785786,0.0149873184228729,0.9850126815771272,0.0248112189859762,0.9751887810140236,0.0935323383084577,0.9064676616915422,3.0,Alpha
1,inactive,4,green,12,0-12,123.0,1501.72,12.20910569105691,24697.48,18502.52,191,129.3061780104712,0.0811629983375237,0.0066477431182347,41.0,192.4,4.692682926829268,0.0103985835442955,0.0022159143727449,55.0,315.16,5.730181818181818,0.0170333554564459,0.0029725680609992,283,33747.44,119.24890459363958,1.8239374960816148,0.0152952138411416,6.0,12.04,2.0066666666666664,0.0006507221718987,0.000324280152109,41.0,748.52,18.25658536585366,0.0404550299094393,0.0022159143727449,159.0,2189.84,13.772578616352202,0.1183536080490657,0.0085934240308887,9.0,76.2,8.466666666666667,0.0041183579317844,0.0004864202281635,24.0,261.0,10.875,0.0141061866167419,0.001297120608436,178,807.64,4.537303370786517,0.0436502703415534,0.0096203111792339,42.0,119.04,2.8342857142857145,0.0064337182178427,0.002269961064763,42.8,36.0,1.1888888888888889,27.6,18.0,1.5333333333333334,0.0023131984183776,0.001945680912654,0.0014916886997014,0.000972840456327,0.6079545454545454,0.3920454545454545,0.6666666666666666,0.3333333333333333,474.8424083806711,13038,0.0364198809925349,0.0059172080802622,2.079318173002369,0.0312429438075427,0.7046607705328788,617628,584770.6666666666,632,0.9468007711222072,0.0010232696704164,73659.0,8463.0,12785.0,37666.0,8734.0,861.0,3278.0,5346.0,64925.0,7602.0,9507.0,32320.0,0.1185734261936762,0.8814265738063237,0.1017369727047146,0.8982630272952854,0.256394211967149,0.743605788032851,0.1419317156055859,0.8580682843944141,1.421052631578947,Beta
1,inactive,4,red,12,0-12,67.0,865.16,12.912835820895522,30958.76,12241.240000000002,89,347.85123595505615,0.0706758465645637,0.0054733017243351,40.0,325.68,8.142,0.0266051478444994,0.0032676428204985,16.0,69.72,4.3575,0.005695501436129,0.0013070571281994,160,35759.92,223.4995,2.9212661462400864,0.0130705712819943,3.0,16.08,5.359999999999999,0.0013135924138404,0.0002450732115373,17.0,122.76,7.221176470588236,0.0100283958161101,0.0013887481987118,81.0,2085.8,25.750617283950618,0.1703912348748983,0.0066169767115096,10.0,177.24,17.724,0.0144789253376291,0.0008169107051246,5.0,66.96,13.392,0.0054700340815146,0.0004084553525623,106,489.4,4.6169811320754715,0.0399796099088,0.0086592534743212,21.0,57.36,2.7314285714285713,0.0046857998045949,0.0017155124807617,3.0,2.0,1.5,47.2,40.0,1.1800000000000002,0.0002450732115373,0.0001633821410249,0.0038558185281883,0.0032676428204985,0.0597609561752988,0.9402390438247012,0.0476190476190476,0.9523809523809524,215.84310016967024,6861,0.0314594228493907,0.0054261861782468,2.136549566099116,0.0277165351706856,0.5604824347860183,774058,671623.6666666666,1724,0.8676658166011676,0.0022272232830098,55312.0,6120.0,9941.0,21696.0,7808.0,49.0,1224.0,5826.0,47504.0,6071.0,8717.0,15870.0,0.1411628579693375,0.8588371420306624,0.0080065359477124,0.9919934640522876,0.1231264460315863,0.8768735539684136,0.2685287610619469,0.7314712389380531,0.0789473684210522,Delta
1,inactive,4,yellow,12,0-12,25.0,89.0,3.56,33273.8,9926.199999999995,181,183.83314917127075,0.0089661703370877,0.0025185871733392,60.0,657.56,10.959333333333332,0.0662448872680381,0.0060446092160141,31.0,215.76,6.96,0.021736414740787,0.0031230480949406,103,37123.44,360.42174757281555,3.7399447925691622,0.0103765791541576,4.0,9.28,2.32,0.0009348995587435,0.0004029739477342,10.0,34.08,3.408,0.003433338034696,0.0010074348693356,98.0,457.24,4.6657142857142855,0.0460639519655054,0.0098728617194898,13.0,129.48,9.96,0.0130442666881586,0.0013096653301364,11.0,119.32,10.847272727272726,0.0120207128609135,0.0011081783562692,42,147.6,3.5142857142857142,0.0148697386713949,0.0042312264512099,5.0,13.56,2.712,0.0013660816828192,0.0005037174346678,0.0,0.0,0.0,5.8,5.0,1.16,0.0,0.0,0.0005843122242147,0.0005037174346678,0.0,1.0,0.0,1.0,217.4437165379209,4473,0.0486125009027321,0.0093400584603372,2.1862165128137314,0.0449572818591374,0.4506256170538577,832026,697709.3333333333,3918,0.838566743507214,0.0047089874595265,12391.0,6244.0,21924.0,2250.0,1489.0,845.0,3751.0,356.0,10902.0,5399.0,18173.0,1894.0,0.1201678637720926,0.8798321362279073,0.1353299167200512,0.8646700832799488,0.1710910417806969,0.828908958219303,0.1582222222222222,0.8417777777777777,0.75,Gamma
1,inactive,5,blue,12,0-12,12.0,186.8,15.566666666666668,40184.6,3015.4000000000015,86,467.2627906976744,0.0619486635272268,0.0039795715327983,2.0,29.04,14.52,0.0096305631093718,0.000663261922133,,,,,,50,40908.92,818.1784,13.566664455793584,0.0165815480533262,,,,,,18.0,110.12,6.117777777777778,0.0365192014326457,0.0059693572991974,3.0,8.84,2.9466666666666668,0.002931617695828,0.0009948928831995,5.0,23.8,4.76,0.0078928168733832,0.0016581548053326,1.0,15.64,15.64,0.0051867082310804,0.0003316309610665,15,60.64,4.042666666666666,0.020110101479074,0.0049744644159978,2.0,4.76,2.38,0.0015785633746766,0.000663261922133,,,,,,,,,,,,,,,36.19097663343288,1088,0.0332637652880816,0.0082132817926482,2.03831344193762,0.0292649476962814,0.3608144856403792,1004701,944725.0,7195,0.9403046279440352,0.0071613345662042,2995.0,992.0,728.0,4682.0,220.0,70.0,0.0,81.0,2775.0,922.0,728.0,4601.0,0.0734557595993322,0.9265442404006676,0.0705645161290322,0.9294354838709676,0.0,1.0,0.0173002990175138,0.9826997009824862,,
1,inactive,5,green,12,0-12,44.0,301.96,6.862727272727272,38703.68,4496.32,298,129.87812080536912,0.0671571418404384,0.0097857803715038,13.0,50.48,3.883076923076923,0.011226958935307,0.0028912532915806,7.0,26.56,3.794285714285714,0.0059070528787986,0.0015568286954665,55,41104.2,747.3490909090908,9.141742580599246,0.0122322254643797,1.0,3.16,3.16,0.0007027969539534,0.0002224040993523,9.0,18.16,2.017777777777778,0.0040388584442388,0.0020016368941712,28.0,161.4,5.764285714285714,0.0358960216354707,0.006227314781866,5.0,17.84,3.568,0.003967689132446,0.0011120204967617,10.0,65.88,6.587999999999999,0.0146519820653334,0.0022240409935235,15,51.76,3.4506666666666663,0.0115116361824781,0.0033360614902853,,,,,,,,,,,,,,,,,,,,127.89962679259322,2424,0.0527638724391886,0.0121546123563896,2.141622876852851,0.0441303757152149,0.5391075368301189,967890,933324.0,3236,0.9642872640486004,0.0033433551333312,4526.0,2108.0,1946.0,7593.0,255.0,874.0,1079.0,3161.0,4271.0,1234.0,867.0,4432.0,0.0563411400795404,0.9436588599204596,0.4146110056925996,0.5853889943074004,0.5544707091469682,0.4455292908530318,0.4163044909785328,0.5836955090214672,,
1,inactive,5,red,12,0-12,9.0,62.08,6.897777777777778,39611.92,3588.0800000000017,95,416.9675789473684,0.0173017324028449,0.0025083052774743,1.0,8.44,8.44,0.0023522329490981,0.000278700586386,,,,,,76,40855.04,537.5663157894737,11.38632360482486,0.0211812445653385,,,,,,13.0,198.6,15.276923076923076,0.0553499364562662,0.0036231076230184,1.0,3.64,3.64,0.0010144701344451,0.000278700586386,9.0,77.12,8.568888888888889,0.0214933892220909,0.0025083052774743,2.0,9.16,4.58,0.002552897371296,0.000557401172772,26,96.28,3.703076923076923,0.0268332924572473,0.0072462152460368,,,,,,,,,,,,,,,,,,,,52.63140103031336,1640,0.0320923177014105,0.0111904065453792,1.9768323360666784,0.0283981938780326,0.4570689616730951,990393,941400.3333333333,1626,0.9505320951716472,0.001641772508489,5070.0,2168.0,212.0,1561.0,0.0,262.0,0.0,76.0,5070.0,1906.0,212.0,1485.0,0.0,1.0,0.1208487084870848,0.8791512915129152,0.0,1.0,0.0486867392696989,0.9513132607303012,,
1,inactive,5,yellow,12,0-12,40.0,373.8,9.345,37007.36,6192.639999999999,143,258.7927272727273,0.0603619780901198,0.0064592806945018,8.0,55.56,6.945,0.008971940884663,0.0012918561389003,7.0,28.72,4.102857142857142,0.0046377635386523,0.0011303741215378,78,40941.88,524.8958974358974,6.6113773770152955,0.0125955973542786,,,,,,59.0,1176.08,19.933559322033897,0.1899157709797437,0.0095274390243902,41.0,178.48,4.3531707317073165,0.0288213104588673,0.0066207627118644,7.0,45.12,6.445714285714286,0.007286068623398,0.0011303741215378,8.0,101.44,12.68,0.0163807358412567,0.0012918561389003,32,110.2,3.44375,0.0177953183133526,0.0051674245556014,3.0,6.6,2.1999999999999997,0.0010657813145928,0.0004844460520876,,,,,,,,,,,,,,,123.17318351000722,4211,0.0292503404203294,0.0048504904055016,2.156486575501783,0.0261915889065916,0.6800007751136834,925327,909155.3333333334,755,0.982523295368376,0.0008159277747218,33964.0,3679.0,2122.0,9385.0,371.0,1206.0,1079.0,3166.0,33593.0,2473.0,1043.0,6219.0,0.0109233305853256,0.9890766694146744,0.3278064691492253,0.6721935308507747,0.5084825636192272,0.4915174363807728,0.3373468300479488,0.6626531699520511,,
1,inactive,6,blue,12,0-12,,,,41584.4,1615.5999999999983,74,561.9513513513514,,,1.0,17.68,17.68,0.0109433027977222,0.0006189650903689,1.0,13.4,13.4,0.0082941322109433,0.0006189650903689,23,43091.88,1873.56,26.67236939836596,0.0142361970784847,,,,,,41.0,746.88,18.216585365853657,0.4622926466947269,0.025377568705125,,,,,,8.0,58.84,7.355,0.0364199059173063,0.0049517207229512,,,,,,17,57.84,3.4023529411764706,0.0358009408269374,0.0105224065362713,5.0,11.2,2.24,0.0069324090121317,0.0030948254518445,,,,,,,,,,,,,,,16.828548602146494,1510,0.0111447341736069,0.0026060824430125,2.119819918839029,0.0098080683235193,0.9346372864570448,1039684,985306.3333333333,13169,0.9476978902563984,0.0126663486213118,18713.0,1479.0,779.0,0.0,0.0,0.0,0.0,0.0,18713.0,1479.0,779.0,0.0,0.0,1.0,0.0,1.0,0.0,1.0,0.0,0.0,,
1,inactive,6,green,12,0-12,7.0,161.44,23.062857142857144,40455.16,2744.8399999999965,152,266.15236842105264,0.0588158144008394,0.0025502397225339,4.0,28.88,7.22,0.0105215604552542,0.0014572798414479,2.0,17.6,8.8,0.006412031302371,0.0007286399207239,55,42712.68,776.5941818181818,15.56108188455431,0.0200375978199093,,,,,,78.0,805.68,10.329230769230769,0.2935253056644471,0.0284169569082351,29.0,145.92,5.031724137931034,0.0531615686160214,0.0105652788504976,5.0,19.4,3.88,0.0070678072310225,0.0018215998018099,1.0,0.96,0.96,0.0003497471619475,0.0003643199603619,27,130.68,4.84,0.0476093324201047,0.0098366389297736,5.0,12.88,2.576,0.0046924410894624,0.0018215998018099,,,,,,,,,,,,,,,69.14088946940086,2579,0.0268091855251651,0.0043024895791725,2.155491904920295,0.0257119273129969,0.9395811777735692,1011531,981721.0,0,0.9705298206382208,0.0,23897.0,515.0,1168.0,4043.0,1328.0,32.0,235.0,422.0,22569.0,483.0,933.0,3621.0,0.055571829099887,0.944428170900113,0.062135922330097,0.9378640776699028,0.2011986301369863,0.7988013698630136,0.1043779371753648,0.8956220628246352,,
1,inactive,6,red,12,0-12,3.0,12.04,4.013333333333333,41179.44,2020.5599999999977,59,697.9566101694916,0.0059587441105436,0.0014847369046205,3.0,11.28,3.76,0.005582610761373,0.0014847369046205,3.0,19.36,6.453333333333333,0.0095815021578176,0.0014847369046205,36,43068.48,1196.3466666666668,21.31512056063668,0.017816842855446,,,,,,91.0,739.32,8.124395604395605,0.3658985627746767,0.0450370194401552,7.0,74.92,10.702857142857145,0.0370788296313893,0.0034643861107811,12.0,93.72,7.81,0.0463831809003445,0.005938947618482,3.0,8.28,2.76,0.0040978738567525,0.0014847369046205,20,68.6,3.4299999999999997,0.0339509838856555,0.0098982460308033,5.0,13.16,2.632,0.0065130458882686,0.0024745615077008,,,,,,,,,,,,,,,45.56274623650605,1923,0.0236935757860145,0.0055359484353632,2.0311849820165087,0.0220177286963122,0.9517163558617424,1029545,993559.6666666666,67,0.9650473429200924,6.507729142485273e-05,20454.0,2565.0,772.0,304.0,3519.0,0.0,142.0,0.0,16935.0,2565.0,630.0,304.0,0.1720445878556761,0.8279554121443239,0.0,1.0,0.1839378238341968,0.8160621761658031,0.0,1.0,,
1,inactive,6,yellow,12,0-12,9.0,130.28,14.475555555555555,41192.72,2007.2799999999988,180,228.84844444444445,0.0649037503487306,0.0044836794069586,2.0,9.32,4.66,0.004643099119206,0.0009963732015463,,,,,,34,43026.68,1265.490588235294,21.43531545175562,0.0169383444262883,,,,,,63.0,482.04,7.651428571428572,0.2401458690367065,0.0313857558487107,3.0,8.36,2.786666666666666,0.0041648399824638,0.0014945598023195,9.0,106.68,11.853333333333332,0.0531465465704834,0.0044836794069586,4.0,8.92,2.23,0.0044438244788968,0.0019927464030927,13,49.2,3.784615384615385,0.0245107807580407,0.0064764258100514,,,,,,,,,,,,,,,,,,,,46.53900431502622,1795,0.0259270219025215,0.0053556074241798,2.1060094671171674,0.025345399117776,0.8942449483878687,1029998,995499.6666666666,25,0.9665064074558072,2.4271891790081145e-05,12326.0,2903.0,235.0,3266.0,2689.0,32.0,222.0,422.0,9637.0,2871.0,13.0,2844.0,0.2181567418465033,0.7818432581534966,0.0110230795728556,0.9889769204271444,0.9446808510638298,0.0553191489361702,0.129210042865891,0.870789957134109,,
1,inactive,7,blue,12,0-12,3.0,14.56,4.8533333333333335,39915.88,3284.1200000000026,94,424.6370212765957,0.0044334555375564,0.0009134867179031,3.0,13.08,4.36,0.0039828020900576,0.0009134867179031,2.0,9.24,4.62,0.0028135390911416,0.0006089911452687,43,41896.84,974.3451162790695,12.75740228737073,0.013093309623278,,,,,,15.0,116.12,7.741333333333333,0.0353580258943034,0.0045674335895156,73.0,523.56,7.172054794520547,0.1594217020084526,0.0222281768023092,6.0,86.6,14.433333333333332,0.0263693165901367,0.0018269734358062,,,,,,27,94.6,3.5037037037037035,0.0288052811712117,0.008221380461128,7.0,17.88,2.5542857142857143,0.0054443808387026,0.0021314690084406,0.0,0.0,0.0,3.8,3.0,1.2666666666666666,0.0,0.0,0.0011570831760106,0.0009134867179031,0.0,1.0,0.0,1.0,49.493606399357965,2058,0.0240493714282594,0.0031318960809473,2.2102666860209417,0.0208482851833031,0.626651888481541,997991,901230.0,11928,0.9030442158296016,0.0119520115912868,16080.0,2171.0,563.0,367.0,1546.0,0.0,114.0,0.0,14534.0,2171.0,449.0,367.0,0.0961442786069651,0.9038557213930348,0.0,1.0,0.2024866785079929,0.7975133214920072,0.0,1.0,0.75,Delta
1,inactive,7,green,12,0-12,2.0,14.12,7.06,39759.04,3440.959999999999,288,138.0522222222222,0.004103505998326,0.0005812331442388,8.0,34.04,4.255,0.0098925881149446,0.0023249325769552,2.0,3.24,1.62,0.0009415976936668,0.0005812331442388,21,42040.64,2001.935238095238,12.217706686506094,0.0061029480145075,,,,,,4.0,4.84,1.21,0.0014065842090579,0.0011624662884776,109.0,464.52,4.261651376146789,0.1349972100809076,0.0316772063610155,3.0,85.76,28.58666666666667,0.0249232772249604,0.0008718497163582,1.0,4.92,4.92,0.0014298335348274,0.0002906165721194,8,31.2,3.9,0.0090672370501255,0.0023249325769552,,,,,,,,,,,,,,,,,,,,67.39914042215354,2047,0.0329258135916724,0.0034720656493792,2.017715093922171,0.0276586083674117,0.5948921231284294,994264,902715.3333333333,5679,0.907923180697816,0.005711762670679,11847.0,2271.0,942.0,355.0,954.0,522.0,715.0,221.0,10893.0,1749.0,227.0,134.0,0.0805267156242086,0.9194732843757912,0.2298546895640686,0.7701453104359313,0.7590233545647559,0.2409766454352441,0.6225352112676056,0.3774647887323943,1.5,Beta
1,inactive,7,red,12,0-12,30.0,652.4,21.746666666666663,33365.96,9834.04,88,379.15863636363633,0.0663409951556023,0.0030506282260393,15.0,96.88,6.458666666666667,0.0098514954179564,0.0015253141130196,5.0,31.16,6.232,0.0031685858507795,0.0005084380376732,144,39997.44,277.76,4.06724398111051,0.0146430154849888,,,,,,16.0,68.32,4.27,0.0069472973467669,0.0016270017205543,202.0,1981.0,9.806930693069306,0.2014431505261316,0.0205408967219982,22.0,211.56,9.616363636363635,0.0215130302500294,0.0022371273657621,19.0,247.52,13.027368421052632,0.0251697166169753,0.0019320645431582,129,536.92,4.162170542635659,0.0545981102375015,0.0131177013719692,42.0,103.68,2.468571428571429,0.0105429711491919,0.004270879516455,6.2,6.0,1.0333333333333334,0.8,1.0,0.8,0.0006304631667147,0.0006101256452078,8.135008602771597e-05,0.0001016876075346,0.8857142857142858,0.1142857142857143,0.8571428571428571,0.1428571428571428,170.05337693028852,8610,0.0197506825703006,0.003149987340556,2.187886716227099,0.0180914143345083,0.8755303008732931,834237,802480.3333333333,2249,0.961933279551654,0.0026958765914242,51451.0,11518.0,3221.0,16340.0,5426.0,80.0,153.0,0.0,46025.0,11438.0,3068.0,16340.0,0.1054595634681541,0.8945404365318458,0.006945650286508,0.993054349713492,0.0475007761564731,0.9524992238435268,0.0,1.0,2.625,Alpha
1,inactive,7,yellow,12,0-12,4.0,14.52,3.63,39238.36,3961.6399999999994,126,311.41555555555556,0.0036651487767692,0.0010096828586141,11.0,47.52,4.32,0.0119950323603356,0.0027766278611888,2.0,12.08,6.04,0.0030492422330146,0.000504841429307,27,42018.28,1556.2325925925925,10.606284266112016,0.0068153592956452,,,,,,18.0,393.24,21.846666666666668,0.0992619218303531,0.0045435728637634,119.0,522.28,4.38890756302521,0.1318342908492442,0.0300380650437697,11.0,109.12,9.92,0.0275441483829929,0.0027766278611888,2.0,3.96,1.98,0.0009995860300279,0.000504841429307,18,60.2,3.344444444444445,0.0151957270221423,0.0045435728637634,1.0,2.4,2.4,0.0006058097151684,0.0002524207146535,0.8,1.0,0.8,2.4,3.0,0.7999999999999999,0.0002019365717228,0.0002524207146535,0.0006058097151684,0.0007572621439605,0.25,0.7499999999999999,0.25,0.75,75.16190489582696,2695,0.0278893895717354,0.0042301403366069,2.2226441576958385,0.0257770523711465,0.6802738259912563,981085,900780.3333333333,1242,0.9181470854547092,0.0012659453564166,23025.0,2840.0,1503.0,367.0,7076.0,602.0,630.0,221.0,15949.0,2238.0,873.0,146.0,0.3073181324647123,0.6926818675352877,0.2119718309859155,0.7880281690140845,0.4191616766467065,0.5808383233532934,0.6021798365122616,0.3978201634877384,1.125,Gamma
1,inactive,8,blue,12,0-12,326.0,17624.68,54.06343558282209,14702.36,28497.64,384,38.287395833333335,0.618461037475384,0.0114395437657293,21.0,100.4,4.780952380952381,0.0035230987548442,0.0007369031260132,3.0,21.56,7.1866666666666665,0.0007565538760402,0.0001052718751447,427,25231.64,59.09049180327869,0.8853940185924167,0.0149836968956025,1.0,2.36,2.36,8.281387511386907e-05,3.509062504824961e-05,3.0,9.84,3.28,0.0003452917504747,0.0001052718751447,146.0,2336.08,16.00054794520548,0.0819745073627149,0.0051232312570444,3.0,7.6,2.533333333333333,0.0002666887503666,0.0001052718751447,53.0,490.72,9.258867924528303,0.017219671523677,0.0018598031275572,165,753.32,4.565575757575758,0.0264344696613474,0.0057899531329611,86.0,263.0,3.058139534883721,0.0092288343876896,0.0030177937541494,2.8,3.0,0.9333333333333332,15.2,14.0,1.0857142857142856,9.82537501350989e-05,0.0001052718751447,0.0005333775007333,0.0004912687506754,0.1555555555555555,0.8444444444444444,0.1764705882352941,0.8235294117647058,315.8512303523381,28137,0.0112254764314723,0.0019275373170254,2.2240070590361274,0.0101834286905767,0.9873449169825992,367943,179253.33333333328,46150,0.4871769087422054,0.1254270362528978,58797.0,12514.0,3073.0,440943.0,1486.0,3050.0,518.0,81643.0,57311.0,9464.0,2555.0,359300.0,0.0252733983026344,0.9747266016973656,0.243727025731181,0.7562729742688189,0.1685649202733485,0.8314350797266514,0.1851554509312995,0.8148445490687005,0.0,Delta
1,inactive,8,green,12,0-12,341.0,14662.24,42.99777126099707,13042.28,30157.72,203,64.24768472906405,0.4861852951748341,0.0113072208376495,58.0,296.32,5.108965517241379,0.0098256764768689,0.001923222312562,33.0,126.6,3.836363636363636,0.0041979300822475,0.001094247177837,439,28312.96,64.49421412300683,0.9388295932185854,0.0145568033657716,5.0,11.6,2.32,0.0003846444625124,0.000165795026945,10.0,36.8,3.68,0.0012202513983152,0.00033159005389,227.0,1645.68,7.249691629955947,0.054569111988572,0.0075270942233033,1.0,6.48,6.48,0.0002148703549207,3.3159005389001554e-05,112.0,1336.6,11.93392857142857,0.0443203266029394,0.0037138086035681,343,1370.16,3.99463556851312,0.0454331428237943,0.0113735388484275,119.0,412.0,3.46218487394958,0.0136615102202686,0.0039459216412911,3.8,4.0,0.95,19.4,17.0,1.1411764705882352,0.0001260042204782,0.000132636021556,0.0006432847045466,0.000563703091613,0.1637931034482758,0.8362068965517241,0.1904761904761904,0.8095238095238095,641.764683883034,29957,0.0214228622319669,0.0031211638268974,2.2429550189081184,0.0208064462680501,0.9933443244383195,326260,195475.99999999997,585,0.5991417887574326,0.0017930484889352,42299.0,33690.0,10664.0,366897.0,1396.0,5819.0,1066.0,76130.0,40903.0,27871.0,9598.0,290767.0,0.0330031442823707,0.9669968557176292,0.1727218759275749,0.8272781240724251,0.0999624906226556,0.9000375093773444,0.2074969269304464,0.7925030730695536,0.857142857142857,Gamma
1,inactive,8,red,12,0-12,195.0,2608.44,13.376615384615384,33452.16,9747.839999999997,228,146.72000000000003,0.2675915895213709,0.020004431751034,22.0,98.44,4.474545454545455,0.0100986474952399,0.0022569102488346,17.0,84.88,4.9929411764705875,0.0087075700873219,0.0017439761013722,238,39511.08,166.0129411764706,4.053316427023835,0.0244156654192108,,,,,,5.0,26.8,5.36,0.0027493270303985,0.0005129341474624,75.0,2291.04,30.5472,0.235030529840457,0.0076940122119361,10.0,165.36,16.536,0.0169637581248769,0.0010258682949248,27.0,281.0,10.407407407407408,0.0288268990873875,0.002769844396297,151,606.8,4.018543046357616,0.0622496881360383,0.0154906112533648,47.0,151.88,3.2314893617021276,0.0155808876633182,0.0048215809861466,28.0,24.0,1.1666666666666667,0.0,0.0,0.0,0.0028724312257895,0.0024620839078195,0.0,0.0,1.0,0.0,1.0,0.0,240.70462320744264,9533,0.0252496195539119,0.0044404256983303,2.034605205994529,0.0200825163645459,0.9779602455518356,836532,379030.33333333326,172155,0.4530972315862791,0.2057960723558692,58026.0,11196.0,4622.0,65406.0,72.0,557.0,0.0,43696.0,57954.0,10639.0,4622.0,21710.0,0.0012408230793092,0.9987591769206908,0.0497499106823865,0.9502500893176136,0.0,1.0,0.668073265449653,0.331926734550347,3.0,Alpha
1,inactive,8,yellow,12,0-12,85.0,602.8,7.091764705882352,31953.96,11246.04,532,60.06383458646616,0.0536010898058338,0.0075582160476043,20.0,140.92,7.045999999999999,0.0125306330050399,0.0017784037759068,4.0,11.24,2.81,0.0009994629220596,0.0003556807551813,107,42527.08,397.4493457943925,3.7815159825147338,0.0095144602011018,,,,,,3.0,5.04,1.68,0.0004481577515285,0.000266760566386,187.0,729.84,3.9028877005347593,0.0648975105903944,0.0166280753047294,1.0,1.96,1.96,0.0001742835700388,8.892018879534485e-05,109.0,1020.24,9.36,0.0907199334165626,0.0096923005786925,53,247.44,4.668679245283019,0.0220024115155201,0.0047127700061532,8.0,17.88,2.235,0.0015898929756607,0.0007113615103627,0.8,1.0,0.8,0.8,1.0,0.8,7.113615103627588e-05,8.892018879534485e-05,7.113615103627588e-05,8.892018879534485e-05,0.5,0.5,0.5,0.5,254.75847763953092,10747,0.0237050784069536,0.0048928252838997,2.213205170746955,0.0238354959923884,0.955625268983571,799381,408399.6666666666,48899,0.5108948882531191,0.0611710811240197,18562.0,25665.0,3828.0,15155.0,987.0,3714.0,548.0,6906.0,17575.0,21951.0,3280.0,8249.0,0.0531731494451028,0.9468268505548972,0.1447106954997077,0.8552893045002923,0.1431556948798328,0.8568443051201672,0.455691191026064,0.544308808973936,1.5,Beta
2,active,1,blue,24,12-24,179.0,769.0,4.29608938547486,27167.36,16032.64,329,82.57556231003039,0.0479646521096962,0.0111647239631152,94.0,362.96,3.861276595744681,0.0226388168137,0.0058630393996247,117.0,578.12,4.941196581196581,0.0360589397628837,0.0072976128697457,442,40093.16,90.70850678733032,2.500721029100635,0.0275687597301504,9.0,12.24,1.36,0.0007634425771426,0.0005613548361342,442.0,3597.28,8.138642533936652,0.2243722805476827,0.0275687597301504,40.0,179.88,4.497,0.0112196119915372,0.002494910382819,86.0,618.16,7.187906976744186,0.0385563450560855,0.0053640573230609,42.0,234.96,5.594285714285714,0.014655103588679,0.00261965590196,233,1030.44,4.422489270386266,0.0642713863718015,0.0145328529799209,27.0,65.92,2.441481481481482,0.0041116123108857,0.0016840645084028,49.0,49.0,1.0,0.0,0.0,0.0,0.0030562652189533,0.0030562652189533,0.0,0.0,1.0,0.0,1.0,0.0,586.4233772278444,15700,0.0373518074667416,0.0075249643858419,1.937302088382815,0.0332750355299206,0.9792523252564768,679513,551127.0,14896,0.8110617456913995,0.0219215820742208,94911.0,21456.0,23738.0,19404.0,14010.0,429.0,2407.0,983.0,80901.0,21027.0,21331.0,18421.0,0.1476119733223757,0.8523880266776243,0.0199944071588366,0.9800055928411632,0.1013986013986013,0.8986013986013986,0.0506596578025149,0.9493403421974852,3.0,Alpha
2,active,1,green,24,12-24,69.0,545.36,7.903768115942029,31822.04,11377.96,731,43.532202462380305,0.0479312636008563,0.0060643560005484,23.0,174.12,7.570434782608696,0.0153032705335578,0.0020214520001828,42.0,355.56,8.465714285714286,0.0312498901384782,0.0036913471307686,183,41474.28,226.6354098360656,3.645142011397474,0.0160837267840632,,,,,,288.0,4348.16,15.097777777777775,0.3821563795267341,0.0253120946109847,19.0,252.72,13.301052631578948,0.0222113630211391,0.0016698951305857,43.0,402.6,9.36279069767442,0.035384198924939,0.0037792363481678,13.0,50.92,3.916923076923077,0.0044753189499699,0.0011425598261902,139,492.92,3.546187050359712,0.0433223530404395,0.0122166012184961,8.0,23.24,2.905,0.0020425454123586,0.000703113739194,0.0,0.0,0.0,8.6,7.0,1.2285714285714284,0.0,0.0,0.0007558472696335,0.0006152245217947,0.0,1.0,0.0,1.0,297.5493841866242,10794,0.0275661834525314,0.0053795288121533,2.008401753594173,0.0244876774002795,0.9486762126075324,796282,609272.6666666666,16866,0.765146853334204,0.0211809384112663,115329.0,11394.0,13307.0,13703.0,9829.0,769.0,1152.0,1493.0,105500.0,10625.0,12155.0,12210.0,0.085225745475986,0.914774254524014,0.0674916622783921,0.932508337721608,0.0865709776809198,0.9134290223190802,0.1089542435962927,0.8910457564037072,0.75,Delta
2,active,1,red,24,12-24,45.0,470.68,10.459555555555555,35611.88,7588.120000000003,258,138.03054263565892,0.0620285393483497,0.0059303226622668,28.0,145.28,5.188571428571429,0.0191457172527582,0.0036899785454104,27.0,199.4,7.385185185185185,0.0262779186412444,0.00355819359736,117,41890.44,358.0379487179487,5.520529459207285,0.0154188389218936,3.0,5.6,1.8666666666666665,0.000737995709082,0.0003953548441511,176.0,2414.0,13.715909090909092,0.3181288645936014,0.0231941508568657,36.0,584.08,16.224444444444444,0.0769729524572621,0.0047442581298134,35.0,244.6,6.988571428571428,0.0322345982931213,0.004612473181763,18.0,210.16,11.675555555555556,0.0276959246822664,0.0023721290649067,103,453.72,4.405048543689321,0.0597934666294154,0.0135738496491884,9.0,23.32,2.591111111111111,0.0030732249885347,0.0011860645324533,0.0,0.0,0.0,6.4,6.0,1.0666666666666669,0.0,0.0,0.0008434236675223,0.0007907096883022,0.0,1.0,0.0,1.0,169.9024511098526,7327,0.0231885425289822,0.0046569086499753,1.9896264678709017,0.020689498505462,0.9655883143650862,890555,632437.6666666666,48677,0.7101612664761487,0.0546591732122103,75164.0,11422.0,8672.0,11812.0,8293.0,175.0,151.0,12.0,66871.0,11247.0,8521.0,11800.0,0.1103320738651482,0.8896679261348518,0.015321309753108,0.984678690246892,0.0174123616236162,0.9825876383763836,0.0010159160176092,0.9989840839823908,0.75,Beta
2,active,1,yellow,24,12-24,145.0,918.44,6.3340689655172415,31897.68,11302.32,399,79.94406015037595,0.0812611923923583,0.0128292244424153,58.0,294.96,5.08551724137931,0.0260972968381712,0.0051316897769661,145.0,893.72,6.163586206896552,0.0790740308184514,0.0128292244424153,282,41029.56,145.49489361702126,3.630189200093432,0.0249506296052491,4.0,6.92,1.73,0.000612263676838,0.0003539096397907,239.0,2916.08,12.201171548117154,0.2580072056002661,0.0211461009774984,25.0,265.24,10.6096,0.0234677482145258,0.0022119352486923,54.0,312.16,5.780740740740741,0.0276191082892715,0.0047777801371753,44.0,422.04,9.591818181818182,0.037341006094324,0.0038930060376984,151,621.08,4.113112582781457,0.0549515497703126,0.0133600889021015,2.0,4.44,2.22,0.0003928397001677,0.0001769548198953,0.0,0.0,0.0,34.0,36.0,0.9444444444444444,0.0,0.0,0.0030082319382215,0.0031851867581169,0.0,1.0,0.0,1.0,412.1266047857816,10967,0.0375787913545893,0.0087272686225348,2.010119889671072,0.034419734594417,0.97033175489634,797841,612755.3333333333,13477,0.7680168521463967,0.0168918368446845,79797.0,18453.0,29920.0,23106.0,4679.0,965.0,2888.0,2281.0,75118.0,17488.0,27032.0,20825.0,0.0586362895848214,0.9413637104151784,0.0522950197799815,0.9477049802200184,0.096524064171123,0.903475935828877,0.0987189474595343,0.9012810525404656,0.75,Gamma
2,active,2,blue,24,12-24,116.0,1050.68,9.057586206896552,25623.32,17576.68,266,96.32827067669172,0.0597769317072393,0.0065996536319714,68.0,456.36,6.711176470588235,0.0259639476852283,0.0038687624739143,96.0,621.44,6.473333333333334,0.0353559375263132,0.0054617823161143,279,40255.32,144.2843010752688,2.2902686969325265,0.0158733048562072,14.0,27.24,1.9457142857142855,0.0015497807321974,0.0007965099211,128.0,1287.64,10.0596875,0.0732584310575148,0.0072823764214857,491.0,2883.48,5.8726680244399185,0.1640514590923883,0.0279347408042929,47.0,464.04,9.873191489361703,0.0264008902705175,0.0026739975922642,41.0,330.8,8.06829268292683,0.0188203915642772,0.0023326361975071,208,923.2,4.438461538461539,0.0525241399399659,0.0118338616849143,26.0,61.24,2.3553846153846156,0.0034841619691545,0.0014792327106142,2.0,2.0,1.0,25.0,26.0,0.9615384615384616,0.0001137871315857,0.0001137871315857,0.0014223391448214,0.0014792327106142,0.074074074074074,0.925925925925926,0.0714285714285714,0.9285714285714286,376.95925822676514,17290,0.0218021549003334,0.0043630207152056,2.1005696748906773,0.0211313952636059,0.9836897525585035,640849,383514.33333333326,100604,0.5984472681292056,0.1569854989240835,104897.0,19959.0,27109.0,26383.0,26246.0,1156.0,5689.0,6371.0,78651.0,18803.0,21420.0,20012.0,0.2502073462539443,0.7497926537460556,0.0579187334034771,0.9420812665965228,0.2098565052196687,0.7901434947803313,0.2414812568699541,0.7585187431300459,0.0,Delta
2,active,2,green,24,12-24,221.0,1681.24,7.607420814479638,24042.36,19157.64,494,48.66874493927126,0.0877581998617783,0.011535867674724,138.0,755.84,5.477101449275363,0.0394537114174814,0.0072033924846693,113.0,583.0,5.15929203539823,0.0304317233229145,0.0058984300780263,468,38004.4,81.2059829059829,1.9837725314809131,0.0244288962523567,19.0,36.64,1.928421052631579,0.0019125529031759,0.0009917714290486,147.0,2722.52,18.520544217687075,0.1421114500533468,0.0076731789510607,326.0,2425.16,7.439141104294478,0.1265897052037725,0.0170167097826245,43.0,461.28,10.727441860465117,0.0240781223574511,0.0022445353394259,47.0,295.32,6.283404255319149,0.0154152599171923,0.0024533293244888,233,1099.72,4.719828326180258,0.0574037303133371,0.0121622496299126,25.0,59.2,2.3680000000000003,0.0030901509789305,0.0013049624066429,8.0,8.0,1.0,23.2,20.0,1.16,0.0004175879701257,0.0004175879701257,0.0012110051133646,0.0010439699253143,0.2564102564102564,0.7435897435897436,0.2857142857142857,0.7142857142857143,599.4311985751082,18816,0.0318575254344764,0.0061086636099008,2.0800472143978315,0.0290339339513856,0.9821669057357796,601553,389996.99999999994,54998,0.6483169396545274,0.0914266905825421,129165.0,19005.0,33722.0,42252.0,32459.0,2192.0,8289.0,12363.0,96706.0,16813.0,25433.0,29889.0,0.2512987264351798,0.7487012735648202,0.1153380689292291,0.8846619310707708,0.2458039262202716,0.7541960737797284,0.2926015336552116,0.7073984663447884,0.9764705882352944,Gamma
2,active,2,red,24,12-24,360.0,3012.44,8.367888888888888,19363.56,23836.44,186,104.10516129032258,0.1263796103780598,0.0151029264437139,279.0,1256.52,4.503655913978495,0.0527142475973761,0.0117047679938782,252.0,927.6,3.680952380952381,0.0389152071366361,0.0105720485105997,689,34892.84,50.64272859216255,1.4638444331452178,0.0289053231103302,61.0,107.76,1.7665573770491805,0.004520809315485,0.0025591069807404,284.0,2993.16,10.539295774647886,0.125570764761852,0.011914530861152,427.0,3245.64,7.601030444964871,0.13616295050771,0.0179137488651828,70.0,350.72,5.010285714285715,0.0147136065620537,0.0029366801418332,77.0,375.36,4.874805194805195,0.015747317971979,0.0032303481560165,410,2014.04,4.912292682926829,0.0844941610408265,0.0172005551164519,15.0,33.32,2.2213333333333334,0.0013978597475126,0.0006292886018214,31.8,30.0,1.06,4.6,5.0,0.92,0.0013340918358613,0.0012585772036428,0.0001929818378918,0.0002097628672738,0.8736263736263736,0.1263736263736263,0.8571428571428571,0.1428571428571428,912.9232498895196,23640,0.0386177347669001,0.009976652953333,2.0188183575930716,0.0365431512558322,0.9917588364705467,484275,353290.6666666666,20082,0.7295248911603255,0.0414681740746476,156681.0,18299.0,55134.0,75671.0,37714.0,2212.0,8917.0,16420.0,118967.0,16087.0,46217.0,59251.0,0.2407056375693287,0.7592943624306713,0.1208809224547789,0.879119077545221,0.1617332317626147,0.8382667682373853,0.2169919784329531,0.7830080215670469,3.0,Alpha
2,active,2,yellow,24,12-24,383.0,2446.88,6.388720626631854,19323.04,23876.96,225,85.88017777777779,0.1024787075071533,0.0160405679785031,185.0,1022.16,5.525189189189189,0.042809469882263,0.0077480550287808,187.0,1118.28,5.980106951871657,0.0468351079869464,0.0078318177858487,703,36713.84,52.22452347083926,1.537626230474901,0.0294426091093673,5.0,8.72,1.7440000000000002,0.000365205620816,0.0002094068926697,138.0,1427.64,10.345217391304349,0.0597915312502094,0.0057796302376852,360.0,3005.68,8.34911111111111,0.125882021831925,0.0150772962722222,60.0,379.72,6.328666666666667,0.0159031970569117,0.002512882712037,98.0,562.6,5.740816326530613,0.0235624635632006,0.0041043750963271,316,1368.56,4.330886075949367,0.0573171794064236,0.0132345156167284,14.0,33.24,2.3742857142857146,0.0013921370224685,0.0005863392994753,18.8,20.0,0.94,7.8,9.0,0.8666666666666667,0.0007873699164382,0.000837627570679,0.0003266747525648,0.0003769324068055,0.706766917293233,0.2932330827067669,0.6896551724137931,0.3103448275862069,835.18660404234,23656,0.0353054871509274,0.0097105745640383,2.0185060949258613,0.0329948607312006,0.9907458905991384,483301,366234.0,16303,0.7577762098567973,0.033732601422302,111331.0,23716.0,53883.0,61555.0,37340.0,1378.0,12483.0,15880.0,73991.0,22338.0,41400.0,45675.0,0.335396250819628,0.664603749180372,0.0581042334289087,0.9418957665710912,0.2316686153332219,0.768331384666778,0.2579806676955568,0.7420193323044432,2.2928571428571427,Beta
2,active,3,blue,24,12-24,98.0,481.6,4.914285714285715,30482.72,12717.28,259,117.69389961389962,0.037869733150485,0.0077060503503893,93.0,839.44,9.026236559139786,0.066007825572764,0.0073128845161858,98.0,529.76,5.405714285714286,0.0416567064655335,0.0077060503503893,343,40062.44,116.8001166180758,3.150236528565857,0.0269711762263628,7.0,14.76,2.1085714285714285,0.0011606255425688,0.0005504321678849,347.0,2808.12,8.09256484149856,0.2208113684687291,0.0272857088937257,10.0,49.68,4.968,0.0039064957286463,0.000786331668407,48.0,424.04,8.834166666666667,0.0333436080671338,0.0037743920083539,8.0,49.72,6.215,0.00390964105532,0.0006290653347256,191,748.12,3.9168586387434554,0.0588270447768705,0.0150189348665752,31.0,78.88,2.544516129032258,0.006202584200395,0.0024376281720619,15.0,15.0,1.0,0.0,0.0,0.0,0.0011794975026106,0.0011794975026106,0.0,0.0,1.0,0.0,1.0,0.0,457.92450995811,12427,0.0368491598904087,0.0067857609093433,1.899329875739909,0.0334435840001403,0.9771743643294792,762327,677879.3333333333,3691,0.8892238282696707,0.0048417542603108,71802.0,11900.0,34421.0,12138.0,1174.0,220.0,160.0,96.0,70628.0,11680.0,34261.0,12042.0,0.0163505194841369,0.9836494805158632,0.0184873949579831,0.9815126050420168,0.0046483251503442,0.9953516748496556,0.0079090459713297,0.9920909540286704,3.0,Alpha
2,active,3,green,24,12-24,6.0,53.0,8.833333333333334,40135.76,3064.239999999998,404,99.3459405940594,0.0172962953293475,0.0019580711693601,2.0,14.96,7.48,0.0048821241156045,0.0006526903897867,3.0,17.56,5.853333333333333,0.0057306216223272,0.00097903558468,27,43079.48,1595.5362962962963,14.0587812965042,0.0088113202621204,,,,,,122.0,1655.64,13.57081967213115,0.540310158473227,0.0398141137769887,1.0,1.68,1.68,0.0005482599274208,0.0003263451948933,20.0,194.48,9.724,0.0634676135028588,0.006526903897867,2.0,17.68,8.84,0.0057697830457144,0.0006526903897867,31,105.24,3.394838709677419,0.0343445683105762,0.0101167010416938,4.0,8.32,2.08,0.0027151920215126,0.0013053807795734,0.0,0.0,0.0,1.6,2.0,0.8,0.0,0.0,0.0005221523118293,0.0006526903897867,0.0,1.0,0.0,1.0,67.72543084360443,2767,0.0244761224588378,0.0031557614733302,2.08002418483344,0.0184806605104965,0.9029971542699012,1003798,828083.0,4162,0.8249498405057591,0.0041462525328801,41556.0,5326.0,818.0,1331.0,542.0,44.0,11.0,142.0,41014.0,5282.0,807.0,1189.0,0.0130426412551737,0.9869573587448264,0.0082613593691325,0.9917386406308676,0.0134474327628361,0.9865525672371638,0.106686701728024,0.8933132982719759,0.75,Delta
2,active,3,red,24,12-24,29.0,264.08,9.106206896551724,39773.56,3426.4400000000023,116,342.87551724137927,0.0770712459579037,0.008463594868143,23.0,173.44,7.540869565217391,0.0506181342734733,0.0067125062747341,32.0,179.72,5.61625,0.0524509403345746,0.0093391391648474,79,42453.84,537.3903797468354,12.390072495067756,0.0230559998132172,8.0,15.84,1.98,0.0046228738865994,0.0023347847912118,112.0,1129.92,10.088571428571427,0.3297650039107643,0.0326869870769661,12.0,141.44,11.786666666666669,0.0412789951086258,0.0035021771868178,14.0,175.0,12.5,0.0510734173077596,0.0040858733846207,6.0,18.36,3.06,0.0053583310958312,0.0017510885934089,52,194.0,3.730769230769231,0.0566185311868878,0.0151761011428771,3.0,6.8,2.2666666666666666,0.00198456707253,0.0008755442967044,0.0,0.0,0.0,1.6,2.0,0.8,0.0,0.0,0.0004669569582423,0.0005836961978029,0.0,1.0,0.0,1.0,119.1143686267892,3307,0.0360188595787085,0.0042475835001781,1.9669234279771044,0.0322833849716581,0.9651416630672062,994455,824872.0,5457,0.8294714190184573,0.0054874277870793,31908.0,4854.0,8884.0,6631.0,2789.0,0.0,102.0,308.0,29119.0,4854.0,8782.0,6323.0,0.0874075466967531,0.9125924533032468,0.0,1.0,0.0114813147230977,0.9885186852769025,0.0464484994721761,0.953551500527824,0.75,Beta
2,active,3,yellow,24,12-24,20.0,149.6,7.48,36268.88,6931.120000000003,206,176.06252427184464,0.0215838132942439,0.0028855365366636,25.0,140.24,5.6096,0.0202333821950853,0.0036069206708295,20.0,103.12,5.156000000000001,0.0148778263830376,0.0028855365366636,82,42642.8,520.0341463414635,6.152367871281984,0.0118306998003208,1.0,1.28,1.28,0.0001846743383464,0.0001442768268331,188.0,3222.6,17.141489361702128,0.4649465021526101,0.027124043444638,10.0,58.84,5.884,0.0084892484908643,0.0014427682683318,30.0,391.96,13.065333333333331,0.0565507450455337,0.0043283048049954,8.0,25.2,3.15,0.0036357760361961,0.0011542146146654,96,400.56,4.1725,0.0577915257562991,0.0138505753759854,13.0,30.52,2.3476923076923075,0.0044033287549486,0.0018755987488313,0.0,0.0,0.0,11.8,11.0,1.0727272727272728,0.0,0.0,0.0017024665566315,0.0015870450951649,0.0,1.0,0.0,1.0,146.646841905411,6756,0.0217061636923343,0.0034642830001682,2.0844854103560047,0.0200633020068165,0.974734242084973,906928,780778.3333333333,382,0.8609044304876828,0.0004212021240936,82234.0,10467.0,6129.0,3760.0,3670.0,264.0,193.0,354.0,78564.0,10203.0,5936.0,3406.0,0.0446287423693362,0.9553712576306636,0.0252221266838635,0.9747778733161364,0.0314896394191548,0.9685103605808452,0.0941489361702127,0.9058510638297872,0.75,Gamma
2,active,4,blue,24,12-24,276.0,1628.56,5.900579710144927,23663.44,19536.56,360,65.73177777777778,0.0833596088564209,0.0141273591666086,147.0,592.4,4.029931972789115,0.0303226361242716,0.0075243543387372,152.0,521.4,3.430263157894737,0.0266884241647454,0.0077802847584221,575,38164.52,66.37307826086956,1.9534923241348523,0.029431998263768,38.0,87.64,2.3063157894736843,0.0044859483962376,0.0019450711896055,37.0,189.04,5.109189189189189,0.0096762173074481,0.0018938851056685,283.0,4283.28,15.135265017667844,0.2192443296056214,0.0144856617541675,65.0,325.72,5.011076923076923,0.0166723312599556,0.0033270954559042,106.0,715.04,6.74566037735849,0.0366000974583038,0.0054257248973207,338,1530.88,4.52923076923077,0.078359752177456,0.0173008963707019,33.0,81.32,2.464242424242424,0.0041624523457558,0.0016891407699206,158.4,143.0,1.1076923076923078,0.0,0.0,0.0,0.0081078756956188,0.0073196100029892,0.0,0.0,1.0,0.0,1.0,0.0,893.4307942221757,19150,0.0466543495677376,0.0094196388579536,1.972277431934019,0.0397734449659824,0.980213507393318,591946,461108.6666666666,24001,0.7789708295463887,0.0405459281758809,112128.0,26190.0,28144.0,40990.0,3673.0,854.0,2319.0,762.0,108455.0,25336.0,25825.0,40228.0,0.0327572060502283,0.9672427939497716,0.0326078655975563,0.9673921344024436,0.0823976691301876,0.9176023308698124,0.0185898999756038,0.9814101000243962,3.0,Alpha
2,active,4,green,24,12-24,31.0,196.56,6.340645161290323,33800.0,9400.0,562,60.1423487544484,0.0209106382978723,0.0032978723404255,13.0,94.76,7.28923076923077,0.0100808510638297,0.0013829787234042,24.0,109.44,4.56,0.0116425531914893,0.0025531914893617,173,41852.24,241.9204624277457,4.452365957446808,0.0184042553191489,3.0,10.76,3.5866666666666664,0.0011446808510638,0.0003191489361702,18.0,85.44,4.746666666666666,0.0090893617021276,0.0019148936170212,187.0,2832.88,15.14909090909091,0.3013702127659574,0.0198936170212765,19.0,145.68,7.667368421052632,0.0154978723404255,0.0020212765957446,20.0,188.2,9.41,0.0200212765957446,0.002127659574468,106,425.48,4.013962264150943,0.045263829787234,0.0112765957446808,19.0,45.96,2.4189473684210525,0.0048893617021276,0.0020212765957446,3.0,3.0,1.0,52.2,44.0,1.1863636363636365,0.0003191489361702,0.0003191489361702,0.0055531914893617,0.0046808510638297,0.0543478260869565,0.9456521739130436,0.0638297872340425,0.9361702127659576,282.2766493142721,9005,0.0313466573363989,0.0054402928810126,2.0376720431710815,0.0289184835529271,0.9579787234042552,845562,586173.6666666666,43749,0.6932355837498215,0.0517395531019605,73163.0,8386.0,5142.0,4945.0,2965.0,1210.0,1218.0,333.0,70198.0,7176.0,3924.0,4612.0,0.0405259489086013,0.9594740510913986,0.144288099212974,0.855711900787026,0.2368728121353558,0.7631271878646441,0.0673407482305359,0.932659251769464,0.75,Gamma
2,active,4,red,24,12-24,96.0,797.0,8.302083333333334,28123.72,15076.28,314,89.5659872611465,0.0528644997307028,0.0063676185371988,85.0,541.0,6.364705882352941,0.0358841836315059,0.0056379955798114,64.0,348.88,5.45125,0.0231409870339367,0.0042450790247992,315,40252.64,127.78615873015872,2.669931839949908,0.0208937483251836,17.0,47.44,2.7905882352941176,0.0031466648271324,0.0011275991159622,23.0,80.88,3.516521739130434,0.00536471861759,0.0015255752745372,210.0,4832.88,23.013714285714286,0.3205618362089322,0.0139291655501224,61.0,446.56,7.320655737704918,0.0296200388955365,0.0040460909455117,44.0,388.36,8.826363636363636,0.0257596701573597,0.0029184918295494,244,1043.4,4.276229508196722,0.0692080539761798,0.016184363782047,24.0,62.68,2.611666666666667,0.0041575242699127,0.0015919046342997,0.0,0.0,0.0,41.2,42.0,0.980952380952381,0.0,0.0,0.0027327696222144,0.0027858331100244,0.0,1.0,0.0,1.0,467.2160577746163,14766,0.0316413421220788,0.0057950353998305,2.0664453042719626,0.0290348270128988,0.9794193262528952,703407,512584.33333333326,38357,0.7287165657056771,0.0545303074891208,123077.0,20978.0,22396.0,20021.0,1942.0,924.0,2740.0,1505.0,121135.0,20054.0,19656.0,18516.0,0.0157787401382874,0.9842212598617126,0.0440461435789875,0.9559538564210124,0.1223432755849258,0.8776567244150741,0.075171070376105,0.924828929623895,0.0,Delta
2,active,4,yellow,24,12-24,97.0,555.04,5.722061855670103,31032.04,12167.96,342,90.7369590643275,0.045614877103475,0.0079717553312141,98.0,556.36,5.677142857142857,0.0457233587224152,0.0080539383758657,132.0,812.8,6.157575757575757,0.0667983786928951,0.0108481618940233,391,38259.24,97.84971867007673,3.1442608292597938,0.0321335704588115,53.0,135.52,2.556981132075472,0.0111374462111972,0.0043557013665396,16.0,88.24,5.515,0.0072518318600652,0.001314928714427,100.0,1283.0,12.83,0.1054408462881206,0.0082183044651691,39.0,278.36,7.137435897435898,0.0228764723092449,0.0032051387414159,51.0,242.28,4.750588235294118,0.0199113080582118,0.0041913352772362,161,706.16,4.386086956521739,0.0580343788112387,0.0132314701889223,19.0,45.92,2.416842105263158,0.0037738454104056,0.0015614778483821,1.6,2.0,0.8,69.6,62.0,1.1225806451612903,0.0001314928714427,0.0001643660893033,0.0057199399077577,0.0050953487684048,0.0224719101123595,0.9775280898876404,0.03125,0.96875,463.81582949461944,11851,0.0391372736051488,0.0105556085582733,2.077606326769767,0.0338825458221857,0.9739512621671998,776143,560516.0,29287,0.7221813506016288,0.0377340258174073,34397.0,13106.0,34459.0,13973.0,2158.0,488.0,2951.0,1412.0,32239.0,12618.0,31508.0,12561.0,0.062738029479315,0.9372619705206848,0.037234854265222,0.962765145734778,0.0856380045851591,0.9143619954148408,0.1010520289129034,0.8989479710870966,2.25,Beta
2,active,5,blue,24,12-24,236.0,1430.4,6.061016949152543,22023.92,21176.08,214,102.91551401869158,0.067547912550387,0.0111446500013222,174.0,834.56,4.796321839080459,0.0394105046826419,0.0082168182213138,251.0,1255.76,5.003027888446215,0.0593008715494085,0.0118529963997113,537,38302.56,71.32692737430168,1.808765361672226,0.0253588010623307,33.0,90.12,2.730909090909091,0.0042557451615218,0.001558362076456,358.0,3007.36,8.400446927374302,0.1420168416439681,0.0169058673748871,134.0,1589.44,11.861492537313431,0.0750582732970408,0.0063278944922761,44.0,421.8,9.586363636363636,0.0199187007227022,0.0020778161019414,57.0,435.84,7.646315789473684,0.0205817129515944,0.0026917163138786,318,1564.36,4.9193710691823895,0.0738739181189341,0.0150169436458494,35.0,85.84,2.452571428571429,0.0040536303225148,0.0016528082629079,12.4,12.0,1.0333333333333334,28.0,25.0,1.12,0.0005855663560016,0.0005666771187113,0.0013222466103263,0.0011805773306485,0.3069306930693069,0.6930693069306931,0.3243243243243243,0.6756756756756757,766.414341394863,20815,0.0368202902423667,0.0070612502255618,2.0860662161686183,0.0345163674216022,0.9829486854979768,550812,430756.3333333333,16559,0.7820387597462171,0.0300628889711916,115412.0,21542.0,52683.0,35996.0,28262.0,1376.0,6627.0,4193.0,87150.0,20166.0,46056.0,31803.0,0.2448792153328943,0.7551207846671056,0.0638752204994893,0.9361247795005108,0.1257901030693013,0.8742098969306987,0.1164851650183353,0.8835148349816646,2.08974358974359,Beta
2,active,5,green,24,12-24,50.0,769.12,15.3824,27431.96,15768.04,293,93.62443686006826,0.048777146684052,0.0031709711543096,46.0,377.84,8.21391304347826,0.0239623948188868,0.0029172934619648,50.0,541.88,10.8376,0.0343657169819457,0.0031709711543096,210,40419.6,192.4742857142857,2.5633877133746488,0.0133180788481003,3.0,7.68,2.56,0.0004870611693019,0.0001902582692585,231.0,2844.4,12.313419913419914,0.1803902070263647,0.0146498867329103,142.0,2486.52,17.51070422535211,0.1576936638922783,0.0090055580782392,17.0,84.96,4.997647058823529,0.0053881141854028,0.0010781301924652,41.0,633.52,15.45170731707317,0.0401774729135644,0.0026001963465338,200,819.32,4.0966000000000005,0.0519608017229788,0.0126838846172384,35.0,88.88,2.539428571428571,0.0056367183239007,0.0022196798080167,0.8,1.0,0.8,7.4,8.0,0.925,5.073553846895366e-05,6.341942308619207e-05,0.0004693037308378,0.0005073553846895,0.097560975609756,0.9024390243902438,0.1111111111111111,0.8888888888888888,333.2952816097634,15394,0.0216509862030507,0.0038669054549607,2.1501996039756945,0.0207864504070257,0.9762785989888406,686092,475505.99999999994,37857,0.6930644869784226,0.0551777312663607,133646.0,18020.0,23089.0,19278.0,54038.0,695.0,3666.0,3304.0,79608.0,17325.0,19423.0,15974.0,0.4043368301333373,0.5956631698666627,0.0385682574916759,0.961431742508324,0.158776906752133,0.8412230932478669,0.1713870733478576,0.8286129266521424,0.75,Gamma
2,active,5,red,24,12-24,153.0,1818.68,11.886797385620916,25182.8,18017.2,175,143.9017142857143,0.1009413227360522,0.0084918855316031,91.0,512.76,5.634725274725275,0.0284594720600315,0.0050507293031103,132.0,683.48,5.177878787878788,0.0379348622427458,0.0073263326155007,414,37688.92,91.036038647343,2.09183002908332,0.0229780432031614,16.0,43.28,2.705,0.0024021490575672,0.0008880403170303,234.0,3079.36,13.15965811965812,0.1709122394156694,0.0129875896365695,80.0,351.32,4.3915,0.0194991452611948,0.0044402015851519,45.0,363.48,8.077333333333334,0.0201740559021379,0.0024976133916479,78.0,717.0,9.192307692307692,0.0397953067069244,0.0043291965455231,295,1191.32,4.038372881355932,0.0661212619052905,0.0163732433452478,31.0,83.0,2.6774193548387095,0.0046067091445951,0.0017205781142463,45.0,42.0,1.0714285714285714,2.6,3.0,0.8666666666666667,0.0024976133916479,0.0023311058322047,0.0001443065515174,0.0001665075594431,0.9453781512605042,0.0546218487394958,0.9333333333333332,0.0666666666666666,536.2011804651262,17698,0.0302972754246313,0.0067428786830947,2.0608874272151163,0.0285189524887054,0.9822835956752436,629745,416262.99999999994,78492,0.6610024692534279,0.1246409260891313,86081.0,27135.0,30129.0,45620.0,26694.0,1203.0,5502.0,4889.0,59387.0,25932.0,24627.0,40731.0,0.3101032748225508,0.6898967251774492,0.0443338861249309,0.9556661138750692,0.1826147565468485,0.8173852434531514,0.1071679088119245,0.8928320911880754,3.0,Alpha
2,active,5,yellow,24,12-24,102.0,993.76,9.742745098039215,26829.44,16370.56,266,100.86255639097745,0.0607040932014543,0.0062306970561788,59.0,325.36,5.514576271186441,0.0198747019039055,0.0036040306501426,79.0,1067.76,13.515949367088608,0.0652244028304468,0.0048257359552758,261,39748.04,152.29134099616857,2.4280195668321674,0.0159432542319871,11.0,43.28,3.9345454545454546,0.002643770280308,0.0006719379178232,242.0,5580.76,23.06099173553719,0.3409022049337347,0.0147826341921107,35.0,434.16,12.40457142857143,0.0265207787638297,0.0021379842839829,30.0,566.0,18.866666666666667,0.0345742601352672,0.0018325579576996,20.0,210.84,10.542,0.0128792173267133,0.0012217053051331,239,943.0,3.9456066945606696,0.0576034051370264,0.0145993783963407,34.0,90.12,2.650588235294118,0.0055050041049298,0.0020768990187262,2.4,2.0,1.2,22.6,21.0,1.0761904761904764,0.0001466046366159,0.0001221705305133,0.0013805269948004,0.0012827905703897,0.096,0.904,0.0869565217391304,0.9130434782608696,343.08738406117345,16005,0.0214362626717384,0.0036051981190509,2.1030366950146364,0.0197868696342776,0.977669670432777,671002,482166.6666666666,33746,0.7185770931631599,0.050291951439787,150650.0,19471.0,34966.0,24946.0,38210.0,1596.0,5515.0,3892.0,112440.0,17875.0,29451.0,21054.0,0.2536342515765018,0.7463657484234981,0.0819680550562374,0.9180319449437624,0.1577246467997483,0.8422753532002517,0.1560169967128998,0.8439830032871002,0.0,Delta
2,active,6,blue,24,12-24,68.0,742.88,10.92470588235294,28261.0,14939.0,316,89.43354430379746,0.0497275587388714,0.0045518441662761,63.0,431.76,6.8533333333333335,0.0289015329004618,0.0042171497422852,50.0,341.04,6.8208,0.022828837271571,0.0033469442399089,238,40107.64,168.51949579831933,2.6847606934868464,0.0159314545819666,3.0,5.04,1.68,0.0003373719793828,0.0002008166543945,390.0,2935.2,7.526153846153845,0.1964790146596157,0.0261061650712899,22.0,152.16,6.916363636363636,0.0101854207108909,0.0014726554655599,38.0,385.04,10.132631578947368,0.0257741482026909,0.0025436776223308,25.0,208.2,8.328,0.0139366758149809,0.0016734721199544,174,761.28,4.375172413793103,0.0509592342191579,0.0116473659548831,30.0,80.16,2.6719999999999997,0.005365821005422,0.0020081665439453,0.0,0.0,0.0,19.6,19.0,1.0315789473684212,0.0,0.0,0.0013120021420443,0.0012718388111654,0.0,1.0,0.0,1.0,326.5091273169187,14623,0.022328463879978,0.0044084902518019,2.1115104374678157,0.0204336476257914,0.9788473124037752,706841,456197.99999999994,91043,0.6454039876011719,0.128802658589414,77596.0,14894.0,19433.0,18640.0,5484.0,255.0,3190.0,4932.0,72112.0,14639.0,16243.0,13708.0,0.070673746069385,0.929326253930615,0.0171209883174432,0.9828790116825568,0.1641537590696238,0.8358462409303762,0.2645922746781116,0.7354077253218884,0.0,Delta
2,active,6,green,24,12-24,77.0,622.16,8.08,24284.6,18915.4,296,82.04256756756756,0.0328917178595218,0.0040707571608319,67.0,414.52,6.186865671641791,0.0219144189390655,0.0035420873996849,45.0,351.68,7.815111111111111,0.0185922581600177,0.0023790139251615,234,40489.76,173.0331623931624,2.140571174809943,0.0123708724108398,1.0,2.04,2.04,0.0001078486312739,5.286697611470019e-05,662.0,7242.44,10.9402416918429,0.3828859024921492,0.0349979381879315,19.0,146.96,7.734736842105264,0.0077693308098163,0.0010044725461793,45.0,674.88,14.997333333333334,0.0356788648402888,0.0023790139251615,22.0,155.28,7.058181818181819,0.0082091840510906,0.0011630734745234,235,949.2,4.039148936170213,0.0501813337280734,0.0124237393869545,41.0,112.24,2.737560975609756,0.0059337893991139,0.0021675460207027,1.6,2.0,0.8,14.4,13.0,1.1076923076923078,8.45871617835203e-05,0.0001057339522294,0.0007612844560516,0.0006872706894911,0.1,0.9,0.1333333333333333,0.8666666666666667,388.0299484233947,18664,0.0207902887067828,0.0040312906389988,2.149593088483259,0.0190629601971461,0.9867092422047644,607411,444149.99999999994,27383,0.7312182360872621,0.0450815016520938,185416.0,20821.0,19267.0,15631.0,16351.0,256.0,3600.0,3576.0,169065.0,20565.0,15667.0,12055.0,0.0881854856107347,0.9118145143892652,0.0122952788050525,0.9877047211949476,0.186847978408678,0.8131520215913219,0.2287761499584159,0.771223850041584,0.9375,Gamma
2,active,6,red,24,12-24,187.0,918.12,4.909732620320856,22994.64,20205.36,254,90.53007874015748,0.0454394279537706,0.0092549699683648,264.0,1527.0,5.784090909090909,0.0755740061053106,0.0130658399553385,218.0,1244.36,5.708073394495412,0.0615856386622163,0.0107892163267568,601,37276.84,62.024692179700494,1.844898581366528,0.0297445826256003,1.0,4.12,4.12,0.0002039062902121,4.949181801264615e-05,509.0,3420.64,6.720314341846758,0.1692936923667779,0.0251913353684368,83.0,380.24,4.581204819277109,0.0188187688811285,0.0041078208950496,69.0,500.56,7.254492753623189,0.0247736244244101,0.0034149354428725,70.0,270.4,3.8628571428571425,0.0133825875906195,0.0034644272608852,312,1327.0,4.253205128205129,0.0656756425027814,0.0154414472199455,22.0,52.08,2.367272727272727,0.0025775338820986,0.0010888199962782,15.8,14.0,1.1285714285714286,22.8,20.0,1.14,0.0007819707245998,0.000692885452177,0.0011284134506883,0.0009898363602529,0.4093264248704663,0.5906735751295337,0.4117647058823529,0.5882352941176471,734.9876609669864,19940,0.0368599629371608,0.0098803298741494,1.919699778682965,0.0341291234197294,0.9868668511721642,575120,398238.3333333333,62326,0.6924438957666805,0.1083704270413131,95614.0,19413.0,69766.0,23140.0,10608.0,770.0,7013.0,4239.0,85006.0,18643.0,62753.0,18901.0,0.1109460957600351,0.8890539042399649,0.0396641425848658,0.9603358574151342,0.100521744116045,0.8994782558839549,0.1831892826274848,0.8168107173725151,2.25,Beta
2,active,6,yellow,24,12-24,175.0,1572.52,8.985828571428572,23104.64,20095.36,346,66.7764161849711,0.0782528902194337,0.0087084779770056,126.0,857.96,6.80920634920635,0.0426944329437243,0.006270104143444,81.0,461.68,5.699753086419753,0.0229744577852797,0.0040307812350711,448,37619.08,83.97116071428572,1.8720281696869328,0.0222937036211344,,,,,,362.0,3889.76,10.745193370165746,0.1935650816904997,0.0180141087295773,40.0,211.88,5.297,0.0105437275072454,0.001990509251887,42.0,209.4,4.985714285714286,0.0104203159336284,0.0020900347144813,66.0,599.2,9.07878787878788,0.0298178285932673,0.0032843402656135,282,1294.56,4.59063829787234,0.0644208414280709,0.0140330902258033,30.0,69.04,2.3013333333333335,0.0034356189687569,0.0014928819389152,40.2,37.0,1.0864864864864865,0.8,1.0,0.8,0.0020004617981464,0.0018412210579954,3.9810185037740054e-05,4.976273129717507e-05,0.9804878048780488,0.0195121951219512,0.9736842105263158,0.0263157894736842,598.9352508422294,19748,0.0303289067673804,0.0063288267973558,2.0266945121148785,0.028199175049449,0.9827144176566132,577962,417571.6666666666,46488,0.7224898292044575,0.0804343538156487,102943.0,20323.0,33198.0,39488.0,9311.0,434.0,5546.0,4492.0,93632.0,19889.0,27652.0,34996.0,0.0904481120620149,0.9095518879379852,0.0213551148944545,0.9786448851055456,0.1670582565214772,0.8329417434785228,0.113756077795786,0.8862439222042139,3.0,Alpha
2,active,7,blue,24,12-24,133.0,948.44,7.1311278195488725,27281.48,15918.52,313,87.16127795527156,0.0595809158137816,0.0083550480823594,95.0,572.96,6.031157894736842,0.0359932958591627,0.0059678914873995,164.0,963.8,5.876829268292683,0.0605458296374286,0.0103024653045634,416,38351.8,92.19182692307692,2.4092566394363297,0.0261330827237708,,,,,,418.0,1868.32,4.469665071770335,0.1173676949867198,0.0262587225445581,132.0,706.0,5.348484848484849,0.0443508567379379,0.0082922281719657,31.0,393.96,12.708387096774192,0.0247485318986941,0.001947417222204,9.0,22.24,2.471111111111111,0.0013971148071554,0.0005653791935431,227,998.76,4.399823788546255,0.0627420137047916,0.0142601196593653,27.0,62.4,2.311111111111111,0.0039199624085656,0.0016961375806293,26.2,23.0,1.1391304347826086,27.6,24.0,1.15,0.0016458816523144,0.0014448579390546,0.0017338295268655,0.0015076778494483,0.4869888475836431,0.513011152416357,0.4893617021276595,0.5106382978723404,507.563155346804,15449,0.032854110644495,0.0061022483793764,2.1042770771464445,0.029343963261177,0.9705047956719596,682350,438812.33333333326,58255,0.6430898121687305,0.0853740748882538,64908.0,10445.0,38678.0,23844.0,19352.0,1564.0,7006.0,5416.0,45556.0,8881.0,31672.0,18428.0,0.2981450668638689,0.7018549331361311,0.1497367161321206,0.8502632838678794,0.1811365634210662,0.8188634365789338,0.2271430967958396,0.7728569032041603,1.4318181818181817,Beta
2,active,7,green,24,12-24,125.0,1842.56,14.74048,20697.32,22502.68,326,63.488711656441716,0.0818818025230772,0.0055548939059703,78.0,708.92,9.088717948717948,0.0315038031025637,0.0034662537973254,83.0,632.32,7.618313253012049,0.0280997641169851,0.0036884495535642,376,37743.48,100.38159574468088,1.6772882163368987,0.0167091208691586,,,,,,244.0,3147.04,12.897704918032789,0.1398517865427584,0.010843152904454,155.0,2241.2,14.459354838709675,0.0995970257764852,0.0068880684434031,48.0,389.6,8.116666666666667,0.0173134933261282,0.0021330792598925,40.0,412.52,10.313,0.0183320386727269,0.0017775660499104,318,1386.84,4.361132075471698,0.0616299925164469,0.0141316500967884,71.0,174.36,2.455774647887324,0.0077484104115598,0.0031551797385911,3.0,3.0,1.0,33.2,31.0,1.070967741935484,0.0001333174537432,0.0001333174537432,0.0014753798214257,0.0013776136886806,0.0828729281767955,0.9171270718232044,0.088235294117647,0.9117647058823528,522.9844753120669,22067,0.0236998448050059,0.0042193909417029,2.1091941690808627,0.0214013949611224,0.9806387505843748,517759,371230.99999999994,17421,0.7169957451246621,0.0336469283971886,135095.0,20141.0,33692.0,46189.0,19266.0,2345.0,6974.0,6104.0,115829.0,17796.0,26718.0,40085.0,0.1426107553943521,0.8573892446056479,0.1164291743210367,0.8835708256789633,0.2069927579247299,0.7930072420752701,0.1321526770443179,0.8678473229556821,0.0,Delta
2,active,7,red,24,12-24,143.0,1573.44,11.003076923076923,23917.28,19282.72,144,166.0922222222222,0.0815984466921679,0.0074159662122356,109.0,677.24,6.213211009174312,0.0351216011019192,0.0056527294904453,113.0,721.64,6.386194690265486,0.037424180820963,0.0058601691047736,417,37258.04,89.34781774580335,1.9321983620568053,0.021625579793722,,,,,,93.0,1138.24,12.239139784946236,0.0590290166532522,0.0048229710331322,333.0,3578.44,10.746066066066064,0.1855775533742127,0.0172693478928283,56.0,638.44,11.400714285714288,0.033109436842935,0.0029041546005957,51.0,554.24,10.867450980392157,0.0287428329613249,0.0026448550826854,328,1546.76,4.715731707317073,0.0802148244645983,0.017010048374918,58.0,140.44,2.4213793103448276,0.0072832048590655,0.0030078744077599,37.2,35.0,1.062857142857143,1.8,2.0,0.9,0.0019291884132529,0.0018150966253723,9.334782644772106e-05,0.0001037198071641,0.953846153846154,0.0461538461538461,0.945945945945946,0.054054054054054,498.707085105979,18991,0.0262601803541666,0.0045368339933412,2.0779819365807595,0.0257156982786032,0.9848714289270392,598076,389685.6666666666,42424,0.6515654643668474,0.0709341287729318,118343.0,29924.0,35194.0,39479.0,25534.0,1795.0,4431.0,3363.0,92809.0,28129.0,30763.0,36116.0,0.2157626560083824,0.7842373439916176,0.0599852960834113,0.9400147039165888,0.1259021424106381,0.8740978575893619,0.0851845284834975,0.9148154715165024,3.0,Alpha
2,active,7,yellow,24,12-24,139.0,729.64,5.2492086330935255,27941.88,15258.12,354,78.93186440677967,0.0478197838265788,0.0091099034481312,143.0,682.0,4.769230769230769,0.0446975118821978,0.0093720589430414,134.0,705.72,5.266567164179104,0.0462520939670155,0.0087822090794934,447,39634.44,88.66765100671141,2.597596558422663,0.0292958765562205,3.0,5.2,1.7333333333333334,0.0003408021433833,0.0001966166211826,117.0,856.56,7.32102564102564,0.0561379776800811,0.0076680482261248,255.0,2281.12,8.94556862745098,0.1495020356374179,0.0167124128005285,56.0,483.64,8.63642857142857,0.0316972208895984,0.0036701769287435,53.0,441.8,8.335849056603774,0.0289550744128372,0.0034735603075608,209,934.44,4.471004784688995,0.0612421451659837,0.0136976246090606,10.0,24.6,2.46,0.001612256293698,0.0006553887372756,12.2,11.0,1.1090909090909091,16.0,15.0,1.0666666666666669,0.0007995742594762,0.0007209276110031,0.001048621979641,0.0009830831059134,0.4326241134751772,0.5673758865248227,0.4230769230769231,0.5769230769230769,612.5189802039251,14794,0.0414032026635071,0.0089082260072073,2.034595735392346,0.0384403515705768,0.9695820979255636,698901,442311.6666666666,51690,0.6328674113596441,0.0739589727300433,78814.0,23245.0,34970.0,18380.0,16570.0,1976.0,5725.0,3646.0,62244.0,21269.0,29245.0,14734.0,0.2102418352069429,0.789758164793057,0.0850075285007528,0.9149924714992472,0.1637117529310837,0.8362882470689162,0.1983677910772578,0.8016322089227421,1.3181818181818183,Gamma
2,active,8,blue,24,12-24,655.0,8437.4,12.881526717557252,24213.24,18986.76,743,32.588479138627186,0.444383349239154,0.0344977236769201,21.0,157.72,7.51047619047619,0.0083068411882806,0.0011060338888783,16.0,77.56,4.8475,0.0040849518295907,0.0008426924867644,574,36210.4,63.08432055749129,1.9071395014209904,0.030231592962675,4.0,8.56,2.14,0.0004508404804189,0.0002106731216911,2.0,4.12,2.06,0.0002169933153418,0.0001053365608455,345.0,3528.04,10.226202898550724,0.1858158000627806,0.0181705567458586,2.0,4.64,2.32,0.0002443808211616,0.0001053365608455,45.0,460.12,10.22488888888889,0.0242337291881289,0.002370072619025,239,1270.32,5.315146443514644,0.0669055699866643,0.0125877190210441,25.0,60.52,2.4208000000000003,0.0031874843311865,0.0013167070105694,0.8,1.0,0.8,14.4,14.0,1.0285714285714287,4.213462433822306e-05,5.266828042277883e-05,0.000758423238088,0.0007373559259189,0.0526315789473684,0.9473684210526316,0.0666666666666666,0.9333333333333332,238.8009526398039,18271,0.0130699443183079,0.0035771268868547,2.1689058497244043,0.0120916753039833,0.962302151604592,606074,234208.66666666663,80764,0.386435759769709,0.1332576550058243,88651.0,11666.0,5919.0,211590.0,2165.0,2359.0,2353.0,77546.0,86486.0,9307.0,3566.0,134044.0,0.0244216083292912,0.9755783916707088,0.2022115549459969,0.797788445054003,0.3975333671228248,0.6024666328771752,0.3664918001795926,0.6335081998204074,0.0,Delta
2,active,8,green,24,12-24,893.0,25991.4,29.105711086226204,2801.0,40399.0,308,9.094155844155845,0.6433674100844081,0.0221045075373152,198.0,1877.48,9.482222222222225,0.0464734275600881,0.0049011114136488,95.0,497.92,5.241263157894737,0.0123250575509294,0.0023515433550335,1153,16545.36,14.34983521248916,0.409548751206713,0.0285403104037228,25.0,50.8,2.032,0.0012574568677442,0.000618827198693,14.0,32.88,2.3485714285714288,0.000813881531721,0.0003465432312681,284.0,2298.12,8.091971830985916,0.0568855664744176,0.0070298769771528,11.0,36.32,3.3018181818181818,0.0008990321542612,0.0002722839674249,74.0,643.44,8.695135135135136,0.0159271269090819,0.0018317285081313,529,2716.08,5.134366729678638,0.0672313671130473,0.0130943835243446,99.0,263.36,2.6602020202020205,0.0065189732419119,0.0024505557068244,0.8,1.0,0.8,10.2,11.0,0.9272727272727272,1.9802470358177182e-05,2.475308794772148e-05,0.0002524814970667,0.0002722839674249,0.0727272727272727,0.9272727272727272,0.0833333333333333,0.9166666666666666,673.391426077306,40091,0.0167965734473399,0.0046273234669732,2.2005813680526845,0.016042522104511,0.9923760489121016,70333,32032.33333333333,5010,0.4554381774321204,0.0712325650832468,58573.0,17079.0,59678.0,650678.0,1738.0,1281.0,3688.0,155144.0,56835.0,15798.0,55990.0,495534.0,0.0296723746436071,0.9703276253563928,0.0750043913578078,0.9249956086421922,0.0617983176379905,0.9382016823620094,0.238434371532463,0.761565628467537,1.4999999999999998,Beta
2,active,8,red,24,12-24,227.0,2030.28,8.943964757709251,29776.88,13423.12,104,286.31615384615384,0.1512524658946653,0.0169111205144556,51.0,318.6,6.247058823529412,0.0237351673828439,0.0037994147411332,36.0,154.32,4.286666666666666,0.0114965820166995,0.0026819398172705,314,38672.72,123.16152866242038,2.881052989170923,0.0233924750728593,,,,,,14.0,39.6,2.8285714285714287,0.0029501337989975,0.0010429765956051,243.0,3669.96,15.102716049382716,0.2734058847719457,0.0181030937665758,17.0,187.6,11.03529411764706,0.0139758863811096,0.0012664715803777,56.0,519.8,9.282142857142857,0.0387242310282557,0.0041719063824207,224,980.44,4.376964285714286,0.0730411409567969,0.0166876255296831,58.0,150.44,2.593793103448276,0.0112075285030603,0.0043209030389358,35.0,35.0,1.0,0.0,0.0,0.0,0.0026074414890129,0.0026074414890129,0.0,0.0,1.0,0.0,1.0,0.0,455.1074921052776,13309,0.0341954686381604,0.0058233825470525,2.038403126794762,0.0305781876025833,0.9914982507792524,744526,226797.66666666663,249469,0.3046202102635322,0.3350709041725876,92996.0,17758.0,11910.0,50984.0,0.0,0.0,0.0,33862.0,92996.0,17758.0,11910.0,17122.0,0.0,1.0,0.0,1.0,0.0,1.0,0.6641691511062294,0.3358308488937706,3.0,Alpha
2,active,8,yellow,24,12-24,778.0,8835.0,11.356041131105398,19416.08,23783.92,1094,17.747787934186473,0.3714694634021642,0.0327111762905357,32.0,352.12,11.00375,0.014804960662498,0.0013454468397135,30.0,186.68,6.222666666666667,0.0078490005011789,0.0012613564122314,628,36275.04,57.762802547770704,1.5251918102650868,0.0264043942293785,6.0,13.8,2.3000000000000003,0.0005802239496264,0.0002522712824462,6.0,29.0,4.833333333333333,0.0012193111984904,0.0002522712824462,216.0,1700.04,7.870555555555556,0.0714785451683322,0.0090817661680664,2.0,9.8,4.9,0.0004120430946622,8.409042748209715e-05,99.0,726.92,7.342626262626262,0.030563506772643,0.0041624761603638,175,888.76,5.078628571428571,0.0373681041644943,0.0073579124046835,48.0,133.2,2.775,0.0056004224703076,0.0020181702595703,1.8,2.0,0.9,13.8,14.0,0.9857142857142858,7.568138473388744e-05,8.409042748209715e-05,0.0005802239496264,0.0005886329923746,0.1153846153846153,0.8846153846153846,0.125,0.875,316.7593345924574,22762,0.0139161468496818,0.0034975998188818,2.200037468683519,0.013476331495203,0.9570331551737478,486496,204869.33333333328,44862,0.421112061215988,0.0922145300269683,43448.0,18519.0,13532.0,221653.0,2139.0,2372.0,1772.0,103775.0,41309.0,16147.0,11760.0,117878.0,0.0492312649604124,0.9507687350395876,0.1280846697985852,0.8719153302014148,0.130948861956843,0.8690511380431569,0.4681867603867306,0.5318132396132694,1.0,Gamma
2,inactive,1,blue,12,0-12,86.0,549.96,6.394883720930233,31594.48,11605.52,186,169.86279569892474,0.0473877947735215,0.0074102668385389,32.0,100.04,3.12625,0.0086200359828771,0.0027573085910842,24.0,96.92,4.038333333333333,0.0083511983952464,0.0020679814433131,245,40317.36,164.56065306122449,3.4739813468073812,0.0211106439004887,3.0,6.48,2.16,0.0005583549896945,0.0002584976804141,191.0,2451.52,12.835183246073298,0.2112374111629638,0.016457685653034,14.0,89.0,6.357142857142857,0.007668764518953,0.0012063225085993,38.0,324.08,8.528421052631579,0.0279246427562056,0.0032743039519125,16.0,140.56,8.785,0.0121114779863375,0.0013786542955421,208,839.56,4.036346153846154,0.0723414375228339,0.0179225058420475,30.0,69.6,2.32,0.0059971461856082,0.0025849768041414,15.0,15.0,1.0,0.0,0.0,0.0,0.0012924884020707,0.0012924884020707,0.0,0.0,1.0,0.0,1.0,0.0,316.95008742090414,11414,0.0277685375346858,0.0050047404509412,1.996139186025943,0.0247090171955467,0.9834975080823608,790048,720549.3333333333,5985,0.912032349089338,0.0075754890842075,63718.0,11670.0,4980.0,13835.0,988.0,396.0,20.0,72.0,62730.0,11274.0,4960.0,13763.0,0.0155058225305251,0.9844941774694748,0.0339331619537275,0.9660668380462724,0.0040160642570281,0.9959839357429718,0.005204192265992,0.994795807734008,3.0,Alpha
2,inactive,1,green,12,0-12,15.0,132.52,8.834666666666667,37332.96,5867.040000000001,335,111.44167164179105,0.0225871989964275,0.00255665548556,13.0,60.8,4.676923076923076,0.0103629769014699,0.0022157680874853,11.0,53.76,4.887272727272727,0.009163053260247,0.0018748806894106,59,42595.0,721.9491525423729,7.26004936049524,0.0100561782432027,,,,,,175.0,1934.24,11.0528,0.3296790204259728,0.0298276473315334,16.0,133.2,8.325,0.0227031007117728,0.0027270991845973,14.0,119.32,8.522857142857143,0.0203373421691346,0.0023862117865226,6.0,69.24,11.54,0.011801521721345,0.001022662194224,50,190.08,3.8016,0.0323979383130164,0.0085221849518666,5.0,12.44,2.488,0.0021203196160244,0.0008522184951866,0.0,0.0,0.0,7.2,8.0,0.9,0.0,0.0,0.0012271946330688,0.0013635495922986,0.0,1.0,0.0,1.0,151.16344027370263,5595,0.0270175943295268,0.0049904006316809,2.1392346384280474,0.0230681337901437,0.9536324961138836,933659,817614.6666666666,4310,0.875710153992696,0.0046162464025945,51877.0,4734.0,2888.0,3328.0,1200.0,268.0,246.0,389.0,50677.0,4466.0,2642.0,2939.0,0.0231316382982824,0.9768683617017176,0.0566117448246725,0.9433882551753274,0.085180055401662,0.914819944598338,0.1168870192307692,0.8831129807692307,0.75,Delta
2,inactive,1,red,12,0-12,13.0,318.36,24.48923076923077,38742.92,4457.080000000002,155,249.9543225806451,0.0714279303938901,0.0029167077997253,5.0,32.24,6.448,0.0072334353433189,0.001121810692202,3.0,33.48,11.159999999999998,0.007511644394985,0.0006730864153212,56,42392.68,757.0121428571429,9.51131233902016,0.0125642797526631,,,,,,125.0,1164.36,9.31488,0.2612382995144802,0.0280452673050517,6.0,26.8,4.466666666666667,0.006012905310203,0.0013461728306424,21.0,213.48,10.165714285714284,0.0478968293142595,0.0047116049072486,2.0,7.2,3.6,0.0016154073967709,0.0004487242768808,55,258.68,4.7032727272727275,0.0580379979717662,0.0123399176142227,9.0,23.32,2.591111111111111,0.0052321250684304,0.0020192592459637,0.0,0.0,0.0,7.0,6.0,1.1666666666666667,0.0,0.0,0.0015705349690828,0.0013461728306424,0.0,1.0,0.0,1.0,77.4798796511036,4305,0.0179976491640194,0.0042513671938581,2.076938794200599,0.0157036960186203,0.9658790059859814,968728,827709.6666666666,16033,0.8544293823102735,0.0165505694064794,29910.0,5540.0,1651.0,7972.0,1222.0,194.0,0.0,0.0,28688.0,5346.0,1651.0,7972.0,0.0408559010364426,0.9591440989635572,0.0350180505415162,0.9649819494584836,0.0,1.0,0.0,1.0,0.75,Beta
2,inactive,1,yellow,12,0-12,17.0,57.88,3.4047058823529412,39875.92,3324.0800000000017,252,158.23777777777778,0.0174123366465307,0.0051141970109022,9.0,20.0,2.2222222222222223,0.0060167023657673,0.0027075160645953,1.0,3.08,3.08,0.0009265721643281,0.0003008351182883,36,43109.6,1197.4888888888888,12.968881615364245,0.0108300642583812,,,,,,138.0,890.12,6.450144927536232,0.2677793554908424,0.0415152463237948,2.0,7.84,3.92,0.0023585473273808,0.0006016702365767,17.0,147.52,8.67764705882353,0.0443791966499001,0.0051141970109022,5.0,49.32,9.864,0.0148371880339823,0.0015041755914418,26,91.12,3.5046153846153847,0.0274120959784361,0.0078217130754975,,,,,,0.0,0.0,0.0,0.8,1.0,0.8,0.0,0.0,0.0002406680946306,0.0003008351182883,0.0,1.0,0.0,1.0,114.83569964117623,3106,0.036972214952085,0.0066986282459819,2.1292641098035983,0.0334940119806062,0.934393877403672,997150,852141.0,8711,0.8545765431479717,0.0087358973073258,22589.0,4943.0,587.0,1464.0,1118.0,470.0,247.0,391.0,21471.0,4473.0,340.0,1073.0,0.0494931161184647,0.9505068838815351,0.0950839571110661,0.9049160428889338,0.4207836456558773,0.5792163543441227,0.2670765027322404,0.7329234972677595,0.75,Gamma
2,inactive,2,blue,12,0-12,24.0,701.2,29.21666666666667,32296.16,10903.84,102,316.62901960784313,0.0643076200677926,0.0022010594432786,14.0,63.08,4.505714285714285,0.0057851179034175,0.0012839513419125,5.0,40.44,8.088,0.0037087851619246,0.000458554050683,106,38217.04,360.5381132075472,3.5049156994233224,0.0097213458744809,2.0,3.6,1.8,0.0003301589164918,0.0001834216202732,16.0,161.08,10.0675,0.0147727772968055,0.0014673729621857,81.0,1206.48,14.894814814814817,0.1106472582136201,0.0074285756210656,24.0,219.56,9.148333333333332,0.0201360254735946,0.0022010594432786,9.0,121.44,13.493333333333332,0.0111373607829902,0.0008253972912295,105,427.84,4.074666666666666,0.0392375530088482,0.0096296350643443,29.0,85.28,2.940689655172414,0.0078210978884503,0.0026596134939617,5.6,5.0,1.12,17.8,13.0,1.3692307692307693,0.000513580536765,0.000458554050683,0.0016324524204317,0.0011922405317759,0.2393162393162393,0.7606837606837608,0.2777777777777778,0.7222222222222222,154.53417436915734,7250,0.0213150585336768,0.0033065650689232,2.135906660530244,0.0185889457357123,0.66490337349044,807506,751684.0,4598,0.9308711018865494,0.0056940753381399,34286.0,8558.0,2607.0,17554.0,716.0,132.0,97.0,509.0,33570.0,8426.0,2510.0,17045.0,0.0208831593070057,0.9791168406929942,0.0154241645244215,0.9845758354755784,0.0372075182201764,0.9627924817798236,0.0289962401731799,0.97100375982682,0.0,Delta
2,inactive,2,green,12,0-12,47.0,660.44,14.051914893617022,31617.2,11582.8,207,152.74009661835748,0.0570190282142487,0.004057740788065,31.0,94.04,3.0335483870967743,0.0081189349725455,0.0026763822219152,12.0,46.16,3.8466666666666662,0.0039852194633421,0.0010360189246123,140,37492.48,267.8034285714286,3.2369099008875235,0.0120868874538108,,,,,,73.0,1318.8,18.065753424657533,0.1138584798148979,0.0063024484580585,100.0,741.52,7.4152,0.0640190627482128,0.0086334910384363,24.0,189.2,7.883333333333333,0.0163345650447214,0.0020720378492247,5.0,16.76,3.3520000000000003,0.0014469730980419,0.0004316745519218,118,398.92,3.380677966101695,0.0344407224505301,0.0101875194253548,12.0,33.04,2.7533333333333334,0.0028525054390993,0.0010360189246123,16.2,11.0,1.4727272727272729,6.4,6.0,1.0666666666666669,0.0013986255482266,0.0009496840142279,0.0005525434264599,0.0005180094623061,0.7168141592920353,0.2831858407079646,0.6470588235294118,0.3529411764705882,310.1722690947611,7853,0.0394972964592844,0.0046657982324877,2.115538433797792,0.0389402928683616,0.6779880512484029,790637,748706.0,2262,0.9469655480327888,0.0028609842443498,51673.0,5178.0,3548.0,16558.0,3042.0,204.0,302.0,193.0,48631.0,4974.0,3246.0,16365.0,0.0588702030073732,0.9411297969926268,0.0393974507531865,0.9606025492468134,0.0851183765501691,0.9148816234498308,0.0116559971010991,0.9883440028989008,1.03125,Gamma
2,inactive,2,red,12,0-12,18.0,67.56,3.7533333333333334,37458.12,5741.879999999997,84,445.93,0.0117661811114129,0.0031348617525967,5.0,16.16,3.232,0.0028144092178868,0.0008707949312768,6.0,38.48,6.413333333333333,0.0067016377911067,0.0010449539175322,60,39338.04,655.634,6.8510731676733085,0.0104495391753223,1.0,1.24,1.24,0.0002159571429566,0.0001741589862553,19.0,600.2,31.589473684210528,0.1045302235504748,0.003309020738852,22.0,229.56,10.434545454545455,0.0399799368847834,0.0038314976976182,10.0,46.24,4.6240000000000006,0.0080531115244484,0.0017415898625537,3.0,10.16,3.3866666666666667,0.0017694553003545,0.0005224769587661,45,187.16,4.159111111111111,0.0325955958675555,0.0078371543814917,3.0,6.56,2.1866666666666665,0.0011424829498352,0.0005224769587661,0.8,1.0,0.8,0.0,0.0,0.0,0.0001393271890042,0.0001741589862553,0.0,0.0,1.0,0.0,1.0,0.0,59.36111427221168,2102,0.0282403017470084,0.0046870670174111,2.065209229690173,0.024856206758914,0.3660821891087938,936537,802782.0,28533,0.8571812966278962,0.0304664951838528,20785.0,1423.0,1377.0,1707.0,2975.0,0.0,0.0,178.0,17810.0,1423.0,1377.0,1529.0,0.1431320663940341,0.8568679336059658,0.0,1.0,0.0,1.0,0.1042765084944346,0.8957234915055653,2.25,Beta
2,inactive,2,yellow,12,0-12,19.0,83.04,4.370526315789474,36010.04,7189.959999999999,203,177.38935960591132,0.0115494383835236,0.002642573811259,6.0,15.52,2.5866666666666664,0.0021585655553021,0.0008344969930291,5.0,9.4,1.88,0.0013073786224123,0.0006954141608576,88,39198.64,445.4390909090909,5.451857868472148,0.0122392892310944,,,,,,52.0,253.4,4.8730769230769235,0.0352435896722652,0.0072323072729194,6.0,55.16,9.193333333333332,0.0076718090225814,0.0008344969930291,15.0,153.92,10.261333333333331,0.0214076295278416,0.0020862424825729,2.0,2.24,1.12,0.0003115455440642,0.000278165664343,42,176.96,4.213333333333334,0.0246120979810736,0.0058414789512041,,,,,,1.6,2.0,0.8,0.0,0.0,0.0,0.0002225325314744,0.000278165664343,0.0,0.0,1.0,0.0,1.0,0.0,133.98475104228413,3448,0.0388586864971821,0.0085952475929435,2.0948528329470917,0.0349921115591197,0.4795576053274288,900454,803116.6666666666,5491,0.8919019368748061,0.0060980349912377,7772.0,3921.0,634.0,2095.0,979.0,246.0,359.0,576.0,6793.0,3675.0,275.0,1519.0,0.1259650025733402,0.8740349974266598,0.0627390971690895,0.9372609028309103,0.5662460567823344,0.4337539432176656,0.2749403341288783,0.7250596658711217,3.0,Alpha
2,inactive,3,blue,12,0-12,73.0,630.92,8.642739726027397,25060.4,18139.6,249,100.64417670682732,0.0347813623233147,0.004024344527994,92.0,439.04,4.772173913043479,0.0242034002954861,0.005071776665417,79.0,247.4,3.1316455696202534,0.0136386689893933,0.0043551125713907,303,37032.04,122.21795379537954,2.041502568965137,0.0167037861915367,6.0,9.76,1.6266666666666667,0.000538049350592,0.0003307680433967,243.0,3510.16,14.445102880658435,0.1935081258682661,0.013396105757569,25.0,88.92,3.5568,0.00490198240314,0.0013782001808198,52.0,404.04,7.77,0.0222739200423383,0.0028666563761053,24.0,219.2,9.133333333333333,0.0120840591854285,0.001323072173587,253,1044.8,4.129644268774704,0.0575977419568237,0.013947385829897,58.0,152.52,2.629655172413793,0.0084081236631458,0.003197424419502,7.6,7.0,1.0857142857142856,0.0,0.0,0.0,0.0004189728549692,0.0003858960506295,0.0,0.0,1.0,0.0,1.0,0.0,456.0340264566008,14057,0.0324417746643381,0.0058975448673453,2.006963686024188,0.0290509330613308,0.774934397671393,626759,528958.3333333334,13015,0.8439580976632699,0.0207655574152106,90245.0,15657.0,17332.0,15846.0,811.0,1032.0,53.0,0.0,89434.0,14625.0,17279.0,15846.0,0.008986647459693,0.991013352540307,0.0659130101552021,0.934086989844798,0.0030579275328871,0.9969420724671127,0.0,1.0,3.0,Alpha
2,inactive,3,green,12,0-12,53.0,275.72,5.202264150943397,33382.68,9817.32,386,86.48362694300518,0.0280850578365582,0.0053986220271927,26.0,178.96,6.883076923076923,0.0182290075091776,0.0026483806171134,20.0,106.28,5.314,0.0108257650764159,0.002037215859318,101,38781.28,383.97306930693065,3.950291933032641,0.010287940089556,,,,,,155.0,2280.32,14.711741935483872,0.2322752034160035,0.0157884229097146,5.0,28.24,5.648,0.002876548793357,0.0005093039648295,22.0,225.0,10.227272727272728,0.0229186784173277,0.0022409374452498,10.0,130.44,13.044,0.0132867218344721,0.001018607929659,62,205.48,3.314193548387097,0.0209303557386333,0.0063153691638858,14.0,39.6,2.8285714285714287,0.0040336874014496,0.0014260511015226,0.0,0.0,0.0,4.2,4.0,1.05,0.0,0.0,0.0004278153304567,0.0004074431718636,0.0,1.0,0.0,1.0,179.4365285531136,5684,0.0315687066419974,0.0042498426197287,2.0840023331774216,0.0272381154715582,0.5789767472181817,834953,674564.6666666666,3524,0.8079073512720676,0.0042205968479662,57874.0,8918.0,7177.0,6946.0,494.0,864.0,841.0,2673.0,57380.0,8054.0,6336.0,4273.0,0.0085357846355876,0.9914642153644124,0.096882709127607,0.9031172908723928,0.1171798801727741,0.8828201198272259,0.3848257990210192,0.6151742009789807,0.75,Delta
2,inactive,3,red,12,0-12,21.0,383.76,18.27428571428571,34450.28,8749.720000000001,110,313.1843636363636,0.0438596892243408,0.0024000768024576,24.0,127.96,5.331666666666666,0.0146244679829754,0.0027429449170944,23.0,158.08,6.87304347826087,0.018066863853929,0.0026286555455488,91,38424.44,422.24659340659343,4.391505099591758,0.0104003328106499,5.0,8.76,1.752,0.0010011748947394,0.000571446857728,130.0,1701.96,13.092,0.1945159387957557,0.0148576183009284,29.0,229.0,7.896551724137931,0.0261722660839432,0.0033143917748225,25.0,278.16,11.1264,0.0317907315891251,0.00285723428864,12.0,57.8,4.816666666666666,0.0066059256753358,0.0013714724585472,82,336.8,4.107317073170732,0.0384926603365593,0.0093717284667395,10.0,25.92,2.592,0.002962380510462,0.001142893715456,0.0,0.0,0.0,1.4,1.0,1.4,0.0,0.0,0.0001600051201638,0.0001142893715456,0.0,1.0,0.0,1.0,128.77321496986644,4820,0.0267164346410511,0.0039393918405006,2.082712727131209,0.0232304200235483,0.55087477084981,861367,681415.6666666666,14418,0.7910863391175499,0.0167385098337874,48433.0,8436.0,7198.0,9615.0,1433.0,317.0,445.0,0.0,47000.0,8119.0,6753.0,9615.0,0.0295872648813825,0.9704127351186176,0.0375770507349454,0.9624229492650546,0.0618227285357043,0.9381772714642956,0.0,1.0,0.75,Beta
2,inactive,3,yellow,12,0-12,26.0,404.52,15.558461538461538,34969.76,8230.239999999998,212,164.95169811320756,0.0491504500476292,0.0031590816306693,6.0,13.2,2.1999999999999997,0.0016038414432628,0.0007290188378467,7.0,23.64,3.3771428571428572,0.0028723342211162,0.0008505219774878,75,38995.16,519.9354666666667,4.738034370808143,0.0091127354730846,,,,,,179.0,936.6,5.232402234636871,0.1137998405878808,0.0217490619957619,1.0,8.04,8.04,0.0009768852427146,0.0001215031396411,11.0,139.04,12.64,0.0168937965357024,0.0013365345360524,10.0,56.8,5.68,0.006901378331616,0.0012150313964112,40,143.92,3.598,0.0174867318571511,0.0048601255856451,2.0,5.24,2.62,0.0006366764517195,0.0002430062792822,0.0,0.0,0.0,2.0,2.0,1.0,0.0,0.0,0.0002430062792822,0.0002430062792822,0.0,1.0,0.0,1.0,112.93660194594032,4211,0.0268194257767609,0.005388266956289,2.136884614213802,0.024912969786546,0.5116497210287915,874456,706133.9999999999,688,0.8075123276642848,0.0007867748634579,23796.0,4917.0,934.0,10139.0,1868.0,2180.0,365.0,2673.0,21928.0,2737.0,569.0,7466.0,0.0785005883341738,0.9214994116658262,0.4433597722188326,0.5566402277811674,0.3907922912205567,0.6092077087794433,0.2636354670085807,0.7363645329914192,0.75,Gamma
2,inactive,4,blue,12,0-12,20.0,898.4,44.92,37258.0,5942.0,199,187.22613065326632,0.1511948838774823,0.003365870077415,5.0,14.08,2.816,0.0023695725345001,0.0008414675193537,3.0,8.4,2.8000000000000003,0.0014136654325143,0.0005048805116122,91,41625.4,457.421978021978,7.005284416021542,0.0153147088522383,1.0,1.56,1.56,0.0002625378660383,0.0001682935038707,6.0,80.28,13.38,0.0135106024907438,0.0010097610232245,80.0,1589.36,19.866999999999997,0.2674789633120161,0.01346348030966,28.0,200.88,7.174285714285714,0.0338067990575563,0.004712218108381,10.0,118.88,11.888,0.0200067317401548,0.0016829350387075,70,257.68,3.681142857142857,0.043365870077415,0.0117805452709525,14.0,36.68,2.62,0.0061730057219791,0.0023561090541905,20.0,17.0,1.1764705882352942,0.0,0.0,0.0,0.003365870077415,0.0028609895658027,0.0,0.0,1.0,0.0,1.0,0.0,127.49034692478892,5614,0.0227093599794778,0.0031942986361773,2.1208451941513093,0.020507235212272,0.9447997307303938,931649,827865.0,11384,0.8886018232188303,0.012219194138565,41827.0,8032.0,570.0,22480.0,1451.0,44.0,30.0,254.0,40376.0,7988.0,540.0,22226.0,0.0346905109140029,0.9653094890859972,0.0054780876494023,0.9945219123505976,0.0526315789473684,0.9473684210526316,0.0112989323843416,0.9887010676156583,3.0,Alpha
2,inactive,4,green,12,0-12,50.0,597.4,11.948,34548.52,8651.480000000003,421,82.06299287410926,0.0690517691770656,0.0057793579826804,10.0,32.56,3.256,0.0037635179183214,0.001155871596536,9.0,30.52,3.391111111111111,0.0035277201126281,0.0010402844368824,112,41313.92,368.8742857142857,4.775358666956403,0.0129457618812041,1.0,1.4,1.4,0.000161822023515,0.0001155871596536,4.0,6.4,1.6,0.000739757821783,0.0004623486386144,187.0,2532.92,13.545026737967914,0.2927730284298176,0.0216147988552247,12.0,103.76,8.646666666666667,0.0119933236856584,0.0013870459158433,24.0,298.52,12.438333333333333,0.0345050788997951,0.0027740918316866,104,410.12,3.9434615384615386,0.0474046059171378,0.0120210646039752,19.0,47.96,2.5242105263157897,0.005543560176987,0.0021961560334185,3.6,3.0,1.2,8.2,6.0,1.3666666666666665,0.0004161137747529,0.0003467614789608,0.0009478147091595,0.0006935229579216,0.3050847457627119,0.6949152542372882,0.3333333333333333,0.6666666666666666,226.95359569918529,8189,0.0277144456831341,0.0036577149089996,2.111429807639607,0.0230855646818884,0.9465432504033988,864134,790478.0,4705,0.9147632195932576,0.005444757410309,63674.0,10093.0,1596.0,14985.0,1742.0,1220.0,545.0,1724.0,61932.0,8873.0,1051.0,13261.0,0.027358105349122,0.972641894650878,0.1208758545526602,0.8791241454473397,0.3414786967418546,0.6585213032581454,0.1150483817150483,0.8849516182849516,1.5,Beta
2,inactive,4,red,12,0-12,40.0,263.48,6.587000000000001,38123.16,5076.8399999999965,100,381.2316,0.0518984250045304,0.0078789168065174,17.0,75.6,4.447058823529411,0.0148911527643179,0.0033485396427699,4.0,29.16,7.29,0.0057437303519512,0.0007878916806517,103,42162.84,409.3479611650485,8.30493771716265,0.0202882107767824,2.0,4.64,2.32,0.000913954349556,0.0003939458403258,3.0,4.56,1.5199999999999998,0.0008981965159429,0.0005909187604888,85.0,2239.44,26.34635294117647,0.4411090363296857,0.0167426982138495,10.0,116.72,11.672,0.0229906792414179,0.0019697292016293,13.0,106.52,8.193846153846154,0.0209815554557559,0.0025606479621181,75,304.28,4.057066666666667,0.0599349201471782,0.0147729690122202,15.0,43.92,2.928,0.0086510506535561,0.002954593802444,0.0,0.0,0.0,11.6,10.0,1.16,0.0,0.0,0.00228488587389,0.0019697292016293,0.0,1.0,0.0,1.0,135.33024555340444,4831,0.0280128846105163,0.0040598811581957,2.1403200281012245,0.0236637263549549,0.9515761773071444,953179,846899.3333333333,9553,0.8884997816080015,0.0100222518540588,56188.0,5604.0,2640.0,6627.0,1225.0,0.0,115.0,814.0,54963.0,5604.0,2525.0,5813.0,0.0218018082152772,0.9781981917847228,0.0,1.0,0.043560606060606,0.956439393939394,0.1228308435189376,0.8771691564810623,0.0,Delta
2,inactive,4,yellow,12,0-12,22.0,298.04,13.547272727272729,39420.64,3779.3600000000006,154,255.9781818181818,0.078859912789467,0.0058210914017188,16.0,93.44,5.84,0.024723762753482,0.0042335210194318,5.0,18.68,3.736,0.0049426357901866,0.0013229753185724,55,42695.48,776.2814545454546,11.29701325092079,0.014552728504297,,,,,,3.0,6.96,2.32,0.0018415816434528,0.0007937851911434,167.0,1106.12,6.623473053892215,0.2926738918758731,0.04418737564032,15.0,107.2,7.1466666666666665,0.0283645908301934,0.0039689259557173,20.0,177.68,8.884,0.0470132509207908,0.0052919012742898,22,78.28,3.558181818181818,0.0207125015875703,0.0058210914017188,8.0,19.56,2.445,0.0051754794462554,0.0021167605097159,0.0,0.0,0.0,3.8,4.0,0.95,0.0,0.0,0.001005461242115,0.0010583802548579,0.0,1.0,0.0,1.0,128.23486919364066,3503,0.0366071564926179,0.0043444042949536,2.2034985237096856,0.0335619070347641,0.9268765081918632,985670,864931.6666666666,5173,0.8775063324101035,0.005248206803494,27997.0,7157.0,2824.0,7473.0,1303.0,1264.0,460.0,1506.0,26694.0,5893.0,2364.0,5967.0,0.0465407007893702,0.9534592992106296,0.1766103115830655,0.8233896884169345,0.1628895184135977,0.8371104815864022,0.2015254917703733,0.7984745082296266,0.75,Gamma
2,inactive,5,blue,12,0-12,1.0,28.72,28.72,40603.76,2596.239999999998,118,344.09966101694914,0.0110621514189751,0.0003851724031676,3.0,8.28,2.76,0.0031892274982282,0.0011555172095029,,,,,,62,42390.92,683.7245161290323,16.327812528887943,0.0238806889963948,,,,,,97.0,1034.56,10.665567010309278,0.3984839614211324,0.0373617231072628,3.0,7.16,2.3866666666666667,0.0027578344066804,0.0011555172095029,9.0,90.44,10.04888888888889,0.034834992142483,0.0034665516285089,,,,,,19,64.0,3.3684210526315788,0.0246510338027301,0.0073182756601855,7.0,18.96,2.7085714285714286,0.0073028687640587,0.0026962068221736,,,,,,,,,,,,,,,36.964988474713486,2092,0.0176696885634385,0.003060849146512,2.09139307485453,0.0148900477070427,0.8057806674267408,1015212,887414.6666666666,5973,0.874117589889271,0.0058835001950331,26143.0,2270.0,210.0,719.0,513.0,0.0,0.0,0.0,25630.0,2270.0,210.0,719.0,0.0196228435910186,0.9803771564089814,0.0,1.0,0.0,1.0,0.0,1.0,1.5,Beta
2,inactive,5,green,12,0-12,39.0,340.16,8.722051282051282,36501.88,6698.120000000003,531,68.74177024482108,0.0507843992045529,0.0058225293067308,7.0,20.28,2.8971428571428572,0.0030277152395,0.0010450693627465,7.0,65.2,9.314285714285717,0.0097340746358679,0.0010450693627465,116,42128.28,363.1748275862069,6.2895678190298145,0.017318292296943,,,,,,110.0,463.4,4.212727272727273,0.0691835918138223,0.0164225185574459,86.0,438.44,5.098139534883721,0.0654571730575146,0.0128394235994577,7.0,45.56,6.508571428571429,0.0068019085952476,0.0010450693627465,13.0,136.44,10.495384615384616,0.0203698948361629,0.0019408431022436,38,133.24,3.5063157894736845,0.0198921488417645,0.0056732336834813,1.0,1.96,1.96,0.000292619421569,0.0001492956232495,0.0,0.0,0.0,0.8,1.0,0.8,0.0,0.0,0.0001194364985996,0.0001492956232495,0.0,1.0,0.0,1.0,247.56421993791312,5883,0.0420812884477159,0.0057974440300316,2.183633076939133,0.0416564881328745,0.87830615157686,913078,855767.6666666666,809,0.9372339128384066,0.0008860141192756,22742.0,4570.0,2151.0,8543.0,1185.0,1532.0,448.0,4571.0,21557.0,3038.0,1703.0,3972.0,0.0521062351596165,0.9478937648403836,0.3352297592997811,0.6647702407002188,0.2082752208275221,0.791724779172478,0.53505794217488,0.46494205782512,1.5,Delta
2,inactive,5,red,12,0-12,2.0,11.68,5.84,40955.88,2244.1200000000026,115,356.1380869565217,0.0052047127604584,0.0008912179384346,,,,,,,,,,,50,42593.84,851.8767999999999,18.98019713740796,0.0222804484608665,,,,,,34.0,496.76,14.610588235294117,0.2213607115484017,0.0151507049533892,,,,,,8.0,82.32,10.29,0.0366825303459707,0.0035648717537386,,,,,,15,60.6,4.04,0.0270039035345703,0.0066841345382599,5.0,11.76,2.352,0.0052403614779958,0.0022280448460866,0.8,1.0,0.8,0.0,0.0,0.0,0.0003564871753738,0.0004456089692173,0.0,0.0,1.0,0.0,1.0,0.0,27.868446647157064,1727,0.0161369117817933,0.0038994548374077,2.117230111576436,0.0135958338305089,0.7695666898383322,1024012,891879.6666666666,6281,0.8709660303459985,0.0061337171830017,12453.0,2066.0,0.0,294.0,0.0,30.0,0.0,14.0,12453.0,2036.0,0.0,280.0,0.0,1.0,0.0145208131655372,0.9854791868344628,0.0,0.0,0.0476190476190476,0.9523809523809524,1.75,Alpha
2,inactive,5,yellow,12,0-12,40.0,352.08,8.802,34077.52,9122.480000000003,287,118.73700348432055,0.0385947680893791,0.0043847725618472,8.0,33.44,4.18,0.0036656698617042,0.0008769545123694,4.0,17.48,4.37,0.0019161456095272,0.0004384772561847,192,41379.56,215.51854166666664,4.535998982732764,0.0210469082968666,,,,,,88.0,1957.0,22.238636363636363,0.214524997588375,0.0096464996360638,99.0,390.2,3.9414141414141417,0.0427734563408195,0.0108523120905718,6.0,33.8,5.633333333333333,0.0037051328147608,0.000657715884277,11.0,148.24,13.476363636363637,0.0162499671142057,0.0012058124545079,45,161.64,3.5919999999999996,0.0177188659224245,0.0049328691320781,7.0,15.24,2.177142857142857,0.0016705983460637,0.0007673351983232,,,,,,,,,,,,,,,171.96406402767914,8431,0.0203966390733814,0.0033258044822347,2.223764789513456,0.0190964692175595,0.9242004367233468,852225,816753.3333333333,741,0.9583775802556054,0.0008694886913667,58867.0,4568.0,1285.0,8842.0,1082.0,1562.0,448.0,4557.0,57785.0,3006.0,837.0,4285.0,0.0183804168719316,0.9816195831280684,0.3419439579684764,0.6580560420315237,0.3486381322957198,0.6513618677042802,0.5153811354897082,0.4846188645102918,1.5,Gamma
2,inactive,6,blue,12,0-12,1.0,2.2,2.2,40199.68,3000.3199999999997,92,436.9530434782609,0.0007332551194539,0.0003332977815699,2.0,11.28,5.64,0.0037595989761092,0.0006665955631399,1.0,9.0,9.0,0.0029996800341296,0.0003332977815699,38,42499.72,1118.4136842105263,14.165062393344712,0.0126653156996587,,,,,,87.0,1388.84,15.96367816091954,0.4628972909556314,0.028996906996587,,,,,,8.0,75.08,9.385,0.025023997440273,0.0026663822525597,1.0,14.28,14.28,0.0047594923208191,0.0003332977815699,33,107.76,3.2654545454545456,0.0359161689419795,0.0109988267918088,10.0,30.24,3.024,0.0100789249146757,0.0033329778156996,,,,,,,,,,,,,,,26.796788115785528,2403,0.0111513891451458,0.0023010686322234,2.1369107836022763,0.0096176890574638,0.800914569112628,1005084,937137.0,3805,0.9323966952015952,0.0037857532305757,34808.0,2243.0,510.0,56.0,12.0,233.0,0.0,56.0,34796.0,2010.0,510.0,0.0,0.0003447483337163,0.9996552516662836,0.103878733838609,0.896121266161391,0.0,1.0,1.0,0.0,,
2,inactive,6,green,12,0-12,4.0,87.04,21.76,38881.2,4318.800000000003,223,174.35515695067264,0.02015374641104,0.0009261831990367,4.0,16.52,4.13,0.0038251366120218,0.0009261831990367,2.0,9.72,4.86,0.0022506251736593,0.0004630915995183,57,41932.76,735.662456140351,9.709354450310263,0.0131981105862739,,,,,,72.0,1758.28,24.420555555555556,0.4071223488005925,0.0166712975826618,4.0,14.4,3.6,0.0033342595165323,0.0009261831990367,7.0,69.72,9.96,0.0161433731592108,0.0016208205983143,7.0,109.0,15.571428571428571,0.0252384921737519,0.0016208205983143,32,126.4,3.95,0.0292673890895618,0.0074094655922941,9.0,22.56,2.5066666666666664,0.0052236732425673,0.0020839121978327,,,,,,,,,,,,,,,68.23584464495585,3614,0.0188809752753059,0.0023997063856851,2.189373616021351,0.0169838245054576,0.8368065203297207,972253,926894.3333333333,320,0.9533468483340584,0.0003291324377502,44393.0,4482.0,662.0,2180.0,919.0,322.0,147.0,0.0,43474.0,4160.0,515.0,2180.0,0.020701461942198,0.979298538057802,0.071842927264614,0.928157072735386,0.2220543806646525,0.7779456193353474,0.0,1.0,,
2,inactive,6,red,12,0-12,25.0,290.96,11.6384,38852.64,4347.360000000001,101,384.679603960396,0.0669279746788855,0.0057506164660851,10.0,32.8,3.28,0.0075448088035037,0.002300246586434,6.0,11.64,1.94,0.0026774870266092,0.0013801479518604,71,41467.44,584.0484507042254,9.538533730815942,0.0163317507636818,,,,,,80.0,861.4,10.7675,0.1981432409554304,0.0184019726914725,6.0,27.92,4.653333333333333,0.0064222884693239,0.0013801479518604,10.0,79.0,7.9,0.0181719480328291,0.002300246586434,4.0,52.56,13.14,0.0120900960582974,0.0009200986345736,51,218.32,4.28078431372549,0.0502189834750285,0.0117312575908137,9.0,23.8,2.6444444444444444,0.005474586875713,0.0020702219277906,,,,,,,,,,,,,,,88.54636863564347,3740,0.0236754996351987,0.0042745563877802,2.0080274428407257,0.0200749689695456,0.8602922233263405,971417,922037.6666666666,1423,0.9491677278312678,0.0014648703903678,22319.0,3303.0,1127.0,7299.0,572.0,41.0,0.0,56.0,21747.0,3262.0,1127.0,7243.0,0.0256283883686545,0.9743716116313454,0.0124129579170451,0.9875870420829548,0.0,1.0,0.0076722838745033,0.9923277161254966,,
2,inactive,6,yellow,12,0-12,,,,40633.92,2566.0800000000017,277,146.69285198555957,,,1.0,10.24,10.24,0.003990522509041,0.0003896994637735,,,,,,24,42647.0,1776.9583333333333,16.619513031550056,0.0093527871305649,,,,,,76.0,677.36,8.91263157894737,0.2639668287816434,0.0296171592467888,,,,,,6.0,41.4,6.8999999999999995,0.0161335578002244,0.0023381967826412,3.0,61.28,20.426666666666662,0.0238807831400423,0.0011690983913206,15,47.76,3.1839999999999997,0.0186120463898241,0.005845491956603,,,,,,,,,,,,,,,,,,,,38.71604587973675,1825,0.0212142717149242,0.0035984915409953,2.117061193999586,0.0198819514315947,0.7112015213867061,1016125,944066.3333333334,9480,0.9290848402837578,0.0093295608315906,17010.0,2576.0,257.0,0.0,335.0,116.0,147.0,0.0,16675.0,2460.0,110.0,0.0,0.0196942974720752,0.9803057025279248,0.0450310559006211,0.9549689440993788,0.5719844357976653,0.4280155642023346,0.0,0.0,,
2,inactive,7,blue,12,0-12,11.0,243.12,22.10181818181818,38888.64,4311.360000000001,104,373.92923076923074,0.0563905588955689,0.0025513990944852,2.0,5.92,2.96,0.0013731166035775,0.0004638907444518,4.0,10.92,2.73,0.0025328434647071,0.0009277814889037,60,41210.72,686.8453333333333,9.558635790098714,0.0139167223335559,,,,,,36.0,1206.88,33.52444444444445,0.2799302308320344,0.0083500334001336,1.0,3.36,3.36,0.0007793364506791,0.0002319453722259,9.0,99.56,11.062222222222225,0.0230924812588139,0.0020875083500334,,,,,,39,151.12,3.874871794871795,0.035051584650783,0.0090458695168113,3.0,6.56,2.1866666666666665,0.0015215616418021,0.0006958361166777,0.0,0.0,0.0,4.4,4.0,1.1,0.0,0.0,0.0010205596377941,0.0009277814889037,0.0,1.0,0.0,1.0,54.81301515477916,2948,0.018593288722788,0.002920631263539,2.170002926983628,0.0174560404557273,0.6837749573220514,972320,883533.0,20920,0.908685412209972,0.0215155504360704,30293.0,2498.0,427.0,6089.0,189.0,66.0,0.0,232.0,30104.0,2432.0,427.0,5857.0,0.0062390651305582,0.9937609348694418,0.0264211369095276,0.9735788630904724,0.0,1.0,0.0381014944982755,0.9618985055017244,0.75,Gamma
2,inactive,7,green,12,0-12,34.0,158.12,4.6505882352941175,39386.12,3813.8799999999974,386,102.03658031088084,0.0414590915288368,0.0089148059194311,3.0,4.72,1.5733333333333333,0.0012375848217563,0.0007866005223027,3.0,11.8,3.9333333333333336,0.0030939620543908,0.0007866005223027,53,41658.28,786.0052830188679,10.922808268744696,0.0138966092273485,,,,,,8.0,40.6,5.075,0.0106453270684971,0.0020976013928073,,,,,,4.0,19.36,4.84,0.0050761953705937,0.0010488006964036,2.0,10.28,5.14,0.0026954177897574,0.0005244003482018,12,43.68,3.64,0.011452903604728,0.0031464020892109,,,,,,0.0,0.0,0.0,1.0,1.0,1.0,0.0,0.0,0.0002622001741009,0.0002622001741009,0.0,1.0,0.0,1.0,130.1984710350454,2241,0.0580983806492839,0.0137731356494989,2.0545082007244617,0.0512369916635953,0.5875905901601522,985039,902877.0,5610,0.916590104554236,0.0056952059766161,1023.0,747.0,419.0,3987.0,19.0,271.0,295.0,2780.0,1004.0,476.0,124.0,1207.0,0.0185728250244379,0.981427174975562,0.3627844712182062,0.6372155287817939,0.7040572792362768,0.2959427207637231,0.6972661148733383,0.3027338851266616,0.75,Delta
2,inactive,7,red,12,0-12,45.0,472.92,10.509333333333334,33810.4,9389.6,81,417.4123456790124,0.0503663627843571,0.0047925364232768,29.0,128.0,4.413793103448276,0.0136321036039873,0.0030885234727783,9.0,25.96,2.8844444444444446,0.0027647610121836,0.0009585072846553,146,39287.24,269.0906849315068,4.184122859333731,0.0155491181732981,,,,,,43.0,1033.4,24.032558139534885,0.1100579364403169,0.0045795348044645,53.0,416.08,7.850566037735849,0.0443128567777115,0.005644542898526,20.0,169.4,8.47,0.018041237113402,0.002130016188123,12.0,134.04,11.17,0.0142753684928005,0.0012780097128738,143,608.36,4.254265734265735,0.0647908324103263,0.0152296157450796,31.0,84.92,2.7393548387096773,0.0090440487347703,0.0033015250915906,5.4,5.0,1.08,0.0,0.0,0.0,0.0005751043707932,0.0005325040470307,0.0,0.0,1.0,0.0,1.0,0.0,172.53059232409606,8043,0.0214510247823071,0.0034177844108857,2.1267136467435472,0.020265690526239,0.8565860100536764,845341,817217.6666666666,2144,0.9667313742817,0.0025362546002145,36333.0,7618.0,3887.0,11868.0,1431.0,120.0,130.0,841.0,34902.0,7498.0,3757.0,11027.0,0.0393856824374535,0.9606143175625464,0.0157521659228143,0.9842478340771856,0.0334448160535117,0.9665551839464884,0.0708628244017526,0.9291371755982474,3.0,Alpha
2,inactive,7,yellow,12,0-12,41.0,393.56,9.599024390243905,38720.16,4479.8399999999965,185,209.2981621621622,0.0878513518339941,0.0091521125754491,7.0,62.04,8.862857142857143,0.0138487088824601,0.0015625558055644,3.0,12.96,4.32,0.0028929604628736,0.0006696667738133,98,41316.24,421.5942857142857,9.222704382299376,0.0218757812779028,,,,,,45.0,380.8,8.462222222222222,0.085003035822708,0.0100450016072002,4.0,16.84,4.21,0.0037590628236722,0.0008928890317511,10.0,82.04,8.204,0.0183131540412157,0.0022322225793778,5.0,20.24,4.048,0.0045180185006607,0.0011161112896889,20,86.48,4.324,0.0193042608664595,0.0044644451587556,,,,,,,,,,,,,,,,,,,,122.10404937673609,3032,0.0402717840952295,0.0088595541455796,2.1403238403478215,0.0376395307444403,0.67680988606736,968189,893945.6666666666,3875,0.9233173137338544,0.0040023177292863,9990.0,2572.0,1885.0,9880.0,1261.0,293.0,425.0,3427.0,8729.0,2279.0,1460.0,6453.0,0.1262262262262262,0.8737737737737737,0.1139191290824261,0.8860808709175739,0.2254641909814323,0.7745358090185677,0.3468623481781376,0.6531376518218623,1.5,Beta
2,inactive,8,blue,12,0-12,133.0,1413.08,10.624661654135338,17508.72,25691.28,635,27.572787401574804,0.0550023198532731,0.005176853780738,11.0,51.76,4.705454545454545,0.0020146913660977,0.0004281608390084,3.0,12.6,4.2,0.0004904387792278,0.0001167711379113,168,41407.32,246.47214285714284,1.611726624753613,0.0065391837230375,2.0,3.36,1.68,0.0001307836744607,7.784742527425649e-05,1.0,4.6,4.6,0.0001790490781307,3.892371263712824e-05,227.0,2022.44,8.90942731277533,0.0787208733858336,0.0088356827686281,1.0,3.12,3.12,0.0001214419834278,3.892371263712824e-05,132.0,2453.84,18.58969696969697,0.0955125630174907,0.0051379300681009,274,1244.56,4.542189781021897,0.0484428957996643,0.0106650972625731,47.0,152.72,3.2493617021276595,0.0059444293939422,0.001829414493945,0.0,0.0,0.0,6.2,6.0,1.0333333333333334,0.0,0.0,0.0002413270183501,0.0002335422758227,0.0,1.0,0.0,1.0,263.26909122187806,25081,0.0104967541653792,0.001928534280219,2.150826578994842,0.0096537873086569,0.9762456366518134,438353,180369.66666666663,32114,0.4114712723915808,0.0732605913498938,50904.0,61557.0,1623.0,35460.0,1800.0,14695.0,69.0,15846.0,49104.0,46862.0,1554.0,19614.0,0.0353606789250353,0.9646393210749646,0.238721835047192,0.761278164952808,0.0425138632162661,0.9574861367837338,0.4468697123519458,0.5531302876480542,0.0,Delta
2,inactive,8,green,12,0-12,207.0,5071.12,24.49816425120773,238.36,42961.64,40,5.9590000000000005,0.1180383244215071,0.0048182518172025,53.0,294.28,5.552452830188678,0.0068498316172287,0.0012336586778344,27.0,134.24,4.971851851851852,0.0031246479417452,0.0006284676283307,286,37327.36,130.51524475524477,0.8688532374462428,0.0066571015445406,7.0,10.12,1.4457142857142855,0.0002355589777299,0.0001629360517894,3.0,13.28,4.426666666666667,0.0003091129668234,6.982973648119578e-05,390.0,3104.48,7.960205128205128,0.0722616734370475,0.0090778657425554,3.0,7.04,2.3466666666666667,0.0001638671149425,6.982973648119578e-05,224.0,2530.24,11.295714285714284,0.0588953308113936,0.0052139536572626,514,1994.6,3.880544747081712,0.0464274641284643,0.0119641615171115,200.0,737.52,3.6876,0.0171669424165371,0.004655315765413,1.2,1.0,1.2,2.2,2.0,1.1,2.7931894592478313e-05,2.327657882706526e-05,5.120847341954358e-05,4.655315765413052e-05,0.3529411764705882,0.6470588235294118,0.3333333333333333,0.6666666666666666,618.6462096776339,42925,0.0144122588160194,0.0031058735603613,2.271985948797545,0.0135817452379426,0.9991471461517764,5999,2745.9999999999995,493,0.4577429571595265,0.0821803633938989,78337.0,63659.0,10793.0,126985.0,3090.0,13375.0,530.0,29654.0,75247.0,50284.0,10263.0,97331.0,0.0394449621507078,0.9605550378492922,0.2101038344931588,0.7898961655068412,0.0491059019735013,0.9508940980264986,0.2335236445249439,0.7664763554750561,1.5,Gamma
2,inactive,8,red,12,0-12,65.0,1981.8,30.48923076923077,34963.28,8236.720000000001,121,288.95272727272726,0.2406054837362445,0.007891490787595,7.0,20.96,2.994285714285714,0.0025447022601229,0.0008498528540486,3.0,12.56,4.1866666666666665,0.0015248788352645,0.0003642226517351,128,40221.2,314.228125,4.88315737332336,0.0155401664740333,,,,,,4.0,13.6,3.4,0.001651142687866,0.0004856302023135,72.0,2835.0,39.375,0.344190405889723,0.0087413436416437,12.0,221.48,18.456666666666667,0.0268893443021008,0.0014568906069406,21.0,129.44,6.163809523809523,0.0157149933468662,0.002549558562146,103,405.72,3.9390291262135926,0.0492574714206625,0.0125049777095737,29.0,78.16,2.6951724137931032,0.0094892141532066,0.0035208189667731,7.2,7.0,1.0285714285714287,0.0,0.0,0.0,0.0008741343641643,0.0008498528540486,0.0,0.0,1.0,0.0,1.0,0.0,164.61186932453123,8122,0.0202674057282111,0.0037968218806173,2.140951750263398,0.0177316184374868,0.9860721257976476,874203,262178.33333333326,223083,0.2999055520666633,0.2551844365667928,71291.0,8806.0,848.0,49610.0,64.0,697.0,0.0,19461.0,71227.0,8109.0,848.0,30149.0,0.0008977290261042,0.9991022709738956,0.0791505791505791,0.9208494208494208,0.0,1.0,0.3922797823019552,0.6077202176980447,3.0,Alpha
2,inactive,8,yellow,12,0-12,79.0,453.16,5.73620253164557,23574.04,19625.96,1005,23.456756218905472,0.0230898259244388,0.0040252808015505,9.0,89.0,9.88888888888889,0.0045348100169367,0.0004585762938475,4.0,16.72,4.18,0.0008519328481256,0.0002038116861544,78,42885.6,549.8153846153846,2.1851466119364353,0.0039743278800119,1.0,1.88,1.88,9.579149249259654e-05,5.095292153861518e-05,1.0,3.32,3.32,0.0001691636995082,5.095292153861518e-05,297.0,1014.36,3.4153535353535354,0.0516846054919096,0.0151330176969687,,,,,,130.0,1075.24,8.271076923076922,0.0547866193551805,0.0066238798000199,117,451.12,3.855726495726496,0.0229858819645,0.0059614918200179,20.0,54.8,2.74,0.0027922201003161,0.0010190584307723,,,,,,,,,,,,,,,240.61848141249695,18668,0.0128893551217322,0.0026630797353722,2.1829184729909543,0.0121333009087047,0.9511891392828682,590356,222443.9999999999,58817,0.376796373713488,0.0996297149516562,25740.0,27011.0,2656.0,11408.0,2390.0,6003.0,483.0,6808.0,23350.0,21008.0,2173.0,4600.0,0.0928515928515928,0.9071484071484072,0.2222427899744548,0.7777572100255451,0.1818524096385542,0.8181475903614458,0.5967741935483871,0.4032258064516129,1.5,Beta
3,active,1,blue,24,12-24,180.0,977.44,5.4302222222222225,27589.92,15610.080000000002,332,83.10216867469879,0.0626159507190225,0.0115310107315273,82.0,348.04,4.24439024390244,0.0222958498611153,0.005253015999918,103.0,510.2,4.953398058252427,0.0326840093068068,0.0065983005852628,447,39486.52,88.33673378076062,2.5295526992814894,0.0286353433166261,2.0,3.0,1.5,0.0001921835121921,0.0001281223414614,348.0,3078.08,8.845057471264367,0.1971854084027756,0.0222932874142861,63.0,485.0,7.698412698412699,0.031069667804393,0.0040358537560345,77.0,576.48,7.486753246753247,0.0369299837028381,0.0049327101462644,24.0,94.08,3.92,0.0060268749423449,0.0015374680975369,241,1020.64,4.235020746887967,0.0653833932945891,0.0154387421461004,21.0,50.64,2.4114285714285715,0.003244057685803,0.0013452845853448,35.4,33.0,1.0727272727272728,0.8,1.0,0.8,0.002267765443867,0.0021140186341133,5.1248936584565865e-05,6.406117073070733e-05,0.977900552486188,0.0220994475138121,0.9705882352941176,0.0294117647058823,571.255545824353,15271,0.0374078675806661,0.007048980472255,1.92785904653074,0.0338671834048717,0.9782781382286316,690080,548214.3333333333,5236,0.7944214197387741,0.0075875260839322,89488.0,16865.0,21641.0,24616.0,9550.0,308.0,1631.0,505.0,79938.0,16557.0,20010.0,24111.0,0.1067182192025746,0.8932817807974254,0.0182626741772902,0.9817373258227098,0.0753662030405249,0.9246337969594752,0.0205151121221969,0.9794848878778032,3.0,Alpha
3,active,1,green,24,12-24,57.0,425.92,7.472280701754387,32507.92,10692.080000000002,804,40.43273631840796,0.0398350928911867,0.0053310487762904,18.0,111.68,6.204444444444444,0.0104451145146688,0.0016834890872496,28.0,335.32,11.975714285714286,0.0313615311520302,0.0026187608023883,125,41953.44,335.62752,3.9237865784767783,0.0116908964392335,,,,,,317.0,4914.12,15.501955835962145,0.45960374407973,0.0296481133698962,23.0,275.6,11.982608695652177,0.025776088469222,0.0021511249448189,30.0,288.36,9.612,0.026969495177739,0.002805815145416,15.0,80.68,5.378666666666667,0.0075457721977388,0.001402907572708,109,371.44,3.4077064220183484,0.0347397325871112,0.0101944616950116,10.0,24.0,2.4,0.0022446521163328,0.0009352717151386,0.0,0.0,0.0,9.6,9.0,1.0666666666666669,0.0,0.0,0.0008978608465331,0.0008417445436248,0.0,1.0,0.0,1.0,274.1192817310433,10083,0.0271862820322367,0.0048867966383572,2.060342987479965,0.0235508817078942,0.943034470374333,813502,620423.6666666666,8814,0.7626578258770926,0.0108346383905632,130083.0,9271.0,11221.0,10705.0,9969.0,141.0,568.0,700.0,120114.0,9130.0,10653.0,10005.0,0.0766356864463457,0.9233643135536542,0.0152087153489375,0.9847912846510624,0.0506193743873095,0.9493806256126904,0.0653900046707146,0.9346099953292852,0.7499999999999999,Delta
3,active,1,red,24,12-24,21.0,280.64,13.363809523809524,38452.2,4747.800000000003,268,143.4783582089552,0.0591094822865326,0.0044231012258309,11.0,97.96,8.905454545454544,0.0206327140991617,0.0023168625468638,8.0,55.8,6.975,0.0117528118286364,0.0016849909431736,74,42576.44,575.3572972972974,8.967614474072198,0.0155861662243565,1.0,3.0,3.0,0.0006318716036901,0.0002106238678967,125.0,1162.6,9.3008,0.2448713088167149,0.0263279834870887,30.0,884.4,29.48,0.1862757487678502,0.0063187160369012,17.0,221.92,13.054117647058822,0.0467416487636378,0.003580605754244,5.0,20.88,4.176,0.0043978263616833,0.0010531193394835,72,330.92,4.596111111111111,0.0696996503643792,0.0151649184885631,6.0,13.76,2.2933333333333334,0.0028981844222587,0.0012637432073802,0.8,1.0,0.8,1.8,2.0,0.9,0.0001684990943173,0.0002106238678967,0.000379122962214,0.0004212477357934,0.3076923076923077,0.6923076923076923,0.3333333333333333,0.6666666666666666,116.6924723632763,4478,0.0260590603758991,0.0042544376358631,1.9577514556654851,0.0229354281404376,0.9431736804414672,961573,681725.6666666666,37041,0.7089692271586937,0.0385212563164731,51330.0,6092.0,3863.0,7037.0,9495.0,7.0,137.0,659.0,41835.0,6085.0,3726.0,6378.0,0.1849795441262419,0.815020455873758,0.0011490479317137,0.9988509520682862,0.0354646647683147,0.9645353352316852,0.0936478613045331,0.9063521386954668,1.2499999999999998,Beta
3,active,1,yellow,24,12-24,148.0,990.96,6.695675675675676,30568.16,12631.84,459,66.59729847494553,0.0784493787128399,0.0117164245272264,63.0,307.96,4.888253968253968,0.0243796628203017,0.0049873969271301,158.0,918.52,5.813417721518987,0.0727146638969461,0.0125080748331201,314,40895.64,130.2408917197452,3.237504591571774,0.0248578196050614,5.0,7.04,1.408,0.0005573218153491,0.0003958251529468,247.0,3387.92,13.716275303643725,0.268204790434331,0.0195537625555738,36.0,161.16,4.476666666666667,0.0127582363297825,0.0028499411012172,70.0,566.92,8.098857142857142,0.0448802391417244,0.0055415521412557,26.0,114.6,4.407692307692307,0.0090723125055415,0.0020582907953235,153,601.8,3.933333333333333,0.0476415154086815,0.0121122496801732,7.0,15.16,2.165714285714286,0.0012001418637348,0.0005541552141255,0.0,0.0,0.0,24.0,22.0,1.0909090909090908,0.0,0.0,0.0018999607341448,0.001741630672966,0.0,1.0,0.0,1.0,430.78328503254863,12224,0.0352407792075056,0.0083754737704993,2.0026362642921876,0.0321780051462554,0.9677133339244324,764663,596359.0,8534,0.779897811192643,0.0111604719987759,89010.0,17134.0,30883.0,24922.0,7575.0,456.0,1910.0,1560.0,81435.0,16678.0,28973.0,23362.0,0.08510279743849,0.91489720256151,0.0266137504377261,0.9733862495622738,0.0618463232198944,0.9381536767801056,0.0625952973276623,0.9374047026723376,0.7499999999999999,Gamma
3,active,2,blue,24,12-24,128.0,1091.96,8.5309375,26011.88,17188.12,245,106.1709387755102,0.0635299264841064,0.007447004093525,73.0,505.76,6.928219178082192,0.0294249749245409,0.0042471195220885,84.0,502.36,5.980476190476191,0.0292271638783066,0.0048870964363758,300,39281.16,130.93720000000002,2.2853668696751015,0.0174539158441993,10.0,23.24,2.324,0.0013520966807306,0.0005817971948066,156.0,1064.2,6.821794871794872,0.0619148574713232,0.0090760362389836,426.0,1529.0,3.5892018779342725,0.0889567910859361,0.0247845604987631,38.0,351.76,9.256842105263155,0.0204652981245185,0.0022108293402652,40.0,377.36,9.434,0.0219546989432235,0.0023271887792265,193,764.44,3.9608290155440415,0.0444749047597992,0.0112286858597682,15.0,35.64,2.376,0.0020735252022908,0.0008726957922099,1.6,2.0,0.8,17.0,16.0,1.0625,9.30875511690633e-05,0.0001163594389613,0.0009890552311712,0.0009308755116906,0.086021505376344,0.913978494623656,0.1111111111111111,0.8888888888888888,400.99941291185166,15973,0.0251048277037407,0.0048297706510224,2.114816916691337,0.024137299495495,0.929304659264655,650542,380623.0,92078,0.5850859744643697,0.1415404385881311,65412.0,18306.0,25360.0,27427.0,25887.0,1737.0,6440.0,7894.0,39525.0,16569.0,18920.0,19533.0,0.3957530728306733,0.6042469271693267,0.0948869223205506,0.9051130776794494,0.2539432176656151,0.7460567823343849,0.2878185729390746,0.7121814270609254,0.3000000000000002,Delta
3,active,2,green,24,12-24,296.0,1758.04,5.939324324324324,22351.4,20848.6,542,41.238745387453875,0.0843241272795295,0.0141975960016499,116.0,668.96,5.766896551724138,0.0320865669637289,0.0055639227574033,164.0,1031.64,6.290487804878049,0.0494824592538587,0.0078662356225358,519,36779.32,70.86574181117534,1.7641146168088029,0.0248937578542444,14.0,29.64,2.117142857142857,0.0014216781942192,0.0006715079189969,161.0,2457.68,15.265093167701862,0.117882255882889,0.007722341068465,252.0,2212.6,8.78015873015873,0.1061270301123336,0.0120871425419452,56.0,499.64,8.922142857142857,0.0239651583319743,0.0026860316759878,64.0,376.12,5.876875,0.0180405398923668,0.0030697504868432,271,1117.64,4.1241328413284135,0.0536074364705543,0.0129984747177268,39.0,92.8,2.3794871794871795,0.0044511382059227,0.0018706292029201,5.6,6.0,0.9333333333333332,42.4,34.0,1.2470588235294118,0.0002686031675987,0.0002877891081415,0.0020337096975336,0.0016308049461354,0.1166666666666666,0.8833333333333333,0.15,0.85,688.6718769717601,19489,0.0353364398877192,0.0076710307369108,2.0067266130887464,0.0317080443572088,0.934786988095124,559327,360543.6666666666,48999,0.6446026504471742,0.0876034949144239,117170.0,22014.0,42795.0,44247.0,36900.0,2710.0,9032.0,10893.0,80270.0,19304.0,33763.0,33354.0,0.3149270291030127,0.6850729708969873,0.1231034796038884,0.8768965203961115,0.2110526930716205,0.7889473069283794,0.2461861821140416,0.7538138178859584,0.4885057471264369,Gamma
3,active,2,red,24,12-24,397.0,3992.68,10.05712846347607,17168.52,26031.48,184,93.30717391304348,0.1533789089210448,0.0152507656114827,298.0,1472.84,4.94241610738255,0.0565791879677989,0.0114476779652943,271.0,1085.16,4.004280442804428,0.0416864504054321,0.0104104722436065,740,32585.08,44.0338918918919,1.2517567191723251,0.0284271197795899,73.0,136.12,1.8646575342465752,0.0052290534383753,0.0028042969512298,330.0,3323.64,10.071636363636363,0.1276777194381571,0.0126769588206279,344.0,2708.6,7.873837209302326,0.104050941398645,0.0132147691948364,82.0,505.52,6.164878048780488,0.0194195643121328,0.0031500321917923,65.0,251.16,3.864,0.0096483181132997,0.0024969767373964,397,2164.12,5.451183879093199,0.0831347276451434,0.0152507656114827,19.0,45.6,2.4,0.0017517252188504,0.0007298855078543,52.0,43.0,1.2093023255813953,6.0,7.0,0.8571428571428571,0.0019975813899171,0.0016518461493545,0.000230490160375,0.0002689051871042,0.896551724137931,0.1034482758620689,0.86,0.14,1026.9945679177715,24878,0.0412812351442146,0.0109669639798343,2.014022476291139,0.0378961154493539,0.9556890349684304,429397,294445.6666666666,37290,0.6857189655881775,0.0868427119891382,151480.0,19064.0,64519.0,100214.0,44899.0,2348.0,9347.0,15087.0,106581.0,16716.0,55172.0,85127.0,0.2964021653023501,0.7035978346976498,0.1231640788921527,0.8768359211078472,0.1448720531936329,0.8551279468063672,0.1505478276488315,0.8494521723511685,2.994827586206897,Alpha
3,active,2,yellow,24,12-24,285.0,1831.44,6.426105263157895,17950.28,25249.72,277,64.80245487364621,0.0725330815549637,0.0112872538784588,126.0,564.96,4.483809523809524,0.022374901583067,0.004990154346266,148.0,750.36,5.07,0.0297175572640013,0.0058614511368838,640,36876.92,57.6201875,1.460488274721462,0.0253468157270654,6.0,7.44,1.24,0.0002946567328271,0.0002376263974412,120.0,1228.6,10.238333333333332,0.048657965316051,0.0047525279488247,426.0,5563.28,13.059342723004692,0.2203303640594826,0.0168714742183279,64.0,447.2,6.9875,0.017711087489287,0.0025346815727065,86.0,587.28,6.828837209302325,0.0232588717815484,0.0034059783633244,339,1534.96,4.5279056047197646,0.0607911691694006,0.01342589145543,28.0,69.16,2.47,0.002739040274506,0.0011089231880591,14.0,15.0,0.9333333333333332,7.8,9.0,0.8666666666666667,0.0005544615940295,0.000594065993603,0.0003089143166736,0.0003564395961618,0.6422018348623852,0.3577981651376146,0.625,0.375,829.1117759309122,24045,0.0344816708642508,0.0082072340498967,2.064820087993169,0.0315554545647195,0.9522877877457652,449034,304737.0,44409,0.6786501690295167,0.0988989697884792,170343.0,26012.0,33157.0,46071.0,40848.0,1850.0,6822.0,11348.0,129495.0,24162.0,26335.0,34723.0,0.2397985241542065,0.7602014758457935,0.0711210210671997,0.9288789789328002,0.2057484090840546,0.7942515909159453,0.2463154696012676,0.7536845303987324,2.216666666666667,Beta
3,active,3,blue,24,12-24,132.0,734.88,5.567272727272727,27640.16,15559.84,292,94.65808219178082,0.0472292774218758,0.0084833777211076,127.0,1436.76,11.313070866141732,0.0923377104134746,0.0081620376559142,123.0,538.24,4.3759349593495935,0.0345916153379469,0.0079049656037594,422,38665.48,91.62436018957348,2.484953572787381,0.027121101502329,14.0,24.6,1.7571428571428571,0.0015809931207518,0.0008997521825417,450.0,3231.72,7.1815999999999995,0.2076962230974097,0.0289206058674125,43.0,343.48,7.987906976744187,0.0220747771185307,0.0027635245606638,56.0,337.08,6.019285714285714,0.0216634618350831,0.0035990087301668,34.0,146.08,4.2964705882352945,0.0093882713446924,0.0021851124433156,237,1054.36,4.448776371308017,0.0677616222274779,0.0152315190901705,25.0,64.0,2.56,0.0041131528344764,0.0016067003259673,13.6,13.0,1.0461538461538462,0.0,0.0,0.0,0.0008740449773262,0.000835484169503,0.0,0.0,1.0,0.0,1.0,0.0,577.2571783020281,15222,0.0379225580279876,0.0077784067693208,1.9415968589421195,0.0344422434339764,0.9782876944750074,691296,558219.0,15388,0.8074963546729621,0.0222596398648335,89873.0,12169.0,49625.0,18504.0,2390.0,263.0,361.0,57.0,87483.0,11906.0,49264.0,18447.0,0.0265930813481245,0.9734069186518756,0.0216122935327471,0.9783877064672528,0.0072745591939546,0.9927254408060452,0.0030804150453955,0.9969195849546044,3.0,Alpha
3,active,3,green,24,12-24,18.0,132.64,7.368888888888888,37752.56,5447.440000000002,482,78.32481327800829,0.02434905203178,0.0033043044072077,9.0,45.92,5.102222222222222,0.0084296476877212,0.0016521522036038,23.0,150.84,6.558260869565218,0.0276900709324012,0.0042221667425432,72,42710.56,593.2022222222222,7.84048286901737,0.0132172176288311,2.0,3.08,1.54,0.0005654031985666,0.0003671449341341,219.0,2078.12,9.489132420091323,0.3814856152614804,0.0402023702876947,9.0,36.36,4.04,0.0066746949025597,0.0016521522036038,22.0,207.76,9.443636363636363,0.0381390157578605,0.0040385942754761,8.0,108.8,13.6,0.0199726844169004,0.0014685797365367,49,206.64,4.217142857142857,0.0379334145947454,0.0089950508862878,4.0,9.64,2.41,0.0017696385825268,0.0007342898682683,0.0,0.0,0.0,2.0,2.0,1.0,0.0,0.0,0.0003671449341341,0.0003671449341341,0.0,1.0,0.0,1.0,133.44420552384722,5057,0.0263880177029557,0.0041435939557875,2.0863300478955695,0.0230483762985982,0.9283259659583212,944296,730428.6666666665,3443,0.7735166374385432,0.003646102493286,53090.0,7944.0,4951.0,3334.0,3799.0,299.0,557.0,235.0,49291.0,7645.0,4394.0,3099.0,0.0715577321529478,0.9284422678470522,0.0376384692849949,0.9623615307150052,0.1125025247424762,0.8874974752575238,0.0704859028194361,0.929514097180564,0.75,Gamma
3,active,3,red,24,12-24,59.0,518.44,8.787118644067798,36360.4,6839.5999999999985,139,261.58561151079135,0.0757997543716007,0.0086262354523656,56.0,345.84,6.175714285714285,0.0505643604889174,0.0081876133107199,54.0,393.28,7.282962962962962,0.0575004386221416,0.0078951985496227,138,41670.28,301.9585507246377,6.09250248552547,0.0201766185157026,19.0,33.16,1.7452631578947366,0.0048482367389905,0.0027779402304228,212.0,1801.16,8.496037735849058,0.2633428855488626,0.0309959646762968,31.0,385.4,12.432258064516128,0.0563483244634189,0.0045324287970056,31.0,251.04,8.098064516129032,0.036703900812913,0.0045324287970056,20.0,95.52,4.776,0.0139657289899994,0.0029241476109714,98,481.0,4.908163265306122,0.0703257500438622,0.0143283232937598,18.0,40.72,2.2622222222222224,0.0059535645359377,0.0026317328498742,1.0,1.0,1.0,4.8,6.0,0.7999999999999999,0.0001462073805485,0.0001462073805485,0.0007017954266331,0.0008772442832914,0.1724137931034483,0.8275862068965517,0.1428571428571428,0.8571428571428571,202.10747330794828,6680,0.0302556097766389,0.0048134474180666,2.014991301784483,0.0280449231494466,0.9766653020644483,909149,698164.6666666666,13775,0.7679320624745412,0.0151515318171168,54907.0,8715.0,18588.0,13020.0,2914.0,369.0,274.0,210.0,51993.0,8346.0,18314.0,12810.0,0.0530715573606279,0.946928442639372,0.0423407917383821,0.957659208261618,0.0147406929201635,0.9852593070798364,0.0161290322580645,0.9838709677419356,1.5,Beta
3,active,3,yellow,24,12-24,24.0,169.72,7.071666666666666,34588.56,8611.440000000002,294,117.64816326530612,0.0197086666109268,0.0027869903291435,21.0,144.08,6.860952380952382,0.0167312319426251,0.0024386165380006,18.0,97.52,5.417777777777777,0.0113244707040866,0.0020902427468576,89,42596.96,478.6175280898876,4.946554815454789,0.0103350891372406,3.0,5.96,1.9866666666666664,0.0006921025984039,0.0003483737911429,316.0,3837.4,12.143670886075949,0.4456165287106453,0.0366953726670568,22.0,244.24,11.101818181818182,0.0283622715829176,0.0025547411350482,36.0,398.12,11.05888888888889,0.0462315245766097,0.0041804854937153,7.0,20.12,2.8742857142857146,0.0023364268925986,0.0008128721793335,86,336.52,3.9130232558139535,0.0390782493984745,0.0099867153460977,13.0,31.76,2.4430769230769234,0.0036881172022333,0.0015096197616194,0.0,0.0,0.0,7.8,6.0,1.3,0.0,0.0,0.0009057718569716,0.0006967475822858,0.0,1.0,0.0,1.0,154.86337451971283,8331,0.018588809809112,0.0034948670769574,2.1023097097667685,0.0173598650482491,0.9674340180039572,865008,687040.9999999999,3940,0.7942597062686124,0.0045548711688215,102379.0,10499.0,6079.0,4267.0,2470.0,367.0,194.0,90.0,99909.0,10132.0,5885.0,4177.0,0.024126041473349,0.9758739585266508,0.0349557100676254,0.9650442899323746,0.0319131436091462,0.9680868563908538,0.0210921021795172,0.9789078978204828,0.0,Delta
3,active,4,blue,24,12-24,343.0,2088.12,6.0878134110787165,25888.44,17311.56,324,79.90259259259258,0.1206199787887399,0.0198133501544632,112.0,435.32,3.8867857142857143,0.0251462028840843,0.0064696653565594,123.0,483.48,3.930731707317073,0.0279281589874049,0.0071050789183643,580,38105.32,65.6988275862069,2.2011488277197433,0.033503624167897,35.0,78.92,2.254857142857143,0.0045588034816041,0.0020217704239248,17.0,68.44,4.025882352941176,0.0039534276518118,0.0009820027773349,278.0,3888.72,13.98820143884892,0.2246314023692838,0.0160586336528885,51.0,250.36,4.909019607843137,0.0144620126666805,0.0029460083320047,77.0,370.2,4.8077922077922075,0.0213845545981991,0.0044478949326346,300,1287.84,4.2928,0.0743919092213526,0.0173294607764984,25.0,63.2,2.528,0.0036507397369156,0.0014441217313748,125.6,115.0,1.0921739130434782,0.0,0.0,0.0,0.0072552675784273,0.0066429599643244,0.0,0.0,1.0,0.0,1.0,0.0,822.9338104761147,16910,0.0486655121511599,0.0104467024847768,1.942166369635316,0.0439034681286183,0.9768039391019642,647535,462500.99999999994,40564,0.7142486506520882,0.0626437181001799,99224.0,15642.0,23205.0,52546.0,3616.0,1124.0,2084.0,5705.0,95608.0,14518.0,21121.0,46841.0,0.0364427960977182,0.9635572039022816,0.0718578186932617,0.9281421813067384,0.0898082309847015,0.9101917690152984,0.1085715373196818,0.8914284626803182,3.0,Alpha
3,active,4,green,24,12-24,114.0,835.48,7.328771929824562,29879.68,13320.32,666,44.86438438438439,0.0627222168836784,0.0085583529524816,40.0,253.64,6.340999999999999,0.0190415845865564,0.0030029308605198,30.0,192.12,6.404,0.0144230769230769,0.0022521981453899,311,40319.16,129.64360128617363,3.0268912458559556,0.0233477874405419,9.0,30.0,3.3333333333333335,0.0022521981453899,0.0006756594436169,28.0,119.76,4.277142857142858,0.0089907749963964,0.0021020516023639,163.0,2656.64,16.29840490797546,0.1994426560322875,0.0122369432566184,33.0,340.24,10.31030303030303,0.0255429298995819,0.0024774179599288,14.0,113.68,8.120000000000001,0.0085343295055974,0.0010510258011819,162,654.64,4.040987654320988,0.0491459664632681,0.0121618699851054,19.0,42.2,2.2210526315789476,0.0031680920578484,0.0014263921587469,2.2,2.0,1.1,58.8,50.0,1.176,0.0001651611973285,0.0001501465430259,0.0044143083649642,0.0037536635756498,0.0360655737704918,0.9639344262295082,0.0384615384615384,0.9615384615384616,422.51201685378544,12743,0.0331564009145244,0.0064169591009717,2.038197011412804,0.0305975949067615,0.9566586988901168,747658,528379.3333333333,27786,0.7067126056744304,0.0371640509430782,69601.0,11395.0,11214.0,21001.0,3448.0,927.0,2151.0,5942.0,66153.0,10468.0,9063.0,15059.0,0.0495395181103719,0.950460481889628,0.0813514699429574,0.9186485300570426,0.1918138041733547,0.8081861958266453,0.2829389076710633,0.7170610923289367,0.0,Delta
3,active,4,red,24,12-24,248.0,2301.64,9.280806451612902,26432.2,16767.8,260,101.66230769230768,0.1372654731091735,0.0147902527463352,114.0,831.24,7.291578947368421,0.0495735874712246,0.0067987452140411,70.0,361.88,5.169714285714286,0.0215818413864669,0.0041746681138849,422,37617.8,89.14170616113745,2.243454716778588,0.0251672849151349,42.0,101.8,2.4238095238095236,0.0060711601999069,0.0025048008683309,22.0,74.28,3.3763636363636365,0.004429919249991,0.0013120385500781,240.0,4621.72,19.257166666666667,0.2756306730757762,0.0143131478190341,42.0,462.28,11.006666666666666,0.0275695082240961,0.0025048008683309,35.0,249.04,7.115428571428571,0.0148522763868843,0.0020873340569424,276,1316.4,4.769565217391305,0.078507615787402,0.0164601199918892,24.0,58.52,2.4383333333333335,0.0034900225432078,0.0014313147819034,23.0,18.0,1.2777777777777777,33.2,33.0,1.006060606060606,0.0013716766659907,0.0010734860864275,0.0019799854482997,0.0019680578251171,0.4092526690391458,0.5907473309608541,0.3529411764705882,0.6470588235294118,589.9118846404717,16438,0.0358870838691125,0.0076678330453284,2.0578545236103847,0.0335658662280107,0.9803313493720108,661065,472649.6666666666,45295,0.7149821374095839,0.0685182243803559,117662.0,17860.0,30012.0,57789.0,4340.0,717.0,3355.0,7871.0,113322.0,17143.0,26657.0,49918.0,0.0368853155649232,0.9631146844350768,0.0401455767077267,0.9598544232922732,0.1117886178861788,0.8882113821138211,0.1362023914585821,0.863797608541418,0.6,Gamma
3,active,4,yellow,24,12-24,147.0,939.04,6.388027210884354,28853.4,14346.6,499,57.82244488977956,0.0654538357520248,0.0102463301409393,119.0,659.44,5.541512605042017,0.0459648976064015,0.0082946482093318,133.0,676.64,5.087518796992481,0.0471637879358175,0.0092704891751355,464,38296.28,82.53508620689655,2.66936277584933,0.0323421577237812,75.0,193.12,2.5749333333333335,0.0134610290940013,0.0052277194596629,20.0,73.4,3.67,0.0051161947778567,0.0013940585225767,231.0,3110.88,13.467012987012987,0.2168374388356823,0.0161013759357617,42.0,181.12,4.312380952380953,0.0126245939804553,0.0029275228974112,83.0,437.92,5.276144578313253,0.0305243054103411,0.0057853428686936,170,778.12,4.577176470588236,0.0542372408793721,0.0118494974419026,19.0,44.52,2.343157894736842,0.0031031742712559,0.0013243555964479,2.4,3.0,0.7999999999999999,61.2,55.0,1.1127272727272728,0.0001672870227092,0.0002091087783865,0.0042658190790849,0.0038336609370861,0.0377358490566037,0.9622641509433962,0.0517241379310344,0.9482758620689656,569.9199370175891,13841,0.0411762110409355,0.0100864308677756,2.082322258964445,0.0364971958565373,0.964758200549259,721834,501190.6666666666,46420,0.694329536523171,0.0643084143999867,79858.0,15601.0,33654.0,23623.0,4988.0,724.0,2565.0,3631.0,74870.0,14877.0,31089.0,19992.0,0.0624608680407723,0.9375391319592276,0.0464072815845138,0.9535927184154862,0.0762167944375111,0.9237832055624888,0.1537061338526013,0.8462938661473988,2.25,Beta
3,active,5,blue,24,12-24,215.0,1471.04,6.842046511627907,22573.56,20626.44,205,110.1149268292683,0.0713181722100372,0.0104235146733997,177.0,1088.64,6.150508474576272,0.0527788605304647,0.0085812190567058,245.0,1455.96,5.9426938775510205,0.0705870717389913,0.011877958581316,561,37071.6,66.08128342245989,1.797285425890265,0.0271981010780338,25.0,48.48,1.9392,0.0023503813551926,0.0012120365899302,142.0,1444.36,10.171549295774648,0.0700246867612637,0.0068843678308035,218.0,3047.4,13.978899082568809,0.1477424121661324,0.0105689590641913,25.0,217.8,8.712,0.0105592627714719,0.0012120365899302,66.0,583.04,8.833939393939394,0.0282666325357162,0.0031997765974157,303,1560.88,5.151419141914192,0.0756737468996104,0.014689883469954,31.0,75.72,2.44258064516129,0.0036710164235806,0.0015029253715134,33.6,30.0,1.12,22.0,20.0,1.1,0.0016289771768661,0.0014544439079162,0.0010665921991385,0.0009696292719441,0.60431654676259,0.39568345323741,0.6,0.4,756.5097416492955,20430,0.0370293559299704,0.0066222514274642,2.08101409860033,0.0344861379427776,0.9904763012909644,564544,404722.3333333333,36782,0.7169013103200695,0.065153468994445,112654.0,20112.0,64037.0,36991.0,28240.0,620.0,10280.0,5754.0,84414.0,19492.0,53757.0,31237.0,0.2506790704280363,0.7493209295719637,0.0308273667462211,0.9691726332537788,0.1605321923263113,0.8394678076736887,0.1555513503284582,0.8444486496715418,2.1083333333333334,Beta
3,active,5,green,24,12-24,111.0,1588.36,14.30954954954955,24380.52,18819.48,391,62.354271099744246,0.0843997815029958,0.0058981438381931,41.0,396.76,9.677073170731708,0.0210824103535273,0.0021785936699632,70.0,853.92,12.198857142857142,0.0453742611379272,0.0037195501682299,322,38522.92,119.63639751552796,2.0469704795244077,0.0171099307738577,,,,,,215.0,2295.32,10.675906976744187,0.1219651127448792,0.0114243326595633,276.0,2829.56,10.252028985507248,0.1503527196288101,0.0146656549490209,16.0,87.72,5.4825,0.0046611277251018,0.0008501828955954,52.0,646.6,12.434615384615386,0.0343580162682497,0.002763094410685,235,957.36,4.073872340425532,0.0508706935579516,0.0124870612790576,25.0,60.92,2.4368,0.0032370713749795,0.0013284107743678,0.0,0.0,0.0,21.4,21.0,1.019047619047619,0.0,0.0,0.0011371196228588,0.0011158650504689,0.0,1.0,0.0,1.0,488.80469276288505,18515,0.0264004694984004,0.0042803533962865,2.157786168630629,0.0254557485940131,0.9838210194968192,609904,429604.99999999994,31543,0.7043813452608935,0.0517179752879141,128595.0,18426.0,31378.0,39820.0,34254.0,474.0,5692.0,8524.0,94341.0,17952.0,25686.0,31296.0,0.2663711652863642,0.7336288347136358,0.0257245197004233,0.9742754802995768,0.1814009815794505,0.8185990184205494,0.2140632847815168,0.7859367152184832,0.0,Delta
3,active,5,red,24,12-24,177.0,1429.52,8.07638418079096,26016.24,17183.76,201,129.43402985074627,0.083190174909333,0.010300423190268,87.0,568.6,6.535632183908047,0.0330893820677197,0.0050629198731825,135.0,1080.12,8.000888888888888,0.0628570231427813,0.0078562549756281,462,37756.16,81.72329004329005,2.197200147115649,0.0268858503610385,15.0,38.56,2.570666666666667,0.0022439791989646,0.0008729172195142,210.0,2681.4,12.768571428571429,0.1560426821603653,0.0122208410731993,119.0,1463.88,12.301512605042015,0.0851897372868336,0.0069251432748129,29.0,195.2,6.73103448275862,0.0113595627499452,0.0016876399577275,87.0,767.8,8.825287356321839,0.0446817227428688,0.0050629198731825,278,1190.52,4.282446043165468,0.0692816938784061,0.0161780658016638,37.0,95.04,2.5686486486486486,0.0055308035028422,0.0021531958081351,44.6,43.0,1.0372093023255815,2.8,3.0,0.9333333333333332,0.0025954738660223,0.0025023626959408,0.0001629445476426,0.0001745834439028,0.940928270042194,0.0590717299578059,0.9347826086956522,0.0652173913043478,522.0911099726917,16977,0.0307528485582076,0.006467996503838,2.0676821397410725,0.0290750578265179,0.9879677090462158,650607,430268.99999999994,65482,0.6613347228050113,0.1006475491348848,103961.0,24191.0,41440.0,35915.0,30440.0,414.0,7703.0,4381.0,73521.0,23777.0,33737.0,31534.0,0.2928021084829888,0.7071978915170112,0.0171138026538795,0.9828861973461204,0.1858832046332046,0.8141167953667954,0.1219824585827648,0.8780175414172351,3.0,Alpha
3,active,5,yellow,24,12-24,120.0,1432.32,11.936,25076.0,18124.0,353,71.03682719546742,0.0790289119399691,0.0066210549547561,45.0,367.24,8.16088888888889,0.0202626351798719,0.0024828956080335,82.0,1153.56,14.06780487804878,0.0636482012800706,0.0045243875524166,292,39077.16,133.82589041095892,2.156100198631649,0.0161112337232399,5.0,10.72,2.144,0.0005914809092915,0.0002758772897815,87.0,1263.32,14.520919540229883,0.0697042595453542,0.0048002648421981,222.0,4944.04,22.27045045045045,0.2727896711542705,0.0122489516662988,18.0,85.88,4.771111111111111,0.0047384683292871,0.0009931582432134,44.0,669.48,15.215454545454548,0.0369388655925844,0.0024277201500772,223,883.12,3.9601793721973095,0.0487265504303685,0.0123041271242551,34.0,89.92,2.644705882352941,0.0049613771794305,0.0018759655705142,5.6,6.0,0.9333333333333332,37.6,35.0,1.0742857142857145,0.0003089825645552,0.0003310527477378,0.0020745972191569,0.0019311410284705,0.1296296296296296,0.8703703703703703,0.1463414634146341,0.8536585365853658,389.5338392102047,17847,0.0218262923298147,0.0038732599632796,2.1760464120970218,0.020159087889991,0.9847163981461046,627253,432559.6666666666,46920,0.6896095621171467,0.0748023524797808,155493.0,18946.0,38147.0,35928.0,33543.0,450.0,7887.0,5704.0,121950.0,18496.0,30260.0,30224.0,0.2157203218151299,0.7842796781848701,0.0237517154016679,0.976248284598332,0.2067528245995753,0.7932471754004247,0.1587619683812068,0.8412380316187932,1.125,Gamma
3,active,6,blue,24,12-24,77.0,908.28,11.795844155844156,30175.96,13024.04,296,101.9458108108108,0.0697387293036569,0.0059121440044717,75.0,478.92,6.3856,0.0367720000859948,0.0057585818225374,45.0,270.16,6.003555555555556,0.0207431795356893,0.0034551490935224,275,39636.76,144.13367272727274,3.0433536752037003,0.0211148000159704,6.0,11.72,1.9533333333333336,0.0008998743861351,0.0004606865458029,328.0,2303.76,7.0236585365853665,0.1768852061265168,0.0251841978372302,27.0,91.36,3.383703703703704,0.0070147204707602,0.0020730894561134,29.0,378.24,13.042758620689655,0.0290416798474206,0.0022266516380477,24.0,184.2,7.675,0.0141430769561518,0.0018427461832119,160,616.16,3.851,0.0473094370103285,0.0122849745547464,24.0,57.08,2.3783333333333334,0.0043826646724057,0.0018427461832119,0.8,1.0,0.8,19.8,18.0,1.1,6.142487277373227e-05,7.678109096716533e-05,0.0015202656011498,0.0013820596374089,0.0388349514563106,0.9611650485436892,0.0526315789473684,0.9473684210526316,323.50149869956385,12713,0.0254465113426857,0.0046454261763092,2.0268621724489844,0.0239811102397609,0.9761180094655728,754695,466730.6666666666,54309,0.6184361452860647,0.0719615208792956,60233.0,14114.0,18847.0,22784.0,2750.0,571.0,1675.0,1873.0,57483.0,13543.0,17172.0,20911.0,0.0456560357279232,0.9543439642720768,0.0404562845401728,0.9595437154598272,0.0888735607789038,0.9111264392210962,0.0822068117977528,0.9177931882022472,0.0,Gamma
3,active,6,green,24,12-24,126.0,981.4,7.788888888888889,23524.92,19675.08,291,80.84164948453608,0.0498803562679287,0.0064040400343988,73.0,532.16,7.289863013698629,0.0270474122595689,0.0037102771627866,72.0,565.16,7.849444444444444,0.0287246608400067,0.0036594514482279,367,38827.84,105.79792915531334,1.9734527127716883,0.0186530372430505,13.0,31.44,2.4184615384615387,0.0015979604657261,0.0006607342892633,417.0,6682.48,16.02513189448441,0.3396418210243617,0.0211943229709866,44.0,237.84,5.405454545454545,0.0120883879506461,0.0022363314405837,32.0,332.4,10.3875,0.0168944675193188,0.001626422865879,43.0,439.2,10.213953488372091,0.0223226538341902,0.002185505726025,250,992.12,3.96848,0.0504252079279982,0.0127064286396802,41.0,97.96,2.3892682926829267,0.0049788869981723,0.0020838542969075,0.8,1.0,0.8,21.0,22.0,0.9545454545454546,4.0660571646976785e-05,5.082571455872098e-05,0.0010673400057331,0.0011181657202918,0.036697247706422,0.963302752293578,0.0434782608695652,0.9565217391304348,437.5567292841938,19427,0.0225231239658307,0.0043545416086578,2.086467342137746,0.021683187886543,0.9873911567322724,588414,413865.99999999994,22555,0.7033585196817206,0.038331854782517,173469.0,19365.0,27578.0,24661.0,6199.0,703.0,3434.0,5375.0,167270.0,18662.0,24144.0,19286.0,0.0357354916440401,0.96426450835596,0.0363026077975729,0.963697392202427,0.1245195445645079,0.875480455435492,0.2179554762580592,0.7820445237419407,0.0,Delta
3,active,6,red,24,12-24,159.0,852.2,5.359748427672956,27672.52,15527.48,309,89.55508090614887,0.0548833423066717,0.0102399101463985,187.0,1048.6,5.607486631016043,0.0675318854057451,0.0120431647633743,146.0,734.64,5.031780821917808,0.0473122489933975,0.0094026847885168,493,38856.8,78.81703853955376,2.5024537143180994,0.031750161648896,14.0,32.4,2.314285714285714,0.0020866231996434,0.0009016273084879,316.0,2440.12,7.7218987341772145,0.1571484877133958,0.0203510163915844,46.0,136.6,2.9695652173913043,0.0087973064528178,0.0029624897278888,52.0,329.44,6.335384615384616,0.0212165786077328,0.0033489014315265,45.0,279.56,6.212444444444444,0.0180042093114916,0.0028980877772825,285,1142.44,4.008561403508772,0.0735753644506384,0.0183545559227897,10.0,28.48,2.848,0.0018341675532668,0.0006440195060627,10.0,11.0,0.9090909090909092,11.0,12.0,0.9166666666666666,0.0006440195060627,0.000708421456669,0.000708421456669,0.0007728234072753,0.4761904761904761,0.5238095238095238,0.4782608695652174,0.5217391304347826,554.470654632175,15219,0.0364327915521502,0.0101378041948538,1.8758213461630011,0.0335091842051461,0.9801332862769748,692122,431756.99999999994,56206,0.6238163213999843,0.0812082262953641,64780.0,15322.0,44914.0,21464.0,3841.0,637.0,3018.0,2388.0,60939.0,14685.0,41896.0,19076.0,0.0592929916640938,0.940707008335906,0.0415742070225819,0.958425792977418,0.0671950839381929,0.932804916061807,0.1112560566530003,0.8887439433469996,2.25,Beta
3,active,6,yellow,24,12-24,184.0,1852.56,10.068260869565217,23504.24,19695.76,294,79.94639455782314,0.0940588228126256,0.009342112210953,86.0,702.76,8.171627906976743,0.0356807759639638,0.004366422011641,53.0,309.36,5.836981132075472,0.0157069338781544,0.0026909344955462,399,37680.48,94.43729323308273,1.913126480013973,0.0202581672400557,,,,,,304.0,4217.56,13.87355263157895,0.2141354281327555,0.0154347940876615,29.0,147.2,5.075862068965517,0.0074736897687624,0.0014723981202045,34.0,156.48,4.60235294117647,0.0079448571672278,0.0017262598650674,67.0,769.76,11.488955223880597,0.039082523345126,0.0034017473811622,283,1217.08,4.300636042402827,0.0617940104875364,0.0143685747592375,46.0,115.08,2.5017391304347827,0.0058428819197634,0.0023355280527382,40.2,39.0,1.0307692307692309,0.0,0.0,0.0,0.0020410484286973,0.0019801216099302,0.0,0.0,1.0,0.0,1.0,0.0,558.6642183703207,19432,0.0287497024686249,0.0060719257917408,2.019585669856713,0.0263829030905297,0.9866082852349948,587900,413582.33333333326,15178,0.7034909565118783,0.0258173158700459,109452.0,23257.0,25442.0,46498.0,5300.0,1217.0,2079.0,4519.0,104152.0,22040.0,23363.0,41979.0,0.0484230530278112,0.9515769469721888,0.0523283312551059,0.947671668744894,0.0817152739564499,0.91828472604355,0.0971869757839046,0.9028130242160952,3.0,Alpha
3,active,7,blue,24,12-24,153.0,938.88,6.136470588235294,24841.84,18358.16,343,72.42518950437318,0.0511423802821197,0.0083341685659129,118.0,854.76,7.243728813559322,0.0465602217215668,0.0064276594168478,174.0,1161.8,6.6770114942528735,0.0632852094109649,0.0094780740553519,446,38215.56,85.68511210762331,2.0816661364755507,0.024294373728086,2.0,4.08,2.04,0.000222244495091,0.0001089433799465,150.0,879.4,5.862666666666667,0.0479024041625086,0.008170753495993,243.0,1302.68,5.36082304526749,0.0709591810944016,0.0132366206635087,25.0,307.2,12.288,0.0167337031597937,0.0013617922493321,9.0,25.28,2.808888888888889,0.0013770443225246,0.0004902452097595,219,958.24,4.375525114155251,0.0521969522000026,0.0119293001041498,21.0,50.16,2.3885714285714283,0.00273229996906,0.001143905489439,26.0,24.0,1.0833333333333333,20.6,21.0,0.980952380952381,0.0014162639393054,0.0013073205593588,0.0011221168134497,0.001143905489439,0.5579399141630901,0.4420600858369098,0.5333333333333333,0.4666666666666667,628.5853493035038,17402,0.0361214428975694,0.0070355526108309,2.0877685275404336,0.0330641344654844,0.947916348915142,621389,432397.99999999994,64598,0.6958571844689879,0.1039574244153018,54945.0,8346.0,50706.0,23625.0,9205.0,1379.0,10452.0,4144.0,45740.0,6967.0,40254.0,19481.0,0.1675311675311675,0.8324688324688325,0.16522885214474,0.83477114785526,0.2061294521358419,0.7938705478641581,0.1754074074074074,0.8245925925925925,1.581983805668016,Beta
3,active,7,green,24,12-24,108.0,1735.72,16.07148148148148,21318.56,21881.44,321,66.41295950155764,0.0793238470594257,0.0049356897900686,111.0,1187.4,10.6972972972973,0.0542651671919215,0.0050727922842372,96.0,832.24,8.669166666666667,0.0380340599156179,0.0043872798133943,398,37738.68,94.8208040201005,1.7246890515432258,0.0181889308930308,,,,,,195.0,2953.6,15.146666666666668,0.1349819755920999,0.0089116621209573,195.0,2181.96,11.18953846153846,0.0997173860586871,0.0089116621209573,45.0,383.76,8.528,0.0175381510540439,0.0020565374125286,33.0,274.76,8.326060606060606,0.0125567604325857,0.0015081274358543,269,1099.04,4.085650557620817,0.0502270417303431,0.0122935236437821,34.0,87.56,2.5752941176470587,0.0040015647964667,0.0015538282672438,7.8,8.0,0.975,28.2,25.0,1.128,0.0003564664848382,0.0003656066511161,0.0012887634451845,0.0011425207847381,0.2166666666666666,0.7833333333333333,0.2424242424242424,0.7575757575757576,493.9681905991266,20986,0.0235379867816223,0.004568630321432,2.1217373642119632,0.0219815371068973,0.959077647540564,533285,418487.3333333333,26457,0.7847348665972853,0.0496113710304996,128779.0,16541.0,50698.0,43501.0,16653.0,1799.0,11914.0,4885.0,112126.0,14742.0,38784.0,38616.0,0.1293145621568734,0.8706854378431266,0.108760050782903,0.8912399492170969,0.2349994082606809,0.7650005917393191,0.1122962690512861,0.8877037309487138,0.0,Delta
3,active,7,red,24,12-24,196.0,1482.12,7.561836734693877,18903.84,24296.16,157,120.40662420382164,0.0610022324515478,0.0080671184252984,138.0,794.56,5.757681159420289,0.0327031102857406,0.0056799099116897,278.0,2056.52,7.397553956834532,0.0846438284897695,0.0114421373583315,586,35951.36,61.35044368600683,1.479713666686423,0.0241190377409434,,,,,,133.0,968.56,7.282406015037593,0.0398647358265668,0.0054741160743096,396.0,3606.16,9.106464646464646,0.1484251009212978,0.016298871920501,34.0,182.2,5.358823529411764,0.0074991274341295,0.0013993980941844,79.0,951.84,12.048607594936708,0.0391765612343679,0.003251542630605,337,2030.96,6.026587537091988,0.0835918103930827,0.0138705046394162,43.0,112.64,2.6195348837209305,0.004636123568498,0.0017698270014685,37.2,36.0,1.0333333333333334,1.6,2.0,0.8,0.0015311061501076,0.0014817156291364,6.585402796162028e-05,8.231753495202534e-05,0.958762886597938,0.0412371134020618,0.9473684210526316,0.0526315789473684,714.5294004335525,23523,0.030375776917636,0.0064553537081012,2.0395698621287663,0.028972339615464,0.968177687338246,472753,363423.0,30287,0.7687375860121459,0.06406516722263,114897.0,28464.0,71693.0,37249.0,18848.0,1382.0,12289.0,4682.0,96049.0,27082.0,59404.0,32567.0,0.1640425772648546,0.8359574227351454,0.0485525576166385,0.9514474423833614,0.1714114348681182,0.8285885651318817,0.1256946495207925,0.8743053504792075,3.0,Alpha
3,active,7,yellow,24,12-24,116.0,646.44,5.572758620689656,28199.24,15000.759999999998,369,76.42070460704608,0.0430938165799599,0.0077329415309624,125.0,565.36,4.52288,0.0376887571029734,0.0083329111325026,124.0,841.44,6.7858064516129035,0.056093157946664,0.0082662478434426,390,39698.12,101.7900512820513,2.6464072486993997,0.0259986827334081,7.0,13.92,1.9885714285714289,0.0009279529837154,0.0004666430234201,136.0,1163.96,8.558529411764706,0.077593401934302,0.0090662073121628,211.0,1262.8,5.984834123222749,0.0841824014249944,0.0140659539916644,36.0,277.12,7.697777777777778,0.018473730664313,0.0023998784061607,58.0,350.96,6.05103448275862,0.0233961479285049,0.0038664707654812,116,754.08,6.5006896551724145,0.0502694530143806,0.0077329415309624,12.0,30.6,2.5500000000000003,0.0020398966452366,0.0007999594687202,5.4,6.0,0.9,26.0,26.0,1.0,0.0003599817609241,0.0003999797343601,0.0017332455155605,0.0017332455155605,0.1719745222929936,0.8280254777070064,0.1875,0.8125,578.8109369990077,14056,0.0411789226664063,0.0092807022117219,2.0599809340464064,0.0382834131666994,0.9370191910276549,705350,465067.0,81246,0.6593421705536259,0.1151853689657616,61016.0,15796.0,35419.0,16277.0,11845.0,1936.0,10873.0,5033.0,49171.0,13860.0,24546.0,11244.0,0.1941294086796905,0.8058705913203095,0.1225626740947075,0.8774373259052924,0.3069821282362573,0.6930178717637426,0.309209313755606,0.6907906862443939,0.9807692307692306,Gamma
3,active,8,blue,24,12-24,61.0,557.44,9.138360655737706,17844.92,25355.08,734,24.311880108991826,0.0219853378494566,0.0024058295221312,28.0,115.4,4.121428571428572,0.0045513561779335,0.0011043151904864,29.0,142.32,4.907586206896552,0.0056130763539298,0.0011437550187181,117,41876.76,357.92102564102566,1.651612221298454,0.0046144599031042,3.0,5.4,1.8,0.0002129750724509,0.0001183194846949,2.0,2.96,1.48,0.0001167418915657,7.887965646332016e-05,314.0,2871.0,9.143312101910828,0.1132317468530961,0.0123841060647412,2.0,2.4,1.2,9.46555877559842e-05,7.887965646332016e-05,215.0,1917.24,8.917395348837209,0.0756156162788679,0.0084795630698069,326,1613.24,4.948588957055215,0.0636259084964433,0.0128573840035211,34.0,93.32,2.744705882352941,0.0036805247705785,0.0013409541598764,3.8,4.0,0.95,11.0,10.0,1.1,0.0001498713472803,0.0001577593129266,0.0004338381105482,0.0003943982823166,0.2567567567567567,0.7432432432432432,0.2857142857142857,0.7142857142857143,308.2195686542303,24646,0.0125058658059819,0.0023496940245596,2.095474233843246,0.01164234950956,0.9720340065974944,446857,131529.66666666666,121127,0.294343977305193,0.2710643449694197,72165.0,48208.0,6500.0,13997.0,1486.0,10403.0,1971.0,6264.0,70679.0,37805.0,4529.0,7733.0,0.0205916995773574,0.9794083004226426,0.2157940590773315,0.7842059409226685,0.3032307692307692,0.6967692307692308,0.4475244695291848,0.5524755304708152,2.25,Beta
3,active,8,green,24,12-24,296.0,1996.6,6.74527027027027,3095.08,40104.92,228,13.574912280701756,0.0497844154782006,0.0073806405797592,165.0,1162.92,7.048,0.0289969410236948,0.0041142084312847,95.0,548.52,5.773894736842105,0.0136771249013836,0.0023687866725578,407,38328.32,94.1727764127764,0.9557011957635124,0.010148380797169,15.0,30.2,2.013333333333333,0.0007530248159078,0.0003740189482986,12.0,18.56,1.5466666666666666,0.0004627861120281,0.0002992151586388,227.0,2077.36,9.15136563876652,0.0517981334958404,0.0056601534175856,11.0,18.36,1.669090909090909,0.0004577991927175,0.0002742805620856,324.0,2607.04,8.04641975308642,0.065005490598161,0.00807880928325,497,2085.36,4.195895372233401,0.0519976102682663,0.0123924944869607,160.0,468.0,2.925,0.0116693911869167,0.0039895354485185,0.0,0.0,0.0,33.8,36.0,0.9388888888888888,0.0,0.0,0.0008427893634995,0.0008976454759166,0.0,1.0,0.0,1.0,723.3849101715734,39888,0.018135401879552,0.0043779412252146,2.209826281720942,0.0174745968568979,0.9945911873156712,77605,18631.999999999996,29394,0.2400876232201532,0.3787642548804845,52637.0,65970.0,43046.0,50211.0,852.0,16523.0,4317.0,6958.0,51785.0,49447.0,38729.0,43253.0,0.0161863328077208,0.9838136671922793,0.2504623313627406,0.7495376686372593,0.100288063931608,0.899711936068392,0.1385752126028161,0.8614247873971839,0.0,Delta
3,active,8,red,24,12-24,146.0,1729.92,11.848767123287672,27642.6,15557.4,151,183.0635761589404,0.1111959581935284,0.0093846015401031,62.0,419.8,6.770967741935484,0.0269839433324334,0.0039852417499067,34.0,221.36,6.510588235294118,0.014228598609022,0.0021854551531746,323,39324.72,121.74835913312694,2.5277179991515295,0.0207618239551596,,,,,,17.0,59.88,3.5223529411764707,0.003848972193297,0.0010927275765873,243.0,4433.6,18.245267489711935,0.2849833519739803,0.015619576535925,31.0,350.28,11.299354838709675,0.0225153303251185,0.0019926208749533,43.0,225.8,5.251162790697674,0.0145139933407895,0.0027639579878385,254,1164.92,4.586299212598425,0.0748788357951843,0.0163266355560697,51.0,131.64,2.581176470588235,0.0084615681283504,0.003278182729762,51.2,53.0,0.9660377358490566,0.0,0.0,0.0,0.0032910383483101,0.0034067389152429,0.0,0.0,1.0,0.0,1.0,0.0,480.6890598620474,15402,0.031209522131025,0.00624048620443,2.0142497930559884,0.0274241638458583,0.9900111843881368,691216,159971.3333333333,284084,0.2314346504324745,0.4109916437119511,112597.0,14476.0,16125.0,43394.0,889.0,3128.0,22.0,631.0,111708.0,11348.0,16103.0,42763.0,0.0078954146202829,0.992104585379717,0.2160817905498756,0.7839182094501244,0.0013643410852713,0.9986356589147288,0.0145411808084066,0.9854588191915932,3.0,Alpha
3,active,8,yellow,24,12-24,61.0,733.32,12.021639344262296,13317.72,29882.28,1181,11.276646909398814,0.0245402961219826,0.0020413435654842,43.0,394.44,9.173023255813954,0.013199795999502,0.0014389798904233,39.0,328.12,8.413333333333334,0.0109804205033886,0.0013051212959653,137,41599.76,303.64788321167885,1.392121350847392,0.004584656860186,4.0,15.6,3.9,0.0005220485183861,0.0001338585944579,4.0,12.36,3.09,0.0004136230568751,0.0001338585944579,266.0,2713.24,10.200150375939849,0.0907976232067968,0.0089015965314561,3.0,13.76,4.586666666666667,0.0004604735649354,0.0001003939458434,345.0,3400.96,9.857855072463767,0.1138119313519584,0.0115453037720013,197,878.0,4.456852791878172,0.029381961483528,0.0065925357770558,59.0,157.8,2.674576271186441,0.0052807215513675,0.0019744142682553,0.8,1.0,0.8,11.0,12.0,0.9166666666666666,2.6771718891597294e-05,3.346464861449662e-05,0.0003681111347594,0.0004015757833739,0.0677966101694915,0.9322033898305084,0.0769230769230769,0.9230769230769232,334.1165580648106,28818,0.0115940231128048,0.0029127204380496,2.1852161560576997,0.0111588431266042,0.9643842437725636,334124,109879.66666666666,74639,0.3288589465787153,0.22338712573775,68410.0,85716.0,18146.0,18394.0,1237.0,21622.0,3179.0,4862.0,67173.0,64094.0,14967.0,13532.0,0.0180821517322028,0.9819178482677972,0.252251621634234,0.747748378365766,0.1751901245453543,0.8248098754546457,0.2643253234750462,0.7356746765249538,0.75,Gamma
3,inactive,1,blue,12,0-12,71.0,668.16,9.410704225352111,7577.36,35622.64,121,62.62280991735537,0.0187566109642631,0.0019931144912336,20.0,67.28,3.364,0.001888686520707,0.0005614407017559,27.0,85.12,3.1525925925925926,0.0023894916266733,0.0007579449473705,172,13220.12,76.86116279069768,0.3711156725049014,0.0048283900351012,,,,,,65.0,859.4,13.22153846153846,0.0241251069544536,0.0018246822807068,35.0,369.28,10.550857142857142,0.010366441117222,0.0009825212280729,26.0,155.56,5.983076923076923,0.0043668857782578,0.0007298729122827,10.0,21.84,2.184,0.0006130932463175,0.0002807203508779,132,590.32,4.472121212121213,0.0165714837530289,0.0037055086315893,23.0,57.4,2.4956521739130433,0.0016113348140396,0.0006456568070193,6.8,7.0,0.9714285714285714,0.0,0.0,0.0,0.000190889838597,0.0001965042456145,0.0,0.0,1.0,0.0,1.0,0.0,232.49679852828947,7849,0.0296211999653827,0.00496808345693,1.958011049996288,0.026403541298108,0.2203374034041272,189555,159089.0,368,0.8392761995199283,0.001941389042758,30817.0,4471.0,3857.0,16775.0,5051.0,0.0,80.0,55.0,25766.0,4471.0,3777.0,16720.0,0.1639030405295778,0.8360969594704222,0.0,1.0,0.0207415089447757,0.9792584910552242,0.0032786885245901,0.99672131147541,3.0,Alpha
3,inactive,1,green,12,0-12,26.0,220.92,8.496923076923077,12939.92,30260.08,169,76.56757396449704,0.0073007077311097,0.0008592178209707,5.0,52.96,10.592,0.0017501606076388,0.0001652341963405,7.0,38.88,5.554285714285714,0.0012848611107439,0.0002313278748767,47,14998.64,319.12,0.4956576453201709,0.0015532014456009,,,,,,36.0,614.08,17.05777777777778,0.0202934030577579,0.0011896862136517,2.0,5.0,2.5,0.0001652341963405,6.609367853621008e-05,1.0,1.36,1.36,4.494370140462286e-05,3.304683926810504e-05,3.0,14.28,4.76,0.0004719088647485,9.914051780431512e-05,26,84.28,3.2415384615384615,0.0027851876135158,0.0008592178209707,5.0,11.76,2.352,0.0003886308297929,0.0001652341963405,0.0,0.0,0.0,3.0,3.0,1.0,0.0,0.0,9.914051780431512e-05,9.914051780431512e-05,0.0,1.0,0.0,1.0,98.0461482257913,2454,0.0399536056339817,0.0075705376949655,2.097071561734755,0.0373158070778035,0.0810969435639297,323667,241093.99999999997,4691,0.7448828579991162,0.0144932909440875,15515.0,395.0,2308.0,5549.0,4130.0,0.0,137.0,936.0,11385.0,395.0,2171.0,4613.0,0.2661940058008379,0.7338059941991621,0.0,1.0,0.0593587521663778,0.940641247833622,0.168679041268697,0.831320958731303,0.75,Delta
3,inactive,1,red,12,0-12,8.0,219.16,27.395,12601.04,30598.96,69,182.62376811594203,0.0071623349290302,0.0002614467942701,4.0,17.12,4.28,0.000559496139738,0.000130723397135,5.0,54.4,10.88,0.0017778382010368,0.0001634042464188,47,14955.12,318.1940425531915,0.4887460227406422,0.001535999916337,,,,,,6.0,196.52,32.75333333333334,0.0064224405012457,0.0001960850957025,18.0,546.84,30.380000000000003,0.0178711956223348,0.0005882552871077,5.0,75.88,15.175999999999998,0.0024798228436522,0.0001634042464188,4.0,31.6,7.9,0.001032714837367,0.000130723397135,51,211.28,4.1427450980392155,0.0069048098366741,0.001666723313472,13.0,33.36,2.566153846153846,0.0010902331321064,0.0004248510406889,0.0,0.0,0.0,1.6,2.0,0.8,0.0,0.0,5.228935885402642e-05,6.536169856753302e-05,0.0,1.0,0.0,1.0,59.83287224966121,2865,0.0208840740836513,0.0038539590572489,2.0368457516718768,0.0183954793924419,0.093630633197991,315095,234426.0,7491,0.7439851473365175,0.0237737825100366,18608.0,2696.0,1797.0,5487.0,6329.0,0.0,32.0,16.0,12279.0,2696.0,1765.0,5471.0,0.3401225279449699,0.6598774720550301,0.0,1.0,0.0178074568725653,0.9821925431274346,0.0029159832330964,0.9970840167669036,0.75,Beta
3,inactive,1,yellow,12,0-12,22.0,126.0,5.7272727272727275,13747.08,29452.92,115,119.53982608695652,0.0042780138607649,0.0007469548010859,4.0,19.72,4.93,0.0006695431217006,0.0001358099638338,1.0,1.24,1.24,4.2101088788480056e-05,3.395249095845166e-05,36,15365.0,426.80555555555554,0.5216800235766097,0.0012222896745042,,,,,,39.0,282.68,7.248205128205129,0.0095976901441351,0.0013241471473796,3.0,19.0,6.333333333333333,0.0006450973282105,0.0001018574728753,11.0,47.44,4.3127272727272725,0.0016107061710689,0.0003734774005429,2.0,5.64,2.82,0.0001914920490056,6.790498191690332e-05,12,33.68,2.806666666666666,0.0011435198954806,0.0004074298915014,1.0,2.08,2.08,7.062118119357945e-05,3.395249095845166e-05,0.0,0.0,0.0,2.2,2.0,1.1,0.0,0.0,7.469548010859366e-05,6.790498191690332e-05,0.0,1.0,0.0,1.0,75.09282587807856,1690,0.0444336247799281,0.0124893606170634,2.1142599952590806,0.0385103878663697,0.0573797097197833,343792,254467.66666666663,3850,0.7401791393245527,0.0111986317308139,7584.0,1340.0,529.0,3172.0,1520.0,0.0,91.0,897.0,6064.0,1340.0,438.0,2275.0,0.20042194092827,0.79957805907173,0.0,1.0,0.1720226843100189,0.8279773156899811,0.2827868852459016,0.7172131147540983,0.75,Gamma
3,inactive,2,blue,12,0-12,20.0,435.72,21.786,9282.2,33917.8,80,116.0275,0.0128463520629286,0.0005896608860244,8.0,43.4,5.425,0.001279564122673,0.0002358643544097,1.0,4.52,4.52,0.0001332633602415,2.9483044301222364e-05,65,13100.04,201.53907692307695,0.386229059667785,0.0019163978795794,,,,,,6.0,21.36,3.56,0.0006297578262741,0.0001768982658073,82.0,505.52,6.164878048780488,0.0149042685551539,0.0024176096327002,7.0,46.84,6.691428571428572,0.0013809857950692,0.0002063813101085,8.0,85.52,10.69,0.0025213899486405,0.0002358643544097,66,288.92,4.377575757575758,0.0085182411595091,0.0019458809238806,17.0,47.16,2.7741176470588234,0.0013904203692456,0.0005012117531207,4.4,5.0,0.8800000000000001,8.4,8.0,1.05,0.0001297253949253,0.0001474152215061,0.0002476575721302,0.0002358643544097,0.34375,0.65625,0.3846153846153846,0.6153846153846154,87.58089972531067,4890,0.0179102044428038,0.0038079995334765,2.074879973270943,0.0162270630989963,0.1441720866329773,232135,221458.33333333337,916,0.954006648430152,0.0039459797100824,13260.0,3324.0,1207.0,10913.0,1289.0,233.0,0.0,582.0,11971.0,3091.0,1207.0,10331.0,0.097209653092006,0.902790346907994,0.0700962695547533,0.9299037304452468,0.0,1.0,0.053330889764501,0.9466691102354988,1.326923076923077,Delta
3,inactive,2,green,12,0-12,25.0,154.12,6.1648000000000005,10587.64,32612.36,120,88.23033333333333,0.0047258156110137,0.0007665805234579,2.0,9.36,4.68,0.0002870077479826,6.132644187663819e-05,5.0,16.24,3.248,0.0004979707080383,0.0001533161046915,64,13583.56,212.243125,0.4165157014089136,0.0019624461400524,,,,,,19.0,553.6,29.13684210526316,0.0169751591114534,0.000582601197828,40.0,365.04,9.126,0.011193302171324,0.0012265288375327,12.0,93.88,7.823333333333333,0.0028786631816893,0.0003679586512598,6.0,90.2,15.033333333333331,0.0027658225286363,0.0001839793256299,60,242.0,4.033333333333333,0.0074204994670732,0.0018397932562991,6.0,16.96,2.8266666666666667,0.0005200482271138,0.0001839793256299,8.4,8.0,1.05,4.4,5.0,0.8800000000000001,0.0002575710558818,0.0002453057675065,0.0001349181721286,0.0001533161046915,0.65625,0.34375,0.6153846153846154,0.3846153846153846,99.59206342723104,3557,0.0279988932885102,0.0040552877743285,2.009013900088371,0.025559439406869,0.109069076877601,264811,242821.3333333333,1391,0.9169609016745276,0.0052528029424759,23025.0,4620.0,647.0,3878.0,166.0,403.0,0.0,423.0,22859.0,4217.0,647.0,3455.0,0.0072095548317046,0.9927904451682952,0.0872294372294372,0.9127705627705628,0.0,1.0,0.1090768437338834,0.8909231562661165,1.673076923076923,Alpha
3,inactive,2,red,12,0-12,6.0,13.6,2.2666666666666666,13815.16,29384.84,25,552.6064,0.0004628236873163,0.0002041869208748,1.0,3.6,3.6,0.0001225121525249,3.403115347914094e-05,2.0,10.8,5.4,0.0003675364575747,6.806230695828189e-05,16,14187.88,886.7425,0.4828299218236342,0.0005444984556662,,,,,,7.0,82.08,11.725714285714286,0.0027932770775678,0.0002382180743539,2.0,6.12,3.06,0.0002082706592923,6.806230695828189e-05,1.0,1.24,1.24,4.2198630314134774e-05,3.403115347914094e-05,,,,,,8,32.84,4.105,0.0011175830802549,0.0002722492278331,,,,,,,,,,,,,,,,,,,,13.511765758450045,410,0.032955526240122,0.0080072534714593,1.9462443723987524,0.0306437679512818,0.0139527729264477,345404,273446.0,11233,0.7916700443538581,0.0325213373325149,2214.0,32.0,363.0,346.0,1093.0,0.0,0.0,26.0,1121.0,32.0,363.0,320.0,0.493676603432701,0.506323396567299,0.0,1.0,0.0,1.0,0.0751445086705202,0.9248554913294798,1.5,Beta
3,inactive,2,yellow,12,0-12,5.0,23.36,4.672,13528.84,29671.16,119,113.68773109243698,0.0007872964858805,0.0001685138026285,1.0,1.32,1.32,4.4487643893936064e-05,3.370276052570914e-05,,,,,,17,14179.32,834.0776470588235,0.4778822263773981,0.000572946928937,,,,,,2.0,8.72,4.36,0.0002938880717841,6.740552105141828e-05,1.0,2.04,2.04,6.875363147244665e-05,3.370276052570914e-05,2.0,15.8,7.9,0.0005325036163062,6.740552105141828e-05,1.0,2.76,2.76,9.301961905095722e-05,3.370276052570914e-05,8,29.84,3.73,0.0010056903740871,0.0002696220842056,,,,,,,,,,,,,,,,,,,,26.231353863676212,611,0.0429318393840854,0.0122451115760133,1.883490834367661,0.0363096494271952,0.0205923866812082,338340,273615.6666666666,3858,0.8087003211759373,0.0114027309806703,272.0,467.0,34.0,589.0,30.0,170.0,0.0,319.0,242.0,297.0,34.0,270.0,0.1102941176470588,0.8897058823529411,0.3640256959314775,0.6359743040685225,0.0,1.0,0.5415959252971138,0.4584040747028862,1.5,Gamma
3,inactive,3,blue,12,0-12,66.0,481.32,7.292727272727273,3295.88,39904.12,80,41.1985,0.0120619124040324,0.0016539645530336,36.0,139.52,3.875555555555555,0.0034963808248371,0.0009021624834728,30.0,89.56,2.9853333333333336,0.0022443797783286,0.0007518020695607,161,9705.64,60.283478260869565,0.243224007947049,0.0040346711066426,5.0,8.52,1.704,0.0002135117877552,0.0001253003449267,95.0,1844.56,19.416421052631577,0.0462248008476317,0.002380706553609,28.0,259.68,9.274285714285714,0.0065075987141177,0.00070168193159,9.0,47.0,5.222222222222222,0.0011778232423118,0.0002255406208682,31.0,142.2,4.587096774193548,0.0035635418097178,0.000776862138546,139,615.04,4.424748201438849,0.0154129448287545,0.0034833495889647,37.0,94.6,2.5567567567567564,0.0023706825260148,0.0009272225524582,6.2,6.0,1.0333333333333334,0.0,0.0,0.0,0.0001553724277092,0.0001503604139121,0.0,0.0,1.0,0.0,1.0,0.0,268.84655487757834,8364,0.0321432992440911,0.0056712835467128,2.0301697299232297,0.0284837239981773,0.2096024169935335,82477,67653.0,244,0.8202650435879093,0.0029584005237823,52729.0,4770.0,5793.0,12099.0,514.0,0.0,0.0,0.0,52215.0,4770.0,5793.0,12099.0,0.0097479565324584,0.9902520434675416,0.0,1.0,0.0,1.0,0.0,1.0,3.0,Alpha
3,inactive,3,green,12,0-12,9.0,67.52,7.502222222222222,10407.88,32792.12,169,61.58508875739645,0.0020590312550698,0.0002744561803262,5.0,36.76,7.351999999999999,0.0011210010209769,0.0001524756557368,9.0,56.28,6.253333333333334,0.0017162659809734,0.0002744561803262,29,11467.32,395.4248275862069,0.3496974273087558,0.0008843588032734,,,,,,32.0,134.76,4.21125,0.0041095238734183,0.0009758441967155,2.0,6.72,3.36,0.0002049272813102,6.099026229472202e-05,2.0,25.04,12.52,0.0007635980839299,6.099026229472202e-05,3.0,10.16,3.3866666666666667,0.0003098305324571,9.148539344208304e-05,9,45.36,5.04,0.0013832591488442,0.0002744561803262,1.0,2.04,2.04,6.221006754061647e-05,3.049513114736101e-05,0.0,0.0,0.0,2.0,2.0,1.0,0.0,0.0,6.099026229472202e-05,6.099026229472202e-05,0.0,1.0,0.0,1.0,47.16910664487273,1190,0.0396379047435905,0.0140849971359856,1.8805819890936688,0.0356573325037443,0.0362892060653596,260366,186141.66666666663,340,0.7149230954374481,0.0013058540669672,3571.0,885.0,2340.0,1697.0,322.0,0.0,0.0,0.0,3249.0,885.0,2340.0,1697.0,0.0901708204984598,0.9098291795015402,0.0,1.0,0.0,1.0,0.0,1.0,0.75,Delta
3,inactive,3,red,12,0-12,2.0,10.6,5.3,11378.44,31821.56,26,437.63230769230773,0.0003331074906447,6.285046993296369e-05,2.0,16.6,8.3,0.0005216589004435,6.285046993296369e-05,2.0,8.24,4.12,0.0002589439361238,6.285046993296369e-05,9,11704.16,1300.4622222222222,0.3678059780852981,0.0002828271146983,,,,,,9.0,75.2,8.355555555555556,0.0023631776694794,0.0002828271146983,3.0,29.48,9.826666666666666,0.0009264159268118,9.427570489944552e-05,2.0,24.92,12.46,0.0007831168553647,6.285046993296369e-05,2.0,14.44,7.22,0.0004537803929159,6.285046993296369e-05,7,34.6,4.942857142857143,0.0010873131298402,0.0002199766447653,2.0,4.28,2.14,0.0001345000056565,6.285046993296369e-05,0.0,0.0,0.0,0.8,1.0,0.8,0.0,0.0,2.5140187973185475e-05,3.1425234966481843e-05,0.0,1.0,0.0,1.0,13.368511266214744,334,0.0400254828329782,0.0069655160414474,1.811801261244064,0.0363018365285653,0.0104960284788049,284487,195124.33333333328,3713,0.6858813700918962,0.0130515629888184,2629.0,988.0,625.0,267.0,212.0,0.0,0.0,0.0,2417.0,988.0,625.0,267.0,0.0806390262457208,0.9193609737542792,0.0,1.0,0.0,1.0,0.0,1.0,0.75,Beta
3,inactive,3,yellow,12,0-12,,,,10421.88,32778.12,70,148.884,,,,,,,,,,,,,13,11702.6,900.2,0.3570247469958618,0.0003966060286557,,,,,,39.0,330.8,8.482051282051282,0.010092098021485,0.0011898180859671,,,,,,2.0,29.96,14.98,0.0009140243552711,6.101631210087704e-05,1.0,2.2,2.2,6.711794331096476e-05,3.050815605043852e-05,13,43.44,3.3415384615384616,0.001325274298831,0.0003966060286557,,,,,,0.0,0.0,0.0,3.4,3.0,1.1333333333333333,0.0,0.0,0.0001037277305714,9.152446815131556e-05,0.0,1.0,0.0,1.0,27.710714991821774,1262,0.021957777331079,0.0037925922184947,2.139572316063139,0.0195128593210537,0.0385012929356534,260617,183659.66666666663,264,0.7047109999219798,0.0010129807341808,8309.0,807.0,0.0,0.0,20.0,0.0,0.0,0.0,8289.0,807.0,0.0,0.0,0.002407028523288,0.997592971476712,0.0,1.0,0.0,0.0,0.0,0.0,0.75,Gamma
3,inactive,4,blue,12,0-12,5.0,126.32,25.264,12336.04,30863.96,98,125.87795918367348,0.0040927994981849,0.0001620012467615,2.0,5.56,2.78,0.0001801453863988,6.480049870463803e-05,1.0,1.72,1.72,5.572842888598871e-05,3.2400249352319013e-05,27,14430.12,534.448888888889,0.4675394861838857,0.0008748067325126,,,,,,,,,,,26.0,754.48,29.01846153846154,0.0244453401313376,0.0008424064831602,10.0,93.28,9.328,0.0030222952595843,0.0003240024935231,5.0,68.24,13.648,0.0022109930158022,0.0001620012467615,31,109.32,3.5264516129032257,0.0035419952591955,0.0010044077299218,10.0,24.56,2.456,0.0007957501240929,0.0003240024935231,16.0,12.0,1.3333333333333333,0.0,0.0,0.0,0.0005184039896371,0.0003888029922278,0.0,0.0,1.0,0.0,1.0,0.0,58.925068745865346,2230,0.0264237976438858,0.0030731837843001,2.1339199426388338,0.0237795764496453,0.0722525560556714,308499,261956.3333333333,19252,0.849131871848315,0.0624053886722485,18888.0,4053.0,185.0,3163.0,88.0,30.0,47.0,295.0,18800.0,4023.0,138.0,2868.0,0.0046590427784836,0.9953409572215164,0.00740192450037,0.99259807549963,0.254054054054054,0.745945945945946,0.0932658868163136,0.9067341131836864,3.0,Alpha
3,inactive,4,green,12,0-12,35.0,551.84,15.766857142857145,10437.04,32762.96,102,102.32392156862744,0.0168434109738558,0.0010682795449495,9.0,35.24,3.915555555555556,0.0010756048904006,0.0002747004544155,9.0,34.2,3.8,0.0010438617267792,0.0002747004544155,94,13589.12,144.56510638297874,0.4147708265675629,0.0028690936350073,1.0,2.28,2.28,6.959078178528435e-05,3.052227271284402e-05,3.0,5.08,1.6933333333333334,0.0001550531453812,9.156681813853206e-05,62.0,873.8,14.093548387096773,0.0266703618964831,0.0018923809081963,6.0,91.72,15.286666666666669,0.002799502853222,0.000183133636277,6.0,41.56,6.926666666666667,0.0012685056539457,0.000183133636277,66,251.24,3.806666666666666,0.0076684157963749,0.0020144699990477,12.0,31.04,2.5866666666666664,0.0009474113450066,0.0003662672725541,4.4,3.0,1.4666666666666668,13.0,9.0,1.4444444444444444,0.0001342979999365,9.156681813853206e-05,0.0003967895452669,0.0002747004544155,0.2528735632183908,0.7471264367816093,0.25,0.75,178.47728813484846,4135,0.0431625847968194,0.0075606274196497,2.1345502523791433,0.041534249791265,0.12620959766761,261028,245654.3333333333,777,0.9411033809910558,0.0029766921556308,22037.0,3344.0,1754.0,13831.0,246.0,391.0,402.0,3264.0,21791.0,2953.0,1352.0,10567.0,0.0111630439715024,0.9888369560284976,0.1169258373205741,0.8830741626794258,0.2291904218928164,0.7708095781071835,0.2359916130431639,0.764008386956836,1.5,Beta
3,inactive,4,red,12,0-12,42.0,295.64,7.0390476190476186,12197.16,31002.84,37,329.652972972973,0.0095359005820111,0.0013547146003398,12.0,39.68,3.306666666666666,0.0012798827462258,0.0003870613143828,6.0,27.72,4.62,0.0008941116362242,0.0001935306571914,67,13948.2,208.1820895522388,0.4499007187728608,0.0021610923386373,1.0,2.24,2.24,7.225144535145813e-05,3.2255109531900946e-05,,,,,,35.0,723.96,20.68457142857143,0.023351409096715,0.0011289288336165,7.0,44.76,6.394285714285714,0.0014437387026478,0.0002257857667233,5.0,43.96,8.792,0.0014179346150223,0.0001612755476595,46,197.08,4.2843478260869565,0.006356836986547,0.0014837350384674,4.0,9.96,2.49,0.0003212608909377,0.0001290204381276,0.0,0.0,0.0,6.0,5.0,1.2,0.0,0.0,0.0001935306571914,0.0001612755476595,0.0,1.0,0.0,1.0,82.4563350298371,2429,0.0339466179620572,0.0066514922822071,2.021201792544974,0.0285056000741922,0.0783476610529874,304966,269803.0,5038,0.8846986221414846,0.0165198743466484,18134.0,2230.0,1703.0,7433.0,89.0,0.0,112.0,2086.0,18045.0,2230.0,1591.0,5347.0,0.0049079077975074,0.9950920922024924,0.0,1.0,0.0657662947739283,0.9342337052260716,0.2806403874613211,0.7193596125386789,0.0,Delta
3,inactive,4,yellow,12,0-12,17.0,147.2,8.658823529411764,12735.0,30465.0,84,151.60714285714286,0.0048317741670769,0.0005580173970129,18.0,61.12,3.395555555555555,0.0020062366650254,0.0005908419497784,7.0,21.48,3.0685714285714285,0.0007050713934022,0.0002297718693582,37,14498.24,391.8443243243243,0.475898243886427,0.0012145084523223,2.0,2.92,1.46,9.584769407516822e-05,6.564910553093715e-05,1.0,15.56,15.56,0.0005107500410306,3.282455276546857e-05,48.0,217.24,4.525833333333334,0.0071308058427703,0.0015755785327424,4.0,20.8,5.2,0.0006827506975217,0.0001312982110618,7.0,92.68,13.24,0.0030421795503036,0.0002297718693582,23,79.16,3.441739130434782,0.0025983915969144,0.0007549647136057,1.0,2.28,2.28,7.483998030526834e-05,3.282455276546857e-05,0.0,0.0,0.0,1.4,1.0,1.4,0.0,0.0,4.595437387165599e-05,3.282455276546857e-05,0.0,1.0,0.0,1.0,84.51609184595297,1864,0.0453412509903181,0.0110950510282721,2.136099327889091,0.0430957533678616,0.0611849663548334,318459,277279.0,4256,0.8706897905224849,0.0133643577352186,5869.0,2848.0,2090.0,3697.0,157.0,421.0,328.0,1734.0,5712.0,2427.0,1762.0,1963.0,0.0267507241438064,0.9732492758561936,0.1478230337078651,0.8521769662921348,0.1569377990430622,0.8430622009569378,0.4690289423857181,0.5309710576142819,0.75,Gamma
3,inactive,5,blue,12,0-12,12.0,588.76,49.06333333333333,12886.68,30313.32,78,165.21384615384616,0.019422484901027,0.0003958655798836,2.0,7.28,3.64,0.0002401584517961,6.597759664728245e-05,2.0,9.64,4.82,0.0003180120158399,6.597759664728245e-05,45,14269.36,317.0968888888889,0.4707290392474331,0.0014844959245638,,,,,,16.0,318.16,19.885,0.0104957160746496,0.0005278207731782,7.0,464.16,66.30857142857143,0.0153120806299013,0.0002309215882654,4.0,9.36,2.34,0.0003087751523092,0.0001319551932945,1.0,31.32,31.32,0.0010332091634964,3.2988798323641226e-05,44,191.84,4.36,0.0063285710704073,0.0014515071262402,5.0,15.72,3.144,0.0005185839096476,0.0001649439916182,2.8,3.0,0.9333333333333332,0.0,0.0,0.0,9.236863530619542e-05,9.896639497092368e-05,0.0,0.0,1.0,0.0,1.0,0.0,44.37489521361008,2149,0.020649090373946,0.0033187442876938,2.2126580797856925,0.0171102225287588,0.070892927597505,322245,248344.66666666663,6285,0.7706703491649727,0.019503793697342,19581.0,1022.0,427.0,14731.0,9567.0,0.0,27.0,1232.0,10014.0,1022.0,400.0,13499.0,0.4885858740615903,0.5114141259384097,0.0,1.0,0.063231850117096,0.936768149882904,0.083633154571991,0.916366845428009,2.25,Alpha
3,inactive,5,green,12,0-12,38.0,168.36,4.430526315789474,10692.28,32507.72,362,29.53668508287293,0.0051790774622151,0.0011689530979102,8.0,41.48,5.185,0.0012760045921399,0.0002460953890337,11.0,56.84,5.167272727272728,0.0017485077390847,0.0003383811599213,59,14760.6,250.17966101694915,0.454064449921434,0.0018149534941238,4.0,8.56,2.14,0.0002633220662661,0.0001230476945168,23.0,99.8,4.339130434782609,0.0030700399781959,0.000707524243472,106.0,961.16,9.06754716981132,0.029567130515459,0.003260763904697,5.0,46.92,9.384,0.0014433494566829,0.000153809618146,8.0,117.72,14.715,0.0036212936496315,0.0002460953890337,26,78.92,3.0353846153846153,0.0024277310128178,0.0007998100143596,1.0,1.96,1.96,6.0293370313267125e-05,3.076192362921792e-05,0.0,0.0,0.0,0.8,1.0,0.8,0.0,0.0,2.4609538903374336e-05,3.076192362921792e-05,0.0,1.0,0.0,1.0,173.84916925626726,4071,0.0427042911462213,0.007053985453568,2.150703462092999,0.0409427322067888,0.1252317910945461,267669,229429.0,4951,0.8571369863525473,0.0184967254332776,26653.0,4129.0,2477.0,4247.0,3077.0,1933.0,1781.0,3073.0,23576.0,2196.0,696.0,1174.0,0.1154466664165384,0.8845533335834616,0.4681520949382417,0.5318479050617583,0.7190149374243036,0.2809850625756964,0.7235695785260183,0.2764304214739816,1.5,Delta
3,inactive,5,red,12,0-12,6.0,39.2,6.533333333333334,13555.04,29644.96,91,148.95648351648353,0.0013223158337875,0.0002023952806817,,,,,,,,,,,44,14763.48,335.53363636363633,0.4980097797399625,0.001484232058333,,,,,,11.0,119.48,10.86181818181818,0.0040303646893097,0.0003710580145832,,,,,,7.0,35.48,5.0685714285714285,0.0011968307597648,0.000236127827462,1.0,23.32,23.32,0.0007866429909164,3.3732546780295874e-05,24,73.52,3.063333333333333,0.0024800168392873,0.0008095811227271,3.0,7.84,2.6133333333333333,0.0002644631667575,0.0001011976403408,,,,,,,,,,,,,,,27.378675816371793,1458,0.0187782413006665,0.0042539305606029,2.0215832926285366,0.0164309484930298,0.0491820532056713,338967,249292.99999999997,17384,0.735449173518366,0.0512852283555626,2998.0,1478.0,0.0,986.0,1480.0,0.0,0.0,159.0,1518.0,1478.0,0.0,827.0,0.4936624416277518,0.5063375583722481,0.0,1.0,0.0,0.0,0.1612576064908722,0.8387423935091278,1.5,Beta
3,inactive,5,yellow,12,0-12,38.0,521.8,13.73157894736842,8439.4,34760.6,122,69.17540983606557,0.0150112483674044,0.0010931917170589,8.0,93.52,11.69,0.0026904023520882,0.0002301456246439,6.0,89.0,14.833333333333334,0.0025603700741644,0.0001726092184829,140,13688.76,97.77685714285714,0.393801027600214,0.0040275484312698,,,,,,51.0,1261.52,24.735686274509803,0.0362916635501113,0.0014671783571054,108.0,622.84,5.767037037037038,0.0179179876066581,0.0031069659326939,1.0,23.56,23.56,0.0006777788645765,2.8768203080499187e-05,15.0,133.36,8.890666666666668,0.0038365275628153,0.0004315230462074,60,212.36,3.5393333333333334,0.0061092156061748,0.0017260921848299,3.0,7.32,2.44,0.0002105832465492,8.630460924149756e-05,0.0,0.0,0.0,2.0,2.0,1.0,0.0,0.0,5.7536406160998375e-05,5.7536406160998375e-05,0.0,1.0,0.0,1.0,148.98634535488753,6547,0.0227564297166469,0.0035559900555239,2.2659645670625452,0.020941447454418,0.1883454255680282,211107,198110.0,1527,0.9384340642423036,0.0072332987537125,47268.0,3939.0,4577.0,13083.0,10334.0,1933.0,1808.0,3595.0,36934.0,2006.0,2769.0,9488.0,0.2186257087247186,0.7813742912752814,0.4907336887534907,0.5092663112465092,0.3950185711164518,0.6049814288835482,0.2747840709317435,0.7252159290682565,1.5,Gamma
3,inactive,6,blue,12,0-12,,,,13207.08,29992.92,47,281.0017021276596,,,,,,,,,,,,,18,13843.36,769.0755555555556,0.4615542601387261,0.0006001416334254,,,,,,21.0,216.44,10.306666666666668,0.0072163697299229,0.0007001652389964,,,,,,1.0,15.36,15.36,0.000512120860523,3.334120185697158e-05,2.0,30.72,15.36,0.0010242417210461,6.668240371394316e-05,11,29.0,2.636363636363636,0.0009668948538521,0.0003667532204266,1.0,2.64,2.64,8.802077290240497e-05,3.334120185697158e-05,,,,,,,,,,,,,,,12.572685352354457,706,0.0178083361931366,0.0030147363109126,2.0422578187142544,0.0163547207121135,0.0235388885110219,330224,293553.0,3207,0.8889511361984592,0.0097115897088037,5432.0,1155.0,0.0,0.0,0.0,70.0,0.0,0.0,5432.0,1085.0,0.0,0.0,0.0,1.0,0.0606060606060606,0.9393939393939394,0.0,0.0,0.0,0.0,,
3,inactive,6,green,12,0-12,1.0,10.24,10.24,12902.52,30297.48,127,101.59464566929134,0.0003379819047656,3.300604538727313e-05,,,,,,2.0,6.96,3.48,0.0002297220758954,6.601209077454626e-05,31,13767.32,444.1070967741936,0.4544047887811131,0.0010231874070054,,,,,,17.0,156.8,9.223529411764709,0.0051753479167244,0.0005611027715836,,,,,,3.0,36.28,12.093333333333334,0.0011974593266502,9.90181361618194e-05,1.0,14.2,14.2,0.0004686858444992,3.300604538727313e-05,11,46.12,4.192727272727272,0.001522238813261,0.00036306649926,3.0,8.0,2.6666666666666665,0.0002640483630981,9.90181361618194e-05,,,,,,,,,,,,,,,26.52348613973487,954,0.0278023963728877,0.0066871693981585,2.026349474747831,0.0216030112566719,0.0314877672994585,322690,292063.6666666667,893,0.9050905409732768,0.0027673618643279,3937.0,1266.0,176.0,257.0,37.0,113.0,0.0,0.0,3900.0,1153.0,176.0,257.0,0.0093980187960375,0.9906019812039624,0.089257503949447,0.9107424960505528,0.0,1.0,0.0,1.0,,
3,inactive,6,red,12,0-12,20.0,457.24,22.862,10750.52,32449.48,28,383.94714285714286,0.0140908267251123,0.0006163426964006,7.0,39.2,5.6000000000000005,0.0012080316849453,0.0002157199437402,6.0,17.36,2.893333333333333,0.0005349854604757,0.0001849028089202,59,12682.44,214.9566101694915,0.3908364633269932,0.001818210954382,2.0,3.24,1.62,9.984751681691048e-05,6.16342696400682e-05,49.0,733.84,14.976326530612246,0.0226148462163338,0.0015100396061816,8.0,33.4,4.175,0.0010292923029891,0.0002465370785602,12.0,94.64,7.886666666666667,0.002916533639368,0.0003698056178404,6.0,36.2,6.033333333333334,0.0011155802804852,0.0001849028089202,52,204.12,3.925384615384615,0.0062903935594653,0.0016024910106417,13.0,35.64,2.7415384615384615,0.001098322684986,0.0004006227526604,,,,,,,,,,,,,,,79.75801565223667,3178,0.025096921224744,0.0049050054426178,2.086509240184512,0.0216095073687048,0.0979368544580683,268791,257801.66666666663,446,0.9591156945979092,0.0016592817467846,19238.0,3289.0,1427.0,11451.0,31.0,43.0,0.0,0.0,19207.0,3246.0,1427.0,11451.0,0.0016113941158124,0.9983886058841877,0.0130738826391,0.9869261173609,0.0,1.0,0.0,1.0,,
3,inactive,6,yellow,12,0-12,1.0,2.68,2.68,13095.52,30104.48,156,83.94564102564102,8.902329487172674e-05,3.321764734019654e-05,,,,,,,,,,,10,13928.88,1392.888,0.4626846236839168,0.0003321764734019,,,,,,23.0,174.2,7.57391304347826,0.0057865141666622,0.0007640058888245,,,,,,3.0,28.44,9.48,0.0009447098903551,9.965294202058964e-05,1.0,10.88,10.88,0.0003614080030613,3.321764734019654e-05,7,24.52,3.5028571428571427,0.0008144967127816,0.0002325235313813,,,,,,,,,,,,,,,,,,,,18.534550106561756,720,0.0257424307035579,0.0058763380105546,1.9896998626914275,0.0212644177024081,0.0239167060849415,327544,291661.6666666666,1986,0.8904503415317229,0.0060633075250958,4378.0,987.0,0.0,68.0,6.0,0.0,0.0,0.0,4372.0,987.0,0.0,68.0,0.0013704888076747,0.9986295111923252,0.0,1.0,0.0,0.0,0.0,1.0,,
3,inactive,7,blue,12,0-12,,,,14182.04,29017.96,54,262.6303703703704,,,1.0,4.08,4.08,0.000140602578541,3.4461416309072035e-05,1.0,3.64,3.64,0.000125439555365,3.4461416309072035e-05,7,14827.04,2118.1485714285714,0.5109607980712635,0.0002412299141635,,,,,,,,,,,25.0,195.12,7.8048,0.0067241115502261,0.0008615354077268,3.0,30.4,10.133333333333333,0.0010476270557957,0.0001033842489272,,,,,,13,44.0,3.3846153846153846,0.0015163023175991,0.0004479984120179,1.0,2.16,2.16,7.443665922759561e-05,3.4461416309072035e-05,0.0,0.0,0.0,1.8,1.0,1.8,0.0,0.0,6.203054935632967e-05,3.4461416309072035e-05,0.0,1.0,0.0,1.0,14.523900064918276,599,0.0242469116275764,0.0032331881200721,2.002530867763138,0.020281553647084,0.0206423883691341,354605,298070.6666666666,14956,0.8405709639363986,0.0421765062534369,4903.0,763.0,195.0,0.0,0.0,26.0,73.0,0.0,4903.0,737.0,122.0,0.0,0.0,1.0,0.0340760157273918,0.9659239842726082,0.3743589743589743,0.6256410256410256,0.0,0.0,1.5,Beta
3,inactive,7,green,12,0-12,1.0,2.4,2.4,13703.08,29496.92,168,81.56595238095238,8.136442720121287e-05,3.3901844667172035e-05,1.0,2.44,2.44,8.272050098789976e-05,3.3901844667172035e-05,1.0,3.04,3.04,0.0001030616077882,3.3901844667172035e-05,8,14804.6,1850.575,0.5019032495596151,0.0002712147573373,,,,,,22.0,134.2,6.1,0.0045496275543344,0.0007458405826777,3.0,3.92,1.3066666666666666,0.0001328952310953,0.0001017055340015,5.0,51.4,10.28,0.0017425548158926,0.0001695092233358,2.0,3.28,1.64,0.0001111980505083,6.780368933434407e-05,12,37.68,3.14,0.001277421507059,0.000406822136006,2.0,4.52,2.26,0.0001532363378956,6.780368933434407e-05,,,,,,,,,,,,,,,49.721705431685855,982,0.0506331012542625,0.0065955005210719,2.094203245225055,0.0430636319462914,0.0332916114631629,342745,301254.3333333333,700,0.8789459607968995,0.0020423346803016,3478.0,1374.0,139.0,61.0,89.0,174.0,130.0,59.0,3389.0,1200.0,9.0,2.0,0.0255894192064404,0.9744105807935596,0.1266375545851528,0.8733624454148472,0.935251798561151,0.0647482014388489,0.9672131147540984,0.0327868852459016,1.5,Delta
3,inactive,7,red,12,0-12,38.0,734.92,19.34,9925.08,33274.92,52,190.8669230769231,0.0220863040391982,0.0011420012429781,22.0,94.44,4.292727272727273,0.0028381736154437,0.0006611586143557,7.0,43.24,6.177142857142857,0.001299477203852,0.0002103686500222,101,12746.76,126.20554455445544,0.3830740990511773,0.0030353190931788,,,,,,21.0,237.04,11.287619047619048,0.0071236835430408,0.0006311059500668,26.0,320.08,12.31076923076923,0.009619256785591,0.0007813692715113,7.0,65.4,9.342857142857143,0.001965444244494,0.0002103686500222,4.0,58.96,14.74,0.0017719050864735,0.0001202106571555,97,401.16,4.135670103092783,0.012055926806135,0.0029151084360232,16.0,39.12,2.445,0.0011756602269817,0.0004808426286223,1.8,1.0,1.8,0.0,0.0,0.0,5.409479572001977e-05,3.005266428889987e-05,0.0,0.0,1.0,0.0,1.0,0.0,121.19650649282949,4857,0.02495295583546,0.0046557643747556,2.125969930274383,0.0224415379059892,0.1459657904511866,248179,242669.0,0,0.977798282691122,0.0,13975.0,3120.0,3471.0,18411.0,53.0,64.0,31.0,0.0,13922.0,3056.0,3440.0,18411.0,0.0037924865831842,0.9962075134168158,0.0205128205128205,0.9794871794871794,0.0089311437626044,0.9910688562373956,0.0,1.0,1.75,Alpha
3,inactive,7,yellow,12,0-12,1.0,2.68,2.68,13644.68,29555.32,110,124.04254545454546,9.06774144214984e-05,3.3834856127424773e-05,2.0,3.44,1.72,0.0001163919050783,6.766971225484955e-05,,,,,,9,14820.8,1646.7555555555557,0.5014596356933371,0.0003045137051468,,,,,,9.0,67.2,7.466666666666667,0.0022737023317629,0.0003045137051468,6.0,46.8,7.8,0.0015834712667634,0.0002030091367645,4.0,21.6,5.4,0.0007308328923523,0.0001353394245096,3.0,48.52,16.173333333333336,0.0016416672193026,0.0001015045683822,17,91.44,5.378823529411765,0.0030938592442917,0.0005751925541662,,,,,,,,,,,,,,,,,,,,37.50869242479694,1087,0.0345066167661425,0.0072443844461776,2.108903593977235,0.0315904198628746,0.0367784886105107,341227,300966.6666666667,481,0.8820130489869403,0.0014096188167993,2865.0,1760.0,88.0,68.0,142.0,84.0,88.0,59.0,2723.0,1676.0,0.0,9.0,0.0495636998254799,0.95043630017452,0.0477272727272727,0.9522727272727272,1.0,0.0,0.8676470588235294,0.1323529411764706,1.5,Gamma
3,inactive,8,blue,12,0-12,69.0,816.72,11.836521739130434,4907.92,38292.08,276,17.78231884057971,0.0213286925129165,0.0018019391999598,2.0,9.32,4.66,0.0002433923672989,5.223012173796774e-05,2.0,14.04,7.02,0.0003666554546005,5.223012173796774e-05,69,14489.52,209.9930434782609,0.3783946967623592,0.0018019391999598,,,,,,,,,,,127.0,712.48,5.610078740157481,0.0186064585679336,0.0033166127303609,,,,,,59.0,486.44,8.244745762711865,0.0127034102091085,0.00154078859127,90,593.48,6.594222222222222,0.0154987663245245,0.0023503554782085,19.0,76.76,4.04,0.0020045920723032,0.0004961861565106,0.8,1.0,0.8,3.6,4.0,0.9,2.08920486951871e-05,2.611506086898387e-05,9.401421912834196e-05,0.0001044602434759,0.1818181818181818,0.8181818181818181,0.2,0.8,146.14663843019224,10397,0.0140566161806475,0.0033879557551221,2.1895324236922056,0.0132610771193047,0.2715182878548253,122974,35143.0,40100,0.2857758550587929,0.326085188739083,17939.0,12220.0,588.0,20487.0,1412.0,1679.0,67.0,10267.0,16527.0,10541.0,521.0,10220.0,0.0787111879145994,0.9212888120854004,0.1373977086743044,0.8626022913256955,0.1139455782312925,0.8860544217687075,0.5011470688729438,0.4988529311270562,0.0,Delta
3,inactive,8,green,12,0-12,113.0,962.96,8.521769911504425,789.0,42411.0,72,10.958333333333334,0.0227054301949965,0.0026644031029685,32.0,192.6,6.01875,0.0045412746693074,0.000754521232699,35.0,147.48,4.2137142857142855,0.0034773997312018,0.0008252575982646,145,13523.6,93.26620689655172,0.3188701044540332,0.0034189243356676,9.0,20.28,2.2533333333333334,0.000478177831223,0.0002122090966966,4.0,6.56,1.64,0.0001546768527033,9.431515408738298e-05,211.0,1804.64,8.552796208530806,0.0425512249180637,0.0049751243781094,,,,,,122.0,918.04,7.524918032786885,0.0216462710145952,0.0028766121996651,82,708.2,8.636585365853659,0.0166984980311711,0.0019334606587913,35.0,99.2,2.8342857142857145,0.002339015821367,0.0008252575982646,0.8,1.0,0.8,3.0,3.0,1.0,1.8863030817476597e-05,2.3578788521845743e-05,7.073636556553724e-05,7.073636556553724e-05,0.2105263157894737,0.7894736842105263,0.25,0.75,327.71673247932983,14676,0.0223301125973923,0.0060740877790675,2.2151096896962,0.0205966556896185,0.3460423003466082,19797,12400.333333333332,775,0.6263743664865046,0.0391473455574076,45495.0,23073.0,8569.0,24187.0,1697.0,2572.0,669.0,9808.0,43798.0,20501.0,7900.0,14379.0,0.0373008022859654,0.9626991977140346,0.111472283621549,0.888527716378451,0.078072120434123,0.921927879565877,0.4055070905858519,0.5944929094141481,0.75,Gamma
3,inactive,8,red,12,0-12,35.0,503.72,14.392,9675.8,33524.2,120,80.63166666666666,0.0150255636226964,0.0010440219304263,7.0,18.84,2.6914285714285713,0.0005619820905495,0.0002088043860852,6.0,39.32,6.553333333333334,0.001172884065839,0.000178975188073,93,14417.72,155.02924731182796,0.4300690247642002,0.0027741154151329,,,,,,4.0,14.12,3.53,0.000421188275932,0.0001193167920487,66.0,977.56,14.81151515151515,0.0291598308087888,0.001968727068804,13.0,165.36,12.72,0.0049325561832944,0.0003877795741583,11.0,51.24,4.658181818181818,0.0015284481061442,0.000328121178134,66,272.08,4.122424242424242,0.0081159281951545,0.001968727068804,17.0,46.12,2.712941176470588,0.0013757226123218,0.000507096366207,5.0,5.0,1.0,0.0,0.0,0.0,0.0001491459900609,0.0001491459900609,0.0,0.0,1.0,0.0,1.0,0.0,140.6849099216007,5751,0.0244626864756739,0.0044906820797992,2.1104192609557164,0.0221393963018202,0.1715477177680601,242015,61392.33333333333,98556,0.2536716043771391,0.4072309567588786,24862.0,5439.0,1467.0,12628.0,422.0,1068.0,53.0,371.0,24440.0,4371.0,1414.0,12257.0,0.0169736947952698,0.98302630520473,0.1963596249310535,0.8036403750689465,0.0361281526925698,0.96387184730743,0.0293791574279379,0.970620842572062,3.0,Alpha
3,inactive,8,yellow,12,0-12,42.0,289.08,6.882857142857143,7046.96,36153.04,323,21.81721362229102,0.0079960080812014,0.0011617280317229,6.0,50.2,8.366666666666667,0.0013885415998212,0.0001659611473889,5.0,8.56,1.7120000000000002,0.0002367712369416,0.0001383009561574,45,15289.28,339.7617777777778,0.4229044085919192,0.0012447086054174,,,,,,,,,,,150.0,568.76,3.791733333333333,0.0157320103648268,0.0041490286847247,,,,,,69.0,332.28,4.815652173913043,0.0091909283424021,0.0019085531949733,54,256.36,4.747407407407407,0.0070909666241068,0.0014936503265008,2.0,4.2,2.1,0.0001161728031722,5.5320382462996195e-05,0.8,1.0,0.8,0.8,1.0,0.8,2.212815298519848e-05,2.7660191231498098e-05,2.212815298519848e-05,2.7660191231498098e-05,0.5,0.5,0.5,0.5,133.5985965652298,8193,0.0163064319010411,0.0044321509144826,2.2794085220877665,0.0158640654477483,0.2266199467596639,176497,60688.99999999999,35156,0.3438528700204535,0.1991875216009337,14369.0,8376.0,1480.0,7269.0,1129.0,1688.0,549.0,5010.0,13240.0,6688.0,931.0,2259.0,0.0785719256733245,0.9214280743266756,0.2015281757402101,0.7984718242597899,0.3709459459459459,0.629054054054054,0.6892282294676021,0.3107717705323978,1.5,Beta
