day,phase,box,mouse,time_bin,time_window,s_wall_count,s_wall_duration,s_wall_mean_duration,nest_duration,outside_nest_duration,nest_count,nest_mean_duration,s_wall_duration_fraction,s_wall_event_rate,ramp1_count,ramp1_duration,ramp1_mean_duration,ramp1_duration_fraction,ramp1_event_rate,ramp2_count,ramp2_duration,ramp2_mean_duration,ramp2_duration_fraction,ramp2_event_rate,non_wall_count,non_wall_duration,non_wall_mean_duration,non_wall_duration_fraction,non_wall_event_rate,woodstick_count,woodstick_duration,woodstick_mean_duration,woodstick_duration_fraction,woodstick_event_rate,feeder_prox_count,feeder_prox_duration,feeder_prox_mean_duration,feeder_prox_duration_fraction,feeder_prox_event_rate,feeder_dist_count,feeder_dist_duration,feeder_dist_mean_duration,feeder_dist_duration_fraction,feeder_dist_event_rate,water_prox_count,water_prox_duration,water_prox_mean_duration,water_prox_duration_fraction,water_prox_event_rate,water_dist_count,water_dist_duration,water_dist_mean_duration,water_dist_duration_fraction,water_dist_event_rate,motionless_count,motionless_duration,motionless_mean_duration,motionless_duration_fraction,motionless_event_rate,speeding_count,speeding_duration,speeding_mean_duration,speeding_duration_fraction,speeding_event_rate,chasing_duration,chasing_count,chasing_mean_duration,chased_duration,chased_count,chased_mean_duration,chasing_duration_fraction,chasing_event_rate,chased_duration_fraction,chased_event_rate,chasing_duration_ratio,chased_duration_ratio,chasing_event_ratio,chased_event_ratio,total_distance,valid_locomotion_duration,mean_speed,median_speed,mean_abs_angular_velocity,mean_abs_acceleration,valid_locomotion_duration_fraction,nest_frames,weighted_sum,alone_sum,weighted_co_occupancy,alone_fraction,feeding_frames,drinking_frames,ramps_frames,s_wall_frames,feeding_together_frames,drinking_together_frames,ramps_together_frames,s_wall_together_frames,feeding_alone_frames,drinking_alone_frames,ramps_alone_frames,s_wall_alone_frames,feeding_together_fraction,feeding_alone_fraction,drinking_together_fraction,drinking_alone_fraction,ramps_together_fraction,ramps_alone_fraction,s_wall_together_fraction,s_wall_alone_fraction
1,active,1,blue,15,12-15,35.0,161.4,4.611428571428571,7622.36,3177.6400000000003,43.0,177.2641860465116,0.0507924119787011,0.0110144635641545,29.0,118.96,4.102068965517241,0.0374365881597663,0.0091262698102994,25.0,109.8,4.3919999999999995,0.0345539456955476,0.007867473974396,98,9903.84,101.0595918367347,3.1167281378633196,0.0308404979796326,5.0,7.6,1.52,0.0023917120882164,0.0015734947948792,27.0,178.0,6.592592592592593,0.0560164146977001,0.0084968718923477,83.0,542.32,6.533975903614459,0.1706675394317795,0.026120013594995,4.0,8.0,2.0,0.0025175916718067,0.0012587958359033,8.0,15.32,1.915,0.0048211880515099,0.0025175916718067,35.0,172.36,4.924571428571429,0.0542415125690764,0.0110144635641545,2.0,5.28,2.64,0.0016616105033924,0.0006293979179516,,,,,,,,,,,,,,,129.0179578655488,3042.0,0.0424122149459397,0.0139055634115564,1.9303105959368712,0.036723989743301,0.9573142332045164,190602.0,139810.99999999997,10687.0,0.7335232578881647,0.0560697159526133,18118.0,595.0,5773.0,4070.0,5850.0,0.0,633.0,271.0,12268.0,595.0,5140.0,3799.0,0.3228833204547963,0.6771166795452037,0.0,1.0,0.1096483630694612,0.8903516369305388,0.0665847665847665,0.9334152334152336
1,active,1,blue,18,15-18,73.0,357.76,4.900821917808219,4059.2,6740.8,71.0,57.17183098591549,0.0530738191312603,0.0108295751246142,59.0,288.24,4.885423728813559,0.0427605032043674,0.0087526703061951,73.0,356.04,4.877260273972603,0.0528186565392831,0.0108295751246142,206,8278.12,40.18504854368933,1.2280619511037267,0.0305601708995964,7.0,12.6,1.8,0.0018692143365772,0.0010384524092095,20.0,74.76,3.738,0.0110906717303584,0.0029670068834559,79.0,1311.64,16.603037974683545,0.1945822454308094,0.011719677189651,19.0,60.8,3.1999999999999997,0.0090197009257061,0.0028186565392831,8.0,31.56,3.945,0.0046819368620935,0.0011868027533823,130.0,607.88,4.676,0.0901792072157607,0.0192855447424638,3.0,6.36,2.12,0.0009435081889389,0.0004450510325183,1.6,2.0,0.8,2.4,3.0,0.7999999999999999,0.0002373605506764,0.0002967006883455,0.0003560408260147,0.0004450510325183,0.4,0.6,0.4,0.6,237.11391162275763,5868.0,0.0404079603992429,0.0097045963133961,1.9969946259641804,0.0396138316649899,0.8705198196059815,101551.0,69326.0,14022.0,0.6826717609870903,0.1380784039546631,34759.0,2336.0,16239.0,9017.0,4081.0,91.0,2944.0,1927.0,30678.0,2245.0,13295.0,7090.0,0.1174084409793147,0.8825915590206853,0.0389554794520548,0.9610445205479452,0.1812919514748445,0.8187080485251554,0.21370744149939,0.78629255850061
1,active,1,blue,21,18-21,46.0,326.08,7.088695652173913,6261.56,4538.44,89.0,70.35460674157304,0.0718484765690413,0.0101356413216876,27.0,117.48,4.351111111111111,0.0258855465754752,0.0059491807757731,37.0,143.64,3.8821621621621616,0.0316496417271132,0.0081525810630965,122,8439.88,69.17934426229507,1.8596434016974996,0.0268814835053454,4.0,9.48,2.37,0.0020888234723825,0.0008813601149293,24.0,358.08,14.92,0.0788993574884762,0.0052881606895761,11.0,36.08,3.28,0.0079498682366628,0.0024237403160557,11.0,15.56,1.4145454545454546,0.0034284908470752,0.0024237403160557,4.0,19.24,4.81,0.0042393421528102,0.0008813601149293,38.0,211.6,5.568421052631579,0.046623950079763,0.0083729210918289,,,,,,1.6,2.0,0.8,0.0,0.0,0.0,0.0003525440459717,0.0004406800574646,0.0,0.0,1.0,0.0,1.0,0.0,153.5432704379518,3379.0,0.0454404470073843,0.0126410649736548,1.948730162377932,0.0409437648497631,0.7445289570865761,156628.0,123595.0,7678.0,0.7890990116709655,0.0490206093418801,9889.0,885.0,6592.0,8198.0,4083.0,0.0,1026.0,1993.0,5806.0,885.0,5566.0,6205.0,0.412883001314592,0.587116998685408,0.0,1.0,0.1556432038834951,0.8443567961165048,0.2431080751402781,0.7568919248597219
1,active,1,blue,24,21-24,24.0,87.56,3.6483333333333334,8530.64,2269.3600000000006,65.0,131.24061538461538,0.0385835654105122,0.0105756689110586,16.0,61.64,3.8525,0.0271618429865688,0.0070504459407057,27.0,112.64,4.1718518518518515,0.0496351394225684,0.0118976275249409,71,10259.76,144.50366197183098,4.52099270278845,0.0312863538618817,1.0,3.0,3.0,0.0013219586138823,0.0004406528712941,20.0,232.96,11.648,0.1026544928966756,0.0088130574258821,32.0,419.12,13.0975,0.184686431416787,0.0141008918814114,6.0,30.52,5.086666666666667,0.0134487256318962,0.0026439172277646,4.0,13.32,3.33,0.0058694962456375,0.0017626114851764,37.0,160.68,4.342702702702703,0.0708041033595374,0.016304156237882,1.0,2.12,2.12,0.0009341840871435,0.0004406528712941,0.8,1.0,0.8,1.0,1.0,1.0,0.0003525222970352,0.0004406528712941,0.0004406528712941,0.0004406528712941,0.4444444444444445,0.5555555555555556,0.5,0.5,88.90682161928265,2207.0,0.0402840152330234,0.0081026601261789,1.993904472642122,0.0402240296243069,0.9725208869460992,213331.0,158686.3333333333,11583.0,0.7438503233629117,0.0542959063614758,16354.0,1106.0,4400.0,2213.0,3598.0,27.0,173.0,659.0,12756.0,1079.0,4227.0,1554.0,0.2200073376543964,0.7799926623456035,0.0244122965641952,0.9755877034358048,0.0393181818181818,0.9606818181818182,0.2977858111161319,0.7022141888838681
1,active,1,green,15,12-15,37.0,334.48,9.04,6091.36,4708.64,120.0,50.76133333333333,0.071035373271263,0.0078578952733698,25.0,175.16,7.0064,0.0371997009752285,0.0053093886982228,31.0,178.48,5.757419354838709,0.0379047877943525,0.0065836419857963,136,9499.64,69.85029411764705,2.017491250127425,0.0288830745183322,3.0,6.0,2.0,0.0012742532875734,0.0006371266437867,27.0,107.48,3.9807407407407407,0.0228261238913996,0.0057341397940806,164.0,1085.84,6.620975609756097,0.2306058649631315,0.0348295898603418,9.0,19.4,2.155555555555555,0.0041200856298209,0.0019113799313602,20.0,59.36,2.968,0.0126066125250603,0.0042475109585782,51.0,303.4,5.9490196078431365,0.0644347412416324,0.0108311529443745,1.0,2.08,2.08,0.0004417411396921,0.0002123755479289,,,,,,,,,,,,,,,229.20792430204187,4510.0,0.0508221561645325,0.0153099685080751,2.0019442600480706,0.0445583942933876,0.9578137211594006,152404.0,120730.0,5051.0,0.7921708091651137,0.0331421747460696,30024.0,1998.0,8897.0,8399.0,7133.0,0.0,1198.0,569.0,22891.0,1998.0,7699.0,7830.0,0.2375766053823607,0.7624233946176392,0.0,1.0,0.1346521299314375,0.8653478700685624,0.0677461602571734,0.9322538397428264
1,active,1,green,18,15-18,91.0,573.56,6.3028571428571425,3234.96,7565.04,94.0,34.414468085106385,0.0758171800810041,0.012029017691909,56.0,279.8,4.996428571428572,0.0369859247274303,0.0074024724257902,59.0,261.32,4.429152542372881,0.0345431088269196,0.0077990334486004,193,8191.68,42.4439378238342,1.0828336664445926,0.0255120924674555,2.0,3.24,1.62,0.000428285904635,0.0002643740152067,34.0,236.92,6.968235294117647,0.0313177458413967,0.0044943582585154,141.0,1470.36,10.428085106382978,0.1943624884997303,0.0186383680720789,15.0,57.68,3.8453333333333335,0.0076245465985639,0.0019828051140509,14.0,66.92,4.78,0.0088459545488193,0.0018506181064475,115.0,605.84,5.268173913043478,0.0800841766864418,0.0152015058743906,3.0,8.2,2.733333333333333,0.0010839334623478,0.0003965610228101,0.8,1.0,0.8,0.8,1.0,0.8,0.0001057496060827,0.0001321870076033,0.0001057496060827,0.0001321870076033,0.5,0.5,0.5,0.5,353.87220082476995,6678.0,0.0529907458557607,0.0140296478692328,2.0368246487684156,0.0477300671833418,0.882744836775483,80968.0,63614.66666666666,5297.0,0.7856766459177287,0.0654209070249975,42857.0,3144.0,13643.0,14430.0,5385.0,91.0,3095.0,3237.0,37472.0,3053.0,10548.0,11193.0,0.1256504188347294,0.8743495811652705,0.028944020356234,0.971055979643766,0.2268562632852012,0.7731437367147987,0.2243243243243243,0.7756756756756756
1,active,1,green,21,18-21,66.0,493.96,7.484242424242424,4494.28,6305.72,112.0,40.1275,0.0783352257949924,0.0104666873885932,38.0,173.12,4.555789473684211,0.0274544381926251,0.0060262745570688,43.0,253.88,5.904186046511628,0.0402618574881218,0.006819205419841,136,8324.64,61.21058823529411,1.320172795493615,0.0215677194674041,1.0,3.64,3.64,0.0005772536680981,0.0001585861725544,31.0,629.84,20.317419354838712,0.0998839149216901,0.0049161713491877,63.0,1177.88,18.69650793650794,0.1867954809284269,0.0099909288709298,9.0,36.04,4.004444444444444,0.0057154456588621,0.0014272755529899,9.0,33.28,3.697777777777778,0.0052777478226118,0.0014272755529899,70.0,263.2,3.76,0.0417398806163293,0.0111010320788109,2.0,4.92,2.46,0.0007802439689678,0.0003171723451088,0.0,0.0,0.0,1.6,2.0,0.8,0.0,0.0,0.0002537378760871,0.0003171723451088,0.0,1.0,0.0,1.0,269.1487903094181,5140.0,0.0523635778812097,0.0111619402820504,2.0514605647381403,0.0468221851738127,0.8151329269298351,112469.0,101343.66666666666,3802.0,0.9010808904379576,0.033804870675475,45287.0,1751.0,10756.0,12415.0,4946.0,0.0,1299.0,1936.0,40341.0,1751.0,9457.0,10479.0,0.1092145648861704,0.8907854351138296,0.0,1.0,0.1207698029007065,0.8792301970992934,0.1559403946838501,0.8440596053161498
1,active,1,green,24,21-24,71.0,367.28,5.172957746478873,5878.68,4921.32,166.0,35.41373493975904,0.0746303837181894,0.0144270236440629,40.0,144.36,3.609,0.0293335934261539,0.0081279006445425,43.0,198.52,4.616744186046512,0.0403387708988645,0.0087374931928832,143,9589.96,67.06265734265733,1.9486560516284248,0.0290572448042395,2.0,4.6,2.3,0.0009347085741223,0.0004063950322271,23.0,404.44,17.584347826086958,0.0821812034169694,0.0046735428706119,68.0,1262.36,18.564117647058826,0.2565084164411174,0.0138174310957222,10.0,34.08,3.408,0.0069249713491502,0.0020319751611356,13.0,68.92,5.3015384615384615,0.0140043728105467,0.0026415677094763,71.0,321.4,4.526760563380281,0.0653076816788991,0.0144270236440629,2.0,4.96,2.48,0.0010078596799232,0.0004063950322271,1.4,1.0,1.4,0.0,0.0,0.0,0.0002844765225589,0.0002031975161135,0.0,0.0,1.0,0.0,1.0,0.0,212.78890731573856,4785.0,0.0444699910795691,0.0082986254763565,2.06244448649004,0.0406662709069454,0.9723001146033992,147133.0,127960.33333333331,3747.0,0.8696915942265387,0.0254667545689953,41761.0,2598.0,8655.0,9253.0,548.0,27.0,468.0,2348.0,41213.0,2571.0,8187.0,6905.0,0.0131222911328751,0.9868777088671248,0.010392609699769,0.9896073903002308,0.0540727902946273,0.9459272097053726,0.2537555387441911,0.7462444612558089
1,active,1,red,15,12-15,16.0,94.6,5.9125,6257.04,4542.96,41.0,152.6107317073171,0.0208234278972299,0.0035219328367408,8.0,47.96,5.995,0.0105569936781305,0.0017609664183704,6.0,28.24,4.706666666666666,0.0062162114568475,0.0013207248137778,57,10363.96,181.8238596491228,2.281323190166763,0.0125468857308891,3.0,6.64,2.213333333333334,0.0014616021272474,0.0006603624068889,33.0,224.72,6.80969696969697,0.0494655466920245,0.0072639864757779,239.0,2331.64,9.75581589958159,0.5132424674661454,0.0526088717488157,2.0,3.04,1.52,0.0006691672389807,0.0004402416045926,7.0,10.8,1.542857142857143,0.0023773046648,0.0015408456160741,53.0,211.8,3.99622641509434,0.0466215859263563,0.0116664025217039,5.0,11.96,2.3920000000000003,0.0026326447954637,0.0011006040114815,,,,,,,,,,,,,,,110.86557834814435,4409.0,0.0251452888065648,0.006133507864091,2.1507943277646584,0.0210812344611938,0.9705126173243876,156467.0,125137.33333333334,6237.0,0.7997682152360136,0.0398614404315286,64181.0,355.0,1919.0,2381.0,8261.0,0.0,134.0,202.0,55920.0,355.0,1785.0,2179.0,0.1287141054206073,0.8712858945793927,0.0,1.0,0.0698280354351224,0.9301719645648776,0.0848383032339353,0.9151616967660646
1,active,1,red,18,15-18,49.0,530.8,10.83265306122449,5137.48,5662.52,52.0,98.7976923076923,0.0937391832611628,0.0086533910697004,21.0,125.64,5.982857142857143,0.0221880011019828,0.0037085961727287,16.0,75.8,4.7375,0.0133862661853732,0.0028255970839838,85,8767.0,103.14117647058823,1.5482506022053784,0.0150109845086639,4.0,7.28,1.82,0.0012856466732126,0.0007063992709959,8.0,38.16,4.77,0.0067390490453013,0.0014127985419919,107.0,1377.84,12.877009345794391,0.2433262928872657,0.0188961804991417,,,,,,9.0,84.0,9.333333333333334,0.0148343846909149,0.0015893983597408,103.0,420.52,4.082718446601942,0.0742637553598044,0.0181897812281457,3.0,8.96,2.986666666666667,0.0015823343670309,0.0005297994532469,2.4,3.0,0.7999999999999999,0.0,0.0,0.0,0.0004238395625975,0.0005297994532469,0.0,0.0,1.0,0.0,1.0,0.0,136.19126194538367,4806.0,0.0283377573752358,0.0066973423421907,2.083029782249098,0.0243512858303382,0.8487387241016366,128489.0,76038.99999999999,25212.0,0.5917938500572032,0.1962191315988139,35515.0,2109.0,5073.0,13319.0,3310.0,0.0,1360.0,3084.0,32205.0,2109.0,3713.0,10235.0,0.0932000563142334,0.9067999436857666,0.0,1.0,0.2680859452000788,0.7319140547999211,0.231548915083715,0.768451084916285
1,active,1,red,21,18-21,44.0,282.64,6.423636363636363,7106.88,3693.12,41.0,173.33853658536586,0.0765314964041244,0.0119140455766398,18.0,90.52,5.028888888888889,0.0245104410363053,0.0048739277358981,13.0,53.76,4.135384615384615,0.014556797504549,0.0035200589203708,75,8716.56,116.2208,2.3602157525344425,0.0203080322329087,2.0,3.44,1.72,0.0009314617450827,0.0005415475262109,,,,,,26.0,407.48,15.672307692307694,0.1103348929902088,0.0070401178407417,3.0,28.84,9.613333333333332,0.0078091153279611,0.0008123212893163,1.0,8.8,8.8,0.0023828091153279,0.0002707737631054,43.0,162.28,3.773953488372093,0.0439411662767524,0.0116432718135343,6.0,14.56,2.4266666666666667,0.0039424659908153,0.0016246425786327,4.0,5.0,0.8,0.8,1.0,0.8,0.0010830950524218,0.0013538688155272,0.0002166190104843,0.0002707737631054,0.8333333333333334,0.1666666666666666,0.8333333333333334,0.1666666666666666,102.95423026221054,2584.0,0.0398429683677285,0.0099226186041246,2.099474099714455,0.0349316375491914,0.6996794038644831,177713.0,127552.33333333331,18759.0,0.7177434027523779,0.105557837637089,10213.0,945.0,3638.0,7110.0,2693.0,0.0,679.0,1650.0,7520.0,945.0,2959.0,5460.0,0.2636835405855282,0.7363164594144718,0.0,1.0,0.1866410115448048,0.8133589884551952,0.2320675105485232,0.7679324894514767
1,active,1,red,24,21-24,47.0,610.88,12.997446808510638,7647.72,3152.2799999999997,40.0,191.193,0.1937898917608842,0.0149098430342482,13.0,49.28,3.790769230769231,0.0156331290367606,0.0041239991371324,17.0,64.04,3.767058823529412,0.0203154542109203,0.0053929219485578,82,9652.12,117.70878048780487,3.0619488116537874,0.0260129176342203,3.0,12.8,4.266666666666667,0.0040605529965612,0.000951692108569,12.0,67.72,5.6433333333333335,0.0214828631974317,0.0038067684342761,26.0,510.48,19.633846153846154,0.1619399291941071,0.0082479982742649,1.0,1.12,1.12,0.0003552983871991,0.0003172307028563,5.0,31.72,6.343999999999999,0.0100625578946032,0.0015861535142817,64.0,242.28,3.785625,0.0768586546880353,0.020302764982806,3.0,7.52,2.5066666666666664,0.0023855748854797,0.000951692108569,2.6,3.0,0.8666666666666667,1.4,1.0,1.4,0.0008247998274264,0.000951692108569,0.0004441229839988,0.0003172307028563,0.65,0.35,0.75,0.25,100.90842110835054,3117.0,0.0323735710966796,0.0064994639299468,2.077515185711245,0.0287087921274212,0.9888081008032282,191233.0,145146.0,16610.0,0.7590008000711175,0.0868573938598463,14493.0,827.0,2863.0,15319.0,5026.0,0.0,375.0,2839.0,9467.0,827.0,2488.0,12480.0,0.3467881046022217,0.6532118953977782,0.0,1.0,0.1309814879497031,0.8690185120502969,0.1853254128859586,0.8146745871140414
1,active,1,yellow,15,12-15,20.0,111.08,5.554,8295.48,2504.5200000000004,78.0,106.35230769230768,0.0443518119240413,0.0079855621037164,21.0,96.72,4.605714285714286,0.0386181783335728,0.0083848402089023,20.0,90.68,4.534000000000001,0.0362065385782505,0.0079855621037164,51,10431.36,204.53647058823532,4.1650136553111965,0.020363183364477,,,,,,23.0,103.2,4.48695652173913,0.041205500455177,0.0091833964192739,82.0,458.08,5.586341463414634,0.1829013144235222,0.0327408046252375,2.0,2.72,1.36,0.0010860364461054,0.0007985562103716,8.0,42.76,5.345,0.0170731317777458,0.0031942248414865,13.0,49.64,3.8184615384615386,0.0198201651414243,0.0051906153674157,,,,,,,,,,,,,,,,,,,,142.07926605667163,2349.0,0.0604850004498389,0.0164956820197301,2.017475935804557,0.0558307622913958,0.9379042690815004,207465.0,146127.0,11939.0,0.7043453112573205,0.0575470561299496,14137.0,1147.0,4726.0,2797.0,2987.0,0.0,915.0,292.0,11150.0,1147.0,3811.0,2505.0,0.2112895239442597,0.7887104760557403,0.0,1.0,0.1936098180279306,0.8063901819720694,0.1043975688237397,0.8956024311762603
1,active,1,yellow,18,15-18,69.0,360.12,5.219130434782609,4723.84,6076.16,81.0,58.31901234567901,0.0592676953865599,0.0113558563303138,53.0,171.52,3.2362264150943396,0.0282283547503686,0.0087226142827048,49.0,183.68,3.7485714285714287,0.0302296187065515,0.0080643037708026,120,9177.2,76.47666666666667,1.5103618074573415,0.0197493153570676,3.0,5.84,1.9466666666666663,0.0009611333473772,0.0004937328839266,16.0,136.8,8.55,0.022514219507057,0.002633242047609,78.0,622.6,7.982051282051282,0.1024660311775858,0.0128370549820939,9.0,59.76,6.64,0.0098351590478196,0.00148119865178,6.0,32.88,5.48,0.0054113124078365,0.0009874657678533,64.0,321.44,5.0225,0.0529018327364651,0.010532968190436,2.0,4.24,2.12,0.0006978091426163,0.0003291552559511,0.8,1.0,0.8,2.4,3.0,0.7999999999999999,0.0001316621023804,0.0001645776279755,0.0003949863071413,0.0004937328839266,0.25,0.7499999999999999,0.25,0.75,293.64749705818303,5190.0,0.056579479201962,0.0122794959970101,2.080772680994056,0.0525372162326537,0.8541578891931747,118177.0,75501.0,17020.0,0.6388806620577608,0.1440212562512164,19079.0,2331.0,8982.0,9072.0,4320.0,0.0,2256.0,1685.0,14759.0,2331.0,6726.0,7387.0,0.2264269615807956,0.7735730384192043,0.0,1.0,0.2511690046760187,0.7488309953239813,0.1857363315696649,0.8142636684303352
1,active,1,yellow,21,18-21,50.0,363.24,7.2648,5674.56,5125.44,139.0,40.824172661870506,0.0708700131110695,0.0097552600362115,29.0,94.16,3.246896551724138,0.0183711057001935,0.0056580508210026,30.0,107.24,3.5746666666666664,0.0209230817256664,0.0058531560217269,123,8844.64,71.90764227642276,1.725635262533558,0.0239979396890803,6.0,8.6,1.4333333333333331,0.0016779047262283,0.0011706312043453,18.0,81.08,4.504444444444444,0.0158191296747206,0.0035118936130361,29.0,291.8,10.06206896551724,0.0569316975713304,0.0056580508210026,9.0,32.84,3.648888888888889,0.0064072547917837,0.001755946806518,6.0,26.76,4.46,0.0052210151713804,0.0011706312043453,49.0,182.28,3.72,0.0355637759880127,0.0095601548354872,1.0,2.48,2.48,0.000483860897796,0.0001951052007242,0.8,1.0,0.8,4.0,5.0,0.8,0.0001560841605793,0.0001951052007242,0.0007804208028969,0.0009755260036211,0.1666666666666666,0.8333333333333334,0.1666666666666666,0.8333333333333334,258.10268386428464,3932.0,0.0656415777884752,0.0188966735063718,2.055928285397911,0.0549014806769501,0.7671536492476744,142003.0,117231.66666666666,8223.0,0.8255576760115396,0.057907227312099,9369.0,1505.0,5094.0,9131.0,3094.0,0.0,720.0,1237.0,6275.0,1505.0,4374.0,7894.0,0.3302380189988259,0.6697619810011741,0.0,1.0,0.1413427561837456,0.8586572438162544,0.1354725659840105,0.8645274340159895
1,active,1,yellow,24,21-24,43.0,250.88,5.834418604651162,7163.4,3636.6,92.0,77.86304347826086,0.0689875158114722,0.0118242314249573,21.0,75.88,3.6133333333333337,0.0208656437331573,0.0057746246493977,32.0,120.96,3.78,0.0332618379805312,0.0087994280371775,75,10231.12,136.41493333333335,2.8133751306165102,0.0206236594621349,1.0,2.04,2.04,0.00056096353737,0.0002749821261617,30.0,379.32,12.644,0.1043062200956937,0.0082494637848539,25.0,301.16,12.0464,0.0828136171148875,0.0068745531540449,10.0,65.44,6.544,0.0179948303360281,0.0027498212616179,7.0,12.04,1.72,0.003310784798988,0.0019248748831325,46.0,174.88,3.8017391304347825,0.0480888742231754,0.0126491778034427,4.0,9.6,2.4,0.0026398284111532,0.0010999285046471,0.0,0.0,0.0,2.4,3.0,0.7999999999999999,0.0,0.0,0.0006599571027883,0.0008249463784853,0.0,1.0,0.0,1.0,169.27560643780927,3559.0,0.0475626879566758,0.0092661762560052,2.0456577668459195,0.0413354747734402,0.9786613870098444,179177.0,142823.3333333333,8181.0,0.7971075156595618,0.0456587620062842,17067.0,1954.0,4974.0,6315.0,3133.0,0.0,266.0,984.0,13934.0,1954.0,4708.0,5331.0,0.1835706333860667,0.8164293666139333,0.0,1.0,0.0534780860474467,0.9465219139525533,0.1558194774346793,0.8441805225653206
1,active,2,blue,15,12-15,36.0,296.12,8.225555555555555,7644.72,3155.2799999999997,24.0,318.53000000000003,0.0938490403387338,0.0114094470221343,17.0,114.44,6.731764705882353,0.0362693643670292,0.0053877944271189,24.0,170.4,7.1000000000000005,0.0540047159047691,0.0076062980147562,93,9822.0,105.61290322580643,3.1128774625389823,0.0294744048071803,5.0,10.68,2.136,0.0033848026165665,0.0015846454197408,34.0,255.84,7.524705882352941,0.0810831368373013,0.0107755888542379,51.0,306.64,6.012549019607843,0.0971831343018686,0.0161633832813569,9.0,34.72,3.8577777777777778,0.0110037777946806,0.0028523617555335,10.0,45.64,4.564,0.0144646433913947,0.0031692908394817,45.0,182.16,4.048,0.0577318019319997,0.0142618087776679,4.0,8.8,2.2,0.0027889759387439,0.0012677163357927,1.0,1.0,1.0,0.8,1.0,0.8,0.0003169290839481,0.0003169290839481,0.0002535432671585,0.0003169290839481,0.5555555555555556,0.4444444444444445,0.5,0.5,106.36784819234536,3039.0,0.0350009372136707,0.0097699982780888,1.947275526085398,0.0321851088125696,0.9631474861185062,191142.0,158626.66666666666,6048.0,0.8298891225720494,0.031641397495056,14147.0,2028.0,7162.0,7439.0,993.0,59.0,681.0,1493.0,13154.0,1969.0,6481.0,5946.0,0.0701915600480667,0.9298084399519332,0.0290927021696252,0.9709072978303748,0.0950851717397375,0.9049148282602624,0.2006990186853071,0.7993009813146928
1,active,2,blue,18,15-18,98.0,752.2,7.675510204081633,4348.56,6451.44,62.0,70.13806451612903,0.1165941247225425,0.0151904071029103,26.0,107.96,4.1523076923076925,0.0167342484778592,0.0040301080068945,58.0,425.36,7.333793103448276,0.0659325669927954,0.0089902409384571,176,8909.36,50.62136363636364,1.3809878104733209,0.0272807311235941,9.0,26.44,2.937777777777778,0.0040983098347035,0.0013950373870019,57.0,604.48,10.604912280701754,0.0936969110772168,0.0088352367843458,57.0,508.52,8.92140350877193,0.0788227124486936,0.0088352367843458,22.0,137.64,6.256363636363636,0.0213347717718834,0.0034100913904492,18.0,129.04,7.168888888888889,0.020001736046526,0.0027900747740039,113.0,492.76,4.36070796460177,0.076379846979899,0.0175154694145803,9.0,21.2,2.3555555555555556,0.0032860880671602,0.0013950373870019,5.0,6.0,0.8333333333333334,1.6,2.0,0.8,0.0007750207705566,0.0009300249246679,0.0002480066465781,0.0003100083082226,0.7575757575757576,0.2424242424242424,0.75,0.25,220.57100492997532,6385.0,0.034545184797177,0.0076850926837557,2.0900372621654335,0.0339508042106805,0.9897015240008432,108776.0,75302.0,13752.0,0.6922666764727513,0.1264249466794146,27939.0,6707.0,13417.0,18903.0,10715.0,511.0,2964.0,6082.0,17224.0,6196.0,10453.0,12821.0,0.383514084254984,0.6164859157450159,0.0761890562099299,0.92381094379007,0.220913766117612,0.7790862338823881,0.3217478707083531,0.6782521292916468
1,active,2,blue,21,18-21,33.0,301.12,9.124848484848483,8490.56,2309.4400000000005,25.0,339.62239999999997,0.1303865872246085,0.0142891783289455,13.0,62.36,4.796923076923077,0.027002216987668,0.0056290702507967,17.0,75.72,4.4541176470588235,0.0327871691838714,0.0073610918664264,64,10199.6,159.36875,4.416481917694332,0.0277123458500762,10.0,26.0,2.6,0.0112581405015934,0.0043300540390744,17.0,157.24,9.249411764705885,0.0680857697104059,0.0073610918664264,14.0,94.24,6.731428571428571,0.0408064292642372,0.0060620756547041,8.0,87.4,10.925,0.0378446723015103,0.0034640432312595,9.0,32.52,3.6133333333333337,0.0140813357350699,0.0038970486351669,40.0,144.92,3.623,0.0627511431342663,0.0173202161562976,5.0,12.48,2.496,0.0054039074407648,0.0021650270195372,0.8,1.0,0.8,0.0,0.0,0.0,0.0003464043231259,0.0004330054039074,0.0,0.0,1.0,0.0,1.0,0.0,84.8320740697241,2280.0,0.0372070500305807,0.0079949854320636,2.0406789567178567,0.0375369407389452,0.9872523209089648,212289.0,194480.66666666663,8855.0,0.916112783359791,0.0417120058034095,6318.0,3015.0,3482.0,7561.0,3553.0,202.0,628.0,1121.0,2765.0,2813.0,2854.0,6440.0,0.5623615068059512,0.4376384931940487,0.0669983416252072,0.9330016583747928,0.1803561171740379,0.8196438828259621,0.1482608120618965,0.8517391879381034
1,active,2,blue,24,21-24,123.0,1569.76,12.762276422764227,1593.96,9206.04,89.0,17.909662921348314,0.1705141407163123,0.0133607935659632,39.0,239.72,6.1466666666666665,0.0260394262896967,0.0042363491794517,62.0,437.32,7.053548387096774,0.0475035954655856,0.0067347089519489,251,7536.68,30.026613545816733,0.8186668752253955,0.0272647088215997,16.0,43.08,2.6925,0.0046795364782251,0.0017379894069545,48.0,451.92,9.415,0.0490895107994316,0.0052139682208636,85.0,553.36,6.510117647058824,0.0601083636395236,0.0092330687244461,22.0,177.72,8.078181818181818,0.0193047173377478,0.0023897354345625,18.0,90.52,5.028888888888889,0.0098326750698454,0.0019552380828238,139.0,566.12,4.072805755395684,0.0614944101915698,0.0150987829729177,6.0,14.28,2.38,0.0015511555457069,0.0006517460276079,2.6,3.0,0.8666666666666667,5.6,6.0,0.9333333333333332,0.0002824232786301,0.0003258730138039,0.000608296292434,0.0006517460276079,0.3170731707317074,0.6829268292682927,0.3333333333333333,0.6666666666666666,289.6238157002448,9121.0,0.0317535155904226,0.007261906509767,2.0544375127083883,0.0304682216388708,0.9907625863020364,39938.0,5417.666666666666,25780.0,0.1356519271537549,0.6455005258150133,25265.0,6746.0,17027.0,39367.0,12171.0,697.0,1921.0,12902.0,13094.0,6049.0,15106.0,26465.0,0.4817336235899466,0.5182663764100535,0.1033204862140527,0.8966795137859472,0.112820814001292,0.8871791859987079,0.3277364289887469,0.6722635710112531
1,active,2,green,15,12-15,16.0,111.44,6.965,9160.0,1640.0,96.0,95.41666666666669,0.0679512195121951,0.0097560975609756,12.0,44.36,3.696666666666667,0.0270487804878048,0.0073170731707317,14.0,62.52,4.465714285714286,0.0381219512195121,0.0085365853658536,46,10340.4,224.79130434782607,6.305121951219512,0.0280487804878048,3.0,8.56,2.8533333333333335,0.0052195121951219,0.0018292682926829,16.0,43.32,2.7075,0.0264146341463414,0.0097560975609756,28.0,97.92,3.4971428571428573,0.0597073170731707,0.0170731707317073,2.0,3.76,1.88,0.0022926829268292,0.0012195121951219,2.0,7.92,3.96,0.0048292682926829,0.0012195121951219,24.0,139.72,5.821666666666666,0.0851951219512195,0.0146341463414634,,,,,,0.0,0.0,0.0,1.0,1.0,1.0,0.0,0.0,0.0006097560975609,0.0006097560975609,0.0,1.0,0.0,1.0,76.92218998755204,1481.0,0.0519393585331208,0.0164062539992988,1.775355960419996,0.0464644156140188,0.9030487804878048,229096.0,173267.0,10049.0,0.756307399518106,0.0438637077906205,3575.0,296.0,2698.0,2802.0,592.0,59.0,824.0,837.0,2983.0,237.0,1874.0,1965.0,0.1655944055944056,0.8344055944055944,0.1993243243243243,0.8006756756756757,0.3054114158636026,0.6945885841363973,0.2987152034261242,0.7012847965738758
1,active,2,green,18,15-18,132.0,776.28,5.880909090909091,4375.32,6424.68,134.0,32.651641791044774,0.1208278077663011,0.0205457703729991,69.0,219.76,3.184927536231884,0.0342055946755324,0.0107398345131586,62.0,242.4,3.9096774193548383,0.0377295055940529,0.0096502860842874,208,9033.52,43.43038461538462,1.4060653604537503,0.0323751533150289,16.0,23.08,1.4425,0.0035923968197637,0.0024903964088483,99.0,1208.04,12.20242424242424,0.1880311548590746,0.0154093277797493,81.0,592.64,7.316543209876543,0.0922442829837439,0.0126076318197949,45.0,209.36,4.652444444444445,0.032586837009781,0.007004239899886,11.0,22.6,2.0545454545454547,0.0035176849274983,0.0017121475310832,100.0,441.2,4.412,0.068672680973994,0.0155649775553023,2.0,4.76,2.38,0.0007408929316323,0.000311299551106,0.0,0.0,0.0,4.2,5.0,0.8400000000000001,0.0,0.0,0.0006537290573226,0.0007782488777651,0.0,1.0,0.0,1.0,334.77387670712636,6302.0,0.0531218465101755,0.0144665398354443,1.969355484654252,0.0493679191816562,0.980904885535155,109517.0,71436.33333333333,19950.0,0.6522853377405639,0.1821634997306354,45197.0,5855.0,11489.0,19539.0,10067.0,506.0,3141.0,7114.0,35130.0,5349.0,8348.0,12425.0,0.2227360223023652,0.7772639776976348,0.0864218616567036,0.9135781383432964,0.2733919401166333,0.7266080598833667,0.3640923281641844,0.6359076718358155
1,active,2,green,21,18-21,46.0,261.08,5.675652173913043,8300.8,2499.2000000000007,50.0,166.016,0.1044654289372598,0.0184058898847631,27.0,97.48,3.6103703703703705,0.0390044814340588,0.010803457106274,23.0,68.36,2.9721739130434783,0.0273527528809218,0.0092029449423815,70,10235.84,146.22628571428572,4.095646606914212,0.0280089628681177,5.0,8.12,1.624,0.0032490396927016,0.0020006402048655,40.0,515.4,12.885,0.2062259923175415,0.0160051216389244,27.0,182.84,6.771851851851852,0.0731594110115236,0.010803457106274,13.0,45.4,3.4923076923076923,0.0181658130601792,0.0052016645326504,4.0,8.92,2.23,0.0035691421254801,0.0016005121638924,27.0,143.0,5.296296296296297,0.0572183098591549,0.010803457106274,5.0,11.28,2.256,0.0045134443021766,0.0020006402048655,0.0,0.0,0.0,6.8,5.0,1.36,0.0,0.0,0.0027208706786171,0.0020006402048655,0.0,1.0,0.0,1.0,129.94221566484214,2458.0,0.052865018578048,0.0124061139382839,2.068539651675528,0.048724274148213,0.9835147247119076,207570.0,194602.33333333337,5548.0,0.9375262963498258,0.0267283326106855,17523.0,1375.0,4196.0,6573.0,11882.0,113.0,442.0,1477.0,5641.0,1262.0,3754.0,5096.0,0.6780802374022713,0.3219197625977287,0.0821818181818181,0.917818181818182,0.1053384175405147,0.8946615824594852,0.2247071352502662,0.7752928647497338
1,active,2,green,24,21-24,163.0,1591.76,9.765398773006137,1653.44,9146.56,136.0,12.15764705882353,0.1740282685512367,0.0178209075324493,67.0,208.2,3.107462686567164,0.0227626561242696,0.007325158310884,71.0,277.48,3.9081690140845073,0.0303370884791659,0.0077624811951159,247,7799.92,31.578623481781374,0.8527708777944932,0.0270046881013189,13.0,19.92,1.5323076923076924,0.0021778679634747,0.0014212993737536,65.0,1048.48,16.13046153846154,0.1146310744148619,0.0071064968687681,64.0,726.36,11.349375,0.0794134625476682,0.0069971661477101,25.0,174.96,6.9984,0.0191285029563027,0.0027332680264492,19.0,78.24,4.117894736842105,0.0085540356155756,0.0020772837001014,144.0,615.92,4.277222222222222,0.0673389777140258,0.0157436238323479,5.0,11.88,2.3760000000000003,0.0012988489661687,0.0005466536052898,4.6,5.0,0.92,4.4,5.0,0.8800000000000001,0.0005029213168666,0.0005466536052898,0.000481055172655,0.0005466536052898,0.5111111111111111,0.4888888888888889,0.5,0.5,432.3319991168344,9030.0,0.047877297798099,0.0105408606928916,2.0545544209663733,0.0444022180806847,0.987256411153483,41472.0,6061.333333333332,26512.0,0.1461548353909464,0.6392746913580247,44500.0,6374.0,12280.0,39957.0,26253.0,609.0,1196.0,11015.0,18247.0,5765.0,11084.0,28942.0,0.5899550561797753,0.4100449438202247,0.0955443991214308,0.9044556008785692,0.0973941368078175,0.9026058631921824,0.2756713466977,0.7243286533023
1,active,2,red,15,12-15,102.0,953.16,9.34470588235294,6803.68,3996.32,36.0,188.9911111111111,0.2385094286743804,0.0255234816030748,35.0,229.88,6.568,0.0575229210874004,0.0087580574128197,39.0,179.6,4.605128205128205,0.0449413460383552,0.0097589782599991,136,8752.44,64.35617647058824,2.190124914921728,0.0340313088040997,5.0,30.48,6.096,0.007627016855507,0.0012511510589742,13.0,45.8,3.523076923076923,0.0114605437002041,0.003252992753333,63.0,735.44,11.673650793650795,0.1840293069624054,0.0157645033430756,5.0,12.56,2.512,0.0031428914601433,0.0012511510589742,5.0,13.28,2.6559999999999997,0.0033230572126356,0.0012511510589742,63.0,379.92,6.0304761904761905,0.0950674620650998,0.0157645033430756,2.0,6.08,3.04,0.0015213996877126,0.0005004604235897,0.8,1.0,0.8,0.8,1.0,0.8,0.0002001841694358,0.0002502302117948,0.0002001841694358,0.0002502302117948,0.5,0.5,0.5,0.5,198.53359782454527,3865.0,0.0513670369533105,0.024335159763564,1.9158591421285232,0.0419056510251169,0.9671397685871,170128.0,150256.66666666666,650.0,0.8831977491457412,0.0038206526850371,19607.0,656.0,10311.0,23931.0,859.0,0.0,657.0,1762.0,18748.0,656.0,9654.0,22169.0,0.0438108838680063,0.9561891161319936,0.0,1.0,0.0637183590340413,0.9362816409659588,0.0736283481676486,0.9263716518323514
1,active,2,red,18,15-18,105.0,1365.12,13.001142857142856,3321.68,7478.32,45.0,73.81511111111111,0.1825436729104932,0.0140405866558264,67.0,566.2,8.450746268656717,0.0757121920431326,0.0089592314851463,48.0,286.48,5.968333333333334,0.038308069192011,0.0064185538998063,199,7960.16,40.0008040201005,1.064431583564223,0.0266102547096139,27.0,63.48,2.351111111111111,0.0084885375324939,0.003610436568641,45.0,393.16,8.73688888888889,0.0525733052343307,0.0060173942810684,89.0,1092.56,12.275955056179775,0.146096984349426,0.0119010686892243,39.0,631.52,16.19282051282051,0.0844467741417858,0.0052150750435926,24.0,85.2,3.5500000000000003,0.0113929331721563,0.0032092769499031,115.0,580.88,5.051130434782609,0.0776751997774901,0.0153777853849527,4.0,8.36,2.09,0.0011178981375496,0.0005348794916505,9.0,11.0,0.8181818181818182,0.8,1.0,0.8,0.0012034788562136,0.0014709186020389,0.0001069758983301,0.0001337198729126,0.9183673469387754,0.0816326530612244,0.9166666666666666,0.0833333333333333,278.41250600511313,7427.0,0.0374865364218544,0.0132161575791194,2.014838178171407,0.0333834828405356,0.9931374961221238,83087.0,65072.99999999999,8444.0,0.7831911129298205,0.1016284135905737,37277.0,17981.0,21432.0,34233.0,11103.0,1121.0,4081.0,7919.0,26174.0,16860.0,17351.0,26314.0,0.2978512219330955,0.7021487780669046,0.0623435848951671,0.9376564151048328,0.1904162000746547,0.8095837999253452,0.2313264978237373,0.7686735021762626
1,active,2,red,21,18-21,35.0,373.92,10.683428571428571,8262.64,2537.3600000000006,20.0,413.13199999999995,0.1473657659930005,0.0137938644890752,18.0,110.48,6.137777777777778,0.0435413185358009,0.0070939874515244,10.0,67.92,6.792,0.0267679793170854,0.0039411041397357,55,10088.8,183.43272727272725,3.9761011444966408,0.0216760727685468,15.0,34.12,2.2746666666666666,0.0134470473247785,0.0059116562096036,31.0,289.32,9.33290322580645,0.1140240249708358,0.0122174228331809,29.0,390.84,13.477241379310344,0.1540341141974335,0.0114292020052337,14.0,374.28,26.73428571428571,0.147507645742031,0.0055175457956301,5.0,15.12,3.024,0.0059589494592805,0.0019705520698678,21.0,62.6,2.980952380952381,0.024671311914746,0.0082763186934451,6.0,15.96,2.66,0.0062900022070183,0.0023646624838414,6.0,4.0,1.5,0.0,0.0,0.0,0.0023646624838414,0.0015764416558943,0.0,0.0,1.0,0.0,1.0,0.0,86.8227602705469,2518.0,0.0344808420454912,0.0115804846408208,2.0995054761776126,0.030750714511596,0.9923700223854712,206586.0,195057.0,4872.0,0.9441927332926724,0.0235833986814208,17064.0,9754.0,4488.0,9383.0,8914.0,690.0,758.0,1687.0,8150.0,9064.0,3730.0,7696.0,0.5223863103609939,0.4776136896390061,0.0707402091449661,0.929259790855034,0.1688948306595365,0.8311051693404634,0.179793243099222,0.820206756900778
1,active,2,red,24,21-24,101.0,1283.36,12.706534653465344,1369.76,9430.24,47.0,29.143829787234043,0.1360898556134308,0.0107102258267021,56.0,495.92,8.855714285714287,0.0525882692275064,0.0059383430326269,48.0,270.96,5.645,0.0287330969307249,0.0050900083136802,181,8060.32,44.532154696132594,0.8547311627275658,0.0191935730161692,18.0,37.64,2.091111111111111,0.0039914148526442,0.00190875311763,70.0,2023.6,28.908571428571427,0.2145862671575696,0.0074229287907836,38.0,597.12,15.713684210526315,0.0633197034221822,0.0040295899149968,32.0,589.2,18.4125,0.062479852050425,0.0033933388757868,25.0,272.52,10.900799999999998,0.0288985222009195,0.0026510459967084,138.0,621.88,4.506376811594203,0.0659452993773223,0.0146337739018307,9.0,20.6,2.288888888888889,0.0021844619012877,0.000954376558815,4.2,5.0,0.8400000000000001,1.8,2.0,0.9,0.000445375727447,0.0005302091993416,0.000190875311763,0.0002120836797366,0.7000000000000001,0.3,0.7142857142857143,0.2857142857142857,245.44961013955304,9386.0,0.0261506083677341,0.0075854815555885,2.1031807904018125,0.0237820919643415,0.9953087090042247,34291.0,5900.666666666665,18968.0,0.172076249356002,0.553148056341314,65626.0,21600.0,19276.0,32185.0,35177.0,1003.0,1878.0,10870.0,30449.0,20597.0,17398.0,21315.0,0.5360223082314937,0.4639776917685064,0.0464351851851851,0.9535648148148148,0.0974268520439925,0.9025731479560076,0.3377349697063849,0.662265030293615
1,active,2,yellow,15,12-15,4.0,41.28,10.32,8985.56,1814.4400000000005,33.0,272.28969696969693,0.022750821190009,0.0022045369370163,5.0,38.24,7.648000000000001,0.0210753731178765,0.0027556711712704,9.0,74.64,8.293333333333333,0.0411366592447256,0.0049602081082868,32,10491.48,327.85875,5.78221379599215,0.017636295496131,,,,,,23.0,179.72,7.81391304347826,0.0990498445801459,0.0126760873878441,29.0,154.96,5.34344827586207,0.0854037609400145,0.0159828927933687,2.0,6.28,3.14,0.0034611229911157,0.0011022684685081,3.0,6.32,2.106666666666667,0.0034831683604858,0.0016534027027622,22.0,134.92,6.132727272727272,0.0743590308855624,0.01212495315359,6.0,14.8,2.466666666666667,0.0081567866669606,0.0033068054055245,0.8,1.0,0.8,0.0,0.0,0.0,0.0004409073874032,0.000551134234254,0.0,0.0,1.0,0.0,1.0,0.0,55.038717432658935,1699.0,0.0323947718850258,0.00850288163729,1.952585487632503,0.025773358365986,0.936377063997707,224672.0,174781.6666666667,6042.0,0.7779414731994494,0.0268925366756872,8419.0,320.0,2836.0,1036.0,901.0,0.0,534.0,0.0,7518.0,320.0,2302.0,1036.0,0.1070198360850457,0.8929801639149543,0.0,1.0,0.1882933709449929,0.811706629055007,0.0,1.0
1,active,2,yellow,18,15-18,64.0,543.84,8.4975,4798.16,6001.84,67.0,71.61432835820895,0.0906122122549085,0.0106633965583887,22.0,110.0,5.0,0.0183277128347306,0.0036655425669461,27.0,136.08,5.04,0.0226730469322741,0.0044986204230702,124,9713.12,78.33161290322582,1.6183570371752662,0.0206603308318782,4.0,15.16,3.79,0.0025258920597683,0.0006664622848992,52.0,472.48,9.086153846153849,0.078722525092305,0.0086640097036908,125.0,1244.84,9.95872,0.2074097276835103,0.020826946403103,28.0,135.76,4.848571428571428,0.0226197299494821,0.004665235994295,13.0,76.52,5.886153846153846,0.0127494235101235,0.0021660024259227,91.0,334.36,3.6742857142857144,0.0557095823947322,0.015162016981459,10.0,25.32,2.532,0.0042187062634125,0.0016661557122482,0.8,1.0,0.8,8.2,10.0,0.82,0.0001332924569798,0.0001666155712248,0.0013662476840435,0.0016661557122482,0.0888888888888888,0.911111111111111,0.0909090909090909,0.9090909090909092,188.5278225955972,5933.0,0.0317761372991062,0.0080778141144474,2.075669104389436,0.0281273462952482,0.9885301840768832,120021.0,76697.33333333333,20616.0,0.6390326137370405,0.1717699402604544,43110.0,5348.0,6201.0,13660.0,13905.0,784.0,1611.0,4606.0,29205.0,4564.0,4590.0,9054.0,0.3225469728601252,0.6774530271398748,0.1465968586387434,0.8534031413612565,0.2597968069666183,0.7402031930333817,0.3371888726207906,0.6628111273792093
1,active,2,yellow,21,18-21,14.0,60.36,4.311428571428571,8505.8,2294.2000000000007,29.0,293.303448275862,0.0263098247755208,0.006102345044024,8.0,26.48,3.31,0.0115421497689826,0.0034870543108708,5.0,19.8,3.96,0.0086304594194054,0.0021794089442943,22,10698.56,486.2981818181818,4.66330747101386,0.0095893993548949,2.0,5.24,2.62,0.0022840205736204,0.0008717635777177,6.0,85.76,14.293333333333337,0.0373812222125359,0.0026152907331531,81.0,1382.04,17.06222222222222,0.6024060674745008,0.0353064248975677,5.0,16.36,3.272,0.0071310260657309,0.0021794089442943,7.0,91.28,13.04,0.0397872896870368,0.003051172522012,32.0,122.4,3.825,0.0533519309563246,0.0139482172434835,6.0,13.96,2.3266666666666667,0.0060849097724697,0.0026152907331531,,,,,,,,,,,,,,,45.8903593761059,2267.0,0.0202427699056488,0.0043367292360325,2.2976467887629033,0.0184676193010458,0.9881440153430386,212674.0,200066.0,1188.0,0.9407167777913614,0.0055860142753698,36782.0,2703.0,1170.0,1523.0,18168.0,562.0,352.0,442.0,18614.0,2141.0,818.0,1081.0,0.4939372519166984,0.5060627480833017,0.2079171291157972,0.7920828708842027,0.3008547008547008,0.6991452991452991,0.2902166776099803,0.7097833223900197
1,active,2,yellow,24,21-24,74.0,1047.48,14.155135135135136,878.84,9921.16,81.0,10.849876543209875,0.1055803958408089,0.0074588052203572,23.0,78.48,3.4121739130434783,0.0079103653201843,0.0023182772982191,35.0,194.8,5.565714285714286,0.0196348007692648,0.0035278132798987,150,8788.88,58.59253333333333,0.8858722165553221,0.0151191997709945,7.0,12.24,1.7485714285714289,0.0012337267013131,0.0007055626559797,14.0,163.08,11.64857142857143,0.0164375939910252,0.0014111253119594,199.0,3661.28,18.398391959798996,0.3690374915836454,0.0200581383628527,13.0,61.08,4.6984615384615385,0.0061565381467489,0.0013103306468195,22.0,145.52,6.614545454545455,0.0146676396711674,0.0022174826330791,99.0,392.12,3.9608080808080808,0.0395236040946824,0.0099786718488563,24.0,62.08,2.5866666666666664,0.0062573328118889,0.0024190719633591,2.8,3.0,0.9333333333333332,2.4,3.0,0.7999999999999999,0.0002822250623918,0.0003023839954198,0.0002419071963359,0.0003023839954198,0.5384615384615385,0.4615384615384615,0.5,0.5,240.2556907387805,9838.0,0.0244211923906058,0.0056507301117422,2.210952955770316,0.0214033882019231,0.9916179156469608,22052.0,2945.0,15308.0,0.133547977507709,0.6941773988753854,95822.0,5200.0,6890.0,26261.0,46596.0,797.0,1263.0,7803.0,49226.0,4403.0,5627.0,18458.0,0.4862766379328338,0.5137233620671662,0.1532692307692307,0.8467307692307692,0.1833091436865021,0.8166908563134978,0.297132630135943,0.702867369864057
1,active,3,blue,15,12-15,31.0,233.36,7.527741935483872,6715.32,4084.68,26.0,258.28153846153845,0.0571305463341069,0.0075893338033823,27.0,120.36,4.457777777777777,0.0294662005346808,0.0066100649255266,11.0,73.64,6.694545454545454,0.0180283400413251,0.0026929894141034,72,10003.72,138.94055555555553,2.449082914695888,0.0176268398014042,4.0,11.08,2.77,0.0027125747916605,0.0009792688778557,27.0,481.4,17.82962962962963,0.1178550094499446,0.0066100649255266,61.0,1347.96,22.097704918032782,0.3300038191486236,0.0149338503873008,12.0,53.44,4.453333333333333,0.0130830322081533,0.0029378066335673,15.0,73.24,4.882666666666666,0.0179304131535395,0.0036722582919592,66.0,272.04,4.121818181818182,0.0666000763829724,0.0161579364846205,4.0,10.16,2.54,0.0024873429497537,0.0009792688778557,3.8,4.0,0.95,4.8,4.0,1.2,0.000930305433963,0.0009792688778557,0.0011751226534269,0.0009792688778557,0.4418604651162791,0.5581395348837209,0.5,0.5,110.18728825372683,3967.0,0.027775973847675,0.0042818378234527,2.0936619501683857,0.026959870650622,0.9711899096134826,167909.0,147072.3333333333,3200.0,0.8759050040994426,0.0190579420995896,45822.0,3194.0,4888.0,5865.0,5632.0,136.0,210.0,825.0,40190.0,3058.0,4678.0,5040.0,0.1229103923879359,0.8770896076120641,0.0425798371947401,0.95742016280526,0.042962356792144,0.957037643207856,0.1406649616368286,0.8593350383631714
1,active,3,blue,18,15-18,18.0,232.44,12.913333333333334,8729.4,2070.6000000000004,15.0,581.9599999999999,0.1122573167197913,0.0086931324253839,15.0,58.6,3.9066666666666663,0.0283009755626388,0.0072442770211532,12.0,63.68,5.306666666666667,0.0307543707138027,0.0057954216169226,42,10152.68,241.7304761904762,4.903255095141504,0.0202839756592292,2.0,5.4,2.7,0.0026079397276151,0.0009659036028204,4.0,9.44,2.36,0.0045590650053124,0.0019318072056408,29.0,669.92,23.100689655172413,0.323539070800734,0.0140056022408963,4.0,12.2,3.05,0.0058920119772046,0.0019318072056408,10.0,43.6,4.36,0.0210566985414855,0.0048295180141021,35.0,146.8,4.194285714285715,0.0708973244470201,0.0169033130493576,,,,,,0.8,1.0,0.8,0.0,0.0,0.0,0.0003863614411281,0.0004829518014102,0.0,0.0,1.0,0.0,1.0,0.0,58.34232084777746,2056.0,0.0283766151983353,0.0053567119137533,2.089945828899741,0.0286770620144728,0.9929489036994106,218250.0,187128.66666666663,5983.0,0.8574051164566628,0.0274135166093929,17017.0,1409.0,3084.0,5829.0,2192.0,0.0,464.0,724.0,14825.0,1409.0,2620.0,5105.0,0.1288123641064817,0.8711876358935182,0.0,1.0,0.1504539559014267,0.8495460440985733,0.124206553439698,0.8757934465603019
1,active,3,blue,21,18-21,58.0,419.6,7.23448275862069,6512.36,4287.64,29.0,224.56413793103448,0.0978626936962991,0.0135272550867143,26.0,125.0,4.8076923076923075,0.0291535669972292,0.0060639419354236,11.0,50.52,4.592727272727273,0.0117827056376001,0.0025655138957561,98,8657.52,88.34204081632653,2.019180714798817,0.0228563965258277,3.0,7.24,2.4133333333333336,0.0016885746004795,0.0006996856079335,13.0,115.72,8.901538461538461,0.0269892061833549,0.0030319709677118,61.0,852.84,13.980983606557375,0.1989066246233359,0.0142269406946478,6.0,28.64,4.773333333333333,0.0066796652704051,0.001399371215867,9.0,81.64,9.071111111111112,0.0190407776772303,0.0020990568238005,43.0,178.28,4.146046511627907,0.0415799833941282,0.0100288270470468,4.0,10.48,2.62,0.0024442350570477,0.0009329141439113,6.0,6.0,1.0,3.0,3.0,1.0,0.001399371215867,0.001399371215867,0.0006996856079335,0.0006996856079335,0.6666666666666666,0.3333333333333333,0.6666666666666666,0.3333333333333333,105.01609680775805,3305.0,0.0317749158268556,0.0066300782088241,2.067443635771648,0.0297585050923585,0.7708203114067412,162838.0,126131.66666666666,15169.0,0.7745837376206208,0.0931539321288642,24288.0,2772.0,4425.0,10548.0,8564.0,183.0,868.0,3311.0,15724.0,2589.0,3557.0,7237.0,0.3526021080368906,0.6473978919631094,0.066017316017316,0.933982683982684,0.1961581920903954,0.8038418079096045,0.3138983693591202,0.6861016306408798
1,active,3,blue,24,21-24,90.0,764.44,8.493777777777778,2967.92,7832.08,48.0,61.83166666666667,0.0976037016986547,0.0114912002941747,46.0,158.16,3.4382608695652173,0.020193869316963,0.0058732801503559,20.0,104.64,5.232,0.0133604355420271,0.0025536000653721,142,8360.32,58.875492957746474,1.0674456849266094,0.0181305604641423,5.0,12.4,2.48,0.0015832320405307,0.000638400016343,10.0,92.8,9.28,0.0118487043033268,0.001276800032686,67.0,2153.72,32.14507462686567,0.2749869766396666,0.0085545602189967,15.0,118.72,7.914666666666666,0.0151581699880491,0.0019152000490291,22.0,132.52,6.023636363636364,0.0169201540331559,0.0028089600719093,124.0,558.04,4.500322580645161,0.071250549024014,0.0158323204053074,16.0,42.32,2.645,0.0054034177383274,0.0020428800522977,7.6,8.0,0.95,2.6,3.0,0.8666666666666667,0.0009703680248414,0.0010214400261488,0.0003319680084983,0.0003830400098058,0.7450980392156863,0.2549019607843137,0.7272727272727273,0.2727272727272727,222.80989438850497,7785.0,0.0286204103260764,0.0046363734422946,2.135036947945932,0.0268156637317571,0.993988825446114,74246.0,44459.0,11307.0,0.5988066697195809,0.1522910325135361,56240.0,6318.0,6636.0,19201.0,13633.0,130.0,580.0,4040.0,42607.0,6188.0,6056.0,15161.0,0.2424075391180654,0.7575924608819345,0.0205761316872428,0.9794238683127572,0.0874020494273658,0.9125979505726342,0.2104057080360397,0.7895942919639602
1,active,3,green,15,12-15,64.0,421.36,6.58375,6485.68,4314.32,75.0,86.47573333333334,0.0976654490162992,0.0148343191974633,57.0,256.88,4.506666666666667,0.0595412486788184,0.0132118155352407,44.0,195.92,4.452727272727272,0.0454115596432346,0.010198594448256,142,9267.84,65.26647887323944,2.148157762984665,0.0329136457193717,11.0,26.28,2.389090909090909,0.0060913423204583,0.002549648612064,28.0,269.28,9.617142857142856,0.0624153980233269,0.0064900146488902,54.0,627.4,11.61851851851852,0.1454226853826327,0.0125164568228596,12.0,67.8,5.6499999999999995,0.0157151068998127,0.0027814348495243,10.0,52.04,5.204,0.0120621557974373,0.0023178623746036,78.0,352.2,4.515384615384615,0.0816351128335404,0.0180793265219084,4.0,10.44,2.61,0.0024198483190862,0.0009271449498414,3.8,4.0,0.95,0.0,0.0,0.0,0.0008807877023493,0.0009271449498414,0.0,0.0,1.0,0.0,1.0,0.0,205.44558471046855,4154.0,0.049457290493613,0.0110931487757784,2.009399700413159,0.0462735262275912,0.9628400304103544,162217.0,137824.3333333333,7660.0,0.8496294058781343,0.0472206982005585,22499.0,3018.0,11421.0,10598.0,2891.0,231.0,1312.0,1039.0,19608.0,2787.0,10109.0,9559.0,0.1284945997599893,0.8715054002400107,0.0765407554671968,0.9234592445328031,0.1148761054198406,0.8851238945801594,0.098037365540668,0.901962634459332
1,active,3,green,18,15-18,38.0,251.76,6.625263157894737,8013.92,2786.08,64.0,125.2175,0.0903635215069201,0.0136392350542697,36.0,147.32,4.092222222222222,0.0528771607419743,0.0129213805777292,26.0,103.52,3.981538461538461,0.037156147705737,0.0093321081950267,92,9798.48,106.50521739130434,3.516941365646356,0.0330213059208637,8.0,17.4,2.175,0.0062453339459024,0.002871417906162,5.0,15.68,3.136,0.0056279790960776,0.0017946361913512,68.0,560.16,8.237647058823528,0.2010566817894676,0.0244070522023775,3.0,17.72,5.906666666666666,0.0063601906621489,0.0010767817148107,10.0,55.44,5.544,0.019898926089703,0.0035892723827025,42.0,202.6,4.8238095238095235,0.0727186584735542,0.0150749440073508,1.0,2.04,2.04,0.0007322115660713,0.0003589272382702,1.0,1.0,1.0,0.0,0.0,0.0,0.0003589272382702,0.0003589272382702,0.0,0.0,1.0,0.0,1.0,0.0,143.74184846687632,2728.0,0.0526912934262743,0.0096561513582608,2.0061454641993532,0.0523952954307906,0.9791535060012636,200412.0,180375.0,3965.0,0.9000209568289324,0.0197842444564197,14469.0,1842.0,6333.0,6332.0,1314.0,46.0,574.0,1061.0,13155.0,1796.0,5759.0,5271.0,0.0908148455318266,0.9091851544681734,0.0249728555917481,0.975027144408252,0.0906363492815411,0.9093636507184588,0.1675615919140871,0.8324384080859129
1,active,3,green,21,18-21,67.0,518.32,7.736119402985075,5009.52,5790.48,86.0,58.25023255813954,0.0895124411102361,0.0115707160718973,54.0,230.4,4.266666666666667,0.0397894475069424,0.0093256517594396,39.0,162.64,4.1702564102564095,0.0280874815213937,0.006735192937373,152,8218.68,54.070263157894736,1.4193434741161357,0.0262499827302745,11.0,34.76,3.1599999999999997,0.0060029565770022,0.0018996698028488,15.0,254.12,16.941333333333333,0.0438858263909036,0.0025904588220665,73.0,717.96,9.835068493150686,0.123989721059394,0.0126068996007239,16.0,77.56,4.8475,0.0133943990826321,0.002763156076871,9.0,40.84,4.537777777777778,0.0070529558862132,0.0015542752932399,79.0,299.8,3.79493670886076,0.0517746369903704,0.0136430831295505,7.0,15.96,2.28,0.0027562481866788,0.001208880783631,1.6,2.0,0.8,3.0,3.0,1.0,0.0002763156076871,0.0003453945096088,0.0005180917644133,0.0005180917644133,0.3478260869565218,0.6521739130434783,0.4,0.6,240.61186898831872,4762.0,0.0505274819379081,0.0092037831361511,2.044992491586943,0.0489074598550794,0.822384327378732,125324.0,108174.66666666669,6189.0,0.8631600225548711,0.0493839966806038,24390.0,2985.0,9919.0,13025.0,7430.0,252.0,1363.0,2905.0,16960.0,2733.0,8556.0,10120.0,0.3046330463304633,0.6953669536695367,0.0844221105527638,0.9155778894472362,0.1374130456699264,0.8625869543300736,0.2230326295585412,0.7769673704414587
1,active,3,green,24,21-24,65.0,546.32,8.404923076923078,4574.96,6225.04,170.0,26.911529411764707,0.0877616850654775,0.0104416999730122,63.0,306.96,4.8723809523809525,0.0493105265187051,0.0101204168969195,42.0,158.76,3.78,0.0255034505802372,0.0067469445979463,136,9101.16,66.92029411764706,1.4620243404058448,0.0218472491743024,16.0,44.2,2.7625,0.0071003559816483,0.0025702646087414,21.0,161.24,7.6780952380952385,0.0259018415945921,0.0033734722989731,67.0,999.96,14.924776119402985,0.16063511238482,0.0107629830491049,23.0,142.56,6.1982608695652175,0.0229010576638864,0.0036947553750658,15.0,67.28,4.485333333333333,0.0108079626797578,0.0024096230706951,87.0,375.16,4.312183908045977,0.0602662794134656,0.0139758138100317,6.0,14.92,2.486666666666667,0.0023967717476514,0.000963849228278,2.6,3.0,0.8666666666666667,4.2,5.0,0.8400000000000001,0.0004176679989204,0.000481924614139,0.0006746944597946,0.0008032076902317,0.3823529411764705,0.6176470588235293,0.375,0.625,268.1783347933182,6098.0,0.0439780804843093,0.0084099205855067,2.068602549916615,0.0416171931031474,0.9795920990065928,114544.0,53995.66666666666,25650.0,0.4713967267309213,0.2239314150020952,29118.0,5284.0,11748.0,13723.0,5003.0,73.0,1437.0,2240.0,24115.0,5211.0,10311.0,11483.0,0.1718181193763308,0.8281818806236692,0.0138152914458743,0.9861847085541257,0.1223186925434116,0.8776813074565883,0.1632296145157764,0.8367703854842236
1,active,3,red,15,12-15,22.0,182.76,8.307272727272727,7762.12,3037.88,32.0,242.56625,0.0601603749983541,0.0072418923723122,18.0,93.88,5.2155555555555555,0.0309031298142125,0.0059251846682554,9.0,51.72,5.746666666666666,0.0170250306134541,0.0029625923341277,51,10214.32,200.2807843137255,3.362318458925303,0.0167880232267239,2.0,3.16,1.58,0.0010401990862048,0.0006583538520283,32.0,317.96,9.93625,0.1046650953954731,0.0105336616324542,32.0,460.64,14.395,0.1516320591991783,0.0105336616324542,11.0,86.48,7.861818181818182,0.0284672205617075,0.0036209461861561,4.0,27.32,6.83,0.0089931136187077,0.0013167077040567,34.0,224.64,6.607058823529411,0.0739463046598285,0.0111920154844826,8.0,21.0,2.625,0.006912715446298,0.0026334154081135,3.8,3.0,1.2666666666666666,4.0,4.0,1.0,0.0012508723188539,0.0009875307780425,0.0013167077040567,0.0013167077040567,0.4871794871794871,0.5128205128205129,0.4285714285714285,0.5714285714285714,94.3180208612559,2913.0,0.0323783113152268,0.0062148350522192,2.0698090381931737,0.0308980170136081,0.9588923854793474,194085.0,159655.0,6906.0,0.8226034984671664,0.0355823479403354,19529.0,2860.0,3667.0,4591.0,6025.0,40.0,605.0,625.0,13504.0,2820.0,3062.0,3966.0,0.3085155409903221,0.6914844590096779,0.0139860139860139,0.986013986013986,0.1649850013635124,0.8350149986364875,0.1361359181006316,0.8638640818993684
1,active,3,red,18,15-18,26.0,170.04,6.54,7971.84,2828.16,37.0,215.45513513513515,0.0601238968092328,0.009193256392849,17.0,145.36,8.550588235294118,0.051397374971713,0.0060109753337859,6.0,22.92,3.82,0.0081042090970807,0.002121520706042,60,9903.72,165.06199999999998,3.5018245078071963,0.0212152070604209,2.0,10.08,5.04,0.0035641547861507,0.0007071735686806,14.0,343.92,24.56571428571429,0.1216055668703326,0.0049502149807648,38.0,813.32,21.403157894736843,0.2875792034396923,0.0134362978049332,8.0,65.68,8.21,0.023223579995474,0.0028286942747227,2.0,3.2,1.6,0.0011314777098891,0.0007071735686806,60.0,276.88,4.6146666666666665,0.0979011088481557,0.0212152070604209,3.0,6.76,2.2533333333333334,0.0023902466621407,0.001060760353021,,,,,,,,,,,,,,,74.76883544136906,2789.0,0.0268084745218246,0.005040369951468,2.1160611741616893,0.0245791654056795,0.986153541525232,199333.0,178806.0,1223.0,0.8970215669256972,0.0061354617649862,28983.0,1732.0,4230.0,4277.0,3472.0,37.0,632.0,264.0,25511.0,1695.0,3598.0,4013.0,0.1197943622123313,0.8802056377876686,0.0213625866050808,0.9786374133949192,0.1494089834515366,0.8505910165484634,0.0617255085340191,0.9382744914659809
1,active,3,red,21,18-21,51.0,428.64,8.40470588235294,5750.84,5049.16,57.0,100.8919298245614,0.0848933287913237,0.010100690015765,27.0,211.68,7.84,0.0419238051477869,0.0053474241259932,6.0,28.2,4.7,0.0055850874204818,0.0011883164724429,83,8817.32,106.23277108433734,1.746294433133432,0.016438377868794,1.0,1.88,1.88,0.0003723391613654,0.0001980527454071,26.0,916.64,35.255384615384614,0.1815430685500162,0.005149371380586,19.0,451.28,23.75157894736842,0.0893772429473417,0.0037630021627359,8.0,81.36,10.17,0.0161135713663262,0.0015844219632572,5.0,8.28,1.656,0.0016398767319712,0.0009902637270357,54.0,226.64,4.1970370370370365,0.044886674219078,0.0106948482519864,8.0,19.32,2.415,0.0038263790412662,0.0015844219632572,3.2,3.0,1.0666666666666669,5.6,6.0,0.9333333333333332,0.0006337687853029,0.0005941582362214,0.00110909537428,0.0011883164724429,0.3636363636363636,0.6363636363636362,0.3333333333333333,0.6666666666666666,101.91939304167792,4043.0,0.0252088530897051,0.0053495041762029,2.054898565554421,0.0230497610722117,0.8007272496811351,143828.0,122114.0,5537.0,0.8490280056734433,0.0384973718608337,34243.0,2254.0,6030.0,10767.0,10967.0,246.0,1504.0,3769.0,23276.0,2008.0,4526.0,6998.0,0.3202698361708962,0.6797301638291038,0.1091393078970718,0.8908606921029282,0.2494195688225539,0.7505804311774461,0.3500510820098449,0.6499489179901551
1,active,3,red,24,21-24,101.0,972.84,9.632079207920793,2431.72,8368.28,67.0,36.29432835820895,0.1162532802439688,0.0120693858236101,39.0,226.08,5.796923076923077,0.0270163044257601,0.004660455912087,13.0,69.32,5.332307692307692,0.0082836616365609,0.001553485304029,147,8418.12,57.266122448979594,1.0059558236579085,0.017566333822482,8.0,24.08,3.01,0.0028775327785399,0.0009559909563255,32.0,812.96,25.405,0.0971478009818027,0.0038239638253022,53.0,1302.32,24.572075471698113,0.1556257677802368,0.0063334400856567,23.0,153.88,6.690434782608696,0.018388486044922,0.0027484739994359,7.0,37.36,5.337142857142857,0.0044644777660403,0.0008364920867848,134.0,660.0,4.925373134328358,0.0788692538968581,0.016012848518453,14.0,39.72,2.837142857142857,0.0047464950981563,0.0016729841735697,5.4,6.0,0.9,7.8,8.0,0.975,0.0006452938955197,0.0007169932172441,0.0009320911824174,0.0009559909563255,0.4090909090909091,0.5909090909090909,0.4285714285714285,0.5714285714285714,213.78161533414536,8301.0,0.0257537182669733,0.0056737153889595,2.0684956840916486,0.0235795730381377,0.991960116057302,60860.0,35138.666666666664,10447.0,0.577368824624822,0.1716562602694709,52967.0,4811.0,7437.0,24422.0,14806.0,70.0,1184.0,4323.0,38161.0,4741.0,6253.0,20099.0,0.2795325391281363,0.7204674608718636,0.0145499896071502,0.9854500103928496,0.1592039800995024,0.8407960199004975,0.1770125296863483,0.8229874703136516
1,active,3,yellow,15,12-15,25.0,148.84,5.9536,8152.4,2647.6000000000004,51.0,159.85098039215686,0.0562169512010877,0.0094425139749206,11.0,52.08,4.734545454545454,0.0196706451125547,0.0041547061489651,21.0,180.84,8.611428571428572,0.0683033690889862,0.0079317117389333,61,10188.0,167.01639344262296,3.848013295059676,0.0230397340988064,,,,,,11.0,85.28,7.752727272727273,0.0322103036712494,0.0041547061489651,29.0,209.04,7.208275862068965,0.0789545248526967,0.0109533162109079,8.0,38.36,4.795,0.0144885934431182,0.0030216044719746,2.0,24.44,12.22,0.0092310016618824,0.0007554011179936,29.0,122.72,4.231724137931034,0.0463514126000906,0.0109533162109079,1.0,2.0,2.0,0.0007554011179936,0.0003777005589968,0.0,0.0,0.0,2.6,3.0,0.8666666666666667,0.0,0.0,0.0009820214533917,0.0011331016769904,0.0,1.0,0.0,1.0,101.95513154099952,2509.0,0.0406357638664804,0.0094862580386838,2.113681523694692,0.0376648240754562,0.9476507025230396,203861.0,159993.66666666666,12982.0,0.7848174327932594,0.0636806451454667,7398.0,1580.0,5855.0,3746.0,3424.0,135.0,968.0,825.0,3974.0,1445.0,4887.0,2921.0,0.4628277912949445,0.5371722087050554,0.0854430379746835,0.9145569620253164,0.16532877882152,0.8346712211784799,0.2202349172450614,0.7797650827549386
1,active,3,yellow,18,15-18,18.0,50.8,2.822222222222222,9017.64,1782.3600000000006,58.0,155.47655172413792,0.028501537287641,0.0100989699050696,13.0,78.04,6.003076923076923,0.0437846450773132,0.0072937004869947,20.0,114.64,5.732,0.0643192172176215,0.0112210776722996,49,10500.52,214.29632653061225,5.891357525976793,0.0274916402971341,1.0,13.52,13.52,0.0075854485064745,0.0005610538836149,4.0,19.88,4.97,0.0111537512062658,0.0022442155344599,40.0,224.16,5.604,0.1257658385511344,0.0224421553445992,4.0,34.04,8.51,0.0190982741982539,0.0022442155344599,2.0,23.24,11.62,0.0130388922552121,0.0011221077672299,17.0,99.2,5.835294117647059,0.0556565452546062,0.0095379160214546,,,,,,0.0,0.0,0.0,1.8,2.0,0.9,0.0,0.0,0.0010098969905069,0.0011221077672299,0.0,1.0,0.0,1.0,88.38781207445511,1721.0,0.0513584032971848,0.0116022278225586,2.143879808499887,0.0453770439941806,0.9655737337013844,225499.0,190960.3333333333,8665.0,0.8468345018529275,0.0384258910239069,6145.0,1438.0,4850.0,1288.0,997.0,83.0,860.0,513.0,5148.0,1355.0,3990.0,775.0,0.1622457282343368,0.8377542717656632,0.0577190542420027,0.9422809457579971,0.177319587628866,0.822680412371134,0.3982919254658385,0.6017080745341615
1,active,3,yellow,21,18-21,33.0,215.44,6.528484848484848,6608.68,4191.32,88.0,75.09863636363637,0.0514014677953484,0.0078734145806094,16.0,109.4,6.8375,0.0261015622763234,0.0038174131299924,19.0,89.64,4.717894736842105,0.0213870570607827,0.004533178091866,71,9300.6,130.9943661971831,2.219014534800493,0.0169397707643415,1.0,1.32,1.32,0.0003149365832243,0.0002385883206245,9.0,25.64,2.848888888888889,0.0061174045408129,0.0021472948856207,69.0,589.96,8.550144927536232,0.140757565635647,0.0164625941230924,4.0,34.64,8.66,0.0082646994264336,0.0009543532824981,3.0,16.48,5.493333333333333,0.0039319355238922,0.0007157649618735,34.0,135.08,3.972941176470589,0.0322285103499613,0.0081120029012339,2.0,4.76,2.38,0.0011356804061727,0.000477176641249,0.8,1.0,0.8,0.0,0.0,0.0,0.0001908706564996,0.0002385883206245,0.0,0.0,1.0,0.0,1.0,0.0,120.01645015899842,3170.0,0.0378600789145105,0.0074565005006867,2.1559248019730037,0.0357055587448244,0.7563249763797563,165305.0,130414.33333333331,10900.0,0.7889315709345351,0.0659387193369831,15468.0,1285.0,5011.0,5419.0,5847.0,189.0,1485.0,1961.0,9621.0,1096.0,3526.0,3458.0,0.3780062063615205,0.6219937936384794,0.1470817120622568,0.8529182879377432,0.2963480343244861,0.7036519656755139,0.3618748846650673,0.6381251153349327
1,active,3,yellow,24,21-24,55.0,419.52,7.6276363636363635,4797.04,6002.96,110.0,43.60945454545455,0.0698855231419166,0.0091621466743073,24.0,158.88,6.62,0.0264669429747991,0.0039980276396977,25.0,137.56,5.5024,0.0229153617548675,0.0041646121246851,122,9789.4,80.24098360655738,1.6307621573357145,0.0203233071684635,3.0,11.16,3.72,0.0018590828524594,0.0004997534549622,19.0,177.88,9.362105263157895,0.0296320481895598,0.0031651052147607,73.0,625.88,8.573698630136986,0.1042618974639178,0.0121606674040806,12.0,128.24,10.686666666666667,0.0213627943547849,0.0019990138198488,10.0,38.44,3.844,0.0064035076029158,0.001665844849874,62.0,274.84,4.432903225806451,0.0457840798539387,0.0103282380692191,2.0,4.2,2.1,0.0006996548369471,0.0003331689699748,0.8,1.0,0.8,1.8,2.0,0.9,0.0001332675879899,0.0001665844849874,0.0002998520729773,0.0003331689699748,0.3076923076923077,0.6923076923076923,0.3333333333333333,0.6666666666666666,211.28944395821244,5898.0,0.0358239138620231,0.0080484667951532,2.10610760255528,0.0335943975080286,0.982515292455722,120036.0,53816.66666666666,30022.0,0.4483377209059503,0.2501083008430804,20186.0,4189.0,7460.0,10543.0,5344.0,79.0,1147.0,3257.0,14842.0,4110.0,6313.0,7286.0,0.264737937184187,0.735262062815813,0.0188589162091191,0.9811410837908808,0.1537533512064343,0.8462466487935657,0.3089253533149957,0.6910746466850043
1,active,4,blue,15,12-15,36.0,193.68,5.38,7037.96,3762.04,43.0,163.67348837209303,0.0514827061913217,0.00956927624374,31.0,142.4,4.593548387096774,0.0378518038085719,0.0082402100987761,19.0,79.36,4.176842105263158,0.021094937852867,0.0050504513508628,115,9872.88,85.8511304347826,2.6243421122582427,0.0305685213341697,17.0,38.08,2.24,0.010122167760045,0.0045188248928772,19.0,124.64,6.56,0.0331309608616601,0.0050504513508628,65.0,859.4,13.22153846153846,0.2284398889963955,0.0172778598845307,22.0,92.84,4.22,0.0246781001796897,0.0058478910378411,25.0,91.72,3.6688,0.0243803893632178,0.0066453307248195,71.0,312.12,4.396056338028169,0.0829656250332266,0.0188727392584874,,,,,,11.6,11.0,1.0545454545454545,1.2,1.0,1.2,0.0030834334563162,0.0029239455189205,0.0003189758747913,0.0002658132289927,0.90625,0.09375,0.9166666666666666,0.0833333333333333,175.52672377794926,3629.0,0.0483677938214244,0.012208606883368,2.0315021244645535,0.0454385223540444,0.9646362080148004,175992.0,153478.6666666667,7976.0,0.8720775186750914,0.045320241829174,24685.0,4661.0,5594.0,4878.0,1830.0,279.0,1294.0,1166.0,22855.0,4382.0,4300.0,3712.0,0.0741340895280534,0.9258659104719466,0.059858399485089,0.9401416005149108,0.2313192706471219,0.7686807293528781,0.2390323903239032,0.7609676096760968
1,active,4,blue,18,15-18,40.0,260.92,6.523000000000001,7298.52,3501.4799999999996,46.0,158.66347826086957,0.0745170613569119,0.0114237408181683,30.0,158.28,5.276,0.045203742417492,0.0085678056136262,20.0,96.52,4.826,0.0275654865942401,0.0057118704090841,104,9751.48,93.76423076923076,2.7849595028387997,0.0297017261272376,9.0,13.76,1.528888888888889,0.0039297668414499,0.0025703416840878,4.0,13.28,3.32,0.0037926819516318,0.0011423740818168,33.0,668.36,20.253333333333337,0.1908792853307744,0.0094245861749888,14.0,53.48,3.82,0.015273541473891,0.0039983092863589,29.0,153.64,5.297931034482758,0.0438785884825845,0.008282212093172,66.0,322.28,4.883030303030303,0.0920410797719821,0.0188491723499777,1.0,2.28,2.28,0.0006511532266355,0.0002855935204542,1.8,2.0,0.9,3.6,4.0,0.9,0.0005140683368175,0.0005711870409084,0.0010281366736351,0.0011423740818168,0.3333333333333333,0.6666666666666666,0.3333333333333333,0.6666666666666666,155.59887847420515,3449.0,0.0451142007753566,0.0104635974191593,2.012331323353747,0.0437887600961038,0.9850120520465632,182509.0,154394.0,9826.0,0.8459528023275564,0.0538384408440131,17078.0,5221.0,6420.0,6563.0,411.0,228.0,1407.0,2329.0,16667.0,4993.0,5013.0,4234.0,0.0240660498887457,0.9759339501112544,0.0436697950584179,0.956330204941582,0.2191588785046729,0.7808411214953271,0.3548682005180558,0.6451317994819442
1,active,4,blue,21,18-21,45.0,216.4,4.808888888888889,7133.64,3666.36,51.0,139.87529411764706,0.0590231182971666,0.0122737538048636,31.0,109.8,3.541935483870968,0.0299479592838673,0.0084552526211283,28.0,132.88,4.7457142857142856,0.0362430312353396,0.0076370023674707,116,9855.24,84.95896551724138,2.6880175432854383,0.031639009808093,17.0,32.04,1.8847058823529412,0.0087389127090629,0.0046367514373929,41.0,337.56,8.233170731707316,0.0920695185415507,0.0111827534666535,30.0,234.36,7.812,0.06392170981573,0.0081825025365757,18.0,74.4,4.133333333333334,0.0202926062907079,0.0049095015219454,32.0,110.52,3.45375,0.0301443393447451,0.0087280027056808,59.0,299.6,5.077966101694916,0.0817159253319368,0.016092254988599,3.0,6.68,2.2266666666666666,0.0018219705648108,0.0008182502536575,1.8,2.0,0.9,7.2,7.0,1.0285714285714287,0.0004909501521945,0.000545500169105,0.0019638006087781,0.0019092505918676,0.2,0.8,0.2222222222222222,0.7777777777777778,189.96965507450875,3618.0,0.0525068145590129,0.013855866127792,2.0494300700031074,0.0486994819695044,0.9868098059110398,178392.0,128182.0,8710.0,0.7185411901879009,0.0488250594197049,14369.0,4673.0,6126.0,5455.0,4931.0,456.0,1589.0,2201.0,9438.0,4217.0,4537.0,3254.0,0.3431693228477973,0.6568306771522027,0.0975818531992296,0.9024181468007704,0.2593862226575253,0.7406137773424747,0.4034830430797433,0.5965169569202566
1,active,4,blue,24,21-24,34.0,307.24,9.036470588235296,8314.04,2485.959999999999,30.0,277.1346666666667,0.1235900818999501,0.0136768089591143,24.0,125.64,5.235,0.050539831694798,0.0096542180887866,20.0,72.88,3.644,0.0293166422629487,0.0080451817406555,87,9966.76,114.56045977011496,4.009219778274793,0.0349965405718515,8.0,21.24,2.655,0.0085439830085761,0.0032180726962622,29.0,235.88,8.133793103448276,0.0948848734492912,0.0116655135239505,24.0,170.2,7.091666666666666,0.0684644966129785,0.0096542180887866,13.0,81.68,6.283076923076924,0.0328565222288371,0.005229368131426,15.0,73.96,4.930666666666666,0.0297510820769441,0.0060338863054916,33.0,122.32,3.7066666666666666,0.0492043315258491,0.0132745498720816,2.0,6.44,3.22,0.002590548520491,0.0008045181740655,3.6,4.0,0.9,2.0,2.0,1.0,0.0014481327133179,0.0016090363481311,0.0008045181740655,0.0008045181740655,0.6428571428571429,0.3571428571428571,0.6666666666666666,0.3333333333333333,117.55085727523196,2459.0,0.0478043339874875,0.0123144921710614,2.045354292565274,0.0463598914526729,0.9891550950135968,207881.0,183702.6666666667,6196.0,0.8836914709216652,0.0298055137314136,10205.0,3919.0,5007.0,7715.0,2866.0,387.0,1227.0,1833.0,7339.0,3532.0,3780.0,5882.0,0.2808427241548261,0.719157275845174,0.0987496810410819,0.901250318958918,0.2450569203115638,0.7549430796884362,0.2375891121192482,0.7624108878807517
1,active,4,green,15,12-15,72.0,583.48,8.10388888888889,7014.2,3785.8,103.0,68.0990291262136,0.1541233028686142,0.0190184373184003,21.0,140.96,6.712380952380952,0.0372338739500237,0.0055470442178667,39.0,323.08,8.284102564102565,0.0853399545670664,0.0103016535474668,115,9300.04,80.86991304347826,2.4565587194252205,0.0303766707168894,7.0,31.4,4.485714285714286,0.0082941518305245,0.0018490147392889,9.0,55.4,6.155555555555555,0.014633630936658,0.0023773046648,80.0,643.84,8.048,0.1700670928205399,0.0211315970204448,7.0,46.04,6.577142857142857,0.0121612340852659,0.0018490147392889,15.0,47.48,3.1653333333333333,0.012541602831634,0.0039621744413334,37.0,167.44,4.525405405405405,0.044228432563791,0.0097733636219557,3.0,7.4,2.466666666666667,0.0019546727243911,0.0007924348882666,0.0,0.0,0.0,6.2,5.0,1.24,0.0,0.0,0.0016376987690844,0.0013207248137778,0.0,1.0,0.0,1.0,186.02534156509688,3612.0,0.0515020325484764,0.0133953064073166,1.9798118271604008,0.0473387937026065,0.9540916054730836,175458.0,153629.0,7255.0,0.8755884599163333,0.0413489268086949,17570.0,2360.0,11661.0,14659.0,2317.0,203.0,1879.0,1998.0,15253.0,2157.0,9782.0,12661.0,0.1318725099601593,0.8681274900398407,0.0860169491525423,0.9139830508474576,0.1611354086270474,0.8388645913729526,0.1362985196807422,0.8637014803192578
1,active,4,green,18,15-18,68.0,689.04,10.132941176470588,6494.44,4305.56,74.0,87.7627027027027,0.1600349315768448,0.0157935320840959,20.0,135.08,6.754,0.031373386969407,0.0046451564953223,32.0,311.6,9.7375,0.0723715381971218,0.0074322503925157,115,9188.44,79.89947826086957,2.1340870873939743,0.0267096498481033,10.0,32.08,3.2079999999999997,0.007450831018497,0.0023225782476611,6.0,44.56,7.426666666666667,0.0103494086715781,0.0013935469485966,71.0,732.4,10.315492957746478,0.1701056308587036,0.0164903055583942,11.0,75.76,6.887272727272728,0.0175958528042809,0.0025548360724272,18.0,52.96,2.942222222222222,0.0123003743996135,0.00418064084579,64.0,278.72,4.355,0.0647349009188119,0.0148645007850314,2.0,4.2,2.1,0.0009754828640176,0.0004645156495322,1.6,2.0,0.8,0.8,1.0,0.8,0.0003716125196257,0.0004645156495322,0.0001858062598128,0.0002322578247661,0.6666666666666666,0.3333333333333333,0.6666666666666666,0.3333333333333333,170.53239882284743,4238.0,0.0402388859893457,0.0108469164948981,2.081035200303165,0.0378106012724157,0.9843086613588012,162435.0,147868.66666666666,6598.0,0.9103251557033069,0.0406193246529381,19501.0,3247.0,11219.0,17294.0,1498.0,355.0,2915.0,4010.0,18003.0,2892.0,8304.0,13284.0,0.0768165735090508,0.9231834264909492,0.1093316907914998,0.8906683092085002,0.259827079062305,0.7401729209376949,0.2318723256620793,0.7681276743379206
1,active,4,green,21,18-21,79.0,777.24,9.838481012658228,4845.24,5954.76,141.0,34.363404255319146,0.1305241521068859,0.0132666975663166,21.0,170.52,8.120000000000001,0.0286359147975737,0.003526590492312,52.0,452.16,8.695384615384615,0.0759325312858956,0.0087325097904869,155,8861.16,57.16877419354839,1.4880801241359851,0.0260295964908745,12.0,40.12,3.3433333333333333,0.0067374671691218,0.0020151945670354,44.0,361.36,8.212727272727273,0.0606842257286607,0.0073890467457966,62.0,1104.52,17.81483870967742,0.185485225265166,0.0104118385963498,20.0,162.44,8.122,0.0272790171224365,0.0033586576117257,11.0,49.28,4.48,0.0082757323552922,0.0018472616864491,81.0,355.52,4.389135802469135,0.0597034977060368,0.0136025633274892,4.0,9.16,2.29,0.0015382651861703,0.0006717315223451,5.6,5.0,1.12,1.0,1.0,1.0,0.0009404241312832,0.0008396644029314,0.0001679328805862,0.0001679328805862,0.8484848484848485,0.1515151515151515,0.8333333333333334,0.1666666666666666,228.38125361922155,5848.0,0.0390528819458313,0.0086999553770233,2.083478522635779,0.0358854641111731,0.982071485668608,121272.0,94360.66666666666,9664.0,0.7780911229852452,0.0796886338148954,36753.0,5324.0,15640.0,19510.0,3915.0,182.0,3744.0,2992.0,32838.0,5142.0,11896.0,16518.0,0.1065219165782385,0.8934780834217615,0.0341848234410217,0.9658151765589782,0.239386189258312,0.760613810741688,0.1533572526909277,0.8466427473090723
1,active,4,green,24,21-24,53.0,395.76,7.467169811320755,7374.88,3425.12,98.0,75.25387755102041,0.1155463166254029,0.0154739104031391,18.0,138.16,7.6755555555555555,0.0403372728546737,0.0052552903255944,30.0,165.12,5.504,0.0482085299201195,0.008758817209324,87,9751.12,112.08183908045976,2.846942588872799,0.0254005699070397,7.0,19.76,2.822857142857143,0.0057691409352081,0.0020437240155089,28.0,191.6,6.8428571428571425,0.0559396459102162,0.0081748960620357,27.0,422.88,15.662222222222224,0.1234642873826318,0.0078829354883916,14.0,124.2,8.871428571428572,0.0362615032466015,0.0040874480310178,11.0,45.96,4.178181818181819,0.0134185079646844,0.0032115663100854,45.0,220.84,4.907555555555556,0.0644765730835708,0.013138225813986,5.0,11.48,2.2960000000000003,0.0033517073854346,0.0014598028682206,2.6,3.0,0.8666666666666667,0.0,0.0,0.0,0.0007590974914747,0.0008758817209324,0.0,0.0,1.0,0.0,1.0,0.0,153.60553232132423,3348.0,0.0458797886264409,0.0093462892374422,2.0695225197261484,0.0446041066275492,0.9774840005605644,184470.0,174787.6666666667,2158.0,0.947512694024322,0.0116983791402396,15417.0,4279.0,7630.0,9947.0,3593.0,476.0,1637.0,2880.0,11824.0,3803.0,5993.0,7067.0,0.2330544204449633,0.7669455795550366,0.1112409441458284,0.8887590558541716,0.2145478374836173,0.7854521625163827,0.2895345330250327,0.7104654669749674
1,active,4,red,15,12-15,28.0,197.52,7.054285714285714,7891.08,2908.92,25.0,315.6432,0.0679014892124912,0.0096255655019732,13.0,62.84,4.833846153846154,0.0216025191479999,0.0044690125544875,30.0,121.8,4.06,0.0418712099335836,0.0103131058949713,78,10045.04,128.78256410256412,3.45318537464076,0.0268140753269254,6.0,11.32,1.8866666666666667,0.0038914786243691,0.0020626211789942,4.0,28.8,7.2,0.0099005816591724,0.0013750807859961,66.0,647.0,9.803030303030305,0.2224193171348816,0.0226888329689369,14.0,86.48,6.177142857142857,0.0297292465932373,0.0048127827509866,13.0,74.92,5.763076923076923,0.0257552631217084,0.0044690125544875,47.0,203.8,4.336170212765958,0.0700603660465052,0.016157199235455,4.0,12.04,3.01,0.0041389931658484,0.0013750807859961,0.0,0.0,0.0,3.6,4.0,0.9,0.0,0.0,0.0012375727073965,0.0013750807859961,0.0,1.0,0.0,1.0,102.5240129320964,2791.0,0.0367337918065555,0.0102806975069871,2.0353940832094297,0.0359803938014004,0.9594626184288326,197302.0,163245.3333333333,8598.0,0.8273881325751047,0.043577865404304,16965.0,4062.0,4659.0,4966.0,3498.0,249.0,1498.0,949.0,13467.0,3813.0,3161.0,4017.0,0.2061892130857648,0.7938107869142352,0.0612998522895125,0.9387001477104876,0.3215282249409744,0.6784717750590256,0.1910994764397905,0.8089005235602095
1,active,4,red,18,15-18,34.0,253.16,7.445882352941176,7699.76,3100.24,27.0,285.1762962962963,0.0816581942043196,0.010966892885712,15.0,62.12,4.141333333333333,0.0200371584135421,0.0048383350966376,25.0,104.16,4.166399999999999,0.033597398911052,0.0080638918277294,88,10008.68,113.735,3.2283565143343744,0.0283848992336077,5.0,8.64,1.7280000000000002,0.0027868810156633,0.0016127783655458,6.0,27.44,4.573333333333333,0.0088509276701158,0.001935334038655,77.0,934.24,12.132987012987012,0.3013444120455191,0.0248367868294067,9.0,65.04,7.2266666666666675,0.0209790209790209,0.0029030010579826,14.0,74.6,5.328571428571428,0.0240626532139447,0.0045157794235285,46.0,214.08,4.653913043478261,0.0690527184992129,0.0148375609630222,1.0,2.0,2.0,0.0006451113462183,0.0003225556731091,1.6,2.0,0.8,1.0,1.0,1.0,0.0005160890769746,0.0006451113462183,0.0003225556731091,0.0003225556731091,0.6153846153846154,0.3846153846153846,0.6666666666666666,0.3333333333333333,105.98186178137082,3071.0,0.0345105378643343,0.0091332371555251,2.0678180712511285,0.0337112910751358,0.9905684721182876,192521.0,161420.6666666667,8625.0,0.8384574496635,0.0448003074989221,24125.0,3514.0,4197.0,6363.0,984.0,278.0,1639.0,1079.0,23141.0,3236.0,2558.0,5284.0,0.0407875647668393,0.9592124352331606,0.0791121229368241,0.920887877063176,0.3905170359780796,0.6094829640219204,0.1695741002671695,0.8304258997328304
1,active,4,red,21,18-21,37.0,276.84,7.482162162162162,6756.0,4044.0,40.0,168.9,0.0684569732937685,0.0091493570722057,14.0,81.64,5.831428571428572,0.0201879327398615,0.0034619188921859,30.0,112.28,3.7426666666666666,0.0277645895153313,0.0074183976261127,85,9918.68,116.69035294117649,2.4526904055390704,0.0210187932739861,5.0,9.68,1.936,0.0023936696340257,0.0012363996043521,8.0,60.72,7.59,0.0150148367952522,0.0019782393669634,55.0,1519.16,27.62109090909091,0.3756577645895153,0.0136003956478733,14.0,101.8,7.271428571428571,0.0251730959446092,0.0034619188921859,13.0,77.48,5.96,0.0191592482690405,0.0032146389713155,56.0,210.16,3.7528571428571422,0.0519683481701285,0.0138476755687438,6.0,14.76,2.46,0.0036498516320474,0.0014836795252225,0.8,1.0,0.8,0.8,1.0,0.8,0.0001978239366963,0.0002472799208704,0.0001978239366963,0.0002472799208704,0.5,0.5,0.5,0.5,128.8296892885989,4005.0,0.0321672133055178,0.0067475685816817,2.1459915377686904,0.0289794922947131,0.9903560830860534,168940.0,121905.33333333331,10014.0,0.7215895189613669,0.059275482419794,39560.0,4509.0,4892.0,6958.0,6911.0,235.0,1292.0,1832.0,32649.0,4274.0,3600.0,5126.0,0.1746966632962588,0.8253033367037411,0.0521179862497227,0.9478820137502773,0.2641046606704824,0.7358953393295176,0.2632940500143719,0.7367059499856281
1,active,4,red,24,21-24,20.0,169.08,8.454,8159.68,2640.3199999999997,17.0,479.98117647058825,0.0640376924009211,0.0075748394134044,7.0,21.72,3.1028571428571428,0.0082262756029572,0.0026511937946915,14.0,66.96,4.782857142857142,0.025360562356078,0.0053023875893831,48,10343.32,215.48583333333332,3.917449400072719,0.0181796145921706,4.0,8.64,2.16,0.0032723306265907,0.0015149678826808,5.0,22.76,4.5520000000000005,0.0086201672524542,0.0018937098533511,34.0,1352.16,39.769411764705886,0.5121197430614471,0.0128772270027875,8.0,89.52,11.19,0.0339049812143982,0.0030299357653617,6.0,29.84,4.973333333333334,0.0113016604047994,0.0022724518240213,50.0,177.96,3.5592,0.0674009211004726,0.018937098533511,2.0,4.44,2.22,0.0016816143497757,0.0007574839413404,0.0,0.0,0.0,2.6,3.0,0.8666666666666667,0.0,0.0,0.0009847291237425,0.0011362259120106,0.0,1.0,0.0,1.0,64.2600301859267,2625.0,0.0244800114994006,0.004329645820889,2.217319251129131,0.0230659689114147,0.9941976730093324,204009.0,184909.33333333337,4216.0,0.9063783133750636,0.0206657549421839,34412.0,2998.0,2238.0,4247.0,4708.0,153.0,615.0,1768.0,29704.0,2845.0,1623.0,2479.0,0.1368127397419505,0.8631872602580495,0.0510340226817878,0.9489659773182122,0.274798927613941,0.725201072386059,0.4162938544855192,0.5837061455144809
1,active,4,yellow,15,12-15,50.0,288.76,5.7752,7262.32,3537.6800000000003,60.0,121.03866666666666,0.0816241152393659,0.0141335564550779,24.0,135.16,5.631666666666667,0.0382058298093665,0.0067841070984373,47.0,337.56,7.182127659574468,0.0954184663395219,0.0132855430677732,117,9617.8,82.2034188034188,2.7186743854729647,0.0330725221048822,12.0,30.48,2.54,0.0086158160150154,0.0033920535492186,10.0,136.2,13.62,0.0384998077836322,0.0028267112910155,51.0,449.56,8.814901960784313,0.1270776327988964,0.0144162275841794,9.0,16.2,1.7999999999999998,0.0045792722914452,0.002544040161914,18.0,118.64,6.591111111111111,0.0335361027566088,0.005088080323828,45.0,172.44,3.832,0.0487438095022726,0.0127202008095701,1.0,2.72,2.72,0.0007688654711562,0.0002826711291015,1.2,1.0,1.2,1.8,2.0,0.9,0.0003392053549218,0.0002826711291015,0.0005088080323828,0.0005653422582031,0.3999999999999999,0.6,0.3333333333333333,0.6666666666666666,140.58482847903494,3392.0,0.0414459989619796,0.0112195988205357,2.0686419458525136,0.0399984908921062,0.9588204699124848,181618.0,157085.0,7357.0,0.8649197766741182,0.0405080994174586,14705.0,3398.0,11889.0,7269.0,3386.0,243.0,2737.0,1398.0,11319.0,3155.0,9152.0,5871.0,0.2302618157089425,0.7697381842910574,0.0715126545026486,0.9284873454973512,0.2302128017495163,0.7697871982504837,0.1923235658274865,0.8076764341725134
1,active,4,yellow,18,15-18,61.0,373.84,6.128524590163934,6825.88,3974.12,55.0,124.1069090909091,0.0940686239972622,0.0153493100359324,25.0,176.0,7.04,0.0442865338741658,0.0062907008343985,49.0,322.28,6.5771428571428565,0.0810946825963987,0.0123297736354211,129,9573.32,74.21178294573643,2.4089156844785764,0.0324600163054965,10.0,21.44,2.144,0.0053949050355802,0.0025162803337594,9.0,49.88,5.542222222222223,0.012551206304792,0.0022646523003834,66.0,741.72,11.238181818181818,0.1866375449156039,0.0166074502028121,11.0,47.52,4.32,0.0119573641460247,0.0027679083671353,34.0,184.56,5.4282352941176475,0.0464404698398639,0.008555353134782,54.0,221.0,4.092592592592593,0.0556097953760832,0.0135879138023008,2.0,4.16,2.08,0.0010467726188439,0.0005032560667518,1.2,1.0,1.2,0.8,1.0,0.8,0.0003019536400511,0.0002516280333759,0.0002013024267007,0.0002516280333759,0.6,0.4,0.5,0.5,138.5334911018648,3929.0,0.0352592240014926,0.0097413133017074,2.1198169445967032,0.0337086400964811,0.9886465431340776,170702.0,152214.0,8114.0,0.8916942976649366,0.0475331279071129,19865.0,5847.0,12531.0,9407.0,1135.0,355.0,2495.0,2872.0,18730.0,5492.0,10036.0,6535.0,0.0571356657437704,0.9428643342562296,0.060714896528134,0.939285103471866,0.1991062165828744,0.8008937834171256,0.3053045604337195,0.6946954395662804
1,active,4,yellow,21,18-21,99.0,575.16,5.80969696969697,6128.44,4671.56,73.0,83.95123287671233,0.1231194718680697,0.0211920643211261,29.0,170.32,5.873103448275862,0.0364589130825677,0.0062077764172995,67.0,485.28,7.242985074626866,0.1038796461995564,0.0143421041365197,157,9211.72,58.67337579617834,1.9718723509919596,0.0336076171557252,17.0,37.88,2.2282352941176473,0.0081086403685278,0.0036390413480721,19.0,192.48,10.130526315789472,0.0412025105104076,0.00406716385961,48.0,577.72,12.035833333333334,0.1236674686828382,0.0102749402769096,12.0,47.96,3.9966666666666666,0.0102663778266788,0.0025687350692274,35.0,192.92,5.512,0.0412966974629459,0.0074921439519132,61.0,246.48,4.040655737704918,0.052761818321931,0.013057736601906,1.0,2.16,2.16,0.0004623723124609,0.0002140612557689,4.2,4.0,1.05,3.4,3.0,1.1333333333333333,0.0008990572742295,0.0008562450230758,0.0007278082696144,0.0006421837673068,0.5526315789473685,0.4473684210526316,0.5714285714285714,0.4285714285714285,186.49201529955388,4600.0,0.0405417424564247,0.0112466079794922,2.09761698929357,0.0389647604501592,0.9846817765371738,153284.0,121140.66666666666,3744.0,0.7903020971964893,0.0244252498629994,19322.0,6069.0,16486.0,14478.0,4445.0,551.0,3883.0,2934.0,14877.0,5518.0,12603.0,11544.0,0.2300486492081565,0.7699513507918435,0.0907892568792222,0.9092107431207778,0.2355331796675967,0.7644668203324032,0.2026523000414422,0.7973476999585578
1,active,4,yellow,24,21-24,50.0,423.4,8.468,8010.44,2789.5600000000004,111.0,72.16612612612612,0.1517802090652289,0.0179239736732674,26.0,131.8,5.06923076923077,0.047247594602733,0.009320466310099,45.0,255.16,5.670222222222222,0.0914696224494185,0.0161315763059407,95,9935.44,104.58357894736842,3.5616512998465706,0.0340555499792081,9.0,22.92,2.546666666666667,0.0082163495318258,0.0032263152611881,10.0,78.08,7.808,0.0279900772881744,0.0035847947346534,23.0,209.52,9.109565217391305,0.0751086192804599,0.008245027889703,6.0,36.64,6.1066666666666665,0.0131346879077704,0.002150876840792,22.0,67.68,3.0763636363636366,0.0242618907641348,0.0078865484162376,23.0,140.56,6.111304347826087,0.0503878747902895,0.008245027889703,1.0,2.2,2.2,0.0007886548416237,0.0003584794734653,1.0,1.0,1.0,2.6,3.0,0.8666666666666667,0.0003584794734653,0.0003584794734653,0.0009320466310099,0.001075438420396,0.2777777777777778,0.7222222222222222,0.25,0.75,133.66337969583867,2704.0,0.0494317232602953,0.0126625315103204,2.0330557600615418,0.0472005697707305,0.9693284962503046,200372.0,178686.3333333333,9010.0,0.8917729689444299,0.0449663625656279,7223.0,2636.0,9745.0,10635.0,1582.0,226.0,1996.0,2164.0,5641.0,2410.0,7749.0,8471.0,0.2190225668004984,0.7809774331995016,0.0857359635811836,0.9142640364188164,0.2048229861467419,0.7951770138532581,0.2034790785143394,0.7965209214856606
1,active,5,blue,15,12-15,37.0,320.24,8.655135135135135,7788.4,3011.6000000000004,52.0,149.77692307692308,0.1063355027228051,0.0122858281312259,22.0,99.6,4.527272727272727,0.0330721211316243,0.0073050869969451,31.0,195.28,6.299354838709678,0.0648426085801567,0.0102935316775136,93,9792.28,105.29333333333334,3.251520786293,0.0308805950325408,3.0,5.72,1.9066666666666665,0.0018993226192057,0.0009961482268561,37.0,528.84,14.292972972972974,0.1756010094302032,0.0122858281312259,13.0,130.08,10.006153846153849,0.0431929871164829,0.0043166423163766,15.0,87.6,5.84,0.0290875282241997,0.0049807411342807,9.0,44.76,4.973333333333333,0.0148625315446938,0.0029884446805684,41.0,168.92,4.12,0.0560897861601806,0.0136140257670341,3.0,6.96,2.32,0.0023110638863062,0.0009961482268561,4.0,4.0,1.0,6.0,5.0,1.2,0.0013281976358082,0.0013281976358082,0.0019922964537123,0.0016602470447602,0.4,0.6,0.4444444444444444,0.5555555555555556,116.08508157551404,2870.0,0.0404477636151616,0.0099035022587888,1.9953164818918985,0.0385157392080104,0.9529818036923892,194762.0,164172.0,9877.0,0.8429365071215124,0.0507131781353652,16523.0,3333.0,7425.0,8043.0,2902.0,87.0,820.0,2810.0,13621.0,3246.0,6605.0,5233.0,0.1756339647763723,0.8243660352236277,0.0261026102610261,0.973897389738974,0.1104377104377104,0.8895622895622896,0.3493721248290439,0.6506278751709561
1,active,5,blue,18,15-18,13.0,87.16,6.704615384615384,8555.56,2244.4400000000005,34.0,251.6341176470588,0.0388337402648321,0.0057920906774072,17.0,104.84,6.167058823529412,0.0467109835861061,0.0075742724243018,33.0,195.08,5.911515151515152,0.0869170037960471,0.01470299941188,62,10292.8,166.01290322580644,4.58591007110905,0.0276238170768654,2.0,3.44,1.72,0.0015326763023293,0.0008910908734472,17.0,62.24,3.6611764705882353,0.0277307479816791,0.0075742724243018,41.0,397.28,9.689756097560975,0.1770062911015665,0.0182673629056691,10.0,50.08,5.008,0.0223129154711197,0.0044554543672363,9.0,35.12,3.902222222222222,0.0156475557377341,0.0040099089305127,44.0,181.24,4.119090909090909,0.0807506549517919,0.01960399921584,2.0,6.8,3.4,0.0030297089697207,0.0008910908734472,3.6,4.0,0.9,0.8,1.0,0.8,0.001603963572205,0.0017821817468945,0.0003564363493789,0.0004455454367236,0.8181818181818181,0.1818181818181818,0.8,0.2,76.159424273064,2205.0,0.0345394214390313,0.0065522208114015,2.0356895180350087,0.0325148956151678,0.9824276879756196,213923.0,178404.3333333333,3413.0,0.8339651806179481,0.0159543387106575,11546.0,2149.0,7548.0,2192.0,1106.0,67.0,246.0,12.0,10440.0,2082.0,7302.0,2180.0,0.095790750043305,0.9042092499566948,0.0311772917636109,0.968822708236389,0.0325914149443561,0.967408585055644,0.0054744525547445,0.9945255474452556
1,active,5,blue,21,18-21,12.0,104.68,8.723333333333334,9779.56,1020.4400000000004,20.0,488.9779999999999,0.1025831994041785,0.0117596330994472,7.0,66.28,9.468571428571428,0.0649523734859472,0.0068597859746775,24.0,131.6,5.483333333333333,0.1289639763239386,0.0235192661988945,39,10460.36,268.214358974359,10.250832974011209,0.0382188075732037,3.0,5.84,1.9466666666666663,0.005723021441731,0.0029399082748618,7.0,131.08,18.72571428571429,0.1284543922229626,0.0068597859746775,20.0,149.2,7.459999999999999,0.1462114382031279,0.0195993884990788,1.0,7.16,7.16,0.0070165810826702,0.0009799694249539,6.0,25.08,4.18,0.0245776331778448,0.0058798165497236,15.0,56.2,3.746666666666667,0.0550742816824114,0.0146995413743091,1.0,1.96,1.96,0.0019207400729097,0.0009799694249539,0.0,0.0,0.0,1.4,1.0,1.4,0.0,0.0,0.0013719571949355,0.0009799694249539,0.0,1.0,0.0,1.0,42.34071290574246,992.0,0.0426821702678855,0.0080827931362154,2.002651175179559,0.0415665711404577,0.9721296695543096,244509.0,220886.66666666663,147.0,0.9033886959852876,0.0006012048636246,7034.0,813.0,4978.0,2629.0,0.0,0.0,108.0,371.0,7034.0,813.0,4870.0,2258.0,0.0,1.0,0.0,1.0,0.021695460024106,0.978304539975894,0.1411182959300114,0.8588817040699885
1,active,5,blue,24,21-24,39.0,256.56,6.578461538461538,7748.12,3051.88,99.0,78.26383838383838,0.0840662149232604,0.0127790083489521,16.0,78.92,4.9325,0.0258594702281872,0.0052426700918777,49.0,286.68,5.85061224489796,0.0939355413712203,0.0160556771563757,115,9770.96,84.96486956521738,3.20161998505839,0.0376816912853716,2.0,2.76,1.38,0.0009043605908489,0.0006553337614847,6.0,31.04,5.173333333333333,0.0101707799782429,0.0019660012844541,52.0,300.72,5.783076923076924,0.0985359843768431,0.0170386777986028,14.0,71.2,5.085714285714286,0.0233298819088561,0.004587336330393,10.0,29.6,2.96,0.0096989396699739,0.0032766688074236,53.0,241.76,4.561509433962264,0.0792167450882734,0.0173663446793451,3.0,6.6,2.1999999999999997,0.0021626014128995,0.000983000642227,2.8,3.0,0.9333333333333332,6.0,7.0,0.8571428571428571,0.0009174672660786,0.000983000642227,0.0019660012844541,0.0022936681651965,0.3181818181818181,0.6818181818181818,0.3,0.7,146.89773415693426,2949.0,0.0498127277575226,0.013435044891248,2.0126448238576407,0.0455310384353205,0.9662896313092256,193802.0,146093.3333333333,12926.0,0.7538277898748894,0.0666969381120937,8352.0,2544.0,9205.0,6453.0,1952.0,129.0,1323.0,2193.0,6400.0,2415.0,7882.0,4260.0,0.2337164750957854,0.7662835249042146,0.0507075471698113,0.9492924528301888,0.1437262357414448,0.8562737642585552,0.3398419339841934,0.6601580660158066
1,active,5,green,15,12-15,44.0,353.24,8.02818181818182,7407.92,3392.08,67.0,110.56597014925372,0.1041366948892714,0.0129713921841466,14.0,123.48,8.82,0.0364024433386005,0.0041272611495011,23.0,133.6,5.808695652173912,0.0393858635409542,0.0067805004598948,104,9787.72,94.1126923076923,2.8854626070139853,0.0306596542534374,4.0,20.32,5.08,0.0059904247541331,0.001179217471286,28.0,389.6,13.914285714285716,0.1148557817032617,0.0082545222990023,21.0,322.96,15.379047619047618,0.095210018631636,0.0061908917242517,16.0,119.72,7.4825,0.0352939789155916,0.0047168698851442,7.0,21.8,3.1142857142857143,0.0064267352185089,0.0020636305747505,44.0,190.84,4.337272727272727,0.0562604655550576,0.0129713921841466,2.0,4.0,2.0,0.001179217471286,0.000589608735643,1.6,2.0,0.8,2.2,2.0,1.1,0.0004716869885144,0.000589608735643,0.0006485696092073,0.000589608735643,0.4210526315789473,0.5789473684210527,0.5,0.5,143.66126703365634,3247.0,0.0442443076789825,0.0096887826550293,2.046548889669961,0.0415425980010519,0.9572297823164548,185265.0,163817.66666666666,1664.0,0.8842342950188469,0.0089817288748549,17863.0,3561.0,6464.0,8875.0,3652.0,29.0,979.0,3623.0,14211.0,3532.0,5485.0,5252.0,0.2044449420590046,0.7955550579409953,0.0081437798371244,0.9918562201628756,0.1514542079207921,0.8485457920792079,0.4082253521126761,0.5917746478873239
1,active,5,green,18,15-18,20.0,172.52,8.626000000000001,8216.88,2583.120000000001,110.0,74.69890909090908,0.0667874508346495,0.0077425748706989,11.0,63.88,5.807272727272728,0.0247297841370125,0.0042584161788844,17.0,124.88,7.345882352941176,0.0483446374926445,0.0065811886400941,43,10315.08,239.8855813953488,3.9932639598624906,0.0166465359720028,,,,,,35.0,361.48,10.328,0.1399392982130136,0.0135495060237232,44.0,396.12,9.002727272727272,0.1533494378890643,0.0170336647155377,7.0,42.88,6.125714285714286,0.0166000805227786,0.0027099012047446,3.0,38.64,12.88,0.0149586546501904,0.0011613862306048,36.0,195.08,5.4188888888888895,0.075521075288798,0.0139366347672581,2.0,4.24,2.12,0.0016414258725881,0.0007742574870698,0.0,0.0,0.0,1.8,2.0,0.9,0.0,0.0,0.0006968317383629,0.0007742574870698,0.0,1.0,0.0,1.0,81.15906592959277,2492.0,0.0325678434709441,0.0051588790943645,2.1424256922494913,0.0307931822958372,0.964724828889095,205532.0,181306.66666666663,252.0,0.882133520165554,0.0012260864488254,19019.0,2048.0,4747.0,4333.0,2613.0,23.0,518.0,228.0,16406.0,2025.0,4229.0,4105.0,0.137388926862611,0.8626110731373889,0.01123046875,0.98876953125,0.1091215504529176,0.8908784495470824,0.0526194322640203,0.9473805677359796
1,active,5,green,21,18-21,10.0,77.44,7.744,9618.6,1181.3999999999996,19.0,506.2421052631579,0.0655493482309124,0.0084645336041984,8.0,47.52,5.94,0.0402234636871508,0.0067716268833587,12.0,65.96,5.496666666666666,0.0558320636532927,0.010157440325038,36,10442.28,290.06333333333333,8.838902996444899,0.0304723209751142,2.0,6.6,3.3,0.0055865921787709,0.0016929067208396,2.0,11.24,5.62,0.009514135771119,0.0016929067208396,15.0,337.04,22.469333333333335,0.2852886405959032,0.0126968004062976,3.0,40.84,13.613333333333337,0.0345691552395463,0.0025393600812595,4.0,26.04,6.51,0.0220416455053326,0.0033858134416793,17.0,78.56,4.621176470588235,0.0664973759945827,0.0143897071271372,,,,,,0.0,0.0,0.0,0.8,1.0,0.8,0.0,0.0,0.0006771626883358,0.0008464533604198,0.0,1.0,0.0,1.0,32.26374721522657,1153.0,0.0279824347053135,0.0053952928355071,2.0077442329910125,0.0257571939386678,0.9759607245640768,240484.0,216486.99999999997,0.0,0.9002137356331397,0.0,8724.0,1679.0,2857.0,1946.0,0.0,0.0,83.0,0.0,8724.0,1679.0,2774.0,1946.0,0.0,1.0,0.0,1.0,0.0290514525726286,0.9709485474273714,0.0,1.0
1,active,5,green,24,21-24,67.0,720.36,10.751641791044776,6006.84,4793.16,67.0,89.65432835820896,0.1502891620559297,0.0139782523429219,19.0,110.08,5.793684210526315,0.0229660599687888,0.0039639820076942,50.0,310.4,6.207999999999999,0.0647589481678058,0.0104315315991955,154,8917.64,57.90675324675324,1.8604928690049989,0.0321291173255222,3.0,7.32,2.44,0.0015271762261222,0.0006258918959517,14.0,71.84,5.131428571428572,0.0149880246017241,0.0029208288477747,58.0,662.72,11.426206896551724,0.1382636924283771,0.0121005766550668,12.0,116.76,9.73,0.0243597125904413,0.0025035675838069,5.0,32.48,6.496,0.0067763229268374,0.0010431531599195,77.0,333.0,4.324675324675325,0.0694740004506421,0.0160645586627611,7.0,14.8,2.1142857142857143,0.0030877333533618,0.0014604144238873,3.2,4.0,0.8,4.2,5.0,0.8400000000000001,0.0006676180223485,0.0008345225279356,0.0008762486543324,0.0010431531599195,0.4324324324324324,0.5675675675675675,0.4444444444444444,0.5555555555555556,177.21500670432937,4731.0,0.0374582554860133,0.0087518748304927,2.11857358156849,0.0339447234312254,0.98703151991588,150238.0,133415.3333333333,2030.0,0.8880265534241225,0.0135118944607888,18436.0,3748.0,10581.0,18076.0,632.0,313.0,1375.0,3484.0,17804.0,3435.0,9206.0,14592.0,0.0342807550444781,0.965719244955522,0.0835112059765208,0.9164887940234792,0.1299499102164256,0.8700500897835743,0.1927417570258907,0.8072582429741093
1,active,5,red,15,12-15,103.0,746.6,7.248543689320389,6736.8,4063.2,45.0,149.70666666666668,0.1837468005512896,0.0253494782437487,27.0,126.96,4.702222222222222,0.0312463083284111,0.0066450088600118,49.0,203.92,4.161632653061225,0.0501870446938373,0.0120594605237251,149,8992.24,60.35060402684564,2.213093128568616,0.0366706044496948,7.0,11.56,1.6514285714285717,0.002845048237842,0.0017227800748178,47.0,409.52,8.713191489361702,0.100787556605631,0.0115672376452057,27.0,228.28,8.454814814814815,0.0561823193542035,0.0066450088600118,15.0,61.84,4.1226666666666665,0.0152195314038196,0.0036916715888954,10.0,39.84,3.984,0.0098050797401063,0.0024611143925969,73.0,346.88,4.751780821917809,0.0853711360504036,0.0179661350659578,2.0,4.48,2.24,0.0011025792478834,0.0004922228785193,11.0,10.0,1.1,1.6,2.0,0.8,0.0027072258318566,0.0024611143925969,0.0003937783028155,0.0004922228785193,0.873015873015873,0.126984126984127,0.8333333333333334,0.1666666666666666,207.33190096356336,3926.0,0.0528099594914832,0.0161675998103917,1.9635124045545609,0.0471325391250787,0.9662335105335697,168465.0,153683.3333333333,3949.0,0.9122567496710492,0.0234410708455762,16019.0,2567.0,8348.0,18768.0,3884.0,56.0,830.0,3336.0,12135.0,2511.0,7518.0,15432.0,0.2424620762844122,0.7575379237155877,0.0218153486560187,0.9781846513439812,0.0994250119789171,0.9005749880210829,0.1777493606138107,0.8222506393861893
1,active,5,red,18,15-18,25.0,155.6,6.224,9157.68,1642.3199999999997,22.0,416.2581818181818,0.0947440206537094,0.0152223683569584,12.0,38.8,3.233333333333333,0.0236251156899995,0.00730673681134,21.0,78.64,3.744761904761905,0.0478834819036485,0.0127867894198451,52,10363.2,199.2923076923077,6.3100979102732735,0.0316625261824735,4.0,19.2,4.8,0.011690778898144,0.0024355789371133,12.0,96.44,8.036666666666667,0.0587218081738029,0.00730673681134,23.0,231.32,10.057391304347826,0.1408495299332651,0.0140045788884017,6.0,34.92,5.82,0.0212626041209995,0.00365336840567,3.0,6.2,2.066666666666667,0.0037751473525256,0.001826684202835,33.0,142.4,4.315151515151515,0.0867066101612353,0.0200935262311851,,,,,,1.0,1.0,1.0,0.0,0.0,0.0,0.0006088947342783,0.0006088947342783,0.0,0.0,1.0,0.0,1.0,0.0,72.19339790257331,1618.0,0.0446189109410218,0.0084502061813454,1.9996462011517144,0.0392615442932041,0.985191680062351,228964.0,188875.66666666663,6242.0,0.8249142514398186,0.0272619276392795,8229.0,1037.0,2969.0,3915.0,1571.0,44.0,264.0,231.0,6658.0,993.0,2705.0,3684.0,0.1909101956495321,0.8090898043504678,0.0424300867888138,0.957569913211186,0.0889188278881778,0.9110811721118222,0.0590038314176245,0.9409961685823754
1,active,5,red,21,18-21,42.0,218.72,5.207619047619048,8735.6,2064.3999999999996,24.0,363.98333333333335,0.1059484596008525,0.02034489440031,17.0,45.68,2.6870588235294117,0.0221274946715752,0.0082348382096492,34.0,121.32,3.5682352941176467,0.0587676806820383,0.0164696764192985,66,10209.36,154.68727272727273,4.94543693082736,0.0319705483433443,7.0,12.8,1.8285714285714287,0.0062003487696182,0.003390815733385,13.0,139.88,10.76,0.0677581863979849,0.0062972292191435,36.0,413.04,11.473333333333334,0.2000775043596202,0.0174384809145514,5.0,34.0,6.8,0.0164696764192985,0.0024220112381321,16.0,64.76,4.0475,0.0313698895562875,0.0077504359620228,29.0,126.44,4.36,0.0612478201898856,0.0140476651811664,1.0,3.04,3.04,0.0014725828327843,0.0004844022476264,2.2,2.0,1.1,0.0,0.0,0.0,0.0010656849447781,0.0009688044952528,0.0,0.0,1.0,0.0,1.0,0.0,117.6924222635583,2030.0,0.057976562691408,0.0133234432473563,2.017941300715393,0.0513318995326003,0.983336562681651,218414.0,205262.66666666663,0.0,0.9397871320824976,0.0,13872.0,2490.0,4226.0,5510.0,50.0,0.0,191.0,371.0,13822.0,2490.0,4035.0,5139.0,0.0036043829296424,0.9963956170703576,0.0,1.0,0.0451964032181732,0.9548035967818268,0.0673321234119782,0.9326678765880216
1,active,5,red,24,21-24,62.0,301.52,4.863225806451613,7427.64,3372.3599999999997,45.0,165.05866666666668,0.0894091971201176,0.0183847513314118,30.0,110.16,3.672,0.0326655517204568,0.008895847418425,49.0,230.24,4.698775510204082,0.0682726636539396,0.0145298841167609,134,9727.32,72.59194029850747,2.8844251503398217,0.039734785135632,9.0,12.92,1.4355555555555557,0.0038311449548684,0.0026687542255275,11.0,85.84,7.803636363636364,0.0254539847465869,0.0032618107200891,51.0,565.6,11.090196078431372,0.1677163766620408,0.0151229406113226,19.0,112.64,5.928421052631579,0.0334009417737133,0.0056340366983358,19.0,59.8,3.1473684210526316,0.0177323891873939,0.0056340366983358,55.0,259.56,4.7192727272727275,0.0769668718642137,0.0163090536004459,6.0,13.8,2.3000000000000003,0.0040920898124755,0.001779169483685,6.8,8.0,0.85,2.0,2.0,1.0,0.0020163920815096,0.0023722259782466,0.0005930564945616,0.0005930564945616,0.7727272727272726,0.2272727272727272,0.8,0.2,176.44698192079773,3328.0,0.0530189248560089,0.0148976738789441,2.033030160094992,0.0495324583159273,0.9868460069506222,185736.0,143996.6666666667,8766.0,0.7752760190090595,0.0471960201576431,16348.0,4349.0,8589.0,7600.0,1487.0,462.0,1022.0,1478.0,14861.0,3887.0,7567.0,6122.0,0.0909591387325666,0.9090408612674332,0.106231317544263,0.8937686824557369,0.1189894050529747,0.8810105949470253,0.1944736842105263,0.8055263157894736
1,active,5,yellow,15,12-15,19.0,134.72,7.090526315789473,8474.84,2325.16,49.0,172.95591836734695,0.0579400987458927,0.0081714806722978,17.0,77.6,4.564705882352941,0.0333740473773847,0.0073113248120559,14.0,93.32,6.6657142857142855,0.0401348724388859,0.0060210910216931,66,10176.08,154.1830303030303,4.376507423145074,0.0283851433879819,2.0,2.96,1.48,0.0012730306731579,0.0008601558602418,45.0,294.76,6.550222222222222,0.1267697706824476,0.0193535068554422,12.0,171.68,14.306666666666668,0.0738357790431626,0.0051609351614512,9.0,87.16,9.684444444444445,0.0374855923893409,0.0038707013710884,7.0,43.4,6.2,0.0186653821672487,0.0030105455108465,26.0,113.92,4.381538461538462,0.0489944777993772,0.0111820261831443,2.0,4.64,2.32,0.0019955615957611,0.0008601558602418,0.0,0.0,0.0,6.8,7.0,0.9714285714285714,0.0,0.0,0.0029245299248223,0.0030105455108465,0.0,1.0,0.0,1.0,89.76007932237033,2191.0,0.0409676309093429,0.0073718727400671,2.083748209171826,0.0380964985169699,0.9423007448949752,211920.0,168415.66666666666,15342.0,0.794713413866868,0.0723952434881087,11718.0,3280.0,4304.0,3387.0,4616.0,23.0,736.0,1079.0,7102.0,3257.0,3568.0,2308.0,0.3939238777948455,0.6060761222051545,0.0070121951219512,0.9929878048780488,0.1710037174721189,0.828996282527881,0.3185710067906702,0.6814289932093298
1,active,5,yellow,18,15-18,13.0,119.72,9.20923076923077,8570.4,2229.6000000000004,51.0,168.0470588235294,0.0536957301758162,0.0058306422676713,14.0,85.68,6.12,0.0384284176533907,0.0062791532113383,24.0,201.2,8.383333333333333,0.0902404018658055,0.0107642626480086,58,10291.56,177.4406896551724,4.615877287405811,0.0260136347326874,2.0,3.08,1.54,0.0013814137064944,0.000897021887334,13.0,54.04,4.156923076923077,0.024237531395766,0.0058306422676713,55.0,479.16,8.712,0.2149085037674919,0.0246681019016863,8.0,76.76,9.595,0.0344277000358808,0.0035880875493362,7.0,39.36,5.622857142857143,0.0176533907427341,0.0031395766056691,24.0,134.04,5.585,0.060118406889128,0.0107642626480086,,,,,,0.8,1.0,0.8,2.8,3.0,0.9333333333333332,0.0003588087549336,0.000448510943667,0.0012558306422676,0.001345532831001,0.2222222222222222,0.7777777777777778,0.25,0.75,97.02866953869308,2180.0,0.0445085640085748,0.0069393716808039,2.171418067937802,0.0418806505568204,0.9777538571941152,214311.0,180817.3333333333,4009.0,0.8437146638918829,0.0187064593044687,13398.0,2918.0,7210.0,3006.0,2471.0,0.0,376.0,77.0,10927.0,2918.0,6834.0,2929.0,0.1844305120167189,0.8155694879832811,0.0,1.0,0.0521497919556172,0.9478502080443828,0.0256154357950765,0.9743845642049236
1,active,5,yellow,21,18-21,,,,10761.8,38.20000000000073,12.0,896.8166666666666,,,1.0,5.24,5.24,0.1371727748691073,0.0261780104712036,,,,,,5,10780.76,2156.152,282.2188481675339,0.1308900523560184,1.0,1.16,1.16,0.0303664921465962,0.0261780104712036,,,,,,1.0,1.96,1.96,0.0513089005235592,0.0261780104712036,,,,,,,,,,,,,,,,,,,,,,,,,,,,,,,,,,,2.314014959985654,20.0,0.1157007479992826,0.0906552119732131,1.5202120457267558,0.1050343386449904,0.5235602094240738,269057.0,234103.66666666663,0.0,0.8700894853754655,0.0,50.0,0.0,132.0,0.0,50.0,0.0,0.0,0.0,0.0,0.0,132.0,0.0,1.0,0.0,0.0,0.0,0.0,1.0,0.0,0.0
1,active,5,yellow,24,21-24,31.0,302.96,9.77290322580645,7989.48,2810.5200000000004,59.0,135.4149152542373,0.1077949987902594,0.0110299873333048,20.0,73.24,3.662,0.0260592345900402,0.0071161208601966,28.0,238.48,8.517142857142856,0.0848526251369853,0.0099625692042753,74,10043.88,135.7281081081081,3.573673199265615,0.0263296471827277,1.0,1.16,1.16,0.0004127350098914,0.0003558060430098,10.0,126.16,12.616,0.0448884903861207,0.0035580604300983,41.0,408.32,9.959024390243902,0.1452827234817756,0.0145880477634032,5.0,48.52,9.704,0.0172637092068371,0.0017790302150491,5.0,41.28,8.256,0.0146876734554459,0.0017790302150491,39.0,165.76,4.25025641025641,0.0589784096893101,0.0138764356773835,,,,,,2.2,2.0,1.1,2.8,3.0,0.9333333333333332,0.0007827732946216,0.0007116120860196,0.0009962569204275,0.0010674181290295,0.44,0.5599999999999999,0.4,0.6,114.6752433612603,2764.0,0.0414888724172432,0.0084185068789595,2.168282129542507,0.0379891861496567,0.9834479028791824,199796.0,148083.3333333333,18302.0,0.7411726627827049,0.0916034355042142,13413.0,2255.0,7841.0,7605.0,671.0,98.0,1301.0,1144.0,12742.0,2157.0,6540.0,6461.0,0.0500260940878252,0.9499739059121748,0.0434589800443458,0.956541019955654,0.1659227139395485,0.8340772860604515,0.1504273504273504,0.8495726495726496
1,active,6,blue,15,12-15,47.0,295.32,6.283404255319149,6364.32,4435.68,67.0,94.98985074626866,0.0665782923925982,0.0105958951051473,30.0,156.92,5.230666666666666,0.0353767629765898,0.0067633373011578,40.0,251.96,6.299,0.056803015546658,0.0090177830682105,113,9604.8,84.99823008849557,2.1653500703387074,0.0254752371676946,2.0,2.8,1.4,0.0006312448147747,0.0004508891534105,27.0,347.04,12.853333333333332,0.0782382858997944,0.006087003571042,42.0,581.64,13.848571428571429,0.131127583594849,0.009468672221621,12.0,64.72,5.3933333333333335,0.0145907730043646,0.0027053349204631,19.0,99.48,5.2357894736842105,0.0224272264906395,0.0042834469573999,75.0,308.8,4.117333333333334,0.0696172852865851,0.0169083432528947,1.0,2.24,2.24,0.0005049958518197,0.0002254445767052,6.4,6.0,1.0666666666666669,2.8,3.0,0.9333333333333332,0.0014428452909136,0.0013526674602315,0.0006312448147747,0.0006763337301157,0.6956521739130436,0.3043478260869565,0.6666666666666666,0.3333333333333333,176.06491255460978,4271.0,0.04122334641878,0.0112972039746565,2.0699274523153317,0.038270343095745,0.9628737871081772,159175.0,133977.3333333333,9683.0,0.841698340401026,0.0608324171509345,23286.0,4136.0,10292.0,7430.0,7875.0,738.0,2483.0,1686.0,15411.0,3398.0,7809.0,5744.0,0.3381860345271837,0.6618139654728162,0.1784332688588008,0.8215667311411993,0.241255343956471,0.7587446560435289,0.2269179004037685,0.7730820995962315
1,active,6,blue,18,15-18,30.0,224.68,7.489333333333334,7666.0,3134.0,46.0,166.65217391304347,0.0716911295469049,0.0095724313975749,21.0,124.04,5.906666666666667,0.0395788130185067,0.0067007019783024,34.0,198.2,5.829411764705882,0.063241863433312,0.0108487555839183,80,10036.52,125.4565,3.2024633056796428,0.0255264837268666,2.0,10.28,5.14,0.0032801531589023,0.0006381620931716,26.0,244.2,9.392307692307693,0.0779195915762603,0.0082961072112316,23.0,709.68,30.85565217391304,0.2264454371410338,0.0073388640714741,8.0,39.6,4.95,0.0126356094447989,0.0025526483726866,9.0,46.0,5.111111111111111,0.0146777281429483,0.0028717294192724,40.0,155.08,3.877,0.0494830887045309,0.0127632418634333,3.0,6.92,2.306666666666666,0.0022080408423739,0.0009572431397574,1.8,2.0,0.9,0.8,1.0,0.8,0.0005743458838544,0.0006381620931716,0.0002552648372686,0.0003190810465858,0.6923076923076923,0.3076923076923077,0.6666666666666666,0.3333333333333333,121.62198377451546,3065.0,0.0396809082461714,0.0070313085105966,2.0785810115479673,0.036640397712094,0.9779834077855776,191696.0,159140.3333333333,5935.0,0.8301703391480955,0.0309604790918955,23896.0,2157.0,8111.0,5647.0,5256.0,0.0,2510.0,1158.0,18640.0,2157.0,5601.0,4489.0,0.219953130231001,0.780046869768999,0.0,1.0,0.3094562939218345,0.6905437060781655,0.2050646360899592,0.7949353639100407
1,active,6,blue,21,18-21,20.0,92.36,4.618,9279.52,1520.4799999999996,23.0,403.4573913043478,0.0607439755866568,0.0131537409239187,19.0,98.0,5.157894736842105,0.0644533305272019,0.0124960538777228,19.0,65.0,3.4210526315789473,0.0427496580027359,0.0124960538777228,53,10504.8,198.20377358490563,6.908870882879092,0.0348574134483847,,,,,,20.0,156.72,7.836,0.1030727138798274,0.0131537409239187,12.0,225.36,18.78,0.1482163527307166,0.0078922445543512,6.0,22.24,3.7066666666666666,0.0146269599073976,0.0039461222771756,6.0,25.76,4.293333333333334,0.0169420183100073,0.0039461222771756,16.0,75.76,4.735,0.0498263706198042,0.010522992739135,3.0,6.44,2.146666666666667,0.0042355045775018,0.0019730611385878,2.6,2.0,1.3,2.6,3.0,0.8666666666666667,0.0017099863201094,0.0013153740923918,0.0017099863201094,0.0019730611385878,0.5,0.5,0.4,0.6,65.11398064201302,1499.0,0.0434382792808625,0.0101753175892955,2.128554046455304,0.0404014263206593,0.9858728822477116,232011.0,190302.6666666667,588.0,0.8202312246689454,0.0025343625948769,9584.0,1212.0,4113.0,2329.0,2202.0,45.0,1332.0,661.0,7382.0,1167.0,2781.0,1668.0,0.2297579298831385,0.7702420701168614,0.0371287128712871,0.9628712871287128,0.3238512035010941,0.6761487964989059,0.2838127951910691,0.7161872048089308
1,active,6,blue,24,21-24,82.0,687.08,8.379024390243902,2700.48,8099.52,119.0,22.69310924369748,0.0848297183042945,0.0101240567342262,71.0,370.08,5.2123943661971825,0.0456915965390541,0.0087659515625617,57.0,226.2,3.968421052631579,0.0279275808936825,0.0070374540713523,202,9059.36,44.84831683168317,1.1185057879973137,0.0249397495160207,,,,,,60.0,653.04,10.884,0.0806270001185255,0.0074078463908972,66.0,1571.8,23.815151515151513,0.1940608826202046,0.0081486310299869,34.0,203.08,5.972941176470589,0.0250730907510568,0.0041977796215084,20.0,104.32,5.215999999999999,0.0128797755916399,0.002469282130299,102.0,418.24,4.100392156862745,0.0516376279088143,0.0125933388645253,11.0,28.56,2.596363636363636,0.003526134882067,0.0013581051716644,18.4,18.0,1.022222222222222,6.6,7.0,0.9428571428571428,0.0022717395598751,0.0022223539172691,0.0008148631029986,0.0008642487456046,0.736,0.264,0.72,0.28,300.72319476019527,7977.0,0.0376987833471474,0.0082739654881812,2.103447792486818,0.0341399538268143,0.9848731776697878,67631.0,29532.666666666664,18408.0,0.4366735175683734,0.2721828747172155,55747.0,7739.0,15035.0,17259.0,14157.0,159.0,3056.0,6681.0,41590.0,7580.0,11979.0,10578.0,0.2539508852494304,0.7460491147505696,0.0205452900891588,0.9794547099108412,0.2032590621882274,0.7967409378117726,0.3871023813662437,0.6128976186337562
1,active,6,green,15,12-15,60.0,323.76,5.396,6099.84,4700.16,80.0,76.248,0.0688827614379085,0.0127655228758169,54.0,183.68,3.4014814814814818,0.0390795206971677,0.0114889705882352,55.0,254.92,4.63490909090909,0.0542364515250544,0.0117017293028322,176,9238.0,52.48863636363637,1.9654650054466232,0.0374455337690631,6.0,8.8,1.4666666666666668,0.0018722766884531,0.0012765522875816,18.0,251.68,13.982222222222225,0.0535471132897603,0.003829656862745,58.0,333.08,5.742758620689655,0.070865672657952,0.012340005446623,15.0,57.72,3.848,0.0122804330065359,0.0031913807189542,25.0,156.88,6.2752,0.0333775871459695,0.0053189678649237,74.0,413.32,5.585405405405405,0.0879374319172113,0.0157441448801742,7.0,16.6,2.371428571428571,0.0035317946623093,0.0014893110021786,3.2,4.0,0.8,11.4,11.0,1.0363636363636364,0.0006808278867102,0.0008510348583877,0.0024254493464052,0.0023403458605664,0.2191780821917808,0.7808219178082191,0.2666666666666666,0.7333333333333333,289.61573217386666,4556.0,0.0635679833568627,0.0172458269747858,2.0477921618205324,0.0593009651276192,0.9693287037037036,152576.0,134226.0,5028.0,0.8797320679530202,0.0329540687919463,14695.0,5405.0,11070.0,8154.0,4496.0,965.0,2381.0,1792.0,10199.0,4440.0,8689.0,6362.0,0.3059544062606328,0.6940455937393671,0.1785383903792784,0.8214616096207216,0.2150858175248419,0.7849141824751581,0.2197694383124846,0.7802305616875154
1,active,6,green,18,15-18,26.0,116.04,4.463076923076923,8314.4,2485.6000000000004,182.0,45.683516483516485,0.0466849050531058,0.0104602510460251,27.0,101.36,3.754074074074074,0.0407788863855809,0.0108625683939491,33.0,147.84,4.48,0.0594785967170904,0.0132764724814934,75,10177.84,135.70453333333333,4.094721596395236,0.0301738010943031,4.0,6.4,1.6,0.0025748310267138,0.0016092693916961,15.0,379.56,25.304,0.1527035725780495,0.0060347602188606,8.0,135.68,16.96,0.054586417766334,0.0032185387833923,6.0,33.56,5.593333333333334,0.0135017701963308,0.0024139040875442,7.0,40.92,5.845714285714286,0.0164628258770518,0.0028162214354682,34.0,131.04,3.854117647058823,0.0527196652719665,0.0136787898294174,1.0,2.0,2.0,0.000804634695848,0.000402317347924,2.4,2.0,1.2,0.0,0.0,0.0,0.0009655616350177,0.000804634695848,0.0,0.0,1.0,0.0,1.0,0.0,133.43570833467425,2322.0,0.0574658519959837,0.0124869791050685,2.063119877175379,0.0526987940170361,0.9341808818796266,208042.0,164239.0,11273.0,0.7894511685140501,0.0541861739456455,12904.0,1875.0,6290.0,2927.0,9512.0,0.0,2669.0,805.0,3392.0,1875.0,3621.0,2122.0,0.7371357718536887,0.2628642281463112,0.0,1.0,0.4243243243243243,0.5756756756756757,0.2750256235052955,0.7249743764947045
1,active,6,green,21,18-21,35.0,153.96,4.3988571428571435,7615.12,3184.88,128.0,59.493125,0.0483409108035467,0.0109894250332822,37.0,153.04,4.136216216216216,0.0480520459169576,0.0116173921780412,27.0,88.72,3.285925925925926,0.0278566225415086,0.0084775564542463,97,9743.24,100.44577319587628,3.059217301750772,0.0304564065208108,,,,,,12.0,393.12,32.76,0.1234332219738263,0.0037678028685539,14.0,157.68,11.262857142857143,0.0495089296927984,0.0043957700133129,5.0,23.32,4.664,0.0073220969078897,0.0015699178618974,15.0,67.44,4.496,0.021175052121273,0.0047097535856923,56.0,235.36,4.202857142857143,0.0738991735952375,0.0175830800532516,9.0,33.84,3.76,0.010625204089322,0.0028258521514154,5.8,5.0,1.16,16.2,15.0,1.0799999999999998,0.001821104719801,0.0015699178618974,0.0050865338725477,0.0047097535856923,0.2636363636363636,0.7363636363636363,0.25,0.75,182.78278183675212,3070.0,0.0595383654191375,0.0145809498047767,2.047875244881091,0.0528134931084013,0.9639295672050436,190506.0,168059.0,1480.0,0.8821716901304946,0.007768784185275,13796.0,2289.0,6108.0,3884.0,1260.0,47.0,1330.0,124.0,12536.0,2242.0,4778.0,3760.0,0.0913308205276891,0.9086691794723109,0.0205329838357361,0.979467016164264,0.2177472167648985,0.7822527832351015,0.0319258496395468,0.9680741503604532
1,active,6,green,24,21-24,95.0,442.0,4.652631578947369,2655.16,8144.84,192.0,13.828958333333333,0.0542674871452355,0.0116638264226184,69.0,269.2,3.9014492753623182,0.0330516007680936,0.0084716212964281,69.0,351.56,5.095072463768116,0.0431635243909027,0.0084716212964281,287,8390.96,29.236794425087105,1.0302179048329985,0.0352370335083316,1.0,0.96,0.96,0.0001178660354285,0.000122777120238,45.0,351.6,7.813333333333333,0.0431684354757122,0.005524970410714,15.0,232.84,15.522666666666668,0.0285874246762367,0.0018416568035713,31.0,174.92,5.64258064516129,0.0214761738720465,0.0038060907273807,18.0,51.36,2.8533333333333335,0.0063058328954282,0.0022099881642856,124.0,600.36,4.841612903225807,0.0737104719061393,0.015224362909523,10.0,24.0,2.4,0.0029466508857141,0.0012277712023808,12.6,14.0,0.9,24.8,23.0,1.0782608695652174,0.0015469917149999,0.0017188796833332,0.0030448725819046,0.002823873765476,0.3368983957219251,0.663101604278075,0.3783783783783784,0.6216216216216216,546.6863896161944,7989.0,0.0684298898005,0.0202491137961913,2.038071575213912,0.0615583071514004,0.980866413582096,66571.0,26568.333333333332,23848.0,0.3990977052069719,0.3582340658845443,14671.0,5706.0,15657.0,11145.0,5385.0,113.0,3635.0,5037.0,9286.0,5593.0,12022.0,6108.0,0.3670506441278713,0.6329493558721286,0.0198037153873116,0.9801962846126884,0.2321645270486044,0.7678354729513955,0.4519515477792732,0.5480484522207267
1,active,6,red,15,12-15,40.0,386.64,9.666,6504.72,4295.28,37.0,175.80324324324326,0.0900150863273174,0.0093125477268071,37.0,206.56,5.5827027027027025,0.0480899964612318,0.0086141066472965,15.0,88.4,5.8933333333333335,0.0205807304762436,0.0034922053975526,101,9611.96,95.1679207920792,2.237795906204019,0.0235141830101879,6.0,10.84,1.8066666666666664,0.0025237004339647,0.001396882159021,23.0,533.36,23.189565217391305,0.1241735113892458,0.005354714942914,50.0,1109.64,22.1928,0.2583393864893558,0.0116406846585088,13.0,71.36,5.489230769230769,0.0166135851446238,0.0030265780112123,14.0,70.12,5.008571428571429,0.0163248961650928,0.0032593917043824,69.0,292.6,4.240579710144928,0.0681212866215939,0.0160641448287422,6.0,16.4,2.733333333333333,0.0038181445679909,0.001396882159021,3.2,3.0,1.0666666666666669,3.8,4.0,0.95,0.0007450038181445,0.0006984410795105,0.0008846920340466,0.0009312547726807,0.4571428571428572,0.5428571428571428,0.4285714285714285,0.5714285714285714,125.20385151675714,4164.0,0.0300681679915362,0.0068406005582024,2.104693710234663,0.0275753204207016,0.9694362183606192,162655.0,134570.0,10634.0,0.8273339276382528,0.065377639789739,41148.0,3564.0,7426.0,9706.0,8013.0,351.0,1307.0,2876.0,33135.0,3213.0,6119.0,6830.0,0.1947360746573345,0.8052639253426656,0.0984848484848484,0.9015151515151516,0.1760032318879612,0.8239967681120388,0.2963115598598805,0.7036884401401196
1,active,6,red,18,15-18,32.0,263.04,8.22,7224.72,3575.2799999999997,34.0,212.49176470588236,0.0735718601060616,0.0089503479447763,23.0,174.88,7.603478260869565,0.0489136515182027,0.006433062585308,13.0,38.48,2.96,0.0107627934035935,0.0036360788525653,79,9582.64,121.29924050632911,2.680248819672865,0.0220961714886666,4.0,5.84,1.46,0.0016334384999216,0.001118793493097,8.0,140.92,17.615,0.0394150947618088,0.002237586986194,38.0,1014.48,26.69684210526316,0.2837484057192723,0.0106285381844219,4.0,18.2,4.55,0.0050905103935915,0.001118793493097,12.0,66.56,5.546666666666667,0.0186167237251348,0.0033563804792911,61.0,231.12,3.7888524590163937,0.0646438880311472,0.0170616007697299,3.0,7.6,2.533333333333333,0.0021257076368843,0.0008390951198227,0.0,0.0,0.0,2.4,2.0,1.2,0.0,0.0,0.0006712760958582,0.0005593967465485,0.0,1.0,0.0,1.0,101.58262158104569,3513.0,0.0289162031258313,0.0059528373590086,2.2029599579532886,0.0256092874669764,0.982580385312479,180652.0,153096.66666666666,4435.0,0.8474673220704263,0.0245499634656688,28931.0,2135.0,5370.0,6608.0,12917.0,0.0,951.0,836.0,16014.0,2135.0,4419.0,5772.0,0.4464760983028585,0.5535239016971415,0.0,1.0,0.1770949720670391,0.8229050279329609,0.1265133171912832,0.8734866828087167
1,active,6,red,21,18-21,11.0,75.56,6.869090909090909,9475.72,1324.2800000000009,14.0,676.8371428571428,0.0570574198809918,0.0083064004591174,7.0,34.96,4.994285714285715,0.026399250913704,0.0052858912012565,5.0,21.8,4.36,0.0164617754553417,0.003775636572326,30,10607.2,353.5733333333334,8.009786449995465,0.0226538194339565,1.0,1.04,1.04,0.0007853324070438,0.0007551273144652,2.0,5.12,2.56,0.0038662518500619,0.0015102546289304,15.0,792.44,52.82933333333334,0.5983930890748177,0.0113269097169782,5.0,24.0,4.8,0.0181230555471652,0.003775636572326,4.0,26.64,6.66,0.0201165916573534,0.0030205092578608,30.0,104.24,3.4746666666666663,0.0787144712598543,0.0226538194339565,4.0,9.36,2.34,0.0070679916633944,0.0030205092578608,0.8,1.0,0.8,5.6,4.0,1.4,0.0006041018515721,0.0007551273144652,0.0042287129610052,0.0030205092578608,0.125,0.875,0.2,0.8,37.276840790344515,1309.0,0.0284773420858246,0.004774228357316,2.1789436737950103,0.0268636137012249,0.9884616546349708,236907.0,189255.3333333333,5797.0,0.79885918665693,0.0244695175744068,19956.0,1275.0,1431.0,1900.0,2802.0,159.0,251.0,343.0,17154.0,1116.0,1180.0,1557.0,0.1404088995790739,0.859591100420926,0.1247058823529411,0.8752941176470588,0.1754018169112508,0.8245981830887491,0.1805263157894736,0.8194736842105264
1,active,6,red,24,21-24,99.0,1137.64,11.491313131313133,1827.24,8972.76,73.0,25.03068493150685,0.1267881900329441,0.011033394407072,76.0,425.88,5.603684210526316,0.0474636566675136,0.008470080554924,38.0,241.24,6.348421052631579,0.0268858188561824,0.004235040277462,237,7506.64,31.673586497890295,0.8366032302212474,0.0264132775199604,4.0,7.72,1.93,0.0008603818668949,0.000445793713417,19.0,73.44,3.865263157894737,0.0081847725783371,0.002117520138731,48.0,1647.08,34.314166666666665,0.18356447737374,0.0053495245610046,19.0,92.6,4.873684210526315,0.0103201244656047,0.002117520138731,14.0,90.68,6.477142857142858,0.0101061434831646,0.0015602779969596,157.0,728.0,4.6369426751592355,0.0811344558419037,0.0174974032516193,21.0,55.36,2.636190476190476,0.006169784993692,0.0023404169954395,4.4,4.0,1.1,9.0,10.0,0.9,0.0004903730847587,0.000445793713417,0.0010030358551883,0.0011144842835426,0.3283582089552239,0.6716417910447761,0.2857142857142857,0.7142857142857143,324.75135015723,8898.0,0.0364971173474072,0.009440595011367,2.0979602079344475,0.0313785074641446,0.9916681154962352,45754.0,22668.666666666664,11706.0,0.4954466640439451,0.2558464833675744,43080.0,4615.0,16792.0,28540.0,12321.0,141.0,3382.0,7485.0,30759.0,4474.0,13410.0,21055.0,0.2860027855153203,0.7139972144846797,0.0305525460455037,0.9694474539544962,0.2014054311576941,0.7985945688423058,0.2622634898388227,0.7377365101611773
1,active,6,yellow,15,12-15,61.0,518.12,8.493770491803279,6723.92,4076.08,71.0,94.70309859154928,0.1271123236050323,0.0149653588742124,49.0,213.2,4.351020408163265,0.0523051559341327,0.0120213538497772,36.0,175.8,4.883333333333334,0.0431296736079762,0.0088320150733057,119,9727.8,81.74621848739496,2.3865576730584284,0.0291947164923161,23.0,42.68,1.8556521739130432,0.010470844536908,0.0056426762968342,9.0,85.32,9.48,0.0209318757237345,0.0022080037683264,43.0,442.48,10.290232558139536,0.1085552786010088,0.0105493513375596,10.0,19.88,1.988,0.004877234990481,0.0024533375203627,17.0,94.76,5.574117647058824,0.0232478263429569,0.0041706737846165,46.0,197.52,4.293913043478261,0.048458322702204,0.0112853525936684,3.0,6.72,2.24,0.0016486428136837,0.0007360012561088,8.0,8.0,1.0,2.8,3.0,0.9333333333333332,0.0019626700162901,0.0019626700162901,0.0006869345057015,0.0007360012561088,0.7407407407407407,0.2592592592592592,0.7272727272727273,0.2727272727272727,213.1077877969909,3915.0,0.0544336622725391,0.016017105928945,2.0530000170308265,0.0514715041270688,0.9604816392219976,168169.0,136737.3333333333,13070.0,0.8130947637991147,0.0777194369949277,13247.0,2893.0,9810.0,13014.0,3514.0,366.0,2747.0,2577.0,9733.0,2527.0,7063.0,10437.0,0.2652676077602476,0.7347323922397524,0.126512270998963,0.873487729001037,0.2800203873598369,0.7199796126401631,0.198017519594283,0.801982480405717
1,active,6,yellow,18,15-18,48.0,347.24,7.234166666666667,7093.32,3706.68,61.0,116.28393442622952,0.0936795191384203,0.0129495937064974,60.0,290.76,4.846,0.0784421638771083,0.0161869921331218,45.0,267.44,5.9431111111111115,0.0721508196013683,0.0121402440998413,129,9623.56,74.60124031007751,2.5962748335437644,0.0348020330862119,17.0,60.4,3.552941176470588,0.0162949054140093,0.0045863144377178,14.0,356.0,25.428571428571427,0.0960428199898561,0.0037769648310617,28.0,265.36,9.477142857142857,0.0715896705407534,0.0075539296621235,8.0,47.2,5.9,0.0127337671447225,0.0021582656177495,11.0,62.84,5.712727272727273,0.0169531764274229,0.0029676152244056,62.0,290.72,4.6890322580645165,0.0784313725490196,0.0167265585375592,2.0,5.0,2.5,0.0013489160110934,0.0005395664044373,0.8,1.0,0.8,1.8,2.0,0.9,0.0002158265617749,0.0002697832022186,0.0004856097639936,0.0005395664044373,0.3076923076923077,0.6923076923076923,0.3333333333333333,0.6666666666666666,201.5127121079279,3627.0,0.0555590604102365,0.0160905421282118,2.0667974370324393,0.052138907798346,0.9785036744472144,177394.0,147293.3333333333,9605.0,0.8303174477904175,0.0541450105415064,15576.0,2770.0,14060.0,8729.0,4181.0,0.0,3601.0,1038.0,11395.0,2770.0,10459.0,7691.0,0.2684257832562917,0.7315742167437083,0.0,1.0,0.2561166429587482,0.7438833570412517,0.118913964944438,0.8810860350555619
1,active,6,yellow,21,18-21,40.0,187.56,4.689,8379.76,2420.24,45.0,186.2168888888889,0.0774964466333917,0.0165272865500942,39.0,194.92,4.997948717948717,0.080537467358609,0.0161141043863418,28.0,110.4,3.942857142857143,0.04561531087826,0.0115691005850659,72,10200.32,141.67111111111112,4.2145902885664235,0.0297491157901695,2.0,3.84,1.92,0.001586619508809,0.0008263643275047,17.0,214.56,12.621176470588235,0.0886523650547053,0.00702409678379,18.0,128.56,7.142222222222222,0.0531186989720027,0.0074372789475423,8.0,67.72,8.465,0.0279806961293094,0.0033054573100188,10.0,44.32,4.432,0.0183122334975043,0.0041318216375235,38.0,185.96,4.893684210526316,0.0768353551713879,0.0157009222225894,3.0,8.08,2.693333333333334,0.003338511883119,0.001239546491257,17.8,17.0,1.0470588235294118,2.6,3.0,0.8666666666666667,0.0073546425147919,0.00702409678379,0.0010742736257561,0.001239546491257,0.872549019607843,0.1274509803921568,0.85,0.15,162.65391345151903,2378.0,0.0683994589787716,0.020982780522441,2.067521169219276,0.0619935900267612,0.9825471854031006,209539.0,180159.0,5599.0,0.8597874381380077,0.0267205627591999,8613.0,2819.0,7700.0,4729.0,812.0,209.0,997.0,1074.0,7801.0,2610.0,6703.0,3655.0,0.0942760942760942,0.9057239057239056,0.0741397658744235,0.9258602341255764,0.1294805194805194,0.8705194805194805,0.2271093254387819,0.7728906745612181
1,active,6,yellow,24,21-24,82.0,726.12,8.855121951219513,3489.92,7310.08,113.0,30.88424778761062,0.0993313342672036,0.0112173874978112,70.0,380.4,5.434285714285714,0.0520377341971633,0.0095758185956925,53.0,244.64,4.615849056603773,0.0334661180178602,0.0072502626510243,223,8731.8,39.15605381165919,1.1944876116266852,0.0305058220977061,1.0,1.16,1.16,0.0001586849938714,0.0001367974085098,31.0,197.08,6.35741935483871,0.0269600332691297,0.0042407196638066,49.0,220.8,4.506122448979592,0.0302048677989844,0.0067030730169847,16.0,46.04,2.8775,0.0062981526877954,0.0021887585361582,20.0,103.8,5.1899999999999995,0.0141995710033269,0.0027359481701978,81.0,393.16,4.853827160493828,0.0537832691297496,0.0110805900893013,6.0,13.36,2.2266666666666666,0.0018276133776921,0.0008207844510593,21.8,21.0,1.0380952380952382,16.8,17.0,0.9882352941176472,0.0029821835055156,0.0028727455787077,0.0022981964629662,0.0023255559446681,0.5647668393782384,0.4352331606217616,0.5526315789473685,0.4473684210526316,386.49704013007056,7197.0,0.0537025205127234,0.0151657510249084,2.1089615288995347,0.0484739200372549,0.9845309490457012,87361.0,30029.0,37030.0,0.3437346184224081,0.4238733530980643,10527.0,3782.0,15749.0,18235.0,5098.0,153.0,5790.0,6359.0,5429.0,3629.0,9959.0,11876.0,0.4842785218960767,0.5157214781039232,0.0404547858276044,0.9595452141723956,0.3676423899930154,0.6323576100069845,0.3487249794351522,0.6512750205648479
1,active,7,blue,15,12-15,81.0,382.96,4.727901234567901,6892.72,3907.28,36.0,191.46444444444444,0.0980119162179316,0.0207305337728547,31.0,158.56,5.11483870967742,0.0405806596916525,0.0079339079871419,68.0,367.4,5.402941176470588,0.0940296062734178,0.0174034110685694,170,9164.64,53.90964705882352,2.345529370815503,0.0435085276714235,1.0,1.24,1.24,0.0003173563194856,0.0002559325157142,19.0,55.08,2.8989473684210525,0.0140967629655412,0.0048627177985708,77.0,571.08,7.416623376623377,0.1461579410740975,0.0197068037099977,10.0,21.0,2.1,0.0053745828299993,0.0025593251571425,9.0,22.96,2.551111111111111,0.0058762105607993,0.0023033926414283,63.0,301.44,4.784761904761905,0.0771482975369054,0.0161237484899981,7.0,16.4,2.3428571428571425,0.0041972932577138,0.0017915276099997,1.0,1.0,1.0,0.0,0.0,0.0,0.0002559325157142,0.0002559325157142,0.0,0.0,1.0,0.0,1.0,0.0,197.72040632802393,3779.0,0.0523208272897655,0.0234305166551674,1.890896738808002,0.0447959395866212,0.9671689768841752,172354.0,136981.33333333334,2893.0,0.7947673586533144,0.0167852211146825,15750.0,1118.0,13248.0,9655.0,354.0,0.0,57.0,248.0,15396.0,1118.0,13191.0,9407.0,0.0224761904761904,0.9775238095238096,0.0,1.0,0.004302536231884,0.995697463768116,0.0256861729673744,0.9743138270326256
1,active,7,blue,18,15-18,45.0,250.76,5.572444444444444,5658.44,5141.56,65.0,87.05292307692307,0.0487711900668279,0.0087522075012253,28.0,155.28,5.545714285714285,0.0302009506842281,0.0054458180007624,83.0,565.24,6.810120481927711,0.1099355059553909,0.01614296050226,135,8981.84,66.53214814814815,1.7469094982845672,0.0262566225036759,4.0,9.64,2.41,0.0018749173402624,0.0007779740001089,2.0,2.4,1.2,0.0004667844000653,0.0003889870000544,74.0,1068.68,14.441621621621625,0.2078513136090991,0.0143925190020149,9.0,24.76,2.7511111111111113,0.0048156590606741,0.001750441500245,12.0,60.88,5.073333333333333,0.0118407642816577,0.0023339220003267,94.0,445.0,4.73404255319149,0.0865496075121169,0.0182823890025595,2.0,4.0,2.0,0.0007779740001089,0.0003889870000544,10.6,10.0,1.06,0.0,0.0,0.0,0.0020616311002886,0.0019449350002722,0.0,0.0,1.0,0.0,1.0,0.0,182.45734611745337,4647.0,0.0392634702211003,0.0073629166811589,2.05381298977007,0.0365360326969562,0.9038112946265336,141526.0,121225.66666666666,5140.0,0.8565611030246503,0.036318414990885,26853.0,2162.0,18124.0,6314.0,669.0,71.0,754.0,413.0,26184.0,2091.0,17370.0,5901.0,0.0249134174952519,0.975086582504748,0.0328399629972247,0.9671600370027752,0.0416022952990509,0.958397704700949,0.065410199556541,0.934589800443459
1,active,7,blue,21,18-21,72.0,657.12,9.126666666666669,6088.76,4711.24,73.0,83.40767123287671,0.1394792029274671,0.0152826007590358,39.0,253.16,6.4912820512820515,0.053735322335521,0.0082780754111444,84.0,440.04,5.238571428571428,0.093402161638974,0.0178297008855418,151,8977.2,59.45165562913907,1.9054856046391184,0.0320510099252001,3.0,3.68,1.2266666666666668,0.0007811107054618,0.0006367750316264,4.0,23.92,5.98,0.0050772195855019,0.0008490333755019,55.0,987.4,17.952727272727273,0.2095838887426664,0.0116742089131523,10.0,41.76,4.176,0.0088639084402407,0.0021225834387549,13.0,34.08,2.621538461538462,0.0072337643592769,0.0027593584703814,76.0,345.32,4.543684210526315,0.0732970513070868,0.0161316341345378,10.0,22.0,2.2,0.0046696835652609,0.0021225834387549,24.4,21.0,1.1619047619047618,0.8,1.0,0.8,0.0051791035905621,0.0044574252213854,0.0001698066751003,0.0002122583438754,0.9682539682539684,0.0317460317460317,0.9545454545454546,0.0454545454545454,218.1273245527676,4642.0,0.0469899449704367,0.0093297928217328,2.1244772263511793,0.043109812435097,0.9853032322700606,152292.0,105820.0,1064.0,0.6948493683187561,0.0069865784151498,25342.0,1919.0,17453.0,16500.0,238.0,50.0,1826.0,1599.0,25104.0,1869.0,15627.0,14901.0,0.009391523952332,0.990608476047668,0.0260552371026576,0.9739447628973424,0.1046238469031112,0.8953761530968888,0.0969090909090909,0.903090909090909
1,active,7,blue,24,21-24,111.0,959.12,8.64072072072072,3956.32,6843.68,123.0,32.16520325203252,0.140146821593061,0.0162193439786781,54.0,315.24,5.837777777777778,0.0460629368994459,0.0078904916653028,90.0,343.68,3.818666666666666,0.050218595843172,0.0131508194421714,211,8489.48,40.23450236966824,1.2404846515325088,0.0308313655810908,4.0,4.84,1.21,0.0007072218455567,0.0005844808640965,14.0,97.6,6.971428571428571,0.0142613330839548,0.0020456830243377,92.0,810.04,8.804782608695652,0.1183632197881841,0.0134430598742197,22.0,115.32,5.241818181818181,0.0168505833119023,0.0032146447525308,14.0,40.8,2.914285714285714,0.0059617048137843,0.0020456830243377,109.0,423.92,3.8891743119266056,0.061943281976948,0.0159271035466298,2.0,4.2,2.1,0.0006137049073013,0.0002922404320482,24.0,18.0,1.3333333333333333,3.2,4.0,0.8,0.003506885184579,0.0026301638884342,0.0004675846912772,0.0005844808640965,0.8823529411764706,0.1176470588235294,0.8181818181818182,0.1818181818181818,325.3516399444304,6719.0,0.048422628359046,0.012874784886084,2.083082485950569,0.0438215327769249,0.9817817314661118,99031.0,51053.99999999999,12829.0,0.5155355393765588,0.1295452938978703,22797.0,3939.0,16617.0,24089.0,6274.0,252.0,3095.0,8960.0,16523.0,3687.0,13522.0,15129.0,0.275211650655788,0.724788349344212,0.0639756283320639,0.936024371667936,0.1862550400192573,0.8137449599807426,0.371954003902196,0.628045996097804
1,active,7,green,15,12-15,13.0,102.72,7.901538461538461,8933.08,1866.92,111.0,80.4781981981982,0.055021104278705,0.0069633406894778,3.0,40.52,13.506666666666668,0.0217041972875109,0.0016069247744948,10.0,133.28,13.328,0.0713903113148929,0.0053564159149829,46,10252.56,222.88173913043477,5.4916975553317755,0.0246395132089216,,,,,,15.0,52.76,3.517333333333333,0.0282604503674501,0.0080346238724744,41.0,543.76,13.262439024390243,0.2912604717931137,0.0219613052514301,3.0,5.12,1.7066666666666668,0.0027424849484712,0.0016069247744948,3.0,3.76,1.2533333333333332,0.0020140123840335,0.0016069247744948,23.0,107.88,4.690434782608696,0.0577850148908362,0.0123197566044608,4.0,8.48,2.12,0.0045422406959055,0.0021425663659931,0.0,0.0,0.0,1.0,1.0,1.0,0.0,0.0,0.0005356415914982,0.0005356415914982,0.0,1.0,0.0,1.0,65.66209355632182,1681.0,0.0390613287069136,0.009859886439124,1.9870818864962343,0.0315589674627456,0.9004135153086367,223438.0,172479.66666666666,444.0,0.7719352422894344,0.0019871284204119,14969.0,228.0,4358.0,2581.0,1122.0,0.0,62.0,166.0,13847.0,228.0,4296.0,2415.0,0.0749549068074019,0.925045093192598,0.0,1.0,0.0142267094997705,0.9857732905002294,0.0643161565284773,0.9356838434715228
1,active,7,green,18,15-18,3.0,30.12,10.04,9371.6,1428.3999999999996,135.0,69.41925925925926,0.021086530383646,0.0021002520302436,3.0,30.84,10.28,0.0215905908709045,0.0021002520302436,4.0,23.64,5.91,0.0165499859983198,0.0028003360403248,16,10256.16,641.01,7.180173620834502,0.0112013441612993,,,,,,,,,,,34.0,341.28,10.037647058823527,0.2389246709605153,0.0238028563427611,2.0,26.76,13.38,0.0187342481097731,0.0014001680201624,7.0,37.84,5.405714285714287,0.0264911789414729,0.0049005880705684,13.0,58.84,4.526153846153846,0.0411929431531783,0.0091010921310557,2.0,5.0,2.5,0.003500420050406,0.0014001680201624,0.0,0.0,0.0,2.2,2.0,1.1,0.0,0.0,0.0015401848221786,0.0014001680201624,0.0,1.0,0.0,1.0,41.85888861061495,894.0,0.0468220230543791,0.0072808775426264,2.0365724953873374,0.0389804239127007,0.6258751050126017,234425.0,176568.66666666666,6375.0,0.7531989619992179,0.0271941985709715,8566.0,1624.0,1369.0,756.0,305.0,200.0,121.0,0.0,8261.0,1424.0,1248.0,756.0,0.03560588372636,0.96439411627364,0.1231527093596059,0.8768472906403941,0.0883856829802775,0.9116143170197224,0.0,1.0
1,active,7,green,21,18-21,30.0,282.6,9.42,6827.28,3972.72,365.0,18.704876712328765,0.0711351416661632,0.0075515012384462,11.0,89.28,8.116363636363637,0.0224732676856159,0.0027688837874302,40.0,404.6,10.115,0.1018445800358444,0.0100686683179282,82,9764.64,119.0809756097561,2.4579230350993777,0.0206407700517529,,,,,,7.0,42.28,6.04,0.0106425824120501,0.0017620169556374,40.0,1046.48,26.162,0.2634165005336394,0.0100686683179282,9.0,88.92,9.88,0.0223826496707545,0.0022654503715338,7.0,103.6,14.8,0.0260778509434342,0.0017620169556374,45.0,196.12,4.358222222222222,0.0493666807628023,0.0113272518576693,8.0,21.96,2.745,0.0055276989065426,0.0020137336635856,0.0,0.0,0.0,9.0,9.0,1.0,0.0,0.0,0.0022654503715338,0.0022654503715338,0.0,1.0,0.0,1.0,125.71287957548994,3705.0,0.0339306017747611,0.0066551423242383,2.016866417163528,0.0291850067764221,0.9326104029481062,171047.0,93130.66666666666,29260.0,0.544474130891899,0.1710640934947704,27266.0,4829.0,12398.0,7095.0,151.0,24.0,1330.0,635.0,27115.0,4805.0,11068.0,6460.0,0.0055380327147363,0.9944619672852636,0.0049699730793124,0.9950300269206876,0.1072753669946765,0.8927246330053235,0.0894996476391825,0.9105003523608176
1,active,7,green,24,21-24,48.0,490.16,10.211666666666668,3421.16,7378.84,168.0,20.364047619047614,0.0664277853971627,0.0065050875205316,19.0,163.8,8.621052631578948,0.0221986111638143,0.0025749304768771,46.0,428.24,9.309565217391304,0.0580362224956768,0.0062340422071761,148,9373.96,63.33756756756756,1.2703839627908993,0.020057353188306,1.0,1.8,1.8,0.0002439407820199,0.0001355226566777,38.0,696.72,18.334736842105265,0.0944213453605173,0.0051498609537542,119.0,1433.52,12.046386554621847,0.1942744388006786,0.0161271961446514,15.0,109.92,7.328,0.0148966504220175,0.0020328398501661,18.0,141.28,7.848888888888889,0.0191466409354315,0.0024394078201993,87.0,371.88,4.27448275862069,0.0503981655653192,0.0117904711309636,24.0,72.4,3.016666666666667,0.0098118403434686,0.0032525437602658,2.4,3.0,0.7999999999999999,5.4,5.0,1.08,0.0003252543760265,0.0004065679700332,0.0007318223460598,0.0006776132833887,0.3076923076923076,0.6923076923076923,0.375,0.625,275.8482936085466,7245.0,0.03807429863472,0.0070292762024198,2.135775284456712,0.0360178698941838,0.9818616476302507,85697.0,45979.33333333332,13540.0,0.536533756529789,0.1579985297034902,53413.0,6313.0,14866.0,12302.0,11554.0,681.0,2386.0,4129.0,41859.0,5632.0,12480.0,8173.0,0.216314380394286,0.7836856196057139,0.10787264375099,0.89212735624901,0.1605004708731333,0.8394995291268667,0.3356364818728662,0.6643635181271338
1,active,7,red,15,12-15,6.0,100.12,16.686666666666667,8351.32,2448.6800000000003,25.0,334.0528,0.0408873352173415,0.0024502997533364,4.0,31.48,7.87,0.0128559060391721,0.0016335331688909,6.0,35.0,5.833333333333333,0.0142934152277961,0.0024502997533364,41,10397.64,253.6009756097561,4.246222454546939,0.0167437149811326,,,,,,12.0,37.32,3.11,0.0152408644657529,0.0049005995066729,58.0,1331.0,22.948275862068964,0.5435581619484783,0.0236862309489194,8.0,33.0,4.125,0.0134766486433507,0.0032670663377819,7.0,28.12,4.017142857142857,0.0114837381773036,0.0028586830455592,33.0,129.48,3.9236363636363634,0.0528774686770014,0.0134766486433507,16.0,41.24,2.5775,0.0168417269712661,0.0065341326755639,0.0,0.0,0.0,1.8,1.0,1.8,0.0,0.0,0.0007350899260009,0.0004083832922227,0.0,1.0,0.0,1.0,64.69779394282128,2328.0,0.0277911486008682,0.0046021967206083,2.0546908279754668,0.022472163262555,0.9507163042945586,208808.0,160929.99999999997,3956.0,0.7707080188498524,0.0189456342668863,34278.0,1543.0,1672.0,2509.0,1067.0,0.0,14.0,99.0,33211.0,1543.0,1658.0,2410.0,0.03112783709668,0.96887216290332,0.0,1.0,0.0083732057416267,0.9916267942583732,0.0394579513750498,0.9605420486249502
1,active,7,red,18,15-18,18.0,88.72,4.928888888888888,8015.88,2784.12,21.0,381.7085714285714,0.0318664425383963,0.0064652385673031,13.0,61.76,4.75076923076923,0.0221829518842578,0.0046693389652744,33.0,170.16,5.156363636363636,0.0611180552562389,0.011852937373389,62,9866.0,159.1290322580645,3.543669094722929,0.0222691550651552,1.0,2.4,2.4,0.0008620318089737,0.0003591799204057,5.0,20.44,4.088,0.0073416375730931,0.0017958996020286,43.0,917.08,21.32744186046512,0.3293967214056865,0.0154447365774463,4.0,27.56,6.89,0.0098989986063819,0.0014367196816229,17.0,98.72,5.807058823529411,0.0354582417424536,0.0061060586468974,40.0,177.24,4.431,0.0636610490927115,0.0143671968162291,,,,,,1.2,1.0,1.2,5.2,5.0,1.04,0.0004310159044868,0.0003591799204057,0.0018677355861097,0.0017958996020286,0.1874999999999999,0.8125,0.1666666666666666,0.8333333333333334,87.64485658923033,2326.0,0.0376805058423174,0.0077682260237669,2.0271812535420666,0.034262220617701,0.8354524948637272,200418.0,162458.66666666666,1772.0,0.8105991810449493,0.0088415212206488,23486.0,3178.0,5844.0,2236.0,677.0,229.0,601.0,134.0,22809.0,2949.0,5243.0,2102.0,0.0288256833858468,0.9711743166141532,0.0720578980490874,0.9279421019509124,0.1028405201916495,0.8971594798083504,0.0599284436493738,0.940071556350626
1,active,7,red,21,18-21,20.0,135.2,6.76,8151.96,2648.04,40.0,203.799,0.0510566305644929,0.0075527560006646,23.0,92.6,4.0260869565217385,0.0349692602830772,0.0086856694007643,40.0,243.12,6.078,0.0918113019440794,0.0151055120013292,88,10099.36,114.76545454545456,3.813900092143624,0.0332321264029244,4.0,6.88,1.72,0.0025981480642286,0.0015105512001329,3.0,13.48,4.493333333333333,0.0050905575444479,0.0011329134000996,22.0,679.52,30.887272727272727,0.2566124378785819,0.0083080316007311,2.0,4.08,2.04,0.0015407622241355,0.0007552756000664,9.0,84.72,9.413333333333334,0.0319934744188154,0.003398740200299,76.0,338.04,4.447894736842105,0.1276566819232338,0.0287004728025256,2.0,5.48,2.74,0.0020694551441821,0.0007552756000664,2.6,3.0,0.8666666666666667,2.0,2.0,1.0,0.0009818582800864,0.0011329134000996,0.0007552756000664,0.0007552756000664,0.5652173913043479,0.4347826086956522,0.6,0.4,96.45507429430748,2610.0,0.0369559671625699,0.0057611780822314,2.043739930125416,0.0341103818338585,0.985634658086736,203839.0,122298.33333333331,16719.0,0.5999751437817754,0.0820206143083512,17350.0,2231.0,8456.0,3400.0,146.0,0.0,1087.0,415.0,17204.0,2231.0,7369.0,2985.0,0.008414985590778,0.991585014409222,0.0,1.0,0.1285477767265846,0.8714522232734153,0.1220588235294117,0.8779411764705882
1,active,7,red,24,21-24,93.0,1162.68,12.501935483870968,2059.32,8740.68,90.0,22.881333333333338,0.1330193989483655,0.0106399044467936,52.0,216.04,4.154615384615385,0.0247166124374762,0.0059491938842286,115.0,657.56,5.71791304347826,0.0752298448175656,0.0131568710901211,241,7574.2,31.428215767634853,0.8665458522677869,0.027572225501906,3.0,8.08,2.693333333333334,0.0009244132035493,0.0003432227240901,14.0,255.4,18.242857142857144,0.0292196945775385,0.0016017060457538,86.0,1696.6,19.727906976744183,0.1941038912304305,0.0098390514239166,15.0,115.08,7.672,0.0131660236960968,0.0017161136204505,23.0,185.64,8.071304347826086,0.0212386221666964,0.0026313742180242,135.0,583.16,4.319703703703704,0.0667179212601307,0.0154450225840552,8.0,20.8,2.6,0.0023796775536914,0.0009152605975736,4.0,4.0,1.0,14.6,9.0,1.6222222222222222,0.0004576302987868,0.0004576302987868,0.0016703505905719,0.0010296681722703,0.2150537634408602,0.7849462365591398,0.3076923076923077,0.6923076923076923,342.4558972118958,8648.0,0.0395994330726059,0.0095168339171188,2.094750785603708,0.035879595769942,0.9893967059771092,51573.0,26283.999999999993,9016.0,0.5096465204661352,0.1748201578345258,48900.0,7556.0,22007.0,29160.0,8201.0,140.0,3497.0,6978.0,40699.0,7416.0,18510.0,22182.0,0.1677096114519427,0.8322903885480573,0.0185283218634197,0.9814716781365802,0.1589039850956513,0.8410960149043486,0.2393004115226337,0.7606995884773663
1,active,7,yellow,15,12-15,8.0,47.28,5.91,9217.36,1582.6399999999994,51.0,180.73254901960783,0.0298741343577819,0.0050548450689986,3.0,11.44,3.813333333333333,0.007228428448668,0.0018955669008744,9.0,62.24,6.915555555555556,0.0393266946368094,0.0056867007026234,31,10540.72,340.0232258064516,6.660213314461914,0.0195875246423697,,,,,,22.0,65.72,2.9872727272727273,0.0415255522418238,0.0139008239397462,32.0,602.88,18.84,0.3809331243997373,0.0202193802759945,2.0,3.6,1.8,0.0022746802810493,0.0012637112672496,1.0,1.84,1.84,0.0011626143658696,0.0006318556336248,12.0,35.88,2.99,0.0226709801344588,0.0075822676034979,3.0,6.2,2.066666666666667,0.0039175049284739,0.0018955669008744,1.8,1.0,1.8,0.0,0.0,0.0,0.0011373401405246,0.0006318556336248,0.0,0.0,1.0,0.0,1.0,0.0,67.26546572598298,1443.0,0.0466150143631205,0.0070350283393314,2.054619558241245,0.0386897166793224,0.9117676793206292,230485.0,175852.3333333333,1065.0,0.7629664981813711,0.0046206911512679,16769.0,139.0,1854.0,1190.0,1398.0,0.0,105.0,422.0,15371.0,139.0,1749.0,768.0,0.0833681197447671,0.9166318802552328,0.0,1.0,0.0566343042071197,0.9433656957928802,0.3546218487394958,0.6453781512605042
1,active,7,yellow,18,15-18,11.0,136.52,12.410909090909092,8362.2,2437.7999999999993,36.0,232.28333333333336,0.0560013126589548,0.0045122651571088,2.0,13.48,6.74,0.0055295758470752,0.000820411846747,23.0,201.64,8.76695652173913,0.0827139223890393,0.0094347362375912,37,9968.24,269.4118918918919,4.089031093608993,0.0151776191648207,,,,,,3.0,8.04,2.6799999999999997,0.0032980556239232,0.0012306177701206,41.0,675.52,16.47609756097561,0.2771023053572894,0.0168184428583148,5.0,51.0,10.2,0.0209205020920502,0.0020510296168676,7.0,60.44,8.634285714285713,0.0247928460086963,0.0028714414636147,26.0,116.4,4.476923076923077,0.0477479694806793,0.0106653540077118,1.0,3.68,3.68,0.0015095577980146,0.0004102059233735,0.0,0.0,0.0,4.4,4.0,1.1,0.0,0.0,0.0018049060628435,0.0016408236934941,0.0,1.0,0.0,1.0,65.27807081241066,1957.0,0.0333561935679155,0.0061842010237911,2.1254511822695075,0.029431284728267,0.8027729920420054,209091.0,166480.3333333333,2344.0,0.796209943676836,0.0112104299085087,17133.0,2798.0,5403.0,3424.0,329.0,178.0,860.0,279.0,16804.0,2620.0,4543.0,3145.0,0.0192027082238954,0.9807972917761046,0.0636168691922802,0.9363831308077198,0.1591708310198038,0.8408291689801962,0.081483644859813,0.9185163551401868
1,active,7,yellow,21,18-21,35.0,265.84,7.59542857142857,5655.16,5144.84,91.0,62.144615384615385,0.0516711889971311,0.0068029326470794,18.0,97.6,5.422222222222222,0.0189704636101414,0.0034986510756408,84.0,536.12,6.382380952380952,0.1042053785929202,0.0163270383529905,143,9269.08,64.81874125874126,1.8016264840111644,0.0277948391009244,1.0,1.4,1.4,0.0002721173058831,0.0001943695042022,2.0,4.04,2.02,0.0007852527969771,0.0003887390084045,53.0,899.8,16.977358490566036,0.1748936798812013,0.0103015837227202,8.0,89.72,11.215,0.0174388319170275,0.0015549560336181,6.0,29.76,4.96,0.0057844364450595,0.0011662170252136,87.0,382.68,4.398620689655172,0.0743813218681241,0.0169101468655973,5.0,11.48,2.2960000000000003,0.002231361908242,0.0009718475210113,0.8,1.0,0.8,16.0,13.0,1.2307692307692308,0.0001554956033618,0.0001943695042022,0.0031099120672362,0.0025268035546294,0.0476190476190476,0.9523809523809524,0.0714285714285714,0.9285714285714286,184.4169580288316,5058.0,0.0364604503813427,0.0071166085627053,2.1066657049357533,0.0337509017507434,0.983120952255075,141470.0,99710.33333333331,991.0,0.7048160976414315,0.0070050187318866,22651.0,3001.0,15945.0,6681.0,245.0,33.0,1401.0,923.0,22406.0,2968.0,14544.0,5758.0,0.0108162995011257,0.9891837004988744,0.0109963345551482,0.9890036654448516,0.0878645343367827,0.9121354656632172,0.1381529711121089,0.861847028887891
1,active,7,yellow,24,21-24,44.0,315.12,7.161818181818182,5273.0,5527.0,138.0,38.210144927536234,0.0570146553283879,0.0079609191242988,28.0,221.16,7.898571428571429,0.0400144743984078,0.0050660394427356,66.0,379.28,5.746666666666666,0.0686231228514564,0.0119413786864483,132,9618.16,72.86484848484848,1.740213497376515,0.0238827573728966,,,,,,15.0,61.64,4.109333333333334,0.0111525239732223,0.0027139497014655,108.0,693.88,6.424814814814815,0.1255436945901936,0.0195404378505518,6.0,91.76,15.293333333333337,0.0166021349737651,0.0010855798805862,11.0,93.32,8.483636363636363,0.0168843857427175,0.0019902297810747,51.0,262.04,5.138039215686275,0.0474108919848018,0.0092274289849828,11.0,26.24,2.3854545454545453,0.0047476026777637,0.0019902297810747,5.0,3.0,1.6666666666666667,12.2,10.0,1.22,0.0009046499004885,0.0005427899402931,0.0022073457571919,0.001809299800977,0.2906976744186046,0.7093023255813954,0.2307692307692307,0.7692307692307693,199.00800616109956,5393.0,0.0369011693234006,0.0085269403034586,2.1436768522315623,0.0327596586519784,0.975755382666908,131963.0,46203.99999999999,44751.0,0.3501284450944582,0.339117783014936,19011.0,4644.0,15105.0,7922.0,1587.0,649.0,2136.0,3303.0,17424.0,3995.0,12969.0,4619.0,0.0834779864289095,0.9165220135710904,0.1397502153316107,0.8602497846683893,0.1414101290963257,0.8585898709036743,0.4169401666245897,0.5830598333754102
1,active,8,blue,15,12-15,2.0,6.8,3.4,9258.2,1541.7999999999993,61.0,151.7737704918033,0.0044104293682708,0.0012971851083149,2.0,16.08,8.04,0.0104293682708522,0.0012971851083149,3.0,20.0,6.666666666666667,0.0129718510831495,0.0019457776624724,13,10636.8,818.2153846153846,6.898949280062268,0.0084317032040472,1.0,1.68,1.68,0.0010896354909845,0.0006485925541574,11.0,53.76,4.887272727272727,0.034868335711506,0.0071345180957322,69.0,549.72,7.966956521739131,0.3565442988714491,0.044752886236866,3.0,14.08,4.693333333333333,0.0091321831625372,0.0019457776624724,2.0,6.68,3.34,0.0043325982617719,0.0012971851083149,12.0,46.68,3.89,0.0302763004280711,0.0077831106498897,3.0,6.36,2.12,0.0041250486444415,0.0019457776624724,,,,,,,,,,,,,,,33.350550079063815,1389.0,0.0240104752189084,0.0050422540934589,2.0891639116688174,0.021454090100973,0.9008950577247378,231516.0,152547.66666666666,13750.0,0.6589076636891906,0.0593911435926674,15167.0,524.0,907.0,172.0,2310.0,0.0,77.0,0.0,12857.0,524.0,830.0,172.0,0.1523043449594514,0.8476956550405486,0.0,1.0,0.0848952590959206,0.9151047409040792,0.0,1.0
1,active,8,blue,18,15-18,30.0,299.12,9.970666666666666,7809.72,2990.2799999999997,64.0,122.026875,0.1000307663496395,0.0100325053172278,14.0,105.16,7.511428571428572,0.0351672753053225,0.0046818358147063,9.0,68.52,7.613333333333333,0.0229142421445483,0.0030097515951683,72,10085.12,140.07111111111112,3.3726340008293545,0.0240780127613467,10.0,33.16,3.316,0.0110892625439758,0.0033441684390759,2.0,7.32,3.66,0.0024479312974035,0.0006688336878151,43.0,574.28,13.355348837209302,0.192048905119253,0.0143799242880265,10.0,96.36,9.636,0.0322244070789357,0.0033441684390759,6.0,32.44,5.406666666666666,0.0108484824163623,0.0020065010634455,32.0,154.2,4.81875,0.0515670773305509,0.010701339005043,2.0,4.6,2.3,0.0015383174819749,0.0006688336878151,3.6,4.0,0.9,3.2,4.0,0.8,0.0012039006380673,0.0013376673756303,0.0010701339005043,0.0013376673756303,0.5294117647058824,0.4705882352941176,0.5,0.5,97.12930895203758,2927.0,0.0331839114971088,0.0065137572968096,2.1214639149766006,0.0309228258984565,0.9788381021175276,195307.0,131360.3333333333,11887.0,0.6725838466277876,0.060863153906414,14585.0,3236.0,4365.0,7508.0,507.0,185.0,1189.0,2977.0,14078.0,3051.0,3176.0,4531.0,0.0347617415152554,0.9652382584847446,0.0571693448702101,0.94283065512979,0.2723940435280641,0.7276059564719358,0.3965103889184869,0.603489611081513
1,active,8,blue,21,18-21,49.0,816.04,16.653877551020408,7049.2,3750.8,67.0,105.21194029850746,0.2175642529593686,0.0130638797056627,30.0,175.36,5.8453333333333335,0.0467526927588781,0.0079982936973445,12.0,61.76,5.1466666666666665,0.0164658206249333,0.0031993174789378,72,9600.88,133.3455555555555,2.559688599765383,0.0191959048736269,6.0,30.68,5.113333333333333,0.0081795883544843,0.0015996587394689,36.0,295.0,8.194444444444445,0.0786498880238882,0.0095979524368134,32.0,510.88,15.965,0.1362056094699797,0.0085315132771675,11.0,111.0,10.090909090909092,0.0295936866801748,0.0029327076890263,3.0,17.88,5.96,0.0047669830436173,0.0007998293697344,51.0,218.0,4.2745098039215685,0.0581209342007038,0.0135970992854857,4.0,9.84,2.46,0.002623440332729,0.0010664391596459,5.8,6.0,0.9666666666666668,1.8,2.0,0.9,0.0015463367814866,0.0015996587394689,0.0004798976218406,0.0005332195798229,0.7631578947368421,0.2368421052631579,0.75,0.25,115.51830442970326,3693.0,0.031280342385514,0.0056797214870941,2.147148147259309,0.0288055152442515,0.984589954143116,176297.0,93580.0,26686.0,0.5308088055951037,0.1513695638609846,20215.0,3236.0,5970.0,20450.0,11114.0,155.0,604.0,6454.0,9101.0,3081.0,5366.0,13996.0,0.5497897600791491,0.4502102399208508,0.0478986402966625,0.9521013597033374,0.1011725293132328,0.8988274706867672,0.31559902200489,0.68440097799511
1,active,8,blue,24,21-24,52.0,992.76,19.091538461538462,5954.0,4846.0,55.0,108.25454545454544,0.2048617416425918,0.0107304993809327,27.0,143.08,5.29925925925926,0.029525381758151,0.0055716054477919,22.0,75.92,3.450909090909091,0.0156665290961617,0.0045398266611638,105,8974.08,85.46742857142857,1.851853074700784,0.021667354519191,8.0,28.76,3.595,0.0059347915806851,0.001650846058605,37.0,355.68,9.612972972972972,0.0733966157655798,0.0076351630210482,25.0,332.04,13.2816,0.0685183656624019,0.0051588939331407,12.0,106.64,8.886666666666667,0.0220057779612051,0.0024762690879075,1.0,2.72,2.72,0.0005612876599257,0.0002063557573256,75.0,280.48,3.7397333333333336,0.0578786628146925,0.0154766817994222,9.0,23.84,2.648888888888889,0.004919521254643,0.0018572018159306,6.4,6.0,1.0666666666666669,1.6,2.0,0.8,0.001320676846884,0.0012381345439537,0.000330169211721,0.0004127115146512,0.8,0.2,0.75,0.25,151.77717067838037,4796.0,0.0316466160713887,0.0072097660677862,2.1237245733746817,0.0289900500537041,0.9896822121337184,148905.0,96672.66666666666,24952.0,0.6492237780240198,0.1675699271347503,17255.0,2747.0,5524.0,24871.0,8122.0,41.0,259.0,6392.0,9133.0,2706.0,5265.0,18479.0,0.4707041437264561,0.5292958562735439,0.0149253731343283,0.9850746268656716,0.0468863142650253,0.9531136857349748,0.2570061517429938,0.7429938482570062
1,active,8,green,15,12-15,16.0,70.04,4.3775,6482.96,4317.04,165.0,39.29066666666667,0.0162240794618534,0.0037062431666141,25.0,101.08,4.0432,0.0234141912050849,0.0057910049478346,17.0,69.44,4.084705882352941,0.0160850953431054,0.0039378833645275,78,10301.88,132.0753846153846,2.3863295220799436,0.018067935437244,7.0,14.88,2.125714285714286,0.0034468061449511,0.0016214813853936,33.0,280.76,8.507878787878788,0.065035301966162,0.0076441265311417,156.0,1352.92,8.672564102564102,0.313390656560977,0.036135870874488,23.0,99.28,4.316521739130435,0.0229972388488408,0.0053277245520078,17.0,54.24,3.190588235294118,0.012564164334822,0.0039378833645275,44.0,174.36,3.962727272727273,0.0403887849081778,0.0101921687081889,3.0,6.44,2.146666666666667,0.0014917628745622,0.0006949205937401,1.0,1.0,1.0,2.4,3.0,0.7999999999999999,0.0002316401979133,0.0002316401979133,0.0005559364749921,0.0006949205937401,0.2941176470588235,0.7058823529411765,0.25,0.75,165.9089709863342,4114.0,0.0403278976631828,0.009451515503488,2.06203138389876,0.0336455638458299,0.9529677742156664,162239.0,129097.33333333331,3563.0,0.7957231820544587,0.0219614272770418,41031.0,3878.0,4305.0,1767.0,6349.0,60.0,674.0,28.0,34682.0,3818.0,3631.0,1739.0,0.1547366625234578,0.8452633374765421,0.0154718927282104,0.9845281072717896,0.1565621370499419,0.8434378629500581,0.0158460667798528,0.9841539332201472
1,active,8,green,18,15-18,56.0,503.16,8.985000000000001,5802.28,4997.72,178.0,32.59707865168539,0.1006779091265617,0.0112051095299456,30.0,143.08,4.769333333333334,0.0286290548490111,0.0060027372481851,29.0,123.4,4.255172413793104,0.0246912592142016,0.0058026460065789,114,9608.12,84.28175438596492,1.9225006603010977,0.0228104015431036,10.0,35.28,3.528,0.0070592190038657,0.0020009124160617,17.0,135.44,7.9670588235294115,0.0271003577631399,0.0034015511073049,70.0,1222.64,17.466285714285714,0.2446395556373706,0.014006386912432,21.0,175.12,8.33904761904762,0.0350399782300729,0.0042019160737296,12.0,39.28,3.2733333333333334,0.0078595839702904,0.002401094899274,84.0,445.52,5.303809523809524,0.0891446499603819,0.0168076642949184,4.0,11.6,2.9,0.0023210584026316,0.0008003649664246,6.2,7.0,0.8857142857142858,3.8,3.0,1.2666666666666666,0.0012405656979582,0.0014006386912432,0.0007603467181034,0.0006002737248185,0.62,0.38,0.7,0.3,188.07730871442712,4877.0,0.0385641395764665,0.0071257226934794,2.0857151892180896,0.0352775390755347,0.9758449853133028,145235.0,108730.66666666664,14206.0,0.7486533319562546,0.0978138878369539,34039.0,5393.0,6721.0,12635.0,2810.0,382.0,1770.0,5088.0,31229.0,5011.0,4951.0,7547.0,0.0825523664032433,0.9174476335967566,0.0708325607268681,0.9291674392731318,0.2633536676089867,0.7366463323910133,0.4026909378709932,0.5973090621290067
1,active,8,green,21,18-21,37.0,632.64,17.098378378378378,6539.2,4260.8,288.0,22.705555555555556,0.1484791588434096,0.0086838152459631,22.0,127.56,5.798181818181818,0.0299380398047315,0.0051633496057078,24.0,80.8,3.3666666666666667,0.0189635749155088,0.0056327450244085,100,9622.64,96.2264,2.2584115659031165,0.0234697709350356,4.0,5.8,1.45,0.001361246714232,0.0009387908374014,18.0,79.72,4.428888888888888,0.0187101013894104,0.0042245587683064,70.0,951.04,13.586285714285712,0.2232069095005632,0.0164288396545249,14.0,100.56,7.182857142857143,0.0236012016522718,0.0032857679309049,12.0,53.36,4.446666666666666,0.012523469770935,0.0028163725122042,58.0,242.12,4.17448275862069,0.0568250093879083,0.0136124671423206,4.0,9.76,2.44,0.0022906496432594,0.0009387908374014,5.4,6.0,0.9,0.8,1.0,0.8,0.0012673676304919,0.0014081862561021,0.0001877581674802,0.0002346977093503,0.8709677419354839,0.1290322580645161,0.8571428571428571,0.1428571428571428,170.41827260451447,4077.0,0.0417999196969621,0.0083289580585426,2.124900036603824,0.0363204424793283,0.9568625610214044,163768.0,92949.66666666666,21436.0,0.5675691628808233,0.1308924820477749,25857.0,3874.0,5255.0,15853.0,12153.0,141.0,1834.0,8207.0,13704.0,3733.0,3421.0,7646.0,0.470008121591832,0.529991878408168,0.0363964894166236,0.9636035105833765,0.3490009514747859,0.6509990485252141,0.5176938118968019,0.4823061881031981
1,active,8,green,24,21-24,70.0,542.48,7.749714285714286,4943.16,5856.84,121.0,40.85256198347108,0.0926233258890459,0.0119518375096468,41.0,297.72,7.261463414634147,0.0508328723338865,0.007000361969936,22.0,85.92,3.9054545454545457,0.0146700268404122,0.0037562917887461,127,9045.2,71.2220472440945,1.5443822948893944,0.0216840480532164,11.0,29.48,2.68,0.0050334309969198,0.001878145894373,56.0,384.56,6.867142857142857,0.0656599804672826,0.0095614700077174,51.0,1010.44,19.812549019607843,0.1725230670463936,0.0087077673284569,27.0,220.56,8.168888888888889,0.0376585325875386,0.0046099944680066,10.0,22.6,2.26,0.0038587361102574,0.0017074053585209,95.0,379.12,3.9907368421052634,0.0647311519522472,0.0162203509059492,7.0,18.2,2.6,0.0031074777525081,0.0011951837509646,11.2,9.0,1.2444444444444445,6.0,6.0,1.0,0.0019122940015434,0.0015366648226688,0.0010244432151125,0.0010244432151125,0.6511627906976744,0.3488372093023256,0.6,0.4,236.89156452426457,5775.0,0.0410201843332059,0.0076382857776126,2.1226971245846036,0.0378588377176239,0.9860265945458644,123700.0,91784.0,11172.0,0.7419886822958772,0.0903152789005658,34982.0,6116.0,9654.0,13632.0,19392.0,1197.0,1681.0,4682.0,15590.0,4919.0,7973.0,8950.0,0.5543422331484763,0.4456577668515236,0.1957161543492478,0.8042838456507522,0.1741247151439817,0.8258752848560182,0.343456572769953,0.656543427230047
1,active,8,red,15,12-15,7.0,30.76,4.394285714285714,8149.8,2650.2,44.0,185.22272727272727,0.0116066711946268,0.0026413100898045,5.0,40.12,8.024,0.0151384801147083,0.0018866500641461,1.0,9.8,9.8,0.0036978341257263,0.0003773300128292,22,10531.68,478.7127272727273,3.9739189495132448,0.0083012602822428,1.0,2.28,2.28,0.0008603124292506,0.0003773300128292,16.0,92.56,5.785,0.0349256659874726,0.0060372802052675,120.0,1340.8,11.173333333333334,0.5059240812014187,0.0452796015395064,10.0,42.88,4.288,0.0161799109501169,0.0037733001282922,5.0,13.08,2.616,0.0049354765678062,0.0018866500641461,26.0,102.16,3.9292307692307697,0.0385480341106331,0.0098105803335597,11.0,24.72,2.247272727272727,0.0093275979171383,0.0041506301411214,0.0,0.0,0.0,0.8,1.0,0.8,0.0,0.0,0.0003018640102633,0.0003773300128292,0.0,1.0,0.0,1.0,58.865401784097145,2515.0,0.0234057263555058,0.0056794456570767,2.111677519267637,0.0210571770693469,0.9489849822654894,203789.0,144274.3333333333,2875.0,0.7079593762829854,0.0141077290727173,35970.0,1414.0,1254.0,776.0,6799.0,9.0,0.0,11.0,29171.0,1405.0,1254.0,765.0,0.1890186266333055,0.8109813733666945,0.0063649222065063,0.9936350777934936,0.0,1.0,0.0141752577319587,0.9858247422680412
1,active,8,red,18,15-18,21.0,388.16,18.483809523809526,6992.4,3807.6,20.0,349.62,0.1019434814581363,0.0055152852190356,15.0,103.08,6.872,0.0270721714465805,0.0039394894421682,8.0,57.44,7.18,0.0150856182372097,0.002101061035823,71,9954.48,140.20394366197183,2.61437125748503,0.0186469166929299,13.0,65.04,5.003076923076923,0.0170816262212417,0.0034142241832125,11.0,119.0,10.818181818181818,0.0312532829078684,0.0028889589242567,67.0,1515.44,22.61850746268657,0.3980039920159681,0.0175963861750183,10.0,105.4,10.54,0.0276814791469692,0.0026263262947788,8.0,49.84,6.23,0.0130896102531778,0.002101061035823,71.0,283.68,3.995492957746479,0.0745036243302868,0.0186469166929299,4.0,9.64,2.41,0.0025317785481668,0.0010505305179115,1.8,2.0,0.9,7.2,8.0,0.9,0.0004727387330601,0.0005252652589557,0.0018909549322407,0.002101061035823,0.2,0.8,0.2,0.8,113.95902962808454,3784.0,0.0301160226289864,0.0069341689496944,2.1513955982529183,0.0276853634523676,0.993801869944322,174830.0,125944.66666666669,7494.0,0.7203836107456768,0.0428644969398844,40939.0,3899.0,4036.0,9725.0,3545.0,494.0,749.0,4812.0,37394.0,3405.0,3287.0,4913.0,0.0865922470016365,0.9134077529983634,0.1266991536291356,0.8733008463708644,0.1855797819623389,0.8144202180376611,0.4948071979434447,0.5051928020565553
1,active,8,red,21,18-21,47.0,554.84,11.805106382978725,5108.72,5691.28,48.0,106.43166666666669,0.0974894926976005,0.0082582477052613,44.0,371.4,8.44090909090909,0.0652577276113633,0.0077311255113085,15.0,104.2,6.946666666666667,0.0183087108699624,0.0026356109697642,109,9188.72,84.30018348623852,1.6145260820061569,0.019152106380287,17.0,34.92,2.0541176470588236,0.0061357023376112,0.0029870257657328,35.0,547.6,15.645714285714286,0.0962173711361943,0.0061497589294499,32.0,642.72,20.085,0.1129306588324595,0.0056226367354971,29.0,176.48,6.08551724137931,0.0310088415962665,0.0050955145415442,10.0,43.52,4.352,0.007646785960276,0.0017570739798428,93.0,384.36,4.1329032258064515,0.0675348954892396,0.0163407880125384,8.0,18.32,2.29,0.003218959531072,0.0014056591838742,0.0,0.0,0.0,15.0,14.0,1.0714285714285714,0.0,0.0,0.0026356109697642,0.0024599035717799,0.0,1.0,0.0,1.0,177.46470469263969,5636.0,0.0314877048780411,0.0078016889166982,2.1262751702890608,0.0302439622515646,0.9902868950394288,127766.0,84653.66666666666,7739.0,0.6625680280095382,0.0605716700843729,29825.0,5539.0,11949.0,13918.0,16668.0,588.0,1767.0,5290.0,13157.0,4951.0,10182.0,8628.0,0.5588600167644594,0.4411399832355406,0.1061563459108142,0.8938436540891858,0.1478784835551092,0.8521215164448908,0.3800833453082339,0.619916654691766
1,active,8,red,24,21-24,50.0,610.48,12.2096,5050.16,5749.84,52.0,97.11846153846152,0.1061733891725682,0.0086958941466197,41.0,222.28,5.421463414634147,0.0386584670182126,0.0071306332002281,16.0,88.64,5.54,0.0154160811431274,0.0027826861269183,112,9444.4,84.325,1.642550053566708,0.0194788028884282,5.0,10.56,2.112,0.001836572843766,0.0008695894146619,47.0,753.96,16.041702127659576,0.1311271270157082,0.0081741404978225,21.0,354.76,16.893333333333334,0.0616991081490963,0.0036522755415802,27.0,196.56,7.28,0.0341852990691914,0.0046957828391746,8.0,34.0,4.25,0.0059132080197014,0.0013913430634591,107.0,438.88,4.1016822429906545,0.0763290804613693,0.0186092134737662,11.0,30.76,2.7963636363636364,0.0053497140790004,0.0019130967122563,0.8,1.0,0.8,15.8,14.0,1.1285714285714286,0.0001391343063459,0.0001739178829323,0.0027479025503318,0.0024348503610535,0.0481927710843373,0.9518072289156626,0.0666666666666666,0.9333333333333332,188.79458163388475,5692.0,0.0331684085793894,0.0073574081316853,2.086966699933741,0.029353952226764,0.9899405896511904,126306.0,87403.66666666666,16358.0,0.6919993243920848,0.1295108704257913,27786.0,5799.0,7830.0,15312.0,19152.0,901.0,1380.0,3720.0,8634.0,4898.0,6450.0,11592.0,0.689267976678903,0.3107320233210969,0.1553716157958268,0.8446283842041732,0.1762452107279693,0.8237547892720306,0.2429467084639498,0.7570532915360502
1,active,8,yellow,15,12-15,31.0,142.48,4.596129032258064,6392.76,4407.24,47.0,136.01617021276596,0.0323286229023152,0.007033880614625,27.0,162.04,6.001481481481481,0.036766774670769,0.0061262831159637,22.0,142.52,6.4781818181818185,0.0323376988773018,0.0049917862426371,86,10200.72,118.61302325581394,2.314536989136058,0.0195133462212178,16.0,25.48,1.5925,0.0057813960664724,0.0036303899946451,37.0,163.24,4.411891891891893,0.0370390539203674,0.0083952768626169,188.0,1059.84,5.637446808510638,0.2404770332452963,0.0426570824370808,17.0,64.24,3.778823529411764,0.0145760158285003,0.0038572893693104,46.0,124.56,2.707826086956522,0.0282625861083126,0.0104373712346048,38.0,215.32,5.666315789473684,0.0488559733529374,0.0086221762372822,5.0,10.84,2.168,0.0024595892213721,0.0011344968733266,3.2,4.0,0.8,1.0,1.0,1.0,0.000726077998929,0.0009075974986612,0.0002268993746653,0.0002268993746653,0.7619047619047619,0.238095238095238,0.8,0.2,201.87454443325777,4275.0,0.0472221156569023,0.0134350670339135,2.051309395367359,0.0420428676753418,0.9699948266942576,159866.0,124684.66666666666,1904.0,0.7799323600181818,0.0119099746037306,30802.0,4783.0,7663.0,3593.0,2751.0,51.0,597.0,39.0,28051.0,4732.0,7066.0,3554.0,0.0893123823128368,0.9106876176871632,0.0106627639556763,0.9893372360443236,0.0779068250032624,0.9220931749967376,0.0108544391873086,0.9891455608126912
1,active,8,yellow,18,15-18,93.0,414.04,4.452043010752688,5439.0,5361.0,48.0,113.3125,0.0772318597276627,0.017347509792949,44.0,260.56,5.921818181818182,0.0486028725983958,0.0082074239880619,45.0,133.96,2.976888888888889,0.0249878753963812,0.0083939563514269,139,9936.24,71.48374100719424,1.8534303301622832,0.025927998507741,41.0,88.28,2.153170731707317,0.016467077037866,0.0076478268979667,54.0,175.64,3.2525925925925923,0.0327625443014363,0.0100727476217123,111.0,992.96,8.945585585585587,0.1852191755269539,0.0207050923335198,47.0,227.4,4.8382978723404255,0.0424174594292109,0.008767021078157,57.0,366.6,6.431578947368421,0.068382764409625,0.0106323447118074,57.0,239.0,4.192982456140351,0.0445812348442454,0.0106323447118074,8.0,18.88,2.36,0.003521731020332,0.0014922589069203,8.8,9.0,0.977777777777778,6.2,7.0,0.8857142857142858,0.0016414847976123,0.0016787912702853,0.0011565006528632,0.0013057265435553,0.5866666666666667,0.4133333333333333,0.5625,0.4375,276.49422750054225,5303.0,0.0521392094098703,0.0154238685968707,2.0582037288954824,0.0483563743424087,0.9891811229248274,136023.0,110646.33333333331,1763.0,0.8134384136016212,0.0129610433529623,29380.0,14954.0,9952.0,10444.0,2655.0,1061.0,1660.0,4017.0,26725.0,13893.0,8292.0,6427.0,0.0903675970047651,0.9096324029952348,0.070950916142838,0.929049083857162,0.1668006430868167,0.8331993569131833,0.3846227499042512,0.6153772500957487
1,active,8,yellow,21,18-21,111.0,604.2,5.443243243243244,2195.2,8604.8,49.0,44.8,0.0702166232800297,0.0128997768687244,41.0,263.36,6.423414634146342,0.030606173298624,0.0047647824470063,35.0,186.12,5.317714285714286,0.0216297880252882,0.004067497210859,172,9571.12,55.64604651162791,1.112300111565638,0.0199888434362216,37.0,82.24,2.222702702702702,0.0095574563034585,0.0042999256229081,96.0,2084.6,21.714583333333337,0.2422601338787653,0.0111565637783562,120.0,1839.6,15.33,0.2137876534027519,0.0139457047229453,49.0,330.12,6.7371428571428575,0.0383646336928226,0.0056944960952026,59.0,366.04,6.20406779661017,0.0425390479732242,0.0068566381554481,118.0,627.04,5.313898305084745,0.0728709557456303,0.0137132763108962,5.0,11.96,2.3920000000000003,0.0013899219040535,0.0005810710301227,8.0,7.0,1.1428571428571428,1.6,2.0,0.8,0.0009297136481963,0.0008134994421718,0.0001859427296392,0.000232428412049,0.8333333333333334,0.1666666666666666,0.7777777777777778,0.2222222222222222,268.33329186452914,8557.0,0.0313583372519024,0.0063242117442585,2.2032197240349136,0.0296047168027815,0.9944449609520268,54929.0,45061.33333333333,490.0,0.8203559746824688,0.0089206066012488,98321.0,17512.0,11313.0,15216.0,27652.0,838.0,1792.0,4116.0,70669.0,16674.0,9521.0,11100.0,0.2812420540881398,0.7187579459118602,0.0478529008679762,0.9521470991320238,0.1584018385927693,0.8415981614072306,0.2705047318611987,0.7294952681388013
1,active,8,yellow,24,21-24,65.0,303.84,4.6744615384615384,3364.32,7435.68,47.0,71.58127659574468,0.0408624362533083,0.0087416349278075,51.0,301.8,5.91764705882353,0.0405880834032664,0.0068588212510489,27.0,117.72,4.36,0.0158317732877154,0.00363114066232,137,9919.76,72.40700729927008,1.3340756998687409,0.0184246766939943,26.0,69.52,2.6738461538461538,0.0093495147720181,0.003496653971123,111.0,2003.4,18.048648648648648,0.2694306371441482,0.0149280227228713,76.0,1200.88,15.80105263157895,0.1615023777247003,0.0102209885309749,49.0,425.84,8.69061224489796,0.0572698125793471,0.0065898478686549,38.0,261.28,6.87578947368421,0.0351386826759623,0.0051104942654874,69.0,262.88,3.809855072463768,0.0353538613818776,0.0092795816925957,9.0,20.88,2.32,0.0028080821121941,0.0012103802207733,8.0,9.0,0.8888888888888888,3.0,3.0,1.0,0.0010758935295763,0.0012103802207733,0.0004034600735911,0.0004034600735911,0.7272727272727273,0.2727272727272727,0.75,0.25,246.0428833605467,7383.0,0.0333255970961054,0.0064159507740693,2.1807133206450184,0.0320486262864915,0.99291524110774,84155.0,73980.33333333333,3245.0,0.8790961123324025,0.0385598003683678,80294.0,17265.0,10566.0,7661.0,25396.0,1961.0,1690.0,2061.0,54898.0,15304.0,8876.0,5600.0,0.3162876429122973,0.6837123570877027,0.1135823921227917,0.8864176078772082,0.1599469998107136,0.8400530001892864,0.2690249314710873,0.7309750685289127
1,inactive,1,blue,3,0-3,44.0,568.84,12.92818181818182,6032.36,4767.64,66.0,91.39939393939392,0.1193126997843797,0.0092288847312297,12.0,46.4,3.8666666666666663,0.0097322784438422,0.0025169685630626,28.0,96.24,3.437142857142857,0.0201860878757624,0.0058729266471461,101,9332.24,92.39841584158415,1.95741289191298,0.0211844854057772,3.0,3.96,1.32,0.0008305996258106,0.0006292421407656,22.0,535.84,24.35636363636364,0.1123910362359574,0.0046144423656148,25.0,520.04,20.801599999999997,0.1090770276279249,0.0052436845063805,3.0,7.64,2.5466666666666664,0.0016024699851498,0.0006292421407656,10.0,72.4,7.24,0.0151857103304779,0.0020974738025522,69.0,284.24,4.119420289855072,0.0596185953637439,0.0144725692376102,6.0,13.68,2.28,0.0028693441618914,0.0012584842815313,0.8,1.0,0.8,0.8,1.0,0.8,0.0001677979042041,0.0002097473802552,0.0001677979042041,0.0002097473802552,0.5,0.5,0.5,0.5,140.10062523524348,4695.0,0.0298403887615002,0.0046131082514022,2.063347531479184,0.0282287738836956,0.9847639502982608,150875.0,125499.33333333331,7853.0,0.8318099972383318,0.052049710024855,26444.0,2014.0,3606.0,14265.0,3193.0,0.0,43.0,1115.0,23251.0,2014.0,3563.0,13150.0,0.1207457268189381,0.8792542731810619,0.0,1.0,0.011924570160843,0.988075429839157,0.0781633368384157,0.9218366631615844
1,inactive,1,blue,6,3-6,,,,10535.4,264.60000000000036,15.0,702.36,,,,,,,,2.0,3.36,1.68,0.0126984126984126,0.0075585789871504,8,10746.0,1343.25,40.61224489795913,0.0302343159486016,,,,,,,,,,,1.0,1.56,1.56,0.0058956916099773,0.0037792894935752,,,,,,,,,,,3.0,13.24,4.413333333333333,0.0500377928949356,0.0113378684807256,2.0,4.24,2.12,0.0160241874527588,0.0075585789871504,,,,,,,,,,,,,,,9.00607359390004,249.0,0.0361689702566266,0.0082520627692118,2.003921003595681,0.0343961350629373,0.9410430839002256,263400.0,261726.0,0.0,0.9936446469248292,0.0,40.0,0.0,86.0,0.0,0.0,0.0,0.0,0.0,40.0,0.0,86.0,0.0,0.0,1.0,0.0,0.0,0.0,1.0,0.0,0.0
1,inactive,1,blue,9,6-9,,,,10727.04,72.95999999999913,7.0,1532.4342857142858,,,,,,,,,,,,,5,10791.2,2158.24,147.90570175438774,0.0685307017543867,,,,,,2.0,8.44,4.22,0.1156798245614048,0.0274122807017547,1.0,32.84,32.84,0.4501096491228124,0.0137061403508773,,,,,,,,,,,1.0,3.72,3.72,0.0509868421052637,0.0137061403508773,,,,,,,,,,,,,,,,,,,,2.6365272954379897,65.0,0.0405619583913536,0.0043880721634626,2.1995099560376192,0.0349424166364102,0.8908991228070282,268183.0,264548.3333333333,0.0,0.986447065374514,0.0,1035.0,0.0,0.0,0.0,0.0,0.0,0.0,0.0,1035.0,0.0,0.0,0.0,0.0,1.0,0.0,0.0,0.0,0.0,0.0,0.0
1,inactive,1,blue,12,9-12,9.0,51.72,5.746666666666666,9638.72,1161.2800000000009,20.0,481.936,0.044537062551667,0.0077500688895012,8.0,33.52,4.19,0.0288647010195646,0.006888950124001,11.0,41.88,3.807272727272728,0.0360636538991457,0.0094723064205015,27,10646.72,394.32296296296295,9.16809038302562,0.0232502066685037,,,,,,10.0,100.08,10.008,0.0861807660512537,0.0086111876550013,12.0,538.92,44.91,0.4640741251033338,0.0103334251860016,3.0,8.2,2.733333333333333,0.0070611738771011,0.0025833562965004,6.0,19.56,3.26,0.0168434830531826,0.0051667125930008,13.0,63.0,4.846153846153846,0.0542504822265086,0.0111945439515017,3.0,7.72,2.5733333333333333,0.006647836869661,0.0025833562965004,,,,,,,,,,,,,,,34.34754023371708,1142.0,0.0300766551958993,0.0032888194315555,2.0169500696596443,0.0303056583448617,0.9833976302011566,240988.0,211589.66666666663,1986.0,0.8780091401508234,0.0082410742443607,15997.0,703.0,1904.0,1302.0,0.0,0.0,0.0,41.0,15997.0,703.0,1904.0,1261.0,0.0,1.0,0.0,1.0,0.0,1.0,0.0314900153609831,0.9685099846390168
1,inactive,1,green,3,0-3,18.0,222.52,12.362222222222222,8157.84,2642.16,183.0,44.578360655737704,0.0842189723559512,0.0068126078662912,7.0,26.64,3.8057142857142856,0.010082659642111,0.0026493475035576,10.0,42.96,4.296,0.0162594241075483,0.0037847821479395,48,10269.44,213.9466666666667,3.886759318133649,0.0181669543101099,,,,,,22.0,315.92,14.36,0.1195688376177067,0.008326520725467,9.0,310.84,34.53777777777778,0.1176461682865534,0.0034063039331456,7.0,17.0,2.4285714285714284,0.0064341296514972,0.0026493475035576,1.0,1.32,1.32,0.000499591243528,0.0003784782147939,32.0,124.48,3.89,0.0471129681775517,0.0121113028734066,4.0,11.08,2.77,0.004193538619917,0.0015139128591758,,,,,,,,,,,,,,,120.44299190121824,2482.0,0.0485265881954948,0.0076350864680294,2.042475709842502,0.0441987583213219,0.9393829291186,204129.0,155347.3333333333,3300.0,0.7610252993613514,0.0161662478138823,15700.0,466.0,1757.0,5581.0,7618.0,0.0,28.0,1712.0,8082.0,466.0,1729.0,3869.0,0.4852229299363057,0.5147770700636942,0.0,1.0,0.0159362549800796,0.9840637450199204,0.3067550618168786,0.6932449381831213
1,inactive,1,green,6,3-6,,,,10614.68,185.3199999999997,9.0,1179.408888888889,,,1.0,1.16,1.16,0.0062594431254047,0.0053960716598316,,,,,,5,10797.4,2159.48,58.26354413986627,0.0269803582991582,,,,,,,,,,,4.0,92.2,23.05,0.4975178070364782,0.0215842866393266,,,,,,1.0,2.8,2.8,0.0151090006475286,0.0053960716598316,4.0,13.28,3.32,0.0716598316425643,0.0215842866393266,1.0,2.68,2.68,0.0144614720483488,0.0053960716598316,,,,,,,,,,,,,,,4.7022182051412305,177.0,0.0265662045488205,0.0041260662161581,1.9702222729565952,0.0233823153166752,0.9551046837902022,265376.0,263053.0,0.0,0.9912463824912576,0.0,2309.0,71.0,30.0,0.0,0.0,0.0,0.0,0.0,2309.0,71.0,30.0,0.0,0.0,1.0,0.0,1.0,0.0,1.0,0.0,0.0
1,inactive,1,green,9,6-9,,,,10720.68,79.31999999999971,25.0,428.8272,,,2.0,6.76,3.38,0.0852244074634395,0.0252143217347454,,,,,,5,10790.2,2158.04,136.03378719112507,0.0630358043368635,,,,,,1.0,3.88,3.88,0.0489157841654061,0.0126071608673727,1.0,3.56,3.56,0.0448814926878468,0.0126071608673727,,,,,,,,,,,,,,,,,,,,,,,,,,,,,,,,,,,4.395293039723709,55.0,0.0799144189040674,0.0284651708583201,1.5467821158707238,0.081362375492872,0.6933938477054993,268042.0,264702.6666666667,0.0,0.9875417534068044,0.0,188.0,0.0,171.0,0.0,0.0,0.0,0.0,0.0,188.0,0.0,171.0,0.0,0.0,1.0,0.0,0.0,0.0,1.0,0.0,0.0
1,inactive,1,green,12,9-12,1.0,4.2,4.2,9791.6,1008.3999999999996,68.0,143.99411764705883,0.0041650138833796,0.0009916699722332,,,,,,3.0,14.0,4.666666666666667,0.0138833796112653,0.0029750099166997,8,10778.28,1347.285,10.6884966283221,0.0079333597778659,,,,,,18.0,68.16,3.786666666666666,0.0675922253074177,0.0178500595001983,17.0,376.56,22.15058823529412,0.3734232447441493,0.0168583895279651,2.0,3.88,1.94,0.0038476794922649,0.0019833399444664,,,,,,13.0,47.28,3.636923076923077,0.0468861562871876,0.0128917096390321,4.0,9.64,2.41,0.0095596985323284,0.0039666798889329,,,,,,,,,,,,,,,18.421977004194495,956.0,0.0192698504227975,0.0023461547600177,2.1872167914350564,0.0174574114198271,0.9480364934549784,244858.0,218716.66666666663,55.0,0.8932388023534727,0.0002246199838273,11153.0,99.0,353.0,106.0,637.0,42.0,0.0,41.0,10516.0,57.0,353.0,65.0,0.0571146776652021,0.9428853223347978,0.4242424242424242,0.5757575757575758,0.0,1.0,0.3867924528301887,0.6132075471698113
1,inactive,1,red,3,0-3,57.0,629.28,11.04,5980.96,4819.04,76.0,78.69684210526316,0.130582024635612,0.0118280819416315,23.0,137.76,5.989565217391304,0.0285866064610378,0.004772734818553,14.0,33.24,2.3742857142857146,0.0068976393638567,0.0029051429330323,101,9437.0,93.43564356435644,1.958273847073276,0.020958531159733,1.0,1.2,1.2,0.0002490122514027,0.0002075102095023,35.0,660.64,18.87542857142857,0.1370895448056044,0.0072628573325807,24.0,427.16,17.798333333333336,0.0886400610910056,0.0049802450280553,4.0,14.92,3.73,0.0030960523257744,0.0008300408380092,3.0,19.08,6.359999999999999,0.003959294797304,0.0006225306285069,78.0,318.0,4.076923076923077,0.0659882466217337,0.0161857963411799,8.0,18.84,2.355,0.0039094923470234,0.0016600816760184,0.8,1.0,0.8,0.8,1.0,0.8,0.0001660081676018,0.0002075102095023,0.0001660081676018,0.0002075102095023,0.5,0.5,0.5,0.5,150.36024146896355,4736.0,0.0317483617966561,0.0058727233602667,2.1044940932279115,0.0279644747458145,0.9827683522029284,149600.0,128189.66666666666,2219.0,0.856882798573975,0.0148328877005347,27254.0,857.0,4312.0,15789.0,8699.0,0.0,71.0,2189.0,18555.0,857.0,4241.0,13600.0,0.3191825053203199,0.68081749467968,0.0,1.0,0.0164656771799628,0.983534322820037,0.1386408258914434,0.8613591741085566
1,inactive,1,red,6,3-6,,,,10779.2,20.799999999999272,7.0,1539.8857142857144,,,,,,,,,,,,,4,10799.96,2699.99,519.2288461538643,0.192307692307699,,,,,,,,,,,,,,,,,,,,,,,,,,,,,,,,,,,,,,,,,,,,,,,,,,0.717270985443085,13.0,0.0551746911879296,0.0412392660385478,2.091272382861273,0.0202133228132099,0.6250000000000219,269487.0,265784.0,0.0,0.9862590774323066,0.0,,,,,,,,,,,,,,,,,,,,
1,inactive,1,red,9,6-9,2.0,12.16,6.08,10499.12,300.8799999999992,9.0,1166.568888888889,0.0404147833023133,0.0066471683063015,1.0,9.68,9.68,0.0321722946024994,0.0033235841531507,1.0,5.0,5.0,0.0166179207657538,0.0033235841531507,8,10763.84,1345.48,35.774528051050346,0.0265886732252061,,,,,,1.0,1.92,1.92,0.0063812815740494,0.0033235841531507,4.0,176.52,44.13,0.5866790747141734,0.013294336612603,1.0,1.56,1.56,0.0051847912789151,0.0033235841531507,1.0,11.56,11.56,0.0384206328104228,0.0033235841531507,6.0,17.56,2.9266666666666663,0.0583621377293274,0.0199415049189046,2.0,5.56,2.78,0.0184791278915182,0.0066471683063015,,,,,,,,,,,,,,,6.069294224927837,290.0,0.0209286007756132,0.0042511320986735,2.1470735071119926,0.0171281780070795,0.9638394044137224,262487.0,260742.0,0.0,0.9933520517206568,0.0,4466.0,330.0,369.0,306.0,0.0,0.0,0.0,0.0,4466.0,330.0,369.0,306.0,0.0,1.0,0.0,1.0,0.0,1.0,0.0,1.0
1,inactive,1,red,12,9-12,12.0,36.6,3.0500000000000003,8782.88,2017.1200000000008,21.0,418.23238095238094,0.0181446815261362,0.0059490759102086,8.0,26.32,3.29,0.0130483064963908,0.0039660506068057,4.0,13.24,3.31,0.0065638137542635,0.0019830253034028,34,10612.28,312.1258823529412,5.261104941699054,0.0168557150789244,2.0,3.48,1.74,0.0017252320139604,0.0009915126517014,6.0,140.4,23.4,0.0696041881494407,0.0029745379551043,16.0,441.84,27.615,0.219044975013881,0.0079321012136114,,,,,,4.0,49.84,12.46,0.0247084952803997,0.0019830253034028,26.0,96.64,3.7169230769230768,0.0479098913302133,0.0128896644721186,4.0,10.08,2.52,0.0049972237645752,0.0019830253034028,,,,,,,,,,,,,,,42.98623289811505,1996.0,0.0215361888267109,0.0037861339020358,2.144708120466184,0.0199890040704022,0.9895296263980324,219593.0,202653.3333333333,0.0,0.9228588039388018,0.0,14578.0,1250.0,1001.0,927.0,4882.0,0.0,0.0,0.0,9696.0,1250.0,1001.0,927.0,0.3348881876800658,0.6651118123199341,0.0,1.0,0.0,1.0,0.0,1.0
1,inactive,1,yellow,3,0-3,,,,9587.28,1212.7199999999991,173.0,55.4178034682081,,,1.0,1.8,1.8,0.0014842667722145,0.0008245926512302,,,,,,8,10783.76,1347.97,8.892209248631183,0.0065967412098423,,,,,,27.0,149.12,5.522962962962963,0.1229632561514612,0.0222640015832179,2.0,3.48,1.74,0.0028695824262814,0.0016491853024605,2.0,3.92,1.96,0.0032324031928227,0.0016491853024605,,,,,,7.0,35.76,5.1085714285714285,0.0294874332079952,0.005772148558612,,,,,,,,,,,,,,,,,,,,44.2972453731233,1062.0,0.0417111538353326,0.0063344100878163,2.0620712897967906,0.0349868647918382,0.875717395606571,239855.0,158787.66666666666,28591.0,0.6620152453218263,0.119201184048696,3844.0,100.0,46.0,0.0,2066.0,0.0,0.0,0.0,1778.0,100.0,46.0,0.0,0.5374609781477627,0.4625390218522373,0.0,1.0,0.0,1.0,0.0,0.0
1,inactive,1,yellow,6,3-6,,,,10795.68,4.319999999999709,7.0,1542.24,,,,,,,,,,,,,4,10799.96,2699.99,2499.990740740909,0.9259259259259884,,,,,,,,,,,,,,,,,,,,,,,,,,,,,,,,,,,,,,,,,,,,,,,,,,0.0,0.0,,,,,0.0,269899.0,266068.3333333333,0.0,0.9858070364593174,0.0,,,,,,,,,,,,,,,,,,,,
1,inactive,1,yellow,9,6-9,,,,10732.48,67.52000000000044,12.0,894.3733333333333,,,,,,,,,,,,,4,10799.96,2699.99,159.95201421800843,0.059241706161137,,,,,,,,,,,,,,,,,,,,,1.0,1.96,1.96,0.0290284360189571,0.0148104265402842,,,,,,,,,,,,,,,,,,,,,,,,,3.846123774165339,55.0,0.0699295231666425,0.0128677393159331,1.5164613718440725,0.0878172231154088,0.8145734597156346,268324.0,264881.6666666666,0.0,0.9871709823447272,0.0,0.0,50.0,0.0,0.0,0.0,0.0,0.0,0.0,0.0,50.0,0.0,0.0,0.0,0.0,0.0,1.0,0.0,0.0,0.0,0.0
1,inactive,1,yellow,12,9-12,,,,10250.72,549.2800000000007,39.0,262.8389743589743,,,,,,,,1.0,2.52,2.52,0.0045878240605884,0.001820565103408,4,10797.52,2699.38,19.657588115350983,0.0072822604136323,,,,,,34.0,325.12,9.56235294117647,0.59190212642004,0.0618992135158752,4.0,14.76,3.69,0.0268715409263034,0.0072822604136323,2.0,18.28,9.14,0.0332799300902999,0.0036411302068161,,,,,,2.0,4.68,2.34,0.0085202446839498,0.0036411302068161,1.0,2.08,2.08,0.0037867754150888,0.001820565103408,,,,,,,,,,,,,,,10.033335902820289,512.0,0.0195963591851958,0.0026041023066156,2.141628588569342,0.0210439152130384,0.932129332944945,256307.0,225955.0,57.0,0.8815795120695104,0.0002223895562743,8535.0,459.0,64.0,0.0,4684.0,42.0,0.0,0.0,3851.0,417.0,64.0,0.0,0.5487990626830697,0.4512009373169303,0.0915032679738562,0.9084967320261438,0.0,1.0,0.0,0.0
1,inactive,2,blue,3,0-3,6.0,14.24,2.3733333333333335,9994.04,805.9599999999991,53.0,188.5667924528302,0.0176683706387413,0.0074445381904809,2.0,7.72,3.86,0.0095786391384187,0.0024815127301603,,,,,,23,10691.4,464.8434782608696,13.26542260161796,0.0285373963968435,,,,,,6.0,77.44,12.906666666666666,0.0960841729118071,0.0074445381904809,2.0,2.36,1.18,0.0029281850215891,0.0024815127301603,,,,,,1.0,2.36,2.36,0.0029281850215891,0.0012407563650801,6.0,46.68,7.78,0.0579185071219416,0.0074445381904809,,,,,,,,,,,,,,,,,,,,33.89861045517449,764.0,0.0443699089727414,0.0119487397420987,1.93133970931834,0.0399609989427134,0.9479378629212378,249904.0,185544.66666666663,18086.0,0.7424637727554046,0.0723717907676547,2003.0,60.0,195.0,362.0,0.0,0.0,0.0,0.0,2003.0,60.0,195.0,362.0,0.0,1.0,0.0,1.0,0.0,1.0,0.0,1.0
1,inactive,2,blue,6,3-6,1.0,2.28,2.28,7297.4,3502.6000000000004,6.0,1216.2333333333331,0.0006509450122765,0.0002855021983669,1.0,3.92,3.92,0.0011191686175983,0.0002855021983669,1.0,1.24,1.24,0.0003540227259749,0.0002855021983669,5,7429.2,1485.84,2.121052932107577,0.0014275109918346,,,,,,1.0,2.12,2.12,0.0006052646605378,0.0002855021983669,2.0,28.68,14.34,0.0081882030491634,0.0005710043967338,,,,,,1.0,2.76,2.76,0.0007879860674927,0.0002855021983669,3.0,8.84,2.9466666666666668,0.0025238394335636,0.0008565065951007,,,,,,,,,,,,,,,,,,,,4.9131634726645315,136.0,0.0361262020048862,0.0042970892874114,1.9550940736913824,0.0426295415129456,0.0388282989779021,182441.0,179167.66666666663,0.0,0.9820581265541553,0.0,773.0,70.0,131.0,58.0,0.0,0.0,0.0,0.0,773.0,70.0,131.0,58.0,0.0,1.0,0.0,1.0,0.0,1.0,0.0,1.0
1,inactive,2,blue,9,6-9,3.0,21.36,7.12,6903.56,3896.44,7.0,986.2228571428572,0.0054819270924228,0.0007699335803964,1.0,12.12,12.12,0.0031105316648017,0.0002566445267988,3.0,17.64,5.88,0.0045272094527312,0.0007699335803964,9,7268.08,807.5644444444445,1.8653129523359784,0.0023098007411893,1.0,3.88,3.88,0.0009957807639794,0.0002566445267988,3.0,36.92,12.306666666666668,0.0094753159294124,0.0007699335803964,2.0,38.96,19.48,0.009998870764082,0.0005132890535976,1.0,3.04,3.04,0.0007801993614684,0.0002566445267988,,,,,,8.0,32.92,4.115,0.0084487378222172,0.0020531562143905,1.0,2.48,2.48,0.000636478426461,0.0002566445267988,,,,,,,,,,,,,,,13.858845844801731,417.0,0.0332346423136732,0.0051640838623433,2.067635224120139,0.0301134144399479,0.1070207676751085,172596.0,167304.6666666667,3.0,0.9693426653379376,1.7381631092261696e-05,1902.0,77.0,748.0,537.0,0.0,0.0,0.0,0.0,1902.0,77.0,748.0,537.0,0.0,1.0,0.0,1.0,0.0,1.0,0.0,1.0
1,inactive,2,blue,12,9-12,11.0,93.72,8.52,9041.4,1758.6000000000004,26.0,347.74615384615385,0.0532923916751961,0.0062549755487319,5.0,26.64,5.328,0.0151484135107471,0.002843170703969,12.0,40.92,3.41,0.0232685090412828,0.0068236096895257,28,10033.52,358.34000000000003,5.70540202433754,0.0159217559422267,2.0,5.08,2.54,0.0028886614352325,0.0011372682815876,14.0,173.96,12.425714285714289,0.0989195951324917,0.0079608779711133,5.0,21.12,4.224,0.0120095530535653,0.002843170703969,3.0,26.48,8.826666666666666,0.0150574320482201,0.0017059024223814,3.0,14.28,4.76,0.0081200955305356,0.0017059024223814,14.0,70.96,5.0685714285714285,0.0403502786307289,0.0079608779711133,3.0,7.76,2.5866666666666664,0.0044126009325599,0.0017059024223814,,,,,,,,,,,,,,,40.62980253309384,1168.0,0.0347857898399776,0.0049965330910385,1.9866912883864336,0.0341651732922339,0.6641646764471737,226061.0,206492.0,5012.0,0.9134348693494234,0.0221710069406045,4896.0,1025.0,1706.0,2354.0,513.0,20.0,229.0,489.0,4383.0,1005.0,1477.0,1865.0,0.1047794117647058,0.8952205882352942,0.0195121951219512,0.9804878048780488,0.134232121922626,0.865767878077374,0.2077315208156329,0.792268479184367
1,inactive,2,green,3,0-3,16.0,62.08,3.88,8924.08,1875.92,328.0,27.207560975609756,0.0330930956543989,0.0085291483645358,3.0,11.04,3.68,0.0058851123715297,0.0015992153183504,4.0,18.8,4.7,0.0100217493283295,0.0021322870911339,17,10725.4,630.9058823529411,5.717407991812017,0.0090622201373192,1.0,1.76,1.76,0.0009382063200989,0.0005330717727834,11.0,34.96,3.178181818181818,0.0186361891765107,0.0058637895006183,2.0,2.96,1.48,0.0015778924474391,0.0010661435455669,5.0,37.0,7.4,0.019723655592989,0.0026653588639174,1.0,1.88,1.88,0.0010021749328329,0.0005330717727834,12.0,70.08,5.84,0.0373576698366668,0.0063968612734018,,,,,,0.8,1.0,0.8,0.0,0.0,0.0,0.0004264574182267,0.0005330717727834,0.0,0.0,1.0,0.0,1.0,0.0,99.08925211110906,1601.0,0.0618921000069388,0.0187233355930873,1.9060768183560952,0.0565553610456226,0.8534479082263635,223430.0,184081.0,1459.0,0.8238866759163944,0.0065300093989168,961.0,978.0,753.0,1568.0,63.0,61.0,29.0,832.0,898.0,917.0,724.0,736.0,0.0655567117585848,0.9344432882414152,0.0623721881390593,0.9376278118609408,0.0385126162018592,0.9614873837981408,0.5306122448979592,0.4693877551020408
1,inactive,2,green,6,3-6,4.0,13.04,3.26,7155.28,3644.72,35.0,204.43657142857143,0.0035777782655457,0.0010974779955661,3.0,11.36,3.786666666666666,0.0031168375074079,0.0008231084966746,2.0,6.88,3.44,0.0018876621523738,0.000548738997783,11,7402.88,672.9890909090909,2.031124475954257,0.003018064487807,,,,,,3.0,7.4,2.466666666666667,0.0020303342917974,0.0008231084966746,2.0,9.44,4.72,0.0025900480695362,0.000548738997783,,,,,,1.0,1.0,1.0,0.0002743694988915,0.0002743694988915,3.0,8.4,2.8000000000000003,0.0023047037906889,0.0008231084966746,,,,,,,,,,,,,,,,,,,,11.735965676605236,256.0,0.0458436159242392,0.0115348207874742,1.898609692090521,0.0477892041839219,0.070238591716236,178917.0,177017.6666666667,0.0,0.9893842768807138,0.0,426.0,26.0,461.0,330.0,0.0,0.0,0.0,0.0,426.0,26.0,461.0,330.0,0.0,1.0,0.0,1.0,0.0,1.0,0.0,1.0
1,inactive,2,green,9,6-9,,,,7042.72,3757.28,16.0,440.17,,,,,,,,1.0,4.24,4.24,0.0011284759187497,0.0002661499808372,4,7325.88,1831.47,1.9497828216156368,0.0010645999233488,,,,,,11.0,177.64,16.14909090909091,0.0472788825959204,0.0029276497892092,,,,,,1.0,1.36,1.36,0.0003619639739385,0.0002661499808372,,,,,,2.0,6.04,3.02,0.0016075458842566,0.0005322999616744,,,,,,,,,,,,,,,,,,,,4.291865619471166,271.0,0.0158371425072736,0.003819320110042,1.973354387836838,0.0141685143123103,0.0721266448068815,176084.0,170269.3333333333,0.0,0.9669778817685496,0.0,4452.0,35.0,107.0,0.0,0.0,0.0,0.0,0.0,4452.0,35.0,107.0,0.0,0.0,1.0,0.0,1.0,0.0,1.0,0.0,0.0
1,inactive,2,green,12,9-12,9.0,30.04,3.3377777777777777,9010.44,1789.5599999999995,100.0,90.1044,0.0167862491338653,0.0050291691812512,10.0,22.96,2.2960000000000003,0.0128299693779476,0.0055879657569458,7.0,23.56,3.3657142857142857,0.0131652473233644,0.003911576029862,14,10179.92,727.1371428571429,5.688504436844813,0.0078231520597241,1.0,1.84,1.84,0.001028185699278,0.0005587965756945,27.0,96.36,3.568888888888889,0.0538456380339301,0.0150875075437537,19.0,115.04,6.054736842105264,0.0642839580679049,0.0106171349381971,4.0,13.92,3.48,0.0077784483336686,0.0022351863027783,3.0,4.56,1.5199999999999998,0.0025481123851673,0.0016763897270837,13.0,46.56,3.581538461538462,0.0260175685643398,0.0072643554840295,,,,,,,,,,,,,,,,,,,,69.35873872851634,1143.0,0.0606813112235488,0.0079301075063584,2.0290139525818045,0.0574364371681993,0.6387044860189098,225361.0,207079.0,763.0,0.918876824295242,0.0033856789772853,5331.0,469.0,1180.0,760.0,273.0,0.0,164.0,506.0,5058.0,469.0,1016.0,254.0,0.0512099043331457,0.9487900956668542,0.0,1.0,0.1389830508474576,0.8610169491525423,0.6657894736842105,0.3342105263157894
1,inactive,2,red,3,0-3,39.0,292.64,7.503589743589743,7010.16,3789.84,97.0,72.26969072164948,0.0772169801363645,0.0102906719017161,14.0,52.48,3.748571428571428,0.0138475502923606,0.003694087349334,10.0,43.36,4.336,0.0114411162476516,0.0026386338209528,114,9361.84,82.12140350877193,2.4702467650349353,0.0300804255588626,2.0,5.2,2.6,0.0013720895868954,0.0005277267641905,7.0,26.56,3.794285714285714,0.0070082114284508,0.001847043674667,8.0,127.56,15.945,0.0336584130200747,0.0021109070567622,7.0,58.52,8.360000000000001,0.0154412851202161,0.001847043674667,5.0,15.68,3.136,0.004137377831254,0.0013193169104764,72.0,335.6,4.661111111111111,0.0885525510311781,0.0189981635108606,6.0,18.24,3.0399999999999996,0.004812868089418,0.0015831802925717,1.0,1.0,1.0,1.6,2.0,0.8,0.0002638633820952,0.0002638633820952,0.0004221814113524,0.0005277267641905,0.3846153846153846,0.6153846153846154,0.3333333333333333,0.6666666666666666,121.93321182255832,3697.0,0.0329816640039378,0.007160519918761,2.003328087690197,0.0274460042458599,0.9755029236062736,175351.0,157362.3333333333,619.0,0.8974133784998849,0.0035300625602363,3868.0,1867.0,2420.0,7355.0,0.0,0.0,29.0,20.0,3868.0,1867.0,2391.0,7335.0,0.0,1.0,0.0,1.0,0.0119834710743801,0.98801652892562,0.0027192386131883,0.9972807613868117
1,inactive,2,red,6,3-6,1.0,4.84,4.84,7397.52,3402.4799999999996,7.0,1056.7885714285717,0.001422491829489,0.0002939032705555,,,,,,,,,,,5,7419.8,1483.96,2.1807034868684023,0.0014695163527779,,,,,,,,,,,,,,,,,,,,,,,,,,,,,,,,,,,,,,,,,,,,,,,,,,1.496153459222589,35.0,0.0427472416920739,0.0226900444697141,1.5800283420762895,0.0361134819010288,0.0102866144694458,184945.0,180836.3333333333,0.0,0.9777843863490948,0.0,0.0,0.0,0.0,122.0,0.0,0.0,0.0,0.0,0.0,0.0,0.0,122.0,0.0,0.0,0.0,0.0,0.0,0.0,0.0,1.0
1,inactive,2,red,9,6-9,2.0,25.6,12.8,6994.8,3805.2,14.0,499.62857142857143,0.0067276358667087,0.0005255965520866,2.0,14.32,7.16,0.0037632713129401,0.0005255965520866,2.0,13.64,6.82,0.0035845684852307,0.0005255965520866,11,7259.32,659.9381818181818,1.907736781246715,0.0028907810364764,1.0,1.84,1.84,0.0004835488279196,0.0002627982760433,2.0,140.76,70.38,0.0369914853358561,0.0005255965520866,2.0,4.32,2.16,0.001135288552507,0.0005255965520866,1.0,3.76,3.76,0.0009881215179228,0.0002627982760433,1.0,1.68,1.68,0.0004415011037527,0.0002627982760433,8.0,30.8,3.85,0.0080941869021339,0.0021023862083464,1.0,2.52,2.52,0.0006622516556291,0.0002627982760433,,,,,,,,,,,,,,,9.495584593773394,320.0,0.0296737018555418,0.0071755695301251,2.0268383427655627,0.0271374074507879,0.0840954483338589,174884.0,169292.0,0.0,0.96802451910981,0.0,3631.0,138.0,703.0,642.0,0.0,0.0,0.0,0.0,3631.0,138.0,703.0,642.0,0.0,1.0,0.0,1.0,0.0,1.0,0.0,1.0
1,inactive,2,red,12,9-12,31.0,249.16,8.03741935483871,8533.6,2266.3999999999996,33.0,258.5939393939394,0.1099364631133074,0.013678079774091,14.0,107.64,7.688571428571429,0.0474938228026826,0.0061771973173314,24.0,131.68,5.486666666666667,0.0581009530533004,0.0105894811154253,53,9679.12,182.62490566037735,4.270702435580658,0.0233851041298976,7.0,17.88,2.5542857142857143,0.0078891634309918,0.0030885986586657,22.0,236.56,10.752727272727272,0.1043769855277091,0.0097070243558065,21.0,130.52,6.215238095238096,0.0575891281327215,0.0092657959759971,4.0,20.76,5.19,0.0091599011648429,0.0017649135192375,8.0,30.72,3.84,0.0135545358277444,0.0035298270384751,36.0,167.16,4.6433333333333335,0.0737557359689375,0.015884221673138,,,,,,,,,,,,,,,,,,,,69.66862070094324,1671.0,0.0416927712154058,0.0139568259471831,1.9139635688290997,0.0381897088434379,0.7372926226614898,213373.0,201232.66666666663,2004.0,0.9431027668292926,0.0093920036743168,9220.0,1299.0,6021.0,6260.0,1540.0,27.0,247.0,489.0,7680.0,1272.0,5774.0,5771.0,0.1670281995661605,0.8329718004338394,0.0207852193995381,0.979214780600462,0.0410230858661351,0.9589769141338648,0.0781150159744409,0.9218849840255592
1,inactive,2,yellow,3,0-3,14.0,104.52,7.465714285714285,7969.08,2830.92,165.0,48.29745454545454,0.0369208596498664,0.0049453887782063,,,,,,,,,,,42,10626.64,253.0152380952381,3.753776157574216,0.0148361663346191,1.0,0.96,0.96,0.0003391123733627,0.0003532420555861,13.0,26.36,2.0276923076923077,0.0093114605852514,0.0045921467226202,8.0,47.6,5.95,0.0168143218459016,0.0028259364446893,4.0,31.04,7.76,0.0109646334053947,0.0014129682223446,1.0,1.6,1.6,0.0005651872889378,0.0003532420555861,26.0,99.8,3.838461538461538,0.0352535571474997,0.0091842934452404,1.0,2.16,2.16,0.0007630028400661,0.0003532420555861,0.8,1.0,0.8,1.0,1.0,1.0,0.0002825936444689,0.0003532420555861,0.0003532420555861,0.0003532420555861,0.4444444444444445,0.5555555555555556,0.5,0.5,96.79848582194926,2682.0,0.0360919037367446,0.0083225900288335,2.0962961832797498,0.0321310138031958,0.9473951930821076,199392.0,173476.0,1388.0,0.8700248756218906,0.0069611619322741,1870.0,821.0,0.0,2627.0,63.0,61.0,0.0,852.0,1807.0,760.0,0.0,1775.0,0.0336898395721925,0.9663101604278076,0.074299634591961,0.925700365408039,0.0,0.0,0.3243243243243243,0.6756756756756757
1,inactive,2,yellow,6,3-6,1.0,3.72,3.72,7360.56,3439.4399999999996,11.0,669.1418181818182,0.001081571418603,0.0002907450050008,,,,,,,,,,,4,7429.4,1857.35,2.1600609401530484,0.0011629800200032,,,,,,1.0,1.24,1.24,0.000360523806201,0.0002907450050008,,,,,,,,,,,,,,,,1.0,2.8,2.8,0.0008140860140022,0.0002907450050008,,,,,,,,,,,,,,,,,,,,3.905006356484838,70.0,0.0557858050926405,0.01344956697039,1.9440302132851544,0.0418582520431431,0.0203521503500569,184025.0,180422.3333333333,0.0,0.980422949780374,0.0,32.0,0.0,0.0,94.0,0.0,0.0,0.0,0.0,32.0,0.0,0.0,94.0,0.0,1.0,0.0,0.0,0.0,0.0,0.0,1.0
1,inactive,2,yellow,9,6-9,,,,7301.72,3498.2799999999997,7.0,1043.1028571428571,,,,,,,,,,,,,3,7328.88,2442.96,2.094995254810936,0.0008575642887361,,,,,,,,,,,,,,,,,,,,,,,,,,,,,,,,,,,,,,,,,,,,,,,,,,2.2862565329444102,19.0,0.1203292912076005,0.0517071516560537,1.3055738312122989,0.1054574836496165,0.0054312404953291,182550.0,174081.3333333333,0.0,0.9536090568793936,0.0,,,,,,,,,,,,,,,,,,,,
1,inactive,2,yellow,12,9-12,6.0,81.72,13.62,9133.6,1666.3999999999996,39.0,234.1948717948718,0.04903984637542,0.0036005760921747,1.0,5.16,5.16,0.0030964954392702,0.0006000960153624,,,,,,12,10161.8,846.8166666666666,6.098055688910226,0.0072011521843494,,,,,,25.0,82.48,3.2992000000000004,0.0494959193470955,0.0150024003840614,28.0,208.2,7.435714285714285,0.1249399903984637,0.0168026884301488,4.0,6.44,1.61,0.0038646183389342,0.0024003840614498,4.0,12.64,3.16,0.0075852136341814,0.0024003840614498,11.0,38.48,3.498181818181818,0.0230916946711473,0.006601056168987,,,,,,,,,,,,,,,,,,,,37.16348863178408,1059.0,0.0350930015408726,0.005939332364899,2.2122321024099105,0.031872020780879,0.6355016802688431,228379.0,208279.0,4317.0,0.9119884052386604,0.0189027887853086,7320.0,485.0,130.0,2049.0,1524.0,47.0,46.0,506.0,5796.0,438.0,84.0,1543.0,0.2081967213114754,0.7918032786885246,0.0969072164948453,0.9030927835051548,0.3538461538461538,0.6461538461538462,0.2469497315763787,0.7530502684236213
1,inactive,3,blue,3,0-3,1.0,2.56,2.56,10679.28,120.71999999999936,24.0,444.97,0.0212060967528165,0.0082836315440689,,,,,,,,,,,8,10779.28,1347.41,89.29158383035171,0.0662690523525517,,,,,,,,,,,,,,,,,,,,,,,,,,,,,,,,,,,,,,,,,,,,,,,,,,3.975032941439531,97.0,0.0409797210457683,0.019042762398617,1.8113308534072856,0.0324932031086188,0.8035122597746895,267006.0,207366.66666666663,7098.0,0.7766367297613787,0.0265836722770274,0.0,0.0,0.0,65.0,0.0,0.0,0.0,0.0,0.0,0.0,0.0,65.0,0.0,0.0,0.0,0.0,0.0,0.0,0.0,1.0
1,inactive,3,blue,6,3-6,,,,7619.16,3180.84,4.0,1904.79,,,,,,,,,,,,,3,7635.96,2545.32,2.400611159316407,0.0009431470932206,,,,,,,,,,,,,,,,,,,,,,,,,,2.0,4.68,2.34,0.0014713094654242,0.0006287647288137,,,,,,,,,,,,,,,,,,,,0.6692342535402747,13.0,0.0514795579646365,0.002018709529457,1.472818628299663,0.0323638906552089,0.0040869707372895,190483.0,189149.0,89.0,0.9929967503661744,0.0004672332964096,,,,,,,,,,,,,,,,,,,,
1,inactive,3,blue,9,6-9,2.0,8.68,4.34,10657.16,142.84000000000017,15.0,710.4773333333334,0.0607672920750489,0.0140016802016241,3.0,13.2,4.3999999999999995,0.0924110893307195,0.0210025203024362,1.0,2.24,2.24,0.015681881825819,0.007000840100812,9,10767.44,1196.3822222222225,75.38112573508812,0.0630075609073088,,,,,,,,,,,3.0,14.68,4.8933333333333335,0.1027723326799214,0.0210025203024362,,,,,,,,,,,1.0,2.12,2.12,0.0148417810137216,0.007000840100812,,,,,,,,,,,,,,,,,,,,6.399526448201774,124.0,0.0516090842596917,0.0149477342041526,2.180305566530349,0.0517529036341433,0.868104172500699,266444.0,249335.66666666663,0.0,0.9357901347625268,0.0,370.0,0.0,390.0,219.0,0.0,0.0,0.0,0.0,370.0,0.0,390.0,219.0,0.0,1.0,0.0,0.0,0.0,1.0,0.0,1.0
1,inactive,3,blue,12,9-12,2.0,6.96,3.48,10058.76,741.2399999999998,12.0,838.23,0.0093896713615023,0.002698181425719,2.0,3.28,1.64,0.0044250175381792,0.002698181425719,2.0,13.32,6.66,0.0179698882952889,0.002698181425719,8,10775.24,1346.905,14.536776212832557,0.0107927257028762,1.0,1.8,1.8,0.0024283632831471,0.0013490907128595,2.0,12.2,6.1,0.0164589066968863,0.002698181425719,11.0,607.12,55.192727272727275,0.8190599535912797,0.0148399978414548,,,,,,1.0,1.8,1.8,0.0024283632831471,0.0013490907128595,9.0,33.72,3.7466666666666666,0.0454913388376234,0.0121418164157357,4.0,9.28,2.32,0.0125195618153364,0.0053963628514381,,,,,,,,,,,,,,,11.338992650337756,729.0,0.0155541737316018,0.0016650288802531,2.0399655771493364,0.013176834448986,0.9834871296745996,251481.0,228497.0,4218.0,0.908605421483134,0.016772638887232,15496.0,46.0,419.0,176.0,0.0,0.0,0.0,0.0,15496.0,46.0,419.0,176.0,0.0,1.0,0.0,1.0,0.0,1.0,0.0,1.0
1,inactive,3,green,3,0-3,25.0,401.48,16.0592,6288.24,4511.76,118.0,53.290169491525425,0.0889852297108002,0.0055410748798694,17.0,48.36,2.844705882352941,0.0107186552476195,0.0037679309183112,7.0,17.4,2.4857142857142853,0.0038565881163891,0.0015515009663634,103,9269.24,89.99262135922329,2.054462116779261,0.0228292285050623,,,,,,14.0,135.04,9.645714285714286,0.029930670071103,0.0031030019327269,26.0,226.16,8.698461538461538,0.0501267797932514,0.0057627178750642,3.0,10.24,3.4133333333333336,0.0022696242707945,0.0006649289855843,7.0,48.48,6.925714285714285,0.0107452524070429,0.0015515009663634,72.0,300.96,4.18,0.0667056758338209,0.0159582956540241,10.0,28.16,2.816,0.006241466744685,0.0022164299519477,0.8,1.0,0.8,0.8,1.0,0.8,0.0001773143961558,0.0002216429951947,0.0001773143961558,0.0002216429951947,0.5,0.5,0.5,0.5,184.31989228883015,4408.0,0.0418148575972845,0.0071451640610297,2.0982756398245868,0.0391732936083766,0.9770023228185896,157324.0,153917.3333333333,0.0,0.9783461730780638,0.0,9070.0,1478.0,1668.0,10062.0,184.0,206.0,135.0,423.0,8886.0,1272.0,1533.0,9639.0,0.0202866593164277,0.9797133406835722,0.1393775372124492,0.8606224627875507,0.0809352517985611,0.9190647482014388,0.0420393559928443,0.9579606440071556
1,inactive,3,green,6,3-6,1.0,1.48,1.48,7573.8,3226.2,11.0,688.5272727272727,0.0004587440332279,0.0003099621846134,,,,,,1.0,4.72,4.72,0.0014630215113756,0.0003099621846134,5,7631.52,1526.304,2.3654826111214433,0.0015498109230673,,,,,,,,,,,,,,,,,,,,,,,,,,,,,,,,,,,,,,,,,,,,,,,,,,4.810928221253195,53.0,0.0907722305896829,0.042005710218926,1.980253174811652,0.080469191412709,0.0164279957845142,189356.0,188769.66666666663,0.0,0.996903539717076,0.0,0.0,0.0,119.0,38.0,0.0,0.0,79.0,38.0,0.0,0.0,40.0,0.0,0.0,0.0,0.0,0.0,0.6638655462184874,0.3361344537815126,1.0,0.0
1,inactive,3,green,9,6-9,3.0,38.76,12.92,9890.96,909.0400000000008,69.0,143.34724637681157,0.0426383877497139,0.0033001848103493,6.0,21.92,3.6533333333333338,0.0241133503476194,0.0066003696206987,4.0,11.52,2.88,0.0126727096717416,0.0044002464137991,21,10672.88,508.23238095238094,11.740825486227218,0.0231012936724456,1.0,1.88,1.88,0.0020681158144856,0.0011000616034497,2.0,5.48,2.74,0.0060283375869048,0.0022001232068995,19.0,189.4,9.968421052631578,0.2083516676933906,0.020901170465546,3.0,18.56,6.1866666666666665,0.0204171433600281,0.0033001848103493,1.0,2.96,2.96,0.0032561823462113,0.0011000616034497,14.0,48.24,3.4457142857142857,0.0530669717504179,0.015400862448297,,,,,,,,,,,,,,,,,,,,31.40604460415225,849.0,0.036991807543171,0.0073807634556522,1.9518319807963425,0.0344942151007684,0.9339523013288736,247343.0,239152.0,0.0,0.966884043615546,0.0,4893.0,542.0,846.0,972.0,79.0,0.0,0.0,0.0,4814.0,542.0,846.0,972.0,0.0161455139995912,0.9838544860004088,0.0,1.0,0.0,1.0,0.0,1.0
1,inactive,3,green,12,9-12,5.0,15.36,3.072,9512.04,1287.9599999999991,47.0,202.38382978723405,0.0119258362060933,0.0038821081400043,8.0,26.48,3.31,0.020559644709463,0.0062113730240069,3.0,12.72,4.24,0.009876083108171,0.0023292648840026,15,10743.16,716.2106666666666,8.341221777073828,0.011646324420013,1.0,2.08,2.08,0.0016149569862418,0.0007764216280008,2.0,13.04,6.52,0.0101245380291313,0.0015528432560017,56.0,739.68,13.208571428571428,0.5743035497996836,0.0434796111680487,2.0,10.32,5.16,0.0080126712009689,0.0015528432560017,4.0,14.68,3.67,0.0113978694990527,0.0031056865120034,11.0,42.48,3.861818181818182,0.0329823907574769,0.0085406379080095,3.0,6.88,2.2933333333333334,0.0053417808006459,0.0023292648840026,,,,,,,,,,,,,,,40.14741926270147,1245.0,0.0322469231025714,0.0037179133610086,2.176182903454697,0.0311341539980724,0.9666449268610832,237848.0,227681.99999999997,0.0,0.9572584171403584,0.0,18876.0,631.0,991.0,389.0,693.0,139.0,20.0,50.0,18183.0,492.0,971.0,339.0,0.0367132867132867,0.9632867132867132,0.2202852614896989,0.7797147385103012,0.0201816347124117,0.9798183652875884,0.1285347043701799,0.87146529562982
1,inactive,3,red,3,0-3,6.0,56.2,9.366666666666667,9799.0,1001.0,72.0,136.09722222222223,0.0561438561438561,0.0059940059940059,,,,,,,,,,,26,10466.72,402.56615384615384,10.456263736263736,0.0259740259740259,,,,,,1.0,1.44,1.44,0.0014385614385614,0.0009990009990009,,,,,,,,,,,,,,,,16.0,107.12,6.695,0.107012987012987,0.0159840159840159,,,,,,0.8,1.0,0.8,0.0,0.0,0.0,0.0007992007992007,0.0009990009990009,0.0,0.0,1.0,0.0,1.0,0.0,34.38953910763844,937.0,0.0367017493144487,0.0104280341613232,2.054935990858824,0.0354549663731849,0.936063936063936,245047.0,200553.0,875.0,0.8184266691695878,0.0035707435716413,37.0,0.0,0.0,1411.0,0.0,0.0,0.0,0.0,37.0,0.0,0.0,1411.0,0.0,1.0,0.0,0.0,0.0,0.0,0.0,1.0
1,inactive,3,red,6,3-6,,,,7587.68,3212.3199999999997,6.0,1264.6133333333337,,,,,,,,,,,,,4,7632.48,1908.12,2.3760023907954375,0.0012452059570652,,,,,,,,,,,,,,,,,,,,,,,,,,,,,,,,,,,,,,,,,,,,,,,,,,2.246216080526361,40.0,0.056155402013159,0.0185079687220923,2.0208204044812232,0.0462089045808122,0.0124520595706529,189698.0,188694.0,0.0,0.9947073769886872,0.0,,,,,,,,,,,,,,,,,,,,
1,inactive,3,red,9,6-9,5.0,41.84,8.368,10032.68,767.3199999999997,42.0,238.8733333333333,0.0545274461763019,0.006516186206537,2.0,7.52,3.76,0.0098003440546317,0.0026064744826148,2.0,5.96,2.98,0.0077672939581921,0.0026064744826148,29,10607.84,365.78758620689655,13.824532137830376,0.0377938799979148,,,,,,3.0,24.16,8.053333333333333,0.0314862117499869,0.0039097117239222,9.0,75.32,8.368888888888888,0.0981598290152739,0.0117291351717666,4.0,11.4,2.85,0.0148569045509044,0.0052129489652296,1.0,11.12,11.12,0.0144919981233383,0.0013032372413074,19.0,72.32,3.806315789473684,0.0942501172913517,0.0247615075848407,,,,,,,,,,,,,,,,,,,,25.696109398081603,723.0,0.0355409535243175,0.0092032782097604,1.858105213509792,0.0328086205644283,0.942240525465256,250859.0,240914.0,0.0,0.9603562160416808,0.0,2499.0,568.0,341.0,1051.0,0.0,0.0,0.0,0.0,2499.0,568.0,341.0,1051.0,0.0,1.0,0.0,1.0,0.0,1.0,0.0,1.0
1,inactive,3,red,12,9-12,1.0,12.92,12.92,9945.48,854.5200000000004,22.0,452.0672727272727,0.0151195993072133,0.0011702476243973,5.0,21.96,4.392,0.0256986378317651,0.0058512381219866,2.0,7.28,3.64,0.0085194027056125,0.0023404952487946,16,10721.96,670.1225,12.547348218883108,0.0187239619903571,1.0,6.04,6.04,0.0070682956513598,0.0011702476243973,2.0,6.72,3.36,0.00786406403595,0.0023404952487946,11.0,323.6,29.41818181818182,0.3786921312549733,0.0128727238683705,4.0,31.6,7.9,0.0369798249309553,0.0046809904975892,,,,,,25.0,109.44,4.3776,0.1280719000140429,0.029256190609933,4.0,9.8,2.45,0.0114684267190937,0.0046809904975892,,,,,,,,,,,,,,,27.40405073954248,832.0,0.032937560985027,0.0034922615046771,2.033033484394718,0.030179232291333,0.9736460234985718,248659.0,231563.0,836.0,0.9312472100346256,0.0033620339501083,8271.0,794.0,738.0,324.0,185.0,0.0,0.0,0.0,8086.0,794.0,738.0,324.0,0.0223673074597993,0.9776326925402008,0.0,1.0,0.0,1.0,0.0,1.0
1,inactive,3,yellow,3,0-3,11.0,188.2,17.10909090909091,8922.28,1877.7199999999991,138.0,64.65420289855074,0.1002279360074984,0.0058581684170163,3.0,20.36,6.786666666666666,0.0108429371791321,0.0015976822955499,3.0,8.92,2.973333333333333,0.0047504420254351,0.0015976822955499,45,10510.52,233.56711111111113,5.597490573674459,0.0239652344332488,,,,,,2.0,5.04,2.52,0.0026841062565238,0.0010651215303666,25.0,106.24,4.2496,0.0565792556930746,0.0133140191295826,2.0,5.8,2.9,0.0030888524380631,0.0010651215303666,3.0,48.4,16.133333333333333,0.025775941034872,0.0015976822955499,12.0,45.84,3.82,0.0244125854760028,0.0063907291821996,,,,,,0.0,0.0,0.0,0.8,1.0,0.8,0.0,0.0,0.0004260486121466,0.0005325607651833,0.0,1.0,0.0,1.0,64.55299641903422,1750.0,0.0368874265251624,0.0090469125422527,2.137379057773124,0.0332703593519368,0.9319813390707884,223195.0,193875.0,795.0,0.8686350500683259,0.0035619077488294,2809.0,1360.0,738.0,4716.0,184.0,206.0,135.0,423.0,2625.0,1154.0,603.0,4293.0,0.065503737985048,0.934496262014952,0.1514705882352941,0.8485294117647059,0.1829268292682926,0.8170731707317073,0.0896946564885496,0.9103053435114504
1,inactive,3,yellow,6,3-6,1.0,3.16,3.16,7576.68,3223.3199999999997,8.0,947.085,0.0009803556581412,0.0003102391323231,,,,,,1.0,3.12,3.12,0.0009679460928483,0.0003102391323231,3,7635.96,2545.32,2.3689736048546224,0.0009307173969695,,,,,,,,,,,,,,,,,,,,,,,,,,1.0,2.44,2.44,0.0007569834828685,0.0003102391323231,,,,,,,,,,,,,,,,,,,,4.7955060020356495,51.0,0.0940295294516794,0.0367852380002679,2.0108989573160727,0.1166908343755391,0.0158221957484829,189425.0,188824.0,0.0,0.9968272403325854,0.0,0.0,0.0,79.0,80.0,0.0,0.0,79.0,38.0,0.0,0.0,0.0,42.0,0.0,0.0,0.0,0.0,1.0,0.0,0.475,0.525
1,inactive,3,yellow,9,6-9,,,,10407.72,392.28000000000065,25.0,416.3088,,,,,,,,,,,,,4,10799.96,2699.99,27.53125318649939,0.0101967982053634,,,,,,,,,,,12.0,319.72,26.643333333333334,0.8150300805547045,0.0305903946160904,1.0,2.68,2.68,0.0068318547975935,0.0025491995513408,1.0,1.24,1.24,0.0031610074436626,0.0025491995513408,2.0,4.8,2.4,0.0122361578464361,0.0050983991026817,,,,,,,,,,,,,,,,,,,,7.1016553789590695,375.0,0.0189377476772241,0.0021606992861312,2.4009083923331453,0.0164588368469847,0.955949831752828,260218.0,245767.0,0.0,0.9444657940649764,0.0,8005.0,100.0,0.0,0.0,79.0,0.0,0.0,0.0,7926.0,100.0,0.0,0.0,0.0098688319800124,0.9901311680199876,0.0,1.0,0.0,0.0,0.0,0.0
1,inactive,3,yellow,12,9-12,1.0,2.6,2.6,10107.32,692.6800000000003,60.0,168.45533333333333,0.0037535369867759,0.0014436680718369,1.0,1.36,1.36,0.0019633885776982,0.0014436680718369,,,,,,5,10794.92,2158.984,15.584281342033831,0.0072183403591846,,,,,,2.0,11.4,5.7,0.0164578160189409,0.0028873361436738,35.0,125.44,3.584,0.1810937229312235,0.0505283825142922,4.0,80.92,20.23,0.1168216203730437,0.0057746722873476,2.0,5.0,2.5,0.0072183403591846,0.0028873361436738,3.0,7.68,2.56,0.0110873707917075,0.0043310042155107,,,,,,,,,,,,,,,,,,,,33.30128895718714,635.0,0.0524429747357277,0.0060828044687136,2.169730351154116,0.0479000920817634,0.916729225616446,252743.0,235616.66666666663,0.0,0.9322381496882868,0.0,3458.0,2154.0,35.0,66.0,508.0,139.0,20.0,50.0,2950.0,2015.0,15.0,16.0,0.1469057258530942,0.8530942741469058,0.064531104921077,0.935468895078923,0.5714285714285714,0.4285714285714285,0.7575757575757576,0.2424242424242424
1,inactive,4,blue,3,0-3,30.0,437.84,14.594666666666663,6321.64,4478.36,81.0,78.04493827160495,0.0977679329040095,0.0066988808403076,9.0,31.8,3.533333333333333,0.007100813690726,0.0020096642520922,21.0,81.4,3.8761904761904766,0.0181762966800346,0.0046892165882153,84,10015.28,119.2295238095238,2.236372243410534,0.0187568663528613,11.0,144.76,13.159999999999998,0.0323243330147643,0.0024562563081127,34.0,581.36,17.098823529411764,0.1298153788440411,0.0075920649523486,11.0,134.68,12.243636363636364,0.0300735090524209,0.0024562563081127,12.0,75.44,6.286666666666666,0.0168454523530935,0.002679552336123,18.0,91.28,5.071111111111112,0.0203824614367759,0.0040193285041845,57.0,268.24,4.705964912280702,0.0598969265534704,0.0127278735965844,16.0,40.8,2.55,0.0091104779428183,0.003572736448164,1.8,2.0,0.9,16.0,13.0,1.2307692307692308,0.0004019328504184,0.0004465920560205,0.003572736448164,0.0029028483641332,0.1011235955056179,0.898876404494382,0.1333333333333333,0.8666666666666667,141.70189565093685,4402.0,0.0321903443096176,0.0057452871100009,2.0958902126958696,0.0290234098244354,0.982949115301137,158122.0,135067.3333333333,2494.0,0.8541969702718997,0.0157726312594072,17946.0,4198.0,2860.0,10976.0,1520.0,36.0,30.0,2241.0,16426.0,4162.0,2830.0,8735.0,0.0846985400646383,0.9153014599353616,0.0085755121486422,0.9914244878513578,0.0104895104895104,0.9895104895104896,0.2041727405247813,0.7958272594752187
1,inactive,4,blue,6,3-6,,,,10770.6,29.399999999999636,8.0,1346.325,,,1.0,1.52,1.52,0.0517006802721094,0.0340136054421772,2.0,7.96,3.98,0.2707482993197312,0.0680272108843545,6,10792.48,1798.746666666667,367.09115646258954,0.2040816326530637,,,,,,,,,,,1.0,1.84,1.84,0.0625850340136062,0.0340136054421772,,,,,,1.0,4.56,4.56,0.1551020408163284,0.0340136054421772,,,,,,,,,,,,,,,,,,,,,,,,,1.700868535709222,22.0,0.077312206168601,0.0503433939306895,1.1872191759259565,0.0781818543541929,0.7482993197279004,269273.0,263472.3333333333,0.0,0.9784580456760734,0.0,47.0,115.0,240.0,0.0,0.0,0.0,0.0,0.0,47.0,115.0,240.0,0.0,0.0,1.0,0.0,1.0,0.0,1.0,0.0,0.0
1,inactive,4,blue,9,6-9,,,,10782.6,17.399999999999636,6.0,1797.1,,,,,,,,,,,,,4,10799.96,2699.99,620.687356321852,0.2298850574712691,,,,,,2.0,6.04,3.02,0.3471264367816165,0.1149425287356345,,,,,,,,,,,,,,,,,,,,,,,,,,,,,,,,,,,,,,,,0.4218906842856691,12.0,0.0351575570238057,0.009739919249277,2.6408042908790703,0.0320727768192616,0.6896551724138075,269571.0,261664.3333333333,881.0,0.9706694463919832,0.0032681556992406,153.0,0.0,0.0,0.0,0.0,0.0,0.0,0.0,153.0,0.0,0.0,0.0,0.0,1.0,0.0,0.0,0.0,0.0,0.0,0.0
1,inactive,4,blue,12,9-12,2.0,3.84,1.92,9963.76,836.2399999999998,35.0,284.67885714285717,0.0045919831627284,0.0023916578972543,3.0,7.0,2.3333333333333335,0.0083708026403903,0.0035874868458815,3.0,12.76,4.253333333333333,0.0152587773844829,0.0035874868458815,9,10769.92,1196.6577777777777,12.878982110398931,0.0107624605376446,3.0,8.16,2.72,0.0097579642207978,0.0035874868458815,13.0,281.12,21.624615384615385,0.3361714340380753,0.0155457763321534,10.0,127.16,12.716,0.1520616091074333,0.0119582894862718,9.0,46.52,5.1688888888888895,0.0556299626901368,0.0107624605376446,5.0,20.28,4.056,0.0242514110781593,0.0059791447431359,14.0,58.04,4.145714285714286,0.069405912178322,0.0167416052807806,,,,,,,,,,,,,,,,,,,,24.44293845324356,801.0,0.0305155286557347,0.0032134530404286,2.027901476927449,0.0280773659138828,0.9578589878503782,249129.0,232538.33333333337,4490.0,0.9334053174593618,0.0180227914052559,10230.0,1684.0,500.0,98.0,3797.0,111.0,21.0,0.0,6433.0,1573.0,479.0,98.0,0.3711632453567937,0.6288367546432062,0.0659144893111638,0.934085510688836,0.042,0.958,0.0,1.0
1,inactive,4,green,3,0-3,14.0,148.44,10.602857142857143,8234.44,2565.5599999999995,179.0,46.00245810055866,0.0578587131074697,0.0054568982990068,6.0,28.76,4.793333333333334,0.0112100282199597,0.0023386706995743,26.0,111.84,4.3015384615384615,0.0435928218400661,0.0101342396981555,69,10344.08,149.9142028985507,4.031899468342195,0.0268947130451051,1.0,2.16,2.16,0.0008419214518467,0.000389778449929,49.0,343.24,7.0048979591836735,0.1337875551536507,0.0190991440465239,10.0,73.84,7.384,0.0287812407427618,0.0038977844992906,9.0,69.64,7.737777777777778,0.0271441712530597,0.0035080060493615,5.0,44.32,8.864,0.0172749809008559,0.0019488922496453,12.0,55.84,4.653333333333333,0.0217652286440387,0.0046773413991487,9.0,25.84,2.871111111111111,0.0100718751461669,0.0035080060493615,0.0,0.0,0.0,0.8,1.0,0.8,0.0,0.0,0.0003118227599432,0.000389778449929,0.0,1.0,0.0,1.0,98.65990949823568,2423.0,0.0407180806843729,0.0085108863749639,2.0421408476897036,0.0364034270699656,0.9444331841781134,206040.0,159867.66666666666,399.0,0.7759059729502361,0.0019365171811298,10486.0,2863.0,3547.0,3725.0,4494.0,0.0,525.0,1354.0,5992.0,2863.0,3022.0,2371.0,0.4285714285714285,0.5714285714285714,0.0,1.0,0.1480124048491683,0.8519875951508317,0.363489932885906,0.636510067114094
1,inactive,4,green,6,3-6,1.0,10.4,10.4,10552.12,247.8799999999992,85.0,124.14258823529411,0.0419557850572859,0.0040342101016621,,,,,,28.0,97.08,3.467142857142857,0.3916411166693574,0.112957882846539,17,10739.64,631.7435294117647,43.325964176214434,0.0685815717282558,,,,,,1.0,5.04,5.04,0.020332418912377,0.0040342101016621,,,,,,1.0,3.08,3.08,0.0124253671131192,0.0040342101016621,1.0,7.84,7.84,0.0316282071970309,0.0040342101016621,,,,,,1.0,2.08,2.08,0.0083911570114571,0.0040342101016621,,,,,,,,,,,,,,,8.799299764240136,188.0,0.0468047859800007,0.0117342372965925,1.659411923769583,0.0516751956721348,0.7584314991124762,263888.0,259900.3333333333,0.0,0.9848887912043492,0.0,127.0,275.0,2455.0,261.0,0.0,0.0,0.0,0.0,127.0,275.0,2455.0,261.0,0.0,1.0,0.0,1.0,0.0,1.0,0.0,1.0
1,inactive,4,green,9,6-9,2.0,8.92,4.46,10370.76,429.2399999999998,42.0,246.9228571428571,0.0207809151057683,0.0046593980057776,2.0,4.68,2.34,0.0109029913335197,0.0046593980057776,2.0,6.32,3.16,0.0147236976982573,0.0046593980057776,9,10774.92,1197.2133333333334,25.10232038020689,0.0209672910259994,,,,,,14.0,48.44,3.46,0.1128506196999348,0.0326157860404435,7.0,27.32,3.902857142857143,0.0636473767589227,0.0163078930202217,,,,,,4.0,12.88,3.22,0.0300065231572081,0.0093187960115553,2.0,6.88,3.44,0.0160283291398751,0.0046593980057776,2.0,4.44,2.22,0.0103438635728263,0.0046593980057776,,,,,,,,,,,,,,,13.231641355634506,400.0,0.0330791033890862,0.0046196082324561,2.02776257392113,0.029157763349192,0.9318796011555311,259311.0,255982.0,0.0,0.9871621334999288,0.0,1915.0,326.0,279.0,225.0,12.0,0.0,0.0,0.0,1903.0,326.0,279.0,225.0,0.006266318537859,0.993733681462141,0.0,1.0,0.0,1.0,0.0,1.0
1,inactive,4,green,12,9-12,3.0,26.44,8.813333333333334,9634.0,1166.0,71.0,135.69014084507043,0.0226758147512864,0.0025728987993138,1.0,4.08,4.08,0.0034991423670668,0.0008576329331046,9.0,67.88,7.542222222222222,0.0582161234991423,0.0077186963979416,17,10701.2,629.4823529411765,9.17770154373928,0.0145797598627787,2.0,5.56,2.78,0.0047684391080617,0.0017152658662092,64.0,201.92,3.155,0.1731732418524871,0.0548885077186964,12.0,151.76,12.646666666666668,0.1301543739279588,0.0102915951972555,10.0,89.28,8.928,0.0765694682675814,0.0085763293310463,4.0,12.72,3.18,0.0109090909090909,0.0034305317324185,10.0,33.96,3.396,0.0291252144082332,0.0085763293310463,1.0,2.04,2.04,0.0017495711835334,0.0008576329331046,,,,,,,,,,,,,,,46.895795538638005,1110.0,0.0422484644492234,0.005526095737352,2.0422967306963034,0.0404675296330185,0.9519725557461408,240921.0,231433.0,117.0,0.9606177958749964,0.0004856363704284,8918.0,2564.0,1809.0,664.0,3506.0,241.0,369.0,105.0,5412.0,2323.0,1440.0,559.0,0.3931374747701278,0.6068625252298722,0.09399375975039,0.90600624024961,0.2039800995024875,0.7960199004975125,0.1581325301204819,0.8418674698795181
1,inactive,4,red,3,0-3,33.0,287.04,8.69818181818182,6611.36,4188.64,157.0,42.11057324840764,0.0685282096336758,0.007878452194507,8.0,32.8,4.1,0.0078307039993888,0.0019099278047289,17.0,78.24,4.60235294117647,0.0186790939302494,0.004058596585049,96,9967.2,103.825,2.3795790519118376,0.0229191336567477,7.0,29.8,4.257142857142857,0.0071144810726154,0.0016711868291378,9.0,213.92,23.76888888888889,0.0510714694984529,0.0021486687803201,17.0,625.0,36.76470588235294,0.1492131097444516,0.004058596585049,12.0,89.16,7.43,0.0212861453837044,0.0028648917070934,10.0,86.36,8.636,0.0206176706520493,0.0023874097559112,63.0,277.48,4.404444444444445,0.0662458459070247,0.0150406814622407,6.0,15.76,2.6266666666666665,0.003762557775316,0.0014324458535467,16.0,13.0,1.2307692307692308,1.0,1.0,1.0,0.0038198556094579,0.0031036326826845,0.0002387409755911,0.0002387409755911,0.9411764705882352,0.0588235294117647,0.9285714285714286,0.0714285714285714,164.8529202787235,4033.0,0.0408760030445632,0.0090882491944703,2.1045012688577844,0.0353426227705022,0.9628423545589976,165441.0,142569.99999999997,852.0,0.8617573636522988,0.0051498721598636,20999.0,4410.0,2801.0,7209.0,5880.0,36.0,91.0,1331.0,15119.0,4374.0,2710.0,5878.0,0.2800133339682842,0.7199866660317158,0.0081632653061224,0.9918367346938776,0.032488397001071,0.9675116029989288,0.1846303232071022,0.8153696767928977
1,inactive,4,red,6,3-6,3.0,59.16,19.72,10342.08,457.9200000000001,29.0,356.6234482758621,0.1291928721174003,0.0065513626834381,1.0,3.8,3.8,0.0082983927323549,0.002183787561146,2.0,12.2,6.1,0.0266422082459818,0.0043675751222921,20,10681.32,534.066,23.32573375262054,0.043675751222921,1.0,2.6,2.6,0.0056778476589797,0.002183787561146,9.0,23.16,2.5733333333333333,0.0505765199161425,0.0196540880503144,,,,,,2.0,11.2,5.6,0.0244584206848357,0.0043675751222921,1.0,2.32,2.32,0.0050663871418588,0.002183787561146,13.0,54.08,4.16,0.1180992313067784,0.0283892382948986,1.0,2.08,2.08,0.0045422781271837,0.002183787561146,,,,,,,,,,,,,,,19.55848419528867,432.0,0.0452742689705756,0.0123247877279855,1.9345946838416912,0.039131199063153,0.9433962264150942,258581.0,256352.0,0.0,0.991379877098472,0.0,588.0,341.0,403.0,1482.0,0.0,0.0,0.0,0.0,588.0,341.0,403.0,1482.0,0.0,1.0,0.0,1.0,0.0,1.0,0.0,1.0
1,inactive,4,red,9,6-9,2.0,5.88,2.94,10519.6,280.39999999999964,13.0,809.2,0.0209700427960057,0.007132667617689,1.0,9.28,9.28,0.033095577746077,0.0035663338088445,2.0,12.6,6.3,0.0449358059914408,0.007132667617689,9,10757.08,1195.2311111111112,38.363338088445126,0.0320970042796006,,,,,,4.0,31.12,7.78,0.1109843081312412,0.014265335235378,4.0,11.8,2.95,0.0420827389443652,0.014265335235378,1.0,3.12,3.12,0.0111269614835948,0.0035663338088445,1.0,1.68,1.68,0.0059914407988587,0.0035663338088445,4.0,11.2,2.8,0.0399429386590585,0.014265335235378,,,,,,,,,,,,,,,,,,,,10.179132702318029,268.0,0.0379818384414851,0.0052637829292694,2.131480623621221,0.0336356942424515,0.9557774607703292,263003.0,258298.3333333333,0.0,0.9821117376354388,0.0,1081.0,122.0,550.0,149.0,0.0,0.0,0.0,0.0,1081.0,122.0,550.0,149.0,0.0,1.0,0.0,1.0,0.0,1.0,0.0,1.0
1,inactive,4,red,12,9-12,6.0,36.44,6.073333333333333,9809.56,990.4400000000004,28.0,350.34142857142854,0.0367917289285569,0.0060579136545373,3.0,14.48,4.826666666666667,0.0146197649529501,0.0030289568272686,15.0,63.24,4.216,0.0638504099188239,0.0151447841363434,24,10673.28,444.72,10.776301441783446,0.0242316546181495,1.0,1.8,1.8,0.0018173740963612,0.0010096522757562,18.0,191.92,10.66222222222222,0.1937724647631354,0.0181737409636121,10.0,148.88,14.888,0.1503170308145874,0.0100965227575622,8.0,55.28,6.91,0.0558135778038043,0.0080772182060498,11.0,49.88,4.534545454545455,0.0503614555147207,0.0111061750333185,17.0,53.6,3.152941176470588,0.0541173619805338,0.0171640886878558,3.0,7.32,2.44,0.0073906546585355,0.0030289568272686,,,,,,,,,,,,,,,33.68954736507492,964.0,0.0349476632417789,0.0054476023531475,2.116683470876925,0.0342539468530249,0.9733047938290048,245267.0,231784.66666666663,355.0,0.9450299741370288,0.0014474022188064,8548.0,2648.0,1961.0,917.0,2428.0,84.0,33.0,0.0,6120.0,2564.0,1928.0,917.0,0.2840430510060833,0.7159569489939167,0.0317220543806646,0.9682779456193352,0.0168281489036206,0.9831718510963794,0.0,1.0
1,inactive,4,yellow,3,0-3,2.0,7.2,3.6,10317.72,482.28000000000065,77.0,133.99636363636364,0.0149290868375217,0.0041469685659782,2.0,15.44,7.72,0.0320145973293522,0.0041469685659782,8.0,42.24,5.28,0.0875839761134609,0.016587874263913,8,10783.76,1347.97,22.359956871526883,0.016587874263913,1.0,1.48,1.48,0.0030687567388239,0.0020734842829891,8.0,39.08,4.885,0.0810317657792152,0.016587874263913,3.0,6.8,2.2666666666666666,0.014099693124326,0.0062204528489673,1.0,1.16,1.16,0.0024052417682673,0.0020734842829891,2.0,10.04,5.02,0.0208177822012108,0.0041469685659782,1.0,2.84,2.84,0.0058886953636891,0.0020734842829891,,,,,,,,,,,,,,,,,,,,20.903140709233536,414.0,0.0504906780416269,0.0118883428798603,1.967275526939067,0.0542179163298263,0.8584224931575007,258020.0,174220.33333333328,20702.0,0.6752202671627521,0.0802340903805906,1158.0,283.0,1452.0,182.0,0.0,0.0,464.0,65.0,1158.0,283.0,988.0,117.0,0.0,1.0,0.0,1.0,0.3195592286501377,0.6804407713498623,0.3571428571428571,0.6428571428571429
1,inactive,4,yellow,6,3-6,,,,10795.8,4.200000000000728,7.0,1542.2571428571428,,,,,,,,,,,,,4,10799.96,2699.99,2571.419047618602,0.9523809523807872,,,,,,,,,,,,,,,,,,,,,,,,,,,,,,,,,,,,,,,,,,,,,,,,,,0.0,0.0,,,,,0.0,269902.0,263896.0,0.0,0.9777474787144964,0.0,,,,,,,,,,,,,,,,,,,,
1,inactive,4,yellow,9,6-9,,,,10548.92,251.07999999999993,10.0,1054.892,,,1.0,1.96,1.96,0.0078062768838617,0.0039827943285008,,,,,,4,10799.96,2699.99,43.014019436036335,0.0159311773140035,,,,,,14.0,116.0,8.285714285714286,0.4620041421061018,0.0557591205990122,1.0,8.6,8.6,0.0342520312251075,0.0039827943285008,1.0,25.16,25.16,0.100207105305082,0.0039827943285008,1.0,3.36,3.36,0.0133821889437629,0.0039827943285008,1.0,2.72,2.72,0.0108332005735223,0.0039827943285008,,,,,,,,,,,,,,,,,,,,4.605755418967914,243.0,0.0189537260039831,0.0022430756052136,2.381559540162691,0.0198962572727742,0.9678190218257132,263733.0,259210.66666666663,0.0,0.9828526072454592,0.0,3130.0,715.0,50.0,0.0,12.0,0.0,0.0,0.0,3118.0,715.0,50.0,0.0,0.0038338658146964,0.9961661341853036,0.0,1.0,0.0,1.0,0.0,0.0
1,inactive,4,yellow,12,9-12,3.0,11.64,3.88,10247.52,552.4799999999996,28.0,365.98285714285714,0.0210686359687228,0.0054300608166811,,,,,,4.0,36.68,9.17,0.0663915435852882,0.0072400810889082,8,10768.68,1346.085,19.491529105125995,0.0144801621778164,,,,,,41.0,240.0,5.853658536585366,0.4344048653344921,0.074210831161309,3.0,4.04,1.346666666666667,0.0073124818997972,0.0054300608166811,2.0,19.92,9.96,0.0360556038227628,0.0036200405444541,5.0,12.72,2.544,0.023023457862728,0.0090501013611352,4.0,13.84,3.46,0.0250506805676223,0.0072400810889082,,,,,,,,,,,,,,,,,,,,14.720572323312702,530.0,0.0277746647609673,0.0039278392349813,2.202890475321575,0.025938610132596,0.9593107442803368,256216.0,237335.3333333333,1484.0,0.9263095721318472,0.0057919880101164,6145.0,823.0,921.0,294.0,595.0,241.0,315.0,105.0,5550.0,582.0,606.0,189.0,0.096826688364524,0.903173311635476,0.2928311057108141,0.707168894289186,0.3420195439739413,0.6579804560260586,0.3571428571428571,0.6428571428571429
1,inactive,5,blue,3,0-3,25.0,157.96,6.3184000000000005,7854.56,2945.4399999999996,180.0,43.63644444444445,0.0536286598946167,0.0084876962355369,12.0,54.08,4.506666666666667,0.0183605844967135,0.0040740941930577,19.0,45.0,2.3684210526315788,0.0152778532239665,0.006450649139008,82,10008.24,122.05170731707317,3.3978760388940197,0.0278396436525612,2.0,3.0,1.5,0.0010185235482644,0.0006790156988429,28.0,210.32,7.511428571428572,0.0714052908903253,0.0095062197838014,14.0,163.56,11.682857142857143,0.055529903851377,0.0047531098919007,18.0,56.36,3.131111111111111,0.0191346623933945,0.0061111412895866,4.0,14.88,3.72,0.0050518767993916,0.0013580313976859,43.0,220.48,5.127441860465116,0.0748546906404476,0.0145988375251235,1.0,2.0,2.0,0.0006790156988429,0.0003395078494214,1.0,1.0,1.0,1.8,2.0,0.9,0.0003395078494214,0.0003395078494214,0.0006111141289586,0.0006790156988429,0.3571428571428571,0.6428571428571429,0.3333333333333333,0.6666666666666666,153.8341068502092,2765.0,0.0556362050091172,0.01179747734761,1.9699545977395656,0.046733021791354,0.9387392036503884,196544.0,118078.66666666666,16777.0,0.6007747205036361,0.085360021165744,9389.0,1803.0,2508.0,3974.0,61.0,0.0,27.0,276.0,9328.0,1803.0,2481.0,3698.0,0.0064969645329641,0.993503035467036,0.0,1.0,0.0107655502392344,0.9892344497607656,0.0694514343231001,0.9305485656768998
1,inactive,5,blue,6,3-6,1.0,2.8,2.8,10688.04,111.95999999999913,9.0,1187.5600000000002,0.0250089317613435,0.0089317613433369,,,,,,1.0,1.04,1.04,0.0092890317970704,0.0089317613433369,6,10778.16,1796.36,96.26795284030084,0.0535905680600218,,,,,,,,,,,7.0,32.2,4.6000000000000005,0.2876027152554506,0.0625223294033588,1.0,3.8,3.8,0.0339406931046805,0.0089317613433369,1.0,2.52,2.52,0.0225080385852091,0.0089317613433369,1.0,4.0,4.0,0.0357270453733479,0.0089317613433369,,,,,,,,,,,,,,,,,,,,4.259267837485068,90.0,0.0473251981942785,0.0088485987352016,1.791725622578494,0.0411929456064269,0.8038585209003278,267210.0,265713.3333333334,0.0,0.9943989122163592,0.0,812.0,160.0,27.0,71.0,0.0,0.0,0.0,0.0,812.0,160.0,27.0,71.0,0.0,1.0,0.0,1.0,0.0,1.0,0.0,1.0
1,inactive,5,blue,9,6-9,,,,10542.76,257.2399999999998,8.0,1317.845,,,2.0,4.84,2.42,0.018815114290157,0.0077748406157673,2.0,7.48,3.74,0.02907790390297,0.0077748406157673,9,10637.64,1181.96,41.35297776395587,0.0349867827709532,,,,,,1.0,7.36,7.36,0.0286114134660239,0.0038874203078836,3.0,33.92,11.306666666666668,0.1318612968434148,0.011662260923651,,,,,,,,,,,2.0,7.52,3.76,0.0292334007152853,0.0077748406157673,1.0,2.92,2.92,0.0113512672990203,0.0038874203078836,,,,,,,,,,,,,,,6.846048750098209,119.0,0.0575298214293967,0.0087307351659543,1.995974654178108,0.0589475020835841,0.4626030166381593,263577.0,256055.3333333333,0.0,0.9714631145104972,0.0,1036.0,0.0,312.0,0.0,0.0,0.0,0.0,0.0,1036.0,0.0,312.0,0.0,0.0,1.0,0.0,0.0,0.0,1.0,0.0,0.0
1,inactive,5,blue,12,9-12,3.0,38.8,12.933333333333332,9575.4,1224.6000000000004,26.0,368.2846153846154,0.0316838151233055,0.0024497795198432,8.0,60.92,7.615,0.0497468561162828,0.0065327453862485,5.0,29.4,5.88,0.0240078392944634,0.0040829658664053,23,10663.56,463.6330434782608,8.707790298873098,0.0187816429854646,,,,,,24.0,389.44,16.226666666666667,0.3180140454025803,0.0195982361587457,6.0,95.24,15.873333333333331,0.0777723338232892,0.0048995590396864,4.0,29.16,7.29,0.023811856932876,0.0032663726931242,1.0,1.8,1.8,0.0014698677119059,0.000816593173281,16.0,59.72,3.7325,0.0487669443083455,0.0130654907724971,3.0,6.04,2.013333333333333,0.0049322227666176,0.0024497795198432,,,,,,,,,,,,,,,36.335848179320706,1201.0,0.0302546612650463,0.0049315970919278,2.0965667522340814,0.0295865904968516,0.9807284011105664,239411.0,227487.0,2133.0,0.950194435510482,0.008909365066768,12147.0,779.0,2271.0,973.0,258.0,0.0,0.0,12.0,11889.0,779.0,2271.0,961.0,0.0212398122993331,0.9787601877006668,0.0,1.0,0.0,1.0,0.0123329907502569,0.987667009249743
1,inactive,5,green,3,0-3,42.0,358.12,8.526666666666667,4977.56,5822.44,251.0,19.830916334661357,0.0615068596670811,0.0072134706411744,8.0,82.36,10.295,0.0141452724287412,0.0013739944078427,17.0,66.6,3.9176470588235297,0.0114385034452909,0.0029197381166658,144,9688.48,67.2811111111111,1.6639896675620531,0.0247318993411696,4.0,10.64,2.66,0.0018274125624308,0.0006869972039213,21.0,152.08,7.241904761904762,0.0261196336930908,0.0036067353205872,17.0,542.48,31.910588235294117,0.0931705607958175,0.0029197381166658,14.0,88.08,6.291428571428571,0.0151276784303487,0.0024044902137248,11.0,59.16,5.378181818181818,0.0101606886459972,0.0018892423107837,48.0,179.44,3.7383333333333337,0.0308186945679131,0.0082439664470565,5.0,11.24,2.248,0.001930462143019,0.0008587465049017,0.0,0.0,0.0,4.4,4.0,1.1,0.0,0.0,0.0007556969243135,0.0006869972039213,0.0,1.0,0.0,1.0,188.44676448696964,5622.0,0.0335195240994254,0.0074591061950589,2.1182360602279724,0.0319500261124929,0.9655745701114996,124690.0,88810.66666666666,5506.0,0.7122517175929638,0.0441575106263533,17402.0,3706.0,3749.0,8995.0,44.0,215.0,0.0,1301.0,17358.0,3491.0,3749.0,7694.0,0.0025284450063211,0.9974715549936788,0.0580140313005936,0.9419859686994064,0.0,1.0,0.1446359088382434,0.8553640911617565
1,inactive,5,green,6,3-6,,,,10669.0,131.0,27.0,395.14814814814815,,,,,,,,,,,,,6,10757.04,1792.84,82.11480916030536,0.0458015267175572,,,,,,,,,,,,,,,,,,,,,,,,,,4.0,17.16,4.29,0.1309923664122137,0.0305343511450381,,,,,,,,,,,,,,,,,,,,1.1496231808758168,97.0,0.0118517853698537,0.0030842599892786,1.840600494001701,0.010405522503089,0.7404580152671756,266752.0,265823.0,0.0,0.996517364443378,0.0,,,,,,,,,,,,,,,,,,,,
1,inactive,5,green,9,6-9,,,,10418.84,381.15999999999985,58.0,179.6351724137931,,,,,,,,,,,,,3,10669.44,3556.48,27.992024346731043,0.0078707104627977,,,,,,1.0,1.52,1.52,0.0039878266344842,0.0026235701542659,21.0,72.0,3.4285714285714284,0.1888970511071467,0.0550949732395844,,,,,,1.0,1.12,1.12,0.0029383985727778,0.0026235701542659,3.0,7.28,2.4266666666666667,0.0190995907230559,0.0078707104627977,,,,,,,,,,,,,,,,,,,,5.921459233250027,203.0,0.0291697499174878,0.0040826509806629,2.00239311591279,0.0281142666316724,0.532584741315983,260529.0,255647.66666666663,0.0,0.981263762063596,0.0,1860.0,29.0,0.0,0.0,156.0,0.0,0.0,0.0,1704.0,29.0,0.0,0.0,0.0838709677419354,0.9161290322580644,0.0,1.0,0.0,0.0,0.0,0.0
1,inactive,5,green,12,9-12,6.0,27.4,4.566666666666666,9668.16,1131.84,40.0,241.704,0.0242083686740175,0.0053011026293469,6.0,37.28,6.213333333333334,0.0329375176703421,0.0053011026293469,2.0,22.76,11.38,0.0201088493073225,0.0017670342097823,26,10664.76,410.18307692307695,9.42249787955895,0.0229714447271699,1.0,1.0,1.0,0.0008835171048911,0.0008835171048911,29.0,209.6,7.227586206896552,0.1851851851851852,0.0256219960418433,6.0,211.8,35.300000000000004,0.1871289228159457,0.0053011026293469,5.0,20.76,4.152,0.0183418150975402,0.0044175855244557,2.0,16.04,8.02,0.014171614362454,0.0017670342097823,19.0,59.16,3.1136842105263156,0.0522688719253604,0.0167868249929318,,,,,,,,,,,,,,,,,,,,42.17984884086808,1106.0,0.0381372955161555,0.0065929833674632,2.028169283278546,0.0376008995904911,0.9771699180096128,241744.0,230109.3333333333,1560.0,0.951871952699274,0.0064531074194188,10570.0,927.0,1509.0,691.0,2652.0,0.0,48.0,0.0,7918.0,927.0,1461.0,691.0,0.2508987701040681,0.7491012298959319,0.0,1.0,0.0318091451292246,0.9681908548707754,0.0,1.0
1,inactive,5,red,3,0-3,26.0,137.0,5.269230769230769,5929.0,4871.0,166.0,35.71686746987952,0.0281256415520427,0.0053377129952781,8.0,35.2,4.4,0.0072264422089919,0.0016423732293163,8.0,55.4,6.925,0.0113734346130158,0.0016423732293163,158,9453.24,59.83063291139241,1.9407185382878256,0.0324368712789981,1.0,1.76,1.76,0.0003613221104495,0.0002052966536645,23.0,437.2,19.008695652173913,0.0897556969821391,0.0047218230342845,10.0,196.2,19.619999999999997,0.0402792034489837,0.0020529665366454,17.0,96.32,5.665882352941176,0.019774173680969,0.0034900431122972,4.0,15.88,3.97,0.0032601108601929,0.0008211866146581,70.0,372.24,5.317714285714286,0.0764196263600903,0.0143707657565181,12.0,30.12,2.51,0.0061835352083761,0.0024635598439745,5.2,5.0,1.04,0.0,0.0,0.0,0.0010675425990556,0.0010264832683227,0.0,0.0,1.0,0.0,1.0,0.0,149.22166448088862,4702.0,0.0317357857254122,0.0058776011408489,2.09077956887275,0.0287627942649587,0.9653048655306918,148391.0,98117.66666666666,11402.0,0.6612103609158686,0.0768375440559063,15868.0,2826.0,2281.0,3451.0,199.0,33.0,27.0,240.0,15669.0,2793.0,2254.0,3211.0,0.0125409629442903,0.9874590370557096,0.0116772823779193,0.9883227176220808,0.0118369136343708,0.9881630863656292,0.0695450594030715,0.9304549405969283
1,inactive,5,red,6,3-6,,,,10784.24,15.760000000000218,5.0,2156.848,,,,,,,,,,,,,4,10787.56,2696.89,684.4898477157266,0.2538071065989812,,,,,,,,,,,,,,,,,,,,,,,,,,,,,,,,,,,,,,,,,,,,,,,,,,0.0,0.0,,,,,0.0,269611.0,267275.0,43.0,0.9913356650878488,0.0001594890416192,,,,,,,,,,,,,,,,,,,,
1,inactive,5,red,9,6-9,1.0,6.96,6.96,10432.08,367.9200000000001,7.0,1490.297142857143,0.0189171559034572,0.0027179821700369,,,,,,1.0,2.48,2.48,0.0067405957816916,0.0027179821700369,9,10647.36,1183.04,28.93933463796477,0.0244618395303326,,,,,,20.0,124.8,6.24,0.3392041748206131,0.0543596434007392,1.0,6.24,6.24,0.0169602087410306,0.0027179821700369,,,,,,,,,,,7.0,23.44,3.3485714285714288,0.0637095020656664,0.0190258751902587,,,,,,,,,,,,,,,,,,,,7.275306753866378,230.0,0.0316317684950712,0.0037865564228366,2.0630428523170403,0.0310573651869265,0.6251358991085018,260809.0,254166.66666666663,59.0,0.9745318093572948,0.0002262191872212,3297.0,0.0,63.0,175.0,0.0,0.0,0.0,0.0,3297.0,0.0,63.0,175.0,0.0,1.0,0.0,0.0,0.0,1.0,0.0,1.0
1,inactive,5,red,12,9-12,7.0,27.56,3.937142857142857,9995.92,804.0799999999999,33.0,302.9066666666667,0.0342751964978609,0.0087056014326932,7.0,45.16,6.451428571428571,0.0561635658143468,0.0087056014326932,2.0,31.2,15.6,0.0388021092428614,0.0024873146950552,25,10653.56,426.1423999999999,13.249378171326237,0.0310914336881902,1.0,6.88,6.88,0.0085563625509899,0.0012436573475276,25.0,146.48,5.8591999999999995,0.1821709282658442,0.0310914336881902,3.0,17.12,5.706666666666667,0.0212914137896726,0.0037309720425828,3.0,22.76,7.586666666666667,0.0283056412297283,0.0037309720425828,2.0,4.92,2.46,0.0061187941498358,0.0024873146950552,13.0,47.84,3.68,0.0594965675057208,0.0161675455178589,,,,,,,,,,,,,,,,,,,,32.74858710202537,770.0,0.0425306326000329,0.0067911978290504,2.0052740978765655,0.0401016704672847,0.9576161575962592,249931.0,233796.6666666667,3051.0,0.9354448494451136,0.0122073692339085,4118.0,697.0,1918.0,696.0,2439.0,0.0,70.0,12.0,1679.0,697.0,1848.0,684.0,0.592277804759592,0.407722195240408,0.0,1.0,0.0364963503649635,0.9635036496350364,0.0172413793103448,0.9827586206896552
1,inactive,5,yellow,3,0-3,25.0,402.64,16.1056,6953.08,3846.92,185.0,37.58421621621621,0.104665550622316,0.0064987054578727,1.0,2.68,2.68,0.0006966612250839,0.0002599482183149,1.0,1.16,1.16,0.0003015399332452,0.0002599482183149,89,10252.76,115.19955056179776,2.665186694810394,0.0231353914300271,,,,,,63.0,581.04,9.222857142857142,0.1510403127696962,0.0163767377538394,1.0,2.6,2.6,0.0006758653676187,0.0002599482183149,11.0,109.4,9.945454545454544,0.0284383350836513,0.002859430401464,3.0,13.56,4.5200000000000005,0.0035248978403502,0.0007798446549447,24.0,75.76,3.1566666666666667,0.0196936770195377,0.0062387572395578,1.0,1.96,1.96,0.0005094985078972,0.0002599482183149,,,,,,,,,,,,,,,104.64810641358214,3684.0,0.0284061092327856,0.0062874958955423,2.173623707924762,0.0274233595982679,0.9576492362721346,174012.0,109567.0,11928.0,0.629651978024504,0.0685469967588442,14655.0,3088.0,98.0,10091.0,304.0,182.0,0.0,1422.0,14351.0,2906.0,98.0,8669.0,0.0207437734561583,0.9792562265438416,0.0589378238341968,0.9410621761658032,0.0,1.0,0.140917649390546,0.8590823506094539
1,inactive,5,yellow,6,3-6,,,,10714.6,85.39999999999964,19.0,563.9263157894737,,,,,,,,,,,,,6,10780.52,1796.753333333333,126.2355971896961,0.0702576112412181,,,,,,,,,,,,,,,,,,,,,,,,,,,,,,,,,,,,,,,,,,,,,,,,,,1.673479881900884,55.0,0.0304269069436524,0.0145570808561154,2.0504712448090467,0.024755950747605,0.6440281030444992,267884.0,266567.3333333333,0.0,0.9950849372614016,0.0,,,,,,,,,,,,,,,,,,,,
1,inactive,5,yellow,9,6-9,,,,10236.96,563.0400000000009,35.0,292.4845714285714,,,,,,,,,,,,,3,10669.44,3556.48,18.949701619778317,0.0053282182438192,,,,,,1.0,6.36,6.36,0.0112958226768968,0.0017760727479397,29.0,197.48,6.809655172413793,0.3507388462631424,0.0515061096902528,2.0,13.0,6.5,0.0230889457232167,0.0035521454958795,1.0,2.36,2.36,0.0041915316851378,0.0017760727479397,1.0,2.4,2.4,0.0042625745950554,0.0017760727479397,,,,,,,,,,,,,,,,,,,,9.233651057993669,401.0,0.0230265612418794,0.0036089630796833,2.117945458604793,0.0221222080836764,0.7122051719238409,255959.0,252597.66666666663,0.0,0.986867688444894,0.0,5126.0,387.0,0.0,0.0,156.0,0.0,0.0,0.0,4970.0,387.0,0.0,0.0,0.0304330862270776,0.9695669137729224,0.0,1.0,0.0,0.0,0.0,0.0
1,inactive,5,yellow,12,9-12,,,,9955.52,844.4799999999996,52.0,191.4523076923077,,,6.0,16.56,2.76,0.0196097006441834,0.0071049640015157,,,,,,5,10793.2,2158.6400000000003,12.780882910193265,0.0059208033345964,,,,,,35.0,431.32,12.323428571428572,0.5107521788556274,0.041445623342175,,,,,,2.0,27.76,13.88,0.0328723001136794,0.0023683213338385,,,,,,8.0,25.48,3.185,0.0301724137931034,0.0094732853353543,,,,,,,,,,,,,,,,,,,,22.912740604921687,805.0,0.0284630318073561,0.0037124624375284,2.124635745917773,0.0240876694533457,0.953249336870027,248940.0,233120.33333333337,2970.0,0.9364518893441528,0.0119305856832971,10818.0,696.0,420.0,0.0,285.0,0.0,22.0,0.0,10533.0,696.0,398.0,0.0,0.026344980587909,0.973655019412091,0.0,1.0,0.0523809523809523,0.9476190476190476,0.0,0.0
1,inactive,6,blue,3,0-3,5.0,27.32,5.464,9091.16,1708.84,98.0,92.7669387755102,0.0159874534772126,0.0029259614709393,6.0,18.0,3.0,0.0105334612953816,0.0035111537651272,3.0,11.12,3.7066666666666666,0.0065073383113691,0.0017555768825636,51,10532.6,206.521568627451,6.163596357763161,0.0298448070035813,,,,,,15.0,371.08,24.738666666666667,0.2171531565272348,0.008777884412818,3.0,9.88,3.2933333333333334,0.0057816998665761,0.0017555768825636,5.0,29.52,5.904,0.0172748765244259,0.0029259614709393,3.0,6.36,2.12,0.0037218229910348,0.0017555768825636,17.0,79.44,4.672941176470588,0.0464876758502844,0.0099482690011937,3.0,6.96,2.32,0.0040729383675475,0.0017555768825636,,,,,,,,,,,,,,,77.25183199855313,1601.0,0.0482522373507514,0.00760478303118,1.9848189572530697,0.0426901357345939,0.93689286299478,227377.0,214589.3333333333,2327.0,0.9437600695467584,0.0102341045928128,9542.0,905.0,737.0,688.0,0.0,0.0,0.0,8.0,9542.0,905.0,737.0,680.0,0.0,1.0,0.0,1.0,0.0,1.0,0.0116279069767441,0.9883720930232558
1,inactive,6,blue,6,3-6,1.0,0.96,0.96,8342.04,2457.959999999999,14.0,595.86,0.0003905677879216,0.0004068414457517,,,,,,,,,,,4,8402.6,2100.65,3.4185259320737535,0.001627365783007,,,,,,1.0,3.28,3.28,0.0013344399420657,0.0004068414457517,,,,,,,,,,,,,,,,,,,,,,,,,,,,,,,,,,,,,,,,3.3490315588604114,49.0,0.0683475828338859,0.0445205077013735,2.0010062919999174,0.0709806816912929,0.0199352308418363,208565.0,197585.33333333337,0.0,0.9473561399723508,0.0,83.0,0.0,0.0,25.0,0.0,0.0,0.0,0.0,83.0,0.0,0.0,25.0,0.0,1.0,0.0,0.0,0.0,0.0,0.0,1.0
1,inactive,6,blue,9,6-9,,,,7343.36,3456.6400000000003,5.0,1468.672,,,,,,,,,,,,,3,7357.68,2452.56,2.1285641547861505,0.0008678948342899,,,,,,1.0,1.28,1.28,0.0003703017959637,0.0002892982780966,,,,,,,,,,,,,,,,,,,,,,,,,,,,,,,,,,,,,,,,1.0538285788837565,10.0,0.1053828578883756,0.0359992295159679,1.7883866423395125,0.1335700899401951,0.0028929827809664,183589.0,166938.66666666663,269.0,0.9093064762413142,0.0014652293982754,33.0,0.0,0.0,0.0,0.0,0.0,0.0,0.0,33.0,0.0,0.0,0.0,0.0,1.0,0.0,0.0,0.0,0.0,0.0,0.0
1,inactive,6,blue,12,9-12,4.0,57.28,14.32,8951.32,1848.6800000000003,40.0,223.783,0.0309842698574117,0.0021637059956293,3.0,19.92,6.640000000000001,0.0107752558582339,0.0016227794967219,7.0,36.8,5.257142857142857,0.0199060951597896,0.0037864854923512,21,10670.44,508.1161904761905,5.771923751000713,0.0113594564770538,,,,,,36.0,675.08,18.752222222222223,0.3651686608823593,0.0194733539606638,7.0,195.92,27.988571428571426,0.1059783196659237,0.0037864854923512,9.0,78.76,8.751111111111111,0.0426033710539411,0.0048683384901659,5.0,16.32,3.264,0.0088279204621675,0.0027046324945366,22.0,96.0,4.363636363636363,0.0519289438951035,0.0119003829759612,5.0,12.84,2.568,0.00694549624597,0.0027046324945366,,,,,,,,,,,,,,,44.5960060879007,1808.0,0.0246659325707415,0.0032735843009693,2.1437879121810326,0.0234322695529995,0.9779951100244496,223823.0,201011.0,0.0,0.8980801794274941,0.0,21818.0,2391.0,1428.0,1436.0,2968.0,36.0,0.0,0.0,18850.0,2355.0,1428.0,1436.0,0.1360344669538913,0.8639655330461087,0.015056461731493,0.9849435382685068,0.0,1.0,0.0,1.0
1,inactive,6,green,3,0-3,21.0,159.64,7.601904761904761,9523.48,1276.5200000000004,62.0,153.60451612903225,0.1250587534860401,0.016450976091248,1.0,1.12,1.12,0.0008773853915332,0.0007833798138689,3.0,6.0,2.0,0.0047002788832137,0.0023501394416068,28,10621.92,379.3542857142857,8.320997712530941,0.0219346347883307,,,,,,15.0,264.84,17.656,0.2074703099050542,0.0117506972080343,2.0,5.44,2.72,0.0042615861874471,0.0015667596277379,3.0,21.24,7.079999999999999,0.0166389872465766,0.0023501394416068,,,,,,18.0,70.96,3.942222222222222,0.0555886315921411,0.0141008366496412,3.0,9.24,3.08,0.0072384294801491,0.0023501394416068,,,,,,,,,,,,,,,65.28834623268685,1226.0,0.0532531372207886,0.0053879296773775,2.158598562859474,0.0476535295536297,0.96042365180334,238149.0,225785.0,662.0,0.9480829228760146,0.0027797723274084,6774.0,534.0,182.0,4012.0,26.0,160.0,0.0,1595.0,6748.0,374.0,182.0,2417.0,0.0038382049010924,0.9961617950989076,0.299625468164794,0.700374531835206,0.0,1.0,0.3975573280159521,0.6024426719840479
1,inactive,6,green,6,3-6,12.0,33.0,2.75,7978.28,2821.7200000000003,89.0,89.64359550561798,0.0116949945423358,0.0042527252881221,1.0,5.72,5.72,0.0020271323873382,0.0003543937740101,1.0,4.72,4.72,0.001672738613328,0.0003543937740101,8,8351.32,1043.915,2.9596558127666808,0.0028351501920814,,,,,,1.0,1.52,1.52,0.0005386785364954,0.0003543937740101,4.0,7.88,1.97,0.0027926229392002,0.0014175750960407,1.0,1.12,1.12,0.0003969210268913,0.0003543937740101,,,,,,4.0,20.24,5.06,0.007172929985966,0.0014175750960407,,,,,,,,,,,,,,,,,,,,22.44406259924691,354.0,0.0634013067775336,0.0146399628231995,1.8594868465109833,0.0637832377818473,0.125455395999603,199546.0,193880.33333333337,0.0,0.9716072150448184,0.0,240.0,29.0,263.0,837.0,12.0,0.0,0.0,772.0,228.0,29.0,263.0,65.0,0.05,0.95,0.0,1.0,0.0,1.0,0.9223416965352448,0.077658303464755
1,inactive,6,green,9,6-9,1.0,2.8,2.8,6419.08,4380.92,71.0,90.40957746478873,0.000639135158825,0.0002282625567232,1.0,3.84,3.84,0.0008765282178172,0.0002282625567232,1.0,9.92,9.92,0.0022643645626945,0.0002282625567232,9,7330.92,814.5466666666666,1.6733745423335735,0.0020543630105092,,,,,,5.0,20.32,4.064,0.0046382951526163,0.0011413127836162,3.0,243.32,81.10666666666667,0.0555408453019,0.0006847876701697,,,,,,2.0,17.32,8.66,0.0039535074824466,0.0004565251134464,6.0,14.4,2.4,0.0032869808168147,0.0013695753403394,6.0,16.08,2.6799999999999997,0.0036704619121097,0.0013695753403394,,,,,,,,,,,,,,,12.88150025186957,871.0,0.0147893229068536,0.0006114665018111,2.3163466575297735,0.0132508774003996,0.1988166869059467,160548.0,153384.0,0.0,0.955377830929068,0.0,6599.0,435.0,346.0,71.0,0.0,0.0,0.0,0.0,6599.0,435.0,346.0,71.0,0.0,1.0,0.0,1.0,0.0,1.0,0.0,1.0
1,inactive,6,green,12,9-12,2.0,16.92,8.46,9139.4,1660.6000000000004,123.0,74.3040650406504,0.010189088281344,0.0012043839576056,8.0,42.8,5.35,0.0257738166927616,0.0048175358304227,2.0,10.12,5.06,0.0060941828254847,0.0012043839576056,10,10747.4,1074.74,6.4719980729856665,0.0060219197880284,,,,,,33.0,511.76,15.507878787878788,0.3081777670721425,0.0198723353004937,13.0,39.76,3.0584615384615383,0.023943153077201,0.0078284957244369,9.0,64.76,7.195555555555556,0.038997952547272,0.0054197278092255,3.0,10.8,3.6,0.0065036733710706,0.0018065759364085,6.0,15.44,2.5733333333333333,0.0092978441527158,0.003613151872817,9.0,22.04,2.448888888888889,0.0132723112128146,0.0054197278092255,,,,,,,,,,,,,,,44.973826476304346,1565.0,0.0287372693139324,0.0022341444981292,1.988675331990713,0.0258933738923683,0.942430446826448,228608.0,204019.3333333333,0.0,0.8924417926465098,0.0,13834.0,1901.0,1333.0,425.0,2080.0,406.0,34.0,28.0,11754.0,1495.0,1299.0,397.0,0.1503541997976001,0.8496458002023999,0.2135718043135192,0.7864281956864808,0.0255063765941485,0.9744936234058514,0.0658823529411764,0.9341176470588236
1,inactive,6,red,3,0-3,,,,10387.76,412.2399999999998,42.0,247.32761904761907,,,,,,,,,,,,,6,10794.84,1799.14,26.18581408888028,0.0145546283718222,,,,,,1.0,5.08,5.08,0.0123229186881428,0.0024257713953037,,,,,,,,,,,,,,,,6.0,23.28,3.88,0.0564719580826703,0.0145546283718222,1.0,2.56,2.56,0.0062099747719774,0.0024257713953037,,,,,,,,,,,,,,,9.503270822321111,371.0,0.0256152852353668,0.005855359443102,2.0781179283994007,0.0226687960960891,0.8999611876576756,259736.0,232511.66666666663,6718.0,0.8951845976940688,0.0258647241814765,128.0,0.0,0.0,0.0,0.0,0.0,0.0,0.0,128.0,0.0,0.0,0.0,0.0,1.0,0.0,0.0,0.0,0.0,0.0,0.0
1,inactive,6,red,6,3-6,,,,8385.36,2414.6399999999994,9.0,931.7066666666668,,,,,,,,,,,,,3,8405.36,2801.786666666667,3.4809992379816466,0.0012424212304939,,,,,,,,,,,,,,,,,,,,,,,,,,1.0,2.32,2.32,0.000960805751582,0.0004141404101646,,,,,,,,,,,,,,,,,,,,0.3442201905409757,11.0,0.0312927445946341,0.0047309164134193,0.9138923379529964,0.0429198181345451,0.0045555445118112,209643.0,197714.66666666663,439.0,0.9431016855638712,0.0020940360517641,,,,,,,,,,,,,,,,,,,,
1,inactive,6,red,9,6-9,,,,6855.48,3944.52,6.0,1142.58,,,,,,,,,,,,,3,7357.68,2452.56,1.8652915944145296,0.0007605488120227,,,,,,2.0,461.72,230.86,0.1170535324957155,0.0005070325413485,2.0,12.84,6.42,0.0032551489154573,0.0005070325413485,,,,,,1.0,1.24,1.24,0.000314360175636,0.0002535162706742,6.0,16.04,2.6733333333333333,0.004066400981615,0.0015210976240455,2.0,6.28,3.14,0.0015920821798343,0.0005070325413485,,,,,,,,,,,,,,,3.098515040511563,498.0,0.0062219177520312,0.0020155957871644,2.126204181708693,0.004799862499612,0.1262511027957774,171393.0,160820.66666666666,0.0,0.9383152559711696,0.0,11868.0,32.0,0.0,0.0,0.0,0.0,0.0,0.0,11868.0,32.0,0.0,0.0,0.0,1.0,0.0,1.0,0.0,0.0,0.0,0.0
1,inactive,6,red,12,9-12,,,,10177.6,622.3999999999996,17.0,598.6823529411765,,,,,,,,,,,,,3,10800.0,3600.0,17.352185089974302,0.0048200514138817,,,,,,21.0,431.0,20.52380952380953,0.6924807197943449,0.0337403598971722,1.0,12.44,12.44,0.0199871465295629,0.0016066838046272,3.0,39.88,13.293333333333337,0.0640745501285347,0.0048200514138817,,,,,,6.0,25.6,4.266666666666667,0.0411311053984576,0.0096401028277635,3.0,7.8,2.6,0.0125321336760925,0.0048200514138817,,,,,,,,,,,,,,,8.68905714966682,608.0,0.0142912124172151,0.0022605226166997,2.258346478342008,0.014334027581587,0.9768637532133682,254457.0,216538.66666666663,2943.0,0.8509833357567944,0.0115658048314646,11108.0,1000.0,0.0,0.0,981.0,0.0,0.0,0.0,10127.0,1000.0,0.0,0.0,0.0883147281238746,0.9116852718761254,0.0,1.0,0.0,0.0,0.0,0.0
1,inactive,6,yellow,3,0-3,14.0,163.92,11.708571428571428,9750.8,1049.2000000000007,63.0,154.77460317460316,0.1562333206252381,0.0133434998093785,1.0,1.24,1.24,0.0011818528402592,0.0009531071292413,1.0,4.32,4.32,0.0041174227983225,0.0009531071292413,31,10616.52,342.4683870967742,10.118680899733125,0.0295463210064811,,,,,,9.0,30.12,3.3466666666666667,0.0287075867327487,0.0085779641631719,2.0,4.8,2.4,0.0045749142203583,0.0019062142584826,2.0,20.36,10.18,0.0194052611513534,0.0019062142584826,4.0,17.36,4.34,0.0165459397636294,0.0038124285169653,5.0,15.4,3.08,0.0146778497903164,0.0047655356462066,,,,,,,,,,,,,,,,,,,,42.37112565515342,982.0,0.0431477857995452,0.0095385382055245,2.170572519427288,0.0422267168133411,0.9359512009149822,243833.0,228287.3333333333,1568.0,0.936244615508702,0.0064306308005889,884.0,949.0,141.0,4112.0,26.0,160.0,0.0,1603.0,858.0,789.0,141.0,2509.0,0.0294117647058823,0.9705882352941176,0.1685985247629083,0.8314014752370916,0.0,1.0,0.3898346303501945,0.6101653696498055
1,inactive,6,yellow,6,3-6,3.0,342.56,114.18666666666668,7450.72,3349.2799999999997,22.0,338.6690909090909,0.1022786987053934,0.0008957148999187,,,,,,,,,,,21,8052.44,383.4495238095238,2.4042301629006833,0.0062700042994315,,,,,,6.0,48.56,8.093333333333334,0.0144986385133521,0.0017914297998375,9.0,71.84,7.982222222222223,0.0214493861367219,0.0026871446997563,1.0,2.04,2.04,0.0006090861319447,0.0002985716333062,2.0,12.48,6.24,0.0037261739836621,0.0005971432666125,12.0,57.32,4.776666666666666,0.0171141260211149,0.0035828595996751,1.0,2.12,2.12,0.0006329718626092,0.0002985716333062,,,,,,,,,,,,,,,25.302402013459012,932.0,0.027148500014441,0.004129951491212,2.224851791401493,0.0286385642964153,0.278268762241437,186290.0,185237.6666666667,0.0,0.9943511013294684,0.0,3025.0,366.0,0.0,8567.0,12.0,0.0,0.0,772.0,3013.0,366.0,0.0,7795.0,0.0039669421487603,0.9960330578512396,0.0,1.0,0.0,0.0,0.0901132251663359,0.909886774833664
1,inactive,6,yellow,9,6-9,,,,6785.24,4014.76,87.0,77.99126436781609,,,,,,,,,,,,,3,7357.68,2452.56,1.832657493847702,0.0007472426745309,,,,,,,,,,,1.0,2.32,2.32,0.0005778676683039,0.0002490808915103,,,,,,,,,,,1.0,2.16,2.16,0.0005380147256623,0.0002490808915103,,,,,,,,,,,,,,,,,,,,2.2631073258183827,502.0,0.004508181923941,0.0,0.3269262788934988,0.0057303623934033,0.1250386075381841,169718.0,159974.0,0.0,0.9425871150968076,0.0,59.0,0.0,0.0,0.0,0.0,0.0,0.0,0.0,59.0,0.0,0.0,0.0,0.0,1.0,0.0,0.0,0.0,0.0,0.0,0.0
1,inactive,6,yellow,12,9-12,2.0,8.16,4.08,9269.72,1530.2800000000009,97.0,95.5641237113402,0.005332357477063,0.0013069503620252,2.0,2.64,1.32,0.0017251744778733,0.0013069503620252,,,,,,5,10791.52,2158.304,7.051990485401361,0.0032673759050631,,,,,,37.0,336.04,9.082162162162165,0.2195937998274824,0.0241785816974671,10.0,22.12,2.212,0.0144548710039992,0.0065347518101262,5.0,30.8,6.16,0.0201270355751888,0.0032673759050631,1.0,2.24,2.24,0.0014637844054682,0.0006534751810126,2.0,7.28,3.64,0.0047572993177719,0.0013069503620252,8.0,22.52,2.815,0.0147162610764043,0.0052278014481009,,,,,,,,,,,,,,,28.61621555814864,1441.0,0.0198585812339685,0.0005886789659548,1.2781003519787992,0.0194113951970548,0.9416577358391924,231840.0,204023.66666666663,746.0,0.8800192661605704,0.0032177363699102,9001.0,832.0,68.0,206.0,290.0,370.0,34.0,28.0,8711.0,462.0,34.0,178.0,0.0322186423730696,0.9677813576269304,0.4447115384615384,0.5552884615384616,0.5,0.5,0.1359223300970873,0.8640776699029126
1,inactive,7,blue,3,0-3,3.0,7.16,2.3866666666666667,9261.16,1538.84,142.0,65.21943661971831,0.0046528553975721,0.0019495204179771,2.0,3.04,1.52,0.0019755140235502,0.0012996802786514,3.0,4.04,1.346666666666667,0.0026253541628759,0.0019495204179771,21,10717.68,510.3657142857143,6.964778664448546,0.0136466429258402,,,,,,7.0,132.0,18.857142857142858,0.0857788983909958,0.00454888097528,10.0,41.0,4.1,0.0266434457123547,0.0064984013932572,10.0,77.24,7.723999999999999,0.050193652361519,0.0064984013932572,,,,,,31.0,128.72,4.152258064516129,0.0836474227340074,0.0201450443190975,,,,,,,,,,,,,,,,,,,,48.88201032828766,1408.0,0.0347173368808861,0.0056012148090944,2.0933017059172747,0.0295980800024223,0.914974916170622,231671.0,160403.3333333333,7721.0,0.6923755382992836,0.0333274341631019,4342.0,1941.0,182.0,182.0,0.0,0.0,0.0,0.0,4342.0,1941.0,182.0,182.0,0.0,1.0,0.0,1.0,0.0,1.0,0.0,1.0
1,inactive,7,blue,6,3-6,,,,10791.32,8.680000000000291,5.0,2158.264,,,,,,,,,,,,,4,10799.96,2699.99,1244.235023041433,0.4608294930875422,,,,,,,,,,,,,,,,1.0,1.8,1.8,0.2073732718893939,0.1152073732718855,,,,,,,,,,,,,,,,,,,,,,,,,,,,,,0.1264266200545042,5.0,0.0252853240109008,0.0098960221356669,1.0334441536606709,0.0450301090984226,0.5760368663594276,269788.0,268060.6666666667,0.0,0.993597441942068,0.0,0.0,46.0,0.0,0.0,0.0,0.0,0.0,0.0,0.0,46.0,0.0,0.0,0.0,0.0,0.0,1.0,0.0,0.0,0.0,0.0
1,inactive,7,blue,9,6-9,,,,9281.56,1518.4400000000005,12.0,773.4633333333333,,,,,,,,,,,,,3,9710.0,3236.6666666666665,6.394720897763492,0.0019757119148599,,,,,,4.0,132.68,33.17,0.0873791522878743,0.0026342825531466,4.0,117.56,29.39,0.07742156423698,0.0026342825531466,3.0,18.32,6.1066666666666665,0.0120650140934116,0.0019757119148599,1.0,1.68,1.68,0.0011063986723215,0.0006585706382866,5.0,18.56,3.712,0.0122230710466004,0.0032928531914333,3.0,7.56,2.52,0.0049787940254471,0.0019757119148599,,,,,,,,,,,,,,,8.218295552011277,417.0,0.0197081428105786,0.0025408832421857,2.2063269230718903,0.0174761028811115,0.2746239561655382,232051.0,229221.3333333333,0.0,0.987805841531962,0.0,6264.0,504.0,0.0,0.0,0.0,0.0,0.0,0.0,6264.0,504.0,0.0,0.0,0.0,1.0,0.0,1.0,0.0,0.0,0.0,0.0
1,inactive,7,blue,12,9-12,1.0,7.32,7.32,10328.92,471.0799999999999,27.0,382.5525925925926,0.0155387619937165,0.0021227816931306,,,,,,,,,,,5,10787.52,2157.504,22.89954997028106,0.0106139084656533,,,,,,5.0,312.88,62.576,0.6641759361467268,0.0106139084656533,5.0,13.56,2.712,0.028784919758852,0.0106139084656533,3.0,18.48,6.16,0.0392290056890549,0.006368345079392,,,,,,4.0,13.6,3.4,0.0288698310265772,0.0084911267725227,4.0,14.12,3.53,0.0299736775070051,0.0084911267725227,,,,,,,,,,,,,,,10.94710278350585,447.0,0.024490162826635,0.0024121476039149,2.036307311718888,0.0212161420104218,0.9488834168294136,258250.0,226598.0,2336.0,0.8774365924491772,0.0090454985479186,8171.0,465.0,0.0,184.0,0.0,30.0,0.0,0.0,8171.0,435.0,0.0,184.0,0.0,1.0,0.064516129032258,0.935483870967742,0.0,0.0,0.0,1.0
1,inactive,7,green,3,0-3,21.0,194.2,9.247619047619049,3835.48,6964.52,162.0,23.675802469135803,0.0278841901523723,0.0030152831781659,7.0,35.32,5.045714285714285,0.0050714191358485,0.0010050943927219,26.0,174.28,6.703076923076923,0.025023978680512,0.0037332077443958,126,8487.28,67.35936507936509,1.218645362494472,0.0180916990689954,,,,,,8.0,21.52,2.69,0.0030899473330538,0.0011486793059679,37.0,1160.28,31.358918918918917,0.1665987031410635,0.0053126417901018,15.0,53.68,3.5786666666666664,0.007707638143045,0.0021537736986899,11.0,119.08,10.825454545454546,0.0170980914693331,0.0015794340457059,103.0,447.88,4.348349514563107,0.0643088109446164,0.0147892460643375,18.0,52.64,2.9244444444444446,0.0075583098332691,0.0025845284384279,,,,,,,,,,,,,,,213.9480042372603,6833.0,0.0313109914001551,0.0051550198783995,2.155629771189812,0.028746977654831,0.9811157122098866,96049.0,80213.33333333333,67.0,0.8351292916462777,0.0006975606201001,29590.0,4345.0,5273.0,4876.0,101.0,45.0,0.0,0.0,29489.0,4300.0,5273.0,4876.0,0.003413315309226,0.996586684690774,0.0103567318757192,0.9896432681242808,0.0,1.0,0.0,1.0
1,inactive,7,green,6,3-6,,,,10622.32,177.6800000000003,17.0,624.8423529411765,,,,,,,,,,,,,7,10780.84,1540.12,60.67559657811787,0.039396668167492,,,,,,,,,,,,,,,,2.0,5.76,2.88,0.0324178298063934,0.0112561909049977,,,,,,1.0,4.44,4.44,0.0249887438090949,0.0056280954524988,,,,,,,,,,,,,,,,,,,,3.459399878920999,164.0,0.0210939017007378,0.0108204087767712,2.127259176346657,0.0185788026550709,0.923007654209814,265575.0,265382.6666666666,0.0,0.99927578524585,0.0,0.0,146.0,0.0,0.0,0.0,28.0,0.0,0.0,0.0,118.0,0.0,0.0,0.0,0.0,0.1917808219178082,0.8082191780821918,0.0,0.0,0.0,0.0
1,inactive,7,green,9,6-9,,,,9659.72,1140.2800000000009,10.0,965.972,,,,,,,,1.0,2.32,2.32,0.0020345879959308,0.0008769775844529,4,9707.6,2426.9,8.513347598835367,0.0035079103378117,,,,,,1.0,6.76,6.76,0.0059283684709018,0.0008769775844529,1.0,4.32,4.32,0.0037885431648367,0.0008769775844529,2.0,6.88,3.44,0.0060336057810362,0.0017539551689058,1.0,2.12,2.12,0.0018591924790402,0.0008769775844529,,,,,,1.0,2.28,2.28,0.0019995088925527,0.0008769775844529,,,,,,,,,,,,,,,2.4096780870922965,41.0,0.0587726362705438,0.0186212382140417,2.033468221891399,0.0489862709385981,0.0359560809625705,241503.0,235553.6666666667,0.0,0.9753653853851368,0.0,279.0,228.0,59.0,0.0,0.0,0.0,0.0,0.0,279.0,228.0,59.0,0.0,0.0,1.0,0.0,1.0,0.0,1.0,0.0,0.0
1,inactive,7,green,12,9-12,6.0,239.8,39.96666666666667,8503.72,2296.2800000000007,87.0,97.743908045977,0.1044297733725852,0.0026129217691222,2.0,19.6,9.8,0.0085355444457992,0.0008709739230407,6.0,57.04,9.506666666666666,0.024840176285122,0.0026129217691222,22,10343.6,470.1636363636364,4.50450293518212,0.0095807131534481,,,,,,20.0,67.76,3.3880000000000003,0.0295085965126204,0.0087097392304074,16.0,669.4,41.8375,0.291514972041737,0.0069677913843259,5.0,12.56,2.512,0.0054697162366958,0.0021774348076018,6.0,74.6,12.433333333333332,0.0324873273294197,0.0026129217691222,21.0,75.12,3.5771428571428574,0.0327137805494103,0.0091452261919278,7.0,18.4,2.628571428571429,0.0080129600919748,0.0030484087306426,,,,,,,,,,,,,,,39.49509141027735,2229.0,0.0177187489503263,0.0036483230531217,2.192651779409347,0.0169698112839704,0.9707004372289092,212680.0,199395.6666666667,0.0,0.9375383988464674,0.0,18465.0,2190.0,1924.0,6001.0,54.0,30.0,0.0,0.0,18411.0,2160.0,1924.0,6001.0,0.0029244516653127,0.9970755483346871,0.0136986301369863,0.9863013698630136,0.0,1.0,0.0,1.0
1,inactive,7,red,3,0-3,12.0,518.0,43.166666666666664,8581.0,2219.0,144.0,59.59027777777778,0.2334384858044164,0.0054078413699864,1.0,6.08,6.08,0.0027399729607931,0.0004506534474988,2.0,4.32,2.16,0.0019468228931951,0.0009013068949977,34,10104.76,297.19882352941175,4.553744930148715,0.0153222172149616,,,,,,8.0,20.48,2.56,0.0092293826047769,0.0036052275799909,8.0,43.32,5.415,0.0195223073456511,0.0036052275799909,6.0,88.16,14.693333333333332,0.0397296079315006,0.0027039206849932,,,,,,39.0,144.44,3.703589743589744,0.0650923839567372,0.017575484452456,3.0,8.04,2.6799999999999997,0.0036232537178909,0.0013519603424966,,,,,,,,,,,,,,,68.97868810506186,2076.0,0.0332267283743072,0.0077280867935164,2.114995639423607,0.0308397976661793,0.9355565570076612,214669.0,155121.66666666666,2312.0,0.7226086051859685,0.0107700692694334,1611.0,2210.0,263.0,12962.0,41.0,0.0,0.0,0.0,1570.0,2210.0,263.0,12962.0,0.0254500310366232,0.9745499689633768,0.0,1.0,0.0,1.0,0.0,1.0
1,inactive,7,red,6,3-6,,,,10787.84,12.159999999999854,6.0,1797.9733333333334,,,,,,,,,,,,,4,10799.96,2699.99,888.1546052631685,0.3289473684210565,,,,,,,,,,,,,,,,1.0,1.04,1.04,0.0855263157894747,0.0822368421052641,,,,,,,,,,,,,,,,,,,,,,,,,,,,,,0.2121507456535957,7.0,0.0303072493790851,0.0222089224285377,2.0260638724401967,0.0213703834117843,0.575657894736849,269702.0,268003.3333333333,0.0,0.993701690507795,0.0,0.0,27.0,0.0,0.0,0.0,0.0,0.0,0.0,0.0,27.0,0.0,0.0,0.0,0.0,0.0,1.0,0.0,0.0,0.0,0.0
1,inactive,7,red,9,6-9,,,,9421.0,1379.0,7.0,1345.857142857143,,,1.0,9.12,9.12,0.0066134880348078,0.0007251631617113,,,,,,4,9697.32,2424.33,7.032139231327048,0.0029006526468455,,,,,,2.0,25.48,12.74,0.018477157360406,0.0014503263234227,4.0,132.92,33.23,0.0963886874546773,0.0029006526468455,2.0,7.12,3.56,0.005163161711385,0.0014503263234227,,,,,,2.0,6.16,3.08,0.0044670050761421,0.0014503263234227,2.0,5.16,2.58,0.0037418419144307,0.0014503263234227,,,,,,,,,,,,,,,7.604817089708595,283.0,0.0268721451933165,0.0041643912967542,2.054477454793608,0.0228553876640759,0.2052211747643219,235532.0,231492.3333333333,23.0,0.9828487565737704,9.76512745614184e-05,3966.0,180.0,229.0,0.0,0.0,0.0,0.0,0.0,3966.0,180.0,229.0,0.0,0.0,1.0,0.0,1.0,0.0,1.0,0.0,0.0
1,inactive,7,red,12,9-12,1.0,17.48,17.48,9940.8,859.2000000000007,26.0,382.3384615384615,0.0203445065176908,0.0011638733705772,,,,,,1.0,2.68,2.68,0.0031191806331471,0.0011638733705772,9,10765.92,1196.2133333333334,12.530167597765352,0.0104748603351955,,,,,,12.0,547.72,45.64333333333334,0.6374767225325879,0.0139664804469273,4.0,28.52,7.13,0.033193668528864,0.0046554934823091,6.0,48.88,8.146666666666667,0.0568901303538174,0.0069832402234636,1.0,10.28,10.28,0.0119646182495344,0.0011638733705772,9.0,24.88,2.7644444444444445,0.0289571694599627,0.0104748603351955,3.0,7.16,2.3866666666666667,0.0083333333333333,0.0034916201117318,,,,,,,,,,,,,,,15.28827617470744,830.0,0.0184196098490451,0.0026557514923468,2.0962262599972536,0.014294490798562,0.9660148975791426,248546.0,222461.66666666663,361.0,0.8950522907899007,0.0014524474342777,14422.0,1486.0,68.0,438.0,74.0,0.0,0.0,0.0,14348.0,1486.0,68.0,438.0,0.0051310497850506,0.9948689502149494,0.0,1.0,0.0,1.0,0.0,1.0
1,inactive,7,yellow,3,0-3,,,,9972.76,827.2399999999998,156.0,63.92794871794872,,,,,,,,,,,,,5,10794.8,2158.96,13.049175571780864,0.0060441951549731,,,,,,4.0,11.64,2.91,0.0140708863207775,0.0048353561239785,33.0,163.36,4.950303030303031,0.1974759441032832,0.0398916880228228,3.0,14.84,4.946666666666666,0.0179391712199603,0.0036265170929838,,,,,,2.0,5.36,2.68,0.0064793772061312,0.0024176780619892,,,,,,,,,,,,,,,,,,,,22.02050047832899,698.0,0.031547994954626,0.0057343602622669,2.000948250780482,0.032534138193057,0.8437696436342539,249475.0,171404.99999999997,6134.0,0.6870628319470887,0.024587634031466,4412.0,374.0,0.0,0.0,60.0,45.0,0.0,0.0,4352.0,329.0,0.0,0.0,0.013599274705349,0.986400725294651,0.1203208556149732,0.8796791443850267,0.0,0.0,0.0,0.0
1,inactive,7,yellow,6,3-6,,,,10772.52,27.479999999999563,12.0,897.71,,,,,,,,,,,,,4,10799.96,2699.99,393.01164483261175,0.1455604075691435,,,,,,,,,,,,,,,,1.0,5.08,5.08,0.1848617176128122,0.0363901018922858,,,,,,1.0,2.76,2.76,0.100436681222709,0.0363901018922858,,,,,,,,,,,,,,,,,,,,0.7646220379509117,19.0,0.0402432651553111,0.0114352770818819,1.9947498998109208,0.0509271135541102,0.6914119359534316,269325.0,267882.6666666666,0.0,0.994644636282063,0.0,0.0,128.0,0.0,0.0,0.0,28.0,0.0,0.0,0.0,100.0,0.0,0.0,0.0,0.0,0.21875,0.78125,0.0,0.0,0.0,0.0
1,inactive,7,yellow,9,6-9,,,,9694.16,1105.84,7.0,1384.88,,,,,,,,,,,,,3,9710.0,3236.6666666666665,8.78065542935687,0.0027128698545901,,,,,,,,,,,,,,,,1.0,1.88,1.88,0.0017000651088765,0.00090428995153,,,,,,,,,,,,,,,,,,,,,,,,,,,,,,0.7032936176793881,9.0,0.0781437352977098,0.0100282475849446,1.6195312657692762,0.0267814682593844,0.0081386095637705,242361.0,236148.6666666667,0.0,0.9743674381054158,0.0,0.0,48.0,0.0,0.0,0.0,0.0,0.0,0.0,0.0,48.0,0.0,0.0,0.0,0.0,0.0,1.0,0.0,0.0,0.0,0.0
1,inactive,7,yellow,12,9-12,,,,9995.84,804.1599999999999,51.0,195.99686274509804,,,1.0,4.08,4.08,0.0050736171906088,0.0012435336251492,,,,,,4,10797.76,2699.44,13.427377636291288,0.0049741345005968,,,,,,22.0,110.16,5.007272727272727,0.1369876641464385,0.0273577397532829,13.0,349.52,26.88615384615385,0.4346398726621568,0.0161659371269399,,,,,,,,,,,5.0,10.64,2.128,0.0132311977715877,0.0062176681257461,1.0,2.28,2.28,0.0028352566653402,0.0012435336251492,,,,,,,,,,,,,,,9.350595177717304,759.0,0.0123196247400755,0.0026297339512479,2.1930421948455203,0.0112144357864298,0.9438420214882612,249947.0,223570.6666666667,2.0,0.8944722947931629,8.001696359628242e-06,11527.0,0.0,103.0,0.0,128.0,0.0,0.0,0.0,11399.0,0.0,103.0,0.0,0.0111043636679101,0.98889563633209,0.0,0.0,0.0,1.0,0.0,0.0
1,inactive,8,blue,3,0-3,26.0,712.08,27.38769230769231,6988.16,3811.84,110.0,63.528727272727274,0.1868074210879785,0.0068208529214237,10.0,60.24,6.024,0.0158033915379449,0.0026234049697783,7.0,22.88,3.268571428571428,0.0060023505708529,0.0018363834788448,67,9585.92,143.0734328358209,2.5147750167897915,0.0175768132975151,1.0,3.8,3.8,0.0009968938885157,0.0002623404969778,27.0,496.6,18.392592592592592,0.1302782907991941,0.0070831934184016,15.0,483.48,32.232,0.1268363834788448,0.0039351074546675,6.0,70.88,11.813333333333333,0.0185946944257891,0.001574042981867,2.0,2.16,1.08,0.0005666554734721,0.0005246809939556,43.0,157.76,3.668837209302325,0.0413868368032236,0.011280641370047,5.0,12.4,2.48,0.0032530221625251,0.0013117024848891,6.2,6.0,1.0333333333333334,3.8,4.0,0.95,0.0016265110812625,0.001574042981867,0.0009968938885157,0.0010493619879113,0.62,0.38,0.6,0.4,86.85872313303642,3642.0,0.0238491826285108,0.0049867270403064,2.1343013609524912,0.0213033260550546,0.955444089993284,174814.0,116301.66666666666,37957.0,0.6652880585460356,0.2171279188165707,24544.0,1834.0,2095.0,17828.0,4810.0,307.0,0.0,2662.0,19734.0,1527.0,2095.0,15166.0,0.1959745762711864,0.8040254237288136,0.1673936750272628,0.8326063249727372,0.0,1.0,0.1493156831949742,0.8506843168050258
1,inactive,8,blue,6,3-6,,,,7068.4,3731.6,5.0,1413.6799999999998,,,,,,,,1.0,2.76,2.76,0.0007396291135169,0.0002679815628684,5,7096.6,1419.3200000000002,1.9017579590524176,0.0013399078143423,,,,,,,,,,,,,,,,,,,,,,,,,,,,,,,,,,,,,,,,,,,,,,,,,,1.764450206142906,27.0,0.0653500076349224,0.0529181515262609,1.6781857889663256,0.0652689042332862,0.0072355021974488,176715.0,166466.0,1474.0,0.9420026596497184,0.0083411142234671,0.0,0.0,70.0,0.0,0.0,0.0,0.0,0.0,0.0,0.0,70.0,0.0,0.0,0.0,0.0,0.0,0.0,1.0,0.0,0.0
1,inactive,8,blue,9,6-9,2.0,22.6,11.3,10237.2,562.7999999999993,12.0,853.1,0.0401563610518834,0.0035536602700781,1.0,1.76,1.76,0.0031272210376688,0.001776830135039,,,,,,8,10611.92,1326.49,18.85557924662405,0.0142146410803127,,,,,,2.0,269.64,134.82,0.4791044776119409,0.0035536602700781,3.0,10.08,3.36,0.017910447761194,0.0053304904051172,,,,,,,,,,,3.0,9.92,3.306666666666666,0.0176261549395877,0.0053304904051172,2.0,6.6,3.3,0.011727078891258,0.0035536602700781,,,,,,,,,,,,,,,8.541835672346627,419.0,0.0203862426547652,0.0021913799885618,2.1021700048816134,0.0188788538072079,0.7444918265813798,255942.0,253820.0,0.0,0.9917090590836988,0.0,6998.0,0.0,45.0,567.0,0.0,0.0,0.0,0.0,6998.0,0.0,45.0,567.0,0.0,1.0,0.0,0.0,0.0,1.0,0.0,1.0
1,inactive,8,blue,12,9-12,,,,10076.16,723.8400000000001,13.0,775.0892307692308,,,,,,,,2.0,3.52,1.76,0.0048629531388152,0.002763041556145,5,10795.56,2159.112,14.914290450928378,0.0069076038903625,,,,,,18.0,432.72,24.040000000000003,0.5978116710875331,0.024867374005305,2.0,11.8,5.9,0.0163019451812555,0.002763041556145,,,,,,,,,,,5.0,12.84,2.568,0.0177387267904509,0.0069076038903625,3.0,8.84,2.9466666666666668,0.0122126436781609,0.0041445623342175,,,,,,,,,,,,,,,7.935706947614912,713.0,0.0111300237694458,0.0025209961313858,2.1578993320393653,0.010304271368013,0.985024314765694,251917.0,224680.3333333333,1248.0,0.89188237924925,0.0049540126311443,11133.0,0.0,90.0,0.0,1404.0,0.0,0.0,0.0,9729.0,0.0,90.0,0.0,0.126111560226354,0.8738884397736459,0.0,0.0,0.0,1.0,0.0,0.0
1,inactive,8,green,3,0-3,55.0,341.6,6.210909090909091,5496.08,5303.92,167.0,32.91065868263473,0.0644051946484864,0.010369688833919,37.0,230.96,6.242162162162162,0.0435451515105808,0.0069759724882728,12.0,76.0,6.333333333333333,0.0143290245705063,0.0022624775637641,100,9587.52,95.8752,1.8076290743450127,0.0188539796980346,8.0,16.96,2.12,0.0031976349567866,0.0015083183758427,52.0,241.2,4.638461538461538,0.0454757990316596,0.009804069442978,66.0,493.44,7.4763636363636365,0.0930330774219822,0.0124436266007028,18.0,123.4,6.855555555555556,0.0232658109473747,0.0033937163456462,9.0,28.36,3.151111111111111,0.0053469886423626,0.0016968581728231,53.0,273.0,5.150943396226415,0.0514713645756346,0.0099926092399583,2.0,6.08,3.04,0.0011463219656405,0.0003770795939606,3.2,3.0,1.0666666666666669,4.4,4.0,1.1,0.0006033273503371,0.000565619390941,0.0008295751067135,0.0007541591879213,0.4210526315789473,0.5789473684210527,0.4285714285714285,0.5714285714285714,352.13882604298936,5106.0,0.0689656925270249,0.013960940545882,2.1555148976274983,0.0662665434569904,0.9626842033816498,137569.0,115138.0,8712.0,0.8369472773662671,0.0633282207474067,18484.0,3821.0,7723.0,8595.0,3641.0,464.0,1682.0,4545.0,14843.0,3357.0,6041.0,4050.0,0.1969811729062973,0.8030188270937026,0.1214341795341533,0.8785658204658466,0.2177910138547196,0.7822089861452803,0.5287958115183246,0.4712041884816754
1,inactive,8,green,6,3-6,9.0,79.48,8.831111111111111,6535.84,4264.16,48.0,136.16333333333333,0.0186390754568308,0.0021106149863044,8.0,30.92,3.865,0.007251135041837,0.0018761022100484,3.0,11.84,3.946666666666667,0.0027766312708716,0.0007035383287681,12,7006.52,583.8766666666667,1.6431184570935429,0.0028141533150726,3.0,3.72,1.24,0.0008723875276725,0.0007035383287681,,,,,,6.0,19.4,3.233333333333333,0.0045495478593673,0.0014070766575363,1.0,17.48,17.48,0.0040992833289557,0.000234512776256,2.0,4.64,2.32,0.001088139281828,0.0004690255525121,6.0,19.68,3.28,0.004615211436719,0.0014070766575363,,,,,,,,,,,,,,,,,,,,35.54616391930268,522.0,0.0680960994622656,0.0169773513929843,2.057092418312405,0.0565296073758329,0.1224156692056583,163444.0,160961.6666666667,0.0,0.9848123312367948,0.0,491.0,556.0,1080.0,1996.0,129.0,13.0,222.0,353.0,362.0,543.0,858.0,1643.0,0.2627291242362525,0.7372708757637475,0.0233812949640287,0.9766187050359711,0.2055555555555555,0.7944444444444444,0.1768537074148296,0.8231462925851704
1,inactive,8,green,9,6-9,1.0,25.12,25.12,10540.64,259.3600000000006,23.0,458.2886956521739,0.0968537939543489,0.0038556446637877,1.0,1.16,1.16,0.0044725478099938,0.0038556446637877,2.0,8.96,4.48,0.0345465761875384,0.0077112893275755,5,10636.44,2127.288,41.010333127698864,0.0192782233189388,,,,,,,,,,,3.0,5.88,1.96,0.0226711906230721,0.0115669339913633,1.0,2.2,2.2,0.0084824182603331,0.0038556446637877,,,,,,,,,,,,,,,,,,,,,,,,,,,,,,9.096165865943693,107.0,0.085010895943399,0.0214906636869581,1.992372657631673,0.0690041656296196,0.4125539790252921,263539.0,259449.66666666663,0.0,0.9844830050454264,0.0,150.0,56.0,256.0,629.0,0.0,56.0,0.0,0.0,150.0,0.0,256.0,629.0,0.0,1.0,1.0,0.0,0.0,1.0,0.0,1.0
1,inactive,8,green,12,9-12,8.0,46.04,5.755,9150.32,1649.6800000000003,94.0,97.34382978723404,0.0279084428495223,0.0048494253430968,13.0,55.28,4.252307692307692,0.0335095291207991,0.0078803161825323,7.0,28.52,4.074285714285714,0.0172882013481402,0.0042432471752097,19,10714.64,563.9284210526315,6.494980844769893,0.011517385189855,6.0,11.68,1.9466666666666663,0.0070801610009213,0.0036370690073226,39.0,518.72,13.300512820512822,0.3144367392463992,0.0236409485475971,30.0,166.8,5.5600000000000005,0.1011105184035691,0.0181853450366131,11.0,49.6,4.509090909090909,0.0300664371272004,0.0066679598467581,6.0,14.36,2.393333333333333,0.0087047184908588,0.0036370690073226,14.0,61.88,4.42,0.037510305028854,0.0084864943504194,2.0,4.4,2.2,0.0026671839387032,0.0012123563357742,1.8,2.0,0.9,0.0,0.0,0.0,0.0010911207021967,0.0012123563357742,0.0,0.0,1.0,0.0,1.0,0.0,98.95746622647532,1577.0,0.0627504541702443,0.0080792747797383,2.1145979061460727,0.0614464373200038,0.955942970757965,228852.0,215339.66666666663,79.0,0.940956018154382,0.0003452012654466,17207.0,1616.0,2115.0,1159.0,2506.0,194.0,496.0,318.0,14701.0,1422.0,1619.0,841.0,0.1456384029755332,0.8543615970244668,0.120049504950495,0.879950495049505,0.23451536643026,0.76548463356974,0.274374460742019,0.725625539257981
1,inactive,8,red,3,0-3,45.0,940.36,20.89688888888889,5903.2,4896.8,90.0,65.5911111111111,0.1920356150955726,0.0091896748897239,17.0,141.92,8.348235294117647,0.0289821924522136,0.0034716549583401,1.0,2.28,2.28,0.0004656101944126,0.0002042149975494,112,8709.44,77.76285714285714,1.7785982682568209,0.022872079725535,3.0,7.36,2.4533333333333336,0.0015030223819637,0.0006126449926482,30.0,841.84,28.061333333333337,0.1719163535370037,0.0061264499264826,20.0,96.88,4.843999999999999,0.0197843489625878,0.0040842999509884,13.0,80.56,6.196923076923077,0.0164515602025812,0.0026547949681424,4.0,15.48,3.87,0.003161248162065,0.0008168599901976,71.0,276.16,3.889577464788733,0.0563960137232478,0.0144992648260088,4.0,10.12,2.53,0.0020666557752001,0.0008168599901976,2.6,3.0,0.8666666666666667,3.8,4.0,0.95,0.0005309589936284,0.0006126449926482,0.0007760169906877,0.0008168599901976,0.40625,0.5937499999999999,0.4285714285714285,0.5714285714285714,148.71700981013564,4752.0,0.0312956670475874,0.0069829578650332,2.143286094670909,0.0281726911723105,0.970429668354844,147670.0,118004.0,12358.0,0.7991061149861177,0.0836865984966479,23518.0,2418.0,3623.0,23554.0,1951.0,141.0,597.0,6917.0,21567.0,2277.0,3026.0,16637.0,0.0829577345012331,0.9170422654987668,0.0583126550868486,0.9416873449131512,0.1647805685895666,0.8352194314104333,0.293665619427698,0.7063343805723019
1,inactive,8,red,6,3-6,2.0,14.72,7.36,6911.88,3888.12,15.0,460.792,0.0037858913819532,0.0005143874160262,,,,,,,,,,,6,7066.76,1177.7933333333333,1.8175262080388463,0.0015431622480787,,,,,,1.0,2.04,2.04,0.0005246751643467,0.0002571937080131,1.0,6.16,6.16,0.0015843132413608,0.0002571937080131,1.0,1.04,1.04,0.0002674814563336,0.0002571937080131,,,,,,2.0,9.88,4.94,0.0025410738351696,0.0005143874160262,,,,,,,,,,,,,,,,,,,,9.91954543069902,176.0,0.0563610535835171,0.0183504144000151,1.5454293879844228,0.0463370172814932,0.0452660926103103,172812.0,165070.3333333333,0.0,0.9552017992577676,0.0,207.0,27.0,0.0,370.0,0.0,0.0,0.0,28.0,207.0,27.0,0.0,342.0,0.0,1.0,0.0,1.0,0.0,0.0,0.0756756756756756,0.9243243243243244
1,inactive,8,red,9,6-9,,,,10643.72,156.28000000000063,6.0,1773.9533333333331,,,,,,,,,,,,,4,10666.12,2666.53,68.25006398771409,0.0255950857435371,,,,,,,,,,,,,,,,1.0,1.68,1.68,0.0107499360122855,0.0063987714358842,,,,,,,,,,,,,,,,,,,,,,,,,,,,,,1.963768887690082,17.0,0.115515816922946,0.07309195486991,1.2440403734681575,0.083727452738963,0.1087791144100328,266099.0,260581.6666666667,0.0,0.9792658622041672,0.0,0.0,43.0,0.0,0.0,0.0,0.0,0.0,0.0,0.0,43.0,0.0,0.0,0.0,0.0,0.0,1.0,0.0,0.0,0.0,0.0
1,inactive,8,red,12,9-12,1.0,8.24,8.24,10205.72,594.2800000000007,7.0,1457.9599999999998,0.0138655179376724,0.0016827084875816,1.0,4.0,4.0,0.0067308339503264,0.0016827084875816,1.0,2.96,2.96,0.0049808171232415,0.0016827084875816,7,10768.4,1538.3428571428572,18.120078077673803,0.0117789594130712,1.0,1.88,1.88,0.0031634919566534,0.0016827084875816,17.0,218.48,12.851764705882353,0.36763815036683,0.0286060442888873,6.0,175.88,29.313333333333333,0.2959547687958535,0.0100962509254896,2.0,2.92,1.46,0.0049135087837382,0.0033654169751632,1.0,6.04,6.04,0.0101635592649929,0.0016827084875816,4.0,16.72,4.18,0.0281348859123645,0.0067308339503264,,,,,,0.0,0.0,0.0,1.0,1.0,1.0,0.0,0.0,0.0016827084875816,0.0016827084875816,0.0,1.0,0.0,1.0,16.965875456683595,588.0,0.0288535296882374,0.0042461591893669,2.2234562139669105,0.0262235168685923,0.9894325906979864,255150.0,224649.3333333333,3458.0,0.8804598602129465,0.0135528120713305,9882.0,227.0,176.0,207.0,1109.0,0.0,0.0,0.0,8773.0,227.0,176.0,207.0,0.1122242461040275,0.8877757538959725,0.0,1.0,0.0,1.0,0.0,1.0
1,inactive,8,yellow,3,0-3,68.0,1124.2,16.53235294117647,5540.16,5259.84,129.0,42.946976744186045,0.2137327371174788,0.0129281499057005,21.0,125.96,5.998095238095238,0.0239474965017947,0.0039925168826428,6.0,16.04,2.6733333333333333,0.0030495224189328,0.0011407191093265,118,9388.96,79.56745762711864,1.785027681450386,0.0224341424834215,2.0,4.28,2.14,0.0008137129646529,0.0003802397031088,69.0,228.4,3.310144927536232,0.0434233740950295,0.0131182697572549,45.0,240.12,5.336,0.0456515787552473,0.0085553933199488,26.0,149.96,5.767692307692308,0.0285103729391008,0.0049431161404149,21.0,109.0,5.190476190476191,0.0207230638194317,0.0039925168826428,31.0,102.32,3.3006451612903223,0.0194530632110482,0.005893715398187,2.0,4.72,2.36,0.0008973656993368,0.0003802397031088,,,,,,,,,,,,,,,221.96347099492937,5063.0,0.043840306339113,0.0091343084394383,2.21178962713698,0.0411563376917124,0.962576808420028,138633.0,116989.66666666666,5616.0,0.8438803651848165,0.0405098353205946,11827.0,6521.0,3577.0,28173.0,3742.0,760.0,1635.0,7171.0,8085.0,5761.0,1942.0,21002.0,0.3163946901158366,0.6836053098841633,0.11654654194142,0.88345345805858,0.4570869443667878,0.5429130556332122,0.2545344833706031,0.745465516629397
1,inactive,8,yellow,6,3-6,4.0,80.52,20.13,6619.52,4180.48,24.0,275.81333333333333,0.0192609461114513,0.0009568279240661,5.0,18.6,3.72,0.0044492498469075,0.0011960349050826,,,,,,11,7024.08,638.5527272727272,1.680208971218616,0.0026312767911818,,,,,,2.0,3.72,1.86,0.0008898499693815,0.000478413962033,9.0,28.0,3.111111111111111,0.0066977954684629,0.0021528628291488,3.0,13.12,4.373333333333333,0.0031383955909369,0.0007176209430496,7.0,17.12,2.4457142857142857,0.004095223515003,0.0016744488671157,2.0,6.68,3.34,0.0015979026331904,0.000478413962033,,,,,,,,,,,,,,,,,,,,27.24053649890129,460.0,0.0592185576063071,0.0113185300945502,2.2242505262635444,0.0545655963815044,0.1100352112676056,165512.0,162524.0,0.0,0.9819469283193968,0.0,804.0,766.0,470.0,2017.0,129.0,13.0,222.0,381.0,675.0,753.0,248.0,1636.0,0.1604477611940298,0.8395522388059702,0.0169712793733681,0.9830287206266318,0.4723404255319149,0.5276595744680851,0.188894397620228,0.8111056023797719
1,inactive,8,yellow,9,6-9,,,,10554.4,245.60000000000036,7.0,1507.7714285714285,,,1.0,2.32,2.32,0.0094462540716612,0.004071661237785,,,,,,3,10668.52,3556.1733333333336,43.43859934853414,0.012214983713355,,,,,,2.0,6.68,3.34,0.0271986970684038,0.00814332247557,4.0,12.64,3.16,0.0514657980456025,0.01628664495114,2.0,11.6,5.8,0.0472312703583061,0.00814332247557,2.0,9.8,4.9,0.0399022801302931,0.00814332247557,1.0,3.04,3.04,0.0123778501628664,0.004071661237785,,,,,,,,,,,,,,,,,,,,7.5936578140058275,105.0,0.0723205506095793,0.0231442219804175,1.9683767695868184,0.0691317115635475,0.427524429967426,263867.0,259658.6666666667,0.0,0.9840513086769724,0.0,489.0,539.0,59.0,0.0,0.0,56.0,0.0,0.0,489.0,483.0,59.0,0.0,0.0,1.0,0.1038961038961039,0.8961038961038961,0.0,1.0,0.0,0.0
1,inactive,8,yellow,12,9-12,8.0,49.28,6.16,9094.52,1705.4799999999996,37.0,245.79783783783785,0.028895091118043,0.0046907615451368,10.0,35.72,3.572,0.020944250299036,0.005863451931421,1.0,2.24,2.24,0.0013134132326383,0.0005863451931421,13,10748.52,826.8092307692308,6.3023430353917975,0.0076224875108473,,,,,,53.0,500.16,9.436981132075472,0.2932664118019561,0.0310762952365316,32.0,98.04,3.06375,0.0574852827356521,0.0187630461805474,14.0,104.48,7.462857142857144,0.0612613457794873,0.0082088327039894,15.0,68.12,4.541333333333333,0.0399418345568403,0.0087951778971316,9.0,23.12,2.568888888888889,0.0135563008654455,0.0052771067382789,,,,,,0.0,0.0,0.0,0.8,1.0,0.8,0.0,0.0,0.0004690761545136,0.0005863451931421,0.0,1.0,0.0,1.0,80.99999078997698,1665.0,0.0486486431171032,0.0077043204135038,2.265534713479966,0.046687878884824,0.9762647465816078,227400.0,215328.66666666663,156.0,0.9469158604514804,0.0006860158311345,15040.0,4344.0,960.0,1240.0,2785.0,194.0,496.0,318.0,12255.0,4150.0,464.0,922.0,0.1851728723404255,0.8148271276595744,0.044659300184162,0.955340699815838,0.5166666666666667,0.4833333333333333,0.2564516129032258,0.7435483870967742
2,active,1,blue,15,12-15,67.0,453.92,6.774925373134328,5796.52,5003.48,54.0,107.34296296296296,0.0907208582826352,0.0133906800866596,48.0,240.44,5.009166666666666,0.0480545540303948,0.0095933230471591,78.0,372.36,4.773846153846154,0.0744202035383373,0.0155891499516336,171,9370.16,54.79625730994152,1.8727285809076883,0.0341762133555045,10.0,26.56,2.6559999999999997,0.005308305419428,0.0019986089681581,28.0,350.28,12.51,0.070007274936644,0.0055961051108428,50.0,848.96,16.979200000000002,0.1696739069607553,0.0099930448407908,18.0,59.48,3.304444444444444,0.0118877261426047,0.0035974961426846,16.0,83.8,5.2375,0.0167483431531654,0.003197774349053,87.0,381.24,4.382068965517242,0.0761949683020617,0.017387898022976,3.0,6.16,2.0533333333333332,0.0012311431243854,0.0005995826904474,,,,,,,,,,,,,,,200.10760397189765,4944.0,0.0404748389910796,0.0098691957276515,1.958931569447251,0.0395364287396854,0.9881122738573952,144967.0,118492.33333333331,5299.0,0.8173745289157761,0.0365531465781867,30059.0,3616.0,15446.0,11415.0,9317.0,42.0,2121.0,2137.0,20742.0,3574.0,13325.0,9278.0,0.3099570844006786,0.6900429155993213,0.0116150442477876,0.9883849557522124,0.1373171047520393,0.8626828952479606,0.1872098116513359,0.812790188348664
2,active,1,blue,18,15-18,93.0,646.88,6.955698924731183,4273.32,6526.68,84.0,50.87285714285714,0.0991131785226179,0.0142492048024416,39.0,204.28,5.237948717948718,0.0312992210434708,0.005975472981669,81.0,452.48,5.586172839506173,0.0693277439678366,0.0124105977311588,197,8748.92,44.4107614213198,1.3404855148406234,0.0301837994202259,14.0,40.44,2.8885714285714283,0.006196105830223,0.0021450415831632,50.0,918.28,18.3656,0.1406963417847971,0.0076608627970116,57.0,284.24,4.986666666666667,0.0435504728284518,0.0087333835885932,25.0,120.0,4.8,0.0183860707128279,0.0038304313985058,17.0,71.36,4.197647058823529,0.010933583383895,0.0026046933509839,110.0,491.04,4.464,0.075235801356892,0.0168538981534256,1.0,1.96,1.96,0.0003003058216428,0.0001532172559402,0.8,1.0,0.8,3.4,4.0,0.85,0.0001225738047521,0.0001532172559402,0.0005209386701967,0.0006128690237609,0.1904761904761904,0.8095238095238094,0.2,0.8,201.13291895573147,6401.0,0.0314221088823201,0.0072079505059584,1.99716422130712,0.0310588201720098,0.9807436552734314,106917.0,75127.33333333333,9734.0,0.7026696721132591,0.0910425844346549,30170.0,4826.0,16539.0,16265.0,7845.0,246.0,1512.0,4635.0,22325.0,4580.0,15027.0,11630.0,0.2600265164070268,0.7399734835929731,0.050973891421467,0.949026108578533,0.0914202793397424,0.9085797206602576,0.2849677221026744,0.7150322778973256
2,active,1,blue,21,18-21,31.0,213.2,6.877419354838709,7536.6,3263.3999999999996,84.0,89.72142857142858,0.0653306367592082,0.0094992952135809,19.0,94.32,4.964210526315789,0.0289023717595146,0.0058221486792915,37.0,215.2,5.816216216216216,0.0659434945149231,0.0113378684807256,105,9789.0,93.22857142857144,2.9996322853465713,0.0321750321750321,3.0,5.24,1.7466666666666668,0.001605687319973,0.0009192866335723,9.0,52.04,5.782222222222222,0.0159465588037016,0.002757859900717,44.0,249.56,5.671818181818182,0.076472390758105,0.0134828706257277,2.0,2.16,1.08,0.000661886376172,0.0006128577557148,8.0,39.96,4.995,0.0122448979591836,0.0024514310228595,39.0,179.52,4.603076923076923,0.0550101121529693,0.0119507262364405,1.0,2.0,2.0,0.0006128577557148,0.0003064288778574,0.0,0.0,0.0,2.6,3.0,0.8666666666666667,0.0,0.0,0.0007967150824293,0.0009192866335723,0.0,1.0,0.0,1.0,108.367764459317,3070.0,0.0352989460779534,0.0098206933126316,2.0158317109443127,0.034420462320487,0.9407366550223694,188499.0,148403.3333333333,5785.0,0.7872897645787686,0.0306898179831192,7593.0,1063.0,7794.0,5361.0,1775.0,0.0,927.0,1131.0,5818.0,1063.0,6867.0,4230.0,0.2337679441590939,0.7662320558409061,0.0,1.0,0.1189376443418013,0.8810623556581986,0.2109681029658645,0.7890318970341355
2,active,1,blue,24,21-24,17.0,65.6,3.858823529411764,9174.44,1625.5599999999995,29.0,316.36,0.0403553237038313,0.0104579344964196,13.0,49.12,3.778461538461538,0.0302172789684785,0.0079972440266738,23.0,91.32,3.970434782608695,0.0561775634242968,0.0141489702010384,49,10495.6,214.19591836734693,6.456605723566035,0.0301434582543861,2.0,2.84,1.42,0.0017470902335195,0.0012303452348729,31.0,203.28,6.55741935483871,0.1250522896724821,0.01907035114053,17.0,401.72,23.63058823529412,0.2471271438765718,0.0104579344964196,3.0,7.36,2.4533333333333336,0.0045276704643322,0.0018455178523093,4.0,10.64,2.66,0.0065454366495238,0.0024606904697458,26.0,100.12,3.850769230769231,0.0615910824577376,0.0159944880533477,,,,,,0.8,1.0,0.8,3.4,4.0,0.85,0.0004921380939491,0.0006151726174364,0.0020915868992839,0.0024606904697458,0.1904761904761904,0.8095238095238094,0.2,0.8,65.29002092538734,1599.0,0.0408317829427062,0.007707823955519,2.03165980171212,0.0391034809219752,0.983661015280888,229390.0,178352.0,11589.0,0.777505558219626,0.0505209468590609,15173.0,457.0,3547.0,1657.0,6434.0,0.0,443.0,506.0,8739.0,457.0,3104.0,1151.0,0.4240427074408489,0.5759572925591511,0.0,1.0,0.1248942768536791,0.8751057231463208,0.3053711526855763,0.6946288473144236
2,active,1,green,15,12-15,87.0,626.44,7.200459770114943,4879.32,5920.68,62.0,78.69870967741934,0.1058054142429585,0.0146942580919759,48.0,206.36,4.299166666666667,0.0348541045960936,0.0081071768783315,60.0,264.04,4.400666666666667,0.0445962288115554,0.0101339710979144,168,8987.28,53.49571428571429,1.5179472628144064,0.0283751190741604,5.0,12.84,2.568,0.0021686698149536,0.0008444975914928,52.0,804.44,15.47,0.1358695285001047,0.0087827749515258,104.0,945.84,9.094615384615384,0.159751920387523,0.0175655499030516,11.0,34.92,3.174545454545455,0.0058979711789861,0.0018578947012843,23.0,81.76,3.5547826086956524,0.0138092246160913,0.0038846889208671,91.0,348.92,3.8342857142857145,0.0589324199247383,0.0153698561651702,3.0,6.48,2.16,0.0010944688785747,0.0005066985548957,0.8,1.0,0.8,0.8,1.0,0.8,0.0001351196146388,0.0001688995182985,0.0001351196146388,0.0001688995182985,0.5,0.5,0.5,0.5,308.0555031347619,5862.0,0.0525512629025523,0.011835622129544,2.0400323708331953,0.0484347223504466,0.9900889762662396,122045.0,110522.66666666666,2140.0,0.9055894683654936,0.0175345159572288,43913.0,2951.0,11868.0,15748.0,16113.0,85.0,2138.0,2560.0,27800.0,2866.0,9730.0,13188.0,0.3669300662673923,0.6330699337326077,0.0288037953236191,0.9711962046763808,0.1801482979440512,0.8198517020559488,0.1625603251206502,0.8374396748793498
2,active,1,green,18,15-18,96.0,687.04,7.156666666666666,3559.36,7240.639999999999,67.0,53.12477611940299,0.0948866398550404,0.0132584964864984,68.0,319.92,4.7047058823529415,0.044183939541256,0.0093914350112697,43.0,238.64,5.549767441860465,0.0329584125160206,0.005938701551244,188,8925.36,47.47531914893617,1.2326755645909755,0.0259645556193927,7.0,12.24,1.7485714285714289,0.0016904583020285,0.0009667653688071,49.0,1173.68,23.952653061224492,0.1620961682945154,0.0067673575816502,119.0,1510.96,12.697142857142858,0.2086776859504132,0.016435011269722,10.0,47.84,4.784000000000001,0.006607150749105,0.0013810933840102,15.0,168.96,11.264,0.0233349538162372,0.0020716400760153,86.0,337.08,3.91953488372093,0.0465538957882176,0.0118774031024881,10.0,24.32,2.432,0.0033588191099129,0.0013810933840102,1.6,2.0,0.8,0.8,1.0,0.8,0.0002209749414416,0.000276218676802,0.0001104874707208,0.000138109338401,0.6666666666666666,0.3333333333333333,0.6666666666666666,0.3333333333333333,289.11107735305757,7141.0,0.0404860772095025,0.0091607874210591,2.11865951177257,0.0364431296138539,0.986238785521722,89051.0,71889.0,2711.0,0.8072789749693996,0.0304432291608179,67284.0,5445.0,14075.0,17272.0,24328.0,358.0,2757.0,5558.0,42956.0,5087.0,11318.0,11714.0,0.3615718447179121,0.6384281552820879,0.0657483930211202,0.9342516069788795,0.1958792184724689,0.8041207815275311,0.3217924965261695,0.6782075034738305
2,active,1,green,21,18-21,47.0,306.0,6.51063829787234,5102.52,5697.48,62.0,82.29870967741937,0.0537079550959371,0.0082492610768269,24.0,120.08,5.003333333333333,0.0210759844703272,0.0042123886349754,43.0,231.6,5.386046511627907,0.0406495503275132,0.007547196304331,120,9699.0,80.825,1.702331557109459,0.0210619431748773,1.0,1.4,1.4,0.0002457226703735,0.0001755161931239,8.0,137.32,17.165,0.0241018836397846,0.0014041295449918,153.0,2238.4,14.630065359477124,0.3928754466887115,0.0268539775479685,10.0,27.76,2.776,0.0048723295211216,0.0017551619312397,5.0,21.32,4.264,0.0037420052374032,0.0008775809656198,81.0,351.32,4.337283950617284,0.0616623489683158,0.0142168116430421,7.0,15.8,2.257142857142857,0.0027731558513588,0.0012286133518678,0.8,1.0,0.8,0.0,0.0,0.0,0.0001404129544991,0.0001755161931239,0.0,0.0,1.0,0.0,1.0,0.0,212.97513976689532,5539.0,0.0384501064753376,0.0077959508850869,2.1719231957587093,0.03587508471861,0.972184193713712,127625.0,118255.66666666666,621.0,0.9265870062030688,0.0048658178256611,59554.0,1242.0,8859.0,7697.0,3831.0,0.0,1178.0,1266.0,55723.0,1242.0,7681.0,6431.0,0.0643281727507808,0.9356718272492192,0.0,1.0,0.1329721187492945,0.8670278812507055,0.1644796674028842,0.8355203325971158
2,active,1,green,24,21-24,38.0,200.0,5.2631578947368425,7141.72,3658.28,139.0,51.37928057553957,0.0546705008911291,0.0103873951693145,32.0,186.56,5.83,0.0509966432312452,0.0087472801425806,32.0,151.04,4.72,0.0412871622729807,0.0087472801425806,93,9925.0,106.72043010752688,2.7130236067222846,0.025421782914375,,,,,,89.0,464.84,5.222921348314607,0.1270651781711624,0.0243283728965524,52.0,534.32,10.275384615384615,0.1460577101807406,0.0142143302316935,6.0,44.52,7.420000000000001,0.0121696534983653,0.0016401150267338,4.0,57.6,14.4,0.0157451042566451,0.0010934100178225,48.0,201.44,4.196666666666666,0.0550641284975452,0.0131209202138709,2.0,5.04,2.52,0.0013776966224564,0.0005467050089112,0.8,1.0,0.8,0.0,0.0,0.0,0.0002186820035645,0.0002733525044556,0.0,0.0,1.0,0.0,1.0,0.0,202.99008712814015,3539.0,0.05735803535692,0.0132185642007318,2.048363932596185,0.0527371601561893,0.9673945132685304,178682.0,161573.3333333333,1048.0,0.9042507545994186,0.0058651682877961,25120.0,2563.0,8504.0,5038.0,6366.0,96.0,1583.0,713.0,18754.0,2467.0,6921.0,4325.0,0.2534235668789809,0.7465764331210191,0.037456106125634,0.962543893874366,0.1861476952022577,0.8138523047977423,0.1415244144501786,0.8584755855498214
2,active,1,red,15,12-15,29.0,310.4,10.703448275862067,7575.84,3224.16,31.0,244.38193548387096,0.0962731378095379,0.0089945908391643,18.0,103.76,5.764444444444445,0.0321820257059203,0.0055828494863778,16.0,110.12,6.8825,0.0341546325244404,0.0049625328767803,66,10173.36,154.1418181818182,3.155352091707608,0.0204704481167187,4.0,8.52,2.13,0.0026425487568855,0.001240633219195,11.0,81.96,7.45090909090909,0.0254205746613071,0.0034117413527864,57.0,1320.76,23.17122807017544,0.4096446826460225,0.0176790233735298,2.0,7.72,3.86,0.0023944221130464,0.0006203166095975,3.0,38.64,12.88,0.0119845168974244,0.0009304749143963,64.0,243.28,3.80125,0.0754553123914446,0.0198501315071212,6.0,14.88,2.48,0.0046151555754056,0.0018609498287926,1.8,2.0,0.9,0.8,1.0,0.8,0.0005582849486377,0.0006203166095975,0.000248126643839,0.0003101583047987,0.6923076923076923,0.3076923076923077,0.6666666666666666,0.3333333333333333,79.73791821584882,3195.0,0.024957094903239,0.0049622820067402,2.176981468103558,0.0220149731499417,0.990955783832068,189427.0,121691.0,40400.0,0.6424163398037238,0.2132747707560168,35136.0,1164.0,5381.0,7789.0,6539.0,138.0,1496.0,2364.0,28597.0,1026.0,3885.0,5425.0,0.1861054189435337,0.8138945810564663,0.1185567010309278,0.8814432989690721,0.2780152388031964,0.7219847611968035,0.3035049428681474,0.6964950571318526
2,active,1,red,18,15-18,63.0,870.0,13.80952380952381,6121.0,4679.0,42.0,145.73809523809524,0.1859371660611241,0.0134644154733917,36.0,133.96,3.721111111111111,0.0286300491558025,0.007693951699081,20.0,191.68,9.584,0.0409660183799957,0.0042744176106005,98,9053.12,92.3787755102041,1.934840777944005,0.0209446462919427,6.0,14.48,2.4133333333333336,0.0030946783500748,0.0012823252831801,37.0,576.56,15.5827027027027,0.1232229108783928,0.007907672579611,33.0,392.04,11.88,0.083787134002992,0.0070527890574909,4.0,13.6,3.4,0.0029066039752083,0.0008548835221201,3.0,30.2,10.066666666666666,0.0064543705920068,0.00064116264159,80.0,319.84,3.998,0.068356486428724,0.0170976704424022,7.0,17.32,2.474285714285714,0.00370164565078,0.0014960461637101,3.6,4.0,0.9,2.4,3.0,0.7999999999999999,0.0007693951699081,0.0008548835221201,0.000512930113272,0.00064116264159,0.6,0.3999999999999999,0.5714285714285714,0.4285714285714285,121.19628595416692,4594.0,0.0263814292455739,0.0070573700611139,2.1002801962074025,0.0245938803040242,0.9818337251549476,153067.0,77483.99999999999,45739.0,0.5062096990206902,0.2988168579772257,24285.0,1102.0,8197.0,21813.0,8672.0,266.0,1888.0,4769.0,15613.0,836.0,6309.0,17044.0,0.3570928556722256,0.6429071443277743,0.2413793103448276,0.7586206896551724,0.2303281688422593,0.7696718311577406,0.21863109155091,0.78136890844909
2,active,1,red,21,18-21,48.0,533.8,11.120833333333332,6981.92,3818.08,43.0,162.37023255813955,0.1398084901311654,0.0125717638184637,29.0,141.08,4.864827586206897,0.0369505091564346,0.0075954406403218,23.0,141.44,6.149565217391304,0.0370447973850731,0.0060239701630138,87,9247.8,106.29655172413791,2.4221074466747683,0.0227863219209655,4.0,10.72,2.68,0.0028076939194569,0.0010476469848719,10.0,60.12,6.012,0.0157461341826258,0.0026191174621799,77.0,371.4,4.823376623376623,0.0972740225453631,0.0201672044587855,9.0,35.44,3.937777777777778,0.0092821522859657,0.0023572057159619,9.0,89.72,9.96888888888889,0.0234987218706784,0.0023572057159619,43.0,180.12,4.188837209302326,0.0471755437287851,0.0112622050873737,6.0,16.36,2.7266666666666666,0.0042848761681263,0.0015714704773079,3.4,4.0,0.85,0.8,1.0,0.8,0.0008904999371411,0.0010476469848719,0.0002095293969743,0.0002619117462179,0.8095238095238094,0.1904761904761904,0.8,0.2,102.934833967714,3674.0,0.0280171023319853,0.008445719429345,2.108236704124809,0.0244291621818149,0.9622637556049114,174591.0,142185.66666666666,8733.0,0.814392876303284,0.0500197604687526,10875.0,3147.0,7115.0,13393.0,2131.0,0.0,1422.0,1575.0,8744.0,3147.0,5693.0,11818.0,0.1959540229885057,0.8040459770114943,0.0,1.0,0.1998594518622628,0.8001405481377372,0.1175987456133801,0.8824012543866199
2,active,1,red,24,21-24,24.0,151.56,6.315,8545.12,2254.879999999999,20.0,427.256,0.0672142198254452,0.0106435819201021,25.0,90.56,3.6224,0.0401617824451855,0.0110870645001064,24.0,84.48,3.52,0.0374654083587596,0.0106435819201021,59,10279.32,174.2257627118644,4.558699354289365,0.0261654722202511,5.0,8.76,1.752,0.0038849074008372,0.0022174129000212,15.0,126.6,8.44,0.056144894628539,0.0066522387000638,31.0,554.56,17.889032258064514,0.245937699567161,0.0137479599801319,1.0,1.4,1.4,0.0006208756120059,0.0004434825800042,7.0,44.96,6.422857142857143,0.0199389767969914,0.0031043780600298,44.0,167.48,3.806363636363636,0.074274462499113,0.0195132335201873,,,,,,1.8,2.0,0.9,1.8,2.0,0.9,0.0007982686440076,0.0008869651600085,0.0007982686440076,0.0008869651600085,0.5,0.5,0.5,0.5,75.1938150715921,2234.0,0.0336588250096652,0.0070507440424917,2.0619947762916495,0.0321094311600756,0.9907400837295116,213648.0,169649.0,9846.0,0.7940584512843556,0.0460851494046281,17075.0,1167.0,4425.0,3813.0,6411.0,0.0,835.0,139.0,10664.0,1167.0,3590.0,3674.0,0.3754612005856515,0.6245387994143484,0.0,1.0,0.1887005649717514,0.8112994350282486,0.036454235510097,0.9635457644899028
2,active,1,yellow,15,12-15,62.0,331.52,5.347096774193548,6465.8,4334.2,73.0,88.57260273972604,0.0764893175211111,0.014304831341424,43.0,163.4,3.8,0.0377001522772368,0.009921092704536,46.0,168.72,3.667826086956522,0.0389275990955655,0.010613261962992,109,10101.88,92.6777981651376,2.33073692953717,0.025148816390568,4.0,10.56,2.64,0.0024364357897651,0.000922892344608,37.0,318.48,8.607567567567568,0.073480688477689,0.008536754187624,69.0,690.92,10.013333333333332,0.15941119468414,0.015919892944488,8.0,40.96,5.12,0.0094504176087859,0.001845784689216,7.0,26.52,3.7885714285714287,0.006118776244751,0.001615061603064,49.0,174.88,3.5689795918367344,0.0403488533062618,0.011305431221448,1.0,2.24,2.24,0.0005168197129804,0.000230723086152,0.0,0.0,0.0,1.0,1.0,1.0,0.0,0.0,0.000230723086152,0.000230723086152,0.0,1.0,0.0,1.0,250.08817247380972,4255.0,0.0587751286659952,0.0165805257045934,2.124500771934009,0.0539468013186928,0.9817267315767616,161718.0,125885.33333333334,7605.0,0.7784249949500571,0.0470263050495306,25341.0,1702.0,8392.0,8350.0,11343.0,95.0,1412.0,1960.0,13998.0,1607.0,6980.0,6390.0,0.4476145377056943,0.5523854622943056,0.0558166862514688,0.9441833137485312,0.1682554814108675,0.8317445185891325,0.2347305389221557,0.7652694610778443
2,active,1,yellow,18,15-18,55.0,464.4,8.443636363636363,4805.72,5994.28,100.0,48.0572,0.0774738584116858,0.0091754138945795,31.0,119.64,3.8593548387096774,0.019959027606318,0.0051715969223993,45.0,165.32,3.6737777777777776,0.0275796259100342,0.0075071568228377,116,9872.68,85.10931034482759,1.6470168227043116,0.019351782032204,10.0,31.8,3.18,0.0053050574881386,0.0016682570717417,36.0,398.8,11.077777777777778,0.06653009202106,0.0060057254582702,86.0,745.4,8.667441860465116,0.1243518821276283,0.0143470108169788,10.0,25.24,2.524,0.0042106808490761,0.0016682570717417,14.0,97.96,6.997142857142856,0.0163422462747819,0.0023355599004384,74.0,322.68,4.360540540540541,0.053831319190962,0.0123451023308887,2.0,4.56,2.28,0.0007607252247142,0.0003336514143483,1.6,2.0,0.8,1.0,1.0,1.0,0.0002669211314786,0.0003336514143483,0.0001668257071741,0.0001668257071741,0.6153846153846154,0.3846153846153846,0.6666666666666666,0.3333333333333333,246.99425742975853,5855.0,0.042185184872717,0.0082236147199907,2.115932833510856,0.0384549619787501,0.9767645155047812,120243.0,79281.66666666667,16032.0,0.6593453811587092,0.1333300067363588,28727.0,3104.0,7200.0,11665.0,13504.0,338.0,1264.0,3892.0,15223.0,2766.0,5936.0,7773.0,0.4700804121558116,0.5299195878441884,0.1088917525773195,0.8911082474226805,0.1755555555555555,0.8244444444444444,0.3336476639519931,0.6663523360480068
2,active,1,yellow,21,18-21,27.0,179.36,6.642962962962963,8932.52,1867.4799999999996,86.0,103.866511627907,0.096043866600981,0.0144579861631717,16.0,73.8,4.6125,0.0395184955126694,0.0085676955041017,15.0,86.76,5.784000000000001,0.0464583288709919,0.0080322145350954,54,10269.44,190.1748148148148,5.4990896823526905,0.0289159723263435,4.0,9.4,2.35,0.0050335211086598,0.0021419238760254,3.0,7.48,2.4933333333333336,0.0040053976481675,0.001606442907019,19.0,151.88,7.9936842105263155,0.0813288495726862,0.0101741384111208,,,,,,3.0,5.72,1.9066666666666665,0.0030629511427163,0.001606442907019,20.0,84.16,4.208,0.0450660783515753,0.0107096193801272,,,,,,0.0,0.0,0.0,0.8,1.0,0.8,0.0,0.0,0.000428384775205,0.0005354809690063,0.0,1.0,0.0,1.0,94.69574512283424,1693.0,0.0559336946974803,0.014914645639013,2.0176912563481095,0.0488156745177965,0.9065692805277704,223399.0,154193.3333333333,24309.0,0.6902149666441358,0.1088142740119696,4006.0,146.0,4045.0,4511.0,155.0,0.0,873.0,933.0,3851.0,146.0,3172.0,3578.0,0.0386919620569146,0.9613080379430854,0.0,1.0,0.2158220024721878,0.7841779975278121,0.2068277543781866,0.7931722456218133
2,active,1,yellow,24,21-24,29.0,179.72,6.197241379310345,7154.12,3645.88,103.0,69.45747572815534,0.0492939976082591,0.0079541839007317,19.0,59.44,3.128421052631579,0.0163033341744654,0.0052113618659966,28.0,106.32,3.7971428571428567,0.0291616838733035,0.0076799016972582,67,10336.52,154.27641791044778,2.835123481848004,0.0183769076327251,,,,,,71.0,668.88,9.420845070422535,0.1834618802593612,0.0194740364466191,46.0,572.92,12.454782608695652,0.1571417600140432,0.0126169813597814,7.0,30.56,4.365714285714286,0.0083820641381504,0.0019199754243145,9.0,29.56,3.2844444444444445,0.0081077819346769,0.0024685398312615,36.0,138.72,3.8533333333333335,0.0380484272658452,0.0098741593250463,1.0,2.0,2.0,0.000548564406947,0.0002742822034735,1.8,2.0,0.9,0.0,0.0,0.0,0.0004937079662523,0.000548564406947,0.0,0.0,1.0,0.0,1.0,0.0,157.36450501395902,3545.0,0.0443905514848967,0.0067279404175131,2.156364788558584,0.0404227944115896,0.9723304113135924,178956.0,158012.3333333333,6804.0,0.8829675078417785,0.0380205190102595,31162.0,1519.0,4191.0,4522.0,3085.0,96.0,837.0,884.0,28077.0,1423.0,3354.0,3638.0,0.098998780566074,0.901001219433926,0.0631994733377221,0.936800526662278,0.199713672154617,0.800286327845383,0.1954887218045112,0.8045112781954887
2,active,2,blue,15,12-15,92.0,696.56,7.571304347826087,4741.08,6058.92,59.0,80.35728813559322,0.114964383091376,0.0151842242511866,35.0,192.28,5.493714285714286,0.0317350286849801,0.0057766070520818,35.0,165.8,4.7371428571428575,0.0273646128352907,0.0057766070520818,155,8837.16,57.013935483870966,1.458537165039314,0.025582116944934,16.0,41.6,2.6,0.0068659100961887,0.0026407346523802,36.0,870.72,24.186666666666667,0.1437087797825355,0.0059416529678556,51.0,254.84,4.996862745098039,0.0420603011757871,0.0084173417044621,20.0,107.32,5.366,0.0177127276808408,0.0033009183154753,19.0,136.8,7.2,0.0225782812778515,0.0031358723997015,85.0,351.92,4.140235294117647,0.0580829586791045,0.0140289028407703,4.0,9.16,2.29,0.0015118205884877,0.000660183663095,3.2,4.0,0.8,5.2,5.0,1.04,0.000528146930476,0.000660183663095,0.0008582387620235,0.0008252295788688,0.3809523809523809,0.6190476190476191,0.4444444444444444,0.5555555555555556,188.479901479295,5888.0,0.0320108528327607,0.0071433441169883,2.087291511990786,0.0310214629965316,0.9717903520759475,118586.0,97981.0,11896.0,0.8262442446831835,0.1003153829288448,28226.0,6142.0,9022.0,17506.0,13216.0,584.0,2278.0,4482.0,15010.0,5558.0,6744.0,13024.0,0.4682207893431588,0.5317792106568412,0.095083034842071,0.904916965157929,0.2524939037907338,0.7475060962092662,0.2560265051982177,0.7439734948017822
2,active,2,blue,18,15-18,66.0,646.12,9.78969696969697,4787.16,6012.84,73.0,65.57753424657534,0.1074567093087459,0.0109765102680264,18.0,127.2,7.066666666666666,0.0211547288801963,0.0029935937094617,44.0,441.64,10.037272727272727,0.0734494847692604,0.0073176735120176,162,8928.56,55.114567901234565,1.4849156139195454,0.0269423433851557,18.0,67.24,3.735555555555555,0.011182735612456,0.0029935937094617,35.0,151.56,4.330285714285714,0.0252060590336679,0.0058208766572867,34.0,197.76,5.816470588235294,0.0328896162212864,0.0056545658956499,12.0,88.76,7.396666666666667,0.0147617432028791,0.0019957291396411,14.0,133.84,9.56,0.0222590323374644,0.0023283506629146,78.0,361.84,4.638974358974359,0.0601778859906466,0.0129722394076675,9.0,27.16,3.017777777777778,0.0045170002860545,0.0014967968547308,1.6,2.0,0.8,10.6,11.0,0.9636363636363636,0.0002660972186188,0.0003326215232735,0.0017628940733496,0.0018294183780044,0.1311475409836065,0.8688524590163935,0.1538461538461538,0.8461538461538461,179.8724346505192,5940.0,0.0302815546549695,0.0069549709182021,2.0688209255304697,0.0281906198401516,0.987885924122378,119752.0,55924.99999999999,32345.0,0.467006814082437,0.2700998730710134,8802.0,5591.0,14283.0,16219.0,4367.0,349.0,2337.0,4553.0,4435.0,5242.0,11946.0,11666.0,0.4961372415360145,0.5038627584639854,0.0624217492398497,0.9375782507601502,0.1636210880067213,0.8363789119932787,0.2807201430421111,0.7192798569578889
2,active,2,blue,21,18-21,46.0,341.4,7.421739130434782,7711.28,3088.7200000000003,32.0,240.9775,0.1105312232899064,0.0148929006190266,12.0,56.12,4.676666666666667,0.0181693387552125,0.0038851045093113,22.0,147.84,6.72,0.0478644875547152,0.007122691600404,79,9989.04,126.44354430379748,3.234038695640913,0.0255769380196327,9.0,28.12,3.1244444444444444,0.0091040949001528,0.0029138283819834,22.0,273.44,12.42909090909091,0.0885285814188401,0.007122691600404,43.0,334.32,7.774883720930233,0.1082390116294128,0.0139216244916988,8.0,43.12,5.39,0.0139604755367919,0.0025900696728742,11.0,52.08,4.734545454545454,0.016861353570411,0.003561345800202,29.0,118.2,4.075862068965518,0.0382682794167163,0.0093890025641689,3.0,6.84,2.28,0.0022145095703074,0.0009712761273278,0.0,0.0,0.0,0.8,1.0,0.8,0.0,0.0,0.0002590069672874,0.0003237587091092,0.0,1.0,0.0,1.0,93.2223842402343,2984.0,0.0312407453888184,0.0070938328678606,2.082899877652046,0.0297365391762909,0.9660959879820766,192814.0,178869.66666666666,5027.0,0.9276798711020292,0.026071758274814,15259.0,2399.0,5133.0,8581.0,5431.0,12.0,806.0,2619.0,9828.0,2387.0,4327.0,5962.0,0.3559210957467724,0.6440789042532276,0.0050020842017507,0.9949979157982493,0.1570231833235924,0.8429768166764076,0.3052091830788952,0.6947908169211048
2,active,2,blue,24,21-24,72.0,710.92,9.873888888888889,2245.68,8554.32,97.0,23.15134020618557,0.0831065473351476,0.0084167999326656,37.0,181.4,4.902702702702703,0.0212056598303547,0.0043252999653976,42.0,289.24,6.886666666666667,0.0338121557295027,0.0049097999607216,202,8668.04,42.91108910891089,1.0132938678936492,0.0236137998110896,14.0,34.4,2.457142857142857,0.0040213599678291,0.0016365999869072,48.0,391.48,8.155833333333334,0.0457640116338879,0.0056111999551104,37.0,260.04,7.028108108108109,0.0303986757568105,0.0043252999653976,15.0,109.04,7.269333333333334,0.0127467758980257,0.001753499985972,22.0,120.28,5.467272727272728,0.0140607318875141,0.0025717999794256,131.0,573.72,4.379541984732825,0.067067867463457,0.0153138998774888,25.0,64.64,2.5856,0.0075564159395486,0.00292249997662,1.6,2.0,0.8,4.2,4.0,1.05,0.0001870399985036,0.0002337999981296,0.0004909799960721,0.0004675999962592,0.2758620689655172,0.7241379310344827,0.3333333333333333,0.6666666666666666,259.7093447609943,8453.0,0.0307239257968761,0.0067796452212622,2.0615333945436576,0.0284437934956575,0.9881556920947544,56239.0,18915.999999999996,18513.0,0.3363502195984992,0.3291843738331051,16373.0,5770.0,11845.0,17845.0,7703.0,80.0,1280.0,5512.0,8670.0,5690.0,10565.0,12333.0,0.4704696756855799,0.52953032431442,0.0138648180242634,0.9861351819757366,0.1080624736175601,0.8919375263824398,0.3088820397870552,0.6911179602129448
2,active,2,green,15,12-15,136.0,767.72,5.6450000000000005,5000.76,5799.24,85.0,58.832470588235296,0.1323828639614846,0.0234513487974286,66.0,173.24,2.624848484848485,0.0298728798946068,0.0113808016222815,61.0,226.04,3.705573770491803,0.0389775211924321,0.0105186196811996,193,9172.6,47.52642487046632,1.5816900145536312,0.0332802229257626,21.0,34.56,1.645714285714286,0.0059594015767583,0.0036211641525441,62.0,517.96,8.354193548387098,0.0893151516405598,0.0106910560694159,77.0,957.16,12.43064935064935,0.1650492133451969,0.0132776018926617,18.0,81.16,4.5088888888888885,0.0139949372676419,0.0031038549878949,14.0,45.56,3.2542857142857144,0.0078562018471385,0.0024141094350294,75.0,322.08,4.2944,0.0555383119167339,0.012932729116229,1.0,2.56,2.56,0.0004414371538339,0.0001724363882163,4.4,5.0,0.8800000000000001,7.4,8.0,0.925,0.0007587201081521,0.0008621819410819,0.0012760292728012,0.001379491105731,0.3728813559322034,0.6271186440677966,0.3846153846153846,0.6153846153846154,308.6876952694554,5614.0,0.0549853393782428,0.0154344964858126,2.0487201797657835,0.0502666049937965,0.9680578834467966,125104.0,101626.33333333331,9681.0,0.8123348041096474,0.0773836168307967,37017.0,3200.0,10109.0,19329.0,21939.0,298.0,1976.0,5701.0,15078.0,2902.0,8133.0,13628.0,0.5926736364373126,0.4073263635626874,0.093125,0.906875,0.1954693837174794,0.8045306162825205,0.2949454188007657,0.7050545811992344
2,active,2,green,18,15-18,162.0,1211.96,7.481234567901235,3684.56,7115.4400000000005,162.0,22.7441975308642,0.170328187715728,0.0227673903511237,50.0,215.6,4.312,0.0303003046895202,0.0070269723305937,65.0,257.72,3.9649230769230774,0.0362198261808124,0.0091350640297718,217,8561.72,39.45493087557603,1.2032593908458225,0.0304970599147768,15.0,24.92,1.6613333333333336,0.0035022430095679,0.0021080916991781,63.0,597.92,9.49079365079365,0.0840313459181723,0.0088539851365481,71.0,1038.72,14.629859154929578,0.1459811339846868,0.0099783007094431,22.0,155.44,7.065454545454545,0.0218454515813498,0.0030918678254612,12.0,23.8,1.9833333333333336,0.0033448388293626,0.0016864733593425,91.0,368.84,4.053186813186813,0.0518365694883239,0.0127890896416806,6.0,14.12,2.353333333333333,0.0019844169861596,0.0008432366796712,4.0,4.0,1.0,10.2,11.0,0.9272727272727272,0.0005621577864475,0.0005621577864475,0.0014335023554411,0.0015459339127306,0.2816901408450704,0.7183098591549295,0.2666666666666666,0.7333333333333333,356.59963953631814,6987.0,0.0510375897432829,0.0135656197474745,2.048134849584655,0.0467255269851467,0.9819491134771708,92276.0,51920.33333333333,13629.0,0.5626634588986663,0.14769820971867,41050.0,4515.0,11948.0,30461.0,24383.0,270.0,2923.0,6651.0,16667.0,4245.0,9025.0,23810.0,0.5939829476248477,0.4060170523751522,0.0598006644518272,0.9401993355481728,0.2446434549715433,0.7553565450284566,0.2183447687206592,0.7816552312793408
2,active,2,green,21,18-21,61.0,365.08,5.984918032786885,7811.6,2988.3999999999996,51.0,153.1686274509804,0.1221657074019542,0.0204122607415339,27.0,87.48,3.24,0.0292731896667112,0.0090349350823182,37.0,136.04,3.676756756756757,0.0455226877258733,0.0123812073350287,93,9953.44,107.0262365591398,3.330692009101861,0.0311203319502074,6.0,7.68,1.28,0.0025699370900816,0.0020077633516262,23.0,344.48,14.977391304347828,0.1152723865613706,0.0076964261812341,40.0,481.2,12.03,0.1610226208004283,0.0133850890108419,10.0,62.88,6.288,0.0210413599250435,0.0033462722527104,6.0,17.72,2.953333333333333,0.0059295944318029,0.0020077633516262,43.0,213.48,4.964651162790697,0.0714362200508633,0.014388970686655,,,,,,0.0,0.0,0.0,0.8,1.0,0.8,0.0,0.0,0.0002677017802168,0.000334627225271,0.0,1.0,0.0,1.0,141.2658111925008,2867.0,0.0492730419227418,0.0120743772261805,2.024530983453474,0.0476237109242961,0.9593762548520948,195341.0,175676.33333333334,10851.0,0.8993315962001492,0.0555490142878351,20705.0,2031.0,5652.0,9188.0,9146.0,87.0,1198.0,2113.0,11559.0,1944.0,4454.0,7075.0,0.4417290509538759,0.5582709490461242,0.0428360413589364,0.9571639586410636,0.2119603680113234,0.7880396319886765,0.2299738789725729,0.7700261210274271
2,active,2,green,24,21-24,180.0,1680.64,9.33688888888889,2629.96,8170.04,159.0,16.54062893081761,0.2057076831937175,0.022031715878992,49.0,171.0,3.489795918367347,0.0209301300850424,0.0059975226559478,53.0,211.52,3.9909433962264154,0.0258897141262466,0.0064871163421476,237,7689.04,32.44320675105485,0.9411263592344712,0.0290084259073395,16.0,26.64,1.665,0.0032606939500908,0.0019583747447992,60.0,545.8,9.096666666666666,0.0668050584819658,0.0073439052929973,45.0,541.08,12.024,0.06622733793225,0.005507928969748,20.0,122.68,6.134,0.0150158383557485,0.0024479684309991,7.0,27.16,3.88,0.0033243411292967,0.0008567889508496,106.0,522.44,4.9286792452830195,0.0639458313545588,0.0129742326842953,10.0,24.48,2.448,0.0029963133595429,0.0012239842154995,2.6,3.0,0.8666666666666667,8.2,9.0,0.911111111111111,0.0003182358960298,0.0003671952646498,0.0010036670567096,0.0011015857939496,0.2407407407407407,0.7592592592592593,0.25,0.75,378.2652693048131,8029.0,0.0471123762990177,0.0110433501135021,2.079274946274843,0.0431977342552198,0.9827369266245942,65908.0,25868.666666666664,17854.0,0.3924966114381663,0.2708927596042969,27263.0,3773.0,9665.0,42196.0,13206.0,308.0,2011.0,7996.0,14057.0,3465.0,7654.0,34200.0,0.4843927667534754,0.5156072332465246,0.0816326530612244,0.9183673469387756,0.2080703569580962,0.7919296430419038,0.1894966347521092,0.8105033652478908
2,active,2,red,15,12-15,83.0,955.52,11.512289156626506,4394.0,6406.0,30.0,146.46666666666667,0.1491601623477989,0.0129566031845145,41.0,553.88,13.509268292682927,0.0864626912269747,0.0064002497658445,37.0,210.72,5.695135135135135,0.0328941617233843,0.0057758351545426,146,8467.04,57.993424657534256,1.3217358726194195,0.0227911333125195,23.0,69.4,3.0173913043478264,0.010833593506088,0.0035903840149859,68.0,1416.76,20.834705882352942,0.2211614111770215,0.0106150483921323,34.0,340.92,10.027058823529412,0.0532188573212613,0.0053075241960661,26.0,370.44,14.247692307692308,0.0578270371526693,0.0040586949734623,15.0,81.12,5.408,0.0126631283172026,0.0023415547923821,66.0,269.44,4.082424242424242,0.0420605682172962,0.0103028410864814,8.0,19.96,2.495,0.0031158289103965,0.0012488292226038,14.0,14.0,1.0,2.0,2.0,1.0,0.0021854511395566,0.0021854511395566,0.0003122073056509,0.0003122073056509,0.875,0.125,0.875,0.125,186.9297653721365,6262.0,0.0298514476799962,0.0104950007230306,2.0600955715431892,0.0278445150994028,0.9775210739931316,109880.0,94329.0,6984.0,0.8584728795049145,0.0635602475427739,44044.0,11330.0,19193.0,23971.0,24293.0,1124.0,2513.0,6506.0,19751.0,10206.0,16680.0,17465.0,0.551562074289347,0.448437925710653,0.0992056487202118,0.900794351279788,0.1309331527119262,0.8690668472880738,0.2714112886404405,0.7285887113595595
2,active,2,red,18,15-18,80.0,914.76,11.4345,3078.4,7721.6,66.0,46.64242424242424,0.1184676750932449,0.0103605470368835,39.0,493.16,12.645128205128206,0.0638675922088686,0.0050507666804807,43.0,213.32,4.960930232558139,0.0276263986738499,0.0055687940323249,158,8743.24,55.33696202531645,1.1323093659345214,0.020462080397845,19.0,59.36,3.1242105263157893,0.0076875259013675,0.0024606299212598,32.0,875.08,27.34625,0.1133288437629506,0.0041442188147534,62.0,1713.32,27.634193548387096,0.2218866556154164,0.0080294239535847,34.0,406.2,11.947058823529412,0.0526056775797762,0.0044032324906755,32.0,243.96,7.62375,0.0315944881889763,0.0041442188147534,116.0,472.56,4.073793103448276,0.0611997513468711,0.0150227932034811,8.0,21.48,2.685,0.0027818068794032,0.0010360547036883,23.8,24.0,0.9916666666666668,3.0,3.0,1.0,0.0030822627434728,0.003108164111065,0.0003885205138831,0.0003885205138831,0.8880597014925373,0.1119402985074626,0.8888888888888888,0.1111111111111111,206.66093804298933,7656.0,0.0269933304653852,0.0081076656730191,2.119475295178351,0.0239192131164671,0.9915043514297556,77026.0,48183.33333333333,8472.0,0.6255463523139372,0.1099888349388518,64804.0,16320.0,17744.0,22949.0,44767.0,858.0,3351.0,5887.0,20037.0,15462.0,14393.0,17062.0,0.6908061230788223,0.3091938769211777,0.0525735294117647,0.9474264705882351,0.1888525698827772,0.8111474301172227,0.2565253387947187,0.7434746612052813
2,active,2,red,21,18-21,47.0,649.16,13.81191489361702,7903.72,2896.2799999999997,25.0,316.1488,0.2241357879763006,0.0162277127901998,18.0,151.08,8.393333333333334,0.05216346485837,0.0062148687281616,24.0,162.04,6.751666666666666,0.0559476293728506,0.0082864916375488,79,9564.2,121.06582278481014,3.302235971660199,0.0272763683069316,8.0,16.84,2.105,0.0058143549656801,0.0027621638791829,19.0,249.24,13.117894736842103,0.0860552156559448,0.0065601392130595,23.0,210.4,9.147826086956522,0.0726449100225116,0.0079412211526509,11.0,86.08,7.825454545454545,0.0297208833400085,0.0037979753338765,10.0,80.84,8.084,0.0279116659991437,0.0034527048489786,38.0,216.48,5.6968421052631575,0.0747441545706906,0.013120278426119,3.0,8.16,2.72,0.0028174071567666,0.0010358114546936,3.0,3.0,1.0,0.0,0.0,0.0,0.0010358114546936,0.0010358114546936,0.0,0.0,1.0,0.0,1.0,0.0,98.06370400586808,2797.0,0.0350603160550118,0.011936568349133,1.985044612638803,0.0329850569915188,0.9657215462593396,197618.0,178916.66666666666,8192.0,0.9053662453150354,0.0414537137305306,11533.0,4194.0,7870.0,16276.0,7582.0,144.0,1184.0,3988.0,3951.0,4050.0,6686.0,12288.0,0.6574178444463713,0.3425821555536287,0.0343347639484978,0.965665236051502,0.1504447268106734,0.8495552731893266,0.245023347259769,0.7549766527402311
2,active,2,red,24,21-24,80.0,953.04,11.913,2722.72,8077.280000000001,100.0,27.227199999999996,0.1179902145276627,0.0099043242279579,46.0,418.52,9.098260869565218,0.0518144721985618,0.0056949864310758,53.0,333.6,6.29433962264151,0.0413010320305845,0.0065616148010221,169,8358.28,49.45727810650888,1.034788938850702,0.0209228849315611,13.0,33.32,2.563076923076923,0.0041251510409444,0.0016094526870431,31.0,943.04,30.42064516129032,0.116752173999168,0.0038379256383336,50.0,1144.04,22.8808,0.1416367886219123,0.0061902026424737,24.0,267.48,11.145,0.0331151080561773,0.0029712972683873,34.0,334.96,9.851764705882353,0.0414694055424598,0.0042093377968821,115.0,555.96,4.834434782608696,0.0688301012221936,0.0142374660776895,6.0,15.44,2.5733333333333333,0.0019115345759958,0.0007428243170968,9.2,9.0,1.022222222222222,1.6,2.0,0.8,0.0011389972862151,0.0011142364756452,0.0001980864845591,0.0002476081056989,0.8518518518518519,0.1481481481481481,0.8181818181818182,0.1818181818181818,219.55022314134217,7977.0,0.0275229062481311,0.0076993929910516,2.0662371416346907,0.0250398866448223,0.9875849295802548,68168.0,26456.666666666664,18041.0,0.3881097680240973,0.2646549700739349,52258.0,15119.0,18902.0,23906.0,26057.0,303.0,2383.0,7005.0,26201.0,14816.0,16519.0,16901.0,0.4986222205212599,0.5013777794787401,0.0200410080031748,0.9799589919968252,0.1260713152047402,0.8739286847952598,0.293022672132519,0.706977327867481
2,active,2,yellow,15,12-15,52.0,376.16,7.233846153846154,5180.2,5619.8,75.0,69.06933333333333,0.0669347663617922,0.0092529983273426,20.0,89.28,4.464,0.0158866863589451,0.0035588455105163,18.0,107.44,5.9688888888888885,0.019118118082494,0.0032029609594647,98,9986.4,101.90204081632652,1.7770027403110429,0.0174383430015303,11.0,20.24,1.84,0.0036015516566425,0.001957365030784,33.0,467.48,14.166060606060606,0.08318445496281,0.005872095092352,128.0,1593.48,12.4490625,0.2835474572048827,0.0227766112673048,11.0,44.28,4.025454545454545,0.0078792839602832,0.001957365030784,13.0,127.28,9.79076923076923,0.0226484928289262,0.0023132495818356,49.0,167.2,3.4122448979591833,0.029751948467917,0.0087191715007651,7.0,17.24,2.462857142857142,0.0030677248300651,0.0012455959286807,0.0,0.0,0.0,7.0,8.0,0.875,0.0,0.0,0.0012455959286807,0.0014235382042065,0.0,1.0,0.0,1.0,136.23833208492974,5438.0,0.0250530217147719,0.0057408484041213,2.193588023916707,0.0239240747373688,0.967650094309406,129580.0,102503.66666666669,12267.0,0.7910454288213202,0.0946673869424293,51685.0,4313.0,4956.0,9456.0,28055.0,790.0,1249.0,3733.0,23630.0,3523.0,3707.0,5723.0,0.5428073909258005,0.4571926090741994,0.1831671690238812,0.8168328309761187,0.2520177562550444,0.7479822437449556,0.3947758037225042,0.6052241962774958
2,active,2,yellow,18,15-18,38.0,273.52,7.1978947368421045,2260.6,8539.4,91.0,24.84175824175824,0.032030353420615,0.0044499613555987,17.0,48.56,2.856470588235294,0.0056865821954704,0.0019907721853994,22.0,122.48,5.567272727272727,0.0143429280745719,0.0025762934163992,78,10125.88,129.81897435897434,1.1857835445113238,0.0091341312035974,14.0,31.68,2.262857142857143,0.0037098625196149,0.0016394594467995,127.0,3607.44,28.40503937007874,0.4224465419116097,0.0148722392673958,76.0,1272.6,16.74473684210526,0.1490268637140782,0.0088999227111975,17.0,133.96,7.880000000000001,0.0156872848209476,0.0019907721853994,11.0,50.28,4.570909090909091,0.0058880014989343,0.0012881467081996,91.0,391.92,4.306813186813187,0.0458954961706911,0.010656486404197,17.0,48.4,2.847058823529412,0.0056678455160784,0.0019907721853994,4.2,5.0,0.8400000000000001,9.8,10.0,0.98,0.0004918378340398,0.0005855212309998,0.0011476216127596,0.0011710424619996,0.3,0.7000000000000001,0.3333333333333333,0.6666666666666666,171.26176138521643,8453.0,0.0202604710026282,0.0041904633874978,2.1735424900346683,0.0178167693721494,0.9898821931283228,56606.0,38088.666666666664,8523.0,0.6728733114275283,0.150567077694944,122204.0,4634.0,4315.0,6876.0,58954.0,405.0,1504.0,1989.0,63250.0,4229.0,2811.0,4887.0,0.4824228339497888,0.5175771660502111,0.0873974967630556,0.9126025032369444,0.3485515643105446,0.6514484356894554,0.2892670157068063,0.7107329842931938
2,active,2,yellow,21,18-21,25.0,142.8,5.712000000000001,8081.04,2718.96,30.0,269.368,0.0525200812075205,0.0091946920881513,12.0,40.56,3.3800000000000003,0.0149174684438167,0.0044134522023126,10.0,55.68,5.568,0.0204784182187306,0.0036778768352605,42,10310.76,245.49428571428572,3.7921705357930975,0.0154470827080942,3.0,5.56,1.8533333333333333,0.0020448995204048,0.0011033630505781,36.0,836.32,23.23111111111111,0.3075881954865095,0.0132403566069379,27.0,305.48,11.314074074074076,0.112351781563539,0.0099302674552034,8.0,61.4,7.675,0.0225821637684997,0.0029423014682084,3.0,14.6,4.866666666666666,0.0053697001794803,0.0011033630505781,25.0,105.08,4.2032,0.0386471297849177,0.0091946920881513,4.0,12.12,3.03,0.0044575867243357,0.0014711507341042,0.0,0.0,0.0,1.4,1.0,1.4,0.0,0.0,0.0005149027569364,0.000367787683526,0.0,1.0,0.0,1.0,58.97023114778837,2619.0,0.0225163158258069,0.0048687853208141,2.1434803028788476,0.0207545311128648,0.9632359431547356,202056.0,184560.0,3720.0,0.9134101437225324,0.0184107376172942,28608.0,1911.0,2428.0,3595.0,12552.0,69.0,567.0,1669.0,16056.0,1842.0,1861.0,1926.0,0.438758389261745,0.5612416107382551,0.0361067503924646,0.9638932496075352,0.2335255354200988,0.7664744645799012,0.4642559109874826,0.5357440890125174
2,active,2,yellow,24,21-24,48.0,401.36,8.361666666666666,2301.4,8498.6,75.0,30.685333333333336,0.0472266020285694,0.0056479890805544,22.0,95.8,4.3545454545454545,0.0112724448732732,0.0025886616619207,13.0,56.72,4.363076923076923,0.0066740404301885,0.0015296637093168,106,9845.12,92.87849056603774,1.1584402136822536,0.012472642552891,8.0,16.44,2.055,0.0019344362600898,0.0009413315134257,142.0,3892.04,27.408732394366197,0.45796248793919,0.0167086343633069,19.0,289.48,15.235789473684212,0.0340620808133104,0.0022356623443861,18.0,99.92,5.551111111111111,0.0117572306026875,0.0021179959052079,9.0,43.2,4.800000000000001,0.005083190172499,0.0010589979526039,102.0,367.36,3.6015686274509804,0.04322594309651,0.0120019767961781,17.0,42.32,2.489411764705882,0.0049796437060221,0.0020003294660296,2.4,3.0,0.7999999999999999,1.8,2.0,0.9,0.0002823994540277,0.0003529993175346,0.0002117995905207,0.0002353328783564,0.5714285714285714,0.4285714285714285,0.6,0.4,175.92621191608364,8422.0,0.0208888876651726,0.0044195299436545,2.154658527616744,0.0183830357994077,0.9909867507589484,57610.0,22339.999999999996,16353.0,0.3877798993230341,0.2838569692761673,104699.0,3605.0,3848.0,10082.0,33392.0,245.0,898.0,2959.0,71307.0,3360.0,2950.0,7123.0,0.3189333231453977,0.6810666768546022,0.0679611650485436,0.9320388349514565,0.2333679833679833,0.7666320166320166,0.2934933544931561,0.7065066455068438
2,active,3,blue,15,12-15,40.0,220.32,5.508,6910.68,3889.32,26.0,265.79538461538465,0.0566474345129739,0.0102845741672066,26.0,88.76,3.413846153846154,0.0228214700770314,0.0066849732086842,30.0,117.0,3.9,0.0300823794390793,0.0077134306254049,75,10123.28,134.97706666666667,2.6028405993849826,0.0192835765635123,3.0,4.32,1.4400000000000002,0.0011107340100583,0.0007713430625404,46.0,445.2,9.678260869565218,0.1144673104810095,0.0118272602922875,53.0,1189.0,22.433962264150946,0.3057089671202164,0.0136270607715487,10.0,86.04,8.604000000000001,0.0221221190336614,0.0025711435418016,16.0,82.68,5.1675,0.021258214803616,0.0041138296668826,48.0,162.52,3.3858333333333337,0.0417862248413604,0.0123414890006479,5.0,11.12,2.224,0.0028591116184834,0.0012855717709008,1.0,1.0,1.0,0.0,0.0,0.0,0.0002571143541801,0.0002571143541801,0.0,0.0,1.0,0.0,1.0,0.0,119.14411944830474,3866.0,0.0308184478655728,0.0060351265983337,2.194143684651103,0.0289191001921526,0.9940040932605184,172793.0,139513.99999999997,12375.0,0.8074053925795603,0.0716174845045806,40954.0,4244.0,5200.0,5548.0,18082.0,438.0,1094.0,1626.0,22872.0,3806.0,4106.0,3922.0,0.4415197538701958,0.5584802461298042,0.1032045240339302,0.8967954759660698,0.2103846153846154,0.7896153846153846,0.2930785868781543,0.7069214131218458
2,active,3,blue,18,15-18,46.0,362.24,7.874782608695653,6751.56,4048.44,35.0,192.9017142857143,0.0894764403078716,0.0113624013200146,22.0,123.36,5.607272727272727,0.030470996235587,0.0054341919356591,23.0,141.36,6.1460869565217395,0.0349171532738536,0.0056812006600073,99,9757.24,98.5579797979798,2.4101234055586844,0.0244538637104662,5.0,6.88,1.376,0.0016994200235152,0.0012350436217407,36.0,613.0,17.02777777777778,0.1514163480254122,0.0088923140765331,50.0,1135.44,22.7088,0.2804635859738566,0.0123504362174072,9.0,37.6,4.177777777777778,0.0092875280354902,0.0022230785191332,16.0,109.92,6.87,0.0271511989803479,0.0039521395895703,52.0,206.96,3.98,0.0511209255910918,0.0128444536661034,4.0,11.76,2.94,0.0029048225983341,0.0009880348973925,,,,,,,,,,,,,,,120.0928213508571,4013.0,0.0299259460131714,0.0053487281403344,2.104958684228916,0.0300658490710705,0.9912460108091018,168824.0,110307.33333333331,10662.0,0.6533865643115513,0.063154527792257,43797.0,3713.0,6663.0,9102.0,12536.0,161.0,1242.0,1274.0,31261.0,3552.0,5421.0,7828.0,0.286229650432678,0.713770349567322,0.043361163479666,0.956638836520334,0.1864025213867627,0.8135974786132373,0.1399692375302131,0.8600307624697868
2,active,3,blue,21,18-21,38.0,413.08,10.870526315789473,6489.96,4310.04,47.0,138.08425531914892,0.0958413378994162,0.0088166235116147,12.0,43.04,3.5866666666666664,0.0099859862089446,0.0027841968984046,16.0,99.56,6.2225,0.0230995536004306,0.0037122625312062,69,8733.72,126.57565217391304,2.026366344627892,0.0160091321658267,2.0,3.84,1.92,0.0008909430074894,0.0004640328164007,27.0,267.56,9.90962962962963,0.0620783101780957,0.0062644430214104,17.0,448.64,26.39058823529412,0.104091841375022,0.0039442789394065,3.0,37.0,12.333333333333334,0.0085846071034143,0.0006960492246011,6.0,32.36,5.3933333333333335,0.0075080509693645,0.0013920984492023,56.0,356.6,6.367857142857143,0.0827370511642583,0.0129929188592217,2.0,4.16,2.08,0.0009651882581136,0.0004640328164007,0.0,0.0,0.0,1.6,2.0,0.8,0.0,0.0,0.0003712262531206,0.0004640328164007,0.0,1.0,0.0,1.0,91.26421752817944,3103.0,0.0294116073245824,0.0058059734566543,2.060187274111928,0.0289018131352026,0.7199469146458037,162296.0,144025.0,2893.0,0.8874217479173855,0.0178254547247005,17949.0,1743.0,3593.0,10365.0,3151.0,29.0,132.0,2513.0,14798.0,1714.0,3461.0,7852.0,0.175552955596412,0.824447044403588,0.0166379804934021,0.983362019506598,0.0367381018647369,0.963261898135263,0.2424505547515677,0.7575494452484323
2,active,3,blue,24,21-24,93.0,1044.2,11.227956989247312,1516.48,9283.52,96.0,15.796666666666669,0.1124788873186032,0.0100177518872151,41.0,231.56,5.64780487804878,0.0249431250215435,0.0044164282513529,35.0,161.16,4.604571428571428,0.0173597945606838,0.0037701216779842,181,8305.68,45.88773480662984,0.8946692633828548,0.0194969149632897,11.0,31.64,2.8763636363636365,0.0034081899968977,0.0011848953845093,46.0,509.8,11.082608695652176,0.0549145151838957,0.0049550170624935,89.0,1747.32,19.632808988764044,0.1882174002964392,0.0095868808383027,12.0,78.96,6.579999999999999,0.0085053945055323,0.0012926131467374,18.0,161.08,8.94888888888889,0.0173511771397056,0.0019389197201061,146.0,733.52,5.024109589041096,0.0790131329495708,0.0157267932853055,9.0,20.2,2.2444444444444445,0.002175898797008,0.000969459860053,2.6,3.0,0.8666666666666667,5.0,5.0,1.0,0.0002800661817931,0.0003231532866843,0.0005385888111406,0.0005385888111406,0.3421052631578947,0.6578947368421053,0.375,0.625,261.6975108377324,9187.0,0.0284856330508035,0.0060276505721094,2.153267560441918,0.0267188799366644,0.9896030815897418,38008.0,9742.333333333332,18960.0,0.2563232301971514,0.4988423489791623,56563.0,6031.0,9894.0,26198.0,10630.0,328.0,1457.0,5987.0,45933.0,5703.0,8437.0,20211.0,0.1879320403797535,0.8120679596202465,0.0543856740175758,0.945614325982424,0.1472609662421669,0.852739033757833,0.2285288953355218,0.7714711046644782
2,active,3,green,15,12-15,99.0,686.8,6.937373737373737,5515.52,5284.48,66.0,83.56848484848486,0.1299654838319002,0.0187341043962698,52.0,248.24,4.773846153846154,0.0469752936902022,0.0098401356424851,69.0,244.56,3.5443478260869568,0.0462789148601186,0.0130571030640668,171,8811.24,51.527719298245614,1.6673807072786728,0.0323589075935569,21.0,37.24,1.7733333333333334,0.0070470509870412,0.003973900932542,17.0,155.68,9.15764705882353,0.0294598522465786,0.0032169674215816,73.0,853.12,11.686575342465751,0.1614387792176335,0.0138140365750272,24.0,116.0,4.833333333333333,0.0219510718178515,0.0045416010657623,16.0,102.48,6.405,0.0193926365508053,0.0030277340438415,79.0,371.8,4.706329113924051,0.0703569698437689,0.0149494368414678,3.0,7.12,2.3733333333333335,0.0013473416495095,0.0005677001332202,3.2,3.0,1.0666666666666669,1.0,1.0,1.0,0.0006055468087683,0.0005677001332202,0.00018923337774,0.00018923337774,0.7619047619047619,0.238095238095238,0.75,0.25,267.82872521770963,5226.0,0.0512492776918694,0.0140398360331471,2.043174406482158,0.0477274469668726,0.988933632069759,137954.0,126748.66666666666,3592.0,0.9187748573195896,0.0260376647288226,25310.0,5502.0,12441.0,17269.0,9079.0,273.0,2813.0,2176.0,16231.0,5229.0,9628.0,15093.0,0.3587119715527459,0.6412880284472541,0.049618320610687,0.950381679389313,0.2261072261072261,0.7738927738927739,0.126006138166657,0.8739938618333429
2,active,3,green,18,15-18,83.0,560.28,6.750361445783132,5810.88,4989.12,147.0,39.52979591836735,0.1123003655955358,0.0166362003720094,44.0,226.84,5.155454545454545,0.045466936052851,0.0088191905586556,39.0,177.36,4.547692307692308,0.0355493553973446,0.0078170098133538,134,9058.84,67.60328358208956,1.815719004553909,0.0268584439740876,26.0,52.84,2.0323076923076924,0.0105910461163491,0.0052113398755692,52.0,583.12,11.213846153846154,0.1168783272400744,0.0104226797511384,30.0,414.0,13.8,0.0829805657109871,0.0060130844718106,16.0,103.08,6.4425,0.0206609582451414,0.0032069783849656,15.0,52.6,3.506666666666667,0.0105429414405746,0.0030065422359053,80.0,346.04,4.3255,0.0693589250208453,0.0160348919248284,2.0,4.04,2.02,0.0008097620422038,0.0004008722981207,1.6,2.0,0.8,0.8,1.0,0.8,0.0003206978384965,0.0004008722981207,0.0001603489192482,0.0002004361490603,0.6666666666666666,0.3333333333333333,0.6666666666666666,0.3333333333333333,205.91784670422464,4871.0,0.0422742448581861,0.0115479126582712,2.0034705430870554,0.0396397748097904,0.9763244820729908,145419.0,105479.66666666666,4180.0,0.7253499657312088,0.0287445244431607,25010.0,3923.0,10188.0,14090.0,6707.0,361.0,883.0,3236.0,18303.0,3562.0,9305.0,10854.0,0.2681727309076369,0.7318272690923631,0.0920214121845526,0.9079785878154474,0.0866705928543384,0.9133294071456616,0.229666430092264,0.7703335699077359
2,active,3,green,21,18-21,50.0,453.72,9.0744,6670.52,4129.48,87.0,76.67264367816092,0.1098733981033931,0.0121080620320234,19.0,77.0,4.052631578947368,0.018646415529316,0.0046010635721688,24.0,112.6,4.691666666666666,0.0272673556961167,0.0058118697753712,84,8607.6,102.47142857142858,2.0844270949368933,0.0203415442137993,16.0,36.32,2.27,0.0087952962600618,0.0038745798502474,14.0,144.48,10.32,0.0349874560477348,0.0033902573689665,30.0,331.08,11.036,0.0801747435512461,0.007264837219214,10.0,48.84,4.884,0.0118271549928804,0.0024216124064046,5.0,22.08,4.4159999999999995,0.0053469201933415,0.0012108062032023,46.0,205.44,4.466086956521739,0.0497496052771777,0.0111394170694615,2.0,4.76,2.38,0.0011526875054486,0.0004843224812809,4.0,4.0,1.0,0.8,1.0,0.8,0.0009686449625618,0.0009686449625618,0.0001937289925123,0.0002421612406404,0.8333333333333334,0.1666666666666666,0.8,0.2,115.8567170972243,2880.0,0.0402280267698695,0.0090025042448156,2.011196392978241,0.0388515998343131,0.6974243730445481,166850.0,146956.66666666666,2748.0,0.8807711517330935,0.0164698831285585,11933.0,1788.0,4783.0,11393.0,5207.0,29.0,340.0,2747.0,6726.0,1759.0,4443.0,8646.0,0.436352970753373,0.563647029246627,0.0162192393736017,0.9837807606263982,0.0710850930378423,0.9289149069621576,0.2411129641007636,0.7588870358992363
2,active,3,green,24,21-24,107.0,1467.32,13.713271028037385,1715.08,9084.92,140.0,12.250571428571428,0.1615116038446128,0.0117777591877528,63.0,270.44,4.292698412698413,0.029768011165756,0.0069345684937236,48.0,224.4,4.675,0.024700272539549,0.0052834807571227,216,7922.44,36.67796296296296,0.8720429018637478,0.0237756634070525,27.0,112.44,4.164444444444444,0.0123765536735601,0.0029719579258815,32.0,433.04,13.5325,0.0476658022305094,0.0035223205047485,69.0,999.84,14.490434782608697,0.1100549041708677,0.007595003588364,35.0,198.24,5.664000000000001,0.0218207755269171,0.0038525380520687,25.0,85.32,3.4128,0.0093913870457857,0.0027518128943347,113.0,465.08,4.11575221238938,0.0511925256358889,0.0124381942823932,11.0,29.12,2.647272727272727,0.0032053116593211,0.0012107976735073,5.4,6.0,0.9,3.8,4.0,0.95,0.0005943915851763,0.0006604350946403,0.0004182755599388,0.0004402900630935,0.5869565217391305,0.4130434782608695,0.6,0.4,395.58188217715326,8966.0,0.0441202188464369,0.0084370738370934,2.1005859406306033,0.0416223394862603,0.9869101764242284,43017.0,12141.333333333332,19598.0,0.2822450039131816,0.455587325940907,35923.0,7149.0,12482.0,36790.0,8443.0,187.0,1652.0,8017.0,27480.0,6962.0,10830.0,28773.0,0.2350304818639868,0.7649695181360131,0.0261575045460903,0.9738424954539096,0.1323505848421727,0.8676494151578272,0.2179124762163631,0.7820875237836369
2,active,3,red,15,12-15,44.0,365.96,8.317272727272726,6339.96,4460.04,33.0,192.12,0.0820530757571681,0.0098653823732522,37.0,244.08,6.596756756756757,0.0547259665832593,0.0082958897229621,10.0,56.36,5.636,0.0126366579671931,0.0022421323575573,72,9868.32,137.06,2.2126079586730163,0.0161433529744127,3.0,5.32,1.7733333333333334,0.0011928144142205,0.0006726397072671,53.0,1178.56,22.23698113207547,0.2642487511322768,0.0118833014950538,50.0,635.96,12.7192,0.142590649411216,0.0112106617877866,20.0,89.2,4.46,0.0199998206294113,0.0044842647151146,7.0,46.96,6.708571428571429,0.0105290535510892,0.0015694926502901,52.0,232.36,4.468461538461539,0.0520981874602021,0.0116590882592981,7.0,16.52,2.36,0.0037040026546847,0.0015694926502901,0.0,0.0,0.0,2.4,3.0,0.7999999999999999,0.0,0.0,0.0005381117658137,0.0006726397072671,0.0,1.0,0.0,1.0,109.71151167805162,4425.0,0.0247935619611416,0.0067823444077515,2.0337796728738065,0.0233657853043642,0.9921435682191192,158532.0,135374.66666666666,7537.0,0.8539264417699055,0.0475424519970731,45466.0,3431.0,7558.0,9193.0,21347.0,254.0,1367.0,2074.0,24119.0,3177.0,6191.0,7119.0,0.4695156820481239,0.5304843179518761,0.0740308947828621,0.9259691052171378,0.1808679544853135,0.8191320455146864,0.225606439682367,0.774393560317633
2,active,3,red,18,15-18,67.0,737.16,11.002388059701492,5156.24,5643.76,50.0,103.1248,0.1306150509589351,0.0118715182785944,35.0,289.84,8.281142857142857,0.0513558336995194,0.0062015393992657,17.0,189.76,11.16235294117647,0.033622974754419,0.0030121762796433,113,8991.08,79.5670796460177,1.5931010531985768,0.0200221129176293,7.0,10.4,1.4857142857142858,0.0018427431357818,0.0012403078798531,43.0,1112.68,25.87627906976744,0.1971522531078571,0.0076190341190979,19.0,705.8,37.147368421052626,0.125058471657193,0.0033665499596014,15.0,121.8,8.12,0.0215813571094447,0.0026578025996853,3.0,15.52,5.173333333333333,0.0027499397564744,0.000531560519937,95.0,506.96,5.336421052631579,0.0898266403957645,0.016832749798007,5.0,11.72,2.3440000000000003,0.0020766297645541,0.0008859341998951,4.0,4.0,1.0,0.8,1.0,0.8,0.000708747359916,0.000708747359916,0.0001417494719832,0.000177186839979,0.8333333333333334,0.1666666666666666,0.8,0.2,137.28548543775145,5589.0,0.0245635150183845,0.0055557000467979,2.0514638612292018,0.0234218044947543,0.9902972486427488,128956.0,98145.66666666664,4957.0,0.7610787141867509,0.0384394677254257,45524.0,3451.0,12042.0,18496.0,10219.0,29.0,1363.0,2505.0,35305.0,3422.0,10679.0,15991.0,0.2244750021966435,0.7755249978033565,0.0084033613445378,0.9915966386554622,0.1131871782095997,0.8868128217904002,0.1354346885813148,0.8645653114186851
2,active,3,red,21,18-21,31.0,282.2,9.103225806451611,7266.6,3533.3999999999996,43.0,168.9906976744186,0.0798664176147619,0.0087734193694458,8.0,39.8,4.975,0.0112639384162562,0.0022641082243731,3.0,16.16,5.386666666666667,0.0045734986132337,0.0008490405841399,61,8944.04,146.62360655737706,2.531284315390276,0.017263825210845,4.0,10.64,2.66,0.0030112639384162,0.0011320541121865,22.0,619.08,28.14,0.1752080149431143,0.006226297617026,2.0,41.16,20.58,0.0116488368143997,0.0005660270560932,4.0,31.08,7.77,0.0087960604516895,0.0011320541121865,2.0,4.88,2.44,0.0013811060168676,0.0005660270560932,29.0,128.08,4.416551724137931,0.0362483726722137,0.0082073923133525,2.0,4.72,2.36,0.0013358238523801,0.0005660270560932,0.8,1.0,0.8,2.4,2.0,1.2,0.0002264108224373,0.0002830135280466,0.0006792324673119,0.0005660270560932,0.25,0.7499999999999999,0.3333333333333333,0.6666666666666666,64.81373171611791,2327.0,0.027852914360171,0.0059534055598909,2.01248180423461,0.0245600925094878,0.6585724797645328,181708.0,155346.3333333333,1703.0,0.8549229166208054,0.0093721795408017,16530.0,905.0,1410.0,7086.0,8834.0,0.0,150.0,1426.0,7696.0,905.0,1260.0,5660.0,0.534422262552934,0.4655777374470659,0.0,1.0,0.1063829787234042,0.8936170212765957,0.2012418854078464,0.7987581145921535
2,active,3,red,24,21-24,86.0,978.96,11.38325581395349,1815.72,8984.28,103.0,17.62834951456311,0.108963656520055,0.0095722751294483,43.0,176.76,4.110697674418605,0.0196743645567591,0.0047861375647241,18.0,76.08,4.226666666666667,0.0084681243238189,0.0020034994456984,148,8454.56,57.1254054054054,0.9410392374235886,0.016473217664632,6.0,11.32,1.8866666666666667,0.0012599785402948,0.0006678331485661,35.0,584.24,16.69257142857143,0.0650291397863824,0.0038956933666359,77.0,1366.28,17.743896103896102,0.152074512370496,0.008570525406599,16.0,100.48,6.28,0.0111839791279879,0.0017808883961764,12.0,166.48,13.873333333333331,0.0185301437622157,0.0013356662971323,110.0,600.24,5.456727272727273,0.0668100281825588,0.0122436077237129,17.0,46.16,2.7152941176470584,0.005137863022969,0.0018921939209374,7.2,7.0,1.0285714285714287,6.4,7.0,0.9142857142857144,0.0008013997782793,0.0007791386733271,0.0007123553584705,0.0007791386733271,0.5294117647058824,0.4705882352941176,0.5,0.5,236.32431252972432,8881.0,0.0266101016247859,0.006064402805804,2.077749753401904,0.0244705685806448,0.988504365402681,45496.0,14094.333333333332,17683.0,0.3097928022976378,0.3886715315632143,48875.0,6702.0,6382.0,24560.0,21897.0,210.0,855.0,5355.0,26978.0,6492.0,5527.0,19205.0,0.4480204603580562,0.5519795396419437,0.0313339301700984,0.9686660698299016,0.1339705421497963,0.8660294578502037,0.2180374592833876,0.7819625407166124
2,active,3,yellow,15,12-15,41.0,193.72,4.724878048780488,6679.08,4120.92,64.0,104.360625,0.0470089203381769,0.0099492346369257,24.0,164.92,6.871666666666666,0.0400201896663851,0.0058239422264931,29.0,117.32,4.04551724137931,0.0284693709171738,0.0070372635236791,68,10281.2,151.19411764705885,2.494879784125875,0.0165011696417304,4.0,10.16,2.54,0.002465468875882,0.0009706570377488,29.0,246.56,8.50206896551724,0.0598312998068392,0.0070372635236791,80.0,630.6,7.8825,0.1530240820011065,0.019413140754977,11.0,103.96,9.450909090909091,0.0252273764110926,0.0026693068538093,6.0,37.6,6.266666666666667,0.0091241761548392,0.0014559855566232,50.0,177.4,3.548,0.0430486396241616,0.0121332129718606,2.0,4.68,2.34,0.0011356687341661,0.0004853285188744,0.8,1.0,0.8,1.6,1.0,1.6,0.0001941314075497,0.0002426642594372,0.0003882628150995,0.0002426642594372,0.3333333333333333,0.6666666666666666,0.5,0.5,166.85620679660755,4060.0,0.0410975878809378,0.0086175312286525,2.193230150993685,0.038959969084774,0.985216893315085,167041.0,135514.66666666666,15575.0,0.8112658967957966,0.093240581653606,22038.0,3556.0,7109.0,4884.0,9919.0,353.0,1744.0,1250.0,12119.0,3203.0,5365.0,3634.0,0.450086214720029,0.5499137852799709,0.0992688413948256,0.9007311586051744,0.2453228302152201,0.7546771697847798,0.2559377559377559,0.7440622440622441
2,active,3,yellow,18,15-18,39.0,234.04,6.001025641025641,7076.56,3723.44,117.0,60.48341880341881,0.0628558537266613,0.0104741851621081,21.0,96.84,4.611428571428571,0.0260082074640654,0.0056399458565197,18.0,82.36,4.575555555555556,0.0221193305115699,0.0048342393055883,78,10168.92,130.37076923076924,2.7310551532990996,0.0209483703242163,5.0,8.12,1.624,0.0021807790645209,0.0013428442515523,66.0,655.8,9.936363636363636,0.1761274520336033,0.0177255441204907,11.0,121.36,11.032727272727271,0.0325935156736781,0.0029542573534151,7.0,83.4,11.914285714285716,0.0223986421158928,0.0018799819521732,2.0,2.56,1.28,0.0006875362567947,0.0005371377006209,48.0,173.0,3.6041666666666665,0.0464624111037105,0.0128913048149023,3.0,6.24,2.08,0.0016758696259373,0.0008057065509313,0.0,0.0,0.0,4.0,4.0,1.0,0.0,0.0,0.0010742754012418,0.0010742754012418,0.0,1.0,0.0,1.0,144.58424076489163,3606.0,0.0400954633291435,0.0082010933422625,2.1117395617884123,0.0375157380358917,0.9684592742195388,177031.0,113422.0,23752.0,0.6406900486355496,0.1341685919415243,19506.0,2158.0,4519.0,5890.0,5520.0,229.0,649.0,1488.0,13986.0,1929.0,3870.0,4402.0,0.2829898492771455,0.7170101507228545,0.1061167747914735,0.8938832252085264,0.1436158442133215,0.8563841557866785,0.2526315789473684,0.7473684210526316
2,active,3,yellow,21,18-21,10.0,68.48,6.848000000000001,8667.4,2132.6000000000004,74.0,117.12702702702704,0.0321110381693707,0.0046891118822095,,,,,,6.0,26.52,4.42,0.0124355247116196,0.0028134671293257,18,9517.84,528.7688888888889,4.463021663696895,0.0084404013879771,1.0,2.84,2.84,0.0013317077745475,0.0004689111882209,3.0,11.08,3.693333333333334,0.0051955359654881,0.0014067335646628,32.0,280.52,8.76625,0.1315389665197411,0.0150051580230704,,,,,,,,,,,6.0,21.24,3.5399999999999996,0.0099596736378129,0.0028134671293257,1.0,2.52,2.52,0.0011816561943167,0.0004689111882209,,,,,,,,,,,,,,,39.231264783596075,916.0,0.0428288916851485,0.0094588657633758,2.044186453424687,0.0382580170121454,0.429522648410391,216759.0,160718.0,22310.0,0.7414594088365419,0.1029253687274807,7325.0,0.0,669.0,1722.0,780.0,0.0,114.0,15.0,6545.0,0.0,555.0,1707.0,0.1064846416382252,0.8935153583617748,0.0,0.0,0.1704035874439461,0.8295964125560538,0.0087108013937282,0.9912891986062716
2,active,3,yellow,24,21-24,81.0,480.12,5.927407407407408,2980.6,7819.4,135.0,22.07851851851852,0.0614011305215233,0.0103588510627413,29.0,194.64,6.711724137931034,0.024891935442617,0.0037087244545617,31.0,189.52,6.113548387096775,0.0242371537458117,0.0039644985548763,151,9631.6,63.78543046357616,1.2317569122950611,0.0193109445737524,18.0,61.2,3.4000000000000004,0.0078266874696268,0.0023019669028314,62.0,768.36,12.392903225806451,0.0982632938588638,0.0079289971097526,81.0,743.28,9.176296296296297,0.0950558866409187,0.0103588510627413,18.0,145.04,8.057777777777778,0.0185487377548149,0.0023019669028314,10.0,66.4,6.640000000000001,0.0084917001304447,0.001278870501573,81.0,340.68,4.205925925925926,0.0435685602475893,0.0103588510627413,4.0,9.12,2.28,0.0011663298974345,0.0005115482006292,2.0,2.0,1.0,2.0,2.0,1.0,0.0002557741003146,0.0002557741003146,0.0002557741003146,0.0002557741003146,0.5,0.5,0.5,0.5,254.5895585079438,7690.0,0.0331065745784062,0.0074154860073494,2.1357633984648845,0.0306847444666648,0.9834514157096452,74650.0,16685.333333333332,40559.0,0.2235141772717124,0.5433221701272606,37934.0,5314.0,9664.0,12084.0,22112.0,377.0,1619.0,4116.0,15822.0,4937.0,8045.0,7968.0,0.5829071545315548,0.4170928454684452,0.0709446744448626,0.9290553255551374,0.1675289735099338,0.8324710264900662,0.3406156901688182,0.6593843098311817
2,active,4,blue,15,12-15,69.0,495.6,7.182608695652174,4841.64,5958.36,62.0,78.09096774193549,0.0831772501158036,0.0115803677522002,50.0,254.88,5.0976,0.0427768714881276,0.0083915708349277,49.0,199.52,4.0718367346938775,0.0334857242596956,0.0082237394182291,169,9068.08,53.65727810650888,1.521908713135829,0.0283635094220557,41.0,107.16,2.613658536585366,0.0179848146134171,0.0068810880846407,58.0,591.52,10.198620689655172,0.099275639605529,0.0097342221685161,75.0,855.04,11.400533333333334,0.1435025745339321,0.0125873562523915,20.0,143.4,7.17,0.0240670251545727,0.003356628333971,54.0,282.36,5.228888888888889,0.0473888788190038,0.0090628965017219,102.0,399.24,3.914117647058823,0.0670050148027309,0.0171188045032525,,,,,,6.2,7.0,0.8857142857142858,1.6,2.0,0.8,0.001040554783531,0.0011748199168898,0.0002685302667176,0.0003356628333971,0.7948717948717948,0.2051282051282051,0.7777777777777778,0.2222222222222222,257.5879258474745,5896.0,0.0436885898655825,0.010879415852705,2.081948142322497,0.041821373151648,0.9895340328546782,121103.0,85950.33333333331,18155.0,0.7097291836976236,0.1499137098172629,36297.0,10718.0,11459.0,12459.0,12824.0,764.0,2800.0,4449.0,23473.0,9954.0,8659.0,8010.0,0.3533074358762432,0.6466925641237568,0.0712819555887292,0.9287180444112708,0.2443494196701282,0.7556505803298718,0.3570912593306043,0.6429087406693956
2,active,4,blue,18,15-18,60.0,706.96,11.782666666666668,5318.64,5481.36,68.0,78.21529411764706,0.1289752908037421,0.0109461885371513,30.0,196.68,6.556,0.0358816060247821,0.0054730942685756,41.0,197.88,4.826341463414634,0.0361005297955252,0.0074798955003867,137,9201.32,67.1629197080292,1.6786563918443598,0.0249937971598289,19.0,92.56,4.8715789473684215,0.0168863201833121,0.0034662930367645,76.0,656.44,8.637368421052633,0.1197586000554607,0.0138651721470583,32.0,203.76,6.3675,0.037173256272166,0.005837967219814,16.0,91.56,5.7225,0.0167038837076929,0.002918983609907,30.0,120.2,4.006666666666667,0.0219288643694265,0.0054730942685756,93.0,405.96,4.365161290322581,0.0740619116423661,0.0169665922325846,7.0,18.56,2.6514285714285712,0.0033860209874921,0.0012770553293343,4.4,5.0,0.8800000000000001,1.6,2.0,0.8,0.0008027204927244,0.0009121823780959,0.0002918983609907,0.0003648729512383,0.7333333333333334,0.2666666666666666,0.7142857142857143,0.2857142857142857,190.97807918424436,5411.0,0.035294414929633,0.0068072186863692,2.0853373383411964,0.0328499328772032,0.987163769575434,133034.0,98168.0,12778.0,0.7379166228182269,0.0960506336725949,21613.0,5340.0,9935.0,17734.0,3210.0,418.0,2532.0,6887.0,18403.0,4922.0,7403.0,10847.0,0.148521723037061,0.851478276962939,0.0782771535580524,0.9217228464419476,0.2548565676899849,0.7451434323100151,0.3883500620277433,0.6116499379722566
2,active,4,blue,21,18-21,22.0,177.92,8.087272727272726,8834.96,1965.0400000000009,88.0,100.39727272727272,0.0905426861539713,0.0111957008508732,4.0,15.04,3.76,0.0076537882180515,0.002035581972886,10.0,39.24,3.924,0.0199690591540121,0.0050889549322151,57,10369.16,181.91508771929824,5.276818792492771,0.0290070431136261,12.0,45.88,3.8233333333333337,0.0233481252290029,0.0061067459186581,15.0,186.8,12.453333333333337,0.0950616781337784,0.0076334323983226,3.0,5.76,1.92,0.0029312380409559,0.0015266864796645,5.0,21.56,4.311999999999999,0.0109717868338557,0.0025444774661075,8.0,44.32,5.54,0.0225542482595774,0.004071163945772,28.0,114.96,4.105714285714286,0.0585026259007449,0.0142490738102023,3.0,7.12,2.3733333333333335,0.0036233359117371,0.0015266864796645,0.0,0.0,0.0,1.2,1.0,1.2,0.0,0.0,0.0006106745918658,0.0005088954932215,0.0,1.0,0.0,1.0,78.34238012870628,1883.0,0.0416050876944802,0.0089154203080778,2.0446449831928155,0.0369523806380889,0.9582502137361067,220962.0,161935.3333333333,19671.0,0.7328650778565242,0.0890243571292801,4832.0,1660.0,1371.0,4470.0,4617.0,378.0,282.0,2186.0,215.0,1282.0,1089.0,2284.0,0.9555049668874172,0.0444950331125827,0.2277108433734939,0.772289156626506,0.2056892778993435,0.7943107221006565,0.4890380313199105,0.5109619686800895
2,active,4,blue,24,21-24,42.0,282.16,6.718095238095239,6525.28,4274.72,37.0,176.3589189189189,0.0660066624246734,0.0098252049257027,24.0,112.2,4.675,0.026247333158663,0.0056144028146872,33.0,125.92,3.815757575757576,0.0294569001010592,0.007719803870195,98,9823.84,100.24326530612244,2.2981247894598944,0.022925478159973,10.0,35.6,3.56,0.0083280308417861,0.0023393345061196,28.0,345.96,12.355714285714283,0.0809316165737171,0.0065501366171351,31.0,665.68,21.473548387096773,0.1557248194033761,0.007251936968971,6.0,35.04,5.84,0.0081970281094434,0.0014036007036718,22.0,133.56,6.070909090909091,0.0312441516637347,0.0051465359134633,84.0,320.64,3.817142857142857,0.075008421604222,0.0196504098514054,5.0,11.72,2.3440000000000003,0.0027417000411722,0.0011696672530598,2.8,3.0,0.9333333333333332,2.4,3.0,0.7999999999999999,0.0006550136617135,0.0007018003518359,0.0005614402814687,0.0007018003518359,0.5384615384615385,0.4615384615384615,0.5,0.5,150.5714086240813,4238.0,0.0355288835828412,0.0060740627431438,2.1225630672790947,0.0351122905447098,0.9914099636935284,163169.0,115785.66666666664,18826.0,0.7096057870469675,0.1153773081896683,25350.0,4243.0,6010.0,7096.0,2436.0,382.0,1706.0,2728.0,22914.0,3861.0,4304.0,4368.0,0.096094674556213,0.903905325443787,0.0900306386990337,0.9099693613009664,0.2838602329450915,0.7161397670549084,0.3844419391206313,0.6155580608793687
2,active,4,green,15,12-15,105.0,1044.92,9.95161904761905,4072.12,6727.88,123.0,33.10666666666667,0.1553119258964191,0.0156066992871454,28.0,271.24,9.687142857142858,0.0403158201394793,0.0041617864765721,77.0,603.36,7.835844155844156,0.0896805531608768,0.0114449128105733,199,8477.24,42.5991959798995,1.2600165282377211,0.0295784110299232,25.0,81.52,3.2607999999999997,0.0121167440560771,0.0037158807826536,44.0,362.6,8.240909090909092,0.0538951348716088,0.0065399501774704,80.0,1142.4,14.28,0.1698008882441423,0.0118908185044917,20.0,159.48,7.973999999999999,0.0237043466887043,0.0029727046261229,25.0,70.44,2.8176,0.0104698656932049,0.0037158807826536,83.0,321.8,3.87710843373494,0.047830817434318,0.0123367241984101,3.0,8.12,2.7066666666666666,0.0012069180782059,0.0004459056939184,3.8,4.0,0.95,2.6,3.0,0.8666666666666667,0.0005648138789633,0.0005945409252245,0.0003864516013959,0.0004459056939184,0.5937499999999999,0.40625,0.5714285714285714,0.4285714285714285,294.1261688034991,6635.0,0.0443294903999245,0.0127399142254653,2.117098445738105,0.0406020116912556,0.986194759716285,101926.0,83754.0,4570.0,0.8217137923591625,0.0448364499735101,37749.0,5793.0,21970.0,26228.0,12407.0,1239.0,4355.0,6459.0,25342.0,4554.0,17615.0,19769.0,0.3286709581710774,0.6713290418289226,0.2138788192646297,0.7861211807353703,0.1982248520710059,0.8017751479289941,0.2462635351532713,0.7537364648467287
2,active,4,green,18,15-18,118.0,1352.48,11.461694915254238,5329.44,5470.56,109.0,48.89394495412843,0.2472288029013483,0.0215700038021701,17.0,154.12,9.065882352941175,0.0281726185253429,0.0031075429206516,38.0,360.76,9.493684210526316,0.0659457167090754,0.0069462724108683,150,8318.36,55.455733333333335,1.520568278201866,0.0274194963586908,14.0,79.08,5.648571428571429,0.0144555584803018,0.0025591529934778,37.0,439.56,11.88,0.0803500921295077,0.006763475768477,26.0,235.56,9.06,0.0430595770816881,0.004752712702173,10.0,64.88,6.4879999999999995,0.0118598461583457,0.0018279664239127,15.0,93.04,6.202666666666667,0.017007399608084,0.002741949635869,58.0,252.36,4.351034482758621,0.0461305606738615,0.0106022052586938,1.0,2.52,2.52,0.000460647538826,0.0001827966423912,0.8,1.0,0.8,3.6,4.0,0.9,0.000146237313913,0.0001827966423912,0.0006580679126085,0.000731186569565,0.1818181818181818,0.8181818181818181,0.2,0.8,203.49566283740708,5381.0,0.037817443381789,0.0099836853134339,2.055730998589018,0.0356923007737707,0.9836287327074376,133345.0,100380.66666666666,7149.0,0.7527891309510417,0.053612808879223,16941.0,3973.0,12927.0,33930.0,2270.0,692.0,3492.0,8078.0,14671.0,3281.0,9435.0,25852.0,0.1339944513310902,0.8660055486689098,0.1741756858796879,0.8258243141203121,0.2701322812717568,0.7298677187282432,0.2380783966990863,0.7619216033009136
2,active,4,green,21,18-21,79.0,963.6,12.19746835443038,6426.6,4373.4,132.0,48.68636363636364,0.2203320071340376,0.018063749028216,15.0,96.12,6.408,0.0219783235011661,0.0034298257648511,34.0,271.12,7.974117647058824,0.0619929574244295,0.0077742717336625,126,8895.12,70.59619047619049,2.0339141171628485,0.0288105364247496,14.0,42.48,3.0342857142857143,0.0097132665660584,0.003201170713861,17.0,229.88,13.52235294117647,0.0525632231215987,0.0038871358668312,16.0,405.28,25.33,0.0926693190652581,0.0036584808158412,11.0,65.8,5.9818181818181815,0.015045502355147,0.0025152055608908,9.0,46.64,5.182222222222222,0.0106644715781771,0.0020578954589106,61.0,286.84,4.702295081967213,0.0655874148259935,0.0139479581103946,4.0,11.12,2.78,0.0025426441670096,0.0009146202039603,5.0,5.0,1.0,0.8,1.0,0.8,0.0011432752549503,0.0011432752549503,0.000182924040792,0.00022865505099,0.8620689655172414,0.1379310344827586,0.8333333333333334,0.1666666666666666,158.9102255280865,4267.0,0.0372416746023169,0.0086292477550643,2.002568382946137,0.034935184416495,0.975671102574656,160797.0,138190.0,4303.0,0.8594065809685504,0.0267604495108739,15899.0,2831.0,9230.0,24169.0,2439.0,0.0,1615.0,3868.0,13460.0,2831.0,7615.0,20301.0,0.1534058745833071,0.8465941254166929,0.0,1.0,0.1749729144095341,0.8250270855904659,0.1600397203028673,0.8399602796971327
2,active,4,green,24,21-24,130.0,939.36,7.225846153846154,5352.24,5447.76,97.0,55.17773195876288,0.1724305035464117,0.0238630189288808,31.0,189.76,6.121290322580645,0.0348326651688033,0.0056904122061177,73.0,626.96,8.588493150684933,0.1150858334434703,0.0134000029369869,204,8388.92,41.1221568627451,1.5398842827143633,0.0374465835499361,15.0,37.56,2.504,0.0068945768536058,0.0027534252610247,34.0,417.04,12.265882352941176,0.0765525647238498,0.0062410972583226,40.0,453.8,11.345,0.083300292230201,0.0073424673627325,13.0,74.64,5.741538461538462,0.0137010440988589,0.002386301892888,9.0,19.12,2.1244444444444444,0.0035096993993861,0.0016520551566148,72.0,301.6,4.188888888888889,0.0553622039150036,0.0132164412529186,7.0,18.16,2.5942857142857143,0.0033334801826805,0.0012849317884782,7.8,8.0,0.975,1.0,1.0,1.0,0.0014317811357328,0.0014684934725465,0.0001835616840683,0.0001835616840683,0.8863636363636362,0.1136363636363636,0.8888888888888888,0.1111111111111111,274.73800319373566,5372.0,0.0511425918082158,0.0140500584589962,2.0550450203457635,0.0472902899547862,0.9860933668149844,133903.0,113104.33333333331,1510.0,0.8446736319076743,0.011276819787458,21845.0,2366.0,20522.0,23614.0,4721.0,380.0,3624.0,5155.0,17124.0,1986.0,16898.0,18459.0,0.2161135271229114,0.7838864728770886,0.1606086221470836,0.8393913778529163,0.1765909755384465,0.8234090244615535,0.2183027017870754,0.7816972982129246
2,active,4,red,15,12-15,63.0,570.04,9.048253968253968,5684.72,5115.28,49.0,116.01469387755104,0.1114386700239283,0.0123160413506201,21.0,103.6,4.933333333333333,0.0202530457765752,0.0041053471168733,61.0,339.72,5.569180327868853,0.06641278678782,0.0119250559109178,141,9447.76,67.00539007092199,1.8469682989005491,0.0275644734990068,15.0,30.44,2.029333333333333,0.0059507983922678,0.0029323907977666,34.0,601.0,17.676470588235293,0.1174911246305187,0.0066467524749378,61.0,1053.88,17.276721311475413,0.2060258675966907,0.0119250559109178,20.0,139.2,6.959999999999999,0.0272125866032748,0.0039098543970222,21.0,97.88,4.660952380952381,0.0191348274190269,0.0041053471168733,67.0,274.08,4.090746268656716,0.0535806446567929,0.0130980122300245,4.0,9.24,2.31,0.0018063527314242,0.0007819708794044,0.8,1.0,0.8,5.4,6.0,0.9,0.0001563941758808,0.0001954927198511,0.001055660687196,0.0011729563191066,0.1290322580645161,0.8709677419354839,0.1428571428571428,0.8571428571428571,168.390279073177,5061.0,0.0332721357583831,0.0090659663745978,2.097617278595233,0.0313761676639185,0.9893886551664816,142167.0,92802.33333333331,22952.0,0.6527698645489693,0.1614439356531403,41467.0,5968.0,11165.0,14314.0,13400.0,958.0,3304.0,4587.0,28067.0,5010.0,7861.0,9727.0,0.3231485277449538,0.6768514722550462,0.1605227882037533,0.8394772117962467,0.2959247648902821,0.7040752351097179,0.3204554981137348,0.6795445018862651
2,active,4,red,18,15-18,51.0,519.16,10.179607843137257,5316.36,5483.64,58.0,91.66137931034484,0.094674340401631,0.0093003917106155,18.0,123.88,6.882222222222222,0.022590833825707,0.0032824911919819,48.0,290.12,6.0441666666666665,0.0529064635898782,0.0087533098452852,120,9301.04,77.50866666666667,1.6961434375706648,0.0218832746132131,10.0,21.2,2.12,0.0038660451816676,0.0018236062177677,46.0,602.12,13.089565217391304,0.1098029775842323,0.0083885886017316,48.0,1025.68,21.368333333333336,0.1870436425440036,0.0087533098452852,18.0,140.8,7.822222222222223,0.02567637554617,0.0032824911919819,20.0,140.56,7.0280000000000005,0.0256326089969436,0.0036472124355355,84.0,375.12,4.465714285714286,0.0684071164409042,0.0153182922292491,6.0,13.64,2.2733333333333334,0.0024873988810352,0.0010941637306606,2.4,3.0,0.7999999999999999,1.6,2.0,0.8,0.0004376654922642,0.0005470818653303,0.0002917769948428,0.0003647212435535,0.6,0.4,0.6,0.4,163.47062076389295,5418.0,0.0301717646297329,0.0071606256925353,2.090685802997079,0.0282733762975576,0.9880298487865724,132967.0,96491.33333333331,15691.0,0.7256788025098959,0.1180067234727413,40789.0,7072.0,10416.0,13030.0,12588.0,104.0,3199.0,3372.0,28201.0,6968.0,7217.0,9658.0,0.3086126161465101,0.6913873838534899,0.0147058823529411,0.9852941176470588,0.3071236559139785,0.6928763440860215,0.2587874136607828,0.7412125863392172
2,active,4,red,21,18-21,36.0,551.76,15.326666666666666,7251.84,3548.16,51.0,142.19294117647058,0.1555059523809523,0.0101461038961038,9.0,54.72,6.08,0.0154220779220779,0.0025365259740259,21.0,149.56,7.121904761904762,0.0421514249639249,0.0059185606060606,87,9562.12,109.90942528735631,2.69495174963925,0.024519751082251,3.0,6.16,2.0533333333333332,0.0017361111111111,0.0008455086580086,4.0,36.64,9.16,0.010326479076479,0.0011273448773448,24.0,889.84,37.07666666666667,0.2507891414141414,0.0067640692640692,8.0,84.64,10.58,0.0238546176046176,0.0022546897546897,10.0,110.72,11.072,0.0312049062049062,0.0028183621933621,66.0,311.36,4.717575757575758,0.0877525252525252,0.0186011904761904,6.0,13.76,2.2933333333333334,0.0038780663780663,0.0016910173160173,0.8,1.0,0.8,0.0,0.0,0.0,0.0002254689754689,0.0002818362193362,0.0,0.0,1.0,0.0,1.0,0.0,100.74669659287876,3492.0,0.0288507149464143,0.0064884030225399,2.132637160882485,0.027671833003233,0.984172077922078,181347.0,151405.6666666667,5150.0,0.8348947965318791,0.0283985949588358,23190.0,4902.0,5137.0,13830.0,11783.0,203.0,820.0,2409.0,11407.0,4699.0,4317.0,11421.0,0.508106942647693,0.491893057352307,0.0414116687066503,0.9585883312933496,0.1596262409966906,0.8403737590033094,0.1741865509761388,0.8258134490238612
2,active,4,red,24,21-24,42.0,340.16,8.099047619047619,6522.16,4277.84,47.0,138.76936170212767,0.0795167654704243,0.0098180390103416,16.0,104.88,6.555,0.0245170459858246,0.003740205337273,24.0,152.56,6.3566666666666665,0.0356628578908982,0.0056103080059095,86,9906.44,115.19116279069767,2.315757485085931,0.0201036036878424,9.0,20.28,2.2533333333333334,0.0047407102649935,0.002103865502216,9.0,228.72,25.413333333333338,0.0534662352963177,0.002103865502216,38.0,1344.92,35.39263157894737,0.3143923101378266,0.0088829876760234,15.0,115.92,7.728,0.027097787668543,0.0035064425036934,16.0,71.56,4.4725,0.0167280683709535,0.003740205337273,59.0,229.52,3.890169491525424,0.0536532455631814,0.0137920071811942,10.0,26.36,2.636,0.0061619882931572,0.0023376283357956,0.8,1.0,0.8,7.0,7.0,1.0,0.0001870102668636,0.0002337628335795,0.0016363398350569,0.0016363398350569,0.1025641025641025,0.8974358974358975,0.125,0.875,121.93759804767949,4235.0,0.0287928212627342,0.0056266015236714,2.1334578513263702,0.0268630349097036,0.9899856002094516,163101.0,125926.66666666666,7185.0,0.7720778331626824,0.0440524582927143,39388.0,4718.0,6476.0,8546.0,5737.0,320.0,2127.0,2902.0,33651.0,4398.0,4349.0,5644.0,0.1456534985274702,0.8543465014725297,0.0678253497244595,0.9321746502755404,0.3284434836318715,0.6715565163681285,0.3395740697402293,0.6604259302597707
2,active,4,yellow,15,12-15,100.0,683.12,6.8312,3930.2,6869.8,94.0,41.81063829787234,0.0994381204693004,0.0145564645258959,35.0,244.32,6.980571428571428,0.0355643541296689,0.0050947625840635,97.0,652.96,6.731546391752578,0.0950478907682902,0.014119770590119,232,8626.8,37.18448275862069,1.2557570817199917,0.0337709977000786,24.0,114.24,4.76,0.0166293050743835,0.003493551486215,35.0,321.16,9.176,0.0467495414713674,0.0050947625840635,63.0,770.04,12.222857142857142,0.1120905994352091,0.0091705726513144,18.0,95.04,5.28,0.0138344638854115,0.0026201636146612,53.0,293.36,5.535094339622642,0.0427028443331683,0.0077149261987248,69.0,261.76,3.793623188405797,0.0381030015429852,0.0100439605228682,2.0,4.16,2.08,0.0006055489242772,0.0002911292905179,1.6,2.0,0.8,2.8,3.0,0.9333333333333332,0.0002329034324143,0.0002911292905179,0.000407581006725,0.0004366939357768,0.3636363636363636,0.6363636363636362,0.4,0.6,246.1607496904308,6761.0,0.0364089261485624,0.0104231301406632,2.2140988140582767,0.0348213181718782,0.9841625665958252,98349.0,78810.66666666667,10350.0,0.8013367361810153,0.1052374706402708,27378.0,9781.0,22564.0,17178.0,5905.0,1215.0,4196.0,4463.0,21473.0,8566.0,18368.0,12715.0,0.2156841259405362,0.7843158740594638,0.1242204273591657,0.8757795726408343,0.1859599361815281,0.8140400638184719,0.2598090580975666,0.7401909419024334
2,active,4,yellow,18,15-18,65.0,412.96,6.353230769230769,5522.56,5277.44,60.0,92.04266666666668,0.0782500606354596,0.0123165777346592,28.0,197.96,7.07,0.0375106112054329,0.0053056027164685,66.0,528.0,8.0,0.1000485083676934,0.0125060635459616,144,9232.24,64.11277777777778,1.749378486538928,0.0272859568275527,12.0,34.2,2.85,0.0064804147465437,0.0022738297356293,14.0,203.72,14.551428571428572,0.038602049478535,0.0026528013582342,48.0,1158.32,24.131666666666664,0.2194852049478535,0.0090953189425175,11.0,56.0,5.090909090909091,0.0106112054329371,0.0020843439243269,33.0,195.88,5.935757575757576,0.0371164807179238,0.0062530317729808,61.0,306.6,5.026229508196722,0.058096349745331,0.0115586344894494,3.0,6.76,2.2533333333333334,0.0012809240844045,0.0005684574339073,0.0,0.0,0.0,0.8,1.0,0.8,0.0,0.0,0.0001515886490419,0.0001894858113024,0.0,1.0,0.0,1.0,167.40172498362438,5225.0,0.0320386076523683,0.0077274926184758,2.142363744087623,0.0306065981646303,0.9900633640552996,138124.0,101235.33333333331,11702.0,0.7329307964823877,0.0847209753554776,34113.0,6341.0,18243.0,10389.0,9649.0,341.0,3682.0,4423.0,24464.0,6000.0,14561.0,5966.0,0.2828540439128778,0.7171459560871222,0.0537770067812647,0.9462229932187352,0.2018308392260045,0.7981691607739955,0.4257387621522764,0.5742612378477235
2,active,4,yellow,21,18-21,44.0,364.8,8.290909090909091,6831.24,3968.76,100.0,68.3124,0.0919178786321168,0.0110865862385228,11.0,55.84,5.076363636363637,0.0140698858081617,0.0027716465596307,37.0,275.72,7.451891891891893,0.0694725808564891,0.0093228111551214,91,9812.56,107.83032967032966,2.4724498331972704,0.0229290760842177,11.0,32.24,2.930909090909091,0.0081234440984085,0.0027716465596307,12.0,290.36,24.19666666666667,0.0731613904594886,0.003023614428688,30.0,662.44,22.081333333333337,0.1669135951783428,0.0075590360717201,7.0,48.32,6.902857142857143,0.0121750874328505,0.0017637750834013,20.0,146.8,7.340000000000001,0.0369888831776171,0.0050393573811467,38.0,147.0,3.868421052631579,0.0370392767514286,0.0095747790241788,3.0,8.28,2.76,0.0020862939557947,0.000755903607172,0.0,0.0,0.0,3.8,4.0,0.95,0.0,0.0,0.0009574779024178,0.0010078714762293,0.0,1.0,0.0,1.0,145.26047785470857,3880.0,0.0374382674883269,0.0088685441618929,2.1439816174300232,0.0343276835216526,0.9776353319424708,170881.0,148247.66666666666,5257.0,0.8675491521390128,0.0307640989928663,23862.0,4905.0,8337.0,9164.0,8692.0,177.0,1295.0,2133.0,15170.0,4728.0,7042.0,7031.0,0.3642611683848797,0.6357388316151202,0.0360856269113149,0.963914373088685,0.1553316540722082,0.8446683459277917,0.2327586206896551,0.7672413793103449
2,active,4,yellow,24,21-24,39.0,195.44,5.011282051282051,6659.28,4140.72,125.0,53.27424,0.0471995208562762,0.0094186518286674,20.0,115.64,5.782,0.0279275101914642,0.0048300778608551,37.0,305.2,8.248648648648649,0.073706988156649,0.0089356440425819,102,9868.12,96.74627450980392,2.38318939701308,0.024633397090361,7.0,23.32,3.3314285714285714,0.005631870785757,0.0016905272512992,32.0,555.16,17.34875,0.1340733012616163,0.0077281245773681,24.0,423.16,17.631666666666668,0.1021947873799725,0.0057960934330261,12.0,75.64,6.303333333333334,0.018267354469754,0.002898046716513,18.0,78.28,4.348888888888889,0.0189049247473869,0.0043470700747696,61.0,225.88,3.702950819672131,0.0545508993604976,0.0147317374756081,3.0,6.08,2.026666666666667,0.0014683436696999,0.0007245116791282,1.6,2.0,0.8,2.6,3.0,0.8666666666666667,0.0003864062288684,0.0004830077860855,0.0006279101219111,0.0007245116791282,0.3809523809523809,0.6190476190476191,0.4,0.6,161.0695497448369,4031.0,0.0399577151438444,0.0094645978840132,2.1608444028302527,0.0375584203831309,0.9735021928553488,166607.0,122472.66666666666,17692.0,0.7350991655012494,0.1061900160257372,24514.0,3878.0,10578.0,4925.0,4883.0,152.0,2630.0,1479.0,19631.0,3726.0,7948.0,3446.0,0.1991922982785347,0.8008077017214653,0.039195461578133,0.960804538421867,0.2486292304783512,0.7513707695216487,0.3003045685279187,0.6996954314720812
2,active,5,blue,15,12-15,54.0,426.64,7.900740740740741,5295.6,5504.4,111.0,47.708108108108114,0.0775089019693336,0.0098103335513407,22.0,145.64,6.619999999999999,0.026458832933653,0.0039968025579536,60.0,373.72,6.228666666666667,0.0678947750890197,0.0109003706126008,151,9285.2,61.49139072847682,1.686868686868687,0.0274325993750454,8.0,16.2,2.025,0.0029431000654022,0.0014533827483467,22.0,106.44,4.838181818181818,0.0193372574667538,0.0039968025579536,86.0,650.6,7.565116279069768,0.1181963520093016,0.0156238645447278,22.0,169.2,7.690909090909091,0.0307390451275343,0.0039968025579536,14.0,42.76,3.0542857142857143,0.0077683307899135,0.0025434198096068,85.0,351.52,4.135529411764706,0.0638616379623573,0.0154421917011845,7.0,16.28,2.325714285714286,0.0029576338928856,0.0012717099048034,1.6,2.0,0.8,3.6,3.0,1.2,0.0002906765496693,0.0003633456870866,0.000654022236756,0.00054501853063,0.3076923076923077,0.6923076923076923,0.4,0.6,196.15175475300296,5391.0,0.0363850407629387,0.0087367002794235,2.1157017489244807,0.0338395622685016,0.9793982995421844,132501.0,91936.0,23440.0,0.6938513671594931,0.1769043252503754,19034.0,5335.0,13066.0,10720.0,5873.0,311.0,3417.0,2417.0,13161.0,5024.0,9649.0,8303.0,0.3085531154775665,0.6914468845224335,0.058294283036551,0.941705716963449,0.2615184448186132,0.7384815551813868,0.2254664179104477,0.7745335820895523
2,active,5,blue,18,15-18,42.0,348.64,8.300952380952381,6841.4,3958.6,83.0,82.42650602409638,0.0880715404435911,0.0106098115495377,23.0,171.2,7.443478260869565,0.0432476127924013,0.0058101348961754,50.0,390.32,7.8064,0.0986005153337038,0.0126307280351639,138,9272.84,67.1944927536232,2.3424544030717933,0.0348608093770524,2.0,3.88,1.94,0.0009801444955287,0.0005052291214065,12.0,116.36,9.696666666666667,0.0293942302834335,0.0030313747284393,61.0,398.64,6.535081967213115,0.1007022684787551,0.0154094882029,11.0,49.52,4.501818181818182,0.0125094730460263,0.002778760167736,9.0,30.48,3.3866666666666667,0.0076996918102359,0.0022735310463295,54.0,202.68,3.7533333333333334,0.0511999191633405,0.013641186277977,8.0,18.16,2.27,0.0045874804223715,0.0020209164856262,0.0,0.0,0.0,4.0,4.0,1.0,0.0,0.0,0.0010104582428131,0.0010104582428131,0.0,1.0,0.0,1.0,150.39693488132258,3878.0,0.0387820873855911,0.0088290857315557,2.0914622627460644,0.034589644922549,0.9796392664073156,171118.0,127813.33333333331,16058.0,0.7469309677142867,0.0938416765039329,12948.0,2020.0,14111.0,8758.0,136.0,48.0,2442.0,2016.0,12812.0,1972.0,11669.0,6742.0,0.0105035526722273,0.9894964473277726,0.0237623762376237,0.9762376237623762,0.173056480759691,0.826943519240309,0.2301895409910938,0.7698104590089061
2,active,5,blue,21,18-21,13.0,67.48,5.190769230769231,9573.2,1226.7999999999993,36.0,265.9222222222222,0.0550048907727421,0.0105966742745353,6.0,36.52,6.086666666666667,0.0297685034235409,0.0048907727420932,21.0,91.08,4.337142857142857,0.0742419302249755,0.0171177045973263,41,10491.68,255.89463414634147,8.552070427127491,0.0334202804043039,1.0,1.32,1.32,0.0010759700032605,0.0008151287903488,9.0,105.04,11.671111111111111,0.0856211281382459,0.0073361591131398,12.0,169.16,14.096666666666666,0.1378871861754158,0.0097815454841865,4.0,10.76,2.69,0.0087707857841539,0.0032605151613955,3.0,5.28,1.76,0.004303880013042,0.0024453863710466,22.0,84.6,3.8454545454545457,0.0689598956635148,0.0179328333876752,1.0,2.08,2.08,0.0016954678839256,0.0008151287903488,0.8,1.0,0.8,0.0,0.0,0.0,0.0006521030322791,0.0008151287903488,0.0,0.0,1.0,0.0,1.0,0.0,46.45047821387147,1184.0,0.0392318228157698,0.0075395743683502,2.0071339247715407,0.0360671111252377,0.9651124877730688,239366.0,216418.3333333333,5646.0,0.9041314695208732,0.0235873098100816,6876.0,408.0,3217.0,1700.0,469.0,91.0,206.0,392.0,6407.0,317.0,3011.0,1308.0,0.0682082606166375,0.9317917393833623,0.2230392156862745,0.7769607843137255,0.064034815045073,0.935965184954927,0.2305882352941176,0.7694117647058824
2,active,5,blue,24,21-24,12.0,55.0,4.583333333333333,9549.2,1250.7999999999993,40.0,238.73,0.043971858010873,0.009593859929645,8.0,33.76,4.22,0.0269907259354013,0.0063959066197633,19.0,73.16,3.8505263157894736,0.0584905660377358,0.0151902782219379,35,10655.84,304.45257142857145,8.519219699392394,0.0279820914614646,,,,,,6.0,42.6,7.1000000000000005,0.0340582027502398,0.0047969299648225,16.0,128.08,8.005,0.1023984649824113,0.0127918132395267,5.0,27.6,5.5200000000000005,0.0220658778381835,0.003997441637352,3.0,14.72,4.906666666666667,0.0117684681803645,0.0023984649824112,15.0,54.36,3.624,0.043460185481292,0.0119923249120562,,,,,,2.0,2.0,1.0,5.4,4.0,1.35,0.0015989766549408,0.0015989766549408,0.0043172369683402,0.0031979533098816,0.2702702702702702,0.7297297297297297,0.3333333333333333,0.6666666666666666,64.42018286448491,1216.0,0.0529771240661882,0.0119557458747319,2.097144928774681,0.0492905971109094,0.97217780620403,238770.0,173720.3333333333,8405.0,0.727563485083274,0.0352012396867278,4289.0,1066.0,2700.0,1387.0,703.0,225.0,419.0,207.0,3586.0,841.0,2281.0,1180.0,0.1639076707857309,0.836092329214269,0.2110694183864915,0.7889305816135085,0.1551851851851851,0.8448148148148148,0.1492429704397981,0.8507570295602018
2,active,5,green,15,12-15,59.0,470.36,7.972203389830509,5350.56,5449.44,122.0,43.85704918032787,0.0863134560615402,0.0108268005519833,22.0,168.2,7.645454545454545,0.0308655568278575,0.004037112070231,59.0,538.16,9.12135593220339,0.098755101441616,0.0108268005519833,174,9144.88,52.5567816091954,1.6781320649461229,0.0319298863736457,6.0,10.68,1.78,0.001959834405003,0.0011010305646084,13.0,60.28,4.636923076923077,0.0110616870724331,0.0023855662233183,87.0,783.8,9.00919540229885,0.1438312927566869,0.0159649431868228,16.0,156.52,9.7825,0.028722217328753,0.0029360815056225,8.0,74.92,9.365,0.0137482016500778,0.0014680407528112,69.0,291.64,4.226666666666667,0.0535174256437358,0.0126618514929974,10.0,23.6,2.3600000000000003,0.0043307202207933,0.0018350509410141,4.6,4.0,1.15,2.4,3.0,0.7999999999999999,0.0008441234328664,0.0007340203764056,0.0004404122258433,0.0005505152823042,0.6571428571428571,0.3428571428571428,0.5714285714285714,0.4285714285714285,207.40108237806376,5345.0,0.0388028217732579,0.0097943159330817,2.1229212820866312,0.0349421130909773,0.9808347279720486,133886.0,96570.0,16588.0,0.7212852725452997,0.1238964492179914,21202.0,5810.0,17740.0,11818.0,2367.0,588.0,5941.0,3377.0,18835.0,5222.0,11799.0,8441.0,0.1116404112819545,0.8883595887180454,0.1012048192771084,0.8987951807228916,0.3348928974069898,0.6651071025930101,0.2857505500084616,0.7142494499915383
2,active,5,green,18,15-18,35.0,323.52,9.243428571428572,7040.24,3759.76,145.0,48.55337931034482,0.0860480456199331,0.0093091048364789,15.0,90.6,6.04,0.0240972828052854,0.0039896163584909,34.0,240.44,7.0717647058823525,0.0639508904823712,0.0090431304125795,94,9731.52,103.5268085106383,2.588335425665468,0.0250015958465433,2.0,5.52,2.76,0.0014681788199246,0.0005319488477987,20.0,185.32,9.266,0.0492903802370364,0.0053194884779879,76.0,513.48,6.7563157894736845,0.1365725471838628,0.0202140562163542,8.0,84.0,10.5,0.0223418516075494,0.0021277953911951,3.0,25.12,8.373333333333333,0.0066812775283528,0.0007979232716981,51.0,178.4,3.4980392156862745,0.0474498372236525,0.0135646956188692,5.0,13.84,2.768,0.0036810860267676,0.0013298721194969,3.6,4.0,0.9,0.0,0.0,0.0,0.0009575079260378,0.0010638976955975,0.0,0.0,1.0,0.0,1.0,0.0,142.86857128106436,3656.0,0.0390778367836609,0.007780203382854,2.1637748525904485,0.0358020395618935,0.9724024937761984,176151.0,137307.66666666666,11582.0,0.7794884313269108,0.0657504073209916,17566.0,2739.0,8325.0,8123.0,2022.0,6.0,2445.0,2057.0,15544.0,2733.0,5880.0,6066.0,0.1151087327792326,0.8848912672207674,0.0021905805038335,0.9978094194961664,0.2936936936936937,0.7063063063063063,0.2532315646928474,0.7467684353071525
2,active,5,green,21,18-21,15.0,125.6,8.373333333333333,9437.4,1362.6000000000004,62.0,152.21612903225807,0.0921767209746073,0.0110083663584324,7.0,32.2,4.6000000000000005,0.0236312931161015,0.0051372376339351,21.0,144.08,6.860952380952382,0.105739028328196,0.0154117129018053,37,10326.44,279.092972972973,7.578482313224716,0.0271539703507999,2.0,6.92,3.46,0.0050785263466901,0.0014677821811243,6.0,86.72,14.453333333333331,0.0636430353735505,0.0044033465433729,4.0,17.16,4.29,0.0125935711140466,0.0029355643622486,4.0,32.16,8.04,0.023601937472479,0.0029355643622486,1.0,2.28,2.28,0.0016732716864817,0.0007338910905621,18.0,97.36,5.408888888888889,0.0714516365771319,0.0132100396301188,2.0,7.2,3.6,0.0052840158520475,0.0014677821811243,2.6,2.0,1.3,0.8,1.0,0.8,0.0019081168354616,0.0014677821811243,0.0005871128724497,0.0007338910905621,0.7647058823529411,0.2352941176470588,0.6666666666666666,0.3333333333333333,46.4417832599008,1321.0,0.0351565353973511,0.0069496578062605,2.0649129880903305,0.0328897681271265,0.969470130632614,235997.0,216713.3333333333,1515.0,0.9182885093172088,0.0064195731301669,2607.0,866.0,4435.0,3155.0,82.0,0.0,446.0,574.0,2525.0,866.0,3989.0,2581.0,0.0314537782892213,0.9685462217107786,0.0,1.0,0.1005636978579481,0.8994363021420518,0.1819334389857369,0.8180665610142631
2,active,5,green,24,21-24,26.0,179.36,6.898461538461539,7103.8,3696.2,96.0,73.99791666666667,0.0485255126887073,0.0070342513933228,10.0,46.8,4.68,0.0126616525079811,0.0027054813051241,25.0,172.72,6.9088,0.0467290731021048,0.0067637032628104,71,10226.08,144.0292957746479,2.766646826470429,0.0192089172663816,3.0,6.2,2.066666666666667,0.0016773984091769,0.0008116443915372,8.0,143.2,17.9,0.0387424922893782,0.0021643850440993,40.0,776.4,19.41,0.2100535685298414,0.0108219252204967,7.0,77.04,11.005714285714287,0.0208430279746766,0.0018938369135869,6.0,37.32,6.22,0.0100968562307234,0.0016232887830745,51.0,227.84,4.467450980392157,0.0616416860559493,0.0137979546561333,8.0,18.0,2.25,0.0048698663492235,0.0021643850440993,4.0,3.0,1.3333333333333333,2.0,2.0,1.0,0.0010821925220496,0.0008116443915372,0.0005410962610248,0.0005410962610248,0.6666666666666666,0.3333333333333333,0.6,0.4,115.32639522774797,3626.0,0.0318054040892851,0.0054670965166128,2.1811390451443873,0.0285693636897884,0.9810075212380284,177691.0,147857.66666666663,4036.0,0.8321055465198948,0.0227135870696883,23038.0,2872.0,5523.0,4510.0,1217.0,178.0,1078.0,829.0,21821.0,2694.0,4445.0,3681.0,0.0528257661255317,0.9471742338744684,0.0619777158774373,0.9380222841225628,0.1951837769328263,0.8048162230671736,0.1838137472283813,0.8161862527716186
2,active,5,red,15,12-15,125.0,766.76,6.13408,4211.28,6588.72,42.0,100.26857142857142,0.116374652436285,0.0189718185019245,52.0,226.68,4.359230769230769,0.0344042545441299,0.0078922764968005,116.0,623.96,5.3789655172413795,0.0947012469796865,0.0176058475697859,243,8487.52,34.928065843621404,1.288189511771634,0.0368812151677412,20.0,33.24,1.662,0.0050449859760317,0.0030354909603079,39.0,248.0,6.358974358974359,0.0376400879078182,0.0059192073726004,129.0,1210.52,9.383875968992248,0.1837261258635971,0.019578916693986,24.0,116.12,4.838333333333334,0.0176240605155477,0.0036425891523695,38.0,86.04,2.2642105263157895,0.0130586821112446,0.005767432824585,109.0,432.44,3.9673394495412846,0.0656333855437778,0.0165434257336781,9.0,22.16,2.462222222222222,0.0033633239840211,0.0013659709321385,3.4,4.0,0.85,1.0,1.0,1.0,0.0005160334632523,0.0006070981920615,0.0001517745480153,0.0001517745480153,0.7727272727272726,0.2272727272727272,0.8,0.2,344.0508923841365,6546.0,0.0525589508683373,0.01585124244623,2.0702997254440616,0.0486953405196592,0.9935161913087822,105324.0,92145.66666666666,2242.0,0.8748781537604597,0.0212866962895446,36631.0,5116.0,21434.0,19294.0,7609.0,371.0,4907.0,3915.0,29022.0,4745.0,16527.0,15379.0,0.207720236957768,0.792279763042232,0.0725175918686473,0.9274824081313526,0.22893533638145,0.77106466361855,0.2029128226391624,0.7970871773608376
2,active,5,red,18,15-18,75.0,390.68,5.209066666666667,6380.72,4419.28,39.0,163.60820512820513,0.0884035408482829,0.0169710903133542,35.0,176.28,5.0365714285714285,0.0398888506725077,0.0079198421462319,76.0,403.08,5.303684210526316,0.0912094277800908,0.0171973715175322,151,9295.08,61.55682119205298,2.1033018953313665,0.0341684618308864,16.0,33.24,2.0775,0.0075215872268785,0.0036204992668488,9.0,133.92,14.88,0.0303035788635252,0.0020365308376025,78.0,699.44,8.967179487179488,0.1582701254502996,0.0176499339258883,12.0,76.2,6.3500000000000005,0.0172426277583678,0.0027153744501366,23.0,48.12,2.092173913043478,0.010888651545048,0.0052044676960952,81.0,307.32,3.794074074074074,0.0695407396680002,0.0183287775384225,7.0,13.52,1.9314285714285713,0.0030593218804873,0.0015839684292463,4.6,4.0,1.15,1.8,2.0,0.9,0.001040893539219,0.0009051248167122,0.0004073061675205,0.0004525624083561,0.71875,0.28125,0.6666666666666666,0.3333333333333333,211.0481591198816,4383.0,0.0481515307140957,0.0124353744814816,2.0851310735843853,0.0438613585049837,0.9917905179124202,159557.0,133441.66666666666,1793.0,0.836325994263283,0.0112373634500523,20921.0,3143.0,14595.0,9842.0,2500.0,128.0,3224.0,2773.0,18421.0,3015.0,11371.0,7069.0,0.1194971559676879,0.880502844032312,0.0407254215717467,0.9592745784282533,0.2208975676601575,0.7791024323398424,0.2817516764885186,0.7182483235114814
2,active,5,red,21,18-21,32.0,135.64,4.23875,8595.28,2204.7199999999993,27.0,318.34370370370374,0.0615225516165318,0.0145143147429152,18.0,85.68,4.760000000000001,0.0388620777241554,0.0081643020428898,35.0,196.76,5.621714285714286,0.0892448927754998,0.0158750317500635,81,10185.96,125.75259259259258,4.620069668710767,0.0367393591930041,10.0,17.68,1.768,0.0080191588954606,0.004535723357161,4.0,40.68,10.17,0.0184513226169309,0.0018142893428644,49.0,650.88,13.283265306122448,0.2952211618708952,0.0222250444500889,5.0,39.44,7.888,0.0178888929206429,0.0022678616785805,18.0,41.28,2.2933333333333334,0.0187234660183606,0.0081643020428898,40.0,171.32,4.2829999999999995,0.0777060125548822,0.018142893428644,3.0,5.68,1.893333333333333,0.0025762908668674,0.0013607170071483,0.0,0.0,0.0,0.8,1.0,0.8,0.0,0.0,0.0003628578685728,0.0004535723357161,0.0,1.0,0.0,1.0,104.57941322537026,2174.0,0.0481046058994343,0.0085117859720692,2.0395207668069895,0.0461561164985488,0.9860662578468016,214909.0,204894.6666666667,1573.0,0.95340198254455,0.0073193770386535,17342.0,2041.0,7114.0,3423.0,540.0,0.0,361.0,678.0,16802.0,2041.0,6753.0,2745.0,0.0311382770153384,0.9688617229846616,0.0,1.0,0.0507450098397526,0.9492549901602474,0.1980718667835232,0.8019281332164768
2,active,5,red,24,21-24,68.0,387.32,5.695882352941176,6389.48,4410.52,47.0,135.9463829787234,0.0878173095235935,0.0154176831756799,22.0,77.92,3.541818181818182,0.0176668510742497,0.0049880739686023,80.0,421.96,5.2745,0.0956712587177929,0.0181384507949176,159,9454.92,59.46490566037736,2.1437200148735296,0.0360501709548987,10.0,13.52,1.352,0.003065398184341,0.0022673063493647,22.0,228.96,10.407272727272728,0.0519122461750541,0.0049880739686023,49.0,643.8,13.13877551020408,0.1459691827720994,0.011109801111887,15.0,73.88,4.925333333333333,0.0167508593091064,0.003400959524047,19.0,43.04,2.265263157894737,0.0097584865276656,0.0043078820637929,78.0,299.72,3.842564102564103,0.0679557059031588,0.0176849895250446,8.0,22.72,2.84,0.0051513200257565,0.0018138450794917,8.6,8.0,1.075,4.8,5.0,0.96,0.0019498834604536,0.0018138450794917,0.001088307047695,0.0011336531746823,0.6417910447761195,0.3582089552238806,0.6153846153846154,0.3846153846153846,229.9286048196456,4367.0,0.0526513864940796,0.0129295260746349,2.097225938266965,0.0486273614530679,0.9901326827675648,159784.0,135796.3333333333,2581.0,0.8498744137919524,0.0161530566264457,21890.0,2957.0,12599.0,9751.0,821.0,143.0,1055.0,1198.0,21069.0,2814.0,11544.0,8553.0,0.0375057103700319,0.962494289629968,0.048359824146094,0.951640175853906,0.0837368045082943,0.9162631954917057,0.1228591939288278,0.8771408060711722
2,active,5,yellow,15,12-15,53.0,425.4,8.026415094339622,5495.64,5304.36,61.0,90.09245901639343,0.0801981765943488,0.0099917803467336,28.0,277.68,9.917142857142858,0.0523493880505848,0.0052786764095951,47.0,299.44,6.371063829787234,0.0564516737174701,0.0088606354018203,121,9460.16,78.18314049586776,1.783468693678408,0.0228114230557503,2.0,3.68,1.84,0.0006937688995467,0.000377048314971,34.0,263.8,7.758823529411765,0.0497326727446855,0.0064098213545083,104.0,677.6,6.515384615384615,0.127743969112202,0.0196065123784961,13.0,99.0,7.615384615384615,0.0186638915910684,0.002450814047312,9.0,73.8,8.2,0.0139130828224328,0.0016967174173698,67.0,227.36,3.393432835820896,0.0428628524459124,0.0126311185515311,1.0,2.6,2.6,0.0004901628094624,0.0001885241574855,1.0,1.0,1.0,3.6,4.0,0.9,0.0001885241574855,0.0001885241574855,0.0006786869669479,0.0007540966299421,0.2173913043478261,0.782608695652174,0.2,0.8,202.9905739878957,5244.0,0.0387091102188969,0.0078689796024698,2.1751631464812777,0.0364058859708463,0.9886206818541728,137452.0,99417.0,16600.0,0.7232852195675581,0.1207694322381631,23673.0,4342.0,14503.0,10688.0,7969.0,316.0,3435.0,1547.0,15704.0,4026.0,11068.0,9141.0,0.3366282262493135,0.6633717737506865,0.0727775218793182,0.9272224781206816,0.2368475487830104,0.7631524512169896,0.1447417664670658,0.8552582335329342
2,active,5,yellow,18,15-18,40.0,368.52,9.213,7058.32,3741.68,67.0,105.34805970149252,0.0984905176284449,0.0106903850676701,24.0,126.28,5.261666666666667,0.0337495456586346,0.006414231040602,50.0,337.56,6.7512,0.0902161595860683,0.0133629813345876,107,9781.96,91.42018691588784,2.6143229779136643,0.0285967800560176,4.0,5.52,1.38,0.0014752731393384,0.001069038506767,10.0,28.4,2.84,0.0075901733980457,0.0026725962669175,85.0,588.36,6.921882352941177,0.15724487396036,0.022717068268799,9.0,69.6,7.7333333333333325,0.018601270017746,0.0024053366402257,9.0,21.24,2.36,0.0056765944709328,0.0024053366402257,61.0,248.48,4.07344262295082,0.0664086720403668,0.0163028372281969,2.0,4.2,2.1,0.0011224904321053,0.0005345192533835,2.6,3.0,0.8666666666666667,5.0,5.0,1.0,0.0006948750293985,0.0008017788800752,0.0013362981334587,0.0013362981334587,0.3421052631578947,0.6578947368421053,0.375,0.625,162.79314856818408,3679.0,0.0442492928970329,0.0087530409256481,2.1578691046414984,0.0414342589469257,0.983248166598961,176525.0,130218.0,20723.0,0.7376745503469763,0.1173941368078175,15514.0,2289.0,11670.0,9253.0,1384.0,74.0,2417.0,1317.0,14130.0,2215.0,9253.0,7936.0,0.0892097460358386,0.9107902539641614,0.0323285277413717,0.9676714722586284,0.2071122536418166,0.7928877463581834,0.142332216578407,0.857667783421593
2,active,5,yellow,21,18-21,11.0,103.24,9.385454545454545,9642.84,1157.16,30.0,321.428,0.0892184313318815,0.0095060320094023,7.0,30.68,4.382857142857143,0.0265131874589512,0.0060492930968923,15.0,87.96,5.864,0.0760136886860935,0.0129627709219122,38,10453.52,275.09263157894736,9.033772339175222,0.0328390196688444,1.0,2.52,2.52,0.0021777455148812,0.0008641847281274,2.0,4.16,2.08,0.0035950084690103,0.0017283694562549,8.0,121.68,15.21,0.1051539977185523,0.0069134778250198,5.0,17.72,3.5439999999999996,0.015313353382419,0.0043209236406374,2.0,12.8,6.4,0.0110615645200318,0.0017283694562549,11.0,33.6,3.0545454545454547,0.0290366068650834,0.0095060320094023,,,,,,0.8,1.0,0.8,2.6,2.0,1.3,0.0006913477825019,0.0008641847281274,0.0022468802931314,0.0017283694562549,0.2352941176470588,0.7647058823529411,0.3333333333333333,0.6666666666666666,55.809290971679424,1129.0,0.0494324986463059,0.0141175813496224,2.031682286242087,0.0469731780794355,0.97566455805593,241101.0,217181.66666666663,3372.0,0.900791231337351,0.0139858399591872,3156.0,770.0,2988.0,2592.0,11.0,91.0,400.0,569.0,3145.0,679.0,2588.0,2023.0,0.0034854245880861,0.9965145754119138,0.1181818181818181,0.8818181818181818,0.1338688085676037,0.8661311914323963,0.2195216049382716,0.7804783950617284
2,active,5,yellow,24,21-24,26.0,113.36,4.36,8640.56,2159.4400000000005,54.0,160.01037037037037,0.0524950913199718,0.0120401585596265,17.0,64.44,3.7905882352941176,0.0298410699070129,0.0078724113659096,28.0,168.16,6.005714285714285,0.0778720408994924,0.0129663246026747,58,10436.04,179.93172413793104,4.832752935946356,0.0268588152483977,3.0,4.96,1.653333333333333,0.0022968917867595,0.0013892490645722,28.0,217.76,7.777142857142857,0.1008409587670877,0.0129663246026747,24.0,266.2,11.091666666666669,0.123272700329715,0.0111139925165783,11.0,58.84,5.34909090909091,0.0272478049864779,0.005093913236765,7.0,49.36,7.051428571428572,0.0228577779424295,0.0032415811506686,23.0,91.12,3.961739130434782,0.0421961249212758,0.0106509094950542,,,,,,4.0,4.0,1.0,6.4,6.0,1.0666666666666669,0.0018523320860963,0.0018523320860963,0.0029637313377542,0.0027784981291445,0.3846153846153846,0.6153846153846154,0.4,0.6,104.3736436881458,2114.0,0.049372584526086,0.0091247875906537,2.063423236782879,0.0444023306848143,0.9789575075019448,216068.0,160655.0,8560.0,0.7435390710331933,0.0396171575615084,12151.0,2723.0,5860.0,2860.0,350.0,190.0,740.0,291.0,11801.0,2533.0,5120.0,2569.0,0.0288042136449674,0.9711957863550325,0.0697759823723834,0.9302240176276166,0.1262798634812286,0.8737201365187713,0.1017482517482517,0.8982517482517482
2,active,6,blue,15,12-15,42.0,273.0,6.5,3873.96,6926.04,86.0,45.04604651162791,0.039416463087132,0.0060640712441741,52.0,232.96,4.48,0.0336353818343526,0.0075078977308822,86.0,442.76,5.148372093023256,0.0639268615254893,0.0124169077856899,164,9738.64,59.38195121951219,1.4060906376515294,0.0236787543820133,,,,,,82.0,1494.96,18.23121951219512,0.2158462844569191,0.0118393771910066,95.0,948.68,9.986105263157894,0.1369729311410271,0.0137163516237272,26.0,160.6,6.176923076923076,0.0231878533765326,0.0037539488654411,26.0,68.28,2.626153846153846,0.0098584472512431,0.0037539488654411,102.0,352.44,3.455294117647058,0.0508862206975414,0.0147270301644229,4.0,12.64,3.16,0.001824996679199,0.0005775305946832,9.0,8.0,1.125,3.4,4.0,0.85,0.0012994438380373,0.0011550611893665,0.0004909010054807,0.0005775305946832,0.7258064516129032,0.2741935483870967,0.6666666666666666,0.3333333333333333,238.4651936681321,6815.0,0.034991224309337,0.0076992606179845,2.1432319533035984,0.0322193589263874,0.9839677506915928,96935.0,63262.0,9707.0,0.6526228916284108,0.1001392685820395,61268.0,5774.0,17031.0,6867.0,32774.0,682.0,3537.0,3352.0,28494.0,5092.0,13494.0,3515.0,0.5349285108049879,0.465071489195012,0.1181156910287495,0.8818843089712505,0.2076801127355997,0.7923198872644002,0.4881316440949468,0.5118683559050532
2,active,6,blue,18,15-18,17.0,166.52,9.79529411764706,7754.32,3045.6800000000003,56.0,138.47,0.0546741614352131,0.0055816763415723,20.0,100.12,5.006,0.0328727903128365,0.0065666780489086,25.0,106.16,4.2463999999999995,0.0348559270836069,0.0082083475611357,79,10207.32,129.20658227848102,3.3514092091092955,0.025938378293189,,,,,,19.0,202.88,10.677894736842106,0.066612382128129,0.0062383441464631,32.0,472.76,14.77375,0.1552231357201019,0.0105066848782537,17.0,53.04,3.12,0.0174148301857056,0.0055816763415723,7.0,52.68,7.525714285714286,0.0172966299808252,0.002298337317118,41.0,174.76,4.262439024390243,0.0573796327913634,0.0134616900002626,5.0,13.0,2.6,0.0042683407317906,0.0016416695122271,3.4,3.0,1.1333333333333333,1.6,2.0,0.8,0.0011163352683144,0.0009850017073362,0.0005253342439126,0.0006566678048908,0.6799999999999999,0.32,0.6,0.4,106.27206039339592,2997.0,0.0354594796107427,0.0089124236661365,2.1197748495486897,0.0322159501278944,0.9840167056289564,193914.0,161271.0,4382.0,0.8316624895572264,0.0225976463793227,16942.0,2667.0,5202.0,4180.0,4528.0,101.0,1091.0,2405.0,12414.0,2566.0,4111.0,1775.0,0.2672647857395821,0.7327352142604179,0.0378702662167229,0.962129733783277,0.2097270280661284,0.7902729719338716,0.5753588516746412,0.4246411483253589
2,active,6,blue,21,18-21,12.0,94.6,7.883333333333333,8477.56,2322.4400000000005,44.0,192.67181818181817,0.0407330221663422,0.0051669795559842,20.0,98.76,4.938000000000001,0.0425242417457501,0.008611632593307,22.0,102.24,4.647272727272727,0.0440226658169855,0.0094727958526377,49,10420.6,212.66530612244895,4.4869189300907655,0.0210984998536022,,,,,,14.0,483.2,34.51428571428571,0.208057043454298,0.0060281428153149,21.0,578.44,27.544761904761906,0.2490656378636261,0.0090422142229723,5.0,26.48,5.296,0.0114018015535385,0.0021529081483267,5.0,37.84,7.568,0.0162932088665369,0.0021529081483267,27.0,120.8,4.474074074074074,0.0520142608635745,0.0116257040009645,2.0,4.8,2.4,0.0020667918223936,0.0008611632593307,0.8,1.0,0.8,0.8,1.0,0.8,0.0003444653037322,0.0004305816296653,0.0003444653037322,0.0004305816296653,0.5,0.5,0.5,0.5,74.17320826292789,2233.0,0.0332168420344504,0.0057250541214398,2.093267493425415,0.0302940608874654,0.9614887790427308,211983.0,184866.66666666663,7114.0,0.8720825097610028,0.0335592948491152,26576.0,1618.0,5067.0,2377.0,5535.0,5.0,1255.0,85.0,21041.0,1613.0,3812.0,2292.0,0.2082706201083684,0.7917293798916315,0.0030902348578491,0.9969097651421508,0.247681073613578,0.752318926386422,0.0357593605384939,0.964240639461506
2,active,6,blue,24,21-24,43.0,274.2,6.376744186046511,3792.8,7007.2,129.0,29.4015503875969,0.0391311793583742,0.0061365452677246,51.0,271.32,5.32,0.0387201735357917,0.0072782281082315,41.0,250.56,6.111219512195122,0.0357575065646763,0.0058511245575978,166,9531.36,57.41783132530121,1.3602237698367394,0.0236899189405183,,,,,,51.0,1234.84,24.21254901960784,0.1762244548464436,0.0072782281082315,87.0,1156.08,13.288275862068964,0.1649845872816531,0.0124158008905126,23.0,161.84,7.036521739130435,0.0230962438634547,0.0032823381664573,21.0,85.84,4.0876190476190475,0.0122502568786391,0.0029969174563306,89.0,374.96,4.2130337078651685,0.0535106747345587,0.0127012216006393,9.0,22.08,2.453333333333333,0.003151044639799,0.0012843931955702,3.4,4.0,0.85,2.0,2.0,1.0,0.0004852152072154,0.0005708414202534,0.0002854207101267,0.0002854207101267,0.6296296296296295,0.3703703703703703,0.6666666666666666,0.3333333333333333,207.6761039211639,6877.0,0.0301986482363187,0.0064191206533306,2.1284325546840743,0.0271098890785797,0.98141911177075,94949.0,42010.66666666666,23924.0,0.4424550723721857,0.2519668453590875,59911.0,6236.0,13139.0,6898.0,22253.0,115.0,3356.0,1823.0,37658.0,6121.0,9783.0,5075.0,0.3714342942030679,0.6285657057969322,0.0184413085311096,0.9815586914688904,0.2554227871223076,0.7445772128776924,0.264279501304726,0.735720498695274
2,active,6,green,15,12-15,87.0,508.64,5.846436781609195,3836.8,6963.2,106.0,36.196226415094344,0.073046875,0.0124942555147058,43.0,192.16,4.468837209302325,0.0275965073529411,0.0061753216911764,107.0,539.2,5.039252336448598,0.0774356617647058,0.0153664981617647,246,7974.72,32.41756097560976,1.145266544117647,0.0353285845588235,,,,,,63.0,1023.6,16.247619047619047,0.1470013786764706,0.0090475643382352,39.0,301.6,7.733333333333334,0.043313419117647,0.0056008731617647,29.0,125.6,4.3310344827586205,0.0180376838235294,0.0041647518382352,18.0,103.6,5.7555555555555555,0.0148782169117647,0.0025850183823529,111.0,603.76,5.439279279279279,0.0867072610294117,0.0159409466911764,9.0,19.88,2.2088888888888887,0.0028550091911764,0.0012925091911764,7.0,7.0,1.0,7.0,6.0,1.1666666666666667,0.0010052849264705,0.0010052849264705,0.0010052849264705,0.0008616727941176,0.5,0.5,0.5384615384615384,0.4615384615384615,378.70217250847446,6846.0,0.0553172907549626,0.0141928734288998,2.0615133076350913,0.051074526933447,0.9831686580882352,96026.0,62403.99999999999,7180.0,0.6498656613833753,0.074771416074813,33232.0,5777.0,18434.0,12803.0,17952.0,568.0,4809.0,2557.0,15280.0,5209.0,13625.0,10246.0,0.5402022147327876,0.4597977852672123,0.0983209278172061,0.901679072182794,0.260876640989476,0.7391233590105241,0.1997188159025228,0.8002811840974772
2,active,6,green,18,15-18,43.0,303.36,7.054883720930233,7597.24,3202.76,87.0,87.32459770114943,0.0947183054615394,0.0134259201438759,26.0,110.12,4.235384615384616,0.0343828447963631,0.0081179982265296,38.0,160.56,4.225263157894737,0.0501317613558305,0.011864766638774,111,9431.52,84.96864864864865,2.9448101012876395,0.034657607813261,,,,,,4.0,8.84,2.21,0.00276011939702,0.0012489228040814,29.0,113.24,3.904827586206896,0.0353570045835466,0.0090546903295907,15.0,51.68,3.445333333333333,0.0161360826287327,0.0046834605153055,13.0,162.88,12.529230769230768,0.0508561365821978,0.0040589991132648,31.0,194.52,6.27483870967742,0.0607351159624823,0.0096791517316314,4.0,8.96,2.24,0.0027975870811425,0.0012489228040814,1.6,2.0,0.8,3.0,3.0,1.0,0.0004995691216325,0.0006244614020407,0.0009366921030611,0.0009366921030611,0.3478260869565218,0.6521739130434783,0.4,0.6,177.26686200832577,3128.0,0.0566709916906412,0.0159656433211474,1.9984140485500348,0.0521240702082574,0.976657632791717,190018.0,152349.0,11281.0,0.801760885810818,0.0593680598680125,3085.0,5392.0,6831.0,7627.0,1858.0,1566.0,785.0,2011.0,1227.0,3826.0,6046.0,5616.0,0.6022690437601297,0.3977309562398703,0.2904302670623145,0.7095697329376854,0.1149172888303323,0.8850827111696677,0.2636685459551593,0.7363314540448407
2,active,6,green,21,18-21,44.0,212.56,4.830909090909091,7961.44,2838.5600000000004,91.0,87.48835164835164,0.074883039287526,0.0155008173158221,31.0,127.92,4.126451612903226,0.0450651034327264,0.0109210303816019,37.0,146.36,3.955675675675676,0.0515613550532664,0.0130347781973958,109,9627.4,88.32477064220183,3.391649286962403,0.0383997519869229,,,,,,10.0,57.92,5.792,0.020404712248464,0.0035229130263232,16.0,213.92,13.37,0.075362155459106,0.0056366608421171,7.0,21.88,3.1257142857142854,0.0077081337015951,0.0024660391184262,7.0,35.72,5.102857142857142,0.0125838453300264,0.0024660391184262,46.0,197.76,4.299130434782609,0.0696691280085677,0.0162053999210867,3.0,6.48,2.16,0.0022828476410574,0.0010568739078969,4.8,4.0,1.2,1.6,2.0,0.8,0.0016909982526351,0.0014091652105292,0.0005636660842117,0.0007045826052646,0.7499999999999999,0.25,0.6666666666666666,0.3333333333333333,164.7399813104407,2711.0,0.0607672376652308,0.0156959115090167,1.994113112564326,0.0588969277128507,0.955061721436221,199127.0,176416.0,7224.0,0.8859471593505652,0.0362783550196608,6822.0,1454.0,6925.0,5358.0,3470.0,0.0,1290.0,253.0,3352.0,1454.0,5635.0,5105.0,0.5086484901788332,0.4913515098211668,0.0,1.0,0.1862815884476534,0.8137184115523466,0.0472191116088092,0.9527808883911908
2,active,6,green,24,21-24,94.0,685.4,7.291489361702127,3163.52,7636.48,186.0,17.008172043010752,0.0897533942339926,0.0123093362386858,57.0,230.04,4.03578947368421,0.0301238266845457,0.0074641719745222,97.0,381.92,3.937319587628866,0.0500125712370097,0.0127021873952396,255,8241.84,32.32094117647059,1.0792721253771371,0.0333923483070734,,,,,,27.0,195.72,7.248888888888889,0.0256296094535702,0.0035356604089842,63.0,963.08,15.286984126984128,0.1261156972846128,0.0082498742876299,30.0,150.68,5.022666666666667,0.0197316040898424,0.003928511565538,28.0,119.52,4.268571428571429,0.0156511900771035,0.0036666107945021,115.0,527.8,4.5895652173913035,0.069115613476366,0.0150592943345625,7.0,15.92,2.2742857142857145,0.0020847301374455,0.0009166526986255,4.6,4.0,1.15,4.2,5.0,0.8400000000000001,0.0006023717733825,0.0005238015420717,0.0005499916191753,0.0006547519275896,0.5227272727272726,0.4772727272727272,0.4444444444444444,0.5555555555555556,436.432670835675,7486.0,0.0582998491631946,0.0153765050752188,2.0469606511123413,0.0523241155866235,0.9802945859872612,79274.0,35565.99999999999,21940.0,0.4486464666851678,0.2767616116255014,29060.0,6813.0,15444.0,17229.0,10297.0,583.0,3830.0,3470.0,18763.0,6230.0,11614.0,13759.0,0.3543358568479009,0.6456641431520991,0.0855717011595479,0.914428298840452,0.2479927479927479,0.752007252007252,0.2014046085089094,0.7985953914910906
2,active,6,red,15,12-15,46.0,471.56,10.251304347826087,3160.48,7639.52,35.0,90.29942857142858,0.0617263911868808,0.0060213207112488,59.0,328.96,5.575593220338983,0.0430602969820093,0.0077229983035583,59.0,271.4,4.6,0.0355257921963683,0.0077229983035583,156,9333.2,59.828205128205134,1.2216997926571302,0.0204201311077135,,,,,,61.0,1090.52,17.87737704918033,0.1427471883050244,0.0079847948562213,89.0,2939.04,33.022921348314604,0.3847152700693237,0.0116499465935032,15.0,63.04,4.2026666666666666,0.0082518273399375,0.0019634741449724,25.0,120.36,4.8144,0.015754916539259,0.0032724569082874,87.0,290.88,3.3434482758620687,0.0380756906193059,0.0113881500408402,10.0,26.28,2.628,0.0034400067019917,0.0013089827633149,1.6,2.0,0.8,7.0,6.0,1.1666666666666667,0.0002094372421303,0.0002617965526629,0.0009162879343204,0.0007853896579889,0.186046511627907,0.813953488372093,0.25,0.75,207.0196607680477,7583.0,0.0273004959472567,0.006461544081468,2.190421629889471,0.0247031692215598,0.9926016294217436,79047.0,47540.666666666664,11668.0,0.6014227822266077,0.1476083848849418,100889.0,4625.0,15127.0,11835.0,40310.0,772.0,3587.0,2927.0,60579.0,3853.0,11540.0,8908.0,0.3995480181189227,0.6004519818810772,0.1669189189189189,0.833081081081081,0.2371256693329807,0.7628743306670193,0.2473172792564427,0.7526827207435572
2,active,6,red,18,15-18,50.0,447.96,8.9592,5610.6,5189.4,36.0,155.85000000000002,0.0863221181639496,0.0096350252437661,24.0,147.56,6.148333333333333,0.0284348864994026,0.0046248121170077,24.0,128.6,5.358333333333333,0.0247812849269665,0.0046248121170077,98,9505.92,96.9991836734694,1.8317955833044284,0.0188846494777816,,,,,,25.0,315.48,12.6192,0.0607931552780668,0.004817512621883,54.0,1203.24,22.282222222222224,0.2318649554861833,0.0104058272632674,8.0,68.04,8.505,0.0131113423517169,0.0015416040390025,14.0,437.12,31.222857142857144,0.084233244691101,0.0026978070682545,62.0,312.88,5.046451612903225,0.0602921339653909,0.01194743130227,14.0,36.52,2.608571428571429,0.0070374224380467,0.0026978070682545,0.8,1.0,0.8,0.8,1.0,0.8,0.0001541604039002,0.0001927005048753,0.0001541604039002,0.0001927005048753,0.5,0.5,0.5,0.5,133.81670082257654,5159.0,0.0259384959919706,0.0065439868585286,2.152538241441243,0.0235207725002718,0.9941419046517904,140301.0,125600.0,6818.0,0.8952181381458436,0.0485955196327895,38047.0,12651.0,6952.0,11249.0,5115.0,1588.0,863.0,1013.0,32932.0,11063.0,6089.0,10236.0,0.134438983362683,0.865561016637317,0.1255236740178642,0.8744763259821358,0.1241369390103567,0.8758630609896433,0.0900524491065872,0.9099475508934128
2,active,6,red,21,18-21,11.0,127.72,11.610909090909091,8600.88,2199.120000000001,17.0,505.9341176470588,0.0580777765651715,0.0050020008003201,11.0,49.52,4.501818181818182,0.0225180981483502,0.0050020008003201,9.0,49.0,5.444444444444445,0.0222816399286987,0.0040925461093528,36,10395.12,288.75333333333333,4.726945323583978,0.0163701844374113,,,,,,21.0,233.68,11.127619047619048,0.1062606860926188,0.0095492742551566,18.0,1099.68,61.093333333333334,0.5000545672814579,0.0081850922187056,3.0,3.92,1.3066666666666666,0.0017825311942958,0.0013641820364509,5.0,60.36,12.072,0.0274473425733929,0.0022736367274182,24.0,83.04,3.4600000000000004,0.0377605587689621,0.0109134562916075,7.0,22.56,3.222857142857143,0.010258648914111,0.0031830914183855,0.0,0.0,0.0,7.0,6.0,1.1666666666666667,0.0,0.0,0.0031830914183855,0.0027283640729018,0.0,1.0,0.0,1.0,46.051579665881114,2134.0,0.0215799342389321,0.004703277904811,2.24976282401953,0.0175824126071126,0.9703881552621044,215039.0,183097.0,6970.0,0.85145950269486,0.0324127251335804,33373.0,1615.0,2483.0,3204.0,4299.0,5.0,464.0,152.0,29074.0,1610.0,2019.0,3052.0,0.1288167081173403,0.8711832918826596,0.0030959752321981,0.9969040247678018,0.1868707209021345,0.8131292790978655,0.0474406991260923,0.9525593008739076
2,active,6,red,24,21-24,64.0,556.92,8.701875,2462.72,8337.28,66.0,37.31393939393939,0.0667987641053197,0.0076763644737852,44.0,489.56,11.126363636363635,0.0587193904966607,0.0052775005757273,38.0,246.76,6.4936842105263155,0.0295971827742381,0.0045578414063099,155,8935.2,57.64645161290323,1.0717164350963384,0.0185911952099485,,,,,,37.0,1053.4,28.470270270270273,0.1263481615107085,0.004437898211407,90.0,2692.52,29.916888888888888,0.3229494511399401,0.0107948875412604,17.0,128.8,7.576470588235295,0.0154486835034927,0.0020390343133491,18.0,251.0,13.944444444444445,0.0301057419206263,0.002158977508252,112.0,446.24,3.9842857142857144,0.0535234512934674,0.0134336378291241,15.0,35.72,2.381333333333333,0.0042843709219313,0.0017991479235434,3.4,4.0,0.85,3.6,4.0,0.9,0.0004078068626698,0.0004797727796115,0.0004317955016504,0.0004797727796115,0.4857142857142857,0.5142857142857143,0.5,0.5,203.90262870216367,8269.0,0.0246586804573906,0.0060383988378867,2.1837039810387497,0.0222419382750151,0.9918102786520304,61634.0,30112.0,12120.0,0.4885615082584288,0.1966447090891391,93775.0,9530.0,18490.0,13987.0,28181.0,670.0,4547.0,1921.0,65594.0,8860.0,13943.0,12066.0,0.3005171954145561,0.6994828045854439,0.0703043022035676,0.9296956977964324,0.2459167117360735,0.7540832882639265,0.1373418174018731,0.8626581825981269
2,active,6,yellow,15,12-15,61.0,472.68,7.748852459016393,4897.0,5903.0,82.0,59.71951219512195,0.0800745383703201,0.0103337286125698,53.0,264.72,4.994716981132076,0.0448449940708114,0.0089784855158394,89.0,389.56,4.377078651685394,0.0659935625952905,0.0150770794511265,168,9480.08,56.429047619047616,1.6059766220565814,0.0284601050313399,2.0,3.16,1.58,0.0005353210232085,0.0003388107741826,37.0,335.36,9.063783783783784,0.0568117906149415,0.0062679993223784,61.0,494.56,8.107540983606558,0.083781128239878,0.0103337286125698,14.0,126.96,9.068571428571428,0.0215077079451126,0.0023716754192783,26.0,144.6,5.561538461538461,0.0244960189734033,0.004404540064374,63.0,280.32,4.449523809523809,0.0474877181094358,0.0106725393867524,3.0,6.56,2.1866666666666665,0.0011112993393189,0.0005082161612739,9.2,9.0,1.022222222222222,9.4,10.0,0.94,0.00155852956124,0.0015246484838217,0.0015924106386583,0.001694053870913,0.4946236559139784,0.5053763440860215,0.4736842105263157,0.5263157894736842,285.07530373246806,5801.0,0.0491424416018734,0.0132224125383852,2.156231914157389,0.0463077097072641,0.9827206505166864,122507.0,69987.33333333333,19581.0,0.5712925247808969,0.1598357644869272,20846.0,6829.0,16499.0,11878.0,13800.0,1110.0,5261.0,4972.0,7046.0,5719.0,11238.0,6906.0,0.6619975055166459,0.3380024944833541,0.1625420998682091,0.8374579001317909,0.3188678101703133,0.6811321898296866,0.4185889880451254,0.5814110119548745
2,active,6,yellow,18,15-18,23.0,132.52,5.761739130434783,7771.92,3028.08,49.0,158.61061224489796,0.0437637050540276,0.0075955721117011,26.0,145.64,5.601538461538461,0.0480964835803545,0.0085862989088795,25.0,125.44,5.0176,0.0414255898126865,0.0082560566431534,81,10080.6,124.45185185185186,3.329040183878894,0.026749623523817,1.0,1.96,1.96,0.0006472748408232,0.0003302422657261,23.0,161.88,7.038260869565217,0.053459617975747,0.0075955721117011,18.0,151.16,8.397777777777778,0.0499194208871628,0.0059443607830704,9.0,49.52,5.502222222222223,0.0163535969987582,0.0029721803915352,7.0,62.4,8.914285714285715,0.0206071173813109,0.0023116958600829,49.0,218.56,4.460408163265306,0.0721777495971044,0.0161818710205806,2.0,5.72,2.86,0.0018889857599535,0.0006604845314522,2.0,2.0,1.0,2.4,2.0,1.2,0.0006604845314522,0.0006604845314522,0.0007925814377427,0.0006604845314522,0.4545454545454545,0.5454545454545454,0.5,0.5,121.4904389089955,2982.0,0.0407412605328623,0.0103284570262634,2.1058421344636344,0.0386121733803905,0.9847824363953396,194347.0,160950.6666666667,4312.0,0.828161312840778,0.0221871189161654,7867.0,2814.0,6828.0,3336.0,2420.0,139.0,1469.0,1448.0,5447.0,2675.0,5359.0,1888.0,0.3076140841489767,0.6923859158510233,0.0493958777540867,0.9506041222459132,0.2151435266549502,0.7848564733450498,0.434052757793765,0.565947242206235
2,active,6,yellow,21,18-21,16.0,79.52,4.97,8855.4,1944.6000000000004,36.0,245.98333333333332,0.0408927285817134,0.0082279131955157,29.0,106.6,3.6758620689655177,0.0548184716651239,0.0149130926668723,20.0,85.16,4.258,0.0437930679831327,0.0102848914943947,52,10439.56,200.76076923076923,5.368487092461173,0.0267407178854263,,,,,,23.0,109.16,4.746086956521739,0.0561349377764064,0.0118276252185539,19.0,289.08,15.214736842105262,0.1486578216599814,0.0097706469196749,6.0,31.32,5.22,0.0161061400802221,0.0030854674483184,6.0,30.84,5.14,0.0158593026843566,0.0030854674483184,21.0,104.8,4.9904761904761905,0.0538928314306283,0.0107991360691144,3.0,4.96,1.653333333333333,0.0025506530906098,0.0015427337241592,5.4,6.0,0.9,1.6,2.0,0.8,0.0027769207034865,0.0030854674483184,0.0008227913195515,0.0010284891494394,0.7714285714285715,0.2285714285714286,0.75,0.25,86.22359652342715,1862.0,0.0463069798729469,0.0125790680336315,2.160509284278905,0.044209811471045,0.9575233981281496,221421.0,192189.0,351.0,0.8679800018968391,0.0015852154944652,9998.0,1566.0,4843.0,2004.0,4756.0,0.0,1338.0,276.0,5242.0,1566.0,3505.0,1728.0,0.4756951390278056,0.5243048609721944,0.0,1.0,0.2762750361346273,0.7237249638653727,0.1377245508982036,0.8622754491017964
2,active,6,yellow,24,21-24,70.0,591.16,8.445142857142857,3434.32,7365.68,93.0,36.928172043010754,0.080258713384236,0.0095035353151372,66.0,337.04,5.106666666666667,0.0457581648944836,0.0089604761542722,60.0,351.36,5.856,0.0477023166903802,0.0081458874129747,192,9100.24,47.397083333333335,1.2354921745174918,0.0260668397215192,1.0,1.68,1.68,0.0002280848475632,0.0001357647902162,21.0,221.52,10.54857142857143,0.0300746163287028,0.0028510605945411,82.0,573.32,6.991707317073171,0.0778366695267782,0.0111327127977321,15.0,78.0,5.2,0.0105896536368672,0.0020364718532436,23.0,163.12,7.092173913043479,0.022145952580074,0.0031225901749736,71.0,377.96,5.323380281690141,0.0513136601101323,0.0096393001053534,4.0,9.96,2.49,0.0013522173105538,0.0005430591608649,5.0,6.0,0.8333333333333334,6.6,7.0,0.9428571428571428,0.0006788239510812,0.0008145887412974,0.0008960476154272,0.0009503535315137,0.4310344827586207,0.5689655172413793,0.4615384615384615,0.5384615384615384,307.3419794534115,7281.0,0.0422115065861023,0.0099397131003668,2.1847312029964865,0.0392650315633325,0.9885034375644882,85951.0,41517.33333333333,19029.0,0.4830349074860482,0.2213935847168735,19974.0,6066.0,17336.0,14849.0,13421.0,834.0,6189.0,3561.0,6553.0,5232.0,11147.0,11288.0,0.6719235005507159,0.3280764994492841,0.1374876360039564,0.8625123639960435,0.3570027688047992,0.6429972311952007,0.2398141288975688,0.7601858711024312
2,active,7,blue,15,12-15,97.0,702.36,7.240824742268042,4208.96,6591.04,88.0,47.82909090909091,0.1065628489585862,0.0147169490702529,49.0,442.64,9.0334693877551,0.0671578385201728,0.0074343350973442,126.0,545.44,4.32888888888889,0.0827547701121522,0.0191168616788852,225,8575.92,38.1152,1.3011482254697286,0.0341372529980094,5.0,6.96,1.392,0.0010559790260717,0.0007586056221779,24.0,157.28,6.553333333333334,0.0238626984512307,0.0036413069864543,77.0,655.56,8.513766233766233,0.0994623003350002,0.011682526581541,14.0,83.44,5.96,0.0126596106229062,0.0021240957420983,14.0,64.04,4.574285714285715,0.0097162208088556,0.0021240957420983,101.0,407.24,4.032079207920792,0.0617869107151526,0.0153238335679953,4.0,9.08,2.27,0.0013776278098752,0.0006068844977423,15.0,14.0,1.0714285714285714,0.0,0.0,0.0,0.0022758168665339,0.0021240957420983,0.0,0.0,1.0,0.0,1.0,0.0,302.11507054328416,6497.0,0.0465007034851907,0.0120880860696322,2.0946059592726267,0.0436078615660131,0.9857321454580764,105312.0,75747.66666666666,8200.0,0.719269092474425,0.07786387116378,20422.0,3715.0,24877.0,17656.0,5851.0,255.0,4000.0,3384.0,14571.0,3460.0,20877.0,14272.0,0.2865047497796494,0.7134952502203507,0.0686406460296096,0.9313593539703904,0.1607910921734935,0.8392089078265064,0.1916628908019936,0.8083371091980064
2,active,7,blue,18,15-18,57.0,499.56,8.76421052631579,6786.24,4013.76,88.0,77.11636363636363,0.1244618512317627,0.0142011480507055,24.0,157.84,6.576666666666667,0.0393247229530415,0.0059794307581918,68.0,333.24,4.9005882352941175,0.0830243960774934,0.0169417204815434,150,9293.64,61.9576,2.315444869648409,0.0373714422386988,1.0,1.32,1.32,0.0003288686917005,0.0002491429482579,5.0,24.32,4.864,0.0060591565016343,0.0012457147412899,40.0,419.6,10.49,0.1045403810890536,0.0099657179303197,11.0,65.08,5.916363636363636,0.0162142230726301,0.0027405724308379,7.0,11.72,1.6742857142857144,0.0029199553535836,0.0017440006378059,56.0,226.36,4.042142857142857,0.0563959977676791,0.0139520051024475,3.0,7.0,2.3333333333333335,0.0017440006378059,0.0007474288447739,7.0,7.0,1.0,0.0,0.0,0.0,0.0017440006378059,0.0017440006378059,0.0,0.0,1.0,0.0,1.0,0.0,174.05828420523122,3929.0,0.0443009122436322,0.0117484763417058,2.0501145232529145,0.0406213586204648,0.9788826437056524,169744.0,118282.33333333331,9005.0,0.6968277720174694,0.0530504760109341,11143.0,1938.0,12369.0,12546.0,548.0,169.0,1432.0,2146.0,10595.0,1769.0,10937.0,10400.0,0.0491788566813246,0.9508211433186754,0.087203302373581,0.912796697626419,0.1157733042283127,0.8842266957716873,0.1710505340347521,0.8289494659652479
2,active,7,blue,21,18-21,24.0,205.48,8.561666666666666,8795.0,2005.0,33.0,266.5151515151515,0.1024837905236907,0.0119700748129675,11.0,50.52,4.592727272727273,0.0251970074812967,0.0054862842892768,30.0,138.6,4.62,0.0691271820448877,0.0149625935162094,54,9850.76,182.4214814814815,4.9130972568578555,0.026932668329177,2.0,2.0,1.0,0.0009975062344139,0.0009975062344139,2.0,3.64,1.82,0.0018154613466334,0.0009975062344139,24.0,173.6,7.233333333333333,0.0865835411471321,0.0119700748129675,10.0,68.84,6.884,0.0343341645885286,0.0049875311720698,5.0,9.16,1.832,0.0045685785536159,0.0024937655860349,31.0,185.6,5.987096774193549,0.0925685785536159,0.0154613466334164,3.0,7.28,2.4266666666666667,0.0036309226932668,0.0014962593516209,6.6,5.0,1.3199999999999998,0.0,0.0,0.0,0.003291770573566,0.0024937655860349,0.0,0.0,1.0,0.0,1.0,0.0,74.10516803977517,1717.0,0.0431596785321928,0.0097016949317046,2.0357930287588193,0.0395887350228422,0.856359102244389,219908.0,172070.3333333333,3525.0,0.7824650914624903,0.0160294304891136,4457.0,1965.0,4769.0,5161.0,9.0,0.0,308.0,805.0,4448.0,1965.0,4461.0,4356.0,0.00201929549024,0.99798070450976,0.0,1.0,0.0645837701824281,0.9354162298175718,0.1559775237357101,0.8440224762642898
2,active,7,blue,24,21-24,60.0,741.92,12.365333333333332,4769.48,6030.52,69.0,69.12289855072463,0.1230275332807121,0.0099493907656387,31.0,266.64,8.601290322580645,0.0442150925624987,0.0051405185622467,48.0,289.96,6.040833333333333,0.0480820891067436,0.007959512612511,158,8386.96,53.08202531645569,1.3907523729296971,0.0262000623495154,1.0,1.6,1.6,0.0002653170870837,0.0001658231794273,7.0,32.28,4.611428571428571,0.0053527722319136,0.0011607622559911,50.0,719.44,14.388800000000002,0.1192998282071861,0.0082911589713656,15.0,129.12,8.608,0.0214110889276546,0.0024873476914096,9.0,38.16,4.239999999999999,0.0063278125269462,0.0014924086148458,94.0,366.08,3.894468085106382,0.0607045495247507,0.0155873788661674,8.0,21.84,2.73,0.0036215782386925,0.0013265854354185,24.2,22.0,1.1,3.2,3.0,1.0666666666666669,0.0040129209421409,0.0036481099474008,0.0005306341741674,0.0004974695382819,0.8832116788321168,0.1167883211678832,0.88,0.12,193.07228890035364,5958.0,0.0324055536925736,0.0086095557210832,2.0605266680402696,0.0302459211147225,0.9879745030279312,119306.0,64412.33333333332,21096.0,0.539891818796484,0.1768226241764873,18850.0,4206.0,13994.0,18608.0,1695.0,137.0,1795.0,1733.0,17155.0,4069.0,12199.0,16875.0,0.089920424403183,0.910079575596817,0.0325725154541131,0.9674274845458868,0.1282692582535372,0.8717307417464628,0.0931319862424763,0.9068680137575236
2,active,7,green,15,12-15,31.0,346.2,11.167741935483871,5624.88,5175.12,181.0,31.076685082872928,0.0668969994898669,0.0059901992610799,15.0,115.08,7.672,0.0222371655150025,0.0028984835134257,42.0,545.0,12.976190476190476,0.1053115676544698,0.0081157538375921,111,9466.24,85.28144144144144,1.8291827049421077,0.0214487779993507,,,,,,27.0,414.8,15.362962962962964,0.0801527307579341,0.0052172703241663,93.0,762.96,8.203870967741937,0.1474284654268886,0.0179705977832398,9.0,82.8,9.2,0.0159996289941102,0.0017390901080554,14.0,149.44,10.674285714285714,0.0288766250830898,0.0027052512791973,55.0,219.04,3.9825454545454546,0.0423255885853854,0.0106277728825611,18.0,57.8,3.211111111111111,0.0111688231384006,0.0034781802161109,2.4,3.0,0.7999999999999999,3.8,4.0,0.95,0.0004637573621481,0.0005796967026851,0.0007342824900678,0.0007729289369135,0.3870967741935484,0.6129032258064516,0.4285714285714285,0.5714285714285714,231.26463971480473,5039.0,0.0458949473536028,0.0081031837587452,2.126344297927984,0.0401632157506654,0.9736972282768322,140803.0,79493.99999999999,32761.0,0.5645760388628083,0.2326725993054125,29564.0,5829.0,16559.0,8686.0,13350.0,430.0,3380.0,3424.0,16214.0,5399.0,13179.0,5262.0,0.4515627114057637,0.5484372885942362,0.0737690856064505,0.9262309143935497,0.2041186061960263,0.7958813938039737,0.3941975592908128,0.6058024407091872
2,active,7,green,18,15-18,27.0,275.76,10.213333333333331,6123.48,4676.52,141.0,43.428936170212765,0.0589669241230658,0.0057735239023889,4.0,39.56,9.89,0.0084592816880928,0.0008553368744279,48.0,584.32,12.173333333333334,0.1249476106164412,0.0102640424931359,109,9331.6,85.61100917431193,1.995415394353066,0.0233079298281628,,,,,,7.0,43.8,6.257142857142857,0.0093659387749865,0.0014968395302489,41.0,912.6,22.258536585365853,0.1951451079007466,0.0087672029628869,7.0,87.36,12.48,0.0186805573375073,0.0014968395302489,10.0,74.88,7.488,0.016011906289292,0.0021383421860699,85.0,398.8,4.6917647058823535,0.0852770863804709,0.0181759085815948,3.0,6.64,2.213333333333334,0.0014198592115504,0.0006415026558209,0.0,0.0,0.0,2.6,3.0,0.8666666666666667,0.0,0.0,0.0005559689683781,0.0006415026558209,0.0,1.0,0.0,1.0,128.25813552770583,4561.0,0.0281206173049124,0.0063240505359162,2.1220430290060244,0.0262334099212875,0.9752978710665194,153228.0,118116.0,7357.0,0.7708512804448273,0.0480134179131751,23958.0,4073.0,15649.0,6921.0,1663.0,67.0,2174.0,2260.0,22295.0,4006.0,13475.0,4661.0,0.0694131396610735,0.9305868603389263,0.0164497913086177,0.9835502086913824,0.1389226148635695,0.8610773851364304,0.3265424071665944,0.6734575928334056
2,active,7,green,21,18-21,11.0,99.68,9.061818181818182,9229.4,1570.6000000000004,217.0,42.53179723502304,0.0634661912644849,0.0070036928562332,4.0,32.88,8.22,0.0209346746466318,0.0025467974022666,10.0,139.12,13.912,0.088577613650834,0.0063669935056666,42,10127.92,241.14095238095237,6.44844008659111,0.0267413727237998,,,,,,2.0,16.84,8.42,0.0107220170635425,0.0012733987011333,8.0,12.28,1.535,0.0078186680249586,0.0050935948045332,5.0,34.0,6.8,0.0216477779192665,0.0031834967528333,,,,,,15.0,54.08,3.6053333333333337,0.0344327008786451,0.0095504902584999,2.0,7.48,3.74,0.0047625111422386,0.0012733987011333,2.0,1.0,2.0,3.0,3.0,1.0,0.0012733987011333,0.0006366993505666,0.0019100980516999,0.0019100980516999,0.4,0.6,0.25,0.75,63.36895191399748,1152.0,0.0550077707586783,0.015923672114424,1.866166328658997,0.0519155915683375,0.7334776518527949,230952.0,180837.99999999997,1773.0,0.7830111884720633,0.0076769198794554,738.0,855.0,4314.0,2503.0,459.0,273.0,608.0,214.0,279.0,582.0,3706.0,2289.0,0.6219512195121951,0.3780487804878049,0.3192982456140351,0.6807017543859649,0.1409364858599907,0.8590635141400093,0.0854974031162604,0.9145025968837396
2,active,7,green,24,21-24,47.0,278.64,5.928510638297872,4281.32,6518.68,94.0,45.54595744680851,0.0427448501843931,0.0072100486601581,9.0,111.04,12.33777777777778,0.0170341234728503,0.0013806476157749,41.0,348.36,8.496585365853658,0.0534402670479299,0.0062896169163082,137,9586.44,69.97401459854015,1.4706106144188702,0.0210165248179079,,,,,,47.0,755.52,16.074893617021278,0.1159007651855897,0.0072100486601581,128.0,2112.24,16.501875,0.3240287911049476,0.0196358772021329,20.0,173.0,8.65,0.0265391152810078,0.0030681058128332,9.0,73.16,8.128888888888888,0.0112231310633441,0.0013806476157749,74.0,375.44,5.073513513513514,0.0575944823185061,0.0113519915074831,35.0,135.36,3.867428571428572,0.0207649401412555,0.0053691851724582,0.0,0.0,0.0,6.8,7.0,0.9714285714285714,0.0,0.0,0.0010431559763633,0.0010738370344916,0.0,1.0,0.0,1.0,259.9287628124701,6440.0,0.0403616091323711,0.0066813704444586,2.146039570380639,0.0353389772619177,0.9879300717323138,107127.0,70039.33333333333,5699.0,0.6537972064309961,0.0531985400505941,71869.0,6183.0,11535.0,7013.0,14229.0,292.0,1983.0,1445.0,57640.0,5891.0,9552.0,5568.0,0.1979852231142773,0.8020147768857226,0.0472262655668769,0.9527737344331232,0.1719115734720416,0.8280884265279583,0.2060459147297875,0.7939540852702125
2,active,7,red,15,12-15,61.0,362.64,5.944918032786885,2657.28,8142.719999999999,58.0,45.81517241379311,0.0445354869134638,0.0074913542403521,46.0,206.76,4.494782608695652,0.0253920066022164,0.0056492179517409,122.0,636.32,5.215737704918033,0.0781458775446042,0.0149827084807042,199,9048.52,45.46994974874372,1.1112404700149336,0.0244390080955749,7.0,11.84,1.6914285714285715,0.0014540595771437,0.0008596636013518,16.0,217.56,13.5975,0.0267183447300165,0.0019649453745185,128.0,3619.88,28.2803125,0.4445541538945218,0.0157195629961487,18.0,81.0,4.5,0.0099475359585003,0.0022105635463334,40.0,174.12,4.353,0.0213835180381985,0.0049123634362964,128.0,484.36,3.7840625,0.0594838088501139,0.0157195629961487,6.0,13.0,2.1666666666666665,0.0015965181167963,0.0007368545154444,0.8,1.0,0.8,3.2,4.0,0.8,9.824726872592944e-05,0.0001228090859074,0.0003929890749037,0.0004912363436296,0.2,0.8,0.2,0.8,261.62222475863,8079.0,0.0323829960092375,0.0072353835641237,2.22080517903321,0.0287785524732139,0.9921746050459798,66490.0,54052.33333333333,6252.0,0.8129392891161578,0.0940291773198977,96080.0,6436.0,21245.0,9127.0,15631.0,146.0,3207.0,2622.0,80449.0,6290.0,18038.0,6505.0,0.1626873438800999,0.8373126561199001,0.0226848974518334,0.9773151025481666,0.1509531654506943,0.8490468345493057,0.2872795003834776,0.7127204996165224
2,active,7,red,18,15-18,40.0,361.08,9.027,5920.56,4879.44,58.0,102.07862068965518,0.0740002951158329,0.0081976620267899,28.0,100.64,3.5942857142857143,0.0206253176594035,0.0057383634187529,66.0,393.88,5.967878787878788,0.0807223779778007,0.0135261423442034,126,9387.56,74.50444444444445,1.9239011034053088,0.0258226353843883,2.0,5.16,2.58,0.0010574984014559,0.0004098831013394,7.0,18.92,2.7028571428571433,0.0038774941386716,0.0014345908546882,50.0,1717.28,34.3456,0.3519420261341465,0.0102470775334874,13.0,72.12,5.547692307692308,0.0147803846343022,0.0026642401587067,13.0,78.08,6.006153846153846,0.016001836276294,0.0026642401587067,82.0,329.88,4.022926829268292,0.0676061187349368,0.0168052071549194,6.0,15.12,2.52,0.0030987162461266,0.0012296493040184,0.0,0.0,0.0,3.4,3.0,1.1333333333333333,0.0,0.0,0.0006968012722771,0.0006148246520092,0.0,1.0,0.0,1.0,159.25822782749793,4817.0,0.0330617039293124,0.0068685816510882,2.1249542091812557,0.0297807388865994,0.987203449576181,148072.0,114345.66666666666,8707.0,0.7722301763106236,0.0588024744718785,43462.0,3781.0,12457.0,9067.0,2084.0,19.0,1881.0,828.0,41378.0,3762.0,10576.0,8239.0,0.0479499332750448,0.9520500667249552,0.0050251256281407,0.9949748743718592,0.1509994380669503,0.8490005619330497,0.091320172052498,0.908679827947502
2,active,7,red,21,18-21,13.0,59.64,4.587692307692308,8190.2,2609.8,28.0,292.50714285714287,0.022852325848724,0.004981224614913,22.0,82.56,3.752727272727273,0.0316346080159399,0.0084297647329297,29.0,127.28,4.388965517241379,0.0487700206912407,0.0111119626024982,69,9939.12,144.04521739130436,3.808383784198023,0.0264388075714614,3.0,7.88,2.6266666666666665,0.0030193884588857,0.0011495133726722,6.0,14.04,2.34,0.005379722584106,0.0022990267453444,27.0,952.64,35.28296296296296,0.3650241397808261,0.0103456203540501,7.0,45.08,6.4399999999999995,0.0172733542800214,0.0026821978695685,12.0,36.28,3.0233333333333334,0.0139014483868495,0.0045980534906889,35.0,140.88,4.025142857142857,0.0539811479806881,0.0134109893478427,2.0,4.2,2.1,0.0016093187217411,0.0007663422484481,0.0,0.0,0.0,8.0,6.0,1.3333333333333333,0.0,0.0,0.0030653689937926,0.0022990267453444,0.0,1.0,0.0,1.0,90.67510778477266,2329.0,0.038933064742281,0.0078936643455223,2.1129004230933472,0.0355160270027245,0.8924055483178787,204783.0,162783.66666666666,5978.0,0.7949081059788491,0.0291918762787926,24200.0,2053.0,5297.0,1504.0,614.0,34.0,336.0,298.0,23586.0,2019.0,4961.0,1206.0,0.0253719008264462,0.9746280991735538,0.0165611300535801,0.9834388699464198,0.0634321313951293,0.9365678686048708,0.1981382978723404,0.8018617021276596
2,active,7,red,24,21-24,110.0,1075.64,9.778545454545457,3284.16,7515.84,131.0,25.069923664122136,0.1431164048196875,0.0146357559501,29.0,153.76,5.3020689655172415,0.0204581257717034,0.0038585174777536,77.0,495.36,6.433246753246753,0.0659088006131051,0.01024502916507,216,7556.48,34.9837037037037,1.0054072465619277,0.0287393025929237,4.0,5.72,1.43,0.0007610593094052,0.0005322093072763,26.0,261.4,10.053846153846154,0.0347798782305104,0.0034593604972963,38.0,1183.0,31.13157894736842,0.1574009026269851,0.0050559884191254,26.0,176.24,6.7784615384615385,0.0234491420785966,0.0034593604972963,14.0,61.04,4.36,0.0081215140290373,0.0018627325754672,130.0,512.56,3.94276923076923,0.0681973006343934,0.0172968024864818,15.0,33.52,2.234666666666667,0.0044599139949759,0.0019957849022863,2.8,3.0,0.9333333333333332,17.0,16.0,1.0625,0.0003725465150934,0.0003991569804572,0.0022618895559245,0.0021288372291054,0.1414141414141414,0.8585858585858586,0.1578947368421052,0.8421052631578947,290.26726230202837,7389.0,0.0392837004062834,0.008536303257236,1.988500297891539,0.0355144869628376,0.9831236428662664,82235.0,49722.66666666666,16369.0,0.6046411706288887,0.1990514987535721,36174.0,5972.0,16334.0,27001.0,12416.0,177.0,2033.0,3368.0,23758.0,5795.0,14301.0,23633.0,0.3432299441587881,0.656770055841212,0.0296383121232417,0.9703616878767582,0.1244643075792824,0.8755356924207175,0.1247361208844116,0.8752638791155883
2,active,7,yellow,15,12-15,60.0,406.68,6.7780000000000005,4855.68,5944.32,91.0,53.35912087912088,0.0684148901808785,0.0100936692506459,28.0,149.48,5.338571428571428,0.025146694659776,0.0047103789836347,100.0,660.2,6.602,0.1110640073212747,0.0168227820844099,156,9445.0,60.54487179487179,1.5889117678725238,0.0262435400516795,2.0,7.0,3.5,0.0011775947459086,0.0003364556416881,13.0,176.8,13.6,0.0297426787252368,0.0021869616709732,67.0,644.68,9.622089552238805,0.1084531115417743,0.0112712639965546,9.0,46.28,5.142222222222222,0.0077855835486649,0.0015140503875968,14.0,134.0,9.571428571428571,0.0225425279931093,0.0023551894918173,74.0,296.16,4.002162162162162,0.0498223514211886,0.0124488587424633,5.0,12.28,2.456,0.0020658376399655,0.0008411391042204,2.6,3.0,0.8666666666666667,13.8,13.0,1.0615384615384615,0.0004373923341946,0.0005046834625322,0.0023215439276485,0.0021869616709732,0.1585365853658536,0.8414634146341463,0.1875,0.8125,248.2150089589077,5855.0,0.0423936821449885,0.0100939432334286,2.1286680115511207,0.0382018207967311,0.984973891042205,121483.0,81255.33333333333,13041.0,0.6688617611792047,0.1073483532675353,20617.0,4530.0,20370.0,10227.0,5230.0,321.0,3517.0,2431.0,15387.0,4209.0,16853.0,7796.0,0.2536741523985061,0.7463258476014939,0.0708609271523178,0.9291390728476822,0.1726558664702994,0.8273441335297005,0.2377041165542192,0.7622958834457808
2,active,7,yellow,18,15-18,25.0,153.04,6.1216,7750.92,3049.08,73.0,106.17698630136988,0.0501921891193409,0.0081991945111312,12.0,55.96,4.663333333333333,0.0183530769937161,0.0039356133653429,50.0,384.36,7.687200000000001,0.1260576960919359,0.0163983890222624,82,10080.64,122.93463414634144,3.3061251262675952,0.0268933579965104,3.0,8.36,2.786666666666666,0.0027418106445222,0.0009839033413357,3.0,6.72,2.24,0.002203943484592,0.0009839033413357,42.0,605.44,14.415238095238095,0.1985648129927716,0.0137746467787004,2.0,19.16,9.58,0.0062838626733309,0.0006559355608904,6.0,97.96,16.326666666666664,0.0321277237724166,0.0019678066826714,30.0,109.28,3.6426666666666665,0.0358403190470568,0.0098390334133574,5.0,10.88,2.176,0.0035682894512443,0.0016398389022262,0.0,0.0,0.0,1.0,1.0,1.0,0.0,0.0,0.0003279677804452,0.0003279677804452,0.0,1.0,0.0,1.0,107.13099150216,2983.0,0.0359138422736037,0.0076726607783217,2.120399464794862,0.0325401178613029,0.978327889068178,193846.0,131127.99999999997,9645.0,0.676454505122623,0.0497559918698348,15349.0,2936.0,11070.0,3851.0,737.0,255.0,1642.0,722.0,14612.0,2681.0,9428.0,3129.0,0.0480161574043911,0.9519838425956088,0.0868528610354223,0.9131471389645776,0.1483288166214995,0.8516711833785005,0.1874837704492339,0.8125162295507661
2,active,7,yellow,21,18-21,18.0,217.24,12.068888888888887,6674.84,4125.16,61.0,109.42360655737706,0.052662199769221,0.0043634671140028,9.0,96.08,10.675555555555556,0.0232912177951885,0.0021817335570014,27.0,153.56,5.687407407407408,0.0372252227792376,0.0065452006710042,69,9834.84,142.53391304347826,2.3841111617488777,0.0167266239370109,2.0,2.6,1.3,0.0006302785831337,0.0004848296793336,3.0,21.76,7.253333333333334,0.0052749469111501,0.0007272445190004,37.0,646.4,17.47027027027027,0.1566969523606357,0.0089693490676725,5.0,44.08,8.815999999999999,0.0106856461325136,0.0012120741983341,4.0,36.12,9.03,0.0087560240087657,0.0009696593586673,69.0,322.0,4.666666666666667,0.0780575783727176,0.0167266239370109,6.0,14.0,2.3333333333333335,0.0033938077553355,0.0014544890380009,2.4,3.0,0.7999999999999999,0.0,0.0,0.0,0.0005817956152003,0.0007272445190004,0.0,0.0,1.0,0.0,1.0,0.0,115.08731247073004,3808.0,0.0302225085269774,0.0053408709743696,2.150988295847352,0.0270052145717463,0.9231157094512698,166932.0,144002.0,1231.0,0.8626386792226775,0.0073742601777969,16744.0,2014.0,6277.0,5449.0,236.0,239.0,398.0,843.0,16508.0,1775.0,5879.0,4606.0,0.0140946010511227,0.9859053989488772,0.118669314796425,0.8813306852035749,0.0634060857097339,0.936593914290266,0.1547072857405028,0.8452927142594971
2,active,7,yellow,24,21-24,46.0,215.32,4.6808695652173915,5535.0,5265.0,108.0,51.25,0.0408964862298195,0.0087369420702754,18.0,106.16,5.897777777777778,0.0201633428300094,0.0034188034188034,60.0,477.6,7.96,0.0907122507122507,0.0113960113960113,119,9706.16,81.56436974789916,1.8435251661918328,0.0226020892687559,1.0,2.6,2.6,0.0004938271604938,0.0001899335232668,16.0,154.28,9.6425,0.0293029439696106,0.0030389363722697,101.0,998.96,9.89069306930693,0.189735992402659,0.0191832858499525,10.0,74.52,7.452,0.0141538461538461,0.0018993352326685,5.0,56.04,11.208,0.0106438746438746,0.0009496676163342,70.0,296.2,4.231428571428571,0.0562583095916429,0.0132953466286799,11.0,27.88,2.5345454545454547,0.0052953466286799,0.0020892687559354,11.0,11.0,1.0,11.0,10.0,1.1,0.0020892687559354,0.0020892687559354,0.0020892687559354,0.0018993352326685,0.5,0.5,0.5238095238095238,0.4761904761904761,196.17804201343375,5165.0,0.0379821959367732,0.0086354864761704,2.160388663611775,0.0340419806071558,0.9810066476733144,138483.0,77556.33333333331,16045.0,0.5600422675226079,0.1158625968530433,28948.0,3279.0,14672.0,5429.0,9241.0,22.0,1438.0,1583.0,19707.0,3257.0,13234.0,3846.0,0.3192275804891529,0.680772419510847,0.0067093626105519,0.993290637389448,0.098009814612868,0.901990185387132,0.2915822435070915,0.7084177564929085
2,active,8,blue,15,12-15,65.0,442.68,6.810461538461539,6494.44,4305.56,79.0,82.20810126582278,0.1028158938674643,0.0150967586097975,26.0,168.44,6.478461538461539,0.0391215080036046,0.006038703443919,25.0,109.76,4.3904000000000005,0.0254926188463289,0.0058064456191529,99,9839.48,99.38868686868686,2.2852962216297064,0.0229935246518455,12.0,32.24,2.686666666666667,0.0074879922704595,0.0027870938971933,27.0,632.8,23.437037037037037,0.1469727515119984,0.0062709612686851,45.0,569.44,12.654222222222224,0.1322568957348173,0.0104516021144752,11.0,141.44,12.858181818181816,0.0328505467349194,0.0025548360724272,5.0,27.48,5.496,0.0063824450245728,0.0011612891238305,59.0,246.68,4.181016949152543,0.0572933602133055,0.0137032116612008,6.0,15.48,2.58,0.0035953511273794,0.0013935469485966,5.2,6.0,0.8666666666666667,2.0,2.0,1.0,0.0012077406887838,0.0013935469485966,0.0004645156495322,0.0004645156495322,0.7222222222222222,0.2777777777777778,0.75,0.25,148.47012107697154,4215.0,0.0352242280135163,0.0078010952873515,2.0813434940329367,0.0321440057538344,0.9789667313891804,162440.0,95266.66666666666,28235.0,0.5864729541163917,0.1738180251169662,30128.0,4239.0,7006.0,11132.0,15984.0,356.0,1049.0,4692.0,14144.0,3883.0,5957.0,6440.0,0.5305363781200212,0.4694636218799787,0.0839820712432177,0.9160179287567822,0.1497288038823865,0.8502711961176135,0.4214876033057851,0.5785123966942148
2,active,8,blue,18,15-18,46.0,437.88,9.519130434782609,6287.6,4512.4,57.0,110.30877192982456,0.0970392695683007,0.0101941317259108,28.0,234.52,8.375714285714286,0.0519723428774044,0.00620512365925,32.0,136.48,4.265,0.0302455456076588,0.0070915698962857,110,9400.16,85.456,2.083184114883432,0.0243772715184824,19.0,52.52,2.7642105263157895,0.011639039092279,0.0042106196259196,35.0,350.48,10.013714285714286,0.0776704192890701,0.0077564045740625,41.0,477.36,11.642926829268292,0.1057884939278432,0.0090860739296161,15.0,103.12,6.874666666666667,0.0228525839907809,0.0033241733888839,9.0,31.48,3.497777777777778,0.0069763318854711,0.0019945040333303,66.0,292.84,4.436969696969697,0.0648967290133853,0.0146263629110894,2.0,4.64,2.32,0.0010282776349614,0.0004432231185178,5.4,6.0,0.9,2.8,3.0,0.9333333333333332,0.0011967024199982,0.0013296693555535,0.000620512365925,0.0006648346777767,0.6585365853658538,0.3414634146341463,0.6666666666666666,0.3333333333333333,149.13014142618428,4454.0,0.0334822948868846,0.0078241490467744,2.0816011463471114,0.030781795904805,0.9870578849392784,157247.0,95248.33333333331,26467.0,0.6057243275441395,0.168314816816855,20772.0,3389.0,9335.0,10993.0,8652.0,275.0,1835.0,2526.0,12120.0,3114.0,7500.0,8467.0,0.4165222414789139,0.5834777585210861,0.0811448804957214,0.9188551195042786,0.1965720407070166,0.8034279592929834,0.2297825889202219,0.770217411079778
2,active,8,blue,21,18-21,16.0,203.44,12.715,8493.84,2306.16,35.0,242.68114285714287,0.0882159086967079,0.0069379401255767,7.0,48.8,6.971428571428571,0.0211607173830089,0.0030353488049398,8.0,22.24,2.78,0.0096437367745516,0.0034689700627883,36,9815.08,272.6411111111111,4.256027335484095,0.0156103652825476,4.0,8.72,2.18,0.0037811773684393,0.0017344850313941,14.0,154.88,11.062857142857142,0.0671592604155826,0.0060706976098796,14.0,229.76,16.41142857142857,0.0996288202032816,0.0060706976098796,3.0,11.68,3.893333333333333,0.005064696291671,0.0013008637735456,2.0,25.92,12.96,0.0112394630034342,0.000867242515697,20.0,94.68,4.734,0.0410552606931002,0.0086724251569708,2.0,4.6,2.3,0.0019946577861033,0.000867242515697,3.0,2.0,1.5,0.0,0.0,0.0,0.0013008637735456,0.000867242515697,0.0,0.0,1.0,0.0,1.0,0.0,59.62888470736244,1680.0,0.0354933837543824,0.0075497004090765,2.0701566788034262,0.0333798696430402,0.7284837131855553,212381.0,153888.66666666663,16476.0,0.7245877299130649,0.0775775610812643,9644.0,945.0,1791.0,5102.0,5239.0,40.0,80.0,1635.0,4405.0,905.0,1711.0,3467.0,0.5432393197843218,0.4567606802156781,0.0423280423280423,0.9576719576719576,0.0446677833612507,0.9553322166387492,0.3204625637005096,0.6795374362994904
2,active,8,blue,24,21-24,26.0,250.36,9.62923076923077,7980.6,2819.3999999999996,43.0,185.59534883720931,0.0887990352557281,0.0092218202454422,15.0,105.96,7.063999999999999,0.0375824643541179,0.005320280910832,10.0,54.0,5.4,0.0191530112789955,0.0035468539405547,57,10116.0,177.47368421052633,3.587997446265163,0.0202170674611619,5.0,35.88,7.176,0.0127261119387103,0.0017734269702773,8.0,34.8,4.35,0.0123430517131304,0.0028374831524437,18.0,513.32,28.51777777777778,0.1820671064765553,0.0063843370929985,7.0,49.96,7.137142857142857,0.0177200822870114,0.0024827977583883,4.0,18.6,4.65,0.0065971483294317,0.0014187415762218,40.0,156.8,3.92,0.0556146697878981,0.0141874157622189,3.0,9.68,3.2266666666666666,0.0034333546144569,0.0010640561821664,0.8,1.0,0.8,0.8,1.0,0.8,0.0002837483152443,0.0003546853940554,0.0002837483152443,0.0003546853940554,0.5,0.5,0.5,0.5,79.88267647662754,2780.0,0.0287347757110171,0.0065464516924433,2.0762341705693355,0.0269237737916858,0.9860253954742144,199558.0,116093.0,21224.0,0.5817506689784423,0.1063550446486735,13729.0,1725.0,4024.0,6285.0,1465.0,28.0,392.0,1620.0,12264.0,1697.0,3632.0,4665.0,0.1067084274164178,0.8932915725835822,0.016231884057971,0.983768115942029,0.0974155069582504,0.9025844930417496,0.2577565632458234,0.7422434367541766
2,active,8,green,15,12-15,83.0,897.36,10.81156626506024,4774.08,6025.92,171.0,27.91859649122807,0.1489166799426477,0.0137738303860655,33.0,175.6,5.321212121212121,0.0291407785035314,0.0054763422016887,29.0,159.44,5.497931034482758,0.0264590303223408,0.0048125431469385,156,8914.12,57.14179487179488,1.479296107482343,0.0258881631352556,14.0,27.24,1.9457142857142855,0.0045204715628484,0.0023232966916255,39.0,370.16,9.491282051282052,0.0614279645265785,0.0064720407838139,47.0,954.6,20.31063829787234,0.1584156444161223,0.0077996388933142,28.0,238.24,8.508571428571429,0.0395358717009187,0.004646593383251,12.0,43.16,3.5966666666666662,0.007162391800754,0.0019913971642504,89.0,364.0,4.089887640449438,0.0604057139822632,0.0147695289681907,12.0,28.88,2.4066666666666667,0.004792629175296,0.0019913971642504,5.6,6.0,0.9333333333333332,1.8,2.0,0.9,0.0009293186766502,0.0009956985821252,0.0002987095746375,0.000331899527375,0.7567567567567568,0.2432432432432432,0.75,0.25,226.6260972098727,5897.0,0.0384307439731851,0.0072310949654556,2.057749648174162,0.0354958051443953,0.9786057564654028,119523.0,83937.66666666666,8531.0,0.7022720871017851,0.0713753838173406,33205.0,7075.0,8438.0,22517.0,8505.0,494.0,1337.0,9790.0,24700.0,6581.0,7101.0,12727.0,0.2561361240776991,0.7438638759223009,0.0698233215547703,0.9301766784452296,0.1584498696373548,0.8415501303626451,0.4347826086956521,0.5652173913043478
2,active,8,green,18,15-18,48.0,203.16,4.2325,5706.48,5093.52,136.0,41.95941176470588,0.039885972765396,0.009423738397022,37.0,260.88,7.050810810810811,0.0512180181878151,0.0072641316810378,22.0,136.64,6.21090909090909,0.0268262419701895,0.0043192134319684,110,9532.04,86.6549090909091,1.8714052364573024,0.0215960671598423,8.0,30.64,3.83,0.0060154863434324,0.0015706230661703,23.0,234.4,10.191304347826089,0.0460192558387912,0.0045155413152397,42.0,857.12,20.407619047619047,0.1682765553094912,0.0082457710973943,20.0,145.68,7.284000000000001,0.028601046034962,0.0039265576654258,14.0,84.84,6.0600000000000005,0.0166564576167365,0.0027485903657981,67.0,284.28,4.242985074626866,0.0558120906563633,0.0131539681791766,8.0,20.04,2.505,0.0039344107807567,0.0015706230661703,7.4,7.0,1.0571428571428572,5.4,5.0,1.08,0.0014528263362075,0.001374295182899,0.0010601705696649,0.0009816394163564,0.578125,0.421875,0.5833333333333334,0.4166666666666667,188.7820470035756,4988.0,0.0378472427833952,0.0083066617767743,2.087034655038137,0.0350615235626691,0.979283481757213,142798.0,97151.66666666666,13400.0,0.6803433288047918,0.0938388492836034,27353.0,5797.0,9997.0,5127.0,12210.0,295.0,1479.0,1830.0,15143.0,5502.0,8518.0,3297.0,0.4463861368040068,0.5536138631959931,0.0508883905468345,0.9491116094531654,0.1479443833149945,0.8520556166850055,0.3569338794616735,0.6430661205383265
2,active,8,green,21,18-21,30.0,198.8,6.626666666666667,7642.12,3157.88,131.0,58.33679389312977,0.0629536271169265,0.0095000443335402,24.0,140.84,5.868333333333333,0.0445995414645268,0.0076000354668321,21.0,61.48,2.9276190476190473,0.0194687575208684,0.0066500310334781,80,9633.52,120.419,3.0506289029348803,0.0253334515561072,7.0,15.44,2.2057142857142855,0.0048893561503287,0.0022166770111593,21.0,119.36,5.683809523809524,0.037797509721712,0.0066500310334781,20.0,188.52,9.426,0.0596982785919667,0.0063333628890268,10.0,75.16,7.516,0.0238007777369627,0.0031666814445134,8.0,36.28,4.535,0.0114887202806946,0.0025333451556107,38.0,190.48,5.012631578947368,0.0603189481550913,0.0120333894891509,5.0,10.92,2.184,0.0034580161374086,0.0015833407222567,0.0,0.0,0.0,2.6,3.0,0.8666666666666667,0.0,0.0,0.0008233371755734,0.000950004433354,0.0,1.0,0.0,1.0,113.12718220477784,2471.0,0.0457819434256486,0.0103470249511992,2.0379117816520194,0.0414330520572326,0.782486984939263,191184.0,144237.0,14290.0,0.754440748179764,0.07474474851452,7738.0,2804.0,5103.0,5000.0,2413.0,709.0,680.0,2176.0,5325.0,2095.0,4423.0,2824.0,0.3118376841561127,0.6881623158438873,0.2528530670470756,0.7471469329529244,0.1332549480697628,0.8667450519302371,0.4352,0.5648
2,active,8,green,24,21-24,53.0,686.04,12.944150943396226,6483.56,4316.44,188.0,34.48702127659575,0.1589365310302008,0.0122786370249557,29.0,212.36,7.322758620689656,0.049197950162634,0.006718499504221,24.0,127.6,5.316666666666666,0.0295613978185727,0.0055601375207346,104,9166.04,88.135,2.123518455023121,0.0240939292565169,8.0,18.0,2.25,0.004170103140551,0.0018533791735782,10.0,55.8,5.58,0.0129273197357081,0.0023167239669727,17.0,269.88,15.87529411764706,0.0625237464206614,0.0039384307438537,15.0,116.8,7.786666666666666,0.0270593359342421,0.0034750859504591,5.0,11.88,2.3760000000000003,0.0027522680727636,0.0011583619834863,57.0,265.92,4.665263157894737,0.0616063237297402,0.0132053266117448,2.0,4.32,2.16,0.0010008247537322,0.0004633447933945,3.6,4.0,0.9,1.8,2.0,0.9,0.0008340206281102,0.0009266895867891,0.0004170103140551,0.0004633447933945,0.6666666666666666,0.3333333333333333,0.6666666666666666,0.3333333333333333,165.25618655124714,4196.0,0.0393842198644535,0.0099251799540018,1.995367487307142,0.035556148215961,0.97209737654178,162277.0,105198.99999999996,12227.0,0.6482680848179346,0.0753464754709539,8169.0,3237.0,8552.0,17204.0,251.0,244.0,1372.0,2389.0,7918.0,2993.0,7180.0,14815.0,0.0307259150446811,0.9692740849553187,0.0753784368242199,0.92462156317578,0.1604303086997193,0.8395696913002806,0.1388630551034643,0.8611369448965357
2,active,8,red,15,12-15,42.0,572.32,13.626666666666669,6219.68,4580.32,45.0,138.21511111111113,0.1249519684214203,0.0091696650015719,31.0,167.36,5.3987096774193555,0.0365389317776923,0.0067680860725888,15.0,67.56,4.504,0.0147500611311,0.0032748803577042,76,9693.64,127.5478947368421,2.1163674153770917,0.0165927271457016,11.0,28.96,2.632727272727273,0.006322702343941,0.0024015789289831,49.0,719.4,14.681632653061223,0.1570632619554965,0.0106979425018339,31.0,541.32,17.46193548387097,0.1181838823488315,0.0067680860725888,21.0,199.0,9.476190476190476,0.0434467460788765,0.0045848325007859,9.0,56.2,6.2444444444444445,0.0122698850735319,0.0019649282146225,70.0,317.4,4.534285714285714,0.0692964683690222,0.0152827750026199,3.0,8.0,2.6666666666666665,0.0017466028574422,0.0006549760715408,1.0,1.0,1.0,11.6,11.0,1.0545454545454545,0.0002183253571802,0.0002183253571802,0.0025325741432912,0.0024015789289831,0.0793650793650793,0.9206349206349206,0.0833333333333333,0.9166666666666666,140.16440530489223,4515.0,0.0310441650730658,0.0071635417829134,2.106808439401693,0.028415824417103,0.985738987668984,155537.0,96304.33333333331,17845.0,0.6191731442250611,0.1147315429769122,31598.0,6410.0,5919.0,14350.0,14169.0,676.0,1307.0,7601.0,17429.0,5734.0,4612.0,6749.0,0.4484144566111779,0.551585543388822,0.1054602184087363,0.8945397815912637,0.2208143267443825,0.7791856732556175,0.5296864111498257,0.4703135888501742
2,active,8,red,18,15-18,45.0,526.08,11.690666666666669,6552.96,4247.04,50.0,131.0592,0.1238698010849909,0.0105956148282097,37.0,226.16,6.112432432432432,0.0532512055455093,0.0087119499698613,16.0,83.8,5.2375,0.0197313893911995,0.0037673297166968,92,9574.92,104.07521739130436,2.2544925406871608,0.0216621458710066,10.0,26.64,2.664,0.0062726039783001,0.0023545810729355,48.0,567.16,11.815833333333332,0.13354242013261,0.0113019891500904,25.0,349.32,13.9728,0.082250226039783,0.0058864526823387,18.0,162.2,9.011111111111113,0.0381913050030138,0.0042382459312839,5.0,23.24,4.648,0.0054720464135021,0.0011772905364677,82.0,405.52,4.9453658536585365,0.0954829716696805,0.0193075647980711,12.0,30.92,2.5766666666666667,0.0072803646775165,0.0028254972875226,2.4,3.0,0.7999999999999999,10.8,10.0,1.08,0.0005650994575045,0.0007063743218806,0.0025429475587703,0.0023545810729355,0.1818181818181818,0.8181818181818181,0.2307692307692307,0.7692307692307693,140.4640417271663,4196.0,0.0334757010789242,0.0079252425341521,2.060181565352332,0.0299546599714734,0.9879822182037372,163874.0,98603.33333333331,30088.0,0.6017021207350363,0.1836044766100784,22985.0,4659.0,7802.0,13197.0,11346.0,217.0,1756.0,3024.0,11639.0,4442.0,6046.0,10173.0,0.4936262780073961,0.5063737219926039,0.0465765185662159,0.953423481433784,0.2250704947449372,0.7749295052550628,0.2291429870425096,0.7708570129574903
2,active,8,red,21,18-21,37.0,373.68,10.09945945945946,7362.64,3437.3599999999997,41.0,179.57658536585367,0.1087113366071636,0.0107640747550445,22.0,148.4,6.745454545454546,0.0431726673959084,0.0064002606651616,12.0,61.44,5.12,0.0178741825121604,0.0034910512719063,75,9325.84,124.34453333333332,2.713082132799591,0.0218190704494146,8.0,16.32,2.04,0.0047478297297926,0.0023273675146042,48.0,394.28,8.214166666666666,0.1147043079572695,0.0139642050876253,21.0,132.84,6.325714285714286,0.0386459375800032,0.0061093397258361,16.0,115.44,7.215,0.033583913235739,0.0046547350292084,11.0,38.92,3.5381818181818185,0.0113226429585495,0.0032001303325808,26.0,98.72,3.796923076923077,0.0287197151302162,0.0075639444224637,1.0,2.44,2.44,0.0007098470919542,0.0002909209393255,1.6,2.0,0.8,1.8,2.0,0.9,0.0004654735029208,0.000581841878651,0.0005236576907859,0.000581841878651,0.4705882352941176,0.5294117647058824,0.5,0.5,111.54398430534783,2799.0,0.0398513698840113,0.0122241100512624,1.9645502920779128,0.0362493062839276,0.8142877091721554,184107.0,144376.3333333333,7225.0,0.7841979573472672,0.0392434834091044,13247.0,3886.0,5280.0,9379.0,6475.0,285.0,479.0,2804.0,6772.0,3601.0,4801.0,6575.0,0.4887899146976674,0.5112100853023326,0.0733401955738548,0.9266598044261452,0.0907196969696969,0.909280303030303,0.2989657746028361,0.7010342253971639
2,active,8,red,24,21-24,58.0,673.12,11.60551724137931,6440.04,4359.96,100.0,64.4004,0.1543867374930045,0.0133028743382966,29.0,167.32,5.769655172413793,0.038376498866962,0.0066514371691483,16.0,106.64,6.665,0.0244589399902751,0.0036697584381508,109,9455.28,86.7456880733945,2.1686620978174114,0.0250002293599023,8.0,16.64,2.08,0.0038165487756768,0.0018348792190754,21.0,66.68,3.1752380952380954,0.0152937182909934,0.0048165579500729,32.0,515.52,16.11,0.118239616877219,0.0073395168763016,23.0,134.44,5.845217391304348,0.0308351452765621,0.0052752777548417,8.0,30.64,3.83,0.0070275874090587,0.0018348792190754,68.0,298.48,4.389411764705883,0.0684593436637033,0.0155964733621409,3.0,7.72,2.5733333333333333,0.0017706584464077,0.0006880797071532,4.2,5.0,0.8400000000000001,5.4,6.0,0.9,0.0009633115900145,0.0011467995119221,0.0012385434728758,0.0013761594143065,0.4374999999999999,0.5625,0.4545454545454545,0.5454545454545454,170.1633330524028,4263.0,0.0399163342839321,0.0100656126560195,1.9950571168579336,0.0364825755224434,0.977761263864806,161101.0,99290.33333333331,22022.0,0.6163235071994173,0.1366968547681268,14608.0,4158.0,6894.0,16886.0,1138.0,146.0,795.0,3878.0,13470.0,4012.0,6099.0,13008.0,0.0779025191675794,0.9220974808324206,0.0351130351130351,0.9648869648869648,0.1153176675369886,0.8846823324630113,0.229657704607367,0.770342295392633
2,active,8,yellow,15,12-15,94.0,619.32,6.588510638297873,3008.92,7791.08,51.0,58.99843137254902,0.0794909049836479,0.0120650795525139,46.0,281.36,6.116521739130435,0.0361130934350565,0.0059041878661238,40.0,158.36,3.959000000000001,0.0203258084886819,0.005134076405325,158,9544.56,60.408607594936704,1.2250625073802348,0.020279601801034,33.0,89.24,2.704242424242424,0.0114541244602802,0.0042356130343931,120.0,1450.96,12.091333333333331,0.1862334875267614,0.0154022292159751,117.0,1996.44,17.063589743589745,0.2562468874661793,0.0150171734855758,50.0,309.68,6.1936,0.0397480195300266,0.0064175955066563,36.0,132.76,3.687777777777778,0.0170399995892738,0.0046206687647925,79.0,332.36,4.207088607594937,0.0426590408518459,0.010139800900517,6.0,14.68,2.4466666666666668,0.0018842060407542,0.0007701114607987,4.4,3.0,1.4666666666666668,0.8,1.0,0.8,0.0005647484045857,0.0003850557303993,0.0001026815281065,0.0001283519101331,0.8461538461538461,0.1538461538461538,0.75,0.25,255.16173789215884,7727.0,0.0330220962717948,0.006871610667388,2.1896784896670383,0.0312414761857173,0.9917752095986692,75274.0,60720.0,1806.0,0.8066530276058135,0.0239923479554693,86422.0,11147.0,11079.0,15577.0,25012.0,998.0,1285.0,4100.0,61410.0,10149.0,9794.0,11477.0,0.2894170465853602,0.7105829534146398,0.0895308154660446,0.9104691845339552,0.1159851972199657,0.8840148027800343,0.2632085767477691,0.7367914232522309
2,active,8,yellow,18,15-18,70.0,443.6,6.337142857142857,3523.12,7276.88,37.0,95.21945945945946,0.0609601917305218,0.0096195072613537,41.0,236.92,5.7785365853658535,0.0325579094337133,0.0056342828245072,32.0,157.4,4.91875,0.0216301491848154,0.0043974890337617,129,9879.48,76.58511627906977,1.357653279977133,0.0177273776673519,31.0,75.32,2.4296774193548383,0.0103505898132166,0.0042600675014566,153.0,2169.72,14.181176470588234,0.2981662470729213,0.0210254944426732,100.0,1547.28,15.4728,0.2126295885049636,0.0137421532305053,37.0,186.0,5.027027027027027,0.02556040500874,0.0050845966952869,36.0,137.56,3.821111111111111,0.0189037059838832,0.0049471751629819,71.0,255.6,3.6,0.0351249436571717,0.0097569287936588,6.0,13.88,2.3133333333333335,0.0019074108683941,0.0008245291938303,6.2,5.0,1.24,2.4,3.0,0.7999999999999999,0.0008520135002913,0.0006871076615252,0.0003298116775321,0.0004122645969151,0.7209302325581396,0.2790697674418604,0.625,0.375,214.55823528646465,7243.0,0.0296228407133045,0.0058112325618933,2.2181316704879643,0.0281352985353905,0.9953441584855048,88115.0,76185.33333333333,504.0,0.8646125328642493,0.0057197979912614,93178.0,8162.0,9931.0,11160.0,24341.0,281.0,2548.0,3287.0,68837.0,7881.0,7383.0,7873.0,0.2612311919122539,0.738768808087746,0.0344278363146287,0.9655721636853712,0.2565703353136643,0.7434296646863358,0.2945340501792114,0.7054659498207886
2,active,8,yellow,21,18-21,57.0,352.0,6.175438596491228,5222.92,5577.08,29.0,180.1006896551724,0.0631154654406965,0.0102204020742037,30.0,163.92,5.4639999999999995,0.0293917247018152,0.005379158986423,18.0,71.48,3.971111111111111,0.0128167428116505,0.0032274953918538,108,9319.64,86.29296296296296,1.6710608418742423,0.0193649723511228,19.0,44.2,2.3263157894736843,0.0079252942399965,0.0034068006914012,101.0,1464.4,14.4990099009901,0.2625746806572615,0.0181098352542907,51.0,626.76,12.289411764705882,0.1123813895443493,0.0091445702769191,26.0,131.16,5.044615384615384,0.0235176830886413,0.0046619377882332,23.0,100.84,4.384347826086957,0.0180811464063631,0.0041240218895909,48.0,210.6,4.3875,0.0377616960846894,0.0086066543782768,9.0,19.08,2.1199999999999997,0.003421145115365,0.0016137476959269,1.8,2.0,0.9,2.0,1.0,2.0,0.0003227495391853,0.0003586105990948,0.0003586105990948,0.0001793052995474,0.4736842105263158,0.5263157894736842,0.6666666666666666,0.3333333333333333,158.8807904982403,4954.0,0.0320712132616552,0.006756937662113,2.1582576714813406,0.0305395406438429,0.8882784539579852,130602.0,118781.99999999996,700.0,0.9094960260945466,0.0053597954089523,52431.0,5849.0,5933.0,8857.0,9651.0,608.0,375.0,3387.0,42780.0,5241.0,5558.0,5470.0,0.1840704926474795,0.8159295073525205,0.1039493930586425,0.8960506069413575,0.0632057980785437,0.9367942019214562,0.3824093936998984,0.6175906063001017
2,active,8,yellow,24,21-24,73.0,753.64,10.323835616438355,3289.76,7510.24,52.0,63.26461538461539,0.1003483244210571,0.0097200622083981,34.0,202.64,5.96,0.0269818274782164,0.0045271522614457,26.0,112.68,4.333846153846154,0.0150035152005794,0.0034619399646349,140,9009.24,64.35171428571428,1.199594154114915,0.0186412151941882,15.0,30.72,2.048,0.0040904152197532,0.0019972730565201,30.0,101.12,3.3706666666666667,0.0134642834316879,0.0039945461130403,67.0,1902.28,28.39223880597015,0.2532915059971452,0.00892115298579,31.0,141.08,4.550967741935485,0.0187850188542576,0.0041276976501416,23.0,142.24,6.184347826086957,0.0189394746372952,0.0030624853533309,80.0,424.72,5.309,0.0565521208376829,0.0106521229681075,6.0,15.56,2.5933333333333333,0.0020718379172969,0.000798909222608,2.8,3.0,0.9333333333333332,3.4,4.0,0.85,0.0003728243038837,0.000399454611304,0.0004527152261445,0.0005326061484053,0.4516129032258065,0.5483870967741936,0.4285714285714285,0.5714285714285714,204.02871469289607,7458.0,0.027357027982421,0.0066264526182948,2.1886643279805513,0.0253343619667629,0.9930441637018258,82296.0,69720.99999999999,2082.0,0.8471979197044812,0.0252989209682123,50182.0,7137.0,7943.0,18914.0,2394.0,324.0,1381.0,2636.0,47788.0,6813.0,6562.0,16278.0,0.0477063488900402,0.9522936511099598,0.0453972257250945,0.9546027742749056,0.1738637794284275,0.8261362205715724,0.1393676641641112,0.8606323358358887
2,inactive,1,blue,3,0-3,26.0,209.48,8.056923076923077,7573.84,3226.16,50.0,151.4768,0.0649316834874897,0.0080591167208074,8.0,45.6,5.7,0.0141344508641852,0.0024797282217868,23.0,112.44,4.888695652173913,0.0348525801572147,0.0071292186376373,61,10056.12,164.85442622950822,3.1170555707094505,0.018907927691125,2.0,8.12,4.06,0.0025169241451136,0.0006199320554467,18.0,588.0,32.666666666666664,0.1822600243013366,0.0055793884990205,11.0,48.2,4.381818181818182,0.014940362536266,0.0034096263049569,6.0,20.04,3.34,0.0062117191955761,0.0018597961663401,4.0,11.4,2.85,0.0035336127160463,0.0012398641108934,55.0,206.96,3.762909090909091,0.0641505690976269,0.0170481315247848,7.0,18.92,2.7028571428571433,0.005864557244526,0.0021697621940635,0.0,0.0,0.0,3.6,4.0,0.9,0.0,0.0,0.0011158776998041,0.0012398641108934,0.0,1.0,0.0,1.0,88.37389344430605,3177.0,0.027816774770005,0.0044209806314535,2.075157299987374,0.0259388717499227,0.9847620700771196,189396.0,171443.3333333333,147.0,0.9052109513048496,0.000776151555471,15934.0,796.0,3982.0,5263.0,1740.0,0.0,0.0,279.0,14194.0,796.0,3982.0,4984.0,0.1092004518639387,0.8907995481360612,0.0,1.0,0.0,1.0,0.0530115903477104,0.9469884096522896
2,inactive,1,blue,6,3-6,,,,10778.28,21.719999999999345,5.0,2155.656,,,,,,,,,,,,,4,10799.96,2699.99,497.2357274401623,0.1841620626151068,,,,,,,,,,,,,,,,,,,,,,,,,,,,,,,,,,,,,,,,,,,,,,,,,,1.13430751239268,16.0,0.0708942195245425,0.0196696237784362,1.7787115661549793,0.089521639598862,0.7366482504604274,269462.0,259955.0,1741.0,0.9647185874075008,0.0064610223333902,,,,,,,,,,,,,,,,,,,,
2,inactive,1,blue,9,6-9,10.0,29.0,2.9,9839.76,960.2399999999998,30.0,327.992,0.0302007831375489,0.0104140631508789,6.0,19.56,3.26,0.0203699075231192,0.0062484378905273,4.0,17.48,4.37,0.0182037823877364,0.0041656252603515,21,10665.6,507.8857142857143,11.107223194201453,0.0218695326168457,5.0,12.16,2.432,0.0126635007914688,0.0052070315754394,8.0,31.48,3.935,0.0327834707989669,0.0083312505207031,24.0,140.68,5.861666666666667,0.146505040406565,0.0249937515621094,,,,,,1.0,2.24,2.24,0.0023327501457968,0.0010414063150878,9.0,49.04,5.448888888888889,0.0510705656919103,0.009372656835791,,,,,,,,,,,,,,,,,,,,30.328811360734544,932.0,0.0325416430909168,0.0063399727690864,2.046040252839431,0.0325624999332432,0.970590685661918,246024.0,233986.33333333337,381.0,0.9510711692084242,0.0015486294020095,4336.0,57.0,936.0,735.0,0.0,0.0,0.0,0.0,4336.0,57.0,936.0,735.0,0.0,1.0,0.0,1.0,0.0,1.0,0.0,1.0
2,inactive,1,blue,12,9-12,12.0,68.52,5.71,9429.28,1370.7199999999991,18.0,523.848888888889,0.0499883273024396,0.0087545231703046,9.0,33.44,3.715555555555555,0.0243959379012489,0.0065658923777284,9.0,29.36,3.2622222222222224,0.0214194000233454,0.0065658923777284,33,10508.68,318.4448484848485,7.666540212443101,0.0240749387183378,,,,,,16.0,165.88,10.3675,0.1210166919575114,0.0116726975604062,14.0,97.8,6.985714285714286,0.071349363837983,0.0102136103653554,4.0,12.64,3.16,0.0092214310727209,0.0029181743901015,,,,,,22.0,94.52,4.296363636363636,0.0689564608380997,0.0160499591455585,,,,,,,,,,,,,,,,,,,,45.13385883381995,1354.0,0.0333337214429984,0.0048508096858874,2.0358919392406576,0.0329214627761214,0.987802031049376,235750.0,225098.6666666667,1756.0,0.9548193708024038,0.0074485683987274,6622.0,320.0,1588.0,1725.0,458.0,0.0,39.0,174.0,6164.0,320.0,1549.0,1551.0,0.0691633947447901,0.93083660525521,0.0,1.0,0.0245591939546599,0.97544080604534,0.1008695652173913,0.8991304347826087
2,inactive,1,green,3,0-3,5.0,126.16,25.232,8821.48,1978.5200000000004,178.0,49.55887640449438,0.0637648343206032,0.0025271414997068,4.0,15.56,3.89,0.0078644643470877,0.0020217131997654,3.0,19.76,6.586666666666667,0.0099872632068414,0.0015162848998241,21,10570.96,503.3790476190476,5.342862341548226,0.0106139942987687,1.0,2.04,2.04,0.0010310737318803,0.0005054282999413,20.0,416.76,20.838,0.2106422982835654,0.0101085659988274,18.0,141.6,7.866666666666666,0.071568647271698,0.0090977093989446,3.0,7.08,2.36,0.0035784323635849,0.0015162848998241,1.0,4.88,4.88,0.0024664901037138,0.0005054282999413,25.0,92.6,3.704,0.0468026605745708,0.0126357074985342,3.0,7.76,2.5866666666666664,0.003922123607545,0.0015162848998241,,,,,,,,,,,,,,,59.60828483037446,1835.0,0.0324840789266345,0.0047663317030542,2.058168680857675,0.0300799324919829,0.9274609303924144,220715.0,185834.3333333333,3340.0,0.8419651284839422,0.0151326371112067,13997.0,303.0,890.0,3159.0,1133.0,0.0,0.0,44.0,12864.0,303.0,890.0,3115.0,0.0809459169822104,0.9190540830177896,0.0,1.0,0.0,1.0,0.0139284583729028,0.9860715416270972
2,inactive,1,green,6,3-6,,,,10531.08,268.9200000000001,32.0,329.09625,,,,,,,,,,,,,4,10799.96,2699.99,40.16049382716048,0.014874312063067,,,,,,18.0,110.04,6.113333333333333,0.4091923248549753,0.0669344042838018,2.0,4.72,2.36,0.0175516882344191,0.0074371560315335,,,,,,,,,,,,,,,,,,,,,,,,,,,,,,,,,,,7.546803199419178,243.0,0.0310568032897908,0.0046036655822712,2.0441144500518234,0.0228556182192209,0.9036144578313252,263309.0,257512.0,0.0,0.9779840415633344,0.0,2889.0,0.0,0.0,0.0,108.0,0.0,0.0,0.0,2781.0,0.0,0.0,0.0,0.0373831775700934,0.9626168224299064,0.0,0.0,0.0,0.0,0.0,0.0
2,inactive,1,green,9,6-9,2.0,6.32,3.16,10307.8,492.2000000000007,36.0,286.3277777777778,0.0128403088175538,0.0040633888663145,2.0,9.32,4.66,0.0189353921170255,0.0040633888663145,2.0,14.8,7.4,0.0300690776107273,0.0040633888663145,11,10754.28,977.6618181818184,21.849410808614355,0.0223486387647297,,,,,,2.0,140.08,70.04,0.2845997561966676,0.0040633888663145,4.0,38.64,9.66,0.0785046728971961,0.008126777732629,1.0,17.48,17.48,0.0355140186915887,0.0020316944331572,1.0,4.0,4.0,0.008126777732629,0.0020316944331572,6.0,21.48,3.58,0.0436407964242177,0.0121901665989435,1.0,2.0,2.0,0.0040633888663145,0.0020316944331572,,,,,,,,,,,,,,,17.221556193467105,460.0,0.0374381656379719,0.0042782539905697,1.938606629090442,0.0299584168109573,0.9345794392523352,257731.0,242677.3333333333,2.0,0.9415915560539218,7.760028867307386e-06,4474.0,539.0,607.0,160.0,0.0,0.0,0.0,0.0,4474.0,539.0,607.0,160.0,0.0,1.0,0.0,1.0,0.0,1.0,0.0,1.0
2,inactive,1,green,12,9-12,2.0,7.0,3.5,9681.0,1119.0,56.0,172.875,0.0062555853440571,0.001787310098302,3.0,21.16,7.053333333333334,0.0189097408400357,0.002680965147453,2.0,7.16,3.58,0.0063985701519213,0.001787310098302,9,10758.92,1195.4355555555555,9.614763181411975,0.0080428954423592,,,,,,41.0,317.24,7.737560975609757,0.283503127792672,0.0366398570151921,22.0,284.6,12.936363636363636,0.2543342269883825,0.0196604110813226,,,,,,1.0,1.4,1.4,0.0012511170688114,0.000893655049151,6.0,18.12,3.02,0.0161930294906166,0.0053619302949061,1.0,3.08,3.08,0.0027524575513851,0.000893655049151,,,,,,,,,,,,,,,39.0216801623956,1074.0,0.0363330355329567,0.0037505490717965,2.240899264889398,0.0326044206533187,0.9597855227882036,242081.0,230836.3333333333,1963.0,0.9535499825815876,0.0081088561266683,15109.0,36.0,713.0,177.0,4675.0,0.0,96.0,0.0,10434.0,36.0,617.0,177.0,0.3094182275464954,0.6905817724535045,0.0,1.0,0.1346423562412342,0.8653576437587658,0.0,1.0
2,inactive,1,red,3,0-3,18.0,102.04,5.6688888888888895,8404.04,2395.959999999999,47.0,178.8093617021277,0.0425883570677306,0.0075126462879179,7.0,28.4,4.057142857142857,0.0118532863653817,0.0029215846675236,5.0,15.8,3.16,0.0065944339638391,0.0020868461910883,42,10466.08,249.19238095238097,4.368219836725156,0.0175295080051419,1.0,1.56,1.56,0.0006510960116195,0.0004173692382176,2.0,2.24,1.12,0.0009349070936075,0.0008347384764353,6.0,259.04,43.17333333333334,0.1081153274679043,0.0025042154293059,,,,,,4.0,35.96,8.99,0.0150085978063072,0.0016694769528706,39.0,141.4,3.6256410256410256,0.059016010283978,0.0162774002904889,8.0,19.8,2.475,0.0082639109167097,0.0033389539057413,3.6,4.0,0.9,0.0,0.0,0.0,0.0015025292575835,0.0016694769528706,0.0,0.0,1.0,0.0,1.0,0.0,64.94311262864879,2352.0,0.0276118676142214,0.0052571884292022,2.1449458793884144,0.0240254806518757,0.9816524482879516,210148.0,181175.3333333333,3091.0,0.8621320846895203,0.0147086815006566,6540.0,903.0,1117.0,2569.0,587.0,0.0,0.0,235.0,5953.0,903.0,1117.0,2334.0,0.0897553516819571,0.9102446483180427,0.0,1.0,0.0,1.0,0.091475282210977,0.908524717789023
2,inactive,1,red,6,3-6,6.0,73.08,12.18,10077.36,722.6399999999994,12.0,839.7800000000001,0.1011291929591498,0.0083028894055131,1.0,7.6,7.6,0.0105169932469832,0.0013838149009188,2.0,5.12,2.56,0.0070851322927045,0.0027676298018377,15,10673.92,711.5946666666666,14.770729547215776,0.0207572235137828,,,,,,3.0,349.92,116.64,0.4842245101295255,0.0041514447027565,1.0,1.16,1.16,0.0016052252850658,0.0013838149009188,,,,,,3.0,26.8,8.933333333333334,0.0370862393446252,0.0041514447027565,9.0,33.4,3.711111111111111,0.0462194176906897,0.0124543341082696,3.0,6.68,2.2266666666666666,0.0092438835381379,0.0041514447027565,,,,,,,,,,,,,,,19.339094011278775,709.0,0.0272765782951745,0.0033715386893106,2.12575658922192,0.0231905020505077,0.9811247647514676,251946.0,249900.0,0.0,0.9918792122121408,0.0,8781.0,673.0,321.0,1833.0,0.0,0.0,0.0,0.0,8781.0,673.0,321.0,1833.0,0.0,1.0,0.0,1.0,0.0,1.0,0.0,1.0
2,inactive,1,red,9,6-9,9.0,242.96,26.995555555555555,9770.36,1029.6399999999994,15.0,651.3573333333334,0.2359659686880853,0.0087409191562099,2.0,4.88,2.44,0.0047395206091449,0.0019424264791577,,,,,,18,10453.12,580.728888888889,10.152208538906809,0.0174818383124198,3.0,8.6,2.8666666666666667,0.0083524338603783,0.0029136397187366,10.0,174.28,17.428,0.1692630433938076,0.0097121323957888,2.0,9.28,4.64,0.009012858863292,0.0019424264791577,1.0,1.84,1.84,0.0017870323608251,0.0009712132395788,1.0,4.92,4.92,0.0047783691387281,0.0009712132395788,11.0,39.16,3.5599999999999996,0.038032710461909,0.0106833456353677,3.0,6.8,2.2666666666666666,0.0066042500291364,0.0029136397187366,,,,,,,,,,,,,,,19.465537532661987,1015.0,0.0191778694903073,0.0039039149433402,2.1758692096297856,0.0176164105601739,0.9857814381725656,244274.0,233075.99999999997,46.0,0.954158035648493,0.0001883131237872,4601.0,171.0,124.0,6083.0,0.0,0.0,0.0,0.0,4601.0,171.0,124.0,6083.0,0.0,1.0,0.0,1.0,0.0,1.0,0.0,1.0
2,inactive,1,red,12,9-12,10.0,61.92,6.192,9742.36,1057.6399999999994,10.0,974.236,0.0585454407927083,0.009455013047918,4.0,17.28,4.32,0.0163382625468023,0.0037820052191672,3.0,7.16,2.3866666666666667,0.0067697893423092,0.0028365039143754,15,10618.96,707.9306666666666,10.040240535531945,0.014182519571877,,,,,,20.0,369.32,18.466,0.349192541885708,0.018910026095836,4.0,264.8,66.2,0.2503687455088689,0.0037820052191672,2.0,4.16,2.08,0.0039332854279338,0.0018910026095836,1.0,20.08,20.08,0.0189856662002193,0.0009455013047918,13.0,57.52,4.424615384615385,0.0543852350516244,0.0122915169622934,6.0,18.52,3.0866666666666664,0.0175106841647441,0.0056730078287508,,,,,,,,,,,,,,,24.20542076461263,1049.0,0.0230747576402408,0.003969345977798,2.0482269750108766,0.0195747260157556,0.9918308687265994,243569.0,230260.3333333333,1092.0,0.9453597680055068,0.0044833291592936,15877.0,609.0,618.0,1558.0,4514.0,0.0,85.0,174.0,11363.0,609.0,533.0,1384.0,0.2843106380298545,0.7156893619701455,0.0,1.0,0.1375404530744336,0.8624595469255664,0.1116816431322208,0.8883183568677792
2,inactive,1,yellow,3,0-3,,,,9828.08,971.92,149.0,65.96026845637584,,,,,,,,,,,,,6,10793.96,1798.993333333333,11.105811177874722,0.0061733476006255,,,,,,8.0,59.32,7.415,0.0610338299448514,0.0082311301341674,8.0,19.48,2.435,0.0200428018766976,0.0082311301341674,4.0,9.48,2.37,0.0097538892089883,0.0041155650670837,,,,,,6.0,19.4,3.233333333333333,0.0199604905753559,0.0061733476006255,,,,,,,,,,,,,,,,,,,,19.580841743164793,855.0,0.0229015692902512,0.0036595338612977,2.0385699038530944,0.0197679258589379,0.8797020330891432,245851.0,193834.3333333333,8392.0,0.7884219845895819,0.0341344960972296,1986.0,241.0,0.0,0.0,490.0,0.0,0.0,0.0,1496.0,241.0,0.0,0.0,0.2467270896273917,0.7532729103726082,0.0,1.0,0.0,0.0,0.0,0.0
2,inactive,1,yellow,6,3-6,,,,10639.56,160.4400000000005,19.0,559.9768421052631,,,,,,,,,,,,,4,10799.96,2699.99,67.31463475442511,0.0249314385440039,,,,,,17.0,49.72,2.9247058823529413,0.3098977811019686,0.1059586138120166,,,,,,1.0,3.56,3.56,0.0221889803041634,0.0062328596360009,,,,,,,,,,,,,,,,,,,,,,,,,,,,,,2.705853127039998,141.0,0.0191904477095035,0.0041358311268052,1.9486128125389024,0.0217405603483539,0.8788332086761378,266008.0,259434.3333333333,0.0,0.9752877106452938,0.0,1260.0,90.0,0.0,0.0,108.0,0.0,0.0,0.0,1152.0,90.0,0.0,0.0,0.0857142857142857,0.9142857142857144,0.0,1.0,0.0,0.0,0.0,0.0
2,inactive,1,yellow,9,6-9,,,,10728.2,71.79999999999927,33.0,325.0969696969697,,,,,,,,,,,,,4,10799.96,2699.99,150.4172701949876,0.0557103064066858,,,,,,,,,,,,,,,,1.0,1.4,1.4,0.01949860724234,0.0139275766016714,,,,,,,,,,,,,,,,,,,,,,,,,,,,,,4.746044712618828,46.0,0.103174885056931,0.0470085263767952,1.601366468866587,0.0685709471529875,0.6406685236768868,268238.0,248290.3333333333,147.0,0.9256344490092132,0.0005480207875095,0.0,36.0,0.0,0.0,0.0,0.0,0.0,0.0,0.0,36.0,0.0,0.0,0.0,0.0,0.0,1.0,0.0,0.0,0.0,0.0
2,inactive,1,yellow,12,9-12,,,,10238.4,561.6000000000004,49.0,208.9469387755102,,,,,,,,1.0,1.4,1.4,0.0024928774928774,0.0017806267806267,3,10800.0,3600.0,19.23076923076922,0.0053418803418803,,,,,,35.0,209.4,5.982857142857143,0.3728632478632476,0.0623219373219372,7.0,22.68,3.24,0.0403846153846153,0.0124643874643874,1.0,2.28,2.28,0.004059829059829,0.0017806267806267,,,,,,4.0,11.84,2.96,0.021082621082621,0.0071225071225071,,,,,,,,,,,,,,,,,,,,13.944948050119072,519.0,0.0268688787092853,0.0041035816114947,2.1880374280173203,0.0214939769473042,0.9241452991452984,256009.0,234466.0,3720.0,0.9158506146268296,0.0145307391537016,5844.0,58.0,36.0,0.0,601.0,0.0,3.0,0.0,5243.0,58.0,33.0,0.0,0.1028405201916495,0.8971594798083504,0.0,1.0,0.0833333333333333,0.9166666666666666,0.0,0.0
2,inactive,2,blue,3,0-3,1.0,2.64,2.64,10638.08,161.92000000000007,5.0,2127.616,0.0163043478260869,0.0061758893280632,1.0,3.6,3.6,0.0222332015810276,0.0061758893280632,,,,,,6,10728.28,1788.0466666666669,66.25666996047428,0.0370553359683794,,,,,,5.0,30.28,6.056,0.1870059288537548,0.0308794466403161,,,,,,,,,,,,,,,,4.0,10.76,2.69,0.0664525691699604,0.0247035573122529,,,,,,0.0,0.0,0.0,0.8,1.0,0.8,0.0,0.0,0.0049407114624505,0.0061758893280632,0.0,1.0,0.0,1.0,5.6598962456332575,160.0,0.0353743515352078,0.0052499994844628,1.9045034551792328,0.0347568640194894,0.988142292490118,265957.0,216938.33333333337,5761.0,0.8156895036916996,0.0216613963911459,762.0,0.0,91.0,67.0,0.0,0.0,0.0,0.0,762.0,0.0,91.0,67.0,0.0,1.0,0.0,0.0,0.0,1.0,0.0,1.0
2,inactive,2,blue,6,3-6,8.0,29.68,3.71,9196.64,1603.3600000000006,31.0,296.66580645161287,0.0185111266340684,0.004989522003792,5.0,19.64,3.928,0.0122492765193094,0.00311845125237,5.0,23.24,4.648,0.0144945614210158,0.00311845125237,27,9937.8,368.06666666666666,6.19810897116056,0.0168396367627981,1.0,1.96,1.96,0.001222432890929,0.000623690250474,18.0,124.36,6.908888888888889,0.0775621195489471,0.011226424508532,3.0,30.72,10.24,0.0191597644945614,0.001871070751422,4.0,11.96,2.99,0.007459335395669,0.002494761001896,3.0,15.56,5.1866666666666665,0.0097046202973755,0.001871070751422,19.0,68.12,3.585263157894737,0.0424857798622891,0.011850114759006,,,,,,,,,,,,,,,,,,,,32.719842238285395,838.0,0.0390451578022498,0.0088371411473109,1.955552733863059,0.0362090277081592,0.5226524298972156,229947.0,217378.66666666663,3128.0,0.9453424774694458,0.0136031346353724,3898.0,695.0,1082.0,750.0,919.0,10.0,84.0,84.0,2979.0,685.0,998.0,666.0,0.2357619291944587,0.7642380708055413,0.014388489208633,0.9856115107913668,0.077634011090573,0.922365988909427,0.112,0.888
2,inactive,2,blue,9,6-9,1.0,6.08,6.08,10306.32,493.6800000000003,9.0,1145.1466666666663,0.0123156700696807,0.0020256036298817,2.0,6.32,3.16,0.0128018149408523,0.0040512072597634,1.0,7.52,7.52,0.0152325392967104,0.0020256036298817,8,10499.96,1312.495,21.26875708961269,0.0162048290390536,1.0,1.8,1.8,0.003646086533787,0.0020256036298817,3.0,13.64,4.546666666666667,0.0276292335115864,0.0060768108896451,3.0,8.88,2.9600000000000004,0.0179873602333495,0.0060768108896451,,,,,,2.0,4.72,2.36,0.0095608491330416,0.0040512072597634,4.0,17.76,4.44,0.035974720466699,0.0081024145195268,,,,,,,,,,,,,,,,,,,,7.128414749689672,210.0,0.0339448321413793,0.0057063048469248,2.0403593238530724,0.0383243421619439,0.4253767622751577,257667.0,252498.0,0.0,0.9799392238819872,0.0,569.0,120.0,349.0,153.0,0.0,0.0,0.0,0.0,569.0,120.0,349.0,153.0,0.0,1.0,0.0,1.0,0.0,1.0,0.0,1.0
2,inactive,2,blue,12,9-12,12.0,79.72,6.6433333333333335,8730.88,2069.120000000001,37.0,235.96972972972972,0.0385284565419115,0.0057995669656665,10.0,34.76,3.476,0.0167994123105474,0.0048329724713888,10.0,45.72,4.572,0.0220963501391895,0.0048329724713888,37,10072.12,272.2194594594595,4.867827868852458,0.0178819981441385,1.0,1.2,1.2,0.0005799566965666,0.0004832972471388,27.0,395.32,14.64148148148148,0.191057067738942,0.0130490256727497,10.0,96.44,9.644,0.0466091865140736,0.0048329724713888,7.0,62.68,8.954285714285714,0.030293071450665,0.0033830807299721,7.0,23.48,3.3542857142857145,0.0113478193628209,0.0033830807299721,26.0,100.12,3.850769230769231,0.0483877203835446,0.0125657284256108,4.0,10.2,2.55,0.0049296319208165,0.0019331889885555,0.0,0.0,0.0,1.8,2.0,0.9,0.0,0.0,0.0008699350448499,0.0009665944942777,0.0,1.0,0.0,1.0,59.924611206941435,1579.0,0.0379509887314385,0.0074578099832057,2.067911914928504,0.036309885430571,0.7631263532322917,218309.0,198160.3333333333,4924.0,0.9077057443043268,0.0225551855397624,12331.0,2168.0,2032.0,2005.0,1717.0,10.0,110.0,305.0,10614.0,2158.0,1922.0,1700.0,0.1392425594031303,0.8607574405968696,0.0046125461254612,0.9953874538745388,0.0541338582677165,0.9458661417322834,0.1521197007481296,0.8478802992518704
2,inactive,2,green,3,0-3,14.0,61.88,4.42,9380.96,1419.0400000000009,250.0,37.52384,0.0436069455406471,0.0098658247829518,8.0,37.56,4.695,0.0264685984891193,0.0056376141616867,4.0,9.96,2.49,0.0070188296313,0.0028188070808433,24,10701.08,445.8783333333334,7.541070019167884,0.0169128424850603,,,,,,4.0,6.32,1.58,0.0044537151877325,0.0028188070808433,2.0,8.88,4.44,0.0062577517194723,0.0014094035404216,1.0,2.72,2.72,0.0019167888149735,0.0007047017702108,,,,,,11.0,52.6,4.781818181818182,0.0370673131130905,0.0077517194723193,,,,,,1.2,1.0,1.2,0.0,0.0,0.0,0.000845642124253,0.0007047017702108,0.0,0.0,1.0,0.0,1.0,0.0,75.10446211416149,1228.0,0.0611599854349849,0.0185135171004877,1.9585108387122503,0.0561438608912273,0.8653737738189193,234774.0,207829.0,189.0,0.885230051027797,0.0008050295177489,386.0,69.0,1200.0,1561.0,39.0,0.0,352.0,509.0,347.0,69.0,848.0,1052.0,0.1010362694300518,0.8989637305699482,0.0,1.0,0.2933333333333333,0.7066666666666667,0.3260730301089045,0.6739269698910955
2,inactive,2,green,6,3-6,8.0,23.48,2.935,9111.52,1688.4799999999996,62.0,146.96,0.0139059982943238,0.0047379891973846,5.0,12.48,2.496,0.00739126314792,0.0029612432483653,6.0,19.08,3.1799999999999997,0.0113001042357623,0.0035534918980384,18,10004.28,555.7933333333334,5.92502132095139,0.0106604756941154,1.0,1.84,1.84,0.0010897375153984,0.000592248649673,24.0,142.24,5.926666666666667,0.0842414479294987,0.0142139675921538,4.0,25.6,6.4,0.0151615654316308,0.0023689945986923,4.0,16.24,4.06,0.0096181180706908,0.0023689945986923,4.0,18.12,4.53,0.0107315455320761,0.0023689945986923,13.0,36.56,2.8123076923076926,0.0216526106320477,0.00769923244575,,,,,,0.0,0.0,0.0,2.4,2.0,1.2,0.0,0.0,0.0014213967592153,0.0011844972993461,0.0,1.0,0.0,1.0,48.9424481282258,896.0,0.054623268000252,0.0110151208679068,2.0131656667015427,0.0524787015339415,0.5306547901070787,227850.0,217694.0,703.0,0.9554268158876452,0.003085363177529,4224.0,867.0,800.0,595.0,330.0,29.0,73.0,217.0,3894.0,838.0,727.0,378.0,0.078125,0.921875,0.0334486735870818,0.966551326412918,0.09125,0.90875,0.3647058823529411,0.6352941176470588
2,inactive,2,green,9,6-9,,,,10327.32,472.6800000000003,9.0,1147.48,,,,,,,,1.0,4.28,4.28,0.009054751629009,0.0021155961750021,5,10521.64,2104.328,22.259541338749244,0.0105779808750105,,,,,,2.0,118.96,59.48,0.2516713209782515,0.0042311923500042,1.0,12.84,12.84,0.0271642548870271,0.0021155961750021,1.0,9.32,9.32,0.0197173563510197,0.0021155961750021,,,,,,3.0,8.32,2.7733333333333334,0.0176017601760175,0.0063467885250063,,,,,,,,,,,,,,,,,,,,3.6994637521005544,189.0,0.0195738822862463,0.0024541780460226,2.122336919291773,0.0189752485748161,0.3998476770753996,258192.0,252852.0,0.0,0.9793177170477784,0.0,3298.0,234.0,108.0,0.0,0.0,0.0,0.0,0.0,3298.0,234.0,108.0,0.0,0.0,1.0,0.0,1.0,0.0,1.0,0.0,0.0
2,inactive,2,green,12,9-12,12.0,106.76,8.896666666666667,8545.12,2254.879999999999,93.0,91.88301075268818,0.0473462002412545,0.005321790960051,6.0,21.8,3.6333333333333337,0.0096679202440928,0.0026608954800255,12.0,40.6,3.3833333333333333,0.0180053927481728,0.005321790960051,25,10165.4,406.616,4.50817781877528,0.0110870645001064,2.0,3.52,1.76,0.0015610586816149,0.0008869651600085,72.0,704.48,9.784444444444444,0.3124246079613993,0.0319307457603065,9.0,24.8,2.7555555555555555,0.0109983679841055,0.0039913432200383,2.0,21.4,10.7,0.0094905272120911,0.0008869651600085,5.0,12.52,2.504,0.0055524019016533,0.0022174129000212,12.0,69.76,5.8133333333333335,0.030937344781097,0.005321790960051,,,,,,1.0,1.0,1.0,0.0,0.0,0.0,0.0004434825800042,0.0004434825800042,0.0,0.0,1.0,0.0,1.0,0.0,90.17156656332747,1715.0,0.052578172923223,0.0074715812781672,2.0983893639111293,0.0477100918923324,0.7605726247073018,213721.0,198497.0,1779.0,0.9287669438192784,0.0083239363469195,18301.0,855.0,1578.0,2681.0,1292.0,6.0,260.0,376.0,17009.0,849.0,1318.0,2305.0,0.0705972351237637,0.9294027648762364,0.0070175438596491,0.9929824561403509,0.164765525982256,0.835234474017744,0.1402461767997016,0.8597538232002984
2,inactive,2,red,3,0-3,23.0,453.08,19.699130434782607,9089.88,1710.1200000000008,48.0,189.37249999999997,0.2649404720136597,0.0134493485837251,8.0,32.92,4.115,0.0192501111033143,0.0046780342899913,8.0,29.48,3.685,0.0172385563586181,0.0046780342899913,45,10102.12,224.4915555555556,5.907257970200919,0.0263139428812013,2.0,9.24,4.62,0.00540312960494,0.0011695085724978,1.0,3.08,3.08,0.0018010432016466,0.0005847542862489,3.0,8.88,2.9600000000000004,0.0051926180618903,0.0017542628587467,2.0,4.76,2.38,0.0027834304025448,0.0011695085724978,6.0,20.88,3.48,0.0122096694968774,0.0035085257174935,36.0,150.2,4.172222222222222,0.0878300937945874,0.021051154304961,,,,,,,,,,,,,,,,,,,,53.68371636000042,1662.0,0.0323006716967511,0.0067896068233002,1.9985536374944368,0.0295553328711282,0.9718616237457016,227295.0,200278.66666666663,114.0,0.8811397816347329,0.0005015508480168,303.0,649.0,1576.0,11350.0,0.0,0.0,121.0,29.0,303.0,649.0,1455.0,11321.0,0.0,1.0,0.0,1.0,0.0767766497461928,0.9232233502538072,0.0025550660792951,0.9974449339207048
2,inactive,2,red,6,3-6,11.0,131.04,11.912727272727272,9118.4,1681.6000000000004,25.0,364.736,0.0779257849666983,0.0065413891531874,8.0,38.32,4.79,0.0227878211227402,0.0047573739295908,13.0,94.84,7.295384615384616,0.0563986679352997,0.0077307326355851,37,9733.6,263.07027027027027,5.788296860133205,0.0220028544243577,3.0,4.68,1.5599999999999998,0.0027830637488106,0.0017840152235965,11.0,107.08,9.734545454545454,0.0636774500475737,0.0065413891531874,7.0,19.36,2.7657142857142856,0.0115128449096098,0.004162702188392,6.0,19.84,3.306666666666666,0.0117982873453853,0.0035680304471931,7.0,81.64,11.662857142857144,0.0485490009514747,0.004162702188392,17.0,86.28,5.075294117647059,0.0513082778306374,0.0101094196003805,,,,,,2.4,2.0,1.2,0.0,0.0,0.0,0.0014272121788772,0.0011893434823977,0.0,0.0,1.0,0.0,1.0,0.0,39.4722231888491,922.0,0.0428115218967994,0.0149602245800876,1.9816655459282728,0.0407454006157692,0.5482873453853472,227985.0,217486.0,2100.0,0.9539487246968004,0.0092111323113362,3179.0,2550.0,3350.0,3287.0,45.0,39.0,132.0,149.0,3134.0,2511.0,3218.0,3138.0,0.0141553947782321,0.985844605221768,0.0152941176470588,0.9847058823529412,0.0394029850746268,0.9605970149253732,0.0453300882263462,0.9546699117736538
2,inactive,2,red,9,6-9,8.0,60.6,7.575,10099.04,700.9599999999991,10.0,1009.904,0.0864528646427757,0.0114129194247888,2.0,25.92,12.96,0.0369778589363159,0.0028532298561972,4.0,19.28,4.82,0.0275051358137411,0.0057064597123944,13,10409.12,800.7015384615386,14.849805980369798,0.0185459940652819,1.0,2.24,2.24,0.0031956174389408,0.0014266149280986,5.0,87.84,17.568,0.1253138552841818,0.007133074640493,3.0,6.88,2.2933333333333334,0.0098151107053184,0.0042798447842958,4.0,24.2,6.05,0.0345240812599863,0.0057064597123944,4.0,9.24,2.31,0.0131819219356311,0.0057064597123944,12.0,48.72,4.06,0.0695046792969642,0.0171193791371833,,,,,,,,,,,,,,,,,,,,15.916278683591557,418.0,0.0380772217310802,0.0122589194325085,1.897773324432111,0.0355562847011244,0.5963250399452187,252486.0,249041.0,0.0,0.9863556791267636,0.0,2376.0,844.0,1136.0,1523.0,0.0,0.0,0.0,0.0,2376.0,844.0,1136.0,1523.0,0.0,1.0,0.0,1.0,0.0,1.0,0.0,1.0
2,inactive,2,red,12,9-12,13.0,131.56,10.12,9118.24,1681.7600000000002,20.0,455.912,0.0782275711159737,0.0077299971458472,9.0,89.72,9.96888888888889,0.053348872609647,0.0053515364855865,11.0,56.32,5.12,0.0334887260964703,0.0065407668157168,31,10018.68,323.1832258064516,5.957259061935115,0.0184330701170202,3.0,13.68,4.56,0.0081343354580915,0.0017838454951955,18.0,331.68,18.426666666666662,0.1972219579488155,0.010703072971173,9.0,60.28,6.697777777777778,0.0358434021501284,0.0053515364855865,5.0,10.92,2.184,0.0064931976025116,0.0029730758253258,4.0,29.8,7.45,0.017719531918942,0.0023784606602606,14.0,60.28,4.305714285714286,0.0358434021501284,0.0083246123109123,1.0,2.04,2.04,0.0012130149367329,0.0005946151650651,0.8,1.0,0.8,0.0,0.0,0.0,0.0004756921320521,0.0005946151650651,0.0,0.0,1.0,0.0,1.0,0.0,41.89741102320055,1206.0,0.0347408051601994,0.010284440192635,2.092441620535177,0.0301201259831118,0.7171058890685947,227976.0,204019.0,5122.0,0.8949143769519599,0.0224672772572551,9826.0,1027.0,3671.0,3302.0,943.0,6.0,140.0,530.0,8883.0,1021.0,3531.0,2772.0,0.0959698758396092,0.9040301241603907,0.0058422590068159,0.994157740993184,0.0381367474802506,0.9618632525197494,0.1605087825560266,0.8394912174439734
2,inactive,2,yellow,3,0-3,14.0,67.76,4.840000000000001,7762.32,3037.6800000000003,98.0,79.2073469387755,0.0223064970635484,0.0046087803850306,3.0,20.2,6.733333333333333,0.0066498116984014,0.0009875957967922,2.0,3.0,1.5,0.0009875957967922,0.0006583971978615,38,10527.0,277.0263157894737,3.465473650944141,0.0125095467593689,,,,,,7.0,34.8,4.971428571428571,0.0114561112427905,0.0023043901925153,6.0,11.68,1.9466666666666663,0.0038450396355113,0.0019751915935845,,,,,,1.0,2.52,2.52,0.0008295804693055,0.0003291985989307,40.0,157.68,3.942,0.0519080350794027,0.0131679439572305,3.0,6.64,2.213333333333334,0.0021858786969002,0.0009875957967922,0.8,1.0,0.8,1.2,1.0,1.2,0.0002633588791446,0.0003291985989307,0.0003950383187169,0.0003291985989307,0.4,0.6,0.5,0.5,87.55289281180866,2940.0,0.0297798955142206,0.0060056590721654,2.1671859612926725,0.0294349068386783,0.967843880856443,194156.0,184973.3333333333,376.0,0.9527046979404876,0.0019365870743113,1175.0,64.0,585.0,1708.0,39.0,0.0,231.0,480.0,1136.0,64.0,354.0,1228.0,0.0331914893617021,0.966808510638298,0.0,1.0,0.3948717948717948,0.6051282051282051,0.2810304449648712,0.7189695550351288
2,inactive,2,yellow,6,3-6,3.0,15.16,5.053333333333334,9515.48,1284.5200000000004,34.0,279.8670588235294,0.0118020739264472,0.0023355027558932,1.0,1.16,1.16,0.000903061065612,0.000778500918631,,,,,,5,10040.28,2008.056,7.816367203313297,0.0038925045931554,1.0,2.04,2.04,0.0015881418740074,0.000778500918631,14.0,81.6,5.828571428571428,0.0635256749602964,0.0108990128608351,9.0,30.32,3.368888888888889,0.0236041478528944,0.0070065082676797,3.0,8.52,2.84,0.0066328278267368,0.0023355027558932,1.0,2.56,2.56,0.0019929623516955,0.000778500918631,4.0,16.36,4.09,0.0127362750288045,0.0031140036745243,1.0,2.04,2.04,0.0015881418740074,0.000778500918631,,,,,,,,,,,,,,,22.365296015242777,519.0,0.0430930559060554,0.0078950312324959,2.1564993218637247,0.0413254958456891,0.4040419767695324,237921.0,223232.0,742.0,0.9382610194140072,0.0031186822516717,2821.0,281.0,30.0,382.0,842.0,0.0,30.0,134.0,1979.0,281.0,0.0,248.0,0.2984757178305565,0.7015242821694435,0.0,1.0,1.0,0.0,0.3507853403141361,0.6492146596858639
2,inactive,2,yellow,9,6-9,,,,10522.92,277.0799999999999,6.0,1753.82,,,,,,,,,,,,,3,10526.52,3508.84,37.99090515374622,0.010827197921178,,,,,,,,,,,,,,,,,,,,,,,,,,,,,,,,,,,,,,,,,,,,,,,,,,0.0,0.0,,,,,0.0,263079.0,256107.0,0.0,0.97349845483676,0.0,,,,,,,,,,,,,,,,,,,,
2,inactive,2,yellow,12,9-12,10.0,53.56,5.356,8781.44,2018.5599999999995,41.0,214.18146341463415,0.0265337666455294,0.0049540266328471,3.0,6.28,2.0933333333333333,0.003111128725428,0.0014862079898541,2.0,3.68,1.84,0.0018230818008877,0.0009908053265694,11,10306.24,936.930909090909,5.105738744451491,0.0054494292961318,1.0,1.16,1.16,0.0005746670894102,0.0004954026632847,76.0,529.36,6.965263157894737,0.2622463538363982,0.0376506024096385,11.0,45.48,4.134545454545454,0.0225309131261889,0.0054494292961318,4.0,41.04,10.26,0.0203313253012048,0.0019816106531388,8.0,21.56,2.695,0.0106808814204185,0.0039632213062777,10.0,30.28,3.028,0.0150007926442612,0.0049540266328471,2.0,4.72,2.36,0.0023383005707038,0.0009908053265694,,,,,,,,,,,,,,,59.437360278888264,1521.0,0.039077817408868,0.0060338714318367,2.167790979140382,0.037290739613235,0.753507450856056,219577.0,203142.3333333333,1339.0,0.9251530594430806,0.0060980885976217,14458.0,1577.0,254.0,1349.0,2191.0,10.0,42.0,292.0,12267.0,1567.0,212.0,1057.0,0.1515423986720155,0.8484576013279845,0.0063411540900443,0.9936588459099556,0.1653543307086614,0.8346456692913385,0.2164566345441067,0.7835433654558932
2,inactive,3,blue,3,0-3,,,,10443.68,356.3199999999997,18.0,580.2044444444444,,,1.0,2.6,2.6,0.0072968118545128,0.0028064660978895,,,,,,10,10724.36,1072.436,30.097552761562667,0.0280646609788953,,,,,,,,,,,1.0,4.96,4.96,0.0139200718455321,0.0028064660978895,1.0,3.84,3.84,0.0107768298158958,0.0028064660978895,,,,,,2.0,4.16,2.08,0.0116748989672204,0.005612932195779,,,,,,,,,,,,,,,,,,,,10.964528842848305,338.0,0.0324394344462967,0.0128247336532172,2.0896211944996845,0.0298323161585872,0.9485855410866644,261110.0,244028.3333333333,1295.0,0.934580572683288,0.0049595955727471,125.0,97.0,66.0,0.0,109.0,0.0,0.0,0.0,16.0,97.0,66.0,0.0,0.872,0.128,0.0,1.0,0.0,1.0,0.0,0.0
2,inactive,3,blue,6,3-6,,,,9510.52,1289.4799999999996,9.0,1056.7244444444443,,,,,,,,,,,,,4,9749.04,2437.26,7.560442969258929,0.0031020256227316,,,,,,3.0,212.12,70.70666666666666,0.1645004187734591,0.0023265192170487,,,,,,1.0,0.96,0.96,0.0007444861494555,0.0007755064056829,,,,,,3.0,16.64,5.546666666666667,0.0129044265905636,0.0023265192170487,,,,,,,,,,,,,,,,,,,,1.0045473746002622,231.0,0.0043486899333344,0.0010050925264002,2.021290059303978,0.002901181722354,0.1791419797127524,237772.0,226459.99999999997,0.0,0.952425012196558,0.0,5306.0,25.0,0.0,0.0,0.0,0.0,0.0,0.0,5306.0,25.0,0.0,0.0,0.0,1.0,0.0,1.0,0.0,0.0,0.0,0.0
2,inactive,3,blue,9,6-9,3.0,15.04,5.013333333333333,8548.2,2251.7999999999993,26.0,328.7769230769231,0.0066791011635136,0.0013322675193178,2.0,8.24,4.12,0.0036592947863931,0.0008881783462119,3.0,13.72,4.573333333333333,0.0060929034550137,0.0013322675193178,11,9750.72,886.4290909090909,4.330189181987744,0.0048849809041655,,,,,,8.0,38.88,4.86,0.0172661870503597,0.0035527133848476,16.0,827.16,51.6975,0.3673328004263257,0.0071054267696953,,,,,,3.0,23.76,7.920000000000001,0.0105515587529976,0.0013322675193178,16.0,48.6,3.0375,0.0215827338129496,0.0071054267696953,2.0,6.6,3.3,0.0029309885424993,0.0008881783462119,,,,,,,,,,,,,,,19.726719770392815,1225.0,0.0161034447105247,0.0020325583313547,2.204883821222926,0.0135742194131564,0.5440092370548008,213731.0,203795.3333333333,568.0,0.9535132167693656,0.0026575461678464,21675.0,597.0,554.0,379.0,4382.0,0.0,0.0,115.0,17293.0,597.0,554.0,264.0,0.2021683967704729,0.7978316032295271,0.0,1.0,0.0,1.0,0.3034300791556728,0.6965699208443272
2,inactive,3,blue,12,9-12,,,,10719.44,80.55999999999949,17.0,630.5552941176471,,,,,,,,,,,,,4,10797.84,2699.46,134.0347567030793,0.0496524329692158,,,,,,2.0,2.84,1.42,0.0352532274081432,0.0248262164846079,5.0,13.16,2.632,0.16335650446872,0.0620655412115197,1.0,8.56,8.56,0.1062562065541218,0.0124131082423039,,,,,,,,,,,,,,,,,,,,,,,,,,,,,,5.11465849343854,64.0,0.0799165389599771,0.0096612697771802,1.7298301151610356,0.0763389590297362,0.7944389275074529,268003.0,252303.66666666663,0.0,0.9414210537444232,0.0,407.0,215.0,0.0,0.0,0.0,0.0,0.0,0.0,407.0,215.0,0.0,0.0,0.0,1.0,0.0,1.0,0.0,0.0,0.0,0.0
2,inactive,3,green,3,0-3,2.0,5.76,2.88,9607.76,1192.2399999999998,127.0,75.65165354330709,0.0048312420318056,0.0016775145943769,4.0,11.64,2.91,0.0097631349392739,0.0033550291887539,2.0,12.64,6.32,0.0106018922364624,0.0016775145943769,19,10713.48,563.8673684210526,8.986009528282898,0.0159363886465812,1.0,2.84,2.84,0.0023820707240152,0.0008387572971884,31.0,260.76,8.411612903225807,0.2187143528148695,0.026001476212843,,,,,,4.0,50.36,12.59,0.0422398174864121,0.0033550291887539,1.0,1.24,1.24,0.0010400590485137,0.0008387572971884,18.0,80.56,4.475555555555555,0.0675702878615044,0.0150976313493927,,,,,,,,,,,,,,,,,,,,43.8337560468693,1082.0,0.04051178932243,0.0100123344177583,1.9818992243861748,0.0378692541706436,0.9075353955579416,240321.0,232600.3333333333,1116.0,0.9678735247162475,0.004643788932303,6550.0,1295.0,613.0,146.0,86.0,17.0,91.0,36.0,6464.0,1278.0,522.0,110.0,0.0131297709923664,0.9868702290076335,0.0131274131274131,0.9868725868725868,0.1484502446982055,0.8515497553017944,0.2465753424657534,0.7534246575342466
2,inactive,3,green,6,3-6,2.0,15.44,7.72,9215.52,1584.4799999999996,75.0,122.8736,0.009744521862062,0.0012622437645158,2.0,6.48,3.24,0.0040896697970312,0.0012622437645158,2.0,7.28,3.64,0.0045945673028375,0.0012622437645158,7,9723.48,1389.0685714285714,6.136700999697063,0.0044178531758053,,,,,,1.0,32.44,32.44,0.0204735938604463,0.0006311218822579,28.0,66.04,2.358571428571429,0.0416792891043118,0.0176714127032212,2.0,12.32,6.16,0.0077754215894173,0.0012622437645158,,,,,,3.0,13.88,4.626666666666667,0.0087599717257396,0.0018933656467737,,,,,,,,,,,,,,,,,,,,16.72551580987019,461.0,0.0362809453576359,0.0073447364888373,2.1284082562952333,0.0252554154201696,0.2909471877208927,230463.0,223890.3333333333,0.0,0.9714805991995822,0.0,2491.0,310.0,348.0,388.0,168.0,0.0,109.0,0.0,2323.0,310.0,239.0,388.0,0.067442794058611,0.932557205941389,0.0,1.0,0.3132183908045977,0.6867816091954023,0.0,1.0
2,inactive,3,green,9,6-9,5.0,28.2,5.64,8689.44,2110.5599999999995,95.0,91.46778947368422,0.0133613827609733,0.0023690394966264,6.0,23.68,3.946666666666667,0.011219771056023,0.0028428473959517,3.0,7.32,2.44,0.0034682738230611,0.0014214236979758,21,9686.64,461.2685714285714,4.5896065499204015,0.0099499658858312,1.0,3.48,3.48,0.001648851489652,0.0004738078993252,27.0,192.28,7.1214814814814815,0.0911037828822682,0.012792813281783,27.0,123.2,4.562962962962963,0.0583731331968766,0.012792813281783,7.0,34.84,4.977142857142858,0.0165074672124933,0.003316655295277,3.0,5.16,1.72,0.0024448487605185,0.0014214236979758,4.0,13.0,3.25,0.0061595026912288,0.0018952315973011,2.0,4.76,2.38,0.0022553256007884,0.0009476157986505,,,,,,,,,,,,,,,27.82770815290809,1036.0,0.0268607221553166,0.0060253258476187,1.9482362192775968,0.0261924446359962,0.4908649837010084,217331.0,200151.3333333333,4319.0,0.9209516053086458,0.0198729127459957,7941.0,1010.0,784.0,710.0,1098.0,290.0,0.0,25.0,6843.0,720.0,784.0,685.0,0.1382697393275406,0.8617302606724594,0.2871287128712871,0.7128712871287128,0.0,1.0,0.0352112676056338,0.9647887323943662
2,inactive,3,green,12,9-12,5.0,67.28,13.456,9927.8,872.2000000000007,57.0,174.1719298245614,0.0771382710387525,0.0057326301307039,7.0,26.96,3.851428571428571,0.0309103416647557,0.0080256821829855,4.0,12.12,3.03,0.0138958954368264,0.0045861041045631,19,10667.24,561.4336842105263,12.230268287090109,0.021783994496675,1.0,1.84,1.84,0.002109607888099,0.0011465260261407,16.0,40.4,2.525,0.046319651456088,0.0183444164182526,26.0,259.0,9.961538461538462,0.2969502407704652,0.0298096766796606,2.0,8.48,4.24,0.0097225407016739,0.0022930520522815,2.0,15.6,7.8,0.0178858060077963,0.0022930520522815,8.0,24.44,3.055,0.0280210960788809,0.0091722082091263,2.0,4.16,2.08,0.0047695482687456,0.0022930520522815,,,,,,,,,,,,,,,31.5566948051992,823.0,0.0383434930804364,0.0055206472775205,2.0327014510031294,0.0365206849450524,0.9435909195138722,248252.0,241025.0,0.0,0.970888452056781,0.0,7527.0,606.0,988.0,1687.0,202.0,0.0,41.0,40.0,7325.0,606.0,947.0,1647.0,0.0268367211372392,0.9731632788627608,0.0,1.0,0.041497975708502,0.958502024291498,0.0237107291049199,0.97628927089508
2,inactive,3,red,3,0-3,4.0,12.12,3.03,10195.16,604.8400000000001,45.0,226.55911111111112,0.0200383572515045,0.0066133192249189,2.0,5.96,2.98,0.0098538456451292,0.0033066596124594,,,,,,15,10739.8,715.9866666666666,17.756431452946227,0.0247999470934461,,,,,,1.0,1.0,1.0,0.0016533298062297,0.0016533298062297,2.0,4.84,2.42,0.0080021162621519,0.0033066596124594,,,,,,,,,,,7.0,27.48,3.9257142857142857,0.0454335030751934,0.0115733086436082,,,,,,,,,,,,,,,,,,,,17.774672035195863,554.0,0.032084245550895,0.0104163811867121,1.9880579501105409,0.0269578853469423,0.9159447126512794,254924.0,239699.0,1749.0,0.9402763176476128,0.0068608683372299,149.0,0.0,151.0,307.0,0.0,0.0,0.0,0.0,149.0,0.0,151.0,307.0,0.0,1.0,0.0,0.0,0.0,1.0,0.0,1.0
2,inactive,3,red,6,3-6,1.0,8.44,8.44,9331.68,1468.3199999999997,25.0,373.2672,0.0057480658167157,0.0006810504522175,1.0,3.64,3.64,0.0024790236460717,0.0006810504522175,,,,,,11,9705.52,882.32,6.609948785005995,0.0074915549743925,,,,,,3.0,20.72,6.906666666666666,0.0141113653699466,0.0020431513566525,2.0,74.2,37.1,0.0505339435545385,0.001362100904435,1.0,5.84,5.84,0.0039773346409502,0.0006810504522175,,,,,,10.0,32.84,3.2840000000000003,0.0223656968508227,0.006810504522175,2.0,4.32,2.16,0.0029421379535796,0.001362100904435,,,,,,,,,,,,,,,12.980557826227956,394.0,0.0329455782391572,0.0108489081176838,1.9683937796987392,0.0290914450311628,0.2683338781736951,233317.0,223464.66666666663,0.0,0.9577727583788008,0.0,2378.0,147.0,92.0,212.0,0.0,0.0,0.0,0.0,2378.0,147.0,92.0,212.0,0.0,1.0,0.0,1.0,0.0,1.0,0.0,1.0
2,inactive,3,red,9,6-9,4.0,28.88,7.22,8825.72,1974.2800000000009,23.0,383.7269565217391,0.0146281175922361,0.0020260550681767,2.0,8.08,4.04,0.004092631237717,0.0010130275340883,1.0,4.96,4.96,0.0025123082845391,0.0005065137670441,15,9694.36,646.2906666666667,4.910326802682495,0.0075977065056628,,,,,,5.0,39.04,7.808,0.0197742974654051,0.0025325688352209,4.0,276.44,69.11,0.1400206657616953,0.0020260550681767,3.0,40.72,13.573333333333332,0.0206252405940393,0.0015195413011325,1.0,1.48,1.48,0.0007496403752253,0.0005065137670441,22.0,89.92,4.087272727272727,0.0455457179326133,0.0111433028749721,3.0,7.44,2.48,0.0037684624268087,0.0015195413011325,,,,,,,,,,,,,,,24.326046008233774,947.0,0.0256874825852521,0.003705837964869,2.106236330988944,0.0242676208167949,0.4796685373908461,220666.0,207496.3333333333,1772.0,0.9403185508113316,0.0080302357408934,7896.0,1059.0,329.0,726.0,7358.0,0.0,0.0,115.0,538.0,1059.0,329.0,611.0,0.9318642350557244,0.0681357649442755,0.0,1.0,0.0,1.0,0.1584022038567493,0.8415977961432507
2,inactive,3,red,12,9-12,2.0,6.04,3.02,10361.76,438.2399999999998,11.0,941.9781818181818,0.0137824023366192,0.0045637093829864,1.0,3.72,3.72,0.0084884994523548,0.0022818546914932,2.0,4.8,2.4,0.0109529025191675,0.0045637093829864,6,10780.52,1796.753333333333,24.59958013873678,0.0136911281489594,,,,,,3.0,117.16,39.053333333333335,0.2673420956553488,0.0068455640744797,3.0,102.88,34.29333333333333,0.2347572106608252,0.0068455640744797,,,,,,1.0,3.92,3.92,0.0089448703906535,0.0022818546914932,5.0,19.48,3.896,0.0444505293902884,0.0114092734574662,1.0,2.12,2.12,0.0048375319459656,0.0022818546914932,,,,,,,,,,,,,,,9.71792023705048,428.0,0.0227054211146039,0.003420691182763,1.918283402188594,0.0235731852775706,0.9766338079591096,259055.0,246338.0,0.0,0.950910038408832,0.0,5507.0,99.0,216.0,153.0,0.0,0.0,0.0,0.0,5507.0,99.0,216.0,153.0,0.0,1.0,0.0,1.0,0.0,1.0,0.0,1.0
2,inactive,3,yellow,3,0-3,1.0,1.4,1.4,9945.16,854.8400000000001,56.0,177.59214285714285,0.0016377333770062,0.0011698095550044,2.0,4.84,2.42,0.0056618782462215,0.0023396191100088,1.0,5.8,5.8,0.0067848954190257,0.0011698095550044,7,10788.44,1541.2057142857143,12.620420195592157,0.0081886668850311,,,,,,28.0,225.68,8.06,0.2640026203734031,0.0327546675401244,2.0,12.88,6.44,0.0150671470684572,0.0023396191100088,1.0,7.92,7.92,0.0092648916756352,0.0011698095550044,2.0,6.08,3.04,0.007112442094427,0.0023396191100088,13.0,38.24,2.9415384615384617,0.0447335173833699,0.0152075242150577,,,,,,,,,,,,,,,,,,,,18.57304317571565,811.0,0.0229014095878121,0.0040964855403282,2.1740421778116685,0.0216010184829843,0.948715549108605,248685.0,237489.6666666667,1310.0,0.954981871309756,0.0052677081448418,5994.0,353.0,269.0,36.0,183.0,17.0,91.0,36.0,5811.0,336.0,178.0,0.0,0.0305305305305305,0.9694694694694694,0.0481586402266288,0.9518413597733713,0.3382899628252788,0.6617100371747212,1.0,0.0
2,inactive,3,yellow,6,3-6,,,,9331.32,1468.6800000000003,41.0,227.59317073170732,,,1.0,2.0,2.0,0.0013617670288966,0.0006808835144483,1.0,5.44,5.44,0.003704006318599,0.0006808835144483,5,9744.96,1948.9919999999995,6.635182612958573,0.0034044175722417,,,,,,,,,,,33.0,155.0,4.696969696969697,0.1055369447394939,0.0224691559767954,1.0,2.96,2.96,0.0020154152027671,0.0006808835144483,,,,,,,,,,,,,,,,,,,,,,,,,,,,,,10.439268786152232,382.0,0.0273279287595608,0.0052385934980637,2.0412741276989075,0.0227314981949756,0.2600975025192689,233324.0,225772.3333333333,0.0,0.9676344196625009,0.0,3908.0,75.0,188.0,0.0,168.0,0.0,109.0,0.0,3740.0,75.0,79.0,0.0,0.0429887410440122,0.9570112589559876,0.0,1.0,0.5797872340425532,0.4202127659574468,0.0,0.0
2,inactive,3,yellow,9,6-9,2.0,4.32,2.16,9166.6,1633.3999999999996,43.0,213.17674418604653,0.002644790008571,0.0012244398187829,,,,,,,,,,,3,9798.4,3266.133333333333,5.998775560181218,0.0018366597281743,,,,,,36.0,295.48,8.207777777777778,0.1808987388269867,0.0220399167380923,3.0,16.96,5.653333333333333,0.010383249663279,0.0018366597281743,2.0,43.12,21.56,0.0263989224929594,0.0012244398187829,,,,,,3.0,13.0,4.333333333333333,0.0079588588220888,0.0018366597281743,,,,,,,,,,,,,,,,,,,,10.835629461588091,593.0,0.0182725623298281,0.0023276866755095,2.1740716348178775,0.0177877270978744,0.3630464062691319,229208.0,211505.66666666663,461.0,0.9227673845008318,0.0020112736030156,7850.0,1080.0,0.0,110.0,7224.0,290.0,0.0,25.0,626.0,790.0,0.0,85.0,0.9202547770700636,0.0797452229299363,0.2685185185185185,0.7314814814814815,0.0,0.0,0.2272727272727272,0.7727272727272727
2,inactive,3,yellow,12,9-12,1.0,5.6,5.6,10206.0,594.0,19.0,537.1578947368421,0.0094276094276094,0.0016835016835016,1.0,1.72,1.72,0.0028956228956228,0.0016835016835016,,,,,,4,10795.76,2698.94,18.174680134680138,0.0067340067340067,,,,,,22.0,224.08,10.185454545454546,0.3772390572390572,0.037037037037037,24.0,121.88,5.078333333333333,0.2051851851851851,0.0404040404040404,,,,,,,,,,,1.0,2.6,2.6,0.0043771043771043,0.0016835016835016,1.0,2.12,2.12,0.0035690235690235,0.0016835016835016,,,,,,,,,,,,,,,14.307053726849803,577.0,0.0247955870482665,0.0032802336273899,2.2188243253209663,0.0236056890342026,0.9713804713804712,255169.0,245636.0,0.0,0.9626404461356984,0.0,8695.0,0.0,44.0,141.0,202.0,0.0,41.0,40.0,8493.0,0.0,3.0,101.0,0.0232317423806785,0.9767682576193214,0.0,0.0,0.9318181818181818,0.0681818181818181,0.2836879432624113,0.7163120567375887
2,inactive,4,blue,3,0-3,5.0,27.64,5.5280000000000005,9423.72,1376.2800000000009,27.0,349.02666666666664,0.020083122620397,0.0036329816607085,4.0,13.2,3.3,0.0095910715842706,0.0029063853285668,1.0,8.36,8.36,0.0060743453367047,0.0007265963321417,18,10701.68,594.5377777777778,7.775801435754348,0.0130787339785508,1.0,5.72,5.72,0.0041561310198506,0.0007265963321417,12.0,276.92,23.076666666666668,0.2012090562966837,0.0087191559857005,11.0,134.92,12.265454545454544,0.0980323771325601,0.0079925596535588,2.0,14.08,7.04,0.0102304763565553,0.0014531926642834,3.0,28.12,9.373333333333331,0.020431888859825,0.0021797889964251,24.0,110.48,4.6033333333333335,0.0802743627750166,0.0174383119714011,4.0,9.92,2.48,0.0072078356148458,0.0029063853285668,0.8,1.0,0.8,0.8,1.0,0.8,0.0005812770657133,0.0007265963321417,0.0005812770657133,0.0007265963321417,0.5,0.5,0.5,0.5,51.047858121889654,1352.0,0.0377572915102734,0.0047961817171032,2.0287228941789905,0.036340971127877,0.9823582410555984,235620.0,219105.0,6.0,0.9299083269671504,2.5464731347084288e-05,10319.0,1060.0,544.0,696.0,1023.0,0.0,0.0,0.0,9296.0,1060.0,544.0,696.0,0.0991375133249345,0.9008624866750654,0.0,1.0,0.0,1.0,0.0,1.0
2,inactive,4,blue,6,3-6,3.0,4.4,1.4666666666666668,9000.64,1799.3600000000006,50.0,180.0128,0.0024453138893828,0.0016672594700337,3.0,5.84,1.9466666666666663,0.0032455984349991,0.0016672594700337,2.0,11.44,5.72,0.0063578161123955,0.0011115063133558,15,9706.56,647.1039999999999,5.394451360483726,0.0083362973501689,1.0,7.2,7.2,0.004001422728081,0.0005557531566779,1.0,3.6,3.6,0.0020007113640405,0.0005557531566779,3.0,23.44,7.813333333333333,0.0130268539925306,0.0016672594700337,1.0,29.0,29.0,0.0161168415436599,0.0005557531566779,1.0,3.12,3.12,0.0017339498488351,0.0005557531566779,12.0,45.24,3.77,0.0251422728081095,0.0066690378801351,1.0,2.08,2.08,0.00115596656589,0.0005557531566779,,,,,,,,,,,,,,,25.23120505936304,726.0,0.034753725977084,0.0076586881135963,2.099001257500804,0.0339498951974333,0.403476791748177,225066.0,221291.3333333333,74.0,0.9832286233075334,0.0003287924431055,680.0,805.0,437.0,113.0,0.0,0.0,0.0,0.0,680.0,805.0,437.0,113.0,0.0,1.0,0.0,1.0,0.0,1.0,0.0,1.0
2,inactive,4,blue,9,6-9,1.0,14.88,14.88,7716.64,3083.3599999999997,12.0,643.0533333333334,0.004825904208396,0.0003243215193814,2.0,13.28,6.64,0.0043069897773857,0.0006486430387629,2.0,18.32,9.16,0.0059415702350682,0.0006486430387629,9,8265.56,918.3955555555556,2.680698977738571,0.002918893674433,1.0,1.84,1.84,0.0005967515956618,0.0003243215193814,32.0,332.0,10.375,0.1076747444346427,0.0103782886202065,2.0,9.44,4.72,0.0030615951429609,0.0006486430387629,3.0,8.72,2.9066666666666667,0.0028280836490062,0.0009729645581443,1.0,12.0,12.0,0.0038918582325774,0.0003243215193814,1.0,1.96,1.96,0.0006356701779876,0.0003243215193814,2.0,6.68,3.34,0.0021664677494681,0.0006486430387629,,,,,,,,,,,,,,,10.282446458978978,581.0,0.0176978424423046,0.0027514744943638,2.1833479881412132,0.0152204485949468,0.1884308027606248,192928.0,178519.3333333333,482.0,0.9253158345773206,0.0024983413501409,8570.0,522.0,794.0,373.0,0.0,41.0,88.0,190.0,8570.0,481.0,706.0,183.0,0.0,1.0,0.0785440613026819,0.921455938697318,0.1108312342569269,0.889168765743073,0.5093833780160858,0.4906166219839142
2,inactive,4,blue,12,9-12,4.0,16.44,4.11,10102.2,697.7999999999993,14.0,721.5857142857143,0.0235597592433362,0.0057323015190599,1.0,2.8,2.8,0.0040126110633419,0.0014330753797649,4.0,17.24,4.31,0.0247062195471482,0.0057323015190599,10,10754.24,1075.424,15.411636572083708,0.0143307537976497,,,,,,29.0,279.24,9.62896551724138,0.4001719690455722,0.0415591860131843,4.0,41.6,10.4,0.059615935798223,0.0057323015190599,,,,,,6.0,17.32,2.8866666666666667,0.0248208655775294,0.0085984522785898,14.0,43.0,3.0714285714285716,0.061622241329894,0.0200630553167096,,,,,,,,,,,,,,,,,,,,17.732125061671002,689.0,0.0257360305684629,0.002684758127385,1.9884303896202593,0.0246443915086274,0.9873889366580691,252569.0,236705.0,1464.0,0.937189441301189,0.0057964358254575,8054.0,439.0,506.0,415.0,68.0,0.0,0.0,0.0,7986.0,439.0,506.0,415.0,0.0084430096846287,0.9915569903153711,0.0,1.0,0.0,1.0,0.0,1.0
2,inactive,4,green,3,0-3,4.0,16.44,4.11,9982.28,817.7199999999993,56.0,178.25500000000002,0.0201046813090055,0.0048916499535293,2.0,12.2,6.1,0.0149195323582644,0.0024458249767646,5.0,21.76,4.352,0.0266105757471995,0.0061145624419116,22,10710.28,486.83090909090913,13.097735166071526,0.0269040747444113,3.0,3.08,1.0266666666666666,0.0037665704642175,0.0036687374651469,17.0,95.88,5.64,0.117252849386098,0.0207895123024996,5.0,69.16,13.832,0.0845766276965221,0.0061145624419116,1.0,17.28,17.28,0.0211319277992467,0.0012229124883823,1.0,5.4,5.4,0.0066037274372645,0.0012229124883823,7.0,24.88,3.5542857142857143,0.0304260627109524,0.0085603874186763,3.0,6.44,2.146666666666667,0.0078755564251822,0.0036687374651469,0.0,0.0,0.0,0.8,1.0,0.8,0.0,0.0,0.0009783299907058,0.0012229124883823,0.0,1.0,0.0,1.0,39.39042551295897,776.0,0.0507608576197924,0.0091352122250025,1.9778755301217623,0.0465756738957481,0.94898009098469,249613.0,227720.66666666663,171.0,0.9122948991705828,0.0006850604736131,4148.0,569.0,856.0,415.0,880.0,0.0,50.0,0.0,3268.0,569.0,806.0,415.0,0.2121504339440694,0.7878495660559306,0.0,1.0,0.058411214953271,0.9415887850467288,0.0,1.0
2,inactive,4,green,6,3-6,1.0,4.92,4.92,9373.12,1426.8799999999992,36.0,260.3644444444445,0.0034480825297151,0.0007008297824624,4.0,18.2,4.55,0.0127551020408163,0.0028033191298497,6.0,24.84,4.14,0.0174086117963669,0.0042049786947746,13,9721.48,747.8061538461538,6.813102713612921,0.0091107871720116,1.0,3.2,3.2,0.0022426553038797,0.0007008297824624,13.0,126.84,9.756923076923076,0.0888932496075353,0.0091107871720116,2.0,2.72,1.36,0.0019062570082978,0.0014016595649248,1.0,5.6,5.6,0.0039246467817896,0.0007008297824624,1.0,4.96,4.96,0.0034761157210136,0.0007008297824624,1.0,5.76,5.76,0.0040367795469836,0.0007008297824624,1.0,2.04,2.04,0.0014296927562233,0.0007008297824624,,,,,,,,,,,,,,,14.6924454170591,366.0,0.0401432934892325,0.007189699400871,1.9728164939623265,0.0369365026413568,0.2565037003812515,234364.0,227221.0,28.0,0.9695217695550512,0.0001194722738987,3254.0,266.0,1086.0,124.0,3.0,0.0,72.0,0.0,3251.0,266.0,1014.0,124.0,0.0009219422249539,0.999078057775046,0.0,1.0,0.0662983425414364,0.9337016574585636,0.0,1.0
2,inactive,4,green,9,6-9,5.0,27.32,5.464,7600.72,3199.2799999999997,52.0,146.1676923076923,0.0085394213698082,0.0015628516416193,6.0,27.44,4.573333333333333,0.008576929809207,0.0018754219699432,5.0,63.0,12.6,0.0196919306844039,0.0015628516416193,15,8210.76,547.384,2.566439948988523,0.004688554924858,,,,,,28.0,196.08,7.002857142857144,0.061288789977745,0.0087519691930684,4.0,37.92,9.48,0.0118526668500412,0.0012502813132954,1.0,4.96,4.96,0.0015503488284864,0.0003125703283238,6.0,23.76,3.96,0.0074266710009752,0.0018754219699432,6.0,16.36,2.7266666666666666,0.0051136505713785,0.0018754219699432,3.0,7.8,2.6,0.0024380485609262,0.0009377109849716,,,,,,,,,,,,,,,30.219733011322315,665.0,0.045443207535823,0.0061779780629514,1.9819410457018072,0.0425078204285226,0.2078592683353754,190070.0,177649.0,271.0,0.9346503919608564,0.0014257904982374,5882.0,725.0,2272.0,688.0,298.0,55.0,521.0,309.0,5584.0,670.0,1751.0,379.0,0.0506630397823869,0.949336960217613,0.0758620689655172,0.9241379310344828,0.2293133802816901,0.7706866197183099,0.4491279069767442,0.5508720930232558
2,inactive,4,green,12,9-12,4.0,50.28,12.57,9917.4,882.6000000000004,58.0,170.9896551724138,0.056968048946295,0.0045320643553138,6.0,47.28,7.88,0.0535690006798096,0.0067980965329707,6.0,43.6,7.266666666666667,0.0493995014729208,0.0067980965329707,20,10657.84,532.892,12.075504192159524,0.0226603217765692,1.0,3.28,3.28,0.0037162927713573,0.0011330160888284,23.0,243.84,10.601739130434783,0.2762746430999319,0.0260593700430546,2.0,10.68,5.34,0.0121006118286879,0.0022660321776569,6.0,21.28,3.546666666666667,0.0241105823702696,0.0067980965329707,4.0,28.08,7.02,0.0318150917743031,0.0045320643553138,7.0,28.36,4.051428571428572,0.0321323362791751,0.0079311126217992,1.0,3.72,3.72,0.0042148198504418,0.0011330160888284,,,,,,,,,,,,,,,34.3902898726987,840.0,0.0409408212770222,0.005958972962953,2.0259865517178404,0.0372825018886809,0.9517335146159072,247993.0,235768.3333333333,0.0,0.9507055978730582,0.0,6388.0,1244.0,2284.0,1261.0,87.0,150.0,315.0,61.0,6301.0,1094.0,1969.0,1200.0,0.0136192861615529,0.986380713838447,0.1205787781350482,0.8794212218649518,0.1379159369527145,0.8620840630472855,0.0483743061062648,0.9516256938937352
2,inactive,4,red,3,0-3,11.0,131.28,11.934545454545455,8760.2,2039.7999999999993,116.0,75.51896551724138,0.0643592509069516,0.0053926855574075,5.0,40.16,8.032,0.0196882047259535,0.0024512207079125,5.0,34.32,6.864,0.0168251789391116,0.0024512207079125,39,10394.2,266.51794871794874,5.095695656436908,0.0191195215217178,,,,,,17.0,82.2,4.835294117647059,0.0402980684380821,0.0083341504069026,4.0,244.96,61.24,0.1200902049220512,0.00196097656633,11.0,49.68,4.516363636363637,0.024355328953819,0.0053926855574075,5.0,26.16,5.232,0.0128247867437984,0.0024512207079125,33.0,106.88,3.2387878787878788,0.0523972938523384,0.0161780566722227,,,,,,0.8,1.0,0.8,0.0,0.0,0.0,0.000392195313266,0.0004902441415825,0.0,0.0,1.0,0.0,1.0,0.0,64.450506668478,1934.0,0.0333249775948697,0.0090214862443628,2.0047971208384823,0.030147402986704,0.948132169820571,219121.0,204760.3333333333,2561.0,0.934462389881998,0.0116876063909894,8200.0,1912.0,1872.0,3293.0,187.0,0.0,50.0,0.0,8013.0,1912.0,1822.0,3293.0,0.0228048780487804,0.9771951219512196,0.0,1.0,0.0267094017094017,0.9732905982905984,0.0,1.0
2,inactive,4,red,6,3-6,,,,9610.72,1189.2800000000009,13.0,739.2861538461538,,,2.0,8.6,4.3,0.0072312659760527,0.0016816897618727,,,,,,7,9756.2,1393.7428571428572,8.203450827391357,0.0058859141665545,,,,,,,,,,,2.0,15.2,7.6,0.0127808421902327,0.0016816897618727,,,,,,,,,,,,,,,,,,,,,,,,,,,,,,,,,,,6.788405204162296,147.0,0.0461796272391992,0.0137160443394868,2.015808488526276,0.0456117471275035,0.1236041974976455,240281.0,231459.66666666663,229.0,0.9632874287466202,0.0009530508030181,382.0,0.0,217.0,0.0,0.0,0.0,0.0,0.0,382.0,0.0,217.0,0.0,0.0,1.0,0.0,0.0,0.0,1.0,0.0,0.0
2,inactive,4,red,9,6-9,8.0,49.56,6.195,7358.16,3441.84,37.0,198.86918918918917,0.0143992748064988,0.0023243381447132,4.0,19.36,4.84,0.0056248983102061,0.0011621690723566,8.0,37.12,4.64,0.0107849289914696,0.0023243381447132,27,8100.84,300.0311111111111,2.353636427027404,0.0078446412384073,3.0,7.48,2.4933333333333336,0.0021732561653069,0.0008716268042674,3.0,21.84,7.28,0.0063454431350672,0.0008716268042674,8.0,48.6,6.075,0.0141203542291332,0.0023243381447132,3.0,7.72,2.5733333333333333,0.0022429863096483,0.0008716268042674,6.0,29.16,4.86,0.0084722125374799,0.0017432536085349,19.0,84.96,4.471578947368421,0.0246844710968551,0.005520303093694,2.0,5.44,2.72,0.001580549938405,0.0005810845361783,,,,,,,,,,,,,,,30.50710305987184,915.0,0.033341096240297,0.0074852394996681,2.0624788390405153,0.0324834782949005,0.2658461753015829,183991.0,170727.33333333334,2833.0,0.9279113289961648,0.0153974922686435,1772.0,931.0,1424.0,1247.0,0.0,0.0,63.0,0.0,1772.0,931.0,1361.0,1247.0,0.0,1.0,0.0,1.0,0.0442415730337078,0.955758426966292,0.0,1.0
2,inactive,4,red,12,9-12,3.0,8.96,2.986666666666667,10153.76,646.2399999999998,22.0,461.5345454545455,0.0138648180242634,0.0046422381777667,1.0,1.04,1.04,0.0016093092349591,0.0015474127259222,8.0,42.2,5.275,0.0653008170339193,0.012379301807378,12,10737.2,894.7666666666668,16.614879920772474,0.0185689527110671,1.0,1.4,1.4,0.0021663778162911,0.0015474127259222,8.0,300.08,37.51,0.4643476107947513,0.012379301807378,3.0,23.68,7.893333333333333,0.036642733349839,0.0046422381777667,4.0,50.96,12.74,0.0788561525129983,0.006189650903689,2.0,6.6,3.3,0.0102129239910869,0.0030948254518445,2.0,7.4,3.7,0.0114508541718247,0.0030948254518445,1.0,2.6,2.6,0.0040232730873978,0.0015474127259222,,,,,,,,,,,,,,,15.422913318722298,628.0,0.0245587791699399,0.0031641961515119,2.0707613831577256,0.0243528425785064,0.9717751918791784,253866.0,238044.0,661.0,0.9376757817116116,0.0026037358291382,8105.0,1445.0,1090.0,227.0,155.0,0.0,0.0,0.0,7950.0,1445.0,1090.0,227.0,0.0191239975323874,0.9808760024676126,0.0,1.0,0.0,1.0,0.0,1.0
2,inactive,4,yellow,3,0-3,1.0,3.72,3.72,10614.72,185.28000000000063,29.0,366.02482758620687,0.0200777202072538,0.0053972366148531,1.0,3.64,3.64,0.0196459412780655,0.0053972366148531,,,,,,4,10800.44,2700.11,58.292530224524846,0.0215889464594127,1.0,3.08,3.08,0.0166234887737477,0.0053972366148531,1.0,13.68,13.68,0.0738341968911914,0.0053972366148531,2.0,3.36,1.68,0.0181347150259066,0.0107944732297063,1.0,11.24,11.24,0.0606649395509497,0.0053972366148531,2.0,12.0,6.0,0.0647668393782381,0.0107944732297063,2.0,6.08,3.04,0.0328151986183073,0.0107944732297063,,,,,,,,,,,,,,,,,,,,12.202971936587565,162.0,0.0753269872628862,0.0158605138470715,2.0574229819212175,0.0758114578505138,0.8743523316062146,265397.0,232878.6666666667,2888.0,0.8774728676912953,0.0108818110227319,429.0,584.0,92.0,94.0,28.0,0.0,0.0,0.0,401.0,584.0,92.0,94.0,0.0652680652680652,0.9347319347319348,0.0,1.0,0.0,1.0,0.0,1.0
2,inactive,4,yellow,6,3-6,,,,9674.32,1125.6800000000003,9.0,1074.9244444444444,,,1.0,2.84,2.84,0.0025229194797811,0.0008883519295003,,,,,,3,9770.76,3256.92,8.679873498685238,0.0026650557885011,,,,,,7.0,58.56,8.365714285714287,0.0520218889915428,0.0062184635065027,,,,,,,,,,,,,,,,1.0,4.4,4.4,0.0039087484898017,0.0008883519295003,,,,,,,,,,,,,,,,,,,,2.0363529803951192,88.0,0.0231403747772172,0.004690207430569,1.9845792470941064,0.0191902777185685,0.0781749697960343,241867.0,231586.0,743.0,0.9574931677326796,0.0030719362294153,1471.0,0.0,72.0,0.0,3.0,0.0,72.0,0.0,1468.0,0.0,0.0,0.0,0.0020394289598912,0.9979605710401088,0.0,0.0,1.0,0.0,0.0,0.0
2,inactive,4,yellow,9,6-9,3.0,13.16,4.386666666666667,7774.32,3025.6800000000003,22.0,353.3781818181818,0.0043494354987969,0.0009915126517014,4.0,24.84,6.21,0.0082097247560878,0.0013220168689352,3.0,13.32,4.44,0.0044023161735543,0.0009915126517014,8,8293.32,1036.665,2.7409772348695167,0.0026440337378704,1.0,1.12,1.12,0.0003701647233018,0.0003305042172338,22.0,209.8,9.536363636363635,0.0693397847756537,0.0072710927791438,2.0,24.96,12.48,0.0082493852621559,0.0006610084344676,1.0,1.44,1.44,0.0004759260728166,0.0003305042172338,3.0,10.56,3.52,0.003490124533989,0.0009915126517014,2.0,7.6,3.8,0.0025118320509769,0.0006610084344676,,,,,,,,,,,,,,,,,,,,12.250694699684797,511.0,0.0239739622303029,0.0039710588397297,2.182377483576159,0.0255573731179734,0.1688876550064778,194380.0,180765.66666666663,0.0,0.9299602153856706,0.0,5893.0,304.0,961.0,332.0,298.0,34.0,479.0,177.0,5595.0,270.0,482.0,155.0,0.050568471067368,0.949431528932632,0.1118421052631579,0.8881578947368421,0.4984391259105099,0.5015608740894901,0.5331325301204819,0.466867469879518
2,inactive,4,yellow,12,9-12,1.0,9.88,9.88,10287.68,512.3199999999997,12.0,857.3066666666667,0.0192848219862586,0.0019519050593379,4.0,23.6,5.9,0.0460649594003747,0.0078076202373516,2.0,10.64,5.32,0.0207682698313554,0.0039038101186758,5,10785.16,2157.032,21.051608369768907,0.0097595252966895,,,,,,18.0,293.8,16.322222222222223,0.5734697064334794,0.0351342910680824,1.0,3.08,3.08,0.0060118675827607,0.0019519050593379,5.0,55.76,11.152,0.1088382261086821,0.0097595252966895,1.0,1.04,1.04,0.0020299812617114,0.0019519050593379,4.0,12.48,3.12,0.0243597751405371,0.0078076202373516,,,,,,,,,,,,,,,,,,,,11.782722072067983,504.0,0.0233784168096586,0.0023080748504819,2.261014376740673,0.0222607908536272,0.9837601499063092,257204.0,242163.3333333333,128.0,0.9415224231867828,0.0004976594454207,7441.0,1426.0,862.0,248.0,156.0,150.0,315.0,61.0,7285.0,1276.0,547.0,187.0,0.0209649240693455,0.9790350759306544,0.1051893408134642,0.8948106591865358,0.3654292343387471,0.6345707656612529,0.2459677419354838,0.7540322580645161
2,inactive,5,blue,3,0-3,27.0,329.96,12.22074074074074,6750.92,4049.08,74.0,91.22864864864864,0.0814901162733262,0.0066681814140496,5.0,41.96,8.392,0.0103628478567971,0.0012348484100091,17.0,115.92,6.818823529411765,0.028628725537653,0.0041984845940312,68,9665.88,142.14529411764704,2.3871793098679204,0.0167939383761249,,,,,,60.0,743.04,12.384,0.1835083525146452,0.0148181809201102,3.0,27.72,9.24,0.0068459995850909,0.0007409090460055,18.0,128.36,7.131111111111112,0.0317010283817558,0.004445454276033,3.0,8.08,2.693333333333334,0.0019955150305748,0.0007409090460055,58.0,196.72,3.3917241379310346,0.0485838758434014,0.0143242415561065,12.0,31.0,2.5833333333333335,0.0076560601420569,0.002963636184022,0.0,0.0,0.0,1.8,1.0,1.8,0.0,0.0,0.0004445454276033,0.0002469696820018,0.0,1.0,0.0,1.0,98.56981868872458,3975.0,0.02479743866383,0.0041152379877253,2.131940360088307,0.0220810559931304,0.981704485957304,168847.0,117303.0,6948.0,0.6947295480523787,0.0411496798877089,19332.0,3432.0,3969.0,8276.0,1837.0,0.0,52.0,452.0,17495.0,3432.0,3917.0,7824.0,0.0950237947444651,0.9049762052555348,0.0,1.0,0.0131015369110607,0.9868984630889392,0.0546157564040599,0.94538424359594
2,inactive,5,blue,6,3-6,,,,10781.12,18.8799999999992,6.0,1796.8533333333337,,,,,,,,,,,,,9,10764.16,1196.0177777777778,570.1355932203631,0.4766949152542575,,,,,,,,,,,,,,,,,,,,,,,,,,1.0,4.64,4.64,0.2457627118644171,0.0529661016949175,,,,,,,,,,,,,,,,,,,,0.0881071905086101,5.0,0.017621438101722,0.0049839893360193,1.7836196340475154,0.0218577140135932,0.2648305084745875,269534.0,268663.0,0.0,0.9967684967388158,0.0,,,,,,,,,,,,,,,,,,,,
2,inactive,5,blue,9,6-9,,,,10601.4,198.60000000000036,16.0,662.5875,,,2.0,13.56,6.78,0.0682779456193352,0.0100704934541792,1.0,1.48,1.48,0.0074521651560926,0.0050352467270896,9,10774.52,1197.168888888889,54.25236656596164,0.0453172205438065,,,,,,7.0,52.28,7.468571428571429,0.2632426988922452,0.0352467270896273,2.0,16.56,8.28,0.083383685800604,0.0100704934541792,,,,,,1.0,1.56,1.56,0.0078549848942598,0.0050352467270896,1.0,2.24,2.24,0.0112789526686807,0.0050352467270896,,,,,,,,,,,,,,,,,,,,6.40323133791581,180.0,0.0355735074328656,0.0077249209921258,2.0267254721158463,0.0350712271431039,0.9063444108761312,265051.0,237082.99999999997,737.0,0.8944806848493307,0.0027805969417206,1730.0,40.0,379.0,0.0,0.0,0.0,0.0,0.0,1730.0,40.0,379.0,0.0,0.0,1.0,0.0,1.0,0.0,1.0,0.0,0.0
2,inactive,5,blue,12,9-12,2.0,10.12,5.06,9423.56,1376.4400000000005,15.0,628.2373333333333,0.0073523001365842,0.0014530237424079,1.0,4.08,4.08,0.0029641684345122,0.0007265118712039,2.0,2.48,1.24,0.0018017494405858,0.0014530237424079,10,10144.04,1014.404,7.369765481967973,0.0072651187120397,,,,,,10.0,35.68,3.568,0.0259219435645578,0.0072651187120397,26.0,383.96,14.767692307692307,0.2789514980674783,0.0188893086513033,2.0,16.68,8.34,0.0121182180116823,0.0014530237424079,1.0,5.36,5.36,0.0038941036296533,0.0007265118712039,8.0,26.8,3.35,0.0194705181482665,0.0058120949696318,2.0,4.76,2.38,0.0034581965069309,0.0014530237424079,,,,,,,,,,,,,,,22.248691626705867,738.0,0.0301472786269727,0.0028148850019288,2.1838409895704243,0.0255267316704416,0.5361657609485337,235604.0,222348.66666666663,3492.0,0.9437389291636248,0.0148214801106942,10527.0,554.0,167.0,255.0,2833.0,0.0,0.0,0.0,7694.0,554.0,167.0,255.0,0.2691175073620214,0.7308824926379786,0.0,1.0,0.0,1.0,0.0,1.0
2,inactive,5,green,3,0-3,51.0,430.24,8.436078431372549,4671.84,6128.16,225.0,20.763733333333334,0.0702070442025012,0.0083222370173102,4.0,26.48,6.62,0.0043210360042818,0.0006527244719459,15.0,124.92,8.328,0.0203845852588705,0.0024477167697971,144,8969.36,62.287222222222226,1.4636301924231745,0.0234980809900524,,,,,,39.0,576.56,14.783589743589742,0.0940837053862823,0.0063640636014725,22.0,67.44,3.0654545454545454,0.0110049345970079,0.0035899845957024,9.0,103.68,11.52,0.0169186183128377,0.0014686300618782,3.0,7.36,2.4533333333333336,0.0012010130283804,0.0004895433539594,78.0,328.44,4.21076923076923,0.053595206391478,0.012728127202945,18.0,42.4,2.3555555555555556,0.0069188794026265,0.0029372601237565,,,,,,,,,,,,,,,179.0220644370452,5935.0,0.0301637850778509,0.0049618482842321,2.108299333332414,0.029025250723327,0.9684799352497324,117021.0,79032.66666666666,8840.0,0.6753716569390679,0.0755419967356286,16161.0,2788.0,3804.0,10807.0,377.0,0.0,0.0,1686.0,15784.0,2788.0,3804.0,9121.0,0.0233277643710166,0.9766722356289832,0.0,1.0,0.0,1.0,0.1560099935227167,0.8439900064772833
2,inactive,5,green,6,3-6,,,,10752.28,47.719999999999345,5.0,2150.456,,,,,,,,,,,,,5,10787.72,2157.544,226.0628667225513,0.1047778709136644,,,,,,,,,,,,,,,,,,,,,,,,,,,,,,,2.0,31.36,15.68,0.6571668063705035,0.0419111483654657,,,,,,,,,,,,,,,1.9683170555227592,35.0,0.0562376301577931,0.0134806584953418,1.5279797845643623,0.04812864583811,0.7334450963956513,268812.0,268230.6666666667,0.0,0.997837398132028,0.0,,,,,,,,,,,,,,,,,,,,
2,inactive,5,green,9,6-9,,,,8249.12,2550.879999999999,78.0,105.75794871794872,,,,,,,,,,,,,102,8409.8,82.44901960784313,3.296823057141066,0.0399862008404942,,,,,,,,,,,,,,,,,,,,,,,,,,,,,,,5.0,11.04,2.2079999999999997,0.0043279182086182,0.0019601078843379,,,,,,,,,,,,,,,13.044158847917128,2480.0,0.0052597414709343,0.0003662715423146,2.1417268508765788,0.0048778468637056,0.9722135106316254,206306.0,201475.0,0.0,0.9765833276783032,0.0,,,,,,,,,,,,,,,,,,,,
2,inactive,5,green,12,9-12,3.0,6.36,2.12,9455.52,1344.4799999999996,42.0,225.1314285714286,0.0047304534094966,0.0022313459478757,3.0,29.92,9.973333333333334,0.0222539569201475,0.0022313459478757,2.0,8.16,4.08,0.006069260978222,0.0014875639652505,12,10128.0,844.0,7.533023920028564,0.008925383791503,1.0,1.92,1.92,0.0014280614066404,0.0007437819826252,10.0,98.2,9.82,0.0730393906937998,0.0074378198262525,12.0,288.48,24.040000000000003,0.214566226347733,0.008925383791503,5.0,11.64,2.3280000000000003,0.0086576222777579,0.0037189099131262,1.0,6.36,6.36,0.0047304534094966,0.0007437819826252,,,,,,3.0,7.0,2.3333333333333335,0.0052064738783767,0.0022313459478757,,,,,,,,,,,,,,,26.55187589036135,690.0,0.0384809795512483,0.0048236705224341,2.081393608436402,0.0371689024893444,0.5132095680114247,236430.0,224864.3333333333,1733.0,0.9510820679834764,0.0073298650763439,9689.0,456.0,957.0,162.0,3417.0,57.0,29.0,0.0,6272.0,399.0,928.0,162.0,0.3526679739911239,0.6473320260088761,0.125,0.875,0.0303030303030303,0.9696969696969696,0.0,1.0
2,inactive,5,red,3,0-3,15.0,219.0,14.6,7714.36,3085.6400000000003,114.0,67.6698245614035,0.0709739308538909,0.0048612281406774,3.0,13.2,4.3999999999999995,0.0042778807637961,0.0009722456281354,10.0,59.2,5.92,0.0191856470618737,0.0032408187604516,72,9932.04,137.94500000000002,3.218794156155611,0.0233338950752518,,,,,,91.0,436.04,4.791648351648352,0.1413126612307333,0.0294914507201099,5.0,54.6,10.92,0.0176948704320659,0.0016204093802258,9.0,99.32,11.035555555555554,0.0321878119288056,0.0029167368844064,3.0,13.12,4.373333333333333,0.0042519542137125,0.0009722456281354,43.0,187.68,4.364651162790698,0.0608236864961563,0.013935520669942,5.0,14.04,2.808,0.0045501095396741,0.0016204093802258,1.8,1.0,1.8,0.0,0.0,0.0,0.0005833473768812,0.0003240818760451,0.0,0.0,1.0,0.0,1.0,0.0,89.67190996320673,2981.0,0.0300811506082545,0.0065495629284653,2.0962508607457098,0.0274880444343399,0.966088072490634,192973.0,130163.0,9068.0,0.6745140511885082,0.0469910298331891,12362.0,2823.0,1823.0,5490.0,1318.0,0.0,52.0,1004.0,11044.0,2823.0,1771.0,4486.0,0.1066170522569163,0.8933829477430837,0.0,1.0,0.0285244103126714,0.9714755896873286,0.1828779599271402,0.8171220400728597
2,inactive,5,red,6,3-6,1.0,1.2,1.2,10725.36,74.63999999999942,8.0,1340.67,0.0160771704180065,0.0133976420150054,,,,,,1.0,9.32,9.32,0.1248660235798509,0.0133976420150054,9,10771.96,1196.8844444444444,144.31886387995823,0.1205787781350491,,,,,,,,,,,,,,,,,,,,,,,,,,,,,,,,,,,,,,,,,,,,,,,,,,3.6299377956038312,59.0,0.061524369417014,0.0122907660019911,1.9682611151274043,0.0620584328698776,0.7904608788853223,268142.0,267737.6666666666,0.0,0.9984920924982532,0.0,0.0,0.0,234.0,31.0,0.0,0.0,0.0,0.0,0.0,0.0,234.0,31.0,0.0,0.0,0.0,0.0,0.0,1.0,0.0,1.0
2,inactive,5,red,9,6-9,2.0,10.68,5.34,10457.2,342.7999999999993,19.0,550.3789473684211,0.0311551925320887,0.0058343057176196,1.0,5.68,5.68,0.0165694282380397,0.0029171528588098,,,,,,14,10745.48,767.5342857142857,31.346207701283618,0.0408401400233373,,,,,,19.0,151.08,7.951578947368421,0.4407234539089858,0.0554259043173863,,,,,,2.0,12.44,6.22,0.036289381563594,0.0058343057176196,,,,,,4.0,10.52,2.63,0.0306884480746791,0.0116686114352392,,,,,,,,,,,,,,,,,,,,10.381713070364176,323.0,0.0321415265336352,0.0041935096277297,1.9828446719218835,0.0321761817795651,0.942240373395568,261449.0,234989.3333333333,1011.0,0.8987960685767905,0.0038669109463031,3796.0,313.0,143.0,269.0,0.0,0.0,0.0,0.0,3796.0,313.0,143.0,269.0,0.0,1.0,0.0,1.0,0.0,1.0,0.0,1.0
2,inactive,5,red,12,9-12,1.0,1.88,1.88,9395.92,1404.08,16.0,587.245,0.0013389550452965,0.0007122101304768,1.0,2.44,2.44,0.0017377927183636,0.0007122101304768,3.0,11.52,3.84,0.0082046607030938,0.0021366303914306,11,10153.4,923.0363636363636,7.231354338784115,0.0078343114352458,1.0,1.44,1.44,0.0010255825878867,0.0007122101304768,40.0,207.44,5.186,0.1477408694661273,0.0284884052190758,11.0,212.4,19.30909090909091,0.1512734317132927,0.0078343114352458,3.0,16.72,5.573333333333333,0.0119081533815737,0.0021366303914306,2.0,5.12,2.56,0.0036465158680417,0.0014244202609537,14.0,35.32,2.5228571428571427,0.0251552618084439,0.0099709418266765,,,,,,,,,,,,,,,,,,,,19.657719351291952,764.0,0.0257299991509056,0.0032222598650649,2.282850819605762,0.0255523984083467,0.5441285396843485,234914.0,223372.3333333333,583.0,0.9508685448007924,0.0024817592821202,10547.0,551.0,353.0,48.0,1236.0,0.0,0.0,0.0,9311.0,551.0,353.0,48.0,0.117189722195885,0.8828102778041149,0.0,1.0,0.0,1.0,0.0,1.0
2,inactive,5,yellow,3,0-3,12.0,245.96,20.496666666666663,8402.64,2397.3600000000006,193.0,43.53699481865284,0.1025961891413888,0.0050055060566623,2.0,7.32,3.66,0.003053358694564,0.0008342510094437,,,,,,50,10447.8,208.956,4.358043848233055,0.020856275236093,,,,,,30.0,221.84,7.394666666666667,0.0925351219674975,0.0125137651416558,24.0,153.08,6.378333333333334,0.0638535722628224,0.0100110121133246,8.0,63.44,7.93,0.0264624420195548,0.0033370040377748,1.0,3.12,3.12,0.0013014315747322,0.0004171255047218,16.0,54.4,3.4,0.0226916274568692,0.0066740080755497,,,,,,,,,,,,,,,,,,,,51.03997451151752,2231.0,0.0228776219235847,0.0044833176969981,2.1692146382214705,0.0206649641993459,0.930607001034471,210259.0,133113.3333333333,14479.0,0.6330922021570221,0.0688626883985941,9427.0,1673.0,185.0,6161.0,551.0,0.0,0.0,1656.0,8876.0,1673.0,185.0,4505.0,0.0584491354619709,0.941550864538029,0.0,1.0,0.0,1.0,0.268787534491154,0.731212465508846
2,inactive,5,yellow,6,3-6,,,,10780.32,19.68000000000029,10.0,1078.032,,,,,,,,,,,,,4,10790.64,2697.66,548.3048780487724,0.2032520325203222,,,,,,,,,,,,,,,,,,,,,,,,,,,,,,,,,,,,,,,,,,,,,,,,,,0.0,0.0,,,,,0.0,269518.0,268704.0,0.0,0.9969797935573876,0.0,,,,,,,,,,,,,,,,,,,,
2,inactive,5,yellow,9,6-9,,,,10115.88,684.1200000000008,105.0,96.34171428571427,,,,,,,,,,,,,25,10668.6,426.744,15.594632520610402,0.0365432964976904,,,,,,18.0,87.44,4.857777777777778,0.127813833830322,0.0263111734783371,2.0,5.12,2.56,0.0074840671227269,0.0029234637198152,1.0,0.96,0.96,0.0014032625855113,0.0014617318599076,,,,,,9.0,28.52,3.1688888888888886,0.0416885926445652,0.0131555867391685,1.0,4.04,4.04,0.0059053967140267,0.0014617318599076,,,,,,,,,,,,,,,7.967887615499371,475.0,0.0167745002431565,0.0021168538355154,1.9100416623444487,0.0187990961959951,0.694322633456118,253002.0,231588.66666666663,0.0,0.915362987907869,0.0,2334.0,25.0,0.0,0.0,0.0,0.0,0.0,0.0,2334.0,25.0,0.0,0.0,0.0,1.0,0.0,1.0,0.0,0.0,0.0,0.0
2,inactive,5,yellow,12,9-12,,,,9524.16,1275.84,26.0,366.31384615384616,,,2.0,3.48,1.74,0.0027276147479307,0.0015675946827188,,,,,,4,10172.88,2543.22,7.973476297968397,0.0031351893654376,,,,,,38.0,300.28,7.902105263157894,0.235358665663406,0.0297842989716578,4.0,11.76,2.94,0.0092174567343867,0.0031351893654376,5.0,30.88,6.176,0.0242036619011788,0.003918986706797,,,,,,,,,,,1.0,2.2,2.2,0.0017243541509907,0.0007837973413594,,,,,,,,,,,,,,,14.897825577143752,630.0,0.0236473421859424,0.003395622197337,2.075041054742648,0.0223969318858324,0.4937923250564334,238130.0,227133.3333333333,227.0,0.9538207421716428,0.0009532608239197,7843.0,777.0,89.0,0.0,4839.0,57.0,29.0,0.0,3004.0,720.0,60.0,0.0,0.6169832972077012,0.3830167027922989,0.0733590733590733,0.9266409266409268,0.3258426966292135,0.6741573033707865,0.0,0.0
2,inactive,6,blue,3,0-3,,,,10715.0,85.0,24.0,446.4583333333333,,,,,,,,1.0,1.44,1.44,0.0169411764705882,0.0117647058823529,5,10793.92,2158.784,126.98729411764704,0.0588235294117647,,,,,,,,,,,,,,,,,,,,,1.0,4.76,4.76,0.0559999999999999,0.0117647058823529,,,,,,2.0,5.92,2.96,0.0696470588235294,0.0235294117647058,,,,,,,,,,,,,,,3.64102320829841,60.0,0.0606837201383068,0.0208669237956825,1.6342381049903243,0.0421227067883701,0.7058823529411765,267899.0,241812.3333333333,691.0,0.9026249942453436,0.0025793302699898,0.0,120.0,37.0,0.0,0.0,0.0,0.0,0.0,0.0,120.0,37.0,0.0,0.0,0.0,0.0,1.0,0.0,1.0,0.0,0.0
2,inactive,6,blue,6,3-6,1.0,2.56,2.56,9826.8,973.2000000000008,46.0,213.62608695652173,0.0026304973284011,0.0010275380189066,2.0,3.12,1.56,0.0032059186189889,0.0020550760378133,2.0,3.24,1.62,0.0033292231812577,0.0020550760378133,15,10598.48,706.5653333333333,10.890341142622267,0.0154130702836004,,,,,,5.0,298.24,59.648,0.3064529387587338,0.0051376900945334,5.0,62.48,12.496,0.0642005754212905,0.0051376900945334,1.0,14.44,14.44,0.0148376489930127,0.0010275380189066,,,,,,15.0,53.8,3.5866666666666664,0.0552815454171803,0.0154130702836004,1.0,2.04,2.04,0.0020961775585696,0.0010275380189066,,,,,,,,,,,,,,,24.78356786664228,770.0,0.0321864517748601,0.0046658157257596,1.960348180437279,0.0294771867450774,0.791204274558158,245716.0,241354.3333333333,0.0,0.9822491548508576,0.0,9028.0,362.0,163.0,65.0,0.0,0.0,0.0,0.0,9028.0,362.0,163.0,65.0,0.0,1.0,0.0,1.0,0.0,1.0,0.0,1.0
2,inactive,6,blue,9,6-9,,,,10158.32,641.6800000000003,3.0,3386.1066666666666,,,,,,,,,,,,,3,10161.32,3387.1066666666666,15.835494327390592,0.0046752275277396,,,,,,,,,,,,,,,,,,,,,,,,,,,,,,,,,,,,,,,,,,,,,,,,,,0.0,0.0,,,,,0.0,253961.0,250196.0,0.0,0.9851748890577688,0.0,,,,,,,,,,,,,,,,,,,,
2,inactive,6,blue,12,9-12,3.0,6.32,2.106666666666667,9246.04,1553.9599999999991,41.0,225.51317073170733,0.0040670287523488,0.0019305516229503,7.0,35.76,5.1085714285714285,0.0230121753455687,0.0045046204535509,15.0,69.68,4.645333333333334,0.0448402790290612,0.0096527581147519,22,10575.76,480.71636363636367,6.80568354397797,0.0141573785683029,,,,,,39.0,392.64,10.067692307692308,0.2526705964117481,0.0250971710983551,7.0,225.96,32.28,0.145409148240624,0.0045046204535509,7.0,66.92,9.56,0.0430641715359468,0.0045046204535509,4.0,7.6,1.9,0.004890730778141,0.0025740688306005,18.0,57.8,3.211111111111111,0.0371952946021776,0.0115833097377023,2.0,5.52,2.76,0.0035522149862287,0.0012870344153002,,,,,,,,,,,,,,,44.82043681791955,1404.0,0.0319233880469512,0.0054106288724256,2.116795006877318,0.0309986279930268,0.9034981595407866,231192.0,215828.33333333337,1340.0,0.9335458551045596,0.0057960483061697,15511.0,1874.0,2658.0,161.0,1762.0,67.0,108.0,0.0,13749.0,1807.0,2550.0,161.0,0.1135968022693572,0.8864031977306428,0.035752401280683,0.964247598719317,0.0406320541760722,0.9593679458239278,0.0,1.0
2,inactive,6,green,3,0-3,2.0,2.92,1.46,9383.32,1416.6800000000003,148.0,63.40081081081081,0.0020611570714628,0.0014117514188101,6.0,23.68,3.946666666666667,0.0167151367987124,0.0042352542564305,3.0,14.2,4.733333333333333,0.0100234350735522,0.0021176271282152,18,10738.6,596.588888888889,7.580116893017476,0.0127057627692915,,,,,,19.0,51.16,2.6926315789473683,0.0361126012931642,0.0134116384786966,3.0,35.64,11.88,0.0251574102831973,0.0021176271282152,1.0,13.16,13.16,0.0092893243357709,0.000705875709405,1.0,1.64,1.64,0.0011576361634243,0.000705875709405,16.0,79.32,4.9575,0.0559900612700115,0.0112940113504814,2.0,4.8,2.4,0.0033882034051444,0.0014117514188101,,,,,,,,,,,,,,,64.8934670099392,1301.0,0.0498796825595228,0.0097148146624992,2.003317289058811,0.0447783556995558,0.9183442979360192,234731.0,227759.3333333333,8.0,0.9702993355514752,3.408156570712858e-05,2192.0,372.0,956.0,75.0,10.0,0.0,107.0,0.0,2182.0,372.0,849.0,75.0,0.0045620437956204,0.9954379562043796,0.0,1.0,0.1119246861924686,0.8880753138075314,0.0,1.0
2,inactive,6,green,6,3-6,,,,10383.16,416.84000000000015,27.0,384.56148148148145,,,1.0,2.32,2.32,0.0055656846751751,0.0023990020151616,1.0,6.72,6.72,0.0161212935418865,0.0023990020151616,7,10631.72,1518.8171428571427,25.505517704634865,0.0167930141061318,,,,,,2.0,4.2,2.1,0.0100758084636791,0.0047980040303233,5.0,65.16,13.032,0.1563189713079358,0.0119950100758084,,,,,,,,,,,3.0,7.8,2.6,0.0187122157182611,0.007197006045485,1.0,2.52,2.52,0.0060454850782074,0.0023990020151616,,,,,,,,,,,,,,,11.661179672513404,239.0,0.048791546746918,0.0075246065325457,1.9363252629337728,0.0440985518850307,0.5733614816236443,259606.0,251123.0,0.0,0.9673235595479304,0.0,1741.0,0.0,228.0,0.0,0.0,0.0,0.0,0.0,1741.0,0.0,228.0,0.0,0.0,1.0,0.0,0.0,0.0,1.0,0.0,0.0
2,inactive,6,green,9,6-9,1.0,10.08,10.08,9940.32,859.6800000000003,20.0,497.016,0.0117252931323283,0.0011632235250325,3.0,9.48,3.16,0.0110273590173087,0.0034896705750977,3.0,13.76,4.586666666666667,0.0160059557044481,0.0034896705750977,7,10144.92,1449.2742857142855,11.800809603573418,0.0081425646752279,,,,,,1.0,1.92,1.92,0.0022333891680625,0.0011632235250325,14.0,71.08,5.077142857142857,0.082681928159315,0.0162851293504559,,,,,,1.0,3.08,3.08,0.0035827284571003,0.0011632235250325,,,,,,,,,,,,,,,,,,,,,,,,,10.84471677486545,201.0,0.0539538148003256,0.0099868232635242,2.2801374945476236,0.0521101485977139,0.2338079285315465,248528.0,247603.0,0.0,0.9962780853666388,0.0,1840.0,78.0,587.0,253.0,3.0,0.0,0.0,134.0,1837.0,78.0,587.0,119.0,0.0016304347826086,0.9983695652173912,0.0,1.0,0.0,1.0,0.5296442687747036,0.4703557312252964
2,inactive,6,green,12,9-12,7.0,18.24,2.6057142857142854,9282.96,1517.0400000000009,95.0,97.71536842105262,0.0120234140167694,0.0046142488002953,8.0,32.76,4.095,0.021594684385382,0.0052734272003374,4.0,35.28,8.82,0.0232558139534883,0.0026367136001687,18,10591.12,588.3955555555556,6.981437536254808,0.0118652112007593,,,,,,51.0,606.0,11.882352941176473,0.3994621104255653,0.0336180984021515,9.0,42.72,4.746666666666666,0.0281601012498022,0.0059326056003796,6.0,49.6,8.266666666666667,0.0326952486420924,0.0039550704002531,2.0,5.96,2.98,0.0039287032642514,0.0013183568000843,22.0,68.28,3.1036363636363635,0.0450087011548805,0.0145019248009281,3.0,7.52,2.5066666666666664,0.0049570215683172,0.0019775352001265,,,,,,,,,,,,,,,51.66553687476313,1338.0,0.0386140036433207,0.0045315927663444,2.149230658640358,0.0359651792316799,0.8819806992564463,232169.0,215188.66666666663,2624.0,0.9268621851610966,0.0113021118237146,16278.0,1397.0,1713.0,463.0,979.0,67.0,271.0,40.0,15299.0,1330.0,1442.0,423.0,0.0601425236515542,0.9398574763484456,0.0479599141016463,0.9520400858983536,0.1582019848219498,0.8417980151780502,0.0863930885529157,0.9136069114470844
2,inactive,6,red,3,0-3,,,,10725.08,74.92000000000007,16.0,670.3175,,,,,,,,,,,,,4,10796.76,2699.19,144.11051788574466,0.0533902829684996,,,,,,,,,,,,,,,,1.0,4.2,4.2,0.0560597971169246,0.0133475707421249,,,,,,1.0,2.4,2.4,0.0320341697810998,0.0133475707421249,,,,,,,,,,,,,,,,,,,,3.354583302200955,56.0,0.0599032732535884,0.0124063972524969,1.8211990262296776,0.0587376023507931,0.7474639615589955,268143.0,242138.3333333333,311.0,0.9030194087980418,0.0011598288972675,0.0,106.0,0.0,0.0,0.0,0.0,0.0,0.0,0.0,106.0,0.0,0.0,0.0,0.0,0.0,1.0,0.0,0.0,0.0,0.0
2,inactive,6,red,6,3-6,,,,10604.52,195.47999999999956,8.0,1325.565,,,1.0,1.76,1.76,0.0090034786167383,0.0051156128504194,,,,,,3,10647.56,3549.1866666666665,54.46879476161256,0.0153468385512584,,,,,,1.0,5.72,5.72,0.0292613055043994,0.0051156128504194,,,,,,,,,,,,,,,,1.0,2.04,2.04,0.0104358502148557,0.0051156128504194,,,,,,,,,,,,,,,,,,,,2.58306321649184,35.0,0.0738018061854811,0.0244167330745332,0.7791446048218903,0.0633654816539229,0.1790464497646822,265121.0,254278.3333333333,0.0,0.9591029504767004,0.0,144.0,0.0,45.0,0.0,0.0,0.0,0.0,0.0,144.0,0.0,45.0,0.0,0.0,1.0,0.0,0.0,0.0,1.0,0.0,0.0
2,inactive,6,red,9,6-9,,,,10112.84,687.1599999999999,8.0,1264.105,,,,,,,,,,,,,3,10161.32,3387.1066666666666,14.787414866988769,0.0043657954479306,,,,,,,,,,,1.0,1.68,1.68,0.0024448454508411,0.0014552651493102,,,,,,1.0,3.2,3.2,0.0046568484777926,0.0014552651493102,1.0,3.64,3.64,0.0052971651434891,0.0014552651493102,,,,,,,,,,,,,,,,,,,,3.026599951212185,40.0,0.0756649987803046,0.0280148114028588,1.5995068039334237,0.0652174808761676,0.0582106059724081,252829.0,249469.66666666663,0.0,0.986713022108487,0.0,43.0,81.0,0.0,0.0,0.0,0.0,0.0,0.0,43.0,81.0,0.0,0.0,0.0,1.0,0.0,1.0,0.0,0.0,0.0,0.0
2,inactive,6,red,12,9-12,2.0,4.44,2.22,9761.36,1038.6399999999994,18.0,542.2977777777778,0.0042748209196641,0.0019255950088577,1.0,7.12,7.12,0.0068551182315335,0.0009627975044288,1.0,12.04,12.04,0.0115920819533235,0.0009627975044288,7,10673.76,1524.8228571428572,10.276669490872685,0.006739582531002,,,,,,18.0,711.28,39.51555555555555,0.684818608950166,0.0173303550797196,,,,,,5.0,21.04,4.208,0.0202572594931834,0.0048139875221443,1.0,1.16,1.16,0.0011168451051374,0.0009627975044288,10.0,38.32,3.832,0.0368944003697142,0.0096279750442886,2.0,5.24,2.62,0.0050450589232072,0.0019255950088577,,,,,,,,,,,,,,,11.756163322776098,910.0,0.0129188607942594,0.0023830329499269,2.224553284019695,0.0125579840459357,0.8761457290302709,244052.0,220570.3333333333,5073.0,0.9037841662159428,0.0207865536852801,17800.0,561.0,481.0,113.0,1736.0,67.0,0.0,0.0,16064.0,494.0,481.0,113.0,0.0975280898876404,0.9024719101123596,0.1194295900178253,0.8805704099821747,0.0,1.0,0.0,1.0
2,inactive,6,yellow,3,0-3,4.0,18.56,4.64,9061.24,1738.7600000000002,88.0,102.96863636363636,0.0106742736202811,0.0023004900043709,2.0,4.28,2.14,0.0024615243046768,0.0011502450021854,,,,,,18,10706.64,594.8133333333333,6.157629575099495,0.0103522050196691,,,,,,21.0,187.92,8.948571428571428,0.1080770204053463,0.0120775725229473,1.0,1.72,1.72,0.0009892107018795,0.0005751225010927,3.0,21.04,7.013333333333333,0.012100577422991,0.0017253675032781,,,,,,20.0,90.96,4.548,0.0523131426993949,0.0115024500218546,,,,,,,,,,,,,,,,,,,,51.87789833519959,1651.0,0.0314221068050875,0.0069870665916621,2.122124097521632,0.0275501578169371,0.9495272493041016,226619.0,222050.6666666667,0.0,0.979841348989567,0.0,4763.0,529.0,109.0,468.0,10.0,0.0,107.0,0.0,4753.0,529.0,2.0,468.0,0.0020995171110644,0.9979004828889356,0.0,1.0,0.981651376146789,0.018348623853211,0.0,1.0
2,inactive,6,yellow,6,3-6,,,,10419.04,380.9599999999991,25.0,416.7616,,,,,,,,,,,,,4,10642.48,2660.62,27.935951280974443,0.0104997900041999,,,,,,,,,,,1.0,2.16,2.16,0.0056698866022679,0.0026249475010499,,,,,,,,,,,10.0,51.76,5.176,0.1358672826543472,0.0262494750104998,,,,,,,,,,,,,,,,,,,,5.641253787020973,211.0,0.026735799938488,0.0017247857514699,2.056713874396142,0.0259367602221712,0.5538639227215468,260501.0,251729.6666666667,0.0,0.9663289840218144,0.0,55.0,0.0,0.0,0.0,0.0,0.0,0.0,0.0,55.0,0.0,0.0,0.0,0.0,1.0,0.0,0.0,0.0,0.0,0.0,0.0
2,inactive,6,yellow,9,6-9,2.0,8.0,4.0,9968.2,831.7999999999993,26.0,383.3923076923077,0.0096176965616734,0.0024044241404183,,,,,,,,,,,4,10146.16,2536.54,12.197836018273634,0.0048088482808367,,,,,,2.0,11.28,5.64,0.0135609521519596,0.0024044241404183,1.0,1.12,1.12,0.0013464775186342,0.0012022120702091,,,,,,,,,,,,,,,,,,,,,,,,,,,,,,,,,,,10.08734429280778,168.0,0.0600437160286177,0.0194737578040137,1.950799611831838,0.0620060602684372,0.2019716277951432,249231.0,248100.0,0.0,0.9954620412388508,0.0,313.0,0.0,0.0,202.0,3.0,0.0,0.0,134.0,310.0,0.0,0.0,68.0,0.0095846645367412,0.9904153354632588,0.0,0.0,0.0,0.0,0.6633663366336634,0.3366336633663366
2,inactive,6,yellow,12,9-12,4.0,14.88,3.72,9728.52,1071.4799999999996,53.0,183.5569811320755,0.0138873334079964,0.0037331541419345,2.0,5.16,2.58,0.0048157688430955,0.0018665770709672,2.0,6.96,3.48,0.006495688206966,0.0018665770709672,4,10686.12,2671.53,9.973233284802337,0.0037331541419345,,,,,,31.0,246.16,7.940645161290322,0.2297383058946504,0.0289319445999925,7.0,44.24,6.32,0.0412886848097958,0.0065330197483854,5.0,34.8,6.959999999999999,0.0324784410348303,0.0046664426774181,2.0,9.4,4.7,0.0087729122335461,0.0018665770709672,6.0,19.96,3.3266666666666667,0.0186284391682532,0.0055997312129017,,,,,,,,,,,,,,,,,,,,36.0856644607156,920.0,0.0392235483268647,0.0052204671637621,2.2058007882776547,0.0399475236404469,0.8586254526449401,243266.0,222410.0,1529.0,0.9142666874943476,0.0062853008640747,7298.0,1112.0,307.0,376.0,2039.0,67.0,163.0,40.0,5259.0,1045.0,144.0,336.0,0.2793916141408605,0.7206083858591394,0.060251798561151,0.939748201438849,0.5309446254071661,0.4690553745928338,0.1063829787234042,0.8936170212765957
2,inactive,7,blue,3,0-3,1.0,3.4,3.4,10464.48,335.52000000000044,39.0,268.32,0.0101335240820219,0.0029804482594182,,,,,,,,,,,8,10783.88,1347.985,32.14079637577487,0.0238435860753457,,,,,,4.0,130.68,32.67,0.389484978540772,0.0119217930376728,2.0,6.16,3.08,0.0183595612780161,0.0059608965188364,4.0,15.0,3.75,0.0447067238912731,0.0119217930376728,,,,,,8.0,26.68,3.335,0.0795183595612779,0.0238435860753457,1.0,2.88,2.88,0.0085836909871244,0.0029804482594182,,,,,,,,,,,,,,,11.049022657757432,295.0,0.0374543140940929,0.0056688636598167,1.906959298454794,0.0304912451644511,0.8792322365283727,261651.0,228091.6666666667,753.0,0.8717400914449656,0.0028778793125193,3427.0,379.0,0.0,86.0,0.0,0.0,0.0,86.0,3427.0,379.0,0.0,0.0,0.0,1.0,0.0,1.0,0.0,0.0,1.0,0.0
2,inactive,7,blue,6,3-6,,,,10446.4,353.60000000000036,5.0,2089.2799999999997,,,,,,,,,,,,,3,10470.12,3490.0400000000004,29.61006787330314,0.0084841628959275,,,,,,,,,,,,,,,,,,,,,,,,,,,,,,,,,,,,,,,,,,,,,,,,,,1.255430926199395,20.0,0.0627715463099697,0.0119140593036149,0.7444643940230214,0.0674266759926547,0.0565610859728506,261165.0,257365.3333333333,0.0,0.9854510877542294,0.0,,,,,,,,,,,,,,,,,,,,
2,inactive,7,blue,9,6-9,1.0,2.68,2.68,10265.64,534.3600000000006,20.0,513.2819999999999,0.0050153454599895,0.0018713975596975,1.0,8.04,8.04,0.0150460363799685,0.0018713975596975,,,,,,6,10600.32,1766.72,19.83741298001345,0.0112283853581854,,,,,,4.0,13.92,3.48,0.0260498540309903,0.0074855902387903,7.0,35.4,5.057142857142857,0.0662474736132943,0.013099782917883,3.0,12.52,4.173333333333333,0.0234298974474137,0.0056141926790927,1.0,1.32,1.32,0.0024702447788008,0.0018713975596975,5.0,12.48,2.496,0.0233550415450258,0.0093569877984879,2.0,4.16,2.08,0.0077850138483419,0.0037427951193951,,,,,,,,,,,,,,,8.087430727369702,329.0,0.0245818563141936,0.0033690538901948,2.012636110259619,0.0193550544806836,0.6156897971405039,256661.0,242833.0,588.0,0.946123485843194,0.0022909596705381,1244.0,350.0,202.0,68.0,0.0,0.0,0.0,0.0,1244.0,350.0,202.0,68.0,0.0,1.0,0.0,1.0,0.0,1.0,0.0,1.0
2,inactive,7,blue,12,9-12,1.0,4.32,4.32,10344.56,455.4400000000005,19.0,544.4505263157895,0.0094853328649218,0.002195678903917,1.0,1.6,1.6,0.0035130862462673,0.002195678903917,1.0,7.56,7.56,0.0165993325136131,0.002195678903917,5,10788.32,2157.664,23.687686632706807,0.0109783945195854,,,,,,4.0,93.88,23.47,0.2061303354997362,0.0087827156156683,11.0,169.32,15.392727272727273,0.3717723520112414,0.0241524679430879,1.0,0.96,0.96,0.0021078517477604,0.002195678903917,2.0,17.0,8.5,0.0373265413665905,0.0043913578078341,6.0,23.32,3.8866666666666663,0.0512032320393465,0.0131740734235025,1.0,2.12,2.12,0.0046548392763042,0.002195678903917,,,,,,,,,,,,,,,14.552501776874612,439.0,0.0331492067810355,0.0034986569426256,2.0403449139365817,0.0297061679195032,0.963903038819602,258633.0,248433.66666666663,0.0,0.960564454909724,0.0,6595.0,452.0,231.0,109.0,51.0,50.0,0.0,0.0,6544.0,402.0,231.0,109.0,0.0077331311599696,0.9922668688400303,0.1106194690265486,0.8893805309734514,0.0,1.0,0.0,1.0
2,inactive,7,green,3,0-3,16.0,405.48,25.3425,7384.88,3415.12,101.0,73.11762376237624,0.1187308205860994,0.00468504767036,7.0,90.8,12.971428571428572,0.0265876455292932,0.0020497083557825,7.0,58.36,8.337142857142856,0.0170887113776382,0.0020497083557825,49,9798.2,199.96326530612245,2.869064630232613,0.0143479584904776,,,,,,15.0,260.52,17.368,0.0762842886926374,0.0043922321909625,8.0,314.16,39.27,0.0919909110075195,0.00234252383518,3.0,35.96,11.986666666666666,0.0105296446391342,0.0008784464381925,4.0,35.28,8.82,0.0103305301131439,0.00117126191759,54.0,212.8,3.940740740740741,0.0623111340157886,0.0158120358874651,13.0,36.96,2.8430769230769233,0.0108224601185317,0.0038066012321675,,,,,,,,,,,,,,,60.765489350476194,3330.0,0.0182478946998427,0.0040918005096397,2.1741614114101515,0.0168226877207188,0.9750755463936844,184723.0,179568.66666666666,0.0,0.972096959591749,0.0,14390.0,1788.0,3743.0,10153.0,22.0,0.0,0.0,1041.0,14368.0,1788.0,3743.0,9112.0,0.0015288394718554,0.9984711605281446,0.0,1.0,0.0,1.0,0.102531271545356,0.897468728454644
2,inactive,7,green,6,3-6,,,,10333.4,466.6000000000003,17.0,607.8470588235294,,,,,,,,,,,,,4,10465.6,2616.4,22.429489927132433,0.0085726532361765,,,,,,3.0,6.6,2.1999999999999997,0.0141448778396913,0.0064294899271324,2.0,3.48,1.74,0.0074582083154736,0.0042863266180882,,,,,,,,,,,,,,,,1.0,2.76,2.76,0.0059151307329618,0.0021431633090441,,,,,,,,,,,,,,,3.994669208198671,116.0,0.034436803518954,0.0064920705860053,2.100712998599816,0.0336923743692503,0.2486069438491211,258352.0,255804.33333333337,0.0,0.990138777069012,0.0,257.0,0.0,0.0,0.0,0.0,0.0,0.0,0.0,257.0,0.0,0.0,0.0,0.0,1.0,0.0,0.0,0.0,0.0,0.0,0.0
2,inactive,7,green,9,6-9,2.0,10.48,5.24,9837.44,962.5599999999996,54.0,182.1748148148148,0.0108876329787234,0.0020777925531914,,,,,,2.0,9.76,4.88,0.0101396276595744,0.0020777925531914,9,10572.2,1174.6888888888889,10.983419215425537,0.0093500664893617,,,,,,2.0,2.56,1.28,0.0026595744680851,0.0020777925531914,21.0,151.2,7.199999999999999,0.1570811170212766,0.0218168218085106,1.0,22.44,22.44,0.0233128324468085,0.0010388962765957,2.0,14.68,7.34,0.0152509973404255,0.0020777925531914,16.0,61.84,3.865,0.0642453457446808,0.0166223404255319,2.0,4.28,2.14,0.0044464760638297,0.0020777925531914,,,,,,,,,,,,,,,16.62742956850522,736.0,0.022591616261556,0.0032471737316496,2.0208787454801596,0.0231651928326399,0.7646276595744684,245990.0,238260.0,0.0,0.9685759583722916,0.0,3867.0,931.0,246.0,264.0,511.0,0.0,0.0,0.0,3356.0,931.0,246.0,264.0,0.1321437807085596,0.8678562192914404,0.0,1.0,0.0,1.0,0.0,1.0
2,inactive,7,green,12,9-12,3.0,82.04,27.346666666666668,9873.04,926.9599999999992,28.0,352.60857142857145,0.0885043583326142,0.0032363856045568,3.0,11.2,3.733333333333333,0.0120825062570121,0.0032363856045568,10.0,84.56,8.456,0.0912229222404419,0.0107879520151894,23,10597.48,460.76,11.432510572192983,0.0248122896349357,,,,,,1.0,2.52,2.52,0.0027185639078277,0.0010787952015189,12.0,171.92,14.326666666666666,0.1854664710451369,0.0129455424182273,2.0,20.8,10.4,0.022438940191594,0.0021575904030378,4.0,25.72,6.43,0.0277466125830672,0.0043151808060757,16.0,53.04,3.315,0.0572192974885648,0.0172607232243031,2.0,6.16,3.08,0.0066453784413566,0.0021575904030378,,,,,,,,,,,,,,,24.003324303423632,904.0,0.0265523498931677,0.005003042546374,2.0516336097203176,0.0253864747471964,0.9752308621731258,246854.0,240659.66666666663,0.0,0.9749068950337716,0.0,4374.0,1169.0,2407.0,2054.0,51.0,50.0,0.0,0.0,4323.0,1119.0,2407.0,2054.0,0.0116598079561042,0.9883401920438958,0.0427715996578272,0.9572284003421728,0.0,1.0,0.0,1.0
2,inactive,7,red,3,0-3,7.0,159.52,22.78857142857143,10319.52,480.4799999999995,26.0,396.9046153846154,0.3320013320013323,0.0145687645687645,,,,,,,,,,,9,10630.12,1181.1244444444446,22.1239593739594,0.0187312687312687,,,,,,2.0,6.6,3.3,0.0137362637362637,0.0041625041625041,,,,,,7.0,63.28,9.04,0.1317016317016318,0.0145687645687645,,,,,,8.0,41.2,5.15,0.0857475857475858,0.0166500166500166,,,,,,,,,,,,,,,,,,,,13.014354020788865,455.0,0.0286029758698656,0.0045544630679871,2.103753214554178,0.0247711879062213,0.946969696969698,258014.0,227351.6666666667,86.0,0.8811601954415911,0.0003333152464594,167.0,1589.0,0.0,3995.0,0.0,0.0,0.0,955.0,167.0,1589.0,0.0,3040.0,0.0,1.0,0.0,1.0,0.0,0.0,0.2390488110137672,0.7609511889862328
2,inactive,7,red,6,3-6,,,,10466.12,333.8799999999992,4.0,2616.53,,,,,,,,,,,,,3,10470.12,3490.0400000000004,31.358931352581845,0.0089852641667665,,,,,,,,,,,,,,,,,,,,,,,,,,,,,,,,,,,,,,,,,,,,,,,,,,0.0,0.0,,,,,0.0,261657.0,257693.3333333333,0.0,0.9848516696795168,0.0,,,,,,,,,,,,,,,,,,,,
2,inactive,7,red,9,6-9,1.0,1.24,1.24,10015.16,784.8400000000001,22.0,455.2345454545454,0.0015799398603537,0.0012741450486723,,,,,,1.0,1.28,1.28,0.0016309056623005,0.0012741450486723,6,10607.48,1767.9133333333332,13.51546812089088,0.007644870292034,,,,,,4.0,38.8,9.7,0.0494368278884868,0.0050965801946893,10.0,316.2,31.619999999999997,0.4028846643901941,0.0127414504867234,1.0,1.6,1.6,0.0020386320778757,0.0012741450486723,1.0,14.72,14.72,0.0187554151164568,0.0012741450486723,9.0,35.48,3.942222222222222,0.0452066663268946,0.011467305438051,1.0,2.24,2.24,0.002854084909026,0.0012741450486723,,,,,,,,,,,,,,,16.07710137204473,576.0,0.0279116343264665,0.0025017892711808,2.1847678307293994,0.0250640883403745,0.7339075480352683,250401.0,240625.66666666663,0.0,0.960961284765902,0.0,8889.0,410.0,33.0,32.0,1024.0,0.0,0.0,0.0,7865.0,410.0,33.0,32.0,0.1151985600179997,0.8848014399820002,0.0,1.0,0.0,1.0,0.0,1.0
2,inactive,7,red,12,9-12,2.0,6.52,3.26,10483.24,316.7600000000002,15.0,698.8826666666666,0.0205834069958327,0.006313928526329,2.0,3.12,1.56,0.0098497285010733,0.006313928526329,1.0,6.2,6.2,0.0195731784316201,0.0031569642631645,6,10781.56,1796.9266666666665,34.03699962116426,0.0189417855789872,,,,,,,,,,,7.0,185.24,26.462857142857143,0.5847960601085992,0.0220987498421517,2.0,10.72,5.36,0.0338426569011238,0.006313928526329,,,,,,5.0,14.88,2.976,0.0469756282358883,0.0157848213158226,,,,,,,,,,,,,,,,,,,,9.83844091293893,306.0,0.0321517676893429,0.0035593164591305,2.0041245327772925,0.0286872518102774,0.9660310645283487,262096.0,248673.3333333333,199.0,0.9487872128278696,0.0007592637812099,4638.0,270.0,236.0,165.0,0.0,0.0,0.0,0.0,4638.0,270.0,236.0,165.0,0.0,1.0,0.0,1.0,0.0,1.0,0.0,1.0
2,inactive,7,yellow,3,0-3,,,,10501.12,298.8799999999992,65.0,161.5556923076923,,,,,,,,,,,,,4,10799.8,2699.95,36.134234475374825,0.0133832976445396,,,,,,8.0,49.28,6.16,0.1648822269807285,0.0267665952890793,,,,,,,,,,,,,,,,3.0,8.08,2.693333333333334,0.02703426124197,0.0100374732334047,,,,,,,,,,,,,,,,,,,,6.648579620917931,245.0,0.027137059677216,0.0067157964665947,1.9814970888316168,0.0192040198474089,0.8197269807280536,262593.0,229489.3333333333,972.0,0.8739354565176274,0.0037015457380813,1240.0,0.0,0.0,0.0,22.0,0.0,0.0,0.0,1218.0,0.0,0.0,0.0,0.0177419354838709,0.9822580645161292,0.0,0.0,0.0,0.0,0.0,0.0
2,inactive,7,yellow,6,3-6,,,,10144.92,655.0799999999999,12.0,845.41,,,,,,,,,,,,,4,10466.48,2616.62,15.977407339561582,0.0061061244428161,,,,,,,,,,,5.0,274.88,54.976,0.4196128717103255,0.0076326555535201,,,,,,,,,,,4.0,12.88,3.22,0.0196617207058679,0.0061061244428161,1.0,2.08,2.08,0.0031751847102643,0.001526531110704,,,,,,,,,,,,,,,3.8085454051266665,312.0,0.0122068762984829,0.0022344948059598,2.059753901706427,0.0092363936635986,0.4762777065396593,253635.0,252659.66666666663,0.0,0.9961545790867452,0.0,6877.0,0.0,0.0,0.0,0.0,0.0,0.0,0.0,6877.0,0.0,0.0,0.0,0.0,1.0,0.0,0.0,0.0,0.0,0.0,0.0
2,inactive,7,yellow,9,6-9,,,,10316.28,483.71999999999935,23.0,448.53391304347826,,,,,,,,,,,,,4,10613.16,2653.29,21.940709501364456,0.0082692466716282,,,,,,2.0,8.48,4.24,0.0175308029438518,0.0041346233358141,24.0,142.28,5.928333333333334,0.2941371041098159,0.0496154800297693,,,,,,,,,,,2.0,5.6,2.8,0.0115769453402795,0.0041346233358141,1.0,2.44,2.44,0.0050442404696932,0.002067311667907,,,,,,,,,,,,,,,4.591869030380623,281.0,0.0163411709266214,0.0033065103400911,2.0822318265104247,0.0171924292167258,0.5809145786818829,257930.0,245140.0,0.0,0.9504129027255456,0.0,3795.0,0.0,0.0,0.0,637.0,0.0,0.0,0.0,3158.0,0.0,0.0,0.0,0.1678524374176548,0.8321475625823452,0.0,0.0,0.0,0.0,0.0,0.0
2,inactive,7,yellow,12,9-12,,,,10568.92,231.07999999999993,13.0,812.9938461538461,,,,,,,,,,,,,3,10800.0,3600.0,46.737060758179,0.0129825168772719,,,,,,,,,,,3.0,213.64,71.21333333333332,0.9245283018867928,0.0129825168772719,,,,,,,,,,,3.0,6.88,2.2933333333333334,0.0297732387052103,0.0129825168772719,,,,,,,,,,,,,,,,,,,,2.1868239046047897,226.0,0.0096762119672778,0.0019948293260587,2.167985233073547,0.0099624260198155,0.9780162714211532,264236.0,250299.33333333337,0.0,0.947256745232797,0.0,5344.0,0.0,0.0,0.0,0.0,0.0,0.0,0.0,5344.0,0.0,0.0,0.0,0.0,1.0,0.0,0.0,0.0,0.0,0.0,0.0
2,inactive,8,blue,3,0-3,10.0,60.04,6.004,8915.88,1884.1200000000008,95.0,93.85136842105264,0.0318663354775704,0.0053075175678831,6.0,34.68,5.78,0.0184064709254187,0.0031845105407298,1.0,1.84,1.84,0.0009765832324904,0.0005307517567883,40,10435.16,260.879,5.53847950236715,0.0212300702715325,,,,,,47.0,467.76,9.952340425531917,0.2482644417553021,0.0249453325690507,6.0,27.56,4.593333333333333,0.0146275184170859,0.0031845105407298,4.0,45.32,11.33,0.0240536696176464,0.0021230070271532,1.0,14.88,14.88,0.0078975861410101,0.0005307517567883,38.0,141.64,3.727368421052631,0.0751756788314969,0.0201685667579559,2.0,4.32,2.16,0.0022928475893255,0.0010615035135766,1.8,2.0,0.9,0.8,1.0,0.8,0.0009553531622189,0.0010615035135766,0.0004246014054306,0.0005307517567883,0.6923076923076923,0.3076923076923077,0.6666666666666666,0.3333333333333333,52.10204260483786,1790.0,0.0291072863714178,0.0061568316545782,2.1090126509704503,0.025294060557712,0.9500456446510834,222992.0,194568.3333333333,10940.0,0.8725350386261987,0.0490600559661333,12436.0,1510.0,920.0,1511.0,2256.0,0.0,42.0,275.0,10180.0,1510.0,878.0,1236.0,0.1814088131231907,0.8185911868768093,0.0,1.0,0.0456521739130434,0.9543478260869566,0.1819986763732627,0.8180013236267373
2,inactive,8,blue,6,3-6,12.0,62.08,5.173333333333333,9671.4,1128.6000000000004,48.0,201.4875,0.0550062023746234,0.0106326422115895,4.0,32.68,8.17,0.0289562289562289,0.0035442140705298,2.0,8.52,4.26,0.0075491759702285,0.0017721070352649,35,10322.04,294.9154285714286,9.145879851143007,0.0310118731171362,,,,,,7.0,148.44,21.205714285714286,0.131525784157363,0.0062023746234272,3.0,25.24,8.413333333333332,0.0223639907850434,0.0026581605528973,1.0,1.08,1.08,0.000956937799043,0.0008860535176324,1.0,2.6,2.6,0.0023037391458444,0.0008860535176324,15.0,41.76,2.784,0.0370015948963317,0.0132908027644869,,,,,,0.8,1.0,0.8,2.0,2.0,1.0,0.0007088428141059,0.0008860535176324,0.0017721070352649,0.0017721070352649,0.2857142857142857,0.7142857142857143,0.3333333333333333,0.6666666666666666,36.167093331810186,893.0,0.0405006644253193,0.0142745218109899,1.8634164286276644,0.0375819058660305,0.791245791245791,241833.0,229725.0,2428.0,0.9499323913609804,0.0100399862715179,4352.0,94.0,1036.0,1564.0,24.0,66.0,151.0,11.0,4328.0,28.0,885.0,1553.0,0.0055147058823529,0.9944852941176472,0.7021276595744681,0.2978723404255319,0.1457528957528957,0.8542471042471043,0.0070332480818414,0.9929667519181584
2,inactive,8,blue,9,6-9,,,,10488.04,311.9599999999991,7.0,1498.2914285714287,,,,,,,,1.0,4.24,4.24,0.01359148608796,0.0032055391716886,4,10799.96,2699.99,34.61969483267095,0.0128221566867547,,,,,,10.0,247.12,24.712,0.7921528401077084,0.0320553917168868,,,,,,,,,,,,,,,,6.0,20.12,3.3533333333333335,0.0644954481343763,0.0192332350301321,,,,,,,,,,,,,,,,,,,,4.110678696311064,304.0,0.01352196939576,0.0019582746434997,2.0212856526347536,0.0126189606717673,0.9744839081933608,262208.0,255406.66666666663,84.0,0.9740613050199332,0.0003203563583109,6188.0,0.0,107.0,0.0,40.0,0.0,0.0,0.0,6148.0,0.0,107.0,0.0,0.0064641241111829,0.9935358758888172,0.0,0.0,0.0,1.0,0.0,0.0
2,inactive,8,blue,12,9-12,6.0,71.56,11.926666666666668,9785.8,1014.2000000000008,33.0,296.5393939393939,0.0705580753303095,0.0059159929008085,5.0,24.64,4.928,0.0242950108459869,0.004929994084007,3.0,28.92,9.64,0.028515085781897,0.0029579964504042,23,10631.68,462.2469565217391,10.482823900611312,0.0226779727864326,1.0,2.8,2.8,0.0027607966870439,0.0009859988168014,5.0,240.6,48.12,0.2372313153224214,0.004929994084007,6.0,43.88,7.313333333333333,0.0432656280812462,0.0059159929008085,4.0,45.64,11.41,0.0450009859988167,0.0039439952672056,4.0,14.56,3.64,0.0143561427726286,0.0039439952672056,12.0,41.56,3.463333333333334,0.0409781108262669,0.011831985801617,,,,,,0.0,0.0,0.0,2.8,3.0,0.9333333333333332,0.0,0.0,0.0027607966870439,0.0029579964504042,0.0,1.0,0.0,1.0,37.67340713971787,984.0,0.0382859828655669,0.0073226965847105,2.02682272961329,0.034758306799028,0.9702228357325964,244678.0,196294.3333333333,14041.0,0.8022557538206676,0.0573856251890239,7123.0,1513.0,1347.0,1795.0,764.0,47.0,184.0,224.0,6359.0,1466.0,1163.0,1571.0,0.1072581777341008,0.8927418222658992,0.0310641110376734,0.9689358889623264,0.1365998515219005,0.8634001484780994,0.1247910863509749,0.8752089136490251
2,inactive,8,green,3,0-3,16.0,67.24,4.2025,8138.2,2661.8,129.0,63.08682170542635,0.0252611015102562,0.006010970020287,12.0,37.44,3.1199999999999997,0.0140656698474716,0.0045082275152152,9.0,36.48,4.053333333333333,0.0137050116462544,0.0033811706364114,25,10678.84,427.1536,4.011886693215117,0.0093921406566984,3.0,10.76,3.5866666666666664,0.004042377338643,0.0011270568788038,31.0,398.76,12.863225806451611,0.1498084003306033,0.0116462544143061,39.0,237.36,6.086153846153847,0.0891727402509579,0.0146517394244496,13.0,93.56,7.196923076923077,0.0351491471936283,0.0048839131414832,1.0,1.76,1.76,0.0006612067022315,0.0003756856262679,34.0,116.96,3.44,0.0439401908482981,0.0127733112931099,1.0,2.04,2.04,0.0007663986775865,0.0003756856262679,0.8,1.0,0.8,0.8,1.0,0.8,0.0003005485010143,0.0003756856262679,0.0003005485010143,0.0003756856262679,0.5,0.5,0.5,0.5,153.635029406991,2554.0,0.060154670871962,0.0118037915898162,2.142080597935068,0.0573751088189676,0.959501089488316,203584.0,190190.66666666663,2550.0,0.9342122498166192,0.0125255422823011,15973.0,2397.0,1869.0,1697.0,2529.0,284.0,559.0,732.0,13444.0,2113.0,1310.0,965.0,0.1583296813372566,0.8416703186627433,0.1184814351272424,0.8815185648727576,0.2990904226859283,0.7009095773140717,0.4313494401885681,0.568650559811432
2,inactive,8,green,6,3-6,7.0,25.32,3.617142857142857,9346.08,1453.92,71.0,131.6349295774648,0.0174149884450313,0.004814570265214,8.0,35.56,4.445,0.0244580169472873,0.0055023660173874,3.0,6.36,2.12,0.004374380983823,0.0020633872565203,28,10465.48,373.76714285714286,7.198112688456035,0.0192582810608561,1.0,1.24,1.24,0.000852866732695,0.0006877957521734,9.0,295.84,32.871111111111105,0.2034774953229888,0.0061901617695609,6.0,16.92,2.8200000000000003,0.0116375041267745,0.0041267745130406,4.0,23.56,5.89,0.0162044679212061,0.0027511830086937,2.0,19.8,9.9,0.013618355893034,0.0013755915043468,12.0,44.24,3.686666666666667,0.0304280840761527,0.0082535490260812,1.0,2.12,2.12,0.0014581269946076,0.0006877957521734,0.0,0.0,0.0,0.8,1.0,0.8,0.0,0.0,0.0005502366017387,0.0006877957521734,0.0,1.0,0.0,1.0,64.9647430760847,1205.0,0.0539126498556719,0.0139186360069251,2.0217083301627197,0.0509835654831486,0.8287938813689886,233723.0,226263.3333333333,1073.0,0.9680833008875178,0.0045909046178596,7834.0,1090.0,1059.0,640.0,842.0,139.0,240.0,49.0,6992.0,951.0,819.0,591.0,0.107480214449834,0.892519785550166,0.1275229357798165,0.8724770642201835,0.2266288951841359,0.773371104815864,0.0765625,0.9234375
2,inactive,8,green,9,6-9,1.0,2.0,2.0,10355.76,444.2399999999998,34.0,304.5811764705882,0.0045020709526382,0.0022510354763191,3.0,18.88,6.293333333333333,0.0424995497929047,0.0067531064289573,,,,,,5,10794.36,2158.8720000000003,24.298487304159927,0.0112551773815955,1.0,1.56,1.56,0.0035116153430578,0.0022510354763191,4.0,174.76,43.69,0.3933909598415273,0.0090041419052764,2.0,9.8,4.9,0.0220601476679272,0.0045020709526382,2.0,11.8,5.9,0.0265622186205654,0.0045020709526382,,,,,,7.0,47.88,6.840000000000001,0.1077795786061588,0.0157572483342337,,,,,,0.8,1.0,0.8,0.0,0.0,0.0,0.0018008283810552,0.0022510354763191,0.0,0.0,1.0,0.0,1.0,0.0,20.458321492922657,415.0,0.04929716022391,0.0063503784147407,2.193163107182233,0.0459173022278978,0.9341797226724298,258928.0,254006.0,0.0,0.9809908546005068,0.0,4620.0,297.0,475.0,51.0,0.0,0.0,315.0,48.0,4620.0,297.0,160.0,3.0,0.0,1.0,0.0,1.0,0.6631578947368421,0.3368421052631579,0.9411764705882352,0.0588235294117647
2,inactive,8,green,12,9-12,19.0,82.96,4.366315789473684,8287.52,2512.4799999999996,129.0,64.24434108527132,0.0330191683117875,0.0075622492517353,26.0,119.56,4.598461538461539,0.0475864484493409,0.010348341081322,19.0,58.76,3.092631578947368,0.0233872508437878,0.0075622492517353,32,10636.28,332.38375,4.233378972170923,0.0127364197923963,9.0,20.56,2.2844444444444445,0.0081831497166146,0.0035821180666114,46.0,450.76,9.799130434782608,0.1794083933006432,0.0183086034515697,96.0,364.08,3.7925,0.1449086161879896,0.038209259377189,12.0,53.56,4.463333333333334,0.0213175826275234,0.0047761574221486,2.0,13.08,6.54,0.005206011590142,0.0007960262370247,12.0,39.08,3.2566666666666664,0.015554352671464,0.0047761574221486,1.0,2.16,2.16,0.0008597083359867,0.0003980131185123,0.8,1.0,0.8,0.8,1.0,0.8,0.0003184104948099,0.0003980131185123,0.0003184104948099,0.0003980131185123,0.5,0.5,0.5,0.5,172.26308250895383,2409.0,0.0715081288953731,0.0127813949377589,2.151881393714418,0.0719750058318026,0.9588136024963384,207317.0,187269.3333333333,1483.0,0.9032994560664744,0.0071532966423399,20513.0,1680.0,4503.0,2093.0,5561.0,340.0,960.0,705.0,14952.0,1340.0,3543.0,1388.0,0.2710963779066933,0.7289036220933067,0.2023809523809523,0.7976190476190477,0.2131912058627581,0.7868087941372418,0.3368370759675107,0.6631629240324892
2,inactive,8,red,3,0-3,13.0,127.4,9.8,9324.0,1476.0,28.0,333.0,0.0863143631436314,0.0088075880758807,3.0,8.84,2.9466666666666668,0.0059891598915989,0.0020325203252032,3.0,8.6,2.8666666666666667,0.0058265582655826,0.0020325203252032,30,10544.12,351.4706666666667,7.143712737127371,0.0203252032520325,1.0,1.16,1.16,0.0007859078590785,0.0006775067750677,42.0,297.84,7.091428571428571,0.2017886178861788,0.0284552845528455,3.0,24.16,8.053333333333333,0.0163685636856368,0.0020325203252032,10.0,74.44,7.444,0.0504336043360433,0.0067750677506775,2.0,10.32,5.16,0.0069918699186991,0.0013550135501355,19.0,93.84,4.9389473684210525,0.0635772357723577,0.0128726287262872,,,,,,0.8,1.0,0.8,1.0,1.0,1.0,0.0005420054200542,0.0006775067750677,0.0006775067750677,0.0006775067750677,0.4444444444444445,0.5555555555555556,0.5,0.5,49.810855860316,1446.0,0.0344473415354882,0.0092277435448611,2.072233977643541,0.0326880027316196,0.9796747967479674,233128.0,201071.0,10699.0,0.8624918499708315,0.0458932431968703,8095.0,2131.0,442.0,3198.0,2920.0,69.0,41.0,597.0,5175.0,2062.0,401.0,2601.0,0.3607164916615195,0.6392835083384806,0.0323791647114031,0.9676208352885968,0.0927601809954751,0.9072398190045248,0.1866791744840525,0.8133208255159474
2,inactive,8,red,6,3-6,6.0,13.68,2.28,10102.28,697.7199999999993,27.0,374.1585185185185,0.0196067190276902,0.0085994381700395,3.0,18.12,6.04,0.0259703032735194,0.0042997190850197,1.0,1.12,1.12,0.0016052284584073,0.0014332396950065,17,10536.68,619.804705882353,15.101588029582082,0.0243650748151121,,,,,,10.0,221.92,22.192,0.3180645531158634,0.0143323969500659,2.0,9.92,4.96,0.0142177377744654,0.0028664793900131,4.0,22.32,5.58,0.0319899099925471,0.0057329587800263,,,,,,7.0,24.16,3.4514285714285715,0.0346270710313593,0.0100326778650461,3.0,10.4,3.466666666666667,0.0149056928280685,0.0042997190850197,2.0,2.0,1.0,0.8,1.0,0.8,0.0028664793900131,0.0028664793900131,0.0011465917560052,0.0014332396950065,0.7142857142857143,0.2857142857142857,0.6666666666666666,0.3333333333333333,22.02168827446183,485.0,0.0454055428339419,0.0075603207813952,2.060042743666561,0.040449966747898,0.6951212520781982,252584.0,233199.0,6198.0,0.9232532543629052,0.024538371393279,5808.0,562.0,485.0,348.0,486.0,14.0,66.0,73.0,5322.0,548.0,419.0,275.0,0.0836776859504132,0.9163223140495868,0.0249110320284697,0.9750889679715302,0.1360824742268041,0.8639175257731959,0.2097701149425287,0.7902298850574713
2,inactive,8,red,9,6-9,1.0,15.0,15.0,10570.8,229.20000000000073,10.0,1057.08,0.0654450261780102,0.0043630017452006,2.0,10.64,5.32,0.0464223385689352,0.0087260034904013,,,,,,7,10767.6,1538.2285714285715,46.97905759162289,0.0305410122164047,,,,,,5.0,116.28,23.256,0.5073298429319356,0.0218150087260034,2.0,14.36,7.18,0.0626527050610818,0.0087260034904013,,,,,,1.0,1.4,1.4,0.0061082024432809,0.0043630017452006,2.0,10.0,5.0,0.0436300174520068,0.0087260034904013,,,,,,0.0,0.0,0.0,0.8,1.0,0.8,0.0,0.0,0.0034904013961605,0.0043630017452006,0.0,1.0,0.0,1.0,7.826729191149565,219.0,0.0357384894573039,0.0044747436552039,2.128571709394204,0.0365693294625613,0.95549738219895,264280.0,255602.3333333333,1458.0,0.9671648756369506,0.005516876040563,3273.0,36.0,268.0,376.0,0.0,0.0,0.0,0.0,3273.0,36.0,268.0,376.0,0.0,1.0,0.0,1.0,0.0,1.0,0.0,1.0
2,inactive,8,red,12,9-12,9.0,105.04,11.671111111111111,8771.68,2028.3199999999997,37.0,237.07243243243244,0.0517867003234203,0.0044371696773684,2.0,2.12,1.06,0.0010451999684467,0.0009860377060818,4.0,12.16,3.04,0.0059951092529778,0.0019720754121637,15,10654.08,710.272,5.252662301806422,0.0073952827956141,1.0,7.64,7.64,0.0037666640372327,0.0004930188530409,42.0,914.08,21.763809523809524,0.4506586731876628,0.0207067918277194,14.0,101.28,7.234285714285714,0.0499329494359864,0.0069022639425731,12.0,109.56,9.13,0.0540151455391654,0.0059162262364912,10.0,35.2,3.5200000000000005,0.0173542636270411,0.0049301885304094,20.0,71.08,3.554,0.03504378007415,0.0098603770608188,5.0,12.92,2.584,0.0063698035812889,0.0024650942652047,2.6,3.0,0.8666666666666667,0.0,0.0,0.0,0.0012818490179064,0.0014790565591228,0.0,0.0,1.0,0.0,1.0,0.0,50.676237039844395,1996.0,0.0253888963125472,0.0037905974214145,2.1785014600325057,0.023207500898681,0.984065630669717,219329.0,185374.0,5996.0,0.8451869109876031,0.0273379261292396,25440.0,3641.0,363.0,2635.0,5712.0,47.0,25.0,0.0,19728.0,3594.0,338.0,2635.0,0.2245283018867924,0.7754716981132076,0.0129085416094479,0.987091458390552,0.0688705234159779,0.931129476584022,0.0,1.0
2,inactive,8,yellow,3,0-3,17.0,128.24,7.543529411764706,8376.32,2423.6800000000003,81.0,103.41135802469137,0.0529112754158964,0.0070141272775283,18.0,70.32,3.9066666666666663,0.029013731185635,0.0074267229997359,1.0,1.48,1.48,0.0006106416688671,0.0004125957222075,27,10631.32,393.7525925925926,4.3864371534195925,0.0111400844996039,1.0,1.28,1.28,0.0005281225244256,0.0004125957222075,16.0,63.96,3.9975,0.026389622392395,0.0066015315553208,39.0,284.12,7.285128205128205,0.1172266965936097,0.0160912331660945,13.0,58.04,4.464615384615384,0.0239470557169263,0.0053637443886981,6.0,69.76,11.626666666666669,0.0287826775811988,0.0024755743332453,16.0,52.4,3.275,0.0216200158436757,0.0066015315553208,,,,,,0.0,0.0,0.0,0.8,1.0,0.8,0.0,0.0,0.000330076577766,0.0004125957222075,0.0,1.0,0.0,1.0,105.73656443737688,2330.0,0.0453804997585308,0.0095837363110146,2.185187254919659,0.041931707701462,0.9613480327435964,209489.0,193515.99999999997,3627.0,0.9237525598002758,0.0173135582297877,8757.0,3214.0,1814.0,3223.0,2158.0,215.0,476.0,915.0,6599.0,2999.0,1338.0,2308.0,0.2464314262875414,0.7535685737124586,0.066894835096453,0.933105164903547,0.2624035281146637,0.7375964718853363,0.283896990381632,0.7161030096183679
2,inactive,8,yellow,6,3-6,8.0,22.44,2.805,9631.12,1168.8799999999992,33.0,291.85212121212123,0.0191978646225446,0.0068441585107111,8.0,53.44,6.68,0.0457189788515502,0.0068441585107111,,,,,,17,10508.48,618.1458823529412,8.99021285332969,0.0145438368352611,1.0,2.0,2.0,0.0017110396276777,0.0008555198138388,14.0,141.64,10.117142857142856,0.1211758264321402,0.0119772773937444,12.0,69.04,5.753333333333334,0.0590650879474369,0.0102662377660666,7.0,41.92,5.988571428571428,0.0358633905961262,0.0059886386968722,3.0,13.8,4.6000000000000005,0.0118061734309766,0.0025665594415166,13.0,49.04,3.772307692307692,0.0419546916706591,0.0111217575799055,,,,,,0.8,1.0,0.8,0.0,0.0,0.0,0.0006844158510711,0.0008555198138388,0.0,0.0,1.0,0.0,1.0,0.0,49.42207035301501,957.0,0.0516427067429623,0.0077105454744325,2.1702474550523227,0.0516312683239271,0.8187324618438169,240811.0,230376.0,1777.0,0.956667261877572,0.0073792310151944,5293.0,1403.0,1344.0,569.0,1129.0,142.0,325.0,88.0,4164.0,1261.0,1019.0,481.0,0.2133005856791989,0.786699414320801,0.1012116892373485,0.8987883107626514,0.2418154761904762,0.7581845238095238,0.1546572934973638,0.8453427065026362
2,inactive,8,yellow,9,6-9,3.0,11.16,3.72,10480.08,319.9200000000001,17.0,616.4752941176471,0.0348837209302325,0.009377344336084,3.0,17.92,5.973333333333334,0.0560140035008752,0.009377344336084,,,,,,9,10755.36,1195.04,33.61890472618154,0.028132033008252,,,,,,9.0,102.2,11.355555555555556,0.3194548637159289,0.028132033008252,3.0,6.76,2.2533333333333334,0.0211302825706426,0.009377344336084,2.0,2.56,1.28,0.008002000500125,0.0062515628907226,2.0,4.48,2.24,0.0140035008752188,0.0062515628907226,2.0,8.8,4.4,0.0275068767191797,0.0062515628907226,,,,,,,,,,,,,,,,,,,,14.35699991910771,299.0,0.0480167221374839,0.0099942895574193,2.145372346767026,0.0442841437839558,0.9346086521630406,262019.0,256283.66666666663,0.0,0.9781110021283442,0.0,2736.0,180.0,451.0,282.0,40.0,0.0,315.0,48.0,2696.0,180.0,136.0,234.0,0.0146198830409356,0.9853801169590644,0.0,1.0,0.6984478935698448,0.3015521064301552,0.1702127659574468,0.8297872340425532
2,inactive,8,yellow,12,9-12,24.0,122.64,5.11,7896.2,2903.8,58.0,136.14137931034483,0.0422343136579654,0.0082650320269991,22.0,74.0,3.363636363636364,0.0254838487499139,0.0075762793580825,2.0,2.92,1.46,0.0010055788966182,0.0006887526689165,21,10708.96,509.95047619047614,3.687912390660513,0.0072319030236242,,,,,,63.0,462.76,7.345396825396826,0.159363592533921,0.0216957090708726,113.0,518.04,4.584424778761061,0.1784007163027756,0.0389145257937874,28.0,145.56,5.198571428571428,0.0501274192437495,0.0096425373648322,16.0,47.08,2.9425,0.0162132378262965,0.0055100213513327,18.0,70.44,3.913333333333333,0.0242578689992423,0.0061987740202493,,,,,,1.0,1.0,1.0,0.8,1.0,0.8,0.0003443763344582,0.0003443763344582,0.0002755010675666,0.0003443763344582,0.5555555555555556,0.4444444444444445,0.5,0.5,128.2117175612543,2836.0,0.0452086451203294,0.00830516558335,2.278010885126012,0.0451204623096368,0.9766512845237276,197463.0,182021.66666666663,385.0,0.921801383887952,0.0019497323549221,24696.0,4860.0,1947.0,3090.0,5693.0,340.0,801.0,887.0,19003.0,4520.0,1146.0,2203.0,0.2305231616456106,0.7694768383543894,0.0699588477366255,0.9300411522633744,0.411402157164869,0.588597842835131,0.2870550161812297,0.7129449838187703
3,active,1,blue,15,12-15,87.0,533.4,6.13103448275862,4477.84,6322.16,78.0,57.40820512820513,0.0843698988953142,0.0137611196173459,39.0,182.68,4.684102564102564,0.0288951877206524,0.0061687777594999,73.0,315.0,4.315068493150685,0.0498247434421147,0.0115466865754742,159,9377.04,58.97509433962265,1.483201943639516,0.025149632404115,5.0,15.2,3.04,0.0024042415883179,0.0007908689435256,41.0,363.44,8.86439024390244,0.057486681766991,0.0064851253369101,136.0,1112.04,8.176764705882352,0.1758955799916484,0.0215116352638971,14.0,26.6,1.9,0.0042074227795563,0.0022144330418717,20.0,68.72,3.436,0.0108697027598162,0.0031634757741025,87.0,340.96,3.9190804597701145,0.0539309349968997,0.0137611196173459,4.0,8.4,2.1,0.001328659825123,0.0006326951548205,0.8,1.0,0.8,4.6,5.0,0.92,0.0001265390309641,0.0001581737887051,0.0007275994280435,0.0007908689435256,0.1481481481481481,0.8518518518518519,0.1666666666666666,0.8333333333333334,222.54675811410397,6239.0,0.0356702609575419,0.0086491172523252,1.987360119241678,0.0346463334052996,0.9868462677312816,112024.0,79544.66666666666,20901.0,0.7100680806493845,0.1865760908376776,37064.0,2417.0,12554.0,13422.0,13020.0,147.0,2137.0,3561.0,24044.0,2270.0,10417.0,9861.0,0.3512842650550399,0.64871573494496,0.0608191973520893,0.9391808026479106,0.1702246296001274,0.8297753703998726,0.2653106839517211,0.7346893160482789
3,active,1,blue,18,15-18,62.0,443.84,7.158709677419354,4946.88,5853.12,72.0,68.70666666666666,0.0758296429938221,0.0105926411896561,31.0,165.76,5.347096774193548,0.0283199387676999,0.005296320594828,59.0,275.04,4.6616949152542375,0.0469903231097261,0.0100800940353179,146,9441.04,64.66465753424659,1.6129927286643706,0.0249439615111256,8.0,21.28,2.66,0.0036356678147722,0.0013667924115685,22.0,220.08,10.003636363636364,0.0376004592422502,0.0037586791318134,56.0,758.68,13.547857142857142,0.1296197583511016,0.0095675468809797,11.0,32.88,2.9890909090909092,0.0056175168115466,0.0018793395659067,11.0,57.4,5.218181818181818,0.0098067355530042,0.0018793395659067,98.0,420.92,4.295102040816326,0.0719137827346782,0.0167432070417145,7.0,17.44,2.4914285714285715,0.0029796074572193,0.0011959433601224,1.6,2.0,0.8,5.2,5.0,1.04,0.0002733584823137,0.0003416981028921,0.0008884150675195,0.0008542452572303,0.2352941176470588,0.7647058823529411,0.2857142857142857,0.7142857142857143,179.32791665765598,5750.0,0.0311874637665488,0.0071233795211559,2.029193025167374,0.0305495001391347,0.9823820458148816,123744.0,83266.0,23488.0,0.6728891905870183,0.1898112231704163,24547.0,2279.0,11110.0,11158.0,7002.0,72.0,2208.0,2445.0,17545.0,2207.0,8902.0,8713.0,0.2852487065629201,0.7147512934370799,0.0315928038613426,0.9684071961386572,0.1987398739873987,0.8012601260126012,0.219125291270837,0.780874708729163
3,active,1,blue,21,18-21,50.0,518.92,10.3784,6138.84,4661.16,32.0,191.83875,0.1113285104995323,0.0107269435076247,17.0,119.48,7.028235294117647,0.02563310420582,0.0036471607925924,25.0,130.96,5.2384,0.0280960104351706,0.0053634717538123,83,8399.6,101.2,1.8020406937328903,0.017806726222657,8.0,32.4,4.05,0.0069510593929408,0.0017163109612199,10.0,102.0,10.2,0.0218829647555544,0.0021453887015249,53.0,287.76,5.4294339622641505,0.0617357052750817,0.0113705601180821,4.0,22.8,5.7,0.0048914862394768,0.0008581554806099,7.0,37.52,5.36,0.0080494984081215,0.0015017720910674,52.0,174.48,3.355384615384615,0.0374327420642071,0.0111560212479297,2.0,3.92,1.96,0.0008409923709977,0.0004290777403049,0.0,0.0,0.0,2.6,3.0,0.8666666666666667,0.0,0.0,0.0005578010623964,0.0006436166104574,0.0,1.0,0.0,1.0,95.07012844637448,3423.0,0.0277739200836618,0.0072370135611701,2.080340571024186,0.0271271235571494,0.7343665525319878,153503.0,130082.0,7474.0,0.8474231773971844,0.0486896021576125,9807.0,1519.0,6303.0,13023.0,3118.0,0.0,719.0,2613.0,6689.0,1519.0,5584.0,10410.0,0.3179361680432344,0.6820638319567656,0.0,1.0,0.1140726638108837,0.8859273361891163,0.2006450126698917,0.7993549873301082
3,active,1,blue,24,21-24,30.0,271.44,9.048,7503.6,3296.3999999999996,48.0,156.32500000000002,0.0823443756825628,0.0091008372770294,34.0,331.24,9.74235294117647,0.1004853779881082,0.0103142822473,28.0,111.6,3.9857142857142858,0.0338551146705496,0.0084941147918941,93,9857.36,105.9931182795699,2.9903409780366466,0.0282125955587914,5.0,13.52,2.7039999999999997,0.0041014439995146,0.0015168062128382,27.0,255.28,9.454814814814815,0.0774420580026695,0.0081907535493265,23.0,183.8,7.991304347826088,0.055757796383934,0.0069773085790559,5.0,11.64,2.3280000000000003,0.0035311248634874,0.0015168062128382,3.0,13.68,4.56,0.0041499817983254,0.0009100837277029,57.0,256.92,4.5073684210526315,0.0779395704404805,0.017291590826356,4.0,9.44,2.36,0.0028637301298386,0.0012134449702705,0.8,1.0,0.8,2.4,3.0,0.7999999999999999,0.0002426889940541,0.0003033612425676,0.0007280669821623,0.0009100837277029,0.25,0.7499999999999999,0.25,0.75,108.75526437526072,3254.0,0.0334220234711925,0.0062814229699851,2.0439797095362726,0.0325160458904882,0.9871374833151316,187638.0,156108.3333333333,7509.0,0.8319654512056903,0.0400185463498864,11027.0,641.0,11133.0,6816.0,4558.0,0.0,1575.0,686.0,6469.0,641.0,9558.0,6130.0,0.4133490523261086,0.5866509476738914,0.0,1.0,0.1414713015359741,0.8585286984640259,0.1006455399061032,0.8993544600938967
3,active,1,green,15,12-15,85.0,540.16,6.354823529411765,3392.8,7407.2,29.0,116.99310344827587,0.0729236418619721,0.0114753213089966,52.0,224.72,4.321538461538461,0.030338049465385,0.0070201965655038,48.0,263.96,5.4991666666666665,0.0356355977967383,0.0064801814450804,169,9240.68,54.67857988165681,1.247526730748461,0.0228156388378874,7.0,15.6,2.2285714285714286,0.0021060589696511,0.0009450264607409,43.0,752.88,17.508837209302325,0.101641645966087,0.0058051625445512,216.0,2522.76,11.679444444444446,0.3405821362998164,0.029160816502862,11.0,40.56,3.687272727272727,0.0054757533210929,0.0014850415811642,18.0,63.44,3.5244444444444443,0.0085646398099146,0.0024300680419051,106.0,414.16,3.907169811320755,0.0559131655686359,0.0143104006912193,5.0,11.2,2.24,0.0015120423371854,0.0006750189005292,0.8,1.0,0.8,0.8,1.0,0.8,0.0001080030240846,0.0001350037801058,0.0001080030240846,0.0001350037801058,0.5,0.5,0.5,0.5,332.7618618814702,7376.0,0.0451141352876179,0.0093176232959032,2.155428827926405,0.040946118587576,0.9957878820606976,84849.0,78091.66666666667,1128.0,0.9203604835256358,0.0132942049994696,82150.0,2629.0,12317.0,13589.0,21742.0,64.0,1831.0,3492.0,60408.0,2565.0,10486.0,10097.0,0.2646622032866707,0.7353377967133293,0.0243438569798402,0.9756561430201598,0.1486563286514573,0.8513436713485427,0.2569725513282802,0.7430274486717198
3,active,1,green,18,15-18,58.0,313.04,5.397241379310345,3566.6,7233.4,48.0,74.30416666666666,0.0432770204882904,0.0080183592777946,36.0,168.6,4.683333333333334,0.0233085409351065,0.0049769126551829,54.0,259.56,4.806666666666667,0.0358835402438687,0.0074653689827743,131,9543.92,72.85435114503817,1.3194237841125889,0.0181104321619155,6.0,14.08,2.3466666666666667,0.0019465258384715,0.0008294854425304,51.0,1009.72,19.79843137254902,0.13959134017198,0.0070506262615091,149.0,2649.36,17.780939597315438,0.3662675920037603,0.020598888489507,2.0,2.72,1.36,0.0003760334006138,0.0002764951475101,20.0,99.32,4.965999999999999,0.0137307490253546,0.0027649514751016,86.0,335.36,3.8995348837209303,0.0463627063345038,0.0118892913429369,5.0,11.72,2.3440000000000003,0.0016202615644095,0.0006912378687754,0.8,1.0,0.8,1.8,2.0,0.9,0.000110598059004,0.000138247573755,0.0002488456327591,0.0002764951475101,0.3076923076923077,0.6923076923076923,0.3333333333333333,0.6666666666666666,298.12393872934194,7157.0,0.0416548747700631,0.0079277213019866,2.2124909803506667,0.037583386632005,0.989437885365112,89213.0,77788.66666666666,2948.0,0.8719431771901702,0.0330445114501249,91677.0,2573.0,10794.0,7884.0,21165.0,35.0,1686.0,1372.0,70512.0,2538.0,9108.0,6512.0,0.2308648843221309,0.7691351156778691,0.0136027982899339,0.986397201710066,0.1561978877153974,0.8438021122846026,0.1740233384069,0.8259766615930999
3,active,1,green,21,18-21,51.0,414.56,8.128627450980392,4650.68,6149.32,64.0,72.666875,0.0674155841621512,0.0082935999427578,24.0,114.48,4.7700000000000005,0.0186166925773906,0.0039028705612978,27.0,93.32,3.456296296296296,0.0151756616991797,0.00439072938146,118,8587.68,72.77694915254237,1.3965251442435913,0.0191891135930476,2.0,2.52,1.26,0.0004098014089362,0.0003252392134414,38.0,759.72,19.992631578947368,0.1235453676178829,0.0061795450553882,102.0,1172.24,11.492549019607845,0.1906292077823239,0.0165871998855157,5.0,31.64,6.328,0.0051452843566443,0.0008130980336037,8.0,36.64,4.58,0.005958382390248,0.0013009568537659,68.0,293.96,4.322941176470588,0.0478036595916296,0.0110581332570105,7.0,17.72,2.531428571428571,0.0028816194310915,0.0011383372470452,0.0,0.0,0.0,1.0,1.0,1.0,0.0,0.0,0.0001626196067207,0.0001626196067207,0.0,1.0,0.0,1.0,194.9721189332971,4889.0,0.0398797543328486,0.0081373391488168,2.1336032351330108,0.0357102611860758,0.7950472572577131,116331.0,110205.33333333334,2376.0,0.9473427833796094,0.020424478427934,48439.0,1720.0,5246.0,10415.0,10296.0,0.0,672.0,2552.0,38143.0,1720.0,4574.0,7863.0,0.2125559982658601,0.7874440017341399,0.0,1.0,0.1280975981700343,0.8719024018299657,0.2450312049927988,0.7549687950072012
3,active,1,green,24,21-24,59.0,287.44,4.871864406779661,6758.36,4041.64,148.0,45.66459459459459,0.0711196445007472,0.0145980344612583,36.0,215.68,5.9911111111111115,0.0533644758068506,0.0089072752644965,36.0,163.52,4.542222222222223,0.0404588236458467,0.0089072752644965,110,9912.32,90.112,2.4525489652715233,0.0272166744192951,3.0,4.72,1.5733333333333333,0.0011678427569006,0.000742272938708,21.0,216.12,10.291428571428572,0.0534733425045278,0.0051959105709563,87.0,1170.04,13.448735632183908,0.2894963430686553,0.0215259152225334,11.0,18.84,1.7127272727272729,0.0046614740550865,0.0027216674419295,3.0,23.16,7.72,0.0057303470868261,0.000742272938708,56.0,228.44,4.079285714285715,0.0565216100394889,0.0138557615225502,2.0,5.52,2.76,0.0013657822072228,0.0004948486258053,0.8,1.0,0.8,1.6,2.0,0.8,0.0001979394503221,0.0002474243129026,0.0003958789006442,0.0004948486258053,0.3333333333333333,0.6666666666666666,0.3333333333333333,0.6666666666666666,206.25720413088465,3918.0,0.0526434926316704,0.0112379601342302,2.049653999113042,0.0475130138564972,0.9694084579527122,169107.0,149404.66666666666,4944.0,0.8834919114328009,0.02923592754883,34762.0,1064.0,9552.0,7245.0,3697.0,58.0,2063.0,1295.0,31065.0,1006.0,7489.0,5950.0,0.1063517634198262,0.8936482365801738,0.0545112781954887,0.9454887218045112,0.2159757118927973,0.7840242881072027,0.178743961352657,0.821256038647343
3,active,1,red,15,12-15,70.0,605.44,8.649142857142857,5819.64,4980.36,37.0,157.28756756756758,0.1215655093206113,0.0140552088604036,39.0,205.48,5.268717948717948,0.0412580616662249,0.0078307592222249,27.0,133.44,4.942222222222222,0.0267932438618895,0.0054212948461557,124,9395.76,75.77225806451614,1.8865624171746624,0.024897798552715,9.0,18.16,2.017777777777778,0.0036463227557847,0.0018070982820518,13.0,41.12,3.1630769230769227,0.0082564312619971,0.0026102530740749,94.0,869.0,9.24468085106383,0.1744853785670112,0.018874137612542,3.0,15.8,5.266666666666667,0.0031724614284911,0.0006023660940173,15.0,167.6,11.173333333333334,0.0336521857857664,0.0030118304700865,79.0,352.12,4.457215189873418,0.0707017163417905,0.0158623071424555,8.0,19.32,2.415,0.0038792376454714,0.0016063095840461,4.4,5.0,0.8800000000000001,0.8,1.0,0.8,0.0008834702712253,0.0010039434900288,0.0001606309584046,0.0002007886980057,0.8461538461538461,0.1538461538461538,0.8333333333333334,0.1666666666666666,155.84287756486202,4941.0,0.031540756438952,0.0087999795879416,2.1269192293679993,0.0277929417729759,0.9920969568464932,145528.0,89085.33333333333,36556.0,0.6121525296391989,0.2511956461986697,22860.0,4603.0,8539.0,15206.0,6712.0,52.0,2103.0,4218.0,16148.0,4551.0,6436.0,10988.0,0.2936132983377078,0.7063867016622922,0.0112969802302845,0.9887030197697154,0.2462817660147558,0.7537182339852442,0.2773905037485203,0.7226094962514796
3,active,1,red,18,15-18,73.0,578.12,7.919452054794521,4235.96,6564.04,71.0,59.66140845070423,0.0880738082034844,0.0111211997489351,37.0,243.96,6.593513513513514,0.0371661354897288,0.0056367724754876,38.0,209.72,5.518947368421053,0.0319498357718722,0.0057891176775278,146,8735.68,59.83342465753425,1.3308389345585951,0.0222423994978702,11.0,31.6,2.872727272727273,0.0048141083844705,0.0016757972224422,31.0,344.96,11.12774193548387,0.0525530008957897,0.0047227012632464,90.0,902.72,10.030222222222225,0.1375250607857356,0.0137110681836186,7.0,28.88,4.1257142857142854,0.0043997294349211,0.0010664164142814,10.0,93.84,9.384,0.014296073759453,0.001523452020402,109.0,519.36,4.764770642201835,0.0791220041316018,0.0166056270223825,6.0,15.6,2.6,0.0023765851518272,0.0009140712122412,6.4,7.0,0.9142857142857144,0.8,1.0,0.8,0.0009750092930573,0.0010664164142814,0.0001218761616321,0.0001523452020402,0.888888888888889,0.1111111111111111,0.875,0.125,186.30164405989535,6465.0,0.0288169596380348,0.0072006138220266,2.1109051736570814,0.0260458756768119,0.984911731189938,105970.0,80877.66666666666,8339.0,0.7632128589852473,0.0786920826649051,31313.0,3085.0,11417.0,14526.0,10603.0,25.0,2722.0,2985.0,20710.0,3060.0,8695.0,11541.0,0.3386133554753616,0.6613866445246384,0.0081037277147487,0.9918962722852512,0.238416396601559,0.7615836033984409,0.2054935976869062,0.7945064023130938
3,active,1,red,21,18-21,51.0,373.24,7.3184313725490195,6632.68,4167.32,44.0,150.74272727272728,0.0895635564343511,0.0122380810688884,15.0,116.44,7.762666666666666,0.0279412188168895,0.0035994356084965,10.0,32.2,3.22,0.0077267884395726,0.0023996237389977,77,8508.16,110.49558441558442,2.041638271119089,0.0184771027902824,5.0,14.04,2.808,0.0033690717295528,0.0011998118694988,21.0,118.56,5.645714285714286,0.028449939049557,0.0050392098518952,24.0,199.92,8.33,0.0479732777900425,0.0057590969735945,3.0,5.12,1.7066666666666668,0.0012286073543668,0.0007198871216993,2.0,27.0,13.5,0.0064789840952938,0.0004799247477995,37.0,143.6,3.881081081081081,0.0344585968920073,0.0088786078342915,8.0,19.52,2.44,0.0046840655385235,0.0019196989911981,1.8,2.0,0.9,0.0,0.0,0.0,0.0004319322730195,0.0004799247477995,0.0,0.0,1.0,0.0,1.0,0.0,101.18802218857276,2926.0,0.0345823725866619,0.0100170703039904,2.0984146697402375,0.0300372849366804,0.7021299060307344,165861.0,134805.6666666667,8634.0,0.8127628958384834,0.0520556369490115,8007.0,808.0,3741.0,9382.0,2173.0,0.0,725.0,2569.0,5834.0,808.0,3016.0,6813.0,0.2713875359060821,0.7286124640939178,0.0,1.0,0.1937984496124031,0.8062015503875969,0.273822212747815,0.7261777872521851
3,active,1,red,24,21-24,30.0,206.48,6.882666666666666,8879.24,1920.76,38.0,233.66421052631577,0.107499114933672,0.0156188175513859,17.0,78.24,4.60235294117647,0.0407338761740144,0.0088506632791186,11.0,40.24,3.658181818181818,0.0209500406089256,0.0057268997688415,48,10195.48,212.40583333333333,5.308044732293467,0.0249901080822174,4.0,9.28,2.32,0.0048314208958953,0.0020825090068514,5.0,17.44,3.4880000000000004,0.0090797392698723,0.0026031362585643,40.0,326.36,8.159,0.1699119098690102,0.0208250900685145,1.0,4.4,4.4,0.0022907599075366,0.0005206272517128,2.0,11.52,5.76,0.0059976259397321,0.0010412545034257,29.0,139.04,4.794482758620689,0.0723880130781565,0.015098190299673,1.0,2.24,2.24,0.0011662050438368,0.0005206272517128,1.6,2.0,0.8,0.0,0.0,0.0,0.0008330036027405,0.0010412545034257,0.0,0.0,1.0,0.0,1.0,0.0,63.64574114098589,1883.0,0.0338001811688719,0.0096154000353443,2.0752695612694256,0.0306895946817063,0.9803411149753224,222019.0,165021.3333333333,22578.0,0.7432757256511079,0.1016939991622338,8640.0,401.0,2990.0,5192.0,945.0,0.0,515.0,746.0,7695.0,401.0,2475.0,4446.0,0.109375,0.890625,0.0,1.0,0.1722408026755852,0.8277591973244147,0.1436825885978428,0.8563174114021571
3,active,1,yellow,15,12-15,113.0,650.76,5.758938053097345,4503.16,6296.84,71.0,63.42478873239436,0.1033470756760533,0.0179455091760311,56.0,210.2,3.753571428571429,0.0333818232637322,0.008893349680157,63.0,215.68,3.4234920634920636,0.0342521010538619,0.0100050183901766,186,9511.68,51.138064516129035,1.5105481479599292,0.0295386257233787,13.0,24.64,1.8953846153846152,0.003913073859269,0.0020645276043221,55.0,371.92,6.762181818181818,0.0590645466615,0.0087345398644399,85.0,770.32,9.062588235294118,0.1223343772431886,0.0134988343359526,17.0,62.48,3.675294117647059,0.0099224372860037,0.0026997668671905,13.0,35.44,2.726153846153846,0.0056282198690136,0.0020645276043221,61.0,223.68,3.66688524590164,0.0355225795795986,0.0096873987587424,1.0,2.0,2.0,0.0003176196314341,0.000158809815717,1.0,1.0,1.0,0.8,1.0,0.8,0.000158809815717,0.000158809815717,0.0001270478525736,0.000158809815717,0.5555555555555556,0.4444444444444445,0.5,0.5,332.990473933735,6223.0,0.0535096374632387,0.0145793082567202,2.103059737098371,0.0499225808914163,0.98827348320745,112650.0,87079.66666666666,9230.0,0.7730108004142624,0.0819351975144252,28696.0,2478.0,10766.0,16382.0,12149.0,49.0,2105.0,3990.0,16547.0,2429.0,8661.0,12392.0,0.4233691106774463,0.5766308893225537,0.019774011299435,0.980225988700565,0.1955229425970648,0.8044770574029352,0.2435600048834086,0.7564399951165914
3,active,1,yellow,18,15-18,67.0,461.12,6.882388059701492,5350.28,5449.72,99.0,54.04323232323232,0.0846135214286238,0.0122942096107689,35.0,177.76,5.078857142857142,0.0326181895583626,0.006422348304133,45.0,241.72,5.371555555555555,0.0443545723450012,0.0082573049624567,130,9655.8,74.27538461538461,1.7717974501442273,0.0238544365582084,4.0,19.84,4.96,0.0036405540101142,0.0007339826633294,53.0,582.2,10.98490566037736,0.1068311766476075,0.0097252702891157,62.0,574.12,9.26,0.105348531667682,0.0113767312816071,13.0,35.64,2.7415384615384615,0.0065397855302657,0.0023854436558208,9.0,25.36,2.8177777777777777,0.0046534500855089,0.0016514609924913,58.0,241.32,4.160689655172414,0.0442811740786682,0.0106427486182776,1.0,2.0,2.0,0.0003669913316647,0.0001834956658323,3.0,3.0,1.0,4.0,5.0,0.8,0.0005504869974971,0.0005504869974971,0.0007339826633294,0.0009174783291618,0.4285714285714285,0.5714285714285714,0.375,0.625,249.5326661381093,5330.0,0.0468166352979567,0.0105334471671689,2.123363457107533,0.0441968314563384,0.9780318988865484,133856.0,86363.0,26388.0,0.6451933420989721,0.1971372220894095,29023.0,1547.0,10567.0,11595.0,11183.0,82.0,1638.0,2061.0,17840.0,1465.0,8929.0,9534.0,0.3853150949247149,0.6146849050752852,0.0530058177117,0.9469941822883,0.1550108829374467,0.8449891170625532,0.1777490297542044,0.8222509702457956
3,active,1,yellow,21,18-21,52.0,281.76,5.418461538461538,6110.68,4689.32,75.0,81.47573333333334,0.0600854708145317,0.0110890278334598,29.0,113.56,3.9158620689655175,0.0242167307839942,0.0061842655225064,33.0,99.0,3.0,0.0211118029906255,0.0070372676635418,86,8969.2,104.29302325581396,1.9126867008436197,0.0183395460322605,3.0,10.4,3.466666666666667,0.0022178055666919,0.0006397516057765,27.0,373.84,13.845925925925926,0.079721580101166,0.0057577644519887,58.0,380.28,6.556551724137931,0.081094913548233,0.0123685310450129,2.0,5.44,2.72,0.0011600829118081,0.0004265010705176,4.0,22.16,5.54,0.0047256318613359,0.0008530021410353,33.0,113.8,3.4484848484848483,0.0242679109124563,0.0070372676635418,3.0,6.32,2.106666666666667,0.0013477433828358,0.0006397516057765,1.8,2.0,0.9,0.0,0.0,0.0,0.0003838509634659,0.0004265010705176,0.0,0.0,1.0,0.0,1.0,0.0,151.804975272485,3420.0,0.0443874196703172,0.009323226562912,2.0904705580867033,0.0410768516284657,0.7293168305852448,152842.0,130815.0,5633.0,0.8558838539145,0.0368550529304772,18938.0,696.0,5376.0,7096.0,9814.0,0.0,736.0,2071.0,9124.0,696.0,4640.0,5025.0,0.5182173407962826,0.4817826592037174,0.0,1.0,0.1369047619047619,0.8630952380952381,0.2918545659526493,0.7081454340473506
3,active,1,yellow,24,21-24,48.0,238.2,4.9624999999999995,7218.24,3581.76,98.0,73.65551020408164,0.0665036183328866,0.013401232913428,24.0,68.56,2.856666666666667,0.019141427678013,0.006700616456714,33.0,126.32,3.827878787878788,0.0352675779505047,0.0092133476279817,72,10328.92,143.4572222222222,2.883755472170106,0.020101849370142,1.0,1.8,1.8,0.0005025462342535,0.000279192352363,11.0,50.16,4.56,0.0140042883945322,0.0030711158759939,49.0,834.44,17.029387755102043,0.2329692665058518,0.0136804252657911,5.0,25.68,5.136,0.0071696596086839,0.0013959617618154,6.0,28.8,4.8,0.0080407397480568,0.0016751541141785,33.0,136.56,4.138181818181819,0.0381265076387027,0.0092133476279817,3.0,6.08,2.026666666666667,0.0016974895023675,0.0008375770570892,0.8,1.0,0.8,0.0,0.0,0.0,0.0002233538818904,0.000279192352363,0.0,0.0,1.0,0.0,1.0,0.0,178.09321142619336,3494.0,0.0509711538140221,0.0084474203473708,2.105501042152032,0.0469711305683111,0.9754980791566156,180554.0,152143.0,7830.0,0.8426454135604861,0.0433665274654673,22175.0,1373.0,4929.0,6003.0,5223.0,58.0,905.0,750.0,16952.0,1315.0,4024.0,5253.0,0.2355355129650507,0.7644644870349493,0.0422432629278951,0.9577567370721048,0.183607222560357,0.8163927774396429,0.1249375312343828,0.8750624687656172
3,active,2,blue,15,12-15,81.0,1147.72,14.169382716049384,4970.48,5829.52,57.0,87.20140350877192,0.1968807037286088,0.0138947975133458,24.0,127.68,5.32,0.021902317858074,0.0041169770409913,33.0,187.04,5.667878787878788,0.032084974406126,0.0056608434313631,150,8764.08,58.4272,1.5033965060588177,0.025731106506196,9.0,23.6,2.6222222222222222,0.0040483607569748,0.0015438663903717,31.0,271.76,8.766451612903225,0.0466179033608255,0.0053177620112805,40.0,408.88,10.222,0.0701395655216896,0.0068616284016522,15.0,79.92,5.328,0.0137095335465012,0.0025731106506196,16.0,129.64,8.1025,0.022238537649755,0.0027446513606609,90.0,374.24,4.158222222222222,0.0641973953258587,0.0154386639037176,11.0,26.32,2.3927272727272726,0.0045149514882872,0.0018869478104543,2.8,3.0,0.9333333333333332,7.0,5.0,1.4,0.0004803139881156,0.0005146221301239,0.0012007849702891,0.0008577035502065,0.2857142857142857,0.7142857142857142,0.375,0.625,172.67269318577155,5648.0,0.0305723606915317,0.0075379250459585,2.0855516493370607,0.028917380840849,0.968861930313302,124319.0,90180.33333333331,15981.0,0.7253946165375633,0.1285483313089712,17087.0,5270.0,7925.0,28774.0,9497.0,363.0,1686.0,9561.0,7590.0,4907.0,6239.0,19213.0,0.5558026569906946,0.4441973430093053,0.0688804554079696,0.9311195445920304,0.2127444794952681,0.7872555205047319,0.3322791408910822,0.6677208591089178
3,active,2,blue,18,15-18,111.0,1373.08,12.37009009009009,3104.56,7695.44,67.0,46.336716417910445,0.1784277442225526,0.0144241264956909,36.0,243.68,6.768888888888889,0.0316655058060357,0.0046780950796835,52.0,536.68,10.32076923076923,0.069740001871238,0.0067572484484317,214,7699.04,35.97682242990654,1.0004678095079684,0.0278086763070077,12.0,34.96,2.9133333333333336,0.0045429501107149,0.0015593650265611,41.0,220.32,5.373658536585365,0.0286299418876633,0.0053278305074173,34.0,345.64,10.165882352941177,0.0449149106483839,0.00441820090859,16.0,146.92,9.1825,0.0190918258085307,0.0020791533687482,18.0,102.88,5.7155555555555555,0.0133689561610512,0.0023390475398417,91.0,421.96,4.636923076923076,0.0548324722173131,0.0118251847847556,3.0,7.28,2.4266666666666667,0.0009460147827804,0.0003898412566402,0.0,0.0,0.0,6.0,7.0,0.8571428571428571,0.0,0.0,0.0007796825132805,0.0009096295988273,0.0,1.0,0.0,1.0,212.4124404802107,7628.0,0.0278464132774266,0.0073138410185743,2.024888289980919,0.0273318296326439,0.9912363685507262,77681.0,31915.33333333333,30212.0,0.4108512162991378,0.388923932493145,14224.0,6279.0,19597.0,34438.0,11217.0,261.0,2660.0,10941.0,3007.0,6018.0,16937.0,23497.0,0.7885967379077615,0.2114032620922384,0.0415671285236502,0.9584328714763496,0.1357350614890034,0.8642649385109966,0.3177013763865497,0.6822986236134503
3,active,2,blue,21,18-21,35.0,288.24,8.23542857142857,8866.56,1933.4400000000005,26.0,341.02153846153846,0.1490814299900695,0.0181024495200264,18.0,80.52,4.473333333333333,0.0416459781529294,0.0093098311817279,19.0,135.52,7.132631578947369,0.0700926845415425,0.0098270440251572,71,10122.6,142.5718309859155,5.235538728897715,0.0367221118834822,3.0,3.68,1.2266666666666668,0.0019033432638199,0.0015516385302879,15.0,122.36,8.157333333333334,0.0632861635220125,0.0077581926514399,19.0,150.04,7.896842105263158,0.0776026150281363,0.0098270440251572,9.0,38.12,4.235555555555555,0.0197161535915259,0.0046549155908639,9.0,27.4,3.0444444444444443,0.0141716319099635,0.0046549155908639,18.0,55.04,3.057777777777778,0.0284673949023502,0.0093098311817279,5.0,11.72,2.3440000000000003,0.0060617345249917,0.0025860642171466,,,,,,,,,,,,,,,78.23187693225849,1905.0,0.0410666020641776,0.0123960498455402,2.0702889052379105,0.0389904494677675,0.9852904667328696,221690.0,169575.3333333333,11910.0,0.7649209857608973,0.0537236681853038,6844.0,1656.0,5438.0,7241.0,1851.0,0.0,596.0,2836.0,4993.0,1656.0,4842.0,4405.0,0.2704558737580362,0.7295441262419637,0.0,1.0,0.109599117322545,0.890400882677455,0.3916586106891313,0.6083413893108687
3,active,2,blue,24,21-24,110.0,1233.96,11.217818181818185,1157.4,9642.6,81.0,14.28888888888889,0.1279696347458154,0.0114077116130504,47.0,391.48,8.32936170212766,0.0405990085661543,0.0048742040528488,71.0,466.2,6.566197183098591,0.0483479559454918,0.0073631593138779,248,7738.84,31.205,0.8025677721776284,0.0257192043639682,16.0,30.6,1.9125,0.0031734179578122,0.0016593035073527,65.0,696.92,10.721846153846151,0.072275112521519,0.0067409204986207,61.0,857.92,14.064262295081967,0.0889718540642565,0.0063260946217825,18.0,141.64,7.868888888888888,0.0146889842988405,0.0018667164457718,15.0,107.4,7.16,0.0111380747931055,0.0015555970381432,128.0,635.88,4.9678125,0.0659448696409682,0.0132744280588223,22.0,69.2,3.1454545454545455,0.0071764876693008,0.00228154232261,3.0,3.0,1.0,7.0,7.0,1.0,0.0003111194076286,0.0003111194076286,0.0007259452844668,0.0007259452844668,0.3,0.7,0.3,0.7,273.81354756464896,9565.0,0.0286266123956768,0.0064518886722504,2.0868132765901244,0.025748197702432,0.9919523779893388,29016.0,8318.0,12368.0,0.286669423766198,0.4262475875379101,38997.0,6259.0,21560.0,30959.0,15541.0,376.0,3332.0,12420.0,23456.0,5883.0,18228.0,18539.0,0.3985178347052337,0.6014821652947663,0.0600734941683975,0.9399265058316024,0.1545454545454545,0.8454545454545455,0.4011757485706902,0.5988242514293097
3,active,2,green,15,12-15,131.0,1078.4,8.23206106870229,4465.88,6334.12,86.0,51.92883720930233,0.1702525370532923,0.0206816416487215,58.0,171.8,2.9620689655172416,0.0271229468339722,0.0091567573711896,55.0,211.0,3.836363636363637,0.0333116518158797,0.0086831319899212,205,8659.32,42.240585365853654,1.3670912455084523,0.0323644010533428,16.0,26.32,1.645,0.004155273344995,0.0025260020334316,60.0,643.4,10.723333333333333,0.1015768567693697,0.0094725076253686,60.0,624.6,10.41,0.0986088043800875,0.0094725076253686,18.0,78.52,4.362222222222222,0.0123963549790657,0.0028417522876105,12.0,32.6,2.716666666666667,0.0051467291431169,0.0018945015250737,102.0,382.12,3.7462745098039214,0.060327243563431,0.0161032629631266,6.0,15.32,2.5533333333333332,0.0024186469470107,0.0009472507625368,1.0,1.0,1.0,12.0,12.0,1.0,0.0001578751270894,0.0001578751270894,0.0018945015250737,0.0018945015250737,0.0769230769230769,0.9230769230769232,0.0769230769230769,0.9230769230769232,304.55891807006884,6144.0,0.0495701364046336,0.0140149955661829,2.072916423713825,0.047842755142575,0.9699847808377486,111733.0,85321.33333333334,10919.0,0.7636180298867241,0.0977240385562009,31820.0,2808.0,9683.0,27091.0,18330.0,254.0,1800.0,10248.0,13490.0,2554.0,7883.0,16843.0,0.5760527969830296,0.4239472030169705,0.0904558404558404,0.9095441595441596,0.1858928018176185,0.8141071981823815,0.3782806097966114,0.6217193902033886
3,active,2,green,18,15-18,168.0,1712.0,10.19047619047619,2971.64,7828.360000000001,133.0,22.34315789473684,0.2186920376681705,0.0214604336029513,60.0,264.36,4.406000000000001,0.0337695251623584,0.0076644405724826,42.0,180.24,4.291428571428572,0.0230239794797377,0.0053651084007378,227,7944.12,34.99612334801762,1.014787260677843,0.0289971334992258,17.0,29.04,1.708235294117647,0.0037095892370815,0.0021715914955367,69.0,421.6,6.110144927536232,0.0538554690893111,0.008814106658355,38.0,601.48,15.82842105263158,0.076833461925614,0.0048541456959056,18.0,119.44,6.635555555555555,0.0152573463662887,0.0022993321717447,11.0,31.52,2.8654545454545453,0.0040263861140775,0.0014051474382884,121.0,506.4,4.1851239669421485,0.0646878784317532,0.0154566218211732,,,,,,4.4,5.0,0.8800000000000001,14.8,13.0,1.1384615384615384,0.0005620589753153,0.0006387033810402,0.001890562007879,0.0016606287907045,0.2291666666666666,0.7708333333333333,0.2777777777777778,0.7222222222222222,325.7967343299652,7716.0,0.0422235269997362,0.0102222711908115,2.0412236492333844,0.0407023530128699,0.985647057621264,74424.0,33650.0,22707.0,0.4521390949156186,0.3051031925185424,25684.0,3803.0,11217.0,42968.0,16372.0,167.0,1747.0,11611.0,9312.0,3636.0,9470.0,31357.0,0.6374396511446815,0.3625603488553184,0.0439127004996055,0.9560872995003944,0.1557457430685566,0.8442542569314433,0.2702243530068888,0.7297756469931111
3,active,2,green,21,18-21,72.0,513.52,7.132222222222222,7724.0,3076.0,146.0,52.9041095890411,0.1669440832249674,0.0234070221066319,19.0,76.44,4.023157894736842,0.0248504551365409,0.0061768530559167,18.0,68.6,3.811111111111111,0.0223016905071521,0.0058517555266579,102,9868.84,96.75333333333332,3.208335500650195,0.0331599479843953,6.0,12.08,2.013333333333333,0.003927178153446,0.0019505851755526,12.0,202.36,16.863333333333333,0.0657867360208062,0.0039011703511053,8.0,59.84,7.48,0.0194538361508452,0.0026007802340702,6.0,12.56,2.0933333333333333,0.0040832249674902,0.0019505851755526,7.0,27.84,3.9771428571428578,0.0090507152145643,0.0022756827048114,39.0,186.04,4.77025641025641,0.0604811443433029,0.0126788036410923,1.0,2.92,2.92,0.0009492847854356,0.0003250975292587,2.4,3.0,0.7999999999999999,2.8,3.0,0.9333333333333332,0.000780234070221,0.0009752925877763,0.0009102730819245,0.0009752925877763,0.4615384615384615,0.5384615384615385,0.5,0.5,148.94584108314828,2978.0,0.0500153932448449,0.0140553166597869,1.9438940397673776,0.048194938253172,0.9681404421326398,193246.0,157500.0,3379.0,0.815023338128603,0.0174854848224542,6575.0,1023.0,3663.0,12910.0,843.0,2.0,982.0,4420.0,5732.0,1021.0,2681.0,8490.0,0.128212927756654,0.8717870722433461,0.0019550342130987,0.9980449657869012,0.268086268086268,0.7319137319137319,0.3423702556158017,0.6576297443841983
3,active,2,green,24,21-24,143.0,1639.08,11.462097902097902,2104.6,8695.4,166.0,12.678313253012048,0.1884996664903282,0.0164454769188306,41.0,169.6,4.136585365853659,0.0195045656324033,0.0047151367389654,49.0,202.48,4.1322448979591835,0.0232858752903834,0.0056351634197391,230,8018.4,34.86260869565217,0.922142742139522,0.026450767072245,8.0,16.4,2.05,0.0018860546955861,0.0009200266807737,53.0,588.96,11.11245283018868,0.0677323642385629,0.006095176760126,29.0,158.08,5.4510344827586215,0.0181797272120891,0.0033350967178048,19.0,96.32,5.069473684210526,0.0110771212365158,0.0021850633668376,14.0,50.0,3.5714285714285716,0.0057501667548358,0.001610046691354,134.0,522.0,3.8955223880597014,0.0600317409204866,0.0154104469029601,1.0,2.08,2.08,0.0002392069370011,0.0001150033350967,13.8,15.0,0.92,10.6,11.0,0.9636363636363636,0.0015870460243347,0.0017250500264507,0.0012190353520252,0.0012650366860638,0.5655737704918034,0.4344262295081967,0.5769230769230769,0.4230769230769231,378.4389534689344,8556.0,0.0442308267261494,0.0104206133584428,2.027979909541223,0.0421027103168901,0.9839685350875176,52781.0,10546.333333333332,31476.0,0.1998130640445109,0.5963509596256229,18758.0,3691.0,9392.0,41120.0,7926.0,485.0,2377.0,15418.0,10832.0,3206.0,7015.0,25702.0,0.4225397163876745,0.5774602836123254,0.1314007044161473,0.8685992955838526,0.253087734241908,0.746912265758092,0.3749513618677043,0.6250486381322957
3,active,2,red,15,12-15,77.0,888.12,11.534025974025974,4385.48,6414.52,19.0,230.81473684210525,0.1384546310557921,0.0120040158889519,38.0,493.52,12.987368421052633,0.0769379470326696,0.0059240597893529,25.0,155.84,6.2336,0.0242948809887567,0.0038974077561532,134,8612.72,64.27402985074626,1.3426912691830408,0.0208901055729812,22.0,61.6,2.8000000000000003,0.0096032127111615,0.0034297188254148,115.0,1255.44,10.916869565217391,0.1957184637354003,0.0179280756783048,47.0,1048.32,22.30468085106383,0.163429219957222,0.007327126581568,21.0,222.36,10.588571428571427,0.0346651035463292,0.0032738225151687,26.0,138.64,5.332307692307692,0.0216134644525233,0.0040533040663993,90.0,355.96,3.955111111111111,0.0554928505952121,0.0140306679221516,9.0,27.12,3.0133333333333336,0.004227907933875,0.0014030667922151,20.4,18.0,1.1333333333333333,2.0,2.0,1.0,0.003180284729021,0.0028061335844303,0.0003117926204922,0.0003117926204922,0.9107142857142856,0.0892857142857142,0.9,0.1,172.00684285884014,6276.0,0.0274070813987954,0.0095296049430956,2.1755467471402805,0.0248895218460091,0.978405243104706,109656.0,87872.33333333333,6000.0,0.8013454196152817,0.0547165681768439,57756.0,9072.0,16297.0,22280.0,23885.0,784.0,2053.0,7232.0,33871.0,8288.0,14244.0,15048.0,0.4135501073481543,0.5864498926518457,0.0864197530864197,0.9135802469135802,0.125974105663619,0.8740258943363809,0.3245960502692998,0.6754039497307002
3,active,2,red,18,15-18,75.0,1033.36,13.778133333333331,1945.88,8854.119999999999,34.0,57.231764705882355,0.1167095092454134,0.0084706328805121,33.0,518.96,15.726060606060608,0.0586122618622743,0.0037270784674253,41.0,250.64,6.113170731707317,0.0283077256689541,0.0046306126413466,142,8571.92,60.3656338028169,0.9681278320149264,0.0160377315871029,25.0,53.28,2.1312,0.0060175375983158,0.002823544293504,104.0,1336.52,12.851153846153846,0.1509489367661608,0.0117459442609768,88.0,3109.08,35.33045454545454,0.3511450036819017,0.0099388759131342,25.0,113.0,4.52,0.0127624202066382,0.002823544293504,38.0,154.0,4.052631578947368,0.0173930328479848,0.0042917873261261,124.0,407.72,3.2880645161290323,0.0460486191738987,0.01400477969578,14.0,45.0,3.2142857142857144,0.0050823797283072,0.0015811848043622,18.2,17.0,1.0705882352941176,2.6,3.0,0.8666666666666667,0.0020555402456709,0.0019200101195827,0.0002936486065244,0.0003388253152204,0.8749999999999999,0.125,0.85,0.15,210.55857255364583,8817.0,0.0238809768122542,0.0067290078100296,2.181986494642304,0.0213253017896825,0.9958076014330052,48681.0,26491.666666666664,11274.0,0.5441890402141835,0.2315893264312565,111332.0,6738.0,19314.0,25909.0,72678.0,411.0,1983.0,9765.0,38654.0,6327.0,17331.0,16144.0,0.6528042252003018,0.3471957747996982,0.0609973285841496,0.9390026714158504,0.1026716371543957,0.8973283628456042,0.3768960592844185,0.6231039407155815
3,active,2,red,21,18-21,54.0,513.2,9.503703703703705,6404.8,4395.2,54.0,118.6074074074074,0.1167637422642883,0.0122861303239898,18.0,115.4,6.411111111111111,0.02625591554423,0.0040953767746632,28.0,147.92,5.282857142857142,0.033654896250455,0.0063705860939206,89,9656.16,108.4961797752809,2.1969785220240263,0.0202493629413906,8.0,13.92,1.74,0.0031670913724062,0.0018201674554058,35.0,1279.4,36.55428571428572,0.2910902803057881,0.0079632326174008,30.0,354.92,11.830666666666668,0.0807517291590826,0.0068256279577721,14.0,66.96,4.782857142857142,0.0152348016017473,0.0031852930469603,18.0,126.04,7.002222222222223,0.0286767382599199,0.0040953767746632,57.0,219.88,3.8575438596491223,0.050027302511831,0.012968693119767,10.0,29.52,2.952,0.0067164179104477,0.0022752093192573,7.2,7.0,1.0285714285714287,2.4,3.0,0.7999999999999999,0.0016381507098653,0.0015926465234801,0.0005460502366217,0.0006825627957772,0.75,0.25,0.7,0.3,138.98339225810545,4340.0,0.0320238231009459,0.0084662699721066,2.0756420197445036,0.0283404494177073,0.9874408445576992,160174.0,141226.0,1525.0,0.8817036472835791,0.0095208960255721,40923.0,4857.0,6629.0,12884.0,1171.0,2.0,586.0,3242.0,39752.0,4855.0,6043.0,9642.0,0.0286147154411944,0.9713852845588056,0.0004117768169652,0.9995882231830348,0.0883994569316639,0.911600543068336,0.2516299285936044,0.7483700714063956
3,active,2,red,24,21-24,92.0,1204.08,13.087826086956522,2282.8,8517.2,88.0,25.94090909090909,0.1413704034189639,0.0108016719109566,36.0,309.08,8.585555555555555,0.0362889212417226,0.0042267411825482,51.0,304.08,5.96235294117647,0.0357018738552575,0.0059878833419433,210,8199.12,39.04342857142858,0.9626543934626404,0.0246559902315314,17.0,50.28,2.9576470588235293,0.0059033485182923,0.0019959611139811,135.0,2010.84,14.89511111111111,0.2360916733198703,0.0158502794345559,44.0,151.88,3.4518181818181817,0.0178321514112619,0.0051660170008923,23.0,118.4,5.147826086956522,0.013901282111492,0.0027004179777391,24.0,124.16,5.173333333333333,0.0145775607006997,0.0028178274550321,129.0,503.6,3.903875968992248,0.0591274127647583,0.0151458225707979,13.0,33.2,2.553846153846154,0.0038979946461278,0.001526323204809,12.4,14.0,0.8857142857142858,7.4,8.0,0.925,0.0014558775184332,0.001643732682102,0.0008688301319682,0.000939275818344,0.6262626262626263,0.3737373737373737,0.6363636363636364,0.3636363636363636,261.6065445868307,8433.0,0.0310217650405348,0.0089799877252759,1.9979082811708413,0.0278370738137514,0.9901141220119288,57158.0,12183.333333333332,32677.0,0.2131518480935885,0.5716960005598516,54247.0,6111.0,15416.0,30194.0,12350.0,514.0,2107.0,10265.0,41897.0,5597.0,13309.0,19929.0,0.2276623592088041,0.7723376407911958,0.0841106201930944,0.9158893798069055,0.1366761805915931,0.8633238194084069,0.3399682056037623,0.6600317943962377
3,active,2,yellow,15,12-15,50.0,282.64,5.6528,3799.6,7000.4,76.0,49.99473684210526,0.0403748357236729,0.0071424490029141,24.0,100.84,4.201666666666667,0.0144048911490771,0.0034283755213987,17.0,94.8,5.576470588235294,0.0135420833095251,0.0024284326609908,87,10101.52,116.10942528735632,1.4429918290383408,0.0124278612650705,9.0,17.12,1.9022222222222225,0.0024455745385977,0.0012856408205245,159.0,3122.32,19.63723270440252,0.4460202274155763,0.0227129878292669,32.0,422.92,13.21625,0.0604136906462487,0.004571167361865,21.0,139.44,6.64,0.0199188617793268,0.0029998285812239,10.0,32.52,3.252,0.0046454488314953,0.0014284898005828,74.0,275.64,3.724864864864865,0.0393748928632649,0.0105708245243128,11.0,25.68,2.3345454545454545,0.0036683618078966,0.0015713387806411,0.8,1.0,0.8,4.0,4.0,1.0,0.0001142791840466,0.0001428489800582,0.0005713959202331,0.0005713959202331,0.1666666666666666,0.8333333333333334,0.2,0.8,133.30679680611172,6814.0,0.0195636625779441,0.0043296409562298,2.1756660141422266,0.0176590522796549,0.9733729501171362,95066.0,73296.66666666666,12319.0,0.7710082118387926,0.1295836576694086,88822.0,4330.0,4932.0,7116.0,18664.0,715.0,1240.0,3303.0,70158.0,3615.0,3692.0,3813.0,0.210128121411362,0.7898718785886379,0.1651270207852194,0.8348729792147807,0.251419302514193,0.748580697485807,0.4641652613827993,0.5358347386172007
3,active,2,yellow,18,15-18,32.0,181.6,5.675,1965.92,8834.08,84.0,23.403809523809525,0.0205567529386195,0.0036223353195805,19.0,107.84,5.675789473684211,0.0122072700269863,0.0021507615960009,10.0,55.64,5.564,0.0062983355369206,0.0011319797873689,60,10262.36,171.03933333333333,1.1616784090703278,0.0067918787242135,5.0,12.48,2.496,0.0014127107746364,0.0005659898936844,239.0,5927.84,24.802677824267786,0.671019506275696,0.0270543169181171,10.0,123.0,12.3,0.0139233513846376,0.0011319797873689,18.0,139.12,7.728888888888889,0.0157481028018763,0.002037563617264,4.0,11.84,2.96,0.0013402640682447,0.0004527919149475,82.0,272.72,3.3258536585365857,0.0308713527611251,0.0092822342564251,20.0,49.6,2.48,0.0056146197453498,0.0022639595747378,2.4,3.0,0.7999999999999999,1.6,2.0,0.8,0.0002716751489685,0.0003395939362106,0.000181116765979,0.0002263959574737,0.6,0.4,0.6,0.4,136.04146118125254,8752.0,0.0155440426395398,0.0034564792708725,2.1664220276522235,0.0141162162531513,0.990708709905276,49232.0,29353.666666666664,10046.0,0.596231448380457,0.2040542736431589,151520.0,3796.0,4116.0,4572.0,76336.0,169.0,812.0,1425.0,75184.0,3627.0,3304.0,3147.0,0.5038014783526927,0.4961985216473072,0.0445205479452054,0.9554794520547946,0.1972789115646258,0.8027210884353742,0.3116797900262467,0.6883202099737533
3,active,2,yellow,21,18-21,41.0,272.2,6.639024390243902,8309.84,2490.16,66.0,125.90666666666668,0.1093102451248112,0.016464805474347,11.0,76.72,6.974545454545455,0.0308092652680952,0.0044173868345809,11.0,40.56,3.687272727272727,0.0162881100009637,0.0044173868345809,61,10248.68,168.0111475409836,4.115671282166608,0.0244964179008577,1.0,1.16,1.16,0.0004658335207376,0.0004015806213255,28.0,408.4,14.585714285714284,0.1640055257493494,0.011244257397115,9.0,31.08,3.453333333333333,0.0124811257107977,0.0036142255919298,5.0,18.32,3.664,0.0073569569826838,0.0020079031066276,6.0,10.56,1.76,0.0042406913611976,0.0024094837279532,21.0,77.08,3.6704761904761902,0.0309538342917724,0.0084331930478362,5.0,10.96,2.192,0.0044013236097278,0.0020079031066276,0.0,0.0,0.0,4.4,4.0,1.1,0.0,0.0,0.0017669547338323,0.0016063224853021,0.0,1.0,0.0,1.0,89.5469901275101,2434.0,0.0367900534624117,0.0105033486053679,1.995639502576137,0.0329822968439889,0.977447232306358,207812.0,160725.3333333333,13542.0,0.7734169986975407,0.0651646680653667,11024.0,733.0,2954.0,6846.0,844.0,0.0,627.0,2087.0,10180.0,733.0,2327.0,4759.0,0.0765602322206095,0.9234397677793904,0.0,1.0,0.2122545700744753,0.7877454299255248,0.3048495471808355,0.6951504528191644
3,active,2,yellow,24,21-24,80.0,937.56,11.7195,1666.24,9133.76,125.0,13.32992,0.1026477595207231,0.0087587149213467,30.0,155.64,5.188,0.01704007987948,0.003284518095505,39.0,240.0,6.153846153846154,0.0262761447640402,0.0042698735241565,198,8727.32,44.07737373737373,0.9555013488420978,0.0216778194303331,7.0,12.52,1.7885714285714285,0.0013707388851907,0.0007663875556178,160.0,2674.28,16.71425,0.2927907017482395,0.0175174298426934,32.0,275.68,8.615,0.0301825316189608,0.0035034859685386,16.0,126.76,7.9225,0.0138781837928739,0.0017517429842693,9.0,26.4,2.933333333333333,0.0028903759240444,0.0009853554286515,124.0,596.72,4.812258064516129,0.0653312545983253,0.0135760081280874,11.0,24.96,2.269090909090909,0.0027327190554601,0.0012043233016851,9.2,9.0,1.022222222222222,13.4,15.0,0.8933333333333333,0.0010072522159548,0.0009853554286515,0.0014670847493255,0.0016422590477525,0.4070796460176991,0.5929203539823009,0.375,0.625,244.85569911216604,9013.0,0.0271669476436442,0.0058187896563265,2.13146704134958,0.0235946727545519,0.9867787198262272,41781.0,11137.666666666664,19670.0,0.2665725249914235,0.4707881572963787,73941.0,3854.0,9960.0,23519.0,9333.0,235.0,2216.0,8314.0,64608.0,3619.0,7744.0,15205.0,0.1262222582870126,0.8737777417129874,0.0609756097560975,0.9390243902439024,0.2224899598393574,0.7775100401606426,0.3535014243802882,0.6464985756197117
3,active,3,blue,15,12-15,53.0,592.4,11.177358490566036,5315.52,5484.48,40.0,132.888,0.1080138864577863,0.0096636326506797,31.0,151.2,4.877419354838709,0.0275687029581655,0.00565231343719,26.0,99.64,3.832307692307692,0.0181676293832779,0.0047406499795787,96,9543.68,99.41333333333334,1.7401248614271547,0.0175039383861368,7.0,11.92,1.7028571428571428,0.0021734056829453,0.0012763288406558,28.0,321.44,11.48,0.0586090203629149,0.0051053153626232,104.0,2245.84,21.594615384615388,0.4094900519283506,0.0189625999183149,4.0,11.48,2.87,0.0020931792986755,0.000729330766089,23.0,160.88,6.994782608695652,0.029333683412101,0.0041936519050119,83.0,319.04,3.8438554216867473,0.0581714219032615,0.0151336133963475,7.0,15.88,2.2685714285714287,0.0028954431413734,0.0012763288406558,0.8,1.0,0.8,2.4,2.0,1.2,0.0001458661532178,0.0001823326915222,0.0004375984596534,0.0003646653830445,0.25,0.7499999999999999,0.3333333333333333,0.6666666666666666,149.03780562624337,5440.0,0.0273966554460006,0.0050890905263846,2.194301448876482,0.0262118353645673,0.99188984188109,132928.0,112734.66666666666,5352.0,0.848088188091799,0.0402623976889744,64314.0,4336.0,6328.0,14863.0,24594.0,287.0,716.0,1842.0,39720.0,4049.0,5612.0,13021.0,0.3824050751002892,0.6175949248997108,0.066190036900369,0.933809963099631,0.1131479140328697,0.8868520859671302,0.1239319114579829,0.8760680885420171
3,active,3,blue,18,15-18,53.0,328.4,6.19622641509434,5812.52,4987.48,61.0,95.28721311475412,0.0658448755684233,0.0106266090290086,25.0,174.0,6.96,0.0348873579442925,0.0050125514287776,25.0,125.52,5.0207999999999995,0.0251670182136068,0.0050125514287776,104,9815.72,94.38192307692309,1.968072052419258,0.020852213943715,13.0,36.8,2.8307692307692305,0.0073784757031607,0.0026065267429643,27.0,283.4,10.496296296296295,0.0568222829966235,0.0054135555430798,89.0,1838.68,20.65932584269663,0.3686591224425963,0.0178446830864484,6.0,43.8,7.3,0.0087819901032184,0.0012030123429066,17.0,90.32,5.312941176470588,0.0181093458018879,0.0034085349715688,56.0,278.64,4.975714285714285,0.0558678932045842,0.0112281152004619,2.0,4.44,2.22,0.0008902291337509,0.0004010041143022,0.8,1.0,0.8,0.0,0.0,0.0,0.0001604016457208,0.0002005020571511,0.0,0.0,1.0,0.0,1.0,0.0,138.1410400046993,4933.0,0.0280034542884044,0.0060575630439114,2.1816812554192366,0.0270554862730608,0.9890766479264078,145374.0,102313.66666666666,12866.0,0.7037961854710378,0.0885027584024653,53168.0,3376.0,7538.0,8263.0,17494.0,0.0,1039.0,2097.0,35674.0,3376.0,6499.0,6166.0,0.3290325007523322,0.6709674992476677,0.0,1.0,0.1378349694879278,0.8621650305120722,0.2537819193997337,0.7462180806002663
3,active,3,blue,21,18-21,33.0,188.56,5.713939393939394,5859.04,4940.96,37.0,158.35243243243244,0.0381626242673488,0.006678864026424,16.0,90.56,5.66,0.0183284220070593,0.0032382371037207,15.0,82.52,5.501333333333333,0.0167012078624396,0.0030358472847381,58,8037.04,138.5696551724138,1.6266150707554807,0.0117386095009876,2.0,2.92,1.46,0.000590978271429,0.000404779637965,21.0,289.24,13.773333333333332,0.0585392312425115,0.0042501861986334,43.0,743.36,17.287441860465115,0.1504484958388653,0.0087027622162494,6.0,58.48,9.746666666666666,0.0118357566140992,0.0012143389138952,6.0,21.92,3.6533333333333338,0.0044363848320974,0.0012143389138952,37.0,178.04,4.811891891891892,0.0360334833716524,0.0074884233023541,1.0,2.76,2.76,0.0005585959003918,0.0002023898189825,0.0,0.0,0.0,2.6,3.0,0.8666666666666667,0.0,0.0,0.0005262135293546,0.0006071694569476,0.0,1.0,0.0,1.0,80.5378013832137,2787.0,0.0288976682394021,0.0066232004928211,2.207442740780195,0.0270288612868541,0.5640604255043554,146513.0,129394.33333333334,5006.0,0.8831594010997887,0.034167616525496,25879.0,2022.0,4358.0,4747.0,6389.0,0.0,742.0,1879.0,19490.0,2022.0,3616.0,2868.0,0.2468797094169017,0.7531202905830983,0.0,1.0,0.1702615878843506,0.8297384121156494,0.3958289445965873,0.6041710554034126
3,active,3,blue,24,21-24,60.0,719.96,11.999333333333334,5333.96,5466.04,76.0,70.18368421052632,0.1317150990479396,0.0109768680799994,21.0,137.44,6.544761904761905,0.0251443458152519,0.0038419038279997,22.0,99.92,4.541818181818182,0.0182801443092256,0.0040248516293331,110,9459.08,85.99163636363636,1.7305178886360144,0.0201242581466655,4.0,14.92,3.73,0.0027295811958931,0.0007317912053332,17.0,115.16,6.774117647058823,0.0210682688015455,0.0031101126226665,67.0,1670.28,24.929552238805968,0.3055740536110237,0.0122575026893326,4.0,12.56,3.14,0.0022978243847465,0.0007317912053332,16.0,161.04,10.065,0.0294619139267184,0.0029271648213331,79.0,365.64,4.628354430379747,0.0668930340795164,0.0144528763053325,10.0,24.72,2.472,0.0045224696489597,0.0018294780133332,5.0,6.0,0.8333333333333334,9.4,7.0,1.342857142857143,0.0009147390066666,0.0010976868079999,0.0017197093325332,0.0012806346093332,0.3472222222222222,0.6527777777777778,0.4615384615384615,0.5384615384615384,152.20405660792903,5396.0,0.0282068303572885,0.0060836675431077,2.193850805264999,0.0265706044333348,0.987186335994614,133425.0,48120.666666666664,45764.0,0.3606570482793079,0.3429941914933483,44720.0,4360.0,5977.0,18059.0,8438.0,210.0,717.0,7618.0,36282.0,4150.0,5260.0,10441.0,0.1886851520572451,0.8113148479427549,0.0481651376146789,0.9518348623853212,0.119959846076627,0.880040153923373,0.4218395259981173,0.5781604740018828
3,active,3,green,15,12-15,86.0,625.88,7.277674418604651,4956.68,5843.32,97.0,51.09979381443299,0.1071103413812695,0.0147176605080673,51.0,243.04,4.7654901960784315,0.0415927931381474,0.0087279149524585,57.0,230.16,4.037894736842105,0.0393885667736834,0.0097547284762771,163,8924.96,54.75435582822085,1.5273782712567512,0.0278951007304066,21.0,41.12,1.958095238095238,0.0070370953499038,0.0035938473333652,64.0,392.72,6.13625,0.0672083678456767,0.0109526775873989,87.0,1095.16,12.588045977011497,0.1874208497908723,0.0148887960953704,25.0,108.2,4.328,0.0185168705461963,0.0042783896825777,23.0,147.48,6.412173913043477,0.0252390764154624,0.0039361185079714,76.0,337.56,4.441578947368421,0.0577685288500373,0.0130063046350362,7.0,18.32,2.617142857142857,0.0031352039593929,0.0011979491111217,4.2,4.0,1.05,1.0,1.0,1.0,0.000718769466673,0.0006845423492124,0.0001711355873031,0.0001711355873031,0.8076923076923077,0.1923076923076923,0.8,0.2,301.2709915691885,5768.0,0.0522314479142143,0.0118051304286233,2.1015465431644365,0.0490591155483464,0.98711006756433,124014.0,106458.66666666666,5022.0,0.8584407136828637,0.0404954279355556,37348.0,6440.0,11938.0,15733.0,17012.0,434.0,2010.0,3026.0,20336.0,6006.0,9928.0,12707.0,0.4554996251472635,0.5445003748527364,0.067391304347826,0.932608695652174,0.1683699112079075,0.8316300887920924,0.1923345833598169,0.8076654166401831
3,active,3,green,18,15-18,75.0,640.08,8.5344,5298.6,5501.4,150.0,35.324000000000005,0.1163485658196095,0.0136328934453048,55.0,319.88,5.816,0.0581451994037881,0.0099974551932235,43.0,181.96,4.231627906976744,0.0330752172174355,0.0078161922419747,141,9094.56,64.50042553191489,1.65313556549242,0.025629839677173,23.0,51.56,2.241739130434783,0.0093721598138655,0.0041807539898934,39.0,276.6,7.092307692307693,0.0502781110262842,0.0070891045915585,81.0,832.44,10.277037037037038,0.1513142109281274,0.0147235249209292,20.0,93.68,4.684,0.0170283927727487,0.0036354382520812,19.0,78.0,4.105263157894737,0.014178209183117,0.0034536663394772,96.0,441.04,4.594166666666667,0.0801686843348965,0.0174501036099901,3.0,6.04,2.013333333333333,0.0010979023521285,0.0005453157378121,2.2,2.0,1.1,0.0,0.0,0.0,0.0003998982077289,0.0003635438252081,0.0,0.0,1.0,0.0,1.0,0.0,264.7990566877286,5380.0,0.0492191555181651,0.0117738264657699,2.027454248556678,0.0465363651210575,0.9779328898098666,132615.0,92588.66666666669,17584.0,0.69817642549234,0.1325943520717867,27846.0,4331.0,12644.0,16077.0,12825.0,153.0,2291.0,3019.0,15021.0,4178.0,10353.0,13058.0,0.460568842921784,0.5394311570782159,0.0353267143846686,0.9646732856153312,0.1811926605504587,0.8188073394495413,0.1877837905081794,0.8122162094918206
3,active,3,green,21,18-21,51.0,477.32,9.35921568627451,5239.76,5560.24,39.0,134.35282051282053,0.0858452153144468,0.0091722659453548,39.0,173.64,4.452307692307692,0.0312288678186553,0.0070140857229184,36.0,140.44,3.901111111111111,0.0252579025365811,0.0064745406673093,96,7456.04,77.66708333333334,1.3409565054745838,0.0172654417794915,6.0,9.56,1.5933333333333335,0.0017193502438743,0.0010790901112182,17.0,89.56,5.268235294117647,0.0161072183934506,0.0030574219817849,35.0,219.64,6.275428571428571,0.0395018920046616,0.0062946923154396,14.0,69.76,4.982857142857143,0.0125462210264305,0.0025178769261758,11.0,46.44,4.221818181818182,0.008352157460829,0.0019783318705667,58.0,357.68,6.166896551724138,0.0643281584967555,0.0104312044084428,5.0,12.56,2.512,0.0022588952994834,0.0008992417593485,3.4,4.0,0.85,1.0,1.0,1.0,0.0006114843963569,0.0007193934074788,0.0001798483518697,0.0001798483518697,0.7727272727272726,0.2272727272727272,0.8,0.2,159.9963225586108,3412.0,0.0468922399058062,0.0116276108532789,2.0384519877155887,0.0445925711287814,0.6136425765794282,131033.0,121814.66666666666,2736.0,0.9296487653237478,0.0208802362763578,7782.0,2930.0,7927.0,11984.0,2330.0,37.0,1101.0,3316.0,5452.0,2893.0,6826.0,8668.0,0.2994088923156001,0.7005911076843999,0.0126279863481228,0.9873720136518772,0.1388923930869181,0.8611076069130819,0.2767022696929239,0.7232977303070761
3,active,3,green,24,21-24,119.0,1865.56,15.676974789915963,1631.08,9168.92,77.0,21.18285714285714,0.2034656208146651,0.0129786277991301,66.0,363.84,5.512727272727273,0.0396818818355924,0.0071982305440553,64.0,284.6,4.446875,0.0310396426187599,0.0069801023457506,247,7066.84,28.610688259109313,0.7707385384538201,0.0269388324906313,18.0,45.44,2.5244444444444443,0.0049558726654829,0.0019631537847423,37.0,252.96,6.836756756756757,0.0275888545215794,0.004035371668637,88.0,1030.56,11.710909090909093,0.1123970980224497,0.0095976407254071,21.0,92.8,4.419047619047619,0.0101211484013384,0.0022903460821994,29.0,112.16,3.867586206896552,0.012232629360928,0.0031628588754182,126.0,525.4,4.169841269841269,0.0573022776946466,0.0137420764931965,11.0,25.92,2.3563636363636364,0.002826941450029,0.0011997050906758,15.4,14.0,1.1,2.4,3.0,0.7999999999999999,0.0016795871269462,0.0015268973881329,0.0002617538379656,0.000327192297457,0.8651685393258427,0.1348314606741573,0.8235294117647058,0.1764705882352941,381.4709724634986,9096.0,0.0419383215109387,0.0093608062423398,2.115126345923073,0.0394152553325137,0.9920470458898104,40854.0,26263.333333333332,4101.0,0.6428583084479692,0.100381847554707,32186.0,5174.0,16341.0,46758.0,12362.0,95.0,1423.0,10494.0,19824.0,5079.0,14918.0,36264.0,0.3840800347977381,0.6159199652022619,0.0183610359489756,0.9816389640510244,0.0870815739550823,0.9129184260449176,0.2244321827280893,0.7755678172719107
3,active,3,red,15,12-15,36.0,447.04,12.41777777777778,6288.08,4511.92,31.0,202.84129032258065,0.099079770917924,0.0079788648734906,34.0,212.44,6.248235294117647,0.0470841681590099,0.0075355946027411,15.0,94.44,6.296,0.0209312221847905,0.0033245270306211,83,9648.4,116.24578313253012,2.138424440149648,0.0183957162361034,7.0,22.12,3.16,0.0049025691944892,0.0015514459476231,29.0,659.8,22.75172413793103,0.1462348623202539,0.0064274189258674,22.0,833.96,37.907272727272726,0.1848348374971187,0.0048759729782442,12.0,74.64,6.22,0.0165428465043706,0.0026596216244968,10.0,118.52,11.852,0.0262681962446142,0.0022163513537474,60.0,281.28,4.688,0.062341530878207,0.0132981081224844,8.0,19.2,2.4,0.004255394599195,0.0017730810829979,1.8,2.0,0.9,1.0,1.0,1.0,0.0003989432436745,0.0004432702707494,0.0002216351353747,0.0002216351353747,0.6428571428571429,0.3571428571428571,0.6666666666666666,0.3333333333333333,104.36770026401044,4485.0,0.0232703902483858,0.0051748492658117,2.106240889163288,0.0229708456185762,0.994033582155712,157233.0,123322.0,6698.0,0.7843264454662824,0.0425991999135041,37395.0,4851.0,7721.0,11212.0,18358.0,174.0,1158.0,1395.0,19037.0,4677.0,6563.0,9817.0,0.4909212461559032,0.5090787538440968,0.0358688930117501,0.96413110698825,0.1499805724647066,0.8500194275352934,0.124420264002854,0.8755797359971459
3,active,3,red,18,15-18,56.0,678.6,12.117857142857144,5133.84,5666.16,29.0,177.02896551724135,0.119763649455716,0.0098832366188035,35.0,360.84,10.309714285714286,0.0636833410987335,0.0061770228867522,12.0,59.32,4.943333333333333,0.010469171361204,0.002117836418315,94,9256.84,98.47702127659576,1.6337060725429569,0.0165897186101345,7.0,18.56,2.6514285714285712,0.0032755869936606,0.0012354045773504,63.0,1241.04,19.69904761904762,0.2190266423821424,0.011118641196154,38.0,888.92,23.39263157894737,0.1568822624140511,0.0067064819913309,14.0,94.8,6.771428571428571,0.0167309077046888,0.0024708091547008,4.0,16.32,4.08,0.0028802575289084,0.0007059454727716,84.0,355.96,4.237619047619047,0.062822087621952,0.0148248549282053,12.0,27.48,2.29,0.0048498453979414,0.002117836418315,1.6,2.0,0.8,2.2,2.0,1.1,0.0002823781891086,0.0003529727363858,0.0003882700100244,0.0003529727363858,0.4210526315789473,0.5789473684210527,0.5,0.5,114.51130852731788,5636.0,0.0203178333086085,0.0048887860531069,2.0833302178726916,0.0196084086591922,0.9946771711353016,128375.0,90862.33333333331,11299.0,0.7077883803959752,0.0880155793573515,53350.0,2796.0,10551.0,17021.0,12879.0,34.0,889.0,2913.0,40471.0,2762.0,9662.0,14108.0,0.2414058106841612,0.7585941893158388,0.0121602288984263,0.9878397711015736,0.084257416358639,0.915742583641361,0.1711415310498795,0.8288584689501204
3,active,3,red,21,18-21,28.0,296.4,10.585714285714284,5937.4,4862.6,46.0,129.07391304347826,0.0609550446263315,0.0057582363344712,13.0,88.28,6.7907692307692304,0.0181548965573972,0.0026734668695759,4.0,17.6,4.4,0.0036194628388105,0.0008226051906387,48,8072.56,168.17833333333334,1.6601324394356929,0.009871262287665,2.0,2.8,1.4,0.0005758236334471,0.0004113025953193,8.0,184.72,23.09,0.0379879077036976,0.0016452103812775,18.0,360.88,20.04888888888889,0.0742154402994282,0.0037017233578743,5.0,23.52,4.704,0.0048369185209558,0.0010282564882984,6.0,37.56,6.260000000000001,0.0077242627400978,0.0012339077859581,38.0,161.4,4.247368421052632,0.0331921194422736,0.0078147493110681,6.0,16.68,2.78,0.0034302636449635,0.0012339077859581,1.8,2.0,0.9,0.0,0.0,0.0,0.0003701723357874,0.0004113025953193,0.0,0.0,1.0,0.0,1.0,0.0,72.33279653393855,2700.0,0.0267899246421994,0.007032429682732,2.1306910353897774,0.0254081190610087,0.5552585036811581,148481.0,125281.0,8235.0,0.8437510523231929,0.0554616415568321,13666.0,1538.0,2664.0,7438.0,2330.0,39.0,716.0,1328.0,11336.0,1499.0,1948.0,6110.0,0.1704961217620371,0.8295038782379628,0.0253576072821846,0.9746423927178154,0.2687687687687687,0.7312312312312312,0.1785426189835977,0.8214573810164023
3,active,3,red,24,21-24,69.0,1069.28,15.496811594202898,2203.68,8596.32,132.0,16.69454545454545,0.124388110261135,0.0080266904908146,19.0,120.56,6.345263157894737,0.014024605877864,0.0022102481061663,8.0,45.88,5.735,0.0053371675321532,0.0009306307815437,152,8648.76,56.89973684210526,1.0061002847730192,0.0176819848493308,5.0,12.28,2.456,0.0014285182496696,0.0005816442384648,54.0,1070.88,19.831111111111113,0.1245742364174437,0.0062817577754201,28.0,409.72,14.632857142857144,0.0476622554767621,0.003257207735403,12.0,100.36,8.363333333333333,0.011674763154466,0.0013959461723155,15.0,71.08,4.738666666666666,0.008268654494016,0.0017449327153944,125.0,704.12,5.63296,0.0819094682375714,0.0145411059616207,25.0,58.8,2.352,0.0068401362443464,0.0029082211923241,6.0,5.0,1.2,5.2,5.0,1.04,0.0006979730861577,0.0005816442384648,0.0006049100080034,0.0005816442384648,0.5357142857142857,0.4642857142857143,0.5,0.5,218.39016656289516,8461.0,0.0258113895004012,0.0064480506914635,2.052564442774728,0.0230497209176953,0.984258380330188,55224.0,28932.333333333332,11466.0,0.5239086870442803,0.2076271186440678,37097.0,4313.0,4188.0,26801.0,13139.0,107.0,372.0,6547.0,23958.0,4206.0,3816.0,20254.0,0.3541795832547106,0.6458204167452893,0.0248087178298168,0.9751912821701832,0.0888252148997134,0.9111747851002864,0.2442819297787396,0.7557180702212604
3,active,3,yellow,15,12-15,62.0,407.56,6.573548387096774,6204.76,4595.24,80.0,77.5595,0.0886917767080718,0.0134922223866435,33.0,163.04,4.9406060606060604,0.0354801925470704,0.007181344173536,30.0,172.92,5.763999999999999,0.0376302434693291,0.0065284947032146,121,9826.4,81.2099173553719,2.1383866783889416,0.0263315953029656,13.0,40.84,3.141538461538462,0.0088874574559761,0.002829014371393,53.0,478.24,9.023396226415096,0.1040729102288455,0.0115336739756791,74.0,457.44,6.1816216216216215,0.0995464872346166,0.0161036202679294,5.0,50.2,10.04,0.0109243478033791,0.0010880824505357,11.0,89.64,8.149090909090908,0.0195071421732053,0.0023937813911786,25.0,114.0,4.56,0.0248082798722155,0.0054404122526788,1.0,2.04,2.04,0.0004439376398185,0.0002176164901071,0.0,0.0,0.0,2.4,3.0,0.7999999999999999,0.0,0.0,0.0005222795762571,0.0006528494703214,0.0,1.0,0.0,1.0,188.36406084321797,4524.0,0.0416366182235229,0.0106830069023459,2.184841329448371,0.0395626015668836,0.9844970012447664,155199.0,117131.33333333331,18460.0,0.7547170621803835,0.1189440653612458,23519.0,3512.0,8462.0,10251.0,11265.0,273.0,1706.0,1989.0,12254.0,3239.0,6756.0,8262.0,0.4789744461924402,0.5210255538075599,0.0777334851936218,0.922266514806378,0.2016071850626329,0.798392814937367,0.1940298507462686,0.8059701492537313
3,active,3,yellow,18,15-18,55.0,285.4,5.1890909090909085,5860.92,4939.08,97.0,60.42185567010309,0.0577840407525288,0.0111356770896604,37.0,239.52,6.473513513513514,0.0484948613911902,0.0074912736784988,27.0,124.64,4.616296296296296,0.0252354689537322,0.0054666051167423,105,10002.12,95.25828571428572,2.025097791491533,0.0212590198984426,13.0,31.0,2.3846153846153846,0.0062764725414449,0.0026320691302833,77.0,772.8,10.036363636363635,0.1564663864525377,0.0155899479255245,105.0,646.32,6.155428571428572,0.1308583784834422,0.0212590198984426,14.0,114.28,8.162857142857144,0.0231379123237526,0.002834535986459,2.0,28.56,14.28,0.0057824534123763,0.0004049337123512,49.0,190.52,3.8881632653061224,0.0385739854385837,0.0099208759526065,,,,,,0.0,0.0,0.0,2.4,3.0,0.7999999999999999,0.0,0.0,0.0004859204548215,0.0006074005685269,0.0,1.0,0.0,1.0,168.98374264451817,4850.0,0.0348420087926841,0.0079916062284093,2.175612957009391,0.0327722345203726,0.9819642524518736,146620.0,99672.0,17020.0,0.6797981175828671,0.1160823898513163,35660.0,3587.0,9168.0,7190.0,18663.0,187.0,1835.0,1649.0,16997.0,3400.0,7333.0,5541.0,0.5233595064498037,0.4766404935501963,0.0521327014218009,0.9478672985781992,0.200152705061082,0.7998472949389179,0.229346314325452,0.770653685674548
3,active,3,yellow,21,18-21,27.0,142.96,5.294814814814815,6470.72,4329.28,68.0,95.15764705882351,0.0330216571808707,0.0062366028531303,8.0,40.32,5.04,0.0093133269273412,0.0018478823268534,12.0,49.96,4.163333333333333,0.0115400251311996,0.0027718234902801,42,8349.12,198.78857142857143,1.9285239115973096,0.0097013822159804,3.0,7.04,2.3466666666666667,0.001626136447631,0.00069295587257,8.0,24.2,3.025,0.0055898440387316,0.0018478823268534,41.0,393.0,9.585365853658535,0.0907772193066745,0.0094703969251238,2.0,16.04,8.02,0.0037050040653411,0.0004619705817133,4.0,36.32,9.08,0.0083893857639145,0.0009239411634267,22.0,80.28,3.649090909090909,0.0185434991499741,0.0050816763988469,,,,,,0.0,0.0,0.0,1.6,2.0,0.8,0.0,0.0,0.0003695764653706,0.0004619705817133,0.0,1.0,0.0,1.0,95.93443658097029,2145.0,0.0447246790587274,0.0108361652358248,2.145636795345285,0.0397669622955197,0.4954634488875749,161836.0,132828.66666666666,9708.0,0.8207609349382502,0.0599866531550458,10479.0,1315.0,2277.0,3601.0,4973.0,76.0,719.0,2278.0,5506.0,1239.0,1558.0,1323.0,0.4745681839870216,0.5254318160129784,0.0577946768060836,0.9422053231939164,0.3157663592446201,0.6842336407553798,0.6326020549847264,0.3673979450152735
3,active,3,yellow,24,21-24,87.0,538.08,6.184827586206897,4681.16,6118.84,107.0,43.74915887850467,0.087938236659236,0.0142183812618077,29.0,189.52,6.535172413793104,0.0309731909969863,0.0047394604206025,29.0,133.52,4.604137931034483,0.021821129495133,0.0047394604206025,119,9863.84,82.88941176470588,1.612044112936439,0.0194481306914382,7.0,27.72,3.96,0.0045302704434173,0.0011440076877316,21.0,372.8,17.752380952380953,0.0609265808551947,0.0034320230631949,100.0,1032.08,10.320799999999998,0.1686724934791561,0.0163429669675951,6.0,70.88,11.813333333333333,0.0115838949866314,0.0009805780180557,8.0,63.56,7.945,0.0103875898046034,0.0013074373574076,57.0,303.36,5.322105263157895,0.0495780245928966,0.0093154911715292,4.0,9.12,2.28,0.0014904785874446,0.0006537186787038,1.6,2.0,0.8,11.0,12.0,0.9166666666666666,0.0002614874714815,0.0003268593393519,0.0017977263664354,0.0019611560361114,0.126984126984127,0.873015873015873,0.1428571428571428,0.8571428571428571,199.93090314353012,6019.0,0.0332166311918142,0.007550176711465,2.172033756952239,0.0294231147682334,0.9836831817795528,117136.0,49605.0,25210.0,0.4234821062696353,0.2152199153121158,35243.0,3375.0,8134.0,13539.0,11345.0,372.0,996.0,7821.0,23898.0,3003.0,7138.0,5718.0,0.3219078966035809,0.6780921033964191,0.1102222222222222,0.8897777777777778,0.1224489795918367,0.8775510204081632,0.5776645247064037,0.4223354752935963
3,active,4,blue,15,12-15,47.0,317.44,6.754042553191489,6164.88,4635.12,64.0,96.32625,0.06848582129481,0.0101399748010838,57.0,229.44,4.025263157894737,0.0495003365608657,0.012297416248123,47.0,194.8,4.14468085106383,0.0420269593883222,0.0101399748010838,143,9565.64,66.8925874125874,2.0637308203455356,0.0308514126926595,23.0,45.16,1.9634782608695651,0.0097430055748287,0.0049621153281899,59.0,459.04,7.780338983050847,0.0990351921848841,0.0127289045375308,67.0,542.12,8.09134328358209,0.1169592157268851,0.0144548576951621,28.0,167.12,5.968571428571429,0.0360551614629179,0.0060408360517095,42.0,195.88,4.663809523809523,0.0422599630646024,0.0090612540775643,72.0,342.28,4.753888888888889,0.0738449058492552,0.0155335784186817,1.0,2.24,2.24,0.0004832668841367,0.0002157441447039,12.8,14.0,0.9142857142857144,0.0,0.0,0.0,0.00276152505221,0.0030204180258547,0.0,0.0,1.0,0.0,1.0,0.0,230.26541052522893,4565.0,0.0504414919003787,0.014590103857817,2.059202100001732,0.0463660100754456,0.9848720205733617,154186.0,106606.66666666666,21969.0,0.6914159953994958,0.1424837533887642,25155.0,9145.0,10710.0,7983.0,11719.0,936.0,3144.0,2290.0,13436.0,8209.0,7566.0,5693.0,0.4658715961041542,0.5341284038958457,0.1023510114816839,0.897648988518316,0.2935574229691877,0.7064425770308124,0.2868595766002756,0.7131404233997244
3,active,4,blue,18,15-18,59.0,574.2,9.73220338983051,3943.96,6856.04,116.0,33.999655172413796,0.0837509699476665,0.0086055507260751,59.0,277.52,4.703728813559322,0.0404781769067858,0.0086055507260751,54.0,205.12,3.7985185185185184,0.0299181451683479,0.0078762667662382,161,9064.48,56.30111801242236,1.322115973652429,0.0234829435067473,27.0,62.96,2.331851851851852,0.0091831436222659,0.0039381333831191,48.0,414.76,8.640833333333333,0.0604955630363883,0.0070011260144339,51.0,628.04,12.314509803921569,0.09160389962719,0.0074386963903361,25.0,192.84,7.7136,0.0281270237629885,0.0036464197991843,39.0,238.48,6.114871794871795,0.0347839277483795,0.0056884148867276,109.0,498.84,4.57651376146789,0.0727592021050052,0.0158983903244438,5.0,11.4,2.28,0.001662767428428,0.0007292839598368,4.8,5.0,0.96,4.8,5.0,0.96,0.0007001126014433,0.0007292839598368,0.0007001126014433,0.0007292839598368,0.5,0.5,0.5,0.5,264.96975959881837,6738.0,0.0393246897593972,0.0093329380157269,2.082000345333087,0.0375285187624722,0.9827830642761712,98715.0,52484.666666666664,28413.0,0.531678738455824,0.287828597477587,26169.0,10847.0,12179.0,14414.0,11961.0,592.0,2781.0,4747.0,14208.0,10255.0,9398.0,9667.0,0.4570675226412931,0.5429324773587069,0.0545773024799483,0.9454226975200516,0.2283438705969291,0.7716561294030708,0.3293325933120577,0.6706674066879422
3,active,4,blue,21,18-21,20.0,253.0,12.65,8456.92,2343.08,55.0,153.76218181818183,0.1079775338443416,0.0085357734264301,14.0,85.88,6.134285714285714,0.0366526110930911,0.0059750413985011,18.0,67.88,3.771111111111111,0.0289704150093039,0.0076821960837871,60,10137.4,168.95666666666665,4.326527476654659,0.0256073202792905,5.0,9.64,1.928,0.0041142427915393,0.0021339433566075,17.0,321.04,18.884705882352943,0.1370162350410571,0.0072554074124656,18.0,87.04,4.835555555555556,0.0371476859518241,0.0076821960837871,7.0,39.72,5.674285714285714,0.0169520460248903,0.0029875206992505,12.0,85.2,7.1000000000000005,0.0363623947965925,0.0051214640558581,31.0,116.56,3.76,0.049746487529235,0.0132304488109667,1.0,1.96,1.96,0.0008365057957901,0.0004267886713215,1.6,2.0,0.8,2.6,3.0,0.8666666666666667,0.0006828618741144,0.000853577342643,0.0011096505454359,0.0012803660139645,0.3809523809523809,0.6190476190476191,0.4,0.6,79.73121282201471,2292.0,0.0347867420689418,0.0080356257797915,2.10287182084398,0.0310622212606618,0.9781996346688974,211478.0,169631.3333333333,17995.0,0.8021228370484557,0.0850915934518011,10237.0,3142.0,3876.0,6345.0,7648.0,618.0,629.0,954.0,2589.0,2524.0,3247.0,5391.0,0.7470938751587379,0.252906124841262,0.1966900063653723,0.8033099936346276,0.1622807017543859,0.8377192982456141,0.150354609929078,0.849645390070922
3,active,4,blue,24,21-24,38.0,407.04,10.71157894736842,7307.92,3492.08,64.0,114.18625,0.1165609035302742,0.010881766740739,27.0,101.28,3.7511111111111113,0.029002771986896,0.0077317816315777,22.0,121.88,5.54,0.0349018350095072,0.0062999702183226,91,9795.32,107.64087912087912,2.8050101944972625,0.0260589677212435,15.0,33.12,2.2079999999999997,0.009484318801402,0.0042954342397654,53.0,616.48,11.631698113207548,0.1765366200087054,0.0151772009805044,19.0,154.48,8.130526315789472,0.0442372454239307,0.0054408833703695,11.0,74.12,6.738181818181818,0.0212251723900941,0.0031499851091613,15.0,68.12,4.541333333333333,0.0195069986941879,0.0042954342397654,61.0,260.12,4.264262295081967,0.0744885569631852,0.0174680992417126,3.0,6.48,2.16,0.0018556275915786,0.000859086847953,,,,,,,,,,,,,,,142.51433893143013,3425.0,0.041610025965381,0.0088946296776765,2.0669280250965647,0.0388653359564981,0.9807908180797692,182762.0,160813.33333333334,9345.0,0.8799057426233754,0.0511320734069445,19346.0,3582.0,5628.0,10214.0,7146.0,184.0,1094.0,2073.0,12200.0,3398.0,4534.0,8141.0,0.3693786829318722,0.6306213170681277,0.0513679508654383,0.9486320491345616,0.1943852167732764,0.8056147832267235,0.2029567260622674,0.7970432739377326
3,active,4,green,15,12-15,92.0,793.88,8.629130434782608,4357.48,6442.52,123.0,35.42666666666666,0.123225073418476,0.0142801264101624,31.0,193.48,6.241290322580645,0.030031726715633,0.0048117817251634,66.0,616.88,9.346666666666666,0.095751351955446,0.0102444385116383,168,9021.36,53.698571428571434,1.4002843607780806,0.0260767525750793,19.0,76.08,4.00421052631579,0.011809043666143,0.0029491565412292,37.0,486.56,13.150270270270273,0.0755232424579201,0.0057430943171305,136.0,1948.92,14.33029411764706,0.3025089561227594,0.021109752084588,19.0,111.08,5.846315789473684,0.0172417004526179,0.0029491565412292,24.0,93.2,3.8833333333333337,0.0144663889285559,0.0037252503678684,74.0,289.64,3.914054054054054,0.0449575631895593,0.0114861886342611,2.0,4.08,2.04,0.0006332925625376,0.0003104375306557,4.0,5.0,0.8,4.4,5.0,0.8800000000000001,0.0006208750613114,0.0007760938266392,0.0006829625674425,0.0007760938266392,0.4761904761904761,0.5238095238095238,0.5,0.5,261.7759015711281,6340.0,0.0412895743803041,0.0094552458748418,2.1954961965804727,0.0383089838497985,0.9840869721785884,109060.0,92946.66666666666,5764.0,0.8522525826762026,0.0528516412983678,61060.0,5150.0,20356.0,19939.0,14701.0,825.0,6026.0,3233.0,46359.0,4325.0,14330.0,16706.0,0.2407631837536849,0.7592368162463151,0.1601941747572815,0.8398058252427184,0.296030654352525,0.7039693456474749,0.1621445408495912,0.8378554591504087
3,active,4,green,18,15-18,107.0,1101.04,10.290093457943923,2357.64,8442.36,97.0,24.30556701030928,0.130418508568694,0.0126741811531372,30.0,265.4,8.846666666666666,0.0314367072714264,0.0035535087345244,68.0,541.84,7.968235294117648,0.0641811057571579,0.0080546197982554,207,8228.24,39.749951690821256,0.9746374236587872,0.0245192102682188,16.0,55.4,3.4625,0.0065621461297551,0.001895204658413,28.0,242.44,8.65857142857143,0.0287170885866037,0.0033166081522228,133.0,2148.36,16.153082706766916,0.2544738674967663,0.0157538887230584,21.0,149.68,7.1276190476190475,0.017729639579454,0.0024874561141671,22.0,61.56,2.7981818181818183,0.0072917999232442,0.0026059064053179,90.0,362.32,4.025777777777778,0.0429169094897635,0.0106605262035734,10.0,25.92,2.592,0.0030702315466291,0.0011845029115081,4.6,5.0,0.92,2.6,3.0,0.8666666666666667,0.0005448713392937,0.000592251455754,0.0003079707569921,0.0003553508734524,0.638888888888889,0.3611111111111111,0.625,0.375,321.09653359997566,8361.0,0.0384040824781695,0.0094325275619712,2.1814611394169883,0.0355528193756957,0.9903628843119696,59038.0,43079.33333333333,5965.0,0.7296882234041351,0.1010366204817236,59931.0,5324.0,20279.0,27633.0,17789.0,171.0,5036.0,5474.0,42142.0,5153.0,15243.0,22159.0,0.2968246817173082,0.7031753182826918,0.0321187077385424,0.9678812922614576,0.2483357167513191,0.751664283248681,0.1980964788477545,0.8019035211522455
3,active,4,green,21,18-21,49.0,411.28,8.393469387755102,6524.84,4275.16,103.0,63.347961165048545,0.0962022474012668,0.0114615593334518,18.0,124.88,6.937777777777778,0.0292106026441115,0.0042103687347374,33.0,155.28,4.705454545454545,0.0363214476183347,0.0077190093470185,103,9588.92,93.09631067961163,2.242938275994349,0.024092665537664,8.0,14.4,1.8,0.0033682949877899,0.0018712749932166,17.0,228.24,13.425882352941176,0.0533874755564704,0.0039764593605853,32.0,1293.8,40.43125,0.3026319482779592,0.0074850999728665,6.0,68.0,11.333333333333334,0.0159058374423413,0.0014034562449124,8.0,40.76,5.095,0.0095341460904387,0.0018712749932166,62.0,263.32,4.247096774193548,0.0615930164017253,0.0145023811974288,3.0,7.36,2.4533333333333336,0.0017215729937592,0.0007017281224562,1.8,2.0,0.9,0.0,0.0,0.0,0.0004210368734737,0.0004678187483041,0.0,0.0,1.0,0.0,1.0,0.0,160.80399458951698,4184.0,0.0384330771007449,0.0079272332310311,2.175241944837806,0.0332632019681945,0.9786768214522964,163224.0,152171.66666666666,5152.0,0.9322873270270712,0.0315639856883791,38100.0,2733.0,7055.0,10331.0,4320.0,251.0,932.0,2667.0,33780.0,2482.0,6123.0,7664.0,0.1133858267716535,0.8866141732283465,0.0918404683497987,0.9081595316502012,0.1321048901488306,0.8678951098511694,0.2581550672732552,0.7418449327267448
3,active,4,green,24,21-24,64.0,487.8,7.621875,6986.48,3813.52,85.0,82.19388235294117,0.127913318928444,0.0167823952673645,16.0,100.72,6.295,0.0264112945520149,0.0041955988168411,37.0,294.64,7.963243243243243,0.0772619522121294,0.0097023222639451,102,9660.92,94.71490196078432,2.533334032599803,0.0267469424573622,16.0,59.92,3.745,0.01571251756907,0.0041955988168411,28.0,262.08,9.36,0.0687239086198577,0.0073422979294719,48.0,807.72,16.8275,0.2118043172711825,0.0125867964505234,15.0,80.04,5.336,0.0209884830812477,0.0039333738907885,12.0,23.2,1.9333333333333331,0.0060836182844196,0.0031466991126308,39.0,167.4,4.292307692307692,0.0438964526212003,0.0102267721160502,1.0,1.96,1.96,0.000513960855063,0.0002622249260525,3.6,4.0,0.9,0.0,0.0,0.0,0.0009440097337892,0.0010488997042102,0.0,0.0,1.0,0.0,1.0,0.0,145.20150471709866,3743.0,0.038792814511648,0.0104840974773138,2.1462777090187037,0.0370208756170156,0.9815078982147728,174747.0,160830.66666666666,3226.0,0.9203629628357948,0.0184609750095852,26821.0,2608.0,9937.0,12259.0,14115.0,113.0,2631.0,3005.0,12706.0,2495.0,7306.0,9254.0,0.5262667312926438,0.4737332687073561,0.0433282208588957,0.9566717791411042,0.2647680386434538,0.7352319613565462,0.2451260298556163,0.7548739701443837
3,active,4,red,15,12-15,30.0,249.04,8.301333333333334,6939.24,3860.76,42.0,165.22,0.0645054341632217,0.0077704907841979,21.0,139.36,6.636190476190476,0.0360965198561941,0.0054393435489385,53.0,316.2,5.966037735849056,0.0819009728654461,0.013727867052083,98,9964.12,101.67469387755102,2.5808700877547426,0.0253836032283799,8.0,11.4,1.425,0.0029527864979952,0.0020721308757861,29.0,410.12,14.14206896551724,0.1062277893471751,0.0075114744247246,56.0,1052.44,18.79357142857143,0.2725991773640423,0.0145049161305028,15.0,129.72,8.648,0.0335996021508718,0.0038852453920989,20.0,73.72,3.686,0.019094686020369,0.0051803271894652,54.0,207.2,3.837037037037037,0.0536681896828603,0.0139868834115562,5.0,10.44,2.088,0.0027041307929008,0.0012950817973663,0.0,0.0,0.0,3.0,3.0,1.0,0.0,0.0,0.0007770490784197,0.0007770490784197,0.0,1.0,0.0,1.0,120.69463629329256,3812.0,0.0316617618817661,0.0081166641709564,2.0999093056784255,0.0293410636484292,0.9873703623120836,173523.0,110563.33333333331,32018.0,0.6371681755924766,0.1845173262334099,36649.0,5121.0,11463.0,6256.0,13792.0,729.0,3147.0,1134.0,22857.0,4392.0,8316.0,5122.0,0.3763267756282572,0.6236732243717428,0.1423550087873462,0.8576449912126538,0.2745354619209631,0.7254645380790369,0.1812659846547314,0.8187340153452686
3,active,4,red,18,15-18,66.0,864.2,13.093939393939394,3611.0,7189.0,96.0,37.614583333333336,0.1202114341354847,0.0091806927249965,29.0,151.52,5.224827586206897,0.0210766448741132,0.0040339407428015,49.0,347.28,7.08734693877551,0.0483071359020726,0.0068159688412852,169,8848.48,52.357869822485206,1.2308359994435942,0.023508137432188,3.0,9.44,3.1466666666666665,0.0013131172624843,0.0004173042147725,39.0,650.48,16.678974358974358,0.0904826818750869,0.0054249547920434,60.0,1731.64,28.860666666666667,0.2408735568229239,0.0083460842954513,19.0,177.64,9.349473684210526,0.024709973570733,0.0026429266935596,15.0,88.92,5.928,0.0123688969258589,0.0020865210738628,128.0,556.92,4.3509375,0.0774683544303797,0.0178049798302962,4.0,9.44,2.36,0.0013131172624843,0.0005564056196967,2.6,3.0,0.8666666666666667,1.6,2.0,0.8,0.0003616636528028,0.0004173042147725,0.0002225622478787,0.0002782028098483,0.6190476190476191,0.3809523809523809,0.6,0.4,212.30989936822965,7097.0,0.0299154430559714,0.0074649661940933,2.1184815649456445,0.0267860385033922,0.9872026707469744,90371.0,48955.666666666664,28962.0,0.5417187667135106,0.3204789146960861,59652.0,6698.0,12548.0,21671.0,23669.0,544.0,3824.0,5578.0,35983.0,6154.0,8724.0,16093.0,0.3967846845034534,0.6032153154965466,0.0812182741116751,0.9187817258883249,0.3047497609180746,0.6952502390819254,0.2573946749111716,0.7426053250888284
3,active,4,red,21,18-21,19.0,233.84,12.307368421052631,8173.8,2626.2,89.0,91.84044943820226,0.0890412002132358,0.0072347879064808,10.0,56.16,5.616,0.0213845099383139,0.0038077831086741,14.0,86.56,6.182857142857143,0.0329601705886832,0.0053308963521437,61,10131.56,166.0911475409836,3.857878303251846,0.0232274769629121,2.0,7.32,3.66,0.0027872972355494,0.0007615566217348,4.0,53.76,13.44,0.0204706419922321,0.0015231132434696,19.0,589.92,31.04842105263158,0.2246287411469042,0.0072347879064808,10.0,53.84,5.384,0.0205011042571015,0.0038077831086741,4.0,56.8,14.2,0.021628208057269,0.0015231132434696,38.0,151.4,3.9842105263157896,0.0576498362653263,0.0144695758129616,3.0,6.52,2.1733333333333333,0.0024826745868555,0.0011423349326022,0.8,1.0,0.8,2.4,3.0,0.7999999999999999,0.0003046226486939,0.0003807783108674,0.0009138679460817,0.0011423349326022,0.25,0.7499999999999999,0.25,0.75,89.78639292805556,2537.0,0.0353907737201638,0.0109249087766838,2.1507635711919866,0.0326209146500316,0.9660345746706268,204434.0,167407.3333333333,15401.0,0.8188820515830699,0.0753348268878953,16115.0,2780.0,3592.0,5865.0,1463.0,209.0,517.0,1316.0,14652.0,2571.0,3075.0,4549.0,0.0907849829351535,0.9092150170648464,0.0751798561151079,0.924820143884892,0.1439309576837416,0.8560690423162584,0.2243819266837169,0.7756180733162831
3,active,4,red,24,21-24,29.0,299.64,10.332413793103449,7980.12,2819.88,42.0,190.00285714285715,0.1062598408442912,0.0102841255656269,12.0,67.72,5.6433333333333335,0.0240152063208363,0.0042555002340525,23.0,102.48,4.455652173913044,0.0363419719988084,0.0081563754486006,55,10175.56,185.01018181818185,3.608508163467949,0.0195043760727406,2.0,8.2,4.1,0.0029079251599358,0.0007092500390087,44.0,652.44,14.82818181818182,0.2313715477254351,0.0156035008581925,22.0,312.64,14.210909090909093,0.1108699660978481,0.0078017504290962,13.0,109.6,8.430769230769231,0.0388669021376796,0.0046101252535568,7.0,19.08,2.7257142857142855,0.0067662453721434,0.0024823751365306,44.0,173.6,3.9454545454545458,0.0615629033859596,0.0156035008581925,2.0,6.44,3.22,0.0022837851256081,0.0007092500390087,,,,,,,,,,,,,,,73.23365974931966,2774.0,0.0264000215390481,0.0064121516056031,2.127563188381767,0.0242936064008419,0.9837298041051392,199545.0,166427.6666666667,16786.0,0.8340357646980214,0.0841213761306973,24193.0,3237.0,4290.0,7520.0,11929.0,189.0,724.0,1322.0,12264.0,3048.0,3566.0,6198.0,0.4930765097342206,0.5069234902657793,0.0583873957367933,0.9416126042632068,0.1687645687645687,0.8312354312354312,0.1757978723404255,0.8242021276595745
3,active,4,yellow,15,12-15,59.0,521.6,8.840677966101696,5021.2,5778.8,68.0,73.84117647058824,0.0902609538312452,0.0102097321243164,34.0,178.08,5.23764705882353,0.0308160863847165,0.0058835744445213,99.0,716.08,7.233131313131314,0.1239149996539073,0.0171315844119886,206,8758.0,42.51456310679612,1.515539558385824,0.0356475392815117,20.0,56.72,2.836,0.0098151865439191,0.003460926143836,17.0,191.12,11.24235294117647,0.0330726102304976,0.0029417872222606,77.0,869.96,11.29818181818182,0.1505433654045822,0.0133245656537689,14.0,55.4,3.957142857142857,0.0095867654184259,0.0024226483006852,51.0,344.28,6.750588235294117,0.0595763826399944,0.008825361666782,58.0,180.68,3.1151724137931036,0.0312660067834152,0.0100366858171246,2.0,4.2,2.1,0.0007267944902055,0.0003460926143836,0.8,1.0,0.8,10.2,12.0,0.85,0.0001384370457534,0.0001730463071918,0.0017650723333564,0.0020765556863016,0.0727272727272727,0.9272727272727272,0.0769230769230769,0.9230769230769232,209.2670539822235,5684.0,0.0368168638251624,0.0104960977393784,2.2015895499942864,0.0353020379459501,0.9835952100782168,125598.0,100425.33333333331,7582.0,0.7995774879642457,0.0603672032994156,26621.0,10057.0,22487.0,13099.0,5936.0,1118.0,5543.0,1513.0,20685.0,8939.0,16944.0,11586.0,0.2229818564291349,0.7770181435708651,0.1111663517947698,0.8888336482052301,0.2464979766087072,0.7535020233912928,0.1155050003817085,0.8844949996182915
3,active,4,yellow,18,15-18,87.0,744.2,8.554022988505748,3139.2,7660.8,99.0,31.709090909090907,0.0971439014202172,0.0113565162907268,35.0,282.04,8.058285714285715,0.0368159983291562,0.0045687134502923,79.0,674.16,8.53367088607595,0.088001253132832,0.0103122389306599,191,8475.24,44.37298429319372,1.106312656641604,0.0249321219715956,17.0,48.72,2.8658823529411763,0.006359649122807,0.002219089390142,36.0,485.2,13.477777777777778,0.0633354218880534,0.0046992481203007,134.0,1444.24,10.777910447761194,0.1885233918128654,0.0174916457811194,11.0,41.92,3.810909090909091,0.0054720133667502,0.0014358813700918,46.0,264.6,5.752173913043479,0.0345394736842105,0.0060045948203842,80.0,277.48,3.4685,0.0362207602339181,0.0104427736006683,3.0,7.96,2.6533333333333333,0.0010390559732664,0.000391604010025,0.8,1.0,0.8,3.8,4.0,0.95,0.0001044277360066,0.0001305346700083,0.0004960317460317,0.0005221386800334,0.1739130434782609,0.8260869565217391,0.2,0.8,209.8349323732371,7566.0,0.0277339323781703,0.0079691901086811,2.1952633399607984,0.027650982231478,0.987625313283208,78579.0,51872.33333333333,10585.0,0.6601297208329621,0.1347052011351633,48406.0,7720.0,24019.0,18692.0,22174.0,287.0,4912.0,5127.0,26232.0,7433.0,19107.0,13565.0,0.4580837086311614,0.5419162913688386,0.0371761658031088,0.9628238341968912,0.2045047670594113,0.7954952329405887,0.2742884656537556,0.7257115343462444
3,active,4,yellow,21,18-21,28.0,326.2,11.65,6954.48,3845.52,73.0,95.26684931506848,0.0848259793213921,0.0072811999417504,16.0,123.6,7.725,0.0321412968857267,0.0041606856810002,32.0,241.76,7.555,0.0628679606399134,0.0083213713620004,85,9754.68,114.7609411764706,2.5366348374212073,0.0221036426803137,5.0,17.28,3.4560000000000004,0.0044935405354802,0.0013002142753125,2.0,3.12,1.56,0.000811333707795,0.000520085710125,52.0,1112.04,21.385384615384616,0.2891780565437184,0.0135222284632507,2.0,8.56,4.28,0.0022259668393351,0.000520085710125,14.0,112.84,8.06,0.0293432357652541,0.0036405999708752,57.0,261.28,4.5838596491228065,0.0679439971707337,0.0148224427385633,5.0,11.44,2.288,0.0029748902619151,0.0013002142753125,0.8,1.0,0.8,0.0,0.0,0.0,0.00020803428405,0.0002600428550625,0.0,0.0,1.0,0.0,1.0,0.0,96.78202181234512,3778.0,0.0256172635818806,0.0068956301258906,2.2250463057340695,0.0251431497263461,0.982441906426179,173935.0,160722.3333333333,2764.0,0.924036757026092,0.0158909937620375,27933.0,3051.0,9182.0,8183.0,11063.0,478.0,962.0,1531.0,16870.0,2573.0,8220.0,6652.0,0.3960548455232163,0.6039451544767838,0.1566699442805637,0.8433300557194362,0.1047702025702461,0.8952297974297538,0.1870951973603812,0.8129048026396187
3,active,4,yellow,24,21-24,49.0,441.4,9.008163265306122,6880.72,3919.28,75.0,91.74293333333334,0.1126227266232573,0.0125022963401441,33.0,192.72,5.84,0.0491722969525014,0.0084199138617297,55.0,246.56,4.482909090909091,0.0629095139923659,0.0140331897695495,104,9655.48,92.84115384615384,2.4635851482925433,0.0265354861096936,14.0,31.48,2.2485714285714287,0.0080320875262803,0.0035720846686126,27.0,353.64,13.097777777777775,0.0902308587291543,0.0068890204323243,40.0,302.88,7.572,0.0772795003163846,0.010205956196036,10.0,66.92,6.692,0.0170745647159682,0.002551489049009,17.0,66.32,3.901176470588235,0.0169214753730276,0.0043375313833153,41.0,259.8,6.336585365853659,0.0662876854932538,0.0104611051009369,3.0,6.24,2.08,0.0015921291665816,0.0007654467147027,0.0,0.0,0.0,3.6,4.0,0.9,0.0,0.0,0.0009185360576432,0.0010205956196036,0.0,1.0,0.0,1.0,147.64127083320565,3850.0,0.0383483820345988,0.009704560912046,2.09819484039657,0.0377404569101159,0.9823232838684656,172093.0,157117.6666666667,6116.0,0.9129811594118684,0.0355389237214761,16480.0,3358.0,11070.0,11084.0,2468.0,0.0,2013.0,1812.0,14012.0,3358.0,9057.0,9272.0,0.149757281553398,0.8502427184466019,0.0,1.0,0.1818428184281842,0.8181571815718157,0.1634788884879105,0.8365211115120895
3,active,5,blue,15,12-15,40.0,218.8,5.470000000000001,6524.88,4275.12,68.0,95.95411764705882,0.0511798499223413,0.0093564625086547,24.0,115.16,4.798333333333333,0.0269372555624169,0.0056138775051928,45.0,244.32,5.429333333333333,0.057149273002863,0.0105260203222365,113,9909.08,87.69097345132744,2.3178483878815097,0.0264320065869496,5.0,10.16,2.032,0.0023765414771983,0.0011695578135818,12.0,90.48,7.54,0.0211643181945769,0.0028069387525964,96.0,851.12,8.865833333333333,0.1990868092591553,0.0224555100207713,9.0,60.48,6.72,0.0141469713130859,0.0021052040644473,24.0,128.32,5.346666666666667,0.0300155317277643,0.0056138775051928,47.0,188.12,4.002553191489362,0.0440034431782031,0.0109938434476693,2.0,4.2,2.1,0.0009824285634087,0.0004678231254327,2.2,2.0,1.1,1.0,1.0,1.0,0.000514605437976,0.0004678231254327,0.0002339115627163,0.0002339115627163,0.6875,0.3125,0.6666666666666666,0.3333333333333333,143.86456197200377,4092.0,0.0351575175884662,0.0077501902747408,2.111625867821737,0.0327062015145917,0.9571661146353788,163190.0,132012.0,13328.0,0.8089466266315338,0.0816716710582756,23648.0,4753.0,9056.0,5510.0,3426.0,207.0,1406.0,1346.0,20222.0,4546.0,7650.0,4164.0,0.1448748308525033,0.8551251691474966,0.0435514411950347,0.9564485588049652,0.155256183745583,0.844743816254417,0.2442831215970962,0.7557168784029038
3,active,5,blue,18,15-18,78.0,832.88,10.677948717948718,4042.72,6757.280000000001,118.0,34.26033898305084,0.123256695001539,0.0115431061018634,14.0,115.8,8.27142857142857,0.0171370729050742,0.0020718395567447,93.0,737.96,7.935053763440861,0.1092096228068098,0.0137629341983756,219,8457.28,38.61771689497717,1.2515805176047166,0.0324094902090782,1.0,1.2,1.2,0.0001775862477209,0.0001479885397674,13.0,102.72,7.901538461538461,0.0152013828049155,0.0019238510169772,93.0,1242.52,13.36043010752688,0.1838787204318897,0.0137629341983756,17.0,112.8,6.635294117647058,0.0166931072857717,0.0025158051760471,12.0,54.44,4.536666666666666,0.0080564961049416,0.0017758624772097,93.0,394.6,4.243010752688172,0.0583962777922477,0.0137629341983756,3.0,7.24,2.4133333333333336,0.0010714370279165,0.0004439656193024,0.8,1.0,0.8,2.6,3.0,0.8666666666666667,0.0001183908318139,0.0001479885397674,0.0003847702033954,0.0004439656193024,0.2352941176470588,0.7647058823529411,0.25,0.75,197.6234481361214,6642.0,0.0297536055609938,0.0067411964052993,2.1170007724095967,0.0270958208463815,0.9829398811356048,101186.0,33863.99999999999,42259.0,0.334670804261459,0.4176368272290633,33737.0,4210.0,21451.0,20900.0,2368.0,565.0,4650.0,6229.0,31369.0,3645.0,16801.0,14671.0,0.0701899991107685,0.9298100008892314,0.1342042755344418,0.8657957244655582,0.2167731108106848,0.7832268891893152,0.2980382775119617,0.7019617224880382
3,active,5,blue,21,18-21,12.0,69.64,5.803333333333334,9122.68,1677.3199999999997,42.0,217.20666666666668,0.0415186130255407,0.007154269906756,12.0,59.92,4.993333333333333,0.0357236544010683,0.007154269906756,30.0,155.32,5.177333333333333,0.0926001001597787,0.01788567476689,46,10421.4,226.55217391304348,6.213125700522262,0.0274247013092313,1.0,1.24,1.24,0.0007392745570314,0.0005961891588963,6.0,36.08,6.013333333333333,0.0215105048529797,0.003577134953378,20.0,128.08,6.404000000000001,0.0763599074714425,0.0119237831779266,3.0,12.32,4.1066666666666665,0.0073450504376028,0.001788567476689,5.0,21.12,4.224,0.0125915150358905,0.0029809457944816,30.0,121.6,4.053333333333333,0.0724966017217943,0.01788567476689,5.0,12.32,2.464,0.0073450504376028,0.0029809457944816,0.8,1.0,0.8,1.8,2.0,0.9,0.000476951327117,0.0005961891588963,0.0010731404860134,0.0011923783177926,0.3076923076923077,0.6923076923076923,0.3333333333333333,0.6666666666666666,61.72359710459443,1616.0,0.0381952952379916,0.0091494043998881,2.093688033797814,0.0355193348434139,0.963441680776477,228109.0,172477.3333333333,25941.0,0.7561180546726929,0.113721948717499,4130.0,844.0,5423.0,1753.0,859.0,0.0,1002.0,223.0,3271.0,844.0,4421.0,1530.0,0.2079903147699758,0.7920096852300242,0.0,1.0,0.184768578277706,0.8152314217222939,0.1272104962920707,0.8727895037079293
3,active,5,blue,24,21-24,17.0,147.48,8.675294117647057,7442.04,3357.96,61.0,122.00065573770492,0.0439195225672729,0.0050625975294524,16.0,138.56,8.66,0.0412631478635838,0.0047647976747787,50.0,285.76,5.715199999999999,0.0850992864715482,0.0148899927336835,82,10106.48,123.24975609756098,3.0097082752623616,0.024419588083241,2.0,6.24,3.12,0.0018582710931637,0.0005955997093473,23.0,273.6,11.895652173913044,0.0814780402387163,0.0068493966574944,60.0,600.32,10.005333333333336,0.1787752087576981,0.0178679912804202,9.0,59.32,6.591111111111111,0.0176654873792421,0.002680198692063,5.0,7.2,1.44,0.0021441589536504,0.0014889992733683,44.0,168.0,3.8181818181818183,0.0500303755851767,0.0131031936056415,2.0,4.48,2.24,0.001334143348938,0.0005955997093473,3.4,4.0,0.85,1.6,2.0,0.8,0.0010125195058904,0.0011911994186946,0.0004764797674778,0.0005955997093473,0.6799999999999999,0.32,0.6666666666666666,0.3333333333333333,110.46093142039528,3296.0,0.0335136321057024,0.0068307502597793,2.138372008021916,0.0308584813232895,0.9815483210044194,186112.0,149009.66666666666,17558.0,0.8006451312471343,0.0943410419532324,21931.0,1677.0,10674.0,3704.0,5915.0,0.0,2630.0,864.0,16016.0,1677.0,8044.0,2840.0,0.2697095435684647,0.7302904564315352,0.0,1.0,0.2463931047404909,0.7536068952595091,0.2332613390928725,0.7667386609071274
3,active,5,green,15,12-15,50.0,343.56,6.8712,6870.84,3929.16,72.0,95.42833333333334,0.0874385364810799,0.0127253662360402,17.0,106.04,6.23764705882353,0.0269879567133942,0.0043266245202536,43.0,304.24,7.075348837209303,0.0774313084730578,0.0109438149629946,106,9721.6,91.71320754716982,2.4742184080057825,0.0269777764204053,3.0,6.44,2.146666666666667,0.0016390271712019,0.0007635219741624,12.0,130.0,10.833333333333334,0.0330859522137047,0.0030540878966496,84.0,508.2,6.05,0.1293406224231133,0.0213786152765476,12.0,72.88,6.073333333333333,0.0185484938256523,0.0030540878966496,11.0,112.12,10.192727272727272,0.0285353612476967,0.0027995805719288,42.0,172.32,4.102857142857142,0.0438567021958892,0.0106893076382738,6.0,13.44,2.24,0.0034205784442476,0.0015270439483248,1.6,2.0,0.8,3.8,4.0,0.95,0.0004072117195532,0.0005090146494416,0.000967127833939,0.0010180292988832,0.2962962962962963,0.7037037037037036,0.3333333333333333,0.6666666666666666,139.2684205931878,3769.0,0.036951026954945,0.0092700383166914,2.115892215608854,0.0348324663114143,0.9592381068727158,171843.0,141205.0,7685.0,0.8217093509773457,0.0447210535197825,16051.0,4648.0,10317.0,8639.0,2731.0,311.0,2804.0,3217.0,13320.0,4337.0,7513.0,5422.0,0.1701451622951841,0.8298548377048159,0.0669104991394148,0.9330895008605852,0.2717844334593389,0.728215566540661,0.3723810626229887,0.6276189373770112
3,active,5,green,18,15-18,102.0,1235.76,12.11529411764706,2827.8,7972.2,123.0,22.990243902439023,0.1550086550763904,0.0127944607511101,21.0,212.32,10.11047619047619,0.0266325481046637,0.002634153684052,87.0,933.28,10.72735632183908,0.1170668071548631,0.0109129224053586,217,7651.56,35.26064516129033,0.9597802363212165,0.0272195880685381,6.0,11.24,1.8733333333333333,0.0014098994004164,0.0007526153383005,18.0,224.84,12.491111111111111,0.0282030054439176,0.0022578460149017,94.0,1191.6,12.67659574468085,0.149469406186498,0.0117909736333759,12.0,90.84,7.57,0.011394596221871,0.0015052306766011,16.0,136.8,8.55,0.0171596297132535,0.0020069742354682,112.0,474.6,4.2375,0.059531873259577,0.0140488196482777,9.0,21.16,2.351111111111111,0.0026542234264067,0.0011289230074508,1.0,1.0,1.0,2.2,2.0,1.1,0.0001254358897167,0.0001254358897167,0.0002759589573768,0.0002508717794335,0.3125,0.6875,0.3333333333333333,0.6666666666666666,269.6048562904805,7864.0,0.0342834252658291,0.0082329663709137,2.1539313827937687,0.0320155724575778,0.986427836732646,70818.0,38423.66666666666,7505.0,0.5425692149830079,0.1059758818379508,35523.0,5719.0,28748.0,30996.0,6060.0,158.0,7515.0,5853.0,29463.0,5561.0,21233.0,25143.0,0.170593699856431,0.829406300143569,0.0276272075537681,0.972372792446232,0.2614094893557813,0.7385905106442188,0.1888308168795973,0.8111691831204026
3,active,5,green,21,18-21,23.0,206.36,8.972173913043479,7752.84,3047.16,110.0,70.48036363636363,0.0677220756376429,0.0075480119192953,11.0,72.68,6.607272727272728,0.0238517176649732,0.0036099187440108,40.0,305.0,7.625,0.1000932015384817,0.0131269772509484,80,10038.32,125.479,3.294319956943515,0.0262539545018968,2.0,4.6,2.3,0.001509602383859,0.0006563488625474,28.0,402.84,14.387142857142855,0.1322017878943015,0.0091888840756638,22.0,330.96,15.043636363636365,0.1086126097743472,0.0072198374880216,10.0,80.8,8.08,0.0265164940469158,0.0032817443127371,3.0,5.64,1.88,0.0018509037923837,0.0009845232938211,46.0,210.24,4.570434782608696,0.0689953924309849,0.0150960238385906,6.0,15.24,2.54,0.0050013783326113,0.0019690465876422,0.8,1.0,0.8,1.8,2.0,0.9,0.0002625395450189,0.0003281744312737,0.0005907139762926,0.0006563488625474,0.3076923076923077,0.6923076923076923,0.3333333333333333,0.6666666666666666,108.35902145079626,2951.0,0.0367194244157222,0.007285185292057,2.0934570077247336,0.0328438116155357,0.96844274668872,193931.0,166650.0,8581.0,0.8593262552144835,0.0442476963456074,18395.0,2174.0,9493.0,5182.0,5589.0,0.0,2261.0,592.0,12806.0,2174.0,7232.0,4590.0,0.3038325631965208,0.6961674368034793,0.0,1.0,0.2381754977351733,0.7618245022648267,0.1142416055576997,0.8857583944423003
3,active,5,green,24,21-24,36.0,239.24,6.645555555555556,6906.92,3893.08,81.0,85.27061728395061,0.0614526287669403,0.0092471770423417,16.0,181.88,11.3675,0.0467187933461423,0.004109856463263,42.0,355.28,8.459047619047618,0.0912593627667553,0.0107883732160654,94,9729.36,103.50382978723404,2.499142067463294,0.0241454067216702,3.0,6.68,2.2266666666666666,0.0017158650734123,0.0007705980868618,9.0,37.16,4.128888888888889,0.0095451416359283,0.0023117942605854,53.0,631.0,11.90566037735849,0.1620824642699354,0.0136138995345587,8.0,54.44,6.805,0.0139837866162524,0.0020549282316315,3.0,73.8,24.6,0.0189567129368006,0.0007705980868618,61.0,263.88,4.325901639344262,0.0677818077203653,0.0156688277661902,5.0,10.84,2.168,0.0027844277538606,0.0012843301447696,3.4,4.0,0.85,1.6,2.0,0.8,0.0008733444984433,0.0010274641158157,0.0004109856463263,0.0005137320579078,0.6799999999999999,0.32,0.6666666666666666,0.3333333333333333,148.59449320991305,3828.0,0.0388177881948571,0.0088614952279208,2.128425594251341,0.0344418894152052,0.9832831588356776,172754.0,148337.3333333333,5643.0,0.8586622210387795,0.0326649455294812,16766.0,3217.0,13487.0,6017.0,5778.0,29.0,3845.0,1221.0,10988.0,3188.0,9642.0,4796.0,0.344626028867947,0.655373971132053,0.009014609884986,0.990985390115014,0.2850893452954697,0.7149106547045303,0.2029250457038391,0.7970749542961609
3,active,5,red,15,12-15,123.0,633.72,5.15219512195122,5571.92,5228.08,29.0,192.1351724137931,0.1212146715428991,0.0235268014261449,52.0,227.84,4.381538461538462,0.0435800523327875,0.0099462900338173,101.0,478.52,4.737821782178218,0.091528821288121,0.0193187556426068,237,8702.28,36.71848101265823,1.6645269391440072,0.0453321295772061,11.0,19.36,1.76,0.0037030802895135,0.002104022891769,11.0,53.56,4.869090909090909,0.0102446787348319,0.002104022891769,100.0,1116.0,11.16,0.2134626861103885,0.0191274808342642,16.0,85.88,5.3675,0.016426680540466,0.0030603969334822,35.0,62.08,1.7737142857142856,0.0118743401019112,0.0066946182919924,80.0,339.4,4.2425,0.0649186699514927,0.0153019846674113,12.0,35.68,2.973333333333333,0.0068246851616654,0.0022952977001117,2.6,3.0,0.8666666666666667,0.8,1.0,0.8,0.0004973145016908,0.0005738244250279,0.0001530198466741,0.0001912748083426,0.7647058823529411,0.2352941176470588,0.75,0.25,284.01178386743203,5084.0,0.0558638441910763,0.0195459948075581,2.0214765617667245,0.0522837539241983,0.972441125613992,139327.0,126848.0,1309.0,0.9104337278488734,0.0093951638950095,29350.0,3750.0,17812.0,15966.0,3863.0,158.0,3243.0,2691.0,25487.0,3592.0,14569.0,13275.0,0.1316183986371379,0.868381601362862,0.0421333333333333,0.9578666666666666,0.1820682685829777,0.8179317314170222,0.1685456595264938,0.8314543404735062
3,active,5,red,18,15-18,142.0,1042.84,7.343943661971831,2923.68,7876.32,44.0,66.44727272727272,0.132401933898064,0.0180287240741869,50.0,156.52,3.1304000000000003,0.0198722245921953,0.0063481422796432,125.0,696.36,5.57088,0.0884118471570479,0.0158703556991082,260,8105.08,31.173384615384617,1.029044020557824,0.033010339854145,22.0,44.68,2.0309090909090908,0.0056726999410892,0.002793182603043,14.0,149.36,10.668571428571427,0.0189631706177504,0.0017774798383001,175.0,2511.32,14.3504,0.3188443333942755,0.0222184979787515,22.0,125.04,5.683636363636364,0.0158754342129319,0.002793182603043,53.0,126.24,2.38188679245283,0.0160277896276433,0.0067290308164218,139.0,496.24,3.570071942446043,0.0630040424970036,0.0176478355374083,8.0,19.96,2.495,0.0025341783980335,0.0010157027647429,4.8,5.0,0.96,7.6,8.0,0.95,0.0006094216588457,0.0006348142279643,0.0009649176265057,0.0010157027647429,0.3870967741935484,0.6129032258064516,0.3846153846153846,0.6153846153846154,336.89179105880487,7832.0,0.0430147843537799,0.0102113384993486,2.111006947442831,0.0403180153781224,0.9943730066833242,73136.0,39030.666666666664,5945.0,0.533672427623423,0.0812869175235178,66706.0,6357.0,21497.0,26213.0,7822.0,703.0,3753.0,4755.0,58884.0,5654.0,17744.0,21458.0,0.1172608161184901,0.88273918388151,0.1105867547585339,0.8894132452414661,0.1745824998837047,0.8254175001162953,0.1813985427078167,0.8186014572921833
3,active,5,red,21,18-21,65.0,262.52,4.038769230769231,6350.64,4449.36,40.0,158.76600000000002,0.0590017440710574,0.0146088426200622,34.0,242.92,7.144705882352941,0.0545966161425463,0.0076415484474171,86.0,447.56,5.204186046511628,0.1005897477390006,0.0193286225434669,166,9524.08,57.37397590361446,2.140550551090494,0.0373087365373896,4.0,6.08,1.52,0.0013664886635381,0.0008990056996961,5.0,97.84,19.568,0.0219896794145674,0.0011237571246201,73.0,1318.2,18.057534246575344,0.2962673283348617,0.0164068540194544,13.0,60.64,4.664615384615384,0.0136289264073934,0.0029217685240124,19.0,43.24,2.2757894736842106,0.0097182516137152,0.0042702770735566,59.0,235.6,3.993220338983051,0.0529514357121024,0.013260334070518,10.0,28.36,2.836,0.0063739504108456,0.0022475142492403,3.4,4.0,0.85,5.6,6.0,0.9333333333333332,0.0007641548447417,0.0008990056996961,0.0012586079795745,0.0013485085495442,0.3777777777777777,0.6222222222222222,0.4,0.6,217.30184431854704,4389.0,0.0495105591976639,0.0105656772023456,2.1584176336285013,0.0445177401797272,0.9864340039915854,158806.0,151047.66666666666,242.0,0.9511458425164456,0.001523871894009,35479.0,2629.0,17382.0,6628.0,5805.0,0.0,1820.0,877.0,29674.0,2629.0,15562.0,5751.0,0.1636179148228529,0.8363820851771471,0.0,1.0,0.1047060177194799,0.89529398228052,0.1323174411587205,0.8676825588412794
3,active,5,red,24,21-24,86.0,383.04,4.453953488372093,5841.6,4958.4,54.0,108.1777777777778,0.0772507260406582,0.0173443046143917,32.0,155.52,4.86,0.0313649564375605,0.0064536947402387,90.0,440.32,4.892444444444444,0.0888028396256857,0.0181510164569215,179,9337.76,52.166256983240224,1.8832203936753793,0.0361003549532107,6.0,9.08,1.5133333333333334,0.0018312358825427,0.0012100677637947,10.0,82.6,8.26,0.0166585995482413,0.0020167796063246,81.0,1198.44,14.795555555555556,0.2416989351403679,0.0163359148112294,14.0,74.08,5.291428571428571,0.0149403033236527,0.0028234914488544,23.0,68.48,2.9773913043478264,0.013810906744111,0.0046385930945466,96.0,455.12,4.740833333333334,0.0917876734430461,0.0193610842207163,10.0,23.88,2.388,0.0048160696999031,0.0020167796063246,1.6,2.0,0.8,12.0,14.0,0.8571428571428571,0.0003226847370119,0.0004033559212649,0.0024201355275895,0.0028234914488544,0.1176470588235294,0.8823529411764706,0.125,0.875,247.41723532224424,4905.0,0.0504418420636583,0.0113867522575582,2.0969965299537354,0.0482037430929812,0.9892303969022266,146094.0,129737.66666666666,5257.0,0.8880424019238754,0.0359836817391542,32117.0,3601.0,15018.0,9662.0,2703.0,29.0,3185.0,714.0,29414.0,3572.0,11833.0,8948.0,0.0841610362113522,0.9158389637886476,0.0080533185226326,0.9919466814773674,0.2120788387268611,0.7879211612731389,0.0738977437383564,0.9261022562616436
3,active,5,yellow,15,12-15,38.0,307.44,8.090526315789473,6900.56,3899.44,29.0,237.9503448275862,0.0788420901462774,0.0097449890240649,34.0,306.28,9.008235294117648,0.0785446115339638,0.0087192007057423,34.0,190.84,5.6129411764705885,0.0489403606671727,0.0087192007057423,99,9680.76,97.78545454545454,2.482602630121248,0.0253882608784851,2.0,2.8,1.4,0.0007180518228258,0.0005128941591613,9.0,27.84,3.0933333333333333,0.0071394866955255,0.0023080237162259,75.0,851.08,11.347733333333334,0.2182569804895062,0.0192335309685493,13.0,56.56,4.350769230769231,0.014504646821082,0.0033338120345485,20.0,117.68,5.884,0.0301786923250518,0.0051289415916131,50.0,195.4,3.908,0.0501097593500605,0.0128223539790328,3.0,7.08,2.36,0.001815645323431,0.0007693412387419,1.6,2.0,0.8,2.4,3.0,0.7999999999999999,0.000410315327329,0.0005128941591613,0.0006154729909935,0.0007693412387419,0.4,0.6,0.4,0.6,136.25072353576093,3754.0,0.0362948118102719,0.0075207772005882,2.105759246924366,0.0359480780160434,0.9627023367457892,172543.0,138329.0,11143.0,0.8017074004740847,0.0645810029963545,22057.0,4389.0,12496.0,7724.0,830.0,184.0,3173.0,1622.0,21227.0,4205.0,9323.0,6102.0,0.0376297773949313,0.9623702226050688,0.0419229892914103,0.9580770107085896,0.2539212548015365,0.7460787451984635,0.2099948213360953,0.7900051786639047
3,active,5,yellow,18,15-18,96.0,770.48,8.025833333333333,4467.72,6332.28,97.0,46.05896907216495,0.1216749733113507,0.0151604161534234,35.0,198.08,5.659428571428572,0.0312809919965636,0.0055272350559356,97.0,852.28,8.78639175257732,0.1345929112420802,0.0153183371550215,214,8714.48,40.721869158878505,1.376199410007138,0.0337950943420063,1.0,2.4,2.4,0.0003790104038355,0.0001579210015981,11.0,27.12,2.4654545454545453,0.0042828175633421,0.0017371310175797,78.0,771.16,9.886666666666668,0.1217823595924374,0.0123178381246565,18.0,158.68,8.815555555555555,0.0250589045335961,0.0028425780287668,22.0,74.64,3.3927272727272726,0.0117872235592867,0.0034742620351595,87.0,385.24,4.428045977011494,0.0608374866556753,0.0137391271390399,5.0,11.96,2.3920000000000003,0.001888735179114,0.0007896050079908,7.6,8.0,0.95,1.8,2.0,0.9,0.001200199612146,0.0012633680127852,0.0002842578028766,0.0003158420031963,0.8085106382978723,0.1914893617021276,0.8,0.2,263.9044173863382,6242.0,0.0422788236761195,0.0099570279300739,2.1460650208379426,0.0389234565306494,0.985742891975718,111790.0,45243.66666666666,26367.0,0.4047201598234785,0.2358618838894355,20046.0,5873.0,26391.0,19358.0,975.0,267.0,7836.0,4793.0,19071.0,5606.0,18555.0,14565.0,0.0486381322957198,0.95136186770428,0.0454622850332027,0.9545377149667972,0.2969194043423894,0.7030805956576105,0.2475978923442504,0.7524021076557496
3,active,5,yellow,21,18-21,36.0,234.2,6.5055555555555555,7847.28,2952.7200000000003,53.0,148.06188679245284,0.0793166978243788,0.0121921482565227,31.0,157.64,5.0851612903225805,0.0533880625321737,0.0104987943320057,42.0,347.76,8.28,0.1177761521580102,0.0142241729659432,96,9920.64,103.34,3.3598309355441756,0.0325123953507274,5.0,6.68,1.336,0.0022623208431547,0.001693353924517,5.0,11.08,2.216,0.0037524722967297,0.001693353924517,48.0,463.56,9.6575,0.1569942290498252,0.0162561976753637,6.0,23.96,3.9933333333333336,0.0081145520062857,0.0020320247094204,13.0,46.6,3.5846153846153848,0.0157820585764989,0.0044027202037443,29.0,118.88,4.099310344827586,0.0402611829093175,0.0098214527621989,6.0,13.16,2.193333333333334,0.0044569075293288,0.0020320247094204,8.4,9.0,0.9333333333333332,4.2,5.0,0.8400000000000001,0.0028448345931886,0.0030480370641306,0.0014224172965943,0.001693353924517,0.6666666666666666,0.3333333333333333,0.6428571428571429,0.3571428571428571,130.1590950231511,2888.0,0.0450689387199276,0.0119137986950599,2.1313203378078356,0.0405372703720304,0.9780812268010513,196235.0,166201.0,4990.0,0.8469488113741178,0.0254286951868932,11919.0,1783.0,12708.0,5891.0,534.0,0.0,2827.0,800.0,11385.0,1783.0,9881.0,5091.0,0.0448024163100931,0.9551975836899068,0.0,1.0,0.222458293988039,0.7775417060119609,0.135800373451027,0.864199626548973
3,active,5,yellow,24,21-24,35.0,305.16,8.718857142857143,7225.8,3574.2,59.0,122.47118644067795,0.0853785462481114,0.0097924010967489,25.0,246.76,9.8704,0.0690392255609646,0.0069945722119635,37.0,208.68,5.640000000000001,0.0583850931677018,0.010351966873706,86,9798.92,113.94093023255816,2.7415701415701417,0.0240613284091545,3.0,4.04,1.346666666666667,0.0011303228694533,0.0008393486654356,15.0,131.4,8.76,0.0367634715460802,0.0041967433271781,29.0,316.64,10.918620689655173,0.0885904538078451,0.0081137037658776,8.0,34.24,4.28,0.0095797661015052,0.0022382631078283,10.0,50.0,5.0,0.013989144423927,0.0027978288847854,52.0,201.96,3.883846153846154,0.056504952157126,0.0145487102008841,3.0,7.2,2.4,0.0020144367970454,0.0008393486654356,11.0,13.0,0.8461538461538461,4.2,5.0,0.8400000000000001,0.0030776117732639,0.003637177550221,0.0011750881316098,0.0013989144423927,0.7236842105263158,0.2763157894736842,0.7222222222222222,0.2777777777777778,132.50562474887576,3530.0,0.0375370041781517,0.0073380096878181,2.154387857156376,0.0336015891414634,0.9876335963292484,180704.0,144431.3333333333,16763.0,0.7992702614957794,0.0927649636975385,11245.0,2124.0,11448.0,7664.0,1184.0,0.0,2889.0,1247.0,10061.0,2124.0,8559.0,6417.0,0.1052912405513561,0.8947087594486438,0.0,1.0,0.2523584905660377,0.7476415094339622,0.1627087682672233,0.8372912317327766
3,active,6,blue,15,12-15,52.0,439.8,8.457692307692309,4175.6,6624.4,62.0,67.3483870967742,0.0663909184228005,0.0078497675261155,51.0,261.52,5.127843137254902,0.0394782923736489,0.0076988104583056,67.0,330.92,4.939104477611941,0.049954712879657,0.0101141235432642,145,9646.4,66.52689655172414,1.4561922589215628,0.0218887748324376,,,,,,61.0,800.24,13.118688524590164,0.1208018839442062,0.0092083811364048,119.0,1534.76,12.897142857142857,0.2316828693919449,0.0179638910693798,27.0,112.24,4.157037037037036,0.0169434212909848,0.0040758408308677,21.0,120.64,5.744761904761905,0.0182114606605881,0.0031700984240082,76.0,346.88,4.564210526315789,0.0523639876819032,0.0114727371535535,4.0,8.68,2.17,0.00131030734859,0.0006038282712396,2.4,3.0,0.7999999999999999,3.8,4.0,0.95,0.0003622969627437,0.0004528712034297,0.0005736368576776,0.0006038282712396,0.3870967741935484,0.6129032258064516,0.4285714285714285,0.5714285714285714,216.57756040246588,6454.0,0.0335571057332609,0.0074353177620884,2.1049150942818935,0.0306635666882414,0.9742769156451906,104452.0,67587.0,14075.0,0.6470627656722705,0.1347508903611228,58555.0,5870.0,14929.0,11047.0,28885.0,546.0,4586.0,3445.0,29670.0,5324.0,10343.0,7602.0,0.4932969003500982,0.5067030996499018,0.0930153321976149,0.906984667802385,0.307187353473106,0.692812646526894,0.3118493708699194,0.6881506291300805
3,active,6,blue,18,15-18,31.0,318.08,10.260645161290322,7247.84,3552.16,53.0,136.75169811320754,0.0895455159677492,0.0087270843655691,28.0,208.2,7.435714285714285,0.0586122246745642,0.0078825278140624,30.0,129.52,4.317333333333334,0.0364623215170487,0.0084455655150668,92,9893.04,107.53304347826088,2.7850772487725783,0.0258997342462051,,,,,,34.0,461.72,13.58,0.1299828836538894,0.0095716409170758,59.0,645.88,10.947118644067796,0.18182739516238,0.0166096121796315,15.0,61.24,4.082666666666666,0.0172402144047565,0.0042227827575334,9.0,51.44,5.7155555555555555,0.0144813296698346,0.00253366965452,38.0,149.92,3.9452631578947366,0.0422053060672942,0.0106977163190847,7.0,17.84,2.5485714285714285,0.0050222962929597,0.0019706319535156,1.6,2.0,0.8,0.8,1.0,0.8,0.0004504301608035,0.0005630377010044,0.0002252150804017,0.0002815188505022,0.6666666666666666,0.3333333333333333,0.6666666666666666,0.3333333333333333,116.2461527335669,3498.0,0.0332321763103393,0.0081998190904592,2.150724690716223,0.0307801407808041,0.9847529390567992,181249.0,97930.0,10298.0,0.5403064292768511,0.0568168651964976,27783.0,2841.0,8501.0,7983.0,11447.0,72.0,1956.0,750.0,16336.0,2769.0,6545.0,7233.0,0.4120145412662419,0.5879854587337581,0.0253431890179514,0.9746568109820486,0.2300905775791083,0.7699094224208917,0.0939496429913566,0.9060503570086432
3,active,6,blue,21,18-21,16.0,115.76,7.235,8134.68,2665.3199999999997,48.0,169.4725,0.0434319331262287,0.0060030315309231,19.0,61.36,3.2294736842105265,0.0230216259210901,0.0071285999429712,18.0,82.56,4.586666666666667,0.0309756426995632,0.0067534104722885,48,10345.24,215.52583333333337,3.8814251196854417,0.0180090945927693,,,,,,23.0,378.6,16.460869565217394,0.1420467336004682,0.0086293578257019,60.0,717.76,11.962666666666667,0.269295994477211,0.0225113682409616,6.0,34.16,5.6933333333333325,0.0128164723185208,0.0022511368240961,6.0,20.6,3.4333333333333336,0.0077289030960635,0.0022511368240961,37.0,153.48,4.148108108108108,0.0575840799603799,0.0138820104152597,1.0,2.16,2.16,0.0008104092566746,0.0003751894706826,1.6,2.0,0.8,0.0,0.0,0.0,0.0006003031530923,0.0007503789413653,0.0,0.0,1.0,0.0,1.0,0.0,68.96857217422091,2581.0,0.0267216474909805,0.0048533914006963,2.166066863147981,0.025137637197281,0.9683640238320352,203415.0,159546.3333333333,6875.0,0.7843390769281189,0.033797900843104,27492.0,1381.0,3635.0,2910.0,9107.0,80.0,954.0,170.0,18385.0,1301.0,2681.0,2740.0,0.3312600029099374,0.6687399970900626,0.057929036929761,0.942070963070239,0.2624484181568088,0.7375515818431913,0.0584192439862542,0.9415807560137456
3,active,6,blue,24,21-24,71.0,810.8,11.419718309859157,2821.6,7978.4,143.0,19.73146853146853,0.1016243858417727,0.0088990273739095,48.0,232.92,4.8525,0.029193823322972,0.0060162438584177,29.0,116.52,4.017931034482759,0.014604431966309,0.003634813997794,151,9231.96,61.13880794701986,1.1571192218991275,0.0189261004712724,,,,,,75.0,1650.16,22.002133333333333,0.2068284367793041,0.0094003810287777,124.0,997.4,8.043548387096774,0.1250125338413717,0.0155419633009124,21.0,107.88,5.137142857142857,0.0135215080717938,0.0026321066880577,16.0,100.36,6.2725,0.0125789632006417,0.0020054146194725,98.0,380.32,3.880816326530612,0.0476687055048631,0.0122831645442695,12.0,29.08,2.4233333333333333,0.0036448410708914,0.0015040609646044,2.4,3.0,0.7999999999999999,1.6,2.0,0.8,0.0003008121929208,0.0003760152411511,0.0002005414619472,0.000250676827434,0.6,0.4,0.6,0.4,228.97296063881456,7834.0,0.0292281032217021,0.0061950394616848,2.101044601851183,0.026388524046081,0.98190113305926,70683.0,24248.33333333333,22014.0,0.34305750086065,0.311446882560163,66388.0,5243.0,8813.0,20341.0,32036.0,384.0,2028.0,7289.0,34352.0,4859.0,6785.0,13052.0,0.4825570886304753,0.5174429113695246,0.0732405111577341,0.926759488842266,0.2301146034267559,0.7698853965732441,0.3583402979204562,0.6416597020795438
3,active,6,green,15,12-15,92.0,458.64,4.985217391304348,3567.76,7232.24,88.0,40.54272727272728,0.0634160370784155,0.0127208167870535,67.0,306.12,4.5689552238805975,0.0423271351614437,0.0092640730949194,144.0,601.48,4.176944444444445,0.083166487837793,0.0199108436666924,261,7733.12,29.6288122605364,1.0692565512206451,0.0360884041458801,,,,,,18.0,153.0,8.5,0.0211552713958607,0.0024888554583365,59.0,660.04,11.187118644067796,0.0912635642622479,0.0081579151134365,28.0,159.44,5.694285714285714,0.0220457285709545,0.0038715529351902,25.0,144.84,5.7936000000000005,0.0200269902547481,0.0034567436921341,89.0,504.4,5.667415730337078,0.0697432607324978,0.0123060075439974,2.0,5.68,2.84,0.0007853721668528,0.0002765394953707,4.4,4.0,1.1,4.0,5.0,0.8,0.0006083868898156,0.0005530789907414,0.0005530789907414,0.0006913487384268,0.5238095238095238,0.4761904761904761,0.4444444444444444,0.5555555555555556,417.355909772553,7038.0,0.0593003566030907,0.0176655233906067,2.0836620134623782,0.0568089111295391,0.9731424842095948,89282.0,61899.333333333336,12223.0,0.6933013746705197,0.1369032951770793,20403.0,7660.0,22901.0,11558.0,14197.0,835.0,6772.0,2517.0,6206.0,6825.0,16129.0,9041.0,0.6958290447483213,0.3041709552516787,0.1090078328981723,0.8909921671018277,0.2957076110213528,0.7042923889786472,0.2177712406990828,0.7822287593009171
3,active,6,green,18,15-18,44.0,164.08,3.7290909090909095,7114.0,3686.0,278.0,25.58992805755396,0.0445143787303309,0.0119370591427021,31.0,152.96,4.934193548387097,0.0414975583288117,0.008410200759631,62.0,279.56,4.509032258064516,0.07584373304395,0.016820401519262,107,9553.2,89.28224299065421,2.5917525773195877,0.0290287574606619,,,,,,15.0,87.28,5.818666666666667,0.0236787845903418,0.0040694519804666,40.0,139.8,3.495,0.037927292457949,0.010851871947911,12.0,74.92,6.243333333333333,0.0203255561584373,0.0032555615843733,9.0,61.72,6.857777777777778,0.0167444384156266,0.0024416711882799,41.0,316.96,7.730731707317073,0.0859902333152468,0.0111231687466087,1.0,3.0,3.0,0.0008138903960933,0.0002712967986977,1.6,2.0,0.8,1.6,2.0,0.8,0.0004340748779164,0.0005425935973955,0.0004340748779164,0.0005425935973955,0.5,0.5,0.5,0.5,202.02847705146013,3491.0,0.0578712337586537,0.0149396342540933,2.0237907919096965,0.0535102432224726,0.9470971242539338,178128.0,98032.0,13198.0,0.5503458187370879,0.0740927872091978,5732.0,3437.0,10906.0,4146.0,3996.0,18.0,4008.0,737.0,1736.0,3419.0,6898.0,3409.0,0.697138869504536,0.302861130495464,0.0052371254000581,0.9947628745999418,0.3675041261690812,0.6324958738309188,0.17776169802219,0.8222383019778099
3,active,6,green,21,18-21,38.0,185.36,4.877894736842106,7316.0,3484.0,115.0,63.61739130434783,0.053203214695752,0.0109070034443168,23.0,99.84,4.340869565217392,0.0286567164179104,0.006601607347876,53.0,193.96,3.659622641509434,0.0556716417910447,0.0152123995407577,118,9176.92,77.77050847457627,2.6340183696900117,0.0338691159586682,,,,,,10.0,36.56,3.656,0.0104936854190585,0.0028702640642939,27.0,163.12,6.0414814814814815,0.0468197474167623,0.0077497129735935,6.0,10.68,1.78,0.0030654420206659,0.0017221584385763,6.0,56.56,9.426666666666668,0.0162342135476463,0.0017221584385763,56.0,299.52,5.348571428571428,0.0859701492537313,0.0160734787600459,3.0,6.68,2.2266666666666666,0.0019173363949483,0.0008610792192881,1.6,1.0,1.6,0.8,1.0,0.8,0.000459242250287,0.0002870264064293,0.0002296211251435,0.0002870264064293,0.6666666666666666,0.3333333333333333,0.5,0.5,162.28609349630213,3354.0,0.0483858358665182,0.0111981226670726,2.014356255036104,0.0449106438695076,0.9626865671641792,183015.0,146909.66666666666,4057.0,0.8027192670910398,0.0221675818921946,5029.0,1693.0,7421.0,4672.0,58.0,0.0,1543.0,221.0,4971.0,1693.0,5878.0,4451.0,0.0115331079737522,0.9884668920262476,0.0,1.0,0.2079234604500741,0.7920765395499259,0.0473030821917808,0.9526969178082192
3,active,6,green,24,21-24,101.0,768.92,7.613069306930693,2001.92,8798.08,158.0,12.670379746835444,0.0873963410198588,0.0114797774059794,93.0,402.4,4.326881720430107,0.0457372517640212,0.0105704881064959,115.0,413.68,3.5972173913043477,0.047019349676293,0.0130710336800756,340,7464.52,21.954470588235296,0.8484260202225941,0.0386447952280497,1.0,1.0,1.0,0.0001136611624354,0.0001136611624354,40.0,439.52,10.988,0.0499563541136247,0.0045464464974176,78.0,553.32,7.093846153846155,0.0628909943987779,0.0088655706699643,30.0,128.36,4.278666666666667,0.0145895468102131,0.0034098348730632,22.0,105.76,4.807272727272728,0.0120208045391721,0.0025005455735796,127.0,696.28,5.48251968503937,0.0791399941805484,0.0144349676293009,18.0,38.8,2.155555555555555,0.004410053102495,0.0020459009238379,7.8,5.0,1.56,2.4,2.0,1.2,0.0008865570669964,0.0005683058121772,0.000272786789845,0.0002273223248708,0.7647058823529412,0.2352941176470588,0.7142857142857143,0.2857142857142857,559.179644210225,8657.0,0.0645927739644478,0.0202723068605895,2.0583699594304763,0.0576415320017344,0.983964683203608,50206.0,13971.999999999996,24843.0,0.2782934310640161,0.4948213360952874,24939.0,5905.0,20610.0,19324.0,6564.0,594.0,3043.0,6817.0,18375.0,5311.0,17567.0,12507.0,0.2632022134006977,0.7367977865993023,0.100592718035563,0.8994072819644369,0.1476467734109655,0.8523532265890345,0.3527737528462016,0.6472262471537984
3,active,6,red,15,12-15,45.0,386.56,8.590222222222222,2091.48,8708.52,24.0,87.145,0.0443887135816418,0.0051673533505119,49.0,251.4,5.130612244897959,0.0288682807181932,0.0056266736483351,44.0,305.64,6.946363636363636,0.0350966639566769,0.005052523276056,129,9421.48,73.03472868217054,1.0818692498840214,0.0148130796048008,2.0,3.04,1.52,0.0003490834263456,0.0002296601489116,106.0,2813.68,26.544150943396225,0.3230950838948523,0.0121719878923169,85.0,2366.56,27.841882352941177,0.271752261004166,0.0097605563287447,36.0,196.32,5.453333333333333,0.0225434402171666,0.0041338826804095,19.0,94.28,4.962105263157895,0.0108261794196947,0.0021817714146605,107.0,363.16,3.3940186915887853,0.0417016898393756,0.0122868179667727,18.0,49.08,2.7266666666666666,0.0056358600542916,0.0020669413402047,0.8,1.0,0.8,3.2,3.0,1.0666666666666669,9.186405956465624e-05,0.0001148300744558,0.0003674562382586,0.0003444902233674,0.2,0.8,0.25,0.75,179.75383275937847,8573.0,0.0209674364585767,0.0053133947237801,2.1552531318916532,0.0183421214010903,0.9844382283097473,52311.0,43405.33333333333,3304.0,0.8297553733121777,0.0631607118961595,129697.0,7320.0,14019.0,9709.0,45282.0,679.0,4873.0,2141.0,84415.0,6641.0,9146.0,7568.0,0.3491368343138237,0.6508631656861762,0.09275956284153,0.90724043715847,0.3475996861402382,0.6524003138597617,0.2205170460397569,0.779482953960243
3,active,6,red,18,15-18,38.0,356.32,9.376842105263158,3390.36,7409.639999999999,19.0,178.44,0.0480887060639923,0.0051284542838788,37.0,254.32,6.8735135135135135,0.0343228550914754,0.0049934949606188,16.0,125.84,7.865,0.0169832812390345,0.0021593491721595,87,9785.44,112.47632183908048,1.3206363602010356,0.0117414611236173,5.0,7.32,1.464,0.0009879022462629,0.0006747966162998,29.0,844.68,29.126896551724137,0.1139974411712309,0.0039138203745391,78.0,4362.44,55.928717948717946,0.5887519501622211,0.0105268272142776,13.0,59.36,4.5661538461538465,0.0080111854287117,0.0017544712023796,16.0,72.44,4.5275,0.0097764533769521,0.0021593491721595,88.0,299.72,3.405909090909091,0.040450008367478,0.0118764204468773,33.0,95.36,2.8896969696969697,0.0128697210660706,0.0044536576675789,1.6,2.0,0.8,4.4,5.0,0.8800000000000001,0.0002159349172159,0.0002699186465199,0.0005938210223438,0.0006747966162998,0.2666666666666666,0.7333333333333334,0.2857142857142857,0.7142857142857143,120.67185062510748,7391.0,0.0163268638377902,0.0039895482926235,2.250443146750768,0.014838246269533,0.9974843582144344,84778.0,53435.33333333332,5449.0,0.6302971682905155,0.064273750265399,130285.0,3324.0,9557.0,8946.0,16845.0,244.0,2466.0,798.0,113440.0,3080.0,7091.0,8148.0,0.1292934720036842,0.8707065279963158,0.0734055354993983,0.9265944645006016,0.258030762791671,0.741969237208329,0.0892018779342723,0.9107981220657276
3,active,6,red,21,18-21,18.0,80.52,4.473333333333333,6458.08,4341.92,19.0,339.89894736842103,0.0185447912444264,0.0041456314257287,24.0,150.8,6.283333333333334,0.0347311788333271,0.0055275085676382,19.0,91.64,4.823157894736842,0.0211058702140988,0.0043759442827136,60,10192.4,169.8733333333333,2.3474407635331835,0.0138187714190957,,,,,,14.0,400.84,28.631428571428568,0.0923186055938386,0.0032243799977889,76.0,2380.32,31.320000000000004,0.5482182997383647,0.0175037771308545,9.0,19.8,2.2,0.0045601945683015,0.0020728157128643,8.0,30.12,3.765,0.006937023252386,0.0018425028558794,75.0,274.36,3.6581333333333337,0.0631886354423849,0.0172734642738696,17.0,44.6,2.623529411764706,0.0102719534215278,0.0039153185687437,1.6,2.0,0.8,1.6,1.0,1.6,0.0003685005711758,0.0004606257139698,0.0003685005711758,0.0002303128569849,0.5,0.5,0.6666666666666666,0.3333333333333333,90.01767649746986,4286.0,0.021002724334454,0.0045813519172086,2.2389316226366036,0.0183892302421377,0.9871209050374028,161471.0,139500.66666666666,234.0,0.863936351832011,0.0014491766323364,69619.0,1265.0,6104.0,2031.0,10014.0,80.0,1223.0,84.0,59605.0,1185.0,4881.0,1947.0,0.1438400436662405,0.8561599563337594,0.0632411067193675,0.9367588932806324,0.2003604193971166,0.7996395806028833,0.0413589364844904,0.9586410635155096
3,active,6,red,24,21-24,85.0,1153.12,13.566117647058825,996.4,9803.6,60.0,16.606666666666666,0.1176220980048145,0.0086702843853278,55.0,378.2,6.876363636363636,0.0385776653474233,0.0056101840140356,35.0,263.64,7.532571428571428,0.0268921620629156,0.0035701170998408,177,8124.12,45.898983050847455,0.828687420947407,0.0180545921906238,,,,,,35.0,340.84,9.738285714285714,0.0347668203517075,0.0035701170998408,157.0,4087.96,26.037961783439492,0.4169855971275857,0.016014525276429,21.0,102.8,4.895238095238095,0.0104859439389611,0.0021420702599045,18.0,78.04,4.335555555555556,0.007960341099188,0.0018360602227753,131.0,446.76,3.410381679389313,0.0455710147292831,0.0133624382879758,24.0,63.68,2.6533333333333333,0.0064955730547961,0.0024480802970337,3.2,3.0,1.0666666666666669,12.0,9.0,1.3333333333333333,0.0003264107062711,0.0003060100371292,0.0012240401485168,0.0009180301113876,0.2105263157894737,0.7894736842105263,0.25,0.75,245.79043102567977,9743.0,0.0252273869471086,0.00731763604782,2.181135643618643,0.0219719682256051,0.9938185972499898,24970.0,10323.666666666666,7159.0,0.4134427980242958,0.2867040448538246,110912.0,4560.0,16136.0,28913.0,31204.0,74.0,2954.0,9113.0,79708.0,4486.0,13182.0,19800.0,0.2813401615695326,0.7186598384304674,0.0162280701754385,0.9837719298245614,0.183068914229053,0.816931085770947,0.315186940130737,0.684813059869263
3,active,6,yellow,15,12-15,67.0,474.08,7.075820895522388,4435.32,6364.68,55.0,80.64218181818181,0.0744860699988059,0.0105268450259871,65.0,277.12,4.263384615384616,0.0435402879642024,0.0102126108461069,91.0,484.32,5.3221978021978025,0.0760949489997926,0.0142976551845497,165,9628.44,58.35418181818182,1.5127924734629234,0.0259243198401176,7.0,11.12,1.5885714285714283,0.0017471420401339,0.0010998196295807,24.0,197.8,8.241666666666667,0.0310777603901531,0.0037708101585625,169.0,972.76,5.755976331360947,0.1528372204101384,0.026552788199878,12.0,44.2,3.6833333333333336,0.0069445753753527,0.0018854050792812,21.0,151.92,7.234285714285714,0.023869228303701,0.0032994588887422,40.0,151.08,3.777,0.0237372499481513,0.0062846835976042,3.0,6.84,2.28,0.0010746808951903,0.0004713512698203,4.2,5.0,0.8400000000000001,0.8,1.0,0.8,0.0006598917777484,0.0007855854497005,0.000125693671952,0.0001571170899401,0.8400000000000001,0.16,0.8333333333333334,0.1666666666666666,282.94838760750514,6198.0,0.04565156302154,0.0129940012413698,2.1912540591360856,0.0427936809314385,0.973811723448783,110938.0,68803.66666666666,18573.0,0.6201992704633819,0.1674178369900304,29457.0,4936.0,19192.0,11919.0,22918.0,200.0,7203.0,4640.0,6539.0,4736.0,11989.0,7279.0,0.7780154122958889,0.221984587704111,0.0405186385737439,0.959481361426256,0.3753126302626094,0.6246873697373906,0.389294403892944,0.610705596107056
3,active,6,yellow,18,15-18,61.0,585.36,9.596065573770492,4893.84,5906.16,54.0,90.62666666666668,0.099110081677435,0.0103281997101331,50.0,284.24,5.6848,0.0481260243542335,0.0084657374673222,58.0,357.68,6.166896551724138,0.0605604995462364,0.0098202554620938,164,8471.72,51.65682926829268,1.4343871483332655,0.0277676188928169,2.0,3.44,1.72,0.0005824427377517,0.0003386294986928,17.0,138.04,8.12,0.0233722079997832,0.0028783507388895,104.0,816.28,7.848846153846154,0.1382082435965161,0.0176087339320302,7.0,39.04,5.577142857142857,0.0066100478144852,0.0011852032454251,14.0,92.36,6.597142857142857,0.0156379102496376,0.0023704064908502,108.0,475.88,4.406296296296296,0.0805735029189862,0.018285992929416,1.0,2.92,2.92,0.0004943990680916,0.0001693147493464,3.6,4.0,0.9,1.6,2.0,0.8,0.0006095330976472,0.0006772589973857,0.0002709035989543,0.0003386294986928,0.6923076923076923,0.3076923076923077,0.6666666666666666,0.3333333333333333,218.35166222520695,5852.0,0.0373123141191399,0.0071726698921745,2.138559571855493,0.0358437677667997,0.9908299131753966,122400.0,74153.99999999999,10706.0,0.6058333333333332,0.0874673202614379,23979.0,3306.0,16156.0,14695.0,11233.0,298.0,3974.0,423.0,12746.0,3008.0,12182.0,14272.0,0.468451561783227,0.531548438216773,0.0901391409558378,0.909860859044162,0.2459767269126021,0.7540232730873979,0.0287853011228308,0.9712146988771692
3,active,6,yellow,21,18-21,16.0,76.72,4.795,8987.04,1812.9599999999991,64.0,140.4225,0.0423175359632865,0.008825346394846,23.0,123.56,5.372173913043478,0.0681537375341982,0.0126864354425911,21.0,91.08,4.337142857142857,0.0502382843526608,0.0115832671432353,47,10375.88,220.76340425531913,5.72317094695967,0.0259244550348601,,,,,,8.0,30.72,3.84,0.0169446650781043,0.004412673197423,45.0,226.72,5.038222222222222,0.1250551584149678,0.0248212867355043,5.0,17.92,3.5840000000000005,0.0098843879622275,0.0027579207483893,6.0,47.96,7.993333333333333,0.0264539758185508,0.0033095048980672,12.0,54.68,4.556666666666667,0.0301606213043862,0.0066190097961345,1.0,3.36,3.36,0.0018533227429176,0.0005515841496778,0.0,0.0,0.0,2.4,3.0,0.7999999999999999,0.0,0.0,0.0013238019592269,0.0016547524490336,0.0,1.0,0.0,1.0,79.7872048233629,1726.0,0.0462266540112183,0.0102764374250474,2.1907158185375564,0.0428496854552672,0.9520342423440123,224740.0,165360.0,13523.0,0.7357835721277921,0.0601717540268755,6489.0,1658.0,5410.0,1934.0,1381.0,0.0,1165.0,135.0,5108.0,1658.0,4245.0,1799.0,0.2128216982585914,0.7871783017414086,0.0,1.0,0.2153419593345656,0.7846580406654344,0.0698035160289555,0.9301964839710444
3,active,6,yellow,24,21-24,119.0,1559.96,13.10890756302521,2194.76,8605.24,102.0,21.517254901960783,0.1812802432006545,0.0138287833924446,41.0,246.92,6.022439024390244,0.0286941444980035,0.0047645388158842,42.0,194.36,4.6276190476190475,0.0225862381525675,0.0048807470796863,239,7844.2,32.82092050209205,0.9115608629160836,0.0277737750486912,2.0,3.88,1.94,0.0004508880635519,0.0002324165276041,8.0,109.16,13.645,0.0126852940766323,0.0009296661104164,115.0,865.44,7.525565217391305,0.1005712798248509,0.0133639503372363,15.0,50.84,3.3893333333333335,0.0059080281316965,0.0017431239570308,18.0,144.6,8.033333333333333,0.0168037149457772,0.0020917487484369,83.0,361.84,4.359518072289156,0.0420487981741357,0.0096452858955706,3.0,6.84,2.28,0.000794864524406,0.0003486247914061,3.4,3.0,1.1333333333333333,0.8,1.0,0.8,0.0003951080969269,0.0003486247914061,9.29666110416444e-05,0.000116208263802,0.8095238095238094,0.1904761904761904,0.75,0.25,256.80505346957995,8506.0,0.0301910479037832,0.0073086835220863,2.2080926801164384,0.0285245654489469,0.988467491900284,54971.0,22348.66666666666,11444.0,0.4065537586484994,0.2081824962252824,24488.0,4919.0,11115.0,39118.0,12053.0,268.0,2364.0,14326.0,12435.0,4651.0,8751.0,24792.0,0.4922002613524991,0.5077997386475008,0.0544826184183777,0.9455173815816222,0.2126855600539811,0.7873144399460189,0.3662252671404468,0.6337747328595531
3,active,7,blue,15,12-15,80.0,528.6,6.6075,5013.08,5786.92,119.0,42.12672268907563,0.0913439273395865,0.0138242795822302,34.0,207.96,6.116470588235295,0.0359362147740075,0.0058753188224478,94.0,442.0,4.702127659574468,0.0763791446918222,0.0162435285091205,166,9123.48,54.96072289156626,1.5765692285360775,0.0286853801331278,1.0,1.6,1.6,0.0002764855916446,0.0001728034947778,20.0,64.4,3.22,0.0111285450636953,0.0034560698955575,102.0,577.04,5.657254901960784,0.0997145286266269,0.0176259564673435,27.0,151.24,5.601481481481482,0.0261348005502063,0.0046656943590027,6.0,19.92,3.3200000000000003,0.0034422456159753,0.0010368209686672,65.0,300.08,4.616615384615384,0.0518548727129457,0.011232227160562,,,,,,9.2,9.0,1.022222222222222,7.6,7.0,1.0857142857142856,0.0015897921519564,0.0015552314530009,0.0013133065603118,0.0012096244634451,0.5476190476190477,0.4523809523809524,0.5625,0.4375,246.8579206601725,5670.0,0.0435375521446512,0.0122673946297125,2.108224276885593,0.042171668713303,0.9797958153905704,125446.0,62623.66666666666,26495.0,0.4992081586233651,0.2112064155094622,16158.0,4312.0,16377.0,13295.0,10839.0,276.0,3397.0,2153.0,5319.0,4036.0,12980.0,11142.0,0.6708132194578537,0.3291867805421463,0.0640074211502783,0.9359925788497218,0.2074250473224644,0.7925749526775355,0.1619405791650996,0.8380594208349004
3,active,7,blue,18,15-18,57.0,415.12,7.28280701754386,6074.76,4725.24,59.0,102.9620338983051,0.0878516223514572,0.012062879345811,28.0,280.8,10.028571428571428,0.0594255529877847,0.0059256249418018,58.0,310.08,5.346206896551724,0.0656220636412118,0.0122745088080182,115,9322.24,81.06295652173912,1.9728606377665472,0.0243373881538292,2.0,2.36,1.18,0.000499445530809,0.0004232589244144,14.0,65.12,4.651428571428572,0.0137813105789335,0.0029628124709009,79.0,1172.44,14.841012658227848,0.248122846670222,0.0167187275143696,19.0,90.36,4.75578947368421,0.0191228382050435,0.004020959781937,15.0,47.96,3.197333333333334,0.0101497490074578,0.0031744419331081,79.0,301.16,3.812151898734178,0.0637343288383235,0.0167187275143696,3.0,7.36,2.4533333333333336,0.001557592841845,0.0006348883866216,4.8,4.0,1.2,3.6,3.0,1.2,0.0010158214185946,0.0008465178488288,0.0007618660639459,0.0006348883866216,0.5714285714285714,0.4285714285714285,0.5714285714285714,0.4285714285714285,169.75402444968026,4659.0,0.0364357210666838,0.0082374211625042,2.158959286088248,0.0345649206984314,0.9859816644233944,151928.0,119545.66666666666,11998.0,0.7868573710354027,0.078971618134906,31032.0,3492.0,14858.0,10435.0,4692.0,733.0,4037.0,1174.0,26340.0,2759.0,10821.0,9261.0,0.1511987625676721,0.8488012374323279,0.2099083619702176,0.7900916380297823,0.2717054785300848,0.7282945214699152,0.1125059894585529,0.887494010541447
3,active,7,blue,21,18-21,44.0,319.88,7.27,6744.2,4055.8,75.0,89.92266666666666,0.0788697667537847,0.0108486611765866,16.0,107.68,6.73,0.0265496326248828,0.0039449677005769,65.0,454.68,6.995076923076923,0.1121061196311455,0.0160264312835938,115,9660.84,84.00730434782609,2.3819813600276145,0.0283544553478968,2.0,3.04,1.52,0.0007495438631096,0.0004931209625721,8.0,56.64,7.08,0.0139651856600424,0.0019724838502884,93.0,1116.12,12.001290322580644,0.2751910843729966,0.0229301247596035,13.0,83.56,6.427692307692308,0.0206025938162631,0.0032052862567187,14.0,32.44,2.317142857142857,0.0079984220129197,0.0034518467380048,55.0,201.08,3.656,0.0495783815770008,0.0135608264707332,5.0,11.44,2.288,0.0028206519059125,0.0012328024064302,12.6,11.0,1.1454545454545455,0.8,1.0,0.8,0.0031066620642043,0.0027121652941466,0.0001972483850288,0.000246560481286,0.9402985074626864,0.0597014925373134,0.9166666666666666,0.0833333333333333,152.9402700416301,3982.0,0.0384079030742416,0.009380428934159,2.1267058607888742,0.0369052356006734,0.9818038364810888,168680.0,131373.3333333333,16247.0,0.7788317129080704,0.0963184728479962,29420.0,2927.0,14140.0,8041.0,3563.0,137.0,1200.0,1609.0,25857.0,2790.0,12940.0,6432.0,0.1211080897348742,0.8788919102651258,0.0468056030064912,0.9531943969935088,0.0848656294200848,0.9151343705799152,0.20009949011317,0.79990050988683
3,active,7,blue,24,21-24,94.0,833.36,8.865531914893618,2211.0,8589.0,144.0,15.354166666666666,0.0970264291535685,0.0109442309931307,51.0,310.6,6.090196078431373,0.0361625334730469,0.0059378274537198,124.0,733.04,5.911612903225806,0.0853463732681336,0.0144370706717894,249,8368.4,33.608032128514054,0.9743159855629292,0.0289905693328676,3.0,8.32,2.7733333333333334,0.0009686808708813,0.0003492839678658,15.0,70.12,4.674666666666667,0.0081639306089183,0.0017464198393293,141.0,1175.72,8.338439716312056,0.1368867155664221,0.0164163464896961,22.0,96.68,4.3945454545454545,0.0112562580044242,0.0025614157643497,15.0,30.12,2.008,0.0035068110373733,0.0017464198393293,106.0,487.24,4.5966037735849055,0.0567283735009896,0.0123413668645942,8.0,20.16,2.52,0.0023471882640586,0.0009314239143089,52.6,43.0,1.2232558139534884,10.2,10.0,1.02,0.0061241122365816,0.0050064035394108,0.0011875654907439,0.0011642798928862,0.8375796178343949,0.1624203821656051,0.8113207547169812,0.1886792452830188,329.749588581399,8446.0,0.0390421014185885,0.0093125082097812,2.125014294717424,0.035036015759655,0.9833507975317266,55419.0,9830.999999999998,31146.0,0.1773940345368916,0.5620094191522763,31302.0,3207.0,26266.0,20928.0,8274.0,203.0,6241.0,6172.0,23028.0,3004.0,20025.0,14756.0,0.2643281579451792,0.7356718420548207,0.0632990333645151,0.9367009666354849,0.2376075534912053,0.7623924465087947,0.2949159021406727,0.7050840978593272
3,active,7,green,15,12-15,33.0,252.76,7.659393939393939,3672.52,7127.48,57.0,64.43017543859649,0.0354627441957045,0.0046299673938053,17.0,126.84,7.461176470588235,0.017795911037281,0.0023851347180209,63.0,677.96,10.761269841269842,0.0951191725546757,0.0088390286609011,123,9361.2,76.10731707317073,1.3133954777845749,0.0172571511950927,1.0,1.44,1.44,0.0002020349408205,0.0001403020422365,53.0,786.0,14.830188679245284,0.11027740519791,0.0074360082385359,153.0,1875.36,12.257254901960785,0.2631168379286929,0.0214662124621886,19.0,127.24,6.6968421052631575,0.0178520318541756,0.002665738802494,15.0,107.88,7.191999999999999,0.0151357843164765,0.0021045306335479,91.0,412.88,4.537142857142857,0.0579279071986171,0.0127674858435239,7.0,17.64,2.52,0.0024749280250523,0.0009821142956556,1.8,2.0,0.9,6.2,6.0,1.0333333333333334,0.0002525436760257,0.000280604084473,0.0008698726618664,0.0008418122534191,0.225,0.775,0.25,0.75,272.0604202711994,7081.0,0.0384211863114248,0.007528821466209,2.189038792979047,0.0381293303375435,0.9934787610768464,91870.0,56896.33333333331,8332.0,0.6193135227313955,0.0906933710678132,66740.0,5912.0,20162.0,6352.0,16923.0,169.0,3165.0,1184.0,49817.0,5743.0,16997.0,5168.0,0.2535660773149535,0.7464339226850465,0.0285859269282814,0.9714140730717186,0.1569784743577026,0.8430215256422974,0.1863979848866498,0.8136020151133502
3,active,7,green,18,15-18,16.0,165.2,10.325,6987.4,3812.6,156.0,44.79102564102564,0.0433300110161044,0.0041966112364265,12.0,97.64,8.136666666666667,0.0256098200702932,0.0031474584273199,36.0,552.96,15.36,0.1450348843309028,0.0094423752819598,90,9637.96,107.08844444444443,2.527923202014373,0.0236059382048995,,,,,,8.0,136.24,17.03,0.0357341446781723,0.0020983056182132,54.0,740.4,13.71111111111111,0.1941981849656402,0.0141635629229397,8.0,67.56,8.445,0.0177201909458112,0.0020983056182132,7.0,60.32,8.617142857142857,0.0158212243613282,0.0018360174159366,62.0,321.68,5.188387096774194,0.0843728689083565,0.016261868541153,1.0,2.2,2.2,0.0005770340450086,0.0002622882022766,0.8,1.0,0.8,1.8,2.0,0.9,0.0002098305618213,0.0002622882022766,0.0004721187640979,0.0005245764045533,0.3076923076923077,0.6923076923076923,0.3333333333333333,0.6666666666666666,131.53756666549106,3684.0,0.0357050941002961,0.0073615312072426,2.1192226041950506,0.0336265544849837,0.9662697371872212,174841.0,128793.66666666666,16041.0,0.7366330933057272,0.0917462151326062,21969.0,3212.0,16313.0,4146.0,6734.0,392.0,3267.0,564.0,15235.0,2820.0,13046.0,3582.0,0.3065228276207383,0.6934771723792617,0.1220423412204234,0.8779576587795765,0.2002697235333783,0.7997302764666218,0.1360347322720694,0.8639652677279306
3,active,7,green,21,18-21,19.0,185.4,9.757894736842106,7152.36,3647.64,133.0,53.777142857142856,0.0508273842813435,0.0052088473643232,7.0,67.72,9.674285714285714,0.0185654286058931,0.0019190490289611,46.0,561.12,12.198260869565216,0.1538309701615291,0.0126108936188878,89,9704.24,109.03640449438204,2.660416049829479,0.0243993376539351,1.0,1.24,1.24,0.0003399458279874,0.0002741498612801,8.0,79.48,9.935,0.0217894309745479,0.0021931988902413,86.0,588.6,6.844186046511628,0.1613646083495082,0.0235768880700946,12.0,72.0,6.0,0.0197387900121722,0.003289798335362,6.0,43.4,7.233333333333333,0.0118981039795593,0.001644899167681,28.0,124.56,4.448571428571428,0.034148106721058,0.0076761961158447,15.0,54.52,3.634666666666667,0.0149466504369948,0.0041122479192025,0.0,0.0,0.0,5.4,4.0,1.35,0.0,0.0,0.0014804092509129,0.0010965994451206,0.0,1.0,0.0,1.0,154.54408982790886,3546.0,0.0435826536457723,0.0101648509028175,2.1147817195036764,0.0386489100947587,0.9721354080994836,178942.0,145948.3333333333,7577.0,0.8156180959938601,0.0423433291234031,16796.0,2903.0,15774.0,4654.0,3012.0,83.0,2614.0,671.0,13784.0,2820.0,13160.0,3983.0,0.1793284115265539,0.820671588473446,0.0285911126420943,0.9714088873579056,0.1657157347533916,0.8342842652466084,0.144177051998281,0.855822948001719
3,active,7,green,24,21-24,41.0,262.0,6.390243902439025,834.52,9965.48,81.0,10.302716049382717,0.0262907556886371,0.0041142022260844,20.0,154.16,7.708,0.0154694003700775,0.0020069279151631,69.0,800.92,11.607536231884058,0.0803694352906232,0.0069239013073128,191,8979.2,47.01151832460734,0.9010303567916448,0.019166161589808,1.0,1.0,1.0,0.0001003463957581,0.0001003463957581,56.0,1473.6,26.314285714285713,0.1478704487892204,0.0056193981624568,206.0,2354.84,11.431262135922331,0.2362997065871388,0.0206713575261803,25.0,228.96,9.1584,0.0229753107727876,0.0025086598939539,12.0,80.8,6.733333333333333,0.008107988777259,0.0012041567490978,132.0,574.76,4.3542424242424245,0.0576750944259584,0.0132457242400767,48.0,185.04,3.855,0.0185680970710894,0.0048166269963915,1.0,1.0,1.0,89.6,43.0,2.083720930232558,0.0001003463957581,0.0001003463957581,0.0089910370599308,0.0043148950176007,0.0110375275938189,0.9889624724061812,0.0227272727272727,0.9772727272727272,445.33237885664266,9908.0,0.0449467479669603,0.0076823261954968,2.2076039129666434,0.0397500620181546,0.9942320891718212,20944.0,4979.333333333333,9360.0,0.2377450980392156,0.4469060351413292,95973.0,7781.0,23881.0,6591.0,23550.0,105.0,4386.0,2095.0,72423.0,7676.0,19495.0,4496.0,0.2453815135506861,0.7546184864493138,0.0134944094589384,0.9865055905410616,0.183660650726519,0.8163393492734811,0.31785768472159,0.68214231527841
3,active,7,red,15,12-15,88.0,600.36,6.822272727272727,719.56,10080.44,51.0,14.109019607843136,0.0595569241025193,0.0087297776684351,49.0,315.68,6.442448979591837,0.0313160933451317,0.004860898929015,96.0,516.4,5.379166666666666,0.0512279225906805,0.009523393820111,214,8154.24,38.10392523364486,0.8089170710802306,0.0212292320573308,6.0,8.16,1.36,0.0008094884747094,0.0005952121137569,21.0,302.24,14.392380952380952,0.0299828182103162,0.0020832423981492,134.0,4676.68,34.900597014925374,0.463936098027467,0.0132930705405716,12.0,96.96,8.08,0.0096186277583121,0.0011904242275138,33.0,145.48,4.408484848484848,0.0144319097182265,0.0032736666256631,164.0,697.32,4.251951219512195,0.0691755518608314,0.0162691311093563,16.0,45.52,2.845,0.0045156759030359,0.0015872323033518,13.4,13.0,1.0307692307692309,4.8,5.0,0.96,0.0013293070540571,0.0012896262464733,0.0004761696910055,0.0004960100947974,0.7362637362637363,0.2637362637362637,0.7222222222222222,0.2777777777777778,326.66737918199266,10031.0,0.0325657839878369,0.0065579195277184,2.2270121515794483,0.0284915737156245,0.9950954521826428,18040.0,11365.666666666668,4242.0,0.6300258684405027,0.2351441241685144,124628.0,6106.0,20947.0,15097.0,22537.0,274.0,4112.0,1520.0,102091.0,5832.0,16835.0,13577.0,0.1808341624675032,0.8191658375324967,0.0448738945299705,0.9551261054700296,0.1963049601374898,0.8036950398625101,0.1006822547525998,0.8993177452474002
3,active,7,red,18,15-18,47.0,355.4,7.561702127659574,6799.44,4000.56,57.0,119.28842105263158,0.0888375627412162,0.0117483552302677,18.0,54.6,3.033333333333333,0.0136480892675025,0.0044993700881876,46.0,313.8,6.821739130434783,0.0784390185374047,0.0114983902253684,118,9450.48,80.08881355932203,2.3622892795008696,0.029495870578119,2.0,6.16,3.08,0.0015397844301797,0.0004999300097986,13.0,297.92,22.916923076923077,0.0744695742596036,0.003249545063691,39.0,546.04,14.00102564102564,0.1364908912752214,0.0097486351910732,14.0,70.0,5.0,0.0174975503429519,0.0034995100685903,6.0,18.96,3.16,0.0047393364928909,0.0014997900293958,64.0,276.0,4.3125,0.0689903413522106,0.0159977603135561,17.0,44.2,2.6,0.0110484532165496,0.0042494050832883,1.6,1.0,1.6,4.2,4.0,1.05,0.0003999440078389,0.0002499650048993,0.0010498530205771,0.0009998600195972,0.2758620689655172,0.7241379310344827,0.2,0.8,179.19800962896394,3945.0,0.0454240835561378,0.0100982444593081,2.1287104418253637,0.0371454858020948,0.986111944327794,170043.0,131442.99999999997,7230.0,0.7729985944731625,0.0425186570455708,21151.0,2244.0,9274.0,8932.0,8650.0,279.0,2576.0,672.0,12501.0,1965.0,6698.0,8260.0,0.4089641151718595,0.5910358848281405,0.124331550802139,0.8756684491978609,0.2777657968514125,0.7222342031485874,0.0752351097178683,0.9247648902821316
3,active,7,red,21,18-21,32.0,145.8,4.55625,7553.52,3246.4799999999996,46.0,164.20695652173913,0.0449101796407185,0.0098568295507749,10.0,35.52,3.5520000000000005,0.0109410808013602,0.0030802592346171,39.0,169.28,4.340512820512821,0.0521426283235997,0.012013011015007,74,10175.72,137.5097297297297,3.1343855498878788,0.0227939183361671,,,,,,9.0,174.4,19.37777777777778,0.0537197210517237,0.0027722333111554,57.0,1257.12,22.05473684210526,0.3872255489021956,0.0175574776373179,7.0,41.68,5.954285714285715,0.0128385204898844,0.002156181464232,12.0,50.24,4.1866666666666665,0.0154752223947167,0.0036963110815406,46.0,163.88,3.5626086956521736,0.0504792883369064,0.014169192479239,5.0,12.08,2.416,0.0037209531554175,0.0015401296173085,0.0,0.0,0.0,2.2,2.0,1.1,0.0,0.0,0.0006776570316157,0.0006160518469234,0.0,1.0,0.0,1.0,117.74651357424324,3199.0,0.0368072877693789,0.0079006118219676,2.1983059133334573,0.0334262425649991,0.9853749291540376,188884.0,146326.3333333333,11497.0,0.7746888743002759,0.0608680459964846,35854.0,2317.0,5169.0,3677.0,2971.0,54.0,708.0,319.0,32883.0,2263.0,4461.0,3358.0,0.0828638366709432,0.9171361633290568,0.0233059991368148,0.9766940008631853,0.1369704004643064,0.8630295995356936,0.0867555072069621,0.9132444927930378
3,active,7,red,24,21-24,89.0,931.48,10.466067415730338,764.72,10035.28,74.0,10.334054054054054,0.0928205291730773,0.0088687111869325,47.0,247.56,5.267234042553191,0.0246689678813147,0.0046834766942227,88.0,497.88,5.657727272727272,0.0496129654578646,0.0087690627466298,250,7612.0,30.448,0.7585239275834854,0.024912110075653,4.0,7.72,1.93,0.0007692859591361,0.0003985937612104,18.0,204.56,11.364444444444445,0.0203840849483023,0.001793671925447,87.0,2196.88,25.251494252873563,0.2189156655320031,0.0086694143063272,20.0,138.56,6.928,0.0138072878883299,0.0019929688060522,21.0,108.48,5.1657142857142855,0.0108098628040273,0.0020926172463548,152.0,636.6,4.188157894736842,0.063436197096643,0.015146562925997,28.0,85.16,3.0414285714285714,0.0084860611761704,0.0027901563284731,92.2,47.0,1.9617021276595743,24.4,22.0,1.1090909090909091,0.0091875861959008,0.0046834766942227,0.0024314219433837,0.0021922656866574,0.79073756432247,0.20926243567753,0.6811594202898551,0.3188405797101449,385.24917925121633,9958.0,0.0386874050262318,0.0083805102514224,2.141282444474134,0.0326752078168295,0.992299168533414,19192.0,3888.333333333333,10161.0,0.2026017785188272,0.5294393497290538,60141.0,6217.0,18771.0,23376.0,12484.0,344.0,4079.0,4674.0,47657.0,5873.0,14692.0,18702.0,0.2075788563542342,0.7924211436457658,0.0553321537719157,0.9446678462280844,0.2173032869852432,0.7826967130147569,0.1999486652977412,0.8000513347022588
3,active,7,yellow,15,12-15,50.0,248.4,4.968,4669.92,6130.08,131.0,35.64824427480916,0.0405214940098661,0.0081565004045624,21.0,120.56,5.740952380952381,0.0196669537754809,0.0034257301699162,120.0,708.84,5.907,0.1156330749354005,0.0195756009709498,147,9647.04,65.6261224489796,1.573721713256597,0.0239801111894135,6.0,13.44,2.24,0.0021924673087463,0.0009787800485474,10.0,35.44,3.5439999999999996,0.0057813274867538,0.0016313000809124,74.0,616.04,8.324864864864864,0.1004946101845326,0.0120716205987523,14.0,99.48,7.105714285714286,0.0162281732049173,0.0022838201132774,8.0,89.52,11.19,0.0146033983243285,0.0013050400647299,67.0,309.72,4.6226865671641795,0.0505246261060214,0.0109297105421136,3.0,6.08,2.026666666666667,0.0009918304491947,0.0004893900242737,0.8,1.0,0.8,6.6,7.0,0.9428571428571428,0.0001305040064729,0.0001631300080912,0.0010766580534022,0.0011419100566387,0.1081081081081081,0.8918918918918919,0.125,0.875,221.423642983454,6003.0,0.0368854977483681,0.0092721768441962,2.1147262379154923,0.0335885659414661,0.9792694385717642,116879.0,62641.66666666666,18279.0,0.5359531367197414,0.1563925084916879,16371.0,4747.0,20876.0,6260.0,8140.0,335.0,4524.0,1556.0,8231.0,4412.0,16352.0,4704.0,0.4972206951316352,0.5027793048683648,0.0705708868759216,0.9294291131240784,0.2167081816439931,0.7832918183560069,0.2485623003194888,0.7514376996805112
3,active,7,yellow,18,15-18,27.0,137.8,5.1037037037037045,6901.72,3898.28,71.0,97.20732394366198,0.0353489231148096,0.0069261315246724,14.0,94.84,6.774285714285715,0.0243286782888863,0.0035913274572375,61.0,495.8,8.127868852459017,0.1271842966641698,0.0156479267779636,84,10045.0,119.58333333333331,2.576777450567943,0.0215479647434253,,,,,,5.0,65.44,13.088,0.0167868906286875,0.0012826169490134,68.0,531.8,7.820588235294117,0.1364191386970663,0.0174435905065823,7.0,105.0,15.0,0.0269349559292816,0.0017956637286187,8.0,123.12,15.39,0.0315831597525062,0.0020521871184214,53.0,233.16,4.3992452830188675,0.0598109935663933,0.0135957396595421,3.0,6.88,2.2933333333333334,0.0017648809218424,0.000769570169408,5.2,5.0,1.04,2.8,2.0,1.4,0.0013339216269739,0.0012826169490134,0.0007182654914475,0.0005130467796053,0.65,0.35,0.7142857142857143,0.2857142857142857,123.3005136369926,3830.0,0.032193345597126,0.0081113395759048,2.0907956119484687,0.0288437776719499,0.9824845829442728,172614.0,135913.6666666667,8716.0,0.7873849552566228,0.0504941661742384,15004.0,5718.0,14841.0,3472.0,5768.0,576.0,4164.0,730.0,9236.0,5142.0,10677.0,2742.0,0.3844308184484137,0.6155691815515862,0.1007345225603357,0.8992654774396642,0.2805740853042248,0.7194259146957752,0.2102534562211981,0.7897465437788018
3,active,7,yellow,21,18-21,30.0,170.92,5.697333333333333,7421.52,3378.4799999999996,86.0,86.29674418604651,0.0505907982287892,0.0088797328976344,20.0,108.12,5.406000000000001,0.0320025573630745,0.0059198219317562,60.0,432.8,7.213333333333334,0.1281049466032062,0.0177594657952688,111,9864.92,88.87315315315315,2.919928488551065,0.0328550117212474,1.0,2.48,2.48,0.0007340579195377,0.0002959910965878,5.0,13.6,2.72,0.0040254789135942,0.001479955482939,59.0,389.8,6.606779661016949,0.1153773294499301,0.017463474698681,6.0,70.16,11.693333333333332,0.020766735336601,0.0017759465795268,1.0,4.4,4.4,0.0013023608249863,0.0002959910965878,36.0,152.56,4.237777777777778,0.045156401695437,0.0106556794771613,5.0,12.48,2.496,0.0036939688854159,0.001479955482939,4.6,3.0,1.5333333333333332,8.8,7.0,1.2571428571428571,0.0013615590443039,0.0008879732897634,0.0026047216499727,0.0020719376761147,0.3432835820895522,0.6567164179104478,0.3,0.7,143.00439378453535,3303.0,0.0432953054146337,0.0106209652858716,2.0715887262561004,0.0410894206446742,0.977658592029552,185624.0,146621.3333333333,5561.0,0.7898834920771738,0.0299584105503598,10149.0,1871.0,13603.0,4303.0,2178.0,0.0,2149.0,1442.0,7971.0,1871.0,11454.0,2861.0,0.2146024238841265,0.7853975761158735,0.0,1.0,0.1579798573844005,0.8420201426155995,0.3351150360213804,0.6648849639786195
3,active,7,yellow,24,21-24,63.0,540.28,8.575873015873016,2079.92,8720.08,160.0,12.9995,0.0619581471729617,0.0072247043605104,31.0,193.36,6.2374193548387105,0.0221741084944174,0.0035550132567591,117.0,903.52,7.722393162393162,0.1036137283144191,0.0134173080980908,226,8493.04,37.57982300884956,0.9739635416188844,0.0259171934202438,12.0,37.96,3.1633333333333336,0.004353171071825,0.0013761341639067,6.0,88.36,14.726666666666668,0.0101329345602333,0.0006880670819533,101.0,1229.68,12.175049504950495,0.1410170548894047,0.0115824625462151,11.0,75.56,6.869090909090909,0.0086650581187328,0.0012614563169145,9.0,133.4,14.822222222222225,0.0152980247887634,0.00103210062293,120.0,541.12,4.509333333333333,0.0620544765644351,0.0137613416390675,16.0,39.12,2.445,0.004486197374336,0.0018348455518756,9.6,9.0,1.0666666666666669,31.2,25.0,1.248,0.0011009073311254,0.00103210062293,0.0035779488261575,0.0028669461748057,0.2352941176470588,0.7647058823529412,0.2647058823529412,0.7352941176470589,292.83115774416115,8559.0,0.0342132442743499,0.0079955195287955,2.137288154544149,0.0297767372246806,0.9815276924064916,52158.0,7936.666666666665,33386.0,0.1521658550302286,0.6400935618697036,33058.0,5244.0,27570.0,13570.0,8826.0,412.0,6972.0,3114.0,24232.0,4832.0,20598.0,10456.0,0.2669852985661564,0.7330147014338435,0.0785659801678108,0.9214340198321892,0.2528835690968444,0.7471164309031556,0.2294767870302137,0.7705232129697863
3,active,8,blue,15,12-15,46.0,644.36,14.007826086956522,6854.96,3945.04,55.0,124.63563636363637,0.1633342120738953,0.0116602113033074,28.0,215.12,7.682857142857143,0.0545292316427716,0.0070975199237523,27.0,161.12,5.967407407407408,0.0408411575041064,0.0068440370693326,97,9423.6,97.15051546391751,2.38872102690974,0.0245878368787135,14.0,37.48,2.677142857142857,0.0095005373836513,0.0035487599618761,25.0,280.92,11.2368,0.0712084034635897,0.0063370713604931,57.0,478.4,8.39298245614035,0.1212661975543974,0.0144485227019244,10.0,76.04,7.604000000000001,0.019274836250076,0.0025348285441972,13.0,37.32,2.870769230769231,0.0094599801269442,0.0032952771074564,62.0,219.28,3.536774193548387,0.0555837203171577,0.015715936974023,4.0,10.48,2.62,0.0026565003143187,0.0010139314176789,3.2,4.0,0.8,6.6,5.0,1.3199999999999998,0.0008111451341431,0.0010139314176789,0.0016729868391701,0.0012674142720986,0.3265306122448979,0.6734693877551019,0.4444444444444444,0.5555555555555556,139.70440293456954,3812.0,0.0366485841906006,0.0082679888890139,2.1040364831751353,0.0336766151004606,0.9662766410479996,171429.0,95459.0,21521.0,0.5568427745597303,0.1255388528195346,19065.0,2857.0,9461.0,16155.0,14042.0,100.0,1750.0,1919.0,5023.0,2757.0,7711.0,14236.0,0.736532913716234,0.2634670862837661,0.0350017500875043,0.9649982499124956,0.1849698763344255,0.8150301236655745,0.1187867533271433,0.8812132466728567
3,active,8,blue,18,15-18,34.0,450.12,13.238823529411764,6615.6,4184.4,49.0,135.0122448979592,0.107570977917981,0.0081254182200554,21.0,152.72,7.272380952380952,0.0364974667813784,0.0050186406653283,23.0,106.64,4.636521739130435,0.025485135264315,0.0054966064429786,91,9628.64,105.80923076923077,2.3010802026574897,0.0217474428830895,13.0,45.32,3.4861538461538464,0.0108307045215562,0.003106777554727,14.0,150.16,10.725714285714286,0.035885670585986,0.0033457604435522,42.0,762.32,18.15047619047619,0.1821814358091961,0.0100372813306567,10.0,62.24,6.224,0.0148742950004779,0.0023898288882516,4.0,32.56,8.14,0.0077812828601472,0.0009559315553006,65.0,241.64,3.7175384615384615,0.0577478252557116,0.0155338877736354,6.0,15.84,2.64,0.0037854889589905,0.0014338973329509,0.0,0.0,0.0,6.6,6.0,1.1,0.0,0.0,0.001577287066246,0.0014338973329509,0.0,1.0,0.0,1.0,125.63845858464394,4134.0,0.0303914994157339,0.0066000410330956,2.187002042810946,0.028000309562497,0.987955262403212,165439.0,119307.33333333331,15823.0,0.7211560353564354,0.0956425026747018,22868.0,2384.0,6528.0,11287.0,12786.0,180.0,677.0,3758.0,10082.0,2204.0,5851.0,7529.0,0.5591219170893825,0.4408780829106175,0.0755033557046979,0.924496644295302,0.1037071078431372,0.8962928921568627,0.3329494108266146,0.6670505891733853
3,active,8,blue,21,18-21,46.0,543.36,11.81217391304348,6900.88,3899.12,52.0,132.70923076923077,0.1393545210201276,0.011797533802499,28.0,153.04,5.465714285714285,0.0392498820246619,0.0071811075319559,18.0,72.88,4.0488888888888885,0.0186913970331767,0.004616426270543,79,9547.52,120.8546835443038,2.448634563696424,0.0202609819651613,12.0,38.12,3.1766666666666663,0.0097765649685057,0.0030776175136953,12.0,60.24,5.0200000000000005,0.0154496399187509,0.0030776175136953,39.0,736.32,18.880000000000003,0.1888426106403496,0.01000225691951,8.0,31.88,3.985,0.0081762038613841,0.0020517450091302,4.0,14.08,3.52,0.0036110712160692,0.0010258725045651,59.0,231.08,3.9166101694915256,0.0592646545887277,0.0151316194423357,3.0,11.72,3.9066666666666663,0.0030058064383758,0.0007694043784238,5.0,5.0,1.0,3.8,4.0,0.95,0.0012823406307064,0.0012823406307064,0.0009745788793368,0.0010258725045651,0.5681818181818181,0.4318181818181817,0.5555555555555556,0.4444444444444444,122.28954621672662,3843.0,0.0318213755442952,0.0066258106511405,2.0998258920426855,0.0308157515106156,0.9856070087609512,172574.0,124284.33333333331,17373.0,0.720179942131105,0.1006698575683475,19965.0,1161.0,5694.0,13630.0,4290.0,59.0,931.0,4517.0,15675.0,1102.0,4763.0,9113.0,0.2148760330578512,0.7851239669421488,0.0508182601205857,0.9491817398794145,0.1635054443273621,0.8364945556726379,0.3314013206162876,0.6685986793837124
3,active,8,blue,24,21-24,41.0,418.24,10.200975609756098,6736.64,4063.36,68.0,99.06823529411766,0.1029295952118443,0.0100901716805796,23.0,162.8,7.078260869565218,0.0400653646243502,0.0056603402110568,24.0,76.96,3.2066666666666666,0.0189399905496928,0.0059064419593636,78,9944.56,127.49435897435896,2.4473736021420693,0.0191959363679319,7.0,16.52,2.36,0.0040656008820286,0.0017227122381477,19.0,442.04,23.265263157894736,0.1087868168215467,0.0046759332178295,63.0,600.16,9.526349206349206,0.147700425263821,0.0155044101433296,9.0,66.52,7.391111111111111,0.0163706882973696,0.0022149157347613,8.0,52.48,6.56,0.0129154197511419,0.0019688139864545,39.0,149.8,3.841025641025641,0.0368660418963616,0.0095979681839659,3.0,6.88,2.2933333333333334,0.0016931800283509,0.0007383052449204,3.4,4.0,0.85,7.8,7.0,1.1142857142857143,0.0008367459442431,0.0009844069932272,0.0019195936367931,0.0017227122381477,0.3035714285714286,0.6964285714285715,0.3636363636363636,0.6363636363636364,127.95078675383124,3998.0,0.0320036985377266,0.0080316333634647,2.1402613985473016,0.0297765509566761,0.9839147897306664,168484.0,99862.66666666669,34909.0,0.5927130568283437,0.207194748462762,26137.0,2992.0,6041.0,10497.0,14106.0,216.0,1022.0,3415.0,12031.0,2776.0,5019.0,7082.0,0.5396946856946092,0.4603053143053908,0.0721925133689839,0.927807486631016,0.1691772885283893,0.8308227114716107,0.3253310469657997,0.6746689530342003
3,active,8,green,15,12-15,60.0,290.92,4.848666666666667,5155.44,5644.56,177.0,29.126779661016947,0.0515398897345408,0.0106297036438624,48.0,316.36,6.590833333333333,0.0560468840795385,0.0085037629150899,37.0,236.68,6.396756756756757,0.0419306376404892,0.0065549839137151,137,9239.2,67.43941605839417,1.636832631772893,0.0242711566534858,14.0,31.4,2.242857142857143,0.0055628782402879,0.0024802641835678,28.0,150.28,5.367142857142857,0.0266238643933273,0.0049605283671357,67.0,564.12,8.419701492537314,0.0999404736595943,0.0118698357356463,26.0,189.4,7.284615384615384,0.0335544311691256,0.0046062049123403,16.0,78.72,4.92,0.0139461711807474,0.0028345876383633,85.0,412.6,4.854117647058824,0.0730969287242938,0.015058746828805,6.0,18.0,3.0,0.0031889110931587,0.0010629703643862,15.4,14.0,1.1,1.8,2.0,0.9,0.0027282906019246,0.0024802641835678,0.0003188911093158,0.0003543234547954,0.8953488372093024,0.1046511627906976,0.875,0.125,234.50047191031456,5452.0,0.0430118253687297,0.0087682679265899,2.030382765431088,0.0401168163358308,0.9658857377722976,129063.0,84527.0,7814.0,0.6549282133531686,0.0605440753740421,17955.0,6745.0,13911.0,7333.0,5490.0,306.0,2115.0,1901.0,12465.0,6439.0,11796.0,5432.0,0.3057644110275689,0.6942355889724311,0.0453669384729429,0.9546330615270572,0.152037955574725,0.847962044425275,0.2592390563207418,0.7407609436792582
3,active,8,green,18,15-18,59.0,592.88,10.048813559322031,5415.52,5384.48,125.0,43.324160000000006,0.1101090541705048,0.0109574183579472,37.0,241.12,6.516756756756757,0.0447805544825127,0.0068716013431194,26.0,158.96,6.113846153846154,0.029521885121683,0.0048286928357055,145,8894.96,61.34455172413792,1.651962677918759,0.0269292485068196,13.0,24.64,1.8953846153846152,0.0045761150566071,0.0024143464178527,20.0,150.8,7.540000000000001,0.0280064184470923,0.0037143791043889,39.0,686.24,17.595897435897434,0.1274477758297923,0.0072430392535583,19.0,104.8,5.515789473684211,0.0194633465069978,0.0035286601491694,14.0,70.32,5.022857142857142,0.0130597569310314,0.0026000653730722,86.0,429.12,4.989767441860465,0.0796957180637684,0.0159718301488723,6.0,14.64,2.44,0.0027189255044126,0.0011143137313166,10.2,12.0,0.85,4.2,5.0,0.8400000000000001,0.0018943333432383,0.0022286274626333,0.0007800196119216,0.0009285947760972,0.7083333333333334,0.2916666666666667,0.7058823529411765,0.2941176470588235,180.837258026331,5288.0,0.034197666041288,0.007754927575979,2.055797636629894,0.032263145034563,0.982081835200428,135513.0,105679.33333333331,12248.0,0.779846459995228,0.0903824725303107,20985.0,4411.0,10065.0,14881.0,11463.0,445.0,1252.0,2900.0,9522.0,3966.0,8813.0,11981.0,0.5462473195139386,0.4537526804860615,0.1008841532532305,0.8991158467467695,0.1243914555389965,0.8756085444610034,0.1948793763859955,0.8051206236140044
3,active,8,green,21,18-21,34.0,426.72,12.550588235294118,7768.28,3031.7200000000003,225.0,34.52568888888889,0.1407517844655839,0.0112147559801037,12.0,59.0,4.916666666666667,0.0194609000831211,0.0039581491694483,20.0,80.96,4.048,0.0267043130632116,0.0065969152824139,65,10044.52,154.53107692307694,3.3131423746256248,0.0214399746678453,5.0,20.44,4.088,0.006742047418627,0.0016492288206034,11.0,106.8,9.709090909090907,0.0352275276080904,0.0036283034053276,41.0,486.96,11.877073170731707,0.1606216932962146,0.0135236763289485,6.0,26.72,4.453333333333333,0.008813478817305,0.0019790745847241,10.0,71.0,7.1,0.0234190492525694,0.0032984576412069,42.0,161.56,3.8466666666666662,0.0532898816513398,0.0138535220930692,6.0,14.0,2.3333333333333335,0.0046178406976897,0.0019790745847241,2.2,2.0,1.1,1.0,1.0,1.0,0.0007256606810655,0.0006596915282413,0.0003298457641206,0.0003298457641206,0.6875,0.3125,0.6666666666666666,0.3333333333333333,114.84347580063024,2869.0,0.0400290957827222,0.0093286066368074,2.0828873661080975,0.0341950797444498,0.94632749726228,194432.0,138270.66666666666,14602.0,0.7111517994294492,0.0751008064516129,14896.0,2459.0,3531.0,10702.0,5789.0,403.0,862.0,3876.0,9107.0,2056.0,2669.0,6826.0,0.3886278195488721,0.6113721804511278,0.1638877592517283,0.8361122407482716,0.2441234777683376,0.7558765222316625,0.362175294337507,0.6378247056624929
3,active,8,green,24,21-24,39.0,813.28,20.85333333333333,5628.2,5171.8,159.0,35.39748427672956,0.1572527939982211,0.0075408948528558,29.0,203.44,7.0151724137931035,0.0393364012529486,0.0056073320700723,17.0,110.76,6.515294117647059,0.0214161413821106,0.003287056730732,98,9335.76,95.26285714285714,1.805127808499942,0.0189489152712788,9.0,21.68,2.408888888888889,0.0041919641130747,0.0017402065045052,24.0,214.72,8.946666666666667,0.0415174600719285,0.0046405506786805,94.0,924.56,9.835744680851064,0.1787694806450365,0.0181754901581654,11.0,138.68,12.607272727272727,0.0268146486716423,0.0021269190610619,13.0,71.72,5.516923076923077,0.0138675122781236,0.0025136316176186,79.0,338.04,4.278987341772152,0.0653621563092153,0.0152751459839901,6.0,18.36,3.06,0.0035500212691906,0.0011601376696701,5.4,6.0,0.9,7.4,8.0,0.925,0.0010441239027031,0.0011601376696701,0.0014308364592598,0.0015468502262268,0.421875,0.578125,0.4285714285714285,0.5714285714285714,211.53872695105295,5066.0,0.0417565588138675,0.0074737852152325,2.1398253947960693,0.0386856791656168,0.97954290575815,140864.0,97736.0,12283.0,0.6938323489323035,0.0871975806451613,28600.0,5284.0,7901.0,20371.0,8483.0,41.0,1135.0,8104.0,20117.0,5243.0,6766.0,12267.0,0.2966083916083916,0.7033916083916084,0.0077592732778198,0.9922407267221802,0.1436527021895962,0.8563472978104038,0.3978204310048598,0.6021795689951401
3,active,8,red,15,12-15,37.0,467.24,12.628108108108108,6313.72,4486.28,35.0,180.392,0.1041486487691361,0.0082473675294453,29.0,177.56,6.122758620689655,0.0395784480683327,0.0064641529284841,27.0,130.32,4.826666666666666,0.0290485658496571,0.0060183492782438,88,9490.16,107.84272727272727,2.115373984682187,0.0196153606105726,11.0,43.76,3.978181818181818,0.0097541838672575,0.0024519200763215,26.0,414.12,15.927692307692308,0.092308103818754,0.0057954474531237,42.0,621.24,14.791428571428572,0.1384755298376383,0.009361876655046,23.0,183.48,7.977391304347826,0.040898026873044,0.0051267419777633,11.0,60.72,5.52,0.0135345988212951,0.0024519200763215,80.0,344.48,4.306,0.0767852207173872,0.0178321460096115,3.0,7.72,2.5733333333333333,0.0017208020899275,0.0006687054753604,2.8,3.0,0.9333333333333332,6.2,7.0,0.8857142857142858,0.0006241251103364,0.0006687054753604,0.0013819913157448,0.001560312775841,0.3111111111111111,0.6888888888888889,0.3,0.7,133.15815527229967,4368.0,0.0304849256575777,0.0077461649769602,2.1075631269439796,0.0284084506204286,0.9736351721247894,157878.0,92409.33333333331,12564.0,0.5853211551535573,0.0795804355261657,25952.0,6139.0,7753.0,11718.0,15777.0,151.0,2126.0,2402.0,10175.0,5988.0,5627.0,9316.0,0.6079300246609125,0.3920699753390875,0.0245968398762013,0.9754031601237988,0.2742164323487682,0.7257835676512318,0.2049837856289469,0.7950162143710531
3,active,8,red,18,15-18,58.0,556.0,9.586206896551724,6207.8,4592.2,51.0,121.72156862745098,0.1210748660772614,0.0126301119289229,23.0,200.44,8.714782608695652,0.0436479247419537,0.0050084926614694,15.0,78.6,5.239999999999999,0.0171159792691955,0.00326640825748,87,9436.28,108.46298850574712,2.0548495274596057,0.0189451678933844,7.0,20.8,2.9714285714285715,0.0045294194503723,0.0015243238534907,41.0,359.08,8.758048780487805,0.078193458473063,0.0089281825704455,28.0,519.44,18.551428571428573,0.11311354035103,0.0060972954139628,17.0,168.76,9.92705882352941,0.0367492705021558,0.0037019293584774,7.0,42.6,6.085714285714286,0.0092765994512434,0.0015243238534907,74.0,348.04,4.703243243243244,0.0757893819955577,0.0161142807369017,11.0,29.68,2.6981818181818182,0.0064631331388005,0.0023953660554853,7.6,7.0,1.0857142857142856,11.6,13.0,0.8923076923076922,0.0016549801837899,0.0015243238534907,0.0025260223857845,0.0028308871564827,0.3958333333333333,0.6041666666666666,0.35,0.65,156.6225301740398,4539.0,0.0345059550945229,0.0085587090269197,2.059287528819182,0.0312602608769694,0.9884151387134708,155246.0,114568.0,16610.0,0.73797714594901,0.1069914844826919,22032.0,5308.0,7014.0,13958.0,12231.0,414.0,990.0,2804.0,9801.0,4894.0,6024.0,11154.0,0.5551470588235294,0.4448529411764705,0.0779954785229841,0.9220045214770158,0.1411462788708297,0.8588537211291702,0.2008883794239862,0.7991116205760137
3,active,8,red,21,18-21,30.0,542.92,18.09733333333333,7610.36,3189.6400000000003,35.0,217.43885714285713,0.1702135664212889,0.0094054501448439,13.0,105.04,8.08,0.0329316161071468,0.0040756950627657,7.0,30.68,4.382857142857143,0.009618640348127,0.0021946050337969,64,9910.0,154.84375,3.1069336978467788,0.0200649603090003,9.0,25.28,2.808888888888889,0.0079256593220551,0.0028216350434531,21.0,405.84,19.325714285714284,0.1272369295594486,0.0065838151013907,39.0,358.48,9.191794871794873,0.1123888589307884,0.0122270851882971,13.0,106.16,8.166153846153845,0.0332827529125543,0.0040756950627657,11.0,119.2,10.836363636363636,0.0373709885755132,0.0034486650531094,37.0,128.68,3.477837837837838,0.0403431108212839,0.0116000551786408,4.0,10.0,2.5,0.0031351500482813,0.0012540600193125,2.0,2.0,1.0,8.0,8.0,1.0,0.0006270300096562,0.0006270300096562,0.002508120038625,0.002508120038625,0.2,0.8,0.2,0.8,100.56336347202551,3150.0,0.0319248772927065,0.0080040698719079,2.1421973029896173,0.0285384146674849,0.9875722652086129,190294.0,135389.0,15032.0,0.7114727737080517,0.0789935573375934,19168.0,5658.0,3413.0,13603.0,6190.0,234.0,340.0,4274.0,12978.0,5424.0,3073.0,9329.0,0.3229340567612688,0.6770659432387313,0.04135737009544,0.95864262990456,0.0996191034280691,0.9003808965719309,0.3141953980739543,0.6858046019260458
3,active,8,red,24,21-24,37.0,367.16,9.923243243243244,5637.56,5162.44,36.0,156.5988888888889,0.0711214077064334,0.0071671535165541,16.0,105.24,6.5775,0.0203857090833016,0.0030993096287801,12.0,45.44,3.786666666666666,0.0088020393457357,0.0023244822215851,80,9922.92,124.0365,1.92213759385097,0.0154965481439009,6.0,22.52,3.7533333333333334,0.0043622783025081,0.0011622411107925,14.0,564.84,40.34571428571429,0.1094133781700126,0.0027118959251826,55.0,1256.36,22.84290909090909,0.2433655403258924,0.0106538768489319,14.0,89.76,6.411428571428572,0.0173871270174568,0.0027118959251826,11.0,64.56,5.869090909090909,0.012505714352128,0.0021307753697863,79.0,343.48,4.347848101265823,0.0665344294558387,0.0153028412921021,7.0,18.04,2.577142857142857,0.0034944716064496,0.0013559479625913,6.2,5.0,1.24,11.8,12.0,0.9833333333333334,0.0012009824811523,0.0009685342589938,0.0022857408512253,0.0023244822215851,0.3444444444444444,0.6555555555555556,0.2941176470588235,0.7058823529411765,138.98205660897798,5132.0,0.0270814607577899,0.0054934139263575,2.172786936953661,0.0238848851984053,0.9941035634312456,140975.0,99591.66666666669,10568.0,0.7064491340072118,0.0749636460365313,45599.0,3883.0,3795.0,9216.0,25642.0,201.0,719.0,2827.0,19957.0,3682.0,3076.0,6389.0,0.5623368933529244,0.4376631066470756,0.0517640999227401,0.94823590007726,0.189459815546772,0.810540184453228,0.3067491319444444,0.6932508680555556
3,active,8,yellow,15,12-15,66.0,411.04,6.2278787878787885,1234.04,9565.96,30.0,41.13466666666667,0.0429690276773057,0.0068994643506767,41.0,192.44,4.693658536585366,0.0201171654491551,0.0042860308845113,34.0,101.92,2.9976470588235293,0.0106544455548632,0.003554269513985,113,9984.48,88.35823008849557,1.0437509669703826,0.0118127192670678,24.0,44.08,1.836666666666667,0.0046080058875429,0.0025088961275188,110.0,2123.52,19.304727272727273,0.2219871293628658,0.0114991072511279,155.0,4358.32,28.118193548387097,0.4556071737703273,0.0162032874902257,38.0,164.28,4.323157894736842,0.0171733939928663,0.0039724188685714,31.0,176.08,5.680000000000001,0.0184069345888964,0.0032406574980451,78.0,296.36,3.79948717948718,0.0309806856813116,0.0081539124144361,8.0,19.2,2.4,0.002007116902015,0.0008362987091729,0.8,1.0,0.8,7.6,8.0,0.95,8.362987091729425e-05,0.0001045373386466,0.0007944837737142,0.0008362987091729,0.0952380952380952,0.9047619047619048,0.1111111111111111,0.8888888888888888,216.63824913472476,9455.0,0.022912559400817,0.004406157460059,2.2535716755698796,0.0207385944959909,0.9884005369037714,30881.0,24932.0,769.0,0.8073572746996535,0.0249020433276124,162311.0,8578.0,7434.0,10342.0,33314.0,166.0,1247.0,2604.0,128997.0,8412.0,6187.0,7738.0,0.2052479499232954,0.7947520500767046,0.0193518302634646,0.9806481697365352,0.1677428033360236,0.8322571966639764,0.2517888222780893,0.7482111777219107
3,active,8,yellow,18,15-18,79.0,522.44,6.613164556962026,4572.0,6228.0,34.0,134.47058823529412,0.0838856775850995,0.0126846499678869,35.0,139.92,3.9977142857142858,0.0224662813102119,0.0056197816313423,35.0,129.68,3.7051428571428575,0.0208220937700706,0.0056197816313423,110,9950.64,90.46036363636362,1.5977263969171482,0.0176621708413615,19.0,36.16,1.903157894736842,0.0058060372511239,0.0030507385998715,83.0,1619.44,19.51132530120482,0.2600256904303147,0.0133269107257546,82.0,1627.88,19.852195121951222,0.2613808606294155,0.0131663455362877,32.0,147.52,4.61,0.0236865767501605,0.0051380860629415,20.0,72.92,3.646,0.011708413615928,0.0032113037893384,63.0,233.16,3.7009523809523808,0.0374373795761079,0.0101156069364161,9.0,22.44,2.4933333333333336,0.0036030828516377,0.0014450867052023,6.2,7.0,0.8857142857142858,1.6,2.0,0.8,0.0009955041746949,0.0011239563262684,0.000256904303147,0.0003211303789338,0.7948717948717948,0.2051282051282051,0.7777777777777778,0.2222222222222222,187.72178821780105,6194.0,0.0303070371678723,0.0065585288247443,2.226321788397949,0.027934464550063,0.9945407835581246,114334.0,102504.0,1141.0,0.8965312155614253,0.0099795336470341,81348.0,5563.0,6810.0,13140.0,26425.0,147.0,1036.0,4214.0,54923.0,5416.0,5774.0,8926.0,0.3248389634656045,0.6751610365343954,0.0264245910479956,0.9735754089520045,0.1521292217327459,0.847870778267254,0.3207001522070015,0.6792998477929985
3,active,8,yellow,21,18-21,83.0,506.2,6.098795180722892,4314.04,6485.96,51.0,84.58901960784314,0.0780455013598603,0.0127968720127783,30.0,133.96,4.465333333333334,0.0206538430702625,0.0046253754263054,35.0,149.0,4.257142857142857,0.0229726979506503,0.0053962713306896,138,9811.24,71.0959420289855,1.5126889465861646,0.021276726961005,16.0,32.96,2.06,0.0050817458017009,0.0024668668940295,40.0,416.92,10.423,0.0642803840911754,0.0061671672350739,153.0,2888.72,18.880522875816993,0.4453804833825678,0.0235894146741577,38.0,122.92,3.234736842105263,0.0189517049133821,0.0058588088733202,22.0,141.32,6.423636363636363,0.0217886018415161,0.0033919419792906,67.0,228.64,3.4125373134328356,0.0352515279156824,0.0103300051187488,8.0,21.08,2.635,0.0032500971328839,0.0012334334470147,6.4,7.0,0.9142857142857144,2.8,3.0,0.9333333333333332,0.0009867467576118,0.0010792542661379,0.0004317017064551,0.0004625375426305,0.6956521739130436,0.3043478260869565,0.7,0.3,193.5300868684217,6434.0,0.0300792798987288,0.0065934024263404,2.149695493757309,0.0289083317726034,0.991988849761639,107902.0,96114.0,285.0,0.8907527200607959,0.0026412856110174,82834.0,6666.0,7139.0,12738.0,12605.0,278.0,998.0,3125.0,70229.0,6388.0,6141.0,9613.0,0.1521718135065311,0.8478281864934689,0.0417041704170417,0.9582958295829584,0.1397954895643647,0.8602045104356353,0.2453289370387815,0.7546710629612184
3,active,8,yellow,24,21-24,69.0,651.64,9.444057971014493,2954.72,7845.280000000001,54.0,54.71703703703703,0.0830614076234372,0.0087950971794505,36.0,154.2,4.283333333333333,0.0196551302184243,0.0045887463544959,33.0,170.48,5.166060606060606,0.0217302632920686,0.0042063508249546,122,9770.72,80.08786885245901,1.2454265494666854,0.0155507515346807,14.0,33.72,2.4085714285714284,0.0042981257520445,0.0017845124711928,28.0,288.84,10.315714285714284,0.0368170415842391,0.0035690249423857,181.0,3692.96,20.403093922651937,0.4707237982583158,0.0230711969489935,25.0,116.24,4.6495999999999995,0.0148165521179613,0.0031866294128444,34.0,143.4,4.2176470588235295,0.0182785063120755,0.0043338160014683,66.0,362.36,5.49030303030303,0.046188281361532,0.0084127016499092,12.0,31.68,2.64,0.0040380967919564,0.0015295821181653,14.8,15.0,0.9866666666666668,2.8,3.0,0.9333333333333332,0.0018864846124038,0.0019119776477066,0.0003569024942385,0.0003823955295413,0.8409090909090908,0.159090909090909,0.8333333333333334,0.1666666666666666,238.0164484927592,7789.0,0.030558023943094,0.0061794686869936,2.2669475886460138,0.0277623254092562,0.9928262598658044,73922.0,60684.33333333333,5593.0,0.8209238566777594,0.0756608316874543,99754.0,6550.0,8186.0,16360.0,21424.0,266.0,1224.0,7066.0,78330.0,6284.0,6962.0,9294.0,0.2147683300920264,0.7852316699079737,0.0406106870229007,0.9593893129770992,0.1495235768385047,0.8504764231614952,0.4319070904645476,0.5680929095354523
3,inactive,1,blue,3,0-3,1.0,8.2,8.2,26.2,10773.8,2.0,13.1,0.0007611056451762,9.281776160686108e-05,,,,,,,,,,,2,107.8,53.9,0.0100057547012196,0.0001856355232137,,,,,,2.0,8.48,4.24,0.0007870946184261,0.0001856355232137,,,,,,,,,,,1.0,1.0,1.0,9.281776160686108e-05,9.281776160686108e-05,1.0,4.0,4.0,0.0003712710464274,9.281776160686108e-05,,,,,,,,,,,,,,,,,,,,4.3368742073851205,94.0,0.0461369596530331,0.0179819579349703,1.7185482577912492,0.0351535614123134,0.0087248695910449,657.0,169.0,150.0,0.2572298325722983,0.228310502283105,214.0,26.0,0.0,206.0,214.0,0.0,0.0,0.0,0.0,26.0,0.0,206.0,1.0,0.0,0.0,1.0,0.0,0.0,0.0,1.0
3,inactive,1,green,3,0-3,,,,55.04,10744.96,5.0,11.008,,,2.0,11.76,5.88,0.0010944666150455,0.0001861337780689,,,,,,3,110.36,36.78666666666667,0.0102708618738459,0.0002792006671034,,,,,,1.0,1.64,1.64,0.0001526296980165,9.306688903448688e-05,,,,,,,,,,,1.0,1.84,1.84,0.0001712430758234,9.306688903448688e-05,,,,,,,,,,,,,,,,,,,,,,,,,4.254844169798708,64.0,0.0664819401531048,0.0196180425144512,1.738361300218994,0.0682979043783822,0.0059562808982071,1381.0,94.33333333333334,1098.0,0.0683079893796765,0.7950760318609703,42.0,47.0,296.0,0.0,42.0,0.0,0.0,0.0,0.0,47.0,296.0,0.0,1.0,0.0,0.0,1.0,0.0,1.0,0.0,0.0
3,inactive,1,red,3,0-3,,,,,,,,,,,,,,,,,,,,1,122.96,122.96,,,,,,,,,,,,,2.0,121.68,60.84,,,,,,,,,,,,,2.0,5.6,2.8,,,,,,,,,,,,,,,,,,,,,,0.504129337579236,122.0,0.0041322076850757,0.0027271826258011,2.3267739253701483,0.0032489452861718,,,,,,,3044.0,0.0,0.0,0.0,256.0,0.0,0.0,0.0,2788.0,0.0,0.0,0.0,0.0840998685939553,0.9159001314060446,0.0,0.0,0.0,0.0,0.0,0.0
3,inactive,1,yellow,3,0-3,,,,29.88,10770.12,3.0,9.96,,,,,,,,,,,,,2,120.16,60.08,0.0111567930533735,0.0001856989522865,,,,,,,,,,,,,,,,1.0,1.48,1.48,0.000137417224692,9.28494761432556e-05,,,,,,1.0,12.32,12.32,0.0011439055460849,9.28494761432556e-05,,,,,,,,,,,,,,,,,,,,0.5099474995084841,88.0,0.00579485794896,0.0032575179211093,2.5608741737533305,0.0052900238542378,0.0081707539006064,750.0,76.0,522.0,0.1013333333333333,0.696,0.0,38.0,0.0,0.0,0.0,0.0,0.0,0.0,0.0,38.0,0.0,0.0,0.0,0.0,0.0,1.0,0.0,0.0,0.0,0.0
3,inactive,2,blue,3,0-3,,,,94.2,10705.8,2.0,47.1,,,,,,,,,,,,,1,122.96,122.96,0.0114853630742214,9.340731192437744e-05,,,,,,,,,,,,,,,,,,,,,,,,,,,,,,,,,,,,,,,,,,,,,,,,,,0.1692673586737171,25.0,0.0067706943469486,0.0033193290998842,1.9450348357927736,0.0065093409389262,0.0023351827981094,2357.0,1405.0,0.0,0.5960967331353415,0.0,,,,,,,,,,,,,,,,,,,,
3,inactive,2,green,3,0-3,,,,83.76,10716.24,6.0,13.96,,,,,,,,,,,,,1,122.96,122.96,0.0114741737773696,9.331631243794466e-05,,,,,,,,,,,,,,,,,,,,,,,,,,1.0,4.4,4.4,0.0004105917747269,9.331631243794466e-05,,,,,,,,,,,,,,,,,,,,0.4918892052692797,36.0,0.0136635890352577,0.0029389956785574,1.89258564024016,0.0161161232137006,0.003359387247766,2100.0,1452.6666666666663,0.0,0.6917460317460316,0.0,,,,,,,,,,,,,,,,,,,,
3,inactive,2,red,3,0-3,,,,94.08,10705.92,2.0,47.04,,,,,,,,,,,,,1,122.96,122.96,0.0114852343376374,9.34062649450024e-05,,,,,,,,,,,,,,,,,,,,,,,,,,2.0,10.8,5.4,0.001008787661406,0.00018681252989,,,,,,,,,,,,,,,,,,,,0.3474224883191652,27.0,0.0128674995673764,0.0038794087172243,2.2096376436832337,0.0108597370913861,0.002521969153515,2354.0,1292.6666666666663,151.0,0.5491362220334183,0.0641461342395921,,,,,,,,,,,,,,,,,,,,
3,inactive,2,yellow,3,0-3,,,,58.04,10741.96,2.0,29.02,,,,,,,,,,,,,1,122.96,122.96,0.0114467006021247,9.309288062886103e-05,,,,,,,,,,,,,,,,,,,,,,,,,,1.0,2.92,2.92,0.0002718312114362,9.309288062886103e-05,,,,,,,,,,,,,,,,,,,,1.2566026048631245,64.0,0.0196344157009863,0.0081778887610439,2.0540971019857137,0.0144697790919135,0.0059579443602471,1453.0,1021.6666666666669,0.0,0.7031429226886902,0.0,,,,,,,,,,,,,,,,,,,,
3,inactive,3,blue,3,0-3,,,,119.12,10680.88,1.0,119.12,,,,,,,,,,,,,1,119.12,119.12,0.011152639108388,9.36252443618878e-05,,,,,,,,,,,,,,,,,,,,,,,,,,,,,,,,,,,,,,,,,,,,,,,,,,,,,,,,,2979.0,2671.6666666666665,0.0,0.8968333892805191,0.0,,,,,,,,,,,,,,,,,,,,
3,inactive,3,green,3,0-3,1.0,1.44,1.44,89.28,10710.72,5.0,17.856,0.0001344447432105,9.336440500731978e-05,,,,,,,,,,,1,119.12,119.12,0.0111215679244719,9.336440500731978e-05,,,,,,,,,,,,,,,,,,,,,,,,,,,,,,,,,,,,,,,,,,,,,,,,,,2.1266253823087227,24.0,0.0886093909295301,0.0612478678813445,1.6026112925902976,0.0547441759807102,0.0022407457201756,2237.0,2236.0,0.0,0.9995529727313366,0.0,0.0,0.0,0.0,37.0,0.0,0.0,0.0,0.0,0.0,0.0,0.0,37.0,0.0,0.0,0.0,0.0,0.0,0.0,0.0,1.0
3,inactive,3,red,3,0-3,,,,119.12,10680.88,1.0,119.12,,,,,,,,,,,,,1,119.12,119.12,0.011152639108388,9.36252443618878e-05,,,,,,,,,,,,,,,,,,,,,,,,,,,,,,,,,,,,,,,,,,,,,,,,,,,,,,,,,2979.0,2671.6666666666665,0.0,0.8968333892805191,0.0,,,,,,,,,,,,,,,,,,,,
3,inactive,3,yellow,3,0-3,,,,111.88,10688.12,2.0,55.94,,,,,,,,,,,,,1,119.12,119.12,0.0111450844489021,9.35618237819186e-05,,,,,,,,,,,,,,,,,,,,,,,,,,,,,,,,,,,,,,,,,,,,,,,,,,0.2592993099637166,6.0,0.0432165516606194,0.0259551388727906,1.3906059590193347,0.026750979301422,0.0005613709426915,2799.0,2610.6666666666665,0.0,0.932714064546862,0.0,,,,,,,,,,,,,,,,,,,,
3,inactive,4,blue,3,0-3,,,,122.96,10677.04,1.0,122.96,,,,,,,,,,,,,1,122.96,122.96,0.011516300397863,9.365891670350585e-05,,,,,,,,,,,,,,,,,,,,,,,,,,,,,,,,,,,,,,,,,,,,,,,,,,,,,,,,,3075.0,3075.0,0.0,1.0,0.0,,,,,,,,,,,,,,,,,,,,
3,inactive,4,green,3,0-3,,,,122.96,10677.04,1.0,122.96,,,,,,,,,,,,,1,122.96,122.96,0.011516300397863,9.365891670350585e-05,,,,,,,,,,,,,,,,,,,,,,,,,,,,,,,,,,,,,,,,,,,,,,,,,,,,,,,,,3075.0,3075.0,0.0,1.0,0.0,,,,,,,,,,,,,,,,,,,,
3,inactive,4,red,3,0-3,,,,122.96,10677.04,1.0,122.96,,,,,,,,,,,,,1,122.96,122.96,0.011516300397863,9.365891670350585e-05,,,,,,,,,,,,,,,,,,,,,,,,,,,,,,,,,,,,,,,,,,,,,,,,,,,,,,,,,3075.0,3075.0,0.0,1.0,0.0,,,,,,,,,,,,,,,,,,,,
3,inactive,4,yellow,3,0-3,,,,122.96,10677.04,1.0,122.96,,,,,,,,,,,,,1,122.96,122.96,0.011516300397863,9.365891670350585e-05,,,,,,,,,,,,,,,,,,,,,,,,,,,,,,,,,,,,,,,,,,,,,,,,,,,,,,,,,3075.0,3075.0,0.0,1.0,0.0,,,,,,,,,,,,,,,,,,,,
3,inactive,5,blue,3,0-3,,,,88.36,10711.64,3.0,29.453333333333333,,,1.0,4.32,4.32,0.0004032995881116,9.335638613695008e-05,,,,,,2,106.44,53.22,0.0099368537404169,0.0001867127722739,,,,,,,,,,,,,,,,,,,,,,,,,,1.0,2.8,2.8,0.0002613978811834,9.335638613695008e-05,,,,,,,,,,,,,,,,,,,,1.269708347464754,21.0,0.0604623022602263,0.0198282125684961,1.9493541553962968,0.0668220411987689,0.0019604841088759,2212.0,1091.3333333333333,271.0,0.4933694996986136,0.1225135623869801,0.0,0.0,109.0,0.0,0.0,0.0,0.0,0.0,0.0,0.0,109.0,0.0,0.0,0.0,0.0,0.0,0.0,1.0,0.0,0.0
3,inactive,5,green,3,0-3,,,,34.52,10765.48,6.0,5.753333333333334,,,,,,,,,,,,,6,92.28,15.38,0.0085718425931774,0.0005573369696474,,,,,,,,,,,,,,,,,,,,,,,,,,1.0,4.92,4.92,0.0004570163151108,9.288949494123812e-05,,,,,,,,,,,,,,,,,,,,2.0718117853034266,72.0,0.0287751636847698,0.0168960821458369,2.100620171649942,0.0262835827500496,0.0066880436357691,869.0,611.3333333333333,4.0,0.7034906022247793,0.004602991944764,,,,,,,,,,,,,,,,,,,,
3,inactive,5,red,3,0-3,1.0,1.72,1.72,52.84,10747.16,4.0,13.21,0.0001600422809374,9.304783775434626e-05,,,,,,1.0,3.44,3.44,0.0003200845618749,9.304783775434626e-05,3,102.96,34.32,0.0095802053751874,0.000279143513263,,,,,,,,,,,,,,,,,,,,,,,,,,2.0,14.4,7.2,0.0013398888636625,0.0001860956755086,,,,,,,,,,,,,,,,,,,,3.103441782909369,56.0,0.0554186032662387,0.0112518741417455,1.8741257401203395,0.0388831449834191,0.0052106789142433,1325.0,851.6666666666667,0.0,0.6427672955974844,0.0,0.0,0.0,87.0,44.0,0.0,0.0,0.0,0.0,0.0,0.0,87.0,44.0,0.0,0.0,0.0,0.0,0.0,1.0,0.0,1.0
3,inactive,5,yellow,3,0-3,,,,74.6,10725.4,8.0,9.325,,,,,,,,,,,,,1,112.48,112.48,0.0104872545546086,9.323661588378988e-05,,,,,,,,,,,,,,,,1.0,4.96,4.96,0.0004624536147835,9.323661588378988e-05,,,,,,1.0,2.68,2.68,0.0002498741305685,9.323661588378988e-05,,,,,,,,,,,,,,,,,,,,0.9611830802171346,30.0,0.0320394360072378,0.0151209229759831,1.6334313440095696,0.0308370092043305,0.0027970984765136,1873.0,889.0,285.0,0.4746396155899626,0.1521623064602242,0.0,125.0,0.0,0.0,0.0,0.0,0.0,0.0,0.0,125.0,0.0,0.0,0.0,0.0,0.0,1.0,0.0,0.0,0.0,0.0
3,inactive,6,blue,3,0-3,,,,103.72,10696.28,8.0,12.965,,,,,,,,,,,,,1,115.88,115.88,0.0108336730152912,9.34904471461106e-05,,,,,,,,,,,,,,,,,,,,,,,,,,,,,,,,,,,,,,,,,,,,,,,,,,0.8242337304876716,5.0,0.1648467460975343,0.1800384107046498,0.8081561104474206,0.0847852191416468,0.0004674522357305,2601.0,1764.3333333333333,146.0,0.6783288478790208,0.0561322568242983,,,,,,,,,,,,,,,,,,,,
3,inactive,6,green,3,0-3,,,,66.48,10733.52,9.0,7.386666666666667,,,,,,,,1.0,5.4,5.4,0.0005030968405518,9.316608158367431e-05,3,106.36,35.45333333333333,0.0099091444372396,0.000279498244751,,,,,,,,,,,,,,,,,,,,,,,,,,,,,,,,,,,,,,,,,,,,,,,,,,4.096847708200648,42.0,0.0975439930523963,0.030496246442896,1.715287520245041,0.0947427395873234,0.0039129754265143,1671.0,1405.0,12.0,0.8408138839018552,0.0071813285457809,0.0,0.0,136.0,0.0,0.0,0.0,0.0,0.0,0.0,0.0,136.0,0.0,0.0,0.0,0.0,0.0,0.0,1.0,0.0,0.0
3,inactive,6,red,3,0-3,,,,105.6,10694.4,4.0,26.4,,,,,,,,,,,,,1,115.88,115.88,0.0108355774985038,9.350688210652303e-05,,,,,,,,,,,,,,,,,,,,,,,,,,,,,,,,,,,,,,,,,,,,,,,,,,0.6843175130372057,6.0,0.1140529188395342,0.0966062906148725,1.6072871851229982,0.1876190232845007,0.0005610412926391,2644.0,1822.6666666666663,82.0,0.6893595562279374,0.0310136157337367,,,,,,,,,,,,,,,,,,,,
3,inactive,6,yellow,3,0-3,,,,63.6,10736.4,8.0,7.95,,,,,,,,,,,,,1,115.88,115.88,0.0107931895234901,9.31410901233188e-05,,,,,,,,,,,,,,,,,,,,,,,,,,,,,,,,,,,,,,,,,,,,,,,,,,2.764167989376326,45.0,0.0614259553194738,0.0104839601826518,1.9230165271153472,0.0774085836846649,0.0041913490555493,1598.0,1373.3333333333333,0.0,0.8594075928243637,0.0,,,,,,,,,,,,,,,,,,,,
3,inactive,7,blue,3,0-3,,,,106.88,10693.12,4.0,26.72,,,,,,,,,,,,,2,112.44,56.22,0.0105151723725161,0.0001870361503471,,,,,,,,,,,,,,,,,,,,,,,,,,,,,,,,,,,,,,,,,,,,,,,,,,0.1057311427403839,5.0,0.0211462285480767,0.0248205558812554,1.5673282559407755,0.0085198001473263,0.0004675903758678,2676.0,1318.6666666666667,83.0,0.4927752864972596,0.03101644245142,,,,,,,,,,,,,,,,,,,,
3,inactive,7,green,3,0-3,,,,,,,,,,,,,,,,,,,,1,115.88,115.88,,,,,,,,4.0,52.76,13.19,,,,,,,,,,,,,,,,,,2.0,8.28,4.14,,,,,,,,,,,,,,,,,,,,,,2.9732544093157993,115.0,0.0258543861679634,0.0044454686569231,2.6276572757193257,0.0197149392730653,,,,,,,1323.0,0.0,0.0,0.0,0.0,0.0,0.0,0.0,1323.0,0.0,0.0,0.0,0.0,1.0,0.0,0.0,0.0,0.0,0.0,0.0
3,inactive,7,red,3,0-3,,,,101.8,10698.2,4.0,25.45,,,,,,,,,,,,,1,115.88,115.88,0.0108317287020246,9.347366846759269e-05,,,,,,,,,,,,,,,,,,,,,,,,,,,,,,,,,,,,,,,,,,,,,,,,,,0.7617101880055936,10.0,0.0761710188005593,0.0207851170536831,1.5042721875028768,0.0562074801700304,0.0009347366846759,2549.0,1270.3333333333333,101.0,0.4983653720413233,0.0396233817183209,,,,,,,,,,,,,,,,,,,,
3,inactive,7,yellow,3,0-3,,,,66.48,10733.52,5.0,13.296,,,,,,,,,,,,,1,115.88,115.88,0.0107960855339161,9.316608158367431e-05,,,,,,,,,,,,,,,,1.0,1.24,1.24,0.0001155259411637,9.316608158367431e-05,,,,,,,,,,,,,,,,,,,,,,,,,,,,,,1.6869536156187954,44.0,0.0383398549004271,0.0143956985967522,2.168462602991335,0.0450102457933359,0.0040993075896816,1667.0,983.0,81.0,0.5896820635872825,0.0485902819436112,0.0,32.0,0.0,0.0,0.0,0.0,0.0,0.0,0.0,32.0,0.0,0.0,0.0,0.0,0.0,1.0,0.0,0.0,0.0,0.0
3,inactive,8,blue,3,0-3,,,,108.08,10691.92,3.0,36.026666666666664,,,,,,,,,,,,,1,115.88,115.88,0.0108380908199836,9.352857110790203e-05,,,,,,,,,,,,,,,,,,,,,,,,,,,,,,,,,,,,,,,,,,,,,,,,,,0.3482171599627999,5.0,0.0696434319925599,0.0544243386241004,1.831634825256997,0.0225802827246567,0.0004676428555395,2705.0,1153.6666666666663,550.0,0.4264941466420209,0.2033271719038817,,,,,,,,,,,,,,,,,,,,
3,inactive,8,green,3,0-3,2.0,11.04,5.52,74.24,10725.76,9.0,8.248888888888889,0.001029297690793,0.0001864669729697,,,,,,,,,,,1,97.6,97.6,0.0090995882809236,9.32334864848738e-05,,,,,,,,,,,,,,,,,,,,,,,,,,,,,,,1.0,3.24,3.24,0.0003020764962109,9.32334864848738e-05,,,,,,,,,,,,,,,3.9191916724663463,37.0,0.1059240992558472,0.0558877819636021,1.6766965845026254,0.0782194123559492,0.0034496389999403,1865.0,1018.6666666666664,115.0,0.546201966041108,0.0616621983914209,0.0,0.0,0.0,278.0,0.0,0.0,0.0,106.0,0.0,0.0,0.0,172.0,0.0,0.0,0.0,0.0,0.0,0.0,0.381294964028777,0.6187050359712231
3,inactive,8,red,3,0-3,,,,70.48,10729.52,5.0,14.096,,,,,,,,,,,,,1,115.88,115.88,0.010800110349764,9.320081420231289e-05,,,,,,,,,,,,,,,,1.0,2.92,2.92,0.0002721463774707,9.320081420231289e-05,,,,,,,,,,,,,,,,,,,,,,,,,,,,,,0.5694476163324731,43.0,0.0132429678216854,0.003736150289483,1.953844363229592,0.0084788904007929,0.0040076350106994,1767.0,1024.3333333333337,0.0,0.5797019430296171,0.0,0.0,74.0,0.0,0.0,0.0,0.0,0.0,0.0,0.0,74.0,0.0,0.0,0.0,0.0,0.0,1.0,0.0,0.0,0.0,0.0
3,inactive,8,yellow,3,0-3,3.0,108.92,36.306666666666665,,,,,,,,,,,,,,,,,2,10.04,5.02,,,,,,,,,,,,,,,,,,,,,,,,,,,,1.0,2.2,2.2,,,,,,,,,,,,,,,,,,,,,,0.3551329092417073,115.0,0.0030881122542757,0.0021052628271519,2.3313702107372274,0.0023653573158466,,,,,,,0.0,0.0,0.0,2726.0,0.0,0.0,0.0,106.0,0.0,0.0,0.0,2620.0,0.0,0.0,0.0,0.0,0.0,0.0,0.0388848129126925,0.9611151870873074
