day,phase,box,mouse,time_bin,time_window,s_wall_count,s_wall_duration,s_wall_mean_duration,nest_duration,outside_nest_duration,nest_count,nest_mean_duration,s_wall_duration_fraction,s_wall_event_rate,ramp1_count,ramp1_duration,ramp1_mean_duration,ramp1_duration_fraction,ramp1_event_rate,ramp2_count,ramp2_duration,ramp2_mean_duration,ramp2_duration_fraction,ramp2_event_rate,non_wall_count,non_wall_duration,non_wall_mean_duration,non_wall_duration_fraction,non_wall_event_rate,woodstick_count,woodstick_duration,woodstick_mean_duration,woodstick_duration_fraction,woodstick_event_rate,feeder_prox_count,feeder_prox_duration,feeder_prox_mean_duration,feeder_prox_duration_fraction,feeder_prox_event_rate,feeder_dist_count,feeder_dist_duration,feeder_dist_mean_duration,feeder_dist_duration_fraction,feeder_dist_event_rate,water_prox_count,water_prox_duration,water_prox_mean_duration,water_prox_duration_fraction,water_prox_event_rate,water_dist_count,water_dist_duration,water_dist_mean_duration,water_dist_duration_fraction,water_dist_event_rate,motionless_count,motionless_duration,motionless_mean_duration,motionless_duration_fraction,motionless_event_rate,speeding_count,speeding_duration,speeding_mean_duration,speeding_duration_fraction,speeding_event_rate,chasing_duration,chasing_count,chasing_mean_duration,chased_duration,chased_count,chased_mean_duration,chasing_duration_fraction,chasing_event_rate,chased_duration_fraction,chased_event_rate,chasing_duration_ratio,chased_duration_ratio,chasing_event_ratio,chased_event_ratio,total_distance,valid_locomotion_duration,mean_speed,median_speed,mean_abs_angular_velocity,mean_abs_acceleration,valid_locomotion_duration_fraction,nest_frames,weighted_sum,alone_sum,weighted_co_occupancy,alone_fraction,feeding_frames,drinking_frames,ramps_frames,s_wall_frames,feeding_together_frames,drinking_together_frames,ramps_together_frames,s_wall_together_frames,feeding_alone_frames,drinking_alone_frames,ramps_alone_frames,s_wall_alone_frames,feeding_together_fraction,feeding_alone_fraction,drinking_together_fraction,drinking_alone_fraction,ramps_together_fraction,ramps_alone_fraction,s_wall_together_fraction,s_wall_alone_fraction
0,inactive,1,blue,12,6-12,,,,223.0,21377.0,1.0,223.0,,,,,,,,,,,,,1.0,226.0,226.0,0.0105721102119099,4.6779248725265475e-05,,,,,,,,,,,,,,,,,,,,,,,,,,,,,,,,,,,,,,,,,,,,,,,,,,0.0,0,,,,,0.0,5576.0,1859.3333333333337,109.0,0.333452893352463,0.0195480631276901,,,,,,,,,,,,,,,,,,,,
0,inactive,1,green,12,6-12,1.0,4.76,4.76,,,,,,,2.0,17.68,8.84,,,1.0,4.2,4.2,,,7.0,177.36,25.337142857142855,,,,,,,,6.0,15.64,2.606666666666667,,,8.0,22.56,2.82,,,1.0,0.4,0.4,,,1.0,1.44,1.44,,,3.0,7.48,2.4933333333333336,,,,,,,,,,,,,,,,,,,,,,12.124265874263925,226,0.0536471941339111,0.0315003624616677,1.8864998667653483,0.0469898028993895,,,,,,,969.0,48.0,550.0,120.0,0.0,0.0,0.0,0.0,969.0,48.0,550.0,120.0,0.0,1.0,0.0,1.0,0.0,1.0,0.0,1.0
0,inactive,1,red,12,6-12,1.0,40.84,40.84,4.4,21595.6,1.0,4.4,0.001891125970105,4.630572894478505e-05,,,,,,1.0,9.76,9.76,0.0004519439145011,4.630572894478505e-05,7.0,89.36,12.765714285714283,0.0041378799385059,0.0003241401026134,,,,,,,,,,,,,,,,,,,,,,,,,,3.0,7.48,2.4933333333333336,0.0003463668525069,0.0001389171868343,,,,,,,,,,,,,,,,,,,,5.360383101608427,222,0.0241458698270649,0.0081193279092668,1.8211666989035853,0.0237987843145396,0.0102798718257422,111.0,74.00000000000003,0.0,0.666666666666667,0.0,0.0,0.0,245.0,1022.0,0.0,0.0,0.0,0.0,0.0,0.0,245.0,1022.0,0.0,0.0,0.0,0.0,0.0,1.0,0.0,1.0
0,inactive,1,yellow,12,6-12,,,,218.52,21381.48,4.0,54.63,,,,,,,,,,,,,1.0,226.0,226.0,0.0105698950680682,4.676944720384183e-05,,,,,,,,,,,,,,,,,,,,,,,,,,,,,,,,,,,,,,,,,,,,,,,,,,0.0,1,0.0,0.0,0.0,,4.676944720384183e-05,5467.0,1859.3333333333337,0.0,0.3401012133406499,0.0,,,,,,,,,,,,,,,,,,,,
0,inactive,2,blue,12,6-12,,,,197.28,21402.72,4.0,49.32,,,,,,,,,,,,,1.0,226.0,226.0,0.0105594055335022,4.67230333340809e-05,,,,,,,,,,,,,,,,,,,,,,,,,,,,,,,,,,,,,,,,,,,,,,,,,,0.2137979136431103,23,0.0092955614627439,0.0028672407022761,1.6005480364717275,0.0083055322537063,0.0010746297666838,4936.0,4040.0,0.0,0.8184764991896273,0.0,,,,,,,,,,,,,,,,,,,,
0,inactive,2,green,12,6-12,2.0,3.08,1.54,116.84,21483.16,2.0,58.42,0.0001433681078575,9.309617393344368e-05,,,,,,1.0,2.6,2.6,0.0001210250261134,4.654808696672184e-05,2.0,206.12,103.06,0.0095944916855807,9.309617393344368e-05,,,,,,,,,,,,,,,,,,,,,,,,,,3.0,11.2,3.733333333333333,0.0005213385740272,0.0001396442609001,,,,,,,,,,,,,,,,,,,,5.465472101948967,105,0.0520521152566568,0.013518691018832,1.8371529451243864,0.0451003213904549,0.0048875491315057,2923.0,2854.6666666666665,0.0,0.9766221918120652,0.0,0.0,0.0,66.0,79.0,0.0,0.0,0.0,0.0,0.0,0.0,66.0,79.0,0.0,0.0,0.0,0.0,0.0,1.0,0.0,1.0
0,inactive,2,red,12,6-12,,,,223.0,21377.0,1.0,223.0,,,,,,,,,,,,,1.0,226.0,226.0,0.0105721102119099,4.6779248725265475e-05,,,,,,,,,,,,,,,,,,,,,,,,,,,,,,,,,,,,,,,,,,,,,,,,,,0.0,0,,,,,0.0,5576.0,4240.333333333333,39.0,0.7604615016738402,0.0069942611190817,,,,,,,,,,,,,,,,,,,,
0,inactive,2,yellow,12,6-12,,,,194.44,21405.56,1.0,194.44,,,,,,,,,,,,,3.0,217.28,72.42666666666666,0.0101506337605743,0.0001401505029534,,,,,,,,,,,,,,,,,,,,,,,,,,,,,,,,,,,,,,,,,,,,,,,,,,2.9759238311163467,27,0.1102194011524572,0.1217560104798511,2.001431513535495,0.0753215161532609,0.0012613545265809,4862.0,3975.666666666667,0.0,0.8177019059372002,0.0,,,,,,,,,,,,,,,,,,,,
0,inactive,3,blue,12,6-12,,,,223.0,21377.0,1.0,223.0,,,,,,,,,,,,,1.0,226.0,226.0,0.0105721102119099,4.6779248725265475e-05,,,,,,,,,,,,,,,,,,,,,,,,,,,,,,,,,,,,,,,,,,,,,,,,,,0.0,0,,,,,0.0,5576.0,5324.0,0.0,0.95480631276901,0.0,,,,,,,,,,,,,,,,,,,,
0,inactive,3,green,12,6-12,,,,202.96,21397.04,6.0,33.82666666666667,,,,,,,,,,,,,1.0,226.0,226.0,0.0105622086045546,4.673543630333915e-05,,,,,,,,,,,,,,,,,,,,,,,,,,,,,,,,,,,,,,,,,,,,,,,,,,0.2777631802992909,16,0.0173601987687056,0.0131063051540446,1.2885768423937654,0.0116710319415856,0.0007477669808534,5080.0,5045.0,0.0,0.9931102362204725,0.0,,,,,,,,,,,,,,,,,,,,
0,inactive,3,red,12,6-12,,,,214.92,21385.08,3.0,71.64,,,,,,,,,,,,,2.0,223.52,111.76,0.0104521470109066,9.352314791434027e-05,,,,,,,,,,,,,,,,,,,,,,,,,,,,,,,,,,,,,,,,,,,,,,,,,,0.5381982272694319,5,0.1076396454538863,0.1135454995192429,2.198406992075882,0.114508300064046,0.0002338078697858,5376.0,5230.333333333333,0.0,0.9729042658730158,0.0,,,,,,,,,,,,,,,,,,,,
0,inactive,3,yellow,12,6-12,,,,220.52,21379.48,3.0,73.50666666666667,,,,,,,,,,,,,1.0,226.0,226.0,0.0105708838568571,4.6773822375474055e-05,,,,,,,,,,,,,,,,,,,,,,,,,,,,,,,,,,,,,,,,,,,,,,,,,,0.0,0,,,,,0.0,5516.0,5296.0,0.0,0.960116026105874,0.0,,,,,,,,,,,,,,,,,,,,
0,inactive,4,blue,12,6-12,,,,221.92,21378.08,2.0,110.96,,,,,,,,,,,,,1.0,226.0,226.0,0.0105715761190902,4.677688548270003e-05,,,,,,,,,,,,,,,,,,,,,,,,,,,,,,,,,,,,,,,,,,,,,,,,,,0.0,0,,,,,0.0,5550.0,3224.333333333334,358.0,0.5809609609609611,0.0645045045045045,,,,,,,,,,,,,,,,,,,,
0,inactive,4,green,12,6-12,2.0,7.04,3.52,86.0,21514.0,7.0,12.285714285714286,0.0003272287812587,9.296272194849865e-05,,,,,,,,,,,7.0,194.4,27.771428571428572,0.009035976573394,0.0003253695268197,,,,,,,,,,,,,,,,1.0,2.52,2.52,0.0001171330296551,4.648136097424932e-05,,,,,,,,,,,2.0,5.8,2.9,0.0002695918936506,9.296272194849865e-05,3.6,4.0,0.9,0.0,0.0,0.0,0.0001673328995072,0.0001859254438969,0.0,0.0,1.0,0.0,1.0,0.0,8.21856080259256,134,0.0613325433029295,0.0208964556063694,2.0466718675766624,0.0577050802941676,0.0062285023705494,2157.0,1876.0,0.0,0.8697264719517848,0.0,0.0,64.0,0.0,178.0,0.0,0.0,0.0,0.0,0.0,64.0,0.0,178.0,0.0,0.0,0.0,1.0,0.0,0.0,0.0,1.0
0,inactive,4,red,12,6-12,,,,101.6,21498.4,6.0,16.933333333333334,,,2.0,9.36,4.68,0.0004353812376735,9.303017899006436e-05,,,,,,2.0,217.72,108.86,0.0101272652848584,9.303017899006436e-05,,,,,,,,,,,,,,,,1.0,1.4,1.4,6.512112529304505e-05,4.6515089495032185e-05,,,,,,2.0,9.52,4.76,0.0004428236519927,9.303017899006436e-05,4.0,10.52,2.63,0.0004893387414877,0.0001860603579801,0.0,0.0,0.0,3.6,4.0,0.9,0.0,0.0,0.0001674543221821,0.0001860603579801,0.0,1.0,0.0,1.0,7.792885842164691,118,0.0660414054420736,0.0109729405048711,1.8283682225789684,0.0585644455254673,0.0054887805604137,2546.0,2113.0,0.0,0.8299293008641005,0.0,0.0,36.0,236.0,0.0,0.0,0.0,0.0,0.0,0.0,36.0,236.0,0.0,0.0,0.0,0.0,1.0,0.0,1.0,0.0,0.0
0,inactive,4,yellow,12,6-12,,,,199.52,21400.48,5.0,39.904,,,,,,,,,,,,,1.0,226.0,226.0,0.0105605107922812,4.6727923859651746e-05,,,,,,,,,,,,,,,,,,,,,,,,,,,,,,,,,,,,,,,,,,,,,,,,,,2.0819925721202344,22,0.0946360260054652,0.0558025806211535,2.577007880289426,0.0790233258167865,0.0010280143249123,4993.0,3149.3333333333335,23.0,0.6307497162694439,0.00460644902864,,,,,,,,,,,,,,,,,,,,
0,inactive,5,blue,12,6-12,,,,224.0,21376.0,1.0,224.0,,,,,,,,,,,,,1.0,227.0,227.0,0.0106193862275449,4.6781437125748506e-05,,,,,,,,,,,,,,,,,,,,,,,,,,,,,,,,,,,,,,,,,,,,,,,,,,0.0,0,,,,,0.0,5601.0,3322.0,0.0,0.5931083735047313,0.0,,,,,,,,,,,,,,,,,,,,
0,inactive,5,green,12,6-12,2.0,5.4,2.7,114.72,21485.28,7.0,16.388571428571428,0.0002513348674068,9.308698792847942e-05,,,,,,1.0,9.44,9.44,0.0004393705830224,4.654349396423971e-05,1.0,227.0,227.0,0.0105653731298824,4.654349396423971e-05,,,,,,1.0,1.92,1.92,8.936350841134023e-05,4.654349396423971e-05,1.0,1.76,1.76,8.191654937706189e-05,4.654349396423971e-05,,,,,,2.0,13.88,6.94,0.0006460236962236,9.308698792847942e-05,1.0,8.48,8.48,0.0003946888288167,4.654349396423971e-05,,,,,,,,,,,,,,,,,,,,6.094216262269061,103,0.0591671481773695,0.0208399830142879,2.095195046359432,0.0602683343627444,0.0047939798783166,2875.0,2209.333333333333,0.0,0.768463768115942,0.0,94.0,349.0,237.0,137.0,13.0,54.0,165.0,87.0,81.0,295.0,72.0,50.0,0.1382978723404255,0.8617021276595744,0.154727793696275,0.8452722063037249,0.6962025316455697,0.3037974683544304,0.635036496350365,0.364963503649635
0,inactive,5,red,12,6-12,,,,224.0,21376.0,1.0,224.0,,,,,,,,,,,,,1.0,227.0,227.0,0.0106193862275449,4.6781437125748506e-05,,,,,,,,,,,,,,,,,,,,,,,,,,,,,,,,,,,,,,,,,,,,,,,,,,0.0,0,,,,,0.0,5601.0,3322.0,0.0,0.5931083735047313,0.0,,,,,,,,,,,,,,,,,,,,
0,inactive,5,yellow,12,6-12,2.0,9.04,4.52,59.36,21540.64,6.0,9.893333333333333,0.0004196718389054,9.28477519702293e-05,,,,,,1.0,6.6,6.6,0.0003063975815017,4.642387598511465e-05,2.0,216.28,108.14,0.0100405558980605,9.28477519702293e-05,,,,,,6.0,21.16,3.526666666666667,0.000982329215845,0.0002785432559106,2.0,3.44,1.72,0.0001596981333887,9.28477519702293e-05,,,,,,2.0,10.68,5.34,0.000495806995521,9.28477519702293e-05,1.0,3.56,3.56,0.000165268998507,4.642387598511465e-05,,,,,,,,,,,,,,,,,,,,7.9271251873224,157,0.0504912432313528,0.0080723847910248,2.1929563410927697,0.0479102951340781,0.007288548529663,1490.0,1286.0,0.0,0.8630872483221477,0.0,623.0,269.0,166.0,228.0,13.0,54.0,165.0,87.0,610.0,215.0,1.0,141.0,0.0208667736757624,0.9791332263242376,0.2007434944237918,0.7992565055762082,0.993975903614458,0.0060240963855421,0.3815789473684211,0.618421052631579
0,inactive,6,blue,12,6-12,,,,224.0,21376.0,1.0,224.0,,,,,,,,,,,,,1.0,227.0,227.0,0.0106193862275449,4.6781437125748506e-05,,,,,,,,,,,,,,,,,,,,,,,,,,,,,,,,,,,,,,,,,,,,,,,,,,0.0,0,,,,,0.0,5601.0,5601.0,0.0,1.0,0.0,,,,,,,,,,,,,,,,,,,,
0,inactive,6,green,12,6-12,,,,224.0,21376.0,1.0,224.0,,,,,,,,,,,,,1.0,227.0,227.0,0.0106193862275449,4.6781437125748506e-05,,,,,,,,,,,,,,,,,,,,,,,,,,,,,,,,,,,,,,,,,,,,,,,,,,0.0,0,,,,,0.0,5601.0,5601.0,0.0,1.0,0.0,,,,,,,,,,,,,,,,,,,,
0,inactive,6,red,12,6-12,,,,224.0,21376.0,1.0,224.0,,,,,,,,,,,,,1.0,227.0,227.0,0.0106193862275449,4.6781437125748506e-05,,,,,,,,,,,,,,,,,,,,,,,,,,,,,,,,,,,,,,,,,,,,,,,,,,0.0,0,,,,,0.0,5601.0,5601.0,0.0,1.0,0.0,,,,,,,,,,,,,,,,,,,,
0,inactive,6,yellow,12,6-12,,,,224.0,21376.0,1.0,224.0,,,,,,,,,,,,,1.0,227.0,227.0,0.0106193862275449,4.6781437125748506e-05,,,,,,,,,,,,,,,,,,,,,,,,,,,,,,,,,,,,,,,,,,,,,,,,,,0.0,0,,,,,0.0,5601.0,5601.0,0.0,1.0,0.0,,,,,,,,,,,,,,,,,,,,
0,inactive,7,blue,12,6-12,,,,224.0,21376.0,1.0,224.0,,,,,,,,,,,,,1.0,227.0,227.0,0.0106193862275449,4.6781437125748506e-05,,,,,,,,,,,,,,,,,,,,,,,,,,,,,,,,,,,,,,,,,,,,,,,,,,0.0,0,,,,,0.0,5601.0,5601.0,0.0,1.0,0.0,,,,,,,,,,,,,,,,,,,,
0,inactive,7,green,12,6-12,,,,224.0,21376.0,1.0,224.0,,,,,,,,,,,,,1.0,227.0,227.0,0.0106193862275449,4.6781437125748506e-05,,,,,,,,,,,,,,,,,,,,,,,,,,,,,,,,,,,,,,,,,,,,,,,,,,0.0,0,,,,,0.0,5601.0,5601.0,0.0,1.0,0.0,,,,,,,,,,,,,,,,,,,,
0,inactive,7,red,12,6-12,,,,224.0,21376.0,1.0,224.0,,,,,,,,,,,,,1.0,227.0,227.0,0.0106193862275449,4.6781437125748506e-05,,,,,,,,,,,,,,,,,,,,,,,,,,,,,,,,,,,,,,,,,,,,,,,,,,0.0,0,,,,,0.0,5601.0,5601.0,0.0,1.0,0.0,,,,,,,,,,,,,,,,,,,,
0,inactive,7,yellow,12,6-12,,,,224.0,21376.0,1.0,224.0,,,,,,,,,,,,,1.0,227.0,227.0,0.0106193862275449,4.6781437125748506e-05,,,,,,,,,,,,,,,,,,,,,,,,,,,,,,,,,,,,,,,,,,,,,,,,,,0.0,0,,,,,0.0,5601.0,5601.0,0.0,1.0,0.0,,,,,,,,,,,,,,,,,,,,
0,inactive,8,blue,12,6-12,,,,,,,,,,,,,,,,,,,,,,,,,,,,,,,,,,,,,,,,,,,,,,,,,,,,,,,,,,,,,,,,,,,,,,,,,,0.0,0,,,,,,,,,,,,,,,,,,,,,,,,,,,,,,
0,inactive,8,green,12,6-12,1.0,2.52,2.52,72.68,21527.32,2.0,36.34,0.0001170605537521,4.645260069530253e-05,,,,,,,,,,,4.0,204.72,51.18,0.0095097764143423,0.0001858104027812,,,,,,5.0,94.16,18.832,0.0043739768814696,0.0002322630034765,,,,,,,,,,,,,,,,,,,,,2.0,6.4,3.2,0.0002972966444499,9.290520139060506e-05,,,,,,,,,,,,,,,4.124732361471235,146,0.0282515915169262,0.0056461916799912,2.265608262694365,0.0193851367605416,0.0067820797015141,1819.0,1212.6666666666663,0.0,0.6666666666666666,0.0,2359.0,0.0,0.0,64.0,0.0,0.0,0.0,0.0,2359.0,0.0,0.0,64.0,0.0,1.0,0.0,0.0,0.0,0.0,0.0,1.0
0,inactive,8,red,12,6-12,,,,224.0,21376.0,1.0,224.0,,,,,,,,,,,,,1.0,227.0,227.0,0.0106193862275449,4.6781437125748506e-05,,,,,,,,,,,,,,,,,,,,,,,,,,,,,,,,,,,,,,,,,,,,,,,,,,0.0,0,,,,,0.0,5601.0,2473.3333333333335,0.0,0.4415878117002916,0.0,,,,,,,,,,,,,,,,,,,,
0,inactive,8,yellow,12,6-12,,,,224.0,21376.0,1.0,224.0,,,,,,,,,,,,,1.0,227.0,227.0,0.0106193862275449,4.6781437125748506e-05,,,,,,,,,,,,,,,,,,,,,,,,,,,,,,,,,,,,,,,,,,,,,,,,,,0.0,0,,,,,0.0,5601.0,2473.3333333333335,0.0,0.4415878117002916,0.0,,,,,,,,,,,,,,,,,,,,
1,active,1,blue,18,12-18,32.0,389.96,12.18625,15282.04,6317.959999999999,114.0,134.05298245614037,0.0617224547163958,0.0050649260204243,25.0,106.76,4.2704,0.0168978594356406,0.0039569734534564,49.0,384.12,7.839183673469388,0.0607981057176683,0.0077556679687747,178.0,20148.24,113.1923595505618,3.1890420325548128,0.0281736509886102,1.0,1.16,1.16,0.0001836035682403,0.0001582789381382,110.0,405.08,3.6825454545454543,0.0641156322610462,0.0174106831952085,133.0,674.76,5.073383458646616,0.1068002962981722,0.0210510987723885,26.0,222.16,8.544615384615385,0.0351632488967958,0.0041152523915947,8.0,26.52,3.315,0.0041975574394266,0.001266231505106,105.0,421.36,4.012952380952381,0.0666924133739371,0.0166192885045172,8.0,19.68,2.46,0.0031149295025609,0.001266231505106,4.6,4.0,1.15,4.4,5.0,0.8800000000000001,0.0007280831154359,0.000633115752553,0.0006964273278083,0.0007913946906912,0.5111111111111111,0.4888888888888889,0.4444444444444444,0.5555555555555556,208.83757382357788,6103,0.0342188389027655,0.0080221062154774,2.0011684968626877,0.0305473092938302,0.9659763594577998,382165.0,244465.99999999997,24479.0,0.6396870461711563,0.0640534847513508,27239.0,6251.0,12346.0,9781.0,4100.0,188.0,2103.0,1714.0,23139.0,6063.0,10243.0,8067.0,0.1505194757516795,0.8494805242483204,0.0300751879699248,0.9699248120300752,0.1703385711971488,0.8296614288028511,0.1752377057560576,0.8247622942439423
1,active,1,blue,24,18-24,75.0,753.28,10.043733333333334,15581.48,6018.52,98.0,158.994693877551,0.1251603384220705,0.0124615353940835,26.0,158.48,6.095384615384615,0.0263320550567249,0.0043199989366156,52.0,423.88,8.151538461538461,0.0704292749712553,0.0086399978732312,163.0,19863.48,121.86184049079756,3.300392787595621,0.027083070256475,2.0,2.36,1.18,0.0003921229804004,0.0003323076105088,68.0,283.72,4.172352941176471,0.0471411576267919,0.0112984587573024,147.0,610.68,4.154285714285714,0.1014668057927862,0.0244246093724038,20.0,202.16,10.108,0.0335896532702391,0.0033230761050889,6.0,16.56,2.76,0.0027515070150136,0.0009969228315266,92.0,412.44,4.4830434782608695,0.0685284754391445,0.0152861500834092,2.0,5.88,2.94,0.0009769843748961,0.0003323076105088,10.4,10.0,1.04,4.6,5.0,0.92,0.0017279995746462,0.0016615380525444,0.0007643075041704,0.0008307690262722,0.6933333333333334,0.3066666666666666,0.6666666666666666,0.3333333333333333,194.65547240195428,5924,0.032858790074604,0.0077704597819946,2.047593678832308,0.0311482602820595,0.9842951423273496,389635.0,264638.99999999994,37497.0,0.6791971973770322,0.0962362210787018,22575.0,5494.0,14637.0,18907.0,9439.0,397.0,2214.0,4229.0,13136.0,5097.0,12423.0,14678.0,0.4181173864894795,0.5818826135105205,0.0722606479796141,0.9277393520203858,0.1512605042016806,0.8487394957983193,0.223673771618977,0.7763262283810229
1,active,1,green,18,12-18,163.0,846.4,5.192638036809816,10264.36,11335.64,352.0,29.160113636363636,0.0746671559788419,0.0143794263049991,69.0,278.16,4.0313043478260875,0.0245385350981506,0.0060869964113186,155.0,788.92,5.089806451612903,0.0695964233161956,0.0136736875906433,355.0,18542.28,52.23177464788732,1.6357506060531208,0.0313171554495379,1.0,1.36,1.36,0.0001199755814404,8.821733929447301e-05,142.0,679.12,4.782535211267605,0.0599101594616625,0.0125268621798151,250.0,1188.48,4.75392,0.1048445434046952,0.0220543348236182,54.0,298.16,5.521481481481482,0.02630288188404,0.0047637363219015,15.0,56.92,3.794666666666666,0.0050213309526414,0.001323260089417,173.0,783.04,4.526242774566474,0.0690777053611441,0.0152615996979438,4.0,9.84,2.46,0.0008680586186576,0.0003528693571778,16.0,15.0,1.0666666666666669,3.0,3.0,1.0,0.0014114774287115,0.001323260089417,0.0002646520178834,0.0002646520178834,0.8421052631578947,0.1578947368421052,0.8333333333333334,0.1666666666666666,607.0993090603196,10908,0.055656335630759,0.013872734166416,1.9680408397418871,0.052710583015555,0.9622747370241116,256961.0,193127.3333333333,2876.0,0.7515822764284592,0.0111923599301061,47082.0,8946.0,26901.0,21323.0,8848.0,175.0,3810.0,3559.0,38234.0,8771.0,23091.0,17764.0,0.1879274457329765,0.8120725542670235,0.0195618153364632,0.9804381846635368,0.1416304226608676,0.8583695773391323,0.1669089715330863,0.8330910284669136
1,active,1,green,24,18-24,153.0,1207.0,7.888888888888889,11116.76,10483.24,222.0,50.075495495495495,0.1151361601947489,0.0145947245317287,63.0,252.44,4.006984126984127,0.0240803415737882,0.0060095924542412,114.0,636.56,5.5838596491228065,0.0607216852805048,0.0108745006314841,303.0,18289.64,60.36184818481848,1.744655278329982,0.0289032779942078,2.0,3.68,1.84,0.0003510365116128,0.000190780712833,84.0,564.76,6.723333333333334,0.0538726576897981,0.0080127899389883,159.0,1148.04,7.220377358490566,0.1095119447804304,0.0151670666702279,35.0,246.76,7.050285714285714,0.0235385243493423,0.0033386624745784,11.0,41.96,3.8145454545454545,0.0040025793552375,0.0010492939205818,162.0,760.32,4.693333333333333,0.0725271957906143,0.0154532377394774,11.0,26.76,2.432727272727273,0.0025526459377062,0.0010492939205818,31.0,31.0,1.0,6.4,6.0,1.0666666666666669,0.0029571010489123,0.0029571010489123,0.0006104982810657,0.0005723421384991,0.8288770053475936,0.1711229946524064,0.8378378378378378,0.1621621621621621,537.3915714026346,10289,0.052229718281916,0.0089466527995956,2.037502721034539,0.0500386594306489,0.9814713771696536,278141.0,221317.99999999997,8046.0,0.7957043370089271,0.0289277740426618,43063.0,7264.0,22402.0,30328.0,14571.0,712.0,3134.0,5725.0,28492.0,6552.0,19268.0,24603.0,0.338364721454613,0.661635278545387,0.0980176211453744,0.9019823788546256,0.1398982233729131,0.8601017766270869,0.1887694539699287,0.8112305460300713
1,active,1,red,18,12-18,67.0,708.92,10.58089552238806,12246.36,9353.64,93.0,131.68129032258065,0.0757908151265175,0.0071629868158278,31.0,196.64,6.3432258064516125,0.0210228317531998,0.0033142177804576,191.0,1394.8,7.30261780104712,0.1491184180703982,0.0204198579376584,304.0,18606.08,61.2042105263158,1.989180682600571,0.0325007162986815,,,,,,134.0,715.52,5.339701492537313,0.0764964227830021,0.0143259736316556,242.0,1496.72,6.184793388429752,0.1600147108505352,0.0258722807377662,48.0,225.6,4.7,0.0241189526216531,0.0051316920471602,19.0,52.68,2.7726315789473683,0.0056320320217583,0.0020312947686675,166.0,745.0,4.4879518072289155,0.0796481369819663,0.0177471016630958,11.0,25.44,2.312727272727273,0.0027197967849949,0.0011760127608075,3.8,4.0,0.95,14.4,13.0,1.1076923076923078,0.0004062589537335,0.00042764100393,0.001539507614148,0.0013898332627725,0.2087912087912088,0.7912087912087913,0.2352941176470588,0.7647058823529411,333.58369248394604,9142,0.0364891372220461,0.0090554909393424,2.052327199823196,0.0344909335728392,0.9773735144820628,306252.0,206411.99999999997,26994.0,0.673993965753693,0.0881430978409937,55682.0,7024.0,40008.0,17790.0,7607.0,137.0,3055.0,2005.0,48075.0,6887.0,36953.0,15785.0,0.1366150641140763,0.8633849358859237,0.019504555808656,0.980495444191344,0.0763597280543891,0.9236402719456108,0.1127037661607644,0.8872962338392355
1,active,1,red,24,18-24,82.0,868.68,10.593658536585366,11139.68,10460.32,104.0,107.1123076923077,0.0830452605656423,0.0078391483243342,50.0,280.84,5.6168,0.0268481270171467,0.0047799684904477,203.0,1553.96,7.654975369458128,0.1485575967083225,0.0194066720712177,340.0,17746.16,52.19458823529412,1.696521712528871,0.0325037857350444,,,,,,47.0,380.56,8.097021276595745,0.0363812961744956,0.0044931703810208,233.0,1635.8,7.020600858369098,0.1563814491334873,0.0222746531654863,34.0,260.24,7.654117647058824,0.0248787799990822,0.0032503785735044,17.0,91.44,5.378823529411765,0.0087416063753307,0.0016251892867522,167.0,813.4,4.870658682634731,0.0777605274026033,0.0159650947580953,9.0,24.08,2.6755555555555555,0.0023020328249996,0.0008603943282805,8.8,10.0,0.8800000000000001,22.6,23.0,0.982608695652174,0.0008412744543187,0.0009559936980895,0.0021605457576823,0.0021987855056059,0.2802547770700637,0.7197452229299363,0.303030303030303,0.696969696969697,375.0898201814608,10360,0.0362055810985966,0.0081770933361719,2.0792528589390713,0.0352864325219321,0.9904094712207656,278596.0,221198.3333333333,14015.0,0.7939752664551297,0.0503058191790262,50689.0,8843.0,46123.0,21799.0,10276.0,554.0,4092.0,4240.0,40413.0,8289.0,42031.0,17559.0,0.2027264297973919,0.797273570202608,0.0626484224810584,0.9373515775189416,0.0887192940615311,0.9112807059384688,0.1945043350612413,0.8054956649387587
1,active,1,yellow,18,12-18,38.0,260.56,6.856842105263158,14486.32,7113.68,131.0,110.58259541984732,0.036628018128451,0.0053418202674283,19.0,119.44,6.286315789473684,0.0167901845458328,0.0026709101337141,20.0,193.6,9.68,0.027215168520372,0.0028114843512781,121.0,20587.76,170.14677685950412,2.8941082533934614,0.0170094803252325,,,,,,91.0,626.12,6.8804395604395605,0.0880163291011122,0.0127922537983153,172.0,894.28,5.199302325581395,0.1257127112830489,0.0241787654209916,19.0,175.88,9.256842105263155,0.0247241933851396,0.0026709101337141,13.0,83.88,6.452307692307692,0.0117913653692603,0.0018274648283307,86.0,348.16,4.048372093023256,0.0489423195870491,0.0120893827104958,10.0,22.64,2.264,0.0031826002856468,0.001405742175639,1.6,2.0,0.8,4.2,4.0,1.05,0.0002249187481022,0.0002811484351278,0.0005904117137684,0.0005622968702556,0.2758620689655172,0.7241379310344827,0.3333333333333333,0.6666666666666666,198.9312954573153,6889,0.0288766577815815,0.0064140529316784,2.099808011034572,0.0264711821664666,0.9684157847977418,362289.0,225003.99999999997,44508.0,0.6210621906820245,0.1228521981070361,38273.0,6526.0,7865.0,6552.0,3962.0,288.0,1367.0,1893.0,34311.0,6238.0,6498.0,4659.0,0.1035194523554463,0.8964805476445536,0.0441311676371437,0.9558688323628562,0.1738080101716465,0.8261919898283535,0.2889194139194139,0.7110805860805861
1,active,1,yellow,24,18-24,45.0,272.44,6.054222222222222,14848.52,6751.48,140.0,106.06085714285716,0.0403526337928868,0.0066652052586988,27.0,129.12,4.782222222222223,0.0191246956222931,0.0039991231552193,41.0,233.16,5.686829268292683,0.0345346501804048,0.0060727425690367,112.0,20808.52,185.79035714285715,3.082067931771997,0.0165889553105393,,,,,,126.0,1002.96,7.96,0.1485540948058796,0.0186625747243567,101.0,786.56,7.7877227722772275,0.1165018632951589,0.0149596829139684,15.0,176.8,11.786666666666669,0.0261868508830656,0.0022217350862329,6.0,70.12,11.686666666666667,0.0103858709497769,0.0008886940344931,66.0,257.76,3.9054545454545457,0.0381782957218269,0.0097756343794249,8.0,17.68,2.21,0.0026186850883065,0.0011849253793242,1.6,2.0,0.8,18.2,19.0,0.9578947368421052,0.0002369850758648,0.000296231344831,0.0026957052379626,0.002814197775895,0.0808080808080808,0.9191919191919192,0.0952380952380952,0.9047619047619048,251.4501478525999,6627,0.0379432847219858,0.0062395960071574,2.159327122340247,0.0355011953807357,0.9815625610977148,371353.0,261281.3333333333,22125.0,0.7035928976831568,0.0595794298147584,44965.0,6194.0,9125.0,6856.0,7873.0,332.0,1772.0,1621.0,37092.0,5862.0,7353.0,5235.0,0.1750917380184588,0.8249082619815412,0.0536002583144979,0.946399741685502,0.1941917808219178,0.8058082191780822,0.2364352392065344,0.7635647607934656
1,active,2,blue,18,12-18,50.0,448.2,8.964,15646.2,5953.799999999999,130.0,120.35538461538462,0.0752796533306459,0.0083979979172965,24.0,146.52,6.105,0.0246094930968457,0.0040310390003023,24.0,127.88,5.328333333333333,0.0214787194732775,0.0040310390003023,124.0,20332.12,163.96870967741935,3.414982028284457,0.0208270348348953,2.0,4.24,2.12,0.0007121502233867,0.0003359199166918,179.0,643.52,3.5950837988826816,0.1080855923947731,0.0300648325439215,23.0,90.6,3.9391304347826086,0.0152171722261412,0.0038630790419563,17.0,184.44,10.849411764705884,0.0309785347173233,0.0028553192918808,9.0,94.0,10.444444444444445,0.0157882360845174,0.0015116396251133,98.0,479.32,4.891020408163265,0.0805065672343713,0.0164600759179011,9.0,21.72,2.413333333333333,0.0036480902952736,0.0015116396251133,6.8,7.0,0.9714285714285714,0.0,0.0,0.0,0.0011421277167523,0.0011757197084215,0.0,0.0,1.0,0.0,1.0,0.0,171.94910392688,5825,0.0295191594724257,0.0050023387871706,1.941021210280138,0.0275415690324075,0.9783667573650444,391285.0,239327.3333333333,26144.0,0.6116445387207108,0.0668157481119899,18555.0,6987.0,6908.0,11255.0,981.0,19.0,744.0,1024.0,17574.0,6968.0,6164.0,10231.0,0.0528698464025869,0.9471301535974131,0.0027193359095463,0.9972806640904536,0.1077012159814707,0.8922987840185292,0.0909817858729453,0.9090182141270546
1,active,2,blue,24,18-24,110.0,950.84,8.644,11323.04,10276.96,136.0,83.25764705882354,0.0925215238747645,0.0107035543584873,44.0,180.56,4.1036363636363635,0.0175693979542588,0.0042814217433949,56.0,255.0,4.553571428571429,0.024812785103766,0.0054490822188662,263.0,18262.28,69.43832699619772,1.777011878999237,0.0255912254207469,5.0,8.12,1.624,0.0007901169217356,0.000486525198113,182.0,862.8,4.740659340659341,0.0839547881863897,0.0177095172113154,94.0,392.28,4.1731914893617015,0.0381708209431582,0.0091466737245255,18.0,186.64,10.368888888888888,0.0181610125951643,0.001751490713207,17.0,125.48,7.381176470588236,0.0122098363718453,0.0016541856735844,167.0,853.56,5.111137724550898,0.0830556896202768,0.0162499416169762,18.0,47.12,2.6177777777777775,0.0045850134670174,0.001751490713207,38.4,35.0,1.0971428571428572,0.8,1.0,0.8,0.0037365135215083,0.0034056763867914,7.784403169808972e-05,9.730503962261216e-05,0.979591836734694,0.0204081632653061,0.9722222222222222,0.0277777777777777,357.64802126671276,10137,0.0352814463121942,0.006224275349471,1.966541874556432,0.0339420034934885,0.9863811866544192,283212.0,185534.99999999997,20601.0,0.6551099529680945,0.0727405618405999,31653.0,7838.0,10989.0,23881.0,4668.0,176.0,1031.0,1185.0,26985.0,7662.0,9958.0,22696.0,0.1474741730641645,0.8525258269358355,0.022454707833631,0.977545292166369,0.0938210938210938,0.9061789061789062,0.0496210376449897,0.9503789623550104
1,active,2,green,18,12-18,87.0,859.52,9.879540229885055,12304.44,9295.56,216.0,56.965,0.0924656502674395,0.0093593070239985,22.0,118.56,5.38909090909091,0.0127544763306352,0.0023667213164134,22.0,265.08,12.049090909090909,0.0285168402979487,0.0023667213164134,163.0,19181.88,117.680245398773,2.0635529220402,0.0175352533897903,3.0,5.64,1.88,0.000606741282935,0.0003227347249654,188.0,2071.0,11.01595744680851,0.2227945384678276,0.0202247094311692,45.0,217.4,4.831111111111111,0.0233875097358308,0.004841020874482,10.0,23.64,2.364,0.0025431496327278,0.0010757824165515,22.0,249.08,11.321818181818182,0.0267955884314662,0.0023667213164134,119.0,447.44,3.76,0.0481348084461829,0.0128018107569635,43.0,118.2,2.7488372093023257,0.0127157481636394,0.0046258643911716,0.0,0.0,0.0,4.8,5.0,0.96,0.0,0.0,0.0005163755599447,0.0005378912082757,0.0,1.0,0.0,1.0,221.24194737259427,9110,0.0242856144207018,0.004702235467678,2.065788105784097,0.0219733005292106,0.9800377814784692,307827.0,224726.66666666663,1257.0,0.7300420907414444,0.0040834624643062,57443.0,6850.0,9635.0,21575.0,1591.0,99.0,1349.0,3014.0,55852.0,6751.0,8286.0,18561.0,0.0276970213951221,0.972302978604878,0.0144525547445255,0.9855474452554744,0.1400103788271925,0.8599896211728075,0.1396987253765932,0.8603012746234068
1,active,2,green,24,18-24,97.0,812.76,8.37896907216495,11498.56,10101.44,308.0,37.33298701298701,0.0804598156302467,0.0096025913137136,32.0,199.48,6.23375,0.0197476795387588,0.0031678651756581,23.0,227.36,9.885217391304348,0.0225076820730509,0.0022769030950042,167.0,19114.04,114.45532934131737,1.8922094275667627,0.0165322963854658,2.0,6.6,3.3,0.0006533721924794,0.0001979915734786,224.0,3018.24,13.474285714285712,0.2987930433680742,0.0221750562296068,19.0,103.56,5.450526315789474,0.0102520036747236,0.001880919948047,24.0,148.04,6.168333333333333,0.0146553362688883,0.0023758988817435,18.0,234.44,13.024444444444445,0.0232085722431653,0.0017819241613076,154.0,647.04,4.201558441558442,0.0640542338518072,0.0152453511578547,25.0,74.6,2.984,0.007385085690753,0.0024748946684829,4.4,5.0,0.8800000000000001,33.2,29.0,1.1448275862068966,0.0004355814616529,0.0004949789336965,0.0032866601197453,0.0028708778154401,0.1170212765957446,0.8829787234042553,0.1470588235294117,0.8529411764705882,323.1729419720566,9847,0.0328194314991425,0.0053692720474842,2.068777453351782,0.0289039237572533,0.9748115120220484,287772.0,197374.99999999997,11182.0,0.6858728437791028,0.0388571507999388,78288.0,9604.0,10726.0,20416.0,3274.0,532.0,757.0,3466.0,75014.0,9072.0,9969.0,16950.0,0.0418199468628653,0.9581800531371348,0.0553935860058309,0.9446064139941692,0.0705761700540742,0.9294238299459258,0.1697688087774294,0.8302311912225705
1,active,2,red,18,12-18,60.0,921.36,15.356,14356.24,7243.76,66.0,217.51878787878783,0.1271936121572222,0.0082829911537654,24.0,206.04,8.584999999999999,0.0284437916220305,0.0033131964615061,41.0,502.0,12.24390243902439,0.0693010259865042,0.005660043955073,142.0,19295.44,135.88338028169014,2.6637326471335325,0.0196030790639115,1.0,3.2,3.2,0.0004417595282008,0.0001380498525627,244.0,1686.2,6.910655737704918,0.2327796613913216,0.0336841640253128,29.0,123.28,4.25103448275862,0.0170187858239367,0.0040034457243199,34.0,168.88,4.9670588235294115,0.0233138591007984,0.0046936949871337,12.0,56.92,4.743333333333333,0.0078577976078721,0.001656598230753,104.0,418.32,4.022307692307693,0.0577490143240527,0.0143571846665267,8.0,19.72,2.465,0.0027223430925375,0.001104398820502,0.8,1.0,0.8,1.6,2.0,0.8,0.0001104398820502,0.0001380498525627,0.0002208797641004,0.0002760997051255,0.3333333333333333,0.6666666666666666,0.3333333333333333,0.6666666666666666,160.0897439889895,7165,0.0223432999286796,0.0066505365047262,1.995226802034107,0.0212887264566122,0.9891271936121572,358972.0,242909.33333333328,9205.0,0.6766804467572214,0.0256426685089644,45510.0,5691.0,17766.0,23094.0,1557.0,0.0,586.0,2303.0,43953.0,5691.0,17180.0,20791.0,0.0342122610415293,0.9657877389584708,0.0,1.0,0.0329843521332883,0.9670156478667116,0.0997228717415779,0.9002771282584221
1,active,2,red,24,18-24,53.0,509.0,9.60377358490566,15692.8,5907.200000000001,95.0,165.1873684210526,0.0861660346695557,0.0089721018418201,29.0,178.44,6.153103448275862,0.0302072047670639,0.0049092632719393,26.0,154.76,5.952307692307692,0.0261985373781148,0.0044014084507042,118.0,20390.24,172.79864406779663,3.4517605633802817,0.0199756229685807,1.0,1.32,1.32,0.0002234561213434,0.0001692849404117,189.0,1257.24,6.652063492063492,0.2128317984832069,0.0319948537378114,23.0,161.48,7.0208695652173905,0.0273361321776814,0.0038935536294691,31.0,236.72,7.636129032258064,0.0400731310942578,0.0052478331527627,8.0,45.16,5.645,0.0076449079089924,0.0013542795232936,95.0,406.64,4.280421052631579,0.068838028169014,0.0160820693391115,8.0,22.88,2.86,0.0038732394366197,0.0013542795232936,1.6,2.0,0.8,3.4,3.0,1.1333333333333333,0.0002708559046587,0.0003385698808234,0.0005755687973997,0.0005078548212351,0.32,0.6799999999999999,0.4,0.6,146.89748364818269,5809,0.0252879124889279,0.0059447605863425,1.9909306283694912,0.0237761343941939,0.9833762188515708,392415.0,230611.99999999997,47650.0,0.5876737637450148,0.1214275703018488,35680.0,7086.0,8385.0,12778.0,4370.0,280.0,581.0,657.0,31310.0,6806.0,7804.0,12121.0,0.1224775784753363,0.8775224215246636,0.0395145357042054,0.9604854642957944,0.0692903995229576,0.9307096004770424,0.0514164971043981,0.9485835028956018
1,active,2,yellow,18,12-18,52.0,366.64,7.05076923076923,16130.4,5469.6,151.0,106.82384105960264,0.0670323241187655,0.0095070937545707,19.0,109.84,5.781052631578947,0.0200819072692701,0.0034737457949393,12.0,77.76,6.48,0.0142167617376042,0.0021939447125932,119.0,20727.64,174.1818487394958,3.78960801521135,0.0217566183998829,,,,,,61.0,677.08,11.09967213114754,0.1237896738335527,0.0111525522890156,54.0,545.72,10.105925925925929,0.0997732923796987,0.0098727512066695,6.0,29.56,4.926666666666667,0.0054044171420213,0.0010969723562966,19.0,216.56,11.397894736842105,0.039593388913266,0.0034737457949393,87.0,357.16,4.105287356321839,0.0652991077958168,0.015906099166301,8.0,19.6,2.45,0.0035834430305689,0.0014626298083954,1.0,1.0,1.0,2.2,2.0,1.1,0.0001828287260494,0.0001828287260494,0.0004022231973087,0.0003656574520988,0.3125,0.6875,0.3333333333333333,0.6666666666666666,186.33903721041256,5342,0.0348818864115336,0.0073599137399309,2.0735338632244615,0.0309232028892271,0.9766710545560918,403411.0,270175.99999999994,2599.0,0.6697288869168166,0.0064425610605561,30685.0,6178.0,4721.0,9218.0,775.0,118.0,988.0,2316.0,29910.0,6060.0,3733.0,6902.0,0.0252566400521427,0.9747433599478572,0.0191000323729362,0.9808999676270638,0.2092776954035162,0.7907223045964838,0.2512475591234541,0.7487524408765459
1,active,2,yellow,24,18-24,125.0,809.4,6.4752,12546.2,9053.8,150.0,83.64133333333334,0.0893989264176368,0.0138063575515253,52.0,268.76,5.168461538461538,0.0296847732443835,0.0057434447414345,47.0,294.04,6.256170212765958,0.032476970995604,0.0051911904393735,239.0,19564.12,81.85824267782426,2.1608738872075812,0.0263977556385164,3.0,3.32,1.106666666666667,0.0003666968565685,0.0003313525812366,117.0,1161.64,9.92854700854701,0.128304137489231,0.0129227506682277,29.0,232.0,8.0,0.025624599615631,0.0032030749519538,7.0,87.8,12.542857142857144,0.0096975855441913,0.0007731560228854,21.0,265.28,12.63238095238095,0.0293004042501491,0.0023194680686562,118.0,540.4,4.579661016949152,0.0596876449667542,0.0130332015286399,12.0,32.8,2.733333333333333,0.0036227882215202,0.0013254103249464,14.6,14.0,1.042857142857143,21.6,23.0,0.9391304347826088,0.0016125825620181,0.0015463120457708,0.0023857385849035,0.0025403697894806,0.4033149171270718,0.5966850828729282,0.3783783783783784,0.6216216216216216,368.99879841808223,8909,0.0414186551148369,0.0090529837011055,2.0721942508078763,0.0368710442200323,0.9840067154123132,313805.0,218964.66666666663,11311.0,0.6977730331469117,0.0360446774270645,34987.0,8855.0,14169.0,20360.0,5360.0,524.0,1598.0,3847.0,29627.0,8331.0,12571.0,16513.0,0.153199759910824,0.846800240089176,0.0591756070016939,0.940824392998306,0.1127814242360081,0.8872185757639918,0.1889489194499017,0.8110510805500982
1,active,3,blue,18,12-18,78.0,644.64,8.264615384615384,14952.2,6647.799999999999,111.0,134.7045045045045,0.0969704263064472,0.0117332049700652,47.0,430.56,9.160851063829789,0.0647672914347603,0.007070008122988,81.0,655.6,8.093827160493827,0.0986190920304461,0.0121844820842985,215.0,19270.12,89.62846511627906,2.8987213815096724,0.0323415265200517,1.0,1.68,1.68,0.0002527151839706,0.0001504257047444,77.0,283.84,3.686233766233766,0.042696832034658,0.0115827792653208,127.0,620.04,4.882204724409449,0.0932699539697343,0.0191040645025421,18.0,124.4,6.911111111111111,0.0187129576702066,0.0027076626853996,11.0,51.96,4.723636363636364,0.0078161196185204,0.0016546827521886,99.0,385.84,3.897373737373737,0.0580402539185896,0.0148921447696982,5.0,12.56,2.512,0.00188934685159,0.0007521285237221,0.0,0.0,0.0,15.0,15.0,1.0,0.0,0.0,0.0022563855711664,0.0022563855711664,0.0,1.0,0.0,1.0,218.5484691792418,6530,0.0334683720029466,0.0087433563272378,1.9765616972581863,0.0311205348815098,0.9822798519811068,373916.0,240632.3333333333,33986.0,0.6435465006400725,0.0908920720161747,22801.0,4438.0,27282.0,16194.0,3059.0,98.0,4957.0,3865.0,19742.0,4340.0,22325.0,12329.0,0.1341607824218236,0.8658392175781764,0.0220820189274447,0.9779179810725552,0.1816948904039293,0.8183051095960707,0.2386686427071755,0.7613313572928245
1,active,3,blue,24,18-24,39.0,333.52,8.551794871794872,16996.84,4603.16,84.0,202.34333333333333,0.0724545746834783,0.008472440671191,25.0,183.08,7.323200000000001,0.0397726778995298,0.0054310517123019,38.0,258.36,6.798947368421053,0.0561266608156136,0.008255198602699,121.0,20323.44,167.96231404958678,4.415106144474665,0.0262862902875416,1.0,0.96,0.96,0.0002085523857523,0.000217242068492,56.0,203.8,3.6392857142857142,0.0442739335586857,0.0121655558355564,150.0,756.72,5.0448,0.1643914180693263,0.0325863102738119,14.0,92.88,6.634285714285714,0.0201774433215443,0.0030413889588891,6.0,79.0,13.166666666666666,0.0171621234108742,0.0013034524109524,82.0,341.24,4.161463414634146,0.0741316834522371,0.0178138496163505,6.0,16.6,2.766666666666667,0.0036062183369685,0.0013034524109524,3.2,3.0,1.0666666666666669,12.8,13.0,0.9846153846153848,0.0006951746191746,0.0006517262054762,0.0027806984766986,0.002824146890397,0.2,0.8,0.1875,0.8125,129.47228730317698,4515,0.0286760326252883,0.0052710828917836,2.0436155637605484,0.0259058191876599,0.9808479392417384,425005.0,299714.3333333333,26612.0,0.7052018995854951,0.0626157339325419,24219.0,4317.0,11099.0,8377.0,4505.0,412.0,1766.0,1671.0,19714.0,3905.0,9333.0,6706.0,0.1860109831124324,0.8139890168875676,0.0954366458188556,0.9045633541811444,0.1591134336426705,0.8408865663573295,0.1994747522979587,0.8005252477020413
1,active,3,green,18,12-18,76.0,628.4,8.26842105263158,13008.16,8591.84,414.0,31.420676328502417,0.0731391646026927,0.0088456023389634,26.0,109.88,4.226153846153846,0.0127888787500698,0.0030261271159611,28.0,358.44,12.801428571428572,0.0417186539786588,0.0032589061248812,173.0,19945.88,115.29410404624278,2.321491089219539,0.0201353842715879,,,,,,126.0,463.68,3.68,0.053967485428034,0.0146650775619657,195.0,926.68,4.752205128205128,0.1078558259930352,0.0226959533697089,19.0,191.92,10.101052631578948,0.0223374736959719,0.0022114005847408,11.0,43.44,3.9490909090909088,0.0050559600737443,0.0012802845490605,106.0,442.6,4.175471698113208,0.0515139946740162,0.0123372874727648,13.0,29.24,2.249230769230769,0.0034032291104117,0.0015130635579805,34.4,34.0,1.011764705882353,0.8,1.0,0.8,0.0040037989534255,0.0039572431516415,9.311160356803664e-05,0.00011638950446,0.9772727272727274,0.0227272727272727,0.9714285714285714,0.0285714285714285,344.9152539308006,8268,0.0417168908963232,0.0081605169950861,1.9935181460117517,0.0380419386664145,0.9623084228756588,325618.0,221937.0,17190.0,0.6815870130029666,0.0527919218225036,35080.0,5914.0,11762.0,15786.0,2568.0,160.0,3784.0,3855.0,32512.0,5754.0,7978.0,11931.0,0.0732041049030786,0.9267958950969212,0.0270544470747379,0.972945552925262,0.3217139942186703,0.6782860057813297,0.2442037248194603,0.7557962751805397
1,active,3,green,24,18-24,83.0,633.76,7.635662650602409,12128.88,9471.12,218.0,55.63706422018348,0.0669150005490374,0.0087634830938685,36.0,199.36,5.537777777777778,0.0210492528866702,0.0038010288117983,30.0,542.48,18.082666666666668,0.0572772808284553,0.0031675240098319,197.0,19475.76,98.86172588832488,2.056331246990852,0.02080007433123,,,,,,150.0,703.96,4.693066666666667,0.0743270067320443,0.0158376200491599,148.0,950.72,6.423783783783784,0.1003809475542491,0.0156264517818378,20.0,181.96,9.098,0.0192120889609676,0.0021116826732213,11.0,67.56,6.141818181818182,0.0071332640701416,0.0011614254702717,169.0,825.92,4.887100591715976,0.087204047673348,0.0178437185887202,24.0,59.32,2.4716666666666667,0.0062632508087744,0.0025340192078655,23.0,23.0,1.0,0.0,0.0,0.0,0.0024284350742045,0.0024284350742045,0.0,0.0,1.0,0.0,1.0,0.0,336.38378711019413,9291,0.03620533711228,0.0059402229355246,2.007618782505336,0.0333222521739778,0.9809821858449688,303440.0,243100.3333333333,12452.0,0.8011479479743386,0.0410361191668863,41665.0,6269.0,18612.0,15927.0,6466.0,342.0,1992.0,1413.0,35199.0,5927.0,16620.0,14514.0,0.1551902076083043,0.8448097923916956,0.0545541553676822,0.9454458446323176,0.1070277240490006,0.8929722759509994,0.0887172725560369,0.9112827274439632
1,active,3,red,18,12-18,74.0,689.52,9.317837837837835,14934.72,6665.280000000001,120.0,124.456,0.1034495174996399,0.0111023092803303,51.0,281.72,5.523921568627451,0.0422667914926304,0.0076515915310384,77.0,459.92,5.972987012987013,0.0690023524893177,0.0115524028998031,163.0,19888.88,122.01766871165644,2.983952662153728,0.0244550866580248,4.0,6.64,1.66,0.0009962072110999,0.0006001248259638,150.0,745.68,4.9712,0.1118752700561716,0.0225046809736425,97.0,495.48,5.108041237113402,0.0743374621921359,0.0145530270296221,13.0,93.16,7.166153846153846,0.0139769071966969,0.0019504056843823,8.0,69.68,8.71,0.0104541744682894,0.0012002496519276,100.0,445.0,4.45,0.0667638868884727,0.015003120649095,4.0,10.2,2.55,0.0015303183062076,0.0006001248259638,0.8,1.0,0.8,14.6,14.0,1.042857142857143,0.0001200249651927,0.0001500312064909,0.0021904556147678,0.0021004368908733,0.0519480519480519,0.948051948051948,0.0666666666666666,0.9333333333333332,203.9229366920252,6542,0.0311713446487351,0.0074846011412575,1.9959894065443853,0.0291752221925571,0.9815041528637956,373488.0,250558.3333333333,21037.0,0.6708604649502349,0.0563257721800968,31276.0,4092.0,18669.0,17312.0,4033.0,27.0,4743.0,3716.0,27243.0,4065.0,13926.0,13596.0,0.128948714669395,0.8710512853306049,0.0065982404692082,0.9934017595307918,0.2540575285232203,0.7459424714767797,0.2146487985212569,0.785351201478743
1,active,3,red,24,18-24,45.0,568.88,12.641777777777778,16556.2,5043.799999999999,66.0,250.85151515151517,0.1127879773186883,0.0089218446409453,34.0,196.8,5.788235294117648,0.0390182005630675,0.0067409492842697,32.0,373.76,11.68,0.0741028589555494,0.0063444228557833,108.0,19945.76,184.68296296296296,3.9545104881240336,0.0214124271382687,2.0,4.0,2.0,0.0007930528569729,0.0003965264284864,115.0,523.84,4.555130434782609,0.1038582021491732,0.0228002696379713,76.0,372.64,4.903157894736842,0.0738808041555969,0.0150680042824854,11.0,111.64,10.149090909090908,0.0221341052381141,0.0021808953566755,8.0,61.16,7.645,0.0121257781831159,0.0015861057139458,85.0,393.72,4.632000000000001,0.0780601927118442,0.0168523732106744,6.0,15.76,2.6266666666666665,0.0031246282564732,0.0011895792854593,5.8,5.0,1.16,16.6,14.0,1.1857142857142855,0.0011499266426107,0.0009913160712161,0.0032911693564376,0.0027756849994052,0.2589285714285714,0.7410714285714286,0.2631578947368421,0.7368421052631579,140.48323845832132,4980,0.028209485634201,0.0067496436389842,2.00667167884781,0.0260434620505135,0.987350806931282,413971.0,301339.0,11676.0,0.7279229704496208,0.0282048742544767,22603.0,4339.0,14330.0,14267.0,3879.0,679.0,1776.0,2280.0,18724.0,3660.0,12554.0,11987.0,0.1716143874706897,0.8283856125293103,0.1564876699700391,0.8435123300299608,0.1239357990230286,0.8760642009769714,0.1598093502488259,0.8401906497511741
1,active,3,yellow,18,12-18,151.0,1305.68,8.646887417218544,11366.4,10233.6,164.0,69.30731707317074,0.127587554721701,0.0147553158223889,58.0,602.64,10.390344827586206,0.0588883677298311,0.0056676047529706,99.0,737.52,7.449696969696969,0.0720684803001876,0.0096740150093808,294.0,18272.68,62.151972789115646,1.7855573796122577,0.0287288930581613,1.0,2.2,2.2,0.0002149781113195,9.771732332707942e-05,194.0,767.92,3.958350515463917,0.0750390869293308,0.0189571607254534,122.0,747.92,6.130491803278688,0.0730847404627892,0.0119215134459036,39.0,296.2,7.594871794871795,0.0289438711694809,0.003810975609756,8.0,30.76,3.845,0.0030057848655409,0.0007817385866166,146.0,635.12,4.3501369863013695,0.0620622263914946,0.0142667292057535,7.0,15.48,2.2114285714285713,0.0015126641651031,0.0006840212632895,0.8,1.0,0.8,5.6,6.0,0.9333333333333332,7.817385866166354e-05,9.771732332707942e-05,0.0005472170106316,0.0005863039399624,0.125,0.875,0.1428571428571428,0.8571428571428571,325.3987192436335,10087,0.0322592167387363,0.0087306610774028,2.047754210447227,0.0302936763008751,0.98567464040025,284324.0,214104.99999999997,7940.0,0.7530317525077024,0.0279258873679323,38212.0,8221.0,33661.0,32793.0,1930.0,89.0,5912.0,5828.0,36282.0,8132.0,27749.0,26965.0,0.0505076939181408,0.9494923060818592,0.010825933584722,0.989174066415278,0.1756335224740798,0.8243664775259202,0.1777208550605312,0.8222791449394687
1,active,3,yellow,24,18-24,77.0,594.44,7.720000000000001,15717.8,5882.200000000001,117.0,134.34017094017094,0.1010574274931148,0.013090340348849,28.0,284.64,10.165714285714284,0.0483900581415116,0.0047601237632178,33.0,281.16,8.520000000000001,0.0477984427595117,0.0056101458637924,143.0,19823.96,138.6290909090909,3.3701608241814283,0.0243106320764339,,,,,,121.0,476.28,3.936198347107438,0.0809697052123355,0.0205705348339056,47.0,430.12,9.151489361702128,0.0731223011798306,0.0079902077454013,16.0,156.6,9.7875,0.0266226921899969,0.0027200707218387,3.0,3.6,1.2,0.0006120159124137,0.0005100132603447,86.0,430.76,5.0088372093023255,0.0732311040087042,0.0146203801298833,7.0,14.24,2.0342857142857143,0.0024208629424365,0.0011900309408044,6.2,5.0,1.24,8.8,9.0,0.977777777777778,0.0010540274047125,0.0008500221005746,0.0014960388970113,0.0015300397810343,0.4133333333333333,0.5866666666666667,0.3571428571428571,0.6428571428571429,173.11270189789371,5783,0.0299347573747006,0.0075268788781622,2.081984233958315,0.0276571294277936,0.9831355615245996,393062.0,299986.3333333333,5125.0,0.7632035997713676,0.0130386554792882,22828.0,4024.0,14206.0,14938.0,2932.0,75.0,3482.0,2757.0,19896.0,3949.0,10724.0,12181.0,0.1284387594182582,0.8715612405817417,0.018638170974155,0.9813618290258448,0.2451077009714205,0.7548922990285795,0.1845628598205917,0.8154371401794083
1,active,4,blue,18,12-18,26.0,365.64,14.063076923076922,16781.56,4818.439999999999,78.0,215.14820512820515,0.0758834809606428,0.0053959372743045,26.0,226.56,8.713846153846154,0.0470193672640937,0.0053959372743045,24.0,197.04,8.209999999999999,0.040892903097268,0.0049808651762811,88.0,20474.0,232.6590909090909,4.24909306746582,0.0182631723130307,1.0,3.08,3.08,0.000639211030956,0.0002075360490117,80.0,718.52,8.9815,0.1491188019358963,0.016602883920937,23.0,209.44,9.10608695652174,0.0434663501050132,0.0047733291272694,24.0,136.08,5.670000000000001,0.0282415055495139,0.0049808651762811,10.0,80.88,8.088,0.0167855156440673,0.0020753604901171,69.0,280.2,4.060869565217391,0.058151600933082,0.0143199873818082,7.0,18.28,2.6114285714285717,0.0037937589759341,0.0014527523430819,1.8,2.0,0.9,10.8,10.0,1.08,0.000373564888221,0.0004150720980234,0.0022413893293265,0.0020753604901171,0.1428571428571428,0.8571428571428571,0.1666666666666666,0.8333333333333334,117.42411870114496,4732,0.0248149025150348,0.0046267587376844,2.0854800475429114,0.0235130728140366,0.9820605839234278,419617.0,249036.66666666663,61295.0,0.5934856468319125,0.1460736814762033,23302.0,5458.0,10640.0,9167.0,5338.0,314.0,636.0,939.0,17964.0,5144.0,10004.0,8228.0,0.2290790490086688,0.7709209509913312,0.0575302308537926,0.9424697691462074,0.0597744360902255,0.9402255639097744,0.102432638813134,0.897567361186866
1,active,4,blue,24,18-24,38.0,386.88,10.181052631578948,14751.96,6848.040000000001,93.0,158.6232258064516,0.0564949971086617,0.0055490330079847,23.0,114.08,4.96,0.0166587811987079,0.0033586252416749,21.0,139.08,6.622857142857144,0.0203094608092242,0.0030665708728336,86.0,20391.12,237.1060465116279,2.97765784078364,0.012558337860176,,,,,,162.0,1532.24,9.458271604938272,0.2237486930566994,0.0236564038761455,17.0,170.92,10.054117647058822,0.0249589663611777,0.002482462135151,17.0,199.36,11.727058823529411,0.0291119794861011,0.002482462135151,6.0,58.76,9.793333333333331,0.0085805573565574,0.0008761631065239,85.0,339.32,3.992,0.0495499442176155,0.0124123106757553,17.0,40.56,2.385882352941177,0.0059228626001016,0.002482462135151,2.4,3.0,0.7999999999999999,5.8,4.0,1.45,0.0003504652426095,0.0004380815532619,0.0008469576696397,0.0005841087376826,0.2926829268292683,0.7073170731707318,0.4285714285714285,0.5714285714285714,138.83491963331312,6761,0.0205346723315061,0.0035544731117886,2.063222441001247,0.0192663434383645,0.9872897938680264,368892.0,197897.66666666663,53042.0,0.5364650539091838,0.1437873415525411,42758.0,6476.0,6373.0,9710.0,3554.0,0.0,652.0,924.0,39204.0,6476.0,5721.0,8786.0,0.0831189485008653,0.9168810514991348,0.0,1.0,0.1023066059940373,0.8976933940059627,0.0951596292481977,0.9048403707518022
1,active,4,green,18,12-18,101.0,796.92,7.89029702970297,14502.88,7097.120000000001,387.0,37.47514211886305,0.1122878012489573,0.0142311247379218,29.0,176.52,6.086896551724139,0.0248720607795838,0.0040861645287102,16.0,70.12,4.3825,0.009880064025971,0.002254435602047,148.0,20224.2,136.65,2.849634781432468,0.020853529318935,1.0,0.96,0.96,0.0001352661361228,0.0001409022251279,110.0,722.28,6.566181818181818,0.1017708591654079,0.0154992447640733,80.0,463.68,5.796,0.0653335437473228,0.0112721780102351,13.0,86.2,6.630769230769231,0.0121457718060283,0.0018317289266632,14.0,95.08,6.791428571428571,0.0133969835651644,0.0019726311517911,93.0,348.32,3.7453763440860217,0.0490790630565637,0.0131039069368983,9.0,21.04,2.3377777777777777,0.0029645828166918,0.0012681200261514,27.2,27.0,1.0074074074074073,0.0,0.0,0.0,0.0038325405234799,0.0038043600784543,0.0,0.0,1.0,0.0,1.0,0.0,353.04942715082433,6756,0.0522571680211403,0.009444273878842,2.012266783734028,0.0507059492895959,0.9519354329643572,362959.0,241023.3333333333,17864.0,0.664051127905172,0.0492176802338556,29804.0,4559.0,6211.0,20024.0,8580.0,547.0,1322.0,4645.0,21224.0,4012.0,4889.0,15379.0,0.2878808213662596,0.7121191786337404,0.1199824522921693,0.8800175477078307,0.2128481725970053,0.7871518274029947,0.231971634039153,0.768028365960847
1,active,4,green,24,18-24,112.0,889.88,7.945357142857143,11810.16,9789.84,344.0,34.33186046511628,0.0908983190736518,0.0114404321214647,38.0,241.76,6.362105263157894,0.0246949899079045,0.0038815751840683,39.0,206.28,5.28923076923077,0.021070824446569,0.0039837218994386,202.0,19291.16,95.50079207920793,1.970528629681384,0.0206336365047845,2.0,5.08,2.54,0.0005189053140807,0.0002042934307404,204.0,1366.96,6.7007843137254905,0.1396304740424767,0.0208379299355249,71.0,562.64,7.924507042253521,0.0574718279359008,0.0072524167912856,4.0,6.56,1.64,0.0006700824528286,0.0004085868614808,27.0,253.12,9.374814814814815,0.0258553765945102,0.0027579613149959,108.0,490.72,4.543703703703704,0.0501254361664746,0.0110318452599838,11.0,28.64,2.6036363636363635,0.0029254819282031,0.0011236138690724,21.4,23.0,0.9304347826086956,0.0,0.0,0.0,0.0021859397089227,0.002349374453515,0.0,0.0,1.0,0.0,1.0,0.0,406.8045436664733,9496,0.0428395686253657,0.0068971555807293,2.065426770429874,0.0412886610639393,0.9699852091556144,295598.0,185459.66666666663,6584.0,0.6274050117614687,0.0222734930547567,48492.0,6523.0,11244.0,22359.0,9855.0,408.0,1601.0,6336.0,38637.0,6115.0,9643.0,16023.0,0.2032293986636971,0.7967706013363028,0.0625479074045684,0.9374520925954316,0.1423870508715759,0.857612949128424,0.2833758218167181,0.716624178183282
1,active,4,red,18,12-18,112.0,1442.24,12.877142857142855,8209.52,13390.48,58.0,141.5434482758621,0.1077063704960539,0.0083641512477521,72.0,485.48,6.742777777777778,0.0362556084621313,0.0053769543735549,48.0,258.36,5.3825,0.0192943046104396,0.0035846362490366,195.0,18937.48,97.11528205128204,1.4142495265292954,0.0145625847617113,4.0,6.84,1.71,0.0005108106654877,0.0002987196874197,599.0,6091.76,10.169883138564272,0.454932160758987,0.0447332731911029,65.0,327.0,5.030769230769231,0.024420334446562,0.0048541949205704,18.0,69.56,3.864444444444445,0.0051947353642289,0.0013442385933887,17.0,188.68,11.098823529411764,0.0140906076555881,0.0012695586715338,166.0,723.48,4.3583132530120485,0.0540294298636045,0.0123968670279183,36.0,91.8,2.55,0.0068556168262825,0.0026884771867774,1.8,1.0,1.8,11.0,11.0,1.0,0.0001344238593388,7.467992185492977e-05,0.0008214791404042,0.0008214791404042,0.140625,0.859375,0.0833333333333333,0.9166666666666666,289.0497390704986,13328,0.0216874053924443,0.004855510182647,2.1432268456557058,0.0202488709465037,0.995333998482504,205296.0,162621.3333333333,4722.0,0.7921310368118878,0.0230009352349777,161133.0,6491.0,18716.0,36168.0,22836.0,12.0,1473.0,3537.0,138297.0,6479.0,17243.0,32631.0,0.1417214350877846,0.8582785649122153,0.0018487136034509,0.998151286396549,0.0787027142551827,0.9212972857448172,0.0977936297279363,0.9022063702720636
1,active,4,red,24,18-24,103.0,1608.68,15.618252427184467,11368.08,10231.92,79.0,143.89974683544304,0.15722171400871,0.0100665368767543,58.0,407.52,7.026206896551724,0.0398283020195623,0.0056685353286577,51.0,388.24,7.612549019607843,0.0379440026896222,0.0049844017545094,201.0,17769.72,88.40656716417911,1.736694579316492,0.0196444069148312,,,,,,266.0,1984.16,7.459248120300752,0.1939186389260275,0.0259970758176373,23.0,70.56,3.0678260869565217,0.0068960664274153,0.002247867457916,17.0,79.08,4.651764705882353,0.0077287547205216,0.0016614672515031,15.0,179.28,11.952,0.0175216381676166,0.0014660005160321,161.0,792.04,4.919503105590062,0.0774087365812086,0.015735072205412,29.0,77.04,2.6565517241379313,0.0075293786503412,0.0028342676643288,2.4,2.0,1.2,10.0,12.0,0.8333333333333334,0.0002345600825651,0.0001954667354709,0.0009773336773547,0.0011728004128257,0.1935483870967742,0.8064516129032258,0.1428571428571428,0.8571428571428571,262.60196539968393,10151,0.0258695660919795,0.0056643247606766,2.048581983912414,0.0239721895180667,0.992091415882845,284281.0,183746.66666666663,13443.0,0.6463557770891007,0.0472877188415687,51657.0,6491.0,20003.0,40320.0,5493.0,290.0,1755.0,6655.0,46164.0,6201.0,18248.0,33665.0,0.1063360241593588,0.8936639758406412,0.0446772454167308,0.9553227545832692,0.0877368394740788,0.9122631605259212,0.1650545634920635,0.8349454365079365
1,active,4,yellow,18,12-18,94.0,620.16,6.597446808510638,14090.12,7509.879999999999,142.0,99.2261971830986,0.0825792156465882,0.0125168444768757,30.0,195.8,6.526666666666667,0.0260723207294923,0.0039947375990029,11.0,80.44,7.312727272727272,0.0107112230821264,0.0014647371196344,162.0,20367.52,125.72543209876544,2.712096598081461,0.0215715830346157,9.0,23.28,2.586666666666667,0.0030999163768262,0.0011984212797008,65.0,509.08,7.832,0.0677880338966801,0.0086552647978396,146.0,1396.0,9.561643835616438,0.1858884562736022,0.0194410563151475,10.0,58.24,5.824,0.0077551172588643,0.0013315791996676,24.0,295.0,12.291666666666666,0.0392815863901953,0.0031957900792023,74.0,346.32,4.68,0.0461152508428896,0.0098536860775405,3.0,7.32,2.44,0.0009747159741567,0.0003994737599002,2.8,3.0,0.9333333333333332,11.8,12.0,0.9833333333333334,0.0003728421759069,0.0003994737599002,0.0015712634556078,0.0015978950396011,0.1917808219178081,0.8082191780821918,0.2,0.8,239.86862568095225,7381,0.0324981202656756,0.0058890705521181,2.133198080918159,0.0306166954089253,0.9828386072746836,352395.0,249694.66666666663,3556.0,0.7085647261359175,0.01009094907703,47838.0,8865.0,6947.0,15598.0,20096.0,789.0,1140.0,4517.0,27742.0,8076.0,5807.0,11081.0,0.4200844516911242,0.5799155483088758,0.0890016920473773,0.9109983079526228,0.1640996113430257,0.8359003886569742,0.2895884087703552,0.7104115912296448
1,active,4,yellow,24,18-24,84.0,872.64,10.388571428571428,13564.64,8035.360000000001,157.0,86.39898089171975,0.1085999880528065,0.0104537942295055,33.0,199.48,6.044848484848485,0.0248252722964496,0.00410684773302,19.0,123.44,6.496842105263158,0.015362099520121,0.0023645486947691,181.0,19684.12,108.75204419889502,2.449687381772565,0.0225254375659584,4.0,13.92,3.48,0.0017323430437466,0.0004977997252145,80.0,482.4,6.029999999999999,0.0600346468608749,0.009955994504291,120.0,956.88,7.974,0.119083650265825,0.0149339917564365,11.0,52.88,4.807272727272728,0.0065809123673363,0.00136894924434,16.0,177.36,11.085,0.0220724398160132,0.0019911989008582,95.0,423.52,4.458105263157894,0.0527070349057167,0.0118227434738456,8.0,20.44,2.555,0.0025437565958463,0.0009955994504291,1.6,2.0,0.8,12.0,14.0,0.8571428571428571,0.0001991198900858,0.0002488998626072,0.0014933991756436,0.0017422990382509,0.1176470588235294,0.8823529411764706,0.125,0.875,261.36611069846344,7892,0.0331178548781631,0.0060015377132311,2.164043057611911,0.0298265603141471,0.9821588578483104,339273.0,215054.66666666663,3956.0,0.6338690867433207,0.011660226425327,36182.0,5783.0,8125.0,21900.0,8251.0,642.0,1056.0,6357.0,27931.0,5141.0,7069.0,15543.0,0.2280415676303134,0.7719584323696865,0.1110150440947605,0.8889849559052395,0.1299692307692307,0.8700307692307693,0.2902739726027397,0.7097260273972603
1,active,5,blue,18,12-18,84.0,992.44,11.814761904761903,11094.12,10505.88,85.0,130.51905882352943,0.0944651947290469,0.0079955225073958,50.0,392.48,7.849600000000001,0.0373581270678896,0.0047592395877356,79.0,563.56,7.133670886075949,0.0536423412412858,0.0075195985486222,201.0,18384.12,91.46328358208956,1.749888633793647,0.0191321431426972,,,,,,326.0,1755.8,5.3858895705521475,0.1671254573629244,0.0310302421120363,33.0,349.08,10.578181818181818,0.033227107105735,0.0031410981279055,9.0,82.96,9.217777777777776,0.0078965303239709,0.0008566631257924,23.0,238.84,10.384347826086955,0.0227339356626955,0.0021892502103583,123.0,601.12,4.887154471544715,0.0572174820195928,0.0117077293858296,19.0,45.8,2.4105263157894736,0.0043594634623658,0.0018085110433395,6.8,6.0,1.1333333333333333,4.2,4.0,1.05,0.000647256583932,0.0005711087505282,0.0003997761253697,0.0003807391670188,0.6181818181818182,0.3818181818181818,0.6,0.4,242.3145969316164,10069,0.0240654083753715,0.0049044234525732,2.1069108282575395,0.0231005916708555,0.9584156681782012,277438.0,188327.3333333333,11674.0,0.6788087188248665,0.042077869650156,52981.0,8077.0,24030.0,24895.0,4371.0,182.0,3048.0,3307.0,48610.0,7895.0,20982.0,21588.0,0.0825012740416375,0.9174987259583623,0.0225331187322025,0.9774668812677976,0.1268414481897627,0.8731585518102372,0.1328379192608957,0.8671620807391043
1,active,5,blue,24,18-24,82.0,742.48,9.054634146341463,13556.68,8043.32,102.0,132.9086274509804,0.0923101405887121,0.0101947951840782,61.0,737.28,12.08655737704918,0.0916636413819169,0.0075839330027898,65.0,339.24,5.219076923076924,0.0421766136371548,0.00808124008494,177.0,19193.52,108.43796610169493,2.38626835684767,0.0220058383851444,1.0,1.48,1.48,0.0001840036203955,0.0001243267705375,141.0,717.2,5.0865248226950355,0.0891671598295231,0.017530074645793,50.0,408.64,8.1728,0.05080489151246,0.0062163385268769,8.0,81.24,10.155,0.0101003068384696,0.0009946141643003,20.0,130.6,6.529999999999999,0.0162370762322026,0.0024865354107507,101.0,492.48,4.876039603960396,0.0612284479543273,0.0125570038242914,14.0,42.92,3.065714285714286,0.0053361049914711,0.0017405747875255,10.2,10.0,1.02,7.0,7.0,1.0,0.0012681330594829,0.0012432677053753,0.0008702873937627,0.0008702873937627,0.5930232558139534,0.4069767441860465,0.5882352941176471,0.4117647058823529,228.6998660322332,7931,0.0288361954396965,0.0063055032210315,2.0549490336649368,0.0280142759048469,0.9860356171332236,339019.0,278108.0,16804.0,0.8203316038334134,0.0495665434680652,28337.0,5324.0,27039.0,18644.0,5872.0,131.0,4480.0,3496.0,22465.0,5193.0,22559.0,15148.0,0.2072202420863182,0.7927797579136817,0.0246055597295266,0.9753944402704732,0.1656866008358297,0.8343133991641702,0.1875134091396696,0.8124865908603304
1,active,5,green,18,12-18,89.0,880.6,9.89438202247191,12561.2,9038.8,254.0,49.45354330708662,0.0974244368721511,0.0098464397928928,36.0,183.44,5.095555555555555,0.0202947293888569,0.0039828295791476,55.0,359.68,6.5396363636363635,0.0397928928618843,0.0060848785236978,186.0,18872.68,101.46602150537636,2.087963003938576,0.0205779528255963,,,,,,132.0,1094.72,8.293333333333333,0.1211134221356817,0.0146037084568748,27.0,239.84,8.882962962962964,0.0265344957295216,0.0029871221843607,19.0,218.44,11.496842105263156,0.0241669248130282,0.0021020489445501,15.0,126.28,8.418666666666667,0.0139708810904102,0.0016595123246448,128.0,596.6,4.6609375,0.066004336858875,0.0141611718369695,11.0,31.64,2.8763636363636365,0.0035004646634509,0.0012169757047395,2.0,2.0,1.0,9.6,8.0,1.2,0.0002212683099526,0.0002212683099526,0.0010620878877727,0.0008850732398105,0.1724137931034483,0.8275862068965517,0.2,0.8,257.7410956633757,8516,0.0302655114682216,0.0070432136570101,2.044693511881789,0.0278233580404813,0.9421604637783776,314284.0,174999.3333333333,63592.0,0.5568190978011395,0.2023392854870117,33523.0,8652.0,13669.0,22104.0,1451.0,48.0,2639.0,4153.0,32072.0,8604.0,11030.0,17951.0,0.0432837156579065,0.9567162843420934,0.0055478502080443,0.9944521497919556,0.1930645987270466,0.8069354012729534,0.1878845457835685,0.8121154542164314
1,active,5,green,24,18-24,69.0,727.0,10.53623188405797,13609.2,7990.799999999999,161.0,84.52919254658386,0.0909796265705561,0.0086349301696951,52.0,257.44,4.950769230769231,0.0322170496070481,0.006507483606147,54.0,295.28,5.468148148148147,0.0369524953696751,0.0067577714371527,168.0,19877.64,118.31928571428573,2.4875657005556393,0.0210241778044751,1.0,1.4,1.4,0.0001752014817039,0.0001251439155028,160.0,871.6,5.4475,0.1090754367522651,0.0200230264804525,60.0,503.04,8.384,0.0629523952545427,0.0075086349301696,21.0,157.8,7.514285714285715,0.0197477098663463,0.0026280222255593,19.0,131.92,6.943157894736841,0.0165089853331331,0.0023777343945537,113.0,472.08,4.1776991150442475,0.0590779396305751,0.0141412624518195,9.0,27.32,3.035555555555556,0.0034189317715372,0.0011262952395254,2.0,2.0,1.0,5.0,5.0,1.0,0.0002502878310056,0.0002502878310056,0.0006257195775141,0.0006257195775141,0.2857142857142857,0.7142857142857143,0.2857142857142857,0.7142857142857143,274.79707954052924,7867,0.0349303520453195,0.007554215506417,2.0526686613638088,0.0331082302002203,0.98450718326075,340391.0,280680.0,11317.0,0.8245811434497387,0.0332470599986486,34555.0,7283.0,13924.0,18244.0,5730.0,1336.0,3296.0,4005.0,28825.0,5947.0,10628.0,14239.0,0.1658226016495442,0.8341773983504558,0.1834408897432377,0.8165591102567623,0.2367135880494111,0.7632864119505889,0.2195242271431703,0.7804757728568297
1,active,5,red,18,12-18,40.0,553.28,13.832,11704.96,9895.04,77.0,152.01246753246753,0.055914882607852,0.0040424293383351,34.0,323.6,9.51764705882353,0.0327032533471314,0.0034360649375848,44.0,369.84,8.405454545454544,0.0373763016622469,0.0044466722721686,152.0,19235.12,126.54684210526317,1.9439153353599377,0.0153612314856736,3.0,8.16,2.72,0.0008246555850203,0.0003031822003751,262.0,2060.36,7.863969465648856,0.208221492788306,0.0264779121660953,32.0,146.28,4.57125,0.0147831640902917,0.0032339434706681,18.0,151.12,8.395555555555555,0.0152722980402302,0.0018190932022508,12.0,119.28,9.94,0.0120545242869154,0.0012127288015005,149.0,651.68,4.3736912751677846,0.0658592587801565,0.0150580492852984,19.0,49.0,2.5789473684210527,0.0049519759394605,0.0019201539357092,0.8,1.0,0.8,0.8,1.0,0.8,8.084858676670331e-05,0.0001010607334583,8.084858676670331e-05,0.0001010607334583,0.5,0.5,0.5,0.5,179.75913276961106,9464,0.0189939912055802,0.0046036372207221,2.100043441453075,0.0185473953808055,0.9564387814501002,292701.0,201817.66666666663,10095.0,0.6895011177504232,0.0344891202968216,55460.0,6790.0,17414.0,13872.0,2921.0,251.0,2655.0,4183.0,52539.0,6539.0,14759.0,9689.0,0.0526685899747565,0.9473314100252436,0.0369661266568483,0.9630338733431516,0.1524635350867118,0.8475364649132882,0.3015426758938869,0.698457324106113
1,active,5,red,24,18-24,38.0,456.24,12.006315789473684,14590.08,7009.92,60.0,243.168,0.0650849082443166,0.0054208892540856,30.0,205.68,6.856,0.0293412763626403,0.0042796494111202,31.0,249.36,8.043870967741936,0.0355724459052314,0.0044223043914909,134.0,20041.2,149.56119402985075,2.8589769926047657,0.0191157673696704,3.0,8.12,2.7066666666666666,0.0011583584406098,0.000427964941112,114.0,1448.08,12.702456140350876,0.2065758239751666,0.0162626677622569,24.0,102.28,4.261666666666667,0.0145907513923126,0.0034237195288961,5.0,31.56,6.311999999999999,0.0045021911804984,0.0007132749018533,16.0,187.4,11.7125,0.0267335433214644,0.0022824796859307,101.0,501.4,4.964356435643564,0.0715272071578562,0.0144081530174381,16.0,41.64,2.6025,0.0059401533826348,0.0022824796859307,4.4,4.0,1.1,6.0,6.0,1.0,0.0006276819136309,0.0005706199214826,0.000855929882224,0.000855929882224,0.4230769230769231,0.5769230769230769,0.4,0.6,157.45144346551294,6945,0.0226711941635007,0.004677547301049,2.086607304594738,0.0223751852054589,0.9907388386743358,364812.0,283859.3333333333,18451.0,0.7780975771995804,0.0505767354144052,38897.0,5495.0,11437.0,11444.0,3154.0,120.0,1777.0,2844.0,35743.0,5375.0,9660.0,8600.0,0.0810859449314857,0.9189140550685144,0.021838034576888,0.978161965423112,0.1553729124770481,0.8446270875229518,0.2485145054176861,0.7514854945823138
1,active,5,yellow,18,12-18,62.0,636.6,10.26774193548387,13008.36,8591.64,193.0,67.40082901554405,0.0740952833219269,0.0072163172572407,35.0,223.76,6.393142857142857,0.0260439217658095,0.0040737274839262,31.0,291.52,9.403870967741934,0.0339306581746907,0.0036081586286203,157.0,19431.52,123.76764331210192,2.2616776308132094,0.0182735775707548,1.0,2.0,2.0,0.0002327844276529,0.0001163922138264,194.0,2116.36,10.909072164948457,0.2463278256537751,0.0225800894823339,20.0,157.4,7.87,0.0183201344562854,0.0023278442765292,8.0,115.72,14.465,0.0134689069839984,0.0009311377106117,12.0,137.96,11.496666666666668,0.0160574698194989,0.0013967065659175,108.0,489.44,4.531851851851852,0.0569670051352244,0.012570359093258,20.0,51.0,2.55,0.0059360029051496,0.0023278442765292,6.8,6.0,1.1333333333333333,1.8,2.0,0.9,0.0007914670540199,0.0006983532829587,0.0002095059848876,0.0002327844276529,0.7906976744186046,0.2093023255813953,0.75,0.25,219.69122075124687,8085,0.0271726927336112,0.0041031915976296,2.091122245840063,0.025804649281899,0.9410310487869604,325402.0,203691.66666666663,26714.0,0.6259693138538381,0.0820953774100958,57058.0,6362.0,12948.0,15977.0,3157.0,67.0,2239.0,4379.0,53901.0,6295.0,10709.0,11598.0,0.0553296645518595,0.9446703354481404,0.0105312794718641,0.9894687205281358,0.1729224590670373,0.8270775409329626,0.2740814921449583,0.7259185078550416
1,active,5,yellow,24,18-24,73.0,702.72,9.626301369863016,14085.36,7514.639999999999,149.0,94.53261744966444,0.0935134617227172,0.0097143708813728,36.0,320.52,8.903333333333332,0.0426527418479128,0.0047906486538277,41.0,357.64,8.722926829268292,0.0475924329043041,0.0054560165224149,141.0,19951.56,141.5004255319149,2.655025390437866,0.0187633738941586,3.0,9.08,3.026666666666667,0.0012083080493543,0.0003992207211523,110.0,883.8,8.034545454545453,0.1176104244514707,0.014638093108918,61.0,884.48,14.49967213114754,0.1177009144815986,0.0081174879967636,5.0,54.88,10.976,0.0073030777256129,0.0006653678685871,11.0,166.56,15.141818181818184,0.0221647344383762,0.0014638093108918,101.0,504.56,4.995643564356436,0.0671436023548699,0.0134404309454611,9.0,24.16,2.6844444444444444,0.0032150575410132,0.0011976621634569,6.0,7.0,0.8571428571428571,4.6,5.0,0.92,0.0007984414423046,0.000931515016022,0.0006121384391002,0.0006653678685871,0.5660377358490566,0.4339622641509433,0.5833333333333334,0.4166666666666667,201.7826005604175,7393,0.0272937373948894,0.0050244061049881,2.1289403149773465,0.0258891203759441,0.9838129304930112,352283.0,269232.0,29212.0,0.7642491973782441,0.0829219689851624,44378.0,5552.0,17031.0,17641.0,7912.0,1085.0,3484.0,3124.0,36466.0,4467.0,13547.0,14517.0,0.1782865383748704,0.8217134616251296,0.1954250720461095,0.8045749279538905,0.204568140449768,0.7954318595502319,0.1770874666968992,0.8229125333031008
1,active,6,blue,18,12-18,38.0,483.84,12.732631578947368,14398.92,7201.08,106.0,135.8388679245283,0.0671899215117732,0.0052769862298433,48.0,490.32,10.215,0.0680897865320201,0.0066656668166441,30.0,349.96,11.665333333333333,0.0485982658156832,0.0041660417604026,134.0,19628.32,146.48,2.725746693551523,0.0186083198631316,,,,,,108.0,785.48,7.272962962962963,0.1090780827320346,0.0149977503374493,80.0,777.24,9.7155,0.1079338099285107,0.0111094446944069,7.0,98.56,14.08,0.0136868358635093,0.0009720764107606,14.0,82.4,5.885714285714286,0.0114427280352391,0.0019441528215212,78.0,360.24,4.618461538461538,0.0500258294589145,0.0108317085770467,16.0,41.92,2.62,0.0058213490198692,0.0022218889388813,1.8,2.0,0.9,0.8,1.0,0.8,0.0002499625056241,0.0002777361173601,0.000111094446944,0.00013886805868,0.6923076923076923,0.3076923076923077,0.6666666666666666,0.3333333333333333,152.33029711434762,7073,0.0215368722061851,0.0048336785448311,2.083030313309738,0.0218949262210481,0.9822137790442544,360079.0,269330.0,21402.0,0.7479747499854199,0.0594369568900158,39256.0,4545.0,21085.0,12134.0,14436.0,29.0,3131.0,2999.0,24820.0,4516.0,17954.0,9135.0,0.3677399633177094,0.6322600366822906,0.0063806380638063,0.9936193619361936,0.1484941901825942,0.8515058098174058,0.2471567496291412,0.7528432503708588
1,active,6,blue,24,18-24,33.0,367.64,11.14060606060606,12690.96,8909.04,79.0,160.64506329113922,0.0412659500911433,0.0037041027989547,53.0,850.32,16.04377358490566,0.0954446270305218,0.0059490135862,31.0,239.84,7.736774193548388,0.0269209701606458,0.0034796117202302,146.0,18789.0,128.6917808219178,2.1089814390776107,0.0163878487468907,1.0,1.52,1.52,0.0001706132198306,0.0001122455393622,178.0,1715.84,9.639550561797751,0.19259538625935,0.0199797060064833,45.0,249.08,5.535111111111111,0.0279581189443531,0.0050510492713019,12.0,217.44,18.12,0.024406670078931,0.0013469464723471,5.0,9.92,1.984,0.0011134757504736,0.0005612276968113,94.0,430.56,4.580425531914893,0.0483284394278171,0.0105510807000529,11.0,23.56,2.1418181818181816,0.0026445049073749,0.0012347009329849,0.0,0.0,0.0,8.4,8.0,1.05,0.0,0.0,0.000942862530643,0.0008979643148981,0.0,1.0,0.0,1.0,175.54654816265577,8491,0.0206744256462908,0.0040070041457599,2.1129413881465227,0.0200257057157542,0.9530768747249984,317353.0,243956.66666666663,15817.0,0.7687233669341921,0.0498403985467287,49346.0,5701.0,27338.0,9224.0,13559.0,164.0,6400.0,2729.0,35787.0,5537.0,20938.0,6495.0,0.2747740445020873,0.7252259554979127,0.0287668830029819,0.971233116997018,0.2341063720828151,0.7658936279171848,0.2958586296617519,0.7041413703382481
1,active,6,green,18,12-18,60.0,451.76,7.529333333333333,14290.52,7309.48,252.0,56.7084126984127,0.0618046700996514,0.0082085182530084,72.0,485.28,6.739999999999999,0.0663904956303321,0.0098502219036101,34.0,307.4,9.041176470588235,0.0420549751829131,0.0046514936767047,162.0,19548.4,120.66913580246914,2.6743899702851643,0.0221629992831227,,,,,,174.0,1930.4,11.09425287356322,0.264095393926791,0.0238047029337244,62.0,496.84,8.013548387096774,0.0679720034804117,0.0084821355281087,19.0,143.6,7.557894736842105,0.0196457203522001,0.0025993641134526,14.0,98.44,7.031428571428571,0.0134674422804358,0.0019153209257019,68.0,380.28,5.59235294117647,0.0520255886875673,0.0093029873534095,12.0,27.36,2.28,0.0037430843233718,0.0016417036506016,4.2,4.0,1.05,1.8,2.0,0.9,0.0005745962777105,0.0005472345502005,0.0002462555475902,0.0002736172751002,0.7000000000000001,0.3,0.6666666666666666,0.3333333333333333,225.1836845168808,7107,0.0316847733948052,0.0060338851065262,2.07881884507829,0.0322049475075818,0.9722989870688477,357515.0,265352.6666666666,22152.0,0.7422140795957278,0.0619610365998629,60917.0,6084.0,19923.0,11354.0,17764.0,91.0,3597.0,2183.0,43153.0,5993.0,16326.0,9171.0,0.2916098954314887,0.7083901045685113,0.0149572649572649,0.9850427350427352,0.1805450986297244,0.8194549013702755,0.1922670424519993,0.8077329575480007
1,active,6,green,24,18-24,61.0,666.84,10.931803278688523,11699.52,9900.48,187.0,62.56427807486632,0.067354310094056,0.006161317431074,77.0,720.52,9.357402597402595,0.0727762694334012,0.0077774006916836,23.0,142.48,6.194782608695652,0.0143912214357283,0.0023231196871262,189.0,18879.04,99.88910052910052,1.906881282523676,0.0190899835159507,,,,,,292.0,2708.2,9.274657534246575,0.2735422928989302,0.0294935195061249,49.0,546.2,11.146938775510206,0.0551690423090597,0.0049492549856168,21.0,185.64,8.84,0.0187506060312227,0.00212110927955,18.0,130.68,7.260000000000001,0.0131993600310288,0.0018180936681857,156.0,626.04,4.013076923076923,0.0632332977795016,0.0157568117909434,19.0,44.84,2.3600000000000003,0.0045290733378583,0.0019190988719738,15.2,14.0,1.0857142857142856,1.8,2.0,0.9,0.0015352790975791,0.0014140728530333,0.0001818093668185,0.0002020104075761,0.8941176470588235,0.1058823529411764,0.875,0.125,310.7973417428953,9419,0.0329968512307989,0.0060004964576972,2.0984587670713934,0.0316460636044922,0.951368014480106,292675.0,226887.33333333328,16553.0,0.7752193844138833,0.0565576151020756,81701.0,7947.0,21675.0,16732.0,15878.0,138.0,5303.0,3900.0,65823.0,7809.0,16372.0,12832.0,0.1943427865020012,0.8056572134979988,0.0173650434126085,0.9826349565873914,0.2446597462514417,0.7553402537485583,0.2330863016973464,0.7669136983026535
1,active,6,red,18,12-18,70.0,576.12,8.230285714285714,14025.2,7574.799999999999,78.0,179.8102564102564,0.0760574536621429,0.0092411680836457,35.0,277.08,7.916571428571428,0.0365791836088081,0.0046205840418228,39.0,313.6,8.04102564102564,0.041400433014733,0.0051486507894597,145.0,19808.04,136.6071724137931,2.614991814965412,0.0191424196018376,,,,,,179.0,1410.6,7.880446927374301,0.1862227385541532,0.0236309869567513,125.0,992.92,7.943359999999999,0.131082008765908,0.0165020858636531,23.0,167.48,7.281739130434782,0.022110154723557,0.0030363837989121,19.0,116.04,6.107368421052632,0.0153192163489465,0.0025083170512752,79.0,377.08,4.773164556962025,0.0497808522997306,0.0104293182658288,8.0,21.64,2.705,0.0028568411047156,0.0010561334952738,0.0,0.0,0.0,2.6,2.0,1.3,0.0,0.0,0.0003432433859639,0.0002640333738184,0.0,1.0,0.0,1.0,203.7925721252228,7481,0.0272413543811285,0.0067069642939662,2.0570851733385536,0.0262619342110509,0.9876168347679148,350708.0,267373.0,15256.0,0.7623806699590543,0.0435005759777364,60392.0,7130.0,14841.0,14473.0,18042.0,0.0,3117.0,4420.0,42350.0,7130.0,11724.0,10053.0,0.2987481785666975,0.7012518214333024,0.0,1.0,0.2100262785526581,0.7899737214473418,0.3053962550956954,0.6946037449043045
1,active,6,red,24,18-24,40.0,460.88,11.522,15679.76,5920.24,74.0,211.88864864864863,0.077848195343432,0.00675648284529,22.0,216.8,9.854545454545455,0.0366201370214721,0.0037160655649095,37.0,211.88,5.726486486486486,0.0357890896315014,0.0062497466318933,101.0,20015.8,198.1762376237624,3.3809102333689176,0.0170601191843573,,,,,,105.0,1123.56,10.700571428571427,0.1897828466413523,0.0177357674688863,48.0,319.16,6.649166666666667,0.0539099766225693,0.008107779414348,7.0,51.92,7.417142857142857,0.0087699147331864,0.0011823844979257,10.0,121.04,12.104,0.0204451170898477,0.0016891207113225,80.0,344.48,4.306,0.0581868302636379,0.0135129656905801,9.0,19.76,2.195555555555556,0.0033377025255732,0.0015202086401902,5.6,6.0,0.9333333333333332,12.0,11.0,1.0909090909090908,0.0009459075983406,0.0010134724267935,0.002026944853587,0.0018580327824547,0.3181818181818181,0.6818181818181818,0.3529411764705882,0.6470588235294118,154.49604845135886,5507,0.0280544849194405,0.0064153690715577,2.0599914460872895,0.0263832640463981,0.9301987757253084,392068.0,272847.0,44665.0,0.6959175449156779,0.1139215646265443,36221.0,4341.0,10776.0,11562.0,10880.0,0.0,3747.0,2833.0,25341.0,4341.0,7029.0,8729.0,0.3003782336213799,0.6996217663786202,0.0,1.0,0.3477171492204899,0.65228285077951,0.2450268119702473,0.7549731880297527
1,active,6,yellow,18,12-18,90.0,833.68,9.26311111111111,13423.88,8176.120000000001,132.0,101.6960606060606,0.1019652353439039,0.0110076662279907,52.0,332.96,6.403076923076923,0.0407234727474645,0.006359984931728,36.0,315.32,8.758888888888889,0.0385659701667783,0.0044030664911963,178.0,19788.56,111.17168539325844,2.420287373472992,0.0217707176509151,3.0,7.48,2.4933333333333336,0.0009148593709485,0.0003669222075996,93.0,1974.6,21.232258064516127,0.2415081970421177,0.0113745884355904,81.0,937.48,11.573827160493828,0.1146607437268533,0.0099068996051917,33.0,175.0,5.303030303030303,0.0214037954433154,0.0040361442835966,26.0,101.68,3.910769230769231,0.0124362166895789,0.003179992465864,128.0,484.6,3.7859375,0.0592701672676037,0.0156553475242535,3.0,6.96,2.32,0.0008512595216312,0.0003669222075996,0.0,0.0,0.0,0.8,1.0,0.8,0.0,0.0,9.784592202658472e-05,0.0001223074025332,0.0,1.0,0.0,1.0,221.36407172633812,8051,0.0274952268943408,0.0066330937898395,2.0577216114101873,0.0263667973215175,0.984696897795042,335729.0,267465.6666666666,6302.0,0.7966713232001603,0.0187710921606414,72976.0,6976.0,16295.0,20932.0,19504.0,120.0,3728.0,3741.0,53472.0,6856.0,12567.0,17191.0,0.2672659504494628,0.7327340495505371,0.0172018348623853,0.9827981651376146,0.2287818349186867,0.7712181650813132,0.1787215746225874,0.8212784253774126
1,active,6,yellow,24,18-24,79.0,842.28,10.661772151898736,13098.92,8501.08,119.0,110.07495798319329,0.0990791758223661,0.0092929368974295,53.0,365.28,6.892075471698113,0.042968658099912,0.0062345019691615,34.0,251.2,7.388235294117647,0.0295491866915733,0.0039994918292734,161.0,19492.88,121.0737888198758,2.2929886555590584,0.018938770132736,1.0,1.2,1.2,0.0001411585351508,0.0001176321126256,122.0,1728.24,14.165901639344264,0.2032965223242223,0.0143511177403341,67.0,1020.56,15.232238805970148,0.120050628861274,0.0078813515459212,19.0,128.08,6.741052631578948,0.0150663209850983,0.0022350101398881,27.0,180.92,6.70074074074074,0.0212820018162398,0.0031760670408936,118.0,453.04,3.839322033898305,0.0532920523039425,0.0138805892898314,9.0,21.0,2.3333333333333335,0.0024702743651394,0.0010586890136312,3.0,3.0,1.0,1.6,2.0,0.8,0.000352896337877,0.000352896337877,0.0001882113802011,0.0002352642252513,0.6521739130434783,0.3478260869565218,0.6,0.4,222.15564909684733,8042,0.0276244278906798,0.0061909117084453,2.1394006934523255,0.0261060102671154,0.9459974497357982,327592.0,259884.99999999997,5723.0,0.7933191286722507,0.0174699015848982,68909.0,7771.0,15499.0,21136.0,17372.0,196.0,4289.0,4409.0,51537.0,7575.0,11210.0,16727.0,0.2521005964387816,0.7478994035612184,0.0252219791532621,0.974778020846738,0.2767275308084392,0.7232724691915607,0.2086014383043149,0.7913985616956851
1,active,7,blue,18,12-18,46.0,426.36,9.268695652173914,14045.44,7554.56,84.0,167.20761904761906,0.0564374364622161,0.006089037614368,36.0,213.04,5.917777777777777,0.0282001863774991,0.0047653337851575,54.0,365.04,6.760000000000001,0.0483204845814978,0.0071480006777363,156.0,19874.6,127.40128205128204,2.6308084124025752,0.0206497797356828,,,,,,266.0,1666.28,6.2642105263157895,0.2205661216536767,0.0352105218569976,11.0,40.08,3.643636363636363,0.0053054049474754,0.0014560742121314,17.0,89.16,5.244705882352941,0.0118021433412402,0.0022502965096577,21.0,208.84,9.944761904761904,0.0276442307692307,0.0027797780413419,121.0,545.48,4.5080991735537195,0.0722053964757709,0.0160168163334462,16.0,37.84,2.365,0.0050088952897322,0.0021179261267366,0.8,1.0,0.8,0.0,0.0,0.0,0.0001058963063368,0.000132370382921,0.0,0.0,1.0,0.0,1.0,0.0,207.44274099816664,7471,0.0277663955291348,0.0063959140217417,1.9857109756343188,0.0252453696130929,0.9889391308031176,351220.0,220989.0,46759.0,0.6292039177723364,0.1331330789818347,42936.0,7488.0,14542.0,10705.0,1868.0,259.0,620.0,1089.0,41068.0,7229.0,13922.0,9616.0,0.043506614495994,0.956493385504006,0.0345886752136752,0.9654113247863249,0.0426351258423875,0.9573648741576124,0.1017281644091546,0.8982718355908454
1,active,7,blue,24,18-24,67.0,573.92,8.565970149253731,10544.52,11055.48,103.0,102.37398058252428,0.0519127165894199,0.0060603429249566,43.0,277.08,6.4437209302325575,0.0250626838454775,0.0038894738175095,106.0,650.56,6.137358490566037,0.0588450252725345,0.0095880052245583,240.0,18936.16,78.90066666666667,1.7128301982365308,0.0217086910744716,,,,,,275.0,1827.12,6.644072727272727,0.1652682651499527,0.0248745418561654,68.0,586.0,8.617647058823529,0.0530053873735016,0.0061507958044336,11.0,79.28,7.207272727272727,0.0071711042849338,0.0009949816742466,24.0,273.2,11.383333333333333,0.0247117266731069,0.0021708691074471,173.0,810.0,4.682080924855492,0.0732668323763418,0.0156483481495149,37.0,96.44,2.6064864864864865,0.0087232756967585,0.0033467565406477,3.4,4.0,0.85,31.0,29.0,1.0689655172413792,0.0003075397902216,0.0003618115179078,0.0028040392637859,0.0026231335048319,0.0988372093023255,0.9011627906976744,0.1212121212121212,0.8787878787878788,304.478269492674,10937,0.0278392858638268,0.0055695606707054,2.0791455081129655,0.0257761384367789,0.9892831428395692,263716.0,204376.66666666663,9194.0,0.77498773933575,0.0348632619939632,60671.0,8847.0,23340.0,14415.0,11887.0,293.0,2130.0,3518.0,48784.0,8554.0,21210.0,10897.0,0.1959255657562921,0.8040744342437078,0.0331185712670961,0.9668814287329038,0.0912596401028277,0.9087403598971724,0.2440513354144987,0.7559486645855013
1,active,7,green,18,12-18,37.0,482.0,13.027027027027026,14335.56,7264.44,350.0,40.95874285714286,0.0663506065161251,0.0050933038197025,17.0,147.08,8.651764705882353,0.0202465709676176,0.0023401666198633,32.0,288.96,9.03,0.039777326263277,0.0044050195197427,127.0,20128.12,158.4891338582677,2.770773796741387,0.017482421218979,5.0,9.68,1.936,0.0013325184047221,0.0006882842999598,168.0,1603.92,9.547142857142855,0.2207905908783058,0.0231263524786494,12.0,65.68,5.473333333333334,0.0090413025642719,0.0016518823199035,12.0,91.32,7.609999999999999,0.0125708244544658,0.0016518823199035,12.0,114.88,9.573333333333332,0.0158140200758764,0.0016518823199035,88.0,353.12,4.012727272727273,0.0486093904003612,0.0121138036792925,8.0,19.6,2.45,0.0026980744558424,0.0011012548799356,2.0,2.0,1.0,8.4,7.0,1.2,0.0002753137199839,0.0002753137199839,0.0011563176239324,0.0009635980199437,0.1923076923076923,0.8076923076923077,0.2222222222222222,0.7777777777777778,216.17021764889523,6999,0.0308858719315466,0.006938873708034,2.0498046021056555,0.0278769460907657,0.963460363083734,358739.0,249064.66666666663,3723.0,0.6942781985417438,0.010378018559454,41920.0,5179.0,10950.0,12087.0,1431.0,331.0,1092.0,1011.0,40489.0,4848.0,9858.0,11076.0,0.0341364503816793,0.9658635496183208,0.0639119521143077,0.9360880478856922,0.0997260273972602,0.9002739726027398,0.0836435840158848,0.9163564159841152
1,active,7,green,24,18-24,42.0,421.48,10.035238095238096,14289.92,7310.08,276.0,51.77507246376812,0.0576573717387497,0.0057454911574155,25.0,175.68,7.027200000000001,0.024032568727018,0.0034199352127473,52.0,442.64,8.512307692307692,0.0605520049028191,0.0071134652425144,157.0,19834.72,126.33579617834395,2.7133382945193487,0.0214771931360532,1.0,1.88,1.88,0.0002571791279985,0.0001367974085098,116.0,995.48,8.581724137931035,0.1361790842234284,0.0158684993871476,36.0,117.2,3.2555555555555555,0.0160326562773594,0.0049247067063561,9.0,42.28,4.697777777777778,0.0057837944317982,0.001231176676589,17.0,172.12,10.12470588235294,0.0235455699527228,0.0023255559446681,75.0,335.76,4.4768,0.0459310978812817,0.0102598056382419,6.0,13.08,2.18,0.0017893101033094,0.0008207844510593,0.0,0.0,0.0,9.6,10.0,0.96,0.0,0.0,0.0013132551216949,0.0013679740850989,0.0,1.0,0.0,1.0,217.7500716037888,7103,0.0306560709001532,0.0064320275191883,2.096522106057523,0.0299479994261288,0.9716719926457712,357524.0,233063.99999999997,21526.0,0.6518835099182152,0.0602085454403061,27969.0,5386.0,15535.0,10579.0,4939.0,451.0,1448.0,2415.0,23030.0,4935.0,14087.0,8164.0,0.176588365690586,0.823411634309414,0.0837356108429261,0.916264389157074,0.0932088831670421,0.906791116832958,0.2282824463559882,0.7717175536440117
1,active,7,red,18,12-18,40.0,319.4,7.984999999999999,15062.16,6537.84,89.0,169.23775280898877,0.0488540557737723,0.0061182286504411,32.0,166.92,5.21625,0.0255313681582908,0.0048945829203528,45.0,340.96,7.576888888888888,0.0521517810163601,0.0068830072317462,155.0,20250.96,130.65135483870966,3.0975000917734294,0.0237081360204593,2.0,4.6,2.3,0.0007035962948007,0.000305911432522,138.0,1826.48,13.23536231884058,0.2793705566364426,0.0211078888440218,20.0,89.52,4.476,0.0136925957196872,0.0030591143252205,20.0,144.32,7.215999999999999,0.0220745689707915,0.0030591143252205,19.0,101.64,5.349473684210526,0.0155464190007708,0.0029061586089595,83.0,419.88,5.058795180722892,0.0642230461436804,0.0126953244496653,13.0,33.16,2.5507692307692307,0.0050720115512156,0.0019884243113933,17.6,16.0,1.1,0.8,1.0,0.8,0.002692020606194,0.0024472914601764,0.0001223645730088,0.000152955716261,0.9565217391304348,0.0434782608695652,0.9411764705882352,0.0588235294117647,196.53636683173028,6446,0.0304896628656112,0.0074333652701621,1.990735109579232,0.0282923829195664,0.9859525470185873,376643.0,247717.66666666663,16875.0,0.6576988465646956,0.0448037000554902,48058.0,6188.0,12774.0,8025.0,1853.0,167.0,1055.0,666.0,46205.0,6021.0,11719.0,7359.0,0.0385575762620167,0.9614424237379832,0.0269877181641887,0.9730122818358112,0.0825896351964928,0.9174103648035072,0.0829906542056074,0.9170093457943924
1,active,7,red,24,18-24,76.0,869.08,11.435263157894738,11365.96,10234.04,88.0,129.15863636363636,0.0849205201464915,0.0074261972788849,43.0,186.8,4.344186046511628,0.0182528112065225,0.0042016642498954,73.0,451.48,6.1846575342465755,0.0441155203614603,0.0071330579126132,207.0,18195.36,87.90028985507247,1.77792543316227,0.0202266162727525,3.0,7.12,2.3733333333333335,0.000695717429285,0.0002931393662717,128.0,1979.2,15.4625,0.1933938112416992,0.0125072796275957,51.0,457.16,8.963921568627452,0.0446705308949349,0.0049833692266201,15.0,153.44,10.229333333333331,0.0149931014535804,0.0014656968313588,27.0,152.36,5.642962962962963,0.0148875712817225,0.0026382542964459,137.0,663.16,4.840583941605839,0.0647994340455968,0.013386697726411,30.0,75.04,2.5013333333333336,0.007332392681678,0.0029313936627177,38.2,33.0,1.1575757575757577,0.8,1.0,0.8,0.0037326412638606,0.0032245330289895,7.817049767247343e-05,9.771312209059178e-05,0.9794871794871796,0.0205128205128205,0.9705882352941176,0.0294117647058823,294.9733925074353,10131,0.0291159206897083,0.0055933178670947,2.0632412465788876,0.0275297678062645,0.9899316398997854,284237.0,203472.66666666663,14927.0,0.7158556650494715,0.0525160341545963,61088.0,7687.0,16073.0,21803.0,9508.0,180.0,1618.0,2202.0,51580.0,7507.0,14455.0,19601.0,0.1556443163960188,0.8443556836039812,0.0234161571484324,0.9765838428515676,0.1006657126858707,0.8993342873141292,0.1009952758794661,0.8990047241205339
1,active,7,yellow,18,12-18,65.0,433.2,6.664615384615384,13127.12,8472.88,166.0,79.07903614457832,0.0511278337472028,0.0076715355345525,34.0,122.16,3.592941176470588,0.0144177658600145,0.004012803202689,80.0,430.96,5.387,0.0508634608303198,0.0094418898886801,155.0,20358.92,131.34787096774193,2.4028335111555927,0.0182936616593177,2.0,3.16,1.58,0.0003729546506028,0.000236047247217,260.0,2605.96,10.022923076923076,0.3075648421788105,0.0306861421382103,13.0,38.2,2.9384615384615387,0.0045085024218447,0.0015343071069105,24.0,134.24,5.593333333333334,0.0158434912332052,0.002832566966604,23.0,135.08,5.87304347826087,0.0159426310770363,0.0027145433429955,88.0,317.12,3.603636363636363,0.0374276515187279,0.0103860788775481,11.0,26.8,2.4363636363636365,0.0031630331127078,0.0012982598596935,0.8,1.0,0.8,12.0,12.0,1.0,9.44188988868012e-05,0.0001180236236085,0.001416283483302,0.001416283483302,0.0625,0.9375,0.0769230769230769,0.9230769230769232,294.6837241711021,8323,0.035405950278878,0.0067535486774657,2.095043352584051,0.0328289038542835,0.982310619293558,328344.0,230804.66666666663,5923.0,0.7029355391499971,0.018039007869795,66377.0,6780.0,13942.0,10895.0,2144.0,375.0,1119.0,1544.0,64233.0,6405.0,12823.0,9351.0,0.0323003449990207,0.9676996550009792,0.0553097345132743,0.9446902654867256,0.0802610816238703,0.9197389183761296,0.1417163836622303,0.8582836163377696
1,active,7,yellow,24,18-24,55.0,353.44,6.426181818181818,13114.04,8485.96,123.0,106.61821138211384,0.0416499724250408,0.006481293807654,43.0,172.24,4.0055813953488375,0.0202970553714606,0.0050671933405295,85.0,382.92,4.504941176470588,0.0451239459059434,0.0100165449754653,178.0,20337.92,114.25797752808988,2.396655181028428,0.0209758235956803,5.0,6.84,1.368,0.0008060372662609,0.0005892085279685,186.0,1925.04,10.34967741935484,0.2268499969361156,0.02191855724043,19.0,84.28,4.435789473684211,0.0099316989474378,0.0022389924062804,31.0,150.4,4.851612903225806,0.017723392521294,0.003653092873405,16.0,80.6,5.0375,0.009498041470853,0.0018854672894993,109.0,630.72,5.786422018348624,0.0743251205520648,0.0128447459097144,11.0,26.84,2.44,0.0031628713781351,0.0012962587615308,13.0,13.0,1.0,13.2,10.0,1.3199999999999998,0.0015319421727182,0.0015319421727182,0.0015555105138369,0.0011784170559371,0.4961832061068702,0.5038167938931297,0.5652173913043478,0.4347826086956521,318.8185543019129,8357,0.0381498808546024,0.0065186082489395,2.085223693618403,0.035810518590563,0.9848031336466352,327974.0,214969.3333333333,31582.0,0.6554462650494652,0.0962942184441449,50438.0,5822.0,14007.0,8891.0,9372.0,382.0,1849.0,1139.0,41066.0,5440.0,12158.0,7752.0,0.1858122843887545,0.8141877156112455,0.065613191343181,0.934386808656819,0.1320054258584993,0.8679945741415007,0.1281070745697896,0.8718929254302104
1,active,8,blue,18,12-18,,,,,,,,,,,,,,,,,,,,,,,,,,,,,,,,,,,,,,,,,,,,,,,,,,,,,,,,,,,,,,,,,,,,,,,,,,0.0,0,,,,,,,,,,,,,,,,,,,,,,,,,,,,,,
1,active,8,blue,24,18-24,,,,,,,,,,,,,,,,,,,,,,,,,,,,,,,,,,,,,,,,,,,,,,,,,,,,,,,,,,,,,,,,,,,,,,,,,,0.0,0,,,,,,,,,,,,,,,,,,,,,,,,,,,,,,
1,active,8,green,18,12-18,26.0,177.24,6.816923076923077,15290.24,6309.76,256.0,59.7275,0.0280898164114007,0.0041206004665787,19.0,101.48,5.341052631578948,0.0160830205903235,0.003011208033269,36.0,166.08,4.613333333333333,0.0263211279034384,0.0057054467998782,86.0,20898.96,243.01116279069765,3.31216401257734,0.0136296784663758,,,,,,99.0,1162.16,11.7389898989899,0.1841845014707374,0.0156899786996652,285.0,1260.92,4.424280701754387,0.1998364438584035,0.0451681204990364,11.0,47.2,4.290909090909091,0.0074804746931737,0.0017433309666294,16.0,77.2,4.825,0.0122350136930723,0.0025357541332792,60.0,317.2,5.286666666666666,0.0502713256922608,0.0095090779997971,18.0,48.52,2.695555555555556,0.0076896744091692,0.0028527233999391,0.0,0.0,0.0,3.2,3.0,1.0666666666666669,0.0,0.0,0.0005071508266558,0.0004754538999898,0.0,1.0,0.0,1.0,214.50210687699635,6106,0.0351297259870613,0.0052978693032662,2.1106997225645814,0.0315414461472812,0.9677071711126888,382512.0,189702.3333333333,21923.0,0.4959382537889878,0.057313234617476,60961.0,3137.0,6744.0,4457.0,14724.0,93.0,1857.0,44.0,46237.0,3044.0,4887.0,4413.0,0.2415314709404373,0.7584685290595626,0.0296461587503984,0.9703538412496016,0.275355871886121,0.724644128113879,0.0098721112856181,0.9901278887143818
1,active,8,green,24,18-24,57.0,480.04,8.421754385964913,12456.0,9144.0,475.0,26.223157894736843,0.0524978127734033,0.0062335958005249,30.0,153.0,5.1,0.0167322834645669,0.0032808398950131,73.0,361.16,4.947397260273973,0.0394969378827646,0.0079833770778652,138.0,18179.88,131.73826086956524,1.9881758530183729,0.0150918635170603,1.0,1.56,1.56,0.0001706036745406,0.0001093613298337,79.0,743.88,9.41620253164557,0.0813517060367454,0.0086395450568678,145.0,582.8,4.019310344827586,0.0637357830271216,0.0158573928258967,13.0,116.08,8.929230769230768,0.0126946631671041,0.001421697287839,17.0,150.88,8.875294117647059,0.0165004374453193,0.0018591426071741,97.0,403.8,4.162886597938145,0.0441601049868766,0.0106080489938757,13.0,37.84,2.910769230769231,0.0041382327209098,0.001421697287839,3.2,3.0,1.0666666666666669,13.4,12.0,1.1166666666666667,0.000349956255468,0.0003280839895013,0.0014654418197725,0.0013123359580052,0.1927710843373493,0.8072289156626505,0.2,0.8,328.29952722736186,6686,0.0491025317420523,0.0090308532538726,2.0217254584869364,0.043491739269755,0.7311898512685914,311875.0,119702.66666666664,66905.0,0.3838161656646626,0.2145250501002004,33391.0,6704.0,12957.0,12058.0,9569.0,53.0,4101.0,1467.0,23822.0,6651.0,8856.0,10591.0,0.2865742265880027,0.7134257734119972,0.0079057279236276,0.9920942720763724,0.3165084510303311,0.6834915489696689,0.1216619671587327,0.8783380328412672
1,active,8,red,18,12-18,12.0,80.08,6.673333333333333,15044.04,6555.959999999999,76.0,197.94789473684213,0.0122148396268433,0.001830395548478,12.0,94.68,7.890000000000001,0.0144418208774916,0.001830395548478,15.0,229.8,15.32,0.0350520747533542,0.0022879944355975,102.0,20535.32,201.32666666666665,3.1323131928809818,0.0155583621620632,,,,,,134.0,959.4,7.159701492537313,0.1463401241008182,0.0204394169580046,237.0,886.4,3.740084388185654,0.1352052178475769,0.036150312082441,9.0,79.6,8.844444444444443,0.0121416238049042,0.0013727966613585,9.0,107.2,11.911111111111111,0.0163515335664037,0.0013727966613585,98.0,412.64,4.210612244897959,0.0629412015936644,0.0149482303125705,12.0,31.32,2.61,0.0047773323815276,0.001830395548478,,,,,,,,,,,,,,,130.45319519354294,6470,0.0201627813282137,0.0038815552928689,2.073425191157066,0.0192298821821611,0.9868882665544024,376177.0,178505.66666666666,49178.0,0.4745257330104356,0.1307310122628443,46516.0,4688.0,8139.0,2014.0,7799.0,0.0,365.0,0.0,38717.0,4688.0,7774.0,2014.0,0.1676627397024679,0.8323372602975321,0.0,1.0,0.0448458041528443,0.9551541958471556,0.0,1.0
1,active,8,red,24,18-24,36.0,449.52,12.486666666666666,10943.4,10656.6,158.0,69.26202531645569,0.0421823095546421,0.0033781881650807,26.0,119.52,4.596923076923077,0.0112155847080682,0.0024398025636694,36.0,254.04,7.056666666666667,0.0238387478182534,0.0033781881650807,145.0,17941.32,123.73324137931034,1.6835876358313158,0.0136065912204643,1.0,2.24,2.24,0.0002101983747161,9.38385601411332e-05,162.0,1142.8,7.054320987654321,0.107238706529287,0.0152018467428635,286.0,1119.8,3.9153846153846152,0.1050804196460409,0.026837828200364,13.0,97.88,7.529230769230769,0.0091849182666141,0.0012199012818347,18.0,160.52,8.91777777777778,0.0150629656738547,0.0016890940825403,114.0,476.16,4.176842105263158,0.0446821687968019,0.0106975958560891,20.0,52.56,2.628,0.0049321547210179,0.0018767712028226,1.0,1.0,1.0,21.6,21.0,1.0285714285714287,9.38385601411332e-05,9.38385601411332e-05,0.0020269128990484,0.0019706097629637,0.0442477876106194,0.9557522123893806,0.0454545454545454,0.9545454545454546,241.49374332180028,8409,0.0287184853516232,0.0049938955042578,2.1268016229951563,0.026152891644538,0.789088452226789,273743.0,114512.66666666666,44343.0,0.4183218079244644,0.1619877037951655,57013.0,6491.0,9401.0,11274.0,9963.0,215.0,1996.0,1528.0,47050.0,6276.0,7405.0,9746.0,0.1747496185080595,0.8252503814919404,0.0331227853951625,0.9668772146048374,0.2123178385278162,0.7876821614721838,0.1355330849742771,0.8644669150257229
1,active,8,yellow,18,12-18,52.0,489.04,9.404615384615385,14041.84,7558.16,163.0,86.14625766871166,0.0647035786487716,0.0068799813711273,42.0,376.04,8.953333333333333,0.0497528498999756,0.0055569080305259,58.0,491.6,8.475862068965517,0.0650422854239656,0.0076738253754882,155.0,19866.8,128.17290322580644,2.6285233443060214,0.0205076367793219,1.0,2.32,2.32,0.0003069530150195,0.0001323073340601,97.0,1001.44,10.324123711340206,0.1324978566211882,0.0128338114038337,189.0,1059.12,5.603809523809523,0.1401293436497772,0.0250060861373667,21.0,115.6,5.504761904761905,0.0152947278173523,0.0027784540152629,18.0,177.84,9.88,0.0235295362892555,0.0023815320130825,95.0,399.64,4.206736842105263,0.0528753029837949,0.0125691967357134,11.0,25.72,2.338181818181818,0.0034029446320268,0.0014553806746615,3.2,3.0,1.0666666666666669,0.0,0.0,0.0,0.0004233834689924,0.0003969220021804,0.0,0.0,1.0,0.0,1.0,0.0,200.92211384309743,7397,0.0271626488905093,0.0055064723291388,2.0939738234561083,0.0261234435907707,0.9786773500428676,351209.0,181479.3333333333,15289.0,0.51672745668059,0.0435324835069716,51800.0,7375.0,21791.0,12278.0,11027.0,93.0,1830.0,44.0,40773.0,7282.0,19961.0,12234.0,0.2128764478764478,0.7871235521235521,0.0126101694915254,0.9873898305084746,0.083979624615667,0.916020375384333,0.003583645544877,0.996416354455123
1,active,8,yellow,24,18-24,105.0,907.4,8.641904761904762,7190.08,14409.92,163.0,44.11092024539877,0.06297050920477,0.0072866469765272,75.0,428.16,5.7088,0.0297128644711421,0.0052047478403766,111.0,722.96,6.513153153153153,0.0501709933157158,0.0077030268037574,316.0,16664.8,52.73670886075949,1.1564810908041128,0.0219293375674535,,,,,,54.0,1076.44,19.934074074074076,0.0747013168706002,0.0037474184450711,114.0,667.88,5.85859649122807,0.0463486265017432,0.0079112167173724,27.0,214.8,7.955555555555556,0.0149063978148386,0.0018737092225355,19.0,119.68,6.298947368421053,0.0083053896204836,0.001318536119562,149.0,646.08,4.336107382550336,0.0448357797961404,0.0103400990428815,33.0,82.04,2.4860606060606063,0.0056933001709933,0.0022900890497657,31.8,30.0,1.06,1.0,1.0,1.0,0.0022068130843196,0.0020818991361506,6.93966378716884e-05,6.93966378716884e-05,0.9695121951219512,0.0304878048780487,0.967741935483871,0.032258064516129,501.2437276137376,12150,0.0412546277871389,0.0087676632165091,2.0678461364682055,0.0357587664332358,0.843169150141014,179915.0,94168.66666666666,11547.0,0.5234064234036443,0.0641803073673679,43776.0,8408.0,28964.0,22790.0,5408.0,268.0,5347.0,1722.0,38368.0,8140.0,23617.0,21068.0,0.1235380116959064,0.8764619883040936,0.0318744053282588,0.9681255946717412,0.1846084794917829,0.8153915205082171,0.0755594559017112,0.9244405440982888
1,inactive,1,blue,6,0-6,,,,21074.12,525.880000000001,52.0,405.27153846153846,,,1.0,2.48,2.48,0.0047159047691488,0.001901574503689,,,,,,15.0,21557.64,1437.176,40.99345858370723,0.0285236175553357,,,,,,2.0,5.16,2.58,0.0098121244390355,0.0038031490073781,,,,,,,,,,,,,,,,2.0,7.92,3.96,0.0150604700692172,0.0038031490073781,1.0,2.4,2.4,0.0045637788088537,0.001901574503689,,,,,,,,,,,,,,,8.211436521284005,465,0.0176590032715785,9.172095850467472e-05,1.4297541746433018,0.0159908727122959,0.8842321442154086,526905.0,486323.3333333333,1652.0,0.9229810560410951,0.003135290042797,131.0,0.0,63.0,0.0,0.0,0.0,0.0,0.0,131.0,0.0,63.0,0.0,0.0,1.0,0.0,0.0,0.0,1.0,0.0,0.0
1,inactive,1,blue,12,6-12,3.0,26.92,8.973333333333334,20469.76,1130.2400000000016,28.0,731.0628571428571,0.0238179501698753,0.0026543035107587,1.0,29.12,29.12,0.0257644394110984,0.0008847678369195,2.0,15.92,7.96,0.0140855039637598,0.0017695356738391,17.0,21516.96,1265.7035294117647,19.03751415628536,0.015041053227633,,,,,,57.0,553.6,9.712280701754386,0.4898074745186856,0.0504317667044166,10.0,44.2,4.42,0.0391067383918459,0.0088476783691959,2.0,2.72,1.36,0.0024065685164212,0.0017695356738391,1.0,4.84,4.84,0.0042822763306908,0.0008847678369195,15.0,51.8,3.453333333333333,0.0458309739524348,0.0132715175537938,1.0,2.0,2.0,0.0017695356738391,0.0008847678369195,,,,,,,,,,,,,,,16.044677302955243,1099,0.0145993424048728,0.0028421367647892,2.078194572861937,0.0131743586655372,0.9723598527746306,511772.0,483836.6666666667,0.0,0.9454144944754044,0.0,15012.0,192.0,1129.0,676.0,0.0,0.0,0.0,0.0,15012.0,192.0,1129.0,676.0,0.0,1.0,0.0,1.0,0.0,1.0,0.0,1.0
1,inactive,1,green,6,0-6,30.0,91.4,3.046666666666667,18291.0,3309.0,61.0,299.8524590163934,0.0276216379570867,0.0090661831368993,8.0,52.92,6.615,0.0159927470534904,0.0024176488365064,35.0,193.48,5.528,0.0584708371109096,0.0105772136597159,106.0,20274.68,191.27056603773585,6.127132064067694,0.032033847083711,,,,,,14.0,255.68,18.262857142857143,0.0772680568147476,0.0042308854638863,16.0,143.16,8.9475,0.0432638259292837,0.0048352976730129,8.0,38.12,4.765,0.0115200967059534,0.0024176488365064,1.0,3.48,3.48,0.0010516772438803,0.0003022061045633,67.0,343.08,5.120597014925373,0.1036808703535811,0.0202478090057419,5.0,11.16,2.232,0.0033726201269265,0.0015110305228165,1.4,1.0,1.4,0.0,0.0,0.0,0.0004230885463886,0.0003022061045633,0.0,0.0,1.0,0.0,1.0,0.0,130.55505752322696,3258,0.0400721477971844,0.0079088803565376,1.9895260562057913,0.0375279062325818,0.9845874886672712,457336.0,447003.6666666667,26.0,0.9774075661366406,5.685098046075533e-05,10001.0,1049.0,6203.0,2315.0,30.0,0.0,0.0,62.0,9971.0,1049.0,6203.0,2253.0,0.002999700029997,0.997000299970003,0.0,1.0,0.0,1.0,0.0267818574514038,0.973218142548596
1,inactive,1,green,12,6-12,2.0,6.4,3.2,20126.16,1473.84,73.0,275.70082191780824,0.0043423980893448,0.0013569994029202,5.0,21.76,4.352,0.0147641535037724,0.0033924985073006,7.0,28.64,4.091428571428572,0.0194322314498181,0.0047494979102209,21.0,21522.76,1024.8933333333332,14.603186234598056,0.0142484937306627,,,,,,21.0,167.96,7.998095238095239,0.1139608098572436,0.0142484937306627,59.0,614.84,10.421016949152545,0.4171687564457472,0.0400314823861477,2.0,7.68,3.84,0.0052108777072138,0.0013569994029202,2.0,2.24,1.12,0.0015198393312706,0.0013569994029202,14.0,50.52,3.608571428571429,0.0342778049177658,0.0094989958204418,6.0,16.36,2.7266666666666666,0.0111002551158877,0.0040709982087607,0.0,0.0,0.0,1.0,1.0,1.0,0.0,0.0,0.0006784997014601,0.0006784997014601,0.0,1.0,0.0,1.0,35.70212667259165,1414,0.025249028764209,0.0040453334352445,2.0693336540090965,0.0249358416170424,0.9593985778646258,503227.0,481168.6666666666,0.0,0.956166236443328,0.0,19650.0,252.0,1272.0,162.0,106.0,0.0,38.0,0.0,19544.0,252.0,1234.0,162.0,0.0053944020356234,0.9946055979643766,0.0,1.0,0.0298742138364779,0.970125786163522,0.0,1.0
1,inactive,1,red,6,0-6,7.0,41.88,5.982857142857143,20470.4,1129.5999999999983,47.0,435.54042553191493,0.0370750708215298,0.0061968838526912,4.0,32.24,8.06,0.0285410764872521,0.0035410764872521,9.0,34.16,3.795555555555555,0.0302407932011331,0.0079674220963172,34.0,21371.8,628.5823529411764,18.919794617563767,0.0300991501416431,,,,,,2.0,3.32,1.66,0.0029390934844192,0.001770538243626,13.0,143.04,11.003076923076922,0.1266288951841361,0.0115084985835694,4.0,18.88,4.72,0.01671388101983,0.0035410764872521,1.0,2.64,2.64,0.0023371104815864,0.000885269121813,19.0,93.12,4.901052631578947,0.0824362606232295,0.0168201133144476,1.0,2.44,2.44,0.0021600566572237,0.000885269121813,0.0,0.0,0.0,1.4,1.0,1.4,0.0,0.0,0.0012393767705382,0.000885269121813,0.0,1.0,0.0,1.0,36.6245085617947,1082,0.0338488988556328,0.0079973508028337,1.9558375161174355,0.0329427848895997,0.9578611898017012,511807.0,477494.6666666666,1037.0,0.9329584524374748,0.0020261543902291,3674.0,543.0,1673.0,1054.0,0.0,0.0,0.0,0.0,3674.0,543.0,1673.0,1054.0,0.0,1.0,0.0,1.0,0.0,1.0,0.0,1.0
1,inactive,1,red,12,6-12,7.0,42.16,6.022857142857142,20459.44,1140.5600000000013,21.0,974.2590476190476,0.0369642982394612,0.0061373360454513,5.0,25.76,5.152,0.0225853966472609,0.0043838114610366,5.0,26.64,5.328,0.0233569474644034,0.0043838114610366,32.0,21408.08,669.0025,18.76979729255802,0.0280563933506347,,,,,,3.0,5.6,1.8666666666666665,0.004909868836361,0.002630286876622,36.0,511.2,14.2,0.44820088377639,0.031563442519464,2.0,3.36,1.68,0.0029459213018166,0.0017535245844146,3.0,5.44,1.8133333333333337,0.0047695868696079,0.002630286876622,17.0,67.68,3.981176470588235,0.0593392719365924,0.0149049589675247,1.0,2.0,2.0,0.0017535245844146,0.0008767622922073,1.0,1.0,1.0,0.0,0.0,0.0,0.0008767622922073,0.0008767622922073,0.0,0.0,1.0,0.0,1.0,0.0,30.929613986515616,1119,0.0276404057073419,0.0034700212207557,2.1402755751922875,0.0294377537623135,0.9810970049800088,511507.0,483861.6666666667,0.0,0.945953167144666,0.0,12959.0,225.0,1320.0,1061.0,0.0,0.0,0.0,0.0,12959.0,225.0,1320.0,1061.0,0.0,1.0,0.0,1.0,0.0,1.0,0.0,1.0
1,inactive,1,yellow,6,0-6,4.0,22.72,5.68,20869.16,730.8400000000001,101.0,206.62534653465343,0.0310875157353182,0.0054731541787532,,,,,,,,,,,15.0,21556.4,1437.0933333333337,29.49537518471895,0.0205243281703245,,,,,,1.0,1.16,1.16,0.0015872147118384,0.0013682885446883,1.0,1.16,1.16,0.0015872147118384,0.0013682885446883,1.0,7.4,7.4,0.0101253352306934,0.0013682885446883,,,,,,4.0,12.6,3.15,0.0172404356630726,0.0054731541787532,,,,,,,,,,,,,,,,,,,,29.39993624425989,647,0.0454403960498607,0.012863663139222,2.0449944169135463,0.0439183477528551,0.8852826884133325,521830.0,487245.6666666666,665.0,0.9337249040236604,0.0012743613820592,60.0,186.0,0.0,572.0,30.0,0.0,0.0,62.0,30.0,186.0,0.0,510.0,0.5,0.5,0.0,1.0,0.0,0.0,0.1083916083916083,0.8916083916083916
1,inactive,1,yellow,12,6-12,,,,20832.68,767.3199999999997,33.0,631.2933333333333,,,2.0,4.12,2.06,0.0053693374341865,0.0026064744826148,,,,,,8.0,21599.92,2699.99,28.14982015326071,0.0104258979304592,,,,,,11.0,27.12,2.4654545454545453,0.0353437939842569,0.0143356096543814,50.0,400.68,8.0136,0.5221810978470522,0.0651618620653704,2.0,9.36,4.68,0.0121983005786373,0.0026064744826148,,,,,,4.0,11.56,2.89,0.0150654225095136,0.0052129489652296,,,,,,,,,,,,,,,,,,,,12.260285824052042,734,0.0167033866812698,0.0023737536442155,2.316668828220804,0.0175205772935046,0.9565761351196376,520850.0,492613.0,0.0,0.9457866948257656,0.0,10756.0,236.0,105.0,0.0,106.0,0.0,38.0,0.0,10650.0,236.0,67.0,0.0,0.0098549646708813,0.9901450353291188,0.0,1.0,0.3619047619047619,0.638095238095238,0.0,0.0
1,inactive,2,blue,6,0-6,32.0,273.68,8.5525,18712.96,2887.040000000001,62.0,301.82193548387096,0.0947960540900021,0.0110840168477056,9.0,23.44,2.604444444444445,0.0081190423409443,0.0031173797384172,6.0,24.72,4.12,0.0085624030148525,0.0020782531589448,70.0,20833.0,297.6142857142857,7.21604134338284,0.024246286854356,3.0,4.8,1.6,0.0016626025271558,0.0010391265794724,25.0,163.12,6.5248,0.0565007758811793,0.00865938816227,17.0,216.52,12.736470588235294,0.074997228995788,0.0058883839503436,3.0,60.4,20.133333333333333,0.0209210818000443,0.0010391265794724,1.0,1.48,1.48,0.0005126357792063,0.0003463755264908,43.0,207.88,4.834418604651162,0.0720045444469075,0.0148941476391044,5.0,12.44,2.488,0.0043089115495455,0.001731877632454,9.0,10.0,0.9,0.0,0.0,0.0,0.0031173797384172,0.003463755264908,0.0,0.0,1.0,0.0,1.0,0.0,94.85449119992607,2822,0.0336125057405833,0.0069489226246291,1.968237290190081,0.032127462194079,0.977471735757038,467886.0,421518.6666666667,10857.0,0.900900361769035,0.0232043702953283,9533.0,1551.0,1219.0,6874.0,1820.0,0.0,26.0,786.0,7713.0,1551.0,1193.0,6088.0,0.1909157662855344,0.8090842337144656,0.0,1.0,0.0213289581624282,0.9786710418375718,0.1143439045679371,0.8856560954320628
1,inactive,2,blue,12,6-12,11.0,114.88,10.443636363636363,19845.84,1754.16,43.0,461.5311627906977,0.065490035116523,0.0062708076800291,4.0,10.64,2.66,0.0060655812468645,0.0022802937018287,2.0,6.92,3.46,0.0039449081041638,0.0011401468509143,39.0,21333.32,547.0082051282051,12.16155880877457,0.0222328635928307,,,,,,68.0,525.76,7.731764705882353,0.2997218041683768,0.0387649929310895,4.0,19.4,4.85,0.0110594244538696,0.0022802937018287,5.0,34.92,6.984,0.0199069640169653,0.0028503671272859,1.0,8.64,8.64,0.0049254343959501,0.0005700734254571,24.0,104.92,4.371666666666667,0.0598121037989693,0.0136817622109727,4.0,10.0,2.5,0.0057007342545719,0.0022802937018287,,,,,,,,,,,,,,,42.97927653764248,1706,0.0251930108661444,0.003956550414989,2.0673444921096618,0.0237574886005175,0.9725452638299812,496189.0,472188.3333333333,418.0,0.9516299904539064,0.0008424209323463,13701.0,1095.0,445.0,2883.0,0.0,0.0,0.0,0.0,13701.0,1095.0,445.0,2883.0,0.0,1.0,0.0,1.0,0.0,1.0,0.0,1.0
1,inactive,2,green,6,0-6,60.0,522.04,8.700666666666667,17025.96,4574.040000000001,177.0,96.19186440677966,0.1141310526361815,0.0131175066243408,24.0,119.88,4.995,0.026208778235433,0.0052470026497363,14.0,92.2,6.585714285714286,0.0201572351794037,0.0030607515456795,126.0,20177.12,160.13587301587302,4.411225087668668,0.0275467639111157,2.0,2.76,1.38,0.0006034053047196,0.0004372502208113,38.0,216.92,5.708421052631579,0.0474241589492002,0.0083077541954158,57.0,273.8,4.803508771929825,0.0598595552290753,0.0124616312931238,2.0,7.16,3.58,0.0015653557905046,0.0004372502208113,8.0,65.6,8.2,0.0143418072426126,0.0017490008832454,55.0,256.92,4.6712727272727275,0.0561691633654274,0.0120243810723124,6.0,16.68,2.78,0.0036466668415667,0.001311750662434,2.6,3.0,0.8666666666666667,9.0,10.0,0.9,0.0005684252870547,0.000655875331217,0.0019676259936511,0.0021862511040568,0.2241379310344827,0.7758620689655172,0.2307692307692307,0.7692307692307693,267.3275176323656,4418,0.0605087183414136,0.0152641190881301,2.038106999793491,0.059133547590786,0.9658857377722974,425826.0,407902.0,4171.0,0.9579076899954442,0.0097950806197836,12363.0,1829.0,5340.0,13111.0,1741.0,375.0,814.0,2637.0,10622.0,1454.0,4526.0,10474.0,0.1408234247350966,0.8591765752649033,0.2050300710770913,0.7949699289229087,0.1524344569288389,0.847565543071161,0.2011288231256197,0.7988711768743803
1,inactive,2,green,12,6-12,7.0,39.4,5.628571428571428,20117.84,1482.16,129.0,155.9522480620155,0.0265828250661197,0.0047228369406811,2.0,9.52,4.76,0.0064230582393263,0.0013493819830517,4.0,16.96,4.24,0.0114427592162789,0.0026987639661035,18.0,21552.08,1197.3377777777778,14.540994224645113,0.0121444378474658,,,,,,46.0,568.72,12.363478260869568,0.3837102607005991,0.0310357856101905,2.0,8.88,4.44,0.0059912560047498,0.0013493819830517,1.0,32.04,32.04,0.0216170993684892,0.0006746909915258,4.0,10.0,2.5,0.0067469099152588,0.0026987639661035,21.0,69.84,3.325714285714286,0.0471204188481675,0.0141685108220435,1.0,2.44,2.44,0.0016462460193231,0.0006746909915258,,,,,,,,,,,,,,,44.09676295574275,1376,0.0320470661015572,0.0042423008458923,2.0774813734206554,0.0269613262154161,0.9283748043396124,503075.0,478914.6666666666,0.0,0.9519746889960078,0.0,14488.0,1056.0,668.0,992.0,69.0,226.0,160.0,535.0,14419.0,830.0,508.0,457.0,0.0047625621203754,0.9952374378796244,0.2140151515151515,0.7859848484848485,0.2395209580838323,0.7604790419161677,0.5393145161290323,0.4606854838709677
1,inactive,2,red,6,0-6,11.0,72.08,6.552727272727273,19787.72,1812.2799999999988,33.0,599.6278787878788,0.0397731034939413,0.0060697022535149,7.0,31.0,4.428571428571429,0.0171055245326329,0.0038625377976913,1.0,1.56,1.56,0.0008607941377712,0.0005517911139559,45.0,21168.88,470.4195555555556,11.6807998763988,0.0248306001280155,,,,,,28.0,182.76,6.527142857142857,0.1008453439865805,0.0154501511907652,18.0,90.68,5.037777777777778,0.0500364182135211,0.0099322400512062,7.0,44.0,6.285714285714286,0.0242788090140596,0.0038625377976913,1.0,12.8,12.8,0.0070629262586355,0.0005517911139559,26.0,110.4,4.246153846153846,0.0609177389807314,0.0143465689628534,2.0,5.48,2.74,0.0030238153044783,0.0011035822279118,,,,,,,,,,,,,,,52.16271453689191,1778,0.0293378596945398,0.007188712354131,1.9990086908397289,0.0273053342735469,0.9810846006135924,494726.0,428837.6666666667,23603.0,0.8668185352430774,0.0477092370322158,6882.0,1428.0,822.0,1813.0,1327.0,0.0,0.0,130.0,5555.0,1428.0,822.0,1683.0,0.1928218541121767,0.8071781458878233,0.0,1.0,0.0,1.0,0.0717043574186431,0.9282956425813568
1,inactive,2,red,12,6-12,1.0,3.44,3.44,20848.72,751.2799999999988,15.0,1389.9146666666668,0.0045788520924289,0.0013310616547758,,,,,,1.0,7.64,7.64,0.0101693110424875,0.0013310616547758,13.0,21568.24,1659.0953846153848,28.70865722500271,0.017303801512086,,,,,,54.0,373.8,6.9222222222222225,0.4975508465552132,0.0718773293578959,1.0,2.48,2.48,0.0033010329038441,0.0013310616547758,2.0,14.48,7.24,0.0192737727611543,0.0026621233095517,1.0,3.8,3.8,0.0050580342881482,0.0013310616547758,12.0,38.08,3.1733333333333333,0.0506868278138644,0.0159727398573102,2.0,6.56,3.28,0.0087317644553295,0.0026621233095517,,,,,,,,,,,,,,,8.081166395434561,732,0.0110398448025062,0.0029714815134767,2.109080732494591,0.010289940146034,0.9743371312959233,521233.0,486556.6666666666,1800.0,0.9334724905496518,0.0034533500373153,9462.0,460.0,192.0,87.0,0.0,0.0,0.0,0.0,9462.0,460.0,192.0,87.0,0.0,1.0,0.0,1.0,0.0,1.0,0.0,1.0
1,inactive,2,yellow,6,0-6,49.0,308.84,6.3028571428571425,17574.96,4025.040000000001,112.0,156.9192857142857,0.0767296722517043,0.0121737920616937,12.0,33.2,2.766666666666667,0.0082483652336374,0.0029813368314352,16.0,68.08,4.255,0.0169141176236757,0.0039751157752469,69.0,21170.72,306.82202898550725,5.259753940333511,0.0171426867807524,,,,,,25.0,164.72,6.5888,0.0409238169061673,0.0062111183988233,48.0,138.28,2.880833333333334,0.0343549380875717,0.0119253473257408,2.0,5.96,2.98,0.0014807306262794,0.0004968894719058,10.0,88.36,8.836,0.0219525768688013,0.0024844473595293,32.0,124.24,3.8825,0.0308667739947925,0.0079502315504939,,,,,,2.4,3.0,0.7999999999999999,5.0,6.0,0.8333333333333334,0.000596267366287,0.0007453342078588,0.0012422236797646,0.0014906684157176,0.3243243243243243,0.6756756756756757,0.3333333333333333,0.6666666666666666,185.5616298069418,3911,0.0474460827938997,0.0103418367407162,2.1747600902237925,0.0427366619982967,0.9716673623119272,439486.0,417290.3333333333,3121.0,0.9494963055326752,0.0071014776352375,7648.0,2370.0,2560.0,7770.0,1688.0,375.0,788.0,2060.0,5960.0,1995.0,1772.0,5710.0,0.2207112970711297,0.7792887029288703,0.1582278481012658,0.8417721518987342,0.3078125,0.6921875,0.2651222651222651,0.7348777348777349
1,inactive,2,yellow,12,6-12,7.0,50.72,7.245714285714285,20598.6,1001.4000000000016,34.0,605.8411764705882,0.0506490912722188,0.0069902137008188,1.0,1.04,1.04,0.0010385460355502,0.0009986019572598,2.0,12.12,6.06,0.0121030557219891,0.0019972039145196,20.0,21534.64,1076.732,21.504533652885925,0.0199720391451966,,,,,,46.0,365.92,7.954782608695653,0.3654084282005187,0.0459356900339524,3.0,7.52,2.5066666666666664,0.0075094867185939,0.0029958058717795,1.0,1.04,1.04,0.0010385460355502,0.0009986019572598,4.0,36.76,9.19,0.0367086079488715,0.0039944078290393,5.0,19.24,3.848,0.0192131016576792,0.0049930097862991,1.0,2.2,2.2,0.0021969243059716,0.0009986019572598,,,,,,,,,,,,,,,34.029052269514054,962,0.035373235207395,0.0048032462002275,2.1376242549102615,0.035332398125289,0.960655082883961,514999.0,487911.6666666666,0.0,0.947403134116118,0.0,9385.0,950.0,332.0,1275.0,69.0,226.0,160.0,535.0,9316.0,724.0,172.0,740.0,0.0073521576984549,0.992647842301545,0.2378947368421052,0.7621052631578947,0.4819277108433735,0.5180722891566265,0.4196078431372549,0.5803921568627451
1,inactive,3,blue,6,0-6,10.0,83.88,8.388,17953.68,3646.32,78.0,230.17538461538464,0.023004015006911,0.0027424910594791,5.0,23.0,4.6,0.006307729436802,0.0013712455297395,9.0,39.24,4.36,0.0107615349173961,0.0024682419535312,44.0,19834.04,450.7736363636364,5.4394677373351765,0.0120669606617082,,,,,,69.0,294.8,4.2724637681159425,0.0808486364334452,0.0189231883104061,26.0,179.92,6.92,0.0493428991421487,0.0071304767546457,3.0,41.28,13.76,0.0113210030935299,0.0008227473178437,3.0,33.4,11.133333333333333,0.0091599201386603,0.0008227473178437,30.0,110.96,3.6986666666666665,0.0304306807959806,0.0082274731784374,3.0,7.2,2.4,0.0019745935628249,0.0008227473178437,0.0,0.0,0.0,2.0,2.0,1.0,0.0,0.0,0.0005484982118958,0.0005484982118958,0.0,1.0,0.0,1.0,57.58119392333885,2094,0.027498182389369,0.0052738276546239,1.972693496164968,0.0239810019147225,0.5742776278549332,448920.0,365392.6666666666,671.0,0.8139371528705931,0.0014946983872404,11963.0,1873.0,1570.0,2107.0,1871.0,0.0,0.0,190.0,10092.0,1873.0,1570.0,1917.0,0.1563988965978433,0.8436011034021567,0.0,1.0,0.0,1.0,0.0901756051257712,0.9098243948742288
1,inactive,3,blue,12,6-12,2.0,8.72,4.36,19573.44,2026.5600000000013,20.0,978.672,0.0043028580451602,0.0009868940470551,2.0,6.24,3.12,0.0030791094268119,0.0009868940470551,3.0,15.88,5.293333333333334,0.0078359387336175,0.0014803410705826,19.0,20627.8,1085.6736842105263,10.178726511921672,0.0093754934470235,,,,,,6.0,8.88,1.4800000000000002,0.0043818095689246,0.0029606821411653,30.0,157.16,5.238666666666666,0.0775501342175903,0.0148034107058266,4.0,12.16,3.04,0.006000315806095,0.0019737880941102,2.0,5.56,2.78,0.0027435654508131,0.0009868940470551,8.0,28.4,3.55,0.0140138954681825,0.0039475761882204,1.0,1.96,1.96,0.000967156166114,0.0004934470235275,0.0,0.0,0.0,1.8,2.0,0.9,0.0,0.0,0.0008882046423495,0.0009868940470551,0.0,1.0,0.0,1.0,24.599557120465196,1126,0.0218468535705729,0.0037987211556259,2.0493989327903988,0.0214486639785452,0.5556213484920255,489356.0,442131.3333333333,3587.0,0.9034962958119106,0.0073300419326625,4187.0,449.0,558.0,220.0,0.0,0.0,18.0,0.0,4187.0,449.0,540.0,220.0,0.0,1.0,0.0,1.0,0.032258064516129,0.967741935483871,0.0,1.0
1,inactive,3,green,6,0-6,57.0,461.28,8.092631578947367,14270.4,7329.6,163.0,87.54846625766871,0.0629338572364112,0.007776686313032,10.0,40.2,4.0200000000000005,0.0054846103470857,0.0013643309321108,10.0,37.68,3.768,0.0051407989521938,0.0013643309321108,108.0,19090.76,176.76629629629628,2.6046114385505343,0.0147347740667976,1.0,1.68,1.68,0.0002292075965946,0.000136433093211,56.0,178.0,3.1785714285714284,0.0242850905915738,0.007640253219821,18.0,113.92,6.328888888888889,0.0155424579786072,0.0024557956777996,7.0,64.72,9.245714285714286,0.0088299497926216,0.0009550316524776,10.0,31.64,3.164,0.0043167430691988,0.0013643309321108,97.0,465.24,4.796288659793815,0.0634741322855271,0.0132340100414756,11.0,28.88,2.6254545454545455,0.0039401877319362,0.0015007640253219,8.0,7.0,1.1428571428571428,0.0,0.0,0.0,0.0010914647456887,0.0009550316524776,0.0,0.0,1.0,0.0,1.0,0.0,200.0110315822892,5729,0.0349120320443863,0.0068641690224105,2.046066516071606,0.030860928335707,0.7816251910063304,356923.0,321565.0,8.0,0.9009366165811674,2.2413797934008175e-05,7372.0,2426.0,1967.0,11589.0,1719.0,29.0,597.0,1414.0,5653.0,2397.0,1370.0,10175.0,0.2331795984807379,0.7668204015192621,0.0119538334707337,0.9880461665292662,0.3035078800203355,0.6964921199796644,0.122012252998533,0.8779877470014669
1,inactive,3,green,12,6-12,14.0,120.28,8.59142857142857,17411.36,4188.639999999999,97.0,179.49855670103094,0.0287157645441002,0.0033423736582757,5.0,29.04,5.808,0.0069330379311662,0.0011937048779556,4.0,22.72,5.68,0.0054241949654303,0.0009549639023644,45.0,20303.64,451.192,4.847310821650942,0.0107433439016005,,,,,,66.0,156.64,2.373333333333333,0.0373963864165934,0.015756904389014,30.0,630.2,21.006666666666668,0.1504545628175255,0.0071622292677336,5.0,57.12,11.424,0.0136368845257649,0.0011937048779556,6.0,61.6,10.266666666666667,0.0147064440964131,0.0014324458535467,56.0,199.56,3.5635714285714286,0.0476431490889644,0.0133694946331028,8.0,21.12,2.64,0.0050422094044845,0.0019099278047289,2.2,2.0,1.1,0.0,0.0,0.0,0.0005252301463004,0.0004774819511822,0.0,0.0,1.0,0.0,1.0,0.0,89.68605556522787,3227,0.027792394039426,0.0044334175347082,2.0474725373832783,0.0245734617645324,0.7704171282325529,435381.0,412068.6666666666,0.0,0.9464553268669662,0.0,19767.0,2979.0,1303.0,3021.0,4447.0,28.0,346.0,206.0,15320.0,2951.0,957.0,2815.0,0.2249709111144837,0.7750290888855162,0.0093991272239006,0.9906008727760992,0.2655410590943975,0.7344589409056025,0.0681893412777226,0.9318106587222774
1,inactive,3,red,6,0-6,18.0,333.32,18.517777777777777,16152.64,5447.360000000001,63.0,256.3911111111111,0.0611892733360747,0.0033043529342654,17.0,46.72,2.748235294117647,0.0085766316160488,0.0031207777712506,17.0,92.24,5.425882352941176,0.01693297303648,0.0031207777712506,71.0,19233.08,270.88845070422536,3.530715796275627,0.0130338365740468,1.0,1.08,1.08,0.0001982611760559,0.0001835751630147,80.0,319.12,3.989,0.0585825060212653,0.0146860130411795,55.0,274.44,4.9898181818181815,0.0503803677377665,0.0100966339658109,12.0,102.2,8.516666666666667,0.0187613816601069,0.0022029019561769,4.0,41.08,10.27,0.0075412676966457,0.0007343006520589,65.0,305.64,4.702153846153846,0.0561079128238265,0.0119323855959584,15.0,36.0,2.4,0.0066087058685308,0.0027536274452211,1.0,1.0,1.0,7.0,6.0,1.1666666666666667,0.0001835751630147,0.0001835751630147,0.0012850261411032,0.0011014509780884,0.125,0.875,0.1428571428571428,0.8571428571428571,86.57233612166011,3913,0.0221242872787273,0.0039750280622924,2.1002503630632483,0.02024183690216,0.7183296128766962,403879.0,339708.6666666666,98.0,0.8411149543964074,0.0002426469313829,14974.0,3598.0,3508.0,8351.0,1012.0,0.0,0.0,190.0,13962.0,3598.0,3508.0,8161.0,0.0675838119406972,0.9324161880593028,0.0,1.0,0.0,1.0,0.0227517662555382,0.9772482337444618
1,inactive,3,red,12,6-12,13.0,93.8,7.215384615384616,19199.36,2400.6399999999994,18.0,1066.631111111111,0.0390729138896294,0.0054152226073047,7.0,20.92,2.988571428571429,0.0087143428419088,0.002915889096241,11.0,60.12,5.465454545454545,0.0250433217808584,0.0045821114369501,38.0,20359.24,535.7694736842105,8.480755131964813,0.0158291122367368,1.0,1.44,1.44,0.0005998400426552,0.0004165555851772,55.0,154.96,2.8174545454545457,0.0645494534790722,0.0229105571847507,20.0,126.32,6.316,0.0526193015195947,0.0083311117035457,2.0,2.28,1.14,0.0009497467342042,0.0008331111703545,2.0,30.8,15.4,0.0128299120234604,0.0008331111703545,19.0,98.68,5.193684210526317,0.0411057051452946,0.0079145561183684,3.0,6.76,2.2533333333333334,0.0028159157557984,0.0012496667555318,0.8,1.0,0.8,1.2,1.0,1.2,0.0003332444681418,0.0004165555851772,0.0004998667022127,0.0004165555851772,0.4,0.6,0.5,0.5,42.2064576700677,1499,0.0281564093863026,0.0051104660540506,1.958413644171633,0.0266257790152558,0.6244168221807519,480002.0,439331.6666666667,115.0,0.9152704919285058,0.0002395823350736,7107.0,831.0,2044.0,2358.0,222.0,0.0,18.0,0.0,6885.0,831.0,2026.0,2358.0,0.0312368087800759,0.968763191219924,0.0,1.0,0.0088062622309197,0.9911937377690804,0.0,1.0
1,inactive,3,yellow,6,0-6,27.0,200.04,7.408888888888889,17976.88,3623.119999999999,89.0,201.9874157303371,0.0552120824041158,0.0074521406964163,8.0,43.36,5.42,0.0119675859480227,0.002208041687827,5.0,24.04,4.808,0.0066351652719203,0.0013800260548919,54.0,19864.56,367.8622222222223,5.482722073792755,0.0149042813928327,,,,,,71.0,330.04,4.648450704225352,0.0910927598313056,0.0195963699794652,8.0,22.32,2.79,0.0061604363090375,0.002208041687827,5.0,55.28,11.056,0.015257568062885,0.0013800260548919,1.0,3.32,3.32,0.0009163373004482,0.0002760052109783,22.0,75.8,3.4454545454545453,0.0209211949921614,0.0060721146415244,,,,,,,,,,,,,,,,,,,,64.55136362061373,2079,0.0310492369507521,0.0069281162743274,2.157273001770193,0.0288626305109073,0.5738148336240589,449511.0,359392.3333333333,17148.0,0.7995184396674015,0.0381481209581078,8888.0,1471.0,1698.0,5028.0,0.0,29.0,597.0,1414.0,8888.0,1442.0,1101.0,3614.0,0.0,1.0,0.0197144799456152,0.9802855200543849,0.3515901060070671,0.6484098939929329,0.2812251392203659,0.718774860779634
1,inactive,3,yellow,12,6-12,5.0,35.52,7.104000000000001,19533.92,2066.0800000000017,51.0,383.01803921568626,0.0171919770773638,0.0024200418183226,1.0,7.24,7.24,0.0035042205529311,0.0004840083636645,4.0,30.12,7.53,0.0145783319135754,0.001936033454658,16.0,20667.64,1291.7275,10.003310617207456,0.0077441338186323,,,,,,88.0,455.52,5.176363636363636,0.2204754898164638,0.042592736002478,8.0,26.64,3.33,0.0128939828080229,0.0038720669093161,3.0,27.28,9.093333333333334,0.0132037481607682,0.0014520250909935,1.0,1.04,1.04,0.0005033686982111,0.0004840083636645,10.0,35.24,3.524,0.0170564547355378,0.0048400836366452,2.0,5.08,2.54,0.0024587624874157,0.000968016727329,,,,,,,,,,,,,,,23.201426567504548,1144,0.0202809672792871,0.0034082113337678,2.2476405528094943,0.0196919152779142,0.5537055680322152,488399.0,447229.6666666666,12.0,0.915705533112612,2.457007487730319e-05,12150.0,712.0,939.0,893.0,4613.0,28.0,346.0,206.0,7537.0,684.0,593.0,687.0,0.3796707818930041,0.6203292181069959,0.0393258426966292,0.9606741573033708,0.3684771033013844,0.6315228966986155,0.2306830907054871,0.7693169092945129
1,inactive,4,blue,6,0-6,,,,20656.0,944.0,15.0,1377.0666666666666,,,,,,,,1.0,2.36,2.36,0.0025,0.0010593220338983,7.0,21215.64,3030.805714285714,22.47419491525424,0.0074152542372881,,,,,,,,,,,,,,,,1.0,24.0,24.0,0.0254237288135593,0.0010593220338983,,,,,,10.0,49.56,4.956,0.0525,0.010593220338983,2.0,4.6,2.3,0.0048728813559322,0.0021186440677966,,,,,,,,,,,,,,,5.119916975280028,544,0.0094116120869118,0.0020725788007805,2.1693240758908647,0.0075220980059314,0.576271186440678,516415.0,492885.3333333333,96.0,0.9544365158512694,0.0001858970014426,0.0,601.0,60.0,0.0,0.0,0.0,0.0,0.0,0.0,601.0,60.0,0.0,0.0,0.0,0.0,1.0,0.0,1.0,0.0,0.0
1,inactive,4,blue,12,6-12,,,,19903.84,1696.16,27.0,737.1792592592593,,,,,,,,,,,,,8.0,20727.2,2590.9,12.220073577964342,0.0047165361758324,,,,,,27.0,483.36,17.90222222222222,0.2849731157437977,0.0159183095934345,,,,,,2.0,27.88,13.94,0.0164371285727761,0.0011791340439581,,,,,,7.0,18.88,2.697142857142857,0.0111310253749646,0.0041269691538534,2.0,4.24,2.12,0.0024997641731912,0.0011791340439581,,,,,,,,,,,,,,,6.94296646061497,794,0.0087442902526636,0.0019606637934475,2.12632975796193,0.0072334180225996,0.4681162154513725,497623.0,464470.0,1614.0,0.9333772755680504,0.0032434192149478,12111.0,699.0,0.0,0.0,12.0,0.0,0.0,0.0,12099.0,699.0,0.0,0.0,0.0009908347783007,0.9990091652216992,0.0,1.0,0.0,0.0,0.0,0.0
1,inactive,4,green,6,0-6,10.0,238.08,23.808,18613.8,2986.2000000000007,133.0,139.9533834586466,0.0797267430178822,0.0033487375259527,2.0,5.52,2.76,0.0018485031143258,0.0006697475051905,3.0,21.72,7.239999999999999,0.0072734579063692,0.0010046212577858,54.0,20717.44,383.65629629629626,6.937726876967381,0.0180831826401446,,,,,,48.0,188.04,3.9175,0.0629696604380148,0.016073940124573,17.0,71.52,4.207058823529412,0.0239501707856138,0.0056928537941196,2.0,28.8,14.4,0.0096443640747438,0.0006697475051905,1.0,5.44,5.44,0.0018217132141182,0.0003348737525952,28.0,121.56,4.341428571428572,0.0407072533654812,0.0093764650726676,6.0,17.0,2.8333333333333335,0.0056928537941196,0.0020092425155716,,,,,,,,,,,,,,,47.81770687155314,2486,0.0192347976152667,0.0039978271127375,2.039257708277826,0.0173039962582206,0.832496148951845,465478.0,459568.0,0.0,0.9873033741659112,0.0,6554.0,859.0,686.0,5962.0,98.0,0.0,127.0,114.0,6456.0,859.0,559.0,5848.0,0.01495270064083,0.98504729935917,0.0,1.0,0.1851311953352769,0.814868804664723,0.0191211003019121,0.9808788996980878
1,inactive,4,green,12,6-12,6.0,45.48,7.579999999999999,18323.4,3276.5999999999985,143.0,128.13566433566436,0.0138802417139718,0.0018311664530305,2.0,7.12,3.56,0.0021729841909296,0.0006103888176768,2.0,8.28,4.14,0.0025270097051822,0.0006103888176768,45.0,20509.4,455.7644444444445,6.259354208630901,0.0137337483977293,,,,,,136.0,795.32,5.847941176470589,0.2427272172373803,0.0415064396020265,3.0,31.24,10.413333333333332,0.0095342733321125,0.0009155832265152,5.0,49.96,9.992,0.0152475126655679,0.0015259720441921,4.0,31.2,7.8,0.009522065555759,0.0012207776353537,28.0,104.4,3.7285714285714286,0.0318622962827321,0.008545443447476,4.0,11.92,2.98,0.003637917353354,0.0012207776353537,2.0,1.0,2.0,0.0,0.0,0.0,0.0006103888176768,0.0003051944088384,0.0,0.0,1.0,0.0,1.0,0.0,54.63094716325224,2282,0.0239399417893305,0.0044787906709393,2.0231118085570357,0.0226144593863194,0.6964536409692977,458228.0,444513.3333333333,0.0,0.9700702124997452,0.0,20803.0,2038.0,389.0,1143.0,217.0,63.0,0.0,0.0,20586.0,1975.0,389.0,1143.0,0.0104311878094505,0.9895688121905496,0.0309126594700686,0.9690873405299312,0.0,1.0,0.0,1.0
1,inactive,4,red,6,0-6,1.0,5.72,5.72,21114.08,485.91999999999825,14.0,1508.1485714285716,0.01177148501811,0.002057951926243,,,,,,1.0,3.56,3.56,0.0073263088574251,0.002057951926243,11.0,21200.16,1927.2872727272727,43.628910108660016,0.0226374711886731,,,,,,2.0,2.88,1.44,0.0059269015475798,0.004115903852486,,,,,,3.0,15.56,5.1866666666666665,0.0320217319723412,0.006173855778729,,,,,,1.0,4.36,4.36,0.0089726703984195,0.002057951926243,,,,,,,,,,,,,,,,,,,,3.549519338165889,92,0.0385817319365857,0.0161944191055444,1.5275618192607476,0.03104059427795,0.1893315772143569,527866.0,496940.0,4153.0,0.9414131616736066,0.0078675269860153,74.0,392.0,90.0,144.0,0.0,0.0,0.0,0.0,74.0,392.0,90.0,144.0,0.0,1.0,0.0,1.0,0.0,1.0,0.0,1.0
1,inactive,4,red,12,6-12,5.0,37.84,7.568,19713.24,1886.7599999999984,22.0,896.0563636363637,0.0200555449553732,0.0026500455807839,6.0,17.76,2.9600000000000004,0.0094129619029447,0.0031800546969407,4.0,13.72,3.43,0.0072717250736712,0.0021200364646271,14.0,20653.96,1475.282857142857,10.946787084737869,0.0074201276261951,,,,,,39.0,289.76,7.429743589743589,0.1535754414975939,0.0206703555301151,5.0,26.92,5.384,0.014267845406941,0.0026500455807839,4.0,15.72,3.93,0.0083317433059848,0.0021200364646271,1.0,1.04,1.04,0.000551209480803,0.0005300091161567,21.0,76.08,3.6228571428571423,0.0403230935572092,0.0111301914392927,2.0,4.56,2.28,0.002416841569675,0.0010600182323135,0.0,0.0,0.0,2.0,1.0,2.0,0.0,0.0,0.0010600182323135,0.0005300091161567,0.0,1.0,0.0,1.0,27.053531212469224,991,0.0272992242305441,0.0041788464328109,2.0243899699824226,0.0264416817192277,0.5252390341113872,492853.0,463483.3333333333,10.0,0.9404088710697376,2.0290025626302367e-05,7961.0,424.0,797.0,951.0,0.0,0.0,0.0,0.0,7961.0,424.0,797.0,951.0,0.0,1.0,0.0,1.0,0.0,1.0,0.0,1.0
1,inactive,4,yellow,6,0-6,1.0,12.2,12.2,20587.32,1012.6800000000004,41.0,502.12975609756097,0.0120472409843188,0.0009874787692064,1.0,3.08,3.08,0.0030414346091559,0.0009874787692064,2.0,4.28,2.14,0.0042264091322036,0.0019749575384129,9.0,21207.88,2356.431111111111,20.942331239878335,0.0088873089228581,,,,,,,,,,,22.0,125.16,5.6890909090909085,0.1235928427538807,0.0217245329225421,,,,,,1.0,13.2,13.2,0.0130347197535252,0.0009874787692064,7.0,20.56,2.937142857142857,0.0203025634948848,0.0069123513844452,,,,,,,,,,,,,,,,,,,,12.022047428255757,586,0.0205154392973647,0.0042221445287605,2.2578285302866146,0.016339465810152,0.5786625587549865,514724.0,492537.3333333333,0.0,0.9568959934515068,0.0,3151.0,331.0,187.0,306.0,98.0,0.0,127.0,114.0,3053.0,331.0,60.0,192.0,0.0311012377023167,0.9688987622976832,0.0,1.0,0.679144385026738,0.320855614973262,0.3725490196078431,0.6274509803921569
1,inactive,4,yellow,12,6-12,,,,19952.84,1647.16,69.0,289.1715942028986,,,,,,,,,,,,,9.0,20724.36,2302.706666666667,12.581874256295684,0.0054639500716384,,,,,,43.0,222.96,5.185116279069768,0.13536025644139,0.0261055392311615,1.0,5.6,5.6,0.0033997911556861,0.0006071055635153,2.0,49.92,24.96,0.0303067097306879,0.0012142111270307,,,,,,4.0,14.68,3.67,0.0089123096724058,0.0024284222540615,,,,,,,,,,,,,,,,,,,,11.818375421966117,714,0.0165523465293643,0.0031199159703245,2.165816828247946,0.0149998533506519,0.4334733723499842,498890.0,468844.0,499.0,0.9397742989436548,0.0010002204894866,5758.0,1250.0,0.0,0.0,229.0,63.0,0.0,0.0,5529.0,1187.0,0.0,0.0,0.0397707537339354,0.9602292462660648,0.0504,0.9496,0.0,0.0,0.0,0.0
1,inactive,5,blue,6,0-6,20.0,136.28,6.814,20457.0,1143.0,63.0,324.7142857142857,0.1192300962379702,0.0174978127734033,3.0,8.76,2.92,0.0076640419947506,0.0026246719160104,7.0,12.8,1.8285714285714287,0.0111986001749781,0.0061242344706911,50.0,21249.64,424.9928,18.59111111111111,0.0437445319335083,,,,,,9.0,29.4,3.2666666666666666,0.0257217847769028,0.0078740157480314,3.0,83.2,27.733333333333334,0.0727909011373578,0.0026246719160104,2.0,8.36,4.18,0.0073140857392825,0.0017497812773403,2.0,13.2,6.6,0.0115485564304461,0.0017497812773403,12.0,46.64,3.8866666666666663,0.0408048993875765,0.0104986876640419,,,,,,1.8,2.0,0.9,0.8,1.0,0.8,0.0015748031496062,0.0017497812773403,0.0006999125109361,0.0008748906386701,0.6923076923076923,0.3076923076923077,0.6666666666666666,0.3333333333333333,50.229083974115426,1087,0.0462089088998301,0.0180452620643494,1.9156661198016631,0.0389926944861768,0.9510061242344708,511488.0,471536.6666666666,11773.0,0.9218919440273606,0.0230171577827827,2827.0,543.0,549.0,3427.0,58.0,0.0,35.0,564.0,2769.0,543.0,514.0,2863.0,0.0205164485320127,0.9794835514679872,0.0,1.0,0.0637522768670309,0.936247723132969,0.1645754304056025,0.8354245695943975
1,inactive,5,blue,12,6-12,3.0,15.32,5.1066666666666665,19205.0,2395.0,27.0,711.2962962962963,0.0063966597077244,0.0012526096033402,3.0,12.68,4.226666666666667,0.0052943632567849,0.0012526096033402,5.0,12.56,2.512,0.0052442588726513,0.0020876826722338,25.0,20415.88,816.6352,8.524375782881002,0.0104384133611691,,,,,,68.0,442.92,6.513529411764706,0.1849352818371607,0.0283924843423799,3.0,16.36,5.453333333333333,0.006830897703549,0.0012526096033402,1.0,5.2,5.2,0.0021711899791231,0.0004175365344467,3.0,21.88,7.293333333333333,0.0091356993736951,0.0012526096033402,14.0,59.64,4.26,0.024901878914405,0.0058455114822546,2.0,6.08,3.04,0.0025386221294363,0.0008350730688935,0.8,1.0,0.8,0.0,0.0,0.0,0.0003340292275574,0.0004175365344467,0.0,0.0,1.0,0.0,1.0,0.0,31.387783327075187,1320,0.0237786237326327,0.003972861147791,2.202595304158414,0.0224767224977529,0.5511482254697286,480152.0,453405.0,227.0,0.9442947233376098,0.0004727669571302,11553.0,681.0,639.0,386.0,166.0,0.0,126.0,0.0,11387.0,681.0,513.0,386.0,0.0143685622781961,0.9856314377218038,0.0,1.0,0.1971830985915492,0.8028169014084507,0.0,1.0
1,inactive,5,green,6,0-6,20.0,86.76,4.338,19913.2,1686.7999999999993,124.0,160.59032258064516,0.051434669196111,0.0118567702157932,4.0,13.04,3.26,0.0077306141806971,0.0023713540431586,5.0,33.8,6.76,0.0200379416646905,0.0029641925539483,27.0,21497.84,796.2162962962963,12.74474745079441,0.0160066397913208,,,,,,4.0,6.32,1.58,0.0037467393881906,0.0023713540431586,17.0,239.52,14.089411764705885,0.1419966801043396,0.0100782546834242,3.0,17.96,5.986666666666667,0.0106473796537823,0.0017785155323689,,,,,,18.0,66.72,3.7066666666666666,0.0395541854398861,0.0106710931942139,1.0,4.08,4.08,0.0024187811240218,0.0005928385107896,,,,,,,,,,,,,,,109.2131492372485,1573,0.0694298469403995,0.0114510421911527,2.11359792440899,0.0632804325403486,0.932534977472137,497954.0,470973.0,1830.0,0.9458162802186548,0.0036750382565457,6167.0,452.0,1180.0,2189.0,151.0,0.0,288.0,1675.0,6016.0,452.0,892.0,514.0,0.0244851629641641,0.975514837035836,0.0,1.0,0.2440677966101695,0.7559322033898305,0.7651895842850617,0.2348104157149383
1,inactive,5,green,12,6-12,4.0,30.88,7.72,19006.72,2593.279999999999,70.0,271.52457142857145,0.0119076999012833,0.0015424481737413,6.0,36.0,6.0,0.0138820335636722,0.002313672260612,4.0,37.56,9.39,0.0144835883514314,0.0015424481737413,19.0,20460.88,1076.8884210526317,7.889961747285295,0.0073266288252714,,,,,,66.0,261.36,3.96,0.1007835636722606,0.0254503948667324,36.0,167.36,4.648888888888889,0.0645360315893386,0.0138820335636722,1.0,21.88,21.88,0.0084371915103652,0.0003856120434353,1.0,4.24,4.24,0.0016349950641658,0.0003856120434353,11.0,37.84,3.4400000000000004,0.0145915597235932,0.0042417324777887,3.0,8.12,2.7066666666666666,0.0031311697926949,0.001156836130306,,,,,,,,,,,,,,,37.746429664092915,1484,0.0254355995041057,0.0041261261641866,2.1549244125964018,0.0254007615826018,0.5722482724580457,475238.0,455983.6666666666,3.0,0.9594848616202126,6.312626515556416e-06,10820.0,655.0,1849.0,776.0,2490.0,78.0,255.0,171.0,8330.0,577.0,1594.0,605.0,0.2301293900184843,0.7698706099815157,0.1190839694656488,0.8809160305343512,0.1379123850730124,0.8620876149269876,0.220360824742268,0.779639175257732
1,inactive,5,red,6,0-6,35.0,759.8,21.708571428571428,18054.16,3545.84,50.0,361.0832,0.2142792681000834,0.0098707217471741,9.0,34.08,3.786666666666666,0.0096112627755341,0.0025381855921304,6.0,52.6,8.766666666666667,0.014834284682896,0.0016921237280869,84.0,20147.8,239.8547619047619,5.682095074791868,0.0236897321932179,3.0,8.44,2.813333333333333,0.0023802540441757,0.0008460618640434,21.0,125.28,5.965714285714286,0.0353315434424565,0.0059224330483044,13.0,273.32,21.024615384615384,0.0770818762267896,0.0036662680775218,1.0,1.08,1.08,0.0003045822710556,0.0002820206213478,6.0,41.92,6.986666666666667,0.0118223044469011,0.0016921237280869,61.0,323.84,5.308852459016393,0.0913295580172822,0.0172032579022178,8.0,21.84,2.73,0.0061593303702366,0.0022561649707826,1.6,2.0,0.8,1.8,2.0,0.9,0.0004512329941565,0.0005640412426956,0.000507637118426,0.0005640412426956,0.4705882352941176,0.5294117647058824,0.5,0.5,83.73221002780811,3496,0.0239508609919359,0.0050529539581236,2.0561325821566703,0.0224431208219851,0.985944092232024,451404.0,439427.3333333333,2026.0,0.9734679651339672,0.0044882189790077,9999.0,1082.0,2182.0,19030.0,92.0,0.0,41.0,691.0,9907.0,1082.0,2141.0,18339.0,0.0092009200920092,0.9907990799079908,0.0,1.0,0.0187901008249312,0.9812098991750688,0.0363110877561744,0.9636889122438256
1,inactive,5,red,12,6-12,6.0,37.4,6.233333333333333,18904.84,2695.16,19.0,994.9915789473685,0.0138767271701865,0.0022262129150031,6.0,31.44,5.24,0.0116653556746167,0.0022262129150031,4.0,30.64,7.66,0.0113685272859496,0.0014841419433354,30.0,20227.8,674.26,7.505231600350258,0.0111310645750159,,,,,,37.0,409.24,11.06054054054054,0.151842562222651,0.013728312975853,7.0,124.92,17.845714285714287,0.0463497528903664,0.002597248400837,3.0,29.2,9.733333333333333,0.0108342361863488,0.0011131064575015,3.0,39.96,13.32,0.0148265780139212,0.0011131064575015,28.0,123.12,4.397142857142858,0.0456818890158654,0.0103889936033482,,,,,,0.0,0.0,0.0,0.8,1.0,0.8,0.0,0.0,0.000296828388667,0.0003710354858338,0.0,1.0,0.0,1.0,31.077640790300016,1629,0.0190777414305095,0.0032076830307068,2.1084254348579092,0.0174182946388734,0.6044168064233664,472640.0,451204.0,15.0,0.9546462423832092,3.1736628300609344e-05,13398.0,1735.0,1562.0,941.0,2159.0,0.0,126.0,0.0,11239.0,1735.0,1436.0,941.0,0.1611434542469025,0.8388565457530974,0.0,1.0,0.0806658130601792,0.9193341869398208,0.0,1.0
1,inactive,5,yellow,6,0-6,13.0,196.2,15.092307692307692,20166.4,1433.5999999999983,103.0,195.79029126213592,0.1368582589285716,0.0090680803571428,6.0,19.44,3.24,0.0135602678571428,0.0041852678571428,5.0,11.0,2.2,0.0076729910714285,0.0034877232142857,34.0,21402.4,629.4823529411765,14.929129464285731,0.0237165178571428,,,,,,7.0,21.0,3.0,0.0146484375,0.0048828125,17.0,62.12,3.6541176470588232,0.0433314732142857,0.0118582589285714,1.0,20.04,20.04,0.0139787946428571,0.0006975446428571,1.0,2.32,2.32,0.0016183035714285,0.0006975446428571,6.0,29.56,4.926666666666667,0.0206194196428571,0.0041852678571428,,,,,,0.0,0.0,0.0,0.8,1.0,0.8,0.0,0.0,0.0005580357142857,0.0006975446428571,0.0,1.0,0.0,1.0,58.73846129946774,1348,0.0435745261865487,0.0135052125957343,2.1799872445848676,0.0394712697111016,0.9402901785714296,504263.0,472792.3333333333,5151.0,0.9375907677805696,0.0102149076969755,2102.0,561.0,772.0,4918.0,173.0,0.0,294.0,1777.0,1929.0,561.0,478.0,3141.0,0.0823025689819219,0.917697431018078,0.0,1.0,0.3808290155440414,0.6191709844559585,0.3613257421716144,0.6386742578283855
1,inactive,5,yellow,12,6-12,4.0,14.8,3.7,19683.28,1916.7200000000012,67.0,293.78029850746265,0.0077215242706289,0.0020868984515213,6.0,19.08,3.1799999999999997,0.0099545056137568,0.003130347677282,1.0,1.52,1.52,0.0007930214115781,0.0005217246128803,11.0,20536.2,1866.9272727272728,10.714240995033176,0.0057389707416837,,,,,,47.0,225.92,4.806808510638297,0.1178680245419257,0.0245210568053758,30.0,95.52,3.1839999999999997,0.0498351350223297,0.0156517383864101,2.0,20.92,10.46,0.0109144789014566,0.0010434492257606,1.0,3.08,3.08,0.0016069118076714,0.0005217246128803,5.0,22.04,4.4079999999999995,0.0114988104678826,0.0026086230644016,,,,,,,,,,,,,,,,,,,,23.319917462031448,810,0.0287900215580635,0.0036733791125534,2.2086439650235152,0.0265133914338411,0.4225969364330729,492149.0,459642.0,4457.0,0.933948865079478,0.0090562004596169,8113.0,603.0,522.0,374.0,165.0,78.0,255.0,171.0,7948.0,525.0,267.0,203.0,0.0203377295698262,0.9796622704301738,0.1293532338308457,0.8706467661691543,0.4885057471264368,0.5114942528735632,0.4572192513368984,0.5427807486631016
1,inactive,6,blue,6,0-6,3.0,25.44,8.48,19755.44,1844.5600000000013,66.0,299.3248484848485,0.0137919070130545,0.0016264041288979,6.0,34.6,5.766666666666667,0.0187578609532896,0.0032528082577958,1.0,2.08,2.08,0.0011276401960359,0.0005421347096326,37.0,20816.76,562.6151351351351,11.285488138092544,0.020058984256408,,,,,,11.0,322.52,29.319999999999997,0.174849286550722,0.0059634818059591,1.0,3.48,3.48,0.0018866287895216,0.0005421347096326,6.0,45.84,7.640000000000001,0.0248514550895606,0.0032528082577958,,,,,,18.0,62.84,3.4911111111111115,0.0340677451533156,0.0097584247733876,,,,,,,,,,,,,,,,,,,,25.037506511541647,1414,0.0177068645767621,0.0038261100688194,2.130402010196434,0.0164109455984974,0.7665784794205659,493952.0,467120.99999999994,2128.0,0.9456809568541072,0.004308110909562,8162.0,1152.0,924.0,639.0,57.0,0.0,0.0,0.0,8105.0,1152.0,924.0,639.0,0.0069835824552805,0.9930164175447196,0.0,1.0,0.0,1.0,0.0,1.0
1,inactive,6,blue,12,6-12,1.0,3.04,3.04,20299.56,1300.4399999999987,49.0,414.2767346938776,0.0023376703269662,0.0007689705022915,1.0,3.0,3.0,0.0023069115068745,0.0007689705022915,2.0,6.76,3.38,0.0051982405954907,0.001537941004583,14.0,21548.84,1539.202857142857,16.570422318599874,0.0107655870320814,,,,,,21.0,350.04,16.66857142857143,0.2691704346221282,0.0161483805481221,2.0,8.0,4.0,0.0061517640183322,0.001537941004583,3.0,56.76,18.92,0.0436467657100674,0.0023069115068745,2.0,6.68,3.34,0.0051367229553074,0.001537941004583,15.0,50.92,3.3946666666666667,0.0391559779766848,0.0115345575343729,,,,,,,,,,,,,,,,,,,,13.550591410533638,1225,0.011061707273905,0.0027548444934032,2.0911305901557884,0.0108222404499314,0.9419888653071278,507538.0,476806.3333333333,1326.0,0.939449525618443,0.0026126122576043,8974.0,1591.0,247.0,77.0,2587.0,0.0,0.0,0.0,6387.0,1591.0,247.0,77.0,0.2882772453755293,0.7117227546244707,0.0,1.0,0.0,1.0,0.0,1.0
1,inactive,6,green,6,0-6,14.0,70.76,5.054285714285714,18558.2,3041.7999999999993,179.0,103.67709497206704,0.0232625419159708,0.0046025379709382,11.0,40.72,3.7018181818181817,0.0133868104411861,0.0036162798343086,3.0,9.0,3.0,0.0029587744098888,0.0009862581366296,45.0,20940.84,465.352,6.884357945953056,0.0147938720494444,,,,,,18.0,265.6,14.755555555555556,0.087316720362943,0.0059175488197777,19.0,328.84,17.30736842105263,0.1081070418830955,0.0062463015319876,1.0,2.0,2.0,0.0006575054244197,0.0003287527122098,,,,,,17.0,76.48,4.498823529411765,0.0251430074298113,0.0055887961075678,1.0,3.2,3.2,0.0010520086790716,0.0003287527122098,,,,,,,,,,,,,,,107.8064363426293,2505,0.0430365015339837,0.0068249355340931,2.079495072666236,0.0410983369023236,0.8235255440857389,464134.0,453676.3333333334,0.0,0.9774684322487328,0.0,14898.0,51.0,1257.0,1783.0,864.0,0.0,0.0,232.0,14034.0,51.0,1257.0,1551.0,0.0579943616592831,0.9420056383407168,0.0,1.0,0.0,1.0,0.1301177790241166,0.8698822209758833
1,inactive,6,green,12,6-12,2.0,11.96,5.98,19842.52,1757.4799999999996,145.0,136.84496551724138,0.006805198352186,0.0011379930354826,9.0,41.2,4.577777777777778,0.023442656530942,0.0051209686596718,2.0,7.68,3.84,0.0043698932562532,0.0011379930354826,23.0,21490.52,934.3704347826088,12.228031044450011,0.0130869199080501,,,,,,97.0,492.88,5.081237113402062,0.2804470036643376,0.0551926622209072,19.0,65.04,3.4231578947368426,0.0370075335138949,0.0108109338370849,1.0,6.92,6.92,0.0039374559027698,0.0005689965177413,3.0,4.04,1.346666666666667,0.0022987459316748,0.0017069895532239,10.0,39.44,3.944,0.0224412226597173,0.0056899651774131,1.0,2.04,2.04,0.0011607528961922,0.0005689965177413,,,,,,,,,,,,,,,55.34717492588904,1604,0.0345057200286091,0.0056914935670874,2.0422932101318056,0.033957688728946,0.9126704144570638,496208.0,475653.6666666667,97.0,0.9585771826868305,0.0001954825395801,14064.0,278.0,1233.0,301.0,1340.0,173.0,0.0,202.0,12724.0,105.0,1233.0,99.0,0.0952787258248009,0.9047212741751992,0.6223021582733813,0.3776978417266187,0.0,1.0,0.6710963455149501,0.3289036544850498
1,inactive,6,red,6,0-6,1.0,2.08,2.08,20746.32,853.6800000000003,34.0,610.1858823529411,0.0024365101677443,0.0011713991191078,,,,,,2.0,5.92,2.96,0.0069346827851185,0.0023427982382157,12.0,21186.44,1765.5366666666666,24.81777715303157,0.0140567894292943,,,,,,6.0,62.68,10.446666666666667,0.0734232967856808,0.0070283947146471,16.0,96.44,6.0275,0.1129697310467622,0.0187423859057257,,,,,,1.0,1.0,1.0,0.0011713991191078,0.0011713991191078,7.0,21.08,3.011428571428571,0.0246930934307937,0.008199793833755,,,,,,,,,,,,,,,,,,,,12.005641536199445,446,0.0269184787807162,0.0075219361086712,2.0705381122328075,0.0229100924414969,0.5224440071221065,518692.0,476205.0,9310.0,0.918088191065218,0.0179489947791753,4000.0,26.0,150.0,53.0,829.0,0.0,0.0,0.0,3171.0,26.0,150.0,53.0,0.20725,0.79275,0.0,1.0,0.0,1.0,0.0,1.0
1,inactive,6,red,12,6-12,1.0,8.6,8.6,20229.76,1370.2400000000016,35.0,577.9931428571429,0.0062762727697337,0.0007297991592713,,,,,,1.0,11.32,11.32,0.0082613264829518,0.0007297991592713,12.0,21527.4,1793.95,15.71067842129844,0.0087575899112564,,,,,,34.0,398.2,11.711764705882352,0.2906060252218586,0.0248131714152265,25.0,400.92,16.0368,0.2925910789350767,0.0182449789817841,1.0,9.8,9.8,0.0071520317608594,0.0007297991592713,1.0,12.32,12.32,0.0089911256422232,0.0007297991592713,13.0,38.6,2.9692307692307693,0.0281702475478747,0.0094873890705277,6.0,13.92,2.32,0.0101588042970574,0.0043787949556282,,,,,,,,,,,,,,,18.33675558957704,1305,0.0140511537084881,0.0029022403103439,2.206403597331633,0.0125977153440741,0.9523879028491348,505779.0,473580.99999999994,3582.0,0.9363397847676552,0.0070821445730249,20037.0,555.0,284.0,216.0,358.0,0.0,0.0,0.0,19679.0,555.0,284.0,216.0,0.0178669461496231,0.9821330538503767,0.0,1.0,0.0,1.0,0.0,1.0
1,inactive,6,yellow,6,0-6,6.0,19.52,3.2533333333333334,19712.32,1887.6800000000003,150.0,131.41546666666667,0.0103407357179182,0.0031785048313273,,,,,,1.0,1.16,1.16,0.0006145109340566,0.0005297508052212,17.0,21138.88,1243.4635294117647,11.198338701474825,0.0090057636887608,,,,,,17.0,36.4,2.1411764705882352,0.0192829293100525,0.0090057636887608,19.0,149.36,7.861052631578948,0.079123580267842,0.0100652652992032,4.0,16.72,4.18,0.0088574334632988,0.0021190032208848,2.0,5.44,2.72,0.0028818443804034,0.0010595016104424,8.0,27.4,3.425,0.0145151720630615,0.0042380064417697,,,,,,,,,,,,,,,,,,,,59.45666935361599,1381,0.0430533449338276,0.0090404300417151,2.114790051925205,0.0407289360658881,0.7315858620105101,492958.0,469631.6666666666,838.0,0.9526808910022084,0.0016999419828869,4680.0,560.0,30.0,494.0,1436.0,0.0,0.0,232.0,3244.0,560.0,30.0,262.0,0.3068376068376068,0.6931623931623931,0.0,1.0,0.0,1.0,0.4696356275303643,0.5303643724696356
1,inactive,6,yellow,12,6-12,5.0,13.76,2.752,20257.44,1342.5600000000013,90.0,225.08266666666665,0.0102490763913716,0.0037242283398879,,,,,,,,,,,9.0,21566.76,2396.3066666666664,16.06390775831246,0.0067036110117983,,,,,,96.0,416.76,4.34125,0.3104218805863422,0.071505184125849,13.0,106.96,8.227692307692307,0.0796686926468834,0.0096829936837087,5.0,51.2,10.24,0.0381360982004528,0.0037242283398879,1.0,1.44,1.44,0.0010725777618877,0.0007448456679775,8.0,31.88,3.985,0.0237456798951257,0.0059587653438207,,,,,,,,,,,,,,,,,,,,38.191622225267054,1230,0.0310500993701358,0.0034717917331452,2.1854847793562335,0.0297842396123414,0.916160171612441,506526.0,481011.0,526.0,0.9496274623612608,0.001038446200195,13202.0,1322.0,0.0,349.0,2579.0,173.0,0.0,202.0,10623.0,1149.0,0.0,147.0,0.1953491895167398,0.8046508104832601,0.1308623298033283,0.8691376701966718,0.0,0.0,0.5787965616045845,0.4212034383954154
1,inactive,7,blue,6,0-6,,,,21431.28,168.72000000000116,35.0,612.3222857142857,,,,,,,,,,,,,8.0,21527.64,2690.955,127.59388335704035,0.0474158368895207,,,,,,1.0,4.36,4.36,0.0258416311047888,0.00592697961119,,,,,,1.0,8.96,8.96,0.0531057373162632,0.00592697961119,,,,,,4.0,12.88,3.22,0.0763394973921284,0.0237079184447603,,,,,,,,,,,,,,,,,,,,2.8346961622198106,74,0.0383067048948623,0.0134995883043509,1.8598866782543677,0.0318598460657321,0.4385964912280671,535817.0,487608.0,4932.0,0.9100271174673442,0.0092046351646177,110.0,225.0,0.0,0.0,0.0,0.0,0.0,0.0,110.0,225.0,0.0,0.0,0.0,1.0,0.0,1.0,0.0,0.0,0.0,0.0
1,inactive,7,blue,12,6-12,,,,21413.44,186.5600000000013,10.0,2141.344,,,,,,,,,,,,,8.0,21508.16,2688.52,115.28816466552234,0.0428816466552312,,,,,,2.0,39.36,19.68,0.2109777015437378,0.0107204116638078,,,,,,,,,,,,,,,,1.0,3.44,3.44,0.0184391080617494,0.0053602058319039,,,,,,,,,,,,,,,,,,,,0.4647938716216367,86,0.0054045799025771,0.00249049697517,1.9922707007729843,0.0048138448901411,0.460977701543736,535346.0,515936.6666666666,0.0,0.9637443198728796,0.0,986.0,0.0,0.0,0.0,0.0,0.0,0.0,0.0,986.0,0.0,0.0,0.0,0.0,1.0,0.0,0.0,0.0,0.0,0.0,0.0
1,inactive,7,green,6,0-6,13.0,170.6,13.123076923076924,18061.16,3538.84,140.0,129.0082857142857,0.0482078873303116,0.0036735201365419,10.0,88.72,8.872,0.0250703620395383,0.0028257847204168,8.0,64.16,8.02,0.0181302347661945,0.0022606277763334,92.0,20660.24,224.56782608695653,5.838139051214522,0.0259972194278351,2.0,6.8,3.4,0.0019215336098834,0.0005651569440833,52.0,591.48,11.374615384615383,0.1671395146432164,0.0146940805461676,1.0,6.84,6.84,0.0019328367487651,0.0002825784720416,2.0,36.4,18.2,0.0102858563823173,0.0005651569440833,6.0,35.64,5.94,0.0100710967435656,0.0016954708322501,30.0,170.48,5.682666666666666,0.0481739779136666,0.0084773541612505,7.0,16.2,2.314285714285714,0.0045777712470753,0.0019780493042918,,,,,,,,,,,,,,,110.57088759551831,3359,0.0329177992246258,0.0069950313186689,2.0606244254151407,0.0325631698607794,0.9491810875880232,451669.0,442945.0,0.0,0.980684970631148,0.0,15011.0,1809.0,3840.0,4278.0,0.0,0.0,0.0,125.0,15011.0,1809.0,3840.0,4153.0,0.0,1.0,0.0,1.0,0.0,1.0,0.0292192613370734,0.9707807386629266
1,inactive,7,green,12,6-12,2.0,26.0,13.0,20512.72,1087.2799999999988,100.0,205.1272,0.0239128835258627,0.0018394525789125,1.0,10.44,10.44,0.0096019424619233,0.0009197262894562,2.0,15.52,7.76,0.0142741520123611,0.0018394525789125,22.0,21400.32,972.7418181818182,19.68243690677657,0.0202339783680376,,,,,,29.0,350.72,12.093793103448276,0.3225664042380991,0.0266720623942315,1.0,2.24,2.24,0.002060186888382,0.0009197262894562,2.0,2.56,1.28,0.002354499301008,0.0018394525789125,1.0,5.68,5.68,0.0052240453241115,0.0009197262894562,10.0,30.68,3.068,0.028217202560518,0.0091972628945625,,,,,,,,,,,,,,,,,,,,19.972896686922727,897,0.0222663285249974,0.0036431034943627,2.1183173382251796,0.0203395536314916,0.8249944816422642,512918.0,502493.0,0.0,0.979675113760874,0.0,8854.0,209.0,652.0,652.0,38.0,0.0,0.0,0.0,8816.0,209.0,652.0,652.0,0.0042918454935622,0.9957081545064378,0.0,1.0,0.0,1.0,0.0,1.0
1,inactive,7,red,6,0-6,1.0,1.04,1.04,20523.56,1076.4399999999987,64.0,320.680625,0.0009661476719557,0.0009289881461112,,,,,,,,,,,23.0,21424.84,931.5147826086956,19.9034223923303,0.0213667273605589,,,,,,6.0,11.96,1.9933333333333336,0.0111106982274906,0.0055739288766675,,,,,,1.0,2.56,2.56,0.0023782096540448,0.0009289881461112,,,,,,12.0,38.52,3.2100000000000004,0.0357846233882056,0.011147857753335,3.0,7.6,2.533333333333333,0.0070603099104455,0.0027869644383337,,,,,,,,,,,,,,,19.356105070080808,944,0.0205043485911872,0.0053448605087793,1.972550001421754,0.0164729766911081,0.8769648099290264,513153.0,478014.0,654.0,0.9315233468380776,0.0012744736949798,305.0,65.0,0.0,27.0,0.0,0.0,0.0,0.0,305.0,65.0,0.0,27.0,0.0,1.0,0.0,1.0,0.0,0.0,0.0,1.0
1,inactive,7,red,12,6-12,1.0,3.08,3.08,20751.24,848.7599999999984,22.0,943.238181818182,0.0036288232244686,0.0011781893585937,1.0,7.44,7.44,0.0087657288279372,0.0011781893585937,2.0,22.4,11.2,0.0263914416324992,0.0023563787171874,18.0,21436.44,1190.9133333333332,25.256185494132662,0.0212074084546868,,,,,,10.0,275.68,27.568,0.3248032423771155,0.0117818935859371,1.0,2.16,2.16,0.0025448890145624,0.0011781893585937,4.0,16.2,4.05,0.0190866676092181,0.0047127574343748,1.0,6.04,6.04,0.007116263725906,0.0011781893585937,2.0,6.4,3.2,0.0075404118949997,0.0023563787171874,4.0,8.72,2.18,0.0102738112069371,0.0047127574343748,,,,,,,,,,,,,,,10.63216649585216,736,0.0144458783911034,0.0026704961438734,2.1845564482550097,0.0128864407744809,0.8671473679249745,518803.0,504900.0,0.0,0.9732017740838044,0.0,6957.0,561.0,749.0,78.0,0.0,0.0,0.0,0.0,6957.0,561.0,749.0,78.0,0.0,1.0,0.0,1.0,0.0,1.0,0.0,1.0
1,inactive,7,yellow,6,0-6,4.0,34.64,8.66,20091.36,1508.6399999999994,128.0,156.96375,0.022961077526779,0.0026513946335772,2.0,4.36,2.18,0.0028900201505992,0.0013256973167886,,,,,,14.0,21475.64,1533.9742857142858,14.2350991621593,0.0092798812175204,,,,,,8.0,42.24,5.28,0.0279987273305758,0.0053027892671545,,,,,,2.0,8.56,4.28,0.0056739845158553,0.0013256973167886,,,,,,18.0,73.16,4.064444444444444,0.0484940078481281,0.0119312758510976,3.0,9.96,3.3200000000000003,0.0066019726376073,0.0019885459751829,,,,,,,,,,,,,,,39.30889345163449,1335,0.0294448640087149,0.0068380809734648,2.152366423245105,0.0236924165202322,0.8849029589564115,502412.0,476006.3333333333,415.0,0.9474422054674916,0.0008260153021822,1064.0,216.0,111.0,870.0,0.0,0.0,0.0,125.0,1064.0,216.0,111.0,745.0,0.0,1.0,0.0,1.0,0.0,1.0,0.1436781609195402,0.8563218390804598
1,inactive,7,yellow,12,6-12,1.0,2.92,2.92,20906.4,693.5999999999985,47.0,444.81702127659577,0.0042099192618223,0.0014417531718569,,,,,,,,,,,9.0,21504.96,2389.44,31.004844290657505,0.0129757785467128,,,,,,41.0,326.0,7.951219512195122,0.4700115340253758,0.0591118800461362,,,,,,3.0,20.84,6.946666666666666,0.0300461361014994,0.0043252595155709,,,,,,3.0,9.36,3.1199999999999997,0.0134948096885813,0.0043252595155709,,,,,,,,,,,,,,,,,,,,8.918907896471984,560,0.0159266212436999,0.0025679246631145,2.2107034107622368,0.0143933465046044,0.8073817762399095,522707.0,509011.0,0.0,0.9737979403375122,0.0,8191.0,524.0,0.0,74.0,38.0,0.0,0.0,0.0,8153.0,524.0,0.0,74.0,0.0046392381882554,0.9953607618117446,0.0,1.0,0.0,0.0,0.0,1.0
1,inactive,8,blue,6,0-6,,,,,,,,,,,,,,,,,,,,,,,,,,,,,,,,,,,,,,,,,,,,,,,,,,,,,,,,,,,,,,,,,,,,,,,,,,0.0006219962457718,4,0.0001554990614429,0.0001061869845635,2.588409965801913,8.687352200982025e-05,,,,,,,,,,,,,,,,,,,,,,,,,,
1,inactive,8,blue,12,6-12,,,,,,,,,,,,,,,,,,,,,,,,,,,,,,,,,,,,,,,,,,,,,,,,,,,,,,,,,,,,,,,,,,,,,,,,,,0.0935492980641086,9,0.0103943664515676,7.718845787620092e-05,1.6836416951170272,0.0112138590011239,,,,,,,,,,,,,,,,,,,,,,,,,,
1,inactive,8,green,6,0-6,54.0,349.28,6.468148148148147,14813.48,6786.52,185.0,80.07286486486487,0.0514667311081378,0.0079569499537318,33.0,141.6,4.290909090909091,0.0208648909897856,0.0048625805272805,23.0,92.92,4.04,0.0136918479574214,0.0033890712765894,158.0,19688.28,124.60936708860758,2.9010862710196093,0.0232814461609189,1.0,3.28,3.28,0.0004833110342266,0.0001473509250691,65.0,328.56,5.054769230769231,0.0484136199407059,0.0095778101294919,107.0,403.28,3.7689719626168223,0.0594236810618696,0.0157665489823945,13.0,125.56,9.65846153846154,0.0185013821516771,0.0019155620258983,7.0,61.2,8.742857142857144,0.0090178766142293,0.0010314564754837,103.0,428.72,4.162330097087379,0.0631722885956278,0.015177145282118,9.0,21.6,2.4000000000000004,0.0031827799814927,0.0013261583256219,,,,,,,,,,,,,,,354.22306477692644,6619,0.0535160998303257,0.010303639990191,2.036611716424527,0.0498082650815506,0.975315773032423,370522.0,240983.33333333328,969.0,0.6503887308535884,0.0026152293251142,18460.0,4689.0,5919.0,8786.0,3518.0,26.0,452.0,1054.0,14942.0,4663.0,5467.0,7732.0,0.1905742145178764,0.8094257854821235,0.0055448923011303,0.9944551076988696,0.0763642507180266,0.9236357492819732,0.1199635784202139,0.880036421579786
1,inactive,8,green,12,6-12,6.0,30.72,5.12,20105.36,1494.6399999999994,97.0,207.2717525773196,0.0205534443076593,0.0040143445913397,3.0,27.2,9.066666666666666,0.0181983621474067,0.0020071722956698,6.0,36.96,6.16,0.0247283626826526,0.0040143445913397,21.0,21516.76,1024.607619047619,14.39594818819248,0.014050206069689,,,,,,35.0,147.16,4.204571428571429,0.0984584916769255,0.0234170101161483,69.0,320.64,4.64695652173913,0.2145265749611947,0.0461649628004068,5.0,19.56,3.912,0.0130867633677674,0.0033452871594497,,,,,,11.0,30.04,2.730909090909091,0.0200984852539742,0.0073596317507894,2.0,4.56,2.28,0.0030509018894181,0.0013381148637799,,,,,,,,,,,,,,,53.534351505904674,1419,0.0377268157194536,0.005273104724796,2.1847638934096816,0.0351261481286429,0.9493924958518444,502731.0,330281.9999999999,0.0,0.6569755992767502,0.0,11799.0,494.0,1613.0,774.0,79.0,58.0,93.0,183.0,11720.0,436.0,1520.0,591.0,0.0066954826680227,0.9933045173319772,0.117408906882591,0.8825910931174089,0.0576565406075635,0.9423434593924364,0.2364341085271318,0.7635658914728682
1,inactive,8,red,6,0-6,,,,21190.68,409.3199999999997,82.0,258.4229268292683,,,,,,,,,,,,,8.0,21595.92,2699.49,52.76048079742014,0.0195446105736343,,,,,,17.0,104.64,6.155294117647059,0.2556435063031371,0.0415322974689729,,,,,,,,,,,,,,,,4.0,9.44,2.36,0.0230626404768885,0.0097723052868171,1.0,2.04,2.04,0.0049838756962767,0.0024430763217042,,,,,,,,,,,,,,,11.380390719425424,332,0.0342782852994741,0.0052731013224394,1.824022575322532,0.0299091444789391,0.8111013388058249,529849.0,267712.66666666657,80108.0,0.5052621910519158,0.1511902447678489,2633.0,0.0,0.0,0.0,343.0,0.0,0.0,0.0,2290.0,0.0,0.0,0.0,0.1302696543866312,0.8697303456133688,0.0,0.0,0.0,0.0,0.0,0.0
1,inactive,8,red,12,6-12,,,,21516.72,83.27999999999884,11.0,1956.0654545454547,,,,,,,,,,,,,8.0,21599.92,2699.99,259.3650336215214,0.0960614793467832,,,,,,5.0,44.08,8.815999999999999,0.5292987512007759,0.0600384245917395,,,,,,,,,,,,,,,,,,,,,1.0,2.04,2.04,0.0244956772334297,0.0120076849183479,,,,,,,,,,,,,,,0.4229158992751874,73,0.0057933684832217,0.0020957418270719,2.1754262408766474,0.0039907683091505,0.8765609990393974,537929.0,335858.9999999999,18467.0,0.6243556305757821,0.0343298093242788,1107.0,0.0,0.0,0.0,0.0,0.0,0.0,0.0,1107.0,0.0,0.0,0.0,0.0,1.0,0.0,0.0,0.0,0.0,0.0,0.0
1,inactive,8,yellow,6,0-6,25.0,159.52,6.380800000000001,17398.0,4202.0,145.0,119.98620689655172,0.0379628748215135,0.0059495478343645,11.0,45.12,4.101818181818182,0.0107377439314612,0.0026178010471204,2.0,10.64,5.32,0.0025321275583055,0.0004759638267491,93.0,20886.4,224.58494623655915,4.9705854355069015,0.0221323179438362,,,,,,59.0,382.76,6.487457627118644,0.0910899571632555,0.0140409328891004,28.0,183.44,6.551428571428572,0.0436554021894336,0.0066634935744883,8.0,78.56,9.82,0.0186958591147072,0.0019038553069966,2.0,13.2,6.6,0.0031413612565445,0.0004759638267491,42.0,177.84,4.234285714285714,0.0423227034745359,0.0099952403617325,,,,,,,,,,,,,,,,,,,,156.08226342253866,4077,0.038283606431822,0.0063764868642384,2.2143379524846503,0.03552107340052,0.9702522608281772,435095.0,262545.99999999994,854.0,0.6034222411197553,0.0019627897355749,14242.0,2304.0,1407.0,4013.0,3175.0,26.0,452.0,1054.0,11067.0,2278.0,955.0,2959.0,0.2229321724476899,0.7770678275523101,0.0112847222222222,0.9887152777777778,0.3212508884150675,0.6787491115849325,0.2626463992025916,0.7373536007974084
1,inactive,8,yellow,12,6-12,3.0,13.96,4.653333333333333,20345.56,1254.4399999999987,45.0,452.1235555555556,0.011128471668633,0.0023915053729154,1.0,1.6,1.6,0.0012754695322215,0.0007971684576384,1.0,4.24,4.24,0.0033799942603871,0.0007971684576384,15.0,21557.12,1437.1413333333333,17.18465610152739,0.011957526864577,,,,,,40.0,193.44,4.836,0.1542042664455854,0.0318867383055387,20.0,76.92,3.846,0.061318197761551,0.0159433691527693,3.0,20.16,6.72,0.0160709161059915,0.0023915053729154,5.0,26.28,5.256,0.0209495870667389,0.0039858422881923,6.0,24.72,4.12,0.0197060042728229,0.0047830107458308,1.0,2.6,2.6,0.00207263798986,0.0007971684576384,,,,,,,,,,,,,,,38.244981165756634,1215,0.0314773507537091,0.0048054492566266,2.253010479789819,0.0279922572427409,0.9685596760307398,508684.0,332260.9999999999,16.0,0.6531776112478471,3.145371193117928e-05,6819.0,1169.0,148.0,352.0,79.0,58.0,93.0,183.0,6740.0,1111.0,55.0,169.0,0.0115852764334946,0.9884147235665054,0.0496150556030795,0.9503849443969205,0.6283783783783784,0.3716216216216216,0.5198863636363636,0.4801136363636363
2,active,1,blue,18,12-18,100.0,1030.04,10.3004,11549.64,10050.36,155.0,74.5138064516129,0.1024878710812348,0.0099498923421648,64.0,414.84,6.481875,0.0412761333922366,0.0063679310989855,147.0,973.28,6.620952380952381,0.0968403121878221,0.0146263417429823,290.0,18601.6,64.14344827586207,1.850839173920138,0.028854687792278,1.0,1.28,1.28,0.0001273586219797,9.949892342164856e-05,63.0,472.24,7.495873015873016,0.0469873715966393,0.0062684321755638,268.0,1117.84,4.171044776119403,0.1112238765576556,0.0266657114770018,40.0,381.56,9.539,0.0379648092207642,0.0039799569368659,12.0,52.64,4.386666666666667,0.0052376233289155,0.0011939870810597,153.0,626.04,4.091764705882353,0.0622903060188888,0.0152233352835122,5.0,14.96,2.992,0.0014885038943878,0.0004974946171082,11.2,11.0,1.018181818181818,2.0,2.0,1.0,0.0011143879423224,0.0010944881576381,0.0001989978468432,0.0001989978468432,0.8484848484848485,0.1515151515151515,0.8461538461538461,0.1538461538461538,317.45622951414947,9892,0.0320922189157045,0.0069954849143341,2.0520750661178564,0.0306896762883497,0.9842433504869476,288896.0,153076.0,59501.0,0.5298654186973859,0.2059599302171023,40083.0,10907.0,34914.0,25851.0,12637.0,773.0,8502.0,5730.0,27446.0,10134.0,26412.0,20121.0,0.3152708130628945,0.6847291869371055,0.0708719171174475,0.9291280828825524,0.2435126310362605,0.7564873689637395,0.2216548682836253,0.7783451317163746
2,active,1,blue,24,18-24,40.0,405.2,10.13,17480.16,4119.84,92.0,190.00173913043477,0.0983533341100625,0.0097091149170841,24.0,79.8,3.3249999999999997,0.0193696842595828,0.0058254689502504,63.0,397.56,6.310476190476191,0.0964988931608994,0.0152918559944075,128.0,20369.96,159.1403125,4.94435706241019,0.0310691677346693,5.0,9.76,1.952,0.0023690240397685,0.0012136393646355,5.0,22.0,4.4,0.0053400132043962,0.0012136393646355,86.0,306.32,3.561860465116279,0.0743524020350304,0.0208745970717309,11.0,89.44,8.13090909090909,0.0217095809546001,0.0026700066021981,5.0,16.16,3.232,0.003922482426502,0.0012136393646355,60.0,265.28,4.421333333333333,0.0643908501301021,0.0145636723756262,1.0,2.8,2.8,0.0006796380441958,0.0002427278729271,1.6,2.0,0.8,6.8,7.0,0.9714285714285714,0.0003883645966833,0.0004854557458542,0.0016505495359043,0.0016990951104897,0.1904761904761904,0.8095238095238094,0.2222222222222222,0.7777777777777778,143.61060190720173,4017,0.0357507099594726,0.008744234764118,2.040754853732107,0.0340161618223267,0.9750378655481766,437096.0,305218.0,43261.0,0.6982859600636931,0.0989736808389919,8299.0,2656.0,12021.0,10170.0,1448.0,195.0,2617.0,832.0,6851.0,2461.0,9404.0,9338.0,0.1744788528738402,0.8255211471261598,0.0734186746987951,0.9265813253012049,0.2177023542134598,0.7822976457865403,0.0818092428711897,0.9181907571288104
2,active,1,green,18,12-18,178.0,989.2,5.557303370786517,9672.96,11927.04,370.0,26.143135135135132,0.0829375939042713,0.0149240716892036,72.0,322.92,4.485,0.027074613650998,0.0060367031551835,259.0,1337.52,5.164169884169884,0.1121418222794591,0.0217153627387851,374.0,18710.28,50.02748663101604,1.568727865421764,0.0313573191672032,1.0,1.16,1.16,9.725799527795664e-05,8.384309937754882e-05,90.0,440.36,4.892888888888889,0.0369211472418974,0.0075458789439793,308.0,1922.88,6.243116883116883,0.161220218931101,0.025823674608285,50.0,223.76,4.4752,0.0187607319167203,0.0041921549688774,31.0,151.44,4.88516129032258,0.0126971989697359,0.002599136080704,145.0,678.64,4.6802758620689655,0.0568992809615797,0.0121572494097445,8.0,17.36,2.17,0.0014555162051942,0.0006707447950203,5.2,5.0,1.04,6.6,7.0,0.9428571428571428,0.0004359841167632,0.0004192154968877,0.0005533644558918,0.0005869016956428,0.4406779661016949,0.559322033898305,0.4166666666666667,0.5833333333333334,736.4236439321935,11616,0.0633973522668899,0.0157061263989524,2.083779152355792,0.0596848022181797,0.9739214423696072,242194.0,158469.0,9280.0,0.6543060521730514,0.0383163909923449,59479.0,9461.0,41842.0,24908.0,10607.0,736.0,10502.0,5419.0,48872.0,8725.0,31340.0,19489.0,0.1783318482153365,0.8216681517846635,0.0777930451326498,0.9222069548673502,0.2509918263945318,0.7490081736054682,0.2175606230929821,0.7824393769070178
2,active,1,green,24,18-24,94.0,515.4,5.482978723404255,12800.28,8799.72,295.0,43.39077966101695,0.0585700454105357,0.0106821580686658,56.0,181.8,3.246428571428571,0.0206597482647175,0.0063638388494179,141.0,767.12,5.440567375886525,0.0871755010386694,0.0160232371029987,283.0,19479.16,68.83095406360424,2.2136113421790693,0.0321601141854513,2.0,3.64,1.82,0.0004136495252121,0.0002272799589077,34.0,144.56,4.251764705882353,0.0164277954298545,0.0038637593014323,154.0,1157.64,7.517142857142858,0.1315541858150032,0.0175005568358993,28.0,164.8,5.885714285714286,0.0187278686140013,0.0031819194247089,19.0,119.76,6.3031578947368425,0.013609523939398,0.0021591596096239,136.0,576.76,4.240882352941177,0.0655429945498266,0.0154550372057292,2.0,5.4,2.7,0.000613655889051,0.0002272799589077,10.6,12.0,0.8833333333333333,3.8,4.0,0.95,0.0012045837822112,0.0013636797534467,0.0004318319219247,0.0004545599178155,0.7361111111111112,0.2638888888888889,0.75,0.25,470.10492542534274,8545,0.0550152048479043,0.0112069022714067,2.066080156304715,0.0532540437102761,0.9710536244335048,320302.0,265224.99999999994,8022.0,0.8280466559684296,0.0250451136739701,32743.0,7161.0,23890.0,12979.0,1846.0,740.0,4503.0,1878.0,30897.0,6421.0,19387.0,11101.0,0.0563784625721528,0.9436215374278472,0.1033375226923614,0.8966624773076386,0.1884889074926747,0.8115110925073252,0.1446952769859003,0.8553047230140997
2,active,1,red,18,12-18,110.0,929.44,8.449454545454547,9471.16,12128.84,123.0,77.00130081300813,0.0766305763782851,0.0090692926941075,88.0,481.4,5.470454545454545,0.0396905227540308,0.007255434155286,330.0,2685.16,8.136848484848484,0.2213863815500905,0.0272078780823227,464.0,17330.44,37.35008620689655,1.428862117069728,0.0382559255460538,,,,,,111.0,527.04,4.748108108108108,0.0434534547409315,0.0091517408095085,283.0,1777.2,6.279858657243817,0.1465267906906183,0.0233328166584768,63.0,288.0,4.571428571428571,0.0237450572354817,0.0051942312702616,22.0,104.56,4.752727272727273,0.0086207749463262,0.0018138585388215,218.0,1035.72,4.7510091743119265,0.0853931620831011,0.0179736891574132,9.0,21.6,2.4000000000000004,0.0017808792926611,0.0007420330386088,5.6,6.0,0.9333333333333332,7.2,7.0,1.0285714285714287,0.0004617094462454,0.0004946886924058,0.000593626430887,0.0005771368078068,0.4374999999999999,0.5625,0.4615384615384615,0.5384615384615384,519.6017282660334,11999,0.0433037526682251,0.0125912221853624,2.0978529939973014,0.0404063459548206,0.989294936696337,236902.0,146203.0,25333.0,0.6171454863192375,0.1069345130053777,58000.0,9899.0,79582.0,23346.0,15803.0,642.0,13051.0,4641.0,42197.0,9257.0,66531.0,18705.0,0.2724655172413793,0.7275344827586206,0.0648550358622083,0.9351449641377916,0.1639943705863135,0.8360056294136865,0.1987920842970958,0.8012079157029042
2,active,1,red,24,18-24,68.0,439.2,6.458823529411765,12888.96,8711.04,78.0,165.2430769230769,0.0504187789288075,0.0078061861729483,66.0,336.44,5.097575757575758,0.0386222540592168,0.0075765924619792,196.0,1524.6,7.7785714285714285,0.1750192858717214,0.0225001836749687,313.0,18900.6,60.38530351437699,2.1697294467709938,0.0359314157666593,,,,,,28.0,70.16,2.505714285714286,0.0080541473807949,0.0032143119535669,226.0,1727.8,7.645132743362832,0.1983460069061788,0.0259440893395048,31.0,204.56,6.598709677419355,0.0234828447579163,0.0035587025200205,16.0,77.28,4.83,0.0088715009918448,0.0018367496877525,158.0,712.08,4.506835443037975,0.0817445448534273,0.0181379031665564,8.0,18.36,2.295,0.002107670266696,0.0009183748438762,10.6,11.0,0.9636363636363636,5.2,6.0,0.8666666666666667,0.001216846668136,0.0012627654103298,0.0005969436485195,0.0006887811329072,0.670886075949367,0.3291139240506329,0.6470588235294118,0.3529411764705882,334.0156917406579,8627,0.0387174790472537,0.0099809495516813,2.123170804285408,0.0380205315243865,0.9903524722650796,322302.0,262254.6666666666,8867.0,0.8136923341048663,0.0275114644029512,45203.0,7093.0,46788.0,11048.0,984.0,311.0,5930.0,1390.0,44219.0,6782.0,40858.0,9658.0,0.0217684666946884,0.9782315333053117,0.0438460453968701,0.9561539546031298,0.1267418996323843,0.8732581003676156,0.1258146270818247,0.8741853729181752
2,active,1,yellow,18,12-18,73.0,628.64,8.611506849315068,9965.24,11634.76,150.0,66.43493333333333,0.0540311961742227,0.0062743021772688,63.0,377.96,5.999365079365079,0.0324854143961714,0.0054148087283278,74.0,487.44,6.587027027027027,0.0418951486751767,0.0063602515221628,218.0,19869.64,91.1451376146789,1.7077825412814702,0.0187369571869123,1.0,1.32,1.32,0.0001134531352602,8.594934489409321e-05,76.0,424.68,5.587894736842105,0.0365009677896235,0.006532150211951,291.0,1942.08,6.6738144329896905,0.1669205037319205,0.0250112593641811,24.0,181.52,7.563333333333333,0.0156015250851758,0.0020627842774582,25.0,233.36,9.3344,0.0200571391244855,0.0021487336223523,135.0,580.0,4.296296296296297,0.049850620038574,0.0116031615607025,6.0,13.44,2.24,0.0011551591953766,0.0005156960693645,1.2,1.0,1.2,7.4,7.0,1.0571428571428572,0.0001031392138729,8.594934489409321e-05,0.0006360251522162,0.0006016454142586,0.1395348837209302,0.8604651162790699,0.125,0.875,353.59953673018686,11482,0.0307959882189676,0.0061132597858918,2.1626593006819776,0.0295756369443772,0.9868703780739784,249281.0,152371.3333333333,27952.0,0.6112432689749051,0.1121304872814213,59536.0,10421.0,21772.0,15789.0,9585.0,682.0,6701.0,5131.0,49951.0,9739.0,15071.0,10658.0,0.1609950282182209,0.8390049717817791,0.0654447749736109,0.934555225026389,0.3077806356788535,0.6922193643211464,0.3249730825258091,0.6750269174741909
2,active,1,yellow,24,18-24,42.0,296.36,7.056190476190476,14681.68,6918.32,181.0,81.1142541436464,0.0428369893268886,0.0060708380069149,45.0,190.48,4.232888888888889,0.0275326957989801,0.0065044692931231,43.0,317.48,7.383255813953489,0.0458897535817944,0.0062153817689843,155.0,20406.28,131.6534193548387,2.94960048104164,0.0224042831207576,4.0,5.48,1.37,0.0007920998161403,0.0005781750482776,20.0,111.84,5.5920000000000005,0.0161657743498421,0.002890875241388,150.0,995.68,6.637866666666667,0.1439193330172643,0.0216815643104106,16.0,191.88,11.9925,0.0277350570658772,0.0023127001931104,7.0,38.0,5.428571428571429,0.0054926629586373,0.0010118063344858,84.0,376.48,4.4819047619047625,0.0544178355438892,0.0121416760138299,3.0,6.56,2.1866666666666665,0.0009482070791752,0.0004336312862082,1.2,1.0,1.2,8.2,9.0,0.911111111111111,0.0001734525144832,0.0001445437620694,0.0011852588489691,0.0013008938586246,0.1276595744680851,0.8723404255319149,0.1,0.9,231.34906384622693,6751,0.0342688585166978,0.0068132477372049,2.136191944817798,0.0325300156868729,0.9758149377305474,367223.0,284683.0,13523.0,0.7752319435329487,0.0368250354689112,27858.0,5770.0,12787.0,7451.0,931.0,316.0,2967.0,1035.0,26927.0,5454.0,9820.0,6416.0,0.0334194845286811,0.9665805154713188,0.0547660311958405,0.9452339688041594,0.2320325330413701,0.7679674669586298,0.1389075291907126,0.8610924708092873
2,active,2,blue,18,12-18,93.0,510.16,5.485591397849463,13221.2,8378.8,122.0,108.3704918032787,0.0608870005251348,0.0110994414474626,46.0,209.12,4.546086956521739,0.024958227908531,0.0054900463073471,58.0,256.56,4.423448275862069,0.0306201365350646,0.0069222323005681,212.0,19728.8,93.06037735849056,2.3546092519215165,0.025301952546904,7.0,11.88,1.6971428571428573,0.0014178641332887,0.0008354418293789,240.0,901.4,3.755833333333334,0.1075810378574497,0.0286437198644197,105.0,577.6,5.5009523809523815,0.0689358858070368,0.0125316274406836,23.0,227.12,9.874782608695652,0.0271065068983625,0.0027450231536735,12.0,93.2,7.766666666666667,0.0111233112140163,0.0014321859932209,109.0,589.92,5.412110091743119,0.0704062634267436,0.0130090227717572,12.0,27.4,2.283333333333333,0.0032701580178545,0.0014321859932209,22.8,22.0,1.0363636363636364,0.0,0.0,0.0,0.0027211533871198,0.0026256743209051,0.0,0.0,1.0,0.0,1.0,0.0,293.2302543110246,8250,0.035543061128609,0.0074101458714447,1.991562152219405,0.0352722176670187,0.984627870339428,330652.0,203903.99999999997,16174.0,0.6166725137002044,0.0489154760896652,37320.0,8043.0,11746.0,12847.0,6626.0,875.0,1832.0,1975.0,30694.0,7168.0,9914.0,10872.0,0.177545551982851,0.822454448017149,0.1087902523933855,0.8912097476066144,0.1559679891026732,0.8440320108973267,0.1537323888845645,0.8462676111154355
2,active,2,blue,24,18-24,78.0,670.12,8.591282051282052,12623.32,8976.68,92.0,137.21,0.0746512073506017,0.0086891813008818,33.0,197.64,5.989090909090908,0.0220170486193113,0.0036761920888346,44.0,220.72,5.016363636363637,0.0245881550862902,0.0049015894517795,199.0,19499.16,97.98572864321608,2.172201749421835,0.0221685522932754,8.0,17.44,2.18,0.0019428118190689,0.0008911980821417,215.0,1007.32,4.685209302325582,0.1122152065128755,0.0239509484575589,52.0,296.32,5.6984615384615385,0.0330099769625295,0.0057927875339212,15.0,140.76,9.384,0.0156806302552836,0.0016709964040157,15.0,122.6,8.173333333333334,0.0136576106088219,0.0016709964040157,137.0,616.96,4.503357664233577,0.06872919609477,0.015261767156677,15.0,36.12,2.408,0.0040237593408698,0.0016709964040157,18.4,18.0,1.022222222222222,0.0,0.0,0.0,0.0020497555889259,0.0020051956848188,0.0,0.0,1.0,0.0,1.0,0.0,274.64129301685693,8854,0.0310188946258026,0.0055206056116042,1.9962571629260903,0.0294644045490029,0.9863334774103566,315675.0,219066.66666666663,29376.0,0.6939626725799213,0.0930577334283677,32858.0,6614.0,10536.0,16831.0,3295.0,346.0,558.0,2402.0,29563.0,6268.0,9978.0,14429.0,0.1002799926958427,0.8997200073041572,0.0523132748714847,0.9476867251285152,0.0529612756264236,0.9470387243735764,0.1427128512863169,0.8572871487136831
2,active,2,green,18,12-18,139.0,1316.08,9.46820143884892,12317.92,9282.08,364.0,33.84043956043956,0.1417871856308069,0.0149750917897712,28.0,181.6,6.485714285714286,0.0195645803526795,0.0030165652526157,24.0,326.96,13.623333333333331,0.0352248633926878,0.0025856273593849,118.0,18765.64,159.03084745762712,2.021706341682037,0.0127126678503094,1.0,4.08,4.08,0.0004395566510954,0.0001077344733077,283.0,2823.96,9.978657243816254,0.3042378432420319,0.030488855946081,22.0,61.2,2.7818181818181817,0.0065933497664316,0.0023701584127695,24.0,158.44,6.601666666666667,0.017069449950873,0.0025856273593849,12.0,136.32,11.36,0.0146863634013066,0.0012928136796924,98.0,381.36,3.891428571428571,0.0410856187406271,0.0105579783841552,19.0,49.32,2.5957894736842104,0.0053134642235361,0.0020469549928464,2.4,3.0,0.7999999999999999,9.0,8.0,1.125,0.0002585627359384,0.0003232034199231,0.0009696102597693,0.0008618757864616,0.2105263157894736,0.7894736842105263,0.2727272727272727,0.7272727272727273,222.29435267087797,8972,0.0247764548228798,0.0048086748380894,2.104485326331783,0.0219466971758019,0.9665936945167464,308312.0,195256.3333333333,9233.0,0.6333076018232612,0.0299469368691455,72434.0,7405.0,12766.0,33041.0,5950.0,467.0,2525.0,3250.0,66484.0,6938.0,10241.0,29791.0,0.0821437446503023,0.9178562553496976,0.063065496286293,0.9369345037137068,0.1977910073633088,0.8022089926366912,0.0983626403559214,0.9016373596440784
2,active,2,green,24,18-24,91.0,737.68,8.106373626373626,12278.32,9321.68,251.0,48.91760956175299,0.0791359497429647,0.0097621887900035,28.0,177.12,6.325714285714286,0.0190008667965431,0.0030037503969241,34.0,432.64,12.72470588235294,0.0464122347044738,0.003647411196265,160.0,19158.0,119.7375,2.055208932295466,0.0171642879824237,4.0,23.28,5.82,0.0024974039014426,0.0004291071995605,232.0,2108.6,9.088793103448277,0.2262038602483672,0.0248882175745144,21.0,124.72,5.939047619047619,0.0133795624822993,0.0022528127976931,12.0,33.8,2.8166666666666664,0.003625955836287,0.0012873215986817,20.0,238.08,11.904,0.0255404605178465,0.0021455359978029,140.0,594.8,4.248571428571428,0.0638082405746603,0.0150187519846207,16.0,40.28,2.5175,0.0043211094995751,0.0017164287982423,0.8,1.0,0.8,8.2,8.0,1.025,8.582143991211885e-05,0.0001072767998901,0.0008796697590992,0.0008582143991211,0.0888888888888888,0.911111111111111,0.1111111111111111,0.8888888888888888,257.04996314685695,9090,0.0282783237785321,0.0045901223547065,2.048581222598163,0.0266715104268122,0.9751461110014504,307209.0,233978.66666666663,2118.0,0.7616269922647664,0.0068943292676972,56086.0,6829.0,15230.0,18533.0,2880.0,561.0,2451.0,2715.0,53206.0,6268.0,12779.0,15818.0,0.0513497129408408,0.9486502870591592,0.0821496558793381,0.917850344120662,0.1609323703217334,0.8390676296782665,0.1464954405654778,0.8535045594345222
2,active,2,red,18,12-18,67.0,875.68,13.069850746268656,13930.84,7669.16,99.0,140.71555555555557,0.1141819964637587,0.0087362892415857,44.0,370.24,8.414545454545454,0.0482764735642495,0.0057372645765637,47.0,510.64,10.864680851063827,0.0665835632585576,0.006128441706784,151.0,19286.84,127.72741721854304,2.5148569074057656,0.019689248887753,8.0,12.92,1.615,0.0016846695074819,0.0010431390139206,202.0,1365.44,6.75960396039604,0.1780429668959834,0.0263392601014974,80.0,577.64,7.2205,0.0753198525001434,0.0104313901392069,32.0,207.16,6.47375,0.0270120847654762,0.0041725560556827,20.0,114.0,5.7,0.0148647309483698,0.0026078475348017,114.0,410.84,3.603859649122807,0.053570404059897,0.0148647309483698,4.0,9.2,2.3,0.0011996098660087,0.0005215695069603,0.0,0.0,0.0,5.2,6.0,0.8666666666666667,0.0,0.0,0.0006780403590484,0.0007823542604405,0.0,1.0,0.0,1.0,177.96856241874266,7573,0.0235004043864707,0.0064962226027371,1.9875813433991196,0.0227478422833148,0.9874614690526732,348370.0,175804.0,63246.0,0.5046473576944054,0.1815483537618049,48859.0,8081.0,22113.0,21959.0,5354.0,116.0,1354.0,813.0,43505.0,7965.0,20759.0,21146.0,0.1095806299760535,0.8904193700239464,0.0143546590768469,0.985645340923153,0.061230950119839,0.938769049880161,0.0370235438772257,0.9629764561227744
2,active,2,red,24,18-24,48.0,590.44,12.300833333333337,15057.28,6542.719999999999,99.0,152.09373737373738,0.0902438129707522,0.0073363983175193,32.0,231.64,7.23875,0.0354042355472953,0.0048909322116795,33.0,406.08,12.305454545454545,0.0620659297662134,0.0050437738432945,121.0,19667.88,162.54446280991738,3.006070869607748,0.0184938374254132,2.0,2.56,1.28,0.0003912745769343,0.0003056832632299,187.0,1556.96,8.325989304812834,0.2379683067592683,0.0285813851120023,27.0,189.72,7.026666666666666,0.0289971143499951,0.0041267240536046,27.0,128.6,4.762962962962963,0.0196554338256871,0.0041267240536046,15.0,75.44,5.029333333333333,0.0115303726890345,0.0022926244742247,95.0,397.72,4.186526315789474,0.0607881737259121,0.0145199550034236,3.0,6.68,2.2266666666666666,0.0010209820991881,0.0004585248948449,1.6,2.0,0.8,4.4,5.0,0.8800000000000001,0.0002445466105839,0.0003056832632299,0.0006725031791059,0.0007642081580749,0.2666666666666666,0.7333333333333334,0.2857142857142857,0.7142857142857143,149.52159398211714,6417,0.0233008561605293,0.0060603996249869,1.9951422324893175,0.0219799222677776,0.980784750073364,376531.0,241194.0,34348.0,0.6405687712299917,0.0912222366817074,43881.0,5143.0,16008.0,14809.0,6106.0,552.0,1918.0,2057.0,37775.0,4591.0,14090.0,12752.0,0.1391490622365032,0.8608509377634967,0.1073303519346684,0.8926696480653316,0.1198150924537731,0.8801849075462269,0.1389020190424741,0.8610979809575259
2,active,2,yellow,18,12-18,131.0,766.8,5.853435114503816,12343.48,9256.52,157.0,78.62089171974522,0.0828389070622653,0.0141521867829378,43.0,228.8,5.32093023255814,0.0247177124880624,0.0046453742875292,42.0,265.4,6.319047619047619,0.028671682230471,0.0045373423273541,181.0,20077.64,110.92618784530386,2.1690268048899584,0.0195537847916927,5.0,8.32,1.664,0.0008988259086568,0.0005401598008754,174.0,2152.28,12.369425287356323,0.2325150272456603,0.018797561070467,45.0,338.76,7.528,0.0365969068289162,0.0048614382078794,19.0,134.6,7.084210526315789,0.0145411018395682,0.0020526072433268,24.0,235.08,9.795,0.025396153197962,0.0025927670442023,94.0,440.08,4.681702127659574,0.0475427050338572,0.0101550042564592,3.0,6.36,2.12,0.0006870832667136,0.0003240958805252,0.8,1.0,0.8,11.8,12.0,0.9833333333333334,8.642556814007856e-05,0.000108031960175,0.0012747771300661,0.0012963835221011,0.0634920634920634,0.9365079365079364,0.0769230769230769,0.9230769230769232,285.96128936395957,9114,0.0313760466714899,0.0068405341728051,2.1273495264749536,0.0298621560390381,0.9846032850358448,308744.0,203098.99999999997,3166.0,0.6578233099266706,0.0102544502889124,62495.0,9285.0,12440.0,19301.0,6659.0,772.0,2736.0,3443.0,55836.0,8513.0,9704.0,15858.0,0.1065525242019361,0.8934474757980638,0.0831448572967151,0.9168551427032848,0.2199356913183279,0.780064308681672,0.1783845396611574,0.8216154603388426
2,active,2,yellow,24,18-24,90.0,510.96,5.677333333333333,14958.68,6641.32,121.0,123.62545454545456,0.0769365126209849,0.0135515228900278,24.0,127.88,5.328333333333333,0.019255208301964,0.0036137394373407,31.0,153.8,4.961290322580646,0.0231580468942921,0.0046677467732318,151.0,20348.84,134.7605298013245,3.063975233839056,0.0227364439599356,1.0,2.08,2.08,0.0003131907512362,0.0001505724765558,123.0,1310.96,10.65821138211382,0.1973944938656773,0.0185204146163714,43.0,376.44,8.754418604651162,0.0566815030746899,0.0064746164919022,10.0,133.08,13.308000000000002,0.0200381851800545,0.0015057247655586,19.0,185.24,9.749473684210528,0.0278920455572085,0.0028608770545614,69.0,304.44,4.412173913043478,0.0458402847626676,0.0103895008823547,5.0,12.96,2.592,0.001951419296164,0.0007528623827793,0.0,0.0,0.0,8.2,8.0,1.025,0.0,0.0,0.001234694307758,0.0012045798124469,0.0,1.0,0.0,1.0,194.0970233469262,6517,0.0297831860283759,0.0069358513555281,2.071250995129101,0.0283730614762795,0.9812808297145748,374088.0,254009.99999999997,18695.0,0.6790113556168601,0.0499748722225786,42351.0,7987.0,7097.0,12864.0,5595.0,475.0,870.0,2696.0,36756.0,7512.0,6227.0,10168.0,0.1321102217184954,0.8678897782815046,0.0594716414173031,0.9405283585826968,0.122587008595181,0.877412991404819,0.2095771144278607,0.7904228855721394
2,active,3,blue,18,12-18,125.0,1011.16,8.08928,12921.0,8679.0,156.0,82.82692307692308,0.116506509966586,0.0144025809425048,128.0,904.0,7.0625,0.1041594653761954,0.014748242885125,114.0,756.92,6.639649122807017,0.0872128125360064,0.0131351538195644,329.0,18328.52,55.70978723404255,2.1118239428505587,0.0379075930406728,8.0,13.88,1.735,0.0015992625878557,0.0009217651803203,56.0,157.68,2.815714285714286,0.0181679917041133,0.0064523562622421,152.0,867.6,5.707894736842105,0.099965433805738,0.0175135384260859,37.0,250.48,6.76972972972973,0.028860467795829,0.0042631639589814,17.0,39.64,2.331764705882353,0.0045673464684871,0.0019587510081806,149.0,668.16,4.484295302013423,0.0769858278603525,0.0171678764834658,2.0,4.2,2.1,0.0004839267196681,0.00023044129508,3.2,4.0,0.8,25.2,26.0,0.9692307692307692,0.0003687060721281,0.0004608825901601,0.0029035603180089,0.002995736836041,0.1126760563380281,0.8873239436619719,0.1333333333333333,0.8666666666666667,345.5800342607512,8526,0.040532492875997,0.0126556313199019,1.942400331637308,0.0371922790787238,0.982371240926374,323181.0,177527.3333333333,43143.0,0.5493124080107844,0.1334948527295849,25840.0,7307.0,41765.0,25404.0,4265.0,334.0,11580.0,6245.0,21575.0,6973.0,30185.0,19159.0,0.1650541795665634,0.8349458204334366,0.0457095935404406,0.9542904064595592,0.2772656530587812,0.7227343469412187,0.2458274287513777,0.7541725712486222
2,active,3,blue,24,18-24,87.0,653.36,7.509885057471265,15232.72,6367.280000000001,91.0,167.39252747252746,0.1026121043836614,0.0136636051814903,62.0,459.76,7.415483870967741,0.0722066565315173,0.0097372818534758,59.0,351.8,5.96271186440678,0.0552512218718196,0.0092661230541141,190.0,19421.76,102.2197894736842,3.050244374363935,0.0298400572929099,2.0,2.64,1.32,0.0004146197434383,0.0003141058662411,17.0,49.04,2.8847058823529412,0.0077018758402331,0.0026698998630498,115.0,636.4,5.533913043478261,0.0999484866379364,0.0180610873088665,10.0,96.4,9.64,0.0151399027528238,0.0015705293312057,8.0,60.48,7.56,0.0094985613951326,0.0012564234649646,107.0,559.6,5.229906542056075,0.0878868213742759,0.0168046638439019,1.0,2.44,2.44,0.0003832091568142,0.0001570529331205,3.0,3.0,1.0,20.4,19.0,1.0736842105263158,0.0004711587993617,0.0004711587993617,0.0032038798356598,0.002984005729291,0.1282051282051282,0.8717948717948718,0.1363636363636363,0.8636363636363636,213.57694408158991,6278,0.0340199018925756,0.0087854748095882,1.9770207978889192,0.0319405671713889,0.9859783141309946,380909.0,239833.66666666663,19659.0,0.6296350746941307,0.0516107521744038,17268.0,3940.0,20410.0,16421.0,951.0,0.0,2388.0,3287.0,16317.0,3940.0,18022.0,13134.0,0.0550729673384294,0.9449270326615704,0.0,1.0,0.1170014698677119,0.8829985301322881,0.20017051336703,0.7998294866329699
2,active,3,green,18,12-18,135.0,744.48,5.514666666666667,9768.04,11831.96,345.0,28.313159420289857,0.0629211052099567,0.0114097748809157,47.0,182.6,3.8851063829787233,0.0154327769870756,0.003972291995578,47.0,861.08,18.32085106382979,0.0727757700330292,0.003972291995578,266.0,19016.32,71.48992481203007,1.607199483433007,0.0224814823579525,6.0,11.6,1.9333333333333331,0.000980395471249,0.0005071011058184,103.0,365.08,3.5444660194174755,0.030855411952035,0.0087052356498838,309.0,2535.96,8.206990291262136,0.2143313533852379,0.0261157069496516,14.0,131.52,9.394285714285717,0.011115656239541,0.0011832359135764,21.0,84.96,4.045714285714285,0.0071805516583896,0.0017748538703646,150.0,689.48,4.596533333333333,0.0582726784066207,0.0126775276454619,9.0,23.64,2.626666666666667,0.0019979783569248,0.0007606516587277,49.8,48.0,1.0375,1.6,2.0,0.8,0.0042089391782933,0.0040568088465478,0.0001352269615515,0.0001690337019394,0.9688715953307392,0.0311284046692607,0.96,0.04,479.6373511031909,11537,0.0415738364482266,0.0081991757786888,2.0593208110000054,0.0379480003870327,0.9750709096379636,244546.0,147499.3333333333,20564.0,0.6031557798260176,0.0840905187572072,72938.0,5447.0,26186.0,18747.0,3994.0,34.0,6155.0,4929.0,68944.0,5413.0,20031.0,13818.0,0.0547588362719021,0.945241163728098,0.0062419680558105,0.9937580319441894,0.2350492629649431,0.7649507370350569,0.2629220675308049,0.7370779324691951
2,active,3,green,24,18-24,105.0,1316.44,12.53752380952381,10708.68,10891.32,243.0,44.06864197530864,0.1208705648167531,0.0096407047079692,25.0,82.72,3.3087999999999997,0.0075950389851735,0.0022954058828498,28.0,137.88,4.924285714285714,0.0126596225250933,0.0025708545887918,229.0,18588.36,81.17187772925764,1.706713235861218,0.0210259178869044,3.0,3.96,1.32,0.0003635922918434,0.0002754487059419,35.0,146.96,4.198857142857143,0.0134933139417444,0.0032135682359897,218.0,1838.92,8.435412844036698,0.1688427114436083,0.0200159392984505,15.0,95.28,6.352,0.0087482509007172,0.0013772435297098,13.0,128.6,9.892307692307693,0.0118075678613795,0.0011936110590819,184.0,926.76,5.036739130434783,0.0850916142395963,0.0168941872977747,30.0,75.2,2.506666666666667,0.0069045808956122,0.0027544870594197,38.2,38.0,1.0052631578947369,0.0,0.0,0.0,0.0035073801889945,0.0034890169419317,0.0,0.0,1.0,0.0,1.0,0.0,359.253211105788,10693,0.0335970458342642,0.0063868812097913,2.033136631343402,0.0301402403077162,0.9817910042125289,267960.0,176596.66666666666,6598.0,0.6590411504204607,0.0246230780713539,49900.0,5625.0,5568.0,33016.0,2049.0,0.0,1093.0,2867.0,47851.0,5625.0,4475.0,30149.0,0.0410621242484969,0.958937875751503,0.0,1.0,0.1963002873563218,0.8036997126436781,0.0868366852435183,0.9131633147564816
2,active,3,red,18,12-18,123.0,1195.92,9.722926829268292,10687.84,10912.16,131.0,81.58656488549619,0.109595167226287,0.0112718288588143,90.0,587.92,6.532444444444444,0.0538775091274321,0.008247679652791,91.0,977.76,10.744615384615384,0.0896027917479215,0.008339320537822,253.0,18286.92,72.2803162055336,1.6758295332913005,0.0231851439128458,15.0,43.08,2.872,0.0039478893271359,0.0013746132754651,80.0,290.32,3.629,0.0266051817422031,0.0073312708024809,434.0,2168.4,4.9963133640552995,0.1987140951012448,0.0397721441034589,22.0,90.68,4.121818181818182,0.0083099954546121,0.0020160994706822,20.0,171.08,8.554,0.0156779226111054,0.0018328177006202,152.0,638.8,4.2026315789473685,0.05854019735781,0.0139294145247137,17.0,41.44,2.4376470588235293,0.0037975982756851,0.0015578950455271,1.6,2.0,0.8,24.0,21.0,1.1428571428571428,0.0001466254160496,0.000183281770062,0.0021993812407442,0.0019244585856512,0.0625,0.9375,0.0869565217391304,0.9130434782608696,339.0949741839486,10775,0.0314705312467701,0.0084237742461081,2.0946127285220153,0.0287072672482857,0.9874305362091466,267327.0,151275.99999999997,27854.0,0.5658837304125658,0.1041944883981041,61982.0,6586.0,39323.0,30021.0,4660.0,235.0,11017.0,7243.0,57322.0,6351.0,28306.0,22778.0,0.0751831176793262,0.9248168823206736,0.0356817491648952,0.9643182508351048,0.2801668234875263,0.7198331765124736,0.2412644482195796,0.7587355517804204
2,active,3,red,24,18-24,93.0,863.36,9.283440860215054,12329.44,9270.56,77.0,160.12259740259742,0.0931292176524395,0.0100317564418977,53.0,245.68,4.635471698113208,0.0265010959424241,0.0057170224883933,53.0,462.68,8.729811320754717,0.0499085276401857,0.0057170224883933,181.0,19380.52,107.07469613259669,2.0905446920142907,0.0195241711396075,6.0,12.28,2.0466666666666664,0.0013246233237258,0.0006472100930256,38.0,132.28,3.4810526315789474,0.0142688251842391,0.0040989972558292,556.0,2099.84,3.7766906474820146,0.2265062736231684,0.0599748019537115,11.0,83.08,7.552727272727273,0.0089617024214286,0.0011865518372137,16.0,128.0,8.0,0.0138071486512141,0.0017258935814017,143.0,623.76,4.361958041958042,0.067283961270948,0.0154251738837783,7.0,16.56,2.3657142857142857,0.0017862998567508,0.0007550784418632,2.2,1.0,2.2,17.8,17.0,1.0470588235294118,0.0002373103674427,0.0001078683488376,0.0019200566093094,0.0018337619302393,0.11,0.89,0.0555555555555555,0.9444444444444444,243.73703857210936,9193,0.0265133295520623,0.0061293277307943,2.1292729234321026,0.0240190047931739,0.991633730864155,308313.0,199377.99999999997,16831.0,0.6466739968797941,0.0545906270575681,56397.0,5304.0,17815.0,21677.0,2230.0,0.0,2262.0,4763.0,54167.0,5304.0,15553.0,16914.0,0.0395411103427487,0.9604588896572512,0.0,1.0,0.1269716531013191,0.8730283468986809,0.2197259768418139,0.7802740231581861
2,active,3,yellow,18,12-18,172.0,1134.2,6.594186046511628,10221.08,11378.92,191.0,53.51350785340314,0.0996755403852035,0.0151156700284385,92.0,667.04,7.250434782608696,0.0586206775335444,0.0080851258291648,120.0,820.84,6.840333333333334,0.0721368987566482,0.0105458162989106,360.0,18230.64,50.64066666666667,1.6021415037630988,0.0316374488967318,1.0,1.2,1.2,0.0001054581629891,8.788180249092181e-05,90.0,378.12,4.201333333333333,0.0332298671578673,0.0079093622241829,130.0,768.72,5.913230769230769,0.0675564992108214,0.0114246343238198,48.0,363.72,7.577500000000001,0.031964369201998,0.0042183265195642,10.0,19.8,1.98,0.0017400596893202,0.0008788180249092,136.0,814.32,5.98764705882353,0.0715639094044074,0.0119519251387653,3.0,6.36,2.12,0.0005589282638422,0.0002636454074727,3.8,4.0,0.95,7.6,9.0,0.8444444444444444,0.0003339508494655,0.0003515272099636,0.000667901698931,0.0007909362224182,0.3333333333333333,0.6666666666666667,0.3076923076923077,0.6923076923076923,441.16169931871224,11206,0.0393683472531422,0.0132292378940668,2.052661100710947,0.0355675558118702,0.9848034787132698,255718.0,160055.99999999997,16222.0,0.6259082270313391,0.0634370673945518,28891.0,9646.0,37409.0,28527.0,3001.0,149.0,10264.0,7036.0,25890.0,9497.0,27145.0,21491.0,0.1038731784984943,0.8961268215015057,0.0154468173336097,0.9845531826663902,0.2743724772113662,0.7256275227886337,0.2466435306902233,0.7533564693097767
2,active,3,yellow,24,18-24,75.0,525.12,7.0016,17144.4,4455.5999999999985,145.0,118.23724137931036,0.1178561809857258,0.016832749798007,39.0,274.24,7.031794871794872,0.0615495107280725,0.0087530298949636,29.0,200.16,6.902068965517241,0.0449232426609211,0.0065086632552293,137.0,20086.92,146.61985401459853,4.508241314301105,0.0307478229643594,,,,,,15.0,50.24,3.3493333333333335,0.0112756979980249,0.0033665499596014,42.0,350.0,8.333333333333334,0.0785528323906993,0.0094263398868839,11.0,112.76,10.250909090909092,0.0253074782296436,0.0024688033037076,3.0,12.0,4.0,0.0026932399676811,0.0006733099919202,55.0,301.72,5.485818181818182,0.0677170302540623,0.0123440165185384,2.0,4.44,2.22,0.000996498788042,0.0004488733279468,0.8,1.0,0.8,6.0,7.0,0.8571428571428571,0.0001795493311787,0.0002244366639734,0.0013466199838405,0.0015710566478139,0.1176470588235294,0.8823529411764706,0.125,0.875,164.13976334257077,4346,0.0377680081322068,0.0115984648514861,2.04506742865957,0.0344225590524907,0.9754017416285128,428755.0,264781.6666666666,13063.0,0.6175593676264222,0.030467283180371,10063.0,3133.0,11928.0,13203.0,710.0,0.0,1561.0,2467.0,9353.0,3133.0,10367.0,10736.0,0.0705555003478088,0.9294444996521912,0.0,1.0,0.1308685446009389,0.869131455399061,0.1868514731500416,0.8131485268499583
2,active,4,blue,18,12-18,50.0,505.16,10.1032,15741.4,5858.6,95.0,165.69894736842105,0.0862253780766736,0.0085344621581947,51.0,346.76,6.7992156862745095,0.0591882019595125,0.0087051514013586,45.0,351.24,7.805333333333333,0.0599528897688867,0.0076810159423753,139.0,20160.32,145.03827338129497,3.4411497627419516,0.0237258047997815,4.0,8.68,2.17,0.0014815826306626,0.0006827569726555,72.0,349.04,4.847777777777778,0.0595773734339261,0.0122896255078004,18.0,73.88,4.104444444444444,0.0126105212849486,0.0030724063769501,25.0,206.6,8.264,0.0352643976376608,0.0042672310790973,18.0,96.72,5.373333333333333,0.016509063598812,0.0030724063769501,60.0,490.08,8.168,0.083651384289762,0.0102413545898337,1.0,2.64,2.64,0.0004506196019526,0.0001706892431638,0.8,1.0,0.8,5.8,6.0,0.9666666666666668,0.0001365513945311,0.0001706892431638,0.0009899976103505,0.0010241354589833,0.1212121212121212,0.8787878787878788,0.1428571428571428,0.8571428571428571,159.0080944043859,5768,0.027567284050691,0.0070674433538447,2.0077332532829923,0.0269295276233296,0.9845355545693508,393630.0,177039.66666666663,97344.0,0.4497616204726942,0.2472982242207148,10663.0,7626.0,17546.0,12679.0,3415.0,330.0,1957.0,1653.0,7248.0,7296.0,15589.0,11026.0,0.3202663415549095,0.6797336584450905,0.043273013375295,0.956726986624705,0.1115353926820927,0.8884646073179072,0.1303730578121303,0.8696269421878697
2,active,4,blue,24,18-24,69.0,850.64,12.328115942028983,13635.32,7964.68,79.0,172.59898734177216,0.1068015287494287,0.0086632482409839,44.0,313.64,7.128181818181818,0.0393788576565536,0.0055243901826564,52.0,439.4,8.45,0.0551685692331644,0.0065288247613212,178.0,19447.96,109.258202247191,2.4417754385612476,0.0223486693752919,1.0,2.56,2.56,0.0003214190651727,0.0001255543223331,166.0,983.36,5.923855421686747,0.1234650984094778,0.0208420175072947,57.0,368.52,6.465263157894737,0.0462692788661942,0.0071565963729867,23.0,149.76,6.511304347826086,0.0188030153126051,0.0028877494136613,20.0,109.28,5.464,0.0137205763445612,0.002511086446662,119.0,612.32,5.145546218487396,0.0768794226510041,0.0149409643576389,7.0,14.68,2.097142857142857,0.0018431374518499,0.0008788802563317,3.0,3.0,1.0,5.8,6.0,0.9666666666666668,0.0003766629669993,0.0003766629669993,0.0007282150695319,0.0007533259339986,0.3409090909090909,0.6590909090909091,0.3333333333333333,0.6666666666666666,210.63974094887553,7875,0.0267479036125556,0.0059497282438031,2.016582617927648,0.0254036887982047,0.9887402883731676,340962.0,233067.0,29365.0,0.6835571119362275,0.0861239668936714,34020.0,6519.0,18922.0,21335.0,4441.0,155.0,1290.0,3460.0,29579.0,6364.0,17632.0,17875.0,0.1305408583186361,0.869459141681364,0.0237766528608682,0.9762233471391316,0.0681746115632597,0.9318253884367405,0.1621748300913991,0.8378251699086009
2,active,4,green,18,12-18,129.0,857.76,6.649302325581395,13633.52,7966.48,539.0,25.29410018552876,0.1076711420853375,0.0161928480332593,48.0,233.6,4.866666666666666,0.0293228627951115,0.0060252457798174,21.0,120.72,5.748571428571428,0.0151534931362408,0.0026360450286701,169.0,19992.56,118.29917159763316,2.50958516182806,0.0212138861831072,5.0,13.08,2.616,0.0016418794750002,0.0006276297687309,139.0,774.6,5.572661870503597,0.0972324037718038,0.0174481075707213,36.0,224.4,6.233333333333333,0.0281680240206465,0.004518934334863,14.0,107.44,7.674285714285714,0.0134865084704913,0.0017573633524467,16.0,61.08,3.8175,0.0076671252548176,0.0020084152599391,84.0,376.4,4.480952380952381,0.0472479689900683,0.0105441801146805,2.0,4.72,2.36,0.000592482501682,0.0002510519074923,28.2,30.0,0.94,0.8,1.0,0.8,0.0035398318956427,0.0037657786123858,0.0001004207629969,0.0001255259537461,0.9724137931034482,0.0275862068965517,0.967741935483871,0.032258064516129,387.6986405357545,7504,0.0516655970863212,0.0113441206723934,1.9892726466537007,0.048764975029905,0.941946756911459,341377.0,173181.3333333333,39751.0,0.5073022884767671,0.1164431112816622,25150.0,4243.0,8927.0,21573.0,5343.0,157.0,1733.0,5620.0,19807.0,4086.0,7194.0,15953.0,0.2124453280318091,0.7875546719681908,0.0370021211407023,0.9629978788592976,0.194130166909376,0.805869833090624,0.2605108237148287,0.7394891762851713
2,active,4,green,24,18-24,87.0,813.56,9.351264367816093,13849.92,7750.08,303.0,45.70930693069307,0.1049744002642553,0.0112256905735166,35.0,170.8,4.88,0.0220384821834097,0.0045160824146331,23.0,92.2,4.008695652173913,0.011896651389405,0.0029677113010446,166.0,19976.44,120.34,2.5775785540278293,0.0214191337379743,6.0,20.76,3.4600000000000004,0.0026786820265081,0.0007741855567942,125.0,898.36,7.18688,0.1159162228002807,0.0161288657665469,59.0,633.44,10.736271186440678,0.0817333498492918,0.0076128246418101,14.0,92.16,6.582857142857143,0.0118914901523597,0.0018064329658532,12.0,84.6,7.05,0.0109160163507989,0.0015483711135885,91.0,461.4,5.07032967032967,0.059534869317478,0.0117418142780461,4.0,10.56,2.64,0.0013625665799578,0.0005161237045295,19.4,20.0,0.97,0.0,0.0,0.0,0.002503199966968,0.0025806185226475,0.0,0.0,1.0,0.0,1.0,0.0,364.7547659188375,7486,0.0487249219768684,0.0083497030545895,2.0409817231246414,0.0476124282873546,0.9659255130269624,346551.0,231515.3333333333,8490.0,0.6680555916252826,0.0244985586537046,38479.0,4445.0,6633.0,20426.0,6142.0,364.0,1138.0,2988.0,32337.0,4081.0,5495.0,17438.0,0.1596195327321396,0.8403804672678604,0.0818897637795275,0.9181102362204724,0.1715664103723805,0.8284335896276195,0.1462841476549495,0.8537158523450504
2,active,4,red,18,12-18,107.0,920.24,8.6003738317757,3649.32,17950.68,57.0,64.02315789473684,0.0512649102986627,0.0059607769733514,106.0,792.2,7.473584905660378,0.0441320328812056,0.0059050687773387,41.0,190.36,4.642926829268293,0.0106046121929642,0.0022840360365178,224.0,19276.56,86.05607142857143,1.0738623829292262,0.0124786359068291,6.0,9.68,1.6133333333333333,0.0005392553374022,0.0003342491760757,1016.0,9997.36,9.83992125984252,0.5569348904888283,0.0565995271488322,27.0,147.16,5.45037037037037,0.0081980181252186,0.001504121292341,19.0,102.2,5.378947368421053,0.0056933776324908,0.0010584557242399,22.0,171.72,7.805454545454546,0.0095662114192888,0.0012255803122778,206.0,858.44,4.1671844660194175,0.0478221437850822,0.0114758883786018,48.0,123.2,2.566666666666667,0.006863249748756,0.0026739934086062,1.6,2.0,0.8,16.0,16.0,1.0,8.913311362020827e-05,0.0001114163920252,0.000891331136202,0.000891331136202,0.0909090909090909,0.9090909090909092,0.1111111111111111,0.8888888888888888,369.5012693068678,17892,0.0206517588479134,0.005434870081624,2.088863362474696,0.0196265523337324,0.9967310430579788,91290.0,71718.33333333333,3218.0,0.7856099609303684,0.0352503012378135,254656.0,6889.0,24711.0,23113.0,13832.0,31.0,2661.0,3090.0,240824.0,6858.0,22050.0,20023.0,0.0543164111585825,0.9456835888414176,0.0044999274205254,0.9955000725794744,0.1076848367123952,0.8923151632876047,0.1336909964089473,0.8663090035910527
2,active,4,red,24,18-24,94.0,1123.44,11.951489361702128,13069.44,8530.56,59.0,221.51593220338984,0.1316959261760072,0.0110192062420286,48.0,294.44,6.134166666666666,0.0345159051691799,0.0056268287193337,43.0,250.92,5.835348837209302,0.0294142471303173,0.0050407007277365,161.0,19185.08,119.16198757763976,2.2489824818065873,0.018873321329432,1.0,1.48,1.48,0.0001734938855127,0.0001172255983194,288.0,1478.04,5.132083333333333,0.1732641233400855,0.0337609723160027,49.0,212.92,4.34530612244898,0.0249596743941781,0.0057440543176532,13.0,69.32,5.332307692307692,0.0081260784755045,0.0015239327781528,15.0,154.88,10.325333333333331,0.018155900667717,0.0017583839747918,114.0,630.0,5.526315789473684,0.0738521269412559,0.0133637182084177,25.0,60.32,2.4128,0.0070710480906294,0.0029306399579863,1.8,2.0,0.9,5.0,5.0,1.0,0.000211006076975,0.0002344511966389,0.0005861279915972,0.0005861279915972,0.2647058823529412,0.7352941176470589,0.2857142857142857,0.7142857142857143,251.13993096633791,8468,0.029657526094277,0.0065273356690312,2.0518932765043485,0.0280423537318125,0.992666366569135,326795.0,230065.6666666667,18973.0,0.7040060792443785,0.0580578038219679,42611.0,5633.0,13725.0,28180.0,7870.0,176.0,1229.0,4877.0,34741.0,5457.0,12496.0,23303.0,0.1846940930745582,0.8153059069254418,0.0312444523344576,0.9687555476655424,0.0895446265938069,0.9104553734061932,0.1730660042583392,0.8269339957416607
2,active,4,yellow,18,12-18,100.0,1019.28,10.1928,10675.0,10925.0,119.0,89.70588235294117,0.0932979405034324,0.0091533180778032,67.0,363.4,5.423880597014925,0.0332631578947368,0.0061327231121281,43.0,276.24,6.424186046511628,0.0252851258581235,0.0039359267734553,239.0,19472.36,81.47430962343097,1.78236704805492,0.0218764302059496,10.0,17.76,1.7760000000000002,0.0016256292906178,0.0009153318077803,182.0,788.6,4.332967032967033,0.072183066361556,0.0166590389016018,66.0,607.44,9.203636363636363,0.0556009153318077,0.0060411899313501,27.0,204.08,7.558518518518519,0.0186800915331807,0.0024713958810068,25.0,247.16,9.8864,0.0226233409610983,0.0022883295194508,155.0,768.76,4.959741935483871,0.0703670480549199,0.0141876430205949,13.0,31.6,2.430769230769231,0.0028924485125858,0.0011899313501144,3.0,3.0,1.0,11.0,13.0,0.8461538461538461,0.000274599542334,0.000274599542334,0.0010068649885583,0.0011899313501144,0.2142857142857142,0.7857142857142857,0.1875,0.8125,336.357125830049,10816,0.0310981070478965,0.0075645499715128,2.155355331854669,0.0300024453579758,0.9900228832951944,266994.0,164240.0,7906.0,0.6151449096234373,0.0296111523105388,35149.0,11333.0,16101.0,25582.0,10427.0,244.0,2869.0,5011.0,24722.0,11089.0,13232.0,20571.0,0.2966513983328117,0.7033486016671883,0.0215300450013235,0.9784699549986764,0.1781876902055773,0.8218123097944227,0.195879915565632,0.8041200844343679
2,active,4,yellow,24,18-24,60.0,512.0,8.533333333333333,14605.88,6994.120000000001,142.0,102.85830985915491,0.0732043487958456,0.0085786346245131,35.0,191.52,5.472,0.027383001721446,0.005004203530966,27.0,154.4,5.718518518518518,0.0220756864337472,0.0038603855810309,118.0,20686.6,175.3101694915254,2.957713050390899,0.0168713147615425,7.0,17.2,2.457142857142857,0.0024592085923604,0.0010008407061932,111.0,1060.2,9.551351351351352,0.1515844738151475,0.0158704740553493,91.0,666.16,7.32043956043956,0.0952457206910947,0.0130109291805116,11.0,176.48,16.043636363636363,0.025232623975568,0.0015727496811607,21.0,271.36,12.921904761904765,0.0387983048617981,0.0030025221185796,70.0,291.04,4.157714285714286,0.0416120970186385,0.010008407061932,6.0,15.36,2.56,0.0021961304638753,0.0008578634624513,2.0,2.0,1.0,15.4,16.0,0.9625,0.0002859544874837,0.0002859544874837,0.002201849553625,0.0022876358998701,0.1149425287356322,0.885057471264368,0.1111111111111111,0.8888888888888888,204.96558409648765,6863,0.0298653043998962,0.0057184992786959,2.186499503821976,0.0287167664266597,0.9812528238005638,365289.0,246724.66666666663,4361.0,0.6754232037281895,0.0119384925360468,43361.0,11228.0,8710.0,12860.0,3342.0,381.0,1472.0,3421.0,40019.0,10847.0,7238.0,9439.0,0.0770738682225963,0.9229261317774036,0.0339330245814036,0.9660669754185964,0.1690011481056257,0.8309988518943743,0.2660186625194401,0.7339813374805598
2,active,5,blue,18,12-18,123.0,1070.52,8.703414634146341,10204.8,11395.2,119.0,85.75462184873949,0.0939448188711036,0.0107940185341196,88.0,541.76,6.156363636363636,0.0475428250491434,0.007722549845549,102.0,638.28,6.25764705882353,0.0560130581297388,0.0089511373209772,270.0,18778.68,69.55066666666667,1.64794650379107,0.0236941870261162,2.0,3.6,1.8,0.0003159224936815,0.0001755124964897,325.0,1505.12,4.631138461538461,0.1320836843583263,0.0285207806795843,64.0,441.72,6.901875,0.0387636899747262,0.005616399887672,15.0,99.72,6.648,0.0087510530749789,0.0013163437236731,29.0,245.04,8.449655172413793,0.0215037910699241,0.0025449311991013,148.0,623.52,4.212972972972973,0.0547177759056444,0.0129879247402415,22.0,52.28,2.3763636363636365,0.004587896658242,0.0019306374613872,11.6,10.0,1.16,5.6,5.0,1.12,0.0010179724796405,0.0008775624824487,0.0004914349901713,0.0004387812412243,0.6744186046511628,0.3255813953488372,0.6666666666666666,0.3333333333333333,322.96196382761264,11269,0.028659327697898,0.0068288148681006,2.107626159434433,0.0270777593293364,0.9889251614714968,255239.0,129045.0,40357.0,0.5055849615458452,0.1581145514596123,49060.0,8663.0,29691.0,26886.0,8039.0,202.0,5853.0,5391.0,41021.0,8461.0,23838.0,21495.0,0.1638605788830004,0.8361394211169996,0.0233175574281426,0.9766824425718572,0.1971304435687582,0.8028695564312418,0.2005132782860968,0.7994867217139031
2,active,5,blue,24,18-24,72.0,651.96,9.055,13866.0,7734.0,62.0,223.6451612903226,0.0842979053529868,0.0093095422808378,60.0,355.88,5.931333333333333,0.046014998707008,0.0077579519006982,50.0,257.36,5.147200000000001,0.0332764416860615,0.0064649599172485,170.0,19752.2,116.18941176470588,2.553943625549522,0.0219808637186449,,,,,,186.0,1197.4,6.437634408602151,0.1548228600982674,0.0240496508921644,67.0,595.04,8.881194029850747,0.0769381949831911,0.008663046289113,10.0,83.88,8.388,0.0108456167571761,0.0012929919834497,23.0,151.76,6.598260869565217,0.0196224463408326,0.0029738815619343,106.0,453.0,4.273584905660377,0.0585725368502715,0.0137057150245668,10.0,23.12,2.3120000000000003,0.0029893974657357,0.0012929919834497,9.6,9.0,1.0666666666666669,6.4,5.0,1.28,0.0012412723041117,0.0011636927851047,0.0008275148694078,0.0006464959917248,0.6,0.4,0.6428571428571429,0.3571428571428571,206.59176249105235,7671,0.0269315294604422,0.0057840693462013,2.105732273174256,0.0254489685998925,0.9918541505042668,346712.0,279720.0,7496.0,0.8067791135005422,0.0216202496596598,45064.0,5924.0,15441.0,16371.0,15477.0,266.0,1657.0,3956.0,29587.0,5658.0,13784.0,12415.0,0.3434448783951713,0.6565551216048287,0.0449020931802835,0.9550979068197164,0.1073117026099345,0.8926882973900654,0.2416468144890355,0.7583531855109645
2,active,5,green,18,12-18,103.0,915.24,8.885825242718447,10493.76,11106.24,205.0,51.18907317073171,0.0824077275477569,0.0092740657504249,79.0,388.84,4.922025316455696,0.0350109487999538,0.0071131183911026,104.0,682.12,6.5588461538461535,0.0614177255308727,0.00936410522373,280.0,18579.84,66.35657142857143,1.6729190076929727,0.0252110525254271,3.0,5.56,1.8533333333333333,0.0005006194715763,0.0002701184199152,190.0,1582.92,8.331157894736842,0.1425252830841041,0.0171074999279684,24.0,75.64,3.151666666666667,0.0068105857607975,0.0021609473593223,28.0,216.32,7.725714285714285,0.0194773388653585,0.0025211052525427,24.0,166.44,6.935,0.0149861699369003,0.0021609473593223,154.0,684.28,4.443376623376623,0.0616122107932117,0.0138660788889849,14.0,33.56,2.3971428571428572,0.003021724724119,0.0012605526262713,1.6,2.0,0.8,9.4,9.0,1.0444444444444445,0.0001440631572881,0.0001800789466101,0.0008463710490679,0.0008103552597458,0.1454545454545454,0.8545454545454546,0.1818181818181818,0.8181818181818182,353.2020994711405,10958,0.032232350745678,0.0079880585821913,2.0224078493163904,0.0314061084081005,0.9866525484772524,262549.0,144238.66666666666,16854.0,0.5493780843448905,0.0641937314558425,41678.0,9621.0,26957.0,22984.0,5874.0,160.0,4185.0,4723.0,35804.0,9461.0,22772.0,18261.0,0.1409376649551322,0.8590623350448678,0.0166302879118594,0.9833697120881404,0.1552472456133842,0.8447527543866157,0.2054907761921336,0.7945092238078664
2,active,5,green,24,18-24,56.0,431.12,7.698571428571428,15167.88,6432.120000000001,153.0,99.13647058823528,0.0670261126969024,0.0087063052306238,32.0,165.24,5.16375,0.0256898192197906,0.0049750315603564,46.0,248.64,5.4052173913043475,0.0386559952239696,0.0071516078680124,138.0,20309.56,147.17072463768116,3.157521936779786,0.0214548236040372,,,,,,128.0,1598.56,12.48875,0.2485277015976069,0.0199001262414258,39.0,283.52,7.269743589743589,0.0440787796247582,0.0060633197141844,15.0,150.0,10.0,0.0233204604391709,0.002332046043917,11.0,73.28,6.661818181818182,0.0113928222732162,0.0017101670988725,118.0,475.12,4.026440677966102,0.0738667810923925,0.0183454288788144,14.0,38.44,2.7457142857142856,0.0059762566618781,0.0021765763076559,3.2,2.0,1.6,4.0,4.0,1.0,0.0004975031560356,0.0003109394725222,0.0006218789450445,0.0006218789450445,0.4444444444444445,0.5555555555555556,0.3333333333333333,0.6666666666666666,218.52256664337384,6328,0.0345326432748694,0.0063740167239303,2.1031607062826154,0.0324924756528255,0.98381249106049,379350.0,288716.0,25348.0,0.7610807960985897,0.0668195597732964,47219.0,5608.0,10425.0,10834.0,10396.0,117.0,1227.0,2021.0,36823.0,5491.0,9198.0,8813.0,0.2201656113005358,0.7798343886994642,0.0208630527817403,0.9791369472182596,0.1176978417266187,0.8823021582733813,0.1865423666235924,0.8134576333764076
2,active,5,red,18,12-18,78.0,1319.8,16.92051282051282,10140.16,11459.84,121.0,83.80297520661156,0.1151674019881603,0.0068063777504747,54.0,429.8,7.95925925925926,0.0375048866301798,0.0047121076734055,59.0,484.44,8.210847457627118,0.0422728415056405,0.0051484139394616,215.0,18021.0,83.81860465116279,1.5725350441192896,0.018761169440411,6.0,13.48,2.2466666666666666,0.0011762816932871,0.0005235675192672,236.0,1657.4,7.022881355932204,0.1446268010722662,0.0205936557578465,35.0,447.84,12.795428571428571,0.0390790796381101,0.0030541438623924,13.0,118.28,9.09846153846154,0.0103212610298224,0.0011343962917457,15.0,173.04,11.536,0.0150996872556684,0.0013089187981682,157.0,788.44,5.021910828025478,0.0688002624818496,0.0137000167541606,25.0,59.84,2.3936,0.005221713392159,0.0021815313302803,3.0,3.0,1.0,6.0,7.0,0.8571428571428571,0.0002617837596336,0.0002617837596336,0.0005235675192672,0.0006108287724784,0.3333333333333333,0.6666666666666666,0.3,0.7,255.57064735216417,11354,0.0225093048575096,0.0057005820048135,2.082242171897735,0.0215040391320849,0.990764268960125,253625.0,137759.33333333334,26587.0,0.5431614917036307,0.1048279940857565,52902.0,7311.0,22969.0,33073.0,9735.0,223.0,5642.0,6707.0,43167.0,7088.0,17327.0,26366.0,0.1840195077690824,0.8159804922309175,0.0305019833128163,0.9694980166871836,0.2456354216552745,0.7543645783447255,0.2027938197321077,0.7972061802678923
2,active,5,red,24,18-24,36.0,408.08,11.335555555555556,14964.92,6635.08,64.0,233.826875,0.0615034031240015,0.0054257069997648,34.0,334.24,9.830588235294115,0.0503746752111504,0.0051242788331112,26.0,299.64,11.524615384615384,0.045159967928043,0.0039185661664968,132.0,19686.04,149.13666666666668,2.966963472934765,0.0198942589991379,3.0,5.52,1.84,0.0008319417399639,0.0004521422499804,58.0,678.6,11.7,0.1022745769455681,0.0087414168329545,66.0,1118.28,16.94363636363636,0.1685405451026966,0.0099471294995689,5.0,32.76,6.552,0.004937393369786,0.000753570416634,13.0,124.2,9.553846153846154,0.0187186891491888,0.0019592830832484,92.0,528.0,5.739130434782608,0.0795770359965516,0.0138656956660658,19.0,43.92,2.311578947368421,0.0066193625397131,0.0028635675832092,0.8,1.0,0.8,2.6,2.0,1.3,0.0001205712666614,0.0001507140833268,0.0003918566166496,0.0003014281666536,0.2352941176470588,0.7647058823529411,0.3333333333333333,0.6666666666666666,145.16319751583416,6574,0.022081411243662,0.00454680440344,2.0523453758896686,0.0209549939382724,0.990794383790399,374187.0,292077.0,16981.0,0.780564263322884,0.0453810527891134,45046.0,3942.0,15907.0,10238.0,15747.0,308.0,1535.0,2242.0,29299.0,3634.0,14372.0,7996.0,0.3495759889890334,0.6504240110109666,0.0781329274479959,0.921867072552004,0.0964983969321682,0.9035016030678318,0.2189880836100801,0.78101191638992
2,active,5,yellow,18,12-18,106.0,1225.4,11.560377358490566,10518.16,11081.84,227.0,46.33550660792952,0.1105773048519018,0.009565198559084,58.0,352.12,6.071034482758621,0.0317745067606101,0.0052337878908195,67.0,626.48,9.35044776119403,0.0565321282386318,0.0060459273911191,240.0,18560.72,77.33633333333334,1.674877096222288,0.0216570533413223,6.0,11.04,1.84,0.0009962244537008,0.000541426333533,168.0,1805.28,10.745714285714286,0.1629043552334269,0.0151599373389256,36.0,620.84,17.245555555555555,0.0560231874851107,0.0032485580011983,19.0,224.64,11.82315789473684,0.0202710019274777,0.0017145167228546,17.0,184.84,10.872941176470588,0.0166795405817084,0.0015340412783436,156.0,699.2,4.482051282051282,0.0630942154010525,0.0140770846718595,26.0,63.48,2.441538461538461,0.0057282906087797,0.0023461807786432,10.8,10.0,1.08,6.0,4.0,1.5,0.0009745674003595,0.000902377222555,0.000541426333533,0.000360950889022,0.6428571428571429,0.3571428571428571,0.7142857142857143,0.2857142857142857,321.70459415074413,10880,0.0295684369623845,0.0055527815175387,2.109044469548967,0.0281210113219123,0.9817864181399478,263181.0,129461.66666666666,42733.0,0.4919111435349309,0.1623711438135731,60857.0,10273.0,24590.0,30741.0,9488.0,201.0,2892.0,5002.0,51369.0,10072.0,21698.0,25739.0,0.1559064692640123,0.8440935307359877,0.0195658522340114,0.9804341477659884,0.1176087840585603,0.8823912159414397,0.1627142903614065,0.8372857096385934
2,active,5,yellow,24,18-24,60.0,721.44,12.024,15488.64,6111.360000000001,94.0,164.7727659574468,0.1180490103675777,0.009817781966698,25.0,233.24,9.3296,0.0381649910985443,0.0040907424861242,22.0,145.0,6.590909090909091,0.0237263064195203,0.0035998533877892,109.0,20163.12,184.98275229357796,3.299285265472824,0.0178356372395015,2.0,3.76,1.88,0.000615247669913,0.0003272593988899,62.0,819.32,13.21483870967742,0.1340650853492512,0.010145041365588,51.0,1171.04,22.96156862745098,0.1916169232380353,0.0083451146716933,4.0,64.0,16.0,0.0104723007644779,0.0006545187977798,11.0,115.12,10.465454545454548,0.0188370510001047,0.0017999266938946,87.0,372.6,4.2827586206896555,0.0609684260131951,0.0142357838517122,13.0,33.48,2.575384615384615,0.0054783223374175,0.0021271860927845,5.8,5.0,1.16,6.4,6.0,1.0666666666666669,0.0009490522567808,0.0008181484972248,0.0010472300764477,0.0009817781966698,0.4754098360655738,0.5245901639344263,0.4545454545454545,0.5454545454545454,168.19636597257093,6038,0.0278563044008895,0.0053996541618062,2.1160516824254727,0.0256993587086722,0.987996125248717,387310.0,308451.0,10652.0,0.7963930701505254,0.0275025173633523,49872.0,4493.0,9503.0,18096.0,14532.0,159.0,1615.0,3521.0,35340.0,4334.0,7888.0,14575.0,0.291385948026949,0.708614051973051,0.0353883819274426,0.9646116180725574,0.1699463327370304,0.8300536672629696,0.1945733863837312,0.8054266136162688
2,active,6,blue,18,12-18,66.0,563.56,8.538787878787877,11904.72,9695.28,111.0,107.24972972972972,0.0581272536739526,0.0068074361957571,88.0,1127.96,12.817727272727272,0.1163411474449422,0.0090765815943428,63.0,429.2,6.8126984126984125,0.0442689638669538,0.0064980072777681,248.0,18299.0,73.78629032258064,1.8874132567599904,0.0255794572204206,2.0,7.92,3.96,0.0008168923434908,0.0002062859453259,109.0,975.24,8.947155963302752,0.1005891526598509,0.0112425840202655,88.0,601.08,6.830454545454546,0.0619971780082679,0.0090765815943428,19.0,149.44,7.865263157894737,0.0154136858347567,0.0019597164805967,12.0,60.72,5.06,0.0062628413000965,0.0012377156719558,123.0,566.28,4.60390243902439,0.058407802559596,0.0126865856375473,8.0,18.68,2.335,0.0019267107293445,0.0008251437813038,1.8,2.0,0.9,6.0,6.0,1.0,0.0001856573507933,0.0002062859453259,0.0006188578359779,0.0006188578359779,0.2307692307692307,0.7692307692307693,0.25,0.75,273.12783552830933,9580,0.028510212476859,0.0070513554624304,2.1067135821233816,0.0288885292809639,0.9881096781114108,297729.0,223602.66666666663,11536.0,0.7510275004002521,0.0387466454393089,39605.0,5285.0,39080.0,14155.0,19025.0,179.0,8110.0,4005.0,20580.0,5106.0,30970.0,10150.0,0.4803686403231915,0.5196313596768085,0.0338694418164616,0.9661305581835384,0.2075230296827021,0.7924769703172978,0.2829388908512893,0.7170611091487107
2,active,6,blue,24,18-24,70.0,770.0,11.0,11479.68,10120.32,121.0,94.87338842975208,0.0760845506861443,0.006916777335104,93.0,1400.84,15.062795698924733,0.1384185480301018,0.0091894327452096,29.0,248.84,8.580689655172414,0.0245881553152469,0.0028655220388288,224.0,18044.44,80.55553571428571,1.7829910516663503,0.0221336874723328,1.0,1.0,1.0,9.88111047872004e-05,9.88111047872004e-05,79.0,861.84,10.909367088607596,0.0851593625498008,0.0078060772781888,114.0,493.92,4.332631578947368,0.048804780876494,0.0112644659457408,15.0,141.6,9.44,0.0139916524378675,0.001482166571808,11.0,34.84,3.1672727272727275,0.003442578890786,0.0010869221526592,142.0,620.88,4.372394366197183,0.0613498387402769,0.0140311768797824,8.0,19.96,2.495,0.0019722696515525,0.0007904888382976,7.8,8.0,0.975,10.8,10.0,1.08,0.0007707266173401,0.0007904888382976,0.0010671599317017,0.000988111047872,0.4193548387096774,0.5806451612903226,0.4444444444444444,0.5555555555555556,264.8012295738312,9690,0.0273272682738731,0.0069581477577577,2.086351352843477,0.0267994341666773,0.957479605387972,287113.0,218237.66666666663,13225.0,0.7601107113459392,0.0460620034620515,34087.0,4437.0,41364.0,19320.0,13414.0,102.0,6766.0,5926.0,20673.0,4335.0,34598.0,13394.0,0.3935224572417637,0.6064775427582363,0.0229885057471264,0.9770114942528736,0.1635721883763659,0.8364278116236341,0.3067287784679089,0.6932712215320911
2,active,6,green,18,12-18,69.0,555.4,8.04927536231884,11118.2,10481.8,182.0,61.089010989010994,0.0529870823713484,0.0065828388253925,80.0,527.6,6.595000000000001,0.0503348661489438,0.0076322768990058,27.0,174.2,6.451851851851852,0.0166192829475853,0.0025758934534144,189.0,19515.4,103.25608465608468,1.861836707435746,0.0180312541739014,,,,,,228.0,3015.04,13.223859649122806,0.2876452517697342,0.0217519891621668,145.0,2059.36,14.20248275862069,0.1964700719342098,0.0138335018794481,15.0,107.84,7.189333333333334,0.0102883092598599,0.0014310519185636,27.0,144.32,5.345185185185185,0.0137686275258066,0.0025758934534144,161.0,660.28,4.1011180124223605,0.0629929973859451,0.0153599572592493,11.0,27.52,2.501818181818182,0.002625503253258,0.0010494380736133,0.0,0.0,0.0,4.2,5.0,0.8400000000000001,0.0,0.0,0.0004006945371978,0.0004770173061878,0.0,1.0,0.0,1.0,287.9516003902191,10356,0.0278052916560659,0.0062797435077464,2.1111717563055308,0.0272106335912524,0.9879982445763132,278137.0,216638.0,8170.0,0.7788895400468114,0.0293740135257085,127214.0,6346.0,17652.0,13954.0,54961.0,365.0,5294.0,3101.0,72253.0,5981.0,12358.0,10853.0,0.4320357822252267,0.5679642177747732,0.0575165458556571,0.9424834541443428,0.2999093587128937,0.7000906412871063,0.2222301848932205,0.7777698151067794
2,active,6,green,24,18-24,94.0,763.68,8.124255319148936,10361.08,11238.92,163.0,63.56490797546012,0.0679495894623326,0.0083637929623131,81.0,636.72,7.860740740740741,0.0566531303719574,0.0072070981909293,20.0,119.76,5.988,0.0106558281400703,0.0017795304175134,230.0,18608.48,80.9064347826087,1.6557178091845124,0.0204645998014044,9.0,37.6,4.177777777777778,0.0033455171849252,0.000800788687881,121.0,1336.48,11.045289256198346,0.1189153406199172,0.0107661590259562,182.0,1489.72,8.185274725274725,0.1325501026789051,0.0161937267993721,12.0,155.64,12.97,0.0138483057090894,0.001067718250508,16.0,121.56,7.5975,0.0108159858776466,0.0014236243340107,142.0,706.08,4.972394366197183,0.062824541859894,0.0126346659643453,30.0,70.64,2.3546666666666667,0.0062853014346574,0.0026692956262701,9.4,10.0,0.94,12.8,13.0,0.9846153846153848,0.0008363792962313,0.0008897652087567,0.0011388994672085,0.0011566947713837,0.4234234234234234,0.5765765765765766,0.4347826086956521,0.5652173913043478,384.0981327820716,10805,0.0355481844314735,0.007994138764645,2.099361329844879,0.0335310556255125,0.9613913080616286,259190.0,203694.0,12353.0,0.7858868011883174,0.0476600177475982,70958.0,6958.0,19013.0,19186.0,22384.0,248.0,3780.0,5753.0,48574.0,6710.0,15233.0,13433.0,0.3154542123509681,0.6845457876490318,0.0356424259844782,0.9643575740155216,0.1988113396097407,0.8011886603902593,0.2998540602522673,0.7001459397477328
2,active,6,red,18,12-18,76.0,630.0,8.289473684210526,13918.2,7681.799999999999,68.0,204.6794117647059,0.0820120284308365,0.0098935145408628,48.0,383.72,7.9941666666666675,0.0499518342055247,0.0062485354994923,48.0,231.76,4.828333333333333,0.0301700122367153,0.0062485354994923,170.0,19203.08,112.95929411764708,2.4998151474914736,0.0221302298940352,,,,,,89.0,441.72,4.963146067415731,0.0575021479340779,0.0115858262386419,140.0,1194.68,8.533428571428573,0.1555208414694472,0.0182248952068525,20.0,116.84,5.8420000000000005,0.0152099768283475,0.0026035564581217,21.0,155.4,7.4,0.0202296336796063,0.0027337342810278,111.0,527.28,4.75027027027027,0.0686401624619229,0.0144497383425759,8.0,19.56,2.445,0.0025462782160431,0.0010414225832487,6.0,6.0,1.0,1.8,2.0,0.9,0.0007810669374365,0.0007810669374365,0.0002343200812309,0.0002603556458121,0.7692307692307693,0.2307692307692307,0.75,0.25,212.23837280650548,7616,0.0278674334042155,0.0078913381985239,2.0969068008806726,0.026374710598561,0.9914342992527794,348023.0,237130.3333333333,41942.0,0.681363971155163,0.1205150234323593,41139.0,6847.0,15483.0,15826.0,21208.0,409.0,4647.0,5397.0,19931.0,6438.0,10836.0,10429.0,0.515520552273998,0.4844794477260021,0.0597341901562728,0.9402658098437272,0.3001356326293354,0.6998643673706646,0.3410211045115632,0.6589788954884368
2,active,6,red,24,18-24,70.0,952.08,13.601142857142856,13371.16,8228.84,76.0,175.9363157894737,0.1157003903344821,0.008506666796292,33.0,246.16,7.459393939393939,0.0299143014082179,0.0040102857753948,33.0,166.04,5.031515151515151,0.0201778136408047,0.0040102857753948,144.0,19137.0,132.89583333333334,2.325601178294875,0.0174994288380865,,,,,,140.0,1232.96,8.806857142857144,0.1498339984736609,0.0170133335925841,88.0,635.08,7.216818181818183,0.0771773421284166,0.0106940954010528,17.0,153.6,9.03529411764706,0.0186660574272923,0.0020659047933852,15.0,133.12,8.874666666666666,0.0161772497703199,0.001822857170634,122.0,450.52,3.692786885245902,0.0547489075009357,0.0148259049878233,12.0,27.68,2.306666666666666,0.0033637790988766,0.0014582857365072,8.6,8.0,1.075,9.0,9.0,1.0,0.0010451047778301,0.0009721904910048,0.0010937143023804,0.0010937143023804,0.4886363636363636,0.5113636363636364,0.4705882352941176,0.5294117647058824,206.3691230417256,7843,0.026312523656984,0.0063562770088518,2.1132985067007106,0.0237870225418128,0.953111252618838,334355.0,229234.0,42566.0,0.6856006340566164,0.1273078015881323,46929.0,7200.0,10371.0,23872.0,13973.0,66.0,3324.0,4181.0,32956.0,7134.0,7047.0,19691.0,0.297747661360779,0.702252338639221,0.0091666666666666,0.9908333333333332,0.3205091119467746,0.6794908880532253,0.1751424262734584,0.8248575737265416
2,active,6,yellow,18,12-18,110.0,794.64,7.224,9807.12,11792.88,128.0,76.618125,0.0673830311170808,0.0093276621147675,63.0,493.68,7.836190476190477,0.0418625475710767,0.0053422064839123,52.0,327.68,6.3015384615384615,0.0277862574706093,0.0044094402724355,212.0,19529.92,92.1222641509434,1.656077226258556,0.0179769488030065,2.0,3.2,1.6,0.0002713501706114,0.0001695938566321,164.0,2646.0,16.134146341463413,0.2243726723243177,0.0139066962438352,148.0,2745.56,18.55108108108108,0.2328150545074655,0.0125499453907781,30.0,126.24,4.208,0.0107047642306205,0.002543907849482,34.0,177.2,5.211764705882352,0.0150260156976073,0.0028830955627463,154.0,571.88,3.7135064935064936,0.0484936673653933,0.0130587269606745,11.0,27.96,2.541818181818182,0.0023709221157172,0.0009327662114767,5.0,6.0,0.8333333333333334,0.8,1.0,0.8,0.0004239846415803,0.0005087815698964,6.783754265285495e-05,8.479692831606869e-05,0.8620689655172414,0.1379310344827586,0.8571428571428571,0.1428571428571428,301.0263296635823,11677,0.0257794236245253,0.0059788350944101,2.1708919780397915,0.0244490600333833,0.990173731946734,245306.0,201165.66666666663,6366.0,0.8200601153932909,0.0259512608741734,135101.0,7650.0,20649.0,19976.0,51802.0,461.0,5973.0,3455.0,83299.0,7189.0,14676.0,16521.0,0.3834316548360116,0.6165683451639884,0.0602614379084967,0.9397385620915032,0.2892634025860816,0.7107365974139184,0.1729575490588706,0.8270424509411294
2,active,6,yellow,24,18-24,116.0,714.28,6.157586206896552,10930.16,10669.84,132.0,82.80424242424242,0.0669438342093227,0.0108717656497192,68.0,416.92,6.131176470588236,0.0390746252989735,0.0063731040015595,46.0,247.72,5.385217391304348,0.0232168429892107,0.0043112174128196,203.0,19196.04,94.56177339901478,1.799093519677896,0.0190255898870086,2.0,3.32,1.66,0.0003111574306643,0.0001874442353399,113.0,2345.08,20.7529203539823,0.2197858637055476,0.0105905992967092,101.0,1043.88,10.335445544554457,0.0978346441933524,0.0094659338846693,23.0,114.28,4.968695652173913,0.0107105636073268,0.0021556087064098,26.0,157.68,6.064615384615385,0.0147781035142045,0.0024367750594198,136.0,564.8,4.152941176470588,0.0529342520600121,0.012746208003119,9.0,20.48,2.2755555555555556,0.0019194289698814,0.0008434990590299,10.8,10.0,1.08,4.0,4.0,1.0,0.0010121988708359,0.0009372211766999,0.0003748884706799,0.0003748884706799,0.7297297297297297,0.2702702702702702,0.7142857142857143,0.2857142857142857,317.9846314835576,10224,0.0311017832045733,0.0074126829297639,2.146445639678876,0.0294613465209329,0.9582149310580104,273386.0,218222.99999999997,8098.0,0.7982230253195115,0.0296211217838514,84938.0,6848.0,16730.0,17973.0,22910.0,256.0,5750.0,5105.0,62028.0,6592.0,10980.0,12868.0,0.2697261531940945,0.7302738468059055,0.0373831775700934,0.9626168224299064,0.3436939629408249,0.6563060370591751,0.2840371668614032,0.7159628331385968
2,active,7,blue,18,12-18,82.0,932.72,11.374634146341464,8017.2,13582.8,112.0,71.58214285714286,0.0686691992814441,0.0060370468533733,57.0,326.6,5.729824561403509,0.0240451158818505,0.0041964837883205,104.0,611.48,5.879615384615385,0.0450187001207409,0.0076567423506199,253.0,18814.04,74.36379446640316,1.3851370851370852,0.0186264982183349,3.0,4.92,1.64,0.0003622228112024,0.0002208675678063,451.0,2555.0,5.665188470066519,0.1881055452484024,0.0332037576935536,32.0,116.04,3.62625,0.0085431575227493,0.0023559207232676,23.0,213.6,9.28695652173913,0.0157257708278116,0.0016933180198486,24.0,290.12,12.088333333333331,0.0213593662573254,0.0017669405424507,172.0,864.76,5.027674418604651,0.0636658126454044,0.0126630738875636,25.0,72.52,2.9008,0.0053391053391053,0.0018405630650528,0.0,0.0,0.0,23.2,18.0,1.2888888888888888,0.0,0.0,0.001708042524369,0.001325205406838,0.0,1.0,0.0,1.0,330.32716084675,13461,0.0245395706742998,0.0058969999313629,2.0963760116485526,0.022725077646469,0.9910327767470624,200542.0,112448.33333333331,20767.0,0.5607221097492461,0.1035543676636315,67259.0,12640.0,23613.0,23400.0,10532.0,601.0,3449.0,4325.0,56727.0,12039.0,20164.0,19075.0,0.1565887093177121,0.8434112906822878,0.0475474683544303,0.9524525316455696,0.1460636090289247,0.8539363909710752,0.1848290598290598,0.8151709401709402
2,active,7,blue,24,18-24,30.0,247.4,8.246666666666666,13314.84,8285.16,97.0,137.2663917525773,0.0298606182620492,0.0036209318830294,34.0,322.56,9.487058823529413,0.0389322596063322,0.0041037228007666,62.0,391.72,6.3180645161290325,0.0472797145740094,0.0074832592249274,149.0,19515.32,130.9753020134228,2.3554548131840543,0.0179839616857127,,,,,,267.0,1559.92,5.842397003745319,0.1882788020991749,0.0322262937589618,59.0,243.56,4.128135593220339,0.0293971389810214,0.0071211660366245,12.0,85.2,7.1000000000000005,0.0102834465478035,0.0014483727532117,11.0,135.96,12.36,0.0164100632938893,0.0013276750237774,110.0,467.76,4.252363636363636,0.0564575699201946,0.0132767502377745,23.0,53.2,2.3130434782608695,0.0064211192059054,0.0027760477769892,0.0,0.0,0.0,28.2,22.0,1.2818181818181815,0.0,0.0,0.0034036759700476,0.0026553500475549,0.0,1.0,0.0,1.0,225.8814163043169,7663,0.0294768910745552,0.005844038985383,2.118926436889231,0.0273968457295025,0.9249067006551472,332968.0,263798.0,11509.0,0.7922623195021744,0.0345648831118906,45413.0,5552.0,17953.0,6215.0,15247.0,109.0,3406.0,1544.0,30166.0,5443.0,14547.0,4671.0,0.3357408671525774,0.6642591328474226,0.0196325648414985,0.9803674351585014,0.1897175959449674,0.8102824040550326,0.2484312148028962,0.7515687851971038
2,active,7,green,18,12-18,67.0,805.52,12.02268656716418,11317.56,10282.44,448.0,25.26241071428571,0.0783393824812009,0.0065159631371542,26.0,205.76,7.913846153846153,0.020010814553744,0.0025285827099404,86.0,836.16,9.722790697674418,0.0813192199516846,0.0083637735790337,222.0,19147.04,86.24792792792793,1.8621105496360784,0.0215902062156453,9.0,12.04,1.3377777777777775,0.0011709283010647,0.0008752786303639,183.0,1168.4,6.384699453551913,0.1136306168574774,0.0177973321507346,49.0,208.04,4.2457142857142856,0.0202325518067695,0.0047654058764262,10.0,89.0,8.9,0.0086555331224884,0.0009725318115155,22.0,183.12,8.323636363636364,0.0178090025324728,0.0021395699853342,105.0,600.04,5.714666666666666,0.0583557988181793,0.0102115840209133,13.0,28.16,2.166153846153846,0.0027386495812278,0.0012642913549702,5.6,6.0,0.9333333333333332,11.0,10.0,1.1,0.0005446178144487,0.0005835190869093,0.0010697849926671,0.0009725318115155,0.3373493975903614,0.6626506024096385,0.375,0.625,340.7250999115332,9954,0.0342299678432321,0.0074314182221512,2.128260408827242,0.0327553669065573,0.968058165182583,283387.0,128996.33333333331,55491.0,0.4551949571904615,0.1958134988549227,34643.0,6835.0,26160.0,20205.0,6451.0,295.0,4253.0,4848.0,28192.0,6540.0,21907.0,15357.0,0.1862136650982882,0.8137863349017117,0.0431602048280907,0.9568397951719092,0.1625764525993883,0.8374235474006116,0.2399406087602078,0.7600593912397922
2,active,7,green,24,18-24,40.0,425.04,10.626,14099.08,7500.92,217.0,64.97271889400922,0.0566650490873119,0.0053326791913525,15.0,261.16,17.410666666666668,0.0348170624403406,0.0019997546967571,64.0,710.2,11.096875,0.0946817190424641,0.008532286706164,152.0,19356.2,127.34342105263158,2.580510124091445,0.0202641809271396,1.0,1.24,1.24,0.0001653130549319,0.0001333169797838,48.0,458.16,9.545,0.0610805074577518,0.006399215029623,160.0,1142.24,7.139,0.1522799869882627,0.0213307167654101,6.0,20.76,3.4600000000000004,0.0027676605003119,0.0007999018787028,24.0,197.96,8.248333333333333,0.0263914293180036,0.0031996075148115,96.0,383.16,3.99125,0.0510817339739658,0.012798430059246,7.0,18.12,2.5885714285714285,0.0024157036736826,0.0009332188584866,0.8,1.0,0.8,4.8,5.0,0.96,0.000106653583827,0.0001333169797838,0.0006399215029623,0.000666584898919,0.1428571428571428,0.8571428571428572,0.1666666666666666,0.8333333333333334,224.1443571924844,6811,0.0329091700473475,0.0066360604540474,2.111280788210013,0.0312503520628925,0.9080219493075516,352694.0,267118.3333333333,20039.0,0.7573656862133558,0.0568169574758856,40218.0,5498.0,24363.0,10666.0,9281.0,261.0,4802.0,1886.0,30937.0,5237.0,19561.0,8780.0,0.2307673181162663,0.7692326818837336,0.0474718079301564,0.9525281920698436,0.1971021631162008,0.8028978368837992,0.176823551471967,0.823176448528033
2,active,7,red,18,12-18,106.0,1308.32,12.342641509433962,10420.76,11179.24,90.0,115.78622222222222,0.1170312114240324,0.0094818610209638,34.0,216.8,6.376470588235295,0.019393089333443,0.0030413516482336,95.0,611.4,6.435789473684211,0.054690658756767,0.0084978943112411,251.0,18030.48,71.83458167330677,1.6128538254836644,0.0224523312854898,6.0,16.52,2.7533333333333334,0.0014777390949653,0.0005367091143941,211.0,1979.72,9.38255924170616,0.1770889613247412,0.018874270522862,37.0,268.84,7.265945945945945,0.0240481463856219,0.0033097062054307,26.0,195.0,7.5,0.0174430462178108,0.0023257394957081,23.0,146.08,6.351304347826088,0.0130670779051169,0.002057384938511,165.0,771.92,4.67830303030303,0.0690494165971926,0.0147595006458399,24.0,68.56,2.856666666666667,0.0061327961471441,0.0021468364575767,50.6,43.0,1.1767441860465118,3.8,4.0,0.95,0.0045262468647242,0.0038464153198249,0.0003399157724496,0.0003578060762627,0.9301470588235294,0.0698529411764705,0.9148936170212766,0.0851063829787234,350.64591345864875,11093,0.0316096559504776,0.006792824602898,2.059408586824909,0.0300081650649278,0.9922857009957744,260609.0,132295.3333333333,23905.0,0.5076391580234502,0.0917274537717423,56462.0,8576.0,20834.0,32814.0,8408.0,166.0,2819.0,4802.0,48054.0,8410.0,18015.0,28012.0,0.1489143140519287,0.8510856859480713,0.019356343283582,0.980643656716418,0.135307670154555,0.864692329845445,0.146339976839154,0.853660023160846
2,active,7,red,24,18-24,55.0,563.76,10.25018181818182,12523.84,9076.16,83.0,150.88963855421687,0.0621143743609632,0.0060598314705778,38.0,222.84,5.86421052631579,0.0245522335437013,0.0041867926523992,64.0,453.92,7.0925,0.0500123400204491,0.0070514402566724,202.0,18934.04,93.73287128712872,2.0861289355850934,0.0222561083101223,2.0,7.4,3.7,0.0008153227796777,0.000220357508021,130.0,1114.68,8.57446153846154,0.1228140535204315,0.0143232380213658,99.0,714.52,7.217373737373737,0.0787249233155872,0.0109076966470401,15.0,94.68,6.312,0.0104317244297147,0.0016526813101575,24.0,179.4,7.475,0.0197660684694848,0.0026442900962521,133.0,528.72,3.975338345864662,0.058253710820435,0.0146537742833973,16.0,40.88,2.555,0.0045041074639495,0.0017628600641681,35.6,30.0,1.1866666666666668,0.8,1.0,0.8,0.003922363642774,0.0033053626203151,8.814300320840533e-05,0.0001101787540105,0.978021978021978,0.0219780219780219,0.967741935483871,0.032258064516129,253.77877063229795,8463,0.0299868569812475,0.0067018949111745,2.072903990007943,0.0285132586821972,0.9324427951909178,313179.0,257390.66666666663,6670.0,0.821864386394575,0.0212977243046308,45959.0,6891.0,17021.0,14149.0,12505.0,117.0,2861.0,1003.0,33454.0,6774.0,14160.0,13146.0,0.27209034139124,0.72790965860876,0.0169786678276012,0.9830213321723988,0.1680864814053228,0.8319135185946772,0.0708884020072089,0.929111597992791
2,active,7,yellow,18,12-18,87.0,495.16,5.6914942528735635,8490.92,13109.08,168.0,50.54119047619048,0.0377722921822126,0.0066366213342202,84.0,351.76,4.187619047619047,0.0268333094313254,0.0064077723226954,184.0,884.44,4.806739130434783,0.0674677399176753,0.0140360727068566,281.0,19675.0,70.01779359430606,1.5008681005837174,0.0214355240794929,5.0,8.64,1.7280000000000002,0.0006590851531915,0.000381415019208,349.0,3601.04,10.318166189111748,0.2746981481537987,0.0266227683407226,32.0,153.16,4.78625,0.0116835048683813,0.0024410561229315,65.0,298.32,4.589538461538462,0.0227567457060297,0.0049583952497047,27.0,135.88,5.032592592592592,0.0103653345619982,0.0020596411037235,147.0,700.48,4.765170068027211,0.0534347185309724,0.0112136015647169,10.0,23.4,2.34,0.0017850222898937,0.0007628300384161,0.8,1.0,0.8,19.0,18.0,1.0555555555555556,6.1026403073289665e-05,7.628300384161207e-05,0.0014493770729906,0.001373094069149,0.0404040404040404,0.9595959595959596,0.0526315789473684,0.9473684210526316,464.86064466484623,12949,0.0358993470279439,0.007812094690562,2.1084104357446094,0.0344869580936524,0.9877886167450348,212441.0,108726.66666666666,22173.0,0.5117970008927969,0.1043725081316695,94236.0,10947.0,31173.0,12466.0,10382.0,484.0,3406.0,2565.0,83854.0,10463.0,27767.0,9901.0,0.1101702109597181,0.8898297890402819,0.0442130263999269,0.955786973600073,0.1092612196452057,0.8907387803547943,0.2057596662923151,0.7942403337076849
2,active,7,yellow,24,18-24,42.0,198.24,4.720000000000001,13447.44,8152.56,124.0,108.44709677419355,0.0243162883805822,0.0051517560128352,57.0,239.44,4.200701754385965,0.0293699157074587,0.0069916688745621,83.0,462.84,5.5763855421686745,0.0567723512614442,0.010180851168222,161.0,20051.12,124.54111801242236,2.459487572001923,0.0197483980492017,1.0,1.24,1.24,0.000152099463236,0.0001226608574484,109.0,1400.64,12.849908256880736,0.171803703376608,0.0133700334618819,98.0,514.96,5.254693877551021,0.0631654351516578,0.0120207640299488,24.0,70.6,2.9416666666666664,0.0086598565358611,0.0029438605787629,20.0,93.84,4.692,0.0115104948629632,0.0024532171489691,74.0,360.52,4.871891891891892,0.044221692327318,0.0090769034511858,6.0,13.6,2.2666666666666666,0.001668187661299,0.0007359651446907,7.8,6.0,1.3,10.4,9.0,1.1555555555555557,0.0009567546880979,0.0007359651446907,0.0012756729174639,0.0011039477170361,0.4285714285714286,0.5714285714285715,0.4,0.6,283.08270352363485,7503,0.037729268762313,0.0076592781720947,2.0625149626189634,0.0353659069568503,0.9203244134357796,336310.0,260916.99999999997,15611.0,0.7758229014896969,0.0464184829472807,48097.0,4155.0,17697.0,4998.0,12218.0,229.0,4165.0,1525.0,35879.0,3926.0,13532.0,3473.0,0.2540283177744973,0.7459716822255026,0.0551143200962695,0.9448856799037304,0.2353506243996157,0.7646493756003843,0.3051220488195278,0.6948779511804722
2,active,8,blue,18,12-18,,,,,,,,,,,,,,,,,,,,,,,,,,,,,,,,,,,,,,,,,,,,,,,,,,,,,,,,,,,,,,,,,,,,,,,,,,0.4271080891931322,1,0.4271080891931322,0.4271080891931322,,,,,,,,,,,,,,,,,,,,,,,,,,,,
2,active,8,blue,24,18-24,,,,,,,,,,,,,,,,,,,,,,,,,,,,,,,,,,,,,,,,,,,,,,,,,,,,,,,,,,,,,,,,,,,,,,,,,,0.0,0,,,,,,,,,,,,,,,,,,,,,,,,,,,,,,
2,active,8,green,18,12-18,51.0,298.92,5.861176470588235,14925.24,6674.76,277.0,53.88173285198556,0.0447836326699387,0.0076407241608687,42.0,289.6,6.895238095238096,0.0433873277840701,0.0062923610736565,59.0,364.32,6.174915254237288,0.0545817377703468,0.0088392691272794,148.0,20352.12,137.51432432432432,3.0491163727235135,0.0221730818785993,6.0,9.16,1.5266666666666666,0.0013723339865403,0.000898908724808,110.0,738.08,6.709818181818182,0.1105777586010583,0.0164799932881481,183.0,961.88,5.256174863387978,0.1441070540363998,0.0274167161066465,17.0,77.52,4.56,0.0116139007245204,0.0025469080536229,19.0,124.72,6.564210526315789,0.018685316026344,0.0028465442952255,76.0,365.68,4.811578947368421,0.0547854904146366,0.0113861771809023,6.0,13.72,2.286666666666666,0.0020555046173944,0.000898908724808,0.0,0.0,0.0,1.0,1.0,1.0,0.0,0.0,0.0001498181208013,0.0001498181208013,0.0,1.0,0.0,1.0,268.14357937755693,6454,0.0415468824570122,0.0089742980869911,2.0318751904194277,0.0398678853142337,0.9669261516518944,373408.0,176357.66666666663,46044.0,0.4722921487131144,0.1233074813608706,42792.0,5092.0,16449.0,7524.0,13803.0,344.0,3145.0,831.0,28989.0,4748.0,13304.0,6693.0,0.3225602916432978,0.6774397083567022,0.0675569520816967,0.9324430479183032,0.1911970332543011,0.8088029667456988,0.1104465709728867,0.8895534290271132
2,active,8,green,24,18-24,50.0,396.2,7.924,14984.8,6615.200000000001,280.0,53.51714285714286,0.0598923690893699,0.0075583504655943,27.0,120.8,4.474074074074074,0.018260974724876,0.0040815092514209,54.0,224.8,4.162962962962963,0.0339823436933123,0.0081630185028419,94.0,19611.36,208.63148936170217,2.964590639738783,0.0142096988753174,6.0,11.76,1.96,0.0017777240295078,0.0009070020558713,33.0,546.68,16.566060606060603,0.0826399806506228,0.0049885113072922,192.0,1278.16,6.6570833333333335,0.1932156246220824,0.0290240657878824,12.0,79.64,6.636666666666667,0.0120389406215987,0.0018140041117426,16.0,89.76,5.61,0.013568750755835,0.0024186721489902,75.0,302.12,4.028266666666667,0.0456705768533075,0.0113375256983915,9.0,19.76,2.195555555555556,0.0029870601040029,0.0013605030838069,0.0,0.0,0.0,0.8,1.0,0.8,0.0,0.0,0.0001209336074495,0.0001511670093118,0.0,1.0,0.0,1.0,219.3460076983872,5333,0.0411299470651391,0.0067760281524419,2.076080147324289,0.0381039677520177,0.8061736606602974,374900.0,171964.3333333333,42379.0,0.4586938739219346,0.1130408108829021,45846.0,4263.0,8721.0,9955.0,12953.0,30.0,1968.0,843.0,32893.0,4233.0,6753.0,9112.0,0.2825328272913667,0.7174671727086332,0.0070372976776917,0.9929627023223082,0.2256621947024424,0.7743378052975576,0.084681064791562,0.915318935208438
2,active,8,red,18,12-18,51.0,479.32,9.39843137254902,12025.28,9574.72,59.0,203.8183050847458,0.0500609939507369,0.0053265265198355,30.0,309.4,10.313333333333333,0.0323142608870024,0.0031332508940209,41.0,490.2,11.956097560975609,0.0511973196083018,0.0042821095551619,187.0,19394.08,103.7116577540107,2.0255506166237764,0.019530597239397,2.0,8.64,4.32,0.000902376257478,0.0002088833929347,292.0,1868.68,6.399589041095891,0.1951681093546338,0.0304969753684703,119.0,565.72,4.753949579831933,0.0590847565255172,0.0124285618796163,28.0,200.64,7.1657142857142855,0.0209551819792119,0.0029243675010861,17.0,66.4,3.905882352941177,0.0069349286454329,0.0017755088399451,133.0,525.52,3.9512781954887215,0.0548862003275291,0.0138907456301594,24.0,61.84,2.5766666666666667,0.0064586745095417,0.0025066007152167,0.0,0.0,0.0,6.4,7.0,0.9142857142857144,0.0,0.0,0.0006684268573911,0.0007310918752715,0.0,1.0,0.0,1.0,223.82374138707925,9516,0.0235207798851491,0.0049209892205333,2.032216373799384,0.0230217771642206,0.9938671835834364,300691.0,155501.99999999997,35894.0,0.5171488338526925,0.1193717138191698,61271.0,6721.0,20061.0,12034.0,15254.0,281.0,2125.0,2473.0,46017.0,6440.0,17936.0,9561.0,0.2489595404024742,0.7510404595975257,0.041809254575212,0.958190745424788,0.1059269228852001,0.8940730771147999,0.2055010802725611,0.7944989197274389
2,active,8,red,24,18-24,53.0,669.44,12.630943396226415,11664.8,9935.2,117.0,99.69914529914529,0.0673806264594572,0.0053345680006441,28.0,173.72,6.204285714285715,0.0174853047749416,0.0028182623399629,30.0,204.08,6.802666666666667,0.0205411063692728,0.0030195667928174,153.0,18647.6,121.87973856209148,1.87692245752476,0.015399790643369,2.0,10.04,5.02,0.0010105483533295,0.0002013044528544,110.0,1432.52,13.02290909090909,0.1441863274015621,0.0110717449069973,199.0,819.48,4.117989949748744,0.0824824865126016,0.0200297930590224,28.0,148.0,5.285714285714286,0.0148965295112327,0.0028182623399629,13.0,96.56,7.427692307692308,0.0097189789838151,0.0013084789435542,145.0,592.48,4.086068965517241,0.0596344311136162,0.014594572831951,17.0,46.2,2.7176470588235295,0.0046501328609388,0.0017110878492632,0.8,1.0,0.8,14.0,14.0,1.0,8.052178114179885e-05,0.0001006522264272,0.0014091311699814,0.0014091311699814,0.054054054054054,0.945945945945946,0.0666666666666666,0.9333333333333332,195.442522433905,8733,0.0223797689721636,0.0042959494991971,2.1031907476612024,0.0214471582492791,0.8789958933891617,291737.0,151349.99999999997,21059.0,0.5187891834083437,0.0721848788463581,56609.0,6155.0,9503.0,16789.0,10510.0,93.0,1359.0,1330.0,46099.0,6062.0,8144.0,15459.0,0.185659524103941,0.814340475896059,0.0151096669374492,0.9848903330625508,0.1430074713248448,0.8569925286751552,0.0792185359461552,0.9207814640538448
2,active,8,yellow,18,12-18,44.0,427.0,9.704545454545457,12080.56,9519.44,143.0,84.47944055944056,0.0448555797399847,0.0046221206289445,52.0,320.32,6.16,0.0336490381787163,0.0054625061978435,62.0,410.84,6.626451612903225,0.0431580008908087,0.0065129881589673,163.0,20045.56,122.97889570552148,2.105749918062407,0.0171228559663173,,,,,,68.0,769.36,11.314117647058824,0.0808198801610178,0.0071432773356415,242.0,2536.92,10.483140495867769,0.2664988696814098,0.025421663459195,22.0,154.04,7.001818181818181,0.0161816241291504,0.0023110603144722,31.0,185.36,5.9793548387096775,0.01947173363139,0.0032564940794836,123.0,482.48,3.922601626016261,0.0506836536602993,0.0129209281218222,16.0,38.36,2.3975,0.0040296488028707,0.001680771137798,7.4,8.0,0.925,0.0,0.0,0.0,0.0007773566512315,0.000840385568899,0.0,0.0,1.0,0.0,1.0,0.0,270.8014698828241,9389,0.0288424187754632,0.0054687421176351,2.154556696470693,0.0262503124880862,0.9862975132991016,302157.0,163936.99999999997,12055.0,0.5425556912466035,0.0398964776589653,82967.0,8538.0,18393.0,10719.0,20753.0,293.0,2843.0,2850.0,62214.0,8245.0,15550.0,7869.0,0.2501355960803693,0.7498644039196307,0.0343171702974935,0.9656828297025064,0.1545696732452563,0.8454303267547436,0.265883011474951,0.734116988525049
2,active,8,yellow,24,18-24,55.0,488.72,8.885818181818182,11799.68,9800.32,116.0,101.72137931034484,0.0498677594201005,0.0056120616469666,44.0,270.4,6.145454545454545,0.0275909358061777,0.0044896493175733,56.0,312.88,5.587142857142857,0.0319254881473258,0.0057140991314569,161.0,19145.84,118.91826086956522,1.9535933520538105,0.0164280350029386,,,,,,61.0,1299.4,21.301639344262295,0.1325875073466988,0.0062242865539084,138.0,796.36,5.77072463768116,0.0812585711486972,0.0140811728596617,28.0,233.44,8.337142857142856,0.0238196303794161,0.0028570495657284,24.0,122.4,5.1000000000000005,0.012489388101613,0.0024488996277672,114.0,463.08,4.062105263157894,0.0472515183177692,0.0116322732318944,18.0,43.24,2.4022222222222225,0.0044121008293606,0.0018366747208254,14.8,15.0,0.9866666666666668,0.8,1.0,0.8,0.0015101547704564,0.0015305622673545,8.162998759224189e-05,0.0001020374844903,0.9487179487179488,0.0512820512820512,0.9375,0.0625,270.3227161257827,8607,0.0314073098786781,0.0059675194397061,2.1127212126851975,0.0278207237480919,0.8782366290080325,295108.0,149184.3333333333,30927.0,0.5055245311321053,0.1047989210729631,52593.0,8948.0,14682.0,12273.0,4436.0,101.0,2707.0,1633.0,48157.0,8847.0,11975.0,10640.0,0.0843458254900842,0.9156541745099158,0.0112874385337505,0.9887125614662494,0.1843754256913227,0.8156245743086773,0.1330563024525381,0.8669436975474619
2,inactive,1,blue,6,0-6,3.0,38.48,12.826666666666666,20834.88,765.119999999999,41.0,508.1678048780488,0.0502927645336679,0.0039209535759096,6.0,23.64,3.94,0.0308971141781681,0.0078419071518193,6.0,33.8,5.633333333333333,0.0441760769552489,0.0078419071518193,28.0,21472.8,766.8857142857142,28.064617314931027,0.0365955667084902,,,,,,4.0,9.56,2.39,0.0124947720618988,0.0052279381012128,16.0,53.36,3.335,0.0697406942701799,0.0209117524048515,1.0,12.6,12.6,0.0164680050188206,0.0013069845253032,,,,,,10.0,31.96,3.196,0.0417712254286909,0.0130698452530322,,,,,,,,,,,,,,,,,,,,23.302108837899823,728,0.0320083912608514,0.0060354460137756,2.012248610872252,0.031472927353803,0.9514847344207458,520913.0,482632.0,1565.0,0.9265117207671916,0.0030043404560838,1593.0,316.0,1448.0,965.0,149.0,0.0,65.0,0.0,1444.0,316.0,1383.0,965.0,0.0935342121782799,0.90646578782172,0.0,1.0,0.0448895027624309,0.955110497237569,0.0,1.0
2,inactive,1,blue,12,6-12,,,,20386.04,1213.9599999999991,30.0,679.5346666666667,,,2.0,13.8,6.9,0.0113677551154898,0.0016475007413753,4.0,18.84,4.71,0.0155194569837556,0.0032950014827506,22.0,21511.48,977.7945454545454,17.720089624040344,0.0181225081551286,,,,,,36.0,301.52,8.375555555555556,0.2483772117697454,0.029655013344756,8.0,35.04,4.38,0.0288642129888958,0.0065900029655013,3.0,13.84,4.613333333333333,0.0114007051303173,0.002471251112063,1.0,1.2,1.2,0.0009885004448252,0.0008237503706876,14.0,41.6,2.9714285714285715,0.0342680154206069,0.0115325051896273,7.0,20.76,2.9657142857142857,0.0171010576954759,0.0057662525948136,,,,,,,,,,,,,,,23.34537310247221,1189,0.019634460136646,0.0029679785291546,2.130205393779955,0.0174483478667943,0.9794391907476364,509681.0,482940.6666666667,665.0,0.9475351576116564,0.001304737669248,8458.0,380.0,822.0,0.0,3378.0,34.0,95.0,0.0,5080.0,346.0,727.0,0.0,0.3993851974462047,0.6006148025537952,0.0894736842105263,0.9105263157894736,0.1155717761557177,0.8844282238442822,0.0,0.0
2,inactive,1,green,6,0-6,22.0,212.24,9.647272727272728,18343.24,3256.7599999999984,66.0,277.9278787878788,0.0651690637320527,0.0067551799948415,6.0,24.6,4.1000000000000005,0.0075535194487773,0.0018423218167749,25.0,102.4,4.096,0.0314422923396259,0.0076763409032289,78.0,20560.6,263.5974358974359,6.31320699099719,0.0239501836180744,,,,,,6.0,86.88,14.48,0.0266768199069013,0.0018423218167749,22.0,218.36,9.925454545454546,0.0670482319851632,0.0067551799948415,3.0,8.76,2.92,0.0026897898524914,0.0009211609083874,3.0,31.6,10.533333333333331,0.0097028949016814,0.0009211609083874,58.0,292.28,5.0393103448275856,0.0897456367678306,0.0178091108954912,7.0,17.48,2.4971428571428573,0.0053672975595377,0.0021493754529041,,,,,,,,,,,,,,,115.0093238572444,3198,0.0359628905119588,0.0061143167865572,2.0580517580243076,0.0342820715166121,0.9819575283410512,458647.0,444494.3333333333,0.0,0.9691425722469204,0.0,7659.0,1015.0,3206.0,5328.0,195.0,0.0,65.0,226.0,7464.0,1015.0,3141.0,5102.0,0.0254602428515472,0.9745397571484528,0.0,1.0,0.0202744853399875,0.9797255146600125,0.0424174174174174,0.9575825825825826
2,inactive,1,green,12,6-12,13.0,48.92,3.763076923076923,19406.08,2193.9199999999983,64.0,303.22,0.0222979871645274,0.0059254667444574,11.0,35.16,3.196363636363636,0.0160261085180863,0.0050138564760793,22.0,99.28,4.512727272727273,0.045252333722287,0.0100277129521587,51.0,21292.04,417.49098039215687,9.705021149358236,0.0232460618436406,1.0,1.32,1.32,0.0006016627771295,0.000455805134189,19.0,81.64,4.296842105263158,0.0372119311551925,0.0086602975495916,71.0,786.6,11.07887323943662,0.3585363185530925,0.0323621645274212,9.0,53.32,5.924444444444444,0.0243035297549591,0.0041022462077012,3.0,12.12,4.04,0.005524358226371,0.001367415402567,30.0,106.0,3.533333333333333,0.0483153442240373,0.0136741540256709,3.0,7.2,2.4,0.003281796966161,0.001367415402567,,,,,,,,,,,,,,,77.89063924258545,2140,0.0363974949731707,0.0055138828732127,2.1360942412790855,0.0358448987920922,0.9754229871645282,485216.0,471613.6666666666,1.0,0.9719664369407988,2.0609378091406713e-06,21796.0,1648.0,3394.0,1236.0,1549.0,68.0,287.0,80.0,20247.0,1580.0,3107.0,1156.0,0.0710680858873187,0.9289319141126812,0.0412621359223301,0.95873786407767,0.0845609899823217,0.9154390100176782,0.0647249190938511,0.9352750809061487
2,inactive,1,red,6,0-6,12.0,136.16,11.346666666666666,20203.92,1396.0800000000015,35.0,577.2548571428571,0.0975302274941263,0.0085954959601168,4.0,34.08,8.52,0.0244112085267319,0.0028651653200389,16.0,114.44,7.1525,0.0819723798063147,0.0114606612801558,58.0,21031.08,362.6048275862069,15.06438026474126,0.0415448971405649,,,,,,2.0,4.36,2.18,0.0031230301988424,0.0014325826600194,28.0,151.16,5.398571428571429,0.1082745974442724,0.0200561572402727,3.0,6.72,2.24,0.0048134777376654,0.0021488739900292,,,,,,24.0,93.12,3.88,0.066701048650507,0.0171909919202337,1.0,2.72,2.72,0.0019483124176264,0.0007162913300097,,,,,,,,,,,,,,,44.14393503893438,1362,0.0324111123633879,0.0088878715412187,1.9670886067859348,0.0333182501552701,0.9755887914732668,505133.0,470182.6666666666,2101.0,0.9308096415531486,0.0041593006198367,3918.0,171.0,3733.0,3416.0,0.0,0.0,0.0,4.0,3918.0,171.0,3733.0,3412.0,0.0,1.0,0.0,1.0,0.0,1.0,0.0011709601873536,0.9988290398126464
2,inactive,1,red,12,6-12,6.0,67.84,11.306666666666668,20441.24,1158.7599999999984,27.0,757.082962962963,0.0585453415720253,0.0051779488418654,4.0,13.48,3.37,0.0116331250647243,0.0034519658945769,14.0,63.04,4.502857142857143,0.0544029824985329,0.0120818806310193,31.0,21394.0,690.1290322580645,18.462839587144902,0.0267527356829714,,,,,,2.0,2.88,1.44,0.0024854154440954,0.0017259829472884,48.0,477.8,9.954166666666667,0.4123373261072186,0.0414235907349236,4.0,18.24,4.56,0.0157409644792709,0.0034519658945769,3.0,32.48,10.826666666666666,0.0280299630639649,0.0025889744209327,20.0,66.44,3.322,0.0573371535089234,0.0172598294728848,,,,,,,,,,,,,,,,,,,,31.51629458830305,1134,0.0277921469032654,0.0044147455942953,2.21964103961905,0.0293852742034113,0.97863233111257,511058.0,484208.6666666666,223.0,0.9474632363971732,0.0004363496902504,12067.0,1275.0,1931.0,1702.0,2837.0,60.0,288.0,80.0,9230.0,1215.0,1643.0,1622.0,0.2351040026518604,0.7648959973481395,0.0470588235294117,0.9529411764705882,0.1491455204557224,0.8508544795442776,0.0470035252643948,0.9529964747356052
2,inactive,1,yellow,6,0-6,2.0,35.72,17.86,21110.84,489.15999999999985,54.0,390.9414814814815,0.0730231417123231,0.0040886417532095,,,,,,,,,,,14.0,21564.28,1540.3057142857142,44.08430779295119,0.028620492272467,,,,,,7.0,39.04,5.577142857142857,0.0798102870226511,0.0143102461362335,4.0,6.96,1.74,0.0142284733011693,0.0081772835064191,2.0,2.72,1.36,0.005560552784365,0.0040886417532095,,,,,,2.0,5.6,2.8,0.0114481969089868,0.0040886417532095,,,,,,,,,,,,,,,,,,,,18.614511839645083,445,0.0418303636845956,0.0088734190682763,2.003425998363596,0.0424067691257449,0.9097227900891328,527825.0,487366.3333333334,580.0,0.9233483319913482,0.0010988490503481,1161.0,70.0,0.0,895.0,46.0,0.0,0.0,222.0,1115.0,70.0,0.0,673.0,0.0396210163652024,0.9603789836347976,0.0,1.0,0.0,0.0,0.2480446927374301,0.7519553072625699
2,inactive,1,yellow,12,6-12,1.0,4.36,4.36,20898.04,701.9599999999991,51.0,409.7654901960785,0.0062111801242236,0.0014245825972989,,,,,,,,,,,10.0,21591.2,2159.12,30.758447774802026,0.0142458259729899,,,,,,2.0,9.08,4.54,0.0129352099834748,0.0028491651945979,40.0,230.12,5.753,0.3278249472904443,0.0569833038919597,3.0,21.72,7.239999999999999,0.0309419340133341,0.0042737477918969,,,,,,5.0,17.36,3.472,0.0247307538891105,0.0071229129864949,,,,,,,,,,,,,,,,,,,,16.545633044761285,656,0.0252220015926239,0.0029997149102633,2.2001214255760564,0.0231988278099709,0.9345261838281396,522502.0,489224.3333333333,7090.0,0.936310929591338,0.0135693260504266,6022.0,546.0,0.0,110.0,164.0,0.0,0.0,0.0,5858.0,546.0,0.0,110.0,0.027233477250083,0.9727665227499168,0.0,1.0,0.0,0.0,0.0,1.0
2,inactive,2,blue,6,0-6,26.0,136.04,5.232307692307692,18226.36,3373.6399999999994,109.0,167.21431192660552,0.0403243973867988,0.007706809262399,8.0,41.68,5.21,0.0123546080791074,0.002371325926892,5.0,17.64,3.528,0.0052287736687969,0.0014820787043075,83.0,20654.6,248.85060240963853,6.122348561197994,0.0246025064915047,,,,,,49.0,295.76,6.035918367346938,0.087667919517198,0.0145243713022136,5.0,49.08,9.816,0.0145480845614825,0.0014820787043075,2.0,35.6,17.8,0.0105524003746694,0.000592831481723,1.0,4.52,4.52,0.0013397991486939,0.0002964157408615,45.0,231.64,5.147555555555555,0.0686617422131584,0.0133387083387676,4.0,11.68,2.92,0.0034621358532623,0.001185662963446,1.6,2.0,0.8,0.0,0.0,0.0,0.0004742651853784,0.000592831481723,0.0,0.0,1.0,0.0,1.0,0.0,94.52738021195236,2917,0.0324056839944985,0.0067081280855735,1.9909404650664728,0.0286709711494476,0.8646447160930035,455768.0,424376.3333333333,3411.0,0.9311235833435724,0.0074840708430605,8675.0,1006.0,1496.0,3427.0,982.0,0.0,73.0,367.0,7693.0,1006.0,1423.0,3060.0,0.1131988472622478,0.8868011527377522,0.0,1.0,0.0487967914438502,0.9512032085561496,0.1070907499270499,0.8929092500729501
2,inactive,2,blue,12,6-12,8.0,53.48,6.685,20278.32,1321.6800000000003,28.0,724.2257142857143,0.040463652321288,0.0060529023666848,5.0,21.04,4.208,0.015919133224381,0.003783063979178,5.0,14.4,2.88,0.0108952242600326,0.003783063979178,33.0,21234.16,643.459393939394,16.06603716482053,0.0249682222625748,,,,,,52.0,269.88,5.1899999999999995,0.2041946613401125,0.0393438653834513,6.0,21.6,3.6,0.016342836390049,0.0045396767750136,1.0,6.76,6.76,0.0051147024998486,0.0007566127958356,,,,,,17.0,114.28,6.722352941176471,0.0864657103080927,0.0128624175292052,4.0,11.32,2.83,0.008564856848859,0.0030264511833424,2.2,2.0,1.1,0.0,0.0,0.0,0.0016645481508383,0.0015132255916712,0.0,0.0,1.0,0.0,1.0,0.0,31.247705753524365,1220,0.0256128735684625,0.0043307138314613,2.087797098586398,0.0237970944000872,0.9230676109194356,506986.0,479203.3333333333,2.0,0.945200327688207,3.944882107198227e-06,7345.0,170.0,896.0,1345.0,105.0,0.0,0.0,174.0,7240.0,170.0,896.0,1171.0,0.0142954390742001,0.9857045609257998,0.0,1.0,0.0,1.0,0.1293680297397769,0.8706319702602231
2,inactive,2,green,6,0-6,35.0,272.6,7.788571428571429,17457.68,4142.32,188.0,92.86,0.0658085324166167,0.0084493713667703,12.0,55.0,4.583333333333333,0.0132775835763533,0.0028969273257498,14.0,77.56,5.54,0.018723806948763,0.0033797485467081,89.0,20484.56,230.163595505618,4.945190134996814,0.0214855443326445,2.0,4.72,2.36,0.0011394580814615,0.0004828212209583,54.0,467.48,8.657037037037037,0.1128546321867938,0.0130361729658741,6.0,11.72,1.9533333333333336,0.0028293323548156,0.0014484636628749,2.0,47.36,23.68,0.0114332065122926,0.0004828212209583,1.0,1.2,1.2,0.0002896927325749,0.0002414106104791,42.0,157.0,3.738095238095238,0.0379014658452268,0.0101392456401243,3.0,12.84,4.28,0.0030997122385523,0.0007242318314374,,,,,,,,,,,,,,,178.8513649873492,3620,0.0494064544163948,0.0119037301055344,2.045710989884504,0.0485872796544483,0.8739064099345295,436630.0,416998.3333333333,890.0,0.955038209315286,0.002038339097176,12040.0,1217.0,3332.0,6850.0,785.0,0.0,644.0,1319.0,11255.0,1217.0,2688.0,5531.0,0.0651993355481727,0.9348006644518272,0.0,1.0,0.1932773109243697,0.8067226890756303,0.1925547445255474,0.8074452554744526
2,inactive,2,green,12,6-12,13.0,62.08,4.775384615384615,19791.76,1808.2400000000016,90.0,219.90844444444443,0.0343317258770959,0.0071893111533867,9.0,48.44,5.382222222222222,0.0267884794053886,0.0049772154138831,11.0,38.36,3.4872727272727273,0.0212139981418395,0.0060832632836349,28.0,21372.8,763.3142857142857,11.819669955315655,0.0154846701765252,2.0,2.48,1.24,0.0013714993584922,0.0011060478697518,51.0,454.52,8.912156862745098,0.2513604388797945,0.0282042206786709,11.0,46.52,4.2290909090909095,0.0257266734504269,0.0060832632836349,4.0,20.44,5.11,0.0113038092288634,0.0022120957395036,1.0,1.76,1.76,0.0009733221253815,0.0005530239348759,19.0,98.08,5.162105263157895,0.0542405875326283,0.0105074547626421,2.0,4.2,2.1,0.0023227005264787,0.0011060478697518,0.0,0.0,0.0,2.2,2.0,1.1,0.0,0.0,0.0012166526567269,0.0011060478697518,0.0,1.0,0.0,1.0,81.88281571347801,1625,0.050389425054448,0.0097889394016974,2.093348280399578,0.0478651439500026,0.898663894173339,494884.0,477351.0,0.0,0.9645714955423896,0.0,12588.0,560.0,2190.0,1565.0,181.0,28.0,402.0,632.0,12407.0,532.0,1788.0,933.0,0.0143787734350174,0.9856212265649824,0.05,0.95,0.1835616438356164,0.8164383561643835,0.4038338658146965,0.5961661341853035
2,inactive,2,red,6,0-6,3.0,42.56,14.186666666666667,20388.76,1211.2400000000016,33.0,617.841212121212,0.0351375449952114,0.0024768006340609,2.0,2.56,1.28,0.0021135365410653,0.0016512004227073,5.0,56.04,11.208,0.0462666358442587,0.0041280010567682,27.0,21067.56,780.2800000000001,17.393381988705766,0.0222912057065486,,,,,,24.0,135.36,5.640000000000001,0.1117532446088304,0.0198144050724876,7.0,20.28,2.8971428571428572,0.016743172286252,0.0057792014794755,4.0,10.08,2.52,0.0083220501304448,0.0033024008454146,1.0,1.4,1.4,0.0011558402958951,0.0008256002113536,13.0,60.4,4.646153846153846,0.0498662527657606,0.0107328027475974,,,,,,0.0,0.0,0.0,0.8,1.0,0.8,0.0,0.0,0.0006604801690829,0.0008256002113536,0.0,1.0,0.0,1.0,26.62840942943987,833,0.0319668780665544,0.0062475714072446,1.871577212786251,0.0298396315646559,0.687724976057593,509752.0,442873.6666666666,23090.0,0.8688022149332747,0.0452965363549333,3922.0,292.0,1472.0,1067.0,244.0,0.0,158.0,63.0,3678.0,292.0,1314.0,1004.0,0.0622131565527791,0.9377868434472209,0.0,1.0,0.1073369565217391,0.8926630434782609,0.0590440487347703,0.9409559512652296
2,inactive,2,red,12,6-12,2.0,36.52,18.26,20574.28,1025.7200000000012,20.0,1028.714,0.0356042584720976,0.0019498498615606,5.0,22.96,4.5920000000000005,0.0223842764107163,0.0048746246539016,3.0,17.24,5.746666666666666,0.0168077058066528,0.0029247747923409,25.0,21372.64,854.9055999999999,20.836719572592887,0.0243731232695082,,,,,,33.0,299.84,9.086060606060606,0.2923214912451737,0.0321725227157508,6.0,25.32,4.22,0.0246850992473579,0.0058495495846819,2.0,3.52,1.76,0.0034317357563467,0.0019498498615606,3.0,16.64,5.546666666666667,0.0162227508481846,0.0029247747923409,16.0,47.04,2.94,0.0458604687439066,0.0155987988924852,2.0,7.12,3.56,0.0069414655071559,0.0019498498615606,,,,,,,,,,,,,,,21.859570622621906,932,0.0234544749169762,0.004333276715793,1.9415779763805887,0.0222588538747909,0.9086300354872664,514377.0,479288.6666666666,2947.0,0.9317847933843594,0.0057292608339797,8168.0,509.0,1013.0,915.0,105.0,0.0,0.0,0.0,8063.0,509.0,1013.0,915.0,0.0128550440744368,0.9871449559255632,0.0,1.0,0.0,1.0,0.0,1.0
2,inactive,2,yellow,6,0-6,31.0,156.64,5.0529032258064515,18684.72,2915.279999999999,80.0,233.55900000000003,0.0537306879613622,0.0106336269586454,4.0,7.96,1.99,0.0027304409868005,0.0013720808978897,11.0,42.6,3.872727272727273,0.0146126615625257,0.0037732224691967,48.0,21009.6,437.7,7.206717708076071,0.0164649707746768,,,,,,48.0,297.84,6.204999999999999,0.10216514365687,0.0164649707746768,1.0,3.88,3.88,0.001330918470953,0.0003430202244724,1.0,0.96,0.96,0.0003292994154935,0.0003430202244724,2.0,31.24,15.62,0.0107159518125188,0.0006860404489448,20.0,74.56,3.728,0.0255755879366647,0.0068604044894487,1.0,2.76,2.76,0.0009467358195439,0.0003430202244724,0.0,0.0,0.0,0.8,1.0,0.8,0.0,0.0,0.0002744161795779,0.0003430202244724,0.0,1.0,0.0,1.0,112.31353965501508,2489,0.0451239612916894,0.0112147689910214,2.1930928565243377,0.0406072046375339,0.8537773387118908,467198.0,435505.6666666666,1107.0,0.9321650920309305,0.0023694450746792,7592.0,808.0,1279.0,3947.0,47.0,0.0,559.0,1096.0,7545.0,808.0,720.0,2851.0,0.006190727081138,0.993809272918862,0.0,1.0,0.4370602032838155,0.5629397967161845,0.2776792500633392,0.7223207499366607
2,inactive,2,yellow,12,6-12,19.0,115.08,6.056842105263158,20125.24,1474.7599999999984,48.0,419.27583333333337,0.0780330358838049,0.0128834522227345,4.0,13.24,3.31,0.0089777319699476,0.002712305731102,8.0,17.0,2.125,0.0115272993571835,0.005424611462204,26.0,21446.32,824.8584615384615,14.54224416176193,0.017629987252163,,,,,,38.0,344.2,9.057894736842105,0.2333939081613281,0.0257669044454691,13.0,37.16,2.858461538461538,0.0251973202419376,0.0088149936260815,7.0,22.0,3.142857142857143,0.014917681521061,0.0047465350294285,9.0,73.92,8.213333333333333,0.0501234099107652,0.0061026878949795,9.0,42.0,4.666666666666667,0.0284792101765711,0.0061026878949795,,,,,,,,,,,,,,,,,,,,75.69230808211137,1357,0.055779151129043,0.0121333643823934,2.1470281055817684,0.0505476995100452,0.9201497192763578,503179.0,480393.6666666666,813.0,0.9547172411143284,0.0016157272064215,9585.0,2414.0,768.0,2896.0,181.0,28.0,402.0,794.0,9404.0,2386.0,366.0,2102.0,0.0188836724047991,0.9811163275952008,0.0115990057995029,0.9884009942004972,0.5234375,0.4765625,0.274171270718232,0.725828729281768
2,inactive,3,blue,6,0-6,14.0,116.88,8.348571428571429,19045.32,2554.6800000000003,39.0,488.3415384615385,0.0457513269763727,0.0054801384126387,1.0,1.04,1.04,0.0004070959963674,0.0003914384580456,2.0,14.4,7.2,0.005636713795857,0.0007828769160912,32.0,20594.88,643.59,8.061628070834702,0.01252603065746,,,,,,4.0,19.8,4.95,0.0077504814693033,0.0015657538321825,10.0,62.16,6.215999999999999,0.0243318145521161,0.0039143845804562,3.0,33.0,11.0,0.0129174691155056,0.0011743153741368,5.0,18.16,3.632,0.0071085223981085,0.0019571922902281,26.0,93.6,3.5999999999999996,0.0366386396730705,0.0101773999091862,5.0,12.32,2.464,0.0048225218031221,0.0019571922902281,1.6,2.0,0.8,4.2,4.0,1.05,0.000626301532873,0.0007828769160912,0.0016440415237916,0.0015657538321825,0.2758620689655172,0.7241379310344827,0.3333333333333333,0.6666666666666666,49.17047104683392,1747,0.0281456617325895,0.0060233789681439,2.014211870317811,0.0242701033768294,0.6838429862057087,476172.0,380201.0,17762.0,0.7984530799795032,0.0373016473039153,2063.0,1287.0,389.0,2936.0,59.0,0.0,0.0,491.0,2004.0,1287.0,389.0,2445.0,0.0285991274842462,0.9714008725157538,0.0,1.0,0.0,1.0,0.1672343324250681,0.8327656675749319
2,inactive,3,blue,12,6-12,3.0,34.76,11.586666666666666,16684.56,4915.439999999999,13.0,1283.4276923076925,0.0070715948114512,0.0006103217616327,3.0,12.28,4.093333333333333,0.0024982504109499,0.0006103217616327,2.0,14.0,7.0,0.0028481682209527,0.0004068811744218,21.0,17396.6,828.4095238095238,3.5391745194733337,0.0042722523314291,,,,,,3.0,14.36,4.786666666666666,0.0029214068323486,0.0006103217616327,38.0,193.08,5.081052631578948,0.0392803085786826,0.0077307423140146,,,,,,,,,,,11.0,32.24,2.930909090909091,0.0065589245316797,0.00223784645932,4.0,8.92,2.23,0.0018146900379213,0.0008137623488436,,,,,,,,,,,,,,,19.52952048159878,981,0.0199077680750242,0.0038325589065729,2.106311785054823,0.0184484464885892,0.1995752160539036,417127.0,379120.6666666666,119.0,0.9088854633401018,0.0002852848173338,5227.0,0.0,662.0,872.0,0.0,0.0,0.0,0.0,5227.0,0.0,662.0,872.0,0.0,1.0,0.0,0.0,0.0,1.0,0.0,1.0
2,inactive,3,green,6,0-6,66.0,596.6,9.03939393939394,14592.36,7007.639999999999,160.0,91.20225,0.0851356519455908,0.0094182920355497,11.0,39.8,3.6181818181818177,0.0056795155002254,0.0015697153392582,10.0,40.44,4.044,0.0057708443926914,0.0014270139447802,116.0,18614.24,160.46758620689656,2.6562780051486667,0.0165533617594511,4.0,7.72,1.93,0.0011016547653703,0.0005708055779121,9.0,17.96,1.9955555555555555,0.0025629170448253,0.0012843125503022,77.0,309.56,4.02025974025974,0.0441746436746179,0.010988007374808,1.0,3.28,3.28,0.0004680605738879,0.000142701394478,6.0,28.92,4.82,0.0041269243283045,0.0008562083668681,98.0,462.44,4.718775510204082,0.0659908328624187,0.0139847366588466,16.0,42.36,2.6475,0.0060448310700892,0.0022832223116484,9.0,9.0,1.0,0.0,0.0,0.0,0.0012843125503022,0.0012843125503022,0.0,0.0,1.0,0.0,1.0,0.0,226.66637756372648,6090,0.0372194380236004,0.007483288451206,2.0870114233247468,0.0318854127131298,0.8690514923711835,364969.0,331885.3333333334,514.0,0.909352118490429,0.0014083387904178,8274.0,812.0,2027.0,14981.0,395.0,0.0,969.0,2025.0,7879.0,812.0,1058.0,12956.0,0.0477399081459995,0.9522600918540004,0.0,1.0,0.4780463739516526,0.5219536260483473,0.1351712168747079,0.864828783125292
2,inactive,3,green,12,6-12,9.0,68.96,7.662222222222222,14997.2,6602.799999999999,76.0,197.33157894736843,0.0104440540376809,0.001363058096565,2.0,12.0,6.0,0.0018174107954201,0.0003029017992366,6.0,24.12,4.0200000000000005,0.0036529956987944,0.00090870539771,39.0,17165.28,440.13538461538457,2.599697098200763,0.0059065850851154,,,,,,23.0,96.68,4.2034782608695656,0.0146422729751014,0.0034833706912219,97.0,783.84,8.080824742268042,0.1187132731568425,0.0146907372629793,,,,,,7.0,60.36,8.622857142857143,0.0091415763009632,0.0010601562973284,35.0,144.44,4.126857142857143,0.0218755679408735,0.005300781486642,9.0,20.08,2.231111111111111,0.0030411340643363,0.001363058096565,,,,,,,,,,,,,,,69.55955884357303,2621,0.026539320428681,0.004380890561639,2.141455636147005,0.0228598887324458,0.3969528078996789,375006.0,355217.6666666667,0.0,0.9472319553998249,0.0,22133.0,1516.0,911.0,1733.0,184.0,75.0,194.0,27.0,21949.0,1441.0,717.0,1706.0,0.0083133782135273,0.9916866217864728,0.0494722955145118,0.9505277044854882,0.2129527991218441,0.7870472008781558,0.0155799192152336,0.9844200807847664
2,inactive,3,red,6,0-6,40.0,370.72,9.268,17397.28,4202.720000000001,38.0,457.8231578947368,0.0882095404880648,0.0095176457151558,14.0,50.2,3.585714285714286,0.0119446453725206,0.0033311760003045,20.0,71.0,3.55,0.0168938211444017,0.0047588228575779,86.0,19848.36,230.79488372093024,4.7227414626717925,0.0204629382875851,1.0,1.28,1.28,0.0003045646628849,0.0002379411428788,5.0,21.96,4.392,0.0052251874976205,0.0011897057143944,93.0,501.92,5.396989247311828,0.1194274184337761,0.0221285262877374,4.0,13.56,3.39,0.0032264818974378,0.0009517645715155,6.0,82.16,13.693333333333332,0.0195492442989302,0.0014276468572733,64.0,248.96,3.89,0.0592378269311303,0.0152282331442494,8.0,18.96,2.37,0.0045113640689838,0.0019035291430311,4.2,4.0,1.05,7.8,8.0,0.975,0.0009993528000913,0.0009517645715155,0.0018559409144553,0.0019035291430311,0.35,0.65,0.3333333333333333,0.6666666666666666,109.27333893045646,3387,0.03226257423397,0.0069569050504887,2.0589315034841125,0.0281820855707048,0.8059066509308255,434970.0,369896.0,1652.0,0.8503942800652918,0.0037979630779134,13195.0,2403.0,3064.0,9308.0,148.0,0.0,163.0,1457.0,13047.0,2403.0,2901.0,7851.0,0.0112163698370594,0.9887836301629404,0.0,1.0,0.0531984334203655,0.9468015665796344,0.1565320154705629,0.843467984529437
2,inactive,3,red,12,6-12,6.0,51.0,8.5,16418.84,5181.16,16.0,1026.1775,0.0098433555420021,0.0011580418284708,8.0,33.0,4.125,0.0063692300565896,0.0015440557712944,8.0,27.76,3.47,0.0053578735263917,0.0015440557712944,25.0,17537.6,701.5039999999999,3.3848790618317133,0.0048251742852951,1.0,1.6,1.6,0.0003088111542588,0.0001930069714118,4.0,7.96,1.99,0.0015363354924379,0.0007720278856472,38.0,319.16,8.398947368421053,0.0616001049957924,0.0073342649136486,2.0,3.08,1.54,0.0005944614719483,0.0003860139428236,5.0,34.4,6.88,0.0066394398165661,0.000965034857059,30.0,103.08,3.436,0.0198951586131291,0.0057902091423542,3.0,7.36,2.4533333333333336,0.0014205313095909,0.0005790209142354,,,,,,,,,,,,,,,30.702033279707077,1247,0.0246207163429888,0.0047814420156862,2.0190723535839665,0.0226193600821776,0.2406796933505238,410487.0,375143.6666666667,0.0,0.9138990191325588,0.0,8220.0,944.0,1535.0,1281.0,0.0,0.0,0.0,0.0,8220.0,944.0,1535.0,1281.0,0.0,1.0,0.0,1.0,0.0,1.0,0.0,1.0
2,inactive,3,yellow,6,0-6,31.0,252.36,8.140645161290323,18239.16,3360.84,105.0,173.7062857142857,0.0750883707644517,0.0092238845050642,7.0,34.04,4.862857142857143,0.0101284202758834,0.0020828126301757,9.0,44.88,4.986666666666667,0.0133538044060413,0.0026779019530831,62.0,20462.96,330.0477419354839,6.088644505540281,0.0184477690101284,,,,,,2.0,2.76,1.38,0.0008212232656121,0.0005950893229073,54.0,227.28,4.208888888888889,0.0676259506551933,0.0160674117184989,2.0,37.56,18.78,0.0111757774842003,0.0005950893229073,2.0,3.68,1.84,0.0010949643541495,0.0005950893229073,21.0,104.48,4.975238095238096,0.0310874662286809,0.0062484378905273,1.0,2.16,2.16,0.0006426964687399,0.0002975446614536,0.0,0.0,0.0,2.8,3.0,0.9333333333333332,0.0,0.0,0.0008331250520703,0.000892633984361,0.0,1.0,0.0,1.0,115.47860900802752,2487,0.0464328946554191,0.0136277829732849,2.187382600567948,0.0403906841289024,0.7399935730353125,456084.0,387369.0,529.0,0.8493369642434289,0.0011598740582875,5807.0,1035.0,1989.0,6340.0,188.0,0.0,806.0,1606.0,5619.0,1035.0,1183.0,4734.0,0.0323747201653177,0.9676252798346824,0.0,1.0,0.4052287581699346,0.5947712418300654,0.2533123028391167,0.7466876971608832
2,inactive,3,yellow,12,6-12,2.0,7.12,3.56,17008.24,4591.759999999998,57.0,298.39017543859654,0.0015506036900883,0.0004355628342944,2.0,4.2,2.1,0.0009146819520183,0.0004355628342944,4.0,8.36,2.09,0.0018206526473509,0.0008711256685889,14.0,17655.84,1261.1314285714286,3.845113856124886,0.0030489398400613,,,,,,1.0,1.72,1.72,0.0003745840374932,0.0002177814171472,38.0,114.36,3.0094736842105263,0.0249054828649581,0.008275693851595,3.0,17.72,5.906666666666666,0.003859086711849,0.0006533442514417,2.0,17.2,8.6,0.0037458403749324,0.0004355628342944,7.0,18.84,2.6914285714285713,0.0041030018990539,0.0015244699200306,,,,,,,,,,,,,,,,,,,,23.18140979784291,623,0.0372093255182069,0.007484749217022,2.1579583276976937,0.0355998129840794,0.1356778228827291,425263.0,387750.0,0.0,0.911788704872044,0.0,2941.0,878.0,320.0,180.0,184.0,75.0,194.0,27.0,2757.0,803.0,126.0,153.0,0.0625637538252295,0.9374362461747704,0.0854214123006833,0.9145785876993168,0.60625,0.39375,0.15,0.85
2,inactive,4,blue,6,0-6,,,,18352.12,3247.880000000001,16.0,1147.0075,,,,,,,,,,,,,8.0,18490.08,2311.26,5.692968952054877,0.0024631451900932,,,,,,3.0,12.8,4.266666666666667,0.0039410323041491,0.0009236794462849,,,,,,,,,,,,,,,,4.0,12.64,3.16,0.0038917694003473,0.0012315725950466,,,,,,,,,,,,,,,,,,,,2.199923772043055,128,0.0171869044690863,0.0028534367898183,2.0318652235476176,0.0176157792893537,0.0394103230414916,458819.0,419778.6666666666,1016.0,0.914911254038448,0.0022143808342723,323.0,0.0,0.0,0.0,0.0,0.0,0.0,0.0,323.0,0.0,0.0,0.0,0.0,1.0,0.0,0.0,0.0,0.0,0.0,0.0
2,inactive,4,blue,12,6-12,,,,19239.36,2360.6399999999994,16.0,1202.46,,,,,,,,,,,,,9.0,19852.28,2205.8088888888888,8.409702453571914,0.0038125254168361,,,,,,21.0,202.48,9.641904761904762,0.0857733496001084,0.0088958926392842,,,,,,3.0,48.44,16.146666666666665,0.0205198590212823,0.001270841805612,,,,,,9.0,25.96,2.8844444444444446,0.0109970177578961,0.0038125254168361,,,,,,,,,,,,,,,,,,,,3.5538300825724924,599,0.0059329383682345,0.0018097876015765,1.979879195151099,0.005713627193815,0.2537447471872035,481000.0,447389.0,2776.0,0.9301226611226612,0.0057713097713097,5083.0,1214.0,0.0,0.0,0.0,0.0,0.0,0.0,5083.0,1214.0,0.0,0.0,0.0,1.0,0.0,1.0,0.0,0.0,0.0,0.0
2,inactive,4,green,6,0-6,8.0,66.0,8.25,15180.08,6419.92,147.0,103.26585034013604,0.0102805019377188,0.0012461214469962,3.0,22.96,7.653333333333333,0.0035763685528791,0.0004672955426235,3.0,9.68,3.2266666666666666,0.0015078069508654,0.0004672955426235,72.0,17933.2,249.07222222222225,2.7933681416590863,0.011215093022966,,,,,,56.0,232.8,4.1571428571428575,0.0362621341075901,0.0087228501289735,2.0,7.8,3.9,0.0012149684108213,0.000311530361749,5.0,40.76,8.152,0.0063489887724457,0.0007788259043726,2.0,40.0,20.0,0.0062306072349811,0.000311530361749,56.0,238.76,4.263571428571429,0.0371904945856023,0.0087228501289735,8.0,20.48,2.56,0.0031900709043103,0.0012461214469962,,,,,,,,,,,,,,,73.02065204218614,3178,0.0229769200887936,0.0060258427851519,2.0007385080143902,0.0212342520629903,0.4950217448192501,379649.0,371686.0,0.0,0.9790253629009954,0.0,6073.0,2026.0,822.0,1658.0,0.0,0.0,60.0,0.0,6073.0,2026.0,762.0,1658.0,0.0,1.0,0.0,1.0,0.072992700729927,0.927007299270073,0.0,1.0
2,inactive,4,green,12,6-12,2.0,22.08,11.04,17553.88,4046.119999999999,119.0,147.51159663865548,0.0054570798691091,0.0004943007127816,5.0,31.6,6.32,0.0078099512619497,0.001235751781954,2.0,7.24,3.62,0.0017893685802694,0.0004943007127816,25.0,19608.28,784.3312,4.846193390210869,0.0061787589097703,,,,,,148.0,543.16,3.67,0.1342421875772345,0.0365782527458404,15.0,189.6,12.64,0.0468597075716983,0.0037072553458622,6.0,58.76,9.793333333333331,0.0145225549415242,0.0014829021383448,1.0,2.32,2.32,0.0005733888268266,0.0002471503563908,29.0,111.84,3.856551724137931,0.0276412958587486,0.0071673603353336,7.0,18.36,2.6228571428571428,0.0045376805433353,0.0017300524947356,,,,,,,,,,,,,,,42.134988509065515,2194,0.0192046438054081,0.0035349867747169,2.1044065487691532,0.0173154411079503,0.5422478819214459,438966.0,425499.3333333333,0.0,0.969321845731408,0.0,18482.0,1534.0,978.0,554.0,681.0,143.0,56.0,226.0,17801.0,1391.0,922.0,328.0,0.0368466616167081,0.963153338383292,0.0932203389830508,0.9067796610169492,0.0572597137014314,0.9427402862985684,0.407942238267148,0.592057761732852
2,inactive,4,red,6,0-6,5.0,21.64,4.328,17539.16,4060.84,31.0,565.7793548387097,0.0053289467203829,0.0012312723475931,2.0,5.44,2.72,0.0013396243141813,0.0004925089390372,3.0,4.52,1.5066666666666666,0.0011130702022241,0.0007387634085558,26.0,18363.96,706.3061538461538,4.522207228061189,0.0064026162074841,,,,,,6.0,40.0,6.666666666666667,0.0098501787807448,0.0014775268171117,5.0,17.52,3.504,0.0043143783059662,0.0012312723475931,3.0,10.84,3.6133333333333337,0.0026693984495818,0.0007387634085558,,,,,,15.0,65.96,4.397333333333333,0.0162429448094482,0.0036938170427793,1.0,2.48,2.48,0.0006107110844061,0.0002462544695186,,,,,,,,,,,,,,,26.85075123620053,924,0.0290592545846326,0.0081276040773783,1.998455786226565,0.0249484519972533,0.2275391298352065,438510.0,407358.3333333333,12.0,0.9289601909496552,2.736539645618116e-05,1449.0,274.0,254.0,546.0,0.0,0.0,0.0,0.0,1449.0,274.0,254.0,546.0,0.0,1.0,0.0,1.0,0.0,1.0,0.0,1.0
2,inactive,4,red,12,6-12,6.0,29.72,4.953333333333333,18943.92,2656.0800000000017,18.0,1052.4399999999998,0.0111894220053612,0.0022589681033703,7.0,29.28,4.182857142857143,0.0110237643444474,0.0026354627872654,4.0,13.16,3.29,0.004954670040059,0.0015059787355802,24.0,19768.84,823.7016666666667,7.442863166772081,0.0090358724134815,,,,,,61.0,381.8,6.259016393442623,0.1437456703111351,0.0229661757175988,10.0,56.56,5.656000000000001,0.0212945393211047,0.0037649468389506,5.0,18.8,3.76,0.0070781000572271,0.0018824734194753,1.0,1.2,1.2,0.000451793620674,0.000376494683895,12.0,36.12,3.01,0.0135989879822896,0.0045179362067407,3.0,7.44,2.48,0.0028011204481792,0.0011294840516851,,,,,,,,,,,,,,,22.54064625787372,892,0.0252697828003068,0.003950142908965,2.0399462086735833,0.0249310962216789,0.3358332580343963,473616.0,445490.3333333333,0.0,0.9406150411585192,0.0,11030.0,506.0,1072.0,749.0,817.0,0.0,0.0,0.0,10213.0,506.0,1072.0,749.0,0.0740707162284678,0.9259292837715322,0.0,1.0,0.0,1.0,0.0,1.0
2,inactive,4,yellow,6,0-6,,,,17965.24,3634.7599999999984,85.0,211.35576470588236,,,,,,,,1.0,2.96,2.96,0.0008143591323773,0.0002751213285058,7.0,18493.92,2641.988571428571,5.088071839681302,0.001925849299541,,,,,,,,,,,,,,,,2.0,8.56,4.28,0.0023550385720102,0.0005502426570117,,,,,,3.0,11.28,3.76,0.0031033685855462,0.0008253639855176,,,,,,,,,,,,,,,,,,,,15.054986525778626,456,0.0330153213284619,0.0100751988532915,2.09870887591396,0.030877101268099,0.1254553257986772,449216.0,416341.0,0.0,0.926816943296766,0.0,0.0,216.0,75.0,0.0,0.0,0.0,60.0,0.0,0.0,216.0,15.0,0.0,0.0,0.0,0.0,1.0,0.8,0.2,0.0,0.0
2,inactive,4,yellow,12,6-12,1.0,9.92,9.92,18996.36,2603.6399999999994,66.0,287.82363636363635,0.0038100505446221,0.0003840776758691,1.0,1.24,1.24,0.0004762563180777,0.0003840776758691,1.0,1.88,1.88,0.000722066030634,0.0003840776758691,12.0,19840.16,1653.3466666666666,7.620162541672429,0.00460893211043,,,,,,46.0,228.08,4.958260869565217,0.0876004363122398,0.0176675730899817,5.0,25.32,5.064,0.0097248467530073,0.0019203883793458,4.0,24.04,6.01,0.0092332273278947,0.0015363107034766,1.0,5.76,5.76,0.0022122874130064,0.0003840776758691,2.0,9.16,4.58,0.0035181515109615,0.0007681553517383,,,,,,,,,,,,,,,,,,,,19.062185960789975,780,0.0244386999497307,0.004469377689769,2.1809876978453677,0.0237559137250242,0.2995805871779509,474975.0,448952.6666666666,0.0,0.9452132568380792,0.0,6386.0,750.0,80.0,249.0,282.0,143.0,56.0,226.0,6104.0,607.0,24.0,23.0,0.0441590980269339,0.955840901973066,0.1906666666666666,0.8093333333333333,0.7,0.3,0.9076305220883534,0.0923694779116465
2,inactive,5,blue,6,0-6,3.0,31.04,10.346666666666666,19744.48,1855.5200000000004,78.0,253.13435897435895,0.0167284642579977,0.0016167974476157,4.0,9.76,2.44,0.0052599810295766,0.0021557299301543,7.0,41.44,5.92,0.022333362076399,0.0037725273777701,35.0,21252.0,607.2,11.45339311891006,0.0188626368888505,,,,,,10.0,34.2,3.4200000000000004,0.0184314909028196,0.0053893248253858,30.0,257.84,8.594666666666665,0.1389583512977493,0.0161679744761576,3.0,46.16,15.386666666666663,0.0248771233939811,0.0016167974476157,1.0,1.52,1.52,0.0008191773734586,0.0005389324825385,17.0,91.32,5.371764705882352,0.0492153143054238,0.0091618522031559,3.0,8.2,2.733333333333333,0.0044192463568164,0.0016167974476157,3.2,3.0,1.0666666666666669,0.0,0.0,0.0,0.0017245839441234,0.0016167974476157,0.0,0.0,1.0,0.0,1.0,0.0,45.76584697767821,1616,0.0283204498624246,0.0055482263648368,2.1222902835211572,0.025396674769784,0.8709148917823573,493690.0,448377.0,18568.0,0.9082156819056492,0.0376106463570256,7341.0,1196.0,1291.0,779.0,291.0,0.0,57.0,127.0,7050.0,1196.0,1234.0,652.0,0.0396403759705762,0.9603596240294238,0.0,1.0,0.0441518202943454,0.9558481797056544,0.1630295250320924,0.8369704749679076
2,inactive,5,blue,12,6-12,3.0,15.84,5.28,20294.64,1305.3600000000006,33.0,614.9890909090909,0.0121345835631549,0.0022982165839308,5.0,26.96,5.392,0.020653306367592,0.0038303609732181,4.0,24.64,6.16,0.0188760188760188,0.0030642887785744,26.0,21448.6,824.9461538461538,16.431176074033207,0.0199178770607341,,,,,,65.0,320.6,4.932307692307693,0.2456027456027455,0.0497946926518354,15.0,191.48,12.765333333333333,0.1466875038303609,0.0114910829196543,3.0,43.2,14.4,0.0330943188086045,0.0022982165839308,2.0,20.24,10.12,0.0155053012195869,0.0015321443892872,11.0,36.88,3.352727272727273,0.0282527425384568,0.0084267941410798,7.0,19.24,2.748571428571428,0.0147392290249433,0.0053625053625053,,,,,,,,,,,,,,,26.412362086509994,1249,0.0211468071148999,0.0035732957249253,2.03320490361668,0.0193282182841197,0.9568241711098848,507399.0,470095.0,687.0,0.9264799497042762,0.001353964040134,12882.0,1591.0,1299.0,399.0,190.0,490.0,0.0,0.0,12692.0,1101.0,1299.0,399.0,0.0147492625368731,0.9852507374631267,0.3079824010056568,0.6920175989943432,0.0,1.0,0.0,1.0
2,inactive,5,green,6,0-6,17.0,93.4,5.494117647058824,19472.52,2127.4799999999996,150.0,129.8168,0.0439017053039276,0.0079906744129204,7.0,22.24,3.177142857142857,0.0104536822907853,0.0032902776994378,11.0,68.48,6.225454545454546,0.0321883166939289,0.0051704363848308,42.0,21206.16,504.9085714285714,9.967736476958658,0.019741666196627,,,,,,4.0,4.52,1.13,0.0021245793144941,0.001880158685393,23.0,225.2,9.791304347826086,0.1058529339876285,0.01081091244101,1.0,12.2,12.2,0.0057344839904487,0.0004700396713482,1.0,9.36,9.36,0.0043995713238197,0.0004700396713482,16.0,80.08,5.005,0.0376407768815688,0.0075206347415721,,,,,,0.0,0.0,0.0,2.4,2.0,1.2,0.0,0.0,0.0011280952112358,0.0009400793426965,0.0,1.0,0.0,1.0,118.49986982608974,1843,0.0642972706598425,0.0165259468191874,2.117332122783621,0.0581585642296055,0.8662831142948466,486963.0,457477.3333333333,3525.0,0.93944988291376,0.0072387429845799,5770.0,541.0,2286.0,2352.0,350.0,502.0,930.0,1425.0,5420.0,39.0,1356.0,927.0,0.0606585788561525,0.9393414211438474,0.9279112754158964,0.0720887245841035,0.4068241469816273,0.5931758530183727,0.6058673469387755,0.3941326530612244
2,inactive,5,green,12,6-12,4.0,17.96,4.49,19669.4,1930.5999999999983,103.0,190.9650485436893,0.0093028074173832,0.0020718947477468,7.0,36.84,5.262857142857143,0.0190821506267481,0.0036258158085569,3.0,7.72,2.5733333333333333,0.0039987568631513,0.0015539210608101,33.0,21362.88,647.36,11.065409717186377,0.0170931316689112,1.0,1.96,1.96,0.0010152284263959,0.0005179736869367,75.0,225.88,3.011733333333334,0.1169998964052627,0.0388480265202528,13.0,42.96,3.3046153846153845,0.0222521495908008,0.0067336579301771,8.0,70.84,8.855,0.0366932559825961,0.0041437894954936,1.0,2.36,2.36,0.0012224179011706,0.0005179736869367,20.0,73.96,3.697999999999999,0.0383093338858386,0.010359473738734,9.0,27.52,3.057777777777778,0.014254635864498,0.0046617631824303,0.0,0.0,0.0,0.8,1.0,0.8,0.0,0.0,0.0004143789495493,0.0005179736869367,0.0,1.0,0.0,1.0,50.295244689285035,1821,0.0276195742390362,0.0033580174331628,2.0994851454335675,0.0256687437050262,0.943230083911738,491838.0,459309.99999999994,22.0,0.9338644025065164,4.47301753829513e-05,6809.0,1839.0,1124.0,453.0,157.0,966.0,176.0,36.0,6652.0,873.0,948.0,417.0,0.0230577177265384,0.9769422822734616,0.5252854812398042,0.4747145187601957,0.1565836298932384,0.8434163701067615,0.0794701986754966,0.9205298013245032
2,inactive,5,red,6,0-6,25.0,261.36,10.4544,18205.68,3394.3199999999997,71.0,256.41802816901406,0.0769992222300784,0.0073652454689009,9.0,36.16,4.017777777777777,0.0106530910462183,0.0026514883688043,9.0,37.52,4.1688888888888895,0.0110537603997266,0.0026514883688043,98.0,20376.4,207.92244897959185,6.003087510900564,0.0288717622380918,1.0,2.48,2.48,0.0007306323505149,0.000294609818756,1.0,9.68,9.68,0.0028518230455584,0.000294609818756,30.0,220.84,7.361333333333333,0.0650616323740837,0.0088382945626811,2.0,19.4,9.7,0.0057154304838671,0.000589219637512,4.0,45.32,11.33,0.0133517169860237,0.0011784392750241,47.0,286.08,6.086808510638297,0.0842819769497277,0.0138466614815338,8.0,19.56,2.445,0.0057625680548681,0.0023568785500483,,,,,,,,,,,,,,,88.18409362486459,3174,0.0277832683128117,0.0084419349894785,2.0621794256256996,0.0257273939224485,0.9350915647316694,455213.0,438222.0,1787.0,0.962674616058856,0.003925634812714,5794.0,1624.0,1860.0,6559.0,611.0,235.0,146.0,793.0,5183.0,1389.0,1714.0,5766.0,0.1054539178460476,0.8945460821539524,0.1447044334975369,0.8552955665024631,0.0784946236559139,0.921505376344086,0.1209025766122884,0.8790974233877116
2,inactive,5,red,12,6-12,7.0,51.08,7.297142857142857,19010.6,2589.4000000000015,44.0,432.05909090909086,0.019726577585541,0.002703328956515,5.0,39.84,7.968000000000001,0.0153858036610797,0.0019309492546535,5.0,35.32,7.064,0.0136402255348729,0.0019309492546535,49.0,21137.0,431.3673469387755,8.162894879122572,0.0189233026956051,2.0,4.88,2.44,0.0018846064725419,0.0007723797018614,38.0,364.92,9.603157894736842,0.1409284004016373,0.0146752143353672,14.0,74.6,5.328571428571428,0.0288097628794315,0.00540665791303,7.0,43.0,6.142857142857143,0.0166061635900208,0.002703328956515,4.0,46.48,11.62,0.0179501042712597,0.0015447594037228,36.0,147.48,4.096666666666667,0.0569552792152621,0.0139028346335058,6.0,16.84,2.806666666666666,0.0065034370896732,0.0023171391055843,,,,,,,,,,,,,,,43.74303456399044,2522,0.0173445815083229,0.0035396477998923,2.1279968907946945,0.0160759312331297,0.9739708040472692,475309.0,445706.0,4254.0,0.9377184105497688,0.0089499672844402,11040.0,2248.0,1889.0,1284.0,72.0,0.0,0.0,0.0,10968.0,2248.0,1889.0,1284.0,0.0065217391304347,0.9934782608695653,0.0,1.0,0.0,1.0,0.0,1.0
2,inactive,5,yellow,6,0-6,13.0,73.4,5.6461538461538465,19276.24,2323.7599999999984,98.0,196.69632653061225,0.0315867387337763,0.0055943815196061,5.0,16.28,3.256,0.0070058870107067,0.0021516851998485,7.0,37.4,5.3428571428571425,0.0160946052948669,0.0030123592797879,42.0,21259.72,506.18380952380954,9.148844975384728,0.0180741556787275,,,,,,14.0,126.16,9.01142857142857,0.0542913209625779,0.0060247185595758,14.0,48.32,3.4514285714285715,0.0207938857713361,0.0060247185595758,3.0,12.84,4.28,0.005525527593211,0.0012910111199091,,,,,,14.0,55.76,3.982857142857142,0.0239955933487107,0.0060247185595758,1.0,2.2,2.2,0.0009467414879333,0.0004303370399697,0.0,0.0,0.0,0.8,1.0,0.8,0.0,0.0,0.0003442696319757,0.0004303370399697,0.0,1.0,0.0,1.0,78.09960472738881,2078,0.0375840253741043,0.0098762041407796,2.1471936415504875,0.0349358733850558,0.8942403690570461,482004.0,455495.6666666667,3343.0,0.9450039142137132,0.0069356270902316,4390.0,324.0,1354.0,1848.0,210.0,267.0,882.0,879.0,4180.0,57.0,472.0,969.0,0.0478359908883826,0.9521640091116174,0.8240740740740741,0.1759259259259259,0.6514032496307238,0.3485967503692762,0.4756493506493506,0.5243506493506493
2,inactive,5,yellow,12,6-12,2.0,9.56,4.78,20558.64,1041.3600000000006,68.0,302.33294117647057,0.0091803026811093,0.001920565414458,1.0,5.84,5.84,0.0056080510102174,0.000960282707229,1.0,9.96,9.96,0.0095644157640009,0.000960282707229,30.0,21448.08,714.936,20.596220327264337,0.0288084812168702,,,,,,48.0,328.52,6.844166666666666,0.3154720749788736,0.0460935699469923,7.0,16.12,2.302857142857143,0.0154797572405316,0.006721978950603,3.0,43.72,14.573333333333332,0.0419835599600522,0.002880848121687,,,,,,8.0,23.04,2.88,0.0221249135745563,0.007682261657832,4.0,9.08,2.27,0.0087193669816393,0.003841130828916,0.8,1.0,0.8,0.0,0.0,0.0,0.0007682261657832,0.000960282707229,0.0,0.0,1.0,0.0,1.0,0.0,26.45317028666689,960,0.027555385715278,0.0033155655338274,2.173593469157102,0.0258819581798525,0.9218713989398474,514034.0,474019.6666666666,730.0,0.9221562516616928,0.0014201395238447,8671.0,1096.0,397.0,241.0,361.0,476.0,176.0,36.0,8310.0,620.0,221.0,205.0,0.0416330296390266,0.9583669703609734,0.4343065693430657,0.5656934306569343,0.4433249370277078,0.5566750629722922,0.1493775933609958,0.8506224066390041
2,inactive,6,blue,6,0-6,1.0,74.84,74.84,19948.84,1651.16,65.0,306.9052307692308,0.0453257104096513,0.000605634826425,6.0,64.92,10.82,0.0393178129315148,0.0036338089585503,1.0,1.12,1.12,0.000678311005596,0.000605634826425,23.0,21145.56,919.3721739130436,12.806487560260663,0.0139296010077763,,,,,,4.0,65.52,16.38,0.0396811938273698,0.0024225393057002,8.0,26.16,3.27,0.0158434070592795,0.0048450786114004,1.0,1.08,1.08,0.000654085612539,0.000605634826425,2.0,3.0,1.5,0.0018169044792751,0.0012112696528501,20.0,85.68,4.284000000000001,0.051890791928099,0.0121126965285011,2.0,4.64,2.32,0.0028101455946122,0.0012112696528501,0.0,0.0,0.0,0.8,1.0,0.8,0.0,0.0,0.00048450786114,0.000605634826425,0.0,1.0,0.0,1.0,34.38968573805728,1320,0.0260527922258009,0.0064609021821385,2.0445965448767605,0.0250700659750018,0.7994379708810775,498786.0,465868.6666666666,1859.0,0.9340050977105744,0.0037270492756412,2304.0,105.0,1658.0,1872.0,1051.0,0.0,71.0,187.0,1253.0,105.0,1587.0,1685.0,0.4561631944444444,0.5438368055555556,0.0,1.0,0.0428226779252111,0.9571773220747888,0.0998931623931624,0.9001068376068376
2,inactive,6,blue,12,6-12,,,,19196.24,2403.7599999999984,34.0,564.5952941176471,,,2.0,11.76,5.88,0.0048923353412986,0.0008320298199487,1.0,3.28,3.28,0.0013645289047159,0.0004160149099743,17.0,20440.96,1202.4094117647055,8.503744134189775,0.0070722534695643,,,,,,10.0,241.16,24.116,0.1003261556894199,0.0041601490997437,9.0,36.44,4.0488888888888885,0.0151595833194661,0.0037441341897693,2.0,19.72,9.86,0.0082038140246946,0.0008320298199487,5.0,21.08,4.215999999999999,0.0087695943022597,0.0020800745498718,10.0,62.96,6.296,0.0261922987319865,0.0041601490997437,6.0,16.36,2.7266666666666666,0.0068060039271807,0.0024960894598462,,,,,,,,,,,,,,,16.152137271784436,1338,0.0120718514736804,0.0034120730900438,2.1359502386502083,0.0106983045335029,0.556627949545712,479940.0,443400.99999999994,739.0,0.9238675667791806,0.0015397758053089,6959.0,1027.0,379.0,0.0,0.0,0.0,0.0,0.0,6959.0,1027.0,379.0,0.0,0.0,1.0,0.0,1.0,0.0,1.0,0.0,0.0
2,inactive,6,green,6,0-6,14.0,48.08,3.434285714285714,18170.2,3429.7999999999993,135.0,134.5940740740741,0.0140183101055455,0.0040818706630124,13.0,58.28,4.483076923076923,0.0169922444457402,0.0037903084727972,8.0,26.56,3.32,0.0077438917721149,0.0023324975217213,74.0,20899.72,282.4286486486487,6.093568138083855,0.0215756020759228,2.0,5.36,2.68,0.0015627733395533,0.0005831243804303,14.0,46.12,3.294285714285714,0.0134468482127237,0.0040818706630124,66.0,402.72,6.1018181818181825,0.1174179252434544,0.0192431045542014,1.0,18.48,18.48,0.0053880692751763,0.0002915621902151,3.0,20.36,6.786666666666666,0.0059362061927809,0.0008746865706455,30.0,180.24,6.008,0.0525511691643827,0.0087468657064551,4.0,8.8,2.2,0.0025657472738935,0.0011662487608606,0.8,1.0,0.8,0.0,0.0,0.0,0.0002332497521721,0.0002915621902151,0.0,0.0,1.0,0.0,1.0,0.0,174.0756705412997,3033,0.0573938907158917,0.010009814996934,2.1043782422819715,0.0603483261483366,0.8843081229226196,454390.0,443855.0,1029.0,0.976815070754198,0.0022645744844736,11301.0,975.0,2142.0,1216.0,542.0,106.0,343.0,446.0,10759.0,869.0,1799.0,770.0,0.0479603574904875,0.9520396425095125,0.1087179487179487,0.8912820512820513,0.1601307189542483,0.8398692810457516,0.3667763157894737,0.6332236842105263
2,inactive,6,green,12,6-12,8.0,35.04,4.38,18330.04,3269.959999999999,111.0,165.1354954954955,0.0107157274095096,0.0024465131071939,15.0,67.6,4.506666666666666,0.020673035755789,0.0045872120759886,6.0,19.4,3.233333333333333,0.0059327942849453,0.0018348848303954,40.0,20358.48,508.962,6.225911020318293,0.0122325655359698,2.0,2.56,1.28,0.000782884194302,0.0006116282767984,81.0,778.32,9.60888888888889,0.2380212601989016,0.0247709452103389,32.0,173.0,5.40625,0.0529058459430696,0.0097860524287758,5.0,27.6,5.5200000000000005,0.0084404702198192,0.0015290706919962,2.0,9.56,4.78,0.0029235831630967,0.0006116282767984,16.0,68.6,4.2875,0.0209788498941883,0.0048930262143879,1.0,2.12,2.12,0.0006483259734064,0.0003058141383992,1.0,1.0,1.0,0.0,0.0,0.0,0.0003058141383992,0.0003058141383992,0.0,0.0,1.0,0.0,1.0,0.0,71.63185012183337,2134,0.0335669400758356,0.0051263194972611,2.1369957589454387,0.0330854385348573,0.6526073713439922,458362.0,436428.0,0.0,0.9521469929880748,0.0,23896.0,936.0,2196.0,884.0,526.0,95.0,5.0,150.0,23370.0,841.0,2191.0,734.0,0.022012052226314,0.977987947773686,0.1014957264957265,0.8985042735042735,0.0022768670309653,0.9977231329690346,0.169683257918552,0.830316742081448
2,inactive,6,red,6,0-6,1.0,5.76,5.76,20735.8,864.2000000000007,33.0,628.3575757575758,0.0066651238139319,0.0011571395510298,2.0,12.4,6.2,0.0143485304327701,0.0023142791020597,,,,,,13.0,21193.08,1630.2369230769232,24.523351076139765,0.015042814163388,,,,,,10.0,81.2,8.120000000000001,0.093959731543624,0.0115713955102985,,,,,,1.0,5.56,5.56,0.0064336959037259,0.0011571395510298,,,,,,11.0,32.4,2.9454545454545453,0.0374913214533672,0.0127285350613283,1.0,1.96,1.96,0.0022679935200185,0.0011571395510298,,,,,,,,,,,,,,,10.65134191640864,560,0.0190202534221582,0.0049467735325314,2.110883272751672,0.0183714059367554,0.6479981485767178,518428.0,471038.0,11253.0,0.90858904225852,0.0217060035337597,2040.0,140.0,312.0,145.0,198.0,0.0,0.0,0.0,1842.0,140.0,312.0,145.0,0.0970588235294117,0.9029411764705882,0.0,1.0,0.0,1.0,0.0,1.0
2,inactive,6,red,12,6-12,2.0,7.36,3.68,19399.8,2200.2000000000007,26.0,746.1461538461538,0.003345150440869,0.0009090082719752,3.0,14.0,4.666666666666667,0.0063630579038269,0.0013635124079629,1.0,6.8,6.8,0.0030906281247159,0.0004545041359876,17.0,20494.84,1205.5788235294117,9.314989546404869,0.0077265703117898,,,,,,24.0,308.84,12.868333333333332,0.1403690573584219,0.0109080992637032,13.0,260.96,20.07384615384615,0.1186073993273338,0.0059085537678392,1.0,6.92,6.92,0.0031451686210344,0.0004545041359876,2.0,7.88,3.94,0.0035814925915825,0.0009090082719752,14.0,46.44,3.317142857142857,0.0211071720752658,0.0063630579038269,6.0,13.96,2.3266666666666667,0.0063448777383874,0.0027270248159258,0.0,0.0,0.0,1.0,1.0,1.0,0.0,0.0,0.0004545041359876,0.0004545041359876,0.0,1.0,0.0,1.0,20.577033021962627,1141,0.0180342094846298,0.0033260668187244,2.0568579622474426,0.0164327857794337,0.5185892191618942,485021.0,447837.3333333333,0.0,0.9233359655217678,0.0,14282.0,373.0,524.0,186.0,36.0,0.0,5.0,0.0,14246.0,373.0,519.0,186.0,0.0025206553703963,0.9974793446296036,0.0,1.0,0.0095419847328244,0.9904580152671756,0.0,1.0
2,inactive,6,yellow,6,0-6,8.0,38.68,4.835,19092.28,2507.720000000001,138.0,138.34985507246375,0.0154243695468393,0.0031901488204424,4.0,7.84,1.96,0.0031263458440336,0.0015950744102212,4.0,9.0,2.25,0.0035889174229977,0.0015950744102212,22.0,21247.24,965.7836363636364,8.472732202957264,0.0087729092562167,1.0,1.24,1.24,0.0004944730671685,0.0003987686025553,5.0,14.96,2.992,0.0059655782942274,0.0019938430127765,39.0,173.28,4.443076923076923,0.0690986234507839,0.015551975499657,1.0,4.28,4.28,0.0017067296189367,0.0003987686025553,5.0,34.8,6.959999999999999,0.0138771473689247,0.0019938430127765,13.0,57.44,4.418461538461538,0.0229052685307769,0.005183991833219,,,,,,,,,,,,,,,,,,,,82.08946254590188,2107,0.038960352418558,0.0091374360361158,2.197206721180296,0.0356792502776608,0.8402054455840361,477445.0,458985.6666666666,959.0,0.9613372569964428,0.0020086083213773,4750.0,983.0,429.0,975.0,1513.0,106.0,352.0,259.0,3237.0,877.0,77.0,716.0,0.3185263157894736,0.6814736842105263,0.1078331637843336,0.8921668362156663,0.8205128205128205,0.1794871794871795,0.2656410256410256,0.7343589743589743
2,inactive,6,yellow,12,6-12,4.0,9.84,2.46,19533.68,2066.3199999999997,78.0,250.4317948717949,0.0047620891246273,0.0019358085872468,,,,,,,,,,,10.0,20559.68,2055.968,9.949901273762052,0.0048395214681172,,,,,,55.0,214.24,3.895272727272727,0.1036819079329436,0.0266173680746447,27.0,155.96,5.776296296296296,0.0754771768167563,0.0130667079639165,4.0,20.76,5.19,0.0100468465678113,0.0019358085872468,2.0,2.96,1.48,0.0014324983545627,0.0009679042936234,2.0,6.64,3.32,0.0032134422548298,0.0009679042936234,,,,,,,,,,,,,,,,,,,,43.261829463212166,965,0.0448309113608416,0.0077550421458742,2.190810171086652,0.0452812017611574,0.467013821673313,488420.0,455804.3333333333,0.0,0.9332220902774934,0.0,9337.0,599.0,0.0,250.0,562.0,95.0,0.0,150.0,8775.0,504.0,0.0,100.0,0.0601906393916675,0.9398093606083324,0.1585976627712854,0.8414023372287145,0.0,0.0,0.6,0.4
2,inactive,7,blue,6,0-6,,,,21325.24,274.7599999999984,17.0,1254.4258823529412,,,,,,,,,,,,,7.0,21599.96,3085.7085714285713,78.61391760081571,0.0254767797350416,,,,,,,,,,,,,,,,2.0,10.36,5.18,0.0377056340078616,0.0072790799242976,,,,,,2.0,5.4,2.7,0.0196535157956035,0.0072790799242976,1.0,2.28,2.28,0.0082981511136992,0.0036395399621488,,,,,,,,,,,,,,,2.3795331210463955,259,0.0091873865677467,0.0020871883322356,2.14891729147496,0.0082758640031342,0.9426408501965406,533148.0,510787.33333333326,730.0,0.9580591755635082,0.0013692258059675,0.0,261.0,0.0,0.0,0.0,0.0,0.0,0.0,0.0,261.0,0.0,0.0,0.0,0.0,0.0,1.0,0.0,0.0,0.0,0.0
2,inactive,7,blue,12,6-12,,,,19129.4,2470.5999999999985,19.0,1006.8105263157896,,,,,,,,,,,,,8.0,19540.0,2442.5,7.909009957095447,0.0032380798186675,,,,,,3.0,52.2,17.400000000000002,0.0211284708168056,0.0012142799320003,8.0,105.64,13.205,0.0427588440055047,0.0032380798186675,5.0,21.56,4.311999999999999,0.0087266251113089,0.0020237998866672,1.0,1.36,1.36,0.0005504735691734,0.0004047599773334,1.0,2.68,2.68,0.0010847567392536,0.0004047599773334,2.0,6.72,3.36,0.0027199870476807,0.0008095199546668,,,,,,,,,,,,,,,3.943746111011996,390,0.0101121695154153,0.0028977951477547,2.096944877985542,0.0083684468269068,0.1578563911600422,478254.0,451074.0,1098.0,0.9431682745988532,0.0022958511585893,3957.0,579.0,0.0,0.0,0.0,0.0,0.0,0.0,3957.0,579.0,0.0,0.0,0.0,1.0,0.0,1.0,0.0,0.0,0.0,0.0
2,inactive,7,green,6,0-6,8.0,104.92,13.115,19554.28,2045.7200000000012,112.0,174.5917857142857,0.0512875662358484,0.0039106036016659,3.0,24.2,8.066666666666666,0.0118295758950393,0.0014664763506247,10.0,71.96,7.196,0.0351758793969849,0.0048882545020823,65.0,21083.24,324.35753846153847,10.30602428484836,0.0317736542635355,1.0,1.12,1.12,0.0005474845042332,0.0004888254502082,16.0,177.04,11.065,0.0865416577048666,0.0078212072033318,8.0,57.2,7.15,0.0279608157519112,0.0039106036016659,8.0,24.04,3.005,0.011751363823006,0.0039106036016659,3.0,34.2,11.4,0.0167178303971217,0.0014664763506247,26.0,104.16,4.006153846153846,0.0509160588936902,0.0127094617054142,,,,,,,,,,,,,,,,,,,,66.84655079150608,1951,0.0342627118357283,0.0085086401083829,2.017178209563904,0.0331147134811153,0.953698453356275,488969.0,484193.0,0.0,0.9902325096273996,0.0,5880.0,1467.0,2417.0,2631.0,0.0,0.0,0.0,0.0,5880.0,1467.0,2417.0,2631.0,0.0,1.0,0.0,1.0,0.0,1.0,0.0,1.0
2,inactive,7,green,12,6-12,2.0,12.96,6.48,18399.56,3200.4399999999987,121.0,152.062479338843,0.0040494432015597,0.0006249140743147,6.0,31.12,5.1866666666666665,0.009723662996338,0.0018747422229443,3.0,22.2,7.4,0.006936546224894,0.0009373711114721,23.0,19452.08,845.7426086956523,6.077939283348543,0.0071865118546199,,,,,,16.0,60.4,3.775,0.0188724050443064,0.0049993125945182,26.0,125.2,4.815384615384615,0.0391196210521053,0.0081238829660921,4.0,16.56,4.14,0.0051742885353263,0.0012498281486295,4.0,46.52,11.63,0.0145355013685618,0.0012498281486295,10.0,44.08,4.4079999999999995,0.0137731061978977,0.0031245703715739,1.0,2.0,2.0,0.0006249140743147,0.0003124570371573,,,,,,,,,,,,,,,33.08984837627435,1042,0.031756092491626,0.0060858134060543,1.9904412260488051,0.0312963117615359,0.3255802327180014,460110.0,443199.3333333333,0.0,0.9632464700470176,0.0,4682.0,1585.0,1342.0,326.0,200.0,338.0,0.0,0.0,4482.0,1247.0,1342.0,326.0,0.0427167876975651,0.9572832123024348,0.2132492113564668,0.7867507886435331,0.0,1.0,0.0,1.0
2,inactive,7,red,6,0-6,2.0,15.36,7.68,21356.6,243.40000000000143,27.0,790.9851851851852,0.0631059983566142,0.0082169268693508,1.0,7.56,7.56,0.031059983566146,0.0041084634346754,1.0,5.8,5.8,0.0238290879211173,0.0041084634346754,16.0,21538.6,1346.1625,88.49055053409973,0.0657354149548065,,,,,,1.0,7.36,7.36,0.030238290879211,0.0041084634346754,1.0,3.56,3.56,0.0146261298274444,0.0041084634346754,1.0,3.28,3.28,0.0134757600657353,0.0041084634346754,,,,,,2.0,12.04,6.02,0.0494658997534919,0.0082169268693508,,,,,,,,,,,,,,,,,,,,9.746530799423535,220,0.0443024127246524,0.0184472531116543,1.815820755328747,0.041064245865617,0.9038619556285896,533942.0,511362.99999999994,372.0,0.9577126354547872,0.0006967048855493,275.0,83.0,336.0,386.0,0.0,0.0,0.0,0.0,275.0,83.0,336.0,386.0,0.0,1.0,0.0,1.0,0.0,1.0,0.0,1.0
2,inactive,7,red,12,6-12,1.0,17.44,17.44,18444.48,3155.5200000000004,28.0,658.7314285714285,0.0055268228374404,0.000316904979211,4.0,14.36,3.59,0.0045507555014704,0.0012676199168441,2.0,11.32,5.66,0.0035873643646688,0.000633809958422,28.0,19431.64,693.9871428571429,6.1579834702362835,0.0088733394179089,,,,,,14.0,131.88,9.42,0.041793428658351,0.0044366697089544,8.0,197.2,24.65,0.0624936619004157,0.0025352398336882,7.0,29.24,4.177142857142857,0.0092663015921306,0.0022183348544772,4.0,17.6,4.4,0.0055775276341141,0.0012676199168441,16.0,67.48,4.2175,0.0213847479971605,0.0050704796673765,4.0,12.52,3.13,0.0039676503397221,0.0012676199168441,,,,,,,,,,,,,,,20.80161080674687,1069,0.0194589436919989,0.0032670198770559,2.1569692578939943,0.0176164312922313,0.3387714227765946,461140.0,443454.3333333333,7.0,0.9616479449480272,1.5179771869714186e-05,8249.0,1182.0,648.0,437.0,734.0,0.0,0.0,0.0,7515.0,1182.0,648.0,437.0,0.0889804824827251,0.9110195175172748,0.0,1.0,0.0,1.0,0.0,1.0
2,inactive,7,yellow,6,0-6,,,,20999.2,600.7999999999993,63.0,333.3206349206349,,,,,,,,,,,,,8.0,21592.24,2699.03,35.939147802929476,0.0133155792276964,,,,,,,,,,,1.0,1.0,1.0,0.001664447403462,0.001664447403462,2.0,3.84,1.92,0.0063914780292942,0.0033288948069241,,,,,,2.0,7.96,3.98,0.0132490013315579,0.0033288948069241,2.0,5.76,2.88,0.0095872170439414,0.0033288948069241,,,,,,,,,,,,,,,12.102461265577872,555,0.0218062365145547,0.0048721548627357,2.153243566757391,0.0172351207349093,0.9237683089214392,525043.0,506668.6666666667,266.0,0.9650041361691646,0.0005066251716526,26.0,98.0,0.0,0.0,0.0,0.0,0.0,0.0,26.0,98.0,0.0,0.0,0.0,1.0,0.0,1.0,0.0,0.0,0.0,0.0
2,inactive,7,yellow,12,6-12,1.0,2.56,2.56,18483.28,3116.720000000001,37.0,499.54810810810807,0.000821376318694,0.0003208501244898,1.0,3.44,3.44,0.001103724428245,0.0003208501244898,,,,,,12.0,19528.44,1627.37,6.26570240509253,0.0038502014938781,,,,,,47.0,322.68,6.865531914893618,0.1035319181703842,0.0150799558510228,13.0,75.88,5.836923076923076,0.0243461074462896,0.004171051618368,4.0,36.48,9.12,0.0117046125413896,0.0012834004979593,1.0,7.96,7.96,0.0025539669909391,0.0003208501244898,4.0,18.92,4.73,0.0060704843553479,0.0012834004979593,3.0,7.6,2.533333333333333,0.0024384609461228,0.0009625503734695,,,,,,,,,,,,,,,17.280498192935532,1023,0.0168919825932898,0.0039283217577595,2.145785845281966,0.0179420514506485,0.3282296773531147,462119.0,443853.6666666666,46.0,0.960474827190976,9.954146010010408e-05,10024.0,1116.0,87.0,65.0,600.0,338.0,0.0,0.0,9424.0,778.0,87.0,65.0,0.0598563447725458,0.940143655227454,0.3028673835125448,0.6971326164874552,0.0,1.0,0.0,1.0
2,inactive,8,blue,6,0-6,,,,,,,,,,,,,,,,,,,,,,,,,,,,,,,,,,,,,,,,,,,,,,,,,,,,,,,,,,,,,,,,,,,,,,,,,,0.0,0,,,,,,,,,,,,,,,,,,,,,,,,,,,,,,
2,inactive,8,blue,12,6-12,,,,,,,,,,,,,,,,,,,,,,,,,,,,,,,,,,,,,,,,,,,,,,,,,,4.0,11.8,2.95,,,3.0,6.84,2.28,,,,,,,,,,,,,,,,,3.6547489615027,241,0.0151649334502186,0.0025815193966393,2.3464310813403775,0.0145166796802866,,,,,,,,,,,,,,,,,,,,,,,,,,
2,inactive,8,green,6,0-6,47.0,301.12,6.406808510638298,16452.88,5147.119999999999,151.0,108.9594701986755,0.0585026189403006,0.0091313200391675,29.0,144.88,4.995862068965517,0.0281477797292466,0.0056342187475714,16.0,100.36,6.2725,0.019498282534699,0.0031085344814187,138.0,20068.96,145.42724637681158,3.8990658853883344,0.0268111099022365,2.0,2.96,1.48,0.0005750788790624,0.0003885668101773,60.0,260.32,4.338666666666667,0.0505758560126828,0.0116570043053202,77.0,301.0,3.909090909090909,0.0584793049316899,0.0149598221918276,15.0,134.76,8.984,0.0261816316697493,0.00291425107633,2.0,18.64,9.32,0.0036214426708528,0.0003885668101773,57.0,327.24,5.741052631578947,0.0635773014812167,0.0110741540900542,10.0,29.04,2.904,0.005641990083775,0.0019428340508867,0.8,1.0,0.8,0.0,0.0,0.0,0.0001554267240709,0.0001942834050886,0.0,0.0,1.0,0.0,1.0,0.0,249.66929195784215,4999,0.0499438471610006,0.0074879692627345,2.036074468933917,0.0478653370678152,0.9712227420382664,411473.0,269981.33333333326,1025.0,0.6561337762947588,0.0024910504455942,14170.0,3852.0,6176.0,7575.0,1275.0,276.0,94.0,677.0,12895.0,3576.0,6082.0,6898.0,0.0899788285109386,0.9100211714890614,0.0716510903426791,0.9283489096573208,0.015220207253886,0.984779792746114,0.0893729372937293,0.9106270627062706
2,inactive,8,green,12,6-12,6.0,28.2,4.7,19340.36,2259.6399999999994,93.0,207.96086021505377,0.0124798640491405,0.0026552902232213,16.0,92.12,5.7575,0.0407675558938592,0.0070807739285903,16.0,80.48,5.03,0.0356162928608096,0.0070807739285903,37.0,21422.6,578.9891891891891,9.480536722663787,0.0163742897098652,1.0,3.32,3.32,0.0014692605901825,0.0004425483705368,64.0,678.84,10.606875,0.3004195358552691,0.0283230957143615,44.0,136.32,3.098181818181818,0.0603281938715901,0.0194721283036235,7.0,46.6,6.6571428571428575,0.0206227540670195,0.0030978385937582,3.0,12.68,4.226666666666667,0.0056115133384078,0.0013276451116106,24.0,99.16,4.131666666666667,0.0438830964224389,0.0106211608928855,4.0,10.8,2.7,0.0047795224017985,0.0017701934821475,,,,,,,,,,,,,,,98.9746829564309,2164,0.0457369144900327,0.0053510991404922,2.12919936350684,0.0420863401156363,0.9576746738418512,483602.0,315139.9999999999,529.0,0.6516515647164401,0.0010938747151583,20474.0,1492.0,4347.0,711.0,1097.0,22.0,319.0,185.0,19377.0,1470.0,4028.0,526.0,0.0535801504346976,0.9464198495653025,0.0147453083109919,0.985254691689008,0.0733839429491603,0.9266160570508396,0.260196905766526,0.739803094233474
2,inactive,8,red,6,0-6,,,,21286.92,313.08000000000175,65.0,327.4910769230769,,,,,,,,,,,,,9.0,21588.12,2398.68,68.95400536604024,0.0287466462246069,,,,,,,,,,,,,,,,,,,,,,,,,,6.0,21.92,3.6533333333333338,0.0700140539159316,0.0191644308164046,,,,,,,,,,,,,,,,,,,,8.374061347732944,248,0.0337663764021489,0.0091088104446727,1.906931662894929,0.0345842647563983,0.7921298070780587,532238.0,289527.33333333326,63152.0,0.5439809508778652,0.1186536850055802,,,,,,,,,,,,,,,,,,,,
2,inactive,8,red,12,6-12,,,,20944.68,655.3199999999997,11.0,1904.061818181818,,,,,,,,,,,,,8.0,21581.56,2697.695,32.93285723005556,0.0122077763535372,,,,,,35.0,510.96,14.598857142857142,0.7797106757004215,0.0534090215467252,,,,,,1.0,1.12,1.12,0.0017090886894952,0.0015259720441921,,,,,,16.0,52.44,3.2775,0.0800219739974364,0.0244155527070744,,,,,,,,,,,,,,,,,,,,3.674120297576835,626,0.0058692017533176,0.0019442251448681,2.287429814830714,0.0047569801358387,0.9552584996642866,523628.0,322299.9999999999,19075.0,0.6155133033374837,0.0364285332335169,12809.0,29.0,0.0,0.0,654.0,0.0,0.0,0.0,12155.0,29.0,0.0,0.0,0.0510578499492544,0.9489421500507456,0.0,1.0,0.0,0.0,0.0,0.0
2,inactive,8,yellow,6,0-6,10.0,90.64,9.064,18434.64,3165.3600000000006,131.0,140.7224427480916,0.028634973589102,0.0031591983218338,2.0,3.76,1.88,0.0011878585690095,0.0006318396643667,1.0,8.04,8.04,0.0025399954507544,0.0003159198321833,48.0,21347.12,444.7316666666666,6.7439785679985835,0.0151641519448024,,,,,,53.0,427.44,8.064905660377358,0.1350367730684661,0.0167437511057194,4.0,10.92,2.73,0.0034498445674425,0.0012636793287335,5.0,53.92,10.784,0.0170343973513281,0.0015795991609169,,,,,,31.0,132.48,4.273548387096774,0.0418530593676548,0.0097935147976849,3.0,6.48,2.16,0.0020471605125483,0.0009477594965501,0.0,0.0,0.0,0.8,1.0,0.8,0.0,0.0,0.0002527358657467,0.0003159198321833,0.0,1.0,0.0,1.0,97.2129302211554,3029,0.0320940674219727,0.0058267791778188,2.16695240478421,0.0275644463963796,0.9569211716834736,460997.0,286079.33333333326,2255.0,0.6205665835858656,0.0048915719625073,11016.0,1353.0,298.0,2276.0,1275.0,276.0,94.0,677.0,9741.0,1077.0,204.0,1599.0,0.1157407407407407,0.8842592592592593,0.2039911308203991,0.7960088691796009,0.3154362416107382,0.6845637583892618,0.297451669595782,0.7025483304042179
2,inactive,8,yellow,12,6-12,3.0,16.92,5.640000000000001,20151.8,1448.2000000000007,65.0,310.0276923076923,0.0116834691340974,0.0020715370805137,2.0,9.72,4.86,0.0067117801408645,0.0013810247203424,3.0,5.16,1.72,0.0035630437784836,0.0020715370805137,14.0,21553.68,1539.5485714285714,14.883082447175797,0.0096671730423974,,,,,,52.0,383.0,7.365384615384615,0.2644662339455875,0.0359066427289048,27.0,74.84,2.771851851851852,0.0516779450352161,0.0186438337246236,9.0,60.68,6.742222222222222,0.0419002900151912,0.0062146112415412,1.0,10.12,10.12,0.006987985084933,0.0006905123601712,6.0,18.36,3.06,0.012677806932744,0.0041430741610274,2.0,4.08,2.04,0.0028172904294986,0.0013810247203424,,,,,,,,,,,,,,,50.77805825943953,1364,0.0372273154394717,0.0060350741646212,2.1852035390276767,0.0365041280189017,0.9418588592735804,503860.0,321835.9999999999,699.0,0.638740920096852,0.0013872901202715,11525.0,1780.0,377.0,426.0,727.0,22.0,319.0,185.0,10798.0,1758.0,58.0,241.0,0.0630802603036876,0.9369197396963124,0.0123595505617977,0.9876404494382024,0.8461538461538461,0.1538461538461538,0.4342723004694835,0.5657276995305164
3,active,1,blue,18,12-18,52.0,438.44,8.431538461538462,13084.16,8515.84,113.0,115.78902654867257,0.0514852322260634,0.0061062678490906,45.0,321.6,7.146666666666667,0.0377649180820682,0.0052842702540207,140.0,995.64,7.111714285714285,0.1169162407936269,0.0164399519013978,236.0,19638.76,83.21508474576271,2.306144784307831,0.0277130617766421,6.0,12.88,2.146666666666667,0.0015124755749286,0.0007045693672027,100.0,721.32,7.2132,0.0847033293251165,0.0117428227867127,162.0,572.8,3.535802469135802,0.0672628889222907,0.0190233729144746,32.0,310.84,9.71375,0.0365013903502179,0.003757703291748,13.0,45.6,3.5076923076923077,0.005354727190741,0.0015265669622726,125.0,572.64,4.58112,0.0672441004058319,0.0146785284833909,9.0,20.24,2.2488888888888887,0.0023767473320306,0.0010568540508041,7.8,7.0,1.1142857142857143,6.2,6.0,1.0333333333333334,0.0009159401773635,0.0008219975950698,0.0007280550127761,0.0007045693672027,0.5571428571428572,0.4428571428571429,0.5384615384615384,0.4615384615384615,290.5942315694456,8402,0.0345863165400435,0.0081867603681495,2.0556893288124027,0.0333706709165708,0.9866319705396062,327217.0,185430.3333333333,53630.0,0.5666891797594052,0.1638973525214154,32615.0,8956.0,33116.0,11013.0,6688.0,319.0,6100.0,2469.0,25927.0,8637.0,27016.0,8544.0,0.2050590219224283,0.7949409780775717,0.0356185797230906,0.9643814202769092,0.1842009904577847,0.8157990095422153,0.2241895941160446,0.7758104058839553
3,active,1,blue,24,18-24,90.0,879.72,9.774666666666668,13285.52,8314.48,146.0,90.99671232876712,0.1058057749853268,0.010824489324648,42.0,208.12,4.955238095238095,0.0250310302027306,0.0050514283515024,110.0,823.16,7.483272727272727,0.0990031848053035,0.0132299313967921,252.0,18901.48,75.00587301587301,2.2733207608894364,0.0303085701090146,,,,,,27.0,135.64,5.023703703703704,0.0163137081332807,0.0032473467973944,156.0,559.96,3.58948717948718,0.0673475671358882,0.0187624481627233,20.0,135.6,6.779999999999999,0.0163088972491364,0.002405442072144,12.0,49.76,4.1466666666666665,0.0059847398754943,0.0014432652432864,130.0,612.28,4.709846153846153,0.073640203596617,0.0156353734689361,3.0,7.44,2.48,0.0008948244508375,0.0003608163108216,8.0,8.0,1.0,6.0,7.0,0.8571428571428571,0.0009621768288576,0.0009621768288576,0.0007216326216432,0.0008419047252504,0.5714285714285714,0.4285714285714285,0.5333333333333333,0.4666666666666667,271.3598774941545,8165,0.0332345226569693,0.0082623739174696,2.042776042380762,0.0303798838904548,0.9820217259527956,332284.0,209549.66666666663,48002.0,0.6306342365767436,0.1444607624802879,17573.0,4666.0,25934.0,22083.0,2434.0,194.0,4617.0,5184.0,15139.0,4472.0,21317.0,16899.0,0.1385079383144596,0.8614920616855403,0.0415773681954564,0.9584226318045436,0.1780288424462096,0.8219711575537904,0.2347507132183127,0.7652492867816872
3,active,1,green,18,12-18,149.0,937.68,6.293154362416107,8870.56,12729.44,271.0,32.73269372693727,0.0736623135031863,0.011705149637376,86.0,304.84,3.544651162790698,0.0239476363453537,0.0067559924081499,255.0,1302.36,5.107294117647059,0.1023108636357923,0.0200323030706771,375.0,18657.4,49.75306666666667,1.4656889855327493,0.0294592692215839,6.0,8.76,1.46,0.0006881685290162,0.0004713483075453,102.0,909.6,8.91764705882353,0.0714564034238741,0.0080129212282708,313.0,1541.0,4.92332268370607,0.1210579569878957,0.0245886700436154,54.0,326.2,6.04074074074074,0.0256256363202151,0.004242134767908,19.0,68.08,3.583157894736842,0.0053482321296144,0.0014926029738935,187.0,947.64,5.0675935828877,0.0744447516937115,0.0146903555851632,11.0,27.64,2.5127272727272727,0.0021713445367588,0.0008641385638331,9.4,10.0,0.94,10.0,8.0,1.25,0.000738445681821,0.0007855805125755,0.0007855805125755,0.0006284644100604,0.4845360824742268,0.5154639175257733,0.5555555555555556,0.4444444444444444,636.9193702254363,12503,0.0509413237003468,0.0106279587848254,2.089274611624224,0.0491149274177413,0.9822113148732388,222035.0,151408.99999999997,4503.0,0.6819150133987883,0.0202805863940369,61680.0,9930.0,40521.0,23591.0,6998.0,855.0,8096.0,3774.0,54682.0,9075.0,32425.0,19817.0,0.1134565499351491,0.8865434500648508,0.0861027190332326,0.9138972809667674,0.1997976357937859,0.800202364206214,0.1599762621338646,0.8400237378661354
3,active,1,green,24,18-24,122.0,973.64,7.980655737704918,12220.96,9379.04,272.0,44.93,0.1038101980586499,0.0130077278698033,56.0,202.76,3.6207142857142856,0.0216184172367321,0.0059707603336802,127.0,787.68,6.202204724409448,0.0839830089220218,0.0135408314710247,314.0,18502.64,58.9256050955414,1.9727648032207985,0.0334789061567068,7.0,12.44,1.7771428571428571,0.0013263617598389,0.00074634504171,33.0,250.6,7.593939393939394,0.0267191524932189,0.0035184837680615,148.0,1052.28,7.109999999999999,0.1121948514986608,0.0157798665961548,27.0,233.64,8.653333333333332,0.0249108650778757,0.0028787594465958,5.0,35.12,7.023999999999999,0.0037445196949794,0.0005331036012214,130.0,626.84,4.821846153846154,0.0668341322779303,0.0138606936317576,4.0,8.36,2.09,0.0008913492212422,0.0004264828809771,17.4,17.0,1.0235294117647058,10.4,11.0,0.9454545454545454,0.0018552005322506,0.0018125522441529,0.0011088554905406,0.0011728279226871,0.6258992805755396,0.3741007194244605,0.6071428571428571,0.3928571428571428,480.53893718983386,9147,0.0525351412692504,0.0111673379381217,2.064550269571133,0.0519150273850541,0.975259728074515,305796.0,216585.66666666663,22499.0,0.7082684752798162,0.0735751939201297,32753.0,6751.0,24944.0,24463.0,3350.0,528.0,4146.0,5737.0,29403.0,6223.0,20798.0,18726.0,0.102280707110799,0.8977192928892009,0.0782106354614131,0.9217893645385868,0.1662123155869146,0.8337876844130853,0.2345174344929076,0.7654825655070924
3,active,1,red,18,12-18,99.0,980.84,9.907474747474748,10536.04,11063.96,108.0,97.55592592592592,0.088651802790321,0.0089479716123341,63.0,333.72,5.297142857142857,0.0301627988532135,0.0056941637533035,308.0,2567.84,8.337142857142858,0.2320904992425858,0.0278381339050394,432.0,17599.44,40.739444444444445,1.5906998940704775,0.0390456943083669,,,,,,60.0,252.36,4.206,0.0228091930918043,0.0054230130983843,279.0,1548.68,5.550824372759857,0.13997519875343,0.025217010907487,51.0,288.6,5.658823529411765,0.0260846930032285,0.0046095611336266,24.0,108.2,4.508333333333334,0.0097795002874196,0.0021692052393537,155.0,770.72,4.972387096774193,0.0696604109197791,0.0140094505041594,8.0,20.48,2.56,0.0018510551375818,0.0007230684131179,10.8,10.0,1.08,5.0,5.0,1.0,0.0009761423577091,0.0009038355163973,0.0004519177581986,0.0004519177581986,0.6835443037974683,0.3164556962025316,0.6666666666666666,0.3333333333333333,442.22367230344776,10953,0.0403746619468134,0.0121716306921263,2.0987660048831263,0.0385401247323222,0.9899710411100549,263509.0,176051.3333333333,15080.0,0.668103682733164,0.0572276468735413,45365.0,9995.0,72910.0,24620.0,10010.0,1382.0,11060.0,3070.0,35355.0,8613.0,61850.0,21550.0,0.2206546897387854,0.7793453102612146,0.1382691345672836,0.8617308654327164,0.1516938691537512,0.8483061308462488,0.1246953696181965,0.8753046303818034
3,active,1,red,24,18-24,89.0,896.76,10.075955056179776,10432.48,11167.52,108.0,96.59703703703704,0.0803007292577044,0.0079695402381191,41.0,182.84,4.459512195121952,0.0163724801925584,0.0036713612332908,233.0,2115.92,9.081201716738198,0.1894708941645056,0.0208640772526039,361.0,17419.16,48.25252077562327,1.559805579036348,0.032325887932146,1.0,2.0,2.0,0.0001790907918678,8.954539593392266e-05,41.0,281.16,6.857560975609757,0.0251765835207816,0.0036713612332908,300.0,1850.52,6.1684,0.1657055460836425,0.0268636187801767,33.0,233.16,7.065454545454545,0.0208784045159534,0.0029549980658194,15.0,72.88,4.858666666666666,0.0065260684556642,0.0013431809390088,190.0,909.4,4.786315789473684,0.0814325830623092,0.0170136252274453,15.0,36.64,2.4426666666666668,0.0032809433070189,0.0013431809390088,14.4,15.0,0.96,11.0,10.0,1.1,0.0012894537014484,0.0013431809390088,0.0009849993552731,0.0008954539593392,0.5669291338582677,0.4330708661417323,0.6,0.4,372.3397383948525,11056,0.0336776174380293,0.0080221446570512,2.1100965905520903,0.0325452712161449,0.9900138974454488,260920.0,195315.3333333333,11379.0,0.7485640553937349,0.0436110685267514,53633.0,7699.0,57743.0,22508.0,3741.0,216.0,6567.0,5656.0,49892.0,7483.0,51176.0,16852.0,0.0697518318945425,0.9302481681054574,0.0280555916352773,0.9719444083647228,0.1137280709350051,0.8862719290649949,0.251288430780167,0.748711569219833
3,active,1,yellow,18,12-18,45.0,306.16,6.8035555555555565,11948.48,9651.52,129.0,92.62387596899224,0.0317214283346042,0.0046624780345479,45.0,278.52,6.189333333333333,0.0288576307151619,0.0046624780345479,58.0,514.08,8.86344827586207,0.0532641490666755,0.0060094161334173,146.0,20453.24,140.09068493150687,2.119172938563045,0.0151271509565332,3.0,3.64,1.2133333333333334,0.0003771426676834,0.0003108318689698,72.0,675.2,9.377777777777778,0.0699578926428168,0.0074599648552766,237.0,1242.84,5.244050632911392,0.1287714266768343,0.024555717648619,28.0,285.76,10.205714285714285,0.0296077716256092,0.0029010974437187,17.0,116.76,6.868235294117647,0.012097576340307,0.0017613805908292,116.0,448.72,3.8682758620689657,0.0464921587480521,0.0120188322668346,10.0,22.52,2.252,0.0023333112297337,0.0010361062298995,1.0,1.0,1.0,7.8,9.0,0.8666666666666667,0.0001036106229899,0.0001036106229899,0.0008081628593216,0.0009324956069095,0.1136363636363636,0.8863636363636362,0.1,0.9,265.77622638482524,9523,0.0279088760248687,0.005450287200316,2.185586679081424,0.0271033316520997,0.986683962733331,298841.0,191469.3333333333,19624.0,0.6407063734003478,0.0656670269474402,48260.0,10108.0,19918.0,7699.0,10299.0,717.0,4471.0,1880.0,37961.0,9391.0,15447.0,5819.0,0.2134065478657273,0.7865934521342727,0.0709339137316976,0.9290660862683024,0.2244703283462195,0.7755296716537805,0.2441875568255617,0.7558124431744382
3,active,1,yellow,24,18-24,55.0,556.56,10.119272727272726,13647.48,7952.52,142.0,96.10901408450704,0.0699853631301776,0.0069160467373863,39.0,185.96,4.768205128205128,0.0233837827506249,0.0049041058683285,71.0,589.6,8.304225352112676,0.074140021024782,0.0089279876064442,190.0,19778.56,104.09768421052632,2.487080824694562,0.023891797820062,4.0,6.2,1.55,0.0007796270867599,0.0005029852172644,43.0,315.24,7.331162790697674,0.0396402649726124,0.0054070910855929,204.0,1162.48,5.698431372549019,0.1461775638413986,0.0256522460804876,20.0,176.48,8.824,0.0221917077857081,0.0025149260863223,14.0,87.88,6.277142857142857,0.0110505852233002,0.0017604482604256,109.0,414.16,3.799633027522936,0.0520790893955626,0.0137063471704566,10.0,27.08,2.7079999999999997,0.0034052099208804,0.0012574630431611,1.0,1.0,1.0,13.4,13.0,1.0307692307692309,0.0001257463043161,0.0001257463043161,0.0016850004778359,0.0016347019561095,0.0694444444444444,0.9305555555555556,0.0714285714285714,0.9285714285714286,262.9241584668303,7815,0.0336435263553205,0.0066673686549876,2.119502622511017,0.0318379958412585,0.9827073682304476,341329.0,229965.3333333333,25868.0,0.673735115777837,0.0757861183784559,37190.0,6643.0,19499.0,13969.0,1161.0,730.0,4272.0,3113.0,36029.0,5913.0,15227.0,10856.0,0.0312180693734874,0.9687819306265124,0.1098901098901098,0.8901098901098901,0.2190881583670957,0.7809118416329043,0.2228505977521655,0.7771494022478345
3,active,2,blue,18,12-18,106.0,924.88,8.725283018867925,10342.44,11257.56,144.0,71.8225,0.0821563464907138,0.0094158947409563,62.0,292.2,4.712903225806452,0.0259558909745984,0.0055074101315027,56.0,232.96,4.16,0.0206936494231432,0.0049744349574863,248.0,18799.4,75.80403225806452,1.669935581067301,0.0220296405260109,15.0,26.32,1.7546666666666666,0.0023379844300185,0.0013324379350409,341.0,1560.76,4.577008797653959,0.1386410554329712,0.030290755723265,112.0,558.68,4.988214285714285,0.0496270950365798,0.0099488699149726,30.0,249.96,8.332,0.0222037457495229,0.0026648758700819,17.0,129.32,7.607058823529411,0.0114873915839666,0.0015100963263797,181.0,802.96,4.436243093922652,0.0713262909547006,0.0160780844161612,12.0,30.48,2.54,0.0027075138840032,0.0010659503480327,27.2,25.0,1.088,0.0,0.0,0.0,0.0024161541222076,0.0022207298917349,0.0,0.0,1.0,0.0,1.0,0.0,358.2135426659959,11103,0.0322627706625232,0.0066659136317018,1.9761964063458008,0.0316604204239148,0.9862705595173378,258705.0,146771.66666666666,31773.0,0.5673321608266816,0.1228155621267466,53439.0,9529.0,13247.0,23228.0,19513.0,248.0,1019.0,2995.0,33926.0,9281.0,12228.0,20233.0,0.3651453058627594,0.6348546941372406,0.0260258159303179,0.973974184069682,0.0769230769230769,0.9230769230769232,0.1289392112967108,0.8710607887032892
3,active,2,blue,24,18-24,95.0,828.08,8.71663157894737,12725.56,8874.44,126.0,100.99650793650794,0.0933106765046583,0.0107049008162768,50.0,202.24,4.0448,0.0227890435903561,0.0056341583243562,45.0,253.44,5.632,0.0285584217144969,0.0050707424919206,226.0,18625.44,82.41345132743362,2.0987735564159538,0.0254663956260902,7.0,13.48,1.9257142857142855,0.0015189690842464,0.0007887821654098,131.0,701.12,5.35206106870229,0.0790044216874529,0.0147614948098133,102.0,335.16,3.2858823529411767,0.0377668900798247,0.0114936829816867,21.0,170.36,8.112380952380953,0.0191967042427465,0.0023663464962296,8.0,41.08,5.135,0.004629024479291,0.0009014653318969,119.0,637.44,5.356638655462185,0.0718287576455528,0.0134092968119678,10.0,24.84,2.484,0.0027990498555401,0.0011268316648712,32.4,31.0,1.0451612903225806,0.0,0.0,0.0,0.0036509345941828,0.0034931781611008,0.0,0.0,1.0,0.0,1.0,0.0,286.269519478271,8345,0.0343043162945801,0.00714629733346,1.9447813640429623,0.0333874704088557,0.9403410243350566,318265.0,187032.3333333333,55596.0,0.5876622730533779,0.1746846181641085,26140.0,5315.0,11487.0,20797.0,5564.0,205.0,1460.0,3674.0,20576.0,5110.0,10027.0,17123.0,0.2128538638102524,0.7871461361897475,0.0385700846660395,0.9614299153339604,0.1271002002263428,0.8728997997736572,0.1766600952060393,0.8233399047939607
3,active,2,green,18,12-18,132.0,1123.12,8.508484848484848,12610.24,8989.76,335.0,37.64250746268657,0.1249332573950806,0.0146833730822624,42.0,247.92,5.902857142857142,0.0275780443526857,0.0046719823443562,39.0,351.32,9.008205128205129,0.0390800199337913,0.0043382693197593,151.0,19089.92,126.42331125827812,2.1235183141707896,0.0167968889047093,6.0,15.8,2.6333333333333333,0.0017575552628768,0.0006674260491937,254.0,2359.92,9.291023622047245,0.2625120136688855,0.0282543694158687,31.0,196.12,6.3264516129032256,0.0218159327946463,0.0034483679208343,22.0,231.52,10.523636363636363,0.0257537464848894,0.0024472288470437,13.0,67.04,5.156923076923078,0.0074573737229914,0.0014460897732531,102.0,475.88,4.665490196078431,0.0529357847150535,0.0113462428362937,10.0,23.36,2.336,0.0025985120848609,0.0011123767486562,0.8,1.0,0.8,6.2,6.0,1.0333333333333334,8.899013989249991e-05,0.0001112376748656,0.0006896735841668,0.0006674260491937,0.1142857142857143,0.8857142857142858,0.1428571428571428,0.8571428571428571,283.3336828213855,8742,0.0324106248937755,0.0062462207039715,2.0911956848116793,0.0306599617982213,0.9724397536752928,315591.0,198000.3333333333,14505.0,0.6273953735478303,0.0459613867315607,64186.0,7499.0,15062.0,28210.0,22185.0,326.0,2161.0,3234.0,42001.0,7173.0,12901.0,24976.0,0.3456361200261739,0.6543638799738261,0.043472462995066,0.956527537004934,0.1434736422785818,0.8565263577214182,0.1146401985111662,0.8853598014888338
3,active,2,green,24,18-24,152.0,1462.28,9.620263157894737,9760.28,11839.72,273.0,35.75194139194139,0.1235062991354525,0.0128381414425341,29.0,154.36,5.322758620689656,0.0130374704807208,0.0024493822489045,26.0,201.52,7.750769230769231,0.0170206727861807,0.0021959978783282,210.0,17929.52,85.37866666666667,1.5143533799785809,0.0177369059403431,9.0,16.84,1.8711111111111112,0.0014223309335018,0.0007601531117289,245.0,2287.96,9.33861224489796,0.1932444348346076,0.0206930569304003,47.0,334.52,7.117446808510638,0.0282540465483981,0.0039696884723625,18.0,190.84,10.602222222222222,0.016118624426929,0.0015203062234579,11.0,95.96,8.723636363636363,0.0081049214001682,0.0009290760254465,164.0,724.48,4.4175609756097565,0.0611906362650468,0.0138516789248394,18.0,45.36,2.52,0.0038311716831141,0.0015203062234579,2.8,3.0,0.9333333333333332,11.8,12.0,0.9833333333333334,0.0002364920792045,0.0002533843705763,0.0009966451909335,0.0010135374823053,0.1917808219178081,0.8082191780821918,0.2,0.8,328.01411001286755,11218,0.0292399812812326,0.0056156767345281,2.1081621545626756,0.0274781623721315,0.9474886230417612,244280.0,173853.99999999997,20266.0,0.7116996888816112,0.0829621745537907,65854.0,7199.0,8952.0,36709.0,13889.0,286.0,1292.0,5879.0,51965.0,6913.0,7660.0,30830.0,0.2109059434506636,0.7890940565493364,0.0397277399638838,0.960272260036116,0.1443252904378909,0.855674709562109,0.1601514614944564,0.8398485385055436
3,active,2,red,18,12-18,74.0,826.2,11.164864864864866,13939.2,7660.799999999999,114.0,122.27368421052633,0.1078477443609022,0.0096595655806182,42.0,296.6,7.061904761904763,0.0387165831244778,0.0054824561403508,40.0,285.36,7.134,0.0372493734335839,0.0052213868003341,139.0,19709.8,141.79712230215827,2.57281223893066,0.0181443191311612,8.0,15.36,1.92,0.0020050125313283,0.0010442773600668,281.0,2077.0,7.391459074733096,0.2711205096073517,0.0366802422723475,109.0,555.2,5.093577981651377,0.0724728487886382,0.0142282790309106,41.0,170.96,4.169756097560976,0.0223162071846282,0.0053519214703425,19.0,97.36,5.12421052631579,0.0127088554720133,0.0024801587301587,108.0,375.68,3.4785185185185186,0.0490392648287385,0.0140977443609022,15.0,33.92,2.2613333333333334,0.0044277360066833,0.0019580200501253,0.8,1.0,0.8,8.0,7.0,1.1428571428571428,0.0001044277360066,0.0001305346700083,0.0010442773600668,0.0009137426900584,0.0909090909090909,0.9090909090909092,0.125,0.875,184.38760259060095,7541,0.0244513463188703,0.0064777143330517,2.013243131172493,0.0230882144221116,0.9843619465329992,348594.0,178917.3333333333,62207.0,0.5132541963812726,0.1784511494747471,66195.0,6768.0,14631.0,20729.0,11289.0,460.0,1010.0,2078.0,54906.0,6308.0,13621.0,18651.0,0.17054158169046,0.82945841830954,0.067966903073286,0.932033096926714,0.0690315084409814,0.9309684915590184,0.1002460321289015,0.8997539678710985
3,active,2,red,24,18-24,84.0,953.52,11.35142857142857,12373.12,9226.88,122.0,101.41901639344265,0.1033415412360408,0.0091038357494624,46.0,288.6,6.273913043478261,0.0312781785392245,0.0049854338628008,44.0,295.48,6.715454545454546,0.0320238260387043,0.004768675868766,203.0,18965.04,93.42384236453202,2.0554120135950615,0.0220009363945342,4.0,12.32,3.08,0.0013352292432544,0.0004335159880696,257.0,2169.8,8.442801556420234,0.2351607477283762,0.0278534022334743,65.0,443.4,6.821538461538461,0.0480552472775196,0.0070446348061316,41.0,209.32,5.105365853658537,0.0226858916556842,0.0044435388777138,20.0,86.16,4.308,0.00933793438302,0.0021675799403482,135.0,495.2,3.668148148148148,0.0536692793230214,0.0146311645973503,6.0,14.28,2.38,0.0015476520774086,0.0006502739821044,4.2,5.0,0.8400000000000001,11.8,11.0,1.0727272727272728,0.0004551917874731,0.000541894985087,0.0012788721648054,0.0011921689671915,0.2625,0.7375,0.3125,0.6875,238.97617128921908,8698,0.0274748414910576,0.0069051172643598,2.024050460840722,0.0257742727258094,0.9426805160574324,309450.0,199381.3333333333,29387.0,0.6443087197716378,0.0949652609468411,65652.0,7448.0,14692.0,23922.0,14165.0,379.0,917.0,4456.0,51487.0,7069.0,13775.0,19466.0,0.215758849692317,0.7842411503076829,0.0508861439312567,0.9491138560687432,0.0624149196841818,0.937585080315818,0.1862720508318702,0.8137279491681297
3,active,2,yellow,18,12-18,137.0,803.32,5.863649635036497,11079.84,10520.16,127.0,87.24283464566929,0.0763600553603747,0.0130226156256178,26.0,173.24,6.663076923076924,0.0164674301531535,0.0024714453012121,40.0,273.04,6.8260000000000005,0.0259539778862678,0.0038022235403263,179.0,20209.04,112.89966480446928,1.9209821903849371,0.0170149503429605,11.0,24.32,2.210909090909091,0.0023117519125184,0.0010456114735897,207.0,3027.52,14.625700483091787,0.2877826953202232,0.019676506821189,102.0,1736.44,17.02392156862745,0.1650583261091086,0.0096956700278322,18.0,102.08,5.671111111111111,0.0097032744749129,0.0017110005931468,23.0,226.48,9.84695652173913,0.0215281896853279,0.0021862785356876,101.0,416.0,4.118811881188119,0.0395431248193943,0.0096006144393241,13.0,29.68,2.2830769230769232,0.0028212498669221,0.001235722650606,1.0,1.0,1.0,15.6,15.0,1.04,9.505558850815955e-05,9.505558850815955e-05,0.0014828671807272,0.0014258338276223,0.0602409638554216,0.9397590361445782,0.0625,0.9375,266.1888504326318,10401,0.0255926209434315,0.0057927060893832,2.1432501498026255,0.0234633873268586,0.9886731760733676,277123.0,182386.66666666663,6199.0,0.6581433755648814,0.0223691285097231,119408.0,8255.0,11223.0,20220.0,31758.0,624.0,2389.0,4323.0,87650.0,7631.0,8834.0,15897.0,0.2659620795926571,0.7340379204073428,0.0755905511811023,0.9244094488188976,0.2128664349995545,0.7871335650004455,0.2137982195845697,0.7862017804154303
3,active,2,yellow,24,18-24,178.0,1079.16,6.062696629213484,11182.56,10417.44,181.0,61.78209944751381,0.1035916693544671,0.0170867314810548,36.0,193.6,5.377777777777777,0.0185842203074843,0.0034557434456065,58.0,322.52,5.560689655172413,0.0309596215576955,0.0055675866623661,262.0,18986.72,72.4683969465649,1.8225898109324363,0.0251501328541369,10.0,14.64,1.464,0.00140533566788,0.0009599287348907,115.0,1092.12,9.496695652173912,0.1048357369948854,0.0110391804512432,48.0,642.08,13.376666666666669,0.0616351042098634,0.0046076579274754,11.0,103.68,9.425454545454546,0.009952541123347,0.0010559216083797,25.0,305.96,12.2384,0.0293699795727165,0.0023998218372268,118.0,665.0,5.635593220338983,0.0638352608702329,0.0113271590717105,4.0,9.84,2.46,0.0009445698751324,0.0003839714939562,0.8,1.0,0.8,16.6,17.0,0.9764705882352942,7.679429879125774e-05,9.599287348907215e-05,0.0015934816999185,0.0016318788493142,0.0459770114942528,0.9540229885057472,0.0555555555555555,0.9444444444444444,334.656031908615,9839,0.0340132159679454,0.0076569393092654,2.0833720437922914,0.0308298725232963,0.9444738822589812,279745.0,187241.0,18743.0,0.6693274231889756,0.0670003038481474,43518.0,10277.0,12997.0,27157.0,12629.0,404.0,2328.0,6123.0,30889.0,9873.0,10669.0,21034.0,0.2902017555953858,0.7097982444046141,0.0393110830008757,0.9606889169991244,0.1791182580595522,0.8208817419404478,0.2254667304930588,0.7745332695069411
3,active,3,blue,18,12-18,116.0,941.84,8.119310344827586,11952.24,9647.76,158.0,75.64708860759494,0.0976226605968639,0.0120235163395441,101.0,704.36,6.973861386138614,0.0730076204217352,0.0104687512956375,111.0,714.64,6.438198198198198,0.0740731527318258,0.0115052613249085,301.0,18532.84,61.57089700996678,1.920947453087556,0.0311989518810584,16.0,29.72,1.8575,0.0030805078069935,0.0016584160468336,136.0,425.76,3.1305882352941174,0.0441304510062439,0.0140965363980861,180.0,721.64,4.009111111111111,0.0747987097523155,0.0186571805268787,32.0,194.68,6.08375,0.0201787772498486,0.0033168320936673,13.0,35.88,2.76,0.0037189979850245,0.0013474630380523,161.0,703.12,4.367204968944099,0.0728790931781055,0.0166878114712637,7.0,19.4,2.7714285714285714,0.0020108294567858,0.0007255570204897,7.2,7.0,1.0285714285714287,14.0,15.0,0.9333333333333332,0.0007462872210751,0.0007255570204897,0.0014511140409794,0.0015547650439065,0.339622641509434,0.6603773584905661,0.3181818181818182,0.6818181818181818,352.03435742491985,9485,0.0371148505455898,0.0104804526449975,2.016440058584362,0.0340309007325277,0.9831297627635844,298964.0,178054.3333333333,37290.0,0.5955711501496278,0.124730736811121,29001.0,5809.0,35687.0,23662.0,4614.0,566.0,9300.0,4726.0,24387.0,5243.0,26387.0,18936.0,0.1590979621392365,0.8409020378607635,0.0974350146324668,0.9025649853675332,0.2605990977106509,0.7394009022893491,0.1997295241315189,0.8002704758684811
3,active,3,blue,24,18-24,77.0,663.52,8.617142857142857,14926.6,6673.4,84.0,177.69761904761904,0.0994275781460724,0.011538346270267,50.0,434.48,8.6896,0.0651062426948781,0.0074924326430305,44.0,398.92,9.066363636363636,0.0597776245991548,0.0065933407258668,175.0,18530.12,105.8864,2.7767135193454613,0.0262235142506068,1.0,1.04,1.04,0.000155842598975,0.0001498486528606,23.0,68.56,2.9808695652173913,0.0102736236401234,0.003446519015794,43.0,98.44,2.2893023255813953,0.0147511013875985,0.0064434920730062,9.0,86.92,9.657777777777778,0.0130248449066442,0.0013486378757454,10.0,58.52,5.852,0.0087691431654029,0.0014984865286061,84.0,328.2,3.907142857142857,0.0491803278688524,0.0125872868402913,6.0,13.56,2.26,0.0020319477327898,0.0008990919171636,2.4,3.0,0.7999999999999999,9.4,10.0,0.94,0.0003596367668654,0.0004495459585818,0.0014085773368897,0.0014984865286061,0.2033898305084745,0.7966101694915254,0.2307692307692307,0.7692307692307693,183.89487667868863,5826,0.031564517109284,0.0088933156596337,2.033429777794197,0.0282260323051907,0.8730182515659185,373249.0,219386.99999999997,33731.0,0.5877765245184849,0.0903713070899051,4241.0,3655.0,20929.0,16665.0,1225.0,0.0,4084.0,4333.0,3016.0,3655.0,16845.0,12332.0,0.2888469700542325,0.7111530299457675,0.0,1.0,0.195135935782885,0.804864064217115,0.26000600060006,0.73999399939994
3,active,3,green,18,12-18,112.0,670.84,5.989642857142857,9659.48,11940.52,289.0,33.4238062283737,0.0561818078274648,0.0093798260042276,48.0,178.48,3.7183333333333337,0.0149474227253084,0.0040199254303832,42.0,318.6,7.585714285714286,0.0266822550441689,0.0035174347515853,235.0,19869.28,84.55012765957446,1.6640213324042838,0.0196808849195847,3.0,6.44,2.146666666666667,0.000539339995243,0.0002512453393989,81.0,394.64,4.872098765432098,0.0330504869134677,0.0067836241637717,373.0,2709.64,7.264450402144772,0.226928140482994,0.0312381705319366,20.0,167.36,8.368,0.0140161400006029,0.0016749689293263,16.0,131.12,8.195,0.0109810963006636,0.001339975143461,118.0,775.4,6.571186440677966,0.064938545389983,0.0098823166830255,14.0,36.2,2.585714285714286,0.0030316937620807,0.0011724782505284,38.2,41.0,0.9317073170731708,0.8,1.0,0.8,0.0031991906550133,0.003433686305119,6.699875717305444e-05,8.374844646631804e-05,0.9794871794871796,0.0205128205128205,0.9761904761904762,0.0238095238095238,466.56946018814887,11690,0.0399118443274721,0.0077511377717267,2.077978196158869,0.0363021055074937,0.979019339191258,241776.0,159289.99999999997,18138.0,0.6588329693600687,0.075019853087155,78061.0,7498.0,12517.0,16883.0,4411.0,362.0,3328.0,3980.0,73650.0,7136.0,9189.0,12903.0,0.0565070906086265,0.9434929093913734,0.0482795412109895,0.9517204587890103,0.2658784053686985,0.7341215946313014,0.2357400935852633,0.7642599064147367
3,active,3,green,24,18-24,122.0,1369.96,11.229180327868852,8740.72,12859.28,147.0,59.46068027210884,0.106534736003882,0.0094873118868241,56.0,252.68,4.512142857142857,0.0196496226849403,0.0043548316857553,37.0,235.56,6.366486486486487,0.0183182884267237,0.0028772995066597,270.0,17684.88,65.49955555555556,1.3752620675496607,0.0209965099134632,6.0,10.72,1.7866666666666668,0.000833639208416,0.000466589109188,74.0,397.0,5.364864864864865,0.0308726460579441,0.0057545990133195,251.0,1683.92,6.708844621513944,0.1309497887906632,0.0195189777343677,14.0,172.08,12.291428571428572,0.0133817756515139,0.0010887079214388,12.0,92.96,7.746666666666666,0.0072290205983538,0.0009331782183761,205.0,996.64,4.861658536585366,0.0775035616302001,0.0159417945639258,17.0,43.36,2.550588235294118,0.0033718839623991,0.0013220024760328,25.8,25.0,1.032,0.8,1.0,0.8,0.0020063331695087,0.0019441212882836,6.221188122507637e-05,7.776485153134545e-05,0.9699248120300752,0.0300751879699248,0.9615384615384616,0.0384615384615384,400.491509594003,11968,0.0334635285422796,0.0067397824562604,2.0550537658176675,0.0298334454572218,0.9306897431271424,218665.0,142376.99999999997,10945.0,0.6511192920677747,0.0500537351656643,52348.0,6652.0,12299.0,34371.0,2244.0,30.0,1933.0,2928.0,50104.0,6622.0,10366.0,31443.0,0.042866967219378,0.957133032780622,0.0045099218280216,0.9954900781719784,0.1571672493698674,0.8428327506301325,0.085188094614646,0.914811905385354
3,active,3,red,18,12-18,131.0,990.16,7.558473282442748,11641.0,9959.0,134.0,86.8731343283582,0.0994236369113364,0.013153931117582,84.0,550.92,6.558571428571428,0.0553188071091475,0.0084345817853198,84.0,531.8,6.330952380952381,0.053398935636108,0.0084345817853198,289.0,18854.64,65.24096885813148,1.8932262275328848,0.0290189778090169,10.0,19.0,1.9,0.001907822070489,0.0010041168792047,101.0,285.92,2.830891089108911,0.0287097098102219,0.0101415804799678,413.0,2269.6,5.495399515738499,0.2278943669043076,0.0414700271111557,16.0,153.52,9.595,0.0154152023295511,0.0016065870067275,21.0,103.96,4.9504761904761905,0.0104387990762124,0.0021086454463299,132.0,592.08,4.485454545454545,0.0594517521839542,0.0132543428055025,6.0,12.92,2.1533333333333333,0.0012973190079325,0.0006024701275228,1.6,2.0,0.8,20.4,22.0,0.9272727272727272,0.0001606587006727,0.0002008233758409,0.0020483984335776,0.0022090571342504,0.0727272727272727,0.9272727272727272,0.0833333333333333,0.9166666666666666,340.03483378723837,9825,0.034609143388014,0.0088664704732494,2.094365533214653,0.0322765050842512,0.9865448338186564,291159.0,165452.66666666663,45632.0,0.5682553747837663,0.1567253631177466,64402.0,6474.0,27236.0,24885.0,5138.0,361.0,7377.0,4560.0,59264.0,6113.0,19859.0,20325.0,0.0797801310518306,0.9202198689481692,0.0557615075687364,0.9442384924312636,0.2708547510647672,0.7291452489352328,0.1832429174201326,0.8167570825798673
3,active,3,red,24,18-24,116.0,899.76,7.756551724137931,10830.52,10769.48,109.0,99.36256880733946,0.0835472093360125,0.0107711792955648,65.0,489.68,7.533538461538462,0.0454692334263121,0.0060355746052734,41.0,292.08,7.1239024390243895,0.0271210866262809,0.0038070547510186,206.0,18282.76,88.75126213592232,1.6976455687739798,0.0191281287490203,13.0,19.68,1.5138461538461538,0.0018273862804889,0.0012071149210546,40.0,122.56,3.064,0.0113803080557278,0.0037141997570913,434.0,1385.8,3.1930875576036866,0.1286784505844293,0.040299067364441,17.0,142.0,8.352941176470589,0.0131854091376742,0.0015785348967638,25.0,130.64,5.225599999999999,0.0121305764066603,0.002321374848182,146.0,710.88,4.869041095890411,0.0660087580830272,0.0135568291133833,14.0,35.32,2.5228571428571427,0.0032796383855116,0.0012999699149819,8.4,9.0,0.9333333333333332,14.2,14.0,1.0142857142857142,0.0007799819489891,0.0008356949453455,0.0013185409137674,0.0012999699149819,0.3716814159292035,0.6283185840707964,0.391304347826087,0.6086956521739131,284.5315677412137,9899,0.028743465778484,0.0068171039959339,2.106237136830989,0.0272536182847573,0.9191715848861784,270872.0,171418.66666666666,16183.0,0.6328401114425509,0.0597440857674473,38183.0,6858.0,19650.0,22610.0,1760.0,30.0,3407.0,4172.0,36423.0,6828.0,16243.0,18438.0,0.0460938113820286,0.9539061886179714,0.0043744531933508,0.9956255468066492,0.173384223918575,0.8266157760814249,0.1845201238390093,0.8154798761609907
3,active,3,yellow,18,12-18,165.0,991.76,6.010666666666666,10251.56,11348.44,166.0,61.75638554216867,0.0873917472357434,0.0145394433067452,80.0,708.0,8.85,0.0623874294616705,0.0070494270578158,91.0,764.92,8.405714285714286,0.0674030968133064,0.0080187232782655,354.0,18092.08,51.10757062146893,1.5942349785521182,0.0311937147308352,5.0,10.92,2.184,0.0009622467933918,0.0004405891911134,103.0,316.6,3.0737864077669905,0.0278981075813063,0.0090761373369379,124.0,888.44,7.1648387096774195,0.0782874121905742,0.0109266119396146,33.0,251.12,7.609696969696969,0.022128151534484,0.002907888661349,12.0,29.72,2.4766666666666666,0.0026188621519785,0.0010574140586723,142.0,638.36,4.495492957746479,0.0562509032078417,0.0125127330276231,7.0,17.12,2.4457142857142857,0.0015085773903725,0.0006168248675588,0.0,0.0,0.0,11.8,12.0,0.9833333333333334,0.0,0.0,0.0010397904910278,0.0010574140586723,0.0,1.0,0.0,1.0,433.7605866003012,11208,0.0387009802462795,0.0135147126847945,2.098247306557237,0.0343187583639768,0.9876247308000042,256455.0,167341.66666666663,17975.0,0.6525186354981054,0.0700902692480162,30353.0,7066.0,36994.0,24959.0,3768.0,271.0,9099.0,5973.0,26585.0,6795.0,27895.0,18986.0,0.1241392943036932,0.8758607056963068,0.0383526747806396,0.9616473252193604,0.2459588041303995,0.7540411958696005,0.2393124724548259,0.7606875275451741
3,active,3,yellow,24,18-24,96.0,742.08,7.73,14640.12,6959.879999999999,128.0,114.3759375,0.1066225279746202,0.0137933412645045,32.0,245.64,7.67625,0.035293711960551,0.0045977804215015,40.0,284.4,7.109999999999999,0.0408627734960947,0.0057472255268769,183.0,18495.68,101.06928961748632,2.657471105823664,0.0262935567854618,1.0,1.04,1.04,0.0001494278636987,0.0001436806381719,28.0,140.16,5.005714285714285,0.0201382782461766,0.0040230578688138,64.0,276.0,4.3125,0.0396558561354506,0.009195560843003,15.0,185.64,12.376,0.0266728736702356,0.0021552095725788,4.0,6.48,1.62,0.000931050535354,0.0005747225526876,101.0,561.04,5.5548514851485145,0.0806105852399754,0.0145117444553641,3.0,6.32,2.106666666666667,0.0009080616332465,0.0004310419145157,1.8,2.0,0.9,14.0,14.0,1.0,0.0002586251487094,0.0002873612763438,0.0020115289344069,0.0020115289344069,0.1139240506329113,0.8860759493670886,0.125,0.875,202.18461324801325,6093,0.0331830975296263,0.0105967431430545,2.0494149165107967,0.0298360659977747,0.8754461283815239,366131.0,224615.99999999997,14299.0,0.6134853372153682,0.039054327549429,10496.0,4822.0,13323.0,18648.0,1197.0,0.0,3036.0,3543.0,9299.0,4822.0,10287.0,15105.0,0.1140434451219512,0.8859565548780488,0.0,1.0,0.2278766043683855,0.7721233956316145,0.1899935649935649,0.810006435006435
3,active,4,blue,18,12-18,35.0,348.92,9.969142857142858,16647.2,4952.799999999999,135.0,123.3125925925926,0.0704490389274753,0.007066709739945,38.0,183.2,4.821052631578947,0.0369891778387982,0.0076724277176546,37.0,307.6,8.313513513513515,0.0621062833144887,0.0074705217250848,99.0,20672.92,208.8173737373737,4.1739864319172995,0.019988693264416,2.0,4.96,2.48,0.0010014537231465,0.0004038119851397,93.0,657.72,7.072258064516129,0.132797609433048,0.0187772573089969,13.0,58.04,4.464615384615384,0.0117186238087546,0.0026247779034081,18.0,83.24,4.624444444444444,0.0168066548215151,0.0036343078662574,14.0,109.56,7.825714285714286,0.0221208205459538,0.002826683895978,81.0,492.48,6.08,0.0994346632208044,0.0163543853981586,8.0,19.96,2.495,0.0040300436116943,0.0016152479405588,4.8,5.0,0.96,21.4,21.0,1.019047619047619,0.0009691487643353,0.0010095299628492,0.0043207882409949,0.004240025843967,0.183206106870229,0.8167938931297709,0.1923076923076923,0.8076923076923077,146.4329117171858,4818,0.0303928832953893,0.0067869755313248,1.9572946649089744,0.027216917571293,0.9727830722015832,416315.0,190158.66666666663,73263.0,0.4567663107662867,0.1759797268894947,18000.0,4852.0,12345.0,8758.0,1794.0,0.0,1995.0,1365.0,16206.0,4852.0,10350.0,7393.0,0.0996666666666666,0.9003333333333333,0.0,1.0,0.1616038882138517,0.8383961117861483,0.1558575017127198,0.8441424982872802
3,active,4,blue,24,18-24,81.0,817.92,10.097777777777775,13633.12,7966.879999999999,138.0,98.79072463768117,0.1026650332376036,0.0101670917598859,42.0,292.6,6.966666666666667,0.0367270499869459,0.0052718253569778,67.0,392.76,5.862089552238806,0.0492990982668246,0.0084098166408932,195.0,19591.4,100.46871794871797,2.459105697588015,0.0244763320145402,2.0,7.44,3.72,0.0009338662060932,0.0002510393027132,166.0,953.6,5.744578313253013,0.1196955395336694,0.0208362621251983,27.0,458.0,16.962962962962962,0.0574880003213303,0.0033890305866286,24.0,152.56,6.3566666666666665,0.0191492780109653,0.0030124716325587,16.0,137.04,8.565,0.0172012130219107,0.0020083144217058,87.0,397.96,4.574252873563218,0.049951800453879,0.0109202096680256,13.0,31.48,2.4215384615384616,0.0039513586247062,0.001631755467636,12.6,14.0,0.9,30.2,27.0,1.1185185185185185,0.0015815476070933,0.0017572751189926,0.0037906934709698,0.0033890305866286,0.294392523364486,0.705607476635514,0.3414634146341463,0.6585365853658537,249.44061671269324,7830,0.0318570391714806,0.0066088240813044,1.9814340408931923,0.0295883229818649,0.9828188701223064,340966.0,223905.3333333333,52416.0,0.6566793561039321,0.1537279376829361,35483.0,7280.0,17243.0,20529.0,5474.0,526.0,1721.0,2492.0,30009.0,6754.0,15522.0,18037.0,0.1542710593805484,0.8457289406194516,0.0722527472527472,0.9277472527472528,0.0998086179899089,0.9001913820100911,0.1213892542257294,0.8786107457742706
3,active,4,green,18,12-18,146.0,879.32,6.022739726027398,12845.92,8754.08,542.0,23.700959409594095,0.1004468773417652,0.0166779376016668,79.0,469.6,5.944303797468355,0.0536435582037175,0.0090243634967923,32.0,164.08,5.1275,0.0187432602854897,0.0036554383784475,236.0,19757.16,83.71677966101694,2.2569087785352657,0.0269588580410505,1.0,1.52,1.52,0.0001736333229762,0.0001142324493264,204.0,828.0,4.0588235294117645,0.0945844680423299,0.023303419662603,24.0,164.84,6.868333333333333,0.0188300769469778,0.0027415787838356,16.0,68.6,4.2875,0.0078363460237969,0.0018277191892237,17.0,105.84,6.225882352941177,0.0120903624367152,0.0019419516385502,98.0,401.44,4.096326530612245,0.0458574744576243,0.0111947800339955,4.0,8.4,2.1,0.0009595525743424,0.0004569297973059,49.0,50.0,0.98,0.0,0.0,0.0,0.0055973900169977,0.0057116224663242,0.0,0.0,1.0,0.0,1.0,0.0,458.5368891035773,8303,0.0552254473206765,0.0141368167083314,1.9830862789362993,0.0512860281871015,0.948472026757809,321690.0,179127.3333333333,12246.0,0.556832146890899,0.0380677049333209,25049.0,4394.0,15953.0,22129.0,3176.0,382.0,3930.0,6480.0,21873.0,4012.0,12023.0,15649.0,0.1267914886821829,0.8732085113178171,0.0869367319071461,0.913063268092854,0.2463486491568983,0.7536513508431016,0.2928284152017714,0.7071715847982286
3,active,4,green,24,18-24,103.0,547.72,5.3176699029126215,13369.04,8230.96,360.0,37.13622222222222,0.0665438782353455,0.0125137286537657,41.0,373.24,9.103414634146342,0.0453458648808887,0.0049811929592659,29.0,360.04,12.415172413793105,0.0437421637330275,0.0035232828248466,180.0,19689.24,109.38466666666667,2.392095211251179,0.0218686520162897,1.0,2.84,2.84,0.0003450387318125,0.0001214925112016,181.0,1051.08,5.80707182320442,0.1276983486737877,0.0219901445274913,23.0,260.04,11.30608695652174,0.0315929126128665,0.002794327757637,5.0,66.84,13.368,0.0081205594487155,0.000607462556008,18.0,149.84,8.324444444444445,0.0182044378784491,0.0021868652016289,82.0,469.12,5.720975609756097,0.056994566854899,0.0099623859185319,10.0,23.32,2.332,0.0028332053612215,0.001214925112016,39.8,36.0,1.1055555555555554,0.0,0.0,0.0,0.004835401945824,0.0043737304032579,0.0,0.0,1.0,0.0,1.0,0.0,384.35195802370583,7940,0.0484070476100385,0.0084318821695931,2.0336351920809506,0.0451768889025724,0.9646505389407798,334586.0,218791.66666666663,26117.0,0.6539175777428423,0.0780576593162893,32982.0,5440.0,18402.0,13796.0,3711.0,65.0,2129.0,3793.0,29271.0,5375.0,16273.0,10003.0,0.1125159177733309,0.8874840822266691,0.0119485294117647,0.9880514705882352,0.1156939463101836,0.8843060536898163,0.274934763699623,0.7250652363003769
3,active,4,red,18,12-18,81.0,630.92,7.789135802469136,6532.08,15067.92,62.0,105.35612903225808,0.041871738103202,0.0053756590159756,102.0,889.0,8.715686274509803,0.0589995168543501,0.0067693483904878,35.0,213.8,6.1085714285714285,0.0141890851557481,0.002322815624187,206.0,19701.96,95.64058252427184,1.3075434432887882,0.0136714291023578,12.0,18.48,1.54,0.0012264466495707,0.0007963939282926,1118.0,7453.08,6.666440071556351,0.4946323049233072,0.0741973676526023,16.0,78.32,4.895,0.0051977977053236,0.0010618585710569,12.0,81.0,6.75,0.0053756590159756,0.0007963939282926,17.0,140.72,8.27764705882353,0.0093390461324456,0.0011282247317479,145.0,539.48,3.7205517241379313,0.0358032163696117,0.0096230933002033,38.0,98.16,2.583157894736842,0.0065145023334342,0.0025219141062601,2.0,2.0,1.0,17.0,18.0,0.9444444444444444,0.0001327323213821,0.0001327323213821,0.0011282247317479,0.001194590892439,0.1052631578947368,0.8947368421052632,0.1,0.9,331.1208813825329,15011,0.022058549156121,0.0062566432949553,2.082196538743663,0.0210325870634957,0.996222438133465,163364.0,98326.66666666666,6779.0,0.6018869926462787,0.0414962904923973,189419.0,5572.0,27707.0,15854.0,6992.0,0.0,5267.0,3072.0,182427.0,5572.0,22440.0,12782.0,0.0369128756882889,0.9630871243117112,0.0,1.0,0.1900963655393943,0.8099036344606056,0.1937681342248013,0.8062318657751987
3,active,4,red,24,18-24,101.0,968.2,9.586138613861388,11494.48,10105.52,69.0,166.58666666666667,0.0958090231873273,0.009994537638835,63.0,451.2,7.161904761904761,0.0446488651746768,0.006234216546996,36.0,148.2,4.116666666666666,0.0146652522581717,0.0035624094554263,191.0,19051.64,99.74680628272252,1.8852706243716304,0.0189005612774008,8.0,12.12,1.515,0.0011993445166602,0.0007916465456502,444.0,1847.32,4.160630630630631,0.1828030620888385,0.0439363832835915,26.0,109.64,4.216923076923077,0.0108495159081373,0.0025728512733634,9.0,38.2,4.2444444444444445,0.0037801122554801,0.0008906023638565,19.0,157.72,8.301052631578948,0.0156073116474956,0.0018801605459194,144.0,804.48,5.586666666666667,0.0796079766305939,0.0142496378217053,21.0,51.52,2.4533333333333336,0.0050982037539879,0.002078072182332,0.8,1.0,0.8,20.4,23.0,0.8869565217391304,7.916465456502981e-05,9.895581820628726e-05,0.0020186986914082,0.0022759838187446,0.0377358490566037,0.9622641509433962,0.0416666666666666,0.9583333333333334,295.5683033123205,10038,0.0294449395609006,0.0071973135510376,2.094979602559499,0.0273779917299581,0.9933185031547116,287431.0,222965.3333333333,8945.0,0.7757177664668505,0.0311205124012371,49394.0,4926.0,15084.0,24306.0,10201.0,597.0,2227.0,4634.0,39193.0,4329.0,12857.0,19672.0,0.2065230594809086,0.7934769405190913,0.1211936662606577,0.8788063337393422,0.1476398833200742,0.8523601166799257,0.1906525137826051,0.8093474862173948
3,active,4,yellow,18,12-18,105.0,1182.12,11.258285714285714,10662.44,10937.56,144.0,74.04472222222222,0.108078949966903,0.0095999473374317,68.0,396.12,5.825294117647059,0.0362164870409853,0.0062171087518605,31.0,175.72,5.668387096774193,0.0160657404393667,0.0028342701662893,223.0,19745.16,88.54331838565022,1.8052618682777513,0.0203884595833074,8.0,15.6,1.95,0.0014262778901327,0.0007314245590424,407.0,2982.28,7.327469287469288,0.2726641042426281,0.037211224441283,13.0,28.84,2.2184615384615385,0.0026367855353479,0.0011885649084439,33.0,408.68,12.384242424242425,0.0373648235986819,0.0030171263060499,17.0,148.52,8.736470588235294,0.0135788969386225,0.0015542771879651,118.0,571.36,4.842033898305085,0.0522383420068095,0.0107885122458756,8.0,19.84,2.48,0.0018139329064251,0.0007314245590424,0.8,1.0,0.8,18.2,19.0,0.9578947368421052,7.31424559042419e-05,9.142806988030236e-05,0.0016639908718215,0.0017371333277257,0.0421052631578947,0.9578947368421052,0.05,0.95,311.5575260471142,10817,0.0288025816813454,0.0073343681640824,2.153623201817227,0.0270149206885339,0.9889774318952308,266705.0,152777.99999999997,5654.0,0.5728351549464763,0.0211994525786918,75698.0,13980.0,14395.0,29658.0,5070.0,382.0,1674.0,5956.0,70628.0,13598.0,12721.0,23702.0,0.0669766704536447,0.9330233295463553,0.0273247496423462,0.9726752503576538,0.1162903786036818,0.8837096213963181,0.2008227122530177,0.7991772877469823
3,active,4,yellow,24,18-24,83.0,549.28,6.617831325301204,12421.52,9178.48,127.0,97.8072440944882,0.0598443315233023,0.009042891633473,39.0,226.96,5.819487179487179,0.0247274058449765,0.0042490695627162,29.0,205.48,7.08551724137931,0.0223871490704343,0.0031595645466351,160.0,20398.88,127.493,2.222468208243631,0.0174320802572975,6.0,9.92,1.653333333333333,0.0010807889759524,0.0006537030096486,253.0,2510.64,9.923478260869564,0.2735354873573838,0.0275644769068516,12.0,31.88,2.6566666666666667,0.0034733419912665,0.0013074060192973,11.0,117.76,10.705454545454543,0.0128300110693709,0.0011984555176892,11.0,113.48,10.316363636363636,0.0123637029224882,0.0011984555176892,109.0,423.76,3.887706422018349,0.0461688645614524,0.0118756046752839,8.0,21.64,2.705,0.0023576888547994,0.0008716040128648,4.8,5.0,0.96,7.4,6.0,1.2333333333333334,0.0005229624077189,0.0005447525080405,0.0008062337119,0.0006537030096486,0.3934426229508196,0.6065573770491804,0.4545454545454545,0.5454545454545454,267.48067016103295,9064,0.0295102239806964,0.0069484121255362,2.1806924919262225,0.0276971800601062,0.9875273465759036,310665.0,225404.9999999999,8172.0,0.7255564675776156,0.026304862150548,63828.0,5803.0,10879.0,13815.0,5081.0,6.0,1565.0,3614.0,58747.0,5797.0,9314.0,10201.0,0.0796045622610766,0.9203954377389234,0.0010339479579527,0.9989660520420472,0.1438551337439103,0.8561448662560898,0.2615997104596453,0.7384002895403546
3,active,5,blue,18,12-18,127.0,1039.8,8.187401574803149,9170.32,12429.68,154.0,59.54753246753246,0.0836546073591596,0.0102174794524074,83.0,606.44,7.306506024096386,0.0487896711741573,0.0066775653114159,126.0,798.4,6.336507936507936,0.0642333511401741,0.010137026858294,324.0,18075.12,55.78740740740741,1.4541902929118045,0.026066640492756,1.0,1.6,1.6,0.0001287241505815,8.045259411344459e-05,346.0,1353.92,3.913063583815029,0.1089263762220749,0.0278365975632518,77.0,587.0,7.623376623376624,0.0472256727445919,0.0061948497467352,23.0,200.0,8.695652173913043,0.0160905188226889,0.0018504096646092,22.0,156.96,7.134545454545455,0.0126278391720462,0.0017699570704957,163.0,712.8,4.373006134969325,0.0573466090840633,0.0131137728404914,12.0,28.84,2.4033333333333333,0.0023202528142317,0.0009654311293613,11.0,12.0,0.9166666666666666,9.2,10.0,0.92,0.0008849785352478,0.0009654311293613,0.0007401638658436,0.0008045259411344,0.5445544554455446,0.4554455445544554,0.5454545454545454,0.4545454545454545,358.0064330881959,12281,0.0291512444498164,0.0072834302026759,2.0778504286499064,0.0275908774907813,0.9880383083072132,229412.0,137587.3333333333,25788.0,0.5997390430026909,0.1124091154778302,48946.0,8969.0,35330.0,26122.0,15033.0,30.0,8636.0,6763.0,33913.0,8939.0,26694.0,19359.0,0.3071343930045356,0.6928656069954644,0.0033448544988293,0.9966551455011708,0.2444381545428814,0.7555618454571186,0.2589005436030931,0.7410994563969068
3,active,5,blue,24,18-24,94.0,715.44,7.611063829787235,13092.92,8507.08,106.0,123.51811320754716,0.0840993619432284,0.0110496198460576,47.0,270.52,5.7557446808510635,0.0317993953271862,0.0055248099230288,72.0,455.04,6.32,0.0534895639867028,0.0084635386054909,217.0,18726.04,86.29511520737327,2.201230034277331,0.0255081649637713,,,,,,198.0,605.32,3.0571717171717174,0.0711548498427192,0.0232747311651001,42.0,237.24,5.648571428571429,0.0278873597050927,0.0049370641865363,13.0,116.48,8.96,0.0136921246773275,0.0015281389148803,14.0,68.32,4.88,0.0080309577434325,0.0016456880621787,103.0,478.84,4.6489320388349515,0.0562872336924067,0.012107562171744,15.0,34.76,2.317333333333333,0.0040860083600953,0.0017632372094772,10.6,10.0,1.06,6.2,6.0,1.0333333333333334,0.0012460209613639,0.0011754914729848,0.0007288047132506,0.0007052948837909,0.6309523809523809,0.369047619047619,0.625,0.375,245.3729046871347,8257,0.0297169558783014,0.0072576372341205,2.0865527818214726,0.0285828001638488,0.9706033092435948,327429.0,257687.33333333328,22361.0,0.7870021694270614,0.068292668028794,21304.0,4647.0,18258.0,17980.0,5915.0,420.0,3350.0,4972.0,15389.0,4227.0,14908.0,13008.0,0.277647390161472,0.722352609838528,0.0903808908973531,0.9096191091026468,0.1834812137145361,0.8165187862854639,0.2765294771968854,0.7234705228031145
3,active,5,green,18,12-18,91.0,769.48,8.455824175824176,9762.6,11837.4,245.0,39.84734693877551,0.0650041394225083,0.0076874989440248,74.0,455.84,6.159999999999999,0.0385084562488384,0.0062513727676685,87.0,529.28,6.08367816091954,0.0447125213306976,0.0073495869025292,282.0,18746.36,66.47645390070922,1.583655194552858,0.0238227989254397,2.0,4.48,2.24,0.000378461486475,0.0001689560207477,203.0,2043.44,10.066206896551725,0.1726257455184415,0.0171490361059016,32.0,371.56,11.61125,0.0313886495345261,0.0027032963319647,31.0,323.64,10.44,0.0273404632774088,0.0026188183215908,16.0,84.08,5.255,0.0071029111122374,0.0013516481659823,154.0,727.92,4.726753246753247,0.061493233311369,0.0130096135975805,19.0,43.84,2.3073684210526317,0.0037035159747917,0.001605082197104,7.4,8.0,0.925,11.4,12.0,0.95,0.0006251372767668,0.0006758240829911,0.0009630493182624,0.0010137361244867,0.3936170212765957,0.6063829787234043,0.4,0.6,368.1909053449306,11663,0.031569142188539,0.0081874175505868,2.02784512741001,0.029589252230781,0.985267034990792,244310.0,133239.66666666666,44602.0,0.5453713178611872,0.1825631369980762,60610.0,10240.0,24789.0,19328.0,11647.0,467.0,5701.0,3974.0,48963.0,9773.0,19088.0,15354.0,0.1921630094043887,0.8078369905956113,0.04560546875,0.95439453125,0.2299810399774093,0.7700189600225906,0.2056084437086092,0.7943915562913907
3,active,5,green,24,18-24,77.0,621.0,8.064935064935066,14928.2,6671.799999999999,205.0,72.82048780487806,0.0930783296861416,0.0115411133427261,41.0,261.96,6.389268292682926,0.0392637668994873,0.0061452681435294,51.0,333.56,6.540392156862745,0.049995503462334,0.0076441140321952,175.0,19681.36,112.46491428571429,2.9499325519350106,0.0262298030516502,,,,,,152.0,1010.12,6.645526315789474,0.1514014209059024,0.022782457507719,26.0,243.92,9.381538461538462,0.0365598489163344,0.0038969993105308,15.0,106.56,7.104,0.0159717017896219,0.0022482688329985,13.0,62.36,4.796923076923077,0.0093468029617194,0.0019484996552654,107.0,550.48,5.144672897196262,0.0825084684792709,0.0160376510087232,6.0,13.08,2.18,0.0019604904223747,0.0008993075331994,4.0,4.0,1.0,5.6,6.0,0.9333333333333332,0.0005995383554662,0.0005995383554662,0.0008393536976528,0.0008993075331994,0.4166666666666667,0.5833333333333334,0.4,0.6,246.091662212814,6393,0.0384939249511675,0.0086303292700449,2.0362502593706977,0.035691918023783,0.9582121766239996,373410.0,271516.6666666666,35236.0,0.7271274648956016,0.0943627647893736,31529.0,4251.0,14980.0,15602.0,8533.0,395.0,4119.0,3037.0,22996.0,3856.0,10861.0,12565.0,0.270639728503917,0.729360271496083,0.0929193131027993,0.9070806868972008,0.2749666221628838,0.7250333778371162,0.1946545314703243,0.8053454685296757
3,active,5,red,18,12-18,78.0,960.44,12.313333333333334,8837.84,12762.16,108.0,81.83185185185185,0.0752568530718938,0.0061118180621462,63.0,494.84,7.854603174603175,0.0387740006393901,0.0049364684348104,73.0,592.08,8.11068493150685,0.0463934004901991,0.0057200348530342,256.0,17591.32,68.71609375,1.3783967604230003,0.0200593003065311,7.0,18.68,2.6685714285714286,0.0014637020692421,0.0005484964927567,201.0,1412.64,7.028059701492538,0.1106897265039773,0.0157496850062998,91.0,1247.32,13.706813186813186,0.0977358064779002,0.0071304544058372,11.0,113.36,10.305454545454545,0.0088825089169858,0.0008619230600462,25.0,205.08,8.2032,0.0160693801049352,0.0019589160455596,196.0,839.88,4.2851020408163265,0.0658101763337867,0.0153579017971879,20.0,53.48,2.674,0.0041905132046612,0.0015671328364477,7.0,7.0,1.0,6.4,7.0,0.9142857142857144,0.0005484964927567,0.0005484964927567,0.0005014825076632,0.0005484964927567,0.5223880597014925,0.4776119402985074,0.5,0.5,299.62503743838994,12656,0.023674544677496,0.0063495442975788,2.0505892620695145,0.0227704554139488,0.9916816589041354,221054.0,130739.0,21402.0,0.5914346720710776,0.0968179720792204,66791.0,7997.0,27309.0,24089.0,22563.0,236.0,4723.0,4267.0,44228.0,7761.0,22586.0,19822.0,0.3378149750714916,0.6621850249285083,0.0295110666499937,0.9704889333500064,0.172946647625325,0.827053352374675,0.1771347918136909,0.8228652081863091
3,active,5,red,24,18-24,56.0,602.88,10.765714285714283,14448.68,7151.32,75.0,192.64906666666667,0.0843033174295095,0.0078307221603843,31.0,247.16,7.972903225806451,0.0345614515921536,0.0043348640530699,37.0,303.12,8.192432432432433,0.0423865803795662,0.0051738699988253,136.0,19380.24,142.50176470588235,2.710022765027995,0.0190174681037906,4.0,9.4,2.35,0.0013144426483502,0.0005593372971703,95.0,848.96,8.93642105263158,0.1187137479514271,0.0132842608077949,43.0,636.52,14.802790697674418,0.0890073440987118,0.0060128759445808,8.0,80.56,10.07,0.01126505316501,0.0011186745943406,9.0,101.64,11.293333333333331,0.0142127607210976,0.0012585089186332,96.0,499.72,5.205416666666667,0.0698780085354871,0.0134240951320875,23.0,57.32,2.4921739130434784,0.0080153034684505,0.0032161894587292,4.4,5.0,0.8800000000000001,5.8,5.0,1.16,0.0006152710268873,0.0006991716214628,0.0008110390808969,0.0006991716214628,0.4313725490196079,0.5686274509803921,0.5,0.5,152.16227491662866,6935,0.0219412076303718,0.0053285667977636,2.0663732990407695,0.0207742856551516,0.9697510389690296,361292.0,280502.6666666666,9495.0,0.7763877048666082,0.0262806815539785,37275.0,4572.0,13825.0,15128.0,10343.0,815.0,1820.0,4698.0,26932.0,3757.0,12005.0,10430.0,0.2774782025486251,0.7225217974513749,0.1782589676290463,0.8217410323709536,0.1316455696202531,0.8683544303797468,0.3105499735589635,0.6894500264410365
3,active,5,yellow,18,12-18,85.0,1025.44,12.064,9804.72,11795.28,206.0,47.595728155339806,0.0869364695030554,0.0072062723394442,66.0,393.92,5.968484848484849,0.0333964094112221,0.005595458522392,66.0,496.96,7.529696969696969,0.0421321070801201,0.005595458522392,226.0,18792.72,83.15362831858408,1.5932406861049504,0.0191602064554635,8.0,14.28,1.785,0.0012106537530266,0.0006782373966535,214.0,2498.84,11.676822429906542,0.2118508420317279,0.0181428503604831,66.0,909.64,13.78242424242424,0.0771189831864949,0.005595458522392,23.0,245.28,10.664347826086956,0.0207947585813986,0.001949932515379,16.0,100.76,6.2975,0.0085424000108517,0.0013564747933071,153.0,600.48,3.9247058823529417,0.0509084989928174,0.0129712902109996,17.0,41.56,2.4447058823529413,0.0035234432756153,0.0014412544678888,6.2,7.0,0.8857142857142858,4.6,5.0,0.92,0.0005256339824065,0.0005934577220718,0.0003899865030758,0.0004238983729084,0.5740740740740741,0.4259259259259259,0.5833333333333334,0.4166666666666667,316.803781081856,11627,0.0272472504585753,0.0056090879186831,2.1161540785581905,0.0259404898154371,0.985733276361392,245324.0,130740.66666666666,48072.0,0.5329306006206758,0.195953106911676,85492.0,8690.0,22404.0,25721.0,20093.0,261.0,5340.0,5127.0,65399.0,8429.0,17064.0,20594.0,0.2350278388621157,0.7649721611378842,0.0300345224395857,0.9699654775604144,0.2383502945902517,0.7616497054097483,0.1993312857198398,0.8006687142801602
3,active,5,yellow,24,18-24,100.0,978.88,9.7888,12245.8,9354.2,167.0,73.32814371257484,0.1046460413504094,0.0106903850676701,52.0,418.48,8.047692307692309,0.0447371234311859,0.0055590002351884,37.0,294.68,7.964324324324324,0.0315024267174103,0.0039554424750379,190.0,19073.16,100.38505263157894,2.0389942485728336,0.0203117316285732,6.0,18.44,3.0733333333333337,0.0019713070064783,0.0006414231040602,99.0,1621.8,16.381818181818183,0.1733766650274742,0.0105834812169934,46.0,798.52,17.359130434782607,0.0853648628423595,0.0049175771311282,7.0,44.24,6.32,0.0047294263539372,0.0007483269547369,14.0,178.24,12.731428571428571,0.0190545423446152,0.0014966539094738,103.0,492.72,4.7836893203883495,0.0526736653054243,0.0110110966197002,13.0,31.44,2.4184615384615387,0.0033610570652754,0.0013897500587971,4.2,4.0,1.05,5.6,6.0,0.9333333333333332,0.0004489961728421,0.0004276154027068,0.0005986615637895,0.0006414231040602,0.4285714285714285,0.5714285714285714,0.4,0.6,246.97281395987005,9069,0.027232640198464,0.0059745327561824,2.0757149776352226,0.0256792725845762,0.9695110217870048,306312.0,237216.0,21749.0,0.7744260753741283,0.0710027684191282,60653.0,5583.0,17850.0,24572.0,7539.0,0.0,3972.0,5093.0,53114.0,5583.0,13878.0,19479.0,0.1242972317939755,0.8757027682060244,0.0,1.0,0.2225210084033613,0.7774789915966387,0.2072684356177763,0.7927315643822237
3,active,6,blue,18,12-18,88.0,957.24,10.877727272727272,11246.04,10353.96,132.0,85.19727272727273,0.0924515837418726,0.0084991636050361,75.0,855.52,11.406933333333331,0.0826273232656877,0.0072436053452012,64.0,746.56,11.665,0.0721038134201793,0.0061812098945717,275.0,18050.92,65.63970909090908,1.74338320797067,0.0265598862657379,2.0,4.92,2.46,0.0004751805106452,0.0001931628092053,68.0,449.16,6.605294117647059,0.0433805036913412,0.0065675355129824,149.0,980.36,6.579597315436241,0.0946845458162867,0.0143906292857998,21.0,103.8,4.942857142857143,0.0100251497977585,0.0020282094966563,17.0,56.48,3.3223529411764705,0.0054549177319595,0.0016418838782456,137.0,657.96,4.802627737226278,0.0635467009723815,0.0132316524305676,4.0,9.96,2.49,0.0009619507898427,0.0003863256184107,3.6,4.0,0.9,3.4,4.0,0.85,0.0003476930565696,0.0003863256184107,0.0003283767756491,0.0003863256184107,0.5142857142857143,0.4857142857142857,0.5,0.5,275.0441486220863,10231,0.0268834081343061,0.0078629426684412,2.0876130327209124,0.0263314139532711,0.988124350490054,281283.0,203250.66666666663,15328.0,0.7225842538179224,0.0544931616912504,35955.0,4045.0,40191.0,24019.0,19693.0,88.0,7343.0,4905.0,16262.0,3957.0,32848.0,19114.0,0.5477124183006536,0.4522875816993464,0.0217552533992583,0.9782447466007416,0.1827025951083576,0.8172974048916424,0.204213331112869,0.795786668887131
3,active,6,blue,24,18-24,86.0,760.24,8.84,10544.88,11055.12,101.0,104.40475247524752,0.0687681363929111,0.0077792009494243,90.0,1254.96,13.944,0.1135184421335996,0.0081410242493975,30.0,177.0,5.9,0.0160106810238152,0.0027136747497991,255.0,18208.8,71.40705882352941,1.647092026138115,0.023066235373293,2.0,9.28,4.64,0.0008394300559378,0.0001809116499866,121.0,819.2,6.770247933884298,0.0741014118345164,0.01094515482419,143.0,923.4,6.457342657342657,0.083526908798819,0.0129351829740427,18.0,154.24,8.568888888888889,0.0139519064469675,0.0016282048498795,10.0,43.4,4.34,0.0039257828047094,0.000904558249933,131.0,606.76,4.63175572519084,0.0548849763729385,0.0118497130741231,8.0,18.96,2.37,0.001715042441873,0.0007236465999464,5.6,6.0,0.9333333333333332,6.8,8.0,0.85,0.0005065526199625,0.0005427349499598,0.0006150996099544,0.0007236465999464,0.4516129032258065,0.5483870967741936,0.4285714285714285,0.5714285714285714,278.69241543454245,10911,0.0255423348395694,0.0061512456504454,2.1158871337966834,0.0251281419357638,0.9869635065019646,263723.0,204507.3333333333,12794.0,0.7754626381974015,0.0485130231341217,43829.0,4969.0,35919.0,19092.0,19461.0,9.0,7738.0,4061.0,24368.0,4960.0,28181.0,15031.0,0.4440210819320541,0.5559789180679459,0.0018112296236667,0.9981887703763332,0.2154291600545672,0.7845708399454328,0.212706892939451,0.7872931070605489
3,active,6,green,18,12-18,84.0,701.92,8.356190476190475,10600.84,10999.16,258.0,41.088527131782946,0.0638157822961026,0.0076369468213936,71.0,424.8,5.983098591549296,0.0386211310681906,0.0064550383847493,28.0,239.4,8.55,0.0217652984409718,0.0025456489404645,177.0,19603.88,110.75638418079096,1.7823070125355027,0.0160921379450794,14.0,44.08,3.148571428571429,0.0040075787605598,0.0012728244702322,249.0,3477.96,13.967710843373494,0.3162023281777881,0.0226380923634168,106.0,1742.12,16.43509433962264,0.1583866404343604,0.00963709956033,21.0,183.6,8.742857142857142,0.0166921837667603,0.0019092367053484,9.0,42.92,4.768888888888889,0.0039021161615977,0.0008182443022921,157.0,677.52,4.315414012738853,0.0615974310765549,0.014273817273319,17.0,43.44,2.5552941176470587,0.0039493924990635,0.0015455725709963,3.6,4.0,0.9,5.0,5.0,1.0,0.0003272977209168,0.000363664134352,0.00045458016794,0.00045458016794,0.4186046511627907,0.5813953488372093,0.4444444444444444,0.5555555555555556,310.2901715361797,10820,0.028677465021828,0.0063788537797555,2.112975994396506,0.0269276966931508,0.9837114834223704,265279.0,198968.99999999997,13884.0,0.7500367537573648,0.0523373504875998,130857.0,5693.0,16704.0,17632.0,69984.0,118.0,5118.0,4993.0,60873.0,5575.0,11586.0,12639.0,0.5348128109310163,0.4651871890689837,0.0207272088529773,0.9792727911470228,0.3063936781609195,0.6936063218390804,0.2831783121597096,0.7168216878402904
3,active,6,green,24,18-24,94.0,756.36,8.046382978723404,10946.64,10653.36,188.0,58.22680851063829,0.0709973191556466,0.0088235073253884,90.0,550.04,6.111555555555555,0.0516306592474111,0.0084480389285633,27.0,129.8,4.807407407407408,0.0121839494769725,0.002534411678569,193.0,18999.16,98.44124352331606,1.783396036555603,0.0181163501468081,12.0,55.04,4.586666666666667,0.0051664451403125,0.0011264051904751,182.0,3071.84,16.87824175824176,0.2883447100257571,0.0170838120555392,95.0,672.68,7.080842105263157,0.0631425202940668,0.0089173744245946,21.0,226.6,10.79047619047619,0.0212702846801384,0.0019712090833314,14.0,67.04,4.788571428571429,0.0062928503307876,0.0013141393888876,147.0,662.36,4.505850340136054,0.0621738118302582,0.0137984635833201,20.0,53.24,2.662,0.0049974843617412,0.0018773419841251,4.8,6.0,0.7999999999999999,7.0,7.0,1.0,0.00045056207619,0.0005632025952375,0.0006570696944438,0.0006570696944438,0.4067796610169491,0.5932203389830508,0.4615384615384615,0.5384615384615384,335.7657493221192,10478,0.0320448319643175,0.006711820914281,2.0806814242872584,0.0302505630337536,0.9835394654831904,273854.0,200312.66666666663,16363.0,0.7314578814502131,0.0597508161283019,93890.0,7376.0,17113.0,19003.0,23638.0,108.0,5577.0,3147.0,70252.0,7268.0,11536.0,15856.0,0.2517627010331238,0.7482372989668762,0.014642082429501,0.985357917570499,0.3258925962718401,0.6741074037281599,0.165605430721465,0.834394569278535
3,active,6,red,18,12-18,73.0,716.52,9.815342465753425,13911.92,7688.08,66.0,210.78666666666663,0.0931988220726111,0.0094952185721272,46.0,329.24,7.1573913043478266,0.0428247364751667,0.005983288415313,43.0,353.8,8.227906976744187,0.0460192922029947,0.0055930739534448,159.0,19641.8,123.53333333333332,2.554838139041217,0.0206813664790168,2.0,4.88,2.44,0.0006347488579723,0.0002601429745788,133.0,624.6,4.696240601503759,0.0812426509609681,0.017299507809492,134.0,1069.0,7.977611940298507,0.1390464199123838,0.0174295792967815,24.0,122.4,5.1000000000000005,0.0159207500442243,0.0031217156949459,21.0,121.84,5.801904761904762,0.0158479100113422,0.0027315012330776,97.0,433.28,4.46680412371134,0.0563573740127574,0.0126169342670731,7.0,17.28,2.468571428571429,0.002247635300361,0.0009105004110258,3.6,4.0,0.9,2.8,3.0,0.9333333333333332,0.0004682573542418,0.0005202859491576,0.0003642001644103,0.0003902144618682,0.5625,0.4374999999999999,0.5714285714285714,0.4285714285714285,209.11457161272415,7622,0.0274356562073896,0.0086184484398533,2.0738655093787743,0.0253092395669298,0.9914048761199156,347864.0,211893.3333333333,61152.0,0.6091269384970371,0.1757928385805947,42607.0,6151.0,17165.0,17986.0,26866.0,21.0,5228.0,4373.0,15741.0,6130.0,11937.0,13613.0,0.6305536648907456,0.3694463351092543,0.0034140790115428,0.9965859209884572,0.3045732595397611,0.6954267404602389,0.2431335483153563,0.7568664516846436
3,active,6,red,24,18-24,57.0,550.12,9.651228070175438,13927.56,7672.44,65.0,214.27015384615385,0.0717007887973056,0.0074291881070428,43.0,345.28,8.029767441860464,0.0450026327999958,0.0056044752386463,34.0,190.8,5.611764705882353,0.024868229663575,0.0044314455375343,156.0,19760.84,126.67205128205129,2.575561359880299,0.0203325148192752,,,,,,201.0,1499.64,7.460895522388061,0.1954580289972942,0.0261976633248353,50.0,494.16,9.8832,0.0644071507890579,0.0065168316728446,21.0,182.0,8.666666666666666,0.0237212672891544,0.0027370693025947,11.0,55.44,5.04,0.0072258629588501,0.0014337029680258,101.0,466.32,4.617029702970297,0.0607785789136181,0.0131639999791461,10.0,24.4,2.44,0.0031802138563481,0.0013033663345689,3.8,4.0,0.95,3.8,4.0,0.95,0.0004952792071361,0.0005213465338275,0.0004952792071361,0.0005213465338275,0.5,0.5,0.5,0.5,184.47158534568348,7575,0.0243526845340836,0.0063065810599187,2.0889800998726997,0.0220971407190569,0.9872999984359604,348254.0,233909.3333333333,27241.0,0.6716630199030975,0.0782216428239158,50096.0,5968.0,13479.0,13810.0,9320.0,171.0,3833.0,3536.0,40776.0,5797.0,9646.0,10274.0,0.1860427978281699,0.8139572021718301,0.0286528150134048,0.9713471849865952,0.2843682765783812,0.7156317234216188,0.2560463432295438,0.7439536567704562
3,active,6,yellow,18,12-18,134.0,1025.8,7.655223880597014,7472.6,14127.4,137.0,54.54452554744526,0.0726106714611322,0.0094851140337217,82.0,464.48,5.66439024390244,0.0328779534804705,0.0058043235131729,86.0,568.64,6.612093023255814,0.040250860030862,0.0060874612455228,264.0,18942.24,71.75090909090909,1.3408157198069002,0.0186870903350935,9.0,14.24,1.5822222222222222,0.0010079703271656,0.0006370598977872,183.0,3254.04,17.781639344262295,0.2303353766439684,0.012953551255008,145.0,2766.08,19.07641379310345,0.1957954046746039,0.0102637427976839,33.0,187.4,5.678787878787879,0.0132650027605928,0.0023358862918866,42.0,167.04,3.977142857142857,0.0118238317029318,0.0029729461896739,192.0,799.44,4.16375,0.0565879071874513,0.0135906111527952,17.0,52.2,3.070588235294118,0.0036949474071662,0.001203335362487,4.0,4.0,1.0,3.6,4.0,0.9,0.0002831377323499,0.0002831377323499,0.0002548239591149,0.0002831377323499,0.5263157894736842,0.4736842105263158,0.5,0.5,383.1807930191604,13991,0.0273876629990108,0.0064327038058172,2.1512432571425815,0.0256211316458224,0.9903450033268684,186952.0,156943.66666666666,5724.0,0.8394864278887985,0.0306174847019555,150831.0,8936.0,25996.0,25779.0,64179.0,105.0,8240.0,5993.0,86652.0,8831.0,17756.0,19786.0,0.4255027149591264,0.5744972850408736,0.0117502238137869,0.9882497761862132,0.3169718418218187,0.6830281581781813,0.232476046394352,0.767523953605648
3,active,6,yellow,24,18-24,86.0,520.0,6.046511627906977,12643.48,8956.52,130.0,97.25753846153846,0.0580582637006337,0.0096019436120278,70.0,454.76,6.496571428571428,0.0507741846163465,0.0078155354981622,39.0,224.52,5.756923076923077,0.0250677718578197,0.0043543697775475,209.0,19607.96,93.817990430622,2.189238677522073,0.02333495598737,8.0,48.24,6.03,0.0053860204633049,0.0008932040569328,65.0,984.28,15.14276923076923,0.1098953611447303,0.0072572829625792,71.0,1385.44,19.51323943661972,0.1546850785796269,0.0079271860052788,20.0,124.76,6.238,0.0139295172678674,0.002233010142332,22.0,128.56,5.843636363636364,0.0143537891949105,0.0024563111565652,106.0,428.8,4.0452830188679245,0.0478757374515995,0.0118349537543599,9.0,24.04,2.671111111111111,0.0026840781910831,0.0010048545640494,5.0,5.0,1.0,1.6,2.0,0.8,0.000558252535583,0.000558252535583,0.0001786408113865,0.0002233010142332,0.7575757575757576,0.2424242424242424,0.7142857142857143,0.2857142857142857,281.79866170612974,8811,0.0319825969476937,0.008401972552625,2.103644632649154,0.0303970399631584,0.983752618204392,316217.0,233332.66666666663,8539.0,0.7378878006769611,0.0270036082816546,59379.0,6375.0,17091.0,13086.0,23735.0,288.0,4648.0,4459.0,35644.0,6087.0,12443.0,8627.0,0.399720439886155,0.600279560113845,0.0451764705882353,0.9548235294117648,0.2719560002340413,0.7280439997659587,0.3407458352437719,0.659254164756228
3,active,7,blue,18,12-18,72.0,567.08,7.876111111111111,9742.12,11857.88,92.0,105.8926086956522,0.0478230510006847,0.0060719116739248,55.0,350.4,6.37090909090909,0.0295499701464342,0.0046382658620259,106.0,702.28,6.625283018867925,0.0592247518106103,0.0089392032977226,243.0,18616.44,76.61086419753086,1.5699636022627992,0.0204927018994963,2.0,3.44,1.72,0.000290102446643,0.0001686642131645,234.0,1841.32,7.868888888888889,0.1552823944921014,0.0197337129402557,187.0,826.12,4.417754010695187,0.069668439889761,0.0157701039308881,27.0,180.6,6.688888888888889,0.0152303784487615,0.0022769668777218,29.0,305.96,10.550344827586208,0.0258022513299173,0.0024456310908863,179.0,816.04,4.558882681564246,0.0688183722554116,0.0150954470782298,25.0,67.0,2.68,0.0056502511410134,0.0021083026645572,5.8,6.0,0.9666666666666668,26.4,21.0,1.2571428571428571,0.0004891262181772,0.0005059926394937,0.0022263676137724,0.001770974238228,0.1801242236024844,0.8198757763975156,0.2222222222222222,0.7777777777777778,311.57948603991775,11756,0.0265038691765836,0.0055072324543374,2.14596249457941,0.0250461242256684,0.9914082449813963,243645.0,176032.3333333333,15982.0,0.722495160308372,0.0655954359826797,67107.0,12220.0,26478.0,14249.0,25094.0,491.0,5072.0,2974.0,42013.0,11729.0,21406.0,11275.0,0.3739401254712623,0.6260598745287377,0.0401800327332242,0.9598199672667758,0.1915552534179318,0.8084447465820681,0.2087164011509579,0.7912835988490421
3,active,7,blue,24,18-24,56.0,545.44,9.74,11972.56,9627.44,90.0,133.02844444444443,0.0566547285675112,0.0058167072451243,34.0,205.88,6.055294117647058,0.0213847087076107,0.0035315722559683,92.0,601.32,6.53608695652174,0.0624589714399674,0.0095560190455614,183.0,19242.36,105.14950819672131,1.9986995504516256,0.0190081683188885,4.0,8.32,2.08,0.0008641965049899,0.0004154790889374,218.0,1484.28,6.808623853211009,0.1541718255320209,0.0226436103470912,95.0,530.64,5.585684210526316,0.0551174559384426,0.0098676283622645,18.0,123.4,6.855555555555556,0.0128175298937204,0.0018696559002185,16.0,164.2,10.2625,0.0170554166008824,0.0016619163557498,114.0,474.56,4.16280701754386,0.0492924391115395,0.0118411540347174,22.0,57.68,2.6218181818181816,0.005991208462478,0.0022851349891559,0.0,0.0,0.0,15.8,14.0,1.1285714285714286,0.0,0.0,0.0016411424013029,0.001454176811281,0.0,1.0,0.0,1.0,225.69986123504216,9448,0.0238886389960882,0.0051096755456218,2.1068427805268706,0.0220556362693557,0.9813616080702656,299404.0,239391.66666666663,17169.0,0.7995606827786759,0.0573439232608782,50686.0,7224.0,20306.0,13692.0,12210.0,38.0,2827.0,2928.0,38476.0,7186.0,17479.0,10764.0,0.2408949216746241,0.7591050783253759,0.0052602436323366,0.9947397563676632,0.1392199349945828,0.8607800650054171,0.2138475021910604,0.7861524978089395
3,active,7,green,18,12-18,102.0,1241.84,12.174901960784313,10115.64,11484.36,252.0,40.14142857142857,0.1081331480378532,0.0088816442535761,37.0,303.72,8.20864864864865,0.0264464018891779,0.0032217729155129,111.0,1156.32,10.417297297297296,0.1006864988558352,0.0096653187465387,257.0,18101.4,70.43346303501946,1.5761783852125848,0.0223782605212654,15.0,25.16,1.6773333333333331,0.0021908055825487,0.0013061241549376,32.0,611.56,19.11125,0.0532515525462454,0.0027863981972003,229.0,1399.0,6.109170305676856,0.1218178461838535,0.0199401620987151,17.0,113.32,6.665882352941176,0.0098673326158357,0.0014802740422626,33.0,254.6,7.715151515151515,0.0221692806564754,0.0028734731408628,171.0,681.72,3.986666666666667,0.0593607305936073,0.0148898153662894,12.0,31.92,2.66,0.0027794322017073,0.0010448993239501,12.4,11.0,1.1272727272727272,11.6,12.0,0.9666666666666668,0.0010797293014151,0.0009578243802876,0.0010100693464851,0.0010448993239501,0.5166666666666667,0.4833333333333333,0.4782608695652174,0.5217391304347826,377.6672174493257,11287,0.0334603718835231,0.0073522838245161,2.155380579118206,0.032288989587017,0.9828148891187668,253143.0,172529.99999999997,31388.0,0.6815515341131296,0.1239931580174051,50525.0,9248.0,36649.0,31148.0,14830.0,805.0,4800.0,4118.0,35695.0,8443.0,31849.0,27030.0,0.2935180603661553,0.7064819396338446,0.087045847750865,0.9129541522491348,0.130972195694289,0.8690278043057109,0.1322075253627841,0.8677924746372159
3,active,7,green,24,18-24,70.0,724.24,10.346285714285717,13943.84,7656.16,175.0,79.67908571428572,0.0945957242272888,0.0091429646193392,26.0,153.88,5.918461538461538,0.020098848508913,0.0033959582871831,63.0,841.88,13.363174603174604,0.1099611293389897,0.0082286681574052,160.0,19427.84,121.424,2.537543625002612,0.0208982048442038,13.0,24.72,1.9015384615384616,0.0032287726484294,0.0016979791435915,72.0,837.64,11.633888888888889,0.1094073269106183,0.0094041921798917,32.0,343.72,10.74125,0.0448945685565609,0.0041796409688407,13.0,119.4,9.184615384615386,0.0155952853649871,0.0016979791435915,16.0,92.68,5.7925,0.0121052851560051,0.0020898204844203,91.0,421.52,4.632087912087912,0.0550563206620551,0.0118858540051409,4.0,9.96,2.49,0.0013009132515516,0.000522455121105,3.6,4.0,0.9,12.8,11.0,1.1636363636363638,0.0004702096089945,0.000522455121105,0.0016718563875363,0.001436751583039,0.2195121951219512,0.7804878048780487,0.2666666666666666,0.7333333333333333,237.28947317254804,7405,0.032044493338629,0.0066197477805883,2.1574710727717203,0.0312559436906105,0.9671950429458108,348771.0,262348.99999999994,21740.0,0.7522099027728795,0.0623331641678924,29629.0,5331.0,24983.0,18176.0,7738.0,442.0,3708.0,4725.0,21891.0,4889.0,21275.0,13451.0,0.2611630497148064,0.7388369502851936,0.0829112736822359,0.917088726317764,0.1484209262298363,0.8515790737701637,0.2599581866197183,0.7400418133802817
3,active,7,red,18,12-18,83.0,713.44,8.59566265060241,10493.68,11106.32,95.0,110.4597894736842,0.064237299123382,0.0074732224535219,40.0,290.2,7.255,0.0261292669399044,0.0036015529896491,88.0,623.88,7.089545454545455,0.0561734219795575,0.0079234165772281,223.0,18942.64,84.94457399103139,1.705573043096183,0.0200786579172939,3.0,8.6,2.8666666666666667,0.0007743338927745,0.0002701164742236,133.0,2233.0,16.789473684210527,0.201056695647163,0.0119751636905833,135.0,1696.48,12.56651851851852,0.1527490653969992,0.0121552413400658,24.0,106.16,4.423333333333333,0.0095585216345288,0.0021609317937894,26.0,160.0,6.153846153846154,0.0144062119585965,0.0023410094432719,165.0,701.4,4.250909090909091,0.0631532316734976,0.0148564060823026,20.0,50.84,2.5420000000000003,0.004577573849844,0.0018007764948245,27.8,26.0,1.0692307692307692,3.6,3.0,1.2,0.0025030793278061,0.0023410094432719,0.0003241397690684,0.0002701164742236,0.8853503184713375,0.1146496815286624,0.896551724137931,0.1034482758620689,286.9781080749278,11006,0.0260746963542547,0.0056408655347523,2.1223362292404637,0.0254173100735145,0.99096730510196,262437.0,160601.99999999997,58826.0,0.6119640142205557,0.22415284430168,98505.0,6704.0,22980.0,17919.0,31442.0,374.0,3404.0,2687.0,67063.0,6330.0,19576.0,15232.0,0.3191919191919192,0.6808080808080809,0.0557875894988066,0.9442124105011932,0.1481288076588337,0.8518711923411663,0.1499525643172052,0.8500474356827948
3,active,7,red,24,18-24,97.0,1434.52,14.788865979381445,10969.52,10630.48,111.0,98.8245045045045,0.1349440476817603,0.0091247055636245,52.0,332.8,6.4,0.0313062063048893,0.0048915947351389,64.0,365.6,5.7125,0.0343916737532077,0.0060204242894017,219.0,18156.28,82.90538812785388,1.707945454955938,0.0206011393652967,9.0,17.88,1.9866666666666664,0.0016819560358516,0.0008466221656971,100.0,1251.24,12.5124,0.1177030576229859,0.0094069129521903,80.0,1123.72,14.0465,0.1057073622263529,0.0075255303617522,14.0,110.36,7.882857142857143,0.0103814691340372,0.0013169678133066,22.0,111.44,5.065454545454545,0.0104830637939208,0.0020695208494818,142.0,634.32,4.467042253521127,0.0596699302383335,0.0133578163921102,27.0,71.0,2.6296296296296298,0.0066789081960551,0.0025398664970913,30.4,28.0,1.0857142857142856,2.0,2.0,1.0,0.0028597015374658,0.0026339356266132,0.0001881382590438,0.0001881382590438,0.9382716049382716,0.0617283950617284,0.9333333333333332,0.0666666666666666,292.5012033816152,10416,0.0280819127670521,0.0058987874822708,2.0857241025296847,0.0262561903530596,0.9798240531001424,274349.0,227451.66666666663,10756.0,0.8290595798295844,0.0392055374723436,59554.0,5581.0,17576.0,35960.0,14464.0,367.0,3161.0,4520.0,45090.0,5214.0,14415.0,31440.0,0.2428720153138328,0.7571279846861672,0.065758824583408,0.934241175416592,0.1798475193445607,0.8201524806554392,0.1256952169076751,0.8743047830923248
3,active,7,yellow,18,12-18,51.0,226.4,4.43921568627451,9699.36,11900.64,162.0,59.87259259259259,0.0190241869344841,0.0042854838059129,95.0,389.36,4.098526315789474,0.0327175681307896,0.0079827639521908,144.0,651.04,4.521111111111111,0.0547063015098347,0.0121001895696365,237.0,20231.4,85.36455696202532,1.700026217077401,0.0199148953333602,10.0,13.24,1.324,0.0011125452076526,0.0008402909423358,132.0,2381.16,18.03909090909091,0.200086718025249,0.0110918404388335,261.0,1757.04,6.731954022988505,0.1476424797321824,0.0219315935949663,42.0,154.32,3.674285714285714,0.0129673698221272,0.0035292219578106,46.0,210.08,4.56695652173913,0.017652832116592,0.003865338334745,120.0,545.56,4.546333333333333,0.0458429126500759,0.0100834913080304,9.0,21.52,2.391111111111111,0.0018083061079068,0.0007562618481022,8.2,7.0,1.1714285714285713,12.6,14.0,0.9,0.0006890385727154,0.0005882036596351,0.0010587665873432,0.0011764073192702,0.3942307692307693,0.6057692307692308,0.3333333333333333,0.6666666666666666,467.1196325751928,11740,0.0397887250915837,0.0082042484528403,2.135179158558602,0.0368540137128036,0.9865015663023166,242646.0,168841.0,26159.0,0.695832612118065,0.1078072583104605,103848.0,9198.0,26249.0,5711.0,32981.0,516.0,5327.0,1803.0,70867.0,8682.0,20922.0,3908.0,0.3175891687851475,0.6824108312148525,0.0560991519895629,0.943900848010437,0.2029410644215017,0.7970589355784983,0.3157065312554719,0.6842934687445281
3,active,7,yellow,24,18-24,52.0,255.72,4.917692307692308,14260.0,7340.0,134.0,106.4179104477612,0.0348392370572207,0.0070844686648501,43.0,159.56,3.7106976744186047,0.0217384196185286,0.0058583106267029,95.0,528.4,5.562105263157894,0.0719891008174386,0.0129427792915531,158.0,20398.64,129.1053164556962,2.779106267029973,0.0215258855585831,4.0,6.56,1.64,0.0008937329700272,0.0005449591280653,121.0,1540.84,12.734214876033056,0.2099237057220708,0.0164850136239782,55.0,518.56,9.428363636363637,0.0706485013623978,0.0074931880108991,29.0,121.16,4.177931034482759,0.0165068119891008,0.0039509536784741,15.0,68.64,4.576,0.0093514986376021,0.0020435967302452,83.0,330.88,3.9865060240963857,0.0450790190735694,0.0113079019073569,8.0,19.68,2.46,0.0026811989100817,0.0010899182561307,3.0,3.0,1.0,6.4,8.0,0.8,0.000408719346049,0.000408719346049,0.0008719346049046,0.0010899182561307,0.3191489361702127,0.6808510638297872,0.2727272727272727,0.7272727272727273,287.4796817943643,7115,0.0404047339134735,0.007803110039308,2.116350710988011,0.0379967363809452,0.9693460490463216,356634.0,262556.3333333333,27294.0,0.7362066806118691,0.0765322431400259,51661.0,4789.0,17337.0,6445.0,14123.0,265.0,3071.0,2825.0,37538.0,4524.0,14266.0,3620.0,0.2733783705309615,0.7266216294690385,0.0553351430361244,0.9446648569638756,0.1771356059295149,0.8228643940704851,0.4383242823894492,0.5616757176105508
3,active,8,blue,18,12-18,,,,,,,,,,,,,,,,,,,,,,,,,,,,,,,,,,,,,,,,,,,,,,,,,,,,,,,,,,,,,,,,,,,,,,,,,,5.0359594594487286e-06,2,2.5179797297243643e-06,2.5179797297243643e-06,3.0142956699914443,5.035959459256039e-06,,,,,,,,,,,,,,,,,,,,,,,,,,
3,active,8,blue,24,18-24,,,,,,,,,,,,,,,,,,,,,,,,,,,,,,,,,,,,,,,,,,,,,,,,,,,,,,,,,,,,,,,,,,,,,,,,,,6.612950854593532e-05,2,3.306475427296766e-05,3.306475427296766e-05,2.135601236243319,2.6610709267983885e-05,,,,,,,,,,,,,,,,,,,,,,,,,,
3,active,8,green,18,12-18,71.0,405.52,5.711549295774647,12972.88,8627.12,392.0,33.09408163265306,0.0470052578380734,0.0082298611819471,60.0,389.24,6.487333333333334,0.0451181854431142,0.0069548122664342,95.0,602.12,6.338105263157895,0.0697938593644228,0.0110117860885208,195.0,19560.04,100.30789743589744,2.267273435399067,0.0226031398659112,10.0,13.68,1.368,0.001585697196747,0.001159135377739,65.0,494.16,7.602461538461539,0.0572798338263522,0.0075343799553037,299.0,1977.4,6.613377926421405,0.2292074295941171,0.0346581477943972,11.0,43.16,3.9236363636363634,0.0050028282903216,0.0012750489155129,24.0,145.08,6.045000000000001,0.0168167360602379,0.0027819249065736,97.0,477.92,4.927010309278351,0.055397397972904,0.0112436131640686,9.0,22.72,2.5244444444444443,0.002633555578223,0.0010432218399651,1.8,2.0,0.9,3.6,4.0,0.9,0.000208644367993,0.0002318270755478,0.000417288735986,0.0004636541510956,0.3333333333333333,0.6666666666666666,0.3333333333333333,0.6666666666666666,305.93339472653105,8343,0.0366694707810776,0.0074849719740169,2.091494775753372,0.035176440773339,0.9670666456476784,324714.0,126588.66666666664,48307.0,0.3898466547998135,0.1487678387750451,62153.0,4741.0,24939.0,10209.0,5734.0,149.0,2311.0,1136.0,56419.0,4592.0,22628.0,9073.0,0.0922562064582562,0.9077437935417436,0.0314279687829571,0.9685720312170428,0.0926661052969245,0.9073338947030756,0.1112743657557057,0.8887256342442943
3,active,8,green,24,18-24,52.0,283.64,5.454615384615384,11865.6,9734.4,363.0,32.687603305785125,0.029137902695595,0.0053418803418803,39.0,223.64,5.734358974358974,0.0229741946088099,0.0040064102564102,67.0,349.84,5.221492537313432,0.0359385272846811,0.0068828073635765,160.0,17981.24,112.38275000000002,1.8471852399737017,0.0164365548980933,6.0,7.6,1.2666666666666666,0.0007807363576594,0.0006163708086785,50.0,364.76,7.2952,0.0374712360289283,0.0051364234056541,217.0,1351.28,6.227096774193548,0.1388149243918474,0.0222920775805391,15.0,70.2,4.680000000000001,0.0072115384615384,0.0015409270216962,19.0,146.96,7.734736842105264,0.0150969756738987,0.0019518408941485,88.0,408.72,4.6445454545454545,0.0419871794871794,0.0090401051939513,15.0,37.04,2.469333333333333,0.0038050624589086,0.0015409270216962,6.0,5.0,1.2,4.2,4.0,1.05,0.0006163708086785,0.0005136423405654,0.0004314595660749,0.0004109138724523,0.5882352941176471,0.411764705882353,0.5555555555555556,0.4444444444444444,298.136778528162,7235,0.0412075713238648,0.0080315941056677,2.045149581326166,0.038189587873356,0.7432404667981591,297003.0,129933.66666666664,35644.0,0.4374826741368492,0.1200122557684602,43168.0,5463.0,14443.0,7143.0,11194.0,231.0,1679.0,1347.0,31974.0,5232.0,12764.0,5796.0,0.2593124536693847,0.7406875463306153,0.0422844590884129,0.9577155409115872,0.1162500865471162,0.8837499134528838,0.1885762284754304,0.8114237715245695
3,active,8,red,18,12-18,63.0,445.48,7.071111111111112,12442.12,9157.88,85.0,146.3778823529412,0.0486444460945109,0.0068793214149999,35.0,233.8,6.680000000000001,0.025529926140111,0.0038218452305555,38.0,225.92,5.945263157894736,0.0246694649853459,0.0041494319646031,184.0,19766.12,107.4245652173913,2.158372898531101,0.0200919863549205,2.0,4.24,2.12,0.0004629892507873,0.0002183911560317,136.0,1456.6,10.710294117647058,0.1590542789379201,0.0148505986101586,251.0,909.0,3.621513944223107,0.0992587804164282,0.027408090081984,26.0,172.72,6.643076923076923,0.0188602602349015,0.0028390850284126,23.0,149.96,6.5200000000000005,0.0163749688792602,0.002511498294365,132.0,512.76,3.8845454545454543,0.0559911245834188,0.0144138162980951,21.0,56.6,2.695238095238095,0.0061804697156983,0.0022931071383333,2.6,3.0,0.8666666666666667,8.2,9.0,0.911111111111111,0.0002839085028412,0.0003275867340476,0.0008954037397301,0.0009827602021428,0.2407407407407407,0.7592592592592593,0.25,0.75,213.36705804386455,9072,0.02351929652159,0.0051285160969002,2.080329481459732,0.0225673900153899,0.990622283759997,311138.0,119169.33333333331,56989.0,0.3830111826049319,0.1831630980465259,59527.0,8116.0,11566.0,11200.0,8267.0,272.0,1273.0,1361.0,51260.0,7844.0,10293.0,9839.0,0.1388781561308313,0.8611218438691686,0.0335140463282405,0.9664859536717596,0.1100639806328895,0.8899360193671105,0.1215178571428571,0.8784821428571429
3,active,8,red,24,18-24,68.0,790.28,11.621764705882352,10369.32,11230.68,114.0,90.95894736842104,0.0703679563481463,0.0060548426275167,35.0,208.36,5.953142857142858,0.0185527501451381,0.0031164631171042,44.0,312.32,7.098181818181818,0.0278095360209711,0.0039178393472167,188.0,16890.52,89.8431914893617,1.5039623602488896,0.0167398590290169,3.0,3.92,1.3066666666666666,0.0003490438691156,0.0002671254100375,145.0,900.76,6.212137931034483,0.0802052947817941,0.012911061485146,123.0,648.92,5.275772357723577,0.0577810070271791,0.0109521418115376,22.0,136.84,6.22,0.012184480369844,0.0019589196736083,10.0,84.6,8.459999999999999,0.0075329365630576,0.0008904180334583,139.0,598.72,4.3073381294964035,0.0533111084992182,0.012376810665071,21.0,55.28,2.6323809523809523,0.0049222308889577,0.0018698778702625,3.4,3.0,1.1333333333333333,10.6,9.0,1.1777777777777778,0.0003027421313758,0.0002671254100375,0.0009438431154658,0.0008013762301125,0.2428571428571428,0.7571428571428571,0.25,0.75,246.71458689009307,8880,0.0277831741993348,0.0065198750968129,2.082697916270756,0.0259302604704317,0.790691213711013,259347.0,121454.0,23427.0,0.4683069401226927,0.0903307152193779,39010.0,5568.0,13096.0,19825.0,10233.0,182.0,1443.0,2282.0,28777.0,5386.0,11653.0,17543.0,0.2623173545244809,0.7376826454755191,0.0326867816091954,0.9673132183908046,0.1101863164324984,0.8898136835675016,0.1151071878940731,0.8848928121059269
3,active,8,yellow,18,12-18,58.0,634.2,10.93448275862069,12244.0,9356.0,191.0,64.10471204188482,0.0677853783668234,0.0061992304403591,58.0,332.12,5.726206896551724,0.0354980761008978,0.0061992304403591,61.0,374.96,6.146885245901639,0.0400769559640872,0.0065198802907225,197.0,19645.16,99.72162436548224,2.099739204788371,0.0210560068405301,,,,,,95.0,1511.8,15.913684210526316,0.1615861479264643,0.0101539119281744,208.0,1152.84,5.5424999999999995,0.1232193244976485,0.0222317229585292,31.0,193.76,6.250322580645161,0.0207097050021376,0.0033133817870884,25.0,159.84,6.3936,0.0170842240273621,0.0026720820863616,116.0,508.6,4.38448275862069,0.0543608379649422,0.0123984608807182,15.0,37.6,2.506666666666667,0.0040188114578879,0.001603249251817,9.2,10.0,0.92,1.8,2.0,0.9,0.0009833262077811,0.0010688328345446,0.000192389910218,0.0002137665669089,0.8363636363636363,0.1636363636363636,0.8333333333333334,0.1666666666666666,281.91950357923446,9207,0.0306201263798451,0.0059714710045396,2.089031578555858,0.0281845304437297,0.9840743907652844,306291.0,122161.99999999996,43164.0,0.3988429304158463,0.1409248068013751,66919.0,8896.0,17796.0,15913.0,8374.0,421.0,3116.0,1143.0,58545.0,8475.0,14680.0,14770.0,0.125136358881633,0.874863641118367,0.0473246402877697,0.9526753597122302,0.1750955270847381,0.8249044729152618,0.071828065104003,0.928171934895997
3,active,8,yellow,24,18-24,58.0,596.48,10.284137931034484,9902.92,11697.08,146.0,67.8282191780822,0.0509939232697391,0.0049585024638627,39.0,171.2,4.389743589743589,0.0146361314105742,0.0033341654498387,51.0,321.4,6.301960784313725,0.027476942963543,0.0043600625113276,171.0,17652.84,103.23298245614036,1.5091663902444028,0.0146190331262161,,,,,,127.0,1370.24,10.789291338582675,0.1171437657945401,0.0108574105674236,164.0,1686.68,10.284634146341464,0.1441966713060011,0.0140205931736809,34.0,178.0,5.235294117647059,0.0152174730787512,0.002906708340885,22.0,191.48,8.703636363636363,0.0163698974444904,0.0018808112793962,95.0,457.48,4.815578947368421,0.0391106156408266,0.00812168507012,12.0,31.0,2.5833333333333335,0.0026502340755128,0.0010258970614888,8.2,8.0,1.025,2.8,3.0,0.9333333333333332,0.000701029658684,0.0006839313743259,0.000239375981014,0.0002564742653722,0.7454545454545454,0.2545454545454545,0.7272727272727273,0.2727272727272727,254.20115231230497,9331,0.0272426484098494,0.0060155769635037,2.146478268695778,0.0248432647717339,0.7977204567293718,247719.0,110042.99999999996,46032.0,0.4442251099027526,0.185823453186877,76714.0,9293.0,12405.0,14970.0,8057.0,343.0,1549.0,2479.0,68657.0,8950.0,10856.0,12491.0,0.105026461923508,0.8949735380764919,0.0369095017755299,0.96309049822447,0.124869004433696,0.8751309955663039,0.1655978623914495,0.8344021376085504
3,inactive,1,blue,6,0-6,3.0,119.48,39.82666666666667,5413.36,16186.64,6.0,902.2266666666666,0.0073813960154794,0.0001853380318583,,,,,,,,,,,8.0,5446.2,680.775,0.3364626630356886,0.0004942347516223,,,,,,,,,,,,,,,,,,,,,,,,,,3.0,9.88,3.2933333333333334,0.0006103799182535,0.0001853380318583,,,,,,0.0,0.0,0.0,1.0,1.0,1.0,0.0,0.0,6.17793439527907e-05,6.17793439527907e-05,0.0,1.0,0.0,1.0,4.255816846439831,167,0.0254839332122145,0.0052266310339713,2.1512188877058884,0.0215295235442629,0.010317150440116,135340.0,116751.0,3747.0,0.8626496231712724,0.0276858282843209,0.0,0.0,0.0,2990.0,0.0,0.0,0.0,1181.0,0.0,0.0,0.0,1809.0,0.0,0.0,0.0,0.0,0.0,0.0,0.3949832775919732,0.6050167224080267
3,inactive,1,green,6,0-6,12.0,97.08,8.09,4143.04,17456.96,22.0,188.32,0.0055611057137096,0.0006874049089875,11.0,69.24,6.294545454545454,0.0039663263248583,0.0006301211665719,6.0,18.52,3.0866666666666664,0.0010608949095375,0.0003437024544937,56.0,4949.28,88.38,0.2835132806628416,0.0032078895752754,,,,,,3.0,4.8,1.6,0.000274961963595,0.0001718512272468,1.0,2.52,2.52,0.0001443550308873,5.7283742415632504e-05,1.0,3.8,3.8,0.0002176782211794,5.7283742415632504e-05,,,,,,32.0,152.6,4.76875,0.0087414990926255,0.0018330797573002,8.0,19.76,2.47,0.0011319267501328,0.000458269939325,1.0,1.0,1.0,0.0,0.0,0.0,5.7283742415632504e-05,5.7283742415632504e-05,0.0,0.0,1.0,0.0,1.0,0.0,49.8226613102539,1422,0.0350370332702207,0.0064425393973368,2.0502655869484783,0.0311092132159228,0.0814574817150294,103598.0,102539.0,0.0,0.9897777949381262,0.0,187.0,96.0,2211.0,2439.0,0.0,0.0,0.0,127.0,187.0,96.0,2211.0,2312.0,0.0,1.0,0.0,1.0,0.0,1.0,0.052070520705207,0.947929479294793
3,inactive,1,red,6,0-6,4.0,12.84,3.21,4851.04,16748.96,19.0,255.3178947368421,0.0007666147629464,0.0002388207984256,,,,,,5.0,15.08,3.016,0.0009003544100648,0.0002985259980321,22.0,5309.64,241.34727272727275,0.3170131160382495,0.0013135143913413,,,,,,,,,,,4.0,12.6,3.15,0.0007522855150409,0.0002388207984256,,,,,,,,,,,14.0,50.92,3.6371428571428575,0.003040188763959,0.0008358727944899,,,,,,,,,,,,,,,,,,,,19.09273254299722,713,0.0267780260070087,0.0074703169727273,2.151330732978069,0.0230646585954328,0.0425698073193798,121295.0,112662.33333333331,702.0,0.9288291630597578,0.0057875427676326,319.0,0.0,382.0,325.0,0.0,0.0,0.0,181.0,319.0,0.0,382.0,144.0,0.0,1.0,0.0,0.0,0.0,1.0,0.556923076923077,0.4430769230769231
3,inactive,1,yellow,6,0-6,2.0,45.56,22.78,5184.6,16415.4,46.0,112.70869565217392,0.0027754425722187,0.0001218368117743,,,,,,,,,,,19.0,5517.24,290.38105263157894,0.3361014656968456,0.0011574497118559,,,,,,,,,,,,,,,,1.0,11.04,11.04,0.0006725392009941,6.091840588715474e-05,,,,,,1.0,2.44,2.44,0.0001486409103646,6.091840588715474e-05,,,,,,,,,,,,,,,,,,,,6.911399430325432,352,0.0196346574725154,0.0066514521273691,2.0315582501971723,0.0165746267319361,0.0214432788722784,129661.0,115183.66666666666,2157.0,0.8883447348598781,0.0166356884491096,0.0,277.0,0.0,1141.0,0.0,0.0,0.0,1051.0,0.0,277.0,0.0,90.0,0.0,0.0,0.0,1.0,0.0,0.0,0.9211218229623136,0.0788781770376862
3,inactive,2,blue,6,0-6,8.0,51.28,6.41,3897.56,17702.44,17.0,229.26823529411763,0.002896775811696,0.0004519151032287,,,,,,3.0,24.36,8.12,0.0013760814893314,0.0001694681637107,21.0,4549.76,216.6552380952381,0.2570131575082305,0.0011862771459753,,,,,,1.0,2.48,2.48,0.0001400936820008,5.6489387903588435e-05,,,,,,2.0,16.44,8.22,0.0009286855371349,0.0001129787758071,,,,,,14.0,56.36,4.025714285714286,0.0031837419022462,0.0007908514306502,3.0,6.64,2.213333333333334,0.0003750895356798,0.0001694681637107,1.2,1.0,1.2,0.0,0.0,0.0,6.778726548430612e-05,5.6489387903588435e-05,0.0,0.0,1.0,0.0,1.0,0.0,25.41518563298588,815,0.0311842768502894,0.0079182540680604,2.063845253583245,0.0301633191703629,0.0460388511414245,97456.0,83091.66666666666,3173.0,0.8526069884529086,0.0325582827121983,63.0,413.0,612.0,1290.0,0.0,0.0,0.0,290.0,63.0,413.0,612.0,1000.0,0.0,1.0,0.0,1.0,0.0,1.0,0.2248062015503876,0.7751937984496124
3,inactive,2,green,6,0-6,7.0,23.32,3.3314285714285714,3014.8,18585.2,76.0,39.66842105263158,0.0012547618535178,0.0003766437810731,4.0,13.2,3.3,0.000710242558595,0.000215225017756,3.0,12.36,4.12,0.0006650453048662,0.000161418763317,28.0,4567.76,163.1342857142857,0.2457740567763597,0.0015065751242924,,,,,,7.0,147.52,21.074285714285715,0.0079374986548436,0.0003766437810731,2.0,7.88,3.94,0.0004239932849794,0.000107612508878,4.0,35.52,8.88,0.0019111981576738,0.000215225017756,,,,,,14.0,47.92,3.422857142857143,0.0025783957127176,0.0007532875621462,,,,,,0.8,1.0,0.8,1.0,1.0,1.0,4.30450035512128e-05,5.380625443901599e-05,5.380625443901599e-05,5.380625443901599e-05,0.4444444444444445,0.5555555555555556,0.5,0.5,57.78040729686849,1645,0.0351248676576708,0.0061785208767208,1.9940430092234929,0.0328387648031346,0.0885112885521813,75446.0,70321.66666666666,1171.0,0.9320794563882334,0.0155210349123876,3894.0,892.0,646.0,590.0,73.0,84.0,165.0,115.0,3821.0,808.0,481.0,475.0,0.0187467899332306,0.9812532100667694,0.0941704035874439,0.905829596412556,0.2554179566563467,0.7445820433436533,0.1949152542372881,0.8050847457627118
3,inactive,2,red,6,0-6,10.0,158.24,15.824000000000002,3925.84,17674.16,25.0,157.0336,0.008953183630792,0.0005657977521986,3.0,21.04,7.013333333333333,0.001190438470626,0.0001697393256596,3.0,25.84,8.613333333333333,0.0014620213916814,0.0001697393256596,20.0,4384.0,219.2,0.2480457345639057,0.0011315955043973,,,,,,7.0,17.64,2.52,0.0009980672348784,0.000396058426539,,,,,,1.0,3.92,3.92,0.0002217927188618,5.6579775219869006e-05,1.0,1.24,1.24,7.015892127263757e-05,5.6579775219869006e-05,11.0,45.44,4.130909090909091,0.0025709849859908,0.0006223775274185,,,,,,0.0,0.0,0.0,2.0,2.0,1.0,0.0,0.0,0.0001131595504397,0.0001131595504397,0.0,1.0,0.0,1.0,25.093366094945907,781,0.0321297901343737,0.0100187223313553,1.909326997801813,0.0271371528213593,0.0441888044467176,98171.0,83508.33333333333,3893.0,0.8506415676048256,0.0396552953519878,448.0,131.0,1178.0,3966.0,73.0,0.0,0.0,316.0,375.0,131.0,1178.0,3650.0,0.1629464285714285,0.8370535714285714,0.0,1.0,0.0,1.0,0.0796772566817952,0.9203227433182049
3,inactive,2,yellow,6,0-6,11.0,68.12,6.192727272727273,3880.36,17719.64,31.0,125.17290322580644,0.0038443218936727,0.0006207801061421,2.0,4.96,2.48,0.0002799153933149,0.0001128691102076,2.0,7.72,3.86,0.0004356747654015,0.0001128691102076,16.0,4645.64,290.3525,0.2621746265725489,0.0009029528816612,,,,,,3.0,6.44,2.146666666666667,0.0003634385348686,0.0001693036653114,,,,,,3.0,34.68,11.56,0.0019571503710007,0.0001693036653114,,,,,,6.0,28.56,4.76,0.0016117708937653,0.0003386073306229,,,,,,1.0,1.0,1.0,0.0,0.0,0.0,5.6434555103828296e-05,5.6434555103828296e-05,0.0,0.0,1.0,0.0,1.0,0.0,36.73560523197639,816,0.0450191240587946,0.0166743436983337,2.0737300312728855,0.0424165273530949,0.0460505969647238,97040.0,83437.66666666666,2823.0,0.859827562517175,0.02909109645507,164.0,870.0,321.0,1714.0,0.0,84.0,165.0,481.0,164.0,786.0,156.0,1233.0,0.0,1.0,0.096551724137931,0.903448275862069,0.514018691588785,0.4859813084112149,0.2806301050175029,0.719369894982497
3,inactive,3,blue,6,0-6,2.0,7.16,3.58,4215.84,17384.16,24.0,175.66,0.0004118691958656,0.0001150472614149,,,,,,2.0,11.76,5.88,0.0006764778971201,0.0001150472614149,10.0,4567.6,456.7600000000001,0.2627449356195525,0.0005752363070749,,,,,,,,,,,1.0,2.04,2.04,0.0001173482066432,5.752363070749464e-05,2.0,4.92,2.46,0.0002830162630808,0.0001150472614149,1.0,15.24,15.24,0.0008766601319822,5.752363070749464e-05,7.0,26.76,3.822857142857143,0.0015393323577325,0.0004026654149524,1.0,1.96,1.96,0.0001127463161866,5.752363070749464e-05,0.0,0.0,0.0,2.6,2.0,1.3,0.0,0.0,0.0001495614398394,0.0001150472614149,0.0,1.0,0.0,1.0,11.729661154525743,373,0.0314468127467178,0.0082692150756513,1.8019084559120524,0.0277387328610582,0.0214563142538955,105420.0,82172.66666666666,5567.0,0.7794789097577941,0.052807816353633,52.0,507.0,296.0,181.0,0.0,0.0,33.0,0.0,52.0,507.0,263.0,181.0,0.0,1.0,0.0,1.0,0.1114864864864864,0.8885135135135135,0.0,1.0
3,inactive,3,green,6,0-6,13.0,124.0,9.538461538461538,2915.2,18684.8,27.0,107.97037037037036,0.006636410344237,0.0006957526973796,4.0,13.56,3.39,0.0007257235828052,0.0002140777530399,8.0,29.08,3.635,0.0015563452646001,0.0004281555060798,40.0,4250.48,106.262,0.2274833019352628,0.002140777530399,,,,,,11.0,114.56,10.414545454545454,0.0061311868470628,0.0005887138208597,3.0,5.76,1.92,0.0003082719643774,0.0001605583147799,1.0,12.28,12.28,0.0006572187018325,5.3519438259976026e-05,1.0,1.68,1.68,8.991265627675972e-05,5.3519438259976026e-05,38.0,170.44,4.485263157894737,0.0091218530570303,0.002033738653879,9.0,21.68,2.408888888888889,0.0011603014214762,0.0004816749443397,1.6,1.0,1.6,0.0,0.0,0.0,8.563110121596164e-05,5.3519438259976026e-05,0.0,0.0,1.0,0.0,1.0,0.0,70.7088636757924,1674,0.0422394645614052,0.0094864337628959,2.037581101130273,0.0385229612375764,0.0895915396471998,72907.0,69515.0,0.0,0.95347497496811,0.0,3022.0,351.0,1078.0,3113.0,65.0,0.0,224.0,642.0,2957.0,351.0,854.0,2471.0,0.0215089344804765,0.9784910655195236,0.0,1.0,0.2077922077922078,0.7922077922077922,0.206231930613556,0.793768069386444
3,inactive,3,red,6,0-6,7.0,58.84,8.405714285714286,3556.96,18043.04,28.0,127.03428571428572,0.003261091257349,0.00038796123048,5.0,21.64,4.328,0.0011993544325124,0.0002771151646285,6.0,13.92,2.32,0.0007714886183259,0.0003325381975542,35.0,4336.04,123.88685714285714,0.240316487687219,0.0019398061524,,,,,,,,,,,4.0,8.8,2.2,0.0004877226897462,0.0002216921317028,2.0,11.6,5.8,0.0006429071819382,0.0001108460658514,1.0,1.48,1.48,8.202608873005879e-05,5.54230329257154e-05,19.0,86.28,4.541052631578947,0.0047818992808307,0.0010530376255885,2.0,5.84,2.92,0.0003236705122861,0.0001108460658514,1.0,1.0,1.0,0.0,0.0,0.0,5.54230329257154e-05,5.54230329257154e-05,0.0,0.0,1.0,0.0,1.0,0.0,32.36368677126126,1026,0.0315435543579544,0.0081810152155844,2.017540433451621,0.0280700888070853,0.056864031781784,88952.0,78280.66666666666,52.0,0.8800326767994723,0.0005845849446892,224.0,330.0,900.0,1478.0,65.0,0.0,46.0,437.0,159.0,330.0,854.0,1041.0,0.2901785714285714,0.7098214285714286,0.0,1.0,0.0511111111111111,0.9488888888888888,0.2956698240866035,0.7043301759133965
3,inactive,3,yellow,6,0-6,5.0,34.72,6.944,4168.12,17431.88,42.0,99.24095238095238,0.00199175304098,0.000286830795072,2.0,6.04,3.02,0.0003464916004469,0.0001147323180288,4.0,12.72,3.18,0.0007296975426632,0.0002294646360576,8.0,4585.52,573.19,0.2630536694837275,0.0004589292721152,,,,,,,,,,,3.0,6.68,2.2266666666666666,0.0003832059422162,0.0001720984770432,,,,,,1.0,1.4,1.4,8.031262262016488e-05,5.736615901440349e-05,1.0,2.68,2.68,0.0001537413061586,5.736615901440349e-05,,,,,,,,,,,,,,,,,,,,24.40214394565778,411,0.0593726130064666,0.0288626291985047,1.9949690970569771,0.054067450481237,0.0235774913549198,104245.0,83435.66666666666,2425.0,0.800380513853582,0.0232625065950405,170.0,36.0,475.0,873.0,0.0,0.0,199.0,357.0,170.0,36.0,276.0,516.0,0.0,1.0,0.0,1.0,0.4189473684210526,0.5810526315789474,0.40893470790378,0.5910652920962199
3,inactive,4,blue,6,0-6,,,,2778.0,18822.0,12.0,231.5,,,,,,,,1.0,10.52,10.52,0.0005589204122834,5.3129316756986504e-05,2.0,3000.44,1500.22,0.1594113271703326,0.0001062586335139,,,,,,2.0,36.52,18.26,0.0019402826479651,0.0001062586335139,,,,,,2.0,17.6,8.8,0.0009350759749229,0.0001062586335139,,,,,,6.0,18.44,3.0733333333333337,0.0009797046009988,0.0003187759005419,1.0,3.32,3.32,0.0001763893316331,5.3129316756986504e-05,,,,,,,,,,,,,,,4.173427491351266,223,0.0187149214858801,0.0032384162063699,1.99025004404537,0.0207806362127244,0.0118478376368079,69462.0,55332.33333333333,1402.0,0.796584223508297,0.0201836975612565,915.0,442.0,264.0,0.0,0.0,0.0,0.0,0.0,915.0,442.0,264.0,0.0,0.0,1.0,0.0,1.0,0.0,1.0,0.0,0.0
3,inactive,4,green,6,0-6,5.0,43.4,8.68,1384.48,20215.52,38.0,36.43368421052632,0.0021468653786793,0.000247334721046,1.0,1.04,1.04,5.144562197756971e-05,4.946694420920164e-05,1.0,5.0,5.0,0.000247334721046,4.946694420920164e-05,28.0,2777.84,99.20857142857145,0.1374112563020887,0.0013850744378576,,,,,,38.0,332.36,8.746315789473684,0.0164408335773702,0.0018797438799496,10.0,81.04,8.104000000000001,0.0040088011587137,0.000494669442092,,,,,,3.0,40.8,13.6,0.0020182513237354,0.0001484008326276,24.0,114.24,4.76,0.0056511037064591,0.0011872066610208,4.0,9.12,2.28,0.0004511385311879,0.0001978677768368,,,,,,,,,,,,,,,39.781579696546274,1590,0.0250198614443687,0.004840536900377,2.02610955817142,0.0225308931431348,0.0786524412926306,34650.0,33936.33333333333,0.0,0.9794035594035592,0.0,10383.0,1023.0,153.0,1090.0,0.0,8.0,126.0,0.0,10383.0,1015.0,27.0,1090.0,0.0,1.0,0.0078201368523949,0.9921798631476052,0.8235294117647058,0.1764705882352941,0.0,1.0
3,inactive,4,red,6,0-6,4.0,40.2,10.05,2790.92,18809.08,5.0,558.184,0.0021372656185204,0.0002126632456239,,,,,,1.0,6.76,6.76,0.0003594008851044,5.316581140598051e-05,8.0,2935.32,366.915,0.1560586695362027,0.0004253264912478,,,,,,,,,,,1.0,0.96,0.96,5.1039178949741287e-05,5.316581140598051e-05,1.0,24.64,24.64,0.0013100055930433,5.316581140598051e-05,,,,,,3.0,23.12,7.706666666666667,0.0012291935597062,0.0001594974342179,,,,,,,,,,,,,,,,,,,,8.169537739342845,215,0.0379978499504318,0.0129307026474442,1.9837958448909423,0.0367806784975346,0.0114306494522858,69778.0,56541.666666666664,0.0,0.8103079289556402,0.0,25.0,617.0,170.0,1009.0,0.0,8.0,0.0,0.0,25.0,609.0,170.0,1009.0,0.0,1.0,0.012965964343598,0.987034035656402,0.0,1.0,0.0,1.0
3,inactive,4,yellow,6,0-6,,,,2879.2,18720.8,16.0,179.95,,,,,,,,1.0,8.0,8.0,0.000427332165292,5.3416520661510195e-05,2.0,3007.88,1503.94,0.1606704841673432,0.000106833041323,,,,,,,,,,,,,,,,,,,,,,,,,,,,,,,,,,,,,,,,,,,,,,,,,,5.890544169070404,122,0.0482831489268065,0.0141079987520279,2.1313117475530645,0.0495802906509572,0.0065168155207042,71996.0,56888.99999999999,1281.0,0.7901688982721261,0.0177926551475081,0.0,0.0,201.0,0.0,0.0,0.0,126.0,0.0,0.0,0.0,75.0,0.0,0.0,0.0,0.0,0.0,0.6268656716417911,0.373134328358209,0.0,0.0
3,inactive,5,blue,6,0-6,2.0,3.72,1.86,5294.04,16305.96,15.0,352.936,0.0002281374417697,0.0001226545385858,2.0,7.52,3.76,0.0004611810650829,0.0001226545385858,,,,,,7.0,5339.28,762.7542857142856,0.3274434623904388,0.0004292908850506,,,,,,,,,,,,,,,,,,,,,,,,,,,,,,,,,,,,,,,,,,,,,,,,,,4.4161691165074375,83,0.0532068568253908,0.02871870844285,1.7727868351899012,0.039966105215654,0.0050901633513144,132366.0,110145.0,5573.0,0.832124563709714,0.0421029569526917,0.0,0.0,190.0,95.0,0.0,0.0,0.0,95.0,0.0,0.0,190.0,0.0,0.0,0.0,0.0,0.0,0.0,1.0,1.0,0.0
3,inactive,5,green,6,0-6,12.0,65.56,5.463333333333334,4932.6,16667.4,32.0,154.14375,0.0039334269292151,0.0007199683213938,2.0,8.52,4.26,0.0005111775081896,0.0001199947202323,2.0,4.16,2.08,0.0002495890180832,0.0001199947202323,12.0,5304.52,442.04333333333335,0.3182571966833459,0.0007199683213938,,,,,,,,,,,1.0,0.96,0.96,5.759746571150869e-05,5.999736011615488e-05,,,,,,,,,,,6.0,20.68,3.4466666666666668,0.001240745407202,0.0003599841606969,,,,,,0.8,1.0,0.8,0.0,0.0,0.0,4.799788809292391e-05,5.999736011615488e-05,0.0,0.0,1.0,0.0,1.0,0.0,28.41433983061114,428,0.0663886444640447,0.0210628675834117,2.080254869641927,0.0624600417606267,0.0256788701297142,123347.0,108839.33333333331,13.0,0.8823833034717774,0.0001053937266411,25.0,0.0,321.0,1651.0,0.0,0.0,36.0,1052.0,25.0,0.0,285.0,599.0,0.0,1.0,0.0,0.0,0.1121495327102803,0.8878504672897196,0.6371895820714718,0.3628104179285281
3,inactive,5,red,6,0-6,23.0,674.72,29.335652173913044,3390.44,18209.56,13.0,260.8030769230769,0.0370530644342861,0.0012630728035163,2.0,8.48,4.24,0.0004656894510356,0.000109832417697,1.0,1.84,1.84,0.0001010458242813,5.4916208848538894e-05,31.0,4066.56,131.17935483870968,0.2233200582551143,0.0017024024743047,,,,,,32.0,104.12,3.25375,0.0057178756653098,0.0017573186831532,7.0,109.32,15.617142857142856,0.0060034399513222,0.0003844134619397,1.0,22.12,22.12,0.0012147465397296,5.4916208848538894e-05,1.0,1.48,1.48,8.127598909583757e-05,5.4916208848538894e-05,46.0,173.76,3.7773913043478258,0.0095422404495221,0.0025261456070327,4.0,9.72,2.43,0.0005337855500077,0.0002196648353941,0.0,0.0,0.0,0.8,1.0,0.8,0.0,0.0,4.393296707883112e-05,5.4916208848538894e-05,0.0,1.0,0.0,1.0,37.12653866991271,1987,0.0186847200150542,0.004257842013901,2.0847474198698466,0.0170341058044786,0.1091185069820467,84774.0,83072.66666666666,0.0,0.9799309536729028,0.0,5375.0,592.0,261.0,16891.0,0.0,0.0,0.0,411.0,5375.0,592.0,261.0,16480.0,0.0,1.0,0.0,1.0,0.0,1.0,0.024332484755195,0.9756675152448048
3,inactive,5,yellow,6,0-6,8.0,57.76,7.22,4963.24,16636.760000000002,21.0,236.3447619047619,0.0034718298514855,0.0004808628603165,1.0,5.08,5.08,0.000305347916301,6.010785753956899e-05,2.0,4.48,2.24,0.0002692832017772,0.0001202157150791,11.0,5327.44,484.3127272727272,0.3202210045706014,0.0006611864329352,,,,,,,,,,,,,,,,,,,,,,,,,,3.0,6.96,2.32,0.0004183506884754,0.0001803235726187,,,,,,,,,,,,,,,,,,,,20.43635731785611,409,0.0499666438089391,0.0131489465690611,2.2552233283614234,0.0481348256103681,0.0245841137336837,124102.0,108478.33333333331,1374.0,0.8741062459374815,0.0110715379284781,0.0,0.0,242.0,1452.0,0.0,0.0,36.0,920.0,0.0,0.0,206.0,532.0,0.0,0.0,0.0,0.0,0.1487603305785124,0.8512396694214877,0.6336088154269972,0.3663911845730027
3,inactive,6,blue,6,0-6,1.0,22.04,22.04,4701.28,16898.72,35.0,134.3222857142857,0.001304240794569,5.917607960839637e-05,,,,,,,,,,,10.0,5293.04,529.304,0.3132213564104263,0.0005917607960839,,,,,,2.0,6.96,3.48,0.0004118655140744,0.0001183521592167,,,,,,1.0,7.16,7.16,0.0004237007299961,5.917607960839637e-05,,,,,,10.0,66.8,6.68,0.0039529621178408,0.0005917607960839,2.0,4.32,2.16,0.0002556406639082,0.0001183521592167,,,,,,,,,,,,,,,13.824292094487012,622,0.0222255499911366,0.0041148784400687,2.135269952539375,0.0179600091415868,0.0368075215164225,117567.0,110409.33333333334,769.0,0.9391184034068518,0.0065409511172352,176.0,180.0,0.0,552.0,0.0,0.0,0.0,231.0,176.0,180.0,0.0,321.0,0.0,1.0,0.0,1.0,0.0,0.0,0.4184782608695652,0.5815217391304348
3,inactive,6,green,6,0-6,1.0,2.04,2.04,4944.44,16655.56,44.0,112.37363636363636,0.0001224816217527,6.004001066310589e-05,2.0,7.68,3.84,0.0004611072818926,0.0001200800213262,1.0,2.4,2.4,0.0001440960255914,6.004001066310589e-05,8.0,5258.84,657.355,0.3157408096755678,0.0004803200853048,,,,,,,,,,,,,,,,1.0,0.96,0.96,5.763841023658165e-05,6.004001066310589e-05,,,,,,5.0,30.8,6.16,0.0018492323284236,0.0003002000533155,,,,,,,,,,,,,,,,,,,,24.634848944133047,367,0.0671249290030873,0.0185472766864609,2.023279349889259,0.0607607960492073,0.0220346839133598,123655.0,115660.66666666666,204.0,0.9353496960629708,0.0016497513242489,0.0,25.0,255.0,52.0,0.0,0.0,66.0,0.0,0.0,25.0,189.0,52.0,0.0,0.0,0.0,1.0,0.2588235294117647,0.7411764705882353,0.0,1.0
3,inactive,6,red,6,0-6,1.0,9.2,9.2,4875.12,16724.88,22.0,221.59636363636363,0.0005500786851684,5.979116143135257e-05,1.0,1.92,1.92,0.0001147990299481,5.979116143135257e-05,1.0,2.16,2.16,0.0001291489086917,5.979116143135257e-05,9.0,5317.04,590.7822222222222,0.3179119969769589,0.0005381204528821,,,,,,1.0,1.48,1.48,8.84909189184018e-05,5.979116143135257e-05,,,,,,2.0,2.12,1.06,0.0001267572622344,0.0001195823228627,,,,,,12.0,36.64,3.0533333333333332,0.0021907481548447,0.0007174939371762,2.0,5.72,2.86,0.0003420054433873,0.0001195823228627,,,,,,,,,,,,,,,8.820742137941263,454,0.0194289474403992,0.0055374274444989,2.0536162651690733,0.018572692360087,0.027145187289834,121900.0,112956.33333333331,707.0,0.9266311184030624,0.005799835931091,38.0,55.0,104.0,231.0,0.0,0.0,0.0,231.0,38.0,55.0,104.0,0.0,0.0,1.0,0.0,1.0,0.0,1.0,1.0,0.0
3,inactive,6,yellow,6,0-6,2.0,6.0,3.0,5046.88,16553.12,25.0,201.8752,0.0003624694317445,0.0001208231439148,1.0,3.48,3.48,0.0002102322704118,6.041157195743159e-05,,,,,,4.0,5343.8,1335.95,0.3228273582261229,0.0002416462878297,,,,,,,,,,,,,,,,1.0,15.28,15.28,0.0009230888195095,6.041157195743159e-05,,,,,,6.0,25.96,4.326666666666667,0.0015682844080149,0.0003624694317445,,,,,,,,,,,,,,,,,,,,13.165430023608812,281,0.0468520641409566,0.0106656511653921,2.2338121943737352,0.0488327568702454,0.0169756517200382,126197.0,116693.66666666669,872.0,0.9246944591921096,0.0069098314539965,0.0,383.0,88.0,152.0,0.0,0.0,66.0,0.0,0.0,383.0,22.0,152.0,0.0,0.0,0.0,1.0,0.75,0.25,0.0,1.0
3,inactive,7,blue,6,0-6,,,,5044.64,16555.36,11.0,458.6036363636364,,,,,,,,,,,,,2.0,5076.6,2538.3,0.3066438905587073,0.0001208067961071,,,,,,,,,,,,,,,,,,,,,,,,,,,,,,,,,,,,,,,,,,,,,,,,,,0.3211430444082058,24,0.0133809601836752,0.0100027851762452,2.2835951574516593,0.0088448228272312,0.0014496815532854,126127.0,107904.33333333331,325.0,0.8555212867453704,0.0025767678609655,,,,,,,,,,,,,,,,,,,,
3,inactive,7,green,6,0-6,23.0,230.52,10.022608695652174,3255.96,18344.04,21.0,155.0457142857143,0.0125664793578731,0.0012538132276205,1.0,2.36,2.36,0.0001286521398775,5.45136185921967e-05,7.0,39.96,5.708571428571429,0.0021783641989441,0.0003815953301453,43.0,4172.56,97.03627906976745,0.2274613443930563,0.0023440855994644,2.0,2.64,1.32,0.0001439159530833,0.0001090272371843,10.0,51.28,5.128,0.0027954583614078,0.0005451361859219,,,,,,1.0,2.84,2.84,0.0001548186768018,5.45136185921967e-05,3.0,31.96,10.653333333333334,0.0017422552502066,0.0001635408557765,30.0,125.36,4.1786666666666665,0.0068338272267177,0.0016354085577659,5.0,13.32,2.664,0.000726121399648,0.0002725680929609,,,,,,,,,,,,,,,62.01669121429919,1804,0.0343773232895228,0.008407182979453,2.0293265840215393,0.0319541955435421,0.0983425679403228,81420.0,80621.0,0.0,0.990186686317858,0.0,1292.0,874.0,1066.0,5786.0,0.0,0.0,0.0,53.0,1292.0,874.0,1066.0,5733.0,0.0,1.0,0.0,1.0,0.0,1.0,0.0091600414794331,0.9908399585205668
3,inactive,7,red,6,0-6,,,,4982.48,16617.52,10.0,498.24799999999993,,,,,,,,,,,,,6.0,5062.92,843.82,0.3046736215753012,0.0003610647076097,,,,,,,,,,,,,,,,,,,,,,,,,,2.0,6.68,3.34,0.0004019853744722,0.0001203549025365,,,,,,,,,,,,,,,,,,,,3.7218358566195273,85,0.0437863041955238,0.0219949677669718,1.4499172377852554,0.0363457502125075,0.0051150833578054,124572.0,106728.66666666666,338.0,0.8567628894668678,0.0027132903060077,,,,,,,,,,,,,,,,,,,,
3,inactive,7,yellow,6,0-6,3.0,7.48,2.4933333333333336,4756.96,16843.04,39.0,121.97333333333331,0.0004441003524304,0.0001781151146111,,,,,,,,,,,15.0,4995.8,333.05333333333334,0.2966091631914428,0.0008905755730556,,,,,,,,,,,,,,,,,,,,,,,,,,,,,,,,,,,,,,,,,,,,,,,,,,13.65905090836648,283,0.0482651975560653,0.0136927111952597,2.063028803220042,0.0452711495299779,0.0168021924783174,118963.0,105493.33333333331,0.0,0.8867743191860773,0.0,0.0,0.0,0.0,190.0,0.0,0.0,0.0,53.0,0.0,0.0,0.0,137.0,0.0,0.0,0.0,0.0,0.0,0.0,0.2789473684210526,0.7210526315789474
3,inactive,8,blue,6,0-6,,,,,,,,,,,,,,,,,,,,,,,,,,,,,,,,,,,,,,,,,,,,,,,,,,,,,,,,,,,,,,,,,,,,,,,,,,2.8843613841611737,492,0.0058625231385389,0.0001437967796496,2.053964633345132,0.0078321014903671,,,,,,,,,,,,,,,,,,,,,,,,,,
3,inactive,8,green,6,0-6,16.0,78.8,4.925,4127.32,17472.68,85.0,48.55670588235294,0.0045098977374964,0.000915715276649,9.0,24.76,2.7511111111111113,0.0014170693906143,0.000515089843115,9.0,36.28,4.0311111111111115,0.0020763843898016,0.000515089843115,44.0,5119.32,116.3481818181818,0.2929899706284324,0.0025182170107848,,,,,,5.0,12.4,2.48,0.0007096793394029,0.0002861610239528,18.0,80.28,4.46,0.0045946014005865,0.0010301796862301,4.0,26.88,6.72,0.0015384016647703,0.0002289288191622,2.0,8.56,4.28,0.0004899076730072,0.0001144644095811,21.0,112.52,5.358095238095238,0.0064397676830343,0.0012018763006018,,,,,,,,,,,,,,,,,,,,73.43169144281427,1382,0.0531343642856832,0.0135985881267018,2.01779493676455,0.0506322083264363,0.0790949070205601,103268.0,66839.66666666666,1008.0,0.6472447095583013,0.009761010187086,2340.0,892.0,1544.0,1986.0,8.0,0.0,37.0,671.0,2332.0,892.0,1507.0,1315.0,0.0034188034188034,0.9965811965811966,0.0,1.0,0.0239637305699481,0.9760362694300518,0.337865055387714,0.662134944612286
3,inactive,8,red,6,0-6,,,,5331.76,16268.24,33.0,161.56848484848484,,,,,,,,,,,,,9.0,5496.4,610.7111111111111,0.3378607642867329,0.0005532251798596,,,,,,,,,,,,,,,,1.0,5.48,5.48,0.00033685266507,6.146946442885032e-05,,,,,,1.0,2.08,2.08,0.000127856486012,6.146946442885032e-05,,,,,,,,,,,,,,,,,,,,4.196497741209153,218,0.019249989638574,0.0065023675007537,2.2026292641420393,0.0173358628557132,0.0134003432454893,133327.0,72728.99999999997,13399.0,0.5454934109370193,0.1004972736204969,0.0,138.0,0.0,0.0,0.0,0.0,0.0,0.0,0.0,138.0,0.0,0.0,0.0,0.0,0.0,1.0,0.0,0.0,0.0,0.0
3,inactive,8,yellow,6,0-6,12.0,98.2,8.183333333333334,4744.6,16855.4,80.0,59.307500000000005,0.0058260260806625,0.0007119380139302,2.0,2.12,1.06,0.0001257757157943,0.000118656335655,1.0,1.24,1.24,7.356692810612622e-05,5.9328167827521146e-05,23.0,5432.12,236.1791304347826,0.3222777270192342,0.0013645478600329,,,,,,4.0,28.04,7.01,0.0016635618258836,0.00023731267131,7.0,20.32,2.902857142857143,0.0012055483702552,0.0004152971747926,1.0,8.4,8.4,0.0004983566097511,5.9328167827521146e-05,,,,,,7.0,20.76,2.9657142857142857,0.0012316527640993,0.0004152971747926,,,,,,,,,,,,,,,,,,,,35.789237743005145,758,0.0472153532229619,0.0146154784687636,2.024555768138843,0.042796884382968,0.044970751213261,118695.0,71917.33333333331,1202.0,0.6059002766193463,0.0101267955684738,1220.0,211.0,87.0,2467.0,8.0,0.0,37.0,671.0,1212.0,211.0,50.0,1796.0,0.0065573770491803,0.9934426229508196,0.0,1.0,0.425287356321839,0.5747126436781609,0.2719902715849209,0.728009728415079
