day,phase,box,mouse,time_bin,time_window,s_wall_count,s_wall_duration,s_wall_mean_duration,nest_duration,outside_nest_duration,nest_count,nest_mean_duration,s_wall_duration_fraction,s_wall_event_rate,ramp1_count,ramp1_duration,ramp1_mean_duration,ramp1_duration_fraction,ramp1_event_rate,ramp2_count,ramp2_duration,ramp2_mean_duration,ramp2_duration_fraction,ramp2_event_rate,non_wall_count,non_wall_duration,non_wall_mean_duration,non_wall_duration_fraction,non_wall_event_rate,woodstick_count,woodstick_duration,woodstick_mean_duration,woodstick_duration_fraction,woodstick_event_rate,feeder_prox_count,feeder_prox_duration,feeder_prox_mean_duration,feeder_prox_duration_fraction,feeder_prox_event_rate,feeder_dist_count,feeder_dist_duration,feeder_dist_mean_duration,feeder_dist_duration_fraction,feeder_dist_event_rate,water_prox_count,water_prox_duration,water_prox_mean_duration,water_prox_duration_fraction,water_prox_event_rate,water_dist_count,water_dist_duration,water_dist_mean_duration,water_dist_duration_fraction,water_dist_event_rate,motionless_count,motionless_duration,motionless_mean_duration,motionless_duration_fraction,motionless_event_rate,speeding_count,speeding_duration,speeding_mean_duration,speeding_duration_fraction,speeding_event_rate,chasing_duration,chasing_count,chasing_mean_duration,chased_duration,chased_count,chased_mean_duration,chasing_duration_fraction,chasing_event_rate,chased_duration_fraction,chased_event_rate,chasing_duration_ratio,chased_duration_ratio,chasing_event_ratio,chased_event_ratio,total_distance,valid_locomotion_duration,mean_speed,median_speed,mean_abs_angular_velocity,mean_abs_acceleration,valid_locomotion_duration_fraction,nest_frames,weighted_sum,alone_sum,weighted_co_occupancy,alone_fraction,feeding_frames,drinking_frames,ramps_frames,s_wall_frames,feeding_together_frames,drinking_together_frames,ramps_together_frames,s_wall_together_frames,feeding_alone_frames,drinking_alone_frames,ramps_alone_frames,s_wall_alone_frames,feeding_together_fraction,feeding_alone_fraction,drinking_together_fraction,drinking_alone_fraction,ramps_together_fraction,ramps_alone_fraction,s_wall_together_fraction,s_wall_alone_fraction,normDS,rank
0,inactive,1,blue,12,0-12,52.0,512.36,9.853076923076925,326.88,42873.12,31,10.544516129032258,0.0119506114787074,0.0012128811712326,22.0,147.6,6.709090909090909,0.0034427165552681,0.000513142033983,16.0,143.12,8.945,0.0033382221774389,0.0003731942065331,111,2643.72,23.817297297297294,0.0616638117309866,0.0025890348078236,5.0,12.84,2.568,0.0002994883507428,0.0001166231895416,14.0,96.56,6.897142857142858,0.0022522270364274,0.0003265449307164,33.0,328.12,9.943030303030303,0.0076532801904783,0.0007697130509745,10.0,89.04,8.904,0.0020768257593569,0.0002332463790832,12.0,32.6,2.716666666666667,0.0007603831958112,0.0002798956548998,51.0,242.48,4.754509803921568,0.0056557582000097,0.0011895565333243,4.0,8.64,2.16,0.0002015248715278,9.329855163328443e-05,1.0,1.0,1.0,5.0,5.0,1.0,2.332463790832111e-05,2.332463790832111e-05,0.0001166231895416,0.0001166231895416,0.1666666666666666,0.8333333333333334,0.1666666666666666,0.8333333333333334,127.71955394434208,3497,0.0365226062179988,0.0139060392448508,1.9635820959608663,0.0323163465324278,0.0815662587653989,8203,625.6666666666665,6326,0.0762729082855865,0.7711812751432403,10664.0,3063.0,7306.0,12861.0,1862.0,92.0,1178.0,2313.0,8802.0,2971.0,6128.0,10548.0,0.1746061515378844,0.8253938484621155,0.0300359125040809,0.969964087495919,0.1612373391732822,0.8387626608267178,0.1798460461861441,0.8201539538138558,1.5,Beta
0,inactive,1,green,12,0-12,74.0,456.32,6.166486486486487,274.52,42925.48,39,7.038974358974358,0.0106305159546264,0.0017239178222351,28.0,138.2,4.935714285714285,0.0032195330139581,0.0006522932300349,38.0,183.4,4.826315789473685,0.0042725206567288,0.0008852550979045,141,2705.04,19.18468085106383,0.0630171171062035,0.0032847623369616,1.0,4.92,4.92,0.0001146172389918,2.329618678696196e-05,23.0,100.68,4.377391304347826,0.0023454600857113,0.0005358122961001,32.0,190.64,5.9575,0.0044411850490664,0.0007454779771827,11.0,18.08,1.6436363636363636,0.0004211950571082,0.0002562580546565,5.0,16.0,3.2,0.0003727389885913,0.0001164809339348,39.0,166.56,4.270769230769231,0.0038802128712363,0.0009085512846915,7.0,15.2,2.1714285714285713,0.0003541020391618,0.0001630733075087,1.0,1.0,1.0,6.2,6.0,1.0333333333333334,2.329618678696196e-05,2.329618678696196e-05,0.0001444363580791,0.0001397771207217,0.1388888888888889,0.8611111111111112,0.1428571428571428,0.8571428571428571,352.57006928475136,3549,0.0993434965581153,0.046400842926922,2.0476449556921383,0.0907595118672493,0.082678166906928,6902,905.0,4356,0.1311214140828745,0.6311214140828745,7338.0,868.0,8031.0,11482.0,1158.0,34.0,2115.0,3462.0,6180.0,834.0,5916.0,8020.0,0.1578086672117743,0.8421913327882257,0.0391705069124423,0.9608294930875576,0.2633545013074337,0.7366454986925663,0.3015154154328514,0.6984845845671486,0.25,Delta
0,inactive,1,red,12,0-12,75.0,582.2,7.762666666666667,331.16,42868.84,35,9.461714285714288,0.0135809599699921,0.0017495224969931,41.0,153.48,3.743414634146341,0.0035802228378467,0.0009564056316895,33.0,118.36,3.5866666666666664,0.0027609797699214,0.0007697898986769,142,2503.32,17.629014084507045,0.0583948620956387,0.0033124292609737,5.0,8.6,1.72,0.0002006119129885,0.0001166348331328,17.0,55.64,3.272941176470588,0.0012979124231026,0.0003965584326517,38.0,372.2,9.794736842105262,0.0086822969784113,0.0008864247318098,6.0,51.92,8.653333333333334,0.0012111361072517,0.0001399617997594,10.0,36.96,3.696,0.0008621646865182,0.0002332696662657,30.0,109.2,3.64,0.002547304755622,0.0006998089987972,2.0,5.2,2.6,0.0001213002264581,4.665393325315078e-05,11.0,11.0,1.0,1.0,1.0,1.0,0.0002565966328923,0.0002565966328923,2.332696662657539e-05,2.332696662657539e-05,0.9166666666666666,0.0833333333333333,0.9166666666666666,0.0833333333333333,190.85940957994416,3494,0.0546249025701042,0.0245864811381464,1.9391424337910252,0.0479724462761993,0.0815044213932544,8314,867.3333333333331,5881,0.1043220271028786,0.7073610777002646,10751.0,2238.0,6870.0,14630.0,1823.0,0.0,1447.0,2912.0,8928.0,2238.0,5423.0,11718.0,0.169565621802623,0.830434378197377,0.0,1.0,0.2106259097525473,0.7893740902474526,0.1990430622009569,0.8009569377990431,3.0,Alpha
0,inactive,1,yellow,12,0-12,49.0,360.84,7.364081632653061,411.4,42788.6,56,7.346428571428571,0.00843308731765,0.0011451648336239,13.0,55.64,4.28,0.0013003463539353,0.0003038192415736,28.0,132.96,4.748571428571429,0.0031073697199721,0.0006543799049279,84,3322.76,39.55666666666667,0.0776552633177996,0.0019631397147838,,,,,,13.0,34.44,2.649230769230769,0.0008048872830613,0.0003038192415736,27.0,116.36,4.3096296296296295,0.0027194159191934,0.0006310091940376,5.0,30.2,6.04,0.0007057954688865,0.0001168535544514,2.0,4.6,2.3,0.0001075052700953,4.6741421780567726e-05,24.0,90.68,3.7783333333333338,0.0021192560635309,0.0005608970613668,2.0,5.16,2.58,0.0001205928681938,4.6741421780567726e-05,0.0,0.0,0.0,0.8,1.0,0.8,0.0,0.0,1.869656871222709e-05,2.3370710890283863e-05,0.0,1.0,0.0,1.0,188.61884285301616,3381,0.0557878860848909,0.0184679390649869,2.196050201518434,0.0531288642133895,0.0790163735200497,10341,1396.6666666666663,6320,0.1350610837120845,0.6111594623343971,3810.0,877.0,4756.0,9070.0,622.0,58.0,1470.0,3894.0,3188.0,819.0,3286.0,5176.0,0.163254593175853,0.836745406824147,0.0661345496009122,0.9338654503990876,0.3090832632464255,0.6909167367535745,0.4293274531422271,0.5706725468577729,0.7499999999999998,Gamma
0,inactive,2,blue,12,0-12,62.0,513.04,8.274838709677418,626.16,42573.84,33,18.974545454545453,0.0120505925704611,0.0014562933482157,29.0,204.56,7.053793103448276,0.0048048285050162,0.0006811694693267,28.0,140.96,5.034285714285715,0.0033109533929755,0.0006576808669361,121,2637.92,21.800991735537192,0.0619610540181482,0.0028421208892596,4.0,7.44,1.86,0.0001747552017858,9.3954409562304e-05,33.0,256.56,7.774545454545454,0.0060262358293261,0.000775123878889,31.0,175.28,5.654193548387097,0.0041170822270201,0.0007281466741078,8.0,23.6,2.95,0.0005543310164175,0.0001879088191246,13.0,37.2,2.8615384615384616,0.0008737760089294,0.0003053518310774,42.0,173.56,4.132380952380952,0.0040766818309083,0.0009865213004041,1.0,2.08,2.08,4.885629297239808e-05,2.3488602390576e-05,1.6,2.0,0.8,4.6,5.0,0.92,3.75817638249216e-05,4.6977204781152e-05,0.0001080475709966,0.0001174430119528,0.2580645161290323,0.7419354838709677,0.2857142857142857,0.7142857142857143,136.62818879420865,3197,0.0427363743491425,0.016224459784384,1.971577622949558,0.0403863924740458,0.0750930618426714,15687,2976.3333333333326,9549,0.189732474873037,0.6087205966724039,10860.0,1541.0,8695.0,12888.0,2231.0,49.0,1721.0,2488.0,8629.0,1492.0,6974.0,10400.0,0.2054327808471454,0.7945672191528546,0.0317975340687865,0.9682024659312136,0.1979298447383553,0.8020701552616446,0.1930477963997517,0.8069522036002483,1.75,Beta
0,inactive,2,green,12,0-12,66.0,334.04,5.0612121212121215,338.12,42861.88,35,9.660571428571428,0.0077934052356079,0.0015398297974797,43.0,231.88,5.392558139534883,0.0054099353551454,0.0010032224438125,22.0,88.04,4.001818181818182,0.0020540396268199,0.0005132765991599,127,2911.16,22.92251968503937,0.0679195592913796,0.002963005822423,6.0,12.52,2.0866666666666664,0.000292101046431,0.0001399845270436,49.0,332.8,6.791836734693878,0.0077644751000189,0.0011432069708561,23.0,58.12,2.5269565217391303,0.0013559834519624,0.0005366073536671,21.0,73.76,3.5123809523809526,0.0017208764524561,0.0004899458446526,6.0,28.8,4.8,0.0006719257298093,0.0001399845270436,29.0,121.04,4.1737931034482765,0.0028239545255597,0.0006765918807107,2.0,4.24,2.12,9.89223991108183e-05,4.666150901453693e-05,,,,,,,,,,,,,,,304.0464885442477,3487,0.0871942898033403,0.03905137771173,2.0133374658450025,0.0799794618472867,0.0813543409668451,8488,3299.666666666666,1289,0.3887448947533772,0.1518614514608859,9845.0,2591.0,8063.0,8417.0,2670.0,101.0,1545.0,3086.0,7175.0,2490.0,6518.0,5331.0,0.271203656678517,0.728796343321483,0.0389810883828637,0.9610189116171364,0.1916160238124767,0.8083839761875232,0.3666389449922775,0.6333610550077224,1.5,Gamma
0,inactive,2,red,12,0-12,33.0,496.92,15.05818181818182,539.28,42660.72,33,16.34181818181818,0.011648185965919,0.0007735453128779,21.0,88.72,4.2247619047619045,0.0020796648532889,0.000492256108195,25.0,132.16,5.2863999999999995,0.003097931774241,0.0005860191764227,102,2736.44,26.827843137254906,0.0641442526052068,0.0023909582398046,4.0,10.64,2.66,0.0002494097614855,9.376306822763424e-05,36.0,257.88,7.163333333333333,0.0060449050086355,0.0008438676140487,36.0,291.76,8.104444444444445,0.0068390781965236,0.0008438676140487,8.0,14.96,1.87,0.0003506738751713,0.0001875261364552,4.0,11.48,2.87,0.0002691000058133,9.376306822763424e-05,47.0,209.8,4.463829787234043,0.0049178729285394,0.0011017160516747,3.0,6.56,2.1866666666666665,0.0001537714318933,7.032230117072567e-05,4.6,5.0,0.92,0.8,1.0,0.8,0.0001078275284617,0.0001172038352845,1.8752613645526844e-05,2.3440767056908556e-05,0.8518518518518519,0.1481481481481481,0.8333333333333334,0.1666666666666666,158.4976386964024,3285,0.0482489006686156,0.0158914155342543,1.9766506968625817,0.0416378461369054,0.0770029197819446,13515,2717.3333333333335,7827,0.201060550006166,0.579134295227525,13813.0,673.0,5568.0,12456.0,2963.0,8.0,928.0,2761.0,10850.0,665.0,4640.0,9695.0,0.2145080721059871,0.7854919278940129,0.0118870728083209,0.9881129271916792,0.1666666666666666,0.8333333333333334,0.221660244059088,0.778339755940912,2.0,Alpha
0,inactive,2,yellow,12,0-12,32.0,237.4,7.41875,1051.76,42148.24,90,11.686222222222222,0.0056325009063249,0.0007592250589822,11.0,36.64,3.330909090909091,0.0008693126925347,0.0002609836140251,11.0,49.76,4.5236363636363635,0.0011805949667174,0.0002609836140251,39,3677.8,94.3025641025641,0.0872586850601591,0.0009253055406346,,,,,,18.0,63.96,3.5533333333333332,0.0015175010866408,0.0004270640956775,26.0,80.84,3.1092307692307695,0.001917992305254,0.0006168703604231,3.0,13.72,4.573333333333333,0.0003255177440386,7.117734927959033e-05,10.0,40.48,4.048,0.0009604196996126,0.0002372578309319,13.0,40.08,3.083076923076923,0.0009509293863753,0.0003084351802115,1.0,2.0,2.0,4.745156618639355e-05,2.3725783093196775e-05,0.0,0.0,0.0,0.8,1.0,0.8,0.0,0.0,1.8980626474557422e-05,2.3725783093196775e-05,0.0,1.0,0.0,1.0,169.892373272579,2716,0.0625524202034532,0.0234219133983173,2.1231273919018143,0.0596197416031298,0.0644392268811224,26384,4380.666666666667,16399,0.1660349706893066,0.6215509399636143,3664.0,1368.0,2182.0,5967.0,1934.0,60.0,710.0,2236.0,1730.0,1308.0,1472.0,3731.0,0.5278384279475983,0.4721615720524017,0.043859649122807,0.956140350877193,0.3253895508707607,0.6746104491292392,0.3747276688453159,0.6252723311546841,0.7500000000000002,Delta
0,inactive,3,blue,12,0-12,61.0,463.64,7.600655737704918,367.48,42832.52,39,9.422564102564102,0.0108244856945143,0.0014241515558739,30.0,205.44,6.848,0.0047963556662087,0.0007004024045281,23.0,143.0,6.217391304347826,0.0033385847949175,0.0005369751768049,123,2591.8,21.071544715447157,0.0605100984018684,0.0028716498585654,1.0,1.16,1.16,2.7082226308421732e-05,2.3346746817604943e-05,18.0,101.0,5.611111111111111,0.002358021428578,0.0004202414427168,13.0,149.4,11.492307692307692,0.0034880039745501,0.0003035077086288,13.0,50.44,3.88,0.0011776099094799,0.0003035077086288,8.0,16.4,2.05,0.0003828866478087,0.0001867739745408,29.0,111.56,3.846896551724138,0.002604563074972,0.0006770556577105,6.0,13.64,2.2733333333333334,0.0003184496265921,0.0001400804809056,2.6,3.0,0.8666666666666667,4.0,4.0,1.0,6.0701541725772856e-05,7.004024045281483e-05,9.338698727041976e-05,9.338698727041976e-05,0.393939393939394,0.6060606060606061,0.4285714285714285,0.5714285714285714,184.84288348498416,3451,0.0535621221341594,0.0211508807489352,1.9742182660883003,0.0476038621798186,0.0805696232675546,9226,1811.0,4768,0.1962930847604595,0.5168003468458704,6291.0,1692.0,8764.0,11652.0,980.0,73.0,1659.0,1728.0,5311.0,1619.0,7105.0,9924.0,0.1557780956922587,0.8442219043077412,0.043144208037825,0.956855791962175,0.1892971246006389,0.810702875399361,0.1483007209062821,0.8516992790937178,0.9,Delta
0,inactive,3,green,12,0-12,48.0,261.56,5.449166666666667,193.52,43006.48,29,6.673103448275862,0.0060818741733803,0.0011161108744542,42.0,148.2,3.5285714285714285,0.0034459923248775,0.0009765970151474,54.0,299.48,5.545925925925927,0.0069636017641992,0.001255624733761,122,2880.8,23.61311475409836,0.0669852543151636,0.0028367818059045,9.0,15.08,1.6755555555555557,0.0003506448330577,0.0002092707889601,36.0,129.64,3.601111111111111,0.0030144294534219,0.0008370831558407,37.0,124.04,3.3524324324324324,0.0028842165180689,0.0008603354657251,8.0,35.36,4.42,0.0008222016775146,0.0001860184790757,11.0,34.4,3.127272727272727,0.0007998794600255,0.0002557754087291,25.0,79.6,3.1839999999999997,0.0018508838668033,0.0005813077471115,7.0,18.64,2.662857142857143,0.0004334230562464,0.0001627661691912,6.4,5.0,1.28,3.6,4.0,0.9,0.0001488147832605,0.0001162615494223,8.370831558407011e-05,9.300923953785569e-05,0.64,0.36,0.5555555555555556,0.4444444444444444,354.5928560323422,3638,0.0974691742804678,0.0404062078149064,2.031924156795556,0.0867309305167369,0.0845919033596797,4867,1478.0,1936,0.3036778302855968,0.3977809739058968,6415.0,1763.0,11206.0,6587.0,1276.0,47.0,2312.0,1714.0,5139.0,1716.0,8894.0,4873.0,0.1989088074824629,0.801091192517537,0.0266591038003403,0.9733408961996596,0.2063180439050508,0.7936819560949492,0.2602095035676332,0.7397904964323668,1.725,Beta
0,inactive,3,red,12,0-12,32.0,285.72,8.92875,989.56,42210.44,56,17.670714285714286,0.0067689415225238,0.0007581062883968,20.0,86.76,4.338,0.002055415674416,0.000473816430248,16.0,116.48,7.28,0.0027595068897647,0.0003790531441984,96,2966.08,30.896666666666665,0.0702688718715085,0.0022743188651906,2.0,2.44,1.22,5.780560449026354e-05,4.7381643024806185e-05,60.0,256.72,4.278666666666667,0.0060819076986641,0.0014214492907441,16.0,67.8,4.2375,0.0016062376985409,0.0003790531441984,9.0,27.84,3.0933333333333333,0.0006595524709053,0.0002132173936116,7.0,25.76,3.68,0.0006102755621595,0.0001658357505868,30.0,115.76,3.8586666666666662,0.0027424494982757,0.000710724645372,7.0,15.84,2.262857142857143,0.0003752626127564,0.0001658357505868,3.2,3.0,1.0666666666666669,4.6,3.0,1.5333333333333332,7.58106288396899e-05,7.107246453720928e-05,0.000108977778957,7.107246453720928e-05,0.4102564102564103,0.5897435897435898,0.5,0.5,141.96665829397068,2813,0.0504680619601744,0.0161449808995845,1.9476963232348543,0.0450844961688057,0.0666422809143899,24795,3529.333333333333,16624,0.1423405256436109,0.6704577535793507,8189.0,1356.0,5117.0,7175.0,957.0,40.0,1568.0,898.0,7232.0,1316.0,3549.0,6277.0,0.1168640859689827,0.8831359140310172,0.0294985250737463,0.9705014749262536,0.3064295485636115,0.6935704514363885,0.1251567944250871,0.8748432055749129,1.875,Alpha
0,inactive,3,yellow,12,0-12,49.0,233.64,4.768163265306122,588.48,42611.52,75,7.8464,0.0054830243089192,0.0011499237764811,31.0,102.32,3.3006451612903223,0.0024012285879499,0.0007275027973655,21.0,67.76,3.226666666666667,0.0015901803080481,0.0004928244756347,46,3672.04,79.82695652173913,0.0861748184528503,0.0010795202799618,,,,,,32.0,182.24,5.695,0.0042767777352227,0.0007509706295386,26.0,80.88,3.1107692307692307,0.001898078266159,0.0006101636365001,13.0,36.6,2.8153846153846156,0.0008589226575348,0.00030508181825,4.0,10.16,2.54,0.0002384331748785,9.387132869233483e-05,9.0,41.72,4.635555555555555,0.000979077958261,0.0002112104895577,,,,,,,,,,,,,,,,,,,,235.5371526738313,3189,0.0738592513872158,0.0270746667728498,2.1987706658937864,0.0730264379020092,0.0748389167999639,14787,3305.6666666666665,7226,0.2235522192917202,0.4886724825860553,6636.0,1186.0,4304.0,5890.0,1731.0,80.0,1789.0,2165.0,4905.0,1106.0,2515.0,3725.0,0.2608499095840868,0.7391500904159132,0.0674536256323777,0.9325463743676222,0.4156598513011152,0.5843401486988847,0.367572156196944,0.6324278438030561,1.5,Gamma
0,inactive,4,blue,12,0-12,25.0,253.52,10.1408,425.36,42774.64,34,12.51058823529412,0.0059268762986666,0.0005844584548227,44.0,331.6,7.536363636363637,0.0077522569447691,0.001028646880488,25.0,184.32,7.3728,0.0043090952957172,0.0005844584548227,122,2680.76,21.97344262295082,0.0626717138940269,0.002852157259535,17.0,57.24,3.367058823529412,0.0013381760781622,0.0003974317492794,32.0,281.72,8.80375,0.0065861454357067,0.0007481068221731,26.0,172.84,6.647692307692308,0.0040407119732626,0.0006078367930156,20.0,59.96,2.998,0.0014017651580469,0.0004675667638582,10.0,71.76,7.176,0.0016776295487232,0.0002337833819291,28.0,106.96,3.82,0.0025005470531137,0.0006545934694014,9.0,23.72,2.635555555555555,0.0005545341819358,0.0002104050437361,2.6,3.0,0.8666666666666667,5.0,5.0,1.0,6.0783679301567475e-05,7.01350145787317e-05,0.0001168916909645,0.0001168916909645,0.3421052631578947,0.6578947368421053,0.375,0.625,159.19119937439103,3400,0.0468209409924679,0.0170351020058858,1.896551889039182,0.0431133399618802,0.0794863498558959,10668,2916.6666666666665,3412,0.2734033245844269,0.3198350206224222,11422.0,3323.0,12967.0,6363.0,3747.0,368.0,3078.0,1209.0,7675.0,2955.0,9889.0,5154.0,0.3280511293994047,0.6719488706005954,0.1107433042431537,0.8892566957568462,0.2373717899282794,0.7626282100717205,0.19000471475719,0.80999528524281,2.25,Beta
0,inactive,4,green,12,0-12,50.0,552.36,11.0472,94.76,43105.24,11,8.614545454545455,0.0128142193385305,0.0011599517831242,38.0,183.56,4.830526315789474,0.0042584149862058,0.0008815633551744,46.0,267.6,5.817391304347827,0.0062080619432811,0.0010671556404743,130,2381.2,18.316923076923075,0.0552415437195106,0.0030158746361231,4.0,23.96,5.99,0.0005558488944731,9.279614264994232e-05,43.0,172.32,4.007441860465116,0.0039976578253595,0.0009975585334868,38.0,150.32,3.9557894736842103,0.0034872790407848,0.0008815633551744,11.0,43.68,3.9709090909090903,0.0010133338777373,0.0002551893922873,13.0,62.84,4.833846153846154,0.0014578274010305,0.0003015874636123,43.0,158.76,3.6920930232558136,0.0036830789017762,0.0009975585334868,3.0,6.88,2.2933333333333334,0.0001596093653579,6.959710698745675e-05,0.8,1.0,0.8,1.6,2.0,0.8,1.8559228529988468e-05,2.319903566248558e-05,3.7118457059976935e-05,4.639807132497116e-05,0.3333333333333333,0.6666666666666666,0.3333333333333333,0.6666666666666666,292.1960836109735,3753,0.0778566702933582,0.0239108834817544,2.050441647597347,0.0718476805872858,0.0870659808413084,2380,1203.3333333333333,488,0.5056022408963585,0.2050420168067226,8147.0,2687.0,11231.0,13859.0,2485.0,623.0,3241.0,2890.0,5662.0,2064.0,7990.0,10969.0,0.3050202528538112,0.6949797471461888,0.2318570896911053,0.7681429103088947,0.2885762621316,0.7114237378684,0.2085287538783462,0.7914712461216538,0.75,Gamma
0,inactive,4,red,12,0-12,38.0,343.72,9.045263157894738,463.8,42736.2,33,14.054545454545456,0.0080428302001581,0.000889175921116,20.0,141.32,7.066,0.0033067984518979,0.0004679873269031,18.0,148.08,8.226666666666667,0.0034649781683912,0.0004211885942128,115,2706.76,23.53704347826087,0.0633364688484235,0.0026909271296933,12.0,24.28,2.0233333333333334,0.0005681366148604,0.0002807923961419,46.0,237.96,5.17304347826087,0.0055681132154941,0.0010763708518773,45.0,227.68,5.059555555555556,0.0053275677294658,0.0010529714855321,15.0,92.88,6.191999999999999,0.0021733331461384,0.0003509904951773,11.0,52.04,4.7309090909090905,0.001217703024602,0.0002573930297967,31.0,102.28,3.2993548387096774,0.0023932871897829,0.0007253803566999,5.0,17.56,3.5119999999999996,0.0004108928730209,0.0001169968317257,6.8,7.0,0.9714285714285714,0.8,1.0,0.8,0.000159115691147,0.0001637955644161,1.87194930761275e-05,2.3399366345159375e-05,0.8947368421052632,0.1052631578947368,0.875,0.125,148.31269054623368,3356,0.0441932927730136,0.0158178706715196,1.939236465158948,0.0394231143294865,0.0785282734543548,11628,1760.0,7793,0.1513587891296869,0.6701926384588923,11732.0,3649.0,7273.0,8631.0,2568.0,547.0,2231.0,1507.0,9164.0,3102.0,5042.0,7124.0,0.2188885100579611,0.7811114899420388,0.149904083310496,0.850095916689504,0.3067509968376186,0.6932490031623814,0.1746031746031746,0.8253968253968254,3.0,Alpha
0,inactive,4,yellow,12,0-12,36.0,218.24,6.062222222222222,1006.48,42193.52,66,15.24969696969697,0.0051723582199351,0.0008532115832004,29.0,150.52,5.190344827586207,0.0035673724306481,0.0006873093309114,22.0,66.32,3.014545454545454,0.0015718053388292,0.0005214070786224,54,3591.72,66.51333333333334,0.0851249196559092,0.0012798173748006,1.0,1.16,1.16,2.749237323645906e-05,2.3700321755568156e-05,27.0,156.36,5.791111111111111,0.0037057823097006,0.0006399086874003,12.0,27.16,2.263333333333333,0.0006437007388812,0.0002844038610668,14.0,61.48,4.3914285714285715,0.0014570957815323,0.0003318045045779,10.0,58.76,5.8759999999999994,0.0013926309063571,0.0002370032175556,12.0,36.96,3.08,0.0008759638920857,0.0002844038610668,,,,,,0.0,0.0,0.0,2.8,3.0,0.9333333333333332,0.0,0.0,6.636090091559084e-05,7.110096526670446e-05,0.0,1.0,0.0,1.0,202.91628319136672,2780,0.0729914687738729,0.0267581657170927,2.1141517833106365,0.0681900595181457,0.0658868944804794,25228,3177.333333333333,17425,0.1259447175096453,0.6907008086253369,4627.0,3030.0,5472.0,5492.0,1432.0,320.0,1946.0,2831.0,3195.0,2710.0,3526.0,2661.0,0.3094877890641884,0.6905122109358115,0.1056105610561056,0.8943894389438944,0.3556286549707602,0.6443713450292398,0.5154770575382375,0.4845229424617626,0.0,Delta
0,inactive,5,blue,12,0-12,38.0,410.16,10.793684210526315,345.0,42855.0,21,16.428571428571427,0.0095708785439271,0.0008867110022167,46.0,230.8,5.017391304347826,0.005385602613464,0.0010733870026834,44.0,226.28,5.142727272727273,0.0052801306732003,0.0010267180025667,150,2512.28,16.748533333333334,0.058622797806557,0.0035001750087504,4.0,10.84,2.71,0.0002529459806323,9.3338000233345e-05,38.0,132.6,3.4894736842105263,0.0030941547077353,0.0008867110022167,11.0,41.0,3.727272727272727,0.0009567145023917,0.0002566795006416,20.0,53.96,2.698,0.0012591296231478,0.0004666900011667,4.0,17.48,4.37,0.0004078870610197,9.3338000233345e-05,34.0,150.92,4.438823529411764,0.0035216427488041,0.0007933730019834,4.0,10.28,2.57,0.0002398786605996,9.3338000233345e-05,,,,,,,,,,,,,,,173.93625110036314,3496,0.0497529322369459,0.0190819606677928,1.895284836548028,0.0452691413800952,0.0815774122039435,8646,1823.0,4244,0.2108489474901688,0.4908628267406893,4389.0,1810.0,11517.0,10292.0,609.0,118.0,2573.0,2927.0,3780.0,1692.0,8944.0,7365.0,0.138755980861244,0.861244019138756,0.0651933701657458,0.934806629834254,0.2234088738386732,0.7765911261613268,0.2843956471045472,0.7156043528954528,,
0,inactive,5,green,12,0-12,77.0,381.72,4.957402597402598,375.92,42824.08,43,8.742325581395349,0.0089136766043777,0.0017980538052422,37.0,144.6,3.908108108108108,0.0033766049381562,0.000863999880441,58.0,219.84,3.790344827586207,0.0051335603707073,0.0013543781909617,130,2771.48,21.319076923076924,0.0647177942876998,0.0030356752556038,5.0,11.28,2.256,0.0002634032067939,0.0001167567406001,3.0,8.92,2.973333333333333,0.0002082940252306,7.0054044360089e-05,55.0,291.64,5.302545454545454,0.0068101871657254,0.0012843241466016,10.0,72.92,7.292,0.0017027803049125,0.0002335134812002,11.0,33.48,3.0436363636363635,0.0007818031350585,0.0002568648293203,35.0,129.48,3.6994285714285713,0.0030235325545814,0.000817297184201,7.0,16.52,2.36,0.0003857642709428,0.0001634594368402,,,,,,,,,,,,,,,368.1734567700635,3442,0.1069649787245971,0.0534864103421897,2.08929018363297,0.0949839442478621,0.0803753402291421,9441,2456.333333333333,3704,0.2601772411114642,0.3923313208346573,7572.0,2666.0,9180.0,9620.0,620.0,64.0,3041.0,2963.0,6952.0,2602.0,6139.0,6657.0,0.0818806127839408,0.9181193872160592,0.024006001500375,0.9759939984996248,0.3312636165577342,0.6687363834422658,0.308004158004158,0.691995841995842,,
0,inactive,5,red,12,0-12,35.0,449.2,12.834285714285716,717.92,42482.08,22,32.63272727272727,0.0105738702059786,0.0008238767969929,30.0,202.64,6.754666666666666,0.0047700112612188,0.0007061801117082,22.0,173.32,7.878181818181818,0.0040798378987092,0.0005178654152527,108,2616.08,24.222962962962963,0.0615807888879263,0.0025422484021498,3.0,8.92,2.973333333333333,0.0002099708865479,7.061801117082779e-05,9.0,42.12,4.68,0.0009914768768384,0.0002118540335124,38.0,182.08,4.791578947368421,0.0042860424913281,0.0008944948081638,11.0,50.36,4.578181818181818,0.0011854410141876,0.0002589327076263,7.0,28.4,4.057142857142857,0.0006685171724171,0.0001647753593985,26.0,141.4,5.438461538461539,0.0033284622598516,0.0006120227634805,9.0,21.8,2.4222222222222225,0.0005131575478413,0.0002118540335124,,,,,,,,,,,,,,,124.84890540748616,3122,0.0399900401689577,0.0159653676015924,1.9203699884570624,0.0351590939493142,0.0734898102917747,17970,2192.9999999999995,12638,0.1220367278797996,0.7032832498608792,5652.0,1987.0,9451.0,11265.0,441.0,54.0,2140.0,1909.0,5211.0,1933.0,7311.0,9356.0,0.0780254777070063,0.9219745222929936,0.027176648213387,0.9728233517866128,0.2264310654957147,0.7735689345042852,0.1694629383044829,0.8305370616955171,,
0,inactive,5,yellow,12,0-12,39.0,240.64,6.1702564102564095,770.76,42429.24,99,7.785454545454545,0.0056715604616061,0.0009191774351838,32.0,111.24,3.47625,0.0026217768689705,0.0007541968698944,38.0,174.2,4.584210526315789,0.0041056592104878,0.0008956087829996,36,3663.6,101.76666666666668,0.0863461141420397,0.0008484714786312,,,,,,10.0,30.8,3.08,0.0007259144872733,0.000235686521842,14.0,43.36,3.097142857142857,0.0010219367587069,0.0003299611305788,9.0,21.6,2.4000000000000004,0.0005090828871787,0.0002121178696578,3.0,25.04,8.346666666666666,0.0005901590506923,7.070595655260382e-05,13.0,38.64,2.9723076923076923,0.0009106927203975,0.0003063924783946,,,,,,,,,,,,,,,,,,,,242.60888225090025,2983,0.0813305002517265,0.0312253292958234,2.1413497259542984,0.079281391711129,0.0703052894654724,19368,3375.6666666666656,10881,0.1742909266143466,0.5618029739776952,1878.0,1178.0,7206.0,6055.0,272.0,80.0,3020.0,2068.0,1606.0,1098.0,4186.0,3987.0,0.1448349307774228,0.8551650692225772,0.0679117147707979,0.932088285229202,0.4190951984457396,0.5809048015542604,0.3415359207266721,0.6584640792733278,,
0,inactive,6,blue,12,0-12,48.0,420.8,8.766666666666667,637.88,42562.12,38,16.786315789473683,0.0098867255672414,0.0011277633726891,40.0,237.6,5.9399999999999995,0.0055824286948112,0.0009398028105742,32.0,162.2,5.06875,0.0038109003968787,0.0007518422484594,147,2605.56,17.72489795918367,0.0612178152779983,0.0034537753288604,1.0,1.36,1.36,3.19532955595257e-05,2.3495070264357132e-05,22.0,131.24,5.965454545454546,0.0030834930214942,0.0005168915458158,26.0,123.72,4.758461538461538,0.0029068100931062,0.0006108718268732,5.0,11.56,2.3120000000000003,0.0002716030122559,0.0001174753513217,6.0,15.04,2.5066666666666664,0.0003533658567759,0.0001409704215861,30.0,107.12,3.570666666666667,0.0025167919267179,0.0007048521079307,6.0,14.52,2.42,0.0003411484202384,0.0001409704215861,1.6,2.0,0.8,1.8,2.0,0.9,3.759211242297141e-05,4.6990140528714264e-05,4.229112647584284e-05,4.6990140528714264e-05,0.4705882352941176,0.5294117647058824,0.5,0.5,200.5501400275788,3180,0.0630660817696788,0.0293357249955946,1.960755522593194,0.053716459645392,0.0747143234406556,15985,2827.6666666666665,9982,0.1768950057345427,0.6244604316546762,6422.0,676.0,10067.0,10568.0,1233.0,40.0,1655.0,1063.0,5189.0,636.0,8412.0,9505.0,0.1919962628464653,0.8080037371535347,0.059171597633136,0.940828402366864,0.1643985298500049,0.8356014701499951,0.1005866767600302,0.8994133232399697,2.0,Beta
0,inactive,6,green,12,0-12,57.0,388.92,6.823157894736842,144.6,43055.4,13,11.123076923076924,0.0090330132805641,0.0013238757507769,41.0,240.8,5.873170731707317,0.0055927943997733,0.0009522615049447,22.0,110.8,5.036363636363636,0.0025734286523873,0.0005109695880191,141,2642.6,18.741843971631205,0.0613767378772465,0.0032748505413955,7.0,13.24,1.8914285714285717,0.000307510788426,0.0001625812325515,43.0,142.4,3.3116279069767445,0.0033073667879058,0.0009987132856738,70.0,258.64,3.694857142857143,0.0060071442838761,0.0016258123255154,8.0,15.76,1.97,0.0003660400321446,0.000185807122916,14.0,24.76,1.768571428571429,0.0005750730454251,0.000325162465103,41.0,140.48,3.426341463414634,0.0032627730784059,0.0009522615049447,5.0,14.28,2.856,0.0003316657144051,0.0001161294518225,0.0,0.0,0.0,3.2,4.0,0.8,0.0,0.0,7.432284916642279e-05,9.29035614580285e-05,0.0,1.0,0.0,1.0,344.64087527878473,3706,0.0929953791901739,0.0366758043703752,2.0746962246816527,0.0880907666076179,0.0860751496908634,3628,1520.3333333333333,744,0.4190554943035648,0.2050716648291069,10139.0,1035.0,8853.0,9780.0,1848.0,107.0,1612.0,2749.0,8291.0,928.0,7241.0,7031.0,0.182266495709636,0.817733504290364,0.1033816425120772,0.8966183574879227,0.1820851688693098,0.8179148311306902,0.2810838445807771,0.7189161554192229,0.0,Delta
0,inactive,6,red,12,0-12,43.0,392.68,9.132093023255814,176.2,43023.8,15,11.746666666666666,0.0091270413120179,0.0009994468178078,35.0,211.8,6.051428571428572,0.0049228566514347,0.000813503223797,20.0,129.4,6.470000000000001,0.0030076376331239,0.0004648589850268,143,2587.48,18.094265734265733,0.0601406663288691,0.0033237417429422,,,,,,8.0,54.16,6.77,0.0012588381314528,0.0001859435940107,46.0,289.28,6.288695652173913,0.0067237203594289,0.0010691756655618,4.0,13.48,3.37,0.0003133149559081,9.297179700537842e-05,19.0,55.12,2.9010526315789473,0.0012811513627341,0.0004416160357755,37.0,170.92,4.619459459459459,0.0039726848860398,0.0008599891222997,12.0,28.44,2.37,0.0006610294767082,0.0002789153910161,4.2,5.0,0.8400000000000001,0.8,1.0,0.8,9.762038685564732e-05,0.0001162147462567,1.8594359401075685e-05,2.3242949251344604e-05,0.8400000000000001,0.16,0.8333333333333334,0.1666666666666666,187.22300205809572,3664,0.0510979809110523,0.0194992546069233,1.9269248215909611,0.044858592453787,0.0851621660569266,4420,1548.6666666666663,1711,0.3503770739064856,0.38710407239819,8640.0,1738.0,8585.0,9860.0,943.0,65.0,1534.0,1406.0,7697.0,1673.0,7051.0,8454.0,0.1091435185185185,0.8908564814814814,0.0373993095512082,0.9626006904487916,0.1786837507280139,0.821316249271986,0.1425963488843813,0.8574036511156187,2.5,Alpha
0,inactive,6,yellow,12,0-12,27.0,197.48,7.314074074074074,1082.4,42117.6,117,9.251282051282052,0.0046887761885767,0.0006410621687845,9.0,26.44,2.937777777777778,0.000627766064543,0.0002136873895948,1.0,1.16,1.16,2.7541930214447167e-05,2.3743043288316524e-05,27,3754.44,139.05333333333334,0.0891418314433871,0.0006410621687845,,,,,,22.0,95.84,4.356363636363636,0.0022755332687522,0.0005223469523429,36.0,101.76,2.8266666666666667,0.002416092085019,0.0008547495583793,6.0,29.6,4.933333333333334,0.0007027940813341,0.0001424582597298,10.0,35.44,3.5439999999999996,0.0008414534541379,0.0002374304328831,5.0,12.48,2.496,0.0002963131802381,0.0001187152164415,,,,,,,,,,,,,,,,,,,,165.55604837884107,2656,0.0623328495402263,0.0212834833835182,2.0968566934518273,0.0596946210577104,0.0630615229737686,27177,3365.333333333333,19553,0.1238301995559971,0.7194686683592744,4998.0,1642.0,700.0,4964.0,2043.0,82.0,300.0,2072.0,2955.0,1560.0,400.0,2892.0,0.4087635054021609,0.5912364945978391,0.0499390986601705,0.9500609013398296,0.4285714285714285,0.5714285714285714,0.4174053182917002,0.5825946817082998,1.5,Gamma
0,inactive,7,blue,12,0-12,54.0,489.96,9.073333333333332,430.96,42769.04,28,15.391428571428571,0.0114559503790592,0.0012625955597787,18.0,99.92,5.551111111111111,0.0023362694135758,0.0004208651865929,20.0,120.8,6.04,0.0028244730300235,0.0004676279851032,116,2601.8,22.429310344827588,0.0608337245820808,0.0027122423135988,3.0,5.0,1.6666666666666667,0.0001169069962758,7.014419776548644e-05,27.0,221.12,8.18962962962963,0.0051700950033014,0.0006312977798893,32.0,194.04,6.06375,0.0045369267114716,0.0007482047761651,15.0,69.16,4.610666666666666,0.001617057572487,0.0003507209888274,16.0,34.96,2.185,0.0008174137179604,0.0003741023880825,24.0,98.24,4.093333333333333,0.0022969886628271,0.0005611535821238,7.0,17.76,2.537142857142858,0.0004152536507716,0.0001636697947861,2.4,3.0,0.7999999999999999,3.0,3.0,1.0,5.611535821238915e-05,7.014419776548644e-05,7.014419776548644e-05,7.014419776548644e-05,0.4444444444444444,0.5555555555555555,0.5,0.5,151.60466522687904,3397,0.0446289859366732,0.018787913272845,1.9228221284668408,0.0393848266039991,0.0794266132697858,10802,1841.333333333333,6367,0.1704622600752946,0.589427883725236,10438.0,2634.0,5556.0,12303.0,1981.0,253.0,899.0,3372.0,8457.0,2381.0,4657.0,8931.0,0.1897873155776968,0.8102126844223031,0.0960516324981017,0.9039483675018982,0.1618070554355651,0.8381929445644348,0.2740794928066325,0.7259205071933674,0.375,Delta
0,inactive,7,green,12,0-12,52.0,510.36,9.814615384615385,121.68,43078.32,24,5.07,0.0118472586674689,0.0012071037124938,28.0,119.16,4.255714285714285,0.0027661245842456,0.000649978922112,51.0,231.28,4.534901960784314,0.0053688258966459,0.0011838901795613,123,2623.52,21.329430894308945,0.0609011679192689,0.0028552645507067,5.0,14.16,2.832,0.0003287036263252,0.0001160676646628,37.0,153.92,4.159999999999999,0.0035730269889819,0.0008589007185052,19.0,147.24,7.7494736842105265,0.0034179605889923,0.0004410571257189,4.0,8.12,2.03,0.0001884938874125,9.28541317302996e-05,17.0,49.32,2.9011764705882355,0.0011448914442345,0.0003946300598537,45.0,187.76,4.172444444444444,0.0043585729434202,0.0010446089819658,2.0,4.2,2.1,9.749683831681458e-05,4.64270658651498e-05,9.8,10.0,0.98,4.4,5.0,0.8800000000000001,0.0002274926227392,0.0002321353293257,0.0001021395449033,0.0001160676646628,0.6901408450704225,0.3098591549295774,0.6666666666666666,0.3333333333333333,362.97340604835273,3716,0.0976785269236686,0.0387042429734137,2.1415999309420664,0.0877635276338767,0.0862614883774483,3066,1093.0,830,0.3564905414220483,0.2707110241356816,7585.0,1457.0,8763.0,12811.0,1827.0,164.0,1689.0,4840.0,5758.0,1293.0,7074.0,7971.0,0.240870138431114,0.759129861568886,0.1125600549073438,0.8874399450926561,0.1927422115713796,0.8072577884286203,0.3778003278432597,0.6221996721567403,2.2916666666666665,Alpha
0,inactive,7,red,12,0-12,57.0,408.2,7.161403508771929,556.48,42643.52,35,15.899428571428572,0.0095723805164301,0.0013366626394819,28.0,182.2,6.507142857142857,0.004272630401993,0.0006566062088683,32.0,148.4,4.6375,0.003480012907002,0.0007504070958494,141,2624.96,18.616737588652484,0.0615558940725343,0.0033064812660868,1.0,1.2,1.2,2.814026609435619e-05,2.3450221745296825e-05,23.0,100.92,4.3878260869565215,0.0023665963785353,0.0005393551001418,21.0,78.6,3.7428571428571424,0.0018431874291803,0.0004924546566512,14.0,54.48,3.891428571428571,0.0012775680806837,0.0003283031044341,18.0,33.16,1.842222222222222,0.000777609353074,0.0004221039914153,27.0,86.8,3.214814814814815,0.0020354792474917,0.000633155987123,7.0,16.84,2.4057142857142857,0.0003949017341907,0.000164151552217,2.8,3.0,0.9333333333333332,7.0,7.0,1.0,6.56606208868311e-05,7.035066523589048e-05,0.000164151552217,0.000164151552217,0.2857142857142857,0.7142857142857142,0.3,0.7,206.20408410604963,3273,0.0630015533474028,0.0276806022113889,1.8153987543996024,0.0556152012524829,0.0767525757723565,13947,2014.0,8767,0.1444038144403814,0.6285939628593963,4532.0,2223.0,8325.0,10262.0,243.0,305.0,564.0,3943.0,4289.0,1918.0,7761.0,6319.0,0.0536187113857016,0.9463812886142984,0.1372019793072424,0.8627980206927576,0.0677477477477477,0.9322522522522524,0.3842330929643344,0.6157669070356656,1.8333333333333333,Beta
0,inactive,7,yellow,12,0-12,50.0,445.6,8.912,477.4,42722.6,80,5.967499999999999,0.0104300768211672,0.0011703407564146,22.0,115.4,5.245454545454546,0.0027011464658049,0.0005149499328224,10.0,23.88,2.388,0.0005589547452636,0.0002340681512829,67,3406.6,50.84477611940299,0.0797376564160421,0.0015682566135956,,,,,,9.0,24.12,2.68,0.0005645723808944,0.0002106613361546,5.0,13.32,2.664,0.0003117787775088,0.0001170340756414,11.0,24.84,2.2581818181818183,0.0005814252877867,0.0002574749664112,9.0,20.76,2.306666666666666,0.0004859254820633,0.0002106613361546,9.0,24.44,2.7155555555555555,0.0005720625617354,0.0002106613361546,1.0,2.08,2.08,4.868617546684893e-05,2.340681512829275e-05,1.2,1.0,1.2,1.8,2.0,0.9,2.8088178153951304e-05,2.340681512829275e-05,4.213226723092696e-05,4.681363025658551e-05,0.3999999999999999,0.6,0.3333333333333333,0.6666666666666666,267.2060304503244,3294,0.0811190134943304,0.0320771997187819,2.1960447114203743,0.0737181830994776,0.0771020490325963,12015,1197.0,9045,0.099625468164794,0.7528089887640449,950.0,1160.0,3514.0,11190.0,148.0,133.0,1240.0,5293.0,802.0,1027.0,2274.0,5897.0,0.1557894736842105,0.8442105263157895,0.1146551724137931,0.8853448275862069,0.3528742174160501,0.6471257825839499,0.4730116175156389,0.5269883824843611,1.5,Gamma
0,inactive,8,blue,12,0-12,32.0,266.52,8.32875,314.12,42885.88,34,9.238823529411764,0.0062146328814985,0.0007461663372653,14.0,66.2,4.728571428571429,0.0015436316102176,0.0003264477725535,12.0,66.2,5.516666666666667,0.0015436316102176,0.0002798123764744,103,3009.32,29.216699029126215,0.0701704150643521,0.0024017228980727,3.0,6.24,2.08,0.0001455024357667,6.995309411862366e-05,25.0,332.92,13.3168,0.007762928031324,0.0005829424509885,35.0,220.8,6.308571428571429,0.0051485477271307,0.0008161194313839,12.0,48.72,4.06,0.0011360382484864,0.0002798123764744,7.0,34.88,4.982857142857143,0.0008133213076191,0.0001632238862767,21.0,83.88,3.994285714285714,0.0019558885115567,0.0004896716588303,18.0,41.6,2.3111111111111113,0.0009700162384449,0.0004197185647117,2.8,3.0,0.9333333333333332,2.8,3.0,0.9333333333333332,6.528955451071541e-05,6.995309411862366e-05,6.528955451071541e-05,6.995309411862366e-05,0.5,0.5,0.5,0.5,148.9297202726174,3510,0.0424301197357884,0.0129219232244481,2.0172307736995085,0.0372821010488387,0.0818451201187896,7887,1812.333333333333,4397,0.2297874138878322,0.5574996830226956,13903.0,2109.0,3336.0,6695.0,3888.0,176.0,444.0,1408.0,10015.0,1933.0,2892.0,5287.0,0.2796518736963245,0.7203481263036755,0.0834518729255571,0.9165481270744428,0.1330935251798561,0.8669064748201439,0.2103061986557132,0.7896938013442868,0.375,Delta
0,inactive,8,green,12,0-12,63.0,405.4,6.434920634920634,449.68,42750.32,68,6.6129411764705885,0.0094829699520377,0.0014736731795223,27.0,172.96,6.405925925925926,0.0040458176687332,0.0006315742197953,28.0,142.64,5.094285714285713,0.0033365832115408,0.0006549658575655,135,2747.08,20.34874074074074,0.0642587002857522,0.0031578710989765,4.0,10.52,2.63,0.0002460800293424,9.356655108078724e-05,32.0,117.2,3.6625,0.002741499946667,0.0007485324086462,50.0,180.4,3.608,0.0042198514537435,0.0011695818885098,10.0,24.2,2.42,0.0005660776340387,0.0002339163777019,12.0,30.52,2.5433333333333334,0.0007139127847464,0.0002806996532423,23.0,74.0,3.217391304347826,0.0017309811949945,0.0005380076687145,6.0,14.8,2.466666666666667,0.0003461962389989,0.0001403498266211,2.6,3.0,0.8666666666666667,4.4,5.0,0.8800000000000001,6.0818258202511705e-05,7.017491331059043e-05,0.0001029232061888,0.0001169581888509,0.3714285714285714,0.6285714285714287,0.375,0.625,332.0741718614044,3352,0.0990674737056695,0.042637975170852,2.0474470945379113,0.0865401794351599,0.0784087698056997,11310,2059.9999999999995,7082,0.1821396993810786,0.6261715296198055,7522.0,1390.0,7945.0,10198.0,1172.0,292.0,1907.0,2387.0,6350.0,1098.0,6038.0,7811.0,0.1558096250997075,0.8441903749002925,0.2100719424460431,0.7899280575539568,0.2400251730648206,0.7599748269351794,0.2340655030398117,0.7659344969601882,1.125,Beta
0,inactive,8,red,12,0-12,53.0,439.64,8.295094339622642,465.6,42734.4,36,12.933333333333334,0.0102877307274701,0.0012402186528885,33.0,162.0,4.909090909090909,0.0037908570144894,0.0007722116140626,49.0,150.48,3.0710204081632653,0.0035212849601258,0.0011466172451233,151,2654.56,17.579867549668872,0.0621176382492792,0.0035334531431352,10.0,23.44,2.3440000000000003,0.0005485042495039,0.0002340035194129,22.0,175.32,7.969090909090909,0.0041025497023475,0.0005148077427084,28.0,179.4,6.4071428571428575,0.004198023138268,0.0006552098543562,17.0,38.64,2.272941176470588,0.0009041895990115,0.0003978059830019,9.0,18.44,2.048888888888889,0.0004315024897974,0.0002106031674716,29.0,115.44,3.9806896551724136,0.0027013366281028,0.0006786102062975,4.0,8.84,2.21,0.000206859111161,9.360140776517278e-05,5.4,6.0,0.9,0.0,0.0,0.0,0.0001263619004829,0.0001404021116477,0.0,0.0,1.0,0.0,1.0,0.0,236.40066430841907,3359,0.070378286486579,0.033150567922913,1.8512080345379336,0.0628084986609547,0.0786017821708038,11676,2194.666666666666,6563,0.1879639145826195,0.5620931825967798,8918.0,1453.0,7894.0,11044.0,3230.0,26.0,1081.0,2814.0,5688.0,1427.0,6813.0,8230.0,0.3621888315765866,0.6378111684234133,0.0178940123881624,0.9821059876118376,0.1369394476817836,0.8630605523182163,0.2547989858746831,0.7452010141253169,3.0,Alpha
0,inactive,8,yellow,12,0-12,34.0,182.4,5.364705882352942,852.64,42347.36,64,13.3225,0.0043072342644264,0.0008028835799917,15.0,62.96,4.197333333333334,0.0014867514763612,0.000354213344114,6.0,16.92,2.8200000000000003,0.0003995526521606,0.0001416853376456,43,3685.16,85.70139534883721,0.0870221898130131,0.0010154115864601,,,,,,42.0,237.4,5.652380952380953,0.0056060165261777,0.0009917973635192,14.0,40.56,2.8971428571428572,0.0009577928824842,0.000330599121173,14.0,59.16,4.225714285714285,0.0013970174291856,0.000330599121173,17.0,39.04,2.296470588235294,0.000921899263614,0.0004014417899958,14.0,71.32,5.094285714285713,0.0016841663801474,0.000330599121173,2.0,3.96,1.98,9.35123228460995e-05,4.722844588186843e-05,1.0,1.0,1.0,4.6,5.0,0.92,2.3614222940934215e-05,2.3614222940934215e-05,0.0001086254255282,0.0001180711147046,0.1785714285714285,0.8214285714285714,0.1666666666666666,0.8333333333333334,191.58932971372147,2943,0.0651000100964055,0.0215129467218088,2.1913688236637436,0.060727744070365,0.0694966581151694,21380,3526.9999999999995,13005,0.1649672591206735,0.6082787652011226,7005.0,2486.0,2018.0,4594.0,1888.0,494.0,1365.0,2006.0,5117.0,1992.0,653.0,2588.0,0.2695217701641684,0.7304782298358315,0.1987127916331456,0.8012872083668544,0.6764122893954411,0.323587710604559,0.4366565084893339,0.5633434915106661,0.75,Gamma
1,active,1,blue,24,12-24,157.0,1637.16,10.427770700636945,24405.88,18794.12,293,83.29651877133107,0.0871102238359657,0.0083536765754395,145.0,991.52,6.838068965517241,0.0527569261024192,0.0077151790027944,156.0,797.64,5.113076923076923,0.0424409336537172,0.0083004684443857,551,38091.92,69.13234119782214,2.0267998714491555,0.029317680210619,21.0,41.64,1.9828571428571429,0.0022155865770783,0.0011173707521288,221.0,1786.36,8.083076923076923,0.0950488769891859,0.0117589969628798,149.0,2393.2,16.06174496644295,0.1273376992378467,0.0079280115270095,79.0,676.84,8.567594936708861,0.0360133914224236,0.0042034423532466,31.0,227.96,7.353548387096774,0.012129325555014,0.0016494520626664,299.0,1440.48,4.817658862876255,0.0766452486203131,0.0159092311850727,19.0,43.88,2.3094736842105266,0.0023347727906387,0.0010109544900213,11.6,12.0,0.9666666666666668,6.0,6.0,1.0,0.0006172143202235,0.000638497572645,0.0003192487863225,0.0003192487863225,0.6590909090909091,0.3409090909090909,0.6666666666666666,0.3333333333333333,589.1663937230114,18511,0.0318279073914435,0.009309913649643,1.9741677904356767,0.0283738030701209,0.9849357139360608,610440,454064.99999999994,45874,0.7438323176724985,0.0751490727999475,104859.0,22730.0,45030.0,41086.0,25397.0,1309.0,7473.0,7178.0,79462.0,21421.0,37557.0,33908.0,0.2422014323996986,0.7577985676003014,0.0575890893092828,0.9424109106907173,0.1659560293137908,0.8340439706862092,0.1747067127488682,0.8252932872511318,1.9285714285714284,Beta
1,active,1,green,24,12-24,271.0,1715.36,6.329741697416974,23218.32,19981.68,514,45.17182879377432,0.0858466355181346,0.0135624231796325,243.0,1331.44,5.479176954732511,0.0666330358608485,0.0121611396038771,316.0,1677.12,5.307341772151898,0.0839328825203886,0.0158144860692394,761,36147.64,47.50018396846255,1.809039079797094,0.0380848857553519,,,,,,263.0,2037.52,7.74722433460076,0.1019694039740402,0.0131620564437024,199.0,1165.88,5.858693467336684,0.0583474462607748,0.0099591225562615,80.0,495.48,6.1935,0.0247967137898314,0.0040036673593011,63.0,226.64,3.597460317460317,0.0113423896289,0.0031528880454496,300.0,1331.28,4.4376,0.0666250285261299,0.0150137525973792,6.0,14.6,2.433333333333333,0.0007306692930724,0.0003002750519475,1.8,2.0,0.9,17.6,18.0,0.977777777777778,9.00825155842752e-05,0.0001000916839825,0.0008808068190462,0.0009008251558427,0.0927835051546391,0.9072164948453608,0.1,0.9,1114.2039596737563,19528,0.0570567369763291,0.0144104828191653,1.9595406252743377,0.0537307356752198,0.9772952024054034,580972,457855.99999999994,16625,0.7880861728276061,0.0286158369078027,80547.0,18196.0,75706.0,43155.0,25610.0,932.0,11627.0,8380.0,54937.0,17264.0,64079.0,34775.0,0.3179510099693347,0.6820489900306653,0.0512200483622774,0.9487799516377226,0.1535809579161493,0.8464190420838507,0.1941837562275518,0.8058162437724482,0.0,Delta
1,active,1,red,24,12-24,204.0,1610.0,7.892156862745098,26906.84,16293.16,243,110.7277366255144,0.0988144718397167,0.0125205914629206,110.0,545.08,4.955272727272727,0.0334545293853371,0.0067512993182415,142.0,665.28,4.685070422535211,0.0408318582767247,0.0087153136653663,465,38390.48,82.56017204301077,2.3562329222814973,0.0285395834816573,9.0,25.32,2.8133333333333335,0.0015540263521625,0.0005523790351288,111.0,1500.32,13.516396396396395,0.0920828126649465,0.0068126747665891,157.0,2812.36,17.91312101910828,0.1726098559149974,0.009635945390581,38.0,219.28,5.770526315789474,0.0134584083136727,0.0023322670372107,52.0,263.68,5.070769230769231,0.0161834782203084,0.0031915233140778,282.0,1464.6,5.193617021276595,0.0898904816499684,0.0173078764340373,18.0,46.52,2.5844444444444448,0.0028551858571326,0.0011047580702577,16.8,17.0,0.9882352941176472,3.4,4.0,0.85,0.0010311075322405,0.00104338262191,0.000208676524382,0.0002455017933906,0.8316831683168318,0.1683168316831683,0.8095238095238095,0.1904761904761904,601.6426929224383,16046,0.0374948705548073,0.00946266908683,1.989076373659333,0.0333876565147065,0.9848304441863948,672914,485179.99999999994,44200,0.7210133835824488,0.0656844708239091,108085.0,12164.0,30511.0,40454.0,30746.0,930.0,4259.0,8628.0,77339.0,11234.0,26252.0,31826.0,0.2844613036036453,0.7155386963963547,0.0764551134495231,0.9235448865504768,0.1395890006882763,0.8604109993117236,0.2132792801700697,0.7867207198299303,3.0,Alpha
1,active,1,yellow,24,12-24,173.0,1166.12,6.7405780346820805,29381.72,13818.28,296,99.26256756756756,0.0843896635471274,0.0125196478867123,108.0,582.76,5.395925925925926,0.0421731214015058,0.0078157339408377,171.0,896.96,5.245380116959065,0.064911117736795,0.0123749120729931,396,40171.16,101.44232323232325,2.907102765322457,0.0286576911164052,8.0,14.32,1.79,0.0010363084262296,0.0005789432548768,94.0,737.88,7.849787234042553,0.0533988311135684,0.0068025832448032,104.0,887.28,8.531538461538462,0.064210596398394,0.0075262623133993,37.0,308.68,8.342702702702702,0.0223385254894241,0.0026776125538055,23.0,100.68,4.377391304347826,0.0072860008626254,0.001664461857771,172.0,780.36,4.536976744186046,0.0564730197969646,0.0124472799798527,4.0,10.36,2.59,0.0007497315150655,0.0002894716274384,1.6,2.0,0.8,4.8,5.0,0.96,0.0001157886509753,0.0001447358137192,0.0003473659529261,0.000361839534298,0.25,0.7499999999999999,0.2857142857142857,0.7142857142857143,634.4512597794857,13528,0.0468991173698614,0.012094235980764,2.039704189238817,0.0433432811492585,0.9789930439967928,734839,516706.99999999994,49994,0.7031567458994419,0.0680339502938739,40827.0,10294.0,37272.0,29326.0,13968.0,403.0,8245.0,8738.0,26859.0,9891.0,29027.0,20588.0,0.3421265339113821,0.6578734660886179,0.0391490188459296,0.9608509811540704,0.2212116333977248,0.7787883666022751,0.297960853849826,0.7020391461501739,1.5,Gamma
1,active,2,blue,24,12-24,438.0,3808.28,8.694703196347032,16841.72,26358.28,196,85.92714285714287,0.1444813546255673,0.0166171692538359,216.0,1274.44,5.900185185185186,0.0483506511047003,0.0081947683991519,183.0,877.32,4.794098360655738,0.033284417647889,0.0069427898937259,876,33509.36,38.25269406392694,1.2713029833509624,0.0332343385076719,94.0,199.56,2.1229787234042554,0.0075710554709943,0.0035662418033346,341.0,3812.72,11.18099706744868,0.144649802642661,0.0129371112227353,139.0,1018.0,7.323741007194244,0.0386216399552626,0.0052734852198246,78.0,507.8,6.51025641025641,0.0192652934865249,0.0029592219219159,92.0,454.84,4.94391304347826,0.0172560576790291,0.0034903643181573,457.0,2300.96,5.03492341356674,0.0872955291468183,0.0173380053630206,25.0,63.44,2.5376,0.002406833829825,0.0009484685647166,18.0,14.0,1.2857142857142858,13.4,14.0,0.9571428571428572,0.0006828973665959,0.0005311423962413,0.0005083791506881,0.0005311423962413,0.5732484076433121,0.4267515923566879,0.5,0.5,982.7651394382058,26155,0.0375746564495586,0.0107966570655927,2.0034517091528268,0.0341694200193254,0.992287812406576,421239,300292.3333333333,42184,0.7128787537083064,0.1001426743487663,121248.0,24236.0,54193.0,95645.0,25289.0,2432.0,10129.0,24695.0,95959.0,21804.0,44064.0,70950.0,0.2085725125362892,0.7914274874637107,0.1003465918468394,0.8996534081531606,0.1869060579779676,0.8130939420220323,0.2581943645773433,0.7418056354226567,1.4943181818181817,Beta
1,active,2,green,24,12-24,420.0,2868.36,6.829428571428572,15967.52,27232.48,318,50.21232704402516,0.1053286369805467,0.0154227598808481,330.0,1682.0,5.096969696969697,0.0617644812371109,0.0121178827635235,152.0,768.44,5.055526315789474,0.0282177752448546,0.0055815702425926,812,34727.96,42.7684236453202,1.2752404481707138,0.0298173357696397,111.0,250.44,2.2562162162162163,0.0091963713918086,0.004076015111367,373.0,4264.6,11.43324396782842,0.1565997661615835,0.0136968796084675,235.0,1564.84,6.658893617021277,0.0574622656474915,0.0086294013619031,74.0,534.6,7.224324324324325,0.0196309700769081,0.002717343407578,115.0,588.72,5.119304347826088,0.021618302850126,0.0042228985388036,426.0,1919.48,4.5058215962441315,0.0704849503240248,0.0156430850220031,18.0,45.28,2.515555555555556,0.0016627203985828,0.0006609754234649,7.6,8.0,0.95,10.0,9.0,1.1111111111111112,0.0002790785121296,0.0002937668548732,0.0003672085685916,0.0003304877117324,0.4318181818181817,0.5681818181818181,0.4705882352941176,0.5294117647058824,1243.7794613919211,26952,0.0461479467717394,0.0112448408537265,2.0427937561582867,0.04312974212572,0.9897005340681422,399506,310217.6666666666,15100,0.7765031480545139,0.0377966788984395,146344.0,28272.0,61707.0,72129.0,29763.0,2082.0,14538.0,21218.0,116581.0,26190.0,47169.0,50911.0,0.2033769747991035,0.7966230252008966,0.073641765704584,0.926358234295416,0.2355972580096261,0.7644027419903738,0.2941673945292462,0.7058326054707538,1.3660714285714284,Gamma
1,active,2,red,24,12-24,378.0,3798.44,10.048783068783068,20753.52,22446.48,177,117.25152542372882,0.169222078472883,0.0168400568819699,224.0,1183.76,5.284642857142857,0.0527369992978854,0.0099792929670932,206.0,1104.64,5.362330097087379,0.04921217046058,0.0091773854965232,699,34231.4,48.97195994277539,1.5250230771149864,0.0311407401071348,89.0,204.56,2.298426966292135,0.0091132328988776,0.0039649869378183,301.0,3777.48,12.549767441860466,0.1682883017738193,0.0134096749245315,172.0,1225.16,7.123023255813954,0.0545813864801964,0.0076626713854466,53.0,405.56,7.652075471698113,0.0180678663202426,0.0023611719966783,55.0,237.96,4.326545454545455,0.0106012167609353,0.0024502728267416,367.0,1834.8,4.9994550408719345,0.0817411015001015,0.0163500023166215,19.0,55.28,2.909473684210526,0.0024627469429505,0.0008464578856016,18.4,18.0,1.022222222222222,11.2,7.0,1.6,0.0008197276365826,0.0008019074705699,0.0004989646483546,0.0003118529052216,0.6216216216216216,0.3783783783783784,0.72,0.28,888.2177364861506,22260,0.0399019648017138,0.0106176483835947,1.975730663225045,0.0362396857018468,0.9916922386048947,519015,317500.0,117284,0.6117356916466768,0.2259742011309885,125539.0,16196.0,57640.0,95339.0,29529.0,2167.0,8466.0,22305.0,96010.0,14029.0,49174.0,73034.0,0.2352177411003752,0.7647822588996248,0.1337984687577179,0.866201531242282,0.1468771686328938,0.8531228313671062,0.2339546250747333,0.7660453749252667,2.6396103896103895,Alpha
1,active,2,yellow,24,12-24,278.0,2419.2,8.702158273381293,22813.88,20386.12,299,76.30060200668896,0.1186689767351511,0.0136367293040558,156.0,868.56,5.567692307692307,0.0426054590083841,0.0076522653648659,137.0,948.0,6.91970802919708,0.0465022279864927,0.0067202586858117,565,38670.44,68.44325663716815,1.896900440103365,0.0277149354560848,79.0,186.04,2.3549367088607593,0.0091258169774336,0.003875185665541,244.0,2994.32,12.271803278688523,0.1468803283802901,0.0119689278783799,131.0,742.4,5.667175572519084,0.0364169346594643,0.006425940787163,64.0,404.56,6.32125,0.0198448748462189,0.0031393909189193,81.0,490.08,6.05037037037037,0.0240398859616248,0.0039732916317572,258.0,1131.48,4.385581395348837,0.0555024693271696,0.0126556696418936,6.0,14.48,2.4133333333333336,0.0007102871954055,0.0002943178986486,3.4,4.0,0.85,12.8,14.0,0.9142857142857144,0.0001667801425675,0.0001962119324324,0.0006278781837838,0.0006867417635136,0.2098765432098765,0.7901234567901235,0.2222222222222222,0.7777777777777778,807.1353174463547,20093,0.0401699754863064,0.0106544648262962,2.085690838094639,0.036856010651392,0.9856215895913496,570646,331894.6666666666,137559,0.5816121845534125,0.2410583794506576,93793.0,22511.0,45707.0,60758.0,18662.0,1899.0,11253.0,16626.0,75131.0,20612.0,34454.0,44132.0,0.1989700723934622,0.8010299276065378,0.0843587579405624,0.9156412420594376,0.2461986129039315,0.7538013870960685,0.2736429770565193,0.7263570229434807,0.4999999999999998,Delta
1,active,3,blue,24,12-24,178.0,1087.48,6.109438202247191,26069.64,17130.36,203,128.42187192118226,0.0634826121575962,0.010390908305488,90.0,491.56,5.461777777777778,0.0286952521721668,0.0052538300421006,132.0,746.6,5.656060606060606,0.043583438993693,0.007705617395081,457,38683.48,84.64656455142233,2.258182548411125,0.0266777814360001,25.0,73.88,2.9551999999999996,0.0043128107056711,0.0014593972339168,312.0,2297.12,7.362564102564102,0.1340964229590037,0.0182132774792823,143.0,1907.08,13.336223776223775,0.1113274910743265,0.0083477521780044,43.0,517.6,12.037209302325582,0.0302153603310146,0.0025101632423369,37.0,175.0,4.72972972972973,0.010215780637418,0.0021599079061969,292.0,1426.12,4.883972602739726,0.0832510233293404,0.0170457596921489,24.0,58.96,2.4566666666666666,0.0034418424364695,0.0014010213445601,5.0,5.0,1.0,10.4,11.0,0.9454545454545454,0.0002918794467833,0.0002918794467833,0.0006071092493094,0.0006421347829234,0.3246753246753247,0.6753246753246753,0.3125,0.6875,570.952835682548,16752,0.034082666886494,0.0086820829718366,2.046455927959925,0.0304876323365255,0.9779128985030088,651944,465125.6666666666,66129,0.7134442017514796,0.1014335587105641,105560.0,17395.0,31176.0,27365.0,18939.0,1794.0,5557.0,3080.0,86621.0,15601.0,25619.0,24285.0,0.1794145509662751,0.8205854490337249,0.1031330842196033,0.8968669157803967,0.1782460867333846,0.8217539132666154,0.1125525306047871,0.8874474693952129,0.7083333333333334,Gamma
1,active,3,green,24,12-24,134.0,874.68,6.527462686567164,25270.6,17929.4,787,32.110038119440915,0.0487846776802346,0.0074737581848806,136.0,699.8,5.145588235294118,0.0390308655058172,0.0075853068145057,166.0,787.84,4.7460240963855425,0.0439412361819135,0.009258536258882,526,38636.08,73.4526235741445,2.154900889042578,0.0293372895913973,17.0,52.92,3.1129411764705885,0.0029515767398797,0.0009481633518132,166.0,811.2,4.886746987951807,0.0452441241759345,0.009258536258882,172.0,1902.12,11.058837209302324,0.1060894396912333,0.0095931821477573,55.0,463.4,8.425454545454546,0.0258458174841322,0.0030675873146898,46.0,183.04,3.9791304347826086,0.0102089305832877,0.0025656184813769,278.0,1235.28,4.443453237410072,0.0688968956016375,0.0155052595178868,8.0,18.12,2.265,0.0010106305844032,0.0004461945185003,41.4,39.0,1.0615384615384615,6.2,6.0,1.0333333333333334,0.0023090566332392,0.0021751982776891,0.0003458007518377,0.0003346458888752,0.8697478991596638,0.1302521008403361,0.8666666666666667,0.1333333333333333,986.6461577694828,17077,0.0577763165526429,0.0163523344929449,1.969177379126592,0.0505049021319188,0.9524579740537886,632552,488797.99999999994,28003,0.7727396324729033,0.0442698782076414,68171.0,16262.0,37491.0,22001.0,10296.0,1875.0,6666.0,3934.0,57875.0,14387.0,30825.0,18067.0,0.1510319637382464,0.8489680362617535,0.1152994711597589,0.8847005288402411,0.1778026726414339,0.8221973273585661,0.1788100540884505,0.8211899459115495,2.972222222222222,Alpha
1,active,3,red,24,12-24,154.0,1243.72,8.076103896103897,27459.08,15740.919999999998,198,138.68222222222224,0.0790119001938895,0.0097834179958985,105.0,708.68,6.7493333333333325,0.0450215108138533,0.0066705122699308,95.0,640.76,6.7448421052631575,0.0407066423055323,0.0060352253870802,460,38093.12,82.81113043478261,2.4200059462852237,0.0292231966111256,6.0,14.0,2.3333333333333335,0.0008894016359907,0.0003811721297103,220.0,1086.52,4.938727272727273,0.0690251903954788,0.0139763114227122,144.0,2067.96,14.360833333333334,0.1313747862259639,0.009148131113048,60.0,477.6,7.96,0.0303413015249426,0.0038117212971033,36.0,297.88,8.274444444444445,0.0189239256663524,0.002287032778262,282.0,1256.16,4.454468085106384,0.0798021970761556,0.0179150900963857,14.0,33.96,2.4257142857142857,0.0021574342541604,0.0008894016359907,15.4,15.0,1.0266666666666666,11.8,13.0,0.9076923076923078,0.0009783417995898,0.0009529303242758,0.0007496385217636,0.0008258729477057,0.5661764705882353,0.4338235294117646,0.5357142857142857,0.4642857142857143,518.6760192445091,15367,0.033752587964112,0.0094439537098868,1.9961047056255108,0.0307307944931579,0.976245352876452,686675,500431.6666666666,47695,0.7287751362240749,0.0694578949284596,79226.0,19483.0,33936.0,31247.0,15921.0,1760.0,6610.0,3642.0,63305.0,17723.0,27326.0,27605.0,0.2009567566203014,0.7990432433796986,0.0903351639891187,0.9096648360108812,0.1947784064120697,0.8052215935879302,0.1165551892981726,0.8834448107018273,2.0208333333333335,Beta
1,active,3,yellow,24,12-24,226.0,1056.76,4.675929203539823,24668.8,18531.2,367,67.21743869209809,0.0570259886030046,0.012195648419962,180.0,827.8,4.598888888888888,0.0446706095665688,0.0097133482990847,201.0,807.48,4.017313432835821,0.0435740804696943,0.0108465722673113,479,39591.08,82.65361169102297,2.1364552754273873,0.0258482990847867,31.0,62.6,2.0193548387096776,0.0033780866862372,0.0016728544292868,213.0,1687.52,7.922629107981221,0.091063719564842,0.0114941288205836,212.0,1702.44,8.030377358490567,0.0918688482127439,0.0114401657744776,82.0,559.04,6.817560975609756,0.0301675012951131,0.0044249697806941,36.0,185.84,5.162222222222223,0.0100284924883439,0.0019426696598169,242.0,1026.16,4.240330578512397,0.0553747193921602,0.0130590571576584,5.0,11.24,2.248,0.0006065446382317,0.0002698152305301,8.2,9.0,0.911111111111111,41.6,38.0,1.0947368421052632,0.0004424969780694,0.0004856674149542,0.0022448627180107,0.002050595752029,0.1646586345381526,0.8353413654618475,0.1914893617021276,0.8085106382978723,955.7760773571484,17989,0.0531311399942825,0.0146120846115055,2.0445874353984257,0.0477081655229265,0.9707412364013124,617087,477997.99999999994,30955,0.7746039051219681,0.0501631050402941,85174.0,18740.0,41263.0,26645.0,18274.0,1753.0,7763.0,3689.0,66900.0,16987.0,33500.0,22956.0,0.2145490407870946,0.7854509592129053,0.0935432230522945,0.9064567769477054,0.1881346484744201,0.8118653515255798,0.1384499906173766,0.8615500093826234,0.2986111111111111,Delta
1,active,4,blue,24,12-24,128.0,1657.32,12.9478125,17392.36,25807.64,239,72.77138075313808,0.0642181927522237,0.0049597716025177,143.0,1146.96,8.0206993006993,0.0444426534158102,0.0055409948371877,146.0,1089.84,7.464657534246575,0.0422293553381866,0.0056572394841217,572,36186.96,63.26391608391608,1.4021801296050316,0.0221639793487509,57.0,264.4,4.6385964912280695,0.0102450282164506,0.0022086482917461,239.0,3757.68,15.722510460251046,0.1456033949636619,0.009260823539076,295.0,2421.0,8.206779661016949,0.093809430075745,0.0114307236151775,69.0,593.48,8.601159420289855,0.0229962910207984,0.0026736268794822,78.0,571.96,7.332820512820513,0.0221624294201252,0.0030223608202842,436.0,2190.8,5.024770642201835,0.084889590834342,0.0168942220210759,27.0,69.56,2.5762962962962965,0.0026953258802432,0.001046201822406,10.4,11.0,0.9454545454545454,20.2,20.0,1.01,0.0004029814427045,0.0004262303720913,0.0007827139560223,0.0007749643128933,0.3398692810457516,0.6601307189542484,0.3548387096774194,0.6451612903225806,730.7598677849024,25560,0.028589979177813,0.0072772718735577,2.082486726924976,0.0264480621065409,0.990404391877754,435048,243288.0,84692,0.5592210514701826,0.1946727717401298,155001.0,29283.0,56209.0,41561.0,44571.0,2957.0,11587.0,10575.0,110430.0,26326.0,44622.0,30986.0,0.2875529835291385,0.7124470164708615,0.1009800908376874,0.8990199091623126,0.2061413652617908,0.7938586347382092,0.2544452732128678,0.7455547267871322,0.4000000000000001,Gamma
1,active,4,green,24,12-24,498.0,3402.72,6.832771084337349,13377.56,29822.44,576,23.224930555555556,0.1140993158172168,0.0166988348371226,255.0,1238.88,4.858352941176471,0.041541872496013,0.0085506081997314,254.0,1158.36,4.560472440944881,0.0388418922127096,0.0085170764028697,936,32484.24,34.70538461538462,1.089254936886452,0.0313857618625437,75.0,157.76,2.1034666666666664,0.0052899762729005,0.0025148847646269,233.0,2102.2,9.022317596566523,0.070490543362649,0.0078129086687742,347.0,1888.64,5.442766570605188,0.0633294928248661,0.0116355335110071,63.0,365.48,5.801269841269842,0.0122552011170112,0.0021125032022866,87.0,597.36,6.8662068965517244,0.0200305541733003,0.0029172663269672,464.0,2303.84,4.965172413793104,0.0772518948818406,0.0155587537438251,26.0,69.04,2.6553846153846155,0.0023150352553312,0.0008718267184039,20.0,22.0,0.9090909090909092,21.0,18.0,1.1666666666666667,0.0006706359372338,0.0007376995309572,0.0007041677340955,0.0006035723435104,0.4878048780487805,0.5121951219512195,0.55,0.45,1283.6490588263391,29369,0.043707618877944,0.0121499626129751,1.9944278478780575,0.0391788342704747,0.9847953420310344,335015,223366.0,31045,0.6667343253287166,0.0926674925003358,100351.0,24221.0,60440.0,85566.0,27879.0,2501.0,12153.0,18054.0,72472.0,21720.0,48287.0,67512.0,0.2778148698069775,0.7221851301930224,0.103257503819,0.896742496181,0.2010754467240238,0.7989245532759762,0.2109950213869995,0.7890049786130005,2.638888888888889,Beta
1,active,4,red,24,12-24,345.0,2903.64,8.416347826086955,14922.88,28277.120000000003,179,83.36804469273743,0.1026851390806418,0.0122006767308693,219.0,1576.92,7.2005479452054795,0.0557666410157752,0.0077447774030735,164.0,959.24,5.849024390243902,0.0339228323110698,0.0057997419822103,769,32773.72,42.618621586475946,1.1590190231537016,0.0271951316117058,84.0,282.52,3.3633333333333333,0.0099911164927687,0.0029705995518638,157.0,1532.24,9.759490445859871,0.0541865649684267,0.005552192019555,474.0,3180.92,6.7108016877637136,0.1124909467442228,0.016762668899803,82.0,614.0,7.487804878048781,0.0217136681529094,0.0028998709911051,74.0,493.28,6.665945945945945,0.0174444922255165,0.0026169567480705,469.0,2588.56,5.519317697228145,0.0915425616187221,0.0165858474979064,34.0,100.92,2.968235294117647,0.0035689631758821,0.0012023855328972,53.0,48.0,1.1041666666666667,14.4,17.0,0.8470588235294118,0.0018743068601045,0.0016974854582079,0.0005092456374623,0.0006011927664486,0.7863501483679525,0.2136498516320474,0.7384615384615385,0.2615384615384615,856.6968036210959,28086,0.0305026277725947,0.0083162683543289,2.015668844273413,0.0277524613800129,0.993241178733902,373251,236699.99999999997,46857,0.6341577115667473,0.1255375069323324,118460.0,27838.0,63787.0,72936.0,35263.0,2638.0,14669.0,14180.0,83197.0,25200.0,49118.0,58756.0,0.2976785412797569,0.7023214587202431,0.0947625547812342,0.9052374452187656,0.2299684888770439,0.7700315111229561,0.1944170231435779,0.8055829768564221,2.6559829059829063,Alpha
1,active,4,yellow,24,12-24,240.0,1759.4,7.330833333333333,19629.64,23570.36,329,59.66455927051672,0.0746445960095645,0.0101822797785014,235.0,1421.64,6.049531914893618,0.0603147342679534,0.0099701489497826,233.0,1339.28,5.747982832618026,0.0568205152572977,0.0098852966182951,612,37716.0,61.627450980392155,1.6001452671915066,0.0259648134351787,43.0,110.12,2.56093023255814,0.0046719693717024,0.0018243251269815,127.0,778.28,6.1281889763779525,0.0330194362750505,0.005388123049457,367.0,3802.6,10.361307901907356,0.161329737857207,0.0155704028279585,75.0,465.0,6.2,0.0197281670708466,0.0031819624307817,125.0,896.76,7.17408,0.0380460883923707,0.0053032707179695,316.0,1379.52,4.365569620253164,0.0585277441668264,0.0134066683750269,20.0,49.6,2.48,0.0021043378208903,0.0008485233148751,11.6,12.0,0.9666666666666668,39.4,38.0,1.0368421052631578,0.0004921435226275,0.000509113988925,0.0016715909303039,0.0016121942982627,0.2274509803921568,0.7725490196078431,0.24,0.76,920.7256191249488,23231,0.0396334905567968,0.0106050514421441,2.0507365297983893,0.0355673179414295,0.9856022563931988,491070,241931.99999999997,135661,0.4926629604740667,0.2762559309263445,115016.0,34244.0,69491.0,44225.0,35999.0,3535.0,13385.0,10097.0,79017.0,30709.0,56106.0,34128.0,0.3129912360019475,0.6870087639980524,0.1032297628781684,0.8967702371218316,0.1926148709904879,0.807385129009512,0.2283097795364612,0.7716902204635387,0.3051282051282054,Delta
1,active,5,blue,24,12-24,179.0,2392.24,13.364469273743016,23698.8,19501.2,228,103.94210526315788,0.1226714253481836,0.0091789223227288,187.0,1120.44,5.991657754010696,0.0574549258507168,0.0095891534879904,210.0,1068.92,5.0900952380952385,0.054813037146432,0.0107685680881176,594,36189.04,60.92430976430977,1.8557340061124443,0.0304596640206756,8.0,19.04,2.38,0.0009763501733226,0.0004102311652616,247.0,1037.4,4.2,0.0531967263553012,0.0126658872274526,246.0,1157.16,4.70390243902439,0.0593378868992677,0.0126146083317949,71.0,441.36,6.216338028169014,0.0226324533874838,0.0036408015916969,27.0,83.52,3.0933333333333333,0.0042828133653313,0.0013845301827579,330.0,1581.16,4.79139393939394,0.0810801386581338,0.016922035567042,33.0,83.48,2.5296969696969698,0.004280762209505,0.0016922035567042,17.2,17.0,1.011764705882353,18.4,20.0,0.92,0.0008819970053124,0.0008717412261809,0.0009435316801017,0.001025577913154,0.4831460674157304,0.5168539325842697,0.4594594594594595,0.5405405405405406,764.3883258844381,19254,0.0397002350620358,0.009858768921032,2.0294990373218913,0.0365052545773678,0.9873238569934156,592698,428303.6666666666,62477,0.7226338989952161,0.1054111874850261,55357.0,13220.0,55131.0,59985.0,14911.0,477.0,11748.0,13496.0,40446.0,12743.0,43383.0,46489.0,0.2693606951243745,0.7306393048756255,0.0360816944024205,0.9639183055975794,0.2130924525221744,0.7869075474778255,0.2249895807285154,0.7750104192714845,1.3058823529411765,Beta
1,active,5,green,24,12-24,346.0,2119.2,6.1248554913294795,20141.04,23058.96,364,55.332527472527474,0.0919035377137563,0.0150050132356359,254.0,1303.48,5.131811023622047,0.0565281348334877,0.0110152409302067,262.0,1149.16,4.386106870229008,0.0498357254620329,0.0113621776524179,878,35585.56,40.53025056947608,1.5432421930564084,0.0380763052626831,6.0,10.56,1.76,0.0004579564733188,0.0002602025416584,488.0,2203.76,4.515901639344262,0.0955706588675291,0.0211631400548853,234.0,839.56,3.5878632478632477,0.0364092743124581,0.0101478991246786,93.0,567.92,6.1066666666666665,0.0246290379097756,0.0040331393957056,61.0,228.56,3.7468852459016393,0.009911982153575,0.0026453925068606,368.0,1546.92,4.20358695652174,0.0670854192903756,0.0159590892217168,7.0,16.56,2.3657142857142857,0.0007181590149772,0.0003035696319348,6.0,7.0,0.8571428571428571,16.6,18.0,0.9222222222222224,0.0002602025416584,0.0003035696319348,0.0007198936985883,0.0007806076249752,0.2654867256637168,0.7345132743362832,0.28,0.72,1157.632966329884,22731,0.0509274984087758,0.0153247257407855,1.983323605339339,0.0467958496611145,0.9857773290729503,503890,419481.3333333333,17207,0.832485926161133,0.0341483260235368,76805.0,20066.0,61832.0,53326.0,16326.0,1242.0,15843.0,13625.0,60479.0,18824.0,45989.0,39701.0,0.2125642861792852,0.7874357138207148,0.0618957440446526,0.9381042559553472,0.2562265493595549,0.7437734506404451,0.2555038817837453,0.7444961182162547,0.5303571428571429,Delta
1,active,5,red,24,12-24,182.0,1909.04,10.489230769230767,24498.6,18701.4,149,164.42013422818792,0.1020800581774626,0.0097318917300309,207.0,1635.2,7.89951690821256,0.0874373041590469,0.0110686900445955,182.0,1382.04,7.593626373626374,0.073900349706439,0.0097318917300309,597,36590.2,61.29011725293132,1.9565487075833892,0.0319227437518046,31.0,91.16,2.9406451612903224,0.0048745013742286,0.0016576299100602,266.0,1682.0,6.323308270676692,0.089939790603912,0.0142235340669682,215.0,1342.28,6.243162790697674,0.0717743056669554,0.0114964655052562,75.0,464.36,6.191466666666667,0.0248302266140502,0.004010394943694,43.0,195.36,4.543255813953489,0.0104462767493342,0.0022992931010512,366.0,1562.28,4.268524590163934,0.0835381308351246,0.0195707273252269,20.0,47.12,2.356,0.0025195974632915,0.0010694386516517,20.0,23.0,0.8695652173913043,4.2,4.0,1.05,0.0010694386516517,0.0012298544493995,0.0002245821168468,0.0002138877303303,0.8264462809917356,0.1735537190082644,0.8518518518518519,0.1481481481481481,631.8714822273542,18547,0.0340686624374483,0.0107725773548856,2.006274507159895,0.0308531217469911,0.9917439336092484,612614,438224.6666666667,73408,0.7153357035044362,0.1198274933318533,76088.0,16611.0,75820.0,47908.0,15766.0,1537.0,14423.0,11749.0,60322.0,15074.0,61397.0,36159.0,0.2072074440121964,0.7927925559878036,0.0925290470170369,0.9074709529829632,0.1902268530730678,0.8097731469269323,0.2452408783501711,0.7547591216498288,3.0,Alpha
1,active,5,yellow,24,12-24,241.0,1614.04,6.697261410788381,23531.16,19668.84,310,75.90696774193549,0.0820607620988324,0.0122528832406995,206.0,1144.44,5.555533980582524,0.058185434423179,0.0104734188696435,240.0,1352.28,5.6345,0.0687524022769009,0.0122020414015264,575,37996.28,66.08048695652174,1.9318007569333016,0.0292340575244905,19.0,51.08,2.688421052631579,0.0025970011449582,0.0009659949442875,219.0,1119.6,5.112328767123287,0.056922523138121,0.0111343627788929,224.0,1472.8,6.575,0.0748798607340341,0.011388571974758,56.0,424.4,7.578571428571428,0.0215772765450326,0.0028471429936895,40.0,202.72,5.068,0.010306657637156,0.002033673566921,273.0,1161.68,4.255238095238095,0.0590619477305219,0.0138798220942363,9.0,20.6,2.288888888888889,0.0010473418869643,0.0004575765525572,13.0,14.0,0.9285714285714286,17.0,19.0,0.8947368421052632,0.0006609439092493,0.0007117857484223,0.0008643112659414,0.0009659949442875,0.4333333333333333,0.5666666666666667,0.4242424242424242,0.5757575757575758,805.7258325992866,19367,0.0416030274487162,0.0101715881234877,2.0514892357746577,0.0384648385682296,0.9846538992640136,588589,442786.3333333333,52357,0.7522844180460955,0.088953412313176,65253.0,15774.0,62864.0,40592.0,13054.0,1304.0,13402.0,10133.0,52199.0,14470.0,49462.0,30459.0,0.2000521048840666,0.7999478951159333,0.0826676809940408,0.9173323190059592,0.2131903792313565,0.7868096207686435,0.2496304690579424,0.7503695309420575,1.067927170868347,Gamma
1,active,6,blue,24,12-24,163.0,1357.8,8.330061349693251,27001.84,16198.16,208,129.81653846153847,0.08382433560355,0.010062871338473,210.0,1270.48,6.049904761904762,0.0784335998656637,0.0129644354667443,176.0,827.0,4.698863636363637,0.051055181576179,0.0108654316292714,531,38605.36,72.70312617702449,2.3833176113830215,0.0327815011087679,22.0,48.16,2.189090909090909,0.0029731772003733,0.0013581789536589,105.0,605.88,5.7702857142857145,0.037404248383767,0.0064822177333721,358.0,2796.12,7.810391061452513,0.1726196061774917,0.0221012757004499,43.0,233.08,5.42046511627907,0.0143892886599465,0.0026546225003333,63.0,254.88,4.045714285714285,0.0157351205322085,0.0038893306400233,269.0,1225.44,4.555539033457249,0.075653037135082,0.0166068244788296,4.0,9.6,2.4,0.0005926599070511,0.0002469416279379,8.8,10.0,0.8800000000000001,19.0,19.0,1.0,0.0005432715814635,0.0006173540698449,0.0011729727327054,0.0011729727327054,0.3165467625899281,0.6834532374100719,0.3448275862068966,0.6551724137931034,716.5783690869752,15938,0.0449603694997474,0.0130170416135683,2.015691881586797,0.0406467601373275,0.9839389165189132,675254,512558.6666666666,25979,0.7590605411691995,0.0384729301862706,85513.0,12305.0,52823.0,34108.0,15554.0,1481.0,11834.0,6921.0,69959.0,10824.0,40989.0,27187.0,0.1818904727936103,0.8181095272063896,0.1203575782202356,0.8796424217797644,0.2240311985309429,0.775968801469057,0.2029142723114811,0.7970857276885188,1.4812500000000002,Beta
1,active,6,green,24,12-24,223.0,1853.88,8.313363228699552,22391.08,20808.92,417,53.69563549160672,0.0890906399755489,0.0107165580914338,212.0,1383.48,6.525849056603773,0.0664849497234839,0.0101879386340088,156.0,1017.72,6.523846153846154,0.0489078722009599,0.0074967850325725,652,36080.12,55.337607361963194,1.7338775871116812,0.0313327169310084,15.0,30.96,2.064,0.0014878234910797,0.0007208447146704,76.0,977.28,12.858947368421052,0.0469644748502084,0.0036522798876635,219.0,2934.4,13.399086757990869,0.1410164487152625,0.0105243328341884,19.0,89.08,4.688421052631579,0.0042808564788561,0.0009130699719158,64.0,499.48,7.804375,0.0240031678722394,0.0030756041159272,304.0,1529.08,5.029868421052631,0.0734819490872183,0.0146091195506542,10.0,22.52,2.252,0.0010822281982918,0.0004805631431136,4.0,5.0,0.8,14.4,15.0,0.96,0.0001922252572454,0.0002402815715568,0.0006920109260836,0.0007208447146704,0.2173913043478261,0.782608695652174,0.25,0.75,917.915937497568,20393,0.0450113243513739,0.0119447105445856,1.9846372994525243,0.0406809432126574,0.9800124177516182,560194,448071.3333333333,22870,0.7998502899590737,0.0408251427184154,98087.0,14797.0,60371.0,46570.0,16762.0,1155.0,13009.0,8801.0,81325.0,13642.0,47362.0,37769.0,0.1708891086484447,0.8291108913515552,0.0780563627762384,0.9219436372237616,0.2154842556856769,0.7845157443143231,0.1889843246725359,0.811015675327464,0.7125,Gamma
1,active,6,red,24,12-24,194.0,1398.2,7.207216494845361,24317.72,18882.28,172,141.38209302325583,0.0740482611210087,0.0102741829906134,214.0,1414.76,6.611028037383178,0.0749252738546404,0.011333377113357,162.0,821.32,5.069876543209877,0.0434968658445908,0.0085794723942235,573,37415.0,65.29668411867365,1.9814874051226865,0.0303459116166056,2.0,5.44,2.72,0.0002881008013862,0.0001059194122743,78.0,1020.68,13.085641025641024,0.0540549128600995,0.0041308570787002,235.0,3355.92,14.280510638297873,0.1777285370198938,0.0124455309422379,25.0,153.84,6.1536,0.0081473211921441,0.0013239926534295,75.0,512.16,6.828799999999999,0.0271238430952194,0.0039719779602886,329.0,1673.32,5.086079027355623,0.0886185354734703,0.017423743319133,16.0,37.6,2.35,0.001991284950758,0.0008473552981949,25.6,25.0,1.024,1.8,2.0,0.9,0.0013557684771118,0.0013239926534295,9.532747104692868e-05,0.0001059194122743,0.9343065693430656,0.0656934306569343,0.925925925925926,0.074074074074074,681.3637367650475,18648,0.0365381669221926,0.0103659353930986,2.0012345417509123,0.034783405660756,0.9875926000461808,608115,449047.3333333333,62302,0.7384250237756564,0.1024510166662555,109728.0,16750.0,56278.0,35149.0,13937.0,693.0,9074.0,6186.0,95791.0,16057.0,47204.0,28963.0,0.1270140711577719,0.872985928842228,0.0413731343283582,0.9586268656716418,0.1612352962081097,0.8387647037918903,0.175993627130217,0.824006372869783,3.0,Alpha
1,active,6,yellow,24,12-24,87.0,947.2,10.88735632183908,29213.48,13986.52,262,111.5018320610687,0.067722349805384,0.0062202749504522,74.0,491.44,6.641081081081081,0.0351366887546008,0.0052908085785456,42.0,284.28,6.768571428571428,0.020325284631202,0.0030028913553907,316,40397.16,127.83911392405064,2.888292441579464,0.0225931825786543,12.0,36.68,3.056666666666666,0.0026225251170412,0.000857968958683,41.0,214.4,5.229268292682927,0.0153290453951376,0.0029313939421671,318.0,2517.64,7.917106918238994,0.180004747428238,0.0227361774051014,20.0,292.24,14.612,0.0208944040404618,0.0014299482644717,30.0,266.08,8.869333333333334,0.0190240317105327,0.0021449223967076,159.0,864.96,5.44,0.061842402541876,0.0113680887025507,8.0,19.76,2.47,0.0014127888852981,0.0005719793057887,2.2,2.0,1.1,5.4,6.0,0.9,0.0001572943090918,0.0001429948264471,0.0003860860314073,0.0004289844793415,0.2894736842105263,0.7105263157894737,0.25,0.75,445.0624929031495,13675,0.0325457033201571,0.0077085531269859,2.0929281448245622,0.0289025672227314,0.9777271258325874,730599,527398.6666666666,46006,0.7218715966852769,0.0629702477008591,68660.0,14008.0,19509.0,23767.0,13822.0,1119.0,6278.0,5371.0,54838.0,12889.0,13231.0,18396.0,0.2013108068744538,0.7986891931255462,0.0798829240434037,0.9201170759565962,0.3218001947818955,0.6781998052181044,0.2259856102999957,0.7740143897000042,0.2999999999999998,Delta
1,active,7,blue,24,12-24,268.0,2414.24,9.008358208955222,20824.08,22375.92,212,98.2267924528302,0.1078945580785058,0.0119771611625354,124.0,689.8,5.562903225806451,0.0308277827235706,0.0055416715826656,148.0,731.84,4.944864864864865,0.0327065881536937,0.0066142531793106,564,36241.8,64.25851063829788,1.6196786545536457,0.0252056675211566,12.0,26.2,2.183333333333333,0.0011709015763374,0.0005362907983224,380.0,3057.88,8.047052631578948,0.1366594088645293,0.0169825419468786,160.0,1543.2,9.645,0.0689669966642712,0.007150543977633,38.0,296.16,7.793684210526316,0.0132356569025988,0.0016982541946878,53.0,496.8,9.373584905660378,0.0222024390505507,0.0023686176925909,373.0,1754.64,4.704128686327078,0.0784164405307133,0.0166697056478571,37.0,96.48,2.6075675675675676,0.0043117780185127,0.0016535632948276,39.0,34.0,1.1470588235294117,25.4,27.0,0.9407407407407408,0.001742945094548,0.001519490595247,0.0011351488564492,0.0012066542962255,0.6055900621118012,0.3944099378881987,0.5573770491803278,0.4426229508196721,744.4228683482293,22121,0.0336523153721906,0.0093589884623703,2.0188129576809817,0.0291914633156461,0.988607395807636,520814,336952.3333333333,60328,0.6469724956190374,0.1158340597602983,115567.0,19915.0,35813.0,60624.0,15761.0,1566.0,7286.0,17590.0,99806.0,18349.0,28527.0,43034.0,0.1363797623889172,0.8636202376110828,0.0786341953301531,0.9213658046698469,0.2034456761511183,0.7965543238488817,0.2901491158617049,0.7098508841382951,1.4431818181818183,Gamma
1,active,7,green,24,12-24,230.0,2045.04,8.891478260869565,25193.76,18006.24,894,28.180939597315433,0.113573961026844,0.0127733496832209,121.0,860.4,7.110743801652893,0.0477834350758403,0.0067198926594336,125.0,717.16,5.73728,0.0398284150383422,0.0069420378713157,470,37636.96,80.07863829787235,2.0902176134495596,0.0261020623961471,33.0,137.64,4.170909090909091,0.0076440167408631,0.0018326979980273,199.0,2016.96,10.135477386934674,0.1120145016394316,0.0110517242911346,68.0,568.04,8.353529411764706,0.0315468415393774,0.0037764686019957,27.0,158.76,5.88,0.0088169434596006,0.0014994801802041,59.0,520.08,8.814915254237288,0.028883320448911,0.003276641875261,244.0,1038.0,4.254098360655738,0.0576466824834057,0.0135508579248082,11.0,33.44,3.0399999999999996,0.0018571339713343,0.0006108993326757,39.6,37.0,1.0702702702702702,18.4,18.0,1.022222222222222,0.0021992375976328,0.0020548432099094,0.0010218679746576,0.0009996534534694,0.6827586206896552,0.3172413793103448,0.6727272727272727,0.3272727272727272,846.2614725869827,17302,0.0489111936531604,0.0127774276642423,2.046181007426681,0.0444878877647573,0.9608891139960368,630738,371564.99999999994,93151,0.5890956308324533,0.1476857268786723,64892.0,17057.0,39589.0,51356.0,12320.0,1050.0,9066.0,15334.0,52572.0,16007.0,30523.0,36022.0,0.1898539111138507,0.8101460888861493,0.0615583045084129,0.9384416954915872,0.2290030058854732,0.7709969941145267,0.2985824441155853,0.7014175558844147,2.340625,Alpha
1,active,7,red,24,12-24,446.0,3158.32,7.081434977578476,14908.44,28291.56,217,68.70248847926267,0.1116347066050793,0.0157644187877939,246.0,1233.84,5.015609756097561,0.0436115929980531,0.0086951726946128,368.0,1747.92,4.749782608695653,0.0617823831559659,0.0130074128114533,999,32727.04,32.7597997997998,1.1567774983069157,0.0353108842354398,46.0,108.64,2.3617391304347826,0.0038400144778159,0.0016259266014316,313.0,4212.24,13.457635782747603,0.1488868058177067,0.0110633701358284,175.0,1153.64,6.592228571428572,0.0407768253146874,0.0061855903315335,89.0,420.76,4.727640449438202,0.0148722799308344,0.0031458145114656,95.0,531.32,5.592842105263158,0.018780159171145,0.003357891894261,576.0,2475.56,4.297847222222222,0.0875017142921776,0.0203594287483617,29.0,68.68,2.3682758620689657,0.0024275791083984,0.0010250406835112,139.4,124.0,1.1241935483870968,49.0,48.0,1.0208333333333333,0.0049272645269472,0.0043829325777723,0.0017319652928293,0.0016966190623634,0.7399150743099788,0.2600849256900212,0.7209302325581395,0.2790697674418604,1284.173782681425,28027,0.0458191666136734,0.0159081882254324,1.9511153303763615,0.0408292916362691,0.99064880126794,372928,277136.99999999994,30189,0.7431380856358331,0.0809512828213488,134635.0,23986.0,75158.0,79404.0,19742.0,1952.0,12030.0,19116.0,114893.0,22034.0,63128.0,60288.0,0.14663349054852,0.85336650945148,0.0813808054698574,0.9186191945301426,0.1600628010324915,0.8399371989675084,0.2407435393682938,0.7592564606317063,1.8689903846153848,Beta
1,active,7,yellow,24,12-24,425.0,2805.56,6.601317647058823,18468.28,24731.72,276,66.91405797101449,0.1134397445871132,0.017184409333439,161.0,727.08,4.516024844720497,0.0293986831486043,0.0065098585945498,277.0,1341.36,4.842454873646209,0.0542364218905923,0.0112001914949708,822,35876.32,43.64515815085158,1.450619690017516,0.0332366693460867,56.0,134.52,2.402142857142857,0.0054391688083157,0.0022642986415825,245.0,1526.32,6.229877551020408,0.0617150768325049,0.0099063065569236,98.0,504.16,5.144489795918368,0.0203851571989331,0.0039625226227694,41.0,215.32,5.251707317073171,0.0087062282768849,0.0016577900768729,59.0,310.96,5.270508474576271,0.0125733268854733,0.0023856003545244,359.0,1792.92,4.994206128133705,0.0724947557226104,0.0145157716487167,19.0,45.16,2.3768421052631576,0.001825995118819,0.0007682441819655,20.0,22.0,0.9090909090909092,145.2,124.0,1.1709677419354838,0.0008086780862794,0.0008895458949074,0.005871002906389,0.0050138041349327,0.1210653753026634,0.8789346246973365,0.1506849315068493,0.8493150684931506,1344.6517669988975,24426,0.0550500191189264,0.0192819075246242,2.0801066543078477,0.0468162924572367,0.9876385467731318,461983,323192.99999999994,30847,0.6995776900881633,0.0667708552046287,51105.0,13257.0,52149.0,70564.0,9038.0,578.0,11647.0,17964.0,42067.0,12679.0,40502.0,52600.0,0.1768515800802269,0.8231484199197731,0.0435996077543939,0.956400392245606,0.2233408119043509,0.776659188095649,0.2545774049090187,0.7454225950909812,0.3472027972027973,Delta
1,active,8,blue,24,12-24,136.0,1154.68,8.490294117647059,21790.6,21409.4,199,109.5005025125628,0.053933319009407,0.0063523499023793,58.0,422.6,7.286206896551724,0.0197389931525404,0.0027090903995441,59.0,525.24,8.902372881355932,0.0245331489906302,0.0027557988547086,484,36817.2,76.06859504132231,1.7196745354844132,0.022606892299644,9.0,43.08,4.786666666666666,0.0020122002484889,0.0004203760964809,197.0,3021.76,15.338883248730966,0.1411417414780423,0.0092015656674171,195.0,1634.96,8.384410256410257,0.076366455855839,0.009108148757088,36.0,446.12,12.392222222222223,0.0208375760180107,0.0016815043859239,42.0,357.0,8.5,0.0166749184937457,0.0019617551169112,333.0,1655.28,4.970810810810811,0.0773155716647827,0.0155539155697964,31.0,82.56,2.6632258064516128,0.0038562500583855,0.0014479621101011,8.0,8.0,1.0,15.2,14.0,1.0857142857142856,0.0003736676413164,0.0003736676413164,0.0007099685185012,0.0006539183723037,0.3448275862068966,0.6551724137931034,0.3636363636363636,0.6363636363636364,538.851550238415,21213,0.0254019492876262,0.0059345435793035,2.023007570951451,0.0234737080271021,0.9908264594056816,544964,378438.0,52867,0.694427521817955,0.0970100777299051,116810.0,20156.0,23813.0,29003.0,25612.0,2353.0,7014.0,6761.0,91198.0,17803.0,16799.0,22242.0,0.2192620494820649,0.7807379505179352,0.1167394324270688,0.8832605675729311,0.2945449964305211,0.7054550035694789,0.2331138158121573,0.7668861841878426,1.8653846153846152,Beta
1,active,8,green,24,12-24,215.0,1792.16,8.335627906976745,22678.6,20521.4,500,45.3572,0.0873312736947771,0.0104768680499381,120.0,844.52,7.0376666666666665,0.0411531377001569,0.0058475542604305,197.0,1073.44,5.448934010152285,0.0523083220443049,0.0095997349108735,609,36973.68,60.712118226600985,1.801713333398306,0.0296763378716851,30.0,82.12,2.7373333333333334,0.0040016762988879,0.0014618885651076,177.0,2994.08,16.915706214689266,0.1459003771672498,0.008625142534135,185.0,1831.0,9.897297297297298,0.0892239320904031,0.0090149794848304,61.0,482.92,7.91672131147541,0.0235325075287261,0.0029725067490522,56.0,293.36,5.238571428571428,0.0142953209819992,0.0027288586548676,311.0,1384.12,4.450546623794212,0.0674476400245597,0.0151549114582825,19.0,48.8,2.568421052631579,0.0023780053992417,0.0009258627579015,5.8,7.0,0.8285714285714285,11.4,12.0,0.95,0.0002826317892541,0.0003411073318584,0.0005555176547409,0.000584755426043,0.3372093023255814,0.6627906976744187,0.3684210526315789,0.631578947368421,886.8983674466987,20148,0.0440191764664829,0.0114422403296094,1.9937826035176076,0.0396067982458618,0.9818043603262936,567465,408908.6666666666,26123,0.7205883475926561,0.0460345571973601,120989.0,19524.0,48266.0,45019.0,28566.0,1212.0,9673.0,8147.0,92423.0,18312.0,38593.0,36872.0,0.2361041086379753,0.7638958913620246,0.0620774431468961,0.937922556853104,0.2004102266605892,0.7995897733394107,0.1809680357182523,0.8190319642817477,1.1999999999999995,Gamma
1,active,8,red,24,12-24,248.0,1934.64,7.800967741935485,22275.0,20925.0,247,90.18218623481782,0.0924559139784946,0.0118518518518518,200.0,1010.0,5.05,0.0482676224611708,0.009557945041816,372.0,1769.96,4.757956989247312,0.0845859020310633,0.0177777777777777,764,35776.6,46.82801047120419,1.7097538829151733,0.0365113500597371,70.0,172.56,2.4651428571428573,0.0082465949820788,0.0033452807646356,193.0,1638.04,8.487253886010363,0.0782814814814814,0.0092234169653524,322.0,2128.36,6.609813664596274,0.1017137395459976,0.0153882915173237,89.0,457.56,5.141123595505618,0.0218666666666666,0.0042532855436081,48.0,156.12,3.2525,0.0074609318996415,0.0022939068100358,326.0,1646.6,5.050920245398773,0.0786905615292712,0.01557945041816,18.0,44.68,2.482222222222222,0.0021352449223416,0.0008602150537634,25.2,26.0,0.9692307692307692,6.6,8.0,0.825,0.0012043010752688,0.001242532855436,0.0003154121863799,0.0003823178016726,0.7924528301886793,0.2075471698113207,0.7647058823529411,0.2352941176470588,1029.2694721313126,20663,0.0498121992029866,0.0168309703928586,1.954914143152534,0.0452080432632131,0.987479091995221,557122,407355.3333333333,36569,0.7311779705941128,0.0656391239261777,94675.0,15479.0,70071.0,48614.0,25672.0,2165.0,13957.0,9243.0,69003.0,13314.0,56114.0,39371.0,0.2711592289411143,0.7288407710588857,0.139866916467472,0.8601330835325279,0.1991836851193789,0.8008163148806211,0.1901304151067593,0.8098695848932407,2.639160839160839,Alpha
1,active,8,yellow,24,12-24,205.0,1324.84,6.462634146341463,21560.68,21639.32,224,96.25303571428572,0.0612237353114608,0.0094734954702828,137.0,928.12,6.774598540145986,0.0428904420286774,0.0063310677045304,207.0,1239.76,5.989178743961353,0.0572920036304283,0.0095659198163343,554,38324.56,69.17790613718411,1.7710611978564943,0.0256015438562764,32.0,76.6,2.39375,0.0035398524537739,0.0014787895368246,171.0,2017.28,11.796959064327485,0.0932228924014248,0.0079022815874066,298.0,2737.72,9.18697986577181,0.1265159903361103,0.0137712275616793,71.0,402.36,5.667042253521127,0.0185939299386487,0.0032810642848296,92.0,510.76,5.5517391304347825,0.0236033294946421,0.0042515199183708,312.0,1240.16,3.9748717948717953,0.0573104884996386,0.0144181979840401,20.0,51.2,2.56,0.0023660632589194,0.0009242434605153,4.0,5.0,0.8,9.8,12.0,0.8166666666666668,0.000184848692103,0.0002310608651288,0.0004528792956525,0.0005545460763092,0.2898550724637681,0.7101449275362319,0.2941176470588235,0.7058823529411765,762.1334759222524,21434,0.0355572210470398,0.010472682772348,2.0460530980550735,0.0328502453679489,0.990511716634349,539241,385764.6666666666,43666,0.7153845250392062,0.0809767803264217,119344.0,22991.0,54541.0,33326.0,30942.0,1967.0,11364.0,5664.0,88402.0,21024.0,43177.0,27662.0,0.2592673280600617,0.7407326719399383,0.0855552172589274,0.9144447827410724,0.2083570158229588,0.7916429841770412,0.1699573906259377,0.8300426093740623,0.2954545454545456,Delta
1,inactive,1,blue,12,0-12,54.0,388.8,7.2,34386.48,8813.519999999997,158,217.6359493670886,0.0441140429703455,0.0061269504125479,23.0,120.68,5.246956521739131,0.013692599551598,0.0026096270275667,26.0,128.0,4.923076923076923,0.0145231417186322,0.0029500131615971,290,40337.84,139.09599999999998,4.576813804246205,0.0329039929562762,,,,,,82.0,1030.24,12.56390243902439,0.1168931369078416,0.0093038876634988,35.0,566.24,16.178285714285714,0.0642467481777995,0.0039711715636885,13.0,104.6,8.046153846153846,0.0118681298731948,0.0014750065807985,11.0,67.2,6.109090909090909,0.0076246494022819,0.0012480824914449,131.0,645.12,4.924580152671756,0.0731966342619067,0.0148635278526627,7.0,16.72,2.3885714285714283,0.0018970853869963,0.0007942343127377,2.4,3.0,0.7999999999999999,0.8,1.0,0.8,0.0002723089072243,0.0003403861340304,9.07696357414518e-05,0.0001134620446768,0.7499999999999999,0.25,0.75,0.25,291.78068446219197,8660,0.0336929196838558,0.0084818329994457,2.0580464002960537,0.028933469239512,0.9825813069012158,859820,796802.3333333333,15705,0.926708303288285,0.0182654509083296,40029.0,4319.0,6266.0,9774.0,4361.0,0.0,233.0,1674.0,35668.0,4319.0,6033.0,8100.0,0.1089460141397486,0.8910539858602513,0.0,1.0,0.0371848068943504,0.9628151931056496,0.1712707182320442,0.8287292817679558,2.5,Alpha
1,inactive,1,green,12,0-12,60.0,293.24,4.887333333333333,36026.88,7173.120000000003,465,77.47716129032257,0.0408803979300499,0.0083645610278372,25.0,72.48,2.8992,0.0101043897216274,0.0034852337615988,35.0,147.0,4.2,0.0204931745182012,0.0048793272662383,189,41743.72,220.86624338624335,5.8194648911491775,0.0263483672376873,,,,,,115.0,817.04,7.104695652173913,0.1139030157030692,0.0160320753033547,15.0,53.16,3.5439999999999996,0.0074110010706638,0.0020911402569593,16.0,90.16,5.635,0.0125691470378301,0.0022305496074232,4.0,34.92,8.73,0.0048681745182012,0.0005576374018558,71.0,295.56,4.16281690140845,0.0412038276231263,0.0098980638829407,1.0,3.08,3.08,0.0004293807994289,0.0001394093504639,2.0,2.0,1.0,5.8,7.0,0.8285714285714285,0.0002788187009279,0.0002788187009279,0.0008085742326909,0.0009758654532476,0.2564102564102564,0.7435897435897436,0.2222222222222222,0.7777777777777778,461.847441222544,6758,0.0683408465851648,0.0155877695169862,2.0609973599307443,0.0601139354973318,0.942128390435403,901137,812250.6666666666,24777,0.901362020055404,0.0274952643160806,21885.0,3147.0,5547.0,7391.0,2411.0,76.0,1267.0,2442.0,19474.0,3071.0,4280.0,4949.0,0.1101667809001599,0.88983321909984,0.0241499841118525,0.9758500158881476,0.228411754101316,0.771588245898684,0.3304018400757678,0.6695981599242322,0.0499999999999998,Delta
1,inactive,1,red,12,0-12,95.0,575.0,6.052631578947368,33276.16,9923.839999999997,112,297.10857142857145,0.0579412807945311,0.0095729072617051,56.0,265.68,4.744285714285715,0.0267718947504192,0.005642976912163,28.0,110.84,3.9585714285714286,0.0111690635882884,0.0028214884560815,301,40356.68,134.0753488372093,4.0666395266348525,0.0303310009028763,2.0,2.52,1.26,0.0002539339610473,0.0002015348897201,104.0,1706.52,16.408846153846152,0.1719616600025797,0.0104798142654456,46.0,1275.0,27.717391304347824,0.1284784921965691,0.0046353024635624,12.0,114.08,9.506666666666666,0.0114955501096349,0.0012092093383206,17.0,91.84,5.402352941176471,0.0092544821359473,0.0017130465626209,174.0,818.44,4.703678160919541,0.0824721075712627,0.0175335354056494,14.0,37.8,2.6999999999999997,0.00380900941571,0.0014107442280407,3.4,4.0,0.85,1.2,1.0,1.2,0.0003426093125241,0.0004030697794402,0.000120920933832,0.00010076744486,0.7391304347826088,0.2608695652173913,0.8,0.2,340.76503223700195,9810,0.0347364966602448,0.0060493436420575,2.031300465930117,0.0305868608806879,0.9885286340771318,832016,776528.6666666666,15820,0.9333097760940494,0.0190140574219726,74688.0,5177.0,9497.0,14470.0,5804.0,0.0,300.0,1207.0,68884.0,5177.0,9197.0,13263.0,0.0777099400171379,0.922290059982862,0.0,1.0,0.0315889228177319,0.968411077182268,0.0834139599170698,0.9165860400829302,1.9499999999999995,Beta
1,inactive,1,yellow,12,0-12,51.0,281.04,5.510588235294118,36504.68,6695.32,246,148.3930081300813,0.0419755889188268,0.0076172610121696,21.0,66.4,3.161904761904762,0.0099173751217268,0.0031365192403051,27.0,106.88,3.9585185185185185,0.0159633893525626,0.004032667594678,142,42192.68,297.1315492957747,6.301816791430432,0.0212088443868254,,,,,,96.0,619.04,6.448333333333333,0.0924586128818338,0.0143383736699664,26.0,84.12,3.2353846153846155,0.0125639999283081,0.0038833095356159,10.0,139.32,13.932,0.0208085647885388,0.0014935805906215,5.0,45.16,9.032,0.0067450099472467,0.0007467902953107,55.0,208.44,3.7898181818181818,0.0311321938309147,0.0082146932484182,,,,,,0.8,1.0,0.8,0.8,1.0,0.8,0.0001194864472497,0.0001493580590621,0.0001194864472497,0.0001493580590621,0.5,0.5,0.5,0.5,285.30376306047305,6496,0.0439199142642353,0.0098152039419792,2.1397439780709484,0.0419974937579624,0.9702299516677322,912863,814059.6666666666,30414,0.891765431030359,0.0333171571199621,17701.0,4627.0,4380.0,7077.0,2791.0,76.0,1264.0,2592.0,14910.0,4551.0,3116.0,4485.0,0.1576747076436359,0.842325292356364,0.0164253295872055,0.9835746704127944,0.2885844748858447,0.7114155251141553,0.3662568885120814,0.6337431114879186,1.5,Gamma
1,inactive,2,blue,12,0-12,24.0,445.96,18.581666666666667,30309.88,12890.12,171,177.25076023391813,0.0345970402137451,0.0018618911228134,11.0,91.44,8.312727272727273,0.0070938051779192,0.0008533667646228,7.0,54.48,7.782857142857142,0.0042264928487865,0.0005430515774872,76,33097.88,435.4984210526315,2.5676937064976895,0.0058959885555758,4.0,9.08,2.27,0.0007044154747977,0.0003103151871355,26.0,567.96,21.844615384615388,0.0440616534213801,0.0020170487163812,7.0,142.04,20.291428571428572,0.0110192922951842,0.0005430515774872,7.0,55.84,7.977142857142858,0.0043320000124126,0.0005430515774872,5.0,33.68,6.736,0.0026128538756815,0.0003878939839194,58.0,356.64,6.148965517241379,0.0276677020850077,0.0044995702134658,5.0,10.92,2.184,0.0008471604608801,0.0003878939839194,0.8,1.0,0.8,2.0,2.0,1.0,6.206303742711472e-05,7.757879678389339e-05,0.0001551575935677,0.0001551575935677,0.2857142857142857,0.7142857142857143,0.3333333333333333,0.6666666666666666,96.15966095850852,3460,0.0277918095255805,0.0074888105716385,2.015950460457147,0.0245134843668266,0.2684226368722711,757918,700963.0,2386,0.924853348251394,0.0031480978153309,17783.0,2250.0,3666.0,11173.0,3442.0,0.0,290.0,206.0,14341.0,2250.0,3376.0,10967.0,0.1935556430298599,0.80644435697014,0.0,1.0,0.0791052918712493,0.9208947081287506,0.0184373042155195,0.9815626957844804,1.75,Beta
1,inactive,2,green,12,0-12,51.0,488.72,9.582745098039217,28091.84,15108.16,110,255.38036363636363,0.0323480820960328,0.003375659246394,33.0,165.0,5.0,0.0109212505030394,0.0021842501006078,16.0,94.28,5.8925,0.0062403363480397,0.0010590303518098,164,31871.16,194.33634146341464,2.1095328617118168,0.0108550611060512,6.0,14.2,2.3666666666666667,0.0009398894372312,0.0003971363819287,79.0,942.4,11.929113924050633,0.0623768877216021,0.0052289623620612,13.0,46.84,3.603076923076923,0.0031003113549234,0.0008604621608455,10.0,30.76,3.076,0.0020359858513545,0.0006618939698811,13.0,68.04,5.233846153846154,0.0045035265710715,0.0008604621608455,128.0,620.96,4.85125,0.0411009679537415,0.008472242814479,6.0,13.88,2.3133333333333335,0.000918708830195,0.0003971363819287,,,,,,,,,,,,,,,209.4053480027427,5759,0.0363614078837893,0.0084424059069772,1.9890379489205972,0.0326193143548711,0.3811847372545697,702406,669949.6666666666,544,0.9537926308526218,0.0007744808558013,24823.0,2493.0,6531.0,12269.0,227.0,0.0,70.0,85.0,24596.0,2493.0,6461.0,12184.0,0.0091447447931354,0.9908552552068646,0.0,1.0,0.0107181136120042,0.9892818863879956,0.0069280299942945,0.9930719700057056,1.5,Delta
1,inactive,2,red,12,0-12,17.0,107.88,6.345882352941176,29552.64,13647.36,142,208.1171830985915,0.0079048255486775,0.001245662164697,11.0,36.52,3.3200000000000003,0.0026759754267492,0.0008060166948039,5.0,59.6,11.92,0.0043671450009379,0.0003663712249108,85,33395.92,392.89317647058823,2.447060823485274,0.0062283108234852,2.0,4.08,2.04,0.0002989589195272,0.0001465484899643,60.0,1353.52,22.558666666666667,0.0991781560682798,0.0043964546989307,1.0,1.24,1.24,9.086006377790283e-05,7.32742449821797e-05,14.0,82.8,5.914285714285714,0.0060671074845244,0.0010258394297505,4.0,16.24,4.06,0.0011899737385105,0.0002930969799287,112.0,594.76,5.310357142857143,0.0435805899456012,0.0082067154380041,2.0,5.4,2.7,0.0003956809229037,0.0001465484899643,2.0,2.0,1.0,0.0,0.0,0.0,0.0001465484899643,0.0001465484899643,0.0,0.0,1.0,0.0,1.0,0.0,109.34054922727668,4255,0.0256969563401355,0.0041516413950127,2.0142843441243747,0.022419556428203,0.3117819123991746,738958,694636.6666666666,1101,0.9400218505878096,0.0014899358285585,33930.0,2494.0,2419.0,2714.0,3572.0,0.0,220.0,121.0,30358.0,2494.0,2199.0,2593.0,0.1052755673445328,0.8947244326554671,0.0,1.0,0.0909466721785862,0.9090533278214138,0.0445836403831982,0.9554163596168016,2.0,Alpha
1,inactive,2,yellow,12,0-12,,,,33492.84,9707.160000000003,115,291.2420869565217,,,,,,,,,,,,,17,33931.4,1995.964705882353,3.495502289032012,0.0017512846187762,,,,,,22.0,60.2,2.7363636363636363,0.0062016078853135,0.002266368330181,,,,,,,,,,,,,,,,2.0,6.68,3.34,0.0006881518384367,0.0002060334845619,,,,,,0.0,0.0,0.0,0.8,1.0,0.8,0.0,0.0,8.241339382476437e-05,0.0001030167422809,0.0,1.0,0.0,1.0,11.775457427200186,346,0.0340331139514456,0.0074416261144553,1.809181883272396,0.0297808406658957,0.0356437928292105,837436,727199.3333333333,22808,0.8683640700105241,0.0272355141168996,1527.0,0.0,0.0,0.0,97.0,0.0,0.0,0.0,1430.0,0.0,0.0,0.0,0.0635232481990831,0.9364767518009168,0.0,0.0,0.0,0.0,0.0,0.0,1.5,Gamma
1,inactive,3,blue,12,0-12,88.0,502.36,5.708636363636364,28235.36,14964.64,128,220.58875,0.0335698018796309,0.0058805290337756,62.0,341.32,5.50516129032258,0.0228084337478215,0.0041431000010691,57.0,245.04,4.298947368421053,0.0163746003913224,0.003808979033241,312,36124.16,115.78256410256412,2.413967860235863,0.0208491483924772,10.0,23.04,2.304,0.0015396294197521,0.0006682419356563,131.0,1566.56,11.958473282442748,0.1046841086721765,0.0087539693570978,52.0,868.76,16.706923076923076,0.0580541864020785,0.0034748580654128,25.0,232.32,9.2928,0.0155245966491676,0.0016706048391408,18.0,65.64,3.6466666666666665,0.004386340065648,0.0012028354841813,174.0,983.32,5.6512643678160925,0.0657095660169573,0.0116274096804199,18.0,42.32,2.351111111111111,0.0028279998716975,0.0012028354841813,5.2,6.0,0.8666666666666667,0.8,1.0,0.8,0.0003474858065412,0.0004009451613937,5.345935485250565e-05,6.682419356563205e-05,0.8666666666666667,0.1333333333333333,0.8571428571428571,0.1428571428571428,346.30298025489606,11555,0.0299699680012891,0.0069862813181129,2.0309783291006114,0.0265215111647132,0.7721535566508784,706012,666290.3333333334,4654,0.9437379723479676,0.0065919559440916,61066.0,7492.0,14778.0,12647.0,1895.0,243.0,685.0,2204.0,59171.0,7249.0,14093.0,10443.0,0.0310319981659188,0.9689680018340812,0.0324345969033635,0.9675654030966364,0.046352686425768,0.953647313574232,0.1742705780026884,0.8257294219973116,2.0357142857142856,Beta
1,inactive,3,green,12,0-12,57.0,466.56,8.185263157894736,32377.96,10822.04,366,88.46437158469945,0.0431120195452982,0.0052670291368355,26.0,96.96,3.729230769230769,0.0089594937738171,0.0024025045185565,37.0,154.36,4.171891891891892,0.0142634845186304,0.0034189487379458,200,38248.48,191.2424,3.5343133087661847,0.0184808039888967,1.0,2.24,2.24,0.0002069850046756,9.240401994448364e-05,182.0,573.32,3.1501098901098903,0.0529770727145713,0.016817531629896,24.0,100.8,4.2,0.0093143252104039,0.0022176964786676,11.0,122.76,11.16,0.0113435174883848,0.0010164442193893,8.0,25.52,3.19,0.0023581505889832,0.0007392321595558,102.0,418.08,4.0988235294117645,0.0386322726583897,0.0094252100343373,8.0,18.72,2.34,0.0017298032533607,0.0007392321595558,0.8,1.0,0.8,8.4,9.0,0.9333333333333332,7.392321595558693e-05,9.240401994448364e-05,0.0007761937675336,0.0008316361795003,0.0869565217391304,0.9130434782608696,0.1,0.9,409.8216091627309,7228,0.056699171162525,0.0143911546947604,2.042226764203338,0.0510821045258025,0.6678962561587278,809815,731473.0,9437,0.9032593864030674,0.0116532788352895,17059.0,3726.0,6346.0,11721.0,587.0,280.0,1278.0,2648.0,16472.0,3446.0,5068.0,9073.0,0.0344099888621841,0.9655900111378158,0.0751476113794954,0.9248523886205046,0.2013867002836432,0.7986132997163568,0.2259192901629553,0.7740807098370446,0.2142857142857144,Delta
1,inactive,3,red,12,0-12,31.0,263.24,8.491612903225807,36897.36,6302.639999999999,141,261.68340425531915,0.0417666247794575,0.0049185738039932,11.0,63.76,5.796363636363636,0.0101163956691164,0.0017453003820621,10.0,40.44,4.044,0.0064163588591447,0.0015866367109655,103,39123.52,379.84,6.207481309419545,0.0163423581229453,2.0,4.88,2.44,0.0007742787149511,0.0003173273421931,62.0,179.04,2.887741935483871,0.0284071436731274,0.0098371476079864,10.0,36.48,3.648,0.0057880507216023,0.0015866367109655,6.0,36.44,6.073333333333333,0.0057817041747585,0.0009519820265793,10.0,62.88,6.288,0.0099767716385514,0.0015866367109655,34.0,124.72,3.668235294117647,0.0197885330591625,0.0053945648172829,3.0,9.36,3.1199999999999997,0.0014850919614637,0.0004759910132896,3.2,3.0,1.0666666666666669,0.0,0.0,0.0,0.0005077237475089,0.0004759910132896,0.0,0.0,1.0,0.0,1.0,0.0,119.02109269247308,2890,0.0411837690977415,0.0105595687789106,2.0109566989178993,0.0358664477484406,0.4585380094690479,922575,771782.0,26813,0.8365520418394169,0.0290632197924288,5460.0,2499.0,2626.0,6612.0,930.0,42.0,222.0,1104.0,4530.0,2457.0,2404.0,5508.0,0.1703296703296703,0.8296703296703297,0.0168067226890756,0.9831932773109244,0.0845392231530845,0.9154607768469156,0.1669691470054446,0.8330308529945554,2.25,Alpha
1,inactive,3,yellow,12,0-12,20.0,62.84,3.1420000000000003,35323.4,7876.5999999999985,151,233.92980132450333,0.0079780616001828,0.0025391666455069,18.0,57.56,3.197777777777778,0.0073077216057689,0.0022852499809562,11.0,33.52,3.0472727272727274,0.0042556432978696,0.0013965416550288,73,39581.76,542.2158904109589,5.0252342381230495,0.0092679582561003,,,,,,112.0,594.28,5.306071428571428,0.0754487977045933,0.0142193332148388,17.0,49.08,2.8870588235294115,0.006231114948074,0.0021582916486809,10.0,62.08,6.208,0.0078815732676535,0.0012695833227534,6.0,28.64,4.773333333333333,0.0036360866363659,0.000761749993652,49.0,186.28,3.801632653061224,0.0236497981362516,0.006220958281492,,,,,,,,,,,,,,,,,,,,208.39491909777695,4446,0.0468724514389961,0.0116030017611341,2.1772695901890633,0.0418924214154221,0.5644567452961939,883236,763686.6666666666,4240,0.8646462176209605,0.0048005289639462,16213.0,2284.0,2306.0,1591.0,1133.0,417.0,1187.0,582.0,15080.0,1867.0,1119.0,1009.0,0.0698821933016715,0.9301178066983286,0.1825744308231173,0.8174255691768827,0.5147441457068517,0.4852558542931483,0.3658076681332495,0.6341923318667505,1.5,Gamma
1,inactive,4,blue,12,0-12,23.0,288.2,12.530434782608696,25606.88,17593.12,88,290.98727272727274,0.0163814036396045,0.0013073292286984,10.0,58.56,5.856,0.0033285738970688,0.0005684040124776,9.0,47.84,5.315555555555556,0.0027192447956928,0.0005115636112298,137,28611.32,208.84175182481752,1.6262789090280747,0.0077871349709431,3.0,7.88,2.6266666666666665,0.0004479023618323,0.0001705212037432,47.0,584.84,12.44340425531915,0.0332425402657402,0.0026714988586447,13.0,159.4,12.261538461538462,0.009060359958893,0.0007389252162208,10.0,82.68,8.268,0.0046995643751648,0.0005684040124776,11.0,47.72,4.338181818181818,0.0027124239475431,0.0006252444137253,78.0,323.96,4.153333333333333,0.0184140163882244,0.0044335512973253,12.0,28.56,2.38,0.001623361859636,0.0006820848149731,3.2,3.0,1.0666666666666669,0.8,1.0,0.8,0.0001818892839928,0.0001705212037432,4.54723209982084e-05,5.684040124776049e-05,0.8,0.2,0.75,0.25,151.06391645908775,4894,0.0308671672372471,0.0069104729285167,2.1213025849322658,0.0278989793424747,0.2781769237065398,640260,585087.6666666666,2876,0.9138282364456106,0.0044919251554056,18666.0,3281.0,2679.0,7228.0,1695.0,33.0,4.0,409.0,16971.0,3248.0,2675.0,6819.0,0.0908068145290903,0.9091931854709095,0.0100579091740323,0.9899420908259676,0.0014930944382232,0.9985069055617768,0.0565855008301051,0.9434144991698948,3.0,Alpha
1,inactive,4,green,12,0-12,56.0,372.36,6.649285714285715,23828.12,19371.88,222,107.33387387387388,0.0192216759550441,0.002890788090779,22.0,96.56,4.38909090909091,0.0049845446079575,0.0011356667499488,18.0,77.36,4.297777777777778,0.0039934172625475,0.0009291818863218,193,28583.32,148.100103626943,1.4755057330522383,0.0099628946700062,3.0,5.88,1.96,0.0003035327495317,0.0001548636477203,55.0,611.96,11.126545454545456,0.0315901192863057,0.0028391668748722,33.0,267.0,8.090909090909092,0.013782864647107,0.0017035001249233,8.0,25.16,3.145,0.0012987897922142,0.0004129697272541,10.0,85.88,8.588,0.0044332300220732,0.0005162121590676,120.0,558.88,4.657333333333333,0.0288500651459744,0.0061945459088121,14.0,35.12,2.5085714285714285,0.0018129371026456,0.0007226970226947,0.0,0.0,0.0,1.4,1.0,1.4,0.0,0.0,7.226970226947513e-05,5.1621215906767954e-05,0.0,1.0,0.0,1.0,269.3781917428868,6558,0.0410762719949507,0.0099206503762014,2.0075845874366873,0.034945095265875,0.3385319339165842,595925,562984.0,586,0.9447229097621344,0.0009833452196165,22062.0,2794.0,4388.0,9365.0,1074.0,57.0,1042.0,1778.0,20988.0,2737.0,3346.0,7587.0,0.048680989937449,0.951319010062551,0.0204008589835361,0.9795991410164638,0.2374658158614403,0.7625341841385597,0.189855846235985,0.8101441537640149,0.75,Delta
1,inactive,4,red,12,0-12,14.0,116.76,8.34,27999.6,15200.4,83,337.344578313253,0.0076813768058735,0.0009210283939896,5.0,31.08,6.215999999999999,0.0020446830346569,0.0003289387121391,6.0,44.96,7.493333333333333,0.0029578168995552,0.0003947264545669,90,29617.8,329.08666666666664,1.9484881976790085,0.0059208968185047,1.0,3.36,3.36,0.0002210468145575,6.578774242783085e-05,31.0,430.6,13.890322580645162,0.0283282018894239,0.0020394200152627,8.0,49.92,6.24,0.0032841241019973,0.0005263019394226,10.0,38.72,3.872,0.0025473013868056,0.0006578774242783,5.0,19.32,3.864,0.0012710191837056,0.0003289387121391,39.0,219.0,5.615384615384615,0.0144075155916949,0.0025657219546854,3.0,8.8,2.9333333333333336,0.0005789321333649,0.0001973632272834,0.8,1.0,0.8,1.6,2.0,0.8,5.263019394226468e-05,6.578774242783085e-05,0.0001052603878845,0.0001315754848556,0.3333333333333333,0.6666666666666666,0.3333333333333333,0.6666666666666666,74.30922197835827,2511,0.0295934774903856,0.0065841087753326,1.9879645071994207,0.0264627506592055,0.1651930212362832,700073,609432.0,3644,0.870526359393949,0.0052051714606905,12052.0,1466.0,1912.0,2933.0,801.0,17.0,101.0,272.0,11251.0,1449.0,1811.0,2661.0,0.0664619980086292,0.9335380019913708,0.0115961800818553,0.9884038199181446,0.0528242677824267,0.9471757322175732,0.0927378111148994,0.9072621888851006,0.75,Gamma
1,inactive,4,yellow,12,0-12,13.0,124.52,9.578461538461536,28737.68,14462.32,109,263.64844036697247,0.0086099602276813,0.0008988875920322,14.0,85.64,6.117142857142857,0.0059215948755109,0.0009680327914193,8.0,32.16,4.02,0.002223709612289,0.0005531615950967,45,30446.84,676.5964444444445,2.105252822507039,0.0031115339724193,,,,,,27.0,191.04,7.075555555555555,0.013209498890911,0.0018669203834516,10.0,33.2,3.3200000000000003,0.0022956206196516,0.0006914519938709,5.0,40.2,8.040000000000001,0.0027796370153612,0.0003457259969354,10.0,30.52,3.052,0.0021103114852941,0.0006914519938709,19.0,66.4,3.4947368421052634,0.0045912412393032,0.0013137587883548,,,,,,0.8,1.0,0.8,1.0,1.0,1.0,5.5316159509677565e-05,6.914519938709695e-05,6.914519938709695e-05,6.914519938709695e-05,0.4444444444444445,0.5555555555555556,0.5,0.5,98.9954031580324,1758,0.0563113783606555,0.0147088995001018,2.118297783013663,0.0524211511910828,0.1215572605225164,718551,617179.0,13214,0.8589216353466907,0.0183897872245672,5643.0,1783.0,2967.0,3126.0,64.0,45.0,945.0,1374.0,5579.0,1738.0,2022.0,1752.0,0.0113414850256955,0.9886585149743043,0.0252383623107122,0.9747616376892876,0.3185035389282103,0.6814964610717897,0.4395393474088291,0.5604606525911708,1.5,Beta
1,inactive,5,blue,12,0-12,58.0,752.52,12.97448275862069,29699.12,13500.88,96,309.36583333333334,0.0557385888919833,0.0042960162596808,34.0,148.96,4.381176470588236,0.0110333548627941,0.0025183543591232,36.0,168.44,4.678888888888888,0.01247622377208,0.0026664928508363,265,35960.4,135.69962264150945,2.66355970870047,0.01962835015199,,,,,,213.0,833.84,3.9147417840375582,0.0617618999650393,0.0157767493674486,86.0,602.84,7.009767441860466,0.0446519041721724,0.0063699551436647,30.0,145.0,4.833333333333333,0.0107400406492021,0.0022220773756969,9.0,39.92,4.435555555555556,0.0029568442945941,0.000666623212709,142.0,638.16,4.4940845070422535,0.0472680299358264,0.0105178329116324,22.0,70.92,3.2236363636363636,0.0052529909161476,0.0016295234088444,6.6,7.0,0.9428571428571428,17.2,14.0,1.2285714285714284,0.0004888570226533,0.0005184847209959,0.0012739910287329,0.0010369694419919,0.2773109243697479,0.7226890756302522,0.3333333333333333,0.6666666666666666,300.960197231694,9215,0.0326598152177638,0.0073112114482579,2.0894367537774117,0.0267355529749471,0.6825481005682593,742574,671482.3333333334,11764,0.9042631890334611,0.0158421921586266,36216.0,4662.0,8005.0,18871.0,6896.0,607.0,763.0,1652.0,29320.0,4055.0,7242.0,17219.0,0.1904130770929975,0.8095869229070024,0.1302016302016302,0.8697983697983698,0.095315427857589,0.904684572142411,0.0875417306978962,0.9124582693021036,1.65,Beta
1,inactive,5,green,12,0-12,87.0,482.52,5.546206896551724,28772.28,14427.72,353,81.50787535410764,0.0334439537224176,0.0060300588034699,54.0,186.92,3.4614814814814814,0.0129556159947656,0.0037427951193951,63.0,191.36,3.037460317460318,0.0132633569268047,0.004366594305961,304,36867.88,121.27592105263156,2.555350394934196,0.0210705503017801,2.0,3.6,1.8,0.0002495196746263,0.000138622041459,157.0,394.2,2.510828025477707,0.0273224043715847,0.0108818302545377,112.0,794.36,7.0925,0.0550579024267174,0.0077628343217084,18.0,138.48,7.6933333333333325,0.0095981901506267,0.0012475983731317,11.0,53.04,4.821818181818181,0.0036762565394948,0.0007624212280249,110.0,468.08,4.255272727272727,0.0324431025830831,0.0076242122802494,5.0,11.96,2.3920000000000003,0.0008289598079252,0.0003465551036477,4.8,5.0,0.96,10.2,11.0,0.9272727272727272,0.0003326928995017,0.0003465551036477,0.0007069724114413,0.0007624212280249,0.32,0.6799999999999999,0.3125,0.6875,746.3882209185107,9921,0.0752331640881474,0.0195790476504288,2.1600739168514815,0.0689599094471998,0.6876346366577671,719660,670449.0,9634,0.9316190979073452,0.0133868771364255,29983.0,4817.0,9554.0,12150.0,5799.0,611.0,2225.0,4435.0,24184.0,4206.0,7329.0,7715.0,0.1934095987726378,0.8065904012273621,0.1268424330496159,0.873157566950384,0.2328867490056521,0.7671132509943479,0.3650205761316872,0.6349794238683127,0.8500000000000001,Delta
1,inactive,5,red,12,0-12,43.0,475.92,11.067906976744188,33337.4,9862.6,81,411.5728395061728,0.0482550240301746,0.0043599050960193,44.0,373.48,8.488181818181818,0.0378683105874718,0.0044612982377871,19.0,82.68,4.351578947368421,0.0083831849613692,0.0019264696935899,181,37118.6,205.07513812154696,3.763571472025632,0.0183521586599882,1.0,1.04,1.04,0.0001054488674386,0.0001013931417678,111.0,556.2,5.010810810810812,0.0563948654513008,0.0112546387362358,23.0,133.04,5.7843478260869565,0.0134893435808001,0.0023320422606614,18.0,123.12,6.84,0.0124835236144627,0.001825076551822,6.0,18.56,3.0933333333333333,0.001881856711212,0.0006083588506073,117.0,540.12,4.616410256410257,0.0547644637316731,0.0118629975868432,11.0,30.52,2.7745454545454544,0.003094518686756,0.0011153245594467,17.6,15.0,1.1733333333333331,2.6,3.0,0.8666666666666667,0.0017845192951148,0.0015208971265183,0.0002636221685965,0.0003041794253036,0.8712871287128713,0.1287128712871287,0.8333333333333334,0.1666666666666666,208.1944827712048,5604,0.0371510497450401,0.0090723216849465,2.0043536082734192,0.0311740670385295,0.5682071664672601,833516,690392.0,66452,0.8282888390864722,0.0797249242965941,17365.0,3566.0,11467.0,11941.0,4323.0,477.0,897.0,1036.0,13042.0,3089.0,10570.0,10905.0,0.2489490354160668,0.7510509645839332,0.1337633202467751,0.8662366797532249,0.0782244702188889,0.921775529781111,0.0867599028557072,0.9132400971442928,2.0000000000000004,Alpha
1,inactive,5,yellow,12,0-12,60.0,485.04,8.084,29027.52,14172.48,270,107.50933333333332,0.0342240736977579,0.0042335568651358,33.0,140.8,4.266666666666667,0.009934746776852,0.0023284562758246,40.0,181.16,4.529,0.0127825193614667,0.0028223712434238,184,37929.64,206.13934782608695,2.676288130235499,0.0129829077197498,,,,,,260.0,1038.64,3.994769230769231,0.0732856917067443,0.0183454130822551,75.0,297.16,3.9621333333333335,0.0209673959673959,0.0052919460814197,18.0,165.32,9.184444444444445,0.0116648603490708,0.0012700670595407,5.0,19.76,3.952,0.0013942513942513,0.0003527964054279,82.0,271.76,3.3141463414634145,0.0191751902278218,0.0057858610490189,,,,,,1.8,2.0,0.9,0.8,1.0,0.8,0.000127006705954,0.0001411185621711,5.644742486847751e-05,7.055928108559688e-05,0.6923076923076923,0.3076923076923077,0.6666666666666666,0.3333333333333333,338.11006327312145,9737,0.0347242542131171,0.006198400676633,2.2203739591756637,0.0322146888083964,0.6870357199304568,725958,667458.6666666666,19460,0.9194177440935516,0.0268059584714267,33730.0,4650.0,8122.0,12186.0,5332.0,527.0,2556.0,4391.0,28398.0,4123.0,5566.0,7795.0,0.1580788615475837,0.8419211384524162,0.1133333333333333,0.8866666666666667,0.3147008126077321,0.6852991873922679,0.3603315279829312,0.6396684720170688,1.5,Gamma
1,inactive,6,blue,12,0-12,88.0,618.8,7.031818181818181,32774.76,10425.239999999998,167,196.25604790419163,0.0593559476808207,0.0084410526760055,64.0,236.76,3.699375,0.0227102685405803,0.0061389474007313,48.0,158.32,3.2983333333333333,0.015186221132559,0.0046042105505484,303,40000.2,132.0138613861386,3.836861309667692,0.0290640791003372,10.0,13.56,1.356,0.0013006894805299,0.0009592105313642,41.0,371.92,9.071219512195125,0.0356749580824997,0.0039327631785934,155.0,1636.64,10.558967741935485,0.1569882324052012,0.0148677632361461,27.0,143.64,5.319999999999999,0.0137781000725163,0.0025898684346835,21.0,64.8,3.0857142857142854,0.0062156842432404,0.0020143421158649,165.0,878.6,5.324848484848485,0.0842762372856644,0.0158269737675103,12.0,31.4,2.6166666666666667,0.0030119210684837,0.0011510526376371,3.2,4.0,0.8,11.0,10.0,1.1,0.0003069473700365,0.0003836842125457,0.0010551315845006,0.0009592105313642,0.2253521126760563,0.7746478873239437,0.2857142857142857,0.7142857142857143,423.9176056195199,10273,0.0412652200544651,0.0105931093214521,2.0345775742383037,0.0349379161899704,0.9853969788705106,819536,762362.0,14426,0.9302361336170712,0.0176026434470236,50410.0,5259.0,9989.0,15558.0,12162.0,131.0,813.0,3274.0,38248.0,5128.0,9176.0,12284.0,0.2412616544336441,0.7587383455663559,0.0249096786461304,0.9750903213538696,0.0813895284813294,0.9186104715186706,0.210438359686335,0.789561640313665,1.0227272727272727,Gamma
1,inactive,6,green,12,0-12,100.0,601.96,6.0196000000000005,32739.64,10460.36,411,79.6584914841849,0.057546776592775,0.0095599004240771,45.0,263.2,5.848888888888888,0.0251616579161711,0.0043019551908347,16.0,60.52,3.7825,0.0057856517366515,0.0015295840678523,253,41285.16,163.1824505928854,3.946820185920944,0.0241865480729152,1.0,1.68,1.68,0.0001606063271244,9.559900424077184e-05,41.0,583.32,14.227317073170733,0.055764811153727,0.0039195591738716,178.0,1582.8,8.892134831460673,0.1513141039122936,0.0170166227548573,7.0,60.68,8.668571428571429,0.00580094757733,0.0006691930296854,19.0,140.6,7.4,0.0134412199962525,0.0018163810805746,133.0,589.32,4.430977443609023,0.0563384051791716,0.0127146675640226,14.0,36.28,2.5914285714285716,0.0034683318738552,0.0013383860593708,1.6,2.0,0.8,6.8,8.0,0.85,0.0001529584067852,0.0001911980084815,0.0006500732288372,0.0007647920339261,0.1904761904761904,0.8095238095238094,0.2,0.8,621.9476817730041,10103,0.0615606930389987,0.0128020120549859,2.13582649232235,0.0565886983901133,0.9658367398445176,818902,755966.0,18808,0.9231458709344952,0.0229673391932123,54372.0,5058.0,8154.0,15149.0,11313.0,1178.0,1248.0,5843.0,43059.0,3880.0,6906.0,9306.0,0.2080666519532112,0.7919333480467888,0.2328983788058521,0.7671016211941479,0.1530537159676232,0.8469462840323767,0.385702026536405,0.6142979734635949,0.9375,Delta
1,inactive,6,red,12,0-12,86.0,562.56,6.5413953488372085,33425.88,9774.120000000004,177,188.84677966101697,0.0575560766595867,0.0087987460763731,43.0,177.16,4.12,0.0181254169173286,0.0043993730381865,22.0,95.08,4.321818181818181,0.0097277299644366,0.0022508420195373,370,39662.36,107.19556756756756,4.057895749182533,0.0378550703285819,,,,,,66.0,1172.84,17.77030303030303,0.1199944342815516,0.0067525260586119,45.0,472.96,10.510222222222222,0.0483890109800165,0.0046039950399626,9.0,95.24,10.58222222222222,0.0097440997245787,0.0009207990079925,17.0,87.72,5.16,0.0089747209979005,0.001739287015097,188.0,1015.6,5.402127659574468,0.1039070525019131,0.0192344681669551,7.0,18.08,2.5828571428571427,0.0018497828960561,0.0007161770062164,16.2,16.0,1.0125,2.4,3.0,0.7999999999999999,0.0016574382143865,0.0016369760142089,0.0002455464021313,0.0003069330026641,0.870967741935484,0.1290322580645161,0.8421052631578947,0.1578947368421052,394.7681475538005,9587,0.041177443157797,0.0107518666238218,2.0324541135340515,0.0371188636129012,0.980855565513826,835824,763768.0,30380,0.9137904630639944,0.0363473649955014,41256.0,4600.0,6871.0,14150.0,16855.0,315.0,549.0,2036.0,24401.0,4285.0,6322.0,12114.0,0.4085466356408764,0.5914533643591235,0.0684782608695652,0.9315217391304348,0.079901033328482,0.920098966671518,0.143886925795053,0.856113074204947,2.5397727272727275,Alpha
1,inactive,6,yellow,12,0-12,79.0,697.24,8.825822784810127,34912.88,8287.120000000003,423,82.53635933806146,0.0841353811698153,0.0095328654586876,4.0,6.88,1.72,0.0008302039791869,0.0004826767320854,9.0,25.56,2.84,0.003084304318026,0.0010860226471922,163,42174.8,258.74110429447853,5.089198660089391,0.0196690768324822,,,,,,23.0,97.48,4.2382608695652175,0.0117628319609224,0.0027753912094913,187.0,722.52,3.8637433155080214,0.0871858981165953,0.0225651372249949,6.0,67.8,11.3,0.0081813706088484,0.0007240150981281,12.0,140.76,11.73,0.016985394202087,0.0014480301962563,51.0,199.8,3.9176470588235297,0.0241097027676683,0.0061541283340895,1.0,2.0,2.0,0.0002413383660427,0.0001206691830213,0.8,1.0,0.8,1.6,2.0,0.8,9.65353464170906e-05,0.0001206691830213,0.0001930706928341,0.0002413383660427,0.3333333333333333,0.6666666666666666,0.3333333333333333,0.6666666666666666,316.59368860162,7907,0.0400396722652864,0.0103195079228108,2.203891317134393,0.037146518369334,0.9541312301499192,873245,780908.6666666666,28922,0.894260679038147,0.0331201438313417,20710.0,5232.0,824.0,17510.0,7449.0,1450.0,414.0,6790.0,13261.0,3782.0,410.0,10720.0,0.359681313375181,0.640318686624819,0.2771406727828746,0.7228593272171254,0.5024271844660194,0.4975728155339806,0.3877784123358081,0.6122215876641919,1.5,Beta
1,inactive,7,blue,12,0-12,77.0,631.76,8.204675324675325,34534.68,8665.32,152,227.20184210526315,0.0729067131969736,0.0088859961317066,8.0,38.36,4.795,0.0044268417092502,0.0009232203773201,20.0,94.2,4.71,0.0108709199429449,0.0023080509433004,260,40047.76,154.02984615384617,4.621613512253443,0.0300046622629054,1.0,2.44,2.44,0.0002815822150826,0.000115402547165,101.0,1542.08,15.268118811881187,0.1779599599322356,0.0116556572636671,14.0,100.12,7.151428571428572,0.0115541030221619,0.0016156356603102,6.0,39.64,6.6066666666666665,0.0045745569696214,0.0006924152829901,19.0,252.72,13.301052631578948,0.0291645317195441,0.0021926483961353,140.0,732.96,5.235428571428572,0.0845854509700738,0.0161563566031029,16.0,43.88,2.7425,0.0050638637696011,0.0018464407546403,16.0,16.0,1.0,1.8,2.0,0.9,0.0018464407546403,0.0018464407546403,0.000207724584897,0.00023080509433,0.898876404494382,0.1011235955056179,0.8888888888888888,0.1111111111111111,345.93358073491873,8427,0.0410506207113941,0.0098371186945241,1.9805778106079912,0.0347669596887577,0.9724972649596322,863519,780441.0,3072,0.9037913468030234,0.0035575360820086,41170.0,7334.0,3342.0,15871.0,2139.0,423.0,0.0,1662.0,39031.0,6911.0,3342.0,14209.0,0.0519553072625698,0.9480446927374302,0.0576765748568312,0.9423234251431688,0.0,1.0,0.1047192993510175,0.8952807006489825,2.75,Alpha
1,inactive,7,green,12,0-12,89.0,622.24,6.991460674157303,31594.88,11605.12,318,99.35496855345912,0.053617713560911,0.0076690288424419,19.0,88.28,4.646315789473684,0.0076069872607952,0.0016372084045662,37.0,197.88,5.348108108108108,0.0170510946892406,0.0031882479457342,249,40133.72,161.1795983935743,3.45827703634258,0.0214560469861578,8.0,18.96,2.37,0.0016337616500303,0.0006893509071857,185.0,1531.84,8.280216216216216,0.1319969117079358,0.0159412397286714,12.0,37.52,3.126666666666667,0.0032330557547013,0.0010340263607786,20.0,99.88,4.994,0.0086065460762146,0.0017233772679644,24.0,156.16,6.506666666666667,0.0134561297082666,0.0020680527215573,149.0,704.08,4.725369127516779,0.0606697733414217,0.0128391606463354,7.0,18.24,2.6057142857142854,0.0015717200683836,0.0006031820437875,5.0,6.0,0.8333333333333334,5.4,6.0,0.9,0.0004308443169911,0.0005170131803893,0.0004653118623504,0.0005170131803893,0.4807692307692307,0.5192307692307693,0.5,0.5,633.0519911635334,11238,0.056331374903322,0.0122241853515734,2.115268404926967,0.0501517416059086,0.9683656868692438,790190,748306.6666666666,329,0.9469958701915572,0.0004163555600551,39431.0,6445.0,7210.0,15645.0,1565.0,710.0,359.0,2562.0,37866.0,5735.0,6851.0,13083.0,0.0396895843371966,0.9603104156628034,0.1101629169899146,0.8898370830100854,0.0497919556171983,0.9502080443828016,0.1637583892617449,0.836241610738255,1.5,Gamma
1,inactive,7,red,12,0-12,30.0,123.44,4.1146666666666665,40008.88,3191.1200000000026,106,377.44226415094334,0.0386823435032214,0.0094010880192534,11.0,39.84,3.621818181818182,0.0124846448895685,0.0034470656070595,14.0,52.2,3.7285714285714286,0.0163578931535009,0.0043871744089849,131,42324.08,323.0845801526718,13.263080047130778,0.0410514176840732,,,,,,25.0,628.64,25.1456,0.196996665747449,0.0078342400160445,8.0,49.68,6.21,0.0155682017598836,0.0025069568051342,6.0,13.96,2.3266666666666667,0.0043746396249592,0.0018802176038506,6.0,33.4,5.566666666666666,0.0104665446614354,0.0018802176038506,57.0,229.36,4.023859649122807,0.0718744516031988,0.0178620672365815,2.0,5.72,2.86,0.0017924741156709,0.0006267392012835,2.8,3.0,0.9333333333333332,5.0,6.0,0.8333333333333334,0.0008774348817969,0.0009401088019253,0.0015668480032089,0.0018802176038506,0.358974358974359,0.6410256410256411,0.3333333333333333,0.6666666666666666,140.68653798277094,3008,0.0467707905527828,0.0146803496600034,1.9205231233269229,0.0396098957602583,0.9426157587304764,1000328,810923.3333333333,67234,0.8106574376937697,0.0672119544789309,16991.0,1196.0,2326.0,3116.0,225.0,0.0,54.0,338.0,16766.0,1196.0,2272.0,2778.0,0.0132423047495733,0.9867576952504268,0.0,1.0,0.0232158211521926,0.9767841788478074,0.1084724005134788,0.8915275994865212,1.7499999999999998,Beta
1,inactive,7,yellow,12,0-12,51.0,226.84,4.447843137254902,36365.28,6834.720000000001,174,208.99586206896552,0.0331893625488681,0.0074619004143549,11.0,60.44,5.494545454545454,0.0088430835498747,0.0016094295011353,2.0,10.36,5.18,0.0015157899665238,0.0002926235456609,120,42518.36,354.31966666666665,6.22093662944495,0.0175574127396586,,,,,,124.0,982.96,7.927096774193549,0.1438186202214574,0.0181426598309806,4.0,16.96,4.24,0.002481447667205,0.0005852470913219,16.0,91.8,5.7375,0.0134314207458388,0.0023409883652878,13.0,64.24,4.941538461538461,0.0093990682866306,0.0019020530467963,50.0,186.08,3.721600000000001,0.0272256946882973,0.0073155886415244,2.0,4.44,2.22,0.0006496242713673,0.0002926235456609,0.0,0.0,0.0,11.6,11.0,1.0545454545454545,0.0,0.0,0.0016972165648336,0.0016094295011353,0.0,1.0,0.0,1.0,361.03462947599354,6587,0.0548101760248965,0.0134271748671186,2.1783878023672765,0.0494923477894394,0.9637556476344312,909306,802430.3333333333,8423,0.8824645755480919,0.0092631083485647,25126.0,3930.0,1783.0,5722.0,1561.0,483.0,305.0,1924.0,23565.0,3447.0,1478.0,3798.0,0.0621268805221682,0.9378731194778316,0.1229007633587786,0.8770992366412214,0.1710600112170499,0.82893998878295,0.3362460678084585,0.6637539321915414,0.0,Delta
1,inactive,8,blue,12,0-12,28.0,218.28,7.795714285714285,26792.68,16407.32,130,206.09753846153848,0.0133038180519426,0.0017065553667509,10.0,63.36,6.336,0.0038616910013335,0.0006094840595539,5.0,34.04,6.808,0.0020746837387214,0.0003047420297769,250,32664.68,130.65872,1.9908601770429295,0.0152371014888476,,,,,,98.0,1148.32,11.717551020408164,0.0699882735266941,0.0059729437836282,39.0,547.24,14.031794871794872,0.0333534056750279,0.0023769878322602,7.0,86.64,12.377142857142855,0.005280569891975,0.0004266388416877,6.0,80.2,13.366666666666667,0.0048880621576223,0.0003656904357323,119.0,580.52,4.878319327731092,0.0353817686252233,0.0072528603086914,11.0,32.72,2.9745454545454546,0.0019942318428603,0.0006704324655092,14.0,11.0,1.2727272727272727,2.8,3.0,0.9333333333333332,0.0008532776833754,0.0006704324655092,0.000170655536675,0.0001828452178661,0.8333333333333333,0.1666666666666666,0.7857142857142857,0.2142857142857142,241.93758980487135,8255,0.0293080060332975,0.0061675385715068,1.985474052960924,0.0256481615463032,0.5031290911617498,669947,624073.0,3531,0.931525926677782,0.0052705661791156,42526.0,4184.0,2450.0,5485.0,2278.0,160.0,49.0,22.0,40248.0,4024.0,2401.0,5463.0,0.0535672294596247,0.9464327705403752,0.0382409177820267,0.9617590822179732,0.02,0.98,0.0040109389243391,0.9959890610756608,2.0,Beta
1,inactive,8,green,12,0-12,21.0,103.56,4.9314285714285715,30856.4,12343.6,210,146.9352380952381,0.0083897728377458,0.001701286496646,27.0,170.12,6.300740740740741,0.0137820408956868,0.0021873683528306,19.0,99.76,5.250526315789474,0.0080819209954956,0.0015392592112511,100,34495.76,344.9576,2.7946271752163065,0.008101364269743,5.0,10.32,2.064,0.0008360607926374,0.0004050682134871,53.0,235.24,4.438490566037736,0.0190576493081434,0.0042937230629638,112.0,1069.68,9.550714285714289,0.0866586733205871,0.0090735279821121,6.0,32.0,5.333333333333333,0.0025924365663177,0.0004860818561845,13.0,56.48,4.344615384615384,0.0045756505395508,0.0010531773550665,56.0,222.96,3.981428571428572,0.018062801775819,0.004536763991056,7.0,17.32,2.474285714285714,0.0014031562915194,0.000567095498882,0.0,0.0,0.0,2.0,2.0,1.0,0.0,0.0,0.0001620272853948,0.0001620272853948,0.0,1.0,0.0,1.0,189.45416444952264,4152,0.0456296157152029,0.008748272901801,2.105590524515824,0.041724458966936,0.3363686444797303,771620,668433.0,6506,0.8662722583655167,0.0084316114149451,32788.0,2231.0,6793.0,2610.0,1117.0,224.0,579.0,118.0,31671.0,2007.0,6214.0,2492.0,0.0340673417103818,0.9659326582896182,0.1004034065441506,0.8995965934558494,0.0852348005299573,0.9147651994700426,0.0452107279693486,0.9547892720306512,0.0,Delta
1,inactive,8,red,12,0-12,61.0,301.64,4.944918032786885,28851.24,14348.759999999998,87,331.6234482758621,0.0210220255966369,0.0042512384345406,22.0,84.56,3.843636363636364,0.0058931921643403,0.0015332335337687,30.0,93.52,3.1173333333333333,0.0065176363671843,0.0020907730005937,254,32286.52,127.11228346456691,2.2501261433043696,0.017701878071694,3.0,7.04,2.3466666666666667,0.000490634730806,0.0002090773000593,45.0,596.52,13.256,0.0415729303438067,0.0031361595008906,51.0,404.16,7.924705882352941,0.0281668938639994,0.0035543141010094,9.0,50.0,5.555555555555555,0.0034846216676562,0.0006272319001781,7.0,14.6,2.085714285714286,0.0010175095269556,0.0004878470334718,131.0,711.36,5.430229007633588,0.0495764093900797,0.0091297087692595,5.0,13.36,2.6719999999999997,0.0009310909095977,0.0003484621667656,3.2,3.0,1.0666666666666669,13.2,10.0,1.3199999999999998,0.00022301578673,0.0002090773000593,0.0009199401202612,0.0006969243335312,0.1951219512195122,0.8048780487804879,0.2307692307692307,0.7692307692307693,307.582295989433,6247,0.0492368010228002,0.014885700443432,1.9474057396925335,0.0400096047163165,0.435368631156978,721368,658529.6666666666,3607,0.9128900459497324,0.0050002218008007,25113.0,1631.0,4504.0,7602.0,1690.0,0.0,9.0,84.0,23423.0,1631.0,4495.0,7518.0,0.0672958228805797,0.9327041771194202,0.0,1.0,0.0019982238010657,0.9980017761989344,0.011049723756906,0.988950276243094,1.75,Gamma
1,inactive,8,yellow,12,0-12,11.0,66.84,6.076363636363637,32956.84,10243.160000000003,96,343.30041666666665,0.0065253300739224,0.001073887355074,6.0,27.28,4.546666666666667,0.0026632406405835,0.0005857567391312,3.0,5.08,1.6933333333333334,0.0004959407057978,0.0002928783695656,37,35008.64,946.1794594594594,3.4177578013035026,0.0036121665579762,,,,,,44.0,150.36,3.4172727272727275,0.0146790638826299,0.004295549420296,43.0,186.6,4.33953488372093,0.0182170345869829,0.0041979232971075,6.0,38.36,6.3933333333333335,0.0037449380855126,0.0005857567391312,4.0,13.76,3.44,0.0013433354550744,0.0003905044927541,28.0,107.48,3.838571428571429,0.010492855720305,0.0027335314492793,1.0,2.4,2.4,0.0002343026956525,9.762612318854726e-05,0.8,1.0,0.8,0.0,0.0,0.0,7.810089855083781e-05,9.762612318854726e-05,0.0,0.0,1.0,0.0,1.0,0.0,97.14061183035584,2138,0.0454352721376781,0.010843834553888,2.141860359703535,0.0423103964915324,0.208724651377114,824017,698267.0,10959,0.8473939251253312,0.0132994828990178,8511.0,1313.0,818.0,1682.0,424.0,64.0,567.0,98.0,8087.0,1249.0,251.0,1584.0,0.0498178827399835,0.9501821172600164,0.0487433358720487,0.9512566641279512,0.6931540342298288,0.3068459657701711,0.0582639714625445,0.9417360285374554,2.25,Alpha
2,active,1,blue,24,12-24,223.0,1479.72,6.635515695067265,25218.52,17981.48,243,103.77991769547326,0.082291335307216,0.0124016488075508,135.0,844.4,6.254814814814814,0.046959427143928,0.0075077246144366,149.0,768.68,5.158926174496644,0.0427484278268529,0.0082863034633411,545,37525.8,68.85467889908257,2.086913869158713,0.0303089623323552,1.0,2.16,2.16,0.0001201235938309,5.5612774921752826e-05,337.0,3154.2,9.359643916913946,0.1754138146581927,0.0187415051486307,42.0,188.36,4.484761904761905,0.0104752222842613,0.0023357365467136,82.0,545.04,6.646829268292683,0.0303111868433521,0.0045602475435837,23.0,159.4,6.930434782608696,0.0088646763225274,0.0012790938232003,293.0,1204.28,4.110170648464163,0.0669733525827684,0.0162945430520735,37.0,94.12,2.543783783783784,0.0052342743756353,0.0020576726721048,5.8,6.0,0.9666666666666668,28.8,28.0,1.0285714285714287,0.0003225540945461,0.0003336766495305,0.0016016479177464,0.001557157697809,0.1676300578034682,0.8323699421965318,0.1764705882352941,0.8235294117647058,622.3123968793744,17742,0.0350756620944298,0.0080178774759161,1.9976114167786492,0.031446155325713,0.9866818526617388,630706,522213.6666666666,30671,0.8279827156657248,0.0486296309215387,83943.0,17716.0,40611.0,37216.0,4629.0,764.0,8138.0,8568.0,79314.0,16952.0,32473.0,28648.0,0.055144562381616,0.944855437618384,0.043124858884624,0.956875141115376,0.2003890571520031,0.7996109428479968,0.2302235597592433,0.7697764402407566,0.3124999999999995,Gamma
2,active,1,green,24,12-24,207.0,1385.44,6.692946859903382,25791.92,17408.08,421,61.26346793349168,0.0795860313141943,0.0118910299125463,149.0,728.56,4.889664429530201,0.0418518297250472,0.0085592437534753,314.0,1601.16,5.0992356687898095,0.0919779780423803,0.0180376009301427,622,38151.32,61.33652733118971,2.1915868952808117,0.0357305343265885,4.0,11.12,2.78,0.0006387838291184,0.0002297783557979,288.0,2413.96,8.381805555555555,0.1386689399405333,0.0165440416174558,60.0,308.96,5.149333333333333,0.0177480802018373,0.0034466753369699,42.0,235.08,5.597142857142858,0.0135040739702482,0.0024126727358789,52.0,262.6,5.050000000000001,0.0150849490581385,0.0029871186253739,216.0,843.4,3.9046296296296297,0.0484487663200077,0.0124080312130918,5.0,11.12,2.224,0.0006387838291184,0.0002872229447474,25.4,26.0,0.9769230769230768,5.4,6.0,0.9,0.0014590925593172,0.0014935593126869,0.0003102007803272,0.0003446675336969,0.8246753246753247,0.1753246753246753,0.8125,0.1875,987.6639727509314,17040,0.0579615007482941,0.0135080034794071,2.0115276006485616,0.0552176344733031,0.9788557956994682,645219,541378.6666666666,27542,0.8390618792482345,0.0426862817121008,68421.0,12536.0,58597.0,34843.0,6507.0,938.0,11197.0,9352.0,61914.0,11598.0,47400.0,25491.0,0.0951023808479852,0.9048976191520148,0.0748245054243778,0.9251754945756222,0.1910848678259979,0.8089151321740021,0.2684039835835031,0.7315960164164969,2.4375,Beta
2,active,1,red,24,12-24,102.0,772.72,7.575686274509804,30526.28,12673.72,193,158.16725388601034,0.0609702597185356,0.0080481500301411,111.0,662.56,5.969009009009008,0.0522782576859832,0.0087582809151535,122.0,607.8,4.981967213114753,0.0479575057678408,0.0096262186635021,302,40545.96,134.25814569536425,3.199215384275493,0.0238288363637511,15.0,22.08,1.472,0.0017421877712305,0.0011835514750207,335.0,3424.4,10.222089552238806,0.2701969114040708,0.0264326496087967,65.0,437.44,6.729846153846154,0.0345155171488718,0.0051287230584232,20.0,144.12,7.206,0.0113715625719993,0.001578068633361,31.0,206.0,6.645161290322581,0.0162541069236183,0.0024460063817095,187.0,760.4,4.066310160427808,0.0599981694403853,0.0147549417219253,15.0,40.64,2.709333333333334,0.0032066354629895,0.0011835514750207,7.2,7.0,1.0285714285714287,2.0,2.0,1.0,0.0005681047080099,0.0005523240216763,0.0001578068633361,0.0001578068633361,0.782608695652174,0.2173913043478261,0.7777777777777778,0.2222222222222222,382.5992855767989,12482,0.0306520818439992,0.0076205285019089,2.071104627889204,0.0295931995645475,0.9848726340806014,763350,572072.6666666666,69725,0.7494238117071679,0.0913408004192048,96946.0,8804.0,31992.0,19420.0,9773.0,371.0,6697.0,4171.0,87173.0,8433.0,25295.0,15249.0,0.1008086976254822,0.8991913023745177,0.0421399363925488,0.9578600636074512,0.2093335833958489,0.790666416604151,0.2147785787847579,0.785221421215242,3.0,Alpha
2,active,1,yellow,24,12-24,180.0,840.08,4.667111111111112,28122.72,15077.28,351,80.12170940170941,0.0557182727919094,0.0119384928846582,144.0,837.4,5.815277777777777,0.0555405218978489,0.0095507943077265,270.0,1352.92,5.0108148148148155,0.0897323655195101,0.0179077393269873,415,40698.08,98.0676626506024,2.6992985472180657,0.0275248585951842,7.0,10.64,1.52,0.0007056975794042,0.0004642747232922,156.0,1905.16,12.212564102564103,0.1263596616896416,0.0103466938333704,57.0,273.24,4.793684210526316,0.0181226321989112,0.0037805227468084,34.0,246.24,7.24235294117647,0.0163318582662124,0.002255048655991,35.0,234.88,6.710857142857143,0.0155784067152695,0.0023213736164613,178.0,736.8,4.139325842696629,0.0488682308745343,0.0118058429637175,2.0,4.12,2.06,0.0002732588371377,0.0001326499209406,4.2,4.0,1.05,6.4,7.0,0.9142857142857144,0.0002785648339753,0.0002652998418812,0.00042447974701,0.0004642747232922,0.3962264150943396,0.6037735849056604,0.3636363636363636,0.6363636363636364,701.5983198125416,14728,0.0476370396396348,0.0130862199371981,2.071222244221873,0.0440804172697011,0.9768340178069254,703419,565388.3333333333,30254,0.8037717680832239,0.0430099272268733,54673.0,12097.0,55172.0,21182.0,6369.0,529.0,11833.0,6059.0,48304.0,11568.0,43339.0,15123.0,0.1164926014669032,0.8835073985330968,0.0437298503761263,0.9562701496238736,0.2144747335605017,0.7855252664394983,0.2860447549806439,0.713955245019356,0.2499999999999995,Delta
2,active,2,blue,24,12-24,362.0,2872.04,7.933812154696133,20232.68,22967.32,181,111.78276243093924,0.1250489826414227,0.0157615255066764,243.0,1569.0,6.45679012345679,0.0683144572375009,0.0105802505472993,159.0,748.04,4.704654088050314,0.0325697556353984,0.0069228799877391,713,35753.4,50.14502103786816,1.5567075305259823,0.0310441096305533,113.0,269.12,2.3815929203539823,0.0117175186308197,0.0049200342051227,191.0,3863.52,20.22785340314136,0.1682181464794325,0.0083161640104287,191.0,1732.96,9.073089005235602,0.0754532962487569,0.0083161640104287,53.0,382.64,7.219622641509433,0.0166601937013112,0.0023076266625797,74.0,431.92,5.836756756756757,0.0188058510962532,0.0032219693024697,373.0,1732.52,4.644825737265416,0.0754341385934449,0.016240466889476,21.0,47.28,2.2514285714285713,0.0020585771435239,0.00091434263989,4.4,5.0,0.8800000000000001,30.2,31.0,0.9741935483870968,0.0001915765531198,0.0002177006285452,0.0013149117964133,0.0013497438969805,0.1271676300578034,0.8728323699421965,0.1388888888888889,0.8611111111111112,851.4741844672424,22748,0.0374307272932672,0.0092635551655756,2.0138494628920167,0.0341276776239567,0.9904507796294908,505998,374496.0,50373,0.7401135972869458,0.0995517768844936,140294.0,20491.0,58328.0,72163.0,38744.0,1783.0,10938.0,11796.0,101550.0,18708.0,47390.0,60367.0,0.2761629150213124,0.7238370849786876,0.0870138109413889,0.9129861890586112,0.1875257166369496,0.8124742833630504,0.1634632706511647,0.8365367293488353,0.0501012145748986,Delta
2,active,2,green,24,12-24,356.0,2019.32,5.672247191011236,19379.36,23820.64,375,51.678293333333336,0.0847718617132033,0.0149450224679101,281.0,1348.44,4.798718861209965,0.0566080508332269,0.0117964924536032,128.0,450.68,3.5209375,0.0189197267579712,0.0053734912244171,671,37137.04,55.34581222056632,1.5590278011002223,0.0281688485279992,56.0,118.0,2.107142857142857,0.0049536872225095,0.0023509024106825,235.0,2622.76,11.16068085106383,0.1101045144043149,0.0098653940448283,350.0,2636.2,7.531999999999999,0.1106687309828787,0.0146931400667656,75.0,693.84,9.2512,0.0291276808683561,0.0031485300143069,102.0,581.32,5.699215686274511,0.0244040462388919,0.0042820008194574,338.0,1463.88,4.3310059171597635,0.0614542682312482,0.0141893752644765,29.0,67.12,2.3144827586206898,0.0028177244608037,0.001217431605532,21.6,23.0,0.9391304347826088,13.2,13.0,1.015384615384615,0.0009067766441203,0.0009655492043874,0.000554141282518,0.0005457452024798,0.6206896551724139,0.3793103448275862,0.6388888888888888,0.3611111111111111,1111.7053969669437,23455,0.0473973735649944,0.010404355843172,2.0491199899914077,0.0438164735732066,0.9846502864742508,484859,364612.6666666666,40124,0.7519973160582079,0.082753955273595,132059.0,32056.0,45387.0,50839.0,40967.0,2753.0,10280.0,11931.0,91092.0,29303.0,35107.0,38908.0,0.3102174028275241,0.6897825971724759,0.0858809583229348,0.9141190416770651,0.2264965739088285,0.7735034260911715,0.234682035445229,0.765317964554771,1.803846153846154,Gamma
2,active,2,red,24,12-24,355.0,2482.36,6.99256338028169,21817.16,21382.84,142,153.6419718309859,0.1160912208107061,0.0166020977568929,242.0,1027.52,4.245950413223141,0.0480534858793312,0.0113174863582199,205.0,912.28,4.450146341463414,0.0426641175821359,0.0095871268736987,683,35627.08,52.16263543191801,1.666152859021533,0.0319415007548108,64.0,130.0,2.03125,0.0060796414321016,0.0029930542434961,245.0,2080.0,8.489795918367347,0.097274262913626,0.0114577857758838,285.0,2388.48,8.38063157894737,0.1117007843672776,0.0133284446780689,48.0,258.44,5.384166666666666,0.012086327167018,0.0022447906826221,55.0,369.48,6.717818181818182,0.0172792762794839,0.0025721559905045,317.0,1494.56,4.714700315457413,0.0698952992212447,0.014824971799817,21.0,53.56,2.5504761904761906,0.0025048122700258,0.0009820959236471,27.8,28.0,0.9928571428571428,13.0,14.0,0.9285714285714286,0.0013001079370186,0.0013094612315295,0.0006079641432101,0.0006547306157647,0.6813725490196079,0.3186274509803922,0.6666666666666666,0.3333333333333333,893.4696042841816,21191,0.0421626919109141,0.0114155870219102,2.000599506352166,0.0384366780003316,0.9910283199051202,545571,413383.6666666666,28242,0.7577082848367428,0.0517659479701083,112242.0,15801.0,48942.0,62414.0,41687.0,1819.0,9627.0,13277.0,70555.0,13982.0,39315.0,49137.0,0.3714028616738832,0.6285971383261167,0.1151192962470729,0.884880703752927,0.1967022189530464,0.8032977810469535,0.212724709199859,0.787275290800141,2.271052631578947,Alpha
2,active,2,yellow,24,12-24,191.0,1347.04,7.052565445026178,24508.84,18691.16,278,88.16129496402878,0.072068293246647,0.0102187344177675,102.0,558.28,5.473333333333333,0.0298686651871793,0.0054571251864517,88.0,471.4,5.3568181818181815,0.0252204785577781,0.0047081080039976,377,40489.64,107.39957559681696,2.166245433670249,0.0201699626989443,46.0,123.64,2.687826086956522,0.0066148917456166,0.0024610564566351,214.0,3148.88,14.714392523364486,0.1684689446775909,0.0114492626460851,197.0,1308.52,6.642233502538071,0.0700074259703517,0.0105397417816764,39.0,292.52,7.50051282051282,0.0156501790151066,0.002086547865408,67.0,437.12,6.524179104477612,0.0233864564853117,0.0035845822303163,223.0,832.24,3.732017937219731,0.044525861423261,0.0119307736919484,7.0,17.64,2.52,0.0009437616498922,0.000374508591227,6.0,6.0,1.0,3.4,4.0,0.85,0.0003210073639089,0.0003210073639089,0.0001819041728817,0.0002140049092726,0.6382978723404255,0.3617021276595744,0.6,0.4,671.770845629675,18360,0.0365888260146881,0.0068051624510711,2.1176530355806955,0.0341091350332556,0.98228253356132,612999,415821.6666666666,90956,0.6783398776615731,0.1483787086112701,111846.0,18347.0,25932.0,33867.0,40208.0,2079.0,7051.0,9204.0,71638.0,16268.0,18881.0,24663.0,0.3594943046689197,0.6405056953310803,0.1133155284242655,0.8866844715757345,0.2719034397655406,0.7280965602344593,0.2717689786517849,0.728231021348215,1.875,Beta
2,active,3,blue,24,12-24,148.0,807.4,5.455405405405405,26076.56,17123.44,150,173.84373333333335,0.0471517405381161,0.0086431231107768,127.0,761.72,5.997795275590551,0.044484052269871,0.0074167340207341,116.0,683.52,5.892413793103448,0.039917212896474,0.0067743397354737,408,38413.04,94.14960784313726,2.243301579589148,0.0238269880351144,48.0,171.64,3.575833333333333,0.0100236868292819,0.0028031750629546,277.0,1790.16,6.4626714801444045,0.1045444139728933,0.0161766560924674,122.0,2985.52,24.471475409836067,0.1743528169573403,0.007124736618343,41.0,322.88,7.875121951219512,0.0188560242568082,0.002394378699607,23.0,116.0,5.043478260869565,0.0067743397354737,0.001343188050999,210.0,937.76,4.46552380952381,0.0547646968132571,0.0122638909004265,17.0,41.0,2.411764705882353,0.002394378699607,0.0009927911681297,16.4,18.0,0.911111111111111,16.0,16.0,1.0,0.0009577514798428,0.0010511906486079,0.0009343916876515,0.0009343916876515,0.5061728395061729,0.4938271604938272,0.5294117647058824,0.4705882352941176,490.0030641407865,15554,0.0315033473152106,0.0069560137837605,2.113221582395718,0.0284034118542676,0.90834551935826,652064,530654.6666666666,24722,0.813807642603589,0.0379134563478431,119791.0,11036.0,36374.0,20333.0,34093.0,573.0,7811.0,4445.0,85698.0,10463.0,28563.0,15888.0,0.284604018665843,0.7153959813341569,0.0519209858644436,0.9480790141355564,0.214741298729862,0.785258701270138,0.2186101411498549,0.7813898588501451,2.0642857142857145,Beta
2,active,3,green,24,12-24,151.0,852.68,5.646887417218543,26089.04,17110.96,621,42.01133655394525,0.0498323881301808,0.0088247532575612,126.0,720.8,5.72063492063492,0.0421250473380803,0.0073637013937265,117.0,576.64,4.928547008547008,0.0337000378704643,0.0068377227227461,388,38281.96,98.66484536082474,2.237277160369728,0.0226755249267136,32.0,59.04,1.845,0.0034504200816318,0.0018701463857083,262.0,1562.4,5.963358778625954,0.0913098972822097,0.015311823532987,87.0,897.16,10.312183908045975,0.0524318916063154,0.0050844604861445,46.0,305.92,6.650434782608696,0.0178785994473717,0.0026883354294557,27.0,126.68,4.691851851851852,0.0074034420044228,0.0015779360129414,205.0,895.12,4.366439024390244,0.0523126697742265,0.011980625283444,7.0,20.16,2.88,0.0011781922229962,0.0004090945218736,27.6,29.0,0.9517241379310344,14.2,16.0,0.8875,0.0016130012576734,0.0016948201620481,0.000829877458658,0.0009350731928541,0.660287081339713,0.3397129186602871,0.6444444444444445,0.3555555555555555,727.1382612850506,15198,0.047844338813334,0.0106121354463275,2.0520075043607116,0.0434403761690503,0.8882026490623554,652847,532189.0,28340,0.8151818113585572,0.0434098647922101,61838.0,10888.0,32679.0,21468.0,21243.0,1091.0,6717.0,6672.0,40595.0,9797.0,25962.0,14796.0,0.343526634108477,0.656473365891523,0.1002020573108008,0.8997979426891991,0.2055448453135041,0.794455154686496,0.31078814980436,0.68921185019564,2.0500000000000003,Gamma
2,active,3,red,24,12-24,125.0,1295.6,10.3648,28425.04,14774.96,170,167.20611764705882,0.0876889006806109,0.0084602597908894,101.0,720.04,7.129108910891088,0.0487338036786563,0.0068358899110386,75.0,364.24,4.856533333333333,0.0246525202098685,0.0050761558745336,326,38103.16,116.88085889570552,2.5789010596306188,0.0220643575346396,4.0,8.92,2.23,0.0006037241386778,0.0002707283133084,250.0,1470.72,5.88288,0.0995413862372554,0.0169205195817789,88.0,1699.64,19.31409090909091,0.1150351676078987,0.0059560228927861,36.0,246.4,6.844444444444445,0.0166768640998012,0.0024365548197761,25.0,187.48,7.499199999999999,0.0126890360447676,0.0016920519581778,205.0,817.6,3.9882926829268297,0.0553368672402497,0.0138748260570587,18.0,47.84,2.657777777777778,0.0032379106271692,0.001218277409888,18.4,19.0,0.9684210526315788,9.6,10.0,0.96,0.0012453502412189,0.0012859594882151,0.0006497479519403,0.0006768207832711,0.6571428571428571,0.3428571428571428,0.6551724137931034,0.3448275862068966,378.8426954508426,13193,0.0287154320814706,0.0069982283454074,2.0809563322348907,0.0266010525501913,0.8929296593696362,710796,548126.6666666666,45991,0.7711448385565853,0.0647035154953038,79597.0,10908.0,27283.0,32515.0,22167.0,1569.0,4247.0,6115.0,57430.0,9339.0,23036.0,26400.0,0.2784903953666595,0.7215096046333405,0.1438393839383938,0.8561606160616062,0.1556646996298061,0.8443353003701939,0.188067045978779,0.811932954021221,2.185714285714286,Alpha
2,active,3,yellow,24,12-24,104.0,389.32,3.7434615384615384,26802.88,16397.12,319,84.02156739811913,0.0237431939267383,0.006342577233075,113.0,579.52,5.128495575221239,0.0353427919049198,0.0068914541090142,155.0,570.04,3.6776774193548385,0.0347646415955972,0.0094528795300638,322,39875.04,123.83552795031056,2.4318319314611347,0.0196375948947132,22.0,49.32,2.2418181818181817,0.0030078452801467,0.0013416990300735,215.0,1573.92,7.320558139534884,0.0959875880642454,0.0131120587029917,135.0,1363.64,10.101037037037038,0.083163384789524,0.0082331531390878,65.0,593.0,9.123076923076924,0.0361648874924377,0.0039641107706719,23.0,94.96,4.128695652173913,0.0057912609043539,0.0014026853496223,160.0,723.6,4.5225,0.0441297008255108,0.0097578111278078,4.0,9.32,2.33,0.0005683924981948,0.0002439452781951,3.0,3.0,1.0,25.6,27.0,0.9481481481481482,0.0001829589586463,0.0001829589586463,0.0015612497804492,0.0016466306278175,0.1048951048951049,0.8951048951048951,0.1,0.9,643.6383478059686,14655,0.0439193686663915,0.0098436165935515,2.0912831207150764,0.0401170680031851,0.8937545129876466,670391,542475.0,27002,0.8091919491759286,0.0402779870254821,73789.0,17287.0,29007.0,9837.0,15600.0,1953.0,6963.0,1756.0,58189.0,15334.0,22044.0,8081.0,0.2114136253371098,0.7885863746628902,0.1129750679701509,0.887024932029849,0.2400455062571103,0.7599544937428896,0.1785097082443834,0.8214902917556165,0.0,Delta
2,active,4,blue,24,12-24,133.0,1289.48,9.69533834586466,20566.92,22633.08,231,89.0342857142857,0.0569732444722503,0.0058763544334222,114.0,794.24,6.967017543859649,0.03509199808422,0.0050368752286476,94.0,550.0,5.851063829787234,0.0243007138224227,0.0041532129078322,412,38475.72,93.38766990291262,1.6999772015121228,0.0182034438087966,40.0,105.64,2.641,0.0046675043785467,0.0017673246416307,445.0,5094.44,11.4481797752809,0.2250882336827333,0.019661486638142,191.0,2176.44,11.39497382198953,0.0961619010757705,0.0084389751637868,45.0,460.24,10.227555555555556,0.0203348373266033,0.0019882402218345,68.0,434.2,6.385294117647058,0.0191843089849017,0.0030044518907722,308.0,1562.76,5.073896103896104,0.0690476064238716,0.0136083997405567,35.0,85.16,2.433142857142857,0.0037626341620318,0.0015464090614269,11.6,12.0,0.9666666666666668,29.4,27.0,1.0888888888888888,0.0005125241460729,0.0005301973924892,0.0012989836115985,0.0011929441331007,0.2829268292682926,0.7170731707317073,0.3076923076923077,0.6923076923076923,554.3530866613468,22402,0.0247456962173621,0.0053977366529008,2.131219602079199,0.0231728331899036,0.9897901655452992,514404,379242.99999999994,39600,0.7372473775476084,0.0769822940723633,182408.0,22474.0,33814.0,32370.0,38374.0,1752.0,8680.0,10434.0,144034.0,20722.0,25134.0,21936.0,0.2103745449760975,0.7896254550239025,0.0779567500222479,0.922043249977752,0.2566984089430413,0.7433015910569587,0.3223354958294717,0.6776645041705283,0.5984162895927599,Delta
2,active,4,green,24,12-24,354.0,2602.96,7.352994350282486,21330.36,21869.64,523,40.78462715105162,0.1190216208405808,0.0161868233770651,226.0,1185.4,5.2451327433628325,0.0542029955682855,0.0103339606870529,159.0,714.84,4.495849056603774,0.0326864091041279,0.0072703528727496,634,36906.52,58.212176656151414,1.687568702548373,0.028989960511467,89.0,192.28,2.160449438202247,0.0087920971721528,0.0040695685891491,283.0,2222.64,7.853851590106006,0.1016313025728818,0.012940313603699,132.0,853.08,6.462727272727273,0.0390075008093411,0.0060357646490751,34.0,230.0,6.764705882352941,0.0105168626461158,0.0015546666520345,91.0,649.6,7.138461538461539,0.0297032781518122,0.0041610195686806,296.0,1437.44,4.856216216216216,0.0657276480088378,0.0135347449706533,17.0,38.52,2.2658823529411767,0.0017613458657755,0.0007773333260172,13.6,14.0,0.9714285714285714,33.6,32.0,1.05,0.0006218666608138,0.00064015685672,0.0015363764561282,0.001463215672503,0.2881355932203389,0.711864406779661,0.3043478260869565,0.6956521739130435,987.8245918775982,21453,0.0460459885273667,0.0115292996487649,2.076532416277098,0.0422632396948464,0.98094893194401,533782,388802.3333333333,35100,0.7283916155534157,0.0657571817708352,77308.0,22115.0,47891.0,65428.0,19816.0,2271.0,11497.0,16894.0,57492.0,19844.0,36394.0,48534.0,0.2563253479588141,0.7436746520411859,0.1026904815735925,0.8973095184264074,0.2400659831701154,0.7599340168298845,0.2582074952619673,0.7417925047380326,1.443548387096774,Beta
2,active,4,red,24,12-24,277.0,2516.0,9.083032490974729,19153.72,24046.28,157,121.99821656050956,0.1046315687915137,0.0115194533208463,179.0,1270.72,7.098994413407821,0.0528447643460859,0.0074439788607634,154.0,777.84,5.050909090909091,0.0323476230003143,0.0064043170087015,592,34599.76,58.44554054054054,1.438882022499946,0.0246191926568267,59.0,176.68,2.9945762711864408,0.0073474982408921,0.0024536019708661,266.0,4163.4,15.651879699248118,0.1731411261949873,0.011062002105939,89.0,630.16,7.080449438202247,0.0262061325078141,0.0037011961933405,44.0,365.52,8.307272727272727,0.0152006880066272,0.001829804859629,87.0,635.92,7.309425287356321,0.0264456705985291,0.0036180232451755,402.0,1970.68,4.902189054726368,0.081953632744857,0.016717762581156,41.0,109.16,2.6624390243902436,0.0045395795108432,0.0017050454373815,64.8,58.0,1.1172413793103448,12.2,13.0,0.9384615384615383,0.0026948035205445,0.0024120154967837,0.0005073549838062,0.0005406241630722,0.8415584415584415,0.1584415584415584,0.8169014084507042,0.1830985915492957,704.775557811686,23874,0.0295206315578322,0.0078830039038161,2.0102410186087805,0.026753523997043,0.9928354822450708,479000,364623.0,25600,0.7612171189979123,0.0534446764091858,120194.0,25167.0,51547.0,63177.0,37909.0,2545.0,11740.0,13649.0,82285.0,22622.0,39807.0,49528.0,0.3153984391899762,0.6846015608100238,0.1011244884173719,0.898875511582628,0.2277533125109123,0.7722466874890876,0.2160438134131092,0.7839561865868908,2.9367934932451063,Alpha
2,active,4,yellow,24,12-24,260.0,1869.68,7.191076923076923,23104.48,20095.52,261,88.52291187739463,0.0930396426666242,0.0129382071227815,187.0,990.6,5.297326203208557,0.0492945691377978,0.0093055566613852,149.0,796.04,5.342550335570469,0.0396128092231502,0.0074145879280556,504,38881.08,77.14500000000001,1.9348133315286191,0.0250802168841612,32.0,60.6,1.89375,0.0030155975063098,0.0015923947228038,236.0,2557.96,10.838813559322034,0.1272900626607323,0.0117439110806786,205.0,2011.48,9.81209756097561,0.1000959417820489,0.0102012786929624,48.0,390.76,8.140833333333333,0.0194451300588389,0.0023885920842058,143.0,851.8,5.956643356643356,0.042387557027636,0.0071160139175298,288.0,1173.28,4.073888888888889,0.0583851525116045,0.0143315525052349,7.0,16.56,2.3657142857142857,0.000824064269051,0.0003483363456133,18.0,19.0,0.9473684210526316,32.8,31.0,1.058064516129032,0.0008957220315771,0.0009454843666648,0.0016322045908739,0.0015426323877162,0.3543307086614173,0.6456692913385826,0.38,0.62,744.8713991079172,19842,0.037540137037996,0.0085017335800521,2.101145655217695,0.0339706583573231,0.9873842528085862,577873,370069.0,83932,0.6403984958632779,0.1452429859155904,114677.0,31255.0,45002.0,47002.0,30417.0,2636.0,11047.0,10446.0,84260.0,28619.0,33955.0,36556.0,0.2652406323848723,0.7347593676151277,0.0843385058390657,0.9156614941609342,0.2454779787564997,0.7545220212435003,0.2222458618782179,0.7777541381217821,1.0212418300653592,Gamma
2,active,5,blue,24,12-24,149.0,1373.44,9.217718120805367,27239.28,15960.72,195,139.6886153846154,0.0860512558330701,0.0093354184523003,99.0,645.96,6.524848484848485,0.0404718584124024,0.0062027276964948,167.0,842.24,5.0433532934131735,0.0527695492433925,0.0104631871243903,380,37790.0,99.44736842105264,2.367687673237799,0.0238084497441218,3.0,5.08,1.6933333333333334,0.0003182813807898,0.0001879614453483,277.0,1139.84,4.114945848375451,0.0714153246219468,0.0173551067871624,101.0,342.8,3.394059405940594,0.0214777278218025,0.0063280353267271,28.0,204.92,7.3185714285714285,0.0128390197935932,0.001754306823251,31.0,202.72,6.539354838709677,0.0127011814003378,0.0019422682685994,204.0,959.8,4.704901960784314,0.0601351317484424,0.0127813782836864,20.0,49.96,2.498,0.0031301846032008,0.0012530763023222,14.2,16.0,0.8875,17.2,16.0,1.075,0.0008896841746487,0.0010024610418577,0.001077645619997,0.0010024610418577,0.4522292993630573,0.5477707006369427,0.5,0.5,467.5052261342423,14571,0.0320846356553594,0.0077708271998818,2.0930619811579896,0.0292519136133109,0.9129287400568395,681177,534505.6666666666,34469,0.7846795570999412,0.0506021195665737,37444.0,10250.0,37471.0,34485.0,5496.0,761.0,8516.0,8500.0,31948.0,9489.0,28955.0,25985.0,0.1467791902574511,0.8532208097425489,0.0742439024390243,0.9257560975609757,0.2272690880947933,0.7727309119052067,0.2464839785413948,0.7535160214586052,1.4464285714285714,Beta
2,active,5,green,24,12-24,239.0,1172.48,4.905774058577406,24740.24,18459.76,376,65.79851063829787,0.0635154519885415,0.0129470805687614,183.0,886.6,4.844808743169399,0.0480287934404347,0.0099134549961646,218.0,1006.92,4.618899082568807,0.0545467546706999,0.0118094709790376,603,37100.4,61.52636815920398,2.009798610599488,0.0326656467906408,3.0,5.04,1.68,0.0002730263015337,0.0001625156556748,458.0,1931.6,4.217467248908297,0.1046384135005005,0.024810723433024,111.0,447.52,4.031711711711711,0.0242430020758666,0.0060130792599687,65.0,373.84,5.751384615384615,0.0202516175724928,0.0035211725396213,41.0,166.56,4.062439024390244,0.0090228692030665,0.0022210472942226,254.0,1042.44,4.104094488188976,0.0564709400338899,0.0137596588471356,14.0,36.28,2.5914285714285716,0.0019653559959609,0.0007584063931492,3.4,4.0,0.85,5.8,7.0,0.8285714285714285,0.0001841844097648,0.0002166875408997,0.0003141969343046,0.0003792031965746,0.3695652173913044,0.6304347826086957,0.3636363636363636,0.6363636363636364,822.2501664174549,17006,0.0483505919332856,0.0120772807256526,1.9839491078547111,0.0451248059994768,0.9212470801353864,618882,506326.33333333326,14032,0.8181306506463805,0.0226731428608361,60047.0,13616.0,47650.0,29551.0,6207.0,945.0,10331.0,6694.0,53840.0,12671.0,37319.0,22857.0,0.1033690275950505,0.8966309724049495,0.0694036427732079,0.930596357226792,0.216810073452256,0.783189926547744,0.2265236371019593,0.7734763628980407,0.7500000000000002,Delta
2,active,5,red,24,12-24,132.0,1477.96,11.196666666666667,27168.76,16031.240000000002,145,187.37075862068968,0.092192494155162,0.0082339232648254,139.0,1037.68,7.465323741007195,0.0647286173745761,0.0086705707106873,138.0,841.88,6.1005797101449275,0.0525149645317517,0.0086081925041356,393,37927.64,96.50798982188294,2.365858161938814,0.0245146351748211,15.0,35.32,2.3546666666666667,0.0022031982554063,0.0009356730982756,271.0,2047.88,7.5567527675276756,0.1277430816331113,0.0169044939755128,111.0,577.0,5.198198198198198,0.0359922251803353,0.0069239809272395,70.0,433.36,6.190857142857143,0.027032219591248,0.0043664744586195,24.0,119.72,4.988333333333333,0.0074679188883704,0.0014970769572409,220.0,903.2,4.1054545454545455,0.0563399961575024,0.0137232054413757,27.0,67.12,2.485925925925926,0.0041868252237506,0.0016842115768961,15.2,14.0,1.0857142857142856,3.2,4.0,0.8,0.0009481487395859,0.0008732948917239,0.0001996102609654,0.0002495128262068,0.8260869565217391,0.1739130434782609,0.7777777777777778,0.2222222222222222,467.4649115731387,14689,0.0318241481090025,0.008138818118682,2.0394141537088646,0.0292542661457062,0.9162734760380356,679364,522637.0,43288,0.7693033484258807,0.0637184189918806,66004.0,13921.0,47266.0,37081.0,5130.0,562.0,9427.0,7791.0,60874.0,13359.0,37839.0,29290.0,0.0777225622689534,0.9222774377310466,0.0403706630270813,0.9596293369729186,0.1994456903482418,0.8005543096517581,0.2101076022760982,0.7898923977239017,2.8749999999999996,Alpha
2,active,5,yellow,24,12-24,200.0,1449.16,7.2458,26477.08,16722.92,274,96.6316788321168,0.08665711490577,0.0119596338438502,143.0,830.92,5.81062937062937,0.0496874947676602,0.0085511381983529,182.0,1054.88,5.796043956043957,0.0630798927460037,0.0108832667979037,444,38145.84,85.91405405405405,2.2810513953304805,0.0265503871333475,6.0,15.64,2.606666666666667,0.000935243366589,0.0003587890153155,283.0,1408.36,4.976537102473498,0.0842173496016246,0.016922881889048,102.0,488.72,4.791372549019608,0.0292245612608324,0.0060994132603636,33.0,243.16,7.368484848484848,0.0145405228273531,0.0019733395842352,22.0,167.28,7.6036363636363635,0.0100030377469963,0.0013155597228235,179.0,793.04,4.4303910614525135,0.0474223401176349,0.0107038722902459,14.0,33.76,2.4114285714285715,0.0020187861928419,0.0008371743690695,5.4,6.0,0.9,12.0,13.0,0.9230769230769232,0.0003229101137839,0.0003587890153155,0.000717578030631,0.0007773761998502,0.3103448275862069,0.6896551724137931,0.3157894736842105,0.6842105263157895,579.6522743673281,15270,0.0379602013338132,0.0084292017105163,2.1088999123865086,0.035819051862159,0.9131180439779656,662201,532228.3333333333,25718,0.8037262603549877,0.0388371506536535,47812.0,10316.0,47470.0,36429.0,5565.0,594.0,11944.0,9569.0,42247.0,9722.0,35526.0,26860.0,0.116393374048356,0.883606625951644,0.0575804575416828,0.9424195424583172,0.2516115441331367,0.7483884558668633,0.2626753410744187,0.7373246589255813,0.9285714285714284,Gamma
2,active,6,blue,24,12-24,125.0,693.92,5.55136,30742.52,12457.48,175,175.67154285714287,0.0557030795955522,0.0100341321037641,196.0,926.4,4.726530612244898,0.0743649598474169,0.0157335191387022,129.0,437.24,3.3894573643410855,0.0350985913683987,0.0103552243310846,392,40415.8,103.1015306122449,3.244299810234494,0.0314670382774044,25.0,42.68,1.7072,0.0034260540655092,0.0020068264207528,200.0,1638.24,8.1912,0.1315065326213648,0.0160546113660226,145.0,1750.2,12.070344827586208,0.1404939040640643,0.0116395932403664,36.0,149.84,4.162222222222223,0.0120281148354241,0.002889830045884,37.0,151.36,4.090810810810811,0.0121501298818059,0.0029701031027141,148.0,604.8,4.0864864864864865,0.0485491447708525,0.0118804124108567,5.0,11.52,2.304,0.0009247456146829,0.0004013652841505,9.8,10.0,0.98,9.6,10.0,0.96,0.0007866759569351,0.0008027305683011,0.000770621345569,0.0008027305683011,0.5051546391752578,0.4948453608247423,0.5,0.5,530.316232801086,12284,0.0431712986650184,0.0110256919419197,2.0575612960741902,0.0399739314607529,0.986074230101112,768738,630881.3333333333,35918,0.8206714554677058,0.0467233309658167,85056.0,7603.0,34416.0,17473.0,27156.0,605.0,9955.0,5567.0,57900.0,6998.0,24461.0,11906.0,0.3192720090293454,0.6807279909706546,0.0795738524266736,0.9204261475733264,0.2892549976754998,0.7107450023245002,0.3186058490242088,0.6813941509757913,2.3269230769230766,Beta
2,active,6,green,24,12-24,176.0,1241.52,7.054090909090909,26970.12,16229.88,376,71.72904255319149,0.0764959445171498,0.0108441960137721,159.0,927.16,5.831194968553459,0.0571267316825509,0.0097967452624418,111.0,528.12,4.757837837837838,0.0325399818113257,0.0068392372586858,532,37644.0,70.7593984962406,2.31942565194567,0.0327790470416293,4.0,10.24,2.56,0.0006309350408012,0.000246459000313,112.0,2117.36,18.905,0.1304606072256849,0.006900852008764,107.0,1247.4,11.657943925233646,0.0768582392476099,0.0065927782583728,28.0,183.96,6.57,0.011334649424395,0.001725213002191,44.0,204.68,4.651818181818182,0.0126113070460163,0.002711049003443,247.0,1122.56,4.544777327935223,0.0691662538478411,0.0152188432693279,15.0,36.08,2.405333333333333,0.0022230601828232,0.0009242212511737,4.0,5.0,0.8,15.8,16.0,0.9875,0.000246459000313,0.0003080737503912,0.0009735130512363,0.000985836001252,0.202020202020202,0.797979797979798,0.238095238095238,0.7619047619047619,654.0509612193563,15917,0.0410913464358457,0.0085070803586057,2.0170624900451024,0.0380909606941527,0.980721976995517,674629,592364.0,26907,0.8780589034862124,0.0398841437293682,84338.0,9788.0,36652.0,31214.0,31375.0,694.0,8577.0,7215.0,52963.0,9094.0,28075.0,23999.0,0.372014987312955,0.627985012687045,0.0709031467102574,0.9290968532897426,0.2340117865327949,0.765988213467205,0.2311462805151534,0.7688537194848466,0.8749999999999998,Gamma
2,active,6,red,24,12-24,193.0,1321.52,6.847253886010362,27237.32,15962.68,147,185.2878911564626,0.0827881032508325,0.0120907015613919,185.0,1219.76,6.593297297297298,0.0764132338679971,0.0115895325847539,101.0,500.04,4.950891089108911,0.0313255668847587,0.0063272583300548,429,38377.56,89.45818181818181,2.404205308882969,0.0268751863722131,,,,,,163.0,1656.56,10.162944785276071,0.1037770599924323,0.0102113178989994,159.0,3487.48,21.93383647798742,0.21847709783069,0.0099607334106804,19.0,109.96,5.787368421052631,0.0068885675838894,0.0011902763195152,70.0,374.16,5.345142857142857,0.0234396730373596,0.0043852285455825,212.0,874.64,4.12566037735849,0.0547928042158334,0.0132809778809072,24.0,57.4,2.3916666666666666,0.0035958874073777,0.001503506929914,21.8,22.0,0.990909090909091,5.6,6.0,0.9333333333333332,0.0013656854613385,0.0013782146857545,0.0003508182836466,0.0003758767324785,0.7956204379562044,0.2043795620437956,0.7857142857142857,0.2142857142857142,523.6966408009988,15804,0.0331369679069222,0.0083962370753645,2.0751362786946705,0.0318645050150407,0.990059313348385,681080,601655.6666666666,18054,0.883384722303792,0.0265078992188876,128923.0,12192.0,43281.0,33231.0,42809.0,394.0,9109.0,5320.0,86114.0,11798.0,34172.0,27911.0,0.3320509141115239,0.667949085888476,0.0323162729658792,0.9676837270341208,0.2104618654836995,0.7895381345163005,0.1600914808461978,0.8399085191538022,3.0,Alpha
2,active,6,yellow,24,12-24,86.0,865.96,10.069302325581395,31392.2,11807.8,240,130.80083333333334,0.0733379630413794,0.0072833211944646,68.0,516.52,7.595882352941176,0.0437439658530801,0.0057589051305069,58.0,394.92,6.808965517241379,0.0334456884432324,0.0049120073171971,289,40748.32,140.99764705882353,3.450966310404987,0.0244753468046545,12.0,28.64,2.3866666666666667,0.0024255153373193,0.0010162773759718,189.0,1858.72,9.834497354497357,0.1574145903555277,0.016006368671556,84.0,866.48,10.315238095238096,0.0733820017276715,0.0071139416318027,22.0,255.2,11.6,0.0216128321956672,0.0018631751892816,20.0,128.08,6.404000000000001,0.0108470671928725,0.0016937956266196,156.0,593.04,3.801538461538461,0.0502244279205271,0.0132116058876335,5.0,12.2,2.44,0.001033215332238,0.0004234489066549,0.8,1.0,0.8,5.4,6.0,0.9,6.775182506478769e-05,8.468978133098461e-05,0.0004573248191873,0.0005081386879859,0.1290322580645161,0.8709677419354839,0.1428571428571428,0.8571428571428571,353.1392979094456,11587,0.0304771984041982,0.0068543500300875,2.123752250731023,0.0282435343449733,0.9813004962821188,785045,621125.6666666666,66603,0.7911975322009142,0.0848397225636747,68403.0,9624.0,22912.0,21735.0,18349.0,315.0,6314.0,5190.0,50054.0,9309.0,16598.0,16545.0,0.2682484686344166,0.7317515313655834,0.0327306733167082,0.9672693266832918,0.2755761173184357,0.7244238826815642,0.2387853692201518,0.7612146307798482,0.0,Delta
2,active,7,blue,24,12-24,135.0,1307.72,9.686814814814817,26774.88,16425.12,207,129.3472463768116,0.0796170743349211,0.0082191180338408,59.0,330.24,5.597288135593221,0.0201057891814489,0.0035920589925674,104.0,563.0,5.413461538461538,0.0342767663189066,0.0063317650038477,321,38773.0,120.78816199376946,2.360591581674898,0.0195432362137993,6.0,10.76,1.7933333333333332,0.000655094148475,0.0003652941348373,406.0,3224.0,7.940886699507389,0.1962847151192807,0.0247182364573287,69.0,480.68,6.966376811594203,0.0292649307889379,0.0042008825506297,32.0,245.84,7.6825,0.0149673183514032,0.0019482353857993,38.0,338.56,8.909473684210527,0.0206123303817567,0.0023135295206366,201.0,922.04,4.58726368159204,0.0561359673475749,0.0122373535170519,15.0,38.44,2.5626666666666664,0.0023403177571914,0.0009132353370934,5.8,6.0,0.9666666666666668,7.6,8.0,0.95,0.0003531176636761,0.0003652941348373,0.0004627059041273,0.0004870588464498,0.4328358208955224,0.5671641791044777,0.4285714285714285,0.5714285714285714,419.78956608387335,15649,0.0268253285247538,0.0072207641802956,2.096913050988094,0.0245709352824825,0.95274798601167,669579,540263.9999999999,23716,0.8068711832360332,0.0354192709150077,93092.0,14680.0,22494.0,32828.0,10048.0,1361.0,4759.0,8476.0,83044.0,13319.0,17735.0,24352.0,0.1079362351222446,0.8920637648777553,0.0927111716621253,0.9072888283378746,0.2115675291188761,0.7884324708811239,0.258194224442549,0.741805775557451,2.0625,Beta
2,active,7,green,24,12-24,181.0,1395.36,7.709171270718231,29043.04,14156.96,515,56.39425242718447,0.0985635334139532,0.0127852307275008,84.0,462.44,5.505238095238095,0.0326652049592567,0.005933477243702,109.0,612.8,5.622018348623853,0.0432861292254834,0.0076993930900419,350,38979.2,111.36914285714283,2.753359478306077,0.0247228218487584,32.0,87.08,2.72125,0.0061510380759711,0.002260372283315,200.0,1689.72,8.4486,0.1193561329550977,0.0141273267707191,41.0,185.48,4.52390243902439,0.0131016828471649,0.0028961019879974,29.0,130.6,4.503448275862069,0.0092251443812795,0.0020484623817542,45.0,351.92,7.820444444444445,0.0248584441857573,0.0031786485234118,155.0,623.16,4.0203870967741935,0.0440179247522066,0.0109486782473073,16.0,41.64,2.6025,0.0029413094336637,0.0011301861416575,18.0,19.0,0.9473684210526316,7.0,7.0,1.0,0.0012714594093647,0.0013420960432183,0.0004944564369751,0.0004944564369751,0.72,0.28,0.7307692307692307,0.2692307692307692,583.4313666321273,13191,0.0442295024359129,0.0101801129874522,2.0543154111813213,0.0401345529722258,0.9317678371627808,726591,547645.6666666666,58659,0.7537193093042257,0.080731800971936,47121.0,12137.0,27034.0,35065.0,5427.0,1175.0,5857.0,6690.0,41694.0,10962.0,21177.0,28375.0,0.1151715795505188,0.8848284204494811,0.0968114031474005,0.9031885968525994,0.2166531034992971,0.7833468965007028,0.1907885355767859,0.809211464423214,1.5891608391608392,Gamma
2,active,7,red,24,12-24,175.0,1218.32,6.961828571428571,24129.64,19070.36,190,126.9981052631579,0.063885527069232,0.0091765441239703,95.0,397.4,4.1831578947368415,0.0208386207706619,0.004981552524441,160.0,705.36,4.4085,0.03698724093305,0.0083899831990586,438,38737.52,88.44182648401826,2.0312946373324885,0.022967579007423,20.0,33.08,1.654,0.0017346290264053,0.0010487478998823,378.0,5780.32,15.29185185185185,0.3031049230323916,0.019821335307776,32.0,174.96,5.4675,0.0091744466281706,0.0016779966398117,60.0,320.88,5.348,0.0168261113057121,0.0031462436996469,57.0,315.8,5.540350877192982,0.0165597293391419,0.0029889315146646,301.0,1216.24,4.040664451827243,0.0637764572876442,0.015783655893229,25.0,59.8,2.392,0.0031357562206481,0.0013109348748529,21.2,22.0,0.9636363636363636,10.6,11.0,0.9636363636363636,0.0011116727738752,0.0011536226898705,0.0005558363869376,0.0005768113449352,0.6666666666666667,0.3333333333333333,0.6666666666666666,0.3333333333333333,629.3659627667213,18298,0.0343953417185878,0.0072102247268764,2.051077066193991,0.031477037715842,0.959499453602344,603431,500877.6666666666,24850,0.8300496107536183,0.0411811789583233,149292.0,16034.0,27824.0,30633.0,7884.0,1219.0,4940.0,5971.0,141408.0,14815.0,22884.0,24662.0,0.0528092597058114,0.9471907402941886,0.0760259448671572,0.9239740551328428,0.1775445658424382,0.8224554341575618,0.1949205105605066,0.8050794894394934,2.2865259740259742,Alpha
2,active,7,yellow,24,12-24,211.0,1377.0,6.5260663507109005,27334.48,15865.52,228,119.8880701754386,0.0867919866477745,0.0132992804522007,80.0,377.0,4.7125,0.0237622214714676,0.0050423812141045,115.0,499.56,4.344,0.0314871494914758,0.0072484229952752,377,39193.04,103.96031830238726,2.4703281077456016,0.0237622214714676,24.0,50.32,2.0966666666666667,0.0031716577836717,0.0015127143642313,213.0,2075.36,9.743474178403757,0.1308094534563002,0.0134253399825533,27.0,84.52,3.13037037037037,0.0053272757527014,0.0017018036597602,32.0,116.32,3.635,0.007331622285308,0.0020169524856418,43.0,252.08,5.862325581395349,0.0158885432056434,0.0027102799025811,185.0,937.04,5.065081081081081,0.0590614111608065,0.0116605065576167,20.0,51.04,2.552,0.0032170392145987,0.0012605953035261,5.0,5.0,1.0,24.8,26.0,0.953846153846154,0.0003151488258815,0.0003151488258815,0.0015631381763724,0.0016387738945839,0.1677852348993288,0.8322147651006712,0.1612903225806451,0.8387096774193549,633.1131145587977,15086,0.0419669305686595,0.009961882760682,2.095835909963973,0.0364964058663571,0.9508670374497652,683590,542076.0,29351,0.7929840986556269,0.042936555537676,54237.0,9285.0,22109.0,34636.0,2691.0,949.0,5374.0,10470.0,51546.0,8336.0,16735.0,24166.0,0.0496155760827479,0.950384423917252,0.1022078621432417,0.8977921378567583,0.2430684336695463,0.7569315663304537,0.3022866381799284,0.6977133618200716,0.0618131868131868,Delta
2,active,8,blue,24,12-24,141.0,1238.08,8.780709219858155,25176.4,18023.6,196,128.45102040816326,0.0686921591690894,0.0078230764109278,52.0,448.08,8.616923076923076,0.0248607381433232,0.002885106194101,82.0,605.4,7.382926829268293,0.0335892940367074,0.0045495905368516,390,38064.56,97.60143589743588,2.1119288044563795,0.021638296455758,4.0,17.28,4.32,0.0009587429814243,0.0002219312457,396.0,3313.56,8.367575757575757,0.183845624625491,0.0219711933243081,67.0,507.08,7.568358208955224,0.0281342240173994,0.0037173483654763,33.0,526.08,15.941818181818183,0.0291883974344748,0.0018309327770256,12.0,56.24,4.6866666666666665,0.0031203533145431,0.0006657937371002,215.0,924.48,4.299906976744186,0.0512927495062029,0.0119288044563794,31.0,74.6,2.4064516129032256,0.0041390177323065,0.0017199671541756,12.8,14.0,0.9142857142857144,10.8,12.0,0.9,0.0007101799862402,0.0007767593599502,0.0005992143633902,0.0006657937371002,0.5423728813559322,0.4576271186440678,0.5384615384615384,0.4615384615384615,431.2589608305885,17591,0.0245158865801028,0.0056368510271019,2.0524616300402436,0.0230564600791754,0.9759981357775362,629606,469595.99999999994,49009,0.7458569327484171,0.0778407448467772,95979.0,14603.0,26471.0,31093.0,14354.0,907.0,7985.0,7606.0,81625.0,13696.0,18486.0,23487.0,0.1495535481719959,0.850446451828004,0.0621105252345408,0.9378894747654593,0.3016508632087945,0.6983491367912055,0.2446209757823304,0.7553790242176696,1.6,Beta
2,active,8,green,24,12-24,235.0,1511.44,6.431659574468085,22814.76,20385.24,450,50.699466666666666,0.0741438413283336,0.011527948653045,184.0,1123.2,6.104347826086957,0.0550986890514901,0.009026138519831,176.0,1253.48,7.122045454545455,0.0614895875643357,0.0086336977146209,670,36897.52,55.07092537313432,1.810011557381713,0.0328669174363411,16.0,38.24,2.39,0.001875867048904,0.00078488161042,285.0,3931.2,13.793684210526315,0.1928454116802156,0.0139807036856078,85.0,604.76,7.1148235294117645,0.0296665626698532,0.0041696835553567,68.0,407.08,5.986470588235294,0.019969350373113,0.0033357468442853,43.0,186.8,4.344186046511628,0.0091634928016545,0.0021093693280039,278.0,1173.8,4.222302158273381,0.0575808771444437,0.013637317981049,10.0,23.56,2.356,0.0011557381713435,0.0004905510065125,4.6,5.0,0.92,13.4,15.0,0.8933333333333333,0.0002256534629957,0.0002452755032562,0.0006573383487268,0.0007358265097688,0.2555555555555555,0.7444444444444445,0.25,0.75,893.5531188489852,19788,0.045156312858752,0.0126612462241681,2.01207636863683,0.040502691105303,0.970702331687044,570819,455837.3333333333,20880,0.7985672048991594,0.0365790206703,113769.0,14958.0,59777.0,38021.0,22210.0,848.0,14204.0,6433.0,91559.0,14110.0,45573.0,31588.0,0.1952201390536965,0.8047798609463035,0.0566920711325043,0.9433079288674956,0.2376164745637954,0.7623835254362046,0.1691959706477999,0.8308040293522001,0.7727272727272728,Delta
2,active,8,red,24,12-24,234.0,1640.96,7.012649572649573,24635.0,18565.0,216,114.05092592592592,0.0883899811473202,0.0126043630487476,171.0,737.0,4.309941520467836,0.0396983571236197,0.0092108806894694,409.0,1827.92,4.469242053789731,0.0984605440344734,0.0220307029356315,671,36943.16,55.05687034277199,1.9899359008887696,0.0361432803662806,36.0,71.08,1.9744444444444444,0.0038287099380554,0.0019391327767304,346.0,2897.64,8.374682080924854,0.1560807971990304,0.0186372205763533,105.0,430.64,4.101333333333333,0.0231963371936439,0.0056558039321303,58.0,287.52,4.957241379310345,0.0154872071101535,0.00312415836251,39.0,138.8,3.558974358974359,0.0074764341502827,0.0021007271747912,292.0,1288.16,4.411506849315069,0.0693864799353622,0.0157285214112577,11.0,28.08,2.5527272727272727,0.0015125235658497,0.0005925127928898,22.0,25.0,0.88,12.0,13.0,0.9230769230769232,0.0011850255857796,0.0013466199838405,0.0006463775922434,0.000700242391597,0.6470588235294118,0.3529411764705882,0.6578947368421053,0.3421052631578947,891.6048537168081,18104,0.04924905290084,0.0154382013608448,2.006223454530659,0.0450791026872316,0.97516832749798,616091,480193.6666666666,31848,0.779420031564601,0.0516936621375738,83658.0,10755.0,64703.0,41258.0,11046.0,308.0,17292.0,9544.0,72612.0,10447.0,47411.0,31714.0,0.1320375815821559,0.867962418417844,0.0286378428637842,0.9713621571362158,0.26725190485758,0.73274809514242,0.2313248339715934,0.7686751660284066,2.3022727272727277,Alpha
2,active,8,yellow,24,12-24,165.0,1482.04,8.982060606060605,24464.12,18735.88,211,115.94369668246443,0.0791017021885281,0.0088066319809904,102.0,674.04,6.608235294117646,0.0359758922452534,0.0054440997700668,141.0,1006.36,7.137304964539007,0.0537129827902399,0.00752566732921,438,38404.8,87.68219178082192,2.049799635779051,0.0233776048949929,28.0,65.56,2.3414285714285716,0.0034991684404468,0.0014944587604105,183.0,1868.04,10.207868852459017,0.09970388367133,0.0097673554698258,161.0,2255.32,14.008198757763976,0.1203743832688937,0.0085931378723604,50.0,292.48,5.849600000000001,0.0156106892230308,0.0026686763578759,57.0,306.64,5.379649122807018,0.0163664583675813,0.0030422910479785,241.0,1023.4,4.246473029045643,0.054622467693004,0.0128630200449618,10.0,22.84,2.284,0.0012190513602777,0.0005337352715751,7.2,8.0,0.9,10.4,12.0,0.8666666666666667,0.0003842893955341,0.0004269882172601,0.0005550846824381,0.0006404823258902,0.409090909090909,0.5909090909090908,0.4,0.6,576.2496597259371,18299,0.0314907732513217,0.0088449340153357,2.0816178876999127,0.0294325060284325,0.9766821734554234,611814,457582.3333333333,57486,0.7479108574392435,0.0939599289980288,103428.0,15085.0,42253.0,37216.0,23153.0,1389.0,10883.0,8357.0,80275.0,13696.0,31370.0,28859.0,0.2238562091503268,0.7761437908496732,0.0920782234007292,0.9079217765992708,0.25756750999929,0.74243249000071,0.2245539552880481,0.7754460447119519,1.3249999999999995,Gamma
2,inactive,1,blue,12,0-12,70.0,805.24,11.503428571428572,34814.96,8385.04,157,221.75133757961785,0.0960329348458683,0.0083482010819268,31.0,146.96,4.740645161290323,0.0175264518714281,0.003697060479139,23.0,147.92,6.431304347826086,0.017640941486266,0.0027429803554902,287,40486.56,141.06815331010452,4.828427771364239,0.0342276244359001,4.0,7.04,1.76,0.0008395905088109,0.0004770400618243,128.0,1604.48,12.535,0.1913503095990001,0.0152652819783805,13.0,78.84,6.064615384615385,0.0094024596185587,0.0015503802009292,13.0,102.96,7.92,0.0122790111913598,0.0015503802009292,9.0,81.12,9.013333333333334,0.0096743724537986,0.0010733401391048,120.0,540.12,4.501,0.0644147195481476,0.0143112018547317,7.0,18.12,2.5885714285714285,0.0021609914800644,0.0008348201081926,0.8,1.0,0.8,2.8,3.0,0.9333333333333332,9.54080123648784e-05,0.000119260015456,0.000333928043277,0.0003577800463682,0.2222222222222222,0.7777777777777778,0.25,0.75,258.8819497731834,8229,0.0314597095361749,0.0088519708564267,2.018575096917729,0.0274580397441368,0.9813906671882304,870531,749218.0,35382,0.8606448248253078,0.0406441585652894,42224.0,4624.0,7426.0,20201.0,611.0,86.0,345.0,6025.0,41613.0,4538.0,7081.0,14176.0,0.0144704433497536,0.9855295566502464,0.018598615916955,0.981401384083045,0.0464583894424993,0.9535416105575006,0.2982525617543686,0.7017474382456313,0.4999999999999998,Delta
2,inactive,1,green,12,0-12,76.0,559.24,7.358421052631579,34724.92,8475.080000000002,664,52.296566265060235,0.0659863977685166,0.008967466973763,39.0,118.88,3.048205128205128,0.0140270062347494,0.0046017264733784,61.0,241.72,3.962622950819672,0.0285212646960264,0.0071975721763098,186,41854.6,225.0247311827957,4.938549252632423,0.0219466954884201,,,,,,131.0,774.2,5.909923664122138,0.0913501701458865,0.0154570812310916,5.0,7.48,1.496,0.0008825875389966,0.0005899649324844,16.0,77.84,4.865,0.0091845740689173,0.0018878877839501,11.0,78.72,7.156363636363636,0.0092884078970345,0.0012979228514657,87.0,415.32,4.773793103448276,0.0490048471518852,0.0102653898252287,4.0,8.24,2.06,0.0009722622087343,0.0004719719459875,,,,,,,,,,,,,,,507.7545989232907,7892,0.0643378863308782,0.0151302887717716,2.051262314152809,0.0592325679235858,0.9312006494333976,868787,760970.6666666666,17665,0.8759001535090496,0.0203329469708916,19678.0,3941.0,9115.0,14057.0,871.0,459.0,3071.0,4593.0,18807.0,3482.0,6044.0,9464.0,0.0442626283158857,0.9557373716841142,0.1164679015478305,0.8835320984521695,0.3369171695008228,0.6630828304991772,0.3267411254179412,0.6732588745820588,1.5,Gamma
2,inactive,1,red,12,0-12,93.0,994.84,10.697204301075269,32722.88,10477.12,207,158.0815458937198,0.094953575028252,0.0088764851409547,39.0,166.44,4.2676923076923075,0.0158860450200054,0.0037223969945939,45.0,277.32,6.1626666666666665,0.0264691060138664,0.0042950734553006,309,39305.08,127.20090614886732,3.751515683699337,0.029492837726398,15.0,57.64,3.8426666666666662,0.0055015118658562,0.0014316911517668,155.0,1954.8,12.611612903225806,0.1865779908982621,0.0147941419015912,21.0,111.2,5.295238095238095,0.0106136037384319,0.0020043676124736,7.0,77.8,11.114285714285714,0.0074257047738309,0.0006681225374912,17.0,116.28,6.84,0.0110984698084969,0.0016225833053358,168.0,880.08,5.238571428571428,0.0840001832564674,0.0160349408997892,18.0,47.96,2.6644444444444444,0.0045775938425826,0.0017180293821202,2.0,2.0,1.0,0.8,1.0,0.8,0.0001908921535689,0.0001908921535689,7.635686142756788e-05,9.544607678445983e-05,0.7142857142857143,0.2857142857142857,0.6666666666666666,0.3333333333333333,321.4634251524957,10274,0.0312890232774475,0.0066360509458738,2.032366996694991,0.0280051860829197,0.9806129928835404,818279,727098.0,21059,0.8885697909881592,0.0257357209460343,51826.0,4876.0,11178.0,24964.0,2318.0,86.0,594.0,2433.0,49508.0,4790.0,10584.0,22531.0,0.0447265851117199,0.95527341488828,0.0176374077112387,0.9823625922887612,0.0531400966183574,0.9468599033816424,0.097460342893767,0.902539657106233,1.7499999999999996,Beta
2,inactive,1,yellow,12,0-12,90.0,515.12,5.7235555555555555,33550.68,9649.32,340,98.6784705882353,0.0533840726600423,0.0093270821156309,32.0,127.36,3.98,0.013198857536075,0.0033162958633354,47.0,161.52,3.4365957446808513,0.0167390033701856,0.0048708095492739,191,41763.12,218.65507853403145,4.328089440499435,0.0197941409342834,,,,,,133.0,978.72,7.358796992481203,0.1014289089801146,0.0137833546819879,13.0,35.64,2.7415384615384615,0.0036935245177898,0.00134724519448,10.0,109.96,10.996,0.0113956216603864,0.0010363424572923,16.0,114.16,7.135,0.0118308854924492,0.0016581479316677,110.0,507.56,4.614181818181819,0.0526005977623293,0.0113997670302156,,,,,,0.8,1.0,0.8,0.0,0.0,0.0,8.290739658338619e-05,0.0001036342457292,0.0,0.0,1.0,0.0,1.0,0.0,381.43523865772465,9324,0.0409089702550112,0.0087221531617842,2.121345575686167,0.0390763988969291,0.966285707179366,839107,747648.6666666666,14730,0.8910051598504918,0.0175543762595235,25505.0,5629.0,7301.0,12968.0,1846.0,459.0,3250.0,4354.0,23659.0,5170.0,4051.0,8614.0,0.0723779651048814,0.9276220348951186,0.0815420145674187,0.9184579854325812,0.4451445007533214,0.5548554992466785,0.3357495373226403,0.6642504626773597,2.25,Alpha
2,inactive,2,blue,12,0-12,16.0,137.12,8.57,38827.44,4372.559999999998,161,241.1642236024845,0.0313592037616407,0.0036591836361307,4.0,26.56,6.64,0.006074244835977,0.0009147959090326,3.0,13.52,4.506666666666667,0.0030920101725305,0.0006860969317745,55,41381.72,752.3949090909091,9.463957041184116,0.0125784437491995,1.0,1.2,1.2,0.0002744387727098,0.0002286989772581,42.0,702.36,16.722857142857144,0.1606290136670509,0.0096053570448433,36.0,478.84,13.30111111111111,0.1095102182703039,0.0082331631812942,5.0,41.56,8.312000000000001,0.0095047294948497,0.0011434948862908,4.0,44.6,11.15,0.0101999743857145,0.0009147959090326,63.0,296.12,4.700317460317461,0.0677223411456904,0.0144080355672649,4.0,9.68,2.42,0.0022138060998591,0.0009147959090326,0.8,1.0,0.8,2.0,2.0,1.0,0.0001829591818065,0.0002286989772581,0.0004573979545163,0.0004573979545163,0.2857142857142857,0.7142857142857143,0.3333333333333333,0.6666666666666666,61.95041926916813,2734,0.0226592608885033,0.0043402253562043,2.106535475189195,0.019165557216494,0.6252630038238473,970847,912049.0,561,0.9394363890499738,0.0005778459427695,29608.0,2163.0,1009.0,3444.0,6872.0,163.0,0.0,1114.0,22736.0,2000.0,1009.0,2330.0,0.2320994325857876,0.7679005674142124,0.0753582986592695,0.9246417013407304,0.0,1.0,0.3234610917537747,0.6765389082462253,1.75,Beta
2,inactive,2,green,12,0-12,73.0,757.88,10.381917808219178,35278.8,7921.199999999997,156,226.14615384615385,0.0956774226127354,0.0092157753875675,26.0,124.84,4.8015384615384615,0.015760238347725,0.0032823309599555,8.0,26.36,3.295,0.0033277786194011,0.0010099479876786,156,39366.32,252.3482051282051,4.96974195828915,0.0196939857597333,6.0,9.96,1.66,0.0012573852446599,0.0007574609907589,119.0,993.56,8.349243697478991,0.125430490329748,0.0150229763167196,47.0,384.32,8.177021276595745,0.0485179013280816,0.0059334444276119,19.0,119.28,6.277894736842105,0.0150583244962884,0.0023986264707367,6.0,46.12,7.686666666666667,0.0058223501489673,0.0007574609907589,125.0,601.16,4.809279999999999,0.075892541534111,0.0157804373074786,10.0,24.08,2.408,0.0030399434429126,0.0012624349845982,2.0,2.0,1.0,0.0,0.0,0.0,0.0002524869969196,0.0002524869969196,0.0,0.0,1.0,0.0,1.0,0.0,190.1766723297815,6297,0.0302011548880072,0.0063829263554332,1.9984476078293123,0.027435036135852,0.7949553098015455,882126,865365.6666666666,0,0.981000068773244,0.0,34613.0,4160.0,3814.0,19020.0,7579.0,56.0,113.0,1282.0,27034.0,4104.0,3701.0,17738.0,0.2189639730737006,0.7810360269262994,0.0134615384615384,0.9865384615384616,0.029627687467226,0.970372312532774,0.0674027339642481,0.932597266035752,2.0,Alpha
2,inactive,2,red,12,0-12,11.0,364.28,33.11636363636364,38821.16,4378.8399999999965,123,315.6191869918699,0.08319098208658,0.0025120808250586,4.0,14.72,3.68,0.0033616208858967,0.0009134839363849,4.0,14.36,3.59,0.003279407331622,0.0009134839363849,61,41133.76,674.3239344262296,9.393757250778751,0.0139306300298709,2.0,9.08,4.54,0.0020736085355939,0.0004567419681924,79.0,1133.12,14.343291139240504,0.2587717294991369,0.0180413077436033,6.0,24.16,4.026666666666666,0.0055174429757652,0.0013702259045774,12.0,92.64,7.72,0.0211562879666761,0.0027404518091549,,,,,,65.0,256.08,3.939692307692307,0.0584812416073663,0.0148441139662559,9.0,24.96,2.7733333333333334,0.0057001397630422,0.0020553388568662,0.0,0.0,0.0,0.8,1.0,0.8,0.0,0.0,0.0001826967872769,0.0002283709840962,0.0,1.0,0.0,1.0,61.80857095124778,2773,0.0222894233506122,0.0030371490963938,2.1174337228546873,0.0185199786968497,0.633272738898887,970652,916990.6666666666,666,0.9447161976348544,0.0006861367410771,29017.0,2328.0,735.0,9118.0,3549.0,163.0,113.0,750.0,25468.0,2165.0,622.0,8368.0,0.1223076127787159,0.8776923872212841,0.0700171821305842,0.9299828178694158,0.1537414965986394,0.8462585034013606,0.0822548804562404,0.9177451195437596,1.5,Gamma
2,inactive,2,yellow,12,0-12,,,,41060.72,2139.279999999999,110,373.2792727272727,,,,,,,,,,,,,16,41717.44,2607.34,19.50069182154745,0.0074791518641786,,,,,,40.0,135.4,3.385,0.0632923226506114,0.0186978796604465,,,,,,2.0,14.16,7.08,0.006619049399798,0.0009348939830223,,,,,,5.0,14.6,2.92,0.0068247260760629,0.0023372349575558,,,,,,,,,,,,,,,,,,,,10.633155835782974,557,0.0190900463838114,0.0044028310935237,2.0612011078275714,0.0139175479670258,0.2603679742717177,1026628,930288.6666666666,25939,0.9061594527586104,0.0252662113248421,3425.0,356.0,0.0,0.0,160.0,56.0,0.0,0.0,3265.0,300.0,0.0,0.0,0.0467153284671532,0.9532846715328468,0.1573033707865168,0.8426966292134831,0.0,0.0,0.0,0.0,1.5,Delta
2,inactive,3,blue,12,0-12,127.0,970.32,7.640314960629921,28674.92,14525.080000000002,138,207.7892753623188,0.0668030744064748,0.0087434974540587,52.0,402.08,7.732307692307692,0.0276817752466767,0.0035800147055988,41.0,226.4,5.521951219512196,0.0155868332566842,0.0028227039024914,311,35684.6,114.74147909967846,2.456757553142564,0.021411241796947,13.0,74.84,5.756923076923077,0.0051524673185965,0.0008950036763997,92.0,1102.12,11.979565217391302,0.075877034756435,0.0063338721714441,63.0,1205.68,19.137777777777774,0.0830067717355085,0.0043373255087063,20.0,157.32,7.866,0.0108309214131694,0.0013769287329226,14.0,85.84,6.131428571428572,0.0059097781217039,0.0009638501130458,151.0,870.04,5.7618543046357615,0.0598991537396007,0.0103958119335659,16.0,44.2,2.7625,0.003043012499759,0.0011015429863381,5.8,7.0,0.8285714285714285,6.2,6.0,1.0333333333333334,0.0003993093325475,0.0004819250565229,0.000426847907206,0.0004130786198767,0.4833333333333333,0.5166666666666667,0.5384615384615384,0.4615384615384615,348.81951463328824,10930,0.0319139537633383,0.0073009924529314,2.091236818722405,0.0285239750114229,0.7524915525422234,717011,668451.6666666666,2844,0.932275330039102,0.0039664663443099,57850.0,6113.0,15805.0,24385.0,9625.0,36.0,1025.0,3601.0,48225.0,6077.0,14780.0,20784.0,0.1663785652549697,0.8336214347450303,0.0058890888270898,0.9941109111729102,0.0648528946535906,0.9351471053464092,0.1476727496411728,0.8523272503588272,2.1500000000000004,Beta
2,inactive,3,green,12,0-12,80.0,799.92,9.999,29179.48,14020.52,272,107.2775,0.0570535186997343,0.0057059224622196,44.0,174.64,3.969090909090909,0.0124560287350255,0.0031382573542208,51.0,257.12,5.041568627450981,0.0183388347935739,0.003637525569665,231,37647.92,162.97800865800866,2.68520140479811,0.0164758511096592,15.0,54.28,3.618666666666667,0.003871468390616,0.0010698604616661,198.0,755.88,3.8175757575757574,0.0539124083842824,0.0141221580939936,141.0,1324.4,9.39290780141844,0.0944615463620464,0.0100566883396621,18.0,135.32,7.517777777777777,0.0096515678448445,0.0012838325539994,19.0,111.52,5.869473684210526,0.0079540559123342,0.0013551565847771,131.0,509.72,3.890992366412214,0.0363552849680325,0.0093434480318846,7.0,21.76,3.108571428571429,0.0015520109097237,0.0004992682154442,5.8,7.0,0.8285714285714285,3.4,4.0,0.85,0.0004136793785109,0.0004992682154442,0.0002425017046443,0.0002852961231109,0.6304347826086957,0.3695652173913044,0.6363636363636364,0.3636363636363636,608.0046012993389,10298,0.0590410372207553,0.0112797086027255,2.1241870493512,0.0558110244616185,0.7344948689492258,729759,685724.0,414,0.9396581611189448,0.0005673105778757,52346.0,6208.0,10889.0,20078.0,8144.0,299.0,1156.0,4000.0,44202.0,5909.0,9733.0,16078.0,0.155580178046078,0.844419821953922,0.0481636597938144,0.9518363402061856,0.1061621820185508,0.8938378179814491,0.199223030182289,0.800776969817711,2.475,Alpha
2,inactive,3,red,12,0-12,25.0,488.04,19.5216,36632.16,6567.8399999999965,114,321.3347368421053,0.0743075348973178,0.0038064264659309,16.0,58.24,3.64,0.0088674510950327,0.0024361129381958,8.0,36.8,4.6,0.0056030597578503,0.0012180564690979,84,38834.16,462.3114285714286,5.912774976247903,0.012789592925528,1.0,1.76,1.76,0.0002679724232015,0.0001522570586372,77.0,359.28,4.665974025974026,0.054702916027187,0.0117237935150673,11.0,403.6,36.690909090909095,0.0614509488659894,0.0016748276450096,6.0,69.8,11.633333333333333,0.0106275426928792,0.0009135423518234,2.0,2.32,1.16,0.0003532363760383,0.0003045141172744,56.0,223.16,3.985,0.0339776852054861,0.0085263952836853,2.0,6.32,3.16,0.0009622646105873,0.0003045141172744,5.4,5.0,1.08,4.0,5.0,0.8,0.000822188116641,0.0007612852931861,0.0006090282345489,0.0007612852931861,0.574468085106383,0.425531914893617,0.5,0.5,99.23726326404253,2987,0.0332230543234156,0.0045502258059627,2.0384819606330336,0.0278507793789136,0.4547918341494314,915918,710105.0,114550,0.7752932031033346,0.1250657809978622,19160.0,1811.0,2400.0,12226.0,2226.0,0.0,322.0,1226.0,16934.0,1811.0,2078.0,11000.0,0.1161795407098121,0.8838204592901879,0.0,1.0,0.1341666666666666,0.8658333333333333,0.1002780958612792,0.8997219041387208,1.3749999999999996,Gamma
2,inactive,3,yellow,12,0-12,35.0,206.4,5.897142857142858,31318.32,11881.68,285,109.88884210526317,0.0173712808289736,0.0029457113808821,17.0,72.64,4.272941176470589,0.0061136135630651,0.0014307740992856,8.0,30.72,3.84,0.0025854929605914,0.0006733054584873,162,38675.16,238.7355555555556,3.2550245419839623,0.0136344355343688,,,,,,155.0,722.48,4.661161290322581,0.0608062159559927,0.0130452932581924,105.0,419.28,3.993142857142857,0.0352879390793221,0.0088371341426464,15.0,137.4,9.16,0.0115640212495202,0.0012624477346637,3.0,4.2,1.4,0.0003534853657058,0.0002524895469327,72.0,246.64,3.4255555555555555,0.020758007285165,0.0060597491263861,,,,,,0.0,0.0,0.0,3.4,4.0,0.85,0.0,0.0,0.0002861548198571,0.0003366527292436,0.0,1.0,0.0,1.0,304.38921517769694,8143,0.0373804758906664,0.0077555741697944,2.223727904487334,0.0345944247178252,0.6853407935578134,783243,708450.0,6332,0.9045085624767792,0.0080843365341279,28804.0,3558.0,2609.0,5195.0,6069.0,335.0,381.0,1214.0,22735.0,3223.0,2228.0,3981.0,0.2106999027912789,0.789300097208721,0.0941540191118606,0.9058459808881394,0.1460329628210042,0.8539670371789958,0.2336862367661212,0.7663137632338787,0.0,Delta
2,inactive,4,blue,12,0-12,22.0,250.16,11.370909090909093,37608.4,5591.5999999999985,99,379.8828282828283,0.0447385363759925,0.0039344731382788,18.0,126.6,7.033333333333333,0.0226411045139137,0.0032191143858645,6.0,34.2,5.7,0.0061163173331425,0.0010730381286215,126,40626.08,322.42920634920637,7.265555476071252,0.0225338007010515,7.0,17.36,2.48,0.0031046569854782,0.001251877816725,42.0,405.96,9.665714285714284,0.0726017597825309,0.0075112669003505,24.0,384.08,16.003333333333334,0.0686887474068245,0.004292152514486,13.0,96.8,7.446153846153846,0.0173116818084269,0.0023249159453465,9.0,53.8,5.977777777777778,0.0096215752199728,0.0016095571929322,59.0,238.92,4.049491525423728,0.0427283782817082,0.0105515415981114,5.0,12.16,2.432,0.0021746906073395,0.0008941984405179,,,,,,,,,,,,,,,108.10012989565963,4052,0.0266782156702022,0.0066264214430206,2.0813790168067356,0.0254942457818069,0.7246584161957224,940309,878494.6666666666,4657,0.9342616806461138,0.0049526272746512,19817.0,3787.0,4044.0,6276.0,1929.0,100.0,120.0,579.0,17888.0,3687.0,3924.0,5697.0,0.0973406671040016,0.9026593328959984,0.0264061262212833,0.9735938737787166,0.029673590504451,0.9703264094955488,0.0922562141491395,0.9077437858508604,,
2,inactive,4,green,12,0-12,56.0,360.44,6.436428571428571,35433.48,7766.519999999997,276,128.3821739130435,0.0464094600928086,0.0072104365919356,30.0,110.8,3.693333333333334,0.0142663638283298,0.0038627338885369,25.0,134.52,5.380800000000001,0.0173204987561996,0.0032189449071141,163,40258.04,246.9818404907975,5.183536513135873,0.0209875207943841,7.0,10.48,1.497142857142857,0.0013493817050622,0.0009013045739919,110.0,895.8,8.143636363636363,0.1153412339117134,0.0141633575913021,30.0,273.24,9.108,0.0351817802567945,0.0038627338885369,19.0,68.52,3.606315789473684,0.0088224842014184,0.0024463981294067,23.0,89.96,3.9113043478260865,0.0115830513537594,0.0029614293145449,100.0,493.48,4.9348,0.0635393973105071,0.0128757796284565,7.0,16.44,2.3485714285714288,0.0021167781709182,0.0009013045739919,,,,,,,,,,,,,,,245.0004452932636,6084,0.0402696326912004,0.0087798402255048,2.0188738842070717,0.0365225635244492,0.7833624325952939,886113,851506.0,1513,0.960945161621599,0.0017074571753263,29366.0,4004.0,6188.0,9067.0,1763.0,189.0,891.0,765.0,27603.0,3815.0,5297.0,8302.0,0.0600354151059047,0.9399645848940952,0.0472027972027972,0.9527972027972028,0.1439883645765998,0.8560116354234001,0.0843718980919819,0.915628101908018,,
2,inactive,4,red,12,0-12,5.0,58.96,11.792,39230.32,3969.68,115,341.13321739130436,0.0148525825759255,0.0012595473690574,2.0,22.24,11.12,0.0056024666975675,0.0005038189476229,1.0,16.08,16.08,0.0040507043388887,0.0002519094738114,57,41476.64,727.660350877193,10.448358557868644,0.0143588400072549,,,,,,65.0,941.8,14.489230769230767,0.2372483424356623,0.0163741157977469,2.0,6.36,3.18,0.001602144253441,0.0005038189476229,12.0,44.84,3.736666666666667,0.0112956208057072,0.0030229136857378,5.0,55.2,11.04,0.0139054029543943,0.0012595473690574,37.0,144.2,3.897297297297297,0.036325346123617,0.0093206505310251,1.0,2.52,2.52,0.0006348118740049,0.0002519094738114,,,,,,,,,,,,,,,62.921721827851655,2410,0.0261085982688181,0.0072757594776294,2.064904015684142,0.0226616961431485,0.6071018318856936,980873,902514.6666666666,2115,0.9201136810439952,0.0021562424493283,23771.0,2518.0,961.0,1479.0,845.0,155.0,0.0,190.0,22926.0,2363.0,961.0,1289.0,0.0355475158806949,0.9644524841193052,0.0615567911040508,0.9384432088959492,0.0,1.0,0.1284651791751183,0.8715348208248817,,
2,inactive,4,yellow,12,0-12,10.0,95.0,9.5,39643.32,3556.6800000000003,133,298.0700751879699,0.0267103028667183,0.0028116108280756,8.0,42.16,5.27,0.0118537512511668,0.0022492886624604,9.0,42.56,4.728888888888889,0.0119662156842898,0.002530449745268,40,41627.36,1040.684,11.7039936120202,0.0112464433123024,1.0,1.92,1.92,0.0005398292789905,0.0002811610828075,63.0,485.08,7.69968253968254,0.1363856180482922,0.0177131482168764,9.0,34.0,3.7777777777777777,0.0095594768154571,0.002530449745268,5.0,28.52,5.704,0.0080187140816716,0.0014058054140378,13.0,44.2,3.4000000000000004,0.0124273198600942,0.0036550940764983,10.0,29.16,2.916,0.0081986571746685,0.0028116108280756,1.0,2.56,2.56,0.0007197723719873,0.0002811610828075,,,,,,,,,,,,,,,95.33538279027712,2002,0.0476200713238147,0.0082946792624229,2.158484539471091,0.0458360957482454,0.5628844877807393,991216,903181.3333333333,14301,0.911185183989497,0.0144277332085034,13049.0,1836.0,2135.0,2385.0,1747.0,110.0,771.0,376.0,11302.0,1726.0,1364.0,2009.0,0.133879990803893,0.866120009196107,0.059912854030501,0.9400871459694988,0.3611241217798595,0.6388758782201405,0.1576519916142557,0.8423480083857442,,
2,inactive,5,blue,12,0-12,64.0,890.6,13.915625,30816.88,12383.12,111,277.62954954954955,0.0719204853058033,0.0051683259146321,49.0,245.72,5.014693877551021,0.0198431413084909,0.0039569995283902,31.0,113.44,3.6593548387096777,0.0091608576836855,0.0025034078648999,222,38233.44,172.22270270270272,3.087544980586476,0.0179276305163803,,,,,,137.0,672.88,4.911532846715328,0.054338486584964,0.0110634476610095,204.0,1047.76,5.136078431372549,0.084611955629922,0.01647403885289,14.0,72.48,5.177142857142857,0.0058531290983209,0.0011305712938257,16.0,147.0,9.1875,0.0118709985851707,0.001292081478658,153.0,757.0,4.947712418300654,0.0611316049590087,0.0123555291396675,25.0,59.52,2.3808,0.0048065431006079,0.0020188773104031,5.2,6.0,0.8666666666666667,4.8,5.0,0.96,0.0004199264805638,0.0004845305544967,0.0003876244435974,0.0004037754620806,0.52,0.48,0.5454545454545454,0.4545454545454545,237.23594087519967,9704,0.0244472321594393,0.0053965754230568,2.144347632295276,0.0214807863339368,0.7836474168061037,770533,689063.3333333333,22007,0.8942684263144255,0.0285607495071593,43357.0,5517.0,9059.0,22329.0,8701.0,403.0,1298.0,6352.0,34656.0,5114.0,7761.0,15977.0,0.2006827040616279,0.7993172959383721,0.0730469458038789,0.9269530541961212,0.1432829230599404,0.8567170769400596,0.2844731067221998,0.7155268932778002,2.678571428571429,Alpha
2,inactive,5,green,12,0-12,152.0,1212.52,7.9771052631578945,29745.64,13454.36,453,65.66366445916114,0.0901209719377213,0.011297453018947,49.0,193.24,3.9436734693877553,0.0143626304038244,0.0036419420916342,43.0,164.4,3.8232558139534887,0.0122190873441769,0.003195989998781,200,39087.32,195.4366,2.9051786930036063,0.0148650697617723,,,,,,52.0,138.76,2.668461538461538,0.0103133854007176,0.0038649181380608,274.0,1630.4,5.95036496350365,0.1211800486979685,0.0203651455736281,9.0,23.68,2.631111111111111,0.0017600242597938,0.0006689281392797,23.0,144.28,6.2730434782608695,0.0107236613261426,0.0017094830226038,132.0,533.48,4.041515151515152,0.0396510870825516,0.0098109460427697,5.0,10.88,2.176,0.0008086597950404,0.0003716267440443,3.0,3.0,1.0,4.0,4.0,1.0,0.0002229760464265,0.0002229760464265,0.0002973013952354,0.0002973013952354,0.4285714285714285,0.5714285714285714,0.4285714285714285,0.5714285714285714,602.3698380695129,10448,0.0576540809790881,0.0105523397736872,2.1964744261066658,0.0542396829130215,0.7765512443549897,744094,678793.0,27499,0.9122409265496026,0.0369563522888237,44555.0,4231.0,9033.0,30465.0,3189.0,894.0,3619.0,12612.0,41366.0,3337.0,5414.0,17853.0,0.0715744585343956,0.9284255414656044,0.2112975655873316,0.7887024344126684,0.4006420901140263,0.5993579098859737,0.4139832594780896,0.5860167405219104,0.9,Gamma
2,inactive,5,red,12,0-12,67.0,899.28,13.422089552238806,32509.8,10690.2,110,295.5436363636364,0.0841219060447886,0.0062674224991113,48.0,506.2,10.545833333333333,0.0473517801350769,0.0044900937307066,33.0,150.32,4.555151515151515,0.0140614768666629,0.0030869394398608,220,37857.84,172.0810909090909,3.541359375876971,0.0205795962657387,1.0,4.0,4.0,0.0003741744775588,9.354361938972142e-05,142.0,924.52,6.510704225352113,0.0864829469981852,0.0132831939533404,59.0,409.92,6.947796610169492,0.0383454004602346,0.0055190735439935,19.0,139.88,7.362105263157894,0.0130848814802342,0.0017773287684047,9.0,58.36,6.484444444444445,0.0054592056275841,0.0008418925745074,167.0,687.4,4.116167664670659,0.0643018839684945,0.0156217844380834,20.0,55.08,2.754,0.0051523825559858,0.0018708723877944,6.8,7.0,0.9714285714285714,4.6,5.0,0.92,0.0006360966118501,0.000654805335728,0.0004303006491927,0.0004677180969486,0.5964912280701755,0.4035087719298246,0.5833333333333334,0.4166666666666667,230.17054899145617,8011,0.0287318123819068,0.0064952111499775,2.0684833105787255,0.0252522582375509,0.7493779349310583,812855,702033.0,40531,0.8636632609752046,0.0498625216059444,33562.0,4984.0,16494.0,22549.0,8745.0,265.0,1264.0,10320.0,24817.0,4719.0,15230.0,12229.0,0.260562540968953,0.7394374590310471,0.0531701444622792,0.9468298555377208,0.0766339274887838,0.9233660725112162,0.4576699631912723,0.5423300368087277,1.6714285714285717,Beta
2,inactive,5,yellow,12,0-12,130.0,1131.12,8.700923076923075,30222.68,12977.32,364,83.02934065934066,0.0871612937031682,0.0100174766438679,45.0,201.92,4.487111111111111,0.0155594529533062,0.0034675880690312,44.0,181.88,4.133636363636364,0.0140152203998976,0.003390530556386,222,39260.8,176.85045045045047,3.0253395924582276,0.0171067678072205,,,,,,98.0,319.76,3.262857142857143,0.0246399102434092,0.0075516362392235,154.0,443.2,2.877922077922078,0.034151889604325,0.0118668569473512,11.0,64.24,5.84,0.0049501746123236,0.0008476326390965,18.0,126.56,7.0311111111111115,0.0097523988003686,0.0013870352276124,69.0,230.56,3.341449275362319,0.0177663801154629,0.0053169683725145,1.0,2.24,2.24,0.0001726088283251,7.705751264513782e-05,0.0,0.0,0.0,1.6,2.0,0.8,0.0,0.0,0.0001232920202322,0.0001541150252902,0.0,1.0,0.0,1.0,366.7886617231854,10057,0.0364709815773277,0.0079503053906454,2.2305049886611745,0.0348394131200665,0.7749674046721511,755931,688720.6666666666,22494,0.9110893278178388,0.0297566841418065,19326.0,4799.0,9684.0,28408.0,3478.0,944.0,3771.0,14479.0,15848.0,3855.0,5913.0,13929.0,0.179964814239884,0.8200351857601159,0.1967076474265472,0.8032923525734528,0.3894052044609665,0.6105947955390335,0.5096803717262743,0.4903196282737257,0.75,Delta
2,inactive,6,blue,12,0-12,53.0,504.44,9.517735849056605,32740.56,10459.44,162,202.10222222222225,0.0482282034219805,0.0050671928898679,78.0,372.88,4.78051282051282,0.0356500921655461,0.0074573782152772,43.0,127.68,2.9693023255813955,0.0122071544939308,0.0041111187597041,238,38955.04,163.6766386554622,3.7243905983494336,0.0227545642978974,35.0,102.2,2.92,0.0097710776102735,0.0033462594555731,63.0,983.96,15.6184126984127,0.0940738701115929,0.0060232670200316,62.0,1065.48,17.18516129032258,0.1018677864206879,0.0059276596070152,22.0,110.12,5.005454545454546,0.0105282883213632,0.0021033630863602,28.0,118.28,4.224285714285714,0.0113084448115769,0.0026770075644585,94.0,355.52,3.782127659574468,0.0339903474755818,0.0089870968235393,6.0,14.28,2.38,0.0013652738578738,0.0005736444780982,0.0,0.0,0.0,2.2,2.0,1.1,0.0,0.0,0.000210336308636,0.0001912148260327,0.0,1.0,0.0,1.0,312.1476022167557,8220,0.0379741608536199,0.0088664911842514,2.040230684652784,0.0337869967063688,0.7858929349946077,818676,703701.0,24054,0.8595598258651774,0.0293815868548729,51361.0,5760.0,12635.0,12664.0,7463.0,268.0,1081.0,1561.0,43898.0,5492.0,11554.0,11103.0,0.1453048032553883,0.8546951967446117,0.0465277777777777,0.9534722222222224,0.0855559952512861,0.914444004748714,0.1232627921667719,0.8767372078332281,0.75,Delta
2,inactive,6,green,12,0-12,91.0,595.84,6.547692307692308,29035.12,14164.88,266,109.1545864661654,0.0420645992059233,0.0064243396343632,75.0,391.12,5.214933333333334,0.0276119529427711,0.0052947854129367,19.0,90.12,4.743157894736842,0.0063622141521848,0.0013413456379439,320,37788.72,118.08975,2.667775512394034,0.0225910844285302,14.0,46.92,3.351428571428571,0.0033124177543332,0.0009883599437481,107.0,1407.24,13.15177570093458,0.0993471176600154,0.0075538938557898,127.0,697.88,5.495118110236221,0.0492683312530709,0.0089658366325729,18.0,133.28,7.404444444444445,0.0094091866644828,0.0012707484991048,19.0,124.6,6.557894736842105,0.0087964034993589,0.0013413456379439,161.0,730.28,4.535900621118012,0.0515556785514596,0.0113661393531042,16.0,37.96,2.3725,0.0026798673903344,0.0011295542214265,0.8,1.0,0.8,0.8,1.0,0.8,5.647771107132571e-05,7.059713883915713e-05,5.647771107132571e-05,7.059713883915713e-05,0.5,0.5,0.5,0.5,624.2476280588113,11830,0.0527681849584794,0.0089591337111086,2.116385370111847,0.0486686239796955,0.8351641524672289,726144,676618.6666666666,2996,0.9317968153240496,0.00412590340208,52849.0,6484.0,12125.0,14987.0,11319.0,345.0,1236.0,2369.0,41530.0,6139.0,10889.0,12618.0,0.2141762379609831,0.7858237620390168,0.0532078963602714,0.9467921036397284,0.1019381443298969,0.8980618556701031,0.1580703276172683,0.8419296723827318,1.5,Gamma
2,inactive,6,red,12,0-12,57.0,602.84,10.576140350877193,30726.0,12474.0,188,163.43617021276594,0.048327721661055,0.0045695045695045,62.0,339.16,5.470322580645162,0.0271893538560205,0.0049703383036716,17.0,66.08,3.887058823529411,0.0052974186307519,0.001362834696168,261,37624.52,144.15524904214558,3.0162353695687028,0.0209235209235209,,,,,,98.0,1369.56,13.975102040816326,0.1097931697931697,0.0078563411896745,40.0,1249.6,31.24,0.1001763668430335,0.0032066698733365,17.0,165.84,9.75529411764706,0.0132948532948532,0.001362834696168,17.0,126.48,7.44,0.0101394901394901,0.001362834696168,134.0,686.76,5.125074626865672,0.055055315055315,0.0107423440756774,13.0,29.32,2.2553846153846155,0.0023504890171556,0.0010421677088343,3.0,3.0,1.0,1.8,2.0,0.9,0.0002405002405002,0.0002405002405002,0.0001443001443001,0.0001603334936668,0.625,0.375,0.6,0.4,280.80530493665805,10201,0.0275272331081911,0.0055378615225469,2.074905498950471,0.0254213557338285,0.8177809844476511,768338,672421.3333333333,33596,0.8751634480311181,0.0437255478708589,65617.0,7342.0,10210.0,15128.0,3123.0,133.0,1195.0,3534.0,62494.0,7209.0,9015.0,11594.0,0.0475943734093299,0.95240562659067,0.018114955053119,0.981885044946881,0.1170421155729676,0.8829578844270323,0.2336065573770492,0.7663934426229508,1.5,Beta
2,inactive,6,yellow,12,0-12,44.0,434.32,9.870909090909093,34031.84,9168.160000000003,412,82.60155339805824,0.0473726462016369,0.0047992181637318,3.0,8.48,2.8266666666666667,0.0009249402279192,0.0003272194202544,7.0,22.92,3.2742857142857145,0.0024999563707439,0.0007635119805937,123,40509.84,329.3482926829268,4.418535453133451,0.0134159962304322,2.0,2.28,1.14,0.0002486867593933,0.0002181462801696,68.0,292.2,4.297058823529412,0.031871171532783,0.0074169735257674,107.0,465.32,4.348785046728972,0.0507539135442662,0.0116708259890752,13.0,118.6,9.123076923076924,0.012936074414059,0.0014179508211025,12.0,94.4,7.866666666666667,0.0102965044240065,0.0013088776810177,36.0,117.92,3.2755555555555556,0.0128619046788014,0.0039266330430533,,,,,,1.0,1.0,1.0,0.0,0.0,0.0,0.0001090731400848,0.0001090731400848,0.0,0.0,1.0,0.0,1.0,0.0,289.38425875597494,6712,0.0431144604821178,0.0103154204920248,2.167865700108677,0.0411774017430445,0.7320989162492798,851208,719862.3333333333,33594,0.8456949809368959,0.0394662644148081,19113.0,5350.0,795.0,10902.0,4323.0,574.0,452.0,2527.0,14790.0,4776.0,343.0,8375.0,0.2261811332600847,0.7738188667399153,0.1072897196261682,0.8927102803738318,0.5685534591194968,0.4314465408805031,0.2317923316822601,0.7682076683177399,2.25,Alpha
2,inactive,7,blue,12,0-12,54.0,494.76,9.162222222222224,35367.04,7832.959999999999,116,304.88827586206895,0.0631638614265871,0.0068939455837895,15.0,60.24,4.016,0.007690579295694,0.0019149848843859,26.0,142.64,5.4861538461538455,0.018210229593921,0.0033193071329356,176,40671.6,231.08863636363637,5.19236661491952,0.0224691559767954,5.0,9.4,1.88,0.0012000571942152,0.0006383282947953,74.0,1738.4,23.491891891891893,0.2219339815344391,0.0094472587629708,31.0,255.88,8.254193548387097,0.0326670888144456,0.003957635427731,12.0,85.0,7.083333333333333,0.0108515810115205,0.0015319879075087,10.0,92.52,9.252,0.0118116267668927,0.0012766565895906,123.0,494.52,4.020487804878049,0.0631332216684369,0.015702876051965,15.0,38.28,2.552,0.004887041424953,0.0019149848843859,3.2,4.0,0.8,1.6,2.0,0.8,0.000408530108669,0.0005106626358362,0.0002042650543345,0.0002553313179181,0.6666666666666666,0.3333333333333333,0.6666666666666666,0.3333333333333333,218.9014215174094,7248,0.0302016310040575,0.0065287516271667,2.063819808704581,0.0261339911844431,0.9253206961353052,884292,816725.6666666666,3869,0.9235927348281638,0.0043752516137203,49962.0,4460.0,5113.0,12423.0,3024.0,28.0,31.0,2605.0,46938.0,4432.0,5082.0,9818.0,0.0605259997598174,0.9394740002401826,0.0062780269058295,0.9937219730941704,0.0060629767259925,0.9939370232740076,0.2096917008774048,0.7903082991225951,2.75,Alpha
2,inactive,7,green,12,0-12,67.0,688.6,10.277611940298508,34157.76,9042.239999999998,315,108.43733333333334,0.0761536964292034,0.0074096684007502,19.0,80.44,4.233684210526316,0.0088960257635276,0.0021012492479739,34.0,198.0,5.823529411764706,0.0218972290052022,0.0037601302332165,173,40983.64,236.89965317919075,4.5324654068018555,0.0191324273631312,12.0,51.64,4.303333333333334,0.0057109742718618,0.001327104788194,110.0,1081.84,9.83490909090909,0.1196429203383232,0.0121651272251123,44.0,572.44,13.010000000000002,0.0633073220794847,0.0048660508900449,10.0,28.0,2.8,0.0030965778391195,0.0011059206568283,31.0,239.2,7.716129032258064,0.0264536221113352,0.003428354036168,89.0,405.96,4.561348314606741,0.0448959549846055,0.0098426938457727,8.0,19.84,2.48,0.0021941465831475,0.0008847365254627,0.0,0.0,0.0,1.8,2.0,0.9,0.0,0.0,0.0001990657182291,0.0002211841313656,0.0,1.0,0.0,1.0,379.5105670792245,8302,0.0457131494915953,0.0091040499442127,2.077643703676584,0.0411913362755016,0.9181353292989348,854259,803630.3333333334,4598,0.940733821163527,0.0053824425613309,41511.0,6721.0,7014.0,17282.0,5195.0,666.0,379.0,5456.0,36316.0,6055.0,6635.0,11826.0,0.1251475512514755,0.8748524487485245,0.0990923969647373,0.9009076030352626,0.0540347875677217,0.9459652124322784,0.3157042009026733,0.6842957990973267,0.0,Delta
2,inactive,7,red,12,0-12,10.0,45.52,4.5520000000000005,38758.0,4442.0,133,291.4135338345865,0.0102476361999099,0.0022512381809995,3.0,8.36,2.786666666666666,0.0018820351193156,0.0006753714542998,8.0,58.16,7.27,0.0130932012606933,0.0018009905447996,141,41953.44,297.5421276595745,9.444718595227377,0.0317424583520936,1.0,2.0,2.0,0.0004502476361999,0.0002251238180999,50.0,633.64,12.6728,0.1426474561008554,0.0112561909049977,16.0,65.88,4.1175,0.014831157136425,0.0036019810895992,12.0,51.16,4.263333333333333,0.0115173345339936,0.0027014858171994,8.0,45.6,5.7,0.0102656461053579,0.0018009905447996,70.0,309.72,4.424571428571429,0.069725348941918,0.0157586672669968,4.0,9.0,2.25,0.0020261143628995,0.0009004952723998,3.6,4.0,0.9,1.6,2.0,0.8,0.0008104457451598,0.0009004952723998,0.0003601981089599,0.0004502476361999,0.6923076923076923,0.3076923076923077,0.6666666666666666,0.3333333333333333,157.44644369779408,3834,0.0410658434266546,0.0100840141374389,2.0289861635300657,0.0358935895089768,0.8631247185952273,969083,842986.3333333333,34266,0.8698804264787776,0.0353592003987274,17554.0,2439.0,1674.0,1148.0,2289.0,0.0,30.0,439.0,15265.0,2439.0,1644.0,709.0,0.1303976301697618,0.8696023698302381,0.0,1.0,0.017921146953405,0.982078853046595,0.382404181184669,0.617595818815331,2.4999999999999996,Beta
2,inactive,7,yellow,12,0-12,36.0,398.44,11.067777777777778,37124.96,6075.040000000001,176,210.93727272727273,0.0655863994311148,0.0059258869077405,14.0,60.88,4.348571428571429,0.0100213331928678,0.0023045115752324,4.0,10.96,2.74,0.0018041033474676,0.0006584318786378,97,42064.28,433.6523711340206,6.924115725986988,0.0159669730569675,2.0,3.16,1.58,0.0005201611841238,0.0003292159393189,90.0,1223.0,13.588888888888889,0.2013155468935183,0.0148147172693513,9.0,39.4,4.377777777777777,0.0064855540045826,0.0014814717269351,8.0,35.88,4.485,0.0059061339513813,0.0013168637572756,18.0,85.84,4.768888888888889,0.0141299481155679,0.0029629434538702,39.0,150.8,3.866666666666667,0.0248228818246464,0.0064197108167189,,,,,,0.8,1.0,0.8,2.6,3.0,0.8666666666666667,0.0001316863757275,0.0001646079696594,0.0004279807211145,0.0004938239089783,0.2352941176470588,0.7647058823529411,0.25,0.75,234.0044416122276,5431,0.0430868056733985,0.0076883741497546,2.2006403980169194,0.0400205670206231,0.8939858832205219,928300,835511.6666666666,15730,0.9000448849150777,0.0169449531401486,31659.0,3069.0,1814.0,9997.0,610.0,694.0,318.0,3750.0,31049.0,2375.0,1496.0,6247.0,0.0192678227360308,0.9807321772639692,0.2261322906484197,0.7738677093515803,0.175303197353914,0.824696802646086,0.375112533760128,0.624887466239872,0.7499999999999998,Gamma
2,inactive,8,blue,12,0-12,16.0,121.2,7.575,29847.52,13352.48,112,266.4957142857143,0.0090769654775742,0.0011982792709668,3.0,36.2,12.066666666666668,0.0027111068505625,0.0002246773633062,16.0,98.92,6.1825,0.0074083615927528,0.0011982792709668,124,35169.08,283.6216129032258,2.633898721436018,0.0092866643499934,,,,,,120.0,2063.28,17.194000000000003,0.1545241033875355,0.0089870945322516,22.0,180.32,8.196363636363635,0.0135046073837968,0.0016476339975794,10.0,178.32,17.832,0.013354822474926,0.0007489245443543,6.0,24.16,4.026666666666666,0.00180940169916,0.0004493547266125,96.0,449.56,4.682916666666666,0.0336686518159922,0.0071896756258013,18.0,42.84,2.3800000000000003,0.0032083927480138,0.0013480641798377,3.2,4.0,0.8,3.6,4.0,0.9,0.0002396558541933,0.0002995698177417,0.0002696128359675,0.0002995698177417,0.4705882352941176,0.5294117647058824,0.5,0.5,120.15514200752988,6626,0.0181338880180395,0.0039147801977589,2.0948254435701243,0.0158865295225879,0.496237403089164,746300,707478.0,1067,0.947980704810398,0.001429719951762,56232.0,5078.0,3397.0,3046.0,9284.0,3.0,159.0,880.0,46948.0,5075.0,3238.0,2166.0,0.1651017214397496,0.8348982785602503,0.000590783773139,0.999409216226861,0.046806005298793,0.9531939947012068,0.288903479973736,0.711096520026264,2.5500000000000003,Alpha
2,inactive,8,green,12,0-12,43.0,391.8,9.111627906976745,32233.72,10966.28,298,108.16684563758388,0.03572770346918,0.0039211108963112,25.0,116.32,4.6528,0.0106070609176493,0.0022797156373902,27.0,155.32,5.752592592592593,0.0141634173119781,0.0024620928883814,123,35557.76,289.0874796747968,3.2424632601027876,0.01121620093596,3.0,3.6,1.2,0.0003282790517841,0.0002735658764868,77.0,575.12,7.469090909090909,0.0524444022950353,0.0070215241631619,29.0,217.44,7.497931034482758,0.0198280547277654,0.0026444701393726,13.0,97.76,7.52,0.0089146000284508,0.0011854521314429,10.0,39.2,3.92,0.0035745941194279,0.0009118862549561,70.0,327.0,4.671428571428572,0.0298186805370645,0.0063832037846927,7.0,18.4,2.628571428571429,0.0016778707091192,0.0006383203784692,0.0,0.0,0.0,5.0,6.0,0.8333333333333334,0.0,0.0,0.000455943127478,0.0005471317529736,0.0,1.0,0.0,1.0,208.1188377850683,4098,0.0507854655405242,0.0124487385048345,2.0331273014765907,0.0479466046929495,0.3736909872810104,806141,731565.6666666666,5326,0.9074909558832346,0.0066067846691831,19920.0,3447.0,6843.0,9838.0,3524.0,195.0,450.0,465.0,16396.0,3252.0,6393.0,9373.0,0.1769076305220883,0.8230923694779116,0.0565709312445604,0.9434290687554396,0.0657606313020605,0.9342393686979396,0.0472657044114657,0.9527342955885344,0.0,Delta
2,inactive,8,red,12,0-12,50.0,253.56,5.0712,31457.52,11742.48,100,314.5752,0.0215933942403989,0.0042580442972864,21.0,130.04,6.192380952380952,0.0110743216083825,0.0017883786048603,40.0,129.72,3.243,0.0110470701248799,0.0034064354378291,158,35044.88,221.80303797468352,2.984453028661747,0.0134554199794251,7.0,15.08,2.1542857142857144,0.0012842261600615,0.0005961262016201,88.0,698.44,7.936818181818182,0.0594797691799347,0.0074941579632241,61.0,542.32,8.890491803278689,0.0461844516660875,0.0051948140426894,11.0,49.24,4.4763636363636365,0.0041933220239676,0.000936769745403,11.0,60.56,5.505454545454546,0.0051573432528733,0.000936769745403,96.0,515.44,5.3691666666666675,0.0438953270518663,0.0081754450507899,7.0,16.76,2.3942857142857146,0.0014272964484504,0.0005961262016201,7.0,8.0,0.875,1.6,2.0,0.8,0.0005961262016201,0.0006812870875658,0.0001362574175131,0.0001703217718914,0.813953488372093,0.186046511627907,0.8,0.2,222.02982833528293,5031,0.0441323451272675,0.0087674093644311,1.9570834375340984,0.0387142401379152,0.4284444171929609,786538,723068.6666666666,10255,0.9193054457212068,0.0130381494600388,31168.0,2767.0,6555.0,6389.0,8235.0,3.0,300.0,910.0,22933.0,2764.0,6255.0,5479.0,0.264213295687885,0.735786704312115,0.0010842067220816,0.9989157932779184,0.045766590389016,0.954233409610984,0.1424323055251213,0.8575676944748787,1.95,Beta
2,inactive,8,yellow,12,0-12,10.0,82.28,8.228,34278.76,8921.239999999998,171,200.46058479532164,0.0092229331348556,0.0011209204101671,4.0,19.12,4.78,0.0021431998242396,0.0004483681640668,2.0,5.04,2.52,0.0005649438867242,0.0002241840820334,45,36420.76,809.3502222222222,4.082477323780103,0.0050441418457523,,,,,,39.0,194.32,4.982564102564102,0.0217817254103689,0.004371589599652,10.0,35.96,3.596,0.0040308297949612,0.0011209204101671,11.0,68.44,6.221818181818182,0.0076715792871842,0.0012330124511839,1.0,3.48,3.48,0.0003900803027381,0.0001120920410167,26.0,91.2,3.5076923076923077,0.0102227941407248,0.0029143930664347,2.0,5.2,2.6,0.0005828786132869,0.0002241840820334,0.8,1.0,0.8,0.8,1.0,0.8,8.967363281337575e-05,0.0001120920410167,8.967363281337575e-05,0.0001120920410167,0.5,0.5,0.5,0.5,67.84302476609447,2150,0.0315548952400439,0.0074391626455041,2.11928289150567,0.028744706160848,0.2409978881859473,857140,757519.0,12851,0.8837751125837087,0.014992883309611,5806.0,1810.0,610.0,2067.0,769.0,195.0,269.0,471.0,5037.0,1615.0,341.0,1596.0,0.1324491904925938,0.8675508095074062,0.1077348066298342,0.8922651933701657,0.440983606557377,0.559016393442623,0.227866473149492,0.772133526850508,1.5,Gamma
3,active,1,blue,24,12-24,95.0,456.76,4.808,29450.64,13749.36,181,162.7107182320442,0.0332204553521036,0.0069094125108368,108.0,564.76,5.229259259259259,0.041075366417055,0.0078549110649513,134.0,562.56,4.198208955223881,0.0409153589694356,0.0097459081731804,374,39579.96,105.82877005347594,2.878676534762345,0.0272012660952946,8.0,16.64,2.08,0.0012102381492665,0.0005818452640704,330.0,2508.44,7.601333333333334,0.1824404917756172,0.024001117142907,46.0,917.4,19.943478260869565,0.0667231056572815,0.0033456102684052,59.0,260.04,4.407457627118644,0.0189128803086107,0.0042911088225197,28.0,186.48,6.659999999999999,0.0135628131054827,0.0020364584242466,197.0,789.56,4.007918781725888,0.0574252183374353,0.0143279396277354,16.0,34.04,2.1275,0.0024757515986198,0.0011636905281409,4.2,5.0,0.8400000000000001,6.8,8.0,0.85,0.0003054687636369,0.000363653290044,0.0004945684744599,0.0005818452640704,0.3818181818181818,0.6181818181818182,0.3846153846153846,0.6153846153846154,446.7964546740375,12795,0.0349196134954308,0.00855141185082,2.0196304881463845,0.032608730274584,0.9305887692227128,736447,631294.3333333333,31958,0.8572162468355947,0.0433948403618997,86022.0,11250.0,28425.0,11514.0,14575.0,790.0,6430.0,3120.0,71447.0,10460.0,21995.0,8394.0,0.1694334007579456,0.8305665992420543,0.0702222222222222,0.9297777777777778,0.2262093227792436,0.7737906772207563,0.2709744658676394,0.7290255341323606,1.125,Gamma
3,active,1,green,24,12-24,142.0,737.36,5.192676056338028,28287.32,14912.68,388,72.90546391752578,0.0494451701505027,0.0095220979730001,110.0,501.24,4.556727272727273,0.0336116647041309,0.0073762730776761,251.0,1379.2,5.494820717131474,0.0924850529884635,0.0168313140226974,446,38849.04,87.10547085201794,2.6051011622324087,0.0299074344785779,6.0,13.64,2.2733333333333334,0.0009146578616318,0.0004023421678732,244.0,2403.76,9.851475409836066,0.161189001574499,0.0163619148268453,82.0,567.2,6.917073170731708,0.0380347462696175,0.0054986762942676,33.0,200.52,6.076363636363637,0.0134462752503238,0.0022128819233028,32.0,185.4,5.79375,0.0124323729872833,0.0021458248953239,172.0,672.32,3.908837209302326,0.0450837810507568,0.0115338088123663,8.0,18.76,2.345,0.0012579898448836,0.0005364562238309,3.2,4.0,0.8,4.4,5.0,0.8800000000000001,0.0002145824895323,0.0002682281119154,0.000295050923107,0.0003352851398943,0.4210526315789473,0.5789473684210527,0.4444444444444444,0.5555555555555556,676.1129632216056,13816,0.0489369544891144,0.0094201612458697,2.046366255220976,0.0464776138969454,0.926459898556128,707571,633004.0,11960,0.8946155226825294,0.016902897377083,74600.0,9713.0,47372.0,18576.0,24126.0,303.0,7245.0,3881.0,50474.0,9410.0,40127.0,14695.0,0.3234048257372654,0.6765951742627346,0.0311953052609904,0.9688046947390097,0.1529384446508486,0.8470615553491514,0.2089254952627045,0.7910745047372955,1.85,Beta
3,active,1,red,24,12-24,76.0,447.0,5.881578947368421,32563.96,10636.04,188,173.21255319148935,0.0420269197934569,0.0071455165644356,78.0,446.44,5.723589743589743,0.0419742686187716,0.007333556474026,107.0,606.84,5.671401869158879,0.0570550693679226,0.010060135163087,251,40495.76,161.3376892430279,3.807409524597501,0.0235990086535966,15.0,32.6,2.1733333333333333,0.0030650505263237,0.001410299321928,226.0,2583.08,11.429557522123892,0.2428610648324,0.0212485097837164,53.0,1448.68,27.333584905660377,0.1362048281127186,0.0049830576041459,17.0,143.84,8.461176470588235,0.0135238302977423,0.0015983392315184,20.0,134.8,6.74,0.0126738899063937,0.0018803990959041,137.0,555.84,4.057226277372263,0.0522600516733671,0.0128807338069431,5.0,13.44,2.6879999999999997,0.0012636281924475,0.000470099773976,2.8,3.0,0.9333333333333332,3.2,4.0,0.8,0.0002632558734265,0.0002820598643856,0.0003008638553446,0.0003760798191808,0.4666666666666666,0.5333333333333333,0.4285714285714285,0.5714285714285714,301.7033458264982,9683,0.0311580445963542,0.0067890346687065,2.049818459458039,0.0298623201602811,0.910395222281977,814287,673291.0,41573,0.8268472909428739,0.0510544807911706,101073.0,7003.0,26517.0,11251.0,30123.0,427.0,6827.0,1669.0,70950.0,6576.0,19690.0,9582.0,0.2980321154017393,0.7019678845982606,0.060973868342139,0.9390261316578608,0.2574574801071011,0.7425425198928989,0.1483423695671495,0.8516576304328504,0.375,Delta
3,active,1,yellow,24,12-24,94.0,478.76,5.093191489361702,31639.2,11560.8,254,124.56377952755906,0.0414123590062971,0.0081309251954882,102.0,480.76,4.713333333333333,0.0415853574147117,0.0088229188291467,236.0,1356.2,5.746610169491525,0.1173102207459691,0.0204138121929278,324,40557.24,125.17666666666666,3.5081689848453395,0.0280257421631721,5.0,7.8,1.56,0.0006746937928171,0.0004324960210366,221.0,1395.32,6.31366515837104,0.1206940696145595,0.019116324129818,33.0,248.68,7.535757575757576,0.0215106221022766,0.0028544737388416,18.0,106.88,5.937777777777778,0.0092450349456785,0.0015569856757317,26.0,216.76,8.336923076923076,0.0187495675039789,0.0022489793093903,90.0,438.52,4.872444444444445,0.0379316310289945,0.0077849283786589,2.0,4.08,2.04,0.0003529167531658,0.0001729984084146,7.4,9.0,0.8222222222222223,3.2,4.0,0.8,0.0006400941111341,0.0007784928378658,0.0002767974534634,0.0003459968168292,0.6981132075471698,0.3018867924528302,0.6923076923076923,0.3076923076923077,517.3959835873151,10544,0.0490701805374919,0.0125002114545828,2.073679287651856,0.0460113492610762,0.9120476091619958,791234,668332.0,28405,0.8446704767489769,0.0358996200871044,41354.0,8135.0,46262.0,12063.0,7434.0,1022.0,8720.0,3587.0,33920.0,7113.0,37542.0,8476.0,0.1797649562315616,0.8202350437684384,0.1256299938537185,0.8743700061462815,0.1884916346029138,0.8115083653970862,0.2973555500290143,0.7026444499709856,2.65,Alpha
3,active,2,blue,24,12-24,367.0,2539.04,6.918365122615803,22607.92,20592.08,174,129.93057471264368,0.1233017742743812,0.0178223860824161,247.0,1397.24,5.656842105263158,0.067853271743311,0.0119949028947051,157.0,667.24,4.249936305732484,0.032402749018069,0.0076242905039218,611,36155.2,59.173813420621926,1.755781834569407,0.0296716018974285,91.0,212.68,2.337142857142857,0.0103282427030198,0.0044191747506808,268.0,3279.0,12.235074626865671,0.1592359781042031,0.0130147124525545,197.0,1200.6,6.0944162436548215,0.0583039692930485,0.0095667848998255,63.0,377.36,5.98984126984127,0.0183254921309552,0.0030594286735482,71.0,405.08,5.7053521126760565,0.0196716407473164,0.003447927552729,305.0,1475.88,4.838950819672132,0.0716722157256576,0.0148115197687654,14.0,31.32,2.237142857142857,0.0015209731119925,0.0006798730385662,12.0,14.0,0.8571428571428571,29.6,31.0,0.9548387096774194,0.0005827483187711,0.0006798730385662,0.0014374458529687,0.0015054331568253,0.2884615384615384,0.7115384615384616,0.3111111111111111,0.6888888888888889,802.4457562731783,19186,0.0418245468713217,0.0108668214271893,2.0463479349423417,0.0390423183921537,0.9317174369951942,565372,470916.3333333333,29367,0.8329318277759303,0.0519427916486844,112455.0,19695.0,52016.0,63843.0,30441.0,1160.0,9758.0,13573.0,82014.0,18535.0,42258.0,50270.0,0.2706949446445245,0.7293050553554755,0.0588981975120589,0.9411018024879412,0.1875961242694555,0.8124038757305444,0.2125996585373494,0.7874003414626506,0.4972027972027972,Delta
3,active,2,green,24,12-24,302.0,1454.08,4.814834437086092,22806.36,20393.64,372,61.307419354838714,0.0713006604019684,0.0148085383482301,308.0,1265.6,4.1090909090909085,0.0620585633560266,0.015102747719387,87.0,332.8,3.825287356321839,0.0163188131201688,0.0042660358817749,566,37179.16,65.68756183745583,1.8230762139569008,0.0277537506791333,65.0,131.56,2.024,0.0064510308115667,0.0031872681875329,211.0,2051.72,9.723791469194312,0.1006058751650024,0.0103463628856839,289.0,1933.12,6.688996539792387,0.0947903365951345,0.0141710847107235,86.0,469.76,5.462325581395349,0.0230346323657767,0.004217000986582,62.0,295.2,4.761290322580645,0.0144751010609189,0.0030401635019545,291.0,1181.08,4.0586941580756015,0.0579141340143299,0.0142691545011091,8.0,18.2,2.275,0.0008924350925092,0.0003922791615425,27.8,29.0,0.9586206896551724,27.2,29.0,0.9379310344827586,0.0013631700863602,0.0014220119605916,0.0013337491492445,0.0014220119605916,0.5054545454545455,0.4945454545454545,0.5,0.5,980.1449662320912,18856,0.0519805349083629,0.0120897066396553,2.0813910115771925,0.0489236046679298,0.92460198375572,570531,475249.3333333333,22239,0.8329947598523714,0.0389794770135189,100121.0,19272.0,40355.0,36654.0,33132.0,1865.0,8698.0,13345.0,66989.0,17407.0,31657.0,23309.0,0.3309195872993677,0.6690804127006322,0.0967725197177252,0.9032274802822748,0.2155371081650353,0.7844628918349646,0.3640803186555355,0.6359196813444644,1.568181818181818,Beta
3,active,2,red,24,12-24,306.0,2264.84,7.4014379084967326,21886.12,21313.88,174,125.7822988505747,0.1062612719974026,0.014356841644975,266.0,1151.48,4.328872180451128,0.0540248889456072,0.0124801303188344,190.0,792.04,4.168631578947368,0.0371607609689085,0.0089143787991674,657,35021.12,53.30459665144597,1.643113313953161,0.0308249835318581,50.0,90.4,1.808,0.0042413675970775,0.0023458891576756,272.0,2615.32,9.61514705882353,0.1227050166370459,0.0127616370177555,276.0,2011.16,7.286811594202899,0.0943591687670194,0.0129493081503696,52.0,323.72,6.225384615384616,0.0151882247624552,0.0024397247239826,44.0,247.4,5.622727272727273,0.0116074595521791,0.0020643824587545,322.0,1435.84,4.459130434782608,0.0673664297631402,0.0151075261754312,12.0,28.92,2.41,0.0013568622887995,0.0005630133978421,33.6,34.0,0.9882352941176472,13.0,13.0,1.0,0.001576437513958,0.0015952046272194,0.0006099311809956,0.0006099311809956,0.721030042918455,0.278969957081545,0.723404255319149,0.2765957446808511,861.4925457203549,19906,0.0432780340460341,0.0113860347236978,2.0096506869120634,0.0400995852047573,0.933945391453832,547327,458285.3333333333,30337,0.8373154135157471,0.0554275597586086,116210.0,14374.0,49044.0,56927.0,31433.0,984.0,7871.0,13295.0,84777.0,13390.0,41173.0,43632.0,0.2704844677738576,0.7295155322261423,0.0684569361346876,0.9315430638653124,0.1604885409020471,0.8395114590979529,0.2335447151615226,0.7664552848384774,2.7096153846153848,Alpha
3,active,2,yellow,24,12-24,154.0,1298.36,8.43090909090909,25611.48,17588.52,292,87.71054794520548,0.0738186044078751,0.0087557111115659,129.0,521.04,4.03906976744186,0.0296238682959111,0.0073343294376104,77.0,364.96,4.73974025974026,0.0207498982290721,0.0043778555557829,298,39883.76,133.83812080536913,2.267601822097596,0.0169428695535497,41.0,91.64,2.2351219512195124,0.0052102166640513,0.002331065945287,202.0,1940.24,9.605148514851486,0.1103128631630177,0.0114847639255605,334.0,1997.36,5.980119760479042,0.1135604360116712,0.0189896591640456,43.0,246.72,5.7376744186046515,0.0140273314639321,0.0024447764792034,61.0,376.08,6.165245901639344,0.0213821287976475,0.0034681712844514,203.0,765.68,3.771822660098522,0.0435329408045702,0.0115416191925187,5.0,12.28,2.456,0.0006981826782469,0.0002842763347911,13.2,14.0,0.9428571428571428,16.8,18.0,0.9333333333333332,0.0007504895238485,0.000795973737415,0.0009551684848981,0.0010233948052479,0.44,0.56,0.4375,0.5625,637.0472639046967,16089,0.0395952056625456,0.0082451794096743,2.1301810739489544,0.0371832767116258,0.9147443900908092,640579,478501.6666666666,89550,0.7469830679224055,0.1397954038455834,98976.0,15674.0,22356.0,32613.0,28203.0,1336.0,5959.0,8376.0,70773.0,14338.0,16397.0,24237.0,0.2849478661493695,0.7150521338506305,0.0852366977159627,0.9147633022840372,0.2665503667919127,0.7334496332080873,0.2568300984270076,0.7431699015729923,1.225,Gamma
3,active,3,blue,24,12-24,149.0,976.08,6.550872483221477,25864.16,17335.84,177,146.12519774011298,0.0563041652437955,0.0085949108898097,123.0,813.48,6.613658536585366,0.0469247524204192,0.0070951277815208,81.0,577.16,7.125432098765431,0.0332928776453866,0.0046724012219771,334,38120.12,114.13209580838324,2.1989196946903062,0.0192664445449427,38.0,86.08,2.265263157894737,0.0049654357677505,0.00219199069673,282.0,1684.56,5.9736170212765956,0.0971721012653554,0.0162668783283648,205.0,4446.04,21.688,0.2564652188760394,0.0118252129692013,47.0,339.0,7.212765957446808,0.0195548643734598,0.0027111463880608,30.0,213.84,7.128,0.0123351392260196,0.0017305189711026,200.0,902.44,4.5122,0.0520563180093955,0.0115367931406842,24.0,57.6,2.4,0.003322596424517,0.0013844151768821,9.2,11.0,0.8363636363636363,20.4,21.0,0.9714285714285712,0.0005306924844714,0.0006345236227376,0.0011767529003497,0.0012113632797718,0.3108108108108108,0.6891891891891891,0.34375,0.65625,463.0170582415053,15461,0.0299474198461616,0.0061985329025469,2.119632881861409,0.0270616840509536,0.8918517937405975,646781,509331.6666666666,44788,0.787487057700623,0.0692475505619367,153752.0,13898.0,34970.0,24551.0,26689.0,648.0,7746.0,7168.0,127063.0,13250.0,27224.0,17383.0,0.1735847338571205,0.8264152661428794,0.046625413728594,0.953374586271406,0.2215041464112096,0.7784958535887904,0.2919636674677202,0.7080363325322797,1.0659965034965035,Gamma
3,active,3,green,24,12-24,173.0,1159.12,6.700115606936415,25769.84,17430.16,554,46.51595667870036,0.0665008238593334,0.0099253248392441,125.0,584.56,4.67648,0.0335372710290668,0.007171477485003,114.0,560.24,4.914385964912281,0.0321419883695846,0.0065403874663227,442,37560.44,84.97837104072399,2.15491079829445,0.0253583443869706,14.0,28.24,2.017142857142857,0.0016201801934118,0.0008032054783203,146.0,725.96,4.972328767123288,0.0416496463601022,0.0083762857024835,200.0,2581.56,12.9078,0.1481087953294748,0.0114743639760048,41.0,255.72,6.2370731707317075,0.0146711217797197,0.0023522446150809,26.0,123.28,4.741538461538462,0.0070727979548093,0.0014916673168806,208.0,783.88,3.768653846153846,0.0449726221675532,0.011933338535045,14.0,35.76,2.5542857142857143,0.0020516162789096,0.0008032054783203,44.6,44.0,1.0136363636363637,5.6,6.0,0.9333333333333332,0.002558783166649,0.002524360074721,0.0003212821913281,0.0003442309192801,0.8884462151394422,0.1115537848605577,0.88,0.12,815.4244741230499,15267,0.0534109172806085,0.011444401967669,2.042007913209122,0.0489346555355481,0.8758955741083272,644800,517933.99999999994,33968,0.8032475186104218,0.0526799007444168,83017.0,9542.0,28859.0,29151.0,26891.0,679.0,7150.0,8414.0,56126.0,8863.0,21709.0,20737.0,0.3239216064179626,0.6760783935820374,0.0711590861454621,0.9288409138545378,0.2477563325132541,0.7522436674867459,0.2886350382491167,0.7113649617508834,2.852564102564102,Alpha
3,active,3,red,24,12-24,131.0,1104.12,8.428396946564884,26940.36,16259.64,179,150.50480446927375,0.0679055624847782,0.0080567589442324,115.0,739.64,6.431652173913044,0.0454893220268099,0.0070727273174559,60.0,312.88,5.214666666666667,0.0192427384616141,0.0036901186004118,332,37978.92,114.3943373493976,2.3357786519258728,0.020418656255612,6.0,13.76,2.2933333333333334,0.0008462671990277,0.0003690118600411,128.0,640.28,5.0021875,0.0393784856245279,0.0078722530142118,224.0,3956.52,17.663035714285716,0.243333800748356,0.0137764427748707,35.0,233.36,6.667428571428572,0.014352101276535,0.0021525691835735,28.0,189.96,6.784285714285715,0.0116829154889038,0.0017220553468588,209.0,854.72,4.089569377990431,0.0525669695023998,0.0128539131247678,24.0,63.92,2.6633333333333336,0.003931206348972,0.0014760474401647,30.8,24.0,1.2833333333333334,6.6,8.0,0.825,0.0018942608815447,0.0014760474401647,0.0004059130460452,0.0004920158133882,0.823529411764706,0.1764705882352941,0.75,0.25,427.1310042107912,14386,0.0296907412908933,0.0057700051473118,2.102091418062952,0.0285738561593445,0.8847674364254068,673688,523866.99999999994,52551,0.7776107040647896,0.0780049518471458,115272.0,10646.0,26488.0,27734.0,27576.0,1277.0,4221.0,4144.0,87696.0,9369.0,22267.0,23590.0,0.2392254840724547,0.7607745159275453,0.1199511553635168,0.8800488446364831,0.1593551797040169,0.8406448202959831,0.149419485108531,0.8505805148914689,2.5189393939393936,Beta
3,active,3,yellow,24,12-24,139.0,736.92,5.30158273381295,25865.4,17334.6,290,89.19103448275862,0.0425115087743587,0.0080186447913421,116.0,449.48,3.8748275862068966,0.0259296436029674,0.0066918186747891,103.0,481.48,4.674563106796117,0.0277756625477369,0.0059418734784765,285,39346.6,138.0582456140351,2.2698302816332654,0.0164411062268526,15.0,26.08,1.7386666666666666,0.001504505439987,0.0008653213803606,177.0,1024.84,5.790056497175141,0.0591210642299216,0.0102107922882558,201.0,2618.44,13.027064676616916,0.1510528076794388,0.0115953064968329,54.0,408.32,7.561481481481481,0.0235552017352578,0.0031151569692983,19.0,112.52,5.922105263157895,0.0064910641145454,0.0010960737484568,157.0,722.76,4.6035668789808915,0.0416946453912983,0.0090570304477749,13.0,33.76,2.5969230769230767,0.0019475499867317,0.0007499451963125,2.0,2.0,1.0,54.0,46.0,1.173913043478261,0.000115376184048,0.000115376184048,0.0031151569692983,0.002653652233106,0.0357142857142857,0.9642857142857144,0.0416666666666666,0.9583333333333334,630.7909668489268,15344,0.0411099430949509,0.0070726363000048,2.128812386624294,0.0370513415693671,0.8851660840169373,646925,519212.6666666666,39562,0.8025855650448918,0.0611539204699153,91460.0,13094.0,23493.0,18562.0,17691.0,1740.0,6049.0,4299.0,73769.0,11354.0,17444.0,14263.0,0.1934288213426634,0.8065711786573365,0.1328852909729647,0.8671147090270352,0.2574809517728685,0.7425190482271314,0.2316021980390044,0.7683978019609956,0.0,Delta
3,active,4,blue,24,12-24,177.0,1770.92,10.005197740112994,22544.08,20655.92,173,130.31260115606938,0.0857342592341566,0.0085689719944693,174.0,1149.72,6.607586206896552,0.0556605563925499,0.0084237351810038,107.0,542.84,5.073271028037383,0.0262801172738856,0.0051801130136057,443,37633.08,84.95051918735892,1.821902873365118,0.021446636121751,58.0,171.32,2.953793103448276,0.0082939902943078,0.0028079117270012,247.0,3430.96,13.890526315789474,0.1661005658426252,0.0119578309753329,244.0,2684.52,11.002131147540984,0.129963710161542,0.0118125941618673,46.0,317.6,6.904347826086957,0.0153757373188896,0.0022269644731389,58.0,447.96,7.723448275862069,0.0216867609866808,0.0028079117270012,290.0,1365.08,4.707172413793103,0.0660866231085325,0.0140395586350063,13.0,32.48,2.4984615384615383,0.0015724305671207,0.0006293595250175,5.6,6.0,0.9333333333333332,26.4,26.0,1.015384615384615,0.000271108718469,0.0002904736269311,0.0012780839584971,0.001258719050035,0.175,0.825,0.1875,0.8125,557.4677472936161,20015,0.0278524979911874,0.0067889973379201,2.1069672159902058,0.0263647055640565,0.968971607171213,563775,433408.99999999994,48408,0.7687623608709148,0.0858640415059199,153378.0,19243.0,42595.0,44450.0,44422.0,1997.0,9967.0,14695.0,108956.0,17246.0,32628.0,29755.0,0.2896243268265331,0.7103756731734668,0.1037779971937847,0.8962220028062152,0.2339946003052001,0.7660053996947999,0.3305961754780652,0.6694038245219348,0.5678571428571428,Delta
3,active,4,green,24,12-24,329.0,2288.08,6.954650455927052,20318.84,22881.16,295,68.87742372881355,0.0999984266531941,0.0143786416422943,191.0,938.64,4.91434554973822,0.0410223957176996,0.0083474788865599,127.0,522.84,4.116850393700788,0.0228502401102042,0.0055504178983932,581,37707.32,64.90072289156626,1.6479636521924588,0.0253920692832006,85.0,181.4,2.1341176470588237,0.0079279197383349,0.0037148466249088,303.0,3868.4,12.766996699669969,0.1690648551035,0.0132423356158516,194.0,1693.44,8.729072164948454,0.0740102337468904,0.0084785911203802,74.0,461.96,6.242702702702703,0.0201895358452106,0.0032341017675677,98.0,609.16,6.215918367346938,0.026622776117994,0.0042829996381302,308.0,1410.44,4.5793506493506495,0.0616419796898409,0.0134608560055521,16.0,38.08,2.38,0.0016642512879591,0.0006992652470416,9.4,10.0,0.94,28.8,28.0,1.0285714285714287,0.0004108183326369,0.000437040779401,0.001258677444675,0.0012237141823229,0.2460732984293193,0.7539267015706805,0.2631578947368421,0.7368421052631579,962.9253840492984,22147,0.043478818081424,0.0104318359069444,2.113523809725209,0.0392538607676225,0.967914214139493,508266,413498.6666666666,25184,0.8135477617363086,0.0495488582749977,139543.0,26950.0,36855.0,57531.0,39866.0,2434.0,10364.0,16878.0,99677.0,24516.0,26491.0,40653.0,0.2856897157148692,0.7143102842851308,0.0903153988868274,0.9096846011131724,0.2812101478768145,0.7187898521231855,0.293372268863743,0.706627731136257,1.4934065934065932,Beta
3,active,4,red,24,12-24,281.0,2876.36,10.236156583629894,20257.44,22942.56,158,128.21164556962023,0.1253722339616851,0.0122479793013508,204.0,1441.12,7.064313725490195,0.0628142630987997,0.008891771450091,131.0,648.64,4.951450381679389,0.0282723462420932,0.0057099120586368,596,34344.52,57.625033557046976,1.4969785411915668,0.0259779205110502,48.0,158.36,3.299166666666667,0.0069024555237079,0.0020921815176684,147.0,1017.96,6.9248979591836735,0.0443699395359541,0.0064073058978596,295.0,1718.32,5.824813559322034,0.0748966113633352,0.0128581989106708,40.0,292.84,7.321,0.0127640507423757,0.001743484598057,85.0,573.36,6.745411764705882,0.0249911082285499,0.0037049047708712,350.0,1805.6,5.158857142857142,0.0787008947562957,0.0152554902329992,21.0,53.68,2.5561904761904763,0.0023397563305925,0.0009153294139799,57.8,54.0,1.0703703703703704,4.0,5.0,0.8,0.0025193352441924,0.002353704207377,0.0001743484598057,0.0002179355747571,0.9352750809061487,0.0647249190938511,0.9152542372881356,0.0847457627118644,648.4754761964102,22308,0.0290691893579169,0.008432527057035,2.0172762315982817,0.0272840395274468,0.9723413603364228,506594,412537.0,28834,0.8143345558770929,0.0569173736759614,68849.0,21780.0,52579.0,72190.0,20587.0,2071.0,10045.0,19332.0,48262.0,19709.0,42534.0,52858.0,0.2990166886955511,0.7009833113044489,0.0950872359963269,0.904912764003673,0.1910458548089541,0.8089541451910458,0.2677933231749549,0.732206676825045,3.0,Alpha
3,active,4,yellow,24,12-24,195.0,1417.12,7.26728205128205,24869.36,18330.64,247,100.68566801619431,0.0773088119127319,0.0106379264444667,128.0,736.08,5.750625,0.0401557174217594,0.0069828440250858,117.0,536.84,4.588376068376069,0.0292864842689616,0.00638275586668,395,39272.52,99.42410126582276,2.1424522002505095,0.0215486202336634,35.0,79.48,2.270857142857143,0.0043359097118267,0.0019093714131094,255.0,2425.24,9.510745098039214,0.1323052550265566,0.0139111345812257,170.0,1537.12,9.041882352941176,0.0838552281862499,0.0092740897208171,51.0,351.92,6.900392156862745,0.0191984567914704,0.0027822269162451,106.0,625.96,5.905283018867925,0.0341482894214277,0.0057826677082742,215.0,849.0,3.9488372093023254,0.0463158951351398,0.0117289958233864,10.0,22.04,2.2039999999999997,0.0012023584555694,0.0005455346894598,6.4,8.0,0.8,20.0,19.0,1.0526315789473684,0.0003491422012542,0.0004364277515678,0.0010910693789196,0.0010365159099736,0.2424242424242424,0.7575757575757576,0.2962962962962963,0.7037037037037037,596.0472309049611,17613,0.033841323505647,0.0072539118115642,2.1394235256101433,0.0307846093283413,0.9608502485456044,621981,454616.0,65171,0.7309162176979682,0.1047797279981221,99484.0,24604.0,32068.0,35623.0,34670.0,2638.0,8040.0,10498.0,64814.0,21966.0,24028.0,25125.0,0.3484982509750312,0.6515017490249688,0.1072183384815477,0.8927816615184523,0.2507172258949732,0.7492827741050269,0.294697246161188,0.705302753838812,0.6675824175824179,Gamma
3,active,5,blue,24,12-24,126.0,1078.12,8.556507936507936,27018.72,16181.28,226,119.55185840707964,0.066627609187901,0.0077867758298478,98.0,623.2,6.3591836734693885,0.03851364045366,0.0060563812009927,153.0,844.32,5.51843137254902,0.0521788140369612,0.0094553706505295,393,37759.96,96.08132315521628,2.3335582846350844,0.0242873246121444,4.0,7.04,1.76,0.0004350706495407,0.0002471992326935,43.0,146.2,3.4,0.0090351319549504,0.002657391751456,205.0,762.28,3.718439024390244,0.0471087577744158,0.012668960675546,38.0,232.16,6.109473684210526,0.0143474434655354,0.002348392710589,19.0,143.72,7.564210526315789,0.0088818684306803,0.0011741963552945,226.0,1005.76,4.450265486725663,0.0621557750684741,0.0139667566471873,20.0,47.96,2.398,0.002963918799996,0.0012359961634679,11.8,13.0,0.9076923076923078,18.4,19.0,0.9684210526315788,0.000729237736446,0.0008033975062541,0.0011371164703904,0.0011741963552945,0.3907284768211921,0.609271523178808,0.40625,0.59375,483.5852995791334,15429,0.0313426210110268,0.0076250493949691,2.092733401180262,0.0295195651391439,0.953509240307318,675694,550194.0,42279,0.814265037132193,0.0625712230684303,22960.0,9454.0,36939.0,27079.0,3623.0,568.0,8782.0,8520.0,19337.0,8886.0,28157.0,18559.0,0.1577961672473867,0.8422038327526132,0.0600803892532261,0.939919610746774,0.2377433065323912,0.7622566934676087,0.3146349569777318,0.6853650430222682,1.311813186813187,Beta
3,active,5,green,24,12-24,213.0,2088.68,9.80600938967136,23587.08,19612.92,313,75.35808306709265,0.1064951062870801,0.0108601880801023,167.0,883.04,5.287664670658683,0.0450233825457912,0.0085147953491881,204.0,1064.12,5.216274509803921,0.0542560720178331,0.0104013068936191,631,36535.16,57.900412044374015,1.8628108410170443,0.0321726698523218,4.0,12.44,3.11,0.0006342757733167,0.0002039471939925,99.0,470.4,4.751515151515151,0.0239841900135217,0.0050476930513151,377.0,1399.08,3.7110875331564985,0.0713346100427677,0.019222023033796,48.0,301.72,6.285833333333334,0.0153837368428566,0.0024473663279103,58.0,289.68,4.9944827586206895,0.0147698557889391,0.0029572343128917,239.0,1090.24,4.561673640167364,0.0555878471946043,0.0121858448410537,22.0,51.6,2.3454545454545457,0.0026309188025036,0.0011217095669589,7.0,8.0,0.875,10.8,11.0,0.981818181818182,0.0003569075894869,0.000407894387985,0.0005506574237798,0.0005608547834794,0.3932584269662921,0.6067415730337079,0.4210526315789473,0.5789473684210527,825.6680965489867,18841,0.043822944458839,0.0107740862275531,2.0371782707339667,0.040247597578921,0.9606422705033214,589990,513822.0,29875,0.8708995067713012,0.050636451465279,47213.0,14891.0,49050.0,52430.0,5017.0,722.0,10787.0,11847.0,42196.0,14169.0,38263.0,40583.0,0.1062631055006036,0.8937368944993963,0.048485662480693,0.9515143375193068,0.2199184505606524,0.7800815494393476,0.2259584207514781,0.7740415792485218,1.0500000000000005,Gamma
3,active,5,red,24,12-24,134.0,1741.28,12.99462686567164,26445.92,16754.08,180,146.92177777777778,0.1039316990249539,0.0079980518178258,102.0,776.52,7.612941176470588,0.0463481134147622,0.0060880692941659,163.0,1065.32,6.5357055214723925,0.0635857056907929,0.0097289734798926,420,38251.56,91.07514285714284,2.2831190969602626,0.0250685206230362,14.0,35.84,2.56,0.002139180426499,0.0008356173541012,120.0,782.84,6.523666666666667,0.046725334963185,0.0071624344637246,421.0,2092.64,4.970641330166271,0.1249033071347397,0.0251282075769006,47.0,295.84,6.294468085106383,0.0176577884312358,0.0028052868316254,30.0,210.44,7.014666666666667,0.0125605225712184,0.0017906086159311,245.0,1024.84,4.183020408163265,0.0611695777983631,0.0146233036967711,20.0,52.44,2.622,0.0031299838606476,0.0011937390772874,18.8,22.0,0.8545454545454546,2.6,3.0,0.8666666666666667,0.0011221147326501,0.0013131129850161,0.0001551860800473,0.0001790608615931,0.8785046728971962,0.1214953271028037,0.88,0.12,496.1770552307166,16050,0.0309144582698265,0.0081957217179627,2.099661855298287,0.0285383774665676,0.9579756095231728,661328,543855.0,40135,0.8223680231292188,0.0606884934555923,72428.0,12734.0,46311.0,43666.0,8212.0,835.0,9257.0,10201.0,64216.0,11899.0,37054.0,33465.0,0.1133815651405533,0.8866184348594466,0.0655724831160672,0.9344275168839328,0.1998877156615059,0.8001122843384941,0.2336142536527275,0.7663857463472725,3.0,Alpha
3,active,5,yellow,24,12-24,161.0,1406.04,8.733167701863353,27314.56,15885.44,310,88.11148387096775,0.08851124048185,0.0101350670802949,116.0,618.76,5.3341379310344825,0.0389513919664799,0.0073022843559888,235.0,1348.76,5.739404255319149,0.0849054228274445,0.0147934208935981,432,38730.32,89.65351851851852,2.438101808952097,0.0271947141533379,7.0,14.68,2.097142857142857,0.0009241166753958,0.0004406550904476,113.0,668.68,5.9175221238938045,0.0420938922686434,0.0071134321743684,176.0,968.36,5.5020454545454545,0.0609589661979775,0.0110793279883969,31.0,245.44,7.917419354838709,0.0154506264856371,0.0019514725434108,8.0,58.76,7.345,0.0036989847306716,0.0005036058176544,178.0,829.0,4.657303370786517,0.0521861528544377,0.0112052294428105,10.0,25.0,2.5,0.00157376818017,0.000629507272068,9.6,8.0,1.2,15.4,18.0,0.8555555555555556,0.0006043269811852,0.0005036058176544,0.0009694411989847,0.0011331130897224,0.384,0.616,0.3076923076923077,0.6923076923076923,554.409465250835,15055,0.0368256038027788,0.0084300360234935,2.104565137472514,0.0356220394534466,0.9477231980983843,683174,547071.6666666666,51491,0.8007794012457539,0.075370257064818,41215.0,7644.0,49539.0,35312.0,8118.0,577.0,12235.0,8033.0,33097.0,7067.0,37304.0,27279.0,0.1969671236200412,0.8030328763799588,0.075484039769754,0.924515960230246,0.2469771291305839,0.753022870869416,0.2274864068871771,0.7725135931128229,0.5178571428571429,Delta
3,active,6,blue,24,12-24,137.0,1210.24,8.833868613138685,29679.0,13521.0,221,134.2941176470588,0.0895081724724502,0.0101323866577915,164.0,759.36,4.630243902439024,0.056161526514311,0.0121292803786702,97.0,326.88,3.3698969072164946,0.0241757266474373,0.0071740255898232,382,38593.44,101.02994764397906,2.854333259374307,0.0282523481990977,37.0,73.84,1.9956756756756755,0.0054611345314695,0.0027364839878707,198.0,1269.6,6.412121212121211,0.0938983802973152,0.0146438872864433,132.0,1345.72,10.194848484848483,0.099528141409659,0.0097625915242955,35.0,178.76,5.107428571428571,0.0132209156127505,0.0025885659344723,40.0,159.64,3.991,0.0118068190222616,0.0029583610679683,183.0,711.96,3.890491803278689,0.0526558686487685,0.0135345018859551,6.0,13.68,2.28,0.0010117594852451,0.0004437541601952,6.2,7.0,0.8857142857142858,22.4,23.0,0.9739130434782608,0.000458545965535,0.0005177131868944,0.0016566821980622,0.0017010576140817,0.2167832167832168,0.7832167832167832,0.2333333333333333,0.7666666666666667,496.43977402017407,11964,0.0414944645620339,0.0099922171905558,2.053078557596956,0.038438563763904,0.8848457954293322,742196,565531.0,44915,0.7619698839659604,0.0605163595600084,65713.0,8535.0,27417.0,30393.0,16239.0,106.0,6639.0,10272.0,49474.0,8429.0,20778.0,20121.0,0.2471200523488503,0.7528799476511497,0.0124194493263034,0.9875805506736964,0.2421490316227158,0.7578509683772842,0.3379725594709308,0.6620274405290691,0.3312499999999998,Delta
3,active,6,green,24,12-24,187.0,1755.2,9.386096256684493,25314.88,17885.12,447,56.63284116331096,0.0981374461004455,0.0104556189726431,152.0,1000.84,6.5844736842105265,0.055959367340001,0.0084986849403302,95.0,487.2,5.1284210526315785,0.0272405217297954,0.0053116780877064,474,36870.24,77.7853164556962,2.0615036410155483,0.0265024780376089,9.0,16.08,1.7866666666666664,0.0008990714068454,0.000503211608309,120.0,2332.48,19.437333333333335,0.1304145569054051,0.006709488110787,74.0,795.16,10.745405405405403,0.044459304718112,0.0041375176683186,32.0,229.96,7.18625,0.0128576157163049,0.0017891968295432,35.0,205.24,5.864,0.0114754611654828,0.0019569340323128,222.0,1042.88,4.6976576576576585,0.0583099246748134,0.012412553004956,23.0,50.52,2.196521739130435,0.0028246944946413,0.0012859852212341,6.0,6.0,1.0,11.6,10.0,1.16,0.0003354744055393,0.0003354744055393,0.0006485838507094,0.0005591240092322,0.3409090909090909,0.6590909090909091,0.375,0.625,648.0180100401755,16178,0.0400555080998995,0.0089356528902543,2.024487620142525,0.0374228623297194,0.9045508221359432,633319,526774.3333333334,12177,0.8317677715864097,0.0192272772489061,78385.0,10947.0,37448.0,44067.0,26198.0,360.0,7482.0,11879.0,52187.0,10587.0,29966.0,32188.0,0.3342221088218409,0.6657778911781591,0.0328857221156481,0.967114277884352,0.1997970519119846,0.8002029480880154,0.2695667960151587,0.7304332039848412,1.366666666666667,Gamma
3,active,6,red,24,12-24,139.0,1169.24,8.411798561151079,26944.44,16255.56,139,193.84489208633093,0.0719286201152098,0.008550920423535,157.0,841.32,5.358726114649682,0.0517558300052412,0.0096582338596763,100.0,571.16,5.7116,0.0351362856770237,0.0061517413118957,377,37538.44,99.57145888594164,2.309267721321197,0.0231920647458469,7.0,26.84,3.834285714285714,0.0016511273681128,0.0004306218918327,100.0,902.16,9.0216,0.0554985494193986,0.0061517413118957,207.0,4667.2,22.54685990338164,0.2871140705087982,0.0127341045156241,20.0,102.0,5.1,0.0062747761381336,0.0012303482623791,59.0,308.68,5.231864406779661,0.0189891950815597,0.0036295273740184,203.0,809.8,3.989162561576354,0.0498168011437317,0.0124880348631483,28.0,75.6,2.6999999999999997,0.0046507164317931,0.0017224875673308,26.0,24.0,1.0833333333333333,6.0,6.0,1.0,0.0015994527410928,0.0014764179148549,0.0003691044787137,0.0003691044787137,0.8125,0.1875,0.8,0.2,475.1371202309752,14785,0.0321364301813307,0.0076320151054127,2.115413223916923,0.0304404779403423,0.909534952963786,673750,530419.3333333334,44619,0.7872643166357453,0.0662248608534322,139541.0,10346.0,35569.0,29370.0,35854.0,155.0,5291.0,4953.0,103687.0,10191.0,30278.0,24417.0,0.2569424040246236,0.7430575959753765,0.014981635414653,0.985018364585347,0.1487531277235795,0.8512468722764205,0.1686414708886619,0.8313585291113381,2.7020833333333334,Alpha
3,active,6,yellow,24,12-24,118.0,996.52,8.445084745762712,28883.32,14316.68,319,90.54332288401254,0.0696055230681973,0.0082421343495838,67.0,460.32,6.87044776119403,0.0321527057949189,0.0046798559442552,48.0,377.24,7.859166666666667,0.0263496844240424,0.0033527326167798,315,39312.96,124.80304761904762,2.7459550677950473,0.0220023077976178,16.0,40.72,2.545,0.0028442348365682,0.0011175775389266,126.0,1444.6,11.465079365079363,0.1009032820458374,0.0088009231190471,102.0,1062.52,10.416862745098038,0.0742155304162696,0.0071245568106572,26.0,254.44,9.786153846153846,0.0177722768127806,0.0018160635007557,23.0,176.48,7.673043478260869,0.0123268802543606,0.001606517712207,120.0,486.76,4.056333333333333,0.0339995026779951,0.0083818315419496,12.0,29.64,2.47,0.0020703123908615,0.0008381831541949,8.6,9.0,0.9555555555555556,6.8,7.0,0.9714285714285714,0.000600697927173,0.0006286373656462,0.0004749704540438,0.0004889401732803,0.5584415584415585,0.4415584415584416,0.5625,0.4375,397.3049609266742,12679,0.0313356700786082,0.0069472540009092,2.120579190128474,0.0289251219172246,0.8856103510031655,722402,562856.0,28047,0.7791451297200174,0.0388246433426264,62906.0,10822.0,21054.0,25031.0,24211.0,211.0,5319.0,9339.0,38695.0,10611.0,15735.0,15692.0,0.3848758465011286,0.6151241534988713,0.0194973202735169,0.9805026797264832,0.2526360786548874,0.7473639213451125,0.3730973592744996,0.6269026407255004,1.6,Beta
3,active,7,blue,24,12-24,171.0,1517.76,8.875789473684211,27230.04,15969.96,226,120.48690265486728,0.0950384346610761,0.0107076035256193,63.0,360.76,5.726349206349206,0.0225899125608329,0.0039449065620702,142.0,716.64,5.046760563380282,0.0448742514070166,0.0088916941557774,379,39029.08,102.97910290237468,2.44390593338994,0.023732056936899,13.0,30.52,2.3476923076923075,0.0019110880678473,0.0008140283382049,309.0,2560.76,8.287249190938512,0.1603485544109065,0.0193488274234875,128.0,1187.6,9.278125,0.0743646195732487,0.0080150482530951,45.0,299.56,6.656888888888889,0.0187577176148218,0.0028177904014787,50.0,345.08,6.901599999999999,0.0216080691498288,0.0031308782238653,232.0,1170.04,5.043275862068965,0.0732650551410272,0.014527274958735,20.0,50.92,2.5460000000000003,0.0031884863831844,0.0012523512895461,6.4,7.0,0.9142857142857144,9.8,11.0,0.890909090909091,0.0004007524126547,0.0004383229513411,0.0006136521318776,0.0006887932092503,0.3950617283950617,0.6049382716049382,0.3888888888888889,0.6111111111111112,457.04734840769214,15630,0.0292416729627442,0.006890196525168,2.0745902117305057,0.0266601173731213,0.978712532780295,680977,568019.0,26202,0.8341236194467655,0.0384770704443762,94146.0,16211.0,27140.0,38115.0,11312.0,1614.0,6563.0,8904.0,82834.0,14597.0,20577.0,29211.0,0.1201538036666454,0.8798461963333546,0.0995620257849608,0.9004379742150391,0.2418201915991157,0.7581798084008843,0.2336088154269972,0.7663911845730027,0.75,Gamma
3,active,7,green,24,12-24,134.0,1111.84,8.29731343283582,29151.0,14049.0,542,53.784132841328415,0.0791401523240088,0.0095380454124848,51.0,342.12,6.708235294117647,0.0243519111680546,0.0036301516122143,168.0,1058.84,6.302619047619047,0.0753676418250409,0.0119581464872944,348,39599.84,113.79264367816091,2.81869456900847,0.0247704462951099,33.0,89.52,2.7127272727272724,0.0063719837710869,0.0023489216314328,135.0,1568.2,11.616296296296296,0.1116236031034237,0.0096092248558616,68.0,383.32,5.6370588235294115,0.0272845042351768,0.0048402021496191,29.0,141.08,4.864827586206897,0.0100419958715922,0.0020642038579258,44.0,368.0,8.363636363636363,0.026194035162645,0.0031318955085771,173.0,741.68,4.287167630057803,0.05279236956367,0.0123140437041782,11.0,25.84,2.349090909090909,0.0018392768168552,0.0007829738771442,14.6,15.0,0.9733333333333332,1.6,2.0,0.8,0.0010392198733005,0.0010676916506512,0.0001138871094028,0.0001423588867535,0.9012345679012346,0.0987654320987654,0.8823529411764706,0.1176470588235294,587.0127670536814,13512,0.0434438104687449,0.0093862524796483,2.097373025932754,0.0410954382776122,0.9617766389066836,729317,593644.6666666666,39962,0.8139734390761035,0.0547937316694935,48991.0,12800.0,35243.0,27930.0,6393.0,1740.0,7163.0,7086.0,42598.0,11060.0,28080.0,20844.0,0.1304933559225163,0.8695066440774836,0.1359375,0.8640625,0.2032460346735522,0.7967539653264478,0.2537056928034372,0.7462943071965629,3.0,Alpha
3,active,7,red,24,12-24,121.0,835.72,6.906776859504133,29515.48,13684.52,159,185.63194968553455,0.061070465021791,0.0088421077246406,68.0,292.64,4.303529411764706,0.0213847471449491,0.0049691183907071,113.0,457.2,4.046017699115044,0.0334100136504605,0.008257505561028,288,40588.56,140.9325,2.966019999240017,0.0210456778900538,20.0,36.08,1.804,0.0026365557578928,0.0014615054090315,351.0,4740.16,13.504729344729345,0.3463884739837422,0.0256494199285031,42.0,285.76,6.803809523809524,0.0208819892842423,0.0030691613589661,50.0,328.36,6.567200000000001,0.0239949958054794,0.0036537635225787,35.0,181.56,5.187428571428572,0.0132675461031881,0.0025576344658051,195.0,737.96,3.784410256410256,0.0539266265824449,0.0142496777380573,17.0,40.0,2.3529411764705883,0.002923010818063,0.0012422795976767,3.4,4.0,0.85,10.4,11.0,0.9454545454545454,0.0002484559195353,0.0002923010818063,0.0007599828126963,0.0008038279749673,0.2463768115942028,0.7536231884057971,0.2666666666666666,0.7333333333333333,423.1609369147329,13407,0.0315626864261007,0.0068514027274365,2.0610920514718445,0.0300463770491507,0.9797201509442788,738046,597414.3333333333,35814,0.8094540629355531,0.0485254306642133,126041.0,12833.0,18927.0,21014.0,13584.0,796.0,3957.0,5082.0,112457.0,12037.0,14970.0,15932.0,0.1077744543442213,0.8922255456557787,0.0620275851320813,0.9379724148679186,0.2090664130607069,0.790933586939293,0.2418387741505663,0.7581612258494337,0.564285714285714,Delta
3,active,7,yellow,24,12-24,226.0,1409.72,6.237699115044248,26589.56,16610.44,192,138.48729166666666,0.0848695157984978,0.0136059008671654,70.0,412.52,5.893142857142857,0.0248349832996597,0.0042142170827503,159.0,961.52,6.047295597484276,0.057886485848659,0.0095722930879615,395,39054.32,98.87169620253164,2.35119117855999,0.0237802249669485,28.0,77.04,2.751428571428572,0.0046380469150726,0.0016856868331001,196.0,2128.64,10.860408163265303,0.1281507293003677,0.011799807831701,53.0,351.76,6.636981132075472,0.0211770428718324,0.0031907643626538,17.0,54.4,3.1999999999999997,0.0032750487043088,0.0010234527200965,45.0,329.84,7.329777777777777,0.0198573908939197,0.0027091395531966,222.0,1057.8,4.764864864864864,0.0636828404304762,0.0133650884624368,19.0,47.8,2.5157894736842104,0.0028777082365066,0.0011438589224608,8.0,9.0,0.8888888888888888,10.6,11.0,0.9636363636363636,0.0004816248094571,0.0005418279106393,0.0006381528725307,0.0006622341130036,0.4301075268817204,0.5698924731182795,0.45,0.55,649.9314547113302,16323,0.0398169120082907,0.0088333008117144,2.1240622617872273,0.0349035097156939,0.9826952205962034,664931,565793.3333333333,17098,0.8509053320319451,0.0257139462590855,62259.0,9668.0,34580.0,35469.0,12457.0,538.0,6238.0,6784.0,49802.0,9130.0,28342.0,28685.0,0.2000835220610674,0.7999164779389325,0.0556474968969797,0.9443525031030204,0.1803932909196067,0.8196067090803932,0.1912656122247596,0.8087343877752403,1.364285714285714,Beta
3,active,8,blue,24,12-24,160.0,1855.44,11.5965,25543.2,17656.8,192,133.0375,0.1050835938561913,0.0090616646277921,67.0,489.96,7.312835820895522,0.0277490825064564,0.0037945720628879,112.0,872.4,7.789285714285714,0.0494087263830365,0.0063431652394544,396,37998.76,95.95646464646464,2.1520751211997644,0.0224276199537855,10.0,33.72,3.372,0.0019097458203071,0.000566354039237,327.0,2673.68,8.176391437308869,0.1514249467627203,0.0185197770830501,56.0,351.76,6.281428571428571,0.0199220696842009,0.0031715826197272,26.0,301.04,11.57846153846154,0.0170495219971908,0.0014725205020162,29.0,239.6,8.26206896551724,0.0135698427801187,0.0016424267137873,259.0,1121.48,4.33003861003861,0.0635154727923519,0.0146685696162385,26.0,66.8,2.569230769230769,0.0037832449821032,0.0014725205020162,9.0,8.0,1.125,15.8,18.0,0.8777777777777778,0.0005097186353133,0.0004530832313896,0.0008948393819944,0.0010194372706266,0.3629032258064516,0.6370967741935484,0.3076923076923077,0.6923076923076923,444.12377276371785,17265,0.0257239370265692,0.0065706596517731,2.0546986462345203,0.0245432680487195,0.977810248742694,638772,489347.0,54501,0.7660745931255597,0.0853215231725874,76019.0,13571.0,34238.0,46546.0,11794.0,660.0,7973.0,11423.0,64225.0,12911.0,26265.0,35123.0,0.1551454241702732,0.8448545758297268,0.0486331147299388,0.9513668852700612,0.2328699106256206,0.7671300893743793,0.2454131396897692,0.7545868603102307,0.1785714285714286,Delta
3,active,8,green,24,12-24,235.0,1767.24,7.520170212765957,22392.2,20807.8,324,69.11172839506173,0.0849316121838925,0.0112938417324272,176.0,987.88,5.612954545454546,0.0474764271090648,0.0084583665740731,193.0,1256.84,6.512124352331606,0.0604023491190803,0.009275367890887,621,37006.6,59.59194847020934,1.7784965253414584,0.0298445775142014,33.0,75.32,2.2824242424242422,0.0036197964224954,0.0015859437326387,381.0,6228.68,16.348241469816273,0.2993435154124895,0.0183104412768288,67.0,373.52,5.574925373134328,0.0179509606974307,0.0032199463662664,63.0,306.36,4.862857142857143,0.014723324907006,0.0030277107623102,39.0,173.36,4.4451282051282055,0.008331491075462,0.001874297138573,297.0,1191.2,4.0107744107744105,0.0572477628581589,0.0142734935937484,17.0,39.32,2.3129411764705883,0.0018896759868895,0.0008170013168138,10.6,11.0,0.9636363636363636,12.4,12.0,1.0333333333333334,0.0005094243504839,0.0005286479108795,0.0005959303722642,0.0005767068118686,0.4608695652173913,0.5391304347826087,0.4782608695652174,0.5217391304347826,852.3955377360991,20359,0.0418682419439117,0.0104765352814315,2.0528167094079883,0.0378832425567079,0.9784311652361134,560129,470012.3333333333,22011,0.8391144420898281,0.0392963049583221,165503.0,12095.0,56487.0,44416.0,25908.0,722.0,12086.0,9636.0,139595.0,11373.0,44401.0,34780.0,0.1565409690458783,0.8434590309541217,0.0596940884663083,0.9403059115336916,0.2139607343282525,0.7860392656717475,0.2169488472622478,0.7830511527377522,2.167582417582418,Beta
3,active,8,red,24,12-24,215.0,1810.88,8.422697674418606,24500.48,18699.52,191,128.27476439790576,0.0968409884317886,0.0114976213293175,194.0,743.6,3.8329896907216496,0.0397657266068861,0.01037459785064,307.0,1317.76,4.292377850162866,0.0704702580600999,0.0164175337120952,585,37633.2,64.33025641025641,2.0125222465603394,0.0312842254774454,69.0,151.64,2.1976811594202896,0.0081092990622219,0.0036899342870833,492.0,3582.72,7.281951219512195,0.1915942227394072,0.0263108357861592,67.0,427.4,6.37910447761194,0.0228562016565131,0.0035829796700663,66.0,363.84,5.512727272727273,0.0194571839277157,0.0035295023615579,34.0,126.56,3.722352941176471,0.0067680881648298,0.0018182284892874,284.0,1181.44,4.16,0.0631802313642275,0.0151875556164008,11.0,24.2,2.1999999999999997,0.0012941508659045,0.0005882503935929,27.2,30.0,0.9066666666666666,9.4,10.0,0.94,0.0014545827914299,0.0016043192552536,0.0005026866999794,0.0005347730850845,0.7431693989071038,0.2568306010928962,0.75,0.25,831.0573894707791,18318,0.0453683474981318,0.012554464976723,2.017760631512087,0.0411833139642217,0.9795973372578548,612703,494867.3333333333,27350,0.8076789787765578,0.0446382668274841,100812.0,12360.0,52035.0,45487.0,24484.0,919.0,12913.0,11518.0,76328.0,11441.0,39122.0,33969.0,0.2428679125500932,0.7571320874499068,0.0743527508090615,0.9256472491909384,0.2481598923801287,0.7518401076198712,0.2532152043440983,0.7467847956559017,2.7371794871794872,Alpha
3,active,8,yellow,24,12-24,148.0,1357.8,9.174324324324324,26791.72,16408.28,199,134.63175879396985,0.0827509038119778,0.0090198363265375,92.0,459.08,4.99,0.0279785571674788,0.0056069252840639,127.0,701.04,5.52,0.0427247706645669,0.0077399946856099,351,39464.16,112.43350427350428,2.4051369186776435,0.0213916388555046,31.0,72.68,2.3445161290322583,0.0044294709744104,0.0018892900413693,199.0,2797.68,14.058693467336685,0.1705041600947814,0.0121280231687903,106.0,1289.96,12.16943396226415,0.0786164058633811,0.0064601530446823,50.0,281.36,5.6272,0.0171474401948284,0.0030472420022086,48.0,278.12,5.7941666666666665,0.0169499789130853,0.0029253523221202,206.0,869.2,4.2194174757281555,0.052973254966395,0.0125546370490996,13.0,29.4,2.2615384615384615,0.0017917782972986,0.0007922829205742,1.6,2.0,0.8,10.8,11.0,0.981818181818182,9.751174407067651e-05,0.0001218896800883,0.000658204272477,0.0006703932404859,0.1290322580645161,0.8709677419354839,0.1538461538461538,0.8461538461538461,503.59434144154955,16025,0.0314255439277098,0.0077207084901267,2.1119690806372864,0.0295049820793234,0.9766410617078696,669992,489271.3333333333,84136,0.7302644409684493,0.1255776188372398,102496.0,14085.0,29222.0,34093.0,19933.0,1083.0,7199.0,6680.0,82563.0,13002.0,22023.0,27413.0,0.1944758819856384,0.8055241180143615,0.0768903088391906,0.9231096911608092,0.2463554855930463,0.7536445144069537,0.195934649341507,0.8040653506584929,0.9166666666666669,Gamma
3,inactive,1,blue,12,0-12,47.0,816.76,17.377872340425533,4236.04,38963.96,97,43.670515463917525,0.0209619350805205,0.0012062428972825,22.0,111.08,5.049090909090909,0.0028508395963859,0.0005646243348981,21.0,77.28,3.68,0.0019833713000423,0.0005389595924028,163,8318.12,51.03141104294479,0.2134824078456091,0.0041833530267457,3.0,4.56,1.5199999999999998,0.0001170312257788,7.699422748611794e-05,85.0,1229.52,14.464941176470589,0.0315553141929105,0.0021815031121066,17.0,90.56,5.327058823529412,0.0023241990803809,0.0004363006224213,6.0,35.52,5.920000000000001,0.0009116116534356,0.0001539884549722,11.0,72.76,6.614545454545455,0.0018673666639633,0.000282312167449,110.0,491.76,4.470545454545454,0.0126208937695244,0.0028231216744909,13.0,37.16,2.858461538461538,0.000953701831128,0.0003336416524398,0.8,1.0,0.8,0.8,1.0,0.8,2.053179399629812e-05,2.5664742495372647e-05,2.053179399629812e-05,2.5664742495372647e-05,0.5,0.5,0.5,0.5,187.74858758531124,6241,0.0300830936685324,0.0062908153639349,2.041559115079538,0.0270661086187177,0.1601736579136207,105998,67230.33333333333,18602,0.6342603948502172,0.1754938772429668,33104.0,2724.0,4752.0,20466.0,6230.0,0.0,341.0,2128.0,26874.0,2724.0,4411.0,18338.0,0.1881947800869985,0.8118052199130015,0.0,1.0,0.0717592592592592,0.9282407407407408,0.1039773282517345,0.8960226717482654,1.75,Alpha
3,inactive,1,green,12,0-12,33.0,235.64,7.140606060606061,4975.04,38224.96,280,17.768,0.0061645584455811,0.0008633102559165,25.0,90.6,3.624,0.0023701790662436,0.0006540229211489,52.0,241.88,4.651538461538461,0.0063278025666998,0.0013603676759897,96,9809.36,102.18083333333334,0.2566218512720484,0.0025114480172117,2.0,6.4,3.2,0.0001674298678141,5.23218336919123e-05,103.0,1056.92,10.261359223300971,0.0276499962328279,0.0026945744351334,11.0,110.76,10.06909090909091,0.0028975831498581,0.0002877700853055,11.0,111.52,10.13818181818182,0.002917465446661,0.0002877700853055,4.0,30.88,7.72,0.0008078491122031,0.0001046436673838,67.0,284.92,4.252537313432836,0.0074537684277498,0.001752781428679,1.0,2.28,2.28,5.964689040878002e-05,2.616091684595615e-05,0.8,1.0,0.8,0.0,0.0,0.0,2.092873347676492e-05,2.616091684595615e-05,0.0,0.0,1.0,0.0,1.0,0.0,368.9869379065024,5349,0.0689824150133674,0.0119960690398986,2.1289246604673724,0.0660333041756939,0.1399347442090194,124656,77534.66666666666,16511,0.6219890471912034,0.132452509305609,29306.0,3575.0,8389.0,5924.0,4354.0,273.0,1308.0,1687.0,24952.0,3302.0,7081.0,4237.0,0.1485702586501057,0.8514297413498942,0.0763636363636363,0.9236363636363636,0.1559184646560972,0.8440815353439027,0.2847738014854827,0.7152261985145172,1.75,Beta
3,inactive,1,red,12,0-12,43.0,541.68,12.59720930232558,4615.44,38584.56,124,37.22129032258064,0.0140387761322145,0.0011144354114702,22.0,88.8,4.036363636363636,0.0023014387101991,0.0005701762570313,31.0,125.88,4.0606451612903225,0.0032624448743227,0.0008034301803623,145,8932.28,61.60193103448276,0.2314988171434377,0.0037579798758881,4.0,4.56,1.14,0.000118181987821,0.0001036684103693,67.0,1018.0,15.194029850746269,0.0263836104389942,0.0017364458736862,9.0,317.16,35.24,0.0082198682581841,0.0002332539233309,7.0,52.32,7.474285714285714,0.0013559828076308,0.0001814197181463,13.0,76.56,5.889230769230769,0.0019842133744689,0.0003369223337003,94.0,465.24,4.94936170212766,0.0120576728100566,0.0024362076436792,7.0,19.16,2.737142857142857,0.000496571685669,0.0001814197181463,0.0,0.0,0.0,0.8,1.0,0.8,0.0,0.0,2.073368207386582e-05,2.5917102592332273e-05,0.0,1.0,0.0,1.0,175.17044934344807,5836,0.0300154985166977,0.006662133014191,2.072815878572181,0.0271192197932209,0.1512522107288511,115510,69945.66666666666,24784,0.6055377600784924,0.2145615098259891,33455.0,3242.0,5420.0,13585.0,4908.0,0.0,399.0,1489.0,28547.0,3242.0,5021.0,12096.0,0.1467045284710805,0.8532954715289195,0.0,1.0,0.0736162361623616,0.9263837638376384,0.1096061832903938,0.8903938167096062,1.5,Gamma
3,inactive,1,yellow,12,0-12,42.0,252.04,6.000952380952381,4694.16,38505.84,186,25.23741935483871,0.0065455006305537,0.0010907436378481,17.0,49.64,2.92,0.00128915509959,0.0004414914724623,29.0,124.0,4.275862068965517,0.0032202907403136,0.0007531325118475,115,9865.56,85.78747826086956,0.25620944770975,0.0029865599607747,,,,,,83.0,562.76,6.780240963855421,0.014614925943701,0.0021555171890809,6.0,17.68,2.9466666666666668,0.0004591511313608,0.0001558205196925,7.0,104.24,14.891428571428571,0.0027071218287927,0.000181790606308,4.0,47.32,11.83,0.0012289044986422,0.0001038803464617,51.0,232.32,4.555294117647058,0.0060333705224973,0.001324474417387,1.0,2.28,2.28,5.921179748318697e-05,2.597008661543288e-05,,,,,,,,,,,,,,,249.79395268706557,5704,0.0437927687039035,0.009151369404388,2.1625327886944095,0.0411882999354235,0.1481333740544291,117540,77266.66666666666,13102,0.657364868697181,0.111468436277012,14600.0,3800.0,4387.0,6343.0,2409.0,273.0,1065.0,2838.0,12191.0,3527.0,3322.0,3505.0,0.165,0.835,0.0718421052631579,0.928157894736842,0.2427627080009118,0.7572372919990882,0.4474223553523569,0.552577644647643,1.5,Delta
3,inactive,2,blue,12,0-12,3.0,9.88,3.2933333333333334,10102.24,33097.76,56,180.39714285714285,0.0002985096272376,9.064057507214988e-05,,,,,,,,,,,16,10298.52,643.6575,0.311154591730679,0.0004834164003847,,,,,,,,,,,,,,,,,,,,,,,,,,2.0,6.0,3.0,0.0001812811501442,6.042705004809993e-05,,,,,,,,,,,,,,,,,,,,8.88802490257203,202,0.0440001232800595,0.0151908180985697,1.5549893763970055,0.0324721298556141,0.006103132054858,252612,238926.0,451,0.9458220512089688,0.0017853466977024,0.0,0.0,0.0,250.0,0.0,0.0,0.0,0.0,0.0,0.0,0.0,250.0,0.0,0.0,0.0,0.0,0.0,0.0,0.0,1.0,,
3,inactive,2,green,12,0-12,13.0,132.92,10.224615384615385,9263.6,33936.4,44,210.53636363636363,0.0039167383694204,0.0003830695064886,3.0,13.32,4.44,0.0003924989097252,8.840065534352494e-05,1.0,5.52,5.52,0.000162657205832,2.9466885114508314e-05,33,9856.84,298.6921212121212,0.2904503718720901,0.0009724072087787,1.0,1.56,1.56,4.596834077863297e-05,2.9466885114508314e-05,7.0,57.56,8.222857142857142,0.001696113907191,0.0002062681958015,3.0,14.92,4.973333333333334,0.0004396459259084,8.840065534352494e-05,3.0,13.4,4.466666666666667,0.0003948562605344,8.840065534352494e-05,1.0,5.44,5.44,0.0001602998550229,2.9466885114508314e-05,16.0,64.96,4.06,0.0019141688570384,0.0004714701618321,1.0,2.08,2.08,6.129112103817729e-05,2.9466885114508314e-05,,,,,,,,,,,,,,,44.042950319916216,1060,0.0415499531319964,0.0111038395009411,1.9528076217412464,0.0378413248034504,0.0312348982213788,231634,227470.3333333333,16,0.9820248034974716,6.907448820121399e-05,1822.0,475.0,475.0,3336.0,217.0,0.0,0.0,446.0,1605.0,475.0,475.0,2890.0,0.1190998902305159,0.8809001097694841,0.0,1.0,0.0,1.0,0.1336930455635491,0.8663069544364509,,
3,inactive,2,red,12,0-12,2.0,61.8,30.9,9644.32,33555.68,33,292.2521212121212,0.0018417150241032,5.960242796450556e-05,2.0,3.88,1.94,0.0001156287102511,5.960242796450556e-05,1.0,3.08,3.08,9.178773906533856e-05,2.980121398225278e-05,18,10221.72,567.8733333333333,0.3046196649866728,0.0005364218516805,,,,,,17.0,282.48,16.616470588235295,0.0084182469257067,0.0005066206376982,1.0,1.72,1.72,5.1258088049474785e-05,2.980121398225278e-05,3.0,33.4,11.133333333333333,0.0009953605470072,8.940364194675835e-05,,,,,,29.0,122.16,4.212413793103448,0.0036405163000719,0.0008642352054853,1.0,2.32,2.32,6.913881643882644e-05,2.980121398225278e-05,,,,,,,,,,,,,,,16.475562969137297,684,0.0240870803642358,0.0033911655325456,2.038648832620635,0.0210941728509432,0.0203840303638609,241141,233190.3333333333,104,0.9670289719845788,0.0004312829423449,7123.0,838.0,177.0,1547.0,217.0,0.0,0.0,446.0,6906.0,838.0,177.0,1101.0,0.0304646918433244,0.9695353081566755,0.0,1.0,0.0,1.0,0.2882999353587588,0.7117000646412411,,
3,inactive,2,yellow,12,0-12,,,,10264.4,32935.6,30,342.14666666666665,,,,,,,,,,,,,4,10357.84,2589.46,0.3144876668407437,0.0001214491310314,,,,,,3.0,4.48,1.4933333333333334,0.0001360230267552,9.10868482736006e-05,,,,,,1.0,7.28,7.28,0.0002210374184772,3.036228275786687e-05,,,,,,,,,,,,,,,,,,,,,,,,,,,,,,1.481897599817792,71,0.0208717971805322,0.0062947799932124,1.877918973371015,0.0237664375908302,0.0021557220758085,256640,240360.0,1744,0.9365648379052368,0.0067955112219451,115.0,183.0,0.0,0.0,0.0,0.0,0.0,0.0,115.0,183.0,0.0,0.0,0.0,1.0,0.0,1.0,0.0,0.0,0.0,0.0,,
3,inactive,3,blue,12,0-12,62.0,777.4,12.538709677419355,1336.76,41863.24,50,26.7352,0.0185699912381363,0.0014810129364091,27.0,145.08,5.373333333333334,0.0034655702711973,0.0006449572465007,20.0,86.6,4.33,0.0020686406498875,0.000477746108519,111,5273.72,47.51099099099099,0.1259749603709603,0.0026514909022808,10.0,32.28,3.228,0.0007710822191497,0.0002388730542595,59.0,1039.44,17.61762711864407,0.0248294207519532,0.0014093510201312,26.0,892.76,34.33692307692308,0.0213256307920743,0.0006210699410747,11.0,87.16,7.923636363636363,0.0020820175409261,0.0002627603596854,7.0,33.12,4.731428571428571,0.0007911475557075,0.0001672111379816,90.0,434.24,4.824888888888889,0.0103728235081661,0.0021498574883358,10.0,29.2,2.92,0.0006975093184378,0.0002388730542595,2.6,3.0,0.8666666666666667,0.0,0.0,0.0,6.21069941074795e-05,7.166191627786096e-05,0.0,0.0,1.0,0.0,1.0,0.0,137.37243442229516,5645,0.0243352408188299,0.0057330871411057,2.069442415959482,0.0228665837136927,0.1348438391295083,33469,24560.0,490,0.7338133795452508,0.0146404135169858,48390.0,3025.0,5839.0,19497.0,12022.0,0.0,207.0,3077.0,36368.0,3025.0,5632.0,16420.0,0.2484397602810498,0.7515602397189503,0.0,1.0,0.0354512759034081,0.964548724096592,0.1578191516643586,0.8421808483356413,2.25,Beta
3,inactive,3,green,12,0-12,45.0,408.48,9.077333333333334,2604.4,40595.6,138,18.872463768115946,0.0100621742257781,0.0011084945166471,18.0,63.76,3.542222222222222,0.0015706135640315,0.0004433978066588,26.0,90.56,3.483076923076923,0.0022307836317236,0.0006404634985072,102,6078.72,59.595294117647065,0.1497383952940713,0.0025125875710668,3.0,5.56,1.8533333333333333,0.0001369606558346,7.389963444314162e-05,20.0,69.6,3.4799999999999995,0.0017144715190808,0.0004926642296209,65.0,702.08,10.80123076923077,0.0172944851166136,0.001601158746268,8.0,53.36,6.67,0.0013144281646286,0.0001970656918483,6.0,27.16,4.526666666666666,0.0006690380238252,0.0001477992688862,63.0,277.24,4.4006349206349205,0.0068293115510055,0.0015518923233059,2.0,4.24,2.12,0.0001044448166796,4.926642296209442e-05,0.8,1.0,0.8,3.4,4.0,0.85,1.970656918483777e-05,2.463321148104721e-05,8.375291903556051e-05,9.853284592418884e-05,0.1904761904761904,0.8095238095238094,0.2,0.8,230.14072349889295,4314,0.0533474092487002,0.0104351649305136,2.1310291998259516,0.0515480340879884,0.1062676743292376,65248,42089.33333333333,4430,0.6450670263200915,0.0678948013732221,19377.0,2027.0,3902.0,10257.0,8735.0,150.0,235.0,3890.0,10642.0,1877.0,3667.0,6367.0,0.4507921762914796,0.5492078237085204,0.0740009866798224,0.9259990133201776,0.0602255253716043,0.9397744746283956,0.3792531929414058,0.6207468070585941,0.75,Delta
3,inactive,3,red,12,0-12,6.0,23.52,3.92,6025.0,37175.0,94,64.09574468085107,0.0006326832548755,0.000161398789509,1.0,1.44,1.44,3.873570948217888e-05,2.6899798251513112e-05,1.0,2.68,2.68,7.209145931405514e-05,2.6899798251513112e-05,19,6938.72,365.1957894736842,0.186650168123739,0.0005110961667787,,,,,,17.0,102.72,6.04235294117647,0.0027631472763954,0.0004572965702757,,,,,,3.0,24.76,8.253333333333334,0.0006660390047074,8.069939475453934e-05,,,,,,4.0,11.88,2.97,0.0003195696032279,0.000107599193006,2.0,4.64,2.32,0.000124815063887,5.3799596503026225e-05,0.8,1.0,0.8,0.0,0.0,0.0,2.1519838601210492e-05,2.6899798251513112e-05,0.0,0.0,1.0,0.0,1.0,0.0,33.6498608120026,918,0.0366556217995671,0.0083358447130603,1.991079999126905,0.0299944556523661,0.024694014794889,150719,61183.33333333333,40740,0.405943068447464,0.2703043411912234,2585.0,622.0,105.0,594.0,43.0,85.0,37.0,117.0,2542.0,537.0,68.0,477.0,0.0166344294003868,0.9833655705996132,0.1366559485530546,0.8633440514469454,0.3523809523809524,0.6476190476190476,0.1969696969696969,0.803030303030303,2.25,Alpha
3,inactive,3,yellow,12,0-12,15.0,114.68,7.645333333333334,4047.84,39152.16,114,35.50736842105263,0.0029290848831839,0.0003831206247624,11.0,66.68,6.061818181818182,0.001703098883944,0.0002809551248258,6.0,35.48,5.913333333333333,0.0009062079844381,0.0001532482499049,51,6701.76,131.4070588235294,0.1711721652138732,0.0013026101241923,,,,,,17.0,72.36,4.2564705882352944,0.0018481738938541,0.0004342033747307,43.0,288.68,6.713488372093024,0.0073732841304285,0.001098279124319,3.0,8.32,2.7733333333333334,0.0002125042398682,7.662412495249303e-05,4.0,39.8,9.95,0.0010165467243697,0.0001021654999366,26.0,125.88,4.841538461538462,0.0032151482830066,0.0006640757495882,,,,,,0.0,0.0,0.0,0.8,1.0,0.8,0.0,0.0,2.0433099987331476e-05,2.5541374984164344e-05,0.0,1.0,0.0,1.0,98.84612143828863,2882,0.0342977520604748,0.0068377919644204,2.2106523196611314,0.0345638326729687,0.0736102427043616,101310,54877.999999999985,6646,0.5416839403810086,0.0656006317244102,9086.0,1210.0,2571.0,2882.0,3572.0,65.0,259.0,1012.0,5514.0,1145.0,2312.0,1870.0,0.3931322914373761,0.6068677085626238,0.0537190082644628,0.9462809917355371,0.1007390120575651,0.8992609879424348,0.3511450381679389,0.648854961832061,0.75,Gamma
3,inactive,4,blue,12,0-12,8.0,43.04,5.38,8684.0,34516.0,50,173.68,0.001246957932553,0.000231776567389,7.0,21.84,3.12,0.000632750028972,0.0002028044964654,5.0,9.92,1.984,0.0002874029435624,0.0001448603546181,43,9802.36,227.9618604651163,0.28399466913895,0.001245799049716,2.0,4.32,2.16,0.00012515934639,5.794414184725924e-05,5.0,27.56,5.512,0.0007984702746552,0.0001448603546181,1.0,16.24,16.24,0.0004705064317997,2.897207092362962e-05,1.0,1.04,1.04,3.013095376057481e-05,2.897207092362962e-05,4.0,30.28,7.57,0.0008772743075675,0.0001158882836945,15.0,60.84,4.056,0.0017626607949936,0.0004345810638544,1.0,2.96,2.96,8.575732993394368e-05,2.897207092362962e-05,1.0,1.0,1.0,0.0,0.0,0.0,2.897207092362962e-05,2.897207092362962e-05,0.0,0.0,1.0,0.0,1.0,0.0,49.00803408507797,1602,0.0305917815762034,0.0094788794163756,2.042209298148407,0.0271171307612359,0.0464132576196546,217150,198779.3333333333,1339,0.9154010284749404,0.0061662445314298,1101.0,788.0,806.0,1084.0,50.0,0.0,148.0,292.0,1051.0,788.0,658.0,792.0,0.0454132606721162,0.9545867393278836,0.0,1.0,0.1836228287841191,0.8163771712158809,0.2693726937269373,0.7306273062730627,1.75,Alpha
3,inactive,4,green,12,0-12,33.0,357.68,10.83878787878788,7294.88,35905.12,43,169.64837209302326,0.009961810460458,0.0009190889767253,12.0,50.28,4.19,0.001400357386356,0.0003342141733546,7.0,34.68,4.954285714285715,0.0009658789609949,0.0001949582677902,93,8922.12,95.9367741935484,0.2484915800309259,0.0025901598434986,2.0,8.0,4.0,0.0002228094489031,5.570236222577727e-05,18.0,148.84,8.268888888888888,0.0041453697968423,0.0005013212600319,,,,,,2.0,17.64,8.82,0.0004912948348313,5.570236222577727e-05,6.0,47.2,7.866666666666667,0.0013145757485283,0.0001671070866773,51.0,268.96,5.273725490196078,0.0074908536721225,0.0014204102367573,3.0,7.04,2.3466666666666667,0.0001960723150347,8.355354333866591e-05,0.8,1.0,0.8,1.0,1.0,1.0,2.228094489031091e-05,2.785118111288863e-05,2.785118111288863e-05,2.785118111288863e-05,0.4444444444444445,0.5555555555555556,0.5,0.5,148.4386607464554,3000,0.0494795535821518,0.0126100192818798,2.013786372920492,0.0439284723147519,0.0835535433386659,182415,178264.6666666667,800,0.977247850597082,0.0043856042540361,3739.0,1629.0,2143.0,8975.0,50.0,0.0,255.0,370.0,3689.0,1629.0,1888.0,8605.0,0.0133725595078898,0.9866274404921102,0.0,1.0,0.1189920671955203,0.8810079328044798,0.041225626740947,0.9587743732590528,1.75,Beta
3,inactive,4,red,12,0-12,6.0,81.6,13.6,9478.12,33721.88,32,296.19125,0.0024197939142183,0.0001779260231042,3.0,14.44,4.8133333333333335,0.0004282086289376,8.89630115521436e-05,,,,,,31,10056.8,324.4129032258064,0.2982277381925325,0.0009192844527054,,,,,,1.0,3.16,3.16,9.370770550159126e-05,2.9654337184047865e-05,3.0,21.16,7.053333333333334,0.0006274857748144,8.89630115521436e-05,2.0,9.44,4.72,0.0002799369430174,5.930867436809573e-05,1.0,3.68,3.68,0.0001091279608372,2.9654337184047865e-05,17.0,71.16,4.185882352941176,0.0021102026340168,0.0005041237321288,1.0,1.96,1.96,5.812250088073382e-05,2.9654337184047865e-05,0.0,0.0,0.0,0.8,1.0,0.8,0.0,0.0,2.3723469747238296e-05,2.9654337184047865e-05,0.0,1.0,0.0,1.0,27.12493733542034,827,0.032799198712721,0.0078503932278931,2.0662713953847542,0.0287292008340061,0.0245241368512075,236985,203030.3333333333,7271,0.8567222960665583,0.0306812667468405,612.0,331.0,364.0,2046.0,0.0,0.0,0.0,78.0,612.0,331.0,364.0,1968.0,0.0,1.0,0.0,1.0,0.0,1.0,0.0381231671554252,0.9618768328445748,1.5,Gamma
3,inactive,4,yellow,12,0-12,3.0,27.88,9.293333333333331,9450.32,33749.68,36,262.50888888888886,0.0008260819065543,8.888973169523384e-05,1.0,3.52,3.52,0.000104297285189,2.962991056507795e-05,5.0,14.36,2.872,0.0004254855157145,0.0001481495528253,19,10191.16,536.3768421052631,0.3019631593543998,0.0005629683007364,,,,,,1.0,1.4,1.4,4.148187479110913e-05,2.962991056507795e-05,,,,,,,,,,,2.0,13.88,6.94,0.0004112631586432,5.92598211301559e-05,16.0,97.44,6.09,0.0028871384854611,0.0004740785690412,,,,,,,,,,,,,,,,,,,,40.42441306341598,853,0.0473908711177209,0.008549913962099,2.2186327289580414,0.0433347335409042,0.0252743137120114,236294,204759.66666666663,5657,0.8665461952765058,0.023940514782432,36.0,349.0,453.0,700.0,0.0,0.0,107.0,0.0,36.0,349.0,346.0,700.0,0.0,1.0,0.0,1.0,0.2362030905077262,0.7637969094922737,0.0,1.0,1.5,Delta
3,inactive,5,blue,12,0-12,34.0,293.76,8.64,3195.72,40004.28,55,58.104,0.0073432142760724,0.0008499090597306,25.0,150.88,6.0352,0.003771596439181,0.0006249331321548,26.0,94.96,3.652307692307692,0.002373746009177,0.000649930457441,150,7652.2,51.01466666666666,0.1912845325550166,0.0037495987929291,,,,,,11.0,61.24,5.567272727272727,0.0015308362005265,0.0002749705781481,137.0,591.96,4.320875912408759,0.0147974166764156,0.0034246335642086,5.0,13.88,2.776,0.0003469628749723,0.0001249866264309,13.0,63.2,4.861538461538462,0.0015798309580874,0.0003249652287205,83.0,405.08,4.880481927710843,0.0101259165269316,0.0020747779987541,20.0,52.76,2.638,0.0013188588820996,0.0004999465057238,2.8,3.0,0.9333333333333332,10.4,8.0,1.3,6.999251080134426e-05,7.499197585858314e-05,0.0002599721829764,0.0001999786022895,0.2121212121212121,0.787878787878788,0.2727272727272727,0.7272727272727273,173.45279703169388,6139,0.0282542428785948,0.0071401172188964,2.1216004243889275,0.0251528750237442,0.1534585799319472,79948,63077.99999999999,8711,0.7889878420973632,0.1089583229098914,16478.0,1945.0,6197.0,7378.0,3583.0,29.0,362.0,2280.0,12895.0,1916.0,5835.0,5098.0,0.2174414370676053,0.7825585629323947,0.0149100257069408,0.9850899742930592,0.0584153622720671,0.9415846377279328,0.309026836541068,0.690973163458932,1.8000000000000005,Beta
3,inactive,5,green,12,0-12,100.0,662.6,6.626,4007.8,39192.2,277,14.468592057761734,0.016906425258087,0.0025515281101851,13.0,42.4,3.2615384615384615,0.0010818479187185,0.000331698654324,27.0,83.48,3.091851851851852,0.0021300156663825,0.00068891258975,99,8648.8,87.36161616161615,0.2206765631936967,0.0025260128290833,1.0,1.0,1.0,2.55152811018519e-05,2.55152811018519e-05,8.0,13.08,1.635,0.0003337398768122,0.0002041222488148,147.0,770.2,5.239455782312925,0.0196518695046463,0.0037507463219722,5.0,45.0,9.0,0.0011481876495833,0.0001275764055092,8.0,29.92,3.74,0.0007634172105674,0.0002041222488148,53.0,199.4,3.762264150943397,0.0050877470517092,0.0013523098983981,2.0,4.4,2.2,0.0001122672368481,5.10305622037038e-05,0.0,0.0,0.0,1.8,2.0,0.9,0.0,0.0,4.592750598333342e-05,5.10305622037038e-05,0.0,1.0,0.0,1.0,351.47981543435816,5143,0.0683413990733731,0.014019764585614,2.174030842714794,0.0677024838517965,0.1312250907068243,100472,64238.666666666664,25759,0.6393688457148924,0.2563798869336731,19737.0,1886.0,3187.0,16665.0,3818.0,182.0,1073.0,5192.0,15919.0,1704.0,2114.0,11473.0,0.193443785783047,0.8065562142169529,0.0965005302226935,0.9034994697773064,0.3366802635707562,0.6633197364292438,0.3115511551155115,0.6884488448844884,0.0,Delta
3,inactive,5,red,12,0-12,30.0,256.48,8.549333333333333,4048.08,39151.92,70,57.82971428571428,0.0065508920124479,0.0007662459465589,20.0,157.08,7.854000000000001,0.0040120637761826,0.0005108306310392,12.0,58.32,4.86,0.0014895821201105,0.0003064983786235,139,7868.72,56.6094964028777,0.2009791601535761,0.0035502728857231,1.0,1.16,1.16,2.9628176600279117e-05,2.554153155196476e-05,44.0,137.88,3.1336363636363633,0.0035216663703849,0.0011238273882864,93.0,443.48,4.768602150537634,0.0113271584126653,0.0023753624343327,9.0,82.36,9.151111111111112,0.0021036005386198,0.0002298737839676,6.0,42.44,7.073333333333333,0.0010839825990653,0.0001532491893117,92.0,393.28,4.274782608695652,0.0100449735287566,0.0023498209027807,11.0,30.16,2.7418181818181817,0.0007703325916072,0.0002809568470716,11.2,9.0,1.2444444444444445,1.8,2.0,0.9,0.000286065153382,0.0002298737839676,4.597475679353657e-05,5.108306310392952e-05,0.8615384615384615,0.1384615384615384,0.8181818181818182,0.1818181818181818,145.4055696110783,5268,0.0276016646945858,0.0056864040834555,2.091985135570534,0.0235896485041703,0.1345527882157503,101272,65797.0,23251,0.6497057429496801,0.2295896200331779,14671.0,3135.0,5417.0,6442.0,2121.0,150.0,449.0,1205.0,12550.0,2985.0,4968.0,5237.0,0.1445709222275236,0.8554290777724763,0.0478468899521531,0.9521531100478468,0.0828872069411113,0.9171127930588888,0.1870537100279416,0.8129462899720584,2.7,Alpha
3,inactive,5,yellow,12,0-12,74.0,697.04,9.41945945945946,3375.4,39824.6,154,21.918181818181814,0.0175027495568065,0.0018581479788874,15.0,72.32,4.821333333333333,0.0018159629977451,0.000376651617342,25.0,75.6,3.0239999999999996,0.0018983241514039,0.00062775269557,119,8519.92,71.59596638655462,0.2139361098416556,0.0029881028309135,,,,,,68.0,369.8,5.438235294117647,0.0092857178728725,0.0017074873319506,125.0,528.2,4.2256,0.0132631589520045,0.0031387634778503,7.0,63.08,9.01142857142857,0.0015839456014624,0.0001757707547596,8.0,38.0,4.75,0.0009541840972665,0.0002008808625824,40.0,139.0,3.475,0.0034903049873696,0.0010044043129121,,,,,,,,,,,,,,,,,,,,219.8049059197068,5838,0.0376507204384561,0.0080482856961019,2.2181401519273027,0.0352572749636963,0.1465928094695238,84539,62637.666666666664,13855,0.7409321930312243,0.1638888560309443,22643.0,2542.0,3738.0,17500.0,7517.0,181.0,1172.0,6579.0,15126.0,2361.0,2566.0,10921.0,0.3319789780506116,0.6680210219493883,0.0712037765538945,0.9287962234461056,0.3135366506153023,0.6864633493846977,0.3759428571428571,0.6240571428571429,1.5,Gamma
3,inactive,6,blue,12,0-12,16.0,99.76,6.235,6989.44,36210.56,82,85.2370731707317,0.0027549974372116,0.0004418600540836,20.0,69.64,3.482,0.0019231958853991,0.0005523250676045,11.0,18.8,1.7090909090909092,0.0005191855635483,0.0003037787871825,81,9670.8,119.39259259259258,0.2670712631895226,0.0022369165237985,6.0,7.56,1.26,0.0002087788755545,0.0001656975202813,40.0,197.2,4.93,0.0054459251665812,0.0011046501352091,34.0,238.68,7.0200000000000005,0.0065914473567931,0.0009389526149278,10.0,37.84,3.784,0.0010449990279078,0.0002761625338022,12.0,66.12,5.510000000000001,0.0018259866735007,0.0003313950405627,45.0,209.48,4.655111111111111,0.0057850527580904,0.0012427314021103,4.0,10.76,2.69,0.0002971508863712,0.0001104650135209,0.0,0.0,0.0,10.4,7.0,1.4857142857142858,0.0,0.0,0.0002872090351543,0.0001933137736616,0.0,1.0,0.0,1.0,135.59167930273097,3289,0.0412258070242417,0.0108588187032706,1.9984046690228512,0.0349710475279103,0.0908298573675745,174818,121989.33333333331,16154,0.697807624691584,0.0924046722877506,10971.0,2621.0,2242.0,2510.0,2069.0,13.0,0.0,189.0,8902.0,2608.0,2242.0,2321.0,0.1885880958891623,0.8114119041108376,0.0049599389545974,0.9950400610454024,0.0,1.0,0.0752988047808765,0.9247011952191236,0.0,Delta
3,inactive,6,green,12,0-12,43.0,284.72,6.62139534883721,3988.8,39211.2,81,49.24444444444445,0.0072611906802138,0.0010966254539519,34.0,239.84,7.054117647058824,0.0061166197412984,0.000867099196148,5.0,22.72,4.544,0.0005794262863671,0.0001275145876688,168,8826.24,52.537142857142854,0.2250948708532256,0.0042844901456726,3.0,5.28,1.76,0.0001346554045782,7.65087526012976e-05,62.0,866.4,13.974193548387095,0.0220957277512547,0.0015811808870934,44.0,305.48,6.942727272727273,0.0077906312482147,0.0011221283714856,8.0,46.16,5.77,0.0011772146733586,0.0002040233402701,15.0,78.2,5.213333333333334,0.0019943281511404,0.0003825437630064,97.0,470.92,4.854845360824743,0.012009833925001,0.0024737830007752,15.0,40.88,2.7253333333333334,0.0010425592687803,0.0003825437630064,7.6,5.0,1.52,0.8,1.0,0.8,0.0001938221732566,0.0001275145876688,2.0402334027012693e-05,2.5502917533765865e-05,0.9047619047619048,0.0952380952380952,0.8333333333333334,0.1666666666666666,341.6647228695493,6300,0.0542324956935792,0.0101924329119632,2.095596055454118,0.0510425538832705,0.1606683804627249,99801,93778.66666666666,1875,0.9396565832673688,0.0187873868999308,29403.0,3132.0,6603.0,7161.0,1262.0,309.0,0.0,491.0,28141.0,2823.0,6603.0,6670.0,0.0429207903955378,0.957079209604462,0.0986590038314176,0.9013409961685824,0.0,1.0,0.0685658427593911,0.9314341572406089,1.5,Gamma
3,inactive,6,red,12,0-12,16.0,149.6,9.35,6543.52,36656.48,108,60.58814814814815,0.0040811338131757,0.0004364848998048,19.0,82.28,4.330526315789474,0.0022446235972466,0.0005183258185183,5.0,12.72,2.544,0.0003470054953448,0.000136401531189,98,9679.44,98.76979591836736,0.264058087410466,0.0026734700113049,,,,,,83.0,907.04,10.928192771084335,0.0247443289699392,0.0022642654177378,10.0,94.72,9.472,0.0025839906068449,0.000272803062378,11.0,141.4,12.854545454545455,0.0038574353020257,0.0003000833686158,6.0,42.84,7.140000000000001,0.0011686883192275,0.0001636818374268,66.0,336.04,5.091515151515152,0.0091672741081522,0.0018005002116951,,,,,,2.8,2.0,1.4,0.0,0.0,0.0,7.638485746585596e-05,5.45606124756114e-05,0.0,0.0,1.0,0.0,1.0,0.0,109.25227578856656,3710,0.0294480527731985,0.0059571149910921,2.0376756421240927,0.0269458446091701,0.1012099361422591,163696,117007.33333333331,18100,0.7147843156420031,0.110570814192161,25137.0,4623.0,2399.0,3756.0,1659.0,294.0,0.0,104.0,23478.0,4329.0,2399.0,3652.0,0.0659983291562238,0.934001670843776,0.063595068137573,0.936404931862427,0.0,1.0,0.027689030883919,0.972310969116081,3.0,Alpha
3,inactive,6,yellow,12,0-12,13.0,75.12,5.7784615384615385,6749.8,36450.2,164,41.15731707317073,0.0020608940417336,0.0003566509923127,1.0,1.88,1.88,5.157722042677407e-05,2.7434691716369183e-05,5.0,17.64,3.528,0.0004839479618767,0.0001371734585818,45,10024.04,222.75644444444447,0.2750064471525534,0.0012345611272366,,,,,,34.0,315.04,9.265882352941176,0.0086430252783249,0.0009327795183565,17.0,92.44,5.437647058823529,0.0025360629022611,0.0004663897591782,5.0,60.4,12.08,0.0016570553796686,0.0001371734585818,6.0,25.2,4.2,0.0006913542312525,0.0001646081502982,50.0,185.84,3.7168,0.00509846310857,0.0013717345858184,,,,,,0.8,1.0,0.8,0.0,0.0,0.0,2.1947753373095348e-05,2.7434691716369183e-05,0.0,0.0,1.0,0.0,1.0,0.0,131.75691779662264,3472,0.0379484210243728,0.0085231966075043,2.165908753696489,0.0350368772353952,0.0952532496392338,168909,118997.33333333331,18640,0.7045055819011026,0.1103552800620452,10238.0,2151.0,494.0,1891.0,795.0,28.0,0.0,230.0,9443.0,2123.0,494.0,1661.0,0.0776518851338152,0.9223481148661848,0.0130172013017201,0.98698279869828,0.0,1.0,0.1216287678476996,0.8783712321523004,2.25,Beta
3,inactive,7,blue,12,0-12,33.0,297.72,9.021818181818183,5905.68,37294.32,93,63.50193548387097,0.0079829850765478,0.0008848532430675,7.0,26.44,3.777142857142857,0.0007089551438395,0.0001876961424688,18.0,107.64,5.98,0.0028862303964786,0.0004826472234914,108,9262.8,85.76666666666667,0.2483702612086773,0.0028958833409484,1.0,1.96,1.96,5.255491989128639e-05,2.6813734638411423e-05,39.0,463.64,11.888205128205128,0.012431919927753,0.001045735650898,87.0,481.16,5.530574712643679,0.012901696558618,0.0023327949135417,9.0,46.72,5.191111111111111,0.0012527376823065,0.0002413236117457,10.0,71.44,7.144,0.0019155732025681,0.0002681373463841,71.0,306.88,4.32225352112676,0.0082285988858356,0.0019037751593272,10.0,27.16,2.716,0.0007282610327792,0.0002681373463841,0.0,0.0,0.0,2.6,3.0,0.8666666666666667,0.0,0.0,6.971571005986971e-05,8.044120391523428e-05,0.0,1.0,0.0,1.0,158.79675903940986,4570,0.034747649680396,0.0074234318826377,2.1229521127888704,0.0304798597034944,0.1225387672975402,147735,119046.0,8756,0.8058076962128135,0.0592682844281991,23746.0,2973.0,3377.0,7476.0,10551.0,383.0,168.0,765.0,13195.0,2590.0,3209.0,6711.0,0.44432746567843,0.5556725343215699,0.1288261015808947,0.8711738984191053,0.0497482973053005,0.9502517026946994,0.1023274478330658,0.8976725521669342,0.0,Delta
3,inactive,7,green,12,0-12,60.0,703.6,11.726666666666668,4244.68,38955.32,89,47.69303370786517,0.0180617178860294,0.0015402260846528,10.0,87.8,8.78,0.002253864170542,0.0002567043474421,40.0,149.28,3.732,0.0038320824986163,0.0010268173897685,123,8870.88,72.12097560975609,0.2277193461637588,0.0031574634735384,3.0,14.8,4.933333333333334,0.0003799224342143,7.701130423264396e-05,14.0,69.32,4.951428571428571,0.0017794745364689,0.000359386086419,128.0,998.44,7.8003125,0.0256303888660136,0.0032858156472594,4.0,18.32,4.58,0.000470282364514,0.0001026817389768,22.0,143.16,6.507272727272727,0.0036749794379817,0.0005647495643727,65.0,267.44,4.114461538461539,0.0068653010679927,0.0016685782583739,4.0,9.64,2.41,0.0002474629909342,0.0001026817389768,1.0,1.0,1.0,1.4,1.0,1.4,2.5670434744214657e-05,2.5670434744214657e-05,3.593860864190051e-05,2.5670434744214657e-05,0.4166666666666667,0.5833333333333334,0.5,0.5,319.0233226179473,6240,0.0511255324708248,0.0103621210399534,2.161474624317245,0.0466808828062188,0.1601835128038994,106206,101535.33333333331,2232,0.9560225724849192,0.021015761821366,26836.0,4063.0,5977.0,17650.0,7725.0,665.0,200.0,2681.0,19111.0,3398.0,5777.0,14969.0,0.287859591593382,0.712140408406618,0.1636721634260398,0.8363278365739601,0.0334616028107746,0.9665383971892254,0.1518980169971671,0.8481019830028329,1.5,Gamma
3,inactive,7,red,12,0-12,21.0,293.96,13.998095238095235,6796.88,36403.12,103,65.98912621359223,0.0080751320216508,0.0005768736306118,2.0,14.16,7.08,0.0003889776480697,5.494034577256015e-05,6.0,28.96,4.826666666666667,0.0007955362067866,0.0001648210373176,107,9581.32,89.54504672897195,0.263200516878773,0.0029393084988319,2.0,12.8,6.4,0.0003516182129443,5.494034577256015e-05,42.0,242.8,5.780952380952381,0.0066697579767888,0.0011537472612237,37.0,179.6,4.854054054054054,0.0049336430503759,0.0010163963967923,8.0,59.2,7.4,0.0016262342348677,0.0002197613830902,7.0,60.56,8.651428571428571,0.0016635936699931,0.0001922912102039,49.0,293.2,5.983673469387755,0.0080542546902573,0.0013460384714277,8.0,23.28,2.91,0.0006395056247926,0.0002197613830902,3.2,3.0,1.0666666666666669,0.8,1.0,0.8,8.790455323609625e-05,8.241051865884022e-05,2.1976138309024065e-05,2.7470172886280077e-05,0.8,0.2,0.75,0.25,126.50730059056576,3673,0.0344424994801431,0.0080392930914315,2.052605788207452,0.0313639714078689,0.1008979450113067,170025,120728.66666666666,27012,0.7100642062441798,0.1588707543008381,10639.0,3009.0,1086.0,7370.0,6075.0,112.0,64.0,494.0,4564.0,2897.0,1022.0,6876.0,0.5710123131873296,0.4289876868126703,0.0372216683283482,0.9627783316716516,0.0589318600368324,0.9410681399631676,0.0670284938941655,0.9329715061058343,2.25,Alpha
3,inactive,7,yellow,12,0-12,40.0,376.4,9.41,6097.56,37102.44,115,53.02226086956522,0.0101448853498583,0.0010780962114621,11.0,45.56,4.141818181818182,0.0012279515848553,0.000296476458152,4.0,6.04,1.51,0.0001627925279307,0.0001078096211462,78,10051.68,128.86769230769232,0.2709169531707348,0.0021022876123511,1.0,1.32,1.32,3.557717497824941e-05,2.695240528655258e-05,14.0,60.12,4.2942857142857145,0.0016203786058275,0.0003773336740117,63.0,335.96,5.332698412698412,0.0090549300800702,0.0016980015330528,4.0,32.12,8.03,0.000865711257804,0.0001078096211462,13.0,57.36,4.412307692307692,0.0015459899672366,0.0003503812687251,26.0,111.96,4.306153846153846,0.0030175912958824,0.0007007625374503,1.0,2.04,2.04,5.4982906784567264e-05,2.695240528655258e-05,1.6,2.0,0.8,1.0,1.0,1.0,4.3123848458484135e-05,5.390481057310516e-05,2.695240528655258e-05,2.695240528655258e-05,0.6153846153846154,0.3846153846153846,0.6666666666666666,0.3333333333333333,206.7844703297517,4354,0.0474929881326944,0.0117034795930128,2.2025359467269174,0.0427076933884599,0.1173507726176499,152554,117282.0,19683,0.7687900677792782,0.1290231655676023,9979.0,2254.0,1305.0,9450.0,3209.0,394.0,58.0,2874.0,6770.0,1860.0,1247.0,6576.0,0.3215753081471089,0.6784246918528911,0.1748003549245785,0.8251996450754214,0.0444444444444444,0.9555555555555556,0.3041269841269841,0.6958730158730159,2.25,Beta
3,inactive,8,blue,12,0-12,19.0,214.84,11.307368421052631,7567.36,35632.64,37,204.52324324324323,0.0060293034700768,0.0005332189812486,7.0,24.96,3.565714285714286,0.0007004813564192,0.0001964490983547,3.0,26.88,8.959999999999999,0.0007543645376823,8.419247072347151e-05,68,9049.84,133.08588235294118,0.2539761297507005,0.001908362669732,,,,,,20.0,234.4,11.72,0.0065782383791939,0.0005612831381564,1.0,1.52,1.52,4.2657518499892234e-05,2.806415690782384e-05,2.0,8.4,4.2,0.0002357389180257,5.612831381564768e-05,2.0,16.64,8.32,0.0004669875709461,5.612831381564768e-05,30.0,140.64,4.688,0.0039469430275163,0.0008419247072347,3.0,7.52,2.5066666666666664,0.0002110424599468,8.419247072347151e-05,2.8,3.0,0.9333333333333332,6.2,4.0,1.55,7.857963934190675e-05,8.419247072347151e-05,0.0001739977728285,0.0001122566276312,0.3111111111111111,0.6888888888888889,0.4285714285714285,0.5714285714285714,73.31512149449799,2562,0.0286163628003505,0.008227308038946,2.0147067019690055,0.0263164511746023,0.0719003699978446,189221,180887.66666666663,4640,0.955959785999792,0.0245215911553157,5919.0,630.0,1306.0,5390.0,120.0,0.0,49.0,1197.0,5799.0,630.0,1257.0,4193.0,0.020273694880892,0.979726305119108,0.0,1.0,0.0375191424196018,0.962480857580398,0.222077922077922,0.7779220779220779,2.0,Beta
3,inactive,8,green,12,0-12,22.0,93.12,4.232727272727273,8845.6,34354.4,134,66.01194029850747,0.002710569825117,0.000640383764525,7.0,23.0,3.2857142857142856,0.000669492117458,0.0002037584705307,3.0,18.32,6.1066666666666665,0.0005332650257317,8.732505879887292e-05,55,9848.12,179.0567272727273,0.2866625526861188,0.0016009594113126,,,,,,2.0,3.36,1.68,9.780406585473768e-05,5.821670586591528e-05,2.0,6.44,3.22,0.0001874577928882,5.821670586591528e-05,,,,,,4.0,21.4,5.35,0.0006229187527652,0.0001164334117318,10.0,36.48,3.648,0.0010618727149942,0.0002910835293295,,,,,,,,,,,,,,,,,,,,85.89280659297863,1207,0.0711622258433957,0.0207936802332203,2.0416083110060352,0.0685948026957908,0.0351337819900798,221274,194183.3333333333,8907,0.8775695894381325,0.04025326066325,249.0,539.0,1043.0,2350.0,13.0,424.0,34.0,809.0,236.0,115.0,1009.0,1541.0,0.0522088353413654,0.9477911646586346,0.7866419294990723,0.2133580705009276,0.0325982742090124,0.9674017257909876,0.3442553191489361,0.6557446808510639,1.5,Gamma
3,inactive,8,red,12,0-12,26.0,172.88,6.649230769230769,7752.4,35447.6,21,369.16190476190474,0.004877057967253,0.0007334770196007,11.0,36.48,3.316363636363636,0.001029124679809,0.0003103172006003,7.0,21.16,3.0228571428571427,0.0005969374513366,0.0001974745822002,63,8831.36,140.18031746031747,0.2491384466085151,0.0017772712398018,6.0,11.84,1.9733333333333336,0.0003340141504643,0.0001692639276001,24.0,436.2,18.175,0.0123054875365327,0.0006770557104007,3.0,20.64,6.88,0.0005822679109446,8.463196380008802e-05,3.0,10.68,3.56,0.0003012897911283,8.463196380008802e-05,3.0,13.08,4.36,0.0003689953621683,8.463196380008802e-05,36.0,151.76,4.2155555555555555,0.0042812489421004,0.001015583565601,5.0,12.24,2.448,0.0003452984123043,0.0001410532730001,7.2,5.0,1.44,2.0,2.0,1.0,0.0002031167131202,0.0001410532730001,5.642130920005868e-05,5.642130920005868e-05,0.782608695652174,0.2173913043478261,0.7142857142857143,0.2857142857142857,93.1289958435613,2391,0.03894981005586,0.0120401156653135,2.025854205360107,0.0315914442804955,0.0674516751486701,193831,186463.66666666663,1390,0.9619909440010456,0.0071711955259994,11448.0,600.0,1459.0,4348.0,103.0,0.0,83.0,1431.0,11345.0,600.0,1376.0,2917.0,0.0089972047519217,0.9910027952480782,0.0,1.0,0.0568882796435915,0.9431117203564084,0.3291168353265869,0.670883164673413,2.5,Alpha
3,inactive,8,yellow,12,0-12,18.0,365.24,20.29111111111111,8857.64,34342.36,60,147.62733333333333,0.0106352621077875,0.0005241340432049,1.0,2.44,2.44,7.104928141222676e-05,2.911855795583064e-05,1.0,1.12,1.12,3.261278491053032e-05,2.911855795583064e-05,39,9696.8,248.63589743589745,0.2823568327860985,0.0011356237602773,,,,,,6.0,56.36,9.393333333333333,0.0016411219263906,0.0001747113477349,3.0,4.24,1.413333333333333,0.0001234626857327,8.735567386749192e-05,,,,,,6.0,31.48,5.246666666666667,0.0009166522044495,0.0001747113477349,16.0,45.92,2.87,0.0013371241813317,0.0004658969272932,,,,,,0.0,0.0,0.0,1.8,2.0,0.9,0.0,0.0,5.241340432049515e-05,5.823711591166128e-05,0.0,1.0,0.0,1.0,37.64232689135933,1251,0.0300897896813423,0.0069281512844051,2.194620200376165,0.0278357686531931,0.0364273160027441,221501,193836.0,10084,0.8751021440083792,0.0455257538340684,1524.0,793.0,91.0,9149.0,30.0,424.0,0.0,1988.0,1494.0,369.0,91.0,7161.0,0.0196850393700787,0.9803149606299212,0.5346784363177806,0.4653215636822194,0.0,1.0,0.2172915072685539,0.782708492731446,0.0,Delta
